coverage,delay,replicate,seed,base_deaths,scenario_deaths,mortality_reduction_pct
0.7000000000000001,0.0,0,2026900000,938.0,138.0,85.28784648187633
0.7000000000000001,0.0,1,2026900001,959.0,125.0,86.96558915537018
0.7000000000000001,0.0,2,2026900002,806.0,128.0,84.11910669975187
0.7000000000000001,0.0,3,2026900003,969.0000000000001,137.0,85.86171310629516
0.7000000000000001,0.0,4,2026900004,921.0,187.0,79.69598262757872
0.7000000000000001,0.0,5,2026900005,1061.0,161.0,84.82563619227145
0.7000000000000001,0.0,6,2026900006,758.0,118.0,84.43271767810026
0.7000000000000001,0.0,7,2026900007,1272.0,186.0,85.37735849056604
0.7000000000000001,0.0,8,2026900008,705.0,112.99999999999999,83.97163120567376
0.7000000000000001,0.0,9,2026900009,814.0,134.0,83.53808353808354
0.7000000000000001,0.0,10,2026900010,972.0,119.00000000000001,87.75720164609054
0.7000000000000001,0.0,11,2026900011,892.0000000000001,137.0,84.64125560538118
0.7000000000000001,0.0,12,2026900012,718.0,133.0,81.47632311977716
0.7000000000000001,0.0,13,2026900013,852.9999999999999,140.0,83.5873388042204
0.7000000000000001,0.0,14,2026900014,880.0,109.0,87.61363636363636
0.7000000000000001,0.0,15,2026900015,837.0000000000001,167.0,80.04778972520909
0.7000000000000001,0.0,16,2026900016,683.0,140.0,79.50219619326501
0.7000000000000001,0.0,17,2026900017,727.0,163.0,77.57909215955983
0.7000000000000001,0.0,18,2026900018,788.0,154.0,80.45685279187818
0.7000000000000001,0.0,19,2026900019,911.0,119.00000000000001,86.93743139407245
0.7000000000000001,0.0,20,2026900020,835.0,148.0,82.27544910179641
0.7000000000000001,0.0,21,2026900021,867.0000000000001,140.0,83.85236447520185
0.7000000000000001,0.0,22,2026900022,629.0,73.0,88.39427662957075
0.7000000000000001,0.0,23,2026900023,820.0000000000001,136.0,83.41463414634147
0.7000000000000001,0.0,24,2026900024,835.0,146.0,82.51497005988024
0.7000000000000001,0.0,25,2026900025,723.0,91.0,87.41355463347165
0.7000000000000001,0.0,26,2026900026,734.0,85.0,88.41961852861036
0.7000000000000001,0.0,27,2026900027,885.0,133.0,84.97175141242938
0.7000000000000001,0.0,28,2026900028,899.9999999999999,119.00000000000001,86.77777777777777
0.7000000000000001,0.0,29,2026900029,556.0,116.0,79.13669064748201
0.7000000000000001,0.0,30,2026900030,1207.0,153.0,87.32394366197182
0.7000000000000001,0.0,31,2026900031,706.0,119.99999999999999,83.0028328611898
0.7000000000000001,0.0,32,2026900032,972.0,144.0,85.18518518518519
0.7000000000000001,0.0,33,2026900033,678.0,123.0,81.85840707964601
0.7000000000000001,0.0,34,2026900034,580.0,110.0,81.03448275862068
0.7000000000000001,0.0,35,2026900035,582.0,91.0,84.36426116838489
0.7000000000000001,0.0,36,2026900036,852.0,132.0,84.50704225352112
0.7000000000000001,0.0,37,2026900037,728.0,124.0,82.96703296703296
0.7000000000000001,0.0,38,2026900038,652.0,158.0,75.76687116564418
0.7000000000000001,0.0,39,2026900039,891.0,123.0,86.1952861952862
0.7000000000000001,0.0,40,2026900040,831.9999999999999,148.0,82.21153846153845
0.7000000000000001,0.0,41,2026900041,861.0,134.0,84.43670150987224
0.7000000000000001,0.0,42,2026900042,963.0,140.0,85.46209761163033
0.7000000000000001,0.0,43,2026900043,715.0,149.0,79.16083916083916
0.7000000000000001,0.0,44,2026900044,1025.0,191.0,81.36585365853658
0.7000000000000001,0.0,45,2026900045,496.0,95.0,80.84677419354838
0.7000000000000001,0.0,46,2026900046,915.0,130.0,85.79234972677595
0.7000000000000001,0.0,47,2026900047,911.0,142.0,84.41273326015367
0.7000000000000001,0.0,48,2026900048,638.0,87.0,86.36363636363636
0.7000000000000001,0.0,49,2026900049,810.0,145.0,82.09876543209876
0.7000000000000001,0.0,50,2026900050,955.0,151.0,84.18848167539267
0.7000000000000001,0.0,51,2026900051,724.0,84.0,88.39779005524862
0.7000000000000001,0.0,52,2026900052,961.0,173.0,81.99791883454735
0.7000000000000001,0.0,53,2026900053,1010.9999999999999,163.0,83.87734915924827
0.7000000000000001,0.0,54,2026900054,1045.0,111.00000000000001,89.377990430622
0.7000000000000001,0.0,55,2026900055,831.0,118.0,85.80024067388689
0.7000000000000001,0.0,56,2026900056,737.0,119.99999999999999,83.71777476255089
0.7000000000000001,0.0,57,2026900057,817.0,115.0,85.92411260709915
0.7000000000000001,0.0,58,2026900058,912.9999999999999,211.0,76.8893756845564
0.7000000000000001,0.0,59,2026900059,675.0,139.0,79.4074074074074
0.7000000000000001,0.0,60,2026900060,958.0,188.0,80.37578288100208
0.7000000000000001,0.0,61,2026900061,1018.9999999999999,130.0,87.24239450441608
0.7000000000000001,0.0,62,2026900062,955.0,155.0,83.7696335078534
0.7000000000000001,0.0,63,2026900063,651.0,148.0,77.2657450076805
0.7000000000000001,0.0,64,2026900064,976.9999999999999,186.0,80.96212896622313
0.7000000000000001,0.0,65,2026900065,776.0,152.0,80.41237113402062
0.7000000000000001,0.0,66,2026900066,851.0,127.00000000000001,85.07638072855464
0.7000000000000001,0.0,67,2026900067,969.0000000000001,119.00000000000001,87.71929824561404
0.7000000000000001,0.0,68,2026900068,567.0,122.0,78.48324514991182
0.7000000000000001,0.0,69,2026900069,876.0,160.0,81.7351598173516
0.7000000000000001,0.0,70,2026900070,876.0,145.0,83.44748858447488
0.7000000000000001,0.0,71,2026900071,765.0,114.0,85.09803921568627
0.7000000000000001,0.0,72,2026900072,681.0,112.99999999999999,83.40675477239354
0.7000000000000001,0.0,73,2026900073,1149.0,171.0,85.11749347258485
0.7000000000000001,0.0,74,2026900074,587.0,100.0,82.96422487223168
0.7000000000000001,0.0,75,2026900075,577.0,109.0,81.10918544194108
0.7000000000000001,0.0,76,2026900076,859.0,127.00000000000001,85.21536670547148
0.7000000000000001,0.0,77,2026900077,847.0,109.0,87.13105076741441
0.7000000000000001,0.0,78,2026900078,908.0,156.0,82.81938325991189
0.7000000000000001,0.0,79,2026900079,483.0,84.0,82.6086956521739
0.7000000000000001,0.0,80,2026900080,1164.0,110.0,90.54982817869416
0.7000000000000001,0.0,81,2026900081,709.0,117.0,83.49788434414668
0.7000000000000001,0.0,82,2026900082,741.0,118.0,84.07557354925775
0.7000000000000001,0.0,83,2026900083,923.0,118.0,87.21560130010835
0.7000000000000001,0.0,84,2026900084,1150.0,149.0,87.04347826086956
0.7000000000000001,0.0,85,2026900085,666.0,95.0,85.73573573573573
0.7000000000000001,0.0,86,2026900086,1029.0,200.0,80.56365403304179
0.7000000000000001,0.0,87,2026900087,711.0,119.00000000000001,83.26300984528832
0.7000000000000001,0.0,88,2026900088,1261.0,163.0,87.07375099127677
0.7000000000000001,0.0,89,2026900089,1152.0,158.0,86.28472222222223
0.7000000000000001,0.0,90,2026900090,618.0,57.0,90.77669902912622
0.7000000000000001,0.0,91,2026900091,745.0,118.0,84.16107382550335
0.7000000000000001,0.0,92,2026900092,581.0,91.0,84.33734939759036
0.7000000000000001,0.0,93,2026900093,707.0,137.0,80.62234794908062
0.7000000000000001,0.0,94,2026900094,864.0,100.0,88.42592592592592
0.7000000000000001,0.0,95,2026900095,766.0,139.0,81.8537859007833
0.7000000000000001,0.0,96,2026900096,680.0,97.0,85.73529411764706
0.7000000000000001,0.0,97,2026900097,662.0,124.0,81.26888217522658
0.7000000000000001,0.0,98,2026900098,874.0,154.0,82.37986270022883
0.7000000000000001,0.0,99,2026900099,721.0,135.0,81.2760055478502
0.8,0.0,0,2026900000,938.0,123.0,86.88699360341151
0.8,0.0,1,2026900001,959.0,96.0,89.9895724713243
0.8,0.0,2,2026900002,806.0,92.0,88.58560794044665
0.8,0.0,3,2026900003,969.0000000000001,126.0,86.9969040247678
0.8,0.0,4,2026900004,921.0,134.0,85.45059717698155
0.8,0.0,5,2026900005,1061.0,155.0,85.39114043355325
0.8,0.0,6,2026900006,758.0,91.0,87.99472295514512
0.8,0.0,7,2026900007,1272.0,150.0,88.20754716981132
0.8,0.0,8,2026900008,705.0,88.0,87.51773049645391
0.8,0.0,9,2026900009,814.0,102.00000000000001,87.46928746928747
0.8,0.0,10,2026900010,972.0,100.0,89.7119341563786
0.8,0.0,11,2026900011,892.0000000000001,134.0,84.97757847533633
0.8,0.0,12,2026900012,718.0,112.99999999999999,84.26183844011142
0.8,0.0,13,2026900013,852.9999999999999,115.0,86.51817116060961
0.8,0.0,14,2026900014,880.0,99.0,88.75
0.8,0.0,15,2026900015,837.0000000000001,131.0,84.34886499402629
0.8,0.0,16,2026900016,683.0,103.00000000000001,84.9194729136164
0.8,0.0,17,2026900017,727.0,100.0,86.24484181568089
0.8,0.0,18,2026900018,788.0,98.0,87.56345177664974
0.8,0.0,19,2026900019,911.0,88.0,90.34028540065862
0.8,0.0,20,2026900020,835.0,125.0,85.02994011976048
0.8,0.0,21,2026900021,867.0000000000001,133.0,84.65974625144176
0.8,0.0,22,2026900022,629.0,82.0,86.96343402225754
0.8,0.0,23,2026900023,820.0000000000001,133.0,83.78048780487805
0.8,0.0,24,2026900024,835.0,94.0,88.74251497005989
0.8,0.0,25,2026900025,723.0,83.0,88.52005532503458
0.8,0.0,26,2026900026,734.0,91.0,87.60217983651226
0.8,0.0,27,2026900027,885.0,102.00000000000001,88.47457627118644
0.8,0.0,28,2026900028,899.9999999999999,107.0,88.1111111111111
0.8,0.0,29,2026900029,556.0,98.0,82.37410071942446
0.8,0.0,30,2026900030,1207.0,95.0,92.12924606462303
0.8,0.0,31,2026900031,706.0,103.99999999999999,85.26912181303116
0.8,0.0,32,2026900032,972.0,112.99999999999999,88.37448559670781
0.8,0.0,33,2026900033,678.0,112.99999999999999,83.33333333333333
0.8,0.0,34,2026900034,580.0,88.0,84.82758620689656
0.8,0.0,35,2026900035,582.0,86.0,85.2233676975945
0.8,0.0,36,2026900036,852.0,102.00000000000001,88.02816901408451
0.8,0.0,37,2026900037,728.0,119.00000000000001,83.65384615384616
0.8,0.0,38,2026900038,652.0,134.0,79.4478527607362
0.8,0.0,39,2026900039,891.0,102.00000000000001,88.55218855218855
0.8,0.0,40,2026900040,831.9999999999999,122.0,85.33653846153845
0.8,0.0,41,2026900041,861.0,99.0,88.50174216027875
0.8,0.0,42,2026900042,963.0,88.0,90.86188992731049
0.8,0.0,43,2026900043,715.0,102.00000000000001,85.73426573426573
0.8,0.0,44,2026900044,1025.0,120.99999999999999,88.1951219512195
0.8,0.0,45,2026900045,496.0,90.0,81.85483870967742
0.8,0.0,46,2026900046,915.0,91.0,90.05464480874316
0.8,0.0,47,2026900047,911.0,120.99999999999999,86.7178924259056
0.8,0.0,48,2026900048,638.0,91.0,85.73667711598746
0.8,0.0,49,2026900049,810.0,146.0,81.9753086419753
0.8,0.0,50,2026900050,955.0,126.0,86.80628272251309
0.8,0.0,51,2026900051,724.0,59.0,91.85082872928177
0.8,0.0,52,2026900052,961.0,143.0,85.11966701352758
0.8,0.0,53,2026900053,1010.9999999999999,140.0,86.15232443125618
0.8,0.0,54,2026900054,1045.0,94.0,91.00478468899522
0.8,0.0,55,2026900055,831.0,103.99999999999999,87.48495788206979
0.8,0.0,56,2026900056,737.0,115.0,84.39620081411127
0.8,0.0,57,2026900057,817.0,111.00000000000001,86.41370869033048
0.8,0.0,58,2026900058,912.9999999999999,127.00000000000001,86.08981380065717
0.8,0.0,59,2026900059,675.0,87.0,87.11111111111111
0.8,0.0,60,2026900060,958.0,138.0,85.59498956158664
0.8,0.0,61,2026900061,1018.9999999999999,125.0,87.73307163886163
0.8,0.0,62,2026900062,955.0,157.0,83.56020942408377
0.8,0.0,63,2026900063,651.0,110.0,83.10291858678956
0.8,0.0,64,2026900064,976.9999999999999,146.0,85.05629477993858
0.8,0.0,65,2026900065,776.0,120.99999999999999,84.40721649484536
0.8,0.0,66,2026900066,851.0,87.0,89.77673325499413
0.8,0.0,67,2026900067,969.0000000000001,120.99999999999999,87.51289989680083
0.8,0.0,68,2026900068,567.0,96.0,83.06878306878306
0.8,0.0,69,2026900069,876.0,119.99999999999999,86.3013698630137
0.8,0.0,70,2026900070,876.0,118.0,86.5296803652968
0.8,0.0,71,2026900071,765.0,80.0,89.54248366013071
0.8,0.0,72,2026900072,681.0,96.0,85.90308370044053
0.8,0.0,73,2026900073,1149.0,162.0,85.90078328981723
0.8,0.0,74,2026900074,587.0,82.0,86.03066439522998
0.8,0.0,75,2026900075,577.0,87.0,84.92201039861352
0.8,0.0,76,2026900076,859.0,131.0,84.74970896391153
0.8,0.0,77,2026900077,847.0,103.00000000000001,87.83943329397874
0.8,0.0,78,2026900078,908.0,141.0,84.47136563876651
0.8,0.0,79,2026900079,483.0,64.0,86.74948240165631
0.8,0.0,80,2026900080,1164.0,122.0,89.51890034364261
0.8,0.0,81,2026900081,709.0,91.0,87.16502115655854
0.8,0.0,82,2026900082,741.0,83.0,88.79892037786774
0.8,0.0,83,2026900083,923.0,114.0,87.6489707475623
0.8,0.0,84,2026900084,1150.0,108.0,90.6086956521739
0.8,0.0,85,2026900085,666.0,95.0,85.73573573573573
0.8,0.0,86,2026900086,1029.0,125.0,87.85228377065111
0.8,0.0,87,2026900087,711.0,133.0,81.29395218002813
0.8,0.0,88,2026900088,1261.0,134.0,89.37351308485329
0.8,0.0,89,2026900089,1152.0,144.0,87.5
0.8,0.0,90,2026900090,618.0,48.0,92.23300970873787
0.8,0.0,91,2026900091,745.0,103.99999999999999,86.04026845637584
0.8,0.0,92,2026900092,581.0,84.0,85.5421686746988
0.8,0.0,93,2026900093,707.0,128.0,81.8953323903819
0.8,0.0,94,2026900094,864.0,96.0,88.88888888888889
0.8,0.0,95,2026900095,766.0,118.0,84.59530026109661
0.8,0.0,96,2026900096,680.0,111.99999999999999,83.52941176470588
0.8,0.0,97,2026900097,662.0,103.99999999999999,84.29003021148036
0.8,0.0,98,2026900098,874.0,133.0,84.78260869565217
0.8,0.0,99,2026900099,721.0,97.0,86.54646324549238
0.6,0.0,0,2026900000,938.0,158.0,83.15565031982942
0.6,0.0,1,2026900001,959.0,149.0,84.46298227320125
0.6,0.0,2,2026900002,806.0,142.0,82.38213399503722
0.6,0.0,3,2026900003,969.0000000000001,200.0,79.36016511867906
0.6,0.0,4,2026900004,921.0,187.0,79.69598262757872
0.6,0.0,5,2026900005,1061.0,216.0,79.64184731385485
0.6,0.0,6,2026900006,758.0,198.0,73.87862796833772
0.6,0.0,7,2026900007,1272.0,216.0,83.01886792452831
0.6,0.0,8,2026900008,705.0,130.0,81.56028368794327
0.6,0.0,9,2026900009,814.0,150.0,81.57248157248158
0.6,0.0,10,2026900010,972.0,173.0,82.20164609053498
0.6,0.0,11,2026900011,892.0000000000001,168.0,81.16591928251121
0.6,0.0,12,2026900012,718.0,160.0,77.7158774373259
0.6,0.0,13,2026900013,852.9999999999999,218.0,74.44314185228605
0.6,0.0,14,2026900014,880.0,151.0,82.8409090909091
0.6,0.0,15,2026900015,837.0000000000001,212.0,74.67144563918758
0.6,0.0,16,2026900016,683.0,145.0,78.7701317715959
0.6,0.0,17,2026900017,727.0,150.0,79.36726272352132
0.6,0.0,18,2026900018,788.0,191.0,75.76142131979695
0.6,0.0,19,2026900019,911.0,172.0,81.11964873765093
0.6,0.0,20,2026900020,835.0,179.0,78.562874251497
0.6,0.0,21,2026900021,867.0000000000001,211.0,75.66320645905422
0.6,0.0,22,2026900022,629.0,108.0,82.82988871224165
0.6,0.0,23,2026900023,820.0000000000001,192.0,76.58536585365854
0.6,0.0,24,2026900024,835.0,149.0,82.1556886227545
0.6,0.0,25,2026900025,723.0,138.0,80.91286307053942
0.6,0.0,26,2026900026,734.0,116.0,84.19618528610354
0.6,0.0,27,2026900027,885.0,138.0,84.40677966101696
0.6,0.0,28,2026900028,899.9999999999999,161.0,82.1111111111111
0.6,0.0,29,2026900029,556.0,151.0,72.84172661870504
0.6,0.0,30,2026900030,1207.0,202.0,83.26429163214581
0.6,0.0,31,2026900031,706.0,175.0,75.21246458923513
0.6,0.0,32,2026900032,972.0,175.0,81.99588477366255
0.6,0.0,33,2026900033,678.0,159.0,76.54867256637168
0.6,0.0,34,2026900034,580.0,137.0,76.37931034482759
0.6,0.0,35,2026900035,582.0,141.0,75.77319587628865
0.6,0.0,36,2026900036,852.0,151.0,82.27699530516432
0.6,0.0,37,2026900037,728.0,173.0,76.23626373626374
0.6,0.0,38,2026900038,652.0,157.0,75.920245398773
0.6,0.0,39,2026900039,891.0,173.0,80.58361391694724
0.6,0.0,40,2026900040,831.9999999999999,203.0,75.60096153846153
0.6,0.0,41,2026900041,861.0,145.0,83.15911730545876
0.6,0.0,42,2026900042,963.0,122.0,87.33125649013499
0.6,0.0,43,2026900043,715.0,173.0,75.8041958041958
0.6,0.0,44,2026900044,1025.0,220.0,78.53658536585365
0.6,0.0,45,2026900045,496.0,92.0,81.45161290322581
0.6,0.0,46,2026900046,915.0,162.0,82.29508196721312
0.6,0.0,47,2026900047,911.0,156.0,82.87596048298573
0.6,0.0,48,2026900048,638.0,107.0,83.22884012539186
0.6,0.0,49,2026900049,810.0,237.00000000000003,70.74074074074075
0.6,0.0,50,2026900050,955.0,168.0,82.40837696335079
0.6,0.0,51,2026900051,724.0,120.99999999999999,83.28729281767956
0.6,0.0,52,2026900052,961.0,244.0,74.60978147762746
0.6,0.0,53,2026900053,1010.9999999999999,175.0,82.69040553907023
0.6,0.0,54,2026900054,1045.0,139.0,86.69856459330144
0.6,0.0,55,2026900055,831.0,152.0,81.70878459687124
0.6,0.0,56,2026900056,737.0,186.0,74.76255088195387
0.6,0.0,57,2026900057,817.0,141.0,82.74173806609546
0.6,0.0,58,2026900058,912.9999999999999,215.0,76.45125958378969
0.6,0.0,59,2026900059,675.0,155.0,77.03703703703704
0.6,0.0,60,2026900060,958.0,166.0,82.6722338204593
0.6,0.0,61,2026900061,1018.9999999999999,152.0,85.08341511285573
0.6,0.0,62,2026900062,955.0,181.0,81.04712041884817
0.6,0.0,63,2026900063,651.0,164.0,74.80798771121351
0.6,0.0,64,2026900064,976.9999999999999,189.0,80.65506653019446
0.6,0.0,65,2026900065,776.0,234.0,69.84536082474227
0.6,0.0,66,2026900066,851.0,126.0,85.19388954171563
0.6,0.0,67,2026900067,969.0000000000001,170.0,82.45614035087719
0.6,0.0,68,2026900068,567.0,130.0,77.07231040564373
0.6,0.0,69,2026900069,876.0,186.0,78.76712328767124
0.6,0.0,70,2026900070,876.0,197.0,77.51141552511416
0.6,0.0,71,2026900071,765.0,143.0,81.30718954248366
0.6,0.0,72,2026900072,681.0,146.0,78.56093979441997
0.6,0.0,73,2026900073,1149.0,236.0,79.46040034812881
0.6,0.0,74,2026900074,587.0,115.0,80.40885860306643
0.6,0.0,75,2026900075,577.0,166.0,71.23050259965338
0.6,0.0,76,2026900076,859.0,178.0,79.27823050058207
0.6,0.0,77,2026900077,847.0,110.0,87.01298701298701
0.6,0.0,78,2026900078,908.0,180.0,80.1762114537445
0.6,0.0,79,2026900079,483.0,101.0,79.08902691511388
0.6,0.0,80,2026900080,1164.0,182.0,84.36426116838489
0.6,0.0,81,2026900081,709.0,129.0,81.80535966149506
0.6,0.0,82,2026900082,741.0,129.0,82.5910931174089
0.6,0.0,83,2026900083,923.0,171.0,81.47345612134345
0.6,0.0,84,2026900084,1150.0,188.0,83.65217391304348
0.6,0.0,85,2026900085,666.0,147.0,77.92792792792793
0.6,0.0,86,2026900086,1029.0,178.0,82.70165208940719
0.6,0.0,87,2026900087,711.0,162.0,77.21518987341773
0.6,0.0,88,2026900088,1261.0,223.00000000000003,82.3156225218081
0.6,0.0,89,2026900089,1152.0,190.0,83.50694444444444
0.6,0.0,90,2026900090,618.0,65.0,89.48220064724919
0.6,0.0,91,2026900091,745.0,161.0,78.38926174496645
0.6,0.0,92,2026900092,581.0,119.99999999999999,79.34595524956971
0.6,0.0,93,2026900093,707.0,151.0,78.64214992927865
0.6,0.0,94,2026900094,864.0,162.0,81.25
0.6,0.0,95,2026900095,766.0,155.0,79.76501305483029
0.6,0.0,96,2026900096,680.0,148.0,78.23529411764706
0.6,0.0,97,2026900097,662.0,167.0,74.77341389728096
0.6,0.0,98,2026900098,874.0,177.0,79.74828375286042
0.6,0.0,99,2026900099,721.0,158.0,78.08599167822469
0.5,0.0,0,2026900000,938.0,233.0,75.15991471215352
0.5,0.0,1,2026900001,959.0,237.00000000000003,75.28675703858185
0.5,0.0,2,2026900002,806.0,290.0,64.0198511166253
0.5,0.0,3,2026900003,969.0000000000001,288.0,70.27863777089784
0.5,0.0,4,2026900004,921.0,190.0,79.37024972855592
0.5,0.0,5,2026900005,1061.0,243.0,77.09707822808672
0.5,0.0,6,2026900006,758.0,191.0,74.80211081794195
0.5,0.0,7,2026900007,1272.0,283.0,77.75157232704403
0.5,0.0,8,2026900008,705.0,186.0,73.61702127659575
0.5,0.0,9,2026900009,814.0,143.0,82.43243243243244
0.5,0.0,10,2026900010,972.0,223.00000000000003,77.05761316872427
0.5,0.0,11,2026900011,892.0000000000001,194.0,78.25112107623319
0.5,0.0,12,2026900012,718.0,249.0,65.32033426183844
0.5,0.0,13,2026900013,852.9999999999999,238.00000000000003,72.09847596717466
0.5,0.0,14,2026900014,880.0,172.0,80.45454545454545
0.5,0.0,15,2026900015,837.0000000000001,210.0,74.91039426523298
0.5,0.0,16,2026900016,683.0,179.0,73.79209370424597
0.5,0.0,17,2026900017,727.0,208.99999999999997,71.25171939477303
0.5,0.0,18,2026900018,788.0,199.0,74.74619289340102
0.5,0.0,19,2026900019,911.0,181.0,80.13172338090011
0.5,0.0,20,2026900020,835.0,188.0,77.48502994011976
0.5,0.0,21,2026900021,867.0000000000001,225.99999999999997,73.93310265282584
0.5,0.0,22,2026900022,629.0,110.0,82.51192368839428
0.5,0.0,23,2026900023,820.0000000000001,196.0,76.09756097560977
0.5,0.0,24,2026900024,835.0,228.0,72.69461077844312
0.5,0.0,25,2026900025,723.0,156.0,78.42323651452283
0.5,0.0,26,2026900026,734.0,148.0,79.83651226158038
0.5,0.0,27,2026900027,885.0,207.99999999999997,76.49717514124293
0.5,0.0,28,2026900028,899.9999999999999,243.0,73.0
0.5,0.0,29,2026900029,556.0,165.0,70.32374100719424
0.5,0.0,30,2026900030,1207.0,239.99999999999997,80.11599005799503
0.5,0.0,31,2026900031,706.0,235.0,66.71388101983003
0.5,0.0,32,2026900032,972.0,240.99999999999997,75.20576131687243
0.5,0.0,33,2026900033,678.0,244.0,64.0117994100295
0.5,0.0,34,2026900034,580.0,206.00000000000003,64.48275862068965
0.5,0.0,35,2026900035,582.0,130.0,77.66323024054982
0.5,0.0,36,2026900036,852.0,240.99999999999997,71.71361502347418
0.5,0.0,37,2026900037,728.0,205.00000000000003,71.84065934065934
0.5,0.0,38,2026900038,652.0,225.99999999999997,65.33742331288343
0.5,0.0,39,2026900039,891.0,186.0,79.12457912457913
0.5,0.0,40,2026900040,831.9999999999999,253.0,69.59134615384615
0.5,0.0,41,2026900041,861.0,165.0,80.8362369337979
0.5,0.0,42,2026900042,963.0,205.00000000000003,78.71235721703012
0.5,0.0,43,2026900043,715.0,178.0,75.1048951048951
0.5,0.0,44,2026900044,1025.0,239.99999999999997,76.58536585365853
0.5,0.0,45,2026900045,496.0,166.0,66.53225806451613
0.5,0.0,46,2026900046,915.0,205.00000000000003,77.59562841530055
0.5,0.0,47,2026900047,911.0,160.0,82.43688254665203
0.5,0.0,48,2026900048,638.0,177.0,72.25705329153605
0.5,0.0,49,2026900049,810.0,297.0,63.333333333333336
0.5,0.0,50,2026900050,955.0,219.0,77.06806282722513
0.5,0.0,51,2026900051,724.0,118.0,83.70165745856353
0.5,0.0,52,2026900052,961.0,252.0,73.77731529656607
0.5,0.0,53,2026900053,1010.9999999999999,268.0,73.4915924826904
0.5,0.0,54,2026900054,1045.0,186.0,82.20095693779905
0.5,0.0,55,2026900055,831.0,164.0,80.2647412755716
0.5,0.0,56,2026900056,737.0,256.0,65.26458616010855
0.5,0.0,57,2026900057,817.0,183.0,77.60097919216646
0.5,0.0,58,2026900058,912.9999999999999,288.0,68.45564074479736
0.5,0.0,59,2026900059,675.0,192.0,71.55555555555556
0.5,0.0,60,2026900060,958.0,364.0,62.004175365344466
0.5,0.0,61,2026900061,1018.9999999999999,208.99999999999997,79.48969578017663
0.5,0.0,62,2026900062,955.0,249.0,73.92670157068063
0.5,0.0,63,2026900063,651.0,212.0,67.4347158218126
0.5,0.0,64,2026900064,976.9999999999999,220.0,77.48208802456499
0.5,0.0,65,2026900065,776.0,196.0,74.74226804123711
0.5,0.0,66,2026900066,851.0,184.0,78.37837837837837
0.5,0.0,67,2026900067,969.0000000000001,194.0,79.97936016511868
0.5,0.0,68,2026900068,567.0,175.0,69.1358024691358
0.5,0.0,69,2026900069,876.0,259.0,70.4337899543379
0.5,0.0,70,2026900070,876.0,219.0,75.0
0.5,0.0,71,2026900071,765.0,146.0,80.91503267973856
0.5,0.0,72,2026900072,681.0,201.0,70.48458149779735
0.5,0.0,73,2026900073,1149.0,305.0,73.45517841601392
0.5,0.0,74,2026900074,587.0,164.0,72.06132879045997
0.5,0.0,75,2026900075,577.0,177.0,69.32409012131716
0.5,0.0,76,2026900076,859.0,245.0,71.47846332945285
0.5,0.0,77,2026900077,847.0,176.0,79.22077922077922
0.5,0.0,78,2026900078,908.0,269.0,70.37444933920705
0.5,0.0,79,2026900079,483.0,109.0,77.4327122153209
0.5,0.0,80,2026900080,1164.0,231.0,80.15463917525773
0.5,0.0,81,2026900081,709.0,180.0,74.61212976022567
0.5,0.0,82,2026900082,741.0,257.0,65.31713900134953
0.5,0.0,83,2026900083,923.0,207.99999999999997,77.46478873239437
0.5,0.0,84,2026900084,1150.0,231.0,79.91304347826087
0.5,0.0,85,2026900085,666.0,141.0,78.82882882882883
0.5,0.0,86,2026900086,1029.0,250.0,75.70456754130224
0.5,0.0,87,2026900087,711.0,207.99999999999997,70.74542897327707
0.5,0.0,88,2026900088,1261.0,214.0,83.0293417922284
0.5,0.0,89,2026900089,1152.0,219.0,80.98958333333333
0.5,0.0,90,2026900090,618.0,119.99999999999999,80.58252427184466
0.5,0.0,91,2026900091,745.0,181.0,75.70469798657719
0.5,0.0,92,2026900092,581.0,114.0,80.37865748709122
0.5,0.0,93,2026900093,707.0,206.99999999999997,70.72135785007072
0.5,0.0,94,2026900094,864.0,182.0,78.93518518518519
0.5,0.0,95,2026900095,766.0,197.0,74.28198433420366
0.5,0.0,96,2026900096,680.0,144.0,78.82352941176471
0.5,0.0,97,2026900097,662.0,202.0,69.48640483383686
0.5,0.0,98,2026900098,874.0,172.0,80.32036613272311
0.5,0.0,99,2026900099,721.0,161.0,77.66990291262135
0.4,0.0,0,2026900000,938.0,304.0,67.59061833688699
0.4,0.0,1,2026900001,959.0,249.0,74.0354535974974
0.4,0.0,2,2026900002,806.0,292.0,63.77171215880893
0.4,0.0,3,2026900003,969.0000000000001,305.0,68.52425180598556
0.4,0.0,4,2026900004,921.0,295.0,67.96959826275787
0.4,0.0,5,2026900005,1061.0,368.0,65.31573986804901
0.4,0.0,6,2026900006,758.0,203.0,73.21899736147758
0.4,0.0,7,2026900007,1272.0,370.0,70.9119496855346
0.4,0.0,8,2026900008,705.0,254.00000000000003,63.97163120567376
0.4,0.0,9,2026900009,814.0,198.0,75.67567567567568
0.4,0.0,10,2026900010,972.0,308.0,68.3127572016461
0.4,0.0,11,2026900011,892.0000000000001,288.0,67.71300448430495
0.4,0.0,12,2026900012,718.0,231.0,67.82729805013928
0.4,0.0,13,2026900013,852.9999999999999,362.0,57.56154747948416
0.4,0.0,14,2026900014,880.0,237.00000000000003,73.06818181818181
0.4,0.0,15,2026900015,837.0000000000001,324.0,61.29032258064517
0.4,0.0,16,2026900016,683.0,285.0,58.27232796486091
0.4,0.0,17,2026900017,727.0,222.00000000000003,69.46354883081156
0.4,0.0,18,2026900018,788.0,321.0,59.263959390862944
0.4,0.0,19,2026900019,911.0,216.0,76.28979143798024
0.4,0.0,20,2026900020,835.0,303.0,63.712574850299404
0.4,0.0,21,2026900021,867.0000000000001,245.0,71.74163783160324
0.4,0.0,22,2026900022,629.0,195.0,68.99841017488076
0.4,0.0,23,2026900023,820.0000000000001,324.0,60.48780487804879
0.4,0.0,24,2026900024,835.0,240.99999999999997,71.1377245508982
0.4,0.0,25,2026900025,723.0,205.00000000000003,71.64591977869986
0.4,0.0,26,2026900026,734.0,230.0,68.66485013623978
0.4,0.0,27,2026900027,885.0,215.0,75.70621468926554
0.4,0.0,28,2026900028,899.9999999999999,235.0,73.88888888888889
0.4,0.0,29,2026900029,556.0,223.99999999999997,59.71223021582734
0.4,0.0,30,2026900030,1207.0,276.0,77.13338856669428
0.4,0.0,31,2026900031,706.0,213.0,69.8300283286119
0.4,0.0,32,2026900032,972.0,313.0,67.79835390946502
0.4,0.0,33,2026900033,678.0,289.0,57.37463126843658
0.4,0.0,34,2026900034,580.0,248.0,57.241379310344826
0.4,0.0,35,2026900035,582.0,155.0,73.36769759450172
0.4,0.0,36,2026900036,852.0,282.0,66.90140845070422
0.4,0.0,37,2026900037,728.0,241.99999999999997,66.75824175824175
0.4,0.0,38,2026900038,652.0,238.00000000000003,63.49693251533742
0.4,0.0,39,2026900039,891.0,298.0,66.55443322109988
0.4,0.0,40,2026900040,831.9999999999999,274.0,67.06730769230768
0.4,0.0,41,2026900041,861.0,270.0,68.6411149825784
0.4,0.0,42,2026900042,963.0,220.0,77.15472481827622
0.4,0.0,43,2026900043,715.0,215.0,69.93006993006993
0.4,0.0,44,2026900044,1025.0,277.0,72.97560975609755
0.4,0.0,45,2026900045,496.0,246.0,50.403225806451616
0.4,0.0,46,2026900046,915.0,293.0,67.97814207650273
0.4,0.0,47,2026900047,911.0,363.0,60.153677277716795
0.4,0.0,48,2026900048,638.0,228.0,64.26332288401254
0.4,0.0,49,2026900049,810.0,258.0,68.14814814814815
0.4,0.0,50,2026900050,955.0,342.0,64.18848167539267
0.4,0.0,51,2026900051,724.0,207.99999999999997,71.2707182320442
0.4,0.0,52,2026900052,961.0,330.0,65.66077003121748
0.4,0.0,53,2026900053,1010.9999999999999,333.0,67.06231454005935
0.4,0.0,54,2026900054,1045.0,236.0,77.41626794258373
0.4,0.0,55,2026900055,831.0,157.0,81.10709987966305
0.4,0.0,56,2026900056,737.0,292.0,60.379918588873814
0.4,0.0,57,2026900057,817.0,177.0,78.33537331701346
0.4,0.0,58,2026900058,912.9999999999999,323.0,64.62212486308871
0.4,0.0,59,2026900059,675.0,216.0,68.0
0.4,0.0,60,2026900060,958.0,284.0,70.35490605427975
0.4,0.0,61,2026900061,1018.9999999999999,240.99999999999997,76.34936211972521
0.4,0.0,62,2026900062,955.0,341.0,64.29319371727749
0.4,0.0,63,2026900063,651.0,237.00000000000003,63.59447004608295
0.4,0.0,64,2026900064,976.9999999999999,347.0,64.48311156601842
0.4,0.0,65,2026900065,776.0,324.0,58.24742268041237
0.4,0.0,66,2026900066,851.0,235.0,72.38542890716803
0.4,0.0,67,2026900067,969.0000000000001,283.0,70.79463364293086
0.4,0.0,68,2026900068,567.0,228.0,59.78835978835979
0.4,0.0,69,2026900069,876.0,353.0,59.70319634703196
0.4,0.0,70,2026900070,876.0,363.0,58.56164383561644
0.4,0.0,71,2026900071,765.0,239.00000000000003,68.75816993464052
0.4,0.0,72,2026900072,681.0,243.0,64.31718061674009
0.4,0.0,73,2026900073,1149.0,339.0,70.49608355091384
0.4,0.0,74,2026900074,587.0,214.0,63.54344122657581
0.4,0.0,75,2026900075,577.0,261.0,54.766031195840554
0.4,0.0,76,2026900076,859.0,312.0,63.67869615832363
0.4,0.0,77,2026900077,847.0,225.99999999999997,73.31759149940969
0.4,0.0,78,2026900078,908.0,338.0,62.77533039647577
0.4,0.0,79,2026900079,483.0,153.0,68.32298136645963
0.4,0.0,80,2026900080,1164.0,265.0,77.23367697594502
0.4,0.0,81,2026900081,709.0,245.0,65.44428772919605
0.4,0.0,82,2026900082,741.0,281.0,62.07827260458839
0.4,0.0,83,2026900083,923.0,223.00000000000003,75.83965330444204
0.4,0.0,84,2026900084,1150.0,306.0,73.3913043478261
0.4,0.0,85,2026900085,666.0,204.00000000000003,69.36936936936937
0.4,0.0,86,2026900086,1029.0,355.0,65.50048590864917
0.4,0.0,87,2026900087,711.0,213.0,70.042194092827
0.4,0.0,88,2026900088,1261.0,308.0,75.57494052339413
0.4,0.0,89,2026900089,1152.0,328.0,71.52777777777777
0.4,0.0,90,2026900090,618.0,161.0,73.94822006472492
0.4,0.0,91,2026900091,745.0,244.0,67.24832214765101
0.4,0.0,92,2026900092,581.0,149.0,74.35456110154905
0.4,0.0,93,2026900093,707.0,256.0,63.79066478076379
0.4,0.0,94,2026900094,864.0,268.0,68.98148148148148
0.4,0.0,95,2026900095,766.0,222.00000000000003,71.0182767624021
0.4,0.0,96,2026900096,680.0,194.0,71.47058823529412
0.4,0.0,97,2026900097,662.0,256.0,61.329305135951664
0.4,0.0,98,2026900098,874.0,256.0,70.70938215102974
0.4,0.0,99,2026900099,721.0,301.0,58.25242718446602
0.30000000000000004,0.0,0,2026900000,938.0,293.0,68.7633262260128
0.30000000000000004,0.0,1,2026900001,959.0,322.0,66.42335766423358
0.30000000000000004,0.0,2,2026900002,806.0,394.0,51.116625310173696
0.30000000000000004,0.0,3,2026900003,969.0000000000001,395.00000000000006,59.236326109391115
0.30000000000000004,0.0,4,2026900004,921.0,333.0,63.843648208469055
0.30000000000000004,0.0,5,2026900005,1061.0,472.0,55.513666352497644
0.30000000000000004,0.0,6,2026900006,758.0,245.0,67.67810026385224
0.30000000000000004,0.0,7,2026900007,1272.0,415.0,67.37421383647799
0.30000000000000004,0.0,8,2026900008,705.0,332.0,52.90780141843972
0.30000000000000004,0.0,9,2026900009,814.0,323.0,60.319410319410316
0.30000000000000004,0.0,10,2026900010,972.0,426.0,56.17283950617284
0.30000000000000004,0.0,11,2026900011,892.0000000000001,445.0,50.112107623318394
0.30000000000000004,0.0,12,2026900012,718.0,311.0,56.68523676880223
0.30000000000000004,0.0,13,2026900013,852.9999999999999,371.0,56.50644783118405
0.30000000000000004,0.0,14,2026900014,880.0,275.0,68.75
0.30000000000000004,0.0,15,2026900015,837.0000000000001,358.0,57.228195937873366
0.30000000000000004,0.0,16,2026900016,683.0,336.0,50.805270863836014
0.30000000000000004,0.0,17,2026900017,727.0,267.0,63.27372764786795
0.30000000000000004,0.0,18,2026900018,788.0,356.0,54.82233502538071
0.30000000000000004,0.0,19,2026900019,911.0,430.0,52.799121844127335
0.30000000000000004,0.0,20,2026900020,835.0,367.0,56.047904191616766
0.30000000000000004,0.0,21,2026900021,867.0000000000001,280.0,67.7047289504037
0.30000000000000004,0.0,22,2026900022,629.0,240.99999999999997,61.685214626391094
0.30000000000000004,0.0,23,2026900023,820.0000000000001,368.0,55.121951219512205
0.30000000000000004,0.0,24,2026900024,835.0,346.0,58.56287425149701
0.30000000000000004,0.0,25,2026900025,723.0,271.0,62.51728907330567
0.30000000000000004,0.0,26,2026900026,734.0,315.0,57.084468664850135
0.30000000000000004,0.0,27,2026900027,885.0,312.0,64.7457627118644
0.30000000000000004,0.0,28,2026900028,899.9999999999999,279.0,68.99999999999999
0.30000000000000004,0.0,29,2026900029,556.0,382.0,31.294964028776977
0.30000000000000004,0.0,30,2026900030,1207.0,477.0,60.48053024026512
0.30000000000000004,0.0,31,2026900031,706.0,345.0,51.13314447592068
0.30000000000000004,0.0,32,2026900032,972.0,427.00000000000006,56.06995884773662
0.30000000000000004,0.0,33,2026900033,678.0,411.0,39.38053097345133
0.30000000000000004,0.0,34,2026900034,580.0,255.00000000000003,56.03448275862069
0.30000000000000004,0.0,35,2026900035,582.0,244.0,58.07560137457045
0.30000000000000004,0.0,36,2026900036,852.0,403.0,52.69953051643193
0.30000000000000004,0.0,37,2026900037,728.0,296.0,59.34065934065934
0.30000000000000004,0.0,38,2026900038,652.0,385.0,40.95092024539877
0.30000000000000004,0.0,39,2026900039,891.0,323.0,63.74859708193041
0.30000000000000004,0.0,40,2026900040,831.9999999999999,424.0,49.038461538461526
0.30000000000000004,0.0,41,2026900041,861.0,295.0,65.73751451800233
0.30000000000000004,0.0,42,2026900042,963.0,331.0,65.6282450674974
0.30000000000000004,0.0,43,2026900043,715.0,343.0,52.02797202797203
0.30000000000000004,0.0,44,2026900044,1025.0,376.0,63.31707317073171
0.30000000000000004,0.0,45,2026900045,496.0,165.0,66.73387096774194
0.30000000000000004,0.0,46,2026900046,915.0,404.0,55.84699453551912
0.30000000000000004,0.0,47,2026900047,911.0,381.0,58.177826564215145
0.30000000000000004,0.0,48,2026900048,638.0,314.0,50.78369905956113
0.30000000000000004,0.0,49,2026900049,810.0,434.0,46.41975308641975
0.30000000000000004,0.0,50,2026900050,955.0,396.99999999999994,58.42931937172775
0.30000000000000004,0.0,51,2026900051,724.0,238.00000000000003,67.12707182320442
0.30000000000000004,0.0,52,2026900052,961.0,466.99999999999994,51.40478668054111
0.30000000000000004,0.0,53,2026900053,1010.9999999999999,436.0,56.87438180019782
0.30000000000000004,0.0,54,2026900054,1045.0,276.0,73.58851674641149
0.30000000000000004,0.0,55,2026900055,831.0,270.0,67.50902527075812
0.30000000000000004,0.0,56,2026900056,737.0,403.0,45.31886024423338
0.30000000000000004,0.0,57,2026900057,817.0,272.0,66.70746634026928
0.30000000000000004,0.0,58,2026900058,912.9999999999999,417.99999999999994,54.21686746987952
0.30000000000000004,0.0,59,2026900059,675.0,230.0,65.92592592592592
0.30000000000000004,0.0,60,2026900060,958.0,454.0,52.609603340292274
0.30000000000000004,0.0,61,2026900061,1018.9999999999999,280.0,72.52208047105005
0.30000000000000004,0.0,62,2026900062,955.0,372.0,61.047120418848166
0.30000000000000004,0.0,63,2026900063,651.0,310.0,52.38095238095238
0.30000000000000004,0.0,64,2026900064,976.9999999999999,440.0,54.96417604912998
0.30000000000000004,0.0,65,2026900065,776.0,422.0,45.618556701030926
0.30000000000000004,0.0,66,2026900066,851.0,415.0,51.233842538190366
0.30000000000000004,0.0,67,2026900067,969.0000000000001,304.0,68.62745098039217
0.30000000000000004,0.0,68,2026900068,567.0,304.0,46.38447971781305
0.30000000000000004,0.0,69,2026900069,876.0,403.0,53.99543378995434
0.30000000000000004,0.0,70,2026900070,876.0,456.0,47.945205479452056
0.30000000000000004,0.0,71,2026900071,765.0,239.99999999999997,68.62745098039215
0.30000000000000004,0.0,72,2026900072,681.0,384.0,43.61233480176212
0.30000000000000004,0.0,73,2026900073,1149.0,472.0,58.920800696257615
0.30000000000000004,0.0,74,2026900074,587.0,241.99999999999997,58.77342419080068
0.30000000000000004,0.0,75,2026900075,577.0,363.0,37.08838821490468
0.30000000000000004,0.0,76,2026900076,859.0,371.0,56.810244470314316
0.30000000000000004,0.0,77,2026900077,847.0,294.0,65.2892561983471
0.30000000000000004,0.0,78,2026900078,908.0,353.0,61.12334801762115
0.30000000000000004,0.0,79,2026900079,483.0,232.0,51.966873706004144
0.30000000000000004,0.0,80,2026900080,1164.0,393.00000000000006,66.23711340206185
0.30000000000000004,0.0,81,2026900081,709.0,358.0,49.50634696755994
0.30000000000000004,0.0,82,2026900082,741.0,400.99999999999994,45.88394062078274
0.30000000000000004,0.0,83,2026900083,923.0,388.0,57.96316359696642
0.30000000000000004,0.0,84,2026900084,1150.0,398.99999999999994,65.30434782608695
0.30000000000000004,0.0,85,2026900085,666.0,239.00000000000003,64.11411411411412
0.30000000000000004,0.0,86,2026900086,1029.0,479.99999999999994,53.352769679300295
0.30000000000000004,0.0,87,2026900087,711.0,326.0,54.14908579465541
0.30000000000000004,0.0,88,2026900088,1261.0,366.0,70.97541633624108
0.30000000000000004,0.0,89,2026900089,1152.0,352.0,69.44444444444444
0.30000000000000004,0.0,90,2026900090,618.0,246.0,60.19417475728155
0.30000000000000004,0.0,91,2026900091,745.0,260.0,65.1006711409396
0.30000000000000004,0.0,92,2026900092,581.0,259.0,55.42168674698795
0.30000000000000004,0.0,93,2026900093,707.0,295.0,58.27439886845828
0.30000000000000004,0.0,94,2026900094,864.0,298.0,65.50925925925925
0.30000000000000004,0.0,95,2026900095,766.0,402.0,47.51958224543081
0.30000000000000004,0.0,96,2026900096,680.0,481.0,29.264705882352942
0.30000000000000004,0.0,97,2026900097,662.0,301.0,54.531722054380666
0.30000000000000004,0.0,98,2026900098,874.0,353.0,59.610983981693366
0.30000000000000004,0.0,99,2026900099,721.0,473.0,34.39667128987517
0.2,0.0,0,2026900000,938.0,368.0,60.76759061833689
0.2,0.0,1,2026900001,959.0,444.00000000000006,53.70177267987487
0.2,0.0,2,2026900002,806.0,500.0,37.96526054590571
0.2,0.0,3,2026900003,969.0000000000001,457.0,52.83797729618164
0.2,0.0,4,2026900004,921.0,447.0,51.465798045602604
0.2,0.0,5,2026900005,1061.0,554.0,47.78510838831291
0.2,0.0,6,2026900006,758.0,372.0,50.92348284960422
0.2,0.0,7,2026900007,1272.0,650.0,48.899371069182386
0.2,0.0,8,2026900008,705.0,412.00000000000006,41.560283687943254
0.2,0.0,9,2026900009,814.0,343.0,57.86240786240786
0.2,0.0,10,2026900010,972.0,527.0,45.781893004115226
0.2,0.0,11,2026900011,892.0000000000001,469.0,47.42152466367714
0.2,0.0,12,2026900012,718.0,359.0,50.0
0.2,0.0,13,2026900013,852.9999999999999,603.0,29.308323563892138
0.2,0.0,14,2026900014,880.0,568.0,35.45454545454545
0.2,0.0,15,2026900015,837.0000000000001,500.99999999999994,40.14336917562725
0.2,0.0,16,2026900016,683.0,513.0,24.890190336749633
0.2,0.0,17,2026900017,727.0,454.0,37.551581843191194
0.2,0.0,18,2026900018,788.0,529.0,32.868020304568525
0.2,0.0,19,2026900019,911.0,377.0,58.61690450054885
0.2,0.0,20,2026900020,835.0,562.0,32.69461077844311
0.2,0.0,21,2026900021,867.0000000000001,423.0,51.21107266435987
0.2,0.0,22,2026900022,629.0,405.0,35.6120826709062
0.2,0.0,23,2026900023,820.0000000000001,470.0,42.682926829268304
0.2,0.0,24,2026900024,835.0,491.00000000000006,41.197604790419156
0.2,0.0,25,2026900025,723.0,369.0,48.96265560165975
0.2,0.0,26,2026900026,734.0,378.0,48.50136239782017
0.2,0.0,27,2026900027,885.0,430.0,51.41242937853107
0.2,0.0,28,2026900028,899.9999999999999,547.0,39.222222222222214
0.2,0.0,29,2026900029,556.0,326.0,41.36690647482014
0.2,0.0,30,2026900030,1207.0,623.0,48.384424192212094
0.2,0.0,31,2026900031,706.0,495.00000000000006,29.886685552407922
0.2,0.0,32,2026900032,972.0,389.0,59.97942386831276
0.2,0.0,33,2026900033,678.0,451.0,33.48082595870206
0.2,0.0,34,2026900034,580.0,389.0,32.93103448275862
0.2,0.0,35,2026900035,582.0,352.0,39.51890034364261
0.2,0.0,36,2026900036,852.0,420.0,50.70422535211268
0.2,0.0,37,2026900037,728.0,496.0,31.86813186813187
0.2,0.0,38,2026900038,652.0,409.0,37.26993865030675
0.2,0.0,39,2026900039,891.0,586.0,34.231200897867566
0.2,0.0,40,2026900040,831.9999999999999,496.99999999999994,40.26442307692307
0.2,0.0,41,2026900041,861.0,538.0,37.51451800232288
0.2,0.0,42,2026900042,963.0,456.0,52.64797507788162
0.2,0.0,43,2026900043,715.0,372.0,47.97202797202797
0.2,0.0,44,2026900044,1025.0,470.0,54.146341463414636
0.2,0.0,45,2026900045,496.0,243.0,51.00806451612903
0.2,0.0,46,2026900046,915.0,466.99999999999994,48.961748633879786
0.2,0.0,47,2026900047,911.0,493.00000000000006,45.88364434687156
0.2,0.0,48,2026900048,638.0,498.99999999999994,21.786833855799383
0.2,0.0,49,2026900049,810.0,550.0,32.098765432098766
0.2,0.0,50,2026900050,955.0,328.0,65.6544502617801
0.2,0.0,51,2026900051,724.0,307.0,57.59668508287293
0.2,0.0,52,2026900052,961.0,481.99999999999994,49.843912591050994
0.2,0.0,53,2026900053,1010.9999999999999,553.0,45.30168150346191
0.2,0.0,54,2026900054,1045.0,481.0,53.97129186602871
0.2,0.0,55,2026900055,831.0,295.0,64.50060168471721
0.2,0.0,56,2026900056,737.0,495.00000000000006,32.83582089552238
0.2,0.0,57,2026900057,817.0,340.0,58.3843329253366
0.2,0.0,58,2026900058,912.9999999999999,534.0,41.51150054764511
0.2,0.0,59,2026900059,675.0,294.0,56.44444444444444
0.2,0.0,60,2026900060,958.0,564.0,41.127348643006265
0.2,0.0,61,2026900061,1018.9999999999999,430.99999999999994,57.7036310107949
0.2,0.0,62,2026900062,955.0,605.0,36.64921465968586
0.2,0.0,63,2026900063,651.0,324.0,50.23041474654378
0.2,0.0,64,2026900064,976.9999999999999,531.0,45.64994882292732
0.2,0.0,65,2026900065,776.0,577.0,25.644329896907216
0.2,0.0,66,2026900066,851.0,460.0,45.945945945945944
0.2,0.0,67,2026900067,969.0000000000001,496.0,48.813209494324056
0.2,0.0,68,2026900068,567.0,322.0,43.20987654320987
0.2,0.0,69,2026900069,876.0,600.0,31.506849315068493
0.2,0.0,70,2026900070,876.0,475.0,45.77625570776256
0.2,0.0,71,2026900071,765.0,403.0,47.3202614379085
0.2,0.0,72,2026900072,681.0,413.99999999999994,39.20704845814979
0.2,0.0,73,2026900073,1149.0,613.0,46.64926022628372
0.2,0.0,74,2026900074,587.0,268.0,54.34412265758092
0.2,0.0,75,2026900075,577.0,532.0,7.79896013864818
0.2,0.0,76,2026900076,859.0,487.0,43.30616996507567
0.2,0.0,77,2026900077,847.0,285.0,66.35182998819363
0.2,0.0,78,2026900078,908.0,521.0,42.62114537444934
0.2,0.0,79,2026900079,483.0,260.0,46.16977225672878
0.2,0.0,80,2026900080,1164.0,571.0,50.945017182130584
0.2,0.0,81,2026900081,709.0,345.0,51.33991537376587
0.2,0.0,82,2026900082,741.0,477.0,35.62753036437247
0.2,0.0,83,2026900083,923.0,446.00000000000006,51.67930660888407
0.2,0.0,84,2026900084,1150.0,535.0,53.47826086956522
0.2,0.0,85,2026900085,666.0,350.0,47.447447447447445
0.2,0.0,86,2026900086,1029.0,487.0,52.672497570456756
0.2,0.0,87,2026900087,711.0,455.0,36.0056258790436
0.2,0.0,88,2026900088,1261.0,739.0,41.39571768437748
0.2,0.0,89,2026900089,1152.0,534.0,53.645833333333336
0.2,0.0,90,2026900090,618.0,400.99999999999994,35.11326860841425
0.2,0.0,91,2026900091,745.0,464.99999999999994,37.58389261744968
0.2,0.0,92,2026900092,581.0,281.0,51.63511187607573
0.2,0.0,93,2026900093,707.0,443.0,37.34087694483734
0.2,0.0,94,2026900094,864.0,366.0,57.638888888888886
0.2,0.0,95,2026900095,766.0,449.0,41.38381201044386
0.2,0.0,96,2026900096,680.0,428.0,37.05882352941177
0.2,0.0,97,2026900097,662.0,412.00000000000006,37.76435045317219
0.2,0.0,98,2026900098,874.0,561.0,35.81235697940503
0.2,0.0,99,2026900099,721.0,516.0,28.43273231622746
0.1,0.0,0,2026900000,938.0,689.0,26.545842217484008
0.1,0.0,1,2026900001,959.0,727.0,24.19186652763295
0.1,0.0,2,2026900002,806.0,555.0,31.141439205955336
0.1,0.0,3,2026900003,969.0000000000001,528.0,45.510835913312704
0.1,0.0,4,2026900004,921.0,641.0,30.40173724212812
0.1,0.0,5,2026900005,1061.0,712.0,32.89349670122526
0.1,0.0,6,2026900006,758.0,531.0,29.947229551451187
0.1,0.0,7,2026900007,1272.0,848.9999999999999,33.254716981132084
0.1,0.0,8,2026900008,705.0,490.0,30.49645390070922
0.1,0.0,9,2026900009,814.0,476.00000000000006,41.523341523341514
0.1,0.0,10,2026900010,972.0,630.0,35.18518518518518
0.1,0.0,11,2026900011,892.0000000000001,701.0,21.41255605381167
0.1,0.0,12,2026900012,718.0,664.0,7.520891364902507
0.1,0.0,13,2026900013,852.9999999999999,663.0,22.27432590855802
0.1,0.0,14,2026900014,880.0,464.99999999999994,47.15909090909092
0.1,0.0,15,2026900015,837.0000000000001,820.0000000000001,2.031063321385902
0.1,0.0,16,2026900016,683.0,439.0,35.72474377745242
0.1,0.0,17,2026900017,727.0,624.0,14.167812929848694
0.1,0.0,18,2026900018,788.0,522.0,33.756345177664976
0.1,0.0,19,2026900019,911.0,745.0,18.22173435784852
0.1,0.0,20,2026900020,835.0,477.0,42.874251497005986
0.1,0.0,21,2026900021,867.0000000000001,583.0,32.75663206459055
0.1,0.0,22,2026900022,629.0,438.0,30.365659777424483
0.1,0.0,23,2026900023,820.0000000000001,670.0,18.29268292682928
0.1,0.0,24,2026900024,835.0,535.0,35.92814371257485
0.1,0.0,25,2026900025,723.0,420.0,41.90871369294606
0.1,0.0,26,2026900026,734.0,545.0,25.749318801089917
0.1,0.0,27,2026900027,885.0,544.0,38.53107344632768
0.1,0.0,28,2026900028,899.9999999999999,630.0,29.999999999999993
0.1,0.0,29,2026900029,556.0,517.0,7.014388489208633
0.1,0.0,30,2026900030,1207.0,739.0,38.77381938690969
0.1,0.0,31,2026900031,706.0,592.0,16.14730878186969
0.1,0.0,32,2026900032,972.0,474.00000000000006,51.23456790123456
0.1,0.0,33,2026900033,678.0,522.0,23.008849557522122
0.1,0.0,34,2026900034,580.0,478.00000000000006,17.586206896551715
0.1,0.0,35,2026900035,582.0,454.0,21.993127147766323
0.1,0.0,36,2026900036,852.0,726.0,14.788732394366198
0.1,0.0,37,2026900037,728.0,663.0,8.928571428571429
0.1,0.0,38,2026900038,652.0,588.0,9.815950920245399
0.1,0.0,39,2026900039,891.0,658.0,26.150392817059483
0.1,0.0,40,2026900040,831.9999999999999,549.0,34.014423076923066
0.1,0.0,41,2026900041,861.0,698.0,18.931475029036005
0.1,0.0,42,2026900042,963.0,780.0,19.003115264797508
0.1,0.0,43,2026900043,715.0,644.0,9.93006993006993
0.1,0.0,44,2026900044,1025.0,763.0,25.5609756097561
0.1,0.0,45,2026900045,496.0,430.0,13.306451612903226
0.1,0.0,46,2026900046,915.0,523.0,42.84153005464481
0.1,0.0,47,2026900047,911.0,774.0,15.038419319429199
0.1,0.0,48,2026900048,638.0,630.0,1.2539184952978057
0.1,0.0,49,2026900049,810.0,799.0000000000001,1.3580246913580107
0.1,0.0,50,2026900050,955.0,510.00000000000006,46.59685863874345
0.1,0.0,51,2026900051,724.0,597.0,17.5414364640884
0.1,0.0,52,2026900052,961.0,1021.0,-6.243496357960458
0.1,0.0,53,2026900053,1010.9999999999999,773.0,23.54104846686448
0.1,0.0,54,2026900054,1045.0,589.0,43.63636363636363
0.1,0.0,55,2026900055,831.0,469.0,43.561973525872446
0.1,0.0,56,2026900056,737.0,626.0,15.061058344640434
0.1,0.0,57,2026900057,817.0,571.0,30.11015911872705
0.1,0.0,58,2026900058,912.9999999999999,687.0,24.75355969331872
0.1,0.0,59,2026900059,675.0,566.0,16.14814814814815
0.1,0.0,60,2026900060,958.0,720.0,24.843423799582464
0.1,0.0,61,2026900061,1018.9999999999999,636.0,37.58586849852796
0.1,0.0,62,2026900062,955.0,615.0,35.602094240837694
0.1,0.0,63,2026900063,651.0,466.0,28.417818740399387
0.1,0.0,64,2026900064,976.9999999999999,737.0,24.564994882292723
0.1,0.0,65,2026900065,776.0,973.0000000000001,-25.386597938144345
0.1,0.0,66,2026900066,851.0,517.0,39.247943595769684
0.1,0.0,67,2026900067,969.0000000000001,769.0,20.639834881320958
0.1,0.0,68,2026900068,567.0,398.99999999999994,29.629629629629644
0.1,0.0,69,2026900069,876.0,773.0,11.757990867579908
0.1,0.0,70,2026900070,876.0,739.0,15.639269406392694
0.1,0.0,71,2026900071,765.0,415.0,45.751633986928105
0.1,0.0,72,2026900072,681.0,498.99999999999994,26.72540381791484
0.1,0.0,73,2026900073,1149.0,817.0,28.894691035683202
0.1,0.0,74,2026900074,587.0,478.00000000000006,18.56899488926745
0.1,0.0,75,2026900075,577.0,736.0,-27.55632582322357
0.1,0.0,76,2026900076,859.0,722.0,15.948777648428406
0.1,0.0,77,2026900077,847.0,592.0,30.10625737898465
0.1,0.0,78,2026900078,908.0,891.0,1.8722466960352422
0.1,0.0,79,2026900079,483.0,361.0,25.25879917184265
0.1,0.0,80,2026900080,1164.0,767.0,34.106529209621996
0.1,0.0,81,2026900081,709.0,655.0,7.616361071932299
0.1,0.0,82,2026900082,741.0,692.0,6.612685560053981
0.1,0.0,83,2026900083,923.0,570.0,38.24485373781148
0.1,0.0,84,2026900084,1150.0,817.0,28.956521739130434
0.1,0.0,85,2026900085,666.0,449.99999999999994,32.43243243243244
0.1,0.0,86,2026900086,1029.0,830.0,19.33916423712342
0.1,0.0,87,2026900087,711.0,538.0,24.331926863572434
0.1,0.0,88,2026900088,1261.0,840.0,33.38620142743854
0.1,0.0,89,2026900089,1152.0,719.0,37.58680555555556
0.1,0.0,90,2026900090,618.0,441.0,28.640776699029125
0.1,0.0,91,2026900091,745.0,476.00000000000006,36.10738255033556
0.1,0.0,92,2026900092,581.0,344.0,40.79173838209983
0.1,0.0,93,2026900093,707.0,460.0,34.93635077793493
0.1,0.0,94,2026900094,864.0,528.0,38.888888888888886
0.1,0.0,95,2026900095,766.0,553.0,27.806788511749346
0.1,0.0,96,2026900096,680.0,623.0,8.382352941176471
0.1,0.0,97,2026900097,662.0,536.0,19.033232628398792
0.1,0.0,98,2026900098,874.0,616.0,29.519450800915333
0.1,0.0,99,2026900099,721.0,514.0,28.71012482662968
0.5,14.0,0,2026901000,958.0,436.0,54.488517745302715
0.5,14.0,1,2026901001,808.0,258.0,68.06930693069307
0.5,14.0,2,2026901002,744.0,268.0,63.97849462365591
0.5,14.0,3,2026901003,610.0,307.0,49.67213114754098
0.5,14.0,4,2026901004,668.0,225.99999999999997,66.16766467065868
0.5,14.0,5,2026901005,865.0,303.0,64.97109826589596
0.5,14.0,6,2026901006,598.0,205.00000000000003,65.7190635451505
0.5,14.0,7,2026901007,931.0,378.0,59.3984962406015
0.5,14.0,8,2026901008,679.0,251.0,63.0338733431517
0.5,14.0,9,2026901009,1138.0,405.0,64.41124780316345
0.5,14.0,10,2026901010,899.9999999999999,380.0,57.77777777777777
0.5,14.0,11,2026901011,652.0,251.0,61.50306748466258
0.5,14.0,12,2026901012,991.0,314.0,68.31483350151362
0.5,14.0,13,2026901013,901.0000000000001,298.0,66.92563817980023
0.5,14.0,14,2026901014,814.0,362.0,55.52825552825553
0.5,14.0,15,2026901015,827.0,310.0,62.51511487303507
0.5,14.0,16,2026901016,764.0,294.0,61.518324607329845
0.5,14.0,17,2026901017,536.0,231.0,56.90298507462686
0.5,14.0,18,2026901018,933.9999999999999,321.0,65.63169164882227
0.5,14.0,19,2026901019,823.0,281.0,65.85662211421628
0.5,14.0,20,2026901020,650.0,193.0,70.3076923076923
0.5,14.0,21,2026901021,564.0,239.99999999999997,57.4468085106383
0.5,14.0,22,2026901022,801.9999999999999,254.00000000000003,68.3291770573566
0.5,14.0,23,2026901023,875.0000000000001,279.0,68.11428571428573
0.5,14.0,24,2026901024,843.0,286.0,66.073546856465
0.5,14.0,25,2026901025,791.0,323.0,59.16561314791403
0.5,14.0,26,2026901026,894.0,335.0,62.52796420581655
0.5,14.0,27,2026901027,696.0,244.0,64.94252873563218
0.5,14.0,28,2026901028,846.0,295.0,65.13002364066193
0.5,14.0,29,2026901029,667.0,246.0,63.1184407796102
0.5,14.0,30,2026901030,672.0,284.0,57.73809523809524
0.5,14.0,31,2026901031,1119.0,371.0,66.84539767649687
0.5,14.0,32,2026901032,1014.9999999999999,351.0,65.41871921182265
0.5,14.0,33,2026901033,516.0,258.0,50.0
0.5,14.0,34,2026901034,708.0,244.0,65.53672316384181
0.5,14.0,35,2026901035,797.9999999999999,291.0,63.533834586466156
0.5,14.0,36,2026901036,872.0,264.0,69.72477064220183
0.5,14.0,37,2026901037,757.0,309.0,59.18097754293263
0.5,14.0,38,2026901038,1084.0,378.0,65.12915129151291
0.5,14.0,39,2026901039,1281.0,434.0,66.12021857923497
0.5,14.0,40,2026901040,625.0,352.0,43.68
0.5,14.0,41,2026901041,1237.0,404.0,67.34033953112369
0.5,14.0,42,2026901042,663.0,302.0,54.44947209653092
0.5,14.0,43,2026901043,1040.0,383.0,63.17307692307692
0.5,14.0,44,2026901044,739.0,282.0,61.84032476319351
0.5,14.0,45,2026901045,655.0,214.0,67.32824427480917
0.5,14.0,46,2026901046,854.0000000000001,335.0,60.772833723653406
0.5,14.0,47,2026901047,1009.0,365.0,63.825569871159566
0.5,14.0,48,2026901048,1114.0,415.99999999999994,62.657091561938955
0.5,14.0,49,2026901049,669.0,290.0,56.65171898355755
0.5,14.0,50,2026901050,1020.0000000000001,307.0,69.90196078431373
0.5,14.0,51,2026901051,595.0,237.00000000000003,60.168067226890756
0.5,14.0,52,2026901052,635.0,291.0,54.173228346456696
0.5,14.0,53,2026901053,1093.0,413.99999999999994,62.12259835315645
0.5,14.0,54,2026901054,972.0,400.0,58.8477366255144
0.5,14.0,55,2026901055,868.0,342.0,60.59907834101382
0.5,14.0,56,2026901056,705.0,261.0,62.97872340425532
0.5,14.0,57,2026901057,810.9999999999999,276.0,65.9679408138101
0.5,14.0,58,2026901058,1287.0,509.0,60.45066045066045
0.5,14.0,59,2026901059,752.0,304.0,59.57446808510638
0.5,14.0,60,2026901060,889.0,309.0,65.24184476940383
0.5,14.0,61,2026901061,886.9999999999999,295.0,66.74182638105974
0.5,14.0,62,2026901062,700.0,293.0,58.142857142857146
0.5,14.0,63,2026901063,663.0,271.0,59.125188536953246
0.5,14.0,64,2026901064,992.0,430.99999999999994,56.55241935483871
0.5,14.0,65,2026901065,762.0,314.0,58.79265091863517
0.5,14.0,66,2026901066,615.0,255.00000000000003,58.53658536585366
0.5,14.0,67,2026901067,602.0,217.0,63.95348837209303
0.5,14.0,68,2026901068,844.9999999999999,340.0,59.763313609467446
0.5,14.0,69,2026901069,677.0,240.99999999999997,64.40177252584934
0.5,14.0,70,2026901070,769.0,255.00000000000003,66.84005201560468
0.5,14.0,71,2026901071,918.0000000000001,377.0,58.93246187363835
0.5,14.0,72,2026901072,639.0,240.99999999999997,62.284820031298906
0.5,14.0,73,2026901073,983.0,346.0,64.80162767039674
0.5,14.0,74,2026901074,987.0,301.0,69.50354609929079
0.5,14.0,75,2026901075,705.0,264.0,62.5531914893617
0.5,14.0,76,2026901076,1139.0,357.0,68.65671641791045
0.5,14.0,77,2026901077,727.0,301.0,58.59697386519945
0.5,14.0,78,2026901078,989.0,322.0,67.44186046511628
0.5,14.0,79,2026901079,1010.9999999999999,356.0,64.78733926805143
0.5,14.0,80,2026901080,823.0,294.0,64.27703523693803
0.5,14.0,81,2026901081,692.0,320.0,53.75722543352601
0.5,14.0,82,2026901082,1060.0,329.0,68.9622641509434
0.5,14.0,83,2026901083,955.0,329.0,65.54973821989529
0.5,14.0,84,2026901084,622.0,224.99999999999997,63.82636655948553
0.5,14.0,85,2026901085,933.9999999999999,384.0,58.88650963597429
0.5,14.0,86,2026901086,854.0000000000001,345.0,59.60187353629978
0.5,14.0,87,2026901087,641.0,259.0,59.59438377535101
0.5,14.0,88,2026901088,680.0,264.0,61.1764705882353
0.5,14.0,89,2026901089,1073.0,437.0,59.27306616961789
0.5,14.0,90,2026901090,681.0,329.0,51.688693098384725
0.5,14.0,91,2026901091,963.9999999999999,398.99999999999994,58.609958506224075
0.5,14.0,92,2026901092,620.0,321.0,48.225806451612904
0.5,14.0,93,2026901093,978.0,308.0,68.50715746421268
0.5,14.0,94,2026901094,1022.0,354.0,65.36203522504893
0.5,14.0,95,2026901095,724.0,297.0,58.97790055248619
0.5,14.0,96,2026901096,609.0,219.0,64.03940886699507
0.5,14.0,97,2026901097,601.0,299.0,50.249584026622294
0.5,14.0,98,2026901098,730.0,248.0,66.02739726027397
0.5,14.0,99,2026901099,877.0,315.0,64.08209806157355
0.4,14.0,0,2026901000,958.0,481.0,49.791231732776616
0.4,14.0,1,2026901001,808.0,310.0,61.633663366336634
0.4,14.0,2,2026901002,744.0,309.0,58.46774193548387
0.4,14.0,3,2026901003,610.0,313.0,48.68852459016394
0.4,14.0,4,2026901004,668.0,297.0,55.538922155688624
0.4,14.0,5,2026901005,865.0,349.0,59.653179190751445
0.4,14.0,6,2026901006,598.0,255.00000000000003,57.357859531772576
0.4,14.0,7,2026901007,931.0,420.0,54.88721804511278
0.4,14.0,8,2026901008,679.0,348.0,48.748159057437405
0.4,14.0,9,2026901009,1138.0,479.0,57.90861159929701
0.4,14.0,10,2026901010,899.9999999999999,430.99999999999994,52.11111111111111
0.4,14.0,11,2026901011,652.0,317.0,51.38036809815951
0.4,14.0,12,2026901012,991.0,385.0,61.15035317860747
0.4,14.0,13,2026901013,901.0000000000001,369.0,59.04550499445062
0.4,14.0,14,2026901014,814.0,423.0,48.03439803439804
0.4,14.0,15,2026901015,827.0,348.0,57.92019347037485
0.4,14.0,16,2026901016,764.0,357.0,53.27225130890052
0.4,14.0,17,2026901017,536.0,249.0,53.54477611940298
0.4,14.0,18,2026901018,933.9999999999999,368.0,60.59957173447537
0.4,14.0,19,2026901019,823.0,376.0,54.3134872417983
0.4,14.0,20,2026901020,650.0,239.99999999999997,63.07692307692308
0.4,14.0,21,2026901021,564.0,290.0,48.58156028368794
0.4,14.0,22,2026901022,801.9999999999999,321.0,59.975062344139644
0.4,14.0,23,2026901023,875.0000000000001,364.0,58.400000000000006
0.4,14.0,24,2026901024,843.0,334.0,60.37959667852906
0.4,14.0,25,2026901025,791.0,410.00000000000006,48.16687737041718
0.4,14.0,26,2026901026,894.0,391.0,56.26398210290828
0.4,14.0,27,2026901027,696.0,342.0,50.86206896551724
0.4,14.0,28,2026901028,846.0,361.0,57.328605200945624
0.4,14.0,29,2026901029,667.0,294.0,55.92203898050975
0.4,14.0,30,2026901030,672.0,328.0,51.19047619047619
0.4,14.0,31,2026901031,1119.0,522.0,53.35120643431635
0.4,14.0,32,2026901032,1014.9999999999999,446.00000000000006,56.0591133004926
0.4,14.0,33,2026901033,516.0,304.0,41.08527131782946
0.4,14.0,34,2026901034,708.0,290.0,59.03954802259887
0.4,14.0,35,2026901035,797.9999999999999,351.0,56.01503759398495
0.4,14.0,36,2026901036,872.0,347.0,60.206422018348626
0.4,14.0,37,2026901037,757.0,286.0,62.219286657859975
0.4,14.0,38,2026901038,1084.0,441.0,59.31734317343174
0.4,14.0,39,2026901039,1281.0,495.00000000000006,61.35831381733021
0.4,14.0,40,2026901040,625.0,342.0,45.28
0.4,14.0,41,2026901041,1237.0,513.0,58.52869846402587
0.4,14.0,42,2026901042,663.0,380.0,42.68476621417798
0.4,14.0,43,2026901043,1040.0,466.99999999999994,55.09615384615385
0.4,14.0,44,2026901044,739.0,358.0,51.55615696887686
0.4,14.0,45,2026901045,655.0,258.0,60.61068702290076
0.4,14.0,46,2026901046,854.0000000000001,329.0,61.47540983606558
0.4,14.0,47,2026901047,1009.0,355.0,64.81665014866203
0.4,14.0,48,2026901048,1114.0,511.0,54.129263913824055
0.4,14.0,49,2026901049,669.0,300.0,55.15695067264574
0.4,14.0,50,2026901050,1020.0000000000001,400.0,60.7843137254902
0.4,14.0,51,2026901051,595.0,267.0,55.12605042016807
0.4,14.0,52,2026901052,635.0,403.0,36.53543307086614
0.4,14.0,53,2026901053,1093.0,436.0,60.10978956999085
0.4,14.0,54,2026901054,972.0,457.0,52.983539094650205
0.4,14.0,55,2026901055,868.0,396.0,54.3778801843318
0.4,14.0,56,2026901056,705.0,311.0,55.88652482269504
0.4,14.0,57,2026901057,810.9999999999999,390.0,51.91122071516645
0.4,14.0,58,2026901058,1287.0,550.0,57.26495726495727
0.4,14.0,59,2026901059,752.0,419.0,44.28191489361702
0.4,14.0,60,2026901060,889.0,332.0,62.65466816647919
0.4,14.0,61,2026901061,886.9999999999999,440.0,50.394588500563685
0.4,14.0,62,2026901062,700.0,335.0,52.142857142857146
0.4,14.0,63,2026901063,663.0,346.0,47.81297134238311
0.4,14.0,64,2026901064,992.0,483.99999999999994,51.20967741935485
0.4,14.0,65,2026901065,762.0,360.0,52.75590551181102
0.4,14.0,66,2026901066,615.0,240.99999999999997,60.8130081300813
0.4,14.0,67,2026901067,602.0,220.0,63.45514950166113
0.4,14.0,68,2026901068,844.9999999999999,360.0,57.396449704142
0.4,14.0,69,2026901069,677.0,336.0,50.369276218611525
0.4,14.0,70,2026901070,769.0,264.0,65.66970091027308
0.4,14.0,71,2026901071,918.0000000000001,404.0,55.99128540305012
0.4,14.0,72,2026901072,639.0,296.0,53.677621283255085
0.4,14.0,73,2026901073,983.0,379.0,61.444557477110884
0.4,14.0,74,2026901074,987.0,413.0,58.156028368794324
0.4,14.0,75,2026901075,705.0,320.0,54.60992907801418
0.4,14.0,76,2026901076,1139.0,396.99999999999994,65.14486391571555
0.4,14.0,77,2026901077,727.0,334.0,54.05777166437414
0.4,14.0,78,2026901078,989.0,359.0,63.70070778564206
0.4,14.0,79,2026901079,1010.9999999999999,438.0,56.67655786350148
0.4,14.0,80,2026901080,823.0,312.0,62.08991494532199
0.4,14.0,81,2026901081,692.0,413.99999999999994,40.173410404624285
0.4,14.0,82,2026901082,1060.0,389.0,63.301886792452834
0.4,14.0,83,2026901083,955.0,356.0,62.72251308900523
0.4,14.0,84,2026901084,622.0,232.0,62.70096463022508
0.4,14.0,85,2026901085,933.9999999999999,388.0,58.458244111349025
0.4,14.0,86,2026901086,854.0000000000001,413.0,51.63934426229509
0.4,14.0,87,2026901087,641.0,319.0,50.234009360374415
0.4,14.0,88,2026901088,680.0,313.0,53.970588235294116
0.4,14.0,89,2026901089,1073.0,490.0,54.333643988816405
0.4,14.0,90,2026901090,681.0,335.0,50.80763582966226
0.4,14.0,91,2026901091,963.9999999999999,498.0,48.34024896265559
0.4,14.0,92,2026901092,620.0,321.0,48.225806451612904
0.4,14.0,93,2026901093,978.0,377.0,61.4519427402863
0.4,14.0,94,2026901094,1022.0,447.0,56.262230919765166
0.4,14.0,95,2026901095,724.0,369.0,49.033149171270715
0.4,14.0,96,2026901096,609.0,206.00000000000003,66.17405582922824
0.4,14.0,97,2026901097,601.0,304.0,49.417637271214645
0.4,14.0,98,2026901098,730.0,292.0,60.0
0.4,14.0,99,2026901099,877.0,413.99999999999994,52.793614595210954
0.30000000000000004,14.0,0,2026901000,958.0,566.0,40.91858037578288
0.30000000000000004,14.0,1,2026901001,808.0,376.0,53.46534653465346
0.30000000000000004,14.0,2,2026901002,744.0,454.0,38.97849462365591
0.30000000000000004,14.0,3,2026901003,610.0,394.0,35.40983606557377
0.30000000000000004,14.0,4,2026901004,668.0,329.0,50.74850299401198
0.30000000000000004,14.0,5,2026901005,865.0,365.0,57.80346820809248
0.30000000000000004,14.0,6,2026901006,598.0,327.0,45.31772575250836
0.30000000000000004,14.0,7,2026901007,931.0,503.0,45.97207303974221
0.30000000000000004,14.0,8,2026901008,679.0,453.0,33.284241531664215
0.30000000000000004,14.0,9,2026901009,1138.0,597.0,47.53954305799648
0.30000000000000004,14.0,10,2026901010,899.9999999999999,551.0,38.777777777777764
0.30000000000000004,14.0,11,2026901011,652.0,328.0,49.693251533742334
0.30000000000000004,14.0,12,2026901012,991.0,485.0,51.059535822401614
0.30000000000000004,14.0,13,2026901013,901.0000000000001,478.00000000000006,46.94783573806882
0.30000000000000004,14.0,14,2026901014,814.0,537.0,34.02948402948403
0.30000000000000004,14.0,15,2026901015,827.0,407.0,50.78597339782346
0.30000000000000004,14.0,16,2026901016,764.0,437.0,42.80104712041885
0.30000000000000004,14.0,17,2026901017,536.0,255.00000000000003,52.42537313432836
0.30000000000000004,14.0,18,2026901018,933.9999999999999,483.99999999999994,48.17987152034261
0.30000000000000004,14.0,19,2026901019,823.0,474.00000000000006,42.405832320777634
0.30000000000000004,14.0,20,2026901020,650.0,264.0,59.38461538461539
0.30000000000000004,14.0,21,2026901021,564.0,393.00000000000006,30.3191489361702
0.30000000000000004,14.0,22,2026901022,801.9999999999999,436.0,45.63591022443889
0.30000000000000004,14.0,23,2026901023,875.0000000000001,429.00000000000006,50.971428571428575
0.30000000000000004,14.0,24,2026901024,843.0,455.0,46.02609727164887
0.30000000000000004,14.0,25,2026901025,791.0,381.0,51.8331226295828
0.30000000000000004,14.0,26,2026901026,894.0,379.0,57.60626398210291
0.30000000000000004,14.0,27,2026901027,696.0,349.0,49.85632183908046
0.30000000000000004,14.0,28,2026901028,846.0,420.0,50.354609929078016
0.30000000000000004,14.0,29,2026901029,667.0,365.0,45.27736131934033
0.30000000000000004,14.0,30,2026901030,672.0,432.0,35.714285714285715
0.30000000000000004,14.0,31,2026901031,1119.0,657.0,41.28686327077748
0.30000000000000004,14.0,32,2026901032,1014.9999999999999,487.0,52.01970443349753
0.30000000000000004,14.0,33,2026901033,516.0,363.0,29.651162790697676
0.30000000000000004,14.0,34,2026901034,708.0,375.0,47.03389830508475
0.30000000000000004,14.0,35,2026901035,797.9999999999999,353.0,55.76441102756891
0.30000000000000004,14.0,36,2026901036,872.0,449.0,48.50917431192661
0.30000000000000004,14.0,37,2026901037,757.0,346.0,54.29326287978864
0.30000000000000004,14.0,38,2026901038,1084.0,566.0,47.7859778597786
0.30000000000000004,14.0,39,2026901039,1281.0,617.0,51.83450429352069
0.30000000000000004,14.0,40,2026901040,625.0,410.00000000000006,34.39999999999999
0.30000000000000004,14.0,41,2026901041,1237.0,599.0,51.57639450282942
0.30000000000000004,14.0,42,2026901042,663.0,405.0,38.914027149321264
0.30000000000000004,14.0,43,2026901043,1040.0,576.0,44.61538461538461
0.30000000000000004,14.0,44,2026901044,739.0,434.0,41.27198917456022
0.30000000000000004,14.0,45,2026901045,655.0,284.0,56.6412213740458
0.30000000000000004,14.0,46,2026901046,854.0000000000001,458.0,46.37002341920376
0.30000000000000004,14.0,47,2026901047,1009.0,572.0,43.31020812685828
0.30000000000000004,14.0,48,2026901048,1114.0,581.0,47.84560143626571
0.30000000000000004,14.0,49,2026901049,669.0,355.0,46.93572496263079
0.30000000000000004,14.0,50,2026901050,1020.0000000000001,491.00000000000006,51.86274509803921
0.30000000000000004,14.0,51,2026901051,595.0,378.0,36.470588235294116
0.30000000000000004,14.0,52,2026901052,635.0,376.0,40.78740157480315
0.30000000000000004,14.0,53,2026901053,1093.0,597.0,45.37968892955169
0.30000000000000004,14.0,54,2026901054,972.0,616.0,36.62551440329218
0.30000000000000004,14.0,55,2026901055,868.0,479.0,44.815668202764975
0.30000000000000004,14.0,56,2026901056,705.0,408.00000000000006,42.127659574468076
0.30000000000000004,14.0,57,2026901057,810.9999999999999,432.99999999999994,46.60912453760789
0.30000000000000004,14.0,58,2026901058,1287.0,728.0,43.43434343434343
0.30000000000000004,14.0,59,2026901059,752.0,556.0,26.06382978723404
0.30000000000000004,14.0,60,2026901060,889.0,434.99999999999994,51.06861642294714
0.30000000000000004,14.0,61,2026901061,886.9999999999999,518.0,41.6009019165727
0.30000000000000004,14.0,62,2026901062,700.0,471.0,32.714285714285715
0.30000000000000004,14.0,63,2026901063,663.0,405.0,38.914027149321264
0.30000000000000004,14.0,64,2026901064,992.0,574.0,42.13709677419355
0.30000000000000004,14.0,65,2026901065,762.0,365.0,52.0997375328084
0.30000000000000004,14.0,66,2026901066,615.0,342.0,44.390243902439025
0.30000000000000004,14.0,67,2026901067,602.0,294.0,51.16279069767442
0.30000000000000004,14.0,68,2026901068,844.9999999999999,462.99999999999994,45.20710059171597
0.30000000000000004,14.0,69,2026901069,677.0,320.0,52.732644017725256
0.30000000000000004,14.0,70,2026901070,769.0,417.99999999999994,45.64369310793239
0.30000000000000004,14.0,71,2026901071,918.0000000000001,461.00000000000006,49.78213507625272
0.30000000000000004,14.0,72,2026901072,639.0,427.00000000000006,33.17683881064162
0.30000000000000004,14.0,73,2026901073,983.0,454.0,53.81485249237029
0.30000000000000004,14.0,74,2026901074,987.0,462.99999999999994,53.09017223910841
0.30000000000000004,14.0,75,2026901075,705.0,289.0,59.00709219858156
0.30000000000000004,14.0,76,2026901076,1139.0,481.0,57.769973661106235
0.30000000000000004,14.0,77,2026901077,727.0,423.0,41.81568088033012
0.30000000000000004,14.0,78,2026901078,989.0,535.0,45.90495449949444
0.30000000000000004,14.0,79,2026901079,1010.9999999999999,514.0,49.159248269040546
0.30000000000000004,14.0,80,2026901080,823.0,310.0,62.33292831105711
0.30000000000000004,14.0,81,2026901081,692.0,400.99999999999994,42.05202312138729
0.30000000000000004,14.0,82,2026901082,1060.0,496.99999999999994,53.113207547169814
0.30000000000000004,14.0,83,2026901083,955.0,417.99999999999994,56.230366492146594
0.30000000000000004,14.0,84,2026901084,622.0,282.0,54.662379421221864
0.30000000000000004,14.0,85,2026901085,933.9999999999999,509.0,45.50321199143468
0.30000000000000004,14.0,86,2026901086,854.0000000000001,524.0,38.6416861826698
0.30000000000000004,14.0,87,2026901087,641.0,400.0,37.597503900156006
0.30000000000000004,14.0,88,2026901088,680.0,481.0,29.264705882352942
0.30000000000000004,14.0,89,2026901089,1073.0,647.0,39.70177073625349
0.30000000000000004,14.0,90,2026901090,681.0,407.0,40.23494860499266
0.30000000000000004,14.0,91,2026901091,963.9999999999999,585.0,39.31535269709543
0.30000000000000004,14.0,92,2026901092,620.0,445.0,28.225806451612904
0.30000000000000004,14.0,93,2026901093,978.0,434.0,55.623721881390594
0.30000000000000004,14.0,94,2026901094,1022.0,522.0,48.923679060665364
0.30000000000000004,14.0,95,2026901095,724.0,430.0,40.607734806629836
0.30000000000000004,14.0,96,2026901096,609.0,322.0,47.12643678160919
0.30000000000000004,14.0,97,2026901097,601.0,374.0,37.770382695507486
0.30000000000000004,14.0,98,2026901098,730.0,307.0,57.945205479452056
0.30000000000000004,14.0,99,2026901099,877.0,398.99999999999994,54.50399087799317
0.2,14.0,0,2026901000,958.0,638.0,33.40292275574113
0.2,14.0,1,2026901001,808.0,440.0,45.54455445544554
0.2,14.0,2,2026901002,744.0,564.0,24.193548387096776
0.2,14.0,3,2026901003,610.0,404.0,33.77049180327869
0.2,14.0,4,2026901004,668.0,424.0,36.52694610778443
0.2,14.0,5,2026901005,865.0,455.0,47.39884393063584
0.2,14.0,6,2026901006,598.0,332.0,44.48160535117057
0.2,14.0,7,2026901007,931.0,612.0,34.26423200859291
0.2,14.0,8,2026901008,679.0,630.0,7.216494845360825
0.2,14.0,9,2026901009,1138.0,567.0,50.17574692442882
0.2,14.0,10,2026901010,899.9999999999999,630.0,29.999999999999993
0.2,14.0,11,2026901011,652.0,488.0,25.153374233128833
0.2,14.0,12,2026901012,991.0,760.0,23.309788092835518
0.2,14.0,13,2026901013,901.0000000000001,594.0,34.073251942286355
0.2,14.0,14,2026901014,814.0,575.0,29.36117936117936
0.2,14.0,15,2026901015,827.0,469.0,43.288996372430475
0.2,14.0,16,2026901016,764.0,607.0,20.54973821989529
0.2,14.0,17,2026901017,536.0,319.0,40.485074626865675
0.2,14.0,18,2026901018,933.9999999999999,504.0,46.038543897216265
0.2,14.0,19,2026901019,823.0,588.0,28.554070473876063
0.2,14.0,20,2026901020,650.0,338.0,48.0
0.2,14.0,21,2026901021,564.0,478.00000000000006,15.248226950354601
0.2,14.0,22,2026901022,801.9999999999999,495.00000000000006,38.27930174563589
0.2,14.0,23,2026901023,875.0000000000001,577.0,34.057142857142864
0.2,14.0,24,2026901024,843.0,481.0,42.94187425860024
0.2,14.0,25,2026901025,791.0,590.0,25.410872313527182
0.2,14.0,26,2026901026,894.0,533.0,40.380313199105146
0.2,14.0,27,2026901027,696.0,511.0,26.580459770114942
0.2,14.0,28,2026901028,846.0,508.00000000000006,39.95271867612292
0.2,14.0,29,2026901029,667.0,385.0,42.27886056971514
0.2,14.0,30,2026901030,672.0,478.00000000000006,28.86904761904761
0.2,14.0,31,2026901031,1119.0,737.0,34.13762287756926
0.2,14.0,32,2026901032,1014.9999999999999,709.0,30.14778325123152
0.2,14.0,33,2026901033,516.0,384.0,25.58139534883721
0.2,14.0,34,2026901034,708.0,466.0,34.18079096045198
0.2,14.0,35,2026901035,797.9999999999999,568.0,28.8220551378446
0.2,14.0,36,2026901036,872.0,384.0,55.96330275229358
0.2,14.0,37,2026901037,757.0,382.0,49.53764861294584
0.2,14.0,38,2026901038,1084.0,546.0,49.6309963099631
0.2,14.0,39,2026901039,1281.0,740.0,42.232630757220925
0.2,14.0,40,2026901040,625.0,457.0,26.88
0.2,14.0,41,2026901041,1237.0,706.0,42.92643492320129
0.2,14.0,42,2026901042,663.0,574.0,13.423831070889895
0.2,14.0,43,2026901043,1040.0,636.0,38.84615384615385
0.2,14.0,44,2026901044,739.0,479.0,35.182679296346414
0.2,14.0,45,2026901045,655.0,469.0,28.396946564885496
0.2,14.0,46,2026901046,854.0000000000001,664.0,22.24824355971898
0.2,14.0,47,2026901047,1009.0,577.0,42.81466798810704
0.2,14.0,48,2026901048,1114.0,735.0,34.021543985637344
0.2,14.0,49,2026901049,669.0,485.0,27.50373692077728
0.2,14.0,50,2026901050,1020.0000000000001,593.0,41.86274509803923
0.2,14.0,51,2026901051,595.0,376.0,36.80672268907563
0.2,14.0,52,2026901052,635.0,515.0,18.89763779527559
0.2,14.0,53,2026901053,1093.0,613.0,43.91582799634035
0.2,14.0,54,2026901054,972.0,562.0,42.181069958847736
0.2,14.0,55,2026901055,868.0,598.0,31.10599078341014
0.2,14.0,56,2026901056,705.0,462.0,34.46808510638298
0.2,14.0,57,2026901057,810.9999999999999,504.0,37.854500616522806
0.2,14.0,58,2026901058,1287.0,875.0000000000001,32.012432012432
0.2,14.0,59,2026901059,752.0,535.0,28.856382978723403
0.2,14.0,60,2026901060,889.0,583.0,34.420697412823394
0.2,14.0,61,2026901061,886.9999999999999,560.0,36.86583990980834
0.2,14.0,62,2026901062,700.0,509.0,27.285714285714285
0.2,14.0,63,2026901063,663.0,466.99999999999994,29.562594268476634
0.2,14.0,64,2026901064,992.0,722.0,27.217741935483872
0.2,14.0,65,2026901065,762.0,458.0,39.89501312335958
0.2,14.0,66,2026901066,615.0,370.0,39.83739837398374
0.2,14.0,67,2026901067,602.0,446.00000000000006,25.913621262458463
0.2,14.0,68,2026901068,844.9999999999999,554.0,34.4378698224852
0.2,14.0,69,2026901069,677.0,550.0,18.75923190546529
0.2,14.0,70,2026901070,769.0,430.0,44.083224967490246
0.2,14.0,71,2026901071,918.0000000000001,524.0,42.919389978213516
0.2,14.0,72,2026901072,639.0,466.0,27.073552425665103
0.2,14.0,73,2026901073,983.0,689.0,29.908443540183114
0.2,14.0,74,2026901074,987.0,551.0,44.17426545086119
0.2,14.0,75,2026901075,705.0,417.0,40.851063829787236
0.2,14.0,76,2026901076,1139.0,689.0,39.50834064969271
0.2,14.0,77,2026901077,727.0,442.00000000000006,39.20220082530948
0.2,14.0,78,2026901078,989.0,568.0,42.56825075834176
0.2,14.0,79,2026901079,1010.9999999999999,525.0,48.07121661721067
0.2,14.0,80,2026901080,823.0,483.99999999999994,41.190765492102074
0.2,14.0,81,2026901081,692.0,561.0,18.930635838150287
0.2,14.0,82,2026901082,1060.0,634.0,40.18867924528302
0.2,14.0,83,2026901083,955.0,527.0,44.81675392670157
0.2,14.0,84,2026901084,622.0,371.0,40.353697749196144
0.2,14.0,85,2026901085,933.9999999999999,516.0,44.75374732334046
0.2,14.0,86,2026901086,854.0000000000001,547.0,35.94847775175645
0.2,14.0,87,2026901087,641.0,466.99999999999994,27.14508580343215
0.2,14.0,88,2026901088,680.0,421.0,38.088235294117645
0.2,14.0,89,2026901089,1073.0,834.0,22.273998136067103
0.2,14.0,90,2026901090,681.0,554.0,18.649045521292216
0.2,14.0,91,2026901091,963.9999999999999,711.0,26.24481327800829
0.2,14.0,92,2026901092,620.0,468.0,24.516129032258064
0.2,14.0,93,2026901093,978.0,556.0,43.149284253578735
0.2,14.0,94,2026901094,1022.0,714.0,30.136986301369863
0.2,14.0,95,2026901095,724.0,500.0,30.939226519337016
0.2,14.0,96,2026901096,609.0,385.0,36.7816091954023
0.2,14.0,97,2026901097,601.0,491.00000000000006,18.302828618968377
0.2,14.0,98,2026901098,730.0,392.0,46.3013698630137
0.2,14.0,99,2026901099,877.0,559.0,36.259977194982895
0.1,14.0,0,2026901000,958.0,829.0,13.465553235908143
0.1,14.0,1,2026901001,808.0,736.0,8.910891089108912
0.1,14.0,2,2026901002,744.0,665.0,10.618279569892474
0.1,14.0,3,2026901003,610.0,733.0,-20.16393442622951
0.1,14.0,4,2026901004,668.0,559.0,16.317365269461078
0.1,14.0,5,2026901005,865.0,667.0,22.890173410404625
0.1,14.0,6,2026901006,598.0,479.99999999999994,19.732441471571917
0.1,14.0,7,2026901007,931.0,718.0,22.878625134264233
0.1,14.0,8,2026901008,679.0,633.0,6.774668630338733
0.1,14.0,9,2026901009,1138.0,719.0,36.81898066783831
0.1,14.0,10,2026901010,899.9999999999999,668.0,25.777777777777768
0.1,14.0,11,2026901011,652.0,653.0,-0.15337423312883436
0.1,14.0,12,2026901012,991.0,796.0,19.677093844601412
0.1,14.0,13,2026901013,901.0000000000001,703.0,21.97558268590456
0.1,14.0,14,2026901014,814.0,844.0,-3.6855036855036856
0.1,14.0,15,2026901015,827.0,667.0,19.347037484885128
0.1,14.0,16,2026901016,764.0,681.0,10.863874345549739
0.1,14.0,17,2026901017,536.0,453.0,15.485074626865671
0.1,14.0,18,2026901018,933.9999999999999,667.0,28.586723768736608
0.1,14.0,19,2026901019,823.0,673.0,18.226002430133658
0.1,14.0,20,2026901020,650.0,458.0,29.53846153846154
0.1,14.0,21,2026901021,564.0,466.99999999999994,17.1985815602837
0.1,14.0,22,2026901022,801.9999999999999,579.0,27.805486284289266
0.1,14.0,23,2026901023,875.0000000000001,550.0,37.14285714285715
0.1,14.0,24,2026901024,843.0,639.0,24.199288256227756
0.1,14.0,25,2026901025,791.0,674.0,14.791403286978507
0.1,14.0,26,2026901026,894.0,632.0,29.30648769574944
0.1,14.0,27,2026901027,696.0,504.0,27.586206896551722
0.1,14.0,28,2026901028,846.0,657.0,22.340425531914892
0.1,14.0,29,2026901029,667.0,578.0,13.343328335832084
0.1,14.0,30,2026901030,672.0,519.0,22.767857142857142
0.1,14.0,31,2026901031,1119.0,803.0000000000001,28.239499553172465
0.1,14.0,32,2026901032,1014.9999999999999,916.0,9.75369458128078
0.1,14.0,33,2026901033,516.0,488.0,5.426356589147287
0.1,14.0,34,2026901034,708.0,601.0,15.112994350282486
0.1,14.0,35,2026901035,797.9999999999999,636.0,20.300751879699238
0.1,14.0,36,2026901036,872.0,537.0,38.41743119266055
0.1,14.0,37,2026901037,757.0,600.0,20.739762219286657
0.1,14.0,38,2026901038,1084.0,729.0,32.74907749077491
0.1,14.0,39,2026901039,1281.0,1001.9999999999999,21.779859484777525
0.1,14.0,40,2026901040,625.0,579.0,7.36
0.1,14.0,41,2026901041,1237.0,983.0,20.53354890864996
0.1,14.0,42,2026901042,663.0,725.0,-9.351432880844646
0.1,14.0,43,2026901043,1040.0,888.0000000000001,14.615384615384604
0.1,14.0,44,2026901044,739.0,540.0,26.92828146143437
0.1,14.0,45,2026901045,655.0,364.0,44.42748091603053
0.1,14.0,46,2026901046,854.0000000000001,737.0,13.700234192037481
0.1,14.0,47,2026901047,1009.0,799.0000000000001,20.81268582755202
0.1,14.0,48,2026901048,1114.0,921.0,17.32495511669659
0.1,14.0,49,2026901049,669.0,573.0,14.349775784753364
0.1,14.0,50,2026901050,1020.0000000000001,801.9999999999999,21.372549019607863
0.1,14.0,51,2026901051,595.0,344.0,42.18487394957983
0.1,14.0,52,2026901052,635.0,658.0,-3.622047244094488
0.1,14.0,53,2026901053,1093.0,852.9999999999999,21.957913998170184
0.1,14.0,54,2026901054,972.0,1009.0,-3.8065843621399176
0.1,14.0,55,2026901055,868.0,672.0,22.580645161290324
0.1,14.0,56,2026901056,705.0,596.0,15.460992907801419
0.1,14.0,57,2026901057,810.9999999999999,548.0,32.42909987669543
0.1,14.0,58,2026901058,1287.0,1009.0,21.6006216006216
0.1,14.0,59,2026901059,752.0,574.0,23.670212765957448
0.1,14.0,60,2026901060,889.0,717.0,19.34758155230596
0.1,14.0,61,2026901061,886.9999999999999,719.0,18.940248027057486
0.1,14.0,62,2026901062,700.0,674.0,3.7142857142857144
0.1,14.0,63,2026901063,663.0,645.0,2.7149321266968327
0.1,14.0,64,2026901064,992.0,1004.0,-1.2096774193548387
0.1,14.0,65,2026901065,762.0,631.0,17.191601049868765
0.1,14.0,66,2026901066,615.0,569.0,7.479674796747967
0.1,14.0,67,2026901067,602.0,522.0,13.289036544850498
0.1,14.0,68,2026901068,844.9999999999999,699.0,17.27810650887573
0.1,14.0,69,2026901069,677.0,496.99999999999994,26.587887740029554
0.1,14.0,70,2026901070,769.0,692.0,10.01300390117035
0.1,14.0,71,2026901071,918.0000000000001,756.0,17.64705882352942
0.1,14.0,72,2026901072,639.0,568.0,11.11111111111111
0.1,14.0,73,2026901073,983.0,735.0,25.228891149542218
0.1,14.0,74,2026901074,987.0,733.0,25.734549138804457
0.1,14.0,75,2026901075,705.0,589.0,16.45390070921986
0.1,14.0,76,2026901076,1139.0,723.0,36.523266022827045
0.1,14.0,77,2026901077,727.0,653.0,10.178817056396149
0.1,14.0,78,2026901078,989.0,762.0,22.95247724974722
0.1,14.0,79,2026901079,1010.9999999999999,706.0,30.168150346191883
0.1,14.0,80,2026901080,823.0,698.0,15.188335358444714
0.1,14.0,81,2026901081,692.0,616.0,10.982658959537572
0.1,14.0,82,2026901082,1060.0,889.0,16.132075471698112
0.1,14.0,83,2026901083,955.0,637.0,33.29842931937173
0.1,14.0,84,2026901084,622.0,471.0,24.276527331189712
0.1,14.0,85,2026901085,933.9999999999999,787.0,15.738758029978577
0.1,14.0,86,2026901086,854.0000000000001,744.0,12.880562060889941
0.1,14.0,87,2026901087,641.0,624.0,2.65210608424337
0.1,14.0,88,2026901088,680.0,639.0,6.029411764705882
0.1,14.0,89,2026901089,1073.0,899.0,16.216216216216218
0.1,14.0,90,2026901090,681.0,541.0,20.558002936857562
0.1,14.0,91,2026901091,963.9999999999999,763.0,20.850622406638994
0.1,14.0,92,2026901092,620.0,516.0,16.774193548387096
0.1,14.0,93,2026901093,978.0,739.0,24.437627811860942
0.1,14.0,94,2026901094,1022.0,745.0,27.10371819960861
0.1,14.0,95,2026901095,724.0,667.0,7.87292817679558
0.1,14.0,96,2026901096,609.0,462.99999999999994,23.973727422003293
0.1,14.0,97,2026901097,601.0,602.0,-0.16638935108153077
0.1,14.0,98,2026901098,730.0,479.0,34.38356164383562
0.1,14.0,99,2026901099,877.0,644.0,26.567844925883694
0.6,14.0,0,2026901000,958.0,316.0,67.01461377870564
0.6,14.0,1,2026901001,808.0,216.0,73.26732673267327
0.6,14.0,2,2026901002,744.0,240.99999999999997,67.60752688172043
0.6,14.0,3,2026901003,610.0,254.00000000000003,58.36065573770492
0.6,14.0,4,2026901004,668.0,192.0,71.25748502994011
0.6,14.0,5,2026901005,865.0,239.99999999999997,72.25433526011561
0.6,14.0,6,2026901006,598.0,183.0,69.39799331103679
0.6,14.0,7,2026901007,931.0,267.0,71.32116004296455
0.6,14.0,8,2026901008,679.0,228.0,66.42120765832107
0.6,14.0,9,2026901009,1138.0,319.0,71.96836555360281
0.6,14.0,10,2026901010,899.9999999999999,324.0,63.99999999999999
0.6,14.0,11,2026901011,652.0,238.00000000000003,63.49693251533742
0.6,14.0,12,2026901012,991.0,310.0,68.71846619576186
0.6,14.0,13,2026901013,901.0000000000001,263.0,70.81021087680355
0.6,14.0,14,2026901014,814.0,333.0,59.09090909090909
0.6,14.0,15,2026901015,827.0,269.0,67.47279322853689
0.6,14.0,16,2026901016,764.0,334.0,56.282722513089006
0.6,14.0,17,2026901017,536.0,166.0,69.02985074626865
0.6,14.0,18,2026901018,933.9999999999999,255.00000000000003,72.69807280513918
0.6,14.0,19,2026901019,823.0,285.0,65.37059538274605
0.6,14.0,20,2026901020,650.0,133.0,79.53846153846153
0.6,14.0,21,2026901021,564.0,205.00000000000003,63.652482269503544
0.6,14.0,22,2026901022,801.9999999999999,257.0,67.95511221945137
0.6,14.0,23,2026901023,875.0000000000001,312.0,64.34285714285716
0.6,14.0,24,2026901024,843.0,274.0,67.49703440094899
0.6,14.0,25,2026901025,791.0,252.0,68.14159292035399
0.6,14.0,26,2026901026,894.0,307.0,65.6599552572707
0.6,14.0,27,2026901027,696.0,210.0,69.82758620689656
0.6,14.0,28,2026901028,846.0,263.0,68.91252955082743
0.6,14.0,29,2026901029,667.0,205.00000000000003,69.26536731634182
0.6,14.0,30,2026901030,672.0,195.0,70.98214285714286
0.6,14.0,31,2026901031,1119.0,324.0,71.0455764075067
0.6,14.0,32,2026901032,1014.9999999999999,307.0,69.75369458128078
0.6,14.0,33,2026901033,516.0,206.99999999999997,59.883720930232556
0.6,14.0,34,2026901034,708.0,237.00000000000003,66.52542372881356
0.6,14.0,35,2026901035,797.9999999999999,244.0,69.4235588972431
0.6,14.0,36,2026901036,872.0,287.0,67.08715596330275
0.6,14.0,37,2026901037,757.0,236.0,68.82430647291942
0.6,14.0,38,2026901038,1084.0,309.0,71.49446494464945
0.6,14.0,39,2026901039,1281.0,393.00000000000006,69.3208430913349
0.6,14.0,40,2026901040,625.0,263.0,57.92
0.6,14.0,41,2026901041,1237.0,348.0,71.86742118027486
0.6,14.0,42,2026901042,663.0,284.0,57.164404223227756
0.6,14.0,43,2026901043,1040.0,351.0,66.25
0.6,14.0,44,2026901044,739.0,228.0,69.14749661705007
0.6,14.0,45,2026901045,655.0,179.0,72.67175572519083
0.6,14.0,46,2026901046,854.0000000000001,279.0,67.33021077283374
0.6,14.0,47,2026901047,1009.0,304.0,69.87115956392468
0.6,14.0,48,2026901048,1114.0,374.0,66.42728904847397
0.6,14.0,49,2026901049,669.0,223.00000000000003,66.66666666666667
0.6,14.0,50,2026901050,1020.0000000000001,297.0,70.88235294117648
0.6,14.0,51,2026901051,595.0,205.00000000000003,65.54621848739495
0.6,14.0,52,2026901052,635.0,239.99999999999997,62.20472440944882
0.6,14.0,53,2026901053,1093.0,335.0,69.35041171088747
0.6,14.0,54,2026901054,972.0,357.0,63.27160493827161
0.6,14.0,55,2026901055,868.0,289.0,66.70506912442396
0.6,14.0,56,2026901056,705.0,241.99999999999997,65.67375886524823
0.6,14.0,57,2026901057,810.9999999999999,254.00000000000003,68.6806411837238
0.6,14.0,58,2026901058,1287.0,389.0,69.77466977466977
0.6,14.0,59,2026901059,752.0,297.0,60.505319148936174
0.6,14.0,60,2026901060,889.0,253.0,71.54105736782903
0.6,14.0,61,2026901061,886.9999999999999,276.0,68.88387824126268
0.6,14.0,62,2026901062,700.0,252.0,64.0
0.6,14.0,63,2026901063,663.0,223.99999999999997,66.21417797888387
0.6,14.0,64,2026901064,992.0,357.0,64.01209677419355
0.6,14.0,65,2026901065,762.0,243.0,68.11023622047244
0.6,14.0,66,2026901066,615.0,188.0,69.4308943089431
0.6,14.0,67,2026901067,602.0,201.0,66.61129568106313
0.6,14.0,68,2026901068,844.9999999999999,268.0,68.28402366863905
0.6,14.0,69,2026901069,677.0,221.00000000000003,67.3559822747415
0.6,14.0,70,2026901070,769.0,227.0,70.48114434330299
0.6,14.0,71,2026901071,918.0000000000001,314.0,65.79520697167757
0.6,14.0,72,2026901072,639.0,232.0,63.69327073552426
0.6,14.0,73,2026901073,983.0,288.0,70.70193285859614
0.6,14.0,74,2026901074,987.0,275.0,72.13779128672746
0.6,14.0,75,2026901075,705.0,236.0,66.52482269503547
0.6,14.0,76,2026901076,1139.0,297.0,73.9244951712028
0.6,14.0,77,2026901077,727.0,237.00000000000003,67.4002751031637
0.6,14.0,78,2026901078,989.0,262.0,73.50859453993934
0.6,14.0,79,2026901079,1010.9999999999999,255.00000000000003,74.77744807121661
0.6,14.0,80,2026901080,823.0,227.0,72.4179829890644
0.6,14.0,81,2026901081,692.0,259.0,62.57225433526011
0.6,14.0,82,2026901082,1060.0,277.0,73.86792452830188
0.6,14.0,83,2026901083,955.0,305.0,68.06282722513089
0.6,14.0,84,2026901084,622.0,210.0,66.2379421221865
0.6,14.0,85,2026901085,933.9999999999999,348.0,62.740899357601705
0.6,14.0,86,2026901086,854.0000000000001,344.0,59.71896955503514
0.6,14.0,87,2026901087,641.0,245.0,61.77847113884555
0.6,14.0,88,2026901088,680.0,223.99999999999997,67.05882352941177
0.6,14.0,89,2026901089,1073.0,408.00000000000006,61.97576887232059
0.6,14.0,90,2026901090,681.0,279.0,59.030837004405285
0.6,14.0,91,2026901091,963.9999999999999,305.0,68.3609958506224
0.6,14.0,92,2026901092,620.0,250.0,59.67741935483871
0.6,14.0,93,2026901093,978.0,240.99999999999997,75.35787321063394
0.6,14.0,94,2026901094,1022.0,327.0,68.00391389432485
0.6,14.0,95,2026901095,724.0,287.0,60.35911602209945
0.6,14.0,96,2026901096,609.0,191.0,68.63711001642037
0.6,14.0,97,2026901097,601.0,239.00000000000003,60.232945091514146
0.6,14.0,98,2026901098,730.0,202.0,72.32876712328768
0.6,14.0,99,2026901099,877.0,300.0,65.79247434435575
0.7000000000000001,14.0,0,2026901000,958.0,280.0,70.77244258872652
0.7000000000000001,14.0,1,2026901001,808.0,216.0,73.26732673267327
0.7000000000000001,14.0,2,2026901002,744.0,204.00000000000003,72.58064516129032
0.7000000000000001,14.0,3,2026901003,610.0,208.99999999999997,65.73770491803279
0.7000000000000001,14.0,4,2026901004,668.0,172.0,74.25149700598803
0.7000000000000001,14.0,5,2026901005,865.0,206.99999999999997,76.0693641618497
0.7000000000000001,14.0,6,2026901006,598.0,161.0,73.07692307692308
0.7000000000000001,14.0,7,2026901007,931.0,222.00000000000003,76.1546723952739
0.7000000000000001,14.0,8,2026901008,679.0,183.0,73.04860088365243
0.7000000000000001,14.0,9,2026901009,1138.0,279.0,75.48330404217926
0.7000000000000001,14.0,10,2026901010,899.9999999999999,312.0,65.33333333333333
0.7000000000000001,14.0,11,2026901011,652.0,205.00000000000003,68.55828220858896
0.7000000000000001,14.0,12,2026901012,991.0,287.0,71.0393541876892
0.7000000000000001,14.0,13,2026901013,901.0000000000001,239.00000000000003,73.47391786903441
0.7000000000000001,14.0,14,2026901014,814.0,303.0,62.776412776412776
0.7000000000000001,14.0,15,2026901015,827.0,243.0,70.61668681983072
0.7000000000000001,14.0,16,2026901016,764.0,253.0,66.8848167539267
0.7000000000000001,14.0,17,2026901017,536.0,144.0,73.13432835820896
0.7000000000000001,14.0,18,2026901018,933.9999999999999,235.0,74.83940042826552
0.7000000000000001,14.0,19,2026901019,823.0,216.0,73.75455650060753
0.7000000000000001,14.0,20,2026901020,650.0,146.0,77.53846153846153
0.7000000000000001,14.0,21,2026901021,564.0,210.0,62.765957446808514
0.7000000000000001,14.0,22,2026901022,801.9999999999999,234.0,70.82294264339151
0.7000000000000001,14.0,23,2026901023,875.0000000000001,221.00000000000003,74.74285714285715
0.7000000000000001,14.0,24,2026901024,843.0,236.0,72.00474495848161
0.7000000000000001,14.0,25,2026901025,791.0,222.00000000000003,71.93426042983565
0.7000000000000001,14.0,26,2026901026,894.0,277.0,69.01565995525728
0.7000000000000001,14.0,27,2026901027,696.0,188.0,72.98850574712644
0.7000000000000001,14.0,28,2026901028,846.0,240.99999999999997,71.5130023640662
0.7000000000000001,14.0,29,2026901029,667.0,180.0,73.01349325337331
0.7000000000000001,14.0,30,2026901030,672.0,206.00000000000003,69.3452380952381
0.7000000000000001,14.0,31,2026901031,1119.0,305.0,72.74352100089365
0.7000000000000001,14.0,32,2026901032,1014.9999999999999,235.0,76.84729064039408
0.7000000000000001,14.0,33,2026901033,516.0,177.0,65.69767441860465
0.7000000000000001,14.0,34,2026901034,708.0,197.0,72.17514124293785
0.7000000000000001,14.0,35,2026901035,797.9999999999999,216.0,72.93233082706766
0.7000000000000001,14.0,36,2026901036,872.0,224.99999999999997,74.19724770642202
0.7000000000000001,14.0,37,2026901037,757.0,187.0,75.29722589167767
0.7000000000000001,14.0,38,2026901038,1084.0,277.0,74.44649446494465
0.7000000000000001,14.0,39,2026901039,1281.0,354.0,72.36533957845434
0.7000000000000001,14.0,40,2026901040,625.0,239.00000000000003,61.76
0.7000000000000001,14.0,41,2026901041,1237.0,302.0,75.58609539207761
0.7000000000000001,14.0,42,2026901042,663.0,256.0,61.38763197586727
0.7000000000000001,14.0,43,2026901043,1040.0,342.0,67.11538461538461
0.7000000000000001,14.0,44,2026901044,739.0,205.00000000000003,72.25981055480379
0.7000000000000001,14.0,45,2026901045,655.0,171.0,73.89312977099236
0.7000000000000001,14.0,46,2026901046,854.0000000000001,247.0,71.07728337236534
0.7000000000000001,14.0,47,2026901047,1009.0,276.0,72.64618434093161
0.7000000000000001,14.0,48,2026901048,1114.0,315.0,71.72351885098743
0.7000000000000001,14.0,49,2026901049,669.0,200.0,70.10463378176382
0.7000000000000001,14.0,50,2026901050,1020.0000000000001,250.0,75.49019607843138
0.7000000000000001,14.0,51,2026901051,595.0,178.0,70.08403361344538
0.7000000000000001,14.0,52,2026901052,635.0,180.0,71.65354330708661
0.7000000000000001,14.0,53,2026901053,1093.0,253.0,76.85269899359561
0.7000000000000001,14.0,54,2026901054,972.0,306.0,68.51851851851852
0.7000000000000001,14.0,55,2026901055,868.0,233.0,73.15668202764977
0.7000000000000001,14.0,56,2026901056,705.0,211.0,70.0709219858156
0.7000000000000001,14.0,57,2026901057,810.9999999999999,208.99999999999997,74.22934648581997
0.7000000000000001,14.0,58,2026901058,1287.0,338.0,73.73737373737374
0.7000000000000001,14.0,59,2026901059,752.0,271.0,63.962765957446805
0.7000000000000001,14.0,60,2026901060,889.0,237.00000000000003,73.3408323959505
0.7000000000000001,14.0,61,2026901061,886.9999999999999,253.0,71.47688838782412
0.7000000000000001,14.0,62,2026901062,700.0,206.99999999999997,70.42857142857143
0.7000000000000001,14.0,63,2026901063,663.0,205.00000000000003,69.07993966817496
0.7000000000000001,14.0,64,2026901064,992.0,326.0,67.13709677419355
0.7000000000000001,14.0,65,2026901065,762.0,206.99999999999997,72.83464566929133
0.7000000000000001,14.0,66,2026901066,615.0,189.0,69.26829268292683
0.7000000000000001,14.0,67,2026901067,602.0,165.0,72.59136212624584
0.7000000000000001,14.0,68,2026901068,844.9999999999999,243.0,71.24260355029585
0.7000000000000001,14.0,69,2026901069,677.0,191.0,71.78729689807976
0.7000000000000001,14.0,70,2026901070,769.0,208.99999999999997,72.8218465539662
0.7000000000000001,14.0,71,2026901071,918.0000000000001,271.0,70.47930283224402
0.7000000000000001,14.0,72,2026901072,639.0,186.0,70.89201877934272
0.7000000000000001,14.0,73,2026901073,983.0,276.0,71.92268565615463
0.7000000000000001,14.0,74,2026901074,987.0,250.0,74.67071935157041
0.7000000000000001,14.0,75,2026901075,705.0,198.0,71.91489361702128
0.7000000000000001,14.0,76,2026901076,1139.0,271.0,76.2071992976295
0.7000000000000001,14.0,77,2026901077,727.0,219.0,69.87620357634113
0.7000000000000001,14.0,78,2026901078,989.0,243.0,75.42972699696664
0.7000000000000001,14.0,79,2026901079,1010.9999999999999,237.00000000000003,76.55786350148368
0.7000000000000001,14.0,80,2026901080,823.0,154.0,81.2879708383961
0.7000000000000001,14.0,81,2026901081,692.0,206.99999999999997,70.08670520231213
0.7000000000000001,14.0,82,2026901082,1060.0,282.0,73.39622641509433
0.7000000000000001,14.0,83,2026901083,955.0,232.0,75.70680628272251
0.7000000000000001,14.0,84,2026901084,622.0,176.0,71.70418006430869
0.7000000000000001,14.0,85,2026901085,933.9999999999999,288.0,69.16488222698072
0.7000000000000001,14.0,86,2026901086,854.0000000000001,251.0,70.60889929742389
0.7000000000000001,14.0,87,2026901087,641.0,230.0,64.1185647425897
0.7000000000000001,14.0,88,2026901088,680.0,207.99999999999997,69.41176470588235
0.7000000000000001,14.0,89,2026901089,1073.0,335.0,68.77912395153774
0.7000000000000001,14.0,90,2026901090,681.0,249.0,63.436123348017624
0.7000000000000001,14.0,91,2026901091,963.9999999999999,265.0,72.5103734439834
0.7000000000000001,14.0,92,2026901092,620.0,245.0,60.483870967741936
0.7000000000000001,14.0,93,2026901093,978.0,223.00000000000003,77.19836400817996
0.7000000000000001,14.0,94,2026901094,1022.0,284.0,72.21135029354207
0.7000000000000001,14.0,95,2026901095,724.0,239.00000000000003,66.98895027624309
0.7000000000000001,14.0,96,2026901096,609.0,152.0,75.04105090311987
0.7000000000000001,14.0,97,2026901097,601.0,185.0,69.2179700499168
0.7000000000000001,14.0,98,2026901098,730.0,168.0,76.98630136986301
0.7000000000000001,14.0,99,2026901099,877.0,239.99999999999997,72.63397947548461
0.8,14.0,0,2026901000,958.0,239.99999999999997,74.94780793319416
0.8,14.0,1,2026901001,808.0,172.0,78.7128712871287
0.8,14.0,2,2026901002,744.0,155.0,79.16666666666667
0.8,14.0,3,2026901003,610.0,182.0,70.1639344262295
0.8,14.0,4,2026901004,668.0,153.0,77.09580838323353
0.8,14.0,5,2026901005,865.0,200.0,76.878612716763
0.8,14.0,6,2026901006,598.0,152.0,74.58193979933111
0.8,14.0,7,2026901007,931.0,203.0,78.19548872180451
0.8,14.0,8,2026901008,679.0,179.0,73.63770250368188
0.8,14.0,9,2026901009,1138.0,247.0,78.29525483304042
0.8,14.0,10,2026901010,899.9999999999999,237.00000000000003,73.66666666666666
0.8,14.0,11,2026901011,652.0,175.0,73.15950920245399
0.8,14.0,12,2026901012,991.0,231.0,76.69021190716448
0.8,14.0,13,2026901013,901.0000000000001,203.0,77.4694783573807
0.8,14.0,14,2026901014,814.0,245.0,69.9017199017199
0.8,14.0,15,2026901015,827.0,198.0,76.05804111245466
0.8,14.0,16,2026901016,764.0,210.0,72.5130890052356
0.8,14.0,17,2026901017,536.0,133.0,75.18656716417911
0.8,14.0,18,2026901018,933.9999999999999,179.0,80.83511777301926
0.8,14.0,19,2026901019,823.0,207.99999999999997,74.726609963548
0.8,14.0,20,2026901020,650.0,129.0,80.15384615384616
0.8,14.0,21,2026901021,564.0,190.0,66.31205673758865
0.8,14.0,22,2026901022,801.9999999999999,193.0,75.93516209476309
0.8,14.0,23,2026901023,875.0000000000001,180.0,79.42857142857143
0.8,14.0,24,2026901024,843.0,217.0,74.25860023724792
0.8,14.0,25,2026901025,791.0,219.0,72.31352718078382
0.8,14.0,26,2026901026,894.0,237.00000000000003,73.48993288590604
0.8,14.0,27,2026901027,696.0,192.0,72.41379310344827
0.8,14.0,28,2026901028,846.0,210.0,75.177304964539
0.8,14.0,29,2026901029,667.0,156.0,76.61169415292353
0.8,14.0,30,2026901030,672.0,184.0,72.61904761904762
0.8,14.0,31,2026901031,1119.0,249.0,77.7479892761394
0.8,14.0,32,2026901032,1014.9999999999999,240.99999999999997,76.25615763546797
0.8,14.0,33,2026901033,516.0,173.0,66.47286821705427
0.8,14.0,34,2026901034,708.0,153.0,78.38983050847457
0.8,14.0,35,2026901035,797.9999999999999,195.0,75.56390977443608
0.8,14.0,36,2026901036,872.0,214.0,75.45871559633028
0.8,14.0,37,2026901037,757.0,162.0,78.5997357992074
0.8,14.0,38,2026901038,1084.0,236.0,78.22878228782288
0.8,14.0,39,2026901039,1281.0,284.0,77.82982045277127
0.8,14.0,40,2026901040,625.0,219.0,64.96
0.8,14.0,41,2026901041,1237.0,275.0,77.76879547291836
0.8,14.0,42,2026901042,663.0,199.0,69.98491704374057
0.8,14.0,43,2026901043,1040.0,273.0,73.75
0.8,14.0,44,2026901044,739.0,165.0,77.67253044654939
0.8,14.0,45,2026901045,655.0,151.0,76.94656488549619
0.8,14.0,46,2026901046,854.0000000000001,195.0,77.16627634660422
0.8,14.0,47,2026901047,1009.0,231.0,77.10604558969277
0.8,14.0,48,2026901048,1114.0,249.0,77.64811490125673
0.8,14.0,49,2026901049,669.0,170.0,74.58893871449925
0.8,14.0,50,2026901050,1020.0000000000001,252.0,75.29411764705883
0.8,14.0,51,2026901051,595.0,170.0,71.42857142857143
0.8,14.0,52,2026901052,635.0,181.0,71.49606299212599
0.8,14.0,53,2026901053,1093.0,237.00000000000003,78.31655992680696
0.8,14.0,54,2026901054,972.0,271.0,72.11934156378601
0.8,14.0,55,2026901055,868.0,206.00000000000003,76.26728110599079
0.8,14.0,56,2026901056,705.0,181.0,74.32624113475177
0.8,14.0,57,2026901057,810.9999999999999,184.0,77.31196054254006
0.8,14.0,58,2026901058,1287.0,309.0,75.990675990676
0.8,14.0,59,2026901059,752.0,225.99999999999997,69.94680851063829
0.8,14.0,60,2026901060,889.0,206.00000000000003,76.82789651293588
0.8,14.0,61,2026901061,886.9999999999999,205.00000000000003,76.88838782412626
0.8,14.0,62,2026901062,700.0,178.0,74.57142857142857
0.8,14.0,63,2026901063,663.0,181.0,72.6998491704374
0.8,14.0,64,2026901064,992.0,280.0,71.7741935483871
0.8,14.0,65,2026901065,762.0,206.00000000000003,72.96587926509186
0.8,14.0,66,2026901066,615.0,179.0,70.89430894308943
0.8,14.0,67,2026901067,602.0,139.0,76.91029900332227
0.8,14.0,68,2026901068,844.9999999999999,230.0,72.78106508875739
0.8,14.0,69,2026901069,677.0,161.0,76.21861152141803
0.8,14.0,70,2026901070,769.0,168.0,78.15344603381014
0.8,14.0,71,2026901071,918.0000000000001,227.0,75.2723311546841
0.8,14.0,72,2026901072,639.0,178.0,72.14397496087636
0.8,14.0,73,2026901073,983.0,245.0,75.07629704984741
0.8,14.0,74,2026901074,987.0,204.00000000000003,79.33130699088146
0.8,14.0,75,2026901075,705.0,203.0,71.20567375886525
0.8,14.0,76,2026901076,1139.0,237.00000000000003,79.19227392449517
0.8,14.0,77,2026901077,727.0,205.00000000000003,71.80192572214581
0.8,14.0,78,2026901078,989.0,206.99999999999997,79.06976744186046
0.8,14.0,79,2026901079,1010.9999999999999,217.0,78.53610286844707
0.8,14.0,80,2026901080,823.0,149.0,81.8955042527339
0.8,14.0,81,2026901081,692.0,184.0,73.41040462427746
0.8,14.0,82,2026901082,1060.0,232.0,78.11320754716981
0.8,14.0,83,2026901083,955.0,241.99999999999997,74.65968586387434
0.8,14.0,84,2026901084,622.0,166.0,73.31189710610933
0.8,14.0,85,2026901085,933.9999999999999,230.0,75.37473233404711
0.8,14.0,86,2026901086,854.0000000000001,218.0,74.47306791569088
0.8,14.0,87,2026901087,641.0,195.0,69.57878315132605
0.8,14.0,88,2026901088,680.0,170.0,75.0
0.8,14.0,89,2026901089,1073.0,299.0,72.13420316868593
0.8,14.0,90,2026901090,681.0,211.0,69.01615271659324
0.8,14.0,91,2026901091,963.9999999999999,243.0,74.79253112033194
0.8,14.0,92,2026901092,620.0,207.99999999999997,66.45161290322581
0.8,14.0,93,2026901093,978.0,185.0,81.0838445807771
0.8,14.0,94,2026901094,1022.0,225.99999999999997,77.88649706457926
0.8,14.0,95,2026901095,724.0,212.0,70.7182320441989
0.8,14.0,96,2026901096,609.0,136.0,77.66830870279146
0.8,14.0,97,2026901097,601.0,175.0,70.88186356073211
0.8,14.0,98,2026901098,730.0,157.0,78.4931506849315
0.8,14.0,99,2026901099,877.0,212.0,75.8266818700114
0.4,28.0,0,2026902000,855.0,513.0,40.0
0.4,28.0,1,2026902001,790.0000000000001,473.0,40.126582278481024
0.4,28.0,2,2026902002,711.0,405.0,43.037974683544306
0.4,28.0,3,2026902003,662.0,389.0,41.23867069486405
0.4,28.0,4,2026902004,969.0000000000001,530.0,45.304437564499494
0.4,28.0,5,2026902005,718.0,364.0,49.30362116991643
0.4,28.0,6,2026902006,666.0,426.0,36.03603603603604
0.4,28.0,7,2026902007,664.0,400.99999999999994,39.60843373493977
0.4,28.0,8,2026902008,932.0,541.0,41.952789699570815
0.4,28.0,9,2026902009,877.0,561.0,36.031927023945265
0.4,28.0,10,2026902010,861.9999999999999,512.0,40.60324825986078
0.4,28.0,11,2026902011,670.0,407.0,39.25373134328358
0.4,28.0,12,2026902012,835.9999999999999,502.0,39.95215311004784
0.4,28.0,13,2026902013,882.9999999999999,668.0,24.348810872027173
0.4,28.0,14,2026902014,1135.0,647.0,42.99559471365639
0.4,28.0,15,2026902015,790.0000000000001,506.0,35.9493670886076
0.4,28.0,16,2026902016,1078.0,627.0,41.83673469387755
0.4,28.0,17,2026902017,842.0,477.0,43.34916864608076
0.4,28.0,18,2026902018,830.0,516.0,37.83132530120482
0.4,28.0,19,2026902019,921.0,477.0,48.20846905537459
0.4,28.0,20,2026902020,936.0,446.00000000000006,52.350427350427346
0.4,28.0,21,2026902021,1078.0,658.0,38.96103896103896
0.4,28.0,22,2026902022,757.0,320.0,57.72787318361955
0.4,28.0,23,2026902023,703.0,403.0,42.67425320056899
0.4,28.0,24,2026902024,1028.0,523.0,49.12451361867704
0.4,28.0,25,2026902025,987.0,603.0,38.90577507598784
0.4,28.0,26,2026902026,757.0,422.0,44.253632760898284
0.4,28.0,27,2026902027,804.0,540.0,32.83582089552239
0.4,28.0,28,2026902028,876.0,428.0,51.141552511415526
0.4,28.0,29,2026902029,788.0,451.0,42.766497461928935
0.4,28.0,30,2026902030,568.0,382.0,32.74647887323944
0.4,28.0,31,2026902031,923.0,578.0,37.37811484290358
0.4,28.0,32,2026902032,667.0,343.0,48.57571214392804
0.4,28.0,33,2026902033,880.0,513.0,41.70454545454545
0.4,28.0,34,2026902034,948.0000000000001,537.0,43.354430379746844
0.4,28.0,35,2026902035,958.0,519.0,45.82463465553236
0.4,28.0,36,2026902036,963.0,508.00000000000006,47.248182762201445
0.4,28.0,37,2026902037,1014.9999999999999,541.0,46.699507389162555
0.4,28.0,38,2026902038,857.0,509.0,40.60676779463244
0.4,28.0,39,2026902039,881.0,531.0,39.727582292849036
0.4,28.0,40,2026902040,559.0,369.0,33.98926654740608
0.4,28.0,41,2026902041,1046.0,624.0,40.34416826003824
0.4,28.0,42,2026902042,1102.0,552.0,49.90925589836661
0.4,28.0,43,2026902043,683.0,447.99999999999994,34.407027818448036
0.4,28.0,44,2026902044,891.0,555.0,37.71043771043771
0.4,28.0,45,2026902045,607.0,325.0,46.45799011532125
0.4,28.0,46,2026902046,839.0,466.0,44.45768772348033
0.4,28.0,47,2026902047,892.0000000000001,479.0,46.30044843049328
0.4,28.0,48,2026902048,844.9999999999999,532.0,37.04142011834319
0.4,28.0,49,2026902049,848.0,428.0,49.528301886792455
0.4,28.0,50,2026902050,941.0,481.99999999999994,48.777895855472906
0.4,28.0,51,2026902051,814.0,524.0,35.62653562653563
0.4,28.0,52,2026902052,507.0,307.0,39.447731755424066
0.4,28.0,53,2026902053,673.0,372.0,44.725111441307575
0.4,28.0,54,2026902054,580.0,307.0,47.06896551724138
0.4,28.0,55,2026902055,846.0,443.0,47.635933806146575
0.4,28.0,56,2026902056,873.0,406.0,53.493699885452465
0.4,28.0,57,2026902057,990.0000000000001,464.0,53.13131313131314
0.4,28.0,58,2026902058,635.0,380.0,40.15748031496063
0.4,28.0,59,2026902059,801.9999999999999,483.0,39.77556109725685
0.4,28.0,60,2026902060,724.0,443.0,38.812154696132595
0.4,28.0,61,2026902061,706.0,392.0,44.475920679886684
0.4,28.0,62,2026902062,841.0000000000001,445.0,47.08680142687278
0.4,28.0,63,2026902063,786.0000000000001,451.0,42.620865139949125
0.4,28.0,64,2026902064,978.0,567.0,42.02453987730061
0.4,28.0,65,2026902065,677.0,415.0,38.70014771048744
0.4,28.0,66,2026902066,823.0,462.99999999999994,43.742405832320784
0.4,28.0,67,2026902067,963.9999999999999,557.0,42.21991701244812
0.4,28.0,68,2026902068,996.0,568.0,42.971887550200805
0.4,28.0,69,2026902069,925.9999999999999,528.0,42.98056155507558
0.4,28.0,70,2026902070,667.0,473.0,29.08545727136432
0.4,28.0,71,2026902071,559.0,347.0,37.924865831842574
0.4,28.0,72,2026902072,953.0,481.99999999999994,49.42287513116475
0.4,28.0,73,2026902073,1161.0,660.0,43.15245478036176
0.4,28.0,74,2026902074,950.9999999999999,483.99999999999994,49.1062039957939
0.4,28.0,75,2026902075,550.0,338.0,38.54545454545455
0.4,28.0,76,2026902076,827.9999999999999,553.0,33.21256038647342
0.4,28.0,77,2026902077,990.0000000000001,437.0,55.85858585858587
0.4,28.0,78,2026902078,782.0,430.99999999999994,44.88491048593351
0.4,28.0,79,2026902079,837.0000000000001,439.0,47.55077658303466
0.4,28.0,80,2026902080,641.0,381.0,40.5616224648986
0.4,28.0,81,2026902081,688.0,460.0,33.13953488372093
0.4,28.0,82,2026902082,650.0,425.00000000000006,34.615384615384606
0.4,28.0,83,2026902083,945.0,623.0,34.074074074074076
0.4,28.0,84,2026902084,759.0,470.0,38.076416337285906
0.4,28.0,85,2026902085,990.0000000000001,510.00000000000006,48.484848484848484
0.4,28.0,86,2026902086,639.0,333.0,47.88732394366197
0.4,28.0,87,2026902087,860.0,476.00000000000006,44.65116279069767
0.4,28.0,88,2026902088,905.0000000000001,492.0,45.63535911602211
0.4,28.0,89,2026902089,800.0,470.0,41.25
0.4,28.0,90,2026902090,639.0,390.0,38.967136150234744
0.4,28.0,91,2026902091,809.0,494.0,38.93695920889988
0.4,28.0,92,2026902092,999.0000000000001,569.0,43.043043043043056
0.4,28.0,93,2026902093,831.0,390.0,53.068592057761734
0.4,28.0,94,2026902094,683.0,332.0,51.3909224011713
0.4,28.0,95,2026902095,1186.0,757.0,36.172006745362566
0.4,28.0,96,2026902096,769.0,455.0,40.83224967490247
0.4,28.0,97,2026902097,1013.0,541.0,46.59427443237907
0.4,28.0,98,2026902098,851.0,490.0,42.42068155111633
0.4,28.0,99,2026902099,1058.0,613.0,42.06049149338374
0.30000000000000004,28.0,0,2026902000,855.0,676.0,20.935672514619885
0.30000000000000004,28.0,1,2026902001,790.0000000000001,520.0,34.17721518987343
0.30000000000000004,28.0,2,2026902002,711.0,528.0,25.738396624472575
0.30000000000000004,28.0,3,2026902003,662.0,460.0,30.513595166163142
0.30000000000000004,28.0,4,2026902004,969.0000000000001,572.0,40.970072239422095
0.30000000000000004,28.0,5,2026902005,718.0,404.0,43.73259052924791
0.30000000000000004,28.0,6,2026902006,666.0,437.0,34.38438438438438
0.30000000000000004,28.0,7,2026902007,664.0,434.99999999999994,34.487951807228924
0.30000000000000004,28.0,8,2026902008,932.0,596.0,36.05150214592275
0.30000000000000004,28.0,9,2026902009,877.0,592.0,32.49714937286203
0.30000000000000004,28.0,10,2026902010,861.9999999999999,579.0,32.830626450116
0.30000000000000004,28.0,11,2026902011,670.0,496.99999999999994,25.82089552238807
0.30000000000000004,28.0,12,2026902012,835.9999999999999,556.0,33.49282296650717
0.30000000000000004,28.0,13,2026902013,882.9999999999999,689.0,21.970554926387308
0.30000000000000004,28.0,14,2026902014,1135.0,673.0,40.70484581497797
0.30000000000000004,28.0,15,2026902015,790.0000000000001,496.0,37.21518987341773
0.30000000000000004,28.0,16,2026902016,1078.0,647.0,39.98144712430427
0.30000000000000004,28.0,17,2026902017,842.0,559.0,33.6104513064133
0.30000000000000004,28.0,18,2026902018,830.0,504.0,39.27710843373494
0.30000000000000004,28.0,19,2026902019,921.0,539.0,41.47665580890337
0.30000000000000004,28.0,20,2026902020,936.0,507.0,45.833333333333336
0.30000000000000004,28.0,21,2026902021,1078.0,789.0,26.80890538033395
0.30000000000000004,28.0,22,2026902022,757.0,474.00000000000006,37.38441215323645
0.30000000000000004,28.0,23,2026902023,703.0,398.0,43.3854907539118
0.30000000000000004,28.0,24,2026902024,1028.0,574.0,44.16342412451362
0.30000000000000004,28.0,25,2026902025,987.0,641.0,35.055724417426546
0.30000000000000004,28.0,26,2026902026,757.0,454.0,40.02642007926024
0.30000000000000004,28.0,27,2026902027,804.0,557.0,30.72139303482587
0.30000000000000004,28.0,28,2026902028,876.0,544.0,37.89954337899543
0.30000000000000004,28.0,29,2026902029,788.0,575.0,27.03045685279188
0.30000000000000004,28.0,30,2026902030,568.0,428.0,24.64788732394366
0.30000000000000004,28.0,31,2026902031,923.0,577.0,37.48645720476706
0.30000000000000004,28.0,32,2026902032,667.0,476.00000000000006,28.635682158920527
0.30000000000000004,28.0,33,2026902033,880.0,529.0,39.88636363636363
0.30000000000000004,28.0,34,2026902034,948.0000000000001,636.0,32.911392405063296
0.30000000000000004,28.0,35,2026902035,958.0,622.0,35.07306889352818
0.30000000000000004,28.0,36,2026902036,963.0,528.0,45.17133956386293
0.30000000000000004,28.0,37,2026902037,1014.9999999999999,646.0,36.35467980295565
0.30000000000000004,28.0,38,2026902038,857.0,536.0,37.45624270711785
0.30000000000000004,28.0,39,2026902039,881.0,594.0,32.57661748013621
0.30000000000000004,28.0,40,2026902040,559.0,440.0,21.288014311270125
0.30000000000000004,28.0,41,2026902041,1046.0,598.0,42.829827915869984
0.30000000000000004,28.0,42,2026902042,1102.0,653.0,40.74410163339383
0.30000000000000004,28.0,43,2026902043,683.0,427.00000000000006,37.48169838945826
0.30000000000000004,28.0,44,2026902044,891.0,590.0,33.78226711560045
0.30000000000000004,28.0,45,2026902045,607.0,429.00000000000006,29.32454695222404
0.30000000000000004,28.0,46,2026902046,839.0,498.0,40.64362336114422
0.30000000000000004,28.0,47,2026902047,892.0000000000001,617.0,30.82959641255606
0.30000000000000004,28.0,48,2026902048,844.9999999999999,603.0,28.63905325443786
0.30000000000000004,28.0,49,2026902049,848.0,468.0,44.81132075471698
0.30000000000000004,28.0,50,2026902050,941.0,623.0,33.793836344314556
0.30000000000000004,28.0,51,2026902051,814.0,577.0,29.115479115479115
0.30000000000000004,28.0,52,2026902052,507.0,340.0,32.938856015779095
0.30000000000000004,28.0,53,2026902053,673.0,398.0,40.861812778603266
0.30000000000000004,28.0,54,2026902054,580.0,364.0,37.241379310344826
0.30000000000000004,28.0,55,2026902055,846.0,514.0,39.2434988179669
0.30000000000000004,28.0,56,2026902056,873.0,502.0,42.4971363115693
0.30000000000000004,28.0,57,2026902057,990.0000000000001,586.0,40.80808080808082
0.30000000000000004,28.0,58,2026902058,635.0,415.0,34.645669291338585
0.30000000000000004,28.0,59,2026902059,801.9999999999999,632.0,21.197007481296747
0.30000000000000004,28.0,60,2026902060,724.0,528.0,27.07182320441989
0.30000000000000004,28.0,61,2026902061,706.0,423.0,40.08498583569405
0.30000000000000004,28.0,62,2026902062,841.0000000000001,505.0,39.9524375743163
0.30000000000000004,28.0,63,2026902063,786.0000000000001,503.0,36.005089058524185
0.30000000000000004,28.0,64,2026902064,978.0,639.0,34.66257668711656
0.30000000000000004,28.0,65,2026902065,677.0,481.99999999999994,28.80354505169868
0.30000000000000004,28.0,66,2026902066,823.0,546.0,33.65735115431349
0.30000000000000004,28.0,67,2026902067,963.9999999999999,610.0,36.721991701244804
0.30000000000000004,28.0,68,2026902068,996.0,648.0,34.93975903614458
0.30000000000000004,28.0,69,2026902069,925.9999999999999,606.0,34.5572354211663
0.30000000000000004,28.0,70,2026902070,667.0,447.99999999999994,32.833583208395815
0.30000000000000004,28.0,71,2026902071,559.0,439.0,21.46690518783542
0.30000000000000004,28.0,72,2026902072,953.0,548.0,42.497376705141654
0.30000000000000004,28.0,73,2026902073,1161.0,809.0,30.318690783807064
0.30000000000000004,28.0,74,2026902074,950.9999999999999,583.0,38.69610935856991
0.30000000000000004,28.0,75,2026902075,550.0,406.0,26.181818181818183
0.30000000000000004,28.0,76,2026902076,827.9999999999999,578.0,30.193236714975836
0.30000000000000004,28.0,77,2026902077,990.0000000000001,518.0,47.67676767676769
0.30000000000000004,28.0,78,2026902078,782.0,487.0,37.72378516624041
0.30000000000000004,28.0,79,2026902079,837.0000000000001,479.99999999999994,42.652329749103956
0.30000000000000004,28.0,80,2026902080,641.0,437.0,31.825273010920437
0.30000000000000004,28.0,81,2026902081,688.0,451.99999999999994,34.30232558139536
0.30000000000000004,28.0,82,2026902082,650.0,449.99999999999994,30.76923076923078
0.30000000000000004,28.0,83,2026902083,945.0,675.0,28.571428571428573
0.30000000000000004,28.0,84,2026902084,759.0,556.0,26.745718050065875
0.30000000000000004,28.0,85,2026902085,990.0000000000001,572.0,42.22222222222223
0.30000000000000004,28.0,86,2026902086,639.0,436.0,31.768388106416275
0.30000000000000004,28.0,87,2026902087,860.0,547.0,36.395348837209305
0.30000000000000004,28.0,88,2026902088,905.0000000000001,601.0,33.59116022099448
0.30000000000000004,28.0,89,2026902089,800.0,520.0,35.0
0.30000000000000004,28.0,90,2026902090,639.0,408.00000000000006,36.150234741784026
0.30000000000000004,28.0,91,2026902091,809.0,543.0,32.88009888751545
0.30000000000000004,28.0,92,2026902092,999.0000000000001,789.0,21.02102102102103
0.30000000000000004,28.0,93,2026902093,831.0,380.0,54.2719614921781
0.30000000000000004,28.0,94,2026902094,683.0,396.0,42.020497803806734
0.30000000000000004,28.0,95,2026902095,1186.0,841.0000000000001,29.089376053962887
0.30000000000000004,28.0,96,2026902096,769.0,509.0,33.81014304291288
0.30000000000000004,28.0,97,2026902097,1013.0,620.0,38.79565646594274
0.30000000000000004,28.0,98,2026902098,851.0,531.0,37.60282021151586
0.30000000000000004,28.0,99,2026902099,1058.0,775.0,26.748582230623818
0.5,28.0,0,2026902000,855.0,481.99999999999994,43.62573099415206
0.5,28.0,1,2026902001,790.0000000000001,437.0,44.68354430379748
0.5,28.0,2,2026902002,711.0,355.0,50.070323488045005
0.5,28.0,3,2026902003,662.0,346.0,47.73413897280967
0.5,28.0,4,2026902004,969.0000000000001,409.0,57.79153766769867
0.5,28.0,5,2026902005,718.0,310.0,56.82451253481894
0.5,28.0,6,2026902006,666.0,398.99999999999994,40.0900900900901
0.5,28.0,7,2026902007,664.0,335.0,49.54819277108434
0.5,28.0,8,2026902008,932.0,505.0,45.81545064377682
0.5,28.0,9,2026902009,877.0,447.0,49.03078677309008
0.5,28.0,10,2026902010,861.9999999999999,434.99999999999994,49.53596287703016
0.5,28.0,11,2026902011,670.0,359.0,46.417910447761194
0.5,28.0,12,2026902012,835.9999999999999,451.99999999999994,45.933014354066984
0.5,28.0,13,2026902013,882.9999999999999,507.0,42.58210645526613
0.5,28.0,14,2026902014,1135.0,588.0,48.19383259911894
0.5,28.0,15,2026902015,790.0000000000001,429.00000000000006,45.696202531645575
0.5,28.0,16,2026902016,1078.0,518.0,51.94805194805195
0.5,28.0,17,2026902017,842.0,440.0,47.74346793349169
0.5,28.0,18,2026902018,830.0,453.0,45.42168674698795
0.5,28.0,19,2026902019,921.0,412.00000000000006,55.266015200868615
0.5,28.0,20,2026902020,936.0,378.0,59.61538461538461
0.5,28.0,21,2026902021,1078.0,602.0,44.15584415584416
0.5,28.0,22,2026902022,757.0,309.0,59.18097754293263
0.5,28.0,23,2026902023,703.0,355.0,49.502133712660026
0.5,28.0,24,2026902024,1028.0,439.0,57.295719844357976
0.5,28.0,25,2026902025,987.0,466.0,52.78622087132725
0.5,28.0,26,2026902026,757.0,417.0,44.91413474240423
0.5,28.0,27,2026902027,804.0,469.0,41.666666666666664
0.5,28.0,28,2026902028,876.0,423.0,51.71232876712329
0.5,28.0,29,2026902029,788.0,405.0,48.60406091370558
0.5,28.0,30,2026902030,568.0,307.0,45.95070422535211
0.5,28.0,31,2026902031,923.0,549.0,40.520043336944745
0.5,28.0,32,2026902032,667.0,310.0,53.523238380809595
0.5,28.0,33,2026902033,880.0,466.99999999999994,46.93181818181819
0.5,28.0,34,2026902034,948.0000000000001,446.00000000000006,52.9535864978903
0.5,28.0,35,2026902035,958.0,462.0,51.774530271398746
0.5,28.0,36,2026902036,963.0,444.00000000000006,53.89408099688473
0.5,28.0,37,2026902037,1014.9999999999999,493.00000000000006,51.42857142857141
0.5,28.0,38,2026902038,857.0,409.0,52.275379229871646
0.5,28.0,39,2026902039,881.0,456.0,48.240635641316686
0.5,28.0,40,2026902040,559.0,316.0,43.470483005366724
0.5,28.0,41,2026902041,1046.0,520.0,50.2868068833652
0.5,28.0,42,2026902042,1102.0,513.0,53.44827586206897
0.5,28.0,43,2026902043,683.0,415.0,39.23865300146413
0.5,28.0,44,2026902044,891.0,503.0,43.54657687991021
0.5,28.0,45,2026902045,607.0,288.0,52.55354200988468
0.5,28.0,46,2026902046,839.0,398.99999999999994,52.44338498212158
0.5,28.0,47,2026902047,892.0000000000001,479.0,46.30044843049328
0.5,28.0,48,2026902048,844.9999999999999,473.0,44.02366863905324
0.5,28.0,49,2026902049,848.0,386.0,54.4811320754717
0.5,28.0,50,2026902050,941.0,519.0,44.845908607863976
0.5,28.0,51,2026902051,814.0,466.99999999999994,42.62899262899264
0.5,28.0,52,2026902052,507.0,297.0,41.42011834319526
0.5,28.0,53,2026902053,673.0,330.0,50.965824665676074
0.5,28.0,54,2026902054,580.0,296.0,48.96551724137931
0.5,28.0,55,2026902055,846.0,413.99999999999994,51.06382978723405
0.5,28.0,56,2026902056,873.0,443.0,49.25544100801833
0.5,28.0,57,2026902057,990.0000000000001,441.0,55.45454545454546
0.5,28.0,58,2026902058,635.0,319.0,49.76377952755905
0.5,28.0,59,2026902059,801.9999999999999,459.00000000000006,42.76807980049874
0.5,28.0,60,2026902060,724.0,417.0,42.40331491712707
0.5,28.0,61,2026902061,706.0,390.0,44.759206798866856
0.5,28.0,62,2026902062,841.0000000000001,343.0,59.2152199762188
0.5,28.0,63,2026902063,786.0000000000001,427.00000000000006,45.67430025445293
0.5,28.0,64,2026902064,978.0,491.00000000000006,49.79550102249488
0.5,28.0,65,2026902065,677.0,369.0,45.49483013293944
0.5,28.0,66,2026902066,823.0,407.0,50.546780072904006
0.5,28.0,67,2026902067,963.9999999999999,519.0,46.16182572614107
0.5,28.0,68,2026902068,996.0,529.0,46.88755020080321
0.5,28.0,69,2026902069,925.9999999999999,479.0,48.27213822894168
0.5,28.0,70,2026902070,667.0,411.0,38.3808095952024
0.5,28.0,71,2026902071,559.0,299.0,46.51162790697674
0.5,28.0,72,2026902072,953.0,487.0,48.89821615949633
0.5,28.0,73,2026902073,1161.0,623.0,46.33936261843239
0.5,28.0,74,2026902074,950.9999999999999,434.99999999999994,54.25867507886436
0.5,28.0,75,2026902075,550.0,297.0,46.0
0.5,28.0,76,2026902076,827.9999999999999,472.0,42.99516908212559
0.5,28.0,77,2026902077,990.0000000000001,427.00000000000006,56.868686868686865
0.5,28.0,78,2026902078,782.0,413.99999999999994,47.058823529411775
0.5,28.0,79,2026902079,837.0000000000001,386.0,53.88291517323776
0.5,28.0,80,2026902080,641.0,353.0,44.92979719188767
0.5,28.0,81,2026902081,688.0,338.0,50.872093023255815
0.5,28.0,82,2026902082,650.0,375.0,42.30769230769231
0.5,28.0,83,2026902083,945.0,532.0,43.7037037037037
0.5,28.0,84,2026902084,759.0,447.99999999999994,40.97496706192359
0.5,28.0,85,2026902085,990.0000000000001,438.0,55.757575757575765
0.5,28.0,86,2026902086,639.0,294.0,53.990610328638496
0.5,28.0,87,2026902087,860.0,424.0,50.69767441860465
0.5,28.0,88,2026902088,905.0000000000001,445.0,50.82872928176796
0.5,28.0,89,2026902089,800.0,442.00000000000006,44.74999999999999
0.5,28.0,90,2026902090,639.0,351.0,45.070422535211264
0.5,28.0,91,2026902091,809.0,447.0,44.746600741656366
0.5,28.0,92,2026902092,999.0000000000001,517.0,48.24824824824826
0.5,28.0,93,2026902093,831.0,311.0,62.57521058965102
0.5,28.0,94,2026902094,683.0,343.0,49.780380673499266
0.5,28.0,95,2026902095,1186.0,635.0,46.45868465430017
0.5,28.0,96,2026902096,769.0,370.0,51.88556566970091
0.5,28.0,97,2026902097,1013.0,440.0,56.56465942744324
0.5,28.0,98,2026902098,851.0,451.0,47.00352526439483
0.5,28.0,99,2026902099,1058.0,584.0,44.801512287334596
0.6,28.0,0,2026902000,855.0,430.99999999999994,49.59064327485381
0.6,28.0,1,2026902001,790.0000000000001,388.0,50.8860759493671
0.6,28.0,2,2026902002,711.0,336.0,52.742616033755276
0.6,28.0,3,2026902003,662.0,354.0,46.52567975830816
0.6,28.0,4,2026902004,969.0000000000001,398.0,58.92672858617132
0.6,28.0,5,2026902005,718.0,316.0,55.98885793871866
0.6,28.0,6,2026902006,666.0,296.0,55.55555555555556
0.6,28.0,7,2026902007,664.0,315.0,52.56024096385542
0.6,28.0,8,2026902008,932.0,417.99999999999994,55.15021459227468
0.6,28.0,9,2026902009,877.0,394.0,55.07411630558723
0.6,28.0,10,2026902010,861.9999999999999,429.00000000000006,50.23201856148491
0.6,28.0,11,2026902011,670.0,343.0,48.80597014925373
0.6,28.0,12,2026902012,835.9999999999999,422.0,49.521531100478455
0.6,28.0,13,2026902013,882.9999999999999,521.0,40.996602491506216
0.6,28.0,14,2026902014,1135.0,475.0,58.14977973568282
0.6,28.0,15,2026902015,790.0000000000001,394.0,50.126582278481024
0.6,28.0,16,2026902016,1078.0,470.0,56.40074211502783
0.6,28.0,17,2026902017,842.0,400.0,52.49406175771971
0.6,28.0,18,2026902018,830.0,422.0,49.1566265060241
0.6,28.0,19,2026902019,921.0,400.0,56.56894679695983
0.6,28.0,20,2026902020,936.0,333.0,64.42307692307692
0.6,28.0,21,2026902021,1078.0,582.0,46.01113172541744
0.6,28.0,22,2026902022,757.0,250.0,66.97490092470278
0.6,28.0,23,2026902023,703.0,330.0,53.05832147937411
0.6,28.0,24,2026902024,1028.0,406.0,60.505836575875485
0.6,28.0,25,2026902025,987.0,441.0,55.319148936170215
0.6,28.0,26,2026902026,757.0,350.0,53.76486129458388
0.6,28.0,27,2026902027,804.0,424.0,47.2636815920398
0.6,28.0,28,2026902028,876.0,384.0,56.16438356164384
0.6,28.0,29,2026902029,788.0,404.0,48.73096446700507
0.6,28.0,30,2026902030,568.0,277.0,51.232394366197184
0.6,28.0,31,2026902031,923.0,489.0,47.020585048754064
0.6,28.0,32,2026902032,667.0,264.0,60.41979010494752
0.6,28.0,33,2026902033,880.0,427.00000000000006,51.47727272727272
0.6,28.0,34,2026902034,948.0000000000001,438.0,53.797468354430386
0.6,28.0,35,2026902035,958.0,442.00000000000006,53.86221294363257
0.6,28.0,36,2026902036,963.0,396.99999999999994,58.77466251298027
0.6,28.0,37,2026902037,1014.9999999999999,447.99999999999994,55.862068965517246
0.6,28.0,38,2026902038,857.0,406.0,52.625437572928824
0.6,28.0,39,2026902039,881.0,432.99999999999994,50.85130533484677
0.6,28.0,40,2026902040,559.0,275.0,50.80500894454383
0.6,28.0,41,2026902041,1046.0,398.0,61.95028680688336
0.6,28.0,42,2026902042,1102.0,483.0,56.17059891107078
0.6,28.0,43,2026902043,683.0,289.0,57.68667642752562
0.6,28.0,44,2026902044,891.0,409.0,54.09652076318743
0.6,28.0,45,2026902045,607.0,285.0,53.047775947281714
0.6,28.0,46,2026902046,839.0,373.0,55.54231227651967
0.6,28.0,47,2026902047,892.0000000000001,415.99999999999994,53.36322869955158
0.6,28.0,48,2026902048,844.9999999999999,454.0,46.272189349112416
0.6,28.0,49,2026902049,848.0,343.0,59.551886792452834
0.6,28.0,50,2026902050,941.0,434.99999999999994,53.772582359192356
0.6,28.0,51,2026902051,814.0,396.99999999999994,51.22850122850124
0.6,28.0,52,2026902052,507.0,274.0,45.956607495069036
0.6,28.0,53,2026902053,673.0,285.0,57.65230312035661
0.6,28.0,54,2026902054,580.0,250.0,56.89655172413793
0.6,28.0,55,2026902055,846.0,374.0,55.7919621749409
0.6,28.0,56,2026902056,873.0,348.0,60.13745704467354
0.6,28.0,57,2026902057,990.0000000000001,400.99999999999994,59.49494949494951
0.6,28.0,58,2026902058,635.0,295.0,53.54330708661417
0.6,28.0,59,2026902059,801.9999999999999,470.0,41.39650872817954
0.6,28.0,60,2026902060,724.0,356.0,50.828729281767956
0.6,28.0,61,2026902061,706.0,320.0,54.67422096317281
0.6,28.0,62,2026902062,841.0000000000001,350.0,58.38287752675387
0.6,28.0,63,2026902063,786.0000000000001,380.0,51.65394402035624
0.6,28.0,64,2026902064,978.0,477.0,51.22699386503067
0.6,28.0,65,2026902065,677.0,335.0,50.51698670605613
0.6,28.0,66,2026902066,823.0,411.0,50.06075334143378
0.6,28.0,67,2026902067,963.9999999999999,459.00000000000006,52.38589211618256
0.6,28.0,68,2026902068,996.0,481.99999999999994,51.606425702811244
0.6,28.0,69,2026902069,925.9999999999999,430.99999999999994,53.45572354211663
0.6,28.0,70,2026902070,667.0,359.0,46.176911544227885
0.6,28.0,71,2026902071,559.0,299.0,46.51162790697674
0.6,28.0,72,2026902072,953.0,408.00000000000006,57.18782791185729
0.6,28.0,73,2026902073,1161.0,582.0,49.87080103359173
0.6,28.0,74,2026902074,950.9999999999999,413.99999999999994,56.46687697160884
0.6,28.0,75,2026902075,550.0,282.0,48.72727272727273
0.6,28.0,76,2026902076,827.9999999999999,437.0,47.222222222222214
0.6,28.0,77,2026902077,990.0000000000001,398.0,59.79797979797981
0.6,28.0,78,2026902078,782.0,375.0,52.0460358056266
0.6,28.0,79,2026902079,837.0000000000001,366.0,56.27240143369177
0.6,28.0,80,2026902080,641.0,307.0,52.106084243369736
0.6,28.0,81,2026902081,688.0,299.0,56.5406976744186
0.6,28.0,82,2026902082,650.0,314.0,51.69230769230769
0.6,28.0,83,2026902083,945.0,475.0,49.735449735449734
0.6,28.0,84,2026902084,759.0,378.0,50.19762845849802
0.6,28.0,85,2026902085,990.0000000000001,379.0,61.71717171717172
0.6,28.0,86,2026902086,639.0,271.0,57.58998435054773
0.6,28.0,87,2026902087,860.0,427.00000000000006,50.34883720930232
0.6,28.0,88,2026902088,905.0000000000001,383.0,57.679558011049735
0.6,28.0,89,2026902089,800.0,375.0,53.125
0.6,28.0,90,2026902090,639.0,285.0,55.39906103286385
0.6,28.0,91,2026902091,809.0,374.0,53.77008652657602
0.6,28.0,92,2026902092,999.0000000000001,500.99999999999994,49.84984984984986
0.6,28.0,93,2026902093,831.0,299.0,64.01925391095067
0.6,28.0,94,2026902094,683.0,273.0,60.02928257686676
0.6,28.0,95,2026902095,1186.0,584.0,50.75885328836425
0.6,28.0,96,2026902096,769.0,372.0,51.62548764629389
0.6,28.0,97,2026902097,1013.0,423.0,58.24284304047384
0.6,28.0,98,2026902098,851.0,398.0,53.231492361927145
0.6,28.0,99,2026902099,1058.0,526.0,50.283553875236294
0.1,28.0,0,2026902000,855.0,778.0,9.005847953216374
0.1,28.0,1,2026902001,790.0000000000001,852.9999999999999,-7.974683544303767
0.1,28.0,2,2026902002,711.0,630.0,11.39240506329114
0.1,28.0,3,2026902003,662.0,532.0,19.637462235649547
0.1,28.0,4,2026902004,969.0000000000001,784.0,19.091847265221887
0.1,28.0,5,2026902005,718.0,539.0,24.930362116991642
0.1,28.0,6,2026902006,666.0,592.0,11.11111111111111
0.1,28.0,7,2026902007,664.0,540.0,18.674698795180724
0.1,28.0,8,2026902008,932.0,725.0,22.21030042918455
0.1,28.0,9,2026902009,877.0,740.0,15.621436716077538
0.1,28.0,10,2026902010,861.9999999999999,730.0,15.31322505800463
0.1,28.0,11,2026902011,670.0,601.0,10.298507462686567
0.1,28.0,12,2026902012,835.9999999999999,858.0000000000001,-2.6315789473684488
0.1,28.0,13,2026902013,882.9999999999999,976.0,-10.53227633069084
0.1,28.0,14,2026902014,1135.0,975.0,14.09691629955947
0.1,28.0,15,2026902015,790.0000000000001,652.0,17.468354430379758
0.1,28.0,16,2026902016,1078.0,899.0,16.60482374768089
0.1,28.0,17,2026902017,842.0,725.0,13.895486935866984
0.1,28.0,18,2026902018,830.0,831.0,-0.12048192771084337
0.1,28.0,19,2026902019,921.0,670.0,27.25298588490771
0.1,28.0,20,2026902020,936.0,724.0,22.64957264957265
0.1,28.0,21,2026902021,1078.0,1101.0,-2.1335807050092765
0.1,28.0,22,2026902022,757.0,561.0,25.891677675033026
0.1,28.0,23,2026902023,703.0,591.0,15.93172119487909
0.1,28.0,24,2026902024,1028.0,760.0,26.070038910505836
0.1,28.0,25,2026902025,987.0,823.0,16.616008105369808
0.1,28.0,26,2026902026,757.0,692.0,8.58652575957728
0.1,28.0,27,2026902027,804.0,812.0,-0.9950248756218906
0.1,28.0,28,2026902028,876.0,670.0,23.515981735159816
0.1,28.0,29,2026902029,788.0,727.0,7.741116751269035
0.1,28.0,30,2026902030,568.0,546.0,3.8732394366197185
0.1,28.0,31,2026902031,923.0,864.0,6.3921993499458285
0.1,28.0,32,2026902032,667.0,528.0,20.839580209895054
0.1,28.0,33,2026902033,880.0,786.0000000000001,10.68181818181817
0.1,28.0,34,2026902034,948.0000000000001,821.0,13.39662447257385
0.1,28.0,35,2026902035,958.0,702.0,26.7223382045929
0.1,28.0,36,2026902036,963.0,766.0,20.456905503634477
0.1,28.0,37,2026902037,1014.9999999999999,868.0,14.482758620689646
0.1,28.0,38,2026902038,857.0,724.0,15.519253208868145
0.1,28.0,39,2026902039,881.0,746.0,15.32349602724177
0.1,28.0,40,2026902040,559.0,577.0,-3.2200357781753133
0.1,28.0,41,2026902041,1046.0,846.0,19.120458891013385
0.1,28.0,42,2026902042,1102.0,824.0000000000001,25.226860254083476
0.1,28.0,43,2026902043,683.0,541.0,20.790629575402637
0.1,28.0,44,2026902044,891.0,789.0,11.447811447811448
0.1,28.0,45,2026902045,607.0,539.0,11.202635914332784
0.1,28.0,46,2026902046,839.0,684.0,18.474374255065555
0.1,28.0,47,2026902047,892.0000000000001,702.0,21.300448430493283
0.1,28.0,48,2026902048,844.9999999999999,871.0000000000001,-3.076923076923104
0.1,28.0,49,2026902049,848.0,651.0,23.2311320754717
0.1,28.0,50,2026902050,941.0,673.0,28.480340063761954
0.1,28.0,51,2026902051,814.0,694.0,14.742014742014742
0.1,28.0,52,2026902052,507.0,429.00000000000006,15.384615384615374
0.1,28.0,53,2026902053,673.0,568.0,15.601783060921248
0.1,28.0,54,2026902054,580.0,437.0,24.655172413793103
0.1,28.0,55,2026902055,846.0,730.0,13.711583924349881
0.1,28.0,56,2026902056,873.0,684.0,21.649484536082475
0.1,28.0,57,2026902057,990.0000000000001,724.0,26.868686868686876
0.1,28.0,58,2026902058,635.0,545.0,14.173228346456693
0.1,28.0,59,2026902059,801.9999999999999,826.0,-2.99251870324191
0.1,28.0,60,2026902060,724.0,633.0,12.569060773480663
0.1,28.0,61,2026902061,706.0,644.0,8.78186968838527
0.1,28.0,62,2026902062,841.0000000000001,628.0,25.326991676575513
0.1,28.0,63,2026902063,786.0000000000001,643.0,18.193384223918585
0.1,28.0,64,2026902064,978.0,790.0000000000001,19.222903885480562
0.1,28.0,65,2026902065,677.0,629.0,7.0901033973412115
0.1,28.0,66,2026902066,823.0,682.0,17.132442284325638
0.1,28.0,67,2026902067,963.9999999999999,760.0,21.16182572614107
0.1,28.0,68,2026902068,996.0,774.0,22.289156626506024
0.1,28.0,69,2026902069,925.9999999999999,834.0,9.935205183585303
0.1,28.0,70,2026902070,667.0,733.0,-9.89505247376312
0.1,28.0,71,2026902071,559.0,572.0,-2.3255813953488373
0.1,28.0,72,2026902072,953.0,793.9999999999999,16.684155299055625
0.1,28.0,73,2026902073,1161.0,1054.0,9.21619293712317
0.1,28.0,74,2026902074,950.9999999999999,795.0,16.40378548895898
0.1,28.0,75,2026902075,550.0,473.0,14.0
0.1,28.0,76,2026902076,827.9999999999999,728.0,12.077294685990326
0.1,28.0,77,2026902077,990.0000000000001,840.0,15.151515151515161
0.1,28.0,78,2026902078,782.0,643.0,17.774936061381073
0.1,28.0,79,2026902079,837.0000000000001,779.0,6.929510155316619
0.1,28.0,80,2026902080,641.0,561.0,12.480499219968799
0.1,28.0,81,2026902081,688.0,556.0,19.186046511627907
0.1,28.0,82,2026902082,650.0,558.0,14.153846153846153
0.1,28.0,83,2026902083,945.0,949.0,-0.42328042328042326
0.1,28.0,84,2026902084,759.0,724.0,4.61133069828722
0.1,28.0,85,2026902085,990.0000000000001,800.0,19.1919191919192
0.1,28.0,86,2026902086,639.0,500.99999999999994,21.596244131455407
0.1,28.0,87,2026902087,860.0,711.0,17.325581395348838
0.1,28.0,88,2026902088,905.0000000000001,735.0,18.78453038674034
0.1,28.0,89,2026902089,800.0,770.0,3.75
0.1,28.0,90,2026902090,639.0,479.99999999999994,24.88262910798123
0.1,28.0,91,2026902091,809.0,639.0,21.013597033374538
0.1,28.0,92,2026902092,999.0000000000001,899.9999999999999,9.909909909909931
0.1,28.0,93,2026902093,831.0,614.0,26.113116726835138
0.1,28.0,94,2026902094,683.0,539.0,21.083455344070277
0.1,28.0,95,2026902095,1186.0,1038.0,12.478920741989882
0.1,28.0,96,2026902096,769.0,582.0,24.317295188556567
0.1,28.0,97,2026902097,1013.0,768.0,24.18558736426456
0.1,28.0,98,2026902098,851.0,778.0,8.578143360752057
0.1,28.0,99,2026902099,1058.0,992.0,6.238185255198488
0.7000000000000001,28.0,0,2026902000,855.0,394.0,53.91812865497076
0.7000000000000001,28.0,1,2026902001,790.0000000000001,355.0,55.06329113924052
0.7000000000000001,28.0,2,2026902002,711.0,301.0,57.66526019690577
0.7000000000000001,28.0,3,2026902003,662.0,286.0,56.797583081571
0.7000000000000001,28.0,4,2026902004,969.0000000000001,360.0,62.848297213622295
0.7000000000000001,28.0,5,2026902005,718.0,251.0,65.041782729805
0.7000000000000001,28.0,6,2026902006,666.0,299.0,55.1051051051051
0.7000000000000001,28.0,7,2026902007,664.0,277.0,58.28313253012048
0.7000000000000001,28.0,8,2026902008,932.0,389.0,58.261802575107296
0.7000000000000001,28.0,9,2026902009,877.0,369.0,57.92474344355758
0.7000000000000001,28.0,10,2026902010,861.9999999999999,349.0,59.51276102088166
0.7000000000000001,28.0,11,2026902011,670.0,266.0,60.298507462686565
0.7000000000000001,28.0,12,2026902012,835.9999999999999,380.0,54.54545454545453
0.7000000000000001,28.0,13,2026902013,882.9999999999999,449.99999999999994,49.037372593431485
0.7000000000000001,28.0,14,2026902014,1135.0,461.00000000000006,59.38325991189427
0.7000000000000001,28.0,15,2026902015,790.0000000000001,332.0,57.97468354430381
0.7000000000000001,28.0,16,2026902016,1078.0,464.0,56.957328385899814
0.7000000000000001,28.0,17,2026902017,842.0,355.0,57.83847980997625
0.7000000000000001,28.0,18,2026902018,830.0,383.0,53.855421686746986
0.7000000000000001,28.0,19,2026902019,921.0,327.0,64.49511400651465
0.7000000000000001,28.0,20,2026902020,936.0,326.0,65.17094017094017
0.7000000000000001,28.0,21,2026902021,1078.0,529.0,50.92764378478664
0.7000000000000001,28.0,22,2026902022,757.0,232.0,69.35270805812418
0.7000000000000001,28.0,23,2026902023,703.0,292.0,58.46372688477952
0.7000000000000001,28.0,24,2026902024,1028.0,371.0,63.91050583657587
0.7000000000000001,28.0,25,2026902025,987.0,405.0,58.96656534954408
0.7000000000000001,28.0,26,2026902026,757.0,348.0,54.02906208718626
0.7000000000000001,28.0,27,2026902027,804.0,402.0,50.0
0.7000000000000001,28.0,28,2026902028,876.0,333.0,61.986301369863014
0.7000000000000001,28.0,29,2026902029,788.0,367.0,53.4263959390863
0.7000000000000001,28.0,30,2026902030,568.0,250.0,55.985915492957744
0.7000000000000001,28.0,31,2026902031,923.0,457.0,50.4875406283857
0.7000000000000001,28.0,32,2026902032,667.0,268.0,59.82008995502249
0.7000000000000001,28.0,33,2026902033,880.0,377.0,57.15909090909091
0.7000000000000001,28.0,34,2026902034,948.0000000000001,409.0,56.85654008438819
0.7000000000000001,28.0,35,2026902035,958.0,400.99999999999994,58.1419624217119
0.7000000000000001,28.0,36,2026902036,963.0,378.0,60.74766355140187
0.7000000000000001,28.0,37,2026902037,1014.9999999999999,396.0,60.98522167487684
0.7000000000000001,28.0,38,2026902038,857.0,348.0,59.39323220536756
0.7000000000000001,28.0,39,2026902039,881.0,428.0,51.41884222474461
0.7000000000000001,28.0,40,2026902040,559.0,285.0,49.01610017889087
0.7000000000000001,28.0,41,2026902041,1046.0,417.99999999999994,60.038240917782026
0.7000000000000001,28.0,42,2026902042,1102.0,429.00000000000006,61.07078039927405
0.7000000000000001,28.0,43,2026902043,683.0,288.0,57.833089311859446
0.7000000000000001,28.0,44,2026902044,891.0,360.0,59.5959595959596
0.7000000000000001,28.0,45,2026902045,607.0,269.0,55.683690280065896
0.7000000000000001,28.0,46,2026902046,839.0,350.0,58.283671036948746
0.7000000000000001,28.0,47,2026902047,892.0000000000001,393.00000000000006,55.94170403587444
0.7000000000000001,28.0,48,2026902048,844.9999999999999,395.00000000000006,53.254437869822475
0.7000000000000001,28.0,49,2026902049,848.0,328.0,61.320754716981135
0.7000000000000001,28.0,50,2026902050,941.0,400.0,57.49202975557917
0.7000000000000001,28.0,51,2026902051,814.0,377.0,53.68550368550368
0.7000000000000001,28.0,52,2026902052,507.0,240.99999999999997,52.46548323471401
0.7000000000000001,28.0,53,2026902053,673.0,289.0,57.05794947994057
0.7000000000000001,28.0,54,2026902054,580.0,234.0,59.6551724137931
0.7000000000000001,28.0,55,2026902055,846.0,336.0,60.283687943262414
0.7000000000000001,28.0,56,2026902056,873.0,344.0,60.595647193585336
0.7000000000000001,28.0,57,2026902057,990.0000000000001,373.0,62.32323232323233
0.7000000000000001,28.0,58,2026902058,635.0,269.0,57.63779527559055
0.7000000000000001,28.0,59,2026902059,801.9999999999999,381.0,52.493765586034904
0.7000000000000001,28.0,60,2026902060,724.0,308.0,57.4585635359116
0.7000000000000001,28.0,61,2026902061,706.0,290.0,58.92351274787536
0.7000000000000001,28.0,62,2026902062,841.0000000000001,297.0,64.68489892984543
0.7000000000000001,28.0,63,2026902063,786.0000000000001,344.0,56.23409669211197
0.7000000000000001,28.0,64,2026902064,978.0,434.99999999999994,55.52147239263804
0.7000000000000001,28.0,65,2026902065,677.0,329.0,51.40324963072378
0.7000000000000001,28.0,66,2026902066,823.0,340.0,58.68772782503038
0.7000000000000001,28.0,67,2026902067,963.9999999999999,426.0,55.80912863070539
0.7000000000000001,28.0,68,2026902068,996.0,442.00000000000006,55.622489959839356
0.7000000000000001,28.0,69,2026902069,925.9999999999999,429.00000000000006,53.67170626349891
0.7000000000000001,28.0,70,2026902070,667.0,312.0,53.223388305847074
0.7000000000000001,28.0,71,2026902071,559.0,246.0,55.99284436493739
0.7000000000000001,28.0,72,2026902072,953.0,350.0,63.27387198321091
0.7000000000000001,28.0,73,2026902073,1161.0,481.99999999999994,58.484065460809646
0.7000000000000001,28.0,74,2026902074,950.9999999999999,355.0,62.67087276550998
0.7000000000000001,28.0,75,2026902075,550.0,247.0,55.09090909090909
0.7000000000000001,28.0,76,2026902076,827.9999999999999,384.0,53.623188405797094
0.7000000000000001,28.0,77,2026902077,990.0000000000001,382.0,61.41414141414142
0.7000000000000001,28.0,78,2026902078,782.0,351.0,55.1150895140665
0.7000000000000001,28.0,79,2026902079,837.0000000000001,333.0,60.21505376344087
0.7000000000000001,28.0,80,2026902080,641.0,277.0,56.78627145085803
0.7000000000000001,28.0,81,2026902081,688.0,304.0,55.81395348837209
0.7000000000000001,28.0,82,2026902082,650.0,289.0,55.53846153846154
0.7000000000000001,28.0,83,2026902083,945.0,423.0,55.23809523809524
0.7000000000000001,28.0,84,2026902084,759.0,344.0,54.6772068511199
0.7000000000000001,28.0,85,2026902085,990.0000000000001,313.0,68.3838383838384
0.7000000000000001,28.0,86,2026902086,639.0,227.0,64.47574334898279
0.7000000000000001,28.0,87,2026902087,860.0,352.0,59.06976744186046
0.7000000000000001,28.0,88,2026902088,905.0000000000001,354.0,60.883977900552495
0.7000000000000001,28.0,89,2026902089,800.0,337.0,57.875
0.7000000000000001,28.0,90,2026902090,639.0,301.0,52.895148669796555
0.7000000000000001,28.0,91,2026902091,809.0,331.0,59.08529048207664
0.7000000000000001,28.0,92,2026902092,999.0000000000001,458.0,54.15415415415416
0.7000000000000001,28.0,93,2026902093,831.0,273.0,67.14801444043322
0.7000000000000001,28.0,94,2026902094,683.0,246.0,63.98243045387994
0.7000000000000001,28.0,95,2026902095,1186.0,460.0,61.214165261382796
0.7000000000000001,28.0,96,2026902096,769.0,296.0,61.508452535760725
0.7000000000000001,28.0,97,2026902097,1013.0,405.0,60.01974333662389
0.7000000000000001,28.0,98,2026902098,851.0,360.0,57.69682726204465
0.7000000000000001,28.0,99,2026902099,1058.0,466.99999999999994,55.860113421550096
0.2,28.0,0,2026902000,855.0,751.0,12.163742690058479
0.2,28.0,1,2026902001,790.0000000000001,661.0,16.329113924050645
0.2,28.0,2,2026902002,711.0,568.0,20.112517580872012
0.2,28.0,3,2026902003,662.0,464.99999999999994,29.75830815709971
0.2,28.0,4,2026902004,969.0000000000001,653.0,32.61093911248711
0.2,28.0,5,2026902005,718.0,455.0,36.629526462395546
0.2,28.0,6,2026902006,666.0,479.0,28.07807807807808
0.2,28.0,7,2026902007,664.0,536.0,19.27710843373494
0.2,28.0,8,2026902008,932.0,670.0,28.111587982832617
0.2,28.0,9,2026902009,877.0,729.0,16.875712656784494
0.2,28.0,10,2026902010,861.9999999999999,590.0,31.554524361948946
0.2,28.0,11,2026902011,670.0,486.0,27.46268656716418
0.2,28.0,12,2026902012,835.9999999999999,743.0,11.124401913875587
0.2,28.0,13,2026902013,882.9999999999999,719.0,18.57304643261607
0.2,28.0,14,2026902014,1135.0,830.0,26.87224669603524
0.2,28.0,15,2026902015,790.0000000000001,595.0,24.68354430379748
0.2,28.0,16,2026902016,1078.0,827.9999999999999,23.191094619666057
0.2,28.0,17,2026902017,842.0,603.0,28.38479809976247
0.2,28.0,18,2026902018,830.0,759.0,8.55421686746988
0.2,28.0,19,2026902019,921.0,627.0,31.921824104234528
0.2,28.0,20,2026902020,936.0,558.0,40.38461538461539
0.2,28.0,21,2026902021,1078.0,852.9999999999999,20.871985157699452
0.2,28.0,22,2026902022,757.0,460.0,39.233817701453106
0.2,28.0,23,2026902023,703.0,544.0,22.617354196301566
0.2,28.0,24,2026902024,1028.0,717.0,30.252918287937742
0.2,28.0,25,2026902025,987.0,615.0,37.68996960486322
0.2,28.0,26,2026902026,757.0,566.0,25.23117569352708
0.2,28.0,27,2026902027,804.0,714.0,11.194029850746269
0.2,28.0,28,2026902028,876.0,653.0,25.45662100456621
0.2,28.0,29,2026902029,788.0,636.0,19.289340101522843
0.2,28.0,30,2026902030,568.0,468.0,17.6056338028169
0.2,28.0,31,2026902031,923.0,694.0,24.810400866738895
0.2,28.0,32,2026902032,667.0,487.0,26.986506746626688
0.2,28.0,33,2026902033,880.0,617.0,29.886363636363637
0.2,28.0,34,2026902034,948.0000000000001,777.0,18.037974683544313
0.2,28.0,35,2026902035,958.0,678.0,29.227557411273487
0.2,28.0,36,2026902036,963.0,735.0,23.67601246105919
0.2,28.0,37,2026902037,1014.9999999999999,783.0,22.85714285714285
0.2,28.0,38,2026902038,857.0,568.0,33.722287047841306
0.2,28.0,39,2026902039,881.0,628.0,28.717366628830874
0.2,28.0,40,2026902040,559.0,477.0,14.669051878354203
0.2,28.0,41,2026902041,1046.0,830.0,20.650095602294456
0.2,28.0,42,2026902042,1102.0,753.0,31.669691470054445
0.2,28.0,43,2026902043,683.0,495.00000000000006,27.525622254758407
0.2,28.0,44,2026902044,891.0,676.0,24.130190796857462
0.2,28.0,45,2026902045,607.0,466.0,23.228995057660626
0.2,28.0,46,2026902046,839.0,545.0,35.04171632896305
0.2,28.0,47,2026902047,892.0000000000001,680.0,23.766816143497767
0.2,28.0,48,2026902048,844.9999999999999,800.0,5.325443786982237
0.2,28.0,49,2026902049,848.0,551.0,35.02358490566038
0.2,28.0,50,2026902050,941.0,614.0,34.75026567481403
0.2,28.0,51,2026902051,814.0,712.0,12.530712530712531
0.2,28.0,52,2026902052,507.0,370.0,27.021696252465482
0.2,28.0,53,2026902053,673.0,557.0,17.236255572065378
0.2,28.0,54,2026902054,580.0,426.0,26.551724137931036
0.2,28.0,55,2026902055,846.0,662.0,21.749408983451538
0.2,28.0,56,2026902056,873.0,545.0,37.57159221076747
0.2,28.0,57,2026902057,990.0000000000001,598.0,39.595959595959606
0.2,28.0,58,2026902058,635.0,559.0,11.968503937007874
0.2,28.0,59,2026902059,801.9999999999999,695.0,13.341645885286772
0.2,28.0,60,2026902060,724.0,573.0,20.85635359116022
0.2,28.0,61,2026902061,706.0,500.99999999999994,29.03682719546743
0.2,28.0,62,2026902062,841.0000000000001,597.0,29.013079667063028
0.2,28.0,63,2026902063,786.0000000000001,622.0,20.865139949109427
0.2,28.0,64,2026902064,978.0,757.0,22.597137014314928
0.2,28.0,65,2026902065,677.0,507.0,25.110782865583456
0.2,28.0,66,2026902066,823.0,570.0,30.741190765492103
0.2,28.0,67,2026902067,963.9999999999999,817.0,15.24896265560165
0.2,28.0,68,2026902068,996.0,740.0,25.70281124497992
0.2,28.0,69,2026902069,925.9999999999999,752.0,18.79049676025917
0.2,28.0,70,2026902070,667.0,548.0,17.841079460269864
0.2,28.0,71,2026902071,559.0,417.0,25.402504472271914
0.2,28.0,72,2026902072,953.0,680.0,28.64637985309549
0.2,28.0,73,2026902073,1161.0,959.9999999999999,17.31266149870802
0.2,28.0,74,2026902074,950.9999999999999,758.0,20.29442691903259
0.2,28.0,75,2026902075,550.0,392.0,28.727272727272727
0.2,28.0,76,2026902076,827.9999999999999,705.0,14.855072463768105
0.2,28.0,77,2026902077,990.0000000000001,636.0,35.757575757575765
0.2,28.0,78,2026902078,782.0,542.0,30.690537084398976
0.2,28.0,79,2026902079,837.0000000000001,598.0,28.554360812425337
0.2,28.0,80,2026902080,641.0,539.0,15.912636505460219
0.2,28.0,81,2026902081,688.0,520.0,24.41860465116279
0.2,28.0,82,2026902082,650.0,507.0,22.0
0.2,28.0,83,2026902083,945.0,752.0,20.423280423280424
0.2,28.0,84,2026902084,759.0,621.0,18.181818181818183
0.2,28.0,85,2026902085,990.0000000000001,609.0,38.4848484848485
0.2,28.0,86,2026902086,639.0,437.0,31.61189358372457
0.2,28.0,87,2026902087,860.0,635.0,26.162790697674417
0.2,28.0,88,2026902088,905.0000000000001,660.0,27.0718232044199
0.2,28.0,89,2026902089,800.0,549.0,31.375
0.2,28.0,90,2026902090,639.0,470.0,26.447574334898277
0.2,28.0,91,2026902091,809.0,635.0,21.508034610630407
0.2,28.0,92,2026902092,999.0000000000001,757.0,24.224224224224233
0.2,28.0,93,2026902093,831.0,541.0,34.89771359807461
0.2,28.0,94,2026902094,683.0,464.99999999999994,31.918008784773072
0.2,28.0,95,2026902095,1186.0,876.0,26.138279932546375
0.2,28.0,96,2026902096,769.0,553.0,28.088426527958386
0.2,28.0,97,2026902097,1013.0,675.0,33.36623889437315
0.2,28.0,98,2026902098,851.0,691.0,18.80141010575793
0.2,28.0,99,2026902099,1058.0,814.0,23.062381852551987
0.8,28.0,0,2026902000,855.0,336.0,60.70175438596491
0.8,28.0,1,2026902001,790.0000000000001,333.0,57.8481012658228
0.8,28.0,2,2026902002,711.0,295.0,58.50914205344585
0.8,28.0,3,2026902003,662.0,287.0,56.646525679758305
0.8,28.0,4,2026902004,969.0000000000001,322.0,66.76986584107328
0.8,28.0,5,2026902005,718.0,247.0,65.59888579387187
0.8,28.0,6,2026902006,666.0,259.0,61.111111111111114
0.8,28.0,7,2026902007,664.0,252.0,62.04819277108434
0.8,28.0,8,2026902008,932.0,382.0,59.012875536480685
0.8,28.0,9,2026902009,877.0,344.0,60.77537058152794
0.8,28.0,10,2026902010,861.9999999999999,321.0,62.761020881670525
0.8,28.0,11,2026902011,670.0,268.0,60.0
0.8,28.0,12,2026902012,835.9999999999999,341.0,59.210526315789465
0.8,28.0,13,2026902013,882.9999999999999,432.0,51.07587768969422
0.8,28.0,14,2026902014,1135.0,402.0,64.58149779735683
0.8,28.0,15,2026902015,790.0000000000001,330.0,58.227848101265835
0.8,28.0,16,2026902016,1078.0,419.0,61.131725417439704
0.8,28.0,17,2026902017,842.0,317.0,62.351543942992876
0.8,28.0,18,2026902018,830.0,384.0,53.734939759036145
0.8,28.0,19,2026902019,921.0,323.0,64.92942453854506
0.8,28.0,20,2026902020,936.0,291.0,68.91025641025641
0.8,28.0,21,2026902021,1078.0,449.0,58.34879406307978
0.8,28.0,22,2026902022,757.0,215.0,71.59841479524438
0.8,28.0,23,2026902023,703.0,261.0,62.87339971550498
0.8,28.0,24,2026902024,1028.0,338.0,67.12062256809338
0.8,28.0,25,2026902025,987.0,384.0,61.09422492401216
0.8,28.0,26,2026902026,757.0,301.0,60.23778071334214
0.8,28.0,27,2026902027,804.0,358.0,55.472636815920396
0.8,28.0,28,2026902028,876.0,325.0,62.89954337899543
0.8,28.0,29,2026902029,788.0,344.0,56.34517766497462
0.8,28.0,30,2026902030,568.0,223.00000000000003,60.73943661971831
0.8,28.0,31,2026902031,923.0,421.0,54.38786565547129
0.8,28.0,32,2026902032,667.0,252.0,62.21889055472264
0.8,28.0,33,2026902033,880.0,380.0,56.81818181818182
0.8,28.0,34,2026902034,948.0000000000001,382.0,59.70464135021098
0.8,28.0,35,2026902035,958.0,361.0,62.31732776617954
0.8,28.0,36,2026902036,963.0,349.0,63.75908618899273
0.8,28.0,37,2026902037,1014.9999999999999,370.0,63.54679802955664
0.8,28.0,38,2026902038,857.0,320.0,62.66044340723454
0.8,28.0,39,2026902039,881.0,372.0,57.77525539160045
0.8,28.0,40,2026902040,559.0,256.0,54.203935599284435
0.8,28.0,41,2026902041,1046.0,379.0,63.766730401529635
0.8,28.0,42,2026902042,1102.0,387.0,64.88203266787659
0.8,28.0,43,2026902043,683.0,232.0,66.03221083455344
0.8,28.0,44,2026902044,891.0,346.0,61.1672278338945
0.8,28.0,45,2026902045,607.0,231.0,61.943986820428336
0.8,28.0,46,2026902046,839.0,326.0,61.14421930870083
0.8,28.0,47,2026902047,892.0000000000001,354.0,60.31390134529149
0.8,28.0,48,2026902048,844.9999999999999,360.0,57.396449704142
0.8,28.0,49,2026902049,848.0,305.0,64.03301886792453
0.8,28.0,50,2026902050,941.0,351.0,62.69925611052072
0.8,28.0,51,2026902051,814.0,338.0,58.47665847665848
0.8,28.0,52,2026902052,507.0,212.0,58.185404339250496
0.8,28.0,53,2026902053,673.0,235.0,65.0817236255572
0.8,28.0,54,2026902054,580.0,194.0,66.55172413793103
0.8,28.0,55,2026902055,846.0,295.0,65.13002364066193
0.8,28.0,56,2026902056,873.0,321.0,63.23024054982818
0.8,28.0,57,2026902057,990.0000000000001,353.0,64.34343434343435
0.8,28.0,58,2026902058,635.0,254.00000000000003,60.0
0.8,28.0,59,2026902059,801.9999999999999,362.0,54.86284289276807
0.8,28.0,60,2026902060,724.0,291.0,59.806629834254146
0.8,28.0,61,2026902061,706.0,256.0,63.73937677053824
0.8,28.0,62,2026902062,841.0000000000001,305.0,63.73365041617124
0.8,28.0,63,2026902063,786.0000000000001,327.0,58.3969465648855
0.8,28.0,64,2026902064,978.0,417.0,57.36196319018405
0.8,28.0,65,2026902065,677.0,330.0,51.25553914327917
0.8,28.0,66,2026902066,823.0,330.0,59.90279465370595
0.8,28.0,67,2026902067,963.9999999999999,388.0,59.751037344398334
0.8,28.0,68,2026902068,996.0,447.0,55.12048192771084
0.8,28.0,69,2026902069,925.9999999999999,358.0,61.339092872570184
0.8,28.0,70,2026902070,667.0,302.0,54.72263868065967
0.8,28.0,71,2026902071,559.0,236.0,57.78175313059034
0.8,28.0,72,2026902072,953.0,348.0,63.48373557187828
0.8,28.0,73,2026902073,1161.0,476.00000000000006,59.000861326442724
0.8,28.0,74,2026902074,950.9999999999999,356.0,62.56572029442691
0.8,28.0,75,2026902075,550.0,235.0,57.27272727272727
0.8,28.0,76,2026902076,827.9999999999999,375.0,54.71014492753622
0.8,28.0,77,2026902077,990.0000000000001,348.0,64.84848484848486
0.8,28.0,78,2026902078,782.0,316.0,59.59079283887468
0.8,28.0,79,2026902079,837.0000000000001,297.0,64.51612903225808
0.8,28.0,80,2026902080,641.0,271.0,57.72230889235569
0.8,28.0,81,2026902081,688.0,278.0,59.593023255813954
0.8,28.0,82,2026902082,650.0,279.0,57.07692307692308
0.8,28.0,83,2026902083,945.0,403.0,57.354497354497354
0.8,28.0,84,2026902084,759.0,309.0,59.28853754940712
0.8,28.0,85,2026902085,990.0000000000001,288.0,70.90909090909092
0.8,28.0,86,2026902086,639.0,219.0,65.72769953051643
0.8,28.0,87,2026902087,860.0,304.0,64.65116279069767
0.8,28.0,88,2026902088,905.0000000000001,335.0,62.983425414364646
0.8,28.0,89,2026902089,800.0,335.0,58.125
0.8,28.0,90,2026902090,639.0,260.0,59.31142410015649
0.8,28.0,91,2026902091,809.0,303.0,62.54635352286774
0.8,28.0,92,2026902092,999.0000000000001,407.0,59.25925925925927
0.8,28.0,93,2026902093,831.0,252.0,69.67509025270758
0.8,28.0,94,2026902094,683.0,245.0,64.12884333821377
0.8,28.0,95,2026902095,1186.0,475.0,59.94940978077572
0.8,28.0,96,2026902096,769.0,295.0,61.63849154746424
0.8,28.0,97,2026902097,1013.0,346.0,65.84402764067127
0.8,28.0,98,2026902098,851.0,351.0,58.75440658049354
0.8,28.0,99,2026902099,1058.0,426.0,59.73534971644612
