analysis,base_deaths,coverage,max_vaccines,mortality_reduction_pct,radius,replicate,risk,scenario_deaths,seed,ve_i,ve_m
fig3_risk_compensation,993.0,0.4,0,80.86606243705941,2,0,1.0,190.0,2026705000,0.75,0.75
fig3_risk_compensation,945.0,0.4,0,78.3068783068783,2,1,1.0,205.00000000000003,2026705001,0.75,0.75
fig3_risk_compensation,621.0,0.4,0,71.17552334943639,2,2,1.0,179.0,2026705002,0.75,0.75
fig3_risk_compensation,479.99999999999994,0.4,0,70.0,2,3,1.0,144.0,2026705003,0.75,0.75
fig3_risk_compensation,537.0,0.4,0,69.08752327746741,2,4,1.0,166.0,2026705004,0.75,0.75
fig3_risk_compensation,826.0,0.4,0,84.01937046004842,2,5,1.0,132.0,2026705005,0.75,0.75
fig3_risk_compensation,931.0,0.4,0,84.5327604726101,2,6,1.0,144.0,2026705006,0.75,0.75
fig3_risk_compensation,884.0000000000001,0.4,0,74.6606334841629,2,7,1.0,223.99999999999997,2026705007,0.75,0.75
fig3_risk_compensation,955.0,0.4,0,77.06806282722513,2,8,1.0,219.0,2026705008,0.75,0.75
fig3_risk_compensation,1014.0,0.4,0,76.33136094674556,2,9,1.0,239.99999999999997,2026705009,0.75,0.75
fig3_risk_compensation,946.9999999999999,0.4,0,81.09820485744456,2,10,1.0,179.0,2026705010,0.75,0.75
fig3_risk_compensation,984.0,0.4,0,77.84552845528455,2,11,1.0,218.0,2026705011,0.75,0.75
fig3_risk_compensation,1120.0,0.4,0,83.83928571428571,2,12,1.0,181.0,2026705012,0.75,0.75
fig3_risk_compensation,781.0,0.4,0,73.4955185659411,2,13,1.0,206.99999999999997,2026705013,0.75,0.75
fig3_risk_compensation,1169.0,0.4,0,80.32506415739948,2,14,1.0,230.0,2026705014,0.75,0.75
fig3_risk_compensation,903.0,0.4,0,73.421926910299,2,15,1.0,239.99999999999997,2026705015,0.75,0.75
fig3_risk_compensation,906.0,0.4,0,76.49006622516556,2,16,1.0,213.0,2026705016,0.75,0.75
fig3_risk_compensation,979.0,0.4,0,76.91521961184883,2,17,1.0,225.99999999999997,2026705017,0.75,0.75
fig3_risk_compensation,692.0,0.4,0,79.76878612716763,2,18,1.0,140.0,2026705018,0.75,0.75
fig3_risk_compensation,755.0,0.4,0,78.27814569536424,2,19,1.0,164.0,2026705019,0.75,0.75
fig3_risk_compensation,758.0,0.4,0,75.32981530343008,2,20,1.0,187.0,2026705020,0.75,0.75
fig3_risk_compensation,971.0,0.4,0,80.74150360453142,2,21,1.0,187.0,2026705021,0.75,0.75
fig3_risk_compensation,737.0,0.4,0,78.42605156037992,2,22,1.0,159.0,2026705022,0.75,0.75
fig3_risk_compensation,1068.0,0.4,0,75.93632958801498,2,23,1.0,257.0,2026705023,0.75,0.75
fig3_risk_compensation,569.0,0.4,0,74.34094903339192,2,24,1.0,146.0,2026705024,0.75,0.75
fig3_risk_compensation,873.0,0.4,0,75.14318442153494,2,25,1.0,217.0,2026705025,0.75,0.75
fig3_risk_compensation,651.0,0.4,0,82.94930875576037,2,26,1.0,111.00000000000001,2026705026,0.75,0.75
fig3_risk_compensation,635.0,0.4,0,66.14173228346456,2,27,1.0,215.0,2026705027,0.75,0.75
fig3_risk_compensation,925.0,0.4,0,79.67567567567568,2,28,1.0,188.0,2026705028,0.75,0.75
fig3_risk_compensation,1021.0,0.4,0,83.2517140058766,2,29,1.0,171.0,2026705029,0.75,0.75
fig3_risk_compensation,829.0,0.4,0,74.18576598311218,2,30,1.0,214.0,2026705030,0.75,0.75
fig3_risk_compensation,868.0,0.4,0,81.33640552995392,2,31,1.0,162.0,2026705031,0.75,0.75
fig3_risk_compensation,745.0,0.4,0,79.19463087248322,2,32,1.0,155.0,2026705032,0.75,0.75
fig3_risk_compensation,720.0,0.4,0,74.30555555555556,2,33,1.0,185.0,2026705033,0.75,0.75
fig3_risk_compensation,1004.0,0.4,0,73.40637450199203,2,34,1.0,267.0,2026705034,0.75,0.75
fig3_risk_compensation,826.0,0.4,0,78.69249394673123,2,35,1.0,176.0,2026705035,0.75,0.75
fig3_risk_compensation,841.0000000000001,0.4,0,81.45065398335316,2,36,1.0,156.0,2026705036,0.75,0.75
fig3_risk_compensation,876.0,0.4,0,69.40639269406392,2,37,1.0,268.0,2026705037,0.75,0.75
fig3_risk_compensation,656.0,0.4,0,79.8780487804878,2,38,1.0,132.0,2026705038,0.75,0.75
fig3_risk_compensation,602.0,0.4,0,71.42857142857143,2,39,1.0,172.0,2026705039,0.75,0.75
fig3_risk_compensation,789.0,0.4,0,69.83523447401774,2,40,1.0,238.00000000000003,2026705040,0.75,0.75
fig3_risk_compensation,779.0,0.4,0,74.1976893453145,2,41,1.0,201.0,2026705041,0.75,0.75
fig3_risk_compensation,1003.0000000000001,0.4,0,79.8604187437687,2,42,1.0,202.0,2026705042,0.75,0.75
fig3_risk_compensation,745.0,0.4,0,77.58389261744966,2,43,1.0,167.0,2026705043,0.75,0.75
fig3_risk_compensation,1060.0,0.4,0,88.9622641509434,2,44,1.0,117.0,2026705044,0.75,0.75
fig3_risk_compensation,953.0,0.4,0,78.69884575026234,2,45,1.0,203.0,2026705045,0.75,0.75
fig3_risk_compensation,653.0,0.4,0,76.26339969372128,2,46,1.0,155.0,2026705046,0.75,0.75
fig3_risk_compensation,837.0000000000001,0.4,0,74.43249701314218,2,47,1.0,214.0,2026705047,0.75,0.75
fig3_risk_compensation,889.0,0.4,0,80.08998875140607,2,48,1.0,177.0,2026705048,0.75,0.75
fig3_risk_compensation,1050.0,0.4,0,83.04761904761905,2,49,1.0,178.0,2026705049,0.75,0.75
fig3_risk_compensation,999.0000000000001,0.4,0,80.58058058058059,2,50,1.0,194.0,2026705050,0.75,0.75
fig3_risk_compensation,907.0,0.4,0,82.35942668136714,2,51,1.0,160.0,2026705051,0.75,0.75
fig3_risk_compensation,949.0,0.4,0,82.50790305584826,2,52,1.0,166.0,2026705052,0.75,0.75
fig3_risk_compensation,693.0,0.4,0,74.31457431457432,2,53,1.0,178.0,2026705053,0.75,0.75
fig3_risk_compensation,893.0,0.4,0,76.1478163493841,2,54,1.0,213.0,2026705054,0.75,0.75
fig3_risk_compensation,1027.0,0.4,0,83.93378773125609,2,55,1.0,165.0,2026705055,0.75,0.75
fig3_risk_compensation,736.0,0.4,0,68.75,2,56,1.0,230.0,2026705056,0.75,0.75
fig3_risk_compensation,805.0,0.4,0,79.00621118012423,2,57,1.0,169.0,2026705057,0.75,0.75
fig3_risk_compensation,1025.0,0.4,0,77.65853658536585,2,58,1.0,229.0,2026705058,0.75,0.75
fig3_risk_compensation,768.0,0.4,0,75.78125,2,59,1.0,186.0,2026705059,0.75,0.75
fig3_risk_compensation,733.0,0.4,0,72.98772169167803,2,60,1.0,198.0,2026705060,0.75,0.75
fig3_risk_compensation,835.0,0.4,0,80.95808383233533,2,61,1.0,159.0,2026705061,0.75,0.75
fig3_risk_compensation,801.0,0.4,0,80.52434456928839,2,62,1.0,156.0,2026705062,0.75,0.75
fig3_risk_compensation,923.0,0.4,0,81.14842903575298,2,63,1.0,174.0,2026705063,0.75,0.75
fig3_risk_compensation,1022.0,0.4,0,82.7788649706458,2,64,1.0,176.0,2026705064,0.75,0.75
fig3_risk_compensation,914.0,0.4,0,76.58643326039387,2,65,1.0,214.0,2026705065,0.75,0.75
fig3_risk_compensation,800.0,0.4,0,81.375,2,66,1.0,149.0,2026705066,0.75,0.75
fig3_risk_compensation,724.0,0.4,0,71.68508287292818,2,67,1.0,205.00000000000003,2026705067,0.75,0.75
fig3_risk_compensation,702.0,0.4,0,78.4900284900285,2,68,1.0,151.0,2026705068,0.75,0.75
fig3_risk_compensation,788.0,0.4,0,75.63451776649747,2,69,1.0,192.0,2026705069,0.75,0.75
fig3_risk_compensation,825.0,0.4,0,78.42424242424242,2,70,1.0,178.0,2026705070,0.75,0.75
fig3_risk_compensation,937.0,0.4,0,81.96371398078975,2,71,1.0,169.0,2026705071,0.75,0.75
fig3_risk_compensation,742.0,0.4,0,76.54986522911051,2,72,1.0,174.0,2026705072,0.75,0.75
fig3_risk_compensation,675.0,0.4,0,76.44444444444444,2,73,1.0,159.0,2026705073,0.75,0.75
fig3_risk_compensation,809.0,0.4,0,79.97527812113721,2,74,1.0,162.0,2026705074,0.75,0.75
fig3_risk_compensation,790.0000000000001,0.4,0,80.12658227848102,2,75,1.0,157.0,2026705075,0.75,0.75
fig3_risk_compensation,772.0,0.4,0,70.07772020725389,2,76,1.0,231.0,2026705076,0.75,0.75
fig3_risk_compensation,861.0,0.4,0,82.92682926829268,2,77,1.0,147.0,2026705077,0.75,0.75
fig3_risk_compensation,980.9999999999999,0.4,0,82.77268093781855,2,78,1.0,169.0,2026705078,0.75,0.75
fig3_risk_compensation,761.0,0.4,0,77.00394218134034,2,79,1.0,175.0,2026705079,0.75,0.75
fig3_risk_compensation,844.9999999999999,0.4,0,78.10650887573964,2,80,1.0,185.0,2026705080,0.75,0.75
fig3_risk_compensation,599.0,0.4,0,81.63606010016694,2,81,1.0,110.0,2026705081,0.75,0.75
fig3_risk_compensation,1001.9999999999999,0.4,0,76.94610778443113,2,82,1.0,231.0,2026705082,0.75,0.75
fig3_risk_compensation,826.0,0.4,0,82.08232445520581,2,83,1.0,148.0,2026705083,0.75,0.75
fig3_risk_compensation,838.0,0.4,0,79.83293556085918,2,84,1.0,169.0,2026705084,0.75,0.75
fig3_risk_compensation,509.0,0.4,0,76.2278978388998,2,85,1.0,120.99999999999999,2026705085,0.75,0.75
fig3_risk_compensation,533.0,0.4,0,74.48405253283302,2,86,1.0,136.0,2026705086,0.75,0.75
fig3_risk_compensation,1029.0,0.4,0,80.466472303207,2,87,1.0,201.0,2026705087,0.75,0.75
fig3_risk_compensation,803.0000000000001,0.4,0,76.7123287671233,2,88,1.0,187.0,2026705088,0.75,0.75
fig3_risk_compensation,898.0,0.4,0,79.9554565701559,2,89,1.0,180.0,2026705089,0.75,0.75
fig3_risk_compensation,957.0,0.4,0,73.35423197492163,2,90,1.0,255.00000000000003,2026705090,0.75,0.75
fig3_risk_compensation,564.0,0.4,0,74.29078014184397,2,91,1.0,145.0,2026705091,0.75,0.75
fig3_risk_compensation,786.0000000000001,0.4,0,74.80916030534353,2,92,1.0,198.0,2026705092,0.75,0.75
fig3_risk_compensation,605.0,0.4,0,76.03305785123968,2,93,1.0,145.0,2026705093,0.75,0.75
fig3_risk_compensation,787.0,0.4,0,77.38246505717916,2,94,1.0,178.0,2026705094,0.75,0.75
fig3_risk_compensation,690.0,0.4,0,79.1304347826087,2,95,1.0,144.0,2026705095,0.75,0.75
fig3_risk_compensation,931.0,0.4,0,84.1031149301826,2,96,1.0,148.0,2026705096,0.75,0.75
fig3_risk_compensation,731.0,0.4,0,74.14500683994528,2,97,1.0,189.0,2026705097,0.75,0.75
fig3_risk_compensation,647.0,0.4,0,77.58887171561051,2,98,1.0,145.0,2026705098,0.75,0.75
fig3_risk_compensation,924.0,0.4,0,84.95670995670996,2,99,1.0,139.0,2026705099,0.75,0.75
fig3_risk_compensation,865.0,0.4,0,79.07514450867052,2,0,1.0,181.0,2026706000,0.9,0.9
fig3_risk_compensation,878.0,0.4,0,80.18223234624146,2,1,1.0,174.0,2026706001,0.9,0.9
fig3_risk_compensation,715.0,0.4,0,78.18181818181819,2,2,1.0,156.0,2026706002,0.9,0.9
fig3_risk_compensation,447.99999999999994,0.4,0,78.57142857142857,2,3,1.0,96.0,2026706003,0.9,0.9
fig3_risk_compensation,919.0,0.4,0,79.4341675734494,2,4,1.0,189.0,2026706004,0.9,0.9
fig3_risk_compensation,1277.0,0.4,0,84.41660140955364,2,5,1.0,199.0,2026706005,0.9,0.9
fig3_risk_compensation,817.0,0.4,0,77.60097919216646,2,6,1.0,183.0,2026706006,0.9,0.9
fig3_risk_compensation,839.0,0.4,0,80.0953516090584,2,7,1.0,167.0,2026706007,0.9,0.9
fig3_risk_compensation,967.0,0.4,0,81.90279214064115,2,8,1.0,175.0,2026706008,0.9,0.9
fig3_risk_compensation,649.0,0.4,0,78.73651771956857,2,9,1.0,138.0,2026706009,0.9,0.9
fig3_risk_compensation,618.0,0.4,0,77.66990291262135,2,10,1.0,138.0,2026706010,0.9,0.9
fig3_risk_compensation,779.0,0.4,0,77.53530166880616,2,11,1.0,175.0,2026706011,0.9,0.9
fig3_risk_compensation,749.0,0.4,0,81.30841121495327,2,12,1.0,140.0,2026706012,0.9,0.9
fig3_risk_compensation,659.0,0.4,0,73.59635811836115,2,13,1.0,174.0,2026706013,0.9,0.9
fig3_risk_compensation,738.0,0.4,0,77.23577235772358,2,14,1.0,168.0,2026706014,0.9,0.9
fig3_risk_compensation,1282.0,0.4,0,78.62714508580343,2,15,1.0,274.0,2026706015,0.9,0.9
fig3_risk_compensation,1219.0,0.4,0,83.01886792452831,2,16,1.0,206.99999999999997,2026706016,0.9,0.9
fig3_risk_compensation,716.0,0.4,0,76.81564245810056,2,17,1.0,166.0,2026706017,0.9,0.9
fig3_risk_compensation,607.0,0.4,0,79.07742998352553,2,18,1.0,127.00000000000001,2026706018,0.9,0.9
fig3_risk_compensation,741.0,0.4,0,73.8191632928475,2,19,1.0,194.0,2026706019,0.9,0.9
fig3_risk_compensation,786.0000000000001,0.4,0,76.08142493638678,2,20,1.0,188.0,2026706020,0.9,0.9
fig3_risk_compensation,544.0,0.4,0,81.25,2,21,1.0,102.00000000000001,2026706021,0.9,0.9
fig3_risk_compensation,1124.0,0.4,0,84.4306049822064,2,22,1.0,175.0,2026706022,0.9,0.9
fig3_risk_compensation,699.0,0.4,0,80.82975679542203,2,23,1.0,134.0,2026706023,0.9,0.9
fig3_risk_compensation,834.0,0.4,0,80.81534772182255,2,24,1.0,160.0,2026706024,0.9,0.9
fig3_risk_compensation,1073.0,0.4,0,74.65051258154706,2,25,1.0,272.0,2026706025,0.9,0.9
fig3_risk_compensation,726.0,0.4,0,76.5840220385675,2,26,1.0,170.0,2026706026,0.9,0.9
fig3_risk_compensation,1138.0,0.4,0,84.27065026362038,2,27,1.0,179.0,2026706027,0.9,0.9
fig3_risk_compensation,791.0,0.4,0,68.52085967130215,2,28,1.0,249.0,2026706028,0.9,0.9
fig3_risk_compensation,812.0,0.4,0,83.62068965517241,2,29,1.0,133.0,2026706029,0.9,0.9
fig3_risk_compensation,901.0000000000001,0.4,0,81.90899001109878,2,30,1.0,163.0,2026706030,0.9,0.9
fig3_risk_compensation,687.0,0.4,0,80.49490538573508,2,31,1.0,134.0,2026706031,0.9,0.9
fig3_risk_compensation,860.0,0.4,0,78.48837209302326,2,32,1.0,185.0,2026706032,0.9,0.9
fig3_risk_compensation,823.0,0.4,0,79.34386391251519,2,33,1.0,170.0,2026706033,0.9,0.9
fig3_risk_compensation,1150.0,0.4,0,80.95652173913044,2,34,1.0,219.0,2026706034,0.9,0.9
fig3_risk_compensation,781.0,0.4,0,76.95262483994878,2,35,1.0,180.0,2026706035,0.9,0.9
fig3_risk_compensation,957.0,0.4,0,76.59352142110762,2,36,1.0,223.99999999999997,2026706036,0.9,0.9
fig3_risk_compensation,734.0,0.4,0,75.74931880108991,2,37,1.0,178.0,2026706037,0.9,0.9
fig3_risk_compensation,1231.0,0.4,0,87.32737611697807,2,38,1.0,156.0,2026706038,0.9,0.9
fig3_risk_compensation,944.0,0.4,0,82.20338983050847,2,39,1.0,168.0,2026706039,0.9,0.9
fig3_risk_compensation,760.0,0.4,0,83.15789473684211,2,40,1.0,128.0,2026706040,0.9,0.9
fig3_risk_compensation,690.0,0.4,0,74.20289855072464,2,41,1.0,178.0,2026706041,0.9,0.9
fig3_risk_compensation,758.0,0.4,0,72.69129287598945,2,42,1.0,206.99999999999997,2026706042,0.9,0.9
fig3_risk_compensation,593.0,0.4,0,79.0893760539629,2,43,1.0,124.0,2026706043,0.9,0.9
fig3_risk_compensation,810.0,0.4,0,82.46913580246914,2,44,1.0,142.0,2026706044,0.9,0.9
fig3_risk_compensation,844.9999999999999,0.4,0,80.71005917159762,2,45,1.0,163.0,2026706045,0.9,0.9
fig3_risk_compensation,928.0,0.4,0,83.62068965517241,2,46,1.0,152.0,2026706046,0.9,0.9
fig3_risk_compensation,1125.0,0.4,0,81.86666666666666,2,47,1.0,204.00000000000003,2026706047,0.9,0.9
fig3_risk_compensation,937.0,0.4,0,72.89220917822838,2,48,1.0,254.00000000000003,2026706048,0.9,0.9
fig3_risk_compensation,886.9999999999999,0.4,0,82.18714768883878,2,49,1.0,158.0,2026706049,0.9,0.9
fig3_risk_compensation,975.0,0.4,0,82.66666666666667,2,50,1.0,169.0,2026706050,0.9,0.9
fig3_risk_compensation,1035.0,0.4,0,82.512077294686,2,51,1.0,181.0,2026706051,0.9,0.9
fig3_risk_compensation,706.0,0.4,0,80.59490084985836,2,52,1.0,137.0,2026706052,0.9,0.9
fig3_risk_compensation,762.0,0.4,0,77.42782152230971,2,53,1.0,172.0,2026706053,0.9,0.9
fig3_risk_compensation,797.0,0.4,0,88.45671267252196,2,54,1.0,92.0,2026706054,0.9,0.9
fig3_risk_compensation,737.0,0.4,0,77.88331071913161,2,55,1.0,163.0,2026706055,0.9,0.9
fig3_risk_compensation,456.0,0.4,0,66.66666666666667,2,56,1.0,152.0,2026706056,0.9,0.9
fig3_risk_compensation,1081.0,0.4,0,74.83811285846438,2,57,1.0,272.0,2026706057,0.9,0.9
fig3_risk_compensation,840.0,0.4,0,87.38095238095238,2,58,1.0,106.0,2026706058,0.9,0.9
fig3_risk_compensation,814.9999999999999,0.4,0,81.34969325153374,2,59,1.0,152.0,2026706059,0.9,0.9
fig3_risk_compensation,988.0,0.4,0,76.92307692307692,2,60,1.0,228.0,2026706060,0.9,0.9
fig3_risk_compensation,751.0,0.4,0,84.68708388814913,2,61,1.0,115.0,2026706061,0.9,0.9
fig3_risk_compensation,572.0,0.4,0,78.4965034965035,2,62,1.0,123.0,2026706062,0.9,0.9
fig3_risk_compensation,654.0,0.4,0,64.98470948012232,2,63,1.0,229.0,2026706063,0.9,0.9
fig3_risk_compensation,894.0,0.4,0,84.78747203579418,2,64,1.0,136.0,2026706064,0.9,0.9
fig3_risk_compensation,789.0,0.4,0,75.91888466413181,2,65,1.0,190.0,2026706065,0.9,0.9
fig3_risk_compensation,1092.0,0.4,0,80.67765567765568,2,66,1.0,211.0,2026706066,0.9,0.9
fig3_risk_compensation,738.0,0.4,0,74.66124661246613,2,67,1.0,187.0,2026706067,0.9,0.9
fig3_risk_compensation,901.0000000000001,0.4,0,79.46725860155384,2,68,1.0,185.0,2026706068,0.9,0.9
fig3_risk_compensation,1176.0,0.4,0,84.01360544217687,2,69,1.0,188.0,2026706069,0.9,0.9
fig3_risk_compensation,838.0,0.4,0,78.8782816229117,2,70,1.0,177.0,2026706070,0.9,0.9
fig3_risk_compensation,1051.0,0.4,0,81.3510941960038,2,71,1.0,196.0,2026706071,0.9,0.9
fig3_risk_compensation,1049.0,0.4,0,84.65204957102002,2,72,1.0,161.0,2026706072,0.9,0.9
fig3_risk_compensation,1134.0,0.4,0,84.30335097001763,2,73,1.0,178.0,2026706073,0.9,0.9
fig3_risk_compensation,997.0,0.4,0,84.85456369107322,2,74,1.0,151.0,2026706074,0.9,0.9
fig3_risk_compensation,690.0,0.4,0,81.15942028985508,2,75,1.0,130.0,2026706075,0.9,0.9
fig3_risk_compensation,916.9999999999999,0.4,0,83.96946564885495,2,76,1.0,147.0,2026706076,0.9,0.9
fig3_risk_compensation,1178.0,0.4,0,86.5025466893039,2,77,1.0,159.0,2026706077,0.9,0.9
fig3_risk_compensation,1303.0,0.4,0,86.18572524942441,2,78,1.0,180.0,2026706078,0.9,0.9
fig3_risk_compensation,770.0,0.4,0,81.55844155844156,2,79,1.0,142.0,2026706079,0.9,0.9
fig3_risk_compensation,872.0,0.4,0,82.22477064220183,2,80,1.0,155.0,2026706080,0.9,0.9
fig3_risk_compensation,822.0,0.4,0,82.60340632603406,2,81,1.0,143.0,2026706081,0.9,0.9
fig3_risk_compensation,665.0,0.4,0,83.45864661654136,2,82,1.0,110.0,2026706082,0.9,0.9
fig3_risk_compensation,781.0,0.4,0,77.08066581306018,2,83,1.0,179.0,2026706083,0.9,0.9
fig3_risk_compensation,595.0,0.4,0,75.29411764705883,2,84,1.0,147.0,2026706084,0.9,0.9
fig3_risk_compensation,707.0,0.4,0,81.8953323903819,2,85,1.0,128.0,2026706085,0.9,0.9
fig3_risk_compensation,809.0,0.4,0,74.16563658838072,2,86,1.0,208.99999999999997,2026706086,0.9,0.9
fig3_risk_compensation,800.0,0.4,0,75.5,2,87,1.0,196.0,2026706087,0.9,0.9
fig3_risk_compensation,1082.0,0.4,0,87.15341959334566,2,88,1.0,139.0,2026706088,0.9,0.9
fig3_risk_compensation,1056.0,0.4,0,83.4280303030303,2,89,1.0,175.0,2026706089,0.9,0.9
fig3_risk_compensation,885.0,0.4,0,77.96610169491525,2,90,1.0,195.0,2026706090,0.9,0.9
fig3_risk_compensation,744.0,0.4,0,75.53763440860214,2,91,1.0,182.0,2026706091,0.9,0.9
fig3_risk_compensation,856.0,0.4,0,73.59813084112149,2,92,1.0,225.99999999999997,2026706092,0.9,0.9
fig3_risk_compensation,1024.0,0.4,0,85.15625,2,93,1.0,152.0,2026706093,0.9,0.9
fig3_risk_compensation,937.0,0.4,0,82.60405549626468,2,94,1.0,163.0,2026706094,0.9,0.9
fig3_risk_compensation,830.0,0.4,0,81.6867469879518,2,95,1.0,152.0,2026706095,0.9,0.9
fig3_risk_compensation,816.0000000000001,0.4,0,84.31372549019609,2,96,1.0,128.0,2026706096,0.9,0.9
fig3_risk_compensation,554.0,0.4,0,79.78339350180505,2,97,1.0,111.99999999999999,2026706097,0.9,0.9
fig3_risk_compensation,1213.0,0.4,0,84.25391591096455,2,98,1.0,191.0,2026706098,0.9,0.9
fig3_risk_compensation,988.0,0.4,0,82.38866396761134,2,99,1.0,174.0,2026706099,0.9,0.9
fig3_risk_compensation,801.9999999999999,0.4,0,73.31670822942642,2,0,1.0,214.0,2026704000,0.6,0.6
fig3_risk_compensation,861.9999999999999,0.4,0,79.00232018561485,2,1,1.0,181.0,2026704001,0.6,0.6
fig3_risk_compensation,1013.0,0.4,0,79.17077986179665,2,2,1.0,211.0,2026704002,0.6,0.6
fig3_risk_compensation,989.0,0.4,0,84.73205257836199,2,3,1.0,151.0,2026704003,0.6,0.6
fig3_risk_compensation,763.0,0.4,0,71.29750982961993,2,4,1.0,219.0,2026704004,0.6,0.6
fig3_risk_compensation,821.0,0.4,0,66.62606577344701,2,5,1.0,274.0,2026704005,0.6,0.6
fig3_risk_compensation,563.0,0.4,0,76.02131438721136,2,6,1.0,135.0,2026704006,0.6,0.6
fig3_risk_compensation,980.9999999999999,0.4,0,73.80224260958205,2,7,1.0,257.0,2026704007,0.6,0.6
fig3_risk_compensation,1028.0,0.4,0,74.80544747081711,2,8,1.0,259.0,2026704008,0.6,0.6
fig3_risk_compensation,889.0,0.4,0,74.57817772778402,2,9,1.0,225.99999999999997,2026704009,0.6,0.6
fig3_risk_compensation,1113.0,0.4,0,74.7529200359389,2,10,1.0,281.0,2026704010,0.6,0.6
fig3_risk_compensation,595.0,0.4,0,64.36974789915966,2,11,1.0,212.0,2026704011,0.6,0.6
fig3_risk_compensation,882.9999999999999,0.4,0,77.23669309173272,2,12,1.0,201.0,2026704012,0.6,0.6
fig3_risk_compensation,1139.0,0.4,0,72.43195785776997,2,13,1.0,314.0,2026704013,0.6,0.6
fig3_risk_compensation,938.0,0.4,0,75.5863539445629,2,14,1.0,229.0,2026704014,0.6,0.6
fig3_risk_compensation,884.0000000000001,0.4,0,82.12669683257919,2,15,1.0,158.0,2026704015,0.6,0.6
fig3_risk_compensation,705.0,0.4,0,78.72340425531915,2,16,1.0,150.0,2026704016,0.6,0.6
fig3_risk_compensation,868.0,0.4,0,77.64976958525345,2,17,1.0,194.0,2026704017,0.6,0.6
fig3_risk_compensation,882.9999999999999,0.4,0,73.15968289920724,2,18,1.0,237.00000000000003,2026704018,0.6,0.6
fig3_risk_compensation,850.0000000000001,0.4,0,62.941176470588246,2,19,1.0,315.0,2026704019,0.6,0.6
fig3_risk_compensation,659.0,0.4,0,70.56145675265554,2,20,1.0,194.0,2026704020,0.6,0.6
fig3_risk_compensation,816.0000000000001,0.4,0,77.57352941176471,2,21,1.0,183.0,2026704021,0.6,0.6
fig3_risk_compensation,822.0,0.4,0,74.93917274939173,2,22,1.0,206.00000000000003,2026704022,0.6,0.6
fig3_risk_compensation,956.0000000000001,0.4,0,80.85774058577407,2,23,1.0,183.0,2026704023,0.6,0.6
fig3_risk_compensation,795.0,0.4,0,64.65408805031447,2,24,1.0,281.0,2026704024,0.6,0.6
fig3_risk_compensation,702.0,0.4,0,74.78632478632478,2,25,1.0,177.0,2026704025,0.6,0.6
fig3_risk_compensation,1026.0,0.4,0,66.27680311890838,2,26,1.0,346.0,2026704026,0.6,0.6
fig3_risk_compensation,789.0,0.4,0,76.55259822560203,2,27,1.0,185.0,2026704027,0.6,0.6
fig3_risk_compensation,581.0,0.4,0,74.52667814113597,2,28,1.0,148.0,2026704028,0.6,0.6
fig3_risk_compensation,894.0,0.4,0,69.12751677852349,2,29,1.0,276.0,2026704029,0.6,0.6
fig3_risk_compensation,982.0000000000001,0.4,0,72.19959266802445,2,30,1.0,273.0,2026704030,0.6,0.6
fig3_risk_compensation,856.0,0.4,0,75.23364485981308,2,31,1.0,212.0,2026704031,0.6,0.6
fig3_risk_compensation,844.0,0.4,0,71.56398104265404,2,32,1.0,239.99999999999997,2026704032,0.6,0.6
fig3_risk_compensation,692.0,0.4,0,73.55491329479769,2,33,1.0,183.0,2026704033,0.6,0.6
fig3_risk_compensation,843.0,0.4,0,65.95492289442467,2,34,1.0,287.0,2026704034,0.6,0.6
fig3_risk_compensation,971.0,0.4,0,75.79814624098867,2,35,1.0,235.0,2026704035,0.6,0.6
fig3_risk_compensation,1053.0,0.4,0,77.96771130104463,2,36,1.0,232.0,2026704036,0.6,0.6
fig3_risk_compensation,1155.0,0.4,0,76.70995670995671,2,37,1.0,269.0,2026704037,0.6,0.6
fig3_risk_compensation,933.9999999999999,0.4,0,66.4882226980728,2,38,1.0,313.0,2026704038,0.6,0.6
fig3_risk_compensation,709.0,0.4,0,80.11283497884344,2,39,1.0,141.0,2026704039,0.6,0.6
fig3_risk_compensation,784.9999999999999,0.4,0,74.52229299363057,2,40,1.0,200.0,2026704040,0.6,0.6
fig3_risk_compensation,770.0,0.4,0,79.87012987012987,2,41,1.0,155.0,2026704041,0.6,0.6
fig3_risk_compensation,601.0,0.4,0,80.5324459234609,2,42,1.0,117.0,2026704042,0.6,0.6
fig3_risk_compensation,942.9999999999999,0.4,0,67.55037115588546,2,43,1.0,306.0,2026704043,0.6,0.6
fig3_risk_compensation,1193.0,0.4,0,76.19446772841576,2,44,1.0,284.0,2026704044,0.6,0.6
fig3_risk_compensation,861.0,0.4,0,65.85365853658537,2,45,1.0,294.0,2026704045,0.6,0.6
fig3_risk_compensation,1038.0,0.4,0,74.56647398843931,2,46,1.0,264.0,2026704046,0.6,0.6
fig3_risk_compensation,831.9999999999999,0.4,0,70.91346153846153,2,47,1.0,241.99999999999997,2026704047,0.6,0.6
fig3_risk_compensation,686.0,0.4,0,73.17784256559767,2,48,1.0,184.0,2026704048,0.6,0.6
fig3_risk_compensation,647.0,0.4,0,66.9242658423493,2,49,1.0,214.0,2026704049,0.6,0.6
fig3_risk_compensation,952.0000000000001,0.4,0,73.00420168067228,2,50,1.0,257.0,2026704050,0.6,0.6
fig3_risk_compensation,649.0,0.4,0,60.55469953775039,2,51,1.0,256.0,2026704051,0.6,0.6
fig3_risk_compensation,749.0,0.4,0,76.36849132176235,2,52,1.0,177.0,2026704052,0.6,0.6
fig3_risk_compensation,782.0,0.4,0,77.10997442455243,2,53,1.0,179.0,2026704053,0.6,0.6
fig3_risk_compensation,1091.0,0.4,0,82.12648945921173,2,54,1.0,195.0,2026704054,0.6,0.6
fig3_risk_compensation,599.0,0.4,0,64.10684474123539,2,55,1.0,215.0,2026704055,0.6,0.6
fig3_risk_compensation,910.0,0.4,0,78.9010989010989,2,56,1.0,192.0,2026704056,0.6,0.6
fig3_risk_compensation,764.0,0.4,0,76.83246073298429,2,57,1.0,177.0,2026704057,0.6,0.6
fig3_risk_compensation,962.0,0.4,0,72.03742203742203,2,58,1.0,269.0,2026704058,0.6,0.6
fig3_risk_compensation,1027.0,0.4,0,71.47030185004868,2,59,1.0,293.0,2026704059,0.6,0.6
fig3_risk_compensation,790.0000000000001,0.4,0,59.240506329113934,2,60,1.0,322.0,2026704060,0.6,0.6
fig3_risk_compensation,674.0,0.4,0,68.99109792284867,2,61,1.0,208.99999999999997,2026704061,0.6,0.6
fig3_risk_compensation,624.0,0.4,0,75.48076923076923,2,62,1.0,153.0,2026704062,0.6,0.6
fig3_risk_compensation,709.0,0.4,0,62.90550070521862,2,63,1.0,263.0,2026704063,0.6,0.6
fig3_risk_compensation,583.0,0.4,0,74.09948542024014,2,64,1.0,151.0,2026704064,0.6,0.6
fig3_risk_compensation,613.0,0.4,0,57.42251223491028,2,65,1.0,261.0,2026704065,0.6,0.6
fig3_risk_compensation,1012.0,0.4,0,83.00395256916995,2,66,1.0,172.0,2026704066,0.6,0.6
fig3_risk_compensation,483.99999999999994,0.4,0,72.10743801652892,2,67,1.0,135.0,2026704067,0.6,0.6
fig3_risk_compensation,1044.0,0.4,0,74.04214559386973,2,68,1.0,271.0,2026704068,0.6,0.6
fig3_risk_compensation,782.0,0.4,0,65.72890025575448,2,69,1.0,268.0,2026704069,0.6,0.6
fig3_risk_compensation,662.0,0.4,0,53.77643504531722,2,70,1.0,306.0,2026704070,0.6,0.6
fig3_risk_compensation,500.0,0.4,0,64.6,2,71,1.0,177.0,2026704071,0.6,0.6
fig3_risk_compensation,950.9999999999999,0.4,0,66.98212407991588,2,72,1.0,314.0,2026704072,0.6,0.6
fig3_risk_compensation,1082.0,0.4,0,75.23105360443623,2,73,1.0,268.0,2026704073,0.6,0.6
fig3_risk_compensation,655.0,0.4,0,75.57251908396947,2,74,1.0,160.0,2026704074,0.6,0.6
fig3_risk_compensation,982.0000000000001,0.4,0,72.19959266802445,2,75,1.0,273.0,2026704075,0.6,0.6
fig3_risk_compensation,630.0,0.4,0,71.26984126984127,2,76,1.0,181.0,2026704076,0.6,0.6
fig3_risk_compensation,891.0,0.4,0,83.61391694725027,2,77,1.0,146.0,2026704077,0.6,0.6
fig3_risk_compensation,701.0,0.4,0,64.4793152639087,2,78,1.0,249.0,2026704078,0.6,0.6
fig3_risk_compensation,895.0,0.4,0,74.63687150837988,2,79,1.0,227.0,2026704079,0.6,0.6
fig3_risk_compensation,878.0,0.4,0,72.89293849658314,2,80,1.0,238.00000000000003,2026704080,0.6,0.6
fig3_risk_compensation,737.0,0.4,0,74.76255088195387,2,81,1.0,186.0,2026704081,0.6,0.6
fig3_risk_compensation,731.0,0.4,0,78.24897400820794,2,82,1.0,159.0,2026704082,0.6,0.6
fig3_risk_compensation,731.0,0.4,0,71.27222982216142,2,83,1.0,210.0,2026704083,0.6,0.6
fig3_risk_compensation,686.0,0.4,0,64.28571428571429,2,84,1.0,245.0,2026704084,0.6,0.6
fig3_risk_compensation,966.0,0.4,0,80.02070393374741,2,85,1.0,193.0,2026704085,0.6,0.6
fig3_risk_compensation,702.0,0.4,0,69.51566951566952,2,86,1.0,214.0,2026704086,0.6,0.6
fig3_risk_compensation,797.0,0.4,0,73.9021329987453,2,87,1.0,207.99999999999997,2026704087,0.6,0.6
fig3_risk_compensation,915.0,0.4,0,73.87978142076503,2,88,1.0,239.00000000000003,2026704088,0.6,0.6
fig3_risk_compensation,616.0,0.4,0,69.48051948051948,2,89,1.0,188.0,2026704089,0.6,0.6
fig3_risk_compensation,909.0000000000001,0.4,0,80.52805280528054,2,90,1.0,177.0,2026704090,0.6,0.6
fig3_risk_compensation,1074.0,0.4,0,73.74301675977654,2,91,1.0,282.0,2026704091,0.6,0.6
fig3_risk_compensation,905.0000000000001,0.4,0,76.9060773480663,2,92,1.0,208.99999999999997,2026704092,0.6,0.6
fig3_risk_compensation,1059.0,0.4,0,80.1699716713881,2,93,1.0,210.0,2026704093,0.6,0.6
fig3_risk_compensation,777.0,0.4,0,73.23037323037323,2,94,1.0,207.99999999999997,2026704094,0.6,0.6
fig3_risk_compensation,803.0000000000001,0.4,0,73.34993773349939,2,95,1.0,214.0,2026704095,0.6,0.6
fig3_risk_compensation,1001.9999999999999,0.4,0,71.35728542914171,2,96,1.0,287.0,2026704096,0.6,0.6
fig3_risk_compensation,1112.0,0.4,0,79.04676258992805,2,97,1.0,233.0,2026704097,0.6,0.6
fig3_risk_compensation,552.0,0.4,0,59.78260869565217,2,98,1.0,222.00000000000003,2026704098,0.6,0.6
fig3_risk_compensation,839.0,0.4,0,72.82479141835519,2,99,1.0,228.0,2026704099,0.6,0.6
fig3_risk_compensation,909.0000000000001,0.4,0,57.31573157315732,2,0,1.0,388.0,2026702000,0.3,0.3
fig3_risk_compensation,839.0,0.4,0,59.35637663885578,2,1,1.0,341.0,2026702001,0.3,0.3
fig3_risk_compensation,743.0,0.4,0,47.64468371467026,2,2,1.0,389.0,2026702002,0.3,0.3
fig3_risk_compensation,662.0,0.4,0,49.546827794561935,2,3,1.0,334.0,2026702003,0.3,0.3
fig3_risk_compensation,720.0,0.4,0,43.33333333333332,2,4,1.0,408.00000000000006,2026702004,0.3,0.3
fig3_risk_compensation,724.0,0.4,0,64.77900552486187,2,5,1.0,255.00000000000003,2026702005,0.3,0.3
fig3_risk_compensation,982.0000000000001,0.4,0,60.081466395112024,2,6,1.0,392.0,2026702006,0.3,0.3
fig3_risk_compensation,750.0,0.4,0,57.6,2,7,1.0,318.0,2026702007,0.3,0.3
fig3_risk_compensation,714.0,0.4,0,51.680672268907564,2,8,1.0,345.0,2026702008,0.3,0.3
fig3_risk_compensation,784.9999999999999,0.4,0,44.20382165605094,2,9,1.0,438.0,2026702009,0.3,0.3
fig3_risk_compensation,1024.0,0.4,0,71.19140625,2,10,1.0,295.0,2026702010,0.3,0.3
fig3_risk_compensation,1034.0,0.4,0,66.24758220502902,2,11,1.0,349.0,2026702011,0.3,0.3
fig3_risk_compensation,775.0,0.4,0,59.74193548387097,2,12,1.0,312.0,2026702012,0.3,0.3
fig3_risk_compensation,992.0,0.4,0,66.02822580645162,2,13,1.0,337.0,2026702013,0.3,0.3
fig3_risk_compensation,1040.0,0.4,0,63.46153846153846,2,14,1.0,380.0,2026702014,0.3,0.3
fig3_risk_compensation,495.00000000000006,0.4,0,19.797979797979817,2,15,1.0,396.99999999999994,2026702015,0.3,0.3
fig3_risk_compensation,796.0,0.4,0,52.63819095477387,2,16,1.0,377.0,2026702016,0.3,0.3
fig3_risk_compensation,851.0,0.4,0,59.81198589894242,2,17,1.0,342.0,2026702017,0.3,0.3
fig3_risk_compensation,1083.0,0.4,0,65.1892890120037,2,18,1.0,377.0,2026702018,0.3,0.3
fig3_risk_compensation,837.0000000000001,0.4,0,50.29868578255676,2,19,1.0,415.99999999999994,2026702019,0.3,0.3
fig3_risk_compensation,685.0,0.4,0,54.160583941605836,2,20,1.0,314.0,2026702020,0.3,0.3
fig3_risk_compensation,665.0,0.4,0,55.93984962406015,2,21,1.0,293.0,2026702021,0.3,0.3
fig3_risk_compensation,1124.0,0.4,0,63.43416370106762,2,22,1.0,411.0,2026702022,0.3,0.3
fig3_risk_compensation,1292.0,0.4,0,57.972136222910216,2,23,1.0,543.0,2026702023,0.3,0.3
fig3_risk_compensation,1074.0,0.4,0,67.97020484171323,2,24,1.0,344.0,2026702024,0.3,0.3
fig3_risk_compensation,655.0,0.4,0,70.22900763358778,2,25,1.0,195.0,2026702025,0.3,0.3
fig3_risk_compensation,584.0,0.4,0,52.226027397260275,2,26,1.0,279.0,2026702026,0.3,0.3
fig3_risk_compensation,916.9999999999999,0.4,0,60.08724100327153,2,27,1.0,366.0,2026702027,0.3,0.3
fig3_risk_compensation,638.0,0.4,0,72.88401253918495,2,28,1.0,173.0,2026702028,0.3,0.3
fig3_risk_compensation,809.0,0.4,0,52.286773794808404,2,29,1.0,386.0,2026702029,0.3,0.3
fig3_risk_compensation,774.0,0.4,0,46.89922480620155,2,30,1.0,411.0,2026702030,0.3,0.3
fig3_risk_compensation,834.0,0.4,0,46.04316546762591,2,31,1.0,449.99999999999994,2026702031,0.3,0.3
fig3_risk_compensation,1026.0,0.4,0,53.21637426900585,2,32,1.0,479.99999999999994,2026702032,0.3,0.3
fig3_risk_compensation,715.0,0.4,0,66.01398601398601,2,33,1.0,243.0,2026702033,0.3,0.3
fig3_risk_compensation,1086.0,0.4,0,65.37753222836096,2,34,1.0,376.0,2026702034,0.3,0.3
fig3_risk_compensation,824.0000000000001,0.4,0,57.281553398058264,2,35,1.0,352.0,2026702035,0.3,0.3
fig3_risk_compensation,1185.0,0.4,0,60.50632911392405,2,36,1.0,468.0,2026702036,0.3,0.3
fig3_risk_compensation,673.0,0.4,0,52.89747399702823,2,37,1.0,317.0,2026702037,0.3,0.3
fig3_risk_compensation,899.9999999999999,0.4,0,65.88888888888889,2,38,1.0,307.0,2026702038,0.3,0.3
fig3_risk_compensation,831.9999999999999,0.4,0,51.56249999999999,2,39,1.0,403.0,2026702039,0.3,0.3
fig3_risk_compensation,972.0,0.4,0,65.94650205761317,2,40,1.0,331.0,2026702040,0.3,0.3
fig3_risk_compensation,753.0,0.4,0,53.65205843293493,2,41,1.0,349.0,2026702041,0.3,0.3
fig3_risk_compensation,781.0,0.4,0,56.46606914212548,2,42,1.0,340.0,2026702042,0.3,0.3
fig3_risk_compensation,925.9999999999999,0.4,0,68.03455723542116,2,43,1.0,296.0,2026702043,0.3,0.3
fig3_risk_compensation,865.9999999999999,0.4,0,65.47344110854503,2,44,1.0,299.0,2026702044,0.3,0.3
fig3_risk_compensation,715.0,0.4,0,44.19580419580421,2,45,1.0,398.99999999999994,2026702045,0.3,0.3
fig3_risk_compensation,530.0,0.4,0,44.716981132075475,2,46,1.0,293.0,2026702046,0.3,0.3
fig3_risk_compensation,829.0,0.4,0,60.79613992762364,2,47,1.0,325.0,2026702047,0.3,0.3
fig3_risk_compensation,976.9999999999999,0.4,0,62.43602865916069,2,48,1.0,367.0,2026702048,0.3,0.3
fig3_risk_compensation,940.0,0.4,0,65.74468085106383,2,49,1.0,322.0,2026702049,0.3,0.3
fig3_risk_compensation,980.9999999999999,0.4,0,57.39041794087667,2,50,1.0,417.99999999999994,2026702050,0.3,0.3
fig3_risk_compensation,1236.0,0.4,0,72.24919093851133,2,51,1.0,343.0,2026702051,0.3,0.3
fig3_risk_compensation,861.0,0.4,0,57.25900116144019,2,52,1.0,368.0,2026702052,0.3,0.3
fig3_risk_compensation,975.0,0.4,0,56.41025641025641,2,53,1.0,425.00000000000006,2026702053,0.3,0.3
fig3_risk_compensation,773.0,0.4,0,63.13065976714101,2,54,1.0,285.0,2026702054,0.3,0.3
fig3_risk_compensation,724.0,0.4,0,57.59668508287293,2,55,1.0,307.0,2026702055,0.3,0.3
fig3_risk_compensation,617.0,0.4,0,51.053484602917344,2,56,1.0,302.0,2026702056,0.3,0.3
fig3_risk_compensation,760.0,0.4,0,56.05263157894737,2,57,1.0,334.0,2026702057,0.3,0.3
fig3_risk_compensation,597.0,0.4,0,55.27638190954774,2,58,1.0,267.0,2026702058,0.3,0.3
fig3_risk_compensation,908.0,0.4,0,60.242290748898675,2,59,1.0,361.0,2026702059,0.3,0.3
fig3_risk_compensation,1006.0,0.4,0,63.618290258449306,2,60,1.0,366.0,2026702060,0.3,0.3
fig3_risk_compensation,504.0,0.4,0,45.43650793650794,2,61,1.0,275.0,2026702061,0.3,0.3
fig3_risk_compensation,1102.0,0.4,0,60.88929219600726,2,62,1.0,430.99999999999994,2026702062,0.3,0.3
fig3_risk_compensation,681.0,0.4,0,50.220264317180614,2,63,1.0,339.0,2026702063,0.3,0.3
fig3_risk_compensation,760.0,0.4,0,54.21052631578947,2,64,1.0,348.0,2026702064,0.3,0.3
fig3_risk_compensation,722.0,0.4,0,39.473684210526315,2,65,1.0,437.0,2026702065,0.3,0.3
fig3_risk_compensation,1028.0,0.4,0,66.43968871595331,2,66,1.0,345.0,2026702066,0.3,0.3
fig3_risk_compensation,991.0,0.4,0,69.3239152371342,2,67,1.0,304.0,2026702067,0.3,0.3
fig3_risk_compensation,788.0,0.4,0,53.934010152284266,2,68,1.0,363.0,2026702068,0.3,0.3
fig3_risk_compensation,861.0,0.4,0,51.68408826945413,2,69,1.0,415.99999999999994,2026702069,0.3,0.3
fig3_risk_compensation,882.0,0.4,0,49.09297052154195,2,70,1.0,449.0,2026702070,0.3,0.3
fig3_risk_compensation,860.0,0.4,0,60.23255813953488,2,71,1.0,342.0,2026702071,0.3,0.3
fig3_risk_compensation,1116.0,0.4,0,67.831541218638,2,72,1.0,359.0,2026702072,0.3,0.3
fig3_risk_compensation,753.0,0.4,0,62.68260292164675,2,73,1.0,281.0,2026702073,0.3,0.3
fig3_risk_compensation,793.0,0.4,0,63.80832282471627,2,74,1.0,287.0,2026702074,0.3,0.3
fig3_risk_compensation,916.0,0.4,0,59.27947598253275,2,75,1.0,373.0,2026702075,0.3,0.3
fig3_risk_compensation,842.0,0.4,0,68.28978622327791,2,76,1.0,267.0,2026702076,0.3,0.3
fig3_risk_compensation,963.0,0.4,0,54.413291796469366,2,77,1.0,439.0,2026702077,0.3,0.3
fig3_risk_compensation,733.0,0.4,0,46.79399727148704,2,78,1.0,390.0,2026702078,0.3,0.3
fig3_risk_compensation,1083.0,0.4,0,54.29362880886426,2,79,1.0,495.00000000000006,2026702079,0.3,0.3
fig3_risk_compensation,564.0,0.4,0,58.687943262411345,2,80,1.0,233.0,2026702080,0.3,0.3
fig3_risk_compensation,797.0,0.4,0,57.465495608531995,2,81,1.0,339.0,2026702081,0.3,0.3
fig3_risk_compensation,869.0,0.4,0,56.15650172612198,2,82,1.0,381.0,2026702082,0.3,0.3
fig3_risk_compensation,1151.0,0.4,0,70.11294526498696,2,83,1.0,344.0,2026702083,0.3,0.3
fig3_risk_compensation,781.0,0.4,0,60.30729833546735,2,84,1.0,310.0,2026702084,0.3,0.3
fig3_risk_compensation,759.0,0.4,0,60.342555994729906,2,85,1.0,301.0,2026702085,0.3,0.3
fig3_risk_compensation,831.9999999999999,0.4,0,50.96153846153845,2,86,1.0,408.00000000000006,2026702086,0.3,0.3
fig3_risk_compensation,931.0,0.4,0,65.73576799140709,2,87,1.0,319.0,2026702087,0.3,0.3
fig3_risk_compensation,653.0,0.4,0,53.29249617151608,2,88,1.0,305.0,2026702088,0.3,0.3
fig3_risk_compensation,668.0,0.4,0,54.49101796407186,2,89,1.0,304.0,2026702089,0.3,0.3
fig3_risk_compensation,1245.0,0.4,0,73.49397590361446,2,90,1.0,330.0,2026702090,0.3,0.3
fig3_risk_compensation,699.0,0.4,0,54.79256080114449,2,91,1.0,316.0,2026702091,0.3,0.3
fig3_risk_compensation,1186.0,0.4,0,60.03372681281619,2,92,1.0,474.00000000000006,2026702092,0.3,0.3
fig3_risk_compensation,822.0,0.4,0,50.851581508515814,2,93,1.0,404.0,2026702093,0.3,0.3
fig3_risk_compensation,791.0,0.4,0,67.38305941845765,2,94,1.0,258.0,2026702094,0.3,0.3
fig3_risk_compensation,1225.0,0.4,0,60.6530612244898,2,95,1.0,481.99999999999994,2026702095,0.3,0.3
fig3_risk_compensation,1099.0,0.4,0,64.14922656960873,2,96,1.0,394.0,2026702096,0.3,0.3
fig3_risk_compensation,827.0,0.4,0,58.76662636033857,2,97,1.0,341.0,2026702097,0.3,0.3
fig3_risk_compensation,738.0,0.4,0,65.98915989159892,2,98,1.0,251.0,2026702098,0.3,0.3
fig3_risk_compensation,1184.0,0.4,0,62.0777027027027,2,99,1.0,449.0,2026702099,0.3,0.3
fig3_risk_compensation,1192.0,0.4,0,72.6510067114094,2,0,1.0,326.0,2026703000,0.44999999999999996,0.44999999999999996
fig3_risk_compensation,726.0,0.4,0,68.4573002754821,2,1,1.0,229.0,2026703001,0.44999999999999996,0.44999999999999996
fig3_risk_compensation,816.0000000000001,0.4,0,69.48529411764707,2,2,1.0,249.0,2026703002,0.44999999999999996,0.44999999999999996
fig3_risk_compensation,852.9999999999999,0.4,0,72.68464243845251,2,3,1.0,233.0,2026703003,0.44999999999999996,0.44999999999999996
fig3_risk_compensation,711.0,0.4,0,71.87060478199719,2,4,1.0,200.0,2026703004,0.44999999999999996,0.44999999999999996
fig3_risk_compensation,831.0,0.4,0,65.58363417569194,2,5,1.0,286.0,2026703005,0.44999999999999996,0.44999999999999996
fig3_risk_compensation,938.0,0.4,0,74.30703624733475,2,6,1.0,240.99999999999997,2026703006,0.44999999999999996,0.44999999999999996
fig3_risk_compensation,792.0,0.4,0,73.23232323232324,2,7,1.0,212.0,2026703007,0.44999999999999996,0.44999999999999996
fig3_risk_compensation,759.0,0.4,0,72.85902503293808,2,8,1.0,206.00000000000003,2026703008,0.44999999999999996,0.44999999999999996
fig3_risk_compensation,825.0,0.4,0,68.12121212121212,2,9,1.0,263.0,2026703009,0.44999999999999996,0.44999999999999996
fig3_risk_compensation,678.0,0.4,0,64.74926253687316,2,10,1.0,239.00000000000003,2026703010,0.44999999999999996,0.44999999999999996
fig3_risk_compensation,654.0,0.4,0,64.22018348623853,2,11,1.0,234.0,2026703011,0.44999999999999996,0.44999999999999996
fig3_risk_compensation,806.0,0.4,0,64.76426799007444,2,12,1.0,284.0,2026703012,0.44999999999999996,0.44999999999999996
fig3_risk_compensation,897.0,0.4,0,63.322185061315494,2,13,1.0,329.0,2026703013,0.44999999999999996,0.44999999999999996
fig3_risk_compensation,609.0,0.4,0,72.57799671592775,2,14,1.0,167.0,2026703014,0.44999999999999996,0.44999999999999996
fig3_risk_compensation,759.0,0.4,0,56.126482213438734,2,15,1.0,333.0,2026703015,0.44999999999999996,0.44999999999999996
fig3_risk_compensation,699.0,0.4,0,71.81688125894135,2,16,1.0,197.0,2026703016,0.44999999999999996,0.44999999999999996
fig3_risk_compensation,858.0000000000001,0.4,0,74.35897435897436,2,17,1.0,220.0,2026703017,0.44999999999999996,0.44999999999999996
fig3_risk_compensation,760.0,0.4,0,69.86842105263158,2,18,1.0,229.0,2026703018,0.44999999999999996,0.44999999999999996
fig3_risk_compensation,928.0,0.4,0,74.56896551724138,2,19,1.0,236.0,2026703019,0.44999999999999996,0.44999999999999996
fig3_risk_compensation,873.0,0.4,0,79.61053837342497,2,20,1.0,178.0,2026703020,0.44999999999999996,0.44999999999999996
fig3_risk_compensation,912.0,0.4,0,62.93859649122807,2,21,1.0,338.0,2026703021,0.44999999999999996,0.44999999999999996
fig3_risk_compensation,608.0,0.4,0,66.77631578947368,2,22,1.0,202.0,2026703022,0.44999999999999996,0.44999999999999996
fig3_risk_compensation,1089.0,0.4,0,71.99265381083563,2,23,1.0,305.0,2026703023,0.44999999999999996,0.44999999999999996
fig3_risk_compensation,690.0,0.4,0,76.3768115942029,2,24,1.0,163.0,2026703024,0.44999999999999996,0.44999999999999996
fig3_risk_compensation,697.0,0.4,0,59.25394548063128,2,25,1.0,284.0,2026703025,0.44999999999999996,0.44999999999999996
fig3_risk_compensation,1032.0,0.4,0,70.15503875968992,2,26,1.0,308.0,2026703026,0.44999999999999996,0.44999999999999996
fig3_risk_compensation,698.0,0.4,0,71.48997134670488,2,27,1.0,199.0,2026703027,0.44999999999999996,0.44999999999999996
fig3_risk_compensation,825.0,0.4,0,72.72727272727273,2,28,1.0,224.99999999999997,2026703028,0.44999999999999996,0.44999999999999996
fig3_risk_compensation,1029.0,0.4,0,70.84548104956268,2,29,1.0,300.0,2026703029,0.44999999999999996,0.44999999999999996
fig3_risk_compensation,740.0,0.4,0,52.027027027027025,2,30,1.0,355.0,2026703030,0.44999999999999996,0.44999999999999996
fig3_risk_compensation,1331.0,0.4,0,76.03305785123968,2,31,1.0,319.0,2026703031,0.44999999999999996,0.44999999999999996
fig3_risk_compensation,908.0,0.4,0,71.80616740088105,2,32,1.0,256.0,2026703032,0.44999999999999996,0.44999999999999996
fig3_risk_compensation,997.9999999999999,0.4,0,76.05210420841682,2,33,1.0,239.00000000000003,2026703033,0.44999999999999996,0.44999999999999996
fig3_risk_compensation,1003.0000000000001,0.4,0,80.55832502492522,2,34,1.0,195.0,2026703034,0.44999999999999996,0.44999999999999996
fig3_risk_compensation,642.0,0.4,0,48.753894080996886,2,35,1.0,329.0,2026703035,0.44999999999999996,0.44999999999999996
fig3_risk_compensation,831.0,0.4,0,71.11913357400722,2,36,1.0,239.99999999999997,2026703036,0.44999999999999996,0.44999999999999996
fig3_risk_compensation,744.0,0.4,0,69.48924731182795,2,37,1.0,227.0,2026703037,0.44999999999999996,0.44999999999999996
fig3_risk_compensation,1111.0,0.4,0,64.17641764176417,2,38,1.0,398.0,2026703038,0.44999999999999996,0.44999999999999996
fig3_risk_compensation,873.0,0.4,0,39.404352806414664,2,39,1.0,529.0,2026703039,0.44999999999999996,0.44999999999999996
fig3_risk_compensation,545.0,0.4,0,48.99082568807339,2,40,1.0,278.0,2026703040,0.44999999999999996,0.44999999999999996
fig3_risk_compensation,793.0,0.4,0,72.25725094577554,2,41,1.0,220.0,2026703041,0.44999999999999996,0.44999999999999996
fig3_risk_compensation,428.0,0.4,0,65.42056074766356,2,42,1.0,148.0,2026703042,0.44999999999999996,0.44999999999999996
fig3_risk_compensation,869.9999999999999,0.4,0,68.50574712643677,2,43,1.0,274.0,2026703043,0.44999999999999996,0.44999999999999996
fig3_risk_compensation,919.0,0.4,0,76.38737758433079,2,44,1.0,217.0,2026703044,0.44999999999999996,0.44999999999999996
fig3_risk_compensation,1057.0,0.4,0,68.21192052980132,2,45,1.0,336.0,2026703045,0.44999999999999996,0.44999999999999996
fig3_risk_compensation,1086.0,0.4,0,71.36279926335175,2,46,1.0,311.0,2026703046,0.44999999999999996,0.44999999999999996
fig3_risk_compensation,967.0,0.4,0,72.28541882109617,2,47,1.0,268.0,2026703047,0.44999999999999996,0.44999999999999996
fig3_risk_compensation,689.0,0.4,0,81.13207547169812,2,48,1.0,130.0,2026703048,0.44999999999999996,0.44999999999999996
fig3_risk_compensation,969.0000000000001,0.4,0,69.453044375645,2,49,1.0,296.0,2026703049,0.44999999999999996,0.44999999999999996
fig3_risk_compensation,889.0,0.4,0,75.81552305961755,2,50,1.0,215.0,2026703050,0.44999999999999996,0.44999999999999996
fig3_risk_compensation,709.0,0.4,0,65.58533145275035,2,51,1.0,244.0,2026703051,0.44999999999999996,0.44999999999999996
fig3_risk_compensation,605.0,0.4,0,72.72727272727273,2,52,1.0,165.0,2026703052,0.44999999999999996,0.44999999999999996
fig3_risk_compensation,938.0,0.4,0,69.9360341151386,2,53,1.0,282.0,2026703053,0.44999999999999996,0.44999999999999996
fig3_risk_compensation,928.0,0.4,0,72.09051724137932,2,54,1.0,259.0,2026703054,0.44999999999999996,0.44999999999999996
fig3_risk_compensation,948.0000000000001,0.4,0,75.0,2,55,1.0,237.00000000000003,2026703055,0.44999999999999996,0.44999999999999996
fig3_risk_compensation,752.0,0.4,0,65.02659574468085,2,56,1.0,263.0,2026703056,0.44999999999999996,0.44999999999999996
fig3_risk_compensation,694.0,0.4,0,64.98559077809799,2,57,1.0,243.0,2026703057,0.44999999999999996,0.44999999999999996
fig3_risk_compensation,966.0,0.4,0,72.87784679089027,2,58,1.0,262.0,2026703058,0.44999999999999996,0.44999999999999996
fig3_risk_compensation,722.0,0.4,0,69.80609418282549,2,59,1.0,218.0,2026703059,0.44999999999999996,0.44999999999999996
fig3_risk_compensation,582.0,0.4,0,67.86941580756013,2,60,1.0,187.0,2026703060,0.44999999999999996,0.44999999999999996
fig3_risk_compensation,954.0,0.4,0,73.16561844863732,2,61,1.0,256.0,2026703061,0.44999999999999996,0.44999999999999996
fig3_risk_compensation,641.0,0.4,0,75.0390015600624,2,62,1.0,160.0,2026703062,0.44999999999999996,0.44999999999999996
fig3_risk_compensation,1183.0,0.4,0,78.10650887573965,2,63,1.0,259.0,2026703063,0.44999999999999996,0.44999999999999996
fig3_risk_compensation,838.0,0.4,0,61.933174224343674,2,64,1.0,319.0,2026703064,0.44999999999999996,0.44999999999999996
fig3_risk_compensation,731.0,0.4,0,74.55540355677155,2,65,1.0,186.0,2026703065,0.44999999999999996,0.44999999999999996
fig3_risk_compensation,1045.0,0.4,0,73.11004784688996,2,66,1.0,281.0,2026703066,0.44999999999999996,0.44999999999999996
fig3_risk_compensation,857.0,0.4,0,67.09451575262544,2,67,1.0,282.0,2026703067,0.44999999999999996,0.44999999999999996
fig3_risk_compensation,909.0000000000001,0.4,0,75.02750275027503,2,68,1.0,227.0,2026703068,0.44999999999999996,0.44999999999999996
fig3_risk_compensation,725.0,0.4,0,73.79310344827586,2,69,1.0,190.0,2026703069,0.44999999999999996,0.44999999999999996
fig3_risk_compensation,602.0,0.4,0,65.11627906976744,2,70,1.0,210.0,2026703070,0.44999999999999996,0.44999999999999996
fig3_risk_compensation,903.9999999999999,0.4,0,65.7079646017699,2,71,1.0,310.0,2026703071,0.44999999999999996,0.44999999999999996
fig3_risk_compensation,957.0,0.4,0,73.87669801462904,2,72,1.0,250.0,2026703072,0.44999999999999996,0.44999999999999996
fig3_risk_compensation,962.0,0.4,0,73.07692307692308,2,73,1.0,259.0,2026703073,0.44999999999999996,0.44999999999999996
fig3_risk_compensation,1102.0,0.4,0,75.40834845735027,2,74,1.0,271.0,2026703074,0.44999999999999996,0.44999999999999996
fig3_risk_compensation,806.0,0.4,0,74.56575682382135,2,75,1.0,205.00000000000003,2026703075,0.44999999999999996,0.44999999999999996
fig3_risk_compensation,770.0,0.4,0,80.9090909090909,2,76,1.0,147.0,2026703076,0.44999999999999996,0.44999999999999996
fig3_risk_compensation,859.0,0.4,0,67.98603026775321,2,77,1.0,275.0,2026703077,0.44999999999999996,0.44999999999999996
fig3_risk_compensation,1010.0,0.4,0,69.9009900990099,2,78,1.0,304.0,2026703078,0.44999999999999996,0.44999999999999996
fig3_risk_compensation,927.0,0.4,0,77.66990291262135,2,79,1.0,206.99999999999997,2026703079,0.44999999999999996,0.44999999999999996
fig3_risk_compensation,959.0,0.4,0,58.706986444212724,2,80,1.0,396.0,2026703080,0.44999999999999996,0.44999999999999996
fig3_risk_compensation,952.0000000000001,0.4,0,60.504201680672274,2,81,1.0,376.0,2026703081,0.44999999999999996,0.44999999999999996
fig3_risk_compensation,999.0000000000001,0.4,0,68.56856856856858,2,82,1.0,314.0,2026703082,0.44999999999999996,0.44999999999999996
fig3_risk_compensation,1017.0,0.4,0,70.30481809242872,2,83,1.0,302.0,2026703083,0.44999999999999996,0.44999999999999996
fig3_risk_compensation,878.9999999999999,0.4,0,61.31968145620022,2,84,1.0,340.0,2026703084,0.44999999999999996,0.44999999999999996
fig3_risk_compensation,526.0,0.4,0,57.98479087452471,2,85,1.0,221.00000000000003,2026703085,0.44999999999999996,0.44999999999999996
fig3_risk_compensation,1086.0,0.4,0,75.32228360957643,2,86,1.0,268.0,2026703086,0.44999999999999996,0.44999999999999996
fig3_risk_compensation,885.0,0.4,0,69.71751412429379,2,87,1.0,268.0,2026703087,0.44999999999999996,0.44999999999999996
fig3_risk_compensation,929.0,0.4,0,80.94725511302475,2,88,1.0,177.0,2026703088,0.44999999999999996,0.44999999999999996
fig3_risk_compensation,787.0,0.4,0,73.82465057179161,2,89,1.0,206.00000000000003,2026703089,0.44999999999999996,0.44999999999999996
fig3_risk_compensation,1278.0,0.4,0,75.19561815336463,2,90,1.0,317.0,2026703090,0.44999999999999996,0.44999999999999996
fig3_risk_compensation,1010.9999999999999,0.4,0,69.04055390702274,2,91,1.0,313.0,2026703091,0.44999999999999996,0.44999999999999996
fig3_risk_compensation,780.0,0.4,0,68.97435897435898,2,92,1.0,241.99999999999997,2026703092,0.44999999999999996,0.44999999999999996
fig3_risk_compensation,791.0,0.4,0,67.76232616940581,2,93,1.0,255.00000000000003,2026703093,0.44999999999999996,0.44999999999999996
fig3_risk_compensation,972.0,0.4,0,76.13168724279835,2,94,1.0,232.0,2026703094,0.44999999999999996,0.44999999999999996
fig3_risk_compensation,1105.0,0.4,0,75.20361990950227,2,95,1.0,274.0,2026703095,0.44999999999999996,0.44999999999999996
fig3_risk_compensation,852.9999999999999,0.4,0,60.14067995310668,2,96,1.0,340.0,2026703096,0.44999999999999996,0.44999999999999996
fig3_risk_compensation,672.0,0.4,0,65.0297619047619,2,97,1.0,235.0,2026703097,0.44999999999999996,0.44999999999999996
fig3_risk_compensation,869.0,0.4,0,65.93785960874568,2,98,1.0,296.0,2026703098,0.44999999999999996,0.44999999999999996
fig3_risk_compensation,1036.0,0.4,0,68.53281853281854,2,99,1.0,326.0,2026703099,0.44999999999999996,0.44999999999999996
fig3_risk_compensation,875.0000000000001,0.4,0,47.542857142857144,2,0,1.0,459.00000000000006,2026701000,0.15,0.15
fig3_risk_compensation,851.0,0.4,0,16.45123384253819,2,1,1.0,711.0,2026701001,0.15,0.15
fig3_risk_compensation,825.0,0.4,0,41.93939393939394,2,2,1.0,479.0,2026701002,0.15,0.15
fig3_risk_compensation,538.0,0.4,0,11.338289962825279,2,3,1.0,477.0,2026701003,0.15,0.15
fig3_risk_compensation,795.0,0.4,0,49.056603773584904,2,4,1.0,405.0,2026701004,0.15,0.15
fig3_risk_compensation,616.0,0.4,0,25.487012987012978,2,5,1.0,459.00000000000006,2026701005,0.15,0.15
fig3_risk_compensation,1072.0,0.4,0,44.68283582089552,2,6,1.0,593.0,2026701006,0.15,0.15
fig3_risk_compensation,893.0,0.4,0,46.02463605823069,2,7,1.0,481.99999999999994,2026701007,0.15,0.15
fig3_risk_compensation,1128.0,0.4,0,31.47163120567376,2,8,1.0,773.0,2026701008,0.15,0.15
fig3_risk_compensation,774.0,0.4,0,36.82170542635659,2,9,1.0,489.0,2026701009,0.15,0.15
fig3_risk_compensation,893.0,0.4,0,39.08174692049272,2,10,1.0,544.0,2026701010,0.15,0.15
fig3_risk_compensation,1081.0,0.4,0,33.2099907493062,2,11,1.0,722.0,2026701011,0.15,0.15
fig3_risk_compensation,916.0,0.4,0,37.44541484716157,2,12,1.0,573.0,2026701012,0.15,0.15
fig3_risk_compensation,738.0,0.4,0,26.151761517615178,2,13,1.0,545.0,2026701013,0.15,0.15
fig3_risk_compensation,938.0,0.4,0,36.140724946695094,2,14,1.0,599.0,2026701014,0.15,0.15
fig3_risk_compensation,939.0000000000001,0.4,0,48.24281150159745,2,15,1.0,486.0,2026701015,0.15,0.15
fig3_risk_compensation,690.0,0.4,0,34.20289855072464,2,16,1.0,454.0,2026701016,0.15,0.15
fig3_risk_compensation,729.0,0.4,0,55.281207133058984,2,17,1.0,326.0,2026701017,0.15,0.15
fig3_risk_compensation,816.0000000000001,0.4,0,26.9607843137255,2,18,1.0,596.0,2026701018,0.15,0.15
fig3_risk_compensation,946.9999999999999,0.4,0,47.41288278775078,2,19,1.0,498.0,2026701019,0.15,0.15
fig3_risk_compensation,903.9999999999999,0.4,0,38.49557522123893,2,20,1.0,556.0,2026701020,0.15,0.15
fig3_risk_compensation,702.0,0.4,0,32.33618233618234,2,21,1.0,475.0,2026701021,0.15,0.15
fig3_risk_compensation,847.0,0.4,0,50.531286894923255,2,22,1.0,419.0,2026701022,0.15,0.15
fig3_risk_compensation,618.0,0.4,0,32.84789644012945,2,23,1.0,415.0,2026701023,0.15,0.15
fig3_risk_compensation,822.0,0.4,0,29.31873479318735,2,24,1.0,581.0,2026701024,0.15,0.15
fig3_risk_compensation,919.0,0.4,0,71.27312295973884,2,25,1.0,264.0,2026701025,0.15,0.15
fig3_risk_compensation,447.99999999999994,0.4,0,23.43749999999999,2,26,1.0,343.0,2026701026,0.15,0.15
fig3_risk_compensation,1029.0,0.4,0,54.90767735665695,2,27,1.0,464.0,2026701027,0.15,0.15
fig3_risk_compensation,780.0,0.4,0,42.82051282051281,2,28,1.0,446.00000000000006,2026701028,0.15,0.15
fig3_risk_compensation,614.0,0.4,0,34.039087947882734,2,29,1.0,405.0,2026701029,0.15,0.15
fig3_risk_compensation,747.0,0.4,0,31.994645247657285,2,30,1.0,508.00000000000006,2026701030,0.15,0.15
fig3_risk_compensation,1084.0,0.4,0,28.04428044280443,2,31,1.0,780.0,2026701031,0.15,0.15
fig3_risk_compensation,705.0,0.4,0,46.808510638297875,2,32,1.0,375.0,2026701032,0.15,0.15
fig3_risk_compensation,878.0,0.4,0,50.34168564920273,2,33,1.0,436.0,2026701033,0.15,0.15
fig3_risk_compensation,754.0,0.4,0,46.286472148541115,2,34,1.0,405.0,2026701034,0.15,0.15
fig3_risk_compensation,1343.0,0.4,0,41.54877140729711,2,35,1.0,784.9999999999999,2026701035,0.15,0.15
fig3_risk_compensation,510.00000000000006,0.4,0,17.84313725490197,2,36,1.0,419.0,2026701036,0.15,0.15
fig3_risk_compensation,1124.0,0.4,0,42.88256227758007,2,37,1.0,642.0,2026701037,0.15,0.15
fig3_risk_compensation,734.0,0.4,0,44.6866485013624,2,38,1.0,406.0,2026701038,0.15,0.15
fig3_risk_compensation,701.0,0.4,0,26.39087018544936,2,39,1.0,516.0,2026701039,0.15,0.15
fig3_risk_compensation,622.0,0.4,0,30.385852090032166,2,40,1.0,432.99999999999994,2026701040,0.15,0.15
fig3_risk_compensation,1046.0,0.4,0,47.13193116634799,2,41,1.0,553.0,2026701041,0.15,0.15
fig3_risk_compensation,629.0,0.4,0,36.56597774244834,2,42,1.0,398.99999999999994,2026701042,0.15,0.15
fig3_risk_compensation,419.0,0.4,0,23.15035799522673,2,43,1.0,322.0,2026701043,0.15,0.15
fig3_risk_compensation,801.9999999999999,0.4,0,45.012468827930164,2,44,1.0,441.0,2026701044,0.15,0.15
fig3_risk_compensation,843.0,0.4,0,47.21233689205219,2,45,1.0,445.0,2026701045,0.15,0.15
fig3_risk_compensation,650.0,0.4,0,44.61538461538461,2,46,1.0,360.0,2026701046,0.15,0.15
fig3_risk_compensation,744.0,0.4,0,31.317204301075268,2,47,1.0,511.0,2026701047,0.15,0.15
fig3_risk_compensation,1026.0,0.4,0,33.4307992202729,2,48,1.0,683.0,2026701048,0.15,0.15
fig3_risk_compensation,628.0,0.4,0,39.3312101910828,2,49,1.0,381.0,2026701049,0.15,0.15
fig3_risk_compensation,863.0,0.4,0,32.329084588644264,2,50,1.0,584.0,2026701050,0.15,0.15
fig3_risk_compensation,790.0000000000001,0.4,0,52.15189873417722,2,51,1.0,378.0,2026701051,0.15,0.15
fig3_risk_compensation,1069.0,0.4,0,57.62394761459308,2,52,1.0,453.0,2026701052,0.15,0.15
fig3_risk_compensation,652.0,0.4,0,29.60122699386502,2,53,1.0,459.00000000000006,2026701053,0.15,0.15
fig3_risk_compensation,1010.0,0.4,0,40.59405940594059,2,54,1.0,600.0,2026701054,0.15,0.15
fig3_risk_compensation,530.0,0.4,0,29.056603773584907,2,55,1.0,376.0,2026701055,0.15,0.15
fig3_risk_compensation,762.0,0.4,0,26.902887139107612,2,56,1.0,557.0,2026701056,0.15,0.15
fig3_risk_compensation,1064.0,0.4,0,49.06015037593985,2,57,1.0,542.0,2026701057,0.15,0.15
fig3_risk_compensation,609.0,0.4,0,46.79802955665025,2,58,1.0,324.0,2026701058,0.15,0.15
fig3_risk_compensation,846.0,0.4,0,30.023640661938533,2,59,1.0,592.0,2026701059,0.15,0.15
fig3_risk_compensation,645.0,0.4,0,29.92248062015505,2,60,1.0,451.99999999999994,2026701060,0.15,0.15
fig3_risk_compensation,743.0,0.4,0,16.285329744279945,2,61,1.0,622.0,2026701061,0.15,0.15
fig3_risk_compensation,724.0,0.4,0,25.138121546961326,2,62,1.0,542.0,2026701062,0.15,0.15
fig3_risk_compensation,818.9999999999999,0.4,0,25.763125763125753,2,63,1.0,608.0,2026701063,0.15,0.15
fig3_risk_compensation,765.0,0.4,0,56.07843137254902,2,64,1.0,336.0,2026701064,0.15,0.15
fig3_risk_compensation,834.0,0.4,0,31.294964028776977,2,65,1.0,573.0,2026701065,0.15,0.15
fig3_risk_compensation,800.0,0.4,0,52.375,2,66,1.0,381.0,2026701066,0.15,0.15
fig3_risk_compensation,897.0,0.4,0,52.61984392419174,2,67,1.0,425.00000000000006,2026701067,0.15,0.15
fig3_risk_compensation,1010.9999999999999,0.4,0,46.48862512363995,2,68,1.0,541.0,2026701068,0.15,0.15
fig3_risk_compensation,693.0,0.4,0,47.33044733044733,2,69,1.0,365.0,2026701069,0.15,0.15
fig3_risk_compensation,1144.0,0.4,0,42.13286713286713,2,70,1.0,662.0,2026701070,0.15,0.15
fig3_risk_compensation,684.0,0.4,0,31.57894736842105,2,71,1.0,468.0,2026701071,0.15,0.15
fig3_risk_compensation,776.0,0.4,0,30.54123711340206,2,72,1.0,539.0,2026701072,0.15,0.15
fig3_risk_compensation,778.0,0.4,0,31.491002570694086,2,73,1.0,533.0,2026701073,0.15,0.15
fig3_risk_compensation,688.0,0.4,0,10.029069767441861,2,74,1.0,619.0,2026701074,0.15,0.15
fig3_risk_compensation,863.0,0.4,0,45.538818076477405,2,75,1.0,470.0,2026701075,0.15,0.15
fig3_risk_compensation,804.0,0.4,0,44.90049751243781,2,76,1.0,443.0,2026701076,0.15,0.15
fig3_risk_compensation,656.0,0.4,0,49.69512195121951,2,77,1.0,330.0,2026701077,0.15,0.15
fig3_risk_compensation,656.0,0.4,0,41.15853658536585,2,78,1.0,386.0,2026701078,0.15,0.15
fig3_risk_compensation,1061.0,0.4,0,53.817153628652214,2,79,1.0,490.0,2026701079,0.15,0.15
fig3_risk_compensation,889.0,0.4,0,43.532058492688414,2,80,1.0,502.0,2026701080,0.15,0.15
fig3_risk_compensation,1051.0,0.4,0,49.57183634633682,2,81,1.0,530.0,2026701081,0.15,0.15
fig3_risk_compensation,744.0,0.4,0,28.36021505376344,2,82,1.0,533.0,2026701082,0.15,0.15
fig3_risk_compensation,898.0,0.4,0,38.084632516703785,2,83,1.0,556.0,2026701083,0.15,0.15
fig3_risk_compensation,625.0,0.4,0,48.0,2,84,1.0,325.0,2026701084,0.15,0.15
fig3_risk_compensation,575.0,0.4,0,14.260869565217382,2,85,1.0,493.00000000000006,2026701085,0.15,0.15
fig3_risk_compensation,632.0,0.4,0,-7.753164556962025,2,86,1.0,681.0,2026701086,0.15,0.15
fig3_risk_compensation,803.0000000000001,0.4,0,47.571606475716074,2,87,1.0,421.0,2026701087,0.15,0.15
fig3_risk_compensation,592.0,0.4,0,19.256756756756747,2,88,1.0,478.00000000000006,2026701088,0.15,0.15
fig3_risk_compensation,702.0,0.4,0,39.03133903133903,2,89,1.0,428.0,2026701089,0.15,0.15
fig3_risk_compensation,788.0,0.4,0,31.85279187817259,2,90,1.0,537.0,2026701090,0.15,0.15
fig3_risk_compensation,986.0000000000001,0.4,0,45.74036511156188,2,91,1.0,535.0,2026701091,0.15,0.15
fig3_risk_compensation,626.0,0.4,0,23.482428115015974,2,92,1.0,479.0,2026701092,0.15,0.15
fig3_risk_compensation,895.0,0.4,0,47.374301675977655,2,93,1.0,471.0,2026701093,0.15,0.15
fig3_risk_compensation,908.0,0.4,0,40.52863436123348,2,94,1.0,540.0,2026701094,0.15,0.15
fig3_risk_compensation,751.0,0.4,0,30.89214380825566,2,95,1.0,519.0,2026701095,0.15,0.15
fig3_risk_compensation,825.0,0.4,0,39.878787878787875,2,96,1.0,496.0,2026701096,0.15,0.15
fig3_risk_compensation,740.0,0.4,0,42.83783783783784,2,97,1.0,423.0,2026701097,0.15,0.15
fig3_risk_compensation,1163.0,0.4,0,45.65778159931212,2,98,1.0,632.0,2026701098,0.15,0.15
fig3_risk_compensation,588.0,0.4,0,48.97959183673469,2,99,1.0,300.0,2026701099,0.15,0.15
fig3_risk_compensation,1079.0,0.4,0,0.0,2,0,1.0,1079.0,2026700000,0.0,0.0
fig3_risk_compensation,729.0,0.4,0,0.0,2,1,1.0,729.0,2026700001,0.0,0.0
fig3_risk_compensation,1114.0,0.4,0,0.0,2,2,1.0,1114.0,2026700002,0.0,0.0
fig3_risk_compensation,936.0,0.4,0,0.0,2,3,1.0,936.0,2026700003,0.0,0.0
fig3_risk_compensation,867.0000000000001,0.4,0,0.0,2,4,1.0,867.0000000000001,2026700004,0.0,0.0
fig3_risk_compensation,1094.0,0.4,0,0.0,2,5,1.0,1094.0,2026700005,0.0,0.0
fig3_risk_compensation,665.0,0.4,0,0.0,2,6,1.0,665.0,2026700006,0.0,0.0
fig3_risk_compensation,990.0000000000001,0.4,0,0.0,2,7,1.0,990.0000000000001,2026700007,0.0,0.0
fig3_risk_compensation,494.0,0.4,0,0.0,2,8,1.0,494.0,2026700008,0.0,0.0
fig3_risk_compensation,709.0,0.4,0,0.0,2,9,1.0,709.0,2026700009,0.0,0.0
fig3_risk_compensation,868.0,0.4,0,0.0,2,10,1.0,868.0,2026700010,0.0,0.0
fig3_risk_compensation,921.0,0.4,0,0.0,2,11,1.0,921.0,2026700011,0.0,0.0
fig3_risk_compensation,602.0,0.4,0,0.0,2,12,1.0,602.0,2026700012,0.0,0.0
fig3_risk_compensation,704.0,0.4,0,0.0,2,13,1.0,704.0,2026700013,0.0,0.0
fig3_risk_compensation,780.0,0.4,0,0.0,2,14,1.0,780.0,2026700014,0.0,0.0
fig3_risk_compensation,783.0,0.4,0,0.0,2,15,1.0,783.0,2026700015,0.0,0.0
fig3_risk_compensation,672.0,0.4,0,0.0,2,16,1.0,672.0,2026700016,0.0,0.0
fig3_risk_compensation,787.0,0.4,0,0.0,2,17,1.0,787.0,2026700017,0.0,0.0
fig3_risk_compensation,1093.0,0.4,0,0.0,2,18,1.0,1093.0,2026700018,0.0,0.0
fig3_risk_compensation,550.0,0.4,0,0.0,2,19,1.0,550.0,2026700019,0.0,0.0
fig3_risk_compensation,991.0,0.4,0,0.0,2,20,1.0,991.0,2026700020,0.0,0.0
fig3_risk_compensation,510.00000000000006,0.4,0,0.0,2,21,1.0,510.00000000000006,2026700021,0.0,0.0
fig3_risk_compensation,803.0000000000001,0.4,0,0.0,2,22,1.0,803.0000000000001,2026700022,0.0,0.0
fig3_risk_compensation,676.0,0.4,0,0.0,2,23,1.0,676.0,2026700023,0.0,0.0
fig3_risk_compensation,931.0,0.4,0,0.0,2,24,1.0,931.0,2026700024,0.0,0.0
fig3_risk_compensation,1007.0000000000001,0.4,0,0.0,2,25,1.0,1007.0000000000001,2026700025,0.0,0.0
fig3_risk_compensation,1214.0,0.4,0,0.0,2,26,1.0,1214.0,2026700026,0.0,0.0
fig3_risk_compensation,807.0000000000001,0.4,0,0.0,2,27,1.0,807.0000000000001,2026700027,0.0,0.0
fig3_risk_compensation,728.0,0.4,0,0.0,2,28,1.0,728.0,2026700028,0.0,0.0
fig3_risk_compensation,663.0,0.4,0,0.0,2,29,1.0,663.0,2026700029,0.0,0.0
fig3_risk_compensation,791.0,0.4,0,0.0,2,30,1.0,791.0,2026700030,0.0,0.0
fig3_risk_compensation,885.0,0.4,0,0.0,2,31,1.0,885.0,2026700031,0.0,0.0
fig3_risk_compensation,912.9999999999999,0.4,0,0.0,2,32,1.0,912.9999999999999,2026700032,0.0,0.0
fig3_risk_compensation,657.0,0.4,0,0.0,2,33,1.0,657.0,2026700033,0.0,0.0
fig3_risk_compensation,1298.0,0.4,0,0.0,2,34,1.0,1298.0,2026700034,0.0,0.0
fig3_risk_compensation,1014.9999999999999,0.4,0,0.0,2,35,1.0,1014.9999999999999,2026700035,0.0,0.0
fig3_risk_compensation,824.0000000000001,0.4,0,0.0,2,36,1.0,824.0000000000001,2026700036,0.0,0.0
fig3_risk_compensation,961.0,0.4,0,0.0,2,37,1.0,961.0,2026700037,0.0,0.0
fig3_risk_compensation,979.0,0.4,0,0.0,2,38,1.0,979.0,2026700038,0.0,0.0
fig3_risk_compensation,637.0,0.4,0,0.0,2,39,1.0,637.0,2026700039,0.0,0.0
fig3_risk_compensation,902.0,0.4,0,0.0,2,40,1.0,902.0,2026700040,0.0,0.0
fig3_risk_compensation,685.0,0.4,0,0.0,2,41,1.0,685.0,2026700041,0.0,0.0
fig3_risk_compensation,1041.0,0.4,0,0.0,2,42,1.0,1041.0,2026700042,0.0,0.0
fig3_risk_compensation,817.0,0.4,0,0.0,2,43,1.0,817.0,2026700043,0.0,0.0
fig3_risk_compensation,1150.0,0.4,0,0.0,2,44,1.0,1150.0,2026700044,0.0,0.0
fig3_risk_compensation,755.0,0.4,0,0.0,2,45,1.0,755.0,2026700045,0.0,0.0
fig3_risk_compensation,829.0,0.4,0,0.0,2,46,1.0,829.0,2026700046,0.0,0.0
fig3_risk_compensation,801.9999999999999,0.4,0,0.0,2,47,1.0,801.9999999999999,2026700047,0.0,0.0
fig3_risk_compensation,649.0,0.4,0,0.0,2,48,1.0,649.0,2026700048,0.0,0.0
fig3_risk_compensation,655.0,0.4,0,0.0,2,49,1.0,655.0,2026700049,0.0,0.0
fig3_risk_compensation,826.0,0.4,0,0.0,2,50,1.0,826.0,2026700050,0.0,0.0
fig3_risk_compensation,783.0,0.4,0,0.0,2,51,1.0,783.0,2026700051,0.0,0.0
fig3_risk_compensation,903.9999999999999,0.4,0,0.0,2,52,1.0,903.9999999999999,2026700052,0.0,0.0
fig3_risk_compensation,710.0,0.4,0,0.0,2,53,1.0,710.0,2026700053,0.0,0.0
fig3_risk_compensation,657.0,0.4,0,0.0,2,54,1.0,657.0,2026700054,0.0,0.0
fig3_risk_compensation,986.0000000000001,0.4,0,0.0,2,55,1.0,986.0000000000001,2026700055,0.0,0.0
fig3_risk_compensation,671.0,0.4,0,0.0,2,56,1.0,671.0,2026700056,0.0,0.0
fig3_risk_compensation,921.0,0.4,0,0.0,2,57,1.0,921.0,2026700057,0.0,0.0
fig3_risk_compensation,809.0,0.4,0,0.0,2,58,1.0,809.0,2026700058,0.0,0.0
fig3_risk_compensation,780.0,0.4,0,0.0,2,59,1.0,780.0,2026700059,0.0,0.0
fig3_risk_compensation,871.0000000000001,0.4,0,0.0,2,60,1.0,871.0000000000001,2026700060,0.0,0.0
fig3_risk_compensation,759.0,0.4,0,0.0,2,61,1.0,759.0,2026700061,0.0,0.0
fig3_risk_compensation,884.0000000000001,0.4,0,0.0,2,62,1.0,884.0000000000001,2026700062,0.0,0.0
fig3_risk_compensation,644.0,0.4,0,0.0,2,63,1.0,644.0,2026700063,0.0,0.0
fig3_risk_compensation,861.9999999999999,0.4,0,0.0,2,64,1.0,861.9999999999999,2026700064,0.0,0.0
fig3_risk_compensation,878.0,0.4,0,0.0,2,65,1.0,878.0,2026700065,0.0,0.0
fig3_risk_compensation,841.0000000000001,0.4,0,0.0,2,66,1.0,841.0000000000001,2026700066,0.0,0.0
fig3_risk_compensation,886.9999999999999,0.4,0,0.0,2,67,1.0,886.9999999999999,2026700067,0.0,0.0
fig3_risk_compensation,788.0,0.4,0,0.0,2,68,1.0,788.0,2026700068,0.0,0.0
fig3_risk_compensation,620.0,0.4,0,0.0,2,69,1.0,620.0,2026700069,0.0,0.0
fig3_risk_compensation,837.0000000000001,0.4,0,0.0,2,70,1.0,837.0000000000001,2026700070,0.0,0.0
fig3_risk_compensation,639.0,0.4,0,0.0,2,71,1.0,639.0,2026700071,0.0,0.0
fig3_risk_compensation,801.9999999999999,0.4,0,0.0,2,72,1.0,801.9999999999999,2026700072,0.0,0.0
fig3_risk_compensation,649.0,0.4,0,0.0,2,73,1.0,649.0,2026700073,0.0,0.0
fig3_risk_compensation,1067.0,0.4,0,0.0,2,74,1.0,1067.0,2026700074,0.0,0.0
fig3_risk_compensation,746.0,0.4,0,0.0,2,75,1.0,746.0,2026700075,0.0,0.0
fig3_risk_compensation,1166.0,0.4,0,0.0,2,76,1.0,1166.0,2026700076,0.0,0.0
fig3_risk_compensation,684.0,0.4,0,0.0,2,77,1.0,684.0,2026700077,0.0,0.0
fig3_risk_compensation,889.0,0.4,0,0.0,2,78,1.0,889.0,2026700078,0.0,0.0
fig3_risk_compensation,793.0,0.4,0,0.0,2,79,1.0,793.0,2026700079,0.0,0.0
fig3_risk_compensation,1010.0,0.4,0,0.0,2,80,1.0,1010.0,2026700080,0.0,0.0
fig3_risk_compensation,691.0,0.4,0,0.0,2,81,1.0,691.0,2026700081,0.0,0.0
fig3_risk_compensation,1181.0,0.4,0,0.0,2,82,1.0,1181.0,2026700082,0.0,0.0
fig3_risk_compensation,907.0,0.4,0,0.0,2,83,1.0,907.0,2026700083,0.0,0.0
fig3_risk_compensation,1035.0,0.4,0,0.0,2,84,1.0,1035.0,2026700084,0.0,0.0
fig3_risk_compensation,1065.0,0.4,0,0.0,2,85,1.0,1065.0,2026700085,0.0,0.0
fig3_risk_compensation,946.0,0.4,0,0.0,2,86,1.0,946.0,2026700086,0.0,0.0
fig3_risk_compensation,569.0,0.4,0,0.0,2,87,1.0,569.0,2026700087,0.0,0.0
fig3_risk_compensation,787.0,0.4,0,0.0,2,88,1.0,787.0,2026700088,0.0,0.0
fig3_risk_compensation,821.0,0.4,0,0.0,2,89,1.0,821.0,2026700089,0.0,0.0
fig3_risk_compensation,1100.0,0.4,0,0.0,2,90,1.0,1100.0,2026700090,0.0,0.0
fig3_risk_compensation,812.0,0.4,0,0.0,2,91,1.0,812.0,2026700091,0.0,0.0
fig3_risk_compensation,973.0000000000001,0.4,0,0.0,2,92,1.0,973.0000000000001,2026700092,0.0,0.0
fig3_risk_compensation,612.0,0.4,0,0.0,2,93,1.0,612.0,2026700093,0.0,0.0
fig3_risk_compensation,946.0,0.4,0,0.0,2,94,1.0,946.0,2026700094,0.0,0.0
fig3_risk_compensation,980.0,0.4,0,0.0,2,95,1.0,980.0,2026700095,0.0,0.0
fig3_risk_compensation,688.0,0.4,0,0.0,2,96,1.0,688.0,2026700096,0.0,0.0
fig3_risk_compensation,806.0,0.4,0,0.0,2,97,1.0,806.0,2026700097,0.0,0.0
fig3_risk_compensation,933.0,0.4,0,0.0,2,98,1.0,933.0,2026700098,0.0,0.0
fig3_risk_compensation,818.9999999999999,0.4,0,0.0,2,99,1.0,818.9999999999999,2026700099,0.0,0.0
fig3_risk_compensation,1043.0,0.4,0,-56.66347075743049,2,0,1.25,1634.0,2026707000,0.0,0.0
fig3_risk_compensation,679.0,0.4,0,-87.48159057437408,2,1,1.25,1273.0,2026707001,0.0,0.0
fig3_risk_compensation,997.0,0.4,0,-47.94383149448345,2,2,1.25,1475.0,2026707002,0.0,0.0
fig3_risk_compensation,905.0000000000001,0.4,0,-24.7513812154696,2,3,1.25,1129.0,2026707003,0.0,0.0
fig3_risk_compensation,767.0,0.4,0,-68.1877444589309,2,4,1.25,1290.0,2026707004,0.0,0.0
fig3_risk_compensation,956.0000000000001,0.4,0,-16.945606694560656,2,5,1.25,1118.0,2026707005,0.0,0.0
fig3_risk_compensation,958.0,0.4,0,7.828810020876838,2,6,1.25,882.9999999999999,2026707006,0.0,0.0
fig3_risk_compensation,912.0,0.4,0,-58.223684210526315,2,7,1.25,1443.0,2026707007,0.0,0.0
fig3_risk_compensation,842.0,0.4,0,-35.510688836104514,2,8,1.25,1141.0,2026707008,0.0,0.0
fig3_risk_compensation,970.0,0.4,0,-40.824742268041234,2,9,1.25,1366.0,2026707009,0.0,0.0
fig3_risk_compensation,1234.0,0.4,0,16.53160453808752,2,10,1.25,1030.0,2026707010,0.0,0.0
fig3_risk_compensation,1007.0000000000001,0.4,0,-26.117179741807334,2,11,1.25,1270.0,2026707011,0.0,0.0
fig3_risk_compensation,779.0,0.4,0,-53.53016688061617,2,12,1.25,1196.0,2026707012,0.0,0.0
fig3_risk_compensation,835.9999999999999,0.4,0,-78.11004784688998,2,13,1.25,1489.0,2026707013,0.0,0.0
fig3_risk_compensation,1209.0,0.4,0,-36.22828784119105,2,14,1.25,1646.9999999999998,2026707014,0.0,0.0
fig3_risk_compensation,706.0,0.4,0,-68.83852691218131,2,15,1.25,1192.0,2026707015,0.0,0.0
fig3_risk_compensation,725.0,0.4,0,-119.44827586206897,2,16,1.25,1591.0,2026707016,0.0,0.0
fig3_risk_compensation,626.0,0.4,0,-87.06070287539936,2,17,1.25,1171.0,2026707017,0.0,0.0
fig3_risk_compensation,929.0,0.4,0,-51.23789020452099,2,18,1.25,1405.0,2026707018,0.0,0.0
fig3_risk_compensation,920.0,0.4,0,-27.717391304347824,2,19,1.25,1175.0,2026707019,0.0,0.0
fig3_risk_compensation,1152.0,0.4,0,18.31597222222222,2,20,1.25,941.0,2026707020,0.0,0.0
fig3_risk_compensation,690.0,0.4,0,-71.44927536231884,2,21,1.25,1183.0,2026707021,0.0,0.0
fig3_risk_compensation,805.0,0.4,0,-69.68944099378882,2,22,1.25,1366.0,2026707022,0.0,0.0
fig3_risk_compensation,865.9999999999999,0.4,0,-82.3325635103926,2,23,1.25,1578.9999999999998,2026707023,0.0,0.0
fig3_risk_compensation,889.0,0.4,0,-29.808773903262093,2,24,1.25,1154.0,2026707024,0.0,0.0
fig3_risk_compensation,738.0,0.4,0,-69.51219512195122,2,25,1.25,1251.0,2026707025,0.0,0.0
fig3_risk_compensation,920.0,0.4,0,-29.67391304347826,2,26,1.25,1193.0,2026707026,0.0,0.0
fig3_risk_compensation,813.0,0.4,0,-44.52644526445265,2,27,1.25,1175.0,2026707027,0.0,0.0
fig3_risk_compensation,640.0,0.4,0,-76.09375,2,28,1.25,1127.0,2026707028,0.0,0.0
fig3_risk_compensation,791.0,0.4,0,-36.03034134007585,2,29,1.25,1076.0,2026707029,0.0,0.0
fig3_risk_compensation,630.0,0.4,0,-65.07936507936508,2,30,1.25,1040.0,2026707030,0.0,0.0
fig3_risk_compensation,763.0,0.4,0,-96.06815203145479,2,31,1.25,1496.0,2026707031,0.0,0.0
fig3_risk_compensation,744.0,0.4,0,-25.134408602150536,2,32,1.25,931.0,2026707032,0.0,0.0
fig3_risk_compensation,756.0,0.4,0,-62.16931216931217,2,33,1.25,1226.0,2026707033,0.0,0.0
fig3_risk_compensation,700.0,0.4,0,-50.142857142857146,2,34,1.25,1051.0,2026707034,0.0,0.0
fig3_risk_compensation,848.9999999999999,0.4,0,-41.81389870435809,2,35,1.25,1204.0,2026707035,0.0,0.0
fig3_risk_compensation,967.0,0.4,0,-33.29886246122027,2,36,1.25,1289.0,2026707036,0.0,0.0
fig3_risk_compensation,478.00000000000006,0.4,0,-164.01673640167363,2,37,1.25,1262.0,2026707037,0.0,0.0
fig3_risk_compensation,710.0,0.4,0,-120.14084507042257,2,38,1.25,1563.0000000000002,2026707038,0.0,0.0
fig3_risk_compensation,715.0,0.4,0,-71.74825174825175,2,39,1.25,1228.0,2026707039,0.0,0.0
fig3_risk_compensation,1088.0,0.4,0,-15.349264705882353,2,40,1.25,1255.0,2026707040,0.0,0.0
fig3_risk_compensation,1191.0,0.4,0,15.617128463476071,2,41,1.25,1005.0,2026707041,0.0,0.0
fig3_risk_compensation,801.9999999999999,0.4,0,-57.35660847880302,2,42,1.25,1262.0,2026707042,0.0,0.0
fig3_risk_compensation,817.0,0.4,0,-68.91064871481028,2,43,1.25,1380.0,2026707043,0.0,0.0
fig3_risk_compensation,1255.0,0.4,0,-26.772908366533866,2,44,1.25,1591.0,2026707044,0.0,0.0
fig3_risk_compensation,707.0,0.4,0,-115.84158415841584,2,45,1.25,1526.0,2026707045,0.0,0.0
fig3_risk_compensation,775.0,0.4,0,-60.12903225806452,2,46,1.25,1241.0,2026707046,0.0,0.0
fig3_risk_compensation,686.0,0.4,0,-23.7609329446064,2,47,1.25,848.9999999999999,2026707047,0.0,0.0
fig3_risk_compensation,726.0,0.4,0,-90.77134986225896,2,48,1.25,1385.0,2026707048,0.0,0.0
fig3_risk_compensation,1109.0,0.4,0,-11.902614968440036,2,49,1.25,1241.0,2026707049,0.0,0.0
fig3_risk_compensation,771.0,0.4,0,-111.284046692607,2,50,1.25,1629.0,2026707050,0.0,0.0
fig3_risk_compensation,1122.0,0.4,0,-40.10695187165777,2,51,1.25,1572.0000000000002,2026707051,0.0,0.0
fig3_risk_compensation,698.0,0.4,0,-80.51575931232092,2,52,1.25,1260.0,2026707052,0.0,0.0
fig3_risk_compensation,876.0,0.4,0,-92.35159817351598,2,53,1.25,1685.0,2026707053,0.0,0.0
fig3_risk_compensation,796.0,0.4,0,-52.76381909547739,2,54,1.25,1216.0,2026707054,0.0,0.0
fig3_risk_compensation,958.0,0.4,0,-68.05845511482255,2,55,1.25,1610.0,2026707055,0.0,0.0
fig3_risk_compensation,651.0,0.4,0,-82.18125960061444,2,56,1.25,1186.0,2026707056,0.0,0.0
fig3_risk_compensation,984.9999999999999,0.4,0,5.482233502538061,2,57,1.25,931.0,2026707057,0.0,0.0
fig3_risk_compensation,857.0,0.4,0,-59.62660443407235,2,58,1.25,1368.0,2026707058,0.0,0.0
fig3_risk_compensation,808.0,0.4,0,-62.995049504950494,2,59,1.25,1317.0,2026707059,0.0,0.0
fig3_risk_compensation,814.0,0.4,0,-39.434889434889435,2,60,1.25,1135.0,2026707060,0.0,0.0
fig3_risk_compensation,970.0,0.4,0,-3.195876288659794,2,61,1.25,1001.0,2026707061,0.0,0.0
fig3_risk_compensation,624.0,0.4,0,-104.00641025641026,2,62,1.25,1273.0,2026707062,0.0,0.0
fig3_risk_compensation,599.0,0.4,0,-107.34557595993323,2,63,1.25,1242.0,2026707063,0.0,0.0
fig3_risk_compensation,946.0,0.4,0,7.399577167019028,2,64,1.25,876.0,2026707064,0.0,0.0
fig3_risk_compensation,1220.0,0.4,0,-29.34426229508197,2,65,1.25,1578.0,2026707065,0.0,0.0
fig3_risk_compensation,1093.0,0.4,0,-88.19762122598353,2,66,1.25,2057.0,2026707066,0.0,0.0
fig3_risk_compensation,761.0,0.4,0,-43.75821287779238,2,67,1.25,1094.0,2026707067,0.0,0.0
fig3_risk_compensation,1001.0,0.4,0,-61.13886113886112,2,68,1.25,1612.9999999999998,2026707068,0.0,0.0
fig3_risk_compensation,1150.0,0.4,0,5.739130434782608,2,69,1.25,1084.0,2026707069,0.0,0.0
fig3_risk_compensation,929.9999999999999,0.4,0,-59.46236559139787,2,70,1.25,1483.0,2026707070,0.0,0.0
fig3_risk_compensation,492.0,0.4,0,-111.17886178861788,2,71,1.25,1039.0,2026707071,0.0,0.0
fig3_risk_compensation,725.0,0.4,0,-106.62068965517241,2,72,1.25,1498.0,2026707072,0.0,0.0
fig3_risk_compensation,786.0000000000001,0.4,0,-27.22646310432568,2,73,1.25,1000.0,2026707073,0.0,0.0
fig3_risk_compensation,726.0,0.4,0,-56.74931129476584,2,74,1.25,1138.0,2026707074,0.0,0.0
fig3_risk_compensation,846.0,0.4,0,-35.9338061465721,2,75,1.25,1150.0,2026707075,0.0,0.0
fig3_risk_compensation,1222.0,0.4,0,9.083469721767594,2,76,1.25,1111.0,2026707076,0.0,0.0
fig3_risk_compensation,882.9999999999999,0.4,0,-64.7791619479049,2,77,1.25,1455.0,2026707077,0.0,0.0
fig3_risk_compensation,1156.0,0.4,0,6.141868512110727,2,78,1.25,1085.0,2026707078,0.0,0.0
fig3_risk_compensation,826.0,0.4,0,-84.7457627118644,2,79,1.25,1526.0,2026707079,0.0,0.0
fig3_risk_compensation,613.0,0.4,0,-36.37846655791189,2,80,1.25,835.9999999999999,2026707080,0.0,0.0
fig3_risk_compensation,805.0,0.4,0,-92.79503105590062,2,81,1.25,1552.0,2026707081,0.0,0.0
fig3_risk_compensation,657.0,0.4,0,-52.8158295281583,2,82,1.25,1004.0,2026707082,0.0,0.0
fig3_risk_compensation,531.0,0.4,0,-198.87005649717509,2,83,1.25,1586.9999999999998,2026707083,0.0,0.0
fig3_risk_compensation,834.0,0.4,0,-30.095923261390887,2,84,1.25,1085.0,2026707084,0.0,0.0
fig3_risk_compensation,756.0,0.4,0,-8.46560846560848,2,85,1.25,820.0000000000001,2026707085,0.0,0.0
fig3_risk_compensation,697.0,0.4,0,-30.12912482065997,2,86,1.25,907.0,2026707086,0.0,0.0
fig3_risk_compensation,1050.0,0.4,0,-53.523809523809526,2,87,1.25,1612.0,2026707087,0.0,0.0
fig3_risk_compensation,944.0,0.4,0,-19.385593220338983,2,88,1.25,1127.0,2026707088,0.0,0.0
fig3_risk_compensation,958.0,0.4,0,-17.53653444676409,2,89,1.25,1126.0,2026707089,0.0,0.0
fig3_risk_compensation,855.0,0.4,0,-33.333333333333336,2,90,1.25,1140.0,2026707090,0.0,0.0
fig3_risk_compensation,840.0,0.4,0,-46.19047619047619,2,91,1.25,1228.0,2026707091,0.0,0.0
fig3_risk_compensation,790.0000000000001,0.4,0,-11.012658227848085,2,92,1.25,877.0,2026707092,0.0,0.0
fig3_risk_compensation,949.0,0.4,0,-29.715489989462593,2,93,1.25,1231.0,2026707093,0.0,0.0
fig3_risk_compensation,689.0,0.4,0,-87.6632801161103,2,94,1.25,1293.0,2026707094,0.0,0.0
fig3_risk_compensation,793.9999999999999,0.4,0,-105.03778337531489,2,95,1.25,1628.0,2026707095,0.0,0.0
fig3_risk_compensation,557.0,0.4,0,-119.56912028725314,2,96,1.25,1223.0,2026707096,0.0,0.0
fig3_risk_compensation,824.0000000000001,0.4,0,-75.24271844660191,2,97,1.25,1444.0,2026707097,0.0,0.0
fig3_risk_compensation,1146.0,0.4,0,-28.44677137870855,2,98,1.25,1472.0,2026707098,0.0,0.0
fig3_risk_compensation,378.0,0.4,0,-289.15343915343914,2,99,1.25,1471.0,2026707099,0.0,0.0
fig3_risk_compensation,797.0,0.4,0,74.78042659974906,2,0,1.25,201.0,2026712000,0.75,0.75
fig3_risk_compensation,831.9999999999999,0.4,0,79.8076923076923,2,1,1.25,168.0,2026712001,0.75,0.75
fig3_risk_compensation,905.0000000000001,0.4,0,76.79558011049724,2,2,1.25,210.0,2026712002,0.75,0.75
fig3_risk_compensation,948.0000000000001,0.4,0,75.8438818565401,2,3,1.25,229.0,2026712003,0.75,0.75
fig3_risk_compensation,659.0,0.4,0,69.95447647951441,2,4,1.25,198.0,2026712004,0.75,0.75
fig3_risk_compensation,748.0,0.4,0,74.19786096256685,2,5,1.25,193.0,2026712005,0.75,0.75
fig3_risk_compensation,729.0,0.4,0,79.83539094650206,2,6,1.25,147.0,2026712006,0.75,0.75
fig3_risk_compensation,899.9999999999999,0.4,0,68.99999999999999,2,7,1.25,279.0,2026712007,0.75,0.75
fig3_risk_compensation,827.0,0.4,0,71.46311970979444,2,8,1.25,236.0,2026712008,0.75,0.75
fig3_risk_compensation,693.0,0.4,0,81.52958152958153,2,9,1.25,128.0,2026712009,0.75,0.75
fig3_risk_compensation,588.0,0.4,0,72.61904761904762,2,10,1.25,161.0,2026712010,0.75,0.75
fig3_risk_compensation,915.0,0.4,0,68.96174863387978,2,11,1.25,284.0,2026712011,0.75,0.75
fig3_risk_compensation,633.0,0.4,0,56.55608214849921,2,12,1.25,275.0,2026712012,0.75,0.75
fig3_risk_compensation,974.0,0.4,0,80.28747433264887,2,13,1.25,192.0,2026712013,0.75,0.75
fig3_risk_compensation,979.0,0.4,0,80.59244126659857,2,14,1.25,190.0,2026712014,0.75,0.75
fig3_risk_compensation,1135.0,0.4,0,84.14096916299559,2,15,1.25,180.0,2026712015,0.75,0.75
fig3_risk_compensation,894.0,0.4,0,80.08948545861297,2,16,1.25,178.0,2026712016,0.75,0.75
fig3_risk_compensation,1063.0,0.4,0,79.20978363123236,2,17,1.25,221.00000000000003,2026712017,0.75,0.75
fig3_risk_compensation,829.0,0.4,0,67.18938480096502,2,18,1.25,272.0,2026712018,0.75,0.75
fig3_risk_compensation,741.0,0.4,0,68.82591093117409,2,19,1.25,231.0,2026712019,0.75,0.75
fig3_risk_compensation,708.0,0.4,0,75.14124293785311,2,20,1.25,176.0,2026712020,0.75,0.75
fig3_risk_compensation,599.0,0.4,0,60.60100166944908,2,21,1.25,236.0,2026712021,0.75,0.75
fig3_risk_compensation,551.0,0.4,0,68.60254083484574,2,22,1.25,173.0,2026712022,0.75,0.75
fig3_risk_compensation,797.0,0.4,0,72.89836888331241,2,23,1.25,216.0,2026712023,0.75,0.75
fig3_risk_compensation,1130.0,0.4,0,83.98230088495575,2,24,1.25,181.0,2026712024,0.75,0.75
fig3_risk_compensation,831.9999999999999,0.4,0,79.6875,2,25,1.25,169.0,2026712025,0.75,0.75
fig3_risk_compensation,577.0,0.4,0,73.3102253032929,2,26,1.25,154.0,2026712026,0.75,0.75
fig3_risk_compensation,986.0000000000001,0.4,0,79.61460446247465,2,27,1.25,201.0,2026712027,0.75,0.75
fig3_risk_compensation,659.0,0.4,0,48.710166919575116,2,28,1.25,338.0,2026712028,0.75,0.75
fig3_risk_compensation,614.0,0.4,0,63.68078175895766,2,29,1.25,223.00000000000003,2026712029,0.75,0.75
fig3_risk_compensation,490.0,0.4,0,67.34693877551021,2,30,1.25,160.0,2026712030,0.75,0.75
fig3_risk_compensation,668.0,0.4,0,75.44910179640719,2,31,1.25,164.0,2026712031,0.75,0.75
fig3_risk_compensation,743.0,0.4,0,71.46702557200538,2,32,1.25,212.0,2026712032,0.75,0.75
fig3_risk_compensation,692.0,0.4,0,66.90751445086705,2,33,1.25,229.0,2026712033,0.75,0.75
fig3_risk_compensation,974.0,0.4,0,82.03285420944559,2,34,1.25,175.0,2026712034,0.75,0.75
fig3_risk_compensation,791.0,0.4,0,78.00252844500632,2,35,1.25,174.0,2026712035,0.75,0.75
fig3_risk_compensation,699.0,0.4,0,72.53218884120172,2,36,1.25,192.0,2026712036,0.75,0.75
fig3_risk_compensation,664.0,0.4,0,61.144578313253014,2,37,1.25,258.0,2026712037,0.75,0.75
fig3_risk_compensation,899.9999999999999,0.4,0,73.44444444444444,2,38,1.25,239.00000000000003,2026712038,0.75,0.75
fig3_risk_compensation,714.0,0.4,0,65.26610644257703,2,39,1.25,248.0,2026712039,0.75,0.75
fig3_risk_compensation,983.0,0.4,0,72.43133265513734,2,40,1.25,271.0,2026712040,0.75,0.75
fig3_risk_compensation,950.9999999999999,0.4,0,71.39852786540483,2,41,1.25,272.0,2026712041,0.75,0.75
fig3_risk_compensation,859.0,0.4,0,77.18277066356228,2,42,1.25,196.0,2026712042,0.75,0.75
fig3_risk_compensation,783.0,0.4,0,76.88378033205619,2,43,1.25,181.0,2026712043,0.75,0.75
fig3_risk_compensation,796.0,0.4,0,76.75879396984925,2,44,1.25,185.0,2026712044,0.75,0.75
fig3_risk_compensation,846.0,0.4,0,77.42316784869976,2,45,1.25,191.0,2026712045,0.75,0.75
fig3_risk_compensation,993.0,0.4,0,84.69284994964754,2,46,1.25,152.0,2026712046,0.75,0.75
fig3_risk_compensation,1004.0,0.4,0,80.4780876494024,2,47,1.25,196.0,2026712047,0.75,0.75
fig3_risk_compensation,777.0,0.4,0,75.67567567567568,2,48,1.25,189.0,2026712048,0.75,0.75
fig3_risk_compensation,521.0,0.4,0,61.036468330134355,2,49,1.25,203.0,2026712049,0.75,0.75
fig3_risk_compensation,1135.0,0.4,0,83.9647577092511,2,50,1.25,182.0,2026712050,0.75,0.75
fig3_risk_compensation,984.0,0.4,0,86.99186991869918,2,51,1.25,128.0,2026712051,0.75,0.75
fig3_risk_compensation,906.0,0.4,0,79.69094922737307,2,52,1.25,184.0,2026712052,0.75,0.75
fig3_risk_compensation,783.0,0.4,0,74.20178799489145,2,53,1.25,202.0,2026712053,0.75,0.75
fig3_risk_compensation,643.0,0.4,0,72.93934681181959,2,54,1.25,174.0,2026712054,0.75,0.75
fig3_risk_compensation,593.0,0.4,0,73.69308600337268,2,55,1.25,156.0,2026712055,0.75,0.75
fig3_risk_compensation,664.0,0.4,0,77.40963855421687,2,56,1.25,150.0,2026712056,0.75,0.75
fig3_risk_compensation,831.9999999999999,0.4,0,75.24038461538461,2,57,1.25,206.00000000000003,2026712057,0.75,0.75
fig3_risk_compensation,944.0,0.4,0,84.21610169491525,2,58,1.25,149.0,2026712058,0.75,0.75
fig3_risk_compensation,502.0,0.4,0,57.96812749003984,2,59,1.25,211.0,2026712059,0.75,0.75
fig3_risk_compensation,748.0,0.4,0,78.07486631016043,2,60,1.25,164.0,2026712060,0.75,0.75
fig3_risk_compensation,963.9999999999999,0.4,0,78.52697095435684,2,61,1.25,206.99999999999997,2026712061,0.75,0.75
fig3_risk_compensation,707.0,0.4,0,68.31683168316832,2,62,1.25,223.99999999999997,2026712062,0.75,0.75
fig3_risk_compensation,787.0,0.4,0,73.18932655654383,2,63,1.25,211.0,2026712063,0.75,0.75
fig3_risk_compensation,773.0,0.4,0,70.11642949547219,2,64,1.25,231.0,2026712064,0.75,0.75
fig3_risk_compensation,944.0,0.4,0,84.63983050847457,2,65,1.25,145.0,2026712065,0.75,0.75
fig3_risk_compensation,784.0,0.4,0,75.76530612244898,2,66,1.25,190.0,2026712066,0.75,0.75
fig3_risk_compensation,889.0,0.4,0,73.56580427446569,2,67,1.25,235.0,2026712067,0.75,0.75
fig3_risk_compensation,800.0,0.4,0,79.125,2,68,1.25,167.0,2026712068,0.75,0.75
fig3_risk_compensation,950.0,0.4,0,69.57894736842105,2,69,1.25,289.0,2026712069,0.75,0.75
fig3_risk_compensation,1043.0,0.4,0,81.78331735378715,2,70,1.25,190.0,2026712070,0.75,0.75
fig3_risk_compensation,1105.0,0.4,0,83.710407239819,2,71,1.25,180.0,2026712071,0.75,0.75
fig3_risk_compensation,830.0,0.4,0,77.34939759036145,2,72,1.25,188.0,2026712072,0.75,0.75
fig3_risk_compensation,654.0,0.4,0,73.08868501529052,2,73,1.25,176.0,2026712073,0.75,0.75
fig3_risk_compensation,698.0,0.4,0,75.21489971346705,2,74,1.25,173.0,2026712074,0.75,0.75
fig3_risk_compensation,1027.0,0.4,0,82.57059396299903,2,75,1.25,179.0,2026712075,0.75,0.75
fig3_risk_compensation,793.0,0.4,0,80.20176544766709,2,76,1.25,157.0,2026712076,0.75,0.75
fig3_risk_compensation,588.0,0.4,0,67.68707482993197,2,77,1.25,190.0,2026712077,0.75,0.75
fig3_risk_compensation,701.0,0.4,0,77.31811697574894,2,78,1.25,159.0,2026712078,0.75,0.75
fig3_risk_compensation,950.0,0.4,0,82.63157894736842,2,79,1.25,165.0,2026712079,0.75,0.75
fig3_risk_compensation,537.0,0.4,0,67.59776536312849,2,80,1.25,174.0,2026712080,0.75,0.75
fig3_risk_compensation,850.0000000000001,0.4,0,73.05882352941177,2,81,1.25,229.0,2026712081,0.75,0.75
fig3_risk_compensation,715.0,0.4,0,68.25174825174825,2,82,1.25,227.0,2026712082,0.75,0.75
fig3_risk_compensation,1069.0,0.4,0,82.60056127221702,2,83,1.25,186.0,2026712083,0.75,0.75
fig3_risk_compensation,756.0,0.4,0,74.73544973544973,2,84,1.25,191.0,2026712084,0.75,0.75
fig3_risk_compensation,1036.0,0.4,0,79.82625482625483,2,85,1.25,208.99999999999997,2026712085,0.75,0.75
fig3_risk_compensation,1010.0,0.4,0,82.47524752475248,2,86,1.25,177.0,2026712086,0.75,0.75
fig3_risk_compensation,718.0,0.4,0,69.49860724233983,2,87,1.25,219.0,2026712087,0.75,0.75
fig3_risk_compensation,908.0,0.4,0,72.13656387665198,2,88,1.25,253.0,2026712088,0.75,0.75
fig3_risk_compensation,500.0,0.4,0,65.2,2,89,1.25,174.0,2026712089,0.75,0.75
fig3_risk_compensation,758.0,0.4,0,67.94195250659631,2,90,1.25,243.0,2026712090,0.75,0.75
fig3_risk_compensation,739.0,0.4,0,69.01217861975643,2,91,1.25,229.0,2026712091,0.75,0.75
fig3_risk_compensation,803.0000000000001,0.4,0,77.33499377334995,2,92,1.25,182.0,2026712092,0.75,0.75
fig3_risk_compensation,905.0000000000001,0.4,0,84.41988950276243,2,93,1.25,141.0,2026712093,0.75,0.75
fig3_risk_compensation,863.0,0.4,0,75.89803012746233,2,94,1.25,207.99999999999997,2026712094,0.75,0.75
fig3_risk_compensation,733.0,0.4,0,76.12551159618008,2,95,1.25,175.0,2026712095,0.75,0.75
fig3_risk_compensation,1048.0,0.4,0,81.0114503816794,2,96,1.25,199.0,2026712096,0.75,0.75
fig3_risk_compensation,835.9999999999999,0.4,0,75.95693779904306,2,97,1.25,201.0,2026712097,0.75,0.75
fig3_risk_compensation,691.0,0.4,0,76.98986975397973,2,98,1.25,159.0,2026712098,0.75,0.75
fig3_risk_compensation,1007.0000000000001,0.4,0,85.00496524329692,2,99,1.25,151.0,2026712099,0.75,0.75
fig3_risk_compensation,915.0,0.4,0,74.42622950819673,2,0,1.25,234.0,2026711000,0.6,0.6
fig3_risk_compensation,880.0,0.4,0,73.63636363636364,2,1,1.25,232.0,2026711001,0.6,0.6
fig3_risk_compensation,523.0,0.4,0,52.77246653919694,2,2,1.25,247.0,2026711002,0.6,0.6
fig3_risk_compensation,1109.0,0.4,0,76.64562669071235,2,3,1.25,259.0,2026711003,0.6,0.6
fig3_risk_compensation,635.0,0.4,0,55.74803149606299,2,4,1.25,281.0,2026711004,0.6,0.6
fig3_risk_compensation,940.0,0.4,0,74.14893617021276,2,5,1.25,243.0,2026711005,0.6,0.6
fig3_risk_compensation,464.0,0.4,0,51.29310344827587,2,6,1.25,225.99999999999997,2026711006,0.6,0.6
fig3_risk_compensation,1037.0,0.4,0,76.27772420443587,2,7,1.25,246.0,2026711007,0.6,0.6
fig3_risk_compensation,1090.0,0.4,0,73.85321100917432,2,8,1.25,285.0,2026711008,0.6,0.6
fig3_risk_compensation,593.0,0.4,0,63.74367622259697,2,9,1.25,215.0,2026711009,0.6,0.6
fig3_risk_compensation,923.0,0.4,0,68.68905742145179,2,10,1.25,289.0,2026711010,0.6,0.6
fig3_risk_compensation,891.0,0.4,0,71.60493827160494,2,11,1.25,253.0,2026711011,0.6,0.6
fig3_risk_compensation,851.0,0.4,0,72.38542890716803,2,12,1.25,235.0,2026711012,0.6,0.6
fig3_risk_compensation,1024.0,0.4,0,76.07421875,2,13,1.25,245.0,2026711013,0.6,0.6
fig3_risk_compensation,846.0,0.4,0,73.75886524822695,2,14,1.25,222.00000000000003,2026711014,0.6,0.6
fig3_risk_compensation,653.0,0.4,0,63.093415007656965,2,15,1.25,240.99999999999997,2026711015,0.6,0.6
fig3_risk_compensation,890.0,0.4,0,83.70786516853933,2,16,1.25,145.0,2026711016,0.6,0.6
fig3_risk_compensation,834.0,0.4,0,72.66187050359713,2,17,1.25,228.0,2026711017,0.6,0.6
fig3_risk_compensation,706.0,0.4,0,65.15580736543909,2,18,1.25,246.0,2026711018,0.6,0.6
fig3_risk_compensation,607.0,0.4,0,70.84019769357496,2,19,1.25,177.0,2026711019,0.6,0.6
fig3_risk_compensation,507.0,0.4,0,51.87376725838264,2,20,1.25,244.0,2026711020,0.6,0.6
fig3_risk_compensation,741.0,0.4,0,65.72199730094466,2,21,1.25,254.00000000000003,2026711021,0.6,0.6
fig3_risk_compensation,1030.0,0.4,0,75.04854368932038,2,22,1.25,257.0,2026711022,0.6,0.6
fig3_risk_compensation,604.0,0.4,0,71.6887417218543,2,23,1.25,171.0,2026711023,0.6,0.6
fig3_risk_compensation,641.0,0.4,0,72.07488299531981,2,24,1.25,179.0,2026711024,0.6,0.6
fig3_risk_compensation,997.0,0.4,0,77.93380140421264,2,25,1.25,220.0,2026711025,0.6,0.6
fig3_risk_compensation,885.0,0.4,0,79.66101694915254,2,26,1.25,180.0,2026711026,0.6,0.6
fig3_risk_compensation,803.0000000000001,0.4,0,64.2590286425903,2,27,1.25,287.0,2026711027,0.6,0.6
fig3_risk_compensation,829.0,0.4,0,62.12303980699638,2,28,1.25,314.0,2026711028,0.6,0.6
fig3_risk_compensation,752.0,0.4,0,62.36702127659574,2,29,1.25,283.0,2026711029,0.6,0.6
fig3_risk_compensation,564.0,0.4,0,74.64539007092199,2,30,1.25,143.0,2026711030,0.6,0.6
fig3_risk_compensation,733.0,0.4,0,73.26057298772169,2,31,1.25,196.0,2026711031,0.6,0.6
fig3_risk_compensation,1009.0,0.4,0,86.7195242814668,2,32,1.25,134.0,2026711032,0.6,0.6
fig3_risk_compensation,481.99999999999994,0.4,0,59.543568464730285,2,33,1.25,195.0,2026711033,0.6,0.6
fig3_risk_compensation,702.0,0.4,0,72.64957264957265,2,34,1.25,192.0,2026711034,0.6,0.6
fig3_risk_compensation,925.9999999999999,0.4,0,66.41468682505399,2,35,1.25,311.0,2026711035,0.6,0.6
fig3_risk_compensation,852.0,0.4,0,87.20657276995306,2,36,1.25,109.0,2026711036,0.6,0.6
fig3_risk_compensation,704.0,0.4,0,72.1590909090909,2,37,1.25,196.0,2026711037,0.6,0.6
fig3_risk_compensation,922.0000000000001,0.4,0,68.3297180043384,2,38,1.25,292.0,2026711038,0.6,0.6
fig3_risk_compensation,1077.0,0.4,0,81.15134633240483,2,39,1.25,203.0,2026711039,0.6,0.6
fig3_risk_compensation,950.0,0.4,0,77.26315789473684,2,40,1.25,216.0,2026711040,0.6,0.6
fig3_risk_compensation,861.9999999999999,0.4,0,75.52204176334106,2,41,1.25,211.0,2026711041,0.6,0.6
fig3_risk_compensation,1029.0,0.4,0,80.27210884353741,2,42,1.25,203.0,2026711042,0.6,0.6
fig3_risk_compensation,939.0000000000001,0.4,0,67.83812566560171,2,43,1.25,302.0,2026711043,0.6,0.6
fig3_risk_compensation,834.0,0.4,0,67.50599520383693,2,44,1.25,271.0,2026711044,0.6,0.6
fig3_risk_compensation,1417.0,0.4,0,79.18136908962597,2,45,1.25,295.0,2026711045,0.6,0.6
fig3_risk_compensation,585.0,0.4,0,40.85470085470085,2,46,1.25,346.0,2026711046,0.6,0.6
fig3_risk_compensation,766.0,0.4,0,64.36031331592689,2,47,1.25,273.0,2026711047,0.6,0.6
fig3_risk_compensation,864.0,0.4,0,74.07407407407408,2,48,1.25,223.99999999999997,2026711048,0.6,0.6
fig3_risk_compensation,761.0,0.4,0,71.74770039421813,2,49,1.25,215.0,2026711049,0.6,0.6
fig3_risk_compensation,746.0,0.4,0,65.41554959785523,2,50,1.25,258.0,2026711050,0.6,0.6
fig3_risk_compensation,1107.0,0.4,0,77.32610659439928,2,51,1.25,251.0,2026711051,0.6,0.6
fig3_risk_compensation,589.0,0.4,0,60.61120543293718,2,52,1.25,232.0,2026711052,0.6,0.6
fig3_risk_compensation,611.0,0.4,0,63.338788870703766,2,53,1.25,223.99999999999997,2026711053,0.6,0.6
fig3_risk_compensation,656.0,0.4,0,75.0,2,54,1.25,164.0,2026711054,0.6,0.6
fig3_risk_compensation,986.0000000000001,0.4,0,78.09330628803247,2,55,1.25,216.0,2026711055,0.6,0.6
fig3_risk_compensation,1133.0,0.4,0,79.87643424536628,2,56,1.25,228.0,2026711056,0.6,0.6
fig3_risk_compensation,886.9999999999999,0.4,0,60.992108229988716,2,57,1.25,346.0,2026711057,0.6,0.6
fig3_risk_compensation,858.0000000000001,0.4,0,75.40792540792542,2,58,1.25,211.0,2026711058,0.6,0.6
fig3_risk_compensation,789.0,0.4,0,73.51077313054499,2,59,1.25,208.99999999999997,2026711059,0.6,0.6
fig3_risk_compensation,893.0,0.4,0,70.77267637178052,2,60,1.25,261.0,2026711060,0.6,0.6
fig3_risk_compensation,782.0,0.4,0,66.11253196930946,2,61,1.25,265.0,2026711061,0.6,0.6
fig3_risk_compensation,472.0,0.4,0,29.661016949152543,2,62,1.25,332.0,2026711062,0.6,0.6
fig3_risk_compensation,673.0,0.4,0,66.86478454680535,2,63,1.25,223.00000000000003,2026711063,0.6,0.6
fig3_risk_compensation,748.0,0.4,0,66.57754010695187,2,64,1.25,250.0,2026711064,0.6,0.6
fig3_risk_compensation,992.0,0.4,0,81.25,2,65,1.25,186.0,2026711065,0.6,0.6
fig3_risk_compensation,888.0000000000001,0.4,0,76.01351351351352,2,66,1.25,213.0,2026711066,0.6,0.6
fig3_risk_compensation,719.0,0.4,0,74.1307371349096,2,67,1.25,186.0,2026711067,0.6,0.6
fig3_risk_compensation,743.0,0.4,0,61.372812920592196,2,68,1.25,287.0,2026711068,0.6,0.6
fig3_risk_compensation,843.0,0.4,0,81.02016607354686,2,69,1.25,160.0,2026711069,0.6,0.6
fig3_risk_compensation,899.9999999999999,0.4,0,71.66666666666666,2,70,1.25,255.00000000000003,2026711070,0.6,0.6
fig3_risk_compensation,918.0000000000001,0.4,0,78.86710239651417,2,71,1.25,194.0,2026711071,0.6,0.6
fig3_risk_compensation,766.0,0.4,0,64.75195822454307,2,72,1.25,270.0,2026711072,0.6,0.6
fig3_risk_compensation,868.0,0.4,0,79.3778801843318,2,73,1.25,179.0,2026711073,0.6,0.6
fig3_risk_compensation,629.0,0.4,0,72.01907790143085,2,74,1.25,176.0,2026711074,0.6,0.6
fig3_risk_compensation,647.0,0.4,0,65.37867078825347,2,75,1.25,223.99999999999997,2026711075,0.6,0.6
fig3_risk_compensation,710.0,0.4,0,59.859154929577464,2,76,1.25,285.0,2026711076,0.6,0.6
fig3_risk_compensation,993.0,0.4,0,79.15407854984895,2,77,1.25,206.99999999999997,2026711077,0.6,0.6
fig3_risk_compensation,788.0,0.4,0,64.08629441624366,2,78,1.25,283.0,2026711078,0.6,0.6
fig3_risk_compensation,1126.0,0.4,0,73.53463587921847,2,79,1.25,298.0,2026711079,0.6,0.6
fig3_risk_compensation,847.0,0.4,0,72.13695395513578,2,80,1.25,236.0,2026711080,0.6,0.6
fig3_risk_compensation,1195.0,0.4,0,86.02510460251047,2,81,1.25,167.0,2026711081,0.6,0.6
fig3_risk_compensation,993.0,0.4,0,76.13293051359517,2,82,1.25,237.00000000000003,2026711082,0.6,0.6
fig3_risk_compensation,817.0,0.4,0,68.54345165238678,2,83,1.25,257.0,2026711083,0.6,0.6
fig3_risk_compensation,757.0,0.4,0,75.42932628797887,2,84,1.25,186.0,2026711084,0.6,0.6
fig3_risk_compensation,1115.0,0.4,0,79.46188340807174,2,85,1.25,229.0,2026711085,0.6,0.6
fig3_risk_compensation,1029.0,0.4,0,79.10592808551992,2,86,1.25,215.0,2026711086,0.6,0.6
fig3_risk_compensation,691.0,0.4,0,65.8465991316932,2,87,1.25,236.0,2026711087,0.6,0.6
fig3_risk_compensation,1335.0,0.4,0,76.77902621722846,2,88,1.25,310.0,2026711088,0.6,0.6
fig3_risk_compensation,812.0,0.4,0,70.93596059113301,2,89,1.25,236.0,2026711089,0.6,0.6
fig3_risk_compensation,609.0,0.4,0,73.72742200328408,2,90,1.25,160.0,2026711090,0.6,0.6
fig3_risk_compensation,963.9999999999999,0.4,0,80.70539419087136,2,91,1.25,186.0,2026711091,0.6,0.6
fig3_risk_compensation,760.0,0.4,0,72.23684210526316,2,92,1.25,211.0,2026711092,0.6,0.6
fig3_risk_compensation,682.0,0.4,0,59.3841642228739,2,93,1.25,277.0,2026711093,0.6,0.6
fig3_risk_compensation,655.0,0.4,0,69.46564885496183,2,94,1.25,200.0,2026711094,0.6,0.6
fig3_risk_compensation,774.0,0.4,0,67.44186046511628,2,95,1.25,252.0,2026711095,0.6,0.6
fig3_risk_compensation,704.0,0.4,0,76.5625,2,96,1.25,165.0,2026711096,0.6,0.6
fig3_risk_compensation,988.0,0.4,0,74.19028340080972,2,97,1.25,255.00000000000003,2026711097,0.6,0.6
fig3_risk_compensation,725.0,0.4,0,56.96551724137931,2,98,1.25,312.0,2026711098,0.6,0.6
fig3_risk_compensation,1080.0,0.4,0,81.20370370370371,2,99,1.25,203.0,2026711099,0.6,0.6
fig3_risk_compensation,719.0,0.4,0,60.778859527121,2,0,1.25,282.0,2026710000,0.44999999999999996,0.44999999999999996
fig3_risk_compensation,747.0,0.4,0,74.8326639892905,2,1,1.25,188.0,2026710001,0.44999999999999996,0.44999999999999996
fig3_risk_compensation,946.9999999999999,0.4,0,57.0221752903907,2,2,1.25,407.0,2026710002,0.44999999999999996,0.44999999999999996
fig3_risk_compensation,635.0,0.4,0,63.62204724409449,2,3,1.25,231.0,2026710003,0.44999999999999996,0.44999999999999996
fig3_risk_compensation,750.0,0.4,0,53.733333333333334,2,4,1.25,347.0,2026710004,0.44999999999999996,0.44999999999999996
fig3_risk_compensation,928.0,0.4,0,66.91810344827586,2,5,1.25,307.0,2026710005,0.44999999999999996,0.44999999999999996
fig3_risk_compensation,899.9999999999999,0.4,0,75.0,2,6,1.25,224.99999999999997,2026710006,0.44999999999999996,0.44999999999999996
fig3_risk_compensation,892.0000000000001,0.4,0,65.80717488789239,2,7,1.25,305.0,2026710007,0.44999999999999996,0.44999999999999996
fig3_risk_compensation,1166.0,0.4,0,75.64322469982848,2,8,1.25,284.0,2026710008,0.44999999999999996,0.44999999999999996
fig3_risk_compensation,825.0,0.4,0,66.18181818181819,2,9,1.25,279.0,2026710009,0.44999999999999996,0.44999999999999996
fig3_risk_compensation,605.0,0.4,0,58.67768595041322,2,10,1.25,250.0,2026710010,0.44999999999999996,0.44999999999999996
fig3_risk_compensation,1229.0,0.4,0,74.93897477624084,2,11,1.25,308.0,2026710011,0.44999999999999996,0.44999999999999996
fig3_risk_compensation,601.0,0.4,0,55.074875207986686,2,12,1.25,270.0,2026710012,0.44999999999999996,0.44999999999999996
fig3_risk_compensation,986.0000000000001,0.4,0,67.13995943204868,2,13,1.25,324.0,2026710013,0.44999999999999996,0.44999999999999996
fig3_risk_compensation,915.0,0.4,0,78.0327868852459,2,14,1.25,201.0,2026710014,0.44999999999999996,0.44999999999999996
fig3_risk_compensation,526.0,0.4,0,46.958174904942965,2,15,1.25,279.0,2026710015,0.44999999999999996,0.44999999999999996
fig3_risk_compensation,801.0,0.4,0,54.30711610486891,2,16,1.25,366.0,2026710016,0.44999999999999996,0.44999999999999996
fig3_risk_compensation,971.0,0.4,0,78.68177136972194,2,17,1.25,206.99999999999997,2026710017,0.44999999999999996,0.44999999999999996
fig3_risk_compensation,1173.0,0.4,0,76.04433077578858,2,18,1.25,281.0,2026710018,0.44999999999999996,0.44999999999999996
fig3_risk_compensation,880.0,0.4,0,73.63636363636364,2,19,1.25,232.0,2026710019,0.44999999999999996,0.44999999999999996
fig3_risk_compensation,909.0000000000001,0.4,0,67.98679867986799,2,20,1.25,291.0,2026710020,0.44999999999999996,0.44999999999999996
fig3_risk_compensation,997.0,0.4,0,66.49949849548646,2,21,1.25,334.0,2026710021,0.44999999999999996,0.44999999999999996
fig3_risk_compensation,959.0,0.4,0,70.59436913451512,2,22,1.25,282.0,2026710022,0.44999999999999996,0.44999999999999996
fig3_risk_compensation,1042.0,0.4,0,57.2936660268714,2,23,1.25,445.0,2026710023,0.44999999999999996,0.44999999999999996
fig3_risk_compensation,909.0000000000001,0.4,0,65.23652365236525,2,24,1.25,316.0,2026710024,0.44999999999999996,0.44999999999999996
fig3_risk_compensation,691.0,0.4,0,57.59768451519537,2,25,1.25,293.0,2026710025,0.44999999999999996,0.44999999999999996
fig3_risk_compensation,982.0000000000001,0.4,0,63.747454175152754,2,26,1.25,356.0,2026710026,0.44999999999999996,0.44999999999999996
fig3_risk_compensation,1151.0,0.4,0,57.51520417028671,2,27,1.25,489.0,2026710027,0.44999999999999996,0.44999999999999996
fig3_risk_compensation,909.0000000000001,0.4,0,64.35643564356437,2,28,1.25,324.0,2026710028,0.44999999999999996,0.44999999999999996
fig3_risk_compensation,818.0,0.4,0,65.6479217603912,2,29,1.25,281.0,2026710029,0.44999999999999996,0.44999999999999996
fig3_risk_compensation,988.0,0.4,0,72.46963562753037,2,30,1.25,272.0,2026710030,0.44999999999999996,0.44999999999999996
fig3_risk_compensation,983.0,0.4,0,67.1414038657172,2,31,1.25,323.0,2026710031,0.44999999999999996,0.44999999999999996
fig3_risk_compensation,806.0,0.4,0,66.12903225806451,2,32,1.25,273.0,2026710032,0.44999999999999996,0.44999999999999996
fig3_risk_compensation,1152.0,0.4,0,79.60069444444444,2,33,1.25,235.0,2026710033,0.44999999999999996,0.44999999999999996
fig3_risk_compensation,643.0,0.4,0,63.45256609642302,2,34,1.25,235.0,2026710034,0.44999999999999996,0.44999999999999996
fig3_risk_compensation,678.0,0.4,0,55.1622418879056,2,35,1.25,304.0,2026710035,0.44999999999999996,0.44999999999999996
fig3_risk_compensation,831.9999999999999,0.4,0,74.39903846153845,2,36,1.25,213.0,2026710036,0.44999999999999996,0.44999999999999996
fig3_risk_compensation,1159.0,0.4,0,82.1397756686799,2,37,1.25,206.99999999999997,2026710037,0.44999999999999996,0.44999999999999996
fig3_risk_compensation,733.0,0.4,0,65.75716234652114,2,38,1.25,251.0,2026710038,0.44999999999999996,0.44999999999999996
fig3_risk_compensation,598.0,0.4,0,43.47826086956522,2,39,1.25,338.0,2026710039,0.44999999999999996,0.44999999999999996
fig3_risk_compensation,838.0,0.4,0,62.76849642004773,2,40,1.25,312.0,2026710040,0.44999999999999996,0.44999999999999996
fig3_risk_compensation,888.0000000000001,0.4,0,64.75225225225226,2,41,1.25,313.0,2026710041,0.44999999999999996,0.44999999999999996
fig3_risk_compensation,534.0,0.4,0,32.95880149812734,2,42,1.25,358.0,2026710042,0.44999999999999996,0.44999999999999996
fig3_risk_compensation,1126.0,0.4,0,76.46536412078153,2,43,1.25,265.0,2026710043,0.44999999999999996,0.44999999999999996
fig3_risk_compensation,835.9999999999999,0.4,0,59.330143540669845,2,44,1.25,340.0,2026710044,0.44999999999999996,0.44999999999999996
fig3_risk_compensation,809.0,0.4,0,69.59208899876391,2,45,1.25,246.0,2026710045,0.44999999999999996,0.44999999999999996
fig3_risk_compensation,897.0,0.4,0,79.041248606466,2,46,1.25,188.0,2026710046,0.44999999999999996,0.44999999999999996
fig3_risk_compensation,718.0,0.4,0,61.00278551532033,2,47,1.25,280.0,2026710047,0.44999999999999996,0.44999999999999996
fig3_risk_compensation,911.0,0.4,0,75.41163556531285,2,48,1.25,223.99999999999997,2026710048,0.44999999999999996,0.44999999999999996
fig3_risk_compensation,753.0,0.4,0,73.43957503320053,2,49,1.25,200.0,2026710049,0.44999999999999996,0.44999999999999996
fig3_risk_compensation,1255.0,0.4,0,74.18326693227091,2,50,1.25,324.0,2026710050,0.44999999999999996,0.44999999999999996
fig3_risk_compensation,944.0,0.4,0,67.58474576271186,2,51,1.25,306.0,2026710051,0.44999999999999996,0.44999999999999996
fig3_risk_compensation,992.0,0.4,0,69.95967741935483,2,52,1.25,298.0,2026710052,0.44999999999999996,0.44999999999999996
fig3_risk_compensation,826.0,0.4,0,67.67554479418887,2,53,1.25,267.0,2026710053,0.44999999999999996,0.44999999999999996
fig3_risk_compensation,892.0000000000001,0.4,0,73.87892376681614,2,54,1.25,233.0,2026710054,0.44999999999999996,0.44999999999999996
fig3_risk_compensation,742.0,0.4,0,64.82479784366576,2,55,1.25,261.0,2026710055,0.44999999999999996,0.44999999999999996
fig3_risk_compensation,1142.0,0.4,0,71.10332749562171,2,56,1.25,330.0,2026710056,0.44999999999999996,0.44999999999999996
fig3_risk_compensation,742.0,0.4,0,39.35309973045823,2,57,1.25,449.99999999999994,2026710057,0.44999999999999996,0.44999999999999996
fig3_risk_compensation,502.0,0.4,0,44.820717131474105,2,58,1.25,277.0,2026710058,0.44999999999999996,0.44999999999999996
fig3_risk_compensation,1001.0,0.4,0,72.32767232767233,2,59,1.25,277.0,2026710059,0.44999999999999996,0.44999999999999996
fig3_risk_compensation,669.0,0.4,0,55.455904334828105,2,60,1.25,298.0,2026710060,0.44999999999999996,0.44999999999999996
fig3_risk_compensation,656.0,0.4,0,55.640243902439025,2,61,1.25,291.0,2026710061,0.44999999999999996,0.44999999999999996
fig3_risk_compensation,743.0,0.4,0,65.54508748317632,2,62,1.25,256.0,2026710062,0.44999999999999996,0.44999999999999996
fig3_risk_compensation,598.0,0.4,0,59.531772575250834,2,63,1.25,241.99999999999997,2026710063,0.44999999999999996,0.44999999999999996
fig3_risk_compensation,1005.0,0.4,0,56.61691542288557,2,64,1.25,436.0,2026710064,0.44999999999999996,0.44999999999999996
fig3_risk_compensation,897.0,0.4,0,58.19397993311037,2,65,1.25,375.0,2026710065,0.44999999999999996,0.44999999999999996
fig3_risk_compensation,1455.0,0.4,0,81.99312714776632,2,66,1.25,262.0,2026710066,0.44999999999999996,0.44999999999999996
fig3_risk_compensation,660.0,0.4,0,50.45454545454545,2,67,1.25,327.0,2026710067,0.44999999999999996,0.44999999999999996
fig3_risk_compensation,377.0,0.4,0,10.610079575596817,2,68,1.25,337.0,2026710068,0.44999999999999996,0.44999999999999996
fig3_risk_compensation,933.9999999999999,0.4,0,71.41327623126338,2,69,1.25,267.0,2026710069,0.44999999999999996,0.44999999999999996
fig3_risk_compensation,745.0,0.4,0,73.8255033557047,2,70,1.25,195.0,2026710070,0.44999999999999996,0.44999999999999996
fig3_risk_compensation,784.9999999999999,0.4,0,53.630573248407636,2,71,1.25,364.0,2026710071,0.44999999999999996,0.44999999999999996
fig3_risk_compensation,615.0,0.4,0,56.58536585365854,2,72,1.25,267.0,2026710072,0.44999999999999996,0.44999999999999996
fig3_risk_compensation,874.0,0.4,0,73.22654462242564,2,73,1.25,234.0,2026710073,0.44999999999999996,0.44999999999999996
fig3_risk_compensation,1045.0,0.4,0,68.03827751196172,2,74,1.25,334.0,2026710074,0.44999999999999996,0.44999999999999996
fig3_risk_compensation,1165.0,0.4,0,75.53648068669528,2,75,1.25,285.0,2026710075,0.44999999999999996,0.44999999999999996
fig3_risk_compensation,848.9999999999999,0.4,0,59.36395759717313,2,76,1.25,345.0,2026710076,0.44999999999999996,0.44999999999999996
fig3_risk_compensation,1099.0,0.4,0,65.33212010919017,2,77,1.25,381.0,2026710077,0.44999999999999996,0.44999999999999996
fig3_risk_compensation,1123.0,0.4,0,76.04630454140694,2,78,1.25,269.0,2026710078,0.44999999999999996,0.44999999999999996
fig3_risk_compensation,869.9999999999999,0.4,0,71.72413793103448,2,79,1.25,246.0,2026710079,0.44999999999999996,0.44999999999999996
fig3_risk_compensation,867.0000000000001,0.4,0,63.091118800461366,2,80,1.25,320.0,2026710080,0.44999999999999996,0.44999999999999996
fig3_risk_compensation,597.0,0.4,0,34.003350083752096,2,81,1.25,394.0,2026710081,0.44999999999999996,0.44999999999999996
fig3_risk_compensation,723.0,0.4,0,57.67634854771784,2,82,1.25,306.0,2026710082,0.44999999999999996,0.44999999999999996
fig3_risk_compensation,924.0,0.4,0,61.47186147186147,2,83,1.25,356.0,2026710083,0.44999999999999996,0.44999999999999996
fig3_risk_compensation,1008.0,0.4,0,60.11904761904762,2,84,1.25,402.0,2026710084,0.44999999999999996,0.44999999999999996
fig3_risk_compensation,642.0,0.4,0,42.21183800623053,2,85,1.25,371.0,2026710085,0.44999999999999996,0.44999999999999996
fig3_risk_compensation,843.0,0.4,0,76.15658362989323,2,86,1.25,201.0,2026710086,0.44999999999999996,0.44999999999999996
fig3_risk_compensation,987.0,0.4,0,72.34042553191489,2,87,1.25,273.0,2026710087,0.44999999999999996,0.44999999999999996
fig3_risk_compensation,775.0,0.4,0,63.87096774193548,2,88,1.25,280.0,2026710088,0.44999999999999996,0.44999999999999996
fig3_risk_compensation,825.0,0.4,0,64.60606060606061,2,89,1.25,292.0,2026710089,0.44999999999999996,0.44999999999999996
fig3_risk_compensation,755.0,0.4,0,67.68211920529801,2,90,1.25,244.0,2026710090,0.44999999999999996,0.44999999999999996
fig3_risk_compensation,782.0,0.4,0,59.20716112531969,2,91,1.25,319.0,2026710091,0.44999999999999996,0.44999999999999996
fig3_risk_compensation,899.9999999999999,0.4,0,61.88888888888888,2,92,1.25,343.0,2026710092,0.44999999999999996,0.44999999999999996
fig3_risk_compensation,788.0,0.4,0,65.73604060913705,2,93,1.25,270.0,2026710093,0.44999999999999996,0.44999999999999996
fig3_risk_compensation,837.0000000000001,0.4,0,60.09557945041817,2,94,1.25,334.0,2026710094,0.44999999999999996,0.44999999999999996
fig3_risk_compensation,962.0,0.4,0,67.67151767151768,2,95,1.25,311.0,2026710095,0.44999999999999996,0.44999999999999996
fig3_risk_compensation,1005.0,0.4,0,54.22885572139303,2,96,1.25,460.0,2026710096,0.44999999999999996,0.44999999999999996
fig3_risk_compensation,911.0,0.4,0,60.37321624588365,2,97,1.25,361.0,2026710097,0.44999999999999996,0.44999999999999996
fig3_risk_compensation,783.0,0.4,0,58.62068965517241,2,98,1.25,324.0,2026710098,0.44999999999999996,0.44999999999999996
fig3_risk_compensation,941.0,0.4,0,76.9394261424017,2,99,1.25,217.0,2026710099,0.44999999999999996,0.44999999999999996
fig3_risk_compensation,747.0,0.4,0,84.87282463186078,2,0,1.25,112.99999999999999,2026713000,0.9,0.9
fig3_risk_compensation,835.0,0.4,0,84.4311377245509,2,1,1.25,130.0,2026713001,0.9,0.9
fig3_risk_compensation,801.9999999999999,0.4,0,73.31670822942642,2,2,1.25,214.0,2026713002,0.9,0.9
fig3_risk_compensation,899.0,0.4,0,80.42269187986652,2,3,1.25,176.0,2026713003,0.9,0.9
fig3_risk_compensation,806.0,0.4,0,81.5136476426799,2,4,1.25,149.0,2026713004,0.9,0.9
fig3_risk_compensation,972.0,0.4,0,81.37860082304526,2,5,1.25,181.0,2026713005,0.9,0.9
fig3_risk_compensation,818.9999999999999,0.4,0,83.27228327228326,2,6,1.25,137.0,2026713006,0.9,0.9
fig3_risk_compensation,603.0,0.4,0,69.1542288557214,2,7,1.25,186.0,2026713007,0.9,0.9
fig3_risk_compensation,976.9999999999999,0.4,0,79.42681678607983,2,8,1.25,201.0,2026713008,0.9,0.9
fig3_risk_compensation,727.0,0.4,0,82.11829436038515,2,9,1.25,130.0,2026713009,0.9,0.9
fig3_risk_compensation,1117.0,0.4,0,86.21307072515667,2,10,1.25,154.0,2026713010,0.9,0.9
fig3_risk_compensation,850.0000000000001,0.4,0,72.58823529411765,2,11,1.25,233.0,2026713011,0.9,0.9
fig3_risk_compensation,1036.0,0.4,0,83.97683397683397,2,12,1.25,166.0,2026713012,0.9,0.9
fig3_risk_compensation,1043.0,0.4,0,89.35762224352828,2,13,1.25,111.00000000000001,2026713013,0.9,0.9
fig3_risk_compensation,1068.0,0.4,0,85.67415730337079,2,14,1.25,153.0,2026713014,0.9,0.9
fig3_risk_compensation,1096.0,0.4,0,85.31021897810218,2,15,1.25,161.0,2026713015,0.9,0.9
fig3_risk_compensation,1072.0,0.4,0,76.49253731343283,2,16,1.25,252.0,2026713016,0.9,0.9
fig3_risk_compensation,950.0,0.4,0,77.6842105263158,2,17,1.25,212.0,2026713017,0.9,0.9
fig3_risk_compensation,474.00000000000006,0.4,0,63.080168776371316,2,18,1.25,175.0,2026713018,0.9,0.9
fig3_risk_compensation,724.0,0.4,0,75.82872928176796,2,19,1.25,175.0,2026713019,0.9,0.9
fig3_risk_compensation,844.0,0.4,0,80.09478672985782,2,20,1.25,168.0,2026713020,0.9,0.9
fig3_risk_compensation,605.0,0.4,0,64.29752066115702,2,21,1.25,216.0,2026713021,0.9,0.9
fig3_risk_compensation,643.0,0.4,0,72.31726283048212,2,22,1.25,178.0,2026713022,0.9,0.9
fig3_risk_compensation,1034.0,0.4,0,90.52224371373308,2,23,1.25,98.0,2026713023,0.9,0.9
fig3_risk_compensation,615.0,0.4,0,70.73170731707317,2,24,1.25,180.0,2026713024,0.9,0.9
fig3_risk_compensation,790.0000000000001,0.4,0,74.68354430379748,2,25,1.25,200.0,2026713025,0.9,0.9
fig3_risk_compensation,524.0,0.4,0,67.55725190839695,2,26,1.25,170.0,2026713026,0.9,0.9
fig3_risk_compensation,750.0,0.4,0,82.8,2,27,1.25,129.0,2026713027,0.9,0.9
fig3_risk_compensation,1246.0,0.4,0,87.96147672552166,2,28,1.25,150.0,2026713028,0.9,0.9
fig3_risk_compensation,698.0,0.4,0,71.34670487106017,2,29,1.25,200.0,2026713029,0.9,0.9
fig3_risk_compensation,748.0,0.4,0,68.44919786096257,2,30,1.25,236.0,2026713030,0.9,0.9
fig3_risk_compensation,786.0000000000001,0.4,0,79.38931297709924,2,31,1.25,162.0,2026713031,0.9,0.9
fig3_risk_compensation,869.9999999999999,0.4,0,82.5287356321839,2,32,1.25,152.0,2026713032,0.9,0.9
fig3_risk_compensation,877.0,0.4,0,74.34435575826681,2,33,1.25,224.99999999999997,2026713033,0.9,0.9
fig3_risk_compensation,645.0,0.4,0,82.17054263565892,2,34,1.25,115.0,2026713034,0.9,0.9
fig3_risk_compensation,665.0,0.4,0,78.34586466165413,2,35,1.25,144.0,2026713035,0.9,0.9
fig3_risk_compensation,783.0,0.4,0,72.41379310344827,2,36,1.25,216.0,2026713036,0.9,0.9
fig3_risk_compensation,1004.0,0.4,0,85.65737051792829,2,37,1.25,144.0,2026713037,0.9,0.9
fig3_risk_compensation,765.0,0.4,0,86.9281045751634,2,38,1.25,100.0,2026713038,0.9,0.9
fig3_risk_compensation,621.0,0.4,0,75.52334943639292,2,39,1.25,152.0,2026713039,0.9,0.9
fig3_risk_compensation,1010.0,0.4,0,88.21782178217822,2,40,1.25,119.00000000000001,2026713040,0.9,0.9
fig3_risk_compensation,1043.0,0.4,0,85.3307766059444,2,41,1.25,153.0,2026713041,0.9,0.9
fig3_risk_compensation,547.0,0.4,0,64.89945155393053,2,42,1.25,192.0,2026713042,0.9,0.9
fig3_risk_compensation,580.0,0.4,0,70.6896551724138,2,43,1.25,170.0,2026713043,0.9,0.9
fig3_risk_compensation,935.0000000000001,0.4,0,80.74866310160428,2,44,1.25,180.0,2026713044,0.9,0.9
fig3_risk_compensation,479.99999999999994,0.4,0,74.58333333333333,2,45,1.25,122.0,2026713045,0.9,0.9
fig3_risk_compensation,1140.0,0.4,0,79.21052631578948,2,46,1.25,237.00000000000003,2026713046,0.9,0.9
fig3_risk_compensation,810.0,0.4,0,78.39506172839506,2,47,1.25,175.0,2026713047,0.9,0.9
fig3_risk_compensation,331.0,0.4,0,70.69486404833837,2,48,1.25,97.0,2026713048,0.9,0.9
fig3_risk_compensation,1028.0,0.4,0,87.35408560311284,2,49,1.25,130.0,2026713049,0.9,0.9
fig3_risk_compensation,766.0,0.4,0,81.72323759791122,2,50,1.25,140.0,2026713050,0.9,0.9
fig3_risk_compensation,588.0,0.4,0,61.394557823129254,2,51,1.25,227.0,2026713051,0.9,0.9
fig3_risk_compensation,776.0,0.4,0,75.12886597938144,2,52,1.25,193.0,2026713052,0.9,0.9
fig3_risk_compensation,678.0,0.4,0,62.389380530973455,2,53,1.25,255.00000000000003,2026713053,0.9,0.9
fig3_risk_compensation,719.0,0.4,0,78.85952712100139,2,54,1.25,152.0,2026713054,0.9,0.9
fig3_risk_compensation,775.0,0.4,0,76.25806451612904,2,55,1.25,184.0,2026713055,0.9,0.9
fig3_risk_compensation,1025.0,0.4,0,90.34146341463415,2,56,1.25,99.0,2026713056,0.9,0.9
fig3_risk_compensation,695.0,0.4,0,74.67625899280576,2,57,1.25,176.0,2026713057,0.9,0.9
fig3_risk_compensation,813.0,0.4,0,74.16974169741698,2,58,1.25,210.0,2026713058,0.9,0.9
fig3_risk_compensation,658.0,0.4,0,77.50759878419453,2,59,1.25,148.0,2026713059,0.9,0.9
fig3_risk_compensation,1009.0,0.4,0,75.12388503468782,2,60,1.25,251.0,2026713060,0.9,0.9
fig3_risk_compensation,1035.0,0.4,0,77.29468599033817,2,61,1.25,235.0,2026713061,0.9,0.9
fig3_risk_compensation,806.0,0.4,0,73.44913151364764,2,62,1.25,214.0,2026713062,0.9,0.9
fig3_risk_compensation,1037.0,0.4,0,79.65284474445517,2,63,1.25,211.0,2026713063,0.9,0.9
fig3_risk_compensation,928.0,0.4,0,78.23275862068965,2,64,1.25,202.0,2026713064,0.9,0.9
fig3_risk_compensation,1165.0,0.4,0,86.3519313304721,2,65,1.25,159.0,2026713065,0.9,0.9
fig3_risk_compensation,854.0000000000001,0.4,0,78.68852459016394,2,66,1.25,182.0,2026713066,0.9,0.9
fig3_risk_compensation,831.0,0.4,0,77.9783393501805,2,67,1.25,183.0,2026713067,0.9,0.9
fig3_risk_compensation,632.0,0.4,0,78.63924050632912,2,68,1.25,135.0,2026713068,0.9,0.9
fig3_risk_compensation,818.9999999999999,0.4,0,71.79487179487178,2,69,1.25,231.0,2026713069,0.9,0.9
fig3_risk_compensation,654.0,0.4,0,71.7125382262997,2,70,1.25,185.0,2026713070,0.9,0.9
fig3_risk_compensation,861.9999999999999,0.4,0,76.91415313225058,2,71,1.25,199.0,2026713071,0.9,0.9
fig3_risk_compensation,861.0,0.4,0,80.25551684088269,2,72,1.25,170.0,2026713072,0.9,0.9
fig3_risk_compensation,523.0,0.4,0,78.96749521988528,2,73,1.25,110.0,2026713073,0.9,0.9
fig3_risk_compensation,757.0,0.4,0,76.88243064729194,2,74,1.25,175.0,2026713074,0.9,0.9
fig3_risk_compensation,999.0000000000001,0.4,0,81.58158158158159,2,75,1.25,184.0,2026713075,0.9,0.9
fig3_risk_compensation,859.0,0.4,0,81.72293364377182,2,76,1.25,157.0,2026713076,0.9,0.9
fig3_risk_compensation,528.0,0.4,0,64.39393939393939,2,77,1.25,188.0,2026713077,0.9,0.9
fig3_risk_compensation,594.0,0.4,0,68.35016835016835,2,78,1.25,188.0,2026713078,0.9,0.9
fig3_risk_compensation,929.9999999999999,0.4,0,80.53763440860214,2,79,1.25,181.0,2026713079,0.9,0.9
fig3_risk_compensation,624.0,0.4,0,73.5576923076923,2,80,1.25,165.0,2026713080,0.9,0.9
fig3_risk_compensation,978.0,0.4,0,82.0040899795501,2,81,1.25,176.0,2026713081,0.9,0.9
fig3_risk_compensation,993.0,0.4,0,87.21047331319235,2,82,1.25,127.00000000000001,2026713082,0.9,0.9
fig3_risk_compensation,996.0,0.4,0,81.02409638554217,2,83,1.25,189.0,2026713083,0.9,0.9
fig3_risk_compensation,920.0,0.4,0,79.78260869565217,2,84,1.25,186.0,2026713084,0.9,0.9
fig3_risk_compensation,652.0,0.4,0,76.07361963190183,2,85,1.25,156.0,2026713085,0.9,0.9
fig3_risk_compensation,536.0,0.4,0,70.7089552238806,2,86,1.25,157.0,2026713086,0.9,0.9
fig3_risk_compensation,963.0,0.4,0,84.73520249221184,2,87,1.25,147.0,2026713087,0.9,0.9
fig3_risk_compensation,498.99999999999994,0.4,0,61.12224448897795,2,88,1.25,194.0,2026713088,0.9,0.9
fig3_risk_compensation,839.0,0.4,0,81.88319427890346,2,89,1.25,152.0,2026713089,0.9,0.9
fig3_risk_compensation,877.0,0.4,0,74.11630558722919,2,90,1.25,227.0,2026713090,0.9,0.9
fig3_risk_compensation,882.0,0.4,0,81.74603174603175,2,91,1.25,161.0,2026713091,0.9,0.9
fig3_risk_compensation,908.0,0.4,0,71.1453744493392,2,92,1.25,262.0,2026713092,0.9,0.9
fig3_risk_compensation,766.0,0.4,0,78.9817232375979,2,93,1.25,161.0,2026713093,0.9,0.9
fig3_risk_compensation,818.9999999999999,0.4,0,74.84737484737484,2,94,1.25,206.00000000000003,2026713094,0.9,0.9
fig3_risk_compensation,812.0,0.4,0,76.84729064039409,2,95,1.25,188.0,2026713095,0.9,0.9
fig3_risk_compensation,746.0,0.4,0,79.08847184986595,2,96,1.25,156.0,2026713096,0.9,0.9
fig3_risk_compensation,627.0,0.4,0,70.97288676236045,2,97,1.25,182.0,2026713097,0.9,0.9
fig3_risk_compensation,1035.0,0.4,0,81.44927536231884,2,98,1.25,192.0,2026713098,0.9,0.9
fig3_risk_compensation,804.0,0.4,0,72.51243781094527,2,99,1.25,221.00000000000003,2026713099,0.9,0.9
fig3_risk_compensation,818.0,0.4,0,32.88508557457213,2,0,1.25,549.0,2026709000,0.3,0.3
fig3_risk_compensation,861.0,0.4,0,28.9198606271777,2,1,1.25,612.0,2026709001,0.3,0.3
fig3_risk_compensation,999.0000000000001,0.4,0,56.556556556556565,2,2,1.25,434.0,2026709002,0.3,0.3
fig3_risk_compensation,803.0000000000001,0.4,0,59.02864259028644,2,3,1.25,329.0,2026709003,0.3,0.3
fig3_risk_compensation,944.0,0.4,0,64.08898305084746,2,4,1.25,339.0,2026709004,0.3,0.3
fig3_risk_compensation,726.0,0.4,0,35.81267217630854,2,5,1.25,466.0,2026709005,0.3,0.3
fig3_risk_compensation,847.0,0.4,0,41.086186540732,2,6,1.25,498.99999999999994,2026709006,0.3,0.3
fig3_risk_compensation,734.0,0.4,0,18.392370572207085,2,7,1.25,599.0,2026709007,0.3,0.3
fig3_risk_compensation,1054.0,0.4,0,73.24478178368122,2,8,1.25,282.0,2026709008,0.3,0.3
fig3_risk_compensation,844.9999999999999,0.4,0,22.366863905325435,2,9,1.25,656.0,2026709009,0.3,0.3
fig3_risk_compensation,680.0,0.4,0,26.764705882352942,2,10,1.25,498.0,2026709010,0.3,0.3
fig3_risk_compensation,835.9999999999999,0.4,0,61.12440191387559,2,11,1.25,325.0,2026709011,0.3,0.3
fig3_risk_compensation,1165.0,0.4,0,64.54935622317596,2,12,1.25,413.0,2026709012,0.3,0.3
fig3_risk_compensation,830.0,0.4,0,46.626506024096386,2,13,1.25,443.0,2026709013,0.3,0.3
fig3_risk_compensation,758.0,0.4,0,40.23746701846966,2,14,1.25,453.0,2026709014,0.3,0.3
fig3_risk_compensation,997.9999999999999,0.4,0,70.74148296593185,2,15,1.25,292.0,2026709015,0.3,0.3
fig3_risk_compensation,827.9999999999999,0.4,0,54.46859903381642,2,16,1.25,377.0,2026709016,0.3,0.3
fig3_risk_compensation,1063.0,0.4,0,59.45437441204139,2,17,1.25,430.99999999999994,2026709017,0.3,0.3
fig3_risk_compensation,869.0,0.4,0,64.78711162255466,2,18,1.25,306.0,2026709018,0.3,0.3
fig3_risk_compensation,784.9999999999999,0.4,0,33.121019108280244,2,19,1.25,525.0,2026709019,0.3,0.3
fig3_risk_compensation,908.0,0.4,0,47.577092511013205,2,20,1.25,476.00000000000006,2026709020,0.3,0.3
fig3_risk_compensation,701.0,0.4,0,62.624821683309555,2,21,1.25,262.0,2026709021,0.3,0.3
fig3_risk_compensation,919.0,0.4,0,49.51033732317737,2,22,1.25,464.0,2026709022,0.3,0.3
fig3_risk_compensation,648.0,0.4,0,17.12962962962963,2,23,1.25,537.0,2026709023,0.3,0.3
fig3_risk_compensation,884.0000000000001,0.4,0,52.03619909502263,2,24,1.25,424.0,2026709024,0.3,0.3
fig3_risk_compensation,651.0,0.4,0,45.6221198156682,2,25,1.25,354.0,2026709025,0.3,0.3
fig3_risk_compensation,738.0,0.4,0,20.460704607046072,2,26,1.25,587.0,2026709026,0.3,0.3
fig3_risk_compensation,402.0,0.4,0,27.114427860696516,2,27,1.25,293.0,2026709027,0.3,0.3
fig3_risk_compensation,765.0,0.4,0,57.12418300653595,2,28,1.25,328.0,2026709028,0.3,0.3
fig3_risk_compensation,729.0,0.4,0,48.69684499314129,2,29,1.25,374.0,2026709029,0.3,0.3
fig3_risk_compensation,680.0,0.4,0,27.941176470588236,2,30,1.25,490.0,2026709030,0.3,0.3
fig3_risk_compensation,841.0000000000001,0.4,0,50.53507728894175,2,31,1.25,415.99999999999994,2026709031,0.3,0.3
fig3_risk_compensation,687.0,0.4,0,39.15574963609899,2,32,1.25,417.99999999999994,2026709032,0.3,0.3
fig3_risk_compensation,851.0,0.4,0,65.92244418331374,2,33,1.25,290.0,2026709033,0.3,0.3
fig3_risk_compensation,387.0,0.4,0,-4.392764857881137,2,34,1.25,404.0,2026709034,0.3,0.3
fig3_risk_compensation,1010.0,0.4,0,40.89108910891089,2,35,1.25,597.0,2026709035,0.3,0.3
fig3_risk_compensation,772.0,0.4,0,51.6839378238342,2,36,1.25,373.0,2026709036,0.3,0.3
fig3_risk_compensation,937.0,0.4,0,46.74493062966916,2,37,1.25,498.99999999999994,2026709037,0.3,0.3
fig3_risk_compensation,823.0,0.4,0,58.44471445929526,2,38,1.25,342.0,2026709038,0.3,0.3
fig3_risk_compensation,732.0,0.4,0,22.540983606557376,2,39,1.25,567.0,2026709039,0.3,0.3
fig3_risk_compensation,674.0,0.4,0,46.14243323442137,2,40,1.25,363.0,2026709040,0.3,0.3
fig3_risk_compensation,520.0,0.4,0,20.192307692307693,2,41,1.25,415.0,2026709041,0.3,0.3
fig3_risk_compensation,744.0,0.4,0,44.89247311827956,2,42,1.25,410.00000000000006,2026709042,0.3,0.3
fig3_risk_compensation,821.0,0.4,0,57.003654080389765,2,43,1.25,353.0,2026709043,0.3,0.3
fig3_risk_compensation,821.0,0.4,0,48.23386114494518,2,44,1.25,425.00000000000006,2026709044,0.3,0.3
fig3_risk_compensation,966.0,0.4,0,69.04761904761905,2,45,1.25,299.0,2026709045,0.3,0.3
fig3_risk_compensation,632.0,0.4,0,37.18354430379748,2,46,1.25,396.99999999999994,2026709046,0.3,0.3
fig3_risk_compensation,672.0,0.4,0,37.648809523809526,2,47,1.25,419.0,2026709047,0.3,0.3
fig3_risk_compensation,868.0,0.4,0,55.52995391705069,2,48,1.25,386.0,2026709048,0.3,0.3
fig3_risk_compensation,712.0,0.4,0,25.84269662921348,2,49,1.25,528.0,2026709049,0.3,0.3
fig3_risk_compensation,762.0,0.4,0,72.04724409448819,2,50,1.25,213.0,2026709050,0.3,0.3
fig3_risk_compensation,1103.0,0.4,0,57.57026291931097,2,51,1.25,468.0,2026709051,0.3,0.3
fig3_risk_compensation,1025.0,0.4,0,36.09756097560975,2,52,1.25,655.0,2026709052,0.3,0.3
fig3_risk_compensation,941.0,0.4,0,62.69925611052072,2,53,1.25,351.0,2026709053,0.3,0.3
fig3_risk_compensation,657.0,0.4,0,54.49010654490107,2,54,1.25,299.0,2026709054,0.3,0.3
fig3_risk_compensation,1156.0,0.4,0,67.47404844290658,2,55,1.25,376.0,2026709055,0.3,0.3
fig3_risk_compensation,633.0,0.4,0,17.061611374407583,2,56,1.25,525.0,2026709056,0.3,0.3
fig3_risk_compensation,1003.0000000000001,0.4,0,41.97407776669991,2,57,1.25,582.0,2026709057,0.3,0.3
fig3_risk_compensation,703.0,0.4,0,31.721194879089627,2,58,1.25,479.99999999999994,2026709058,0.3,0.3
fig3_risk_compensation,872.0,0.4,0,61.12385321100918,2,59,1.25,339.0,2026709059,0.3,0.3
fig3_risk_compensation,901.0000000000001,0.4,0,63.59600443951166,2,60,1.25,328.0,2026709060,0.3,0.3
fig3_risk_compensation,966.0,0.4,0,36.12836438923395,2,61,1.25,617.0,2026709061,0.3,0.3
fig3_risk_compensation,673.0,0.4,0,41.158989598811296,2,62,1.25,396.0,2026709062,0.3,0.3
fig3_risk_compensation,921.0,0.4,0,54.50597176981542,2,63,1.25,419.0,2026709063,0.3,0.3
fig3_risk_compensation,750.0,0.4,0,50.666666666666664,2,64,1.25,370.0,2026709064,0.3,0.3
fig3_risk_compensation,765.0,0.4,0,47.189542483660134,2,65,1.25,404.0,2026709065,0.3,0.3
fig3_risk_compensation,596.0,0.4,0,40.77181208053691,2,66,1.25,353.0,2026709066,0.3,0.3
fig3_risk_compensation,777.0,0.4,0,38.73873873873873,2,67,1.25,476.00000000000006,2026709067,0.3,0.3
fig3_risk_compensation,671.0,0.4,0,30.70044709388973,2,68,1.25,464.99999999999994,2026709068,0.3,0.3
fig3_risk_compensation,1161.0,0.4,0,66.32213608957795,2,69,1.25,391.0,2026709069,0.3,0.3
fig3_risk_compensation,687.0,0.4,0,57.64192139737991,2,70,1.25,291.0,2026709070,0.3,0.3
fig3_risk_compensation,697.0,0.4,0,41.75035868005739,2,71,1.25,406.0,2026709071,0.3,0.3
fig3_risk_compensation,805.0,0.4,0,52.17391304347826,2,72,1.25,385.0,2026709072,0.3,0.3
fig3_risk_compensation,959.9999999999999,0.4,0,43.02083333333332,2,73,1.25,547.0,2026709073,0.3,0.3
fig3_risk_compensation,603.0,0.4,0,29.187396351575444,2,74,1.25,427.00000000000006,2026709074,0.3,0.3
fig3_risk_compensation,565.0,0.4,0,18.40707964601769,2,75,1.25,461.00000000000006,2026709075,0.3,0.3
fig3_risk_compensation,755.0,0.4,0,40.264900662251655,2,76,1.25,451.0,2026709076,0.3,0.3
fig3_risk_compensation,683.0,0.4,0,18.594436310395317,2,77,1.25,556.0,2026709077,0.3,0.3
fig3_risk_compensation,882.9999999999999,0.4,0,35.78708946772366,2,78,1.25,567.0,2026709078,0.3,0.3
fig3_risk_compensation,682.0,0.4,0,54.69208211143695,2,79,1.25,309.0,2026709079,0.3,0.3
fig3_risk_compensation,749.0,0.4,0,53.538050734312414,2,80,1.25,348.0,2026709080,0.3,0.3
fig3_risk_compensation,855.0,0.4,0,52.39766081871345,2,81,1.25,407.0,2026709081,0.3,0.3
fig3_risk_compensation,780.0,0.4,0,31.923076923076923,2,82,1.25,531.0,2026709082,0.3,0.3
fig3_risk_compensation,796.0,0.4,0,39.321608040201006,2,83,1.25,483.0,2026709083,0.3,0.3
fig3_risk_compensation,784.0,0.4,0,42.474489795918366,2,84,1.25,451.0,2026709084,0.3,0.3
fig3_risk_compensation,894.0,0.4,0,58.053691275167786,2,85,1.25,375.0,2026709085,0.3,0.3
fig3_risk_compensation,647.0,0.4,0,29.82998454404946,2,86,1.25,454.0,2026709086,0.3,0.3
fig3_risk_compensation,912.9999999999999,0.4,0,47.864184008762315,2,87,1.25,476.00000000000006,2026709087,0.3,0.3
fig3_risk_compensation,801.0,0.4,0,51.31086142322097,2,88,1.25,390.0,2026709088,0.3,0.3
fig3_risk_compensation,585.0,0.4,0,16.23931623931624,2,89,1.25,490.0,2026709089,0.3,0.3
fig3_risk_compensation,634.0,0.4,0,28.07570977917981,2,90,1.25,456.0,2026709090,0.3,0.3
fig3_risk_compensation,749.0,0.4,0,56.34178905206942,2,91,1.25,327.0,2026709091,0.3,0.3
fig3_risk_compensation,1217.0,0.4,0,70.09038619556286,2,92,1.25,364.0,2026709092,0.3,0.3
fig3_risk_compensation,594.0,0.4,0,43.602693602693606,2,93,1.25,335.0,2026709093,0.3,0.3
fig3_risk_compensation,661.0,0.4,0,2.8744326777609683,2,94,1.25,642.0,2026709094,0.3,0.3
fig3_risk_compensation,575.0,0.4,0,47.30434782608695,2,95,1.25,303.0,2026709095,0.3,0.3
fig3_risk_compensation,643.0,0.4,0,18.195956454121305,2,96,1.25,526.0,2026709096,0.3,0.3
fig3_risk_compensation,545.0,0.4,0,37.981651376146786,2,97,1.25,338.0,2026709097,0.3,0.3
fig3_risk_compensation,808.0,0.4,0,46.78217821782178,2,98,1.25,430.0,2026709098,0.3,0.3
fig3_risk_compensation,726.0,0.4,0,51.790633608815426,2,99,1.25,350.0,2026709099,0.3,0.3
fig3_risk_compensation,916.9999999999999,0.4,0,16.575790621592137,2,0,1.25,765.0,2026708000,0.15,0.15
fig3_risk_compensation,1007.0000000000001,0.4,0,32.671300893743805,2,1,1.25,678.0,2026708001,0.15,0.15
fig3_risk_compensation,717.0,0.4,0,-10.878661087866108,2,2,1.25,795.0,2026708002,0.15,0.15
fig3_risk_compensation,739.0,0.4,0,25.16914749661705,2,3,1.25,553.0,2026708003,0.15,0.15
fig3_risk_compensation,792.0,0.4,0,-9.722222222222221,2,4,1.25,869.0,2026708004,0.15,0.15
fig3_risk_compensation,929.0,0.4,0,12.701829924650173,2,5,1.25,810.9999999999999,2026708005,0.15,0.15
fig3_risk_compensation,989.0,0.4,0,48.02831142568251,2,6,1.25,514.0,2026708006,0.15,0.15
fig3_risk_compensation,1117.0,0.4,0,9.310653536257833,2,7,1.25,1013.0,2026708007,0.15,0.15
fig3_risk_compensation,633.0,0.4,0,-31.27962085308057,2,8,1.25,831.0,2026708008,0.15,0.15
fig3_risk_compensation,676.0,0.4,0,-76.33136094674556,2,9,1.25,1192.0,2026708009,0.15,0.15
fig3_risk_compensation,809.0,0.4,0,18.046971569839307,2,10,1.25,663.0,2026708010,0.15,0.15
fig3_risk_compensation,797.9999999999999,0.4,0,-14.786967418546382,2,11,1.25,916.0,2026708011,0.15,0.15
fig3_risk_compensation,601.0,0.4,0,0.16638935108153077,2,12,1.25,600.0,2026708012,0.15,0.15
fig3_risk_compensation,585.0,0.4,0,-19.65811965811966,2,13,1.25,700.0,2026708013,0.15,0.15
fig3_risk_compensation,756.0,0.4,0,11.640211640211641,2,14,1.25,668.0,2026708014,0.15,0.15
fig3_risk_compensation,1029.0,0.4,0,33.91642371234208,2,15,1.25,680.0,2026708015,0.15,0.15
fig3_risk_compensation,835.0,0.4,0,41.796407185628745,2,16,1.25,486.0,2026708016,0.15,0.15
fig3_risk_compensation,673.0,0.4,0,0.1485884101040119,2,17,1.25,672.0,2026708017,0.15,0.15
fig3_risk_compensation,923.0,0.4,0,44.637053087757316,2,18,1.25,511.0,2026708018,0.15,0.15
fig3_risk_compensation,683.0,0.4,0,-6.002928257686676,2,19,1.25,724.0,2026708019,0.15,0.15
fig3_risk_compensation,939.0000000000001,0.4,0,43.34398296059639,2,20,1.25,532.0,2026708020,0.15,0.15
fig3_risk_compensation,1087.0,0.4,0,50.68997240110396,2,21,1.25,536.0,2026708021,0.15,0.15
fig3_risk_compensation,1146.0,0.4,0,57.32984293193717,2,22,1.25,489.0,2026708022,0.15,0.15
fig3_risk_compensation,735.0,0.4,0,27.61904761904762,2,23,1.25,532.0,2026708023,0.15,0.15
fig3_risk_compensation,757.0,0.4,0,-8.85072655217967,2,24,1.25,824.0000000000001,2026708024,0.15,0.15
fig3_risk_compensation,784.9999999999999,0.4,0,28.91719745222929,2,25,1.25,558.0,2026708025,0.15,0.15
fig3_risk_compensation,808.0,0.4,0,21.905940594059405,2,26,1.25,631.0,2026708026,0.15,0.15
fig3_risk_compensation,944.0,0.4,0,18.008474576271187,2,27,1.25,774.0,2026708027,0.15,0.15
fig3_risk_compensation,894.0,0.4,0,14.765100671140939,2,28,1.25,762.0,2026708028,0.15,0.15
fig3_risk_compensation,899.9999999999999,0.4,0,4.777777777777766,2,29,1.25,857.0,2026708029,0.15,0.15
fig3_risk_compensation,892.0000000000001,0.4,0,27.130044843049337,2,30,1.25,650.0,2026708030,0.15,0.15
fig3_risk_compensation,716.0,0.4,0,29.329608938547487,2,31,1.25,506.0,2026708031,0.15,0.15
fig3_risk_compensation,827.9999999999999,0.4,0,23.792270531400955,2,32,1.25,631.0,2026708032,0.15,0.15
fig3_risk_compensation,1083.0,0.4,0,31.671283471837487,2,33,1.25,740.0,2026708033,0.15,0.15
fig3_risk_compensation,803.0000000000001,0.4,0,8.841843088418443,2,34,1.25,732.0,2026708034,0.15,0.15
fig3_risk_compensation,1006.0,0.4,0,33.49900596421471,2,35,1.25,669.0,2026708035,0.15,0.15
fig3_risk_compensation,712.0,0.4,0,33.14606741573033,2,36,1.25,476.00000000000006,2026708036,0.15,0.15
fig3_risk_compensation,693.0,0.4,0,11.11111111111111,2,37,1.25,616.0,2026708037,0.15,0.15
fig3_risk_compensation,676.0,0.4,0,19.23076923076923,2,38,1.25,546.0,2026708038,0.15,0.15
fig3_risk_compensation,979.0,0.4,0,25.4341164453524,2,39,1.25,730.0,2026708039,0.15,0.15
fig3_risk_compensation,512.0,0.4,0,-9.1796875,2,40,1.25,559.0,2026708040,0.15,0.15
fig3_risk_compensation,1023.0,0.4,0,42.717497556207235,2,41,1.25,586.0,2026708041,0.15,0.15
fig3_risk_compensation,1135.0,0.4,0,35.242290748898675,2,42,1.25,735.0,2026708042,0.15,0.15
fig3_risk_compensation,963.9999999999999,0.4,0,13.278008298755188,2,43,1.25,835.9999999999999,2026708043,0.15,0.15
fig3_risk_compensation,1008.0,0.4,0,28.67063492063492,2,44,1.25,719.0,2026708044,0.15,0.15
fig3_risk_compensation,1193.0,0.4,0,50.54484492875105,2,45,1.25,590.0,2026708045,0.15,0.15
fig3_risk_compensation,735.0,0.4,0,10.748299319727892,2,46,1.25,656.0,2026708046,0.15,0.15
fig3_risk_compensation,1224.0,0.4,0,41.42156862745098,2,47,1.25,717.0,2026708047,0.15,0.15
fig3_risk_compensation,658.0,0.4,0,4.103343465045593,2,48,1.25,631.0,2026708048,0.15,0.15
fig3_risk_compensation,818.9999999999999,0.4,0,8.79120879120878,2,49,1.25,747.0,2026708049,0.15,0.15
fig3_risk_compensation,624.0,0.4,0,-22.596153846153847,2,50,1.25,765.0,2026708050,0.15,0.15
fig3_risk_compensation,1160.0,0.4,0,25.17241379310345,2,51,1.25,868.0,2026708051,0.15,0.15
fig3_risk_compensation,726.0,0.4,0,10.881542699724518,2,52,1.25,647.0,2026708052,0.15,0.15
fig3_risk_compensation,730.0,0.4,0,0.547945205479452,2,53,1.25,726.0,2026708053,0.15,0.15
fig3_risk_compensation,725.0,0.4,0,12.689655172413794,2,54,1.25,633.0,2026708054,0.15,0.15
fig3_risk_compensation,642.0,0.4,0,-32.39875389408101,2,55,1.25,850.0000000000001,2026708055,0.15,0.15
fig3_risk_compensation,1171.0,0.4,0,26.558497011101622,2,56,1.25,860.0,2026708056,0.15,0.15
fig3_risk_compensation,1150.0,0.4,0,18.434782608695652,2,57,1.25,938.0,2026708057,0.15,0.15
fig3_risk_compensation,871.0000000000001,0.4,0,42.59471871412171,2,58,1.25,500.0,2026708058,0.15,0.15
fig3_risk_compensation,884.0000000000001,0.4,0,32.352941176470594,2,59,1.25,598.0,2026708059,0.15,0.15
fig3_risk_compensation,626.0,0.4,0,0.6389776357827476,2,60,1.25,622.0,2026708060,0.15,0.15
fig3_risk_compensation,838.0,0.4,0,8.1145584725537,2,61,1.25,770.0,2026708061,0.15,0.15
fig3_risk_compensation,1117.0,0.4,0,24.440465532676814,2,62,1.25,844.0,2026708062,0.15,0.15
fig3_risk_compensation,767.0,0.4,0,10.29986962190352,2,63,1.25,688.0,2026708063,0.15,0.15
fig3_risk_compensation,797.0,0.4,0,33.375156838143035,2,64,1.25,531.0,2026708064,0.15,0.15
fig3_risk_compensation,650.0,0.4,0,5.6923076923076925,2,65,1.25,613.0,2026708065,0.15,0.15
fig3_risk_compensation,767.0,0.4,0,-5.215123859191671,2,66,1.25,807.0000000000001,2026708066,0.15,0.15
fig3_risk_compensation,598.0,0.4,0,-25.91973244147157,2,67,1.25,753.0,2026708067,0.15,0.15
fig3_risk_compensation,1018.9999999999999,0.4,0,26.69283611383709,2,68,1.25,747.0,2026708068,0.15,0.15
fig3_risk_compensation,1230.0,0.4,0,40.56910569105691,2,69,1.25,731.0,2026708069,0.15,0.15
fig3_risk_compensation,844.0,0.4,0,-11.966824644549764,2,70,1.25,945.0,2026708070,0.15,0.15
fig3_risk_compensation,1093.0,0.4,0,30.466605672461117,2,71,1.25,760.0,2026708071,0.15,0.15
fig3_risk_compensation,578.0,0.4,0,-48.442906574394485,2,72,1.25,858.0000000000001,2026708072,0.15,0.15
fig3_risk_compensation,885.0,0.4,0,-8.474576271186429,2,73,1.25,959.9999999999999,2026708073,0.15,0.15
fig3_risk_compensation,899.9999999999999,0.4,0,3.5555555555555434,2,74,1.25,868.0,2026708074,0.15,0.15
fig3_risk_compensation,865.9999999999999,0.4,0,29.56120092378752,2,75,1.25,610.0,2026708075,0.15,0.15
fig3_risk_compensation,816.0000000000001,0.4,0,51.348039215686285,2,76,1.25,396.99999999999994,2026708076,0.15,0.15
fig3_risk_compensation,878.0,0.4,0,22.892938496583145,2,77,1.25,677.0,2026708077,0.15,0.15
fig3_risk_compensation,764.0,0.4,0,26.308900523560208,2,78,1.25,563.0,2026708078,0.15,0.15
fig3_risk_compensation,787.0,0.4,0,13.087674714104192,2,79,1.25,684.0,2026708079,0.15,0.15
fig3_risk_compensation,685.0,0.4,0,21.8978102189781,2,80,1.25,535.0,2026708080,0.15,0.15
fig3_risk_compensation,761.0,0.4,0,16.557161629434955,2,81,1.25,635.0,2026708081,0.15,0.15
fig3_risk_compensation,865.9999999999999,0.4,0,37.87528868360276,2,82,1.25,538.0,2026708082,0.15,0.15
fig3_risk_compensation,749.0,0.4,0,5.34045393858478,2,83,1.25,709.0,2026708083,0.15,0.15
fig3_risk_compensation,644.0,0.4,0,-2.950310559006211,2,84,1.25,663.0,2026708084,0.15,0.15
fig3_risk_compensation,812.0,0.4,0,32.758620689655174,2,85,1.25,546.0,2026708085,0.15,0.15
fig3_risk_compensation,1018.0,0.4,0,25.638506876227897,2,86,1.25,757.0,2026708086,0.15,0.15
fig3_risk_compensation,511.0,0.4,0,-14.285714285714286,2,87,1.25,584.0,2026708087,0.15,0.15
fig3_risk_compensation,797.0,0.4,0,-8.657465495608518,2,88,1.25,865.9999999999999,2026708088,0.15,0.15
fig3_risk_compensation,812.0,0.4,0,25.0,2,89,1.25,609.0,2026708089,0.15,0.15
fig3_risk_compensation,594.0,0.4,0,-37.03703703703704,2,90,1.25,814.0,2026708090,0.15,0.15
fig3_risk_compensation,673.0,0.4,0,13.967310549777118,2,91,1.25,579.0,2026708091,0.15,0.15
fig3_risk_compensation,986.0000000000001,0.4,0,39.85801217038541,2,92,1.25,593.0,2026708092,0.15,0.15
fig3_risk_compensation,938.0,0.4,0,21.108742004264393,2,93,1.25,740.0,2026708093,0.15,0.15
fig3_risk_compensation,814.9999999999999,0.4,0,-3.3128834355828367,2,94,1.25,842.0,2026708094,0.15,0.15
fig3_risk_compensation,983.0,0.4,0,14.954221770091568,2,95,1.25,835.9999999999999,2026708095,0.15,0.15
fig3_risk_compensation,986.0000000000001,0.4,0,25.55780933062881,2,96,1.25,734.0,2026708096,0.15,0.15
fig3_risk_compensation,856.0,0.4,0,32.94392523364486,2,97,1.25,574.0,2026708097,0.15,0.15
fig3_risk_compensation,850.0000000000001,0.4,0,-1.0588235294117512,2,98,1.25,859.0,2026708098,0.15,0.15
fig3_risk_compensation,779.0,0.4,0,9.88446726572529,2,99,1.25,702.0,2026708099,0.15,0.15
fig3_risk_compensation,941.0,0.4,0,82.99681190223167,2,0,1.5,160.0,2026719000,0.75,0.75
fig3_risk_compensation,748.0,0.4,0,67.7807486631016,2,1,1.5,240.99999999999997,2026719001,0.75,0.75
fig3_risk_compensation,597.0,0.4,0,69.84924623115577,2,2,1.5,180.0,2026719002,0.75,0.75
fig3_risk_compensation,683.0,0.4,0,72.03513909224012,2,3,1.5,191.0,2026719003,0.75,0.75
fig3_risk_compensation,677.0,0.4,0,62.92466765140325,2,4,1.5,251.0,2026719004,0.75,0.75
fig3_risk_compensation,758.0,0.4,0,72.29551451187335,2,5,1.5,210.0,2026719005,0.75,0.75
fig3_risk_compensation,759.0,0.4,0,84.7167325428195,2,6,1.5,116.0,2026719006,0.75,0.75
fig3_risk_compensation,1054.0,0.4,0,80.45540796963947,2,7,1.5,206.00000000000003,2026719007,0.75,0.75
fig3_risk_compensation,706.0,0.4,0,60.198300283286116,2,8,1.5,281.0,2026719008,0.75,0.75
fig3_risk_compensation,437.0,0.4,0,55.83524027459954,2,9,1.5,193.0,2026719009,0.75,0.75
fig3_risk_compensation,808.0,0.4,0,73.01980198019803,2,10,1.5,218.0,2026719010,0.75,0.75
fig3_risk_compensation,728.0,0.4,0,65.7967032967033,2,11,1.5,249.0,2026719011,0.75,0.75
fig3_risk_compensation,1089.0,0.4,0,74.01285583103765,2,12,1.5,283.0,2026719012,0.75,0.75
fig3_risk_compensation,609.0,0.4,0,74.2200328407225,2,13,1.5,157.0,2026719013,0.75,0.75
fig3_risk_compensation,748.0,0.4,0,78.20855614973262,2,14,1.5,163.0,2026719014,0.75,0.75
fig3_risk_compensation,665.0,0.4,0,67.81954887218045,2,15,1.5,214.0,2026719015,0.75,0.75
fig3_risk_compensation,778.0,0.4,0,80.46272493573265,2,16,1.5,152.0,2026719016,0.75,0.75
fig3_risk_compensation,907.0,0.4,0,63.61631753031973,2,17,1.5,330.0,2026719017,0.75,0.75
fig3_risk_compensation,726.0,0.4,0,75.48209366391184,2,18,1.5,178.0,2026719018,0.75,0.75
fig3_risk_compensation,797.9999999999999,0.4,0,71.55388471177945,2,19,1.5,227.0,2026719019,0.75,0.75
fig3_risk_compensation,803.0000000000001,0.4,0,67.87048567870487,2,20,1.5,258.0,2026719020,0.75,0.75
fig3_risk_compensation,932.0,0.4,0,72.53218884120172,2,21,1.5,256.0,2026719021,0.75,0.75
fig3_risk_compensation,581.0,0.4,0,59.036144578313255,2,22,1.5,238.00000000000003,2026719022,0.75,0.75
fig3_risk_compensation,689.0,0.4,0,74.31059506531204,2,23,1.5,177.0,2026719023,0.75,0.75
fig3_risk_compensation,770.0,0.4,0,66.88311688311688,2,24,1.5,255.00000000000003,2026719024,0.75,0.75
fig3_risk_compensation,920.0,0.4,0,78.58695652173913,2,25,1.5,197.0,2026719025,0.75,0.75
fig3_risk_compensation,1140.0,0.4,0,78.33333333333333,2,26,1.5,247.0,2026719026,0.75,0.75
fig3_risk_compensation,706.0,0.4,0,65.43909348441926,2,27,1.5,244.0,2026719027,0.75,0.75
fig3_risk_compensation,525.0,0.4,0,60.19047619047619,2,28,1.5,208.99999999999997,2026719028,0.75,0.75
fig3_risk_compensation,869.9999999999999,0.4,0,80.45977011494253,2,29,1.5,170.0,2026719029,0.75,0.75
fig3_risk_compensation,505.0,0.4,0,60.59405940594059,2,30,1.5,199.0,2026719030,0.75,0.75
fig3_risk_compensation,619.0,0.4,0,75.60581583198707,2,31,1.5,151.0,2026719031,0.75,0.75
fig3_risk_compensation,842.0,0.4,0,83.729216152019,2,32,1.5,137.0,2026719032,0.75,0.75
fig3_risk_compensation,618.0,0.4,0,70.06472491909385,2,33,1.5,185.0,2026719033,0.75,0.75
fig3_risk_compensation,729.0,0.4,0,55.55555555555556,2,34,1.5,324.0,2026719034,0.75,0.75
fig3_risk_compensation,735.0,0.4,0,80.40816326530613,2,35,1.5,144.0,2026719035,0.75,0.75
fig3_risk_compensation,809.0,0.4,0,66.74907292954265,2,36,1.5,269.0,2026719036,0.75,0.75
fig3_risk_compensation,875.0000000000001,0.4,0,77.02857142857144,2,37,1.5,201.0,2026719037,0.75,0.75
fig3_risk_compensation,706.0,0.4,0,70.6798866855524,2,38,1.5,206.99999999999997,2026719038,0.75,0.75
fig3_risk_compensation,903.9999999999999,0.4,0,80.64159292035397,2,39,1.5,175.0,2026719039,0.75,0.75
fig3_risk_compensation,718.0,0.4,0,70.33426183844011,2,40,1.5,213.0,2026719040,0.75,0.75
fig3_risk_compensation,1098.0,0.4,0,84.2440801457195,2,41,1.5,173.0,2026719041,0.75,0.75
fig3_risk_compensation,869.9999999999999,0.4,0,76.20689655172413,2,42,1.5,206.99999999999997,2026719042,0.75,0.75
fig3_risk_compensation,594.0,0.4,0,68.51851851851852,2,43,1.5,187.0,2026719043,0.75,0.75
fig3_risk_compensation,816.0000000000001,0.4,0,73.03921568627452,2,44,1.5,220.0,2026719044,0.75,0.75
fig3_risk_compensation,844.0,0.4,0,76.06635071090048,2,45,1.5,202.0,2026719045,0.75,0.75
fig3_risk_compensation,797.9999999999999,0.4,0,72.43107769423558,2,46,1.5,220.0,2026719046,0.75,0.75
fig3_risk_compensation,1279.0,0.4,0,87.80297107114933,2,47,1.5,156.0,2026719047,0.75,0.75
fig3_risk_compensation,990.0000000000001,0.4,0,81.41414141414143,2,48,1.5,184.0,2026719048,0.75,0.75
fig3_risk_compensation,831.0,0.4,0,73.76654632972323,2,49,1.5,218.0,2026719049,0.75,0.75
fig3_risk_compensation,597.0,0.4,0,62.814070351758794,2,50,1.5,222.00000000000003,2026719050,0.75,0.75
fig3_risk_compensation,888.0000000000001,0.4,0,81.1936936936937,2,51,1.5,167.0,2026719051,0.75,0.75
fig3_risk_compensation,694.0,0.4,0,69.45244956772335,2,52,1.5,212.0,2026719052,0.75,0.75
fig3_risk_compensation,1029.0,0.4,0,76.96793002915452,2,53,1.5,237.00000000000003,2026719053,0.75,0.75
fig3_risk_compensation,806.0,0.4,0,76.1786600496278,2,54,1.5,192.0,2026719054,0.75,0.75
fig3_risk_compensation,889.0,0.4,0,79.5275590551181,2,55,1.5,182.0,2026719055,0.75,0.75
fig3_risk_compensation,976.9999999999999,0.4,0,76.76560900716478,2,56,1.5,227.0,2026719056,0.75,0.75
fig3_risk_compensation,1198.0,0.4,0,74.45742904841403,2,57,1.5,306.0,2026719057,0.75,0.75
fig3_risk_compensation,908.0,0.4,0,64.64757709251101,2,58,1.5,321.0,2026719058,0.75,0.75
fig3_risk_compensation,644.0,0.4,0,63.04347826086956,2,59,1.5,238.00000000000003,2026719059,0.75,0.75
fig3_risk_compensation,949.0,0.4,0,78.71443624868283,2,60,1.5,202.0,2026719060,0.75,0.75
fig3_risk_compensation,990.0000000000001,0.4,0,71.31313131313132,2,61,1.5,284.0,2026719061,0.75,0.75
fig3_risk_compensation,590.0,0.4,0,65.59322033898304,2,62,1.5,203.0,2026719062,0.75,0.75
fig3_risk_compensation,1254.0,0.4,0,83.2535885167464,2,63,1.5,210.0,2026719063,0.75,0.75
fig3_risk_compensation,1010.0,0.4,0,78.7128712871287,2,64,1.5,215.0,2026719064,0.75,0.75
fig3_risk_compensation,946.9999999999999,0.4,0,81.30939809926082,2,65,1.5,177.0,2026719065,0.75,0.75
fig3_risk_compensation,942.9999999999999,0.4,0,72.8525980911983,2,66,1.5,256.0,2026719066,0.75,0.75
fig3_risk_compensation,679.0,0.4,0,80.8541973490427,2,67,1.5,130.0,2026719067,0.75,0.75
fig3_risk_compensation,699.0,0.4,0,74.53505007153076,2,68,1.5,178.0,2026719068,0.75,0.75
fig3_risk_compensation,751.0,0.4,0,80.42609853528629,2,69,1.5,147.0,2026719069,0.75,0.75
fig3_risk_compensation,701.0,0.4,0,58.48787446504993,2,70,1.5,291.0,2026719070,0.75,0.75
fig3_risk_compensation,761.0,0.4,0,71.74770039421813,2,71,1.5,215.0,2026719071,0.75,0.75
fig3_risk_compensation,1059.0,0.4,0,75.35410764872522,2,72,1.5,261.0,2026719072,0.75,0.75
fig3_risk_compensation,1151.0,0.4,0,91.65942658557776,2,73,1.5,96.0,2026719073,0.75,0.75
fig3_risk_compensation,852.0,0.4,0,78.52112676056338,2,74,1.5,183.0,2026719074,0.75,0.75
fig3_risk_compensation,957.0,0.4,0,82.44514106583073,2,75,1.5,168.0,2026719075,0.75,0.75
fig3_risk_compensation,925.9999999999999,0.4,0,80.77753779697623,2,76,1.5,178.0,2026719076,0.75,0.75
fig3_risk_compensation,956.0000000000001,0.4,0,81.58995815899583,2,77,1.5,176.0,2026719077,0.75,0.75
fig3_risk_compensation,723.0,0.4,0,73.99723374827109,2,78,1.5,188.0,2026719078,0.75,0.75
fig3_risk_compensation,933.9999999999999,0.4,0,76.12419700214132,2,79,1.5,223.00000000000003,2026719079,0.75,0.75
fig3_risk_compensation,846.0,0.4,0,71.74940898345153,2,80,1.5,239.00000000000003,2026719080,0.75,0.75
fig3_risk_compensation,1245.0,0.4,0,80.96385542168674,2,81,1.5,237.00000000000003,2026719081,0.75,0.75
fig3_risk_compensation,846.0,0.4,0,68.5579196217494,2,82,1.5,266.0,2026719082,0.75,0.75
fig3_risk_compensation,613.0,0.4,0,74.38825448613377,2,83,1.5,157.0,2026719083,0.75,0.75
fig3_risk_compensation,898.0,0.4,0,82.40534521158129,2,84,1.5,158.0,2026719084,0.75,0.75
fig3_risk_compensation,761.0,0.4,0,78.44940867279895,2,85,1.5,164.0,2026719085,0.75,0.75
fig3_risk_compensation,762.0,0.4,0,68.37270341207349,2,86,1.5,240.99999999999997,2026719086,0.75,0.75
fig3_risk_compensation,891.0,0.4,0,75.98204264870931,2,87,1.5,214.0,2026719087,0.75,0.75
fig3_risk_compensation,645.0,0.4,0,66.66666666666667,2,88,1.5,215.0,2026719088,0.75,0.75
fig3_risk_compensation,806.0,0.4,0,68.73449131513648,2,89,1.5,252.0,2026719089,0.75,0.75
fig3_risk_compensation,1003.0000000000001,0.4,0,73.67896311066801,2,90,1.5,264.0,2026719090,0.75,0.75
fig3_risk_compensation,612.0,0.4,0,74.83660130718954,2,91,1.5,154.0,2026719091,0.75,0.75
fig3_risk_compensation,596.0,0.4,0,60.40268456375839,2,92,1.5,236.0,2026719092,0.75,0.75
fig3_risk_compensation,905.0000000000001,0.4,0,87.29281767955801,2,93,1.5,115.0,2026719093,0.75,0.75
fig3_risk_compensation,675.0,0.4,0,80.14814814814815,2,94,1.5,134.0,2026719094,0.75,0.75
fig3_risk_compensation,648.0,0.4,0,83.48765432098766,2,95,1.5,107.0,2026719095,0.75,0.75
fig3_risk_compensation,695.0,0.4,0,81.58273381294964,2,96,1.5,128.0,2026719096,0.75,0.75
fig3_risk_compensation,806.0,0.4,0,75.43424317617865,2,97,1.5,198.0,2026719097,0.75,0.75
fig3_risk_compensation,885.0,0.4,0,76.8361581920904,2,98,1.5,205.00000000000003,2026719098,0.75,0.75
fig3_risk_compensation,758.0,0.4,0,64.51187335092348,2,99,1.5,269.0,2026719099,0.75,0.75
fig3_risk_compensation,880.0,0.4,0,72.04545454545455,2,0,1.5,246.0,2026718000,0.6,0.6
fig3_risk_compensation,950.0,0.4,0,66.10526315789474,2,1,1.5,322.0,2026718001,0.6,0.6
fig3_risk_compensation,1289.0,0.4,0,76.64856477889838,2,2,1.5,301.0,2026718002,0.6,0.6
fig3_risk_compensation,768.0,0.4,0,74.21875,2,3,1.5,198.0,2026718003,0.6,0.6
fig3_risk_compensation,987.0,0.4,0,76.08915906788248,2,4,1.5,236.0,2026718004,0.6,0.6
fig3_risk_compensation,676.0,0.4,0,46.44970414201183,2,5,1.5,362.0,2026718005,0.6,0.6
fig3_risk_compensation,1075.0,0.4,0,75.16279069767442,2,6,1.5,267.0,2026718006,0.6,0.6
fig3_risk_compensation,1043.0,0.4,0,76.0306807286673,2,7,1.5,250.0,2026718007,0.6,0.6
fig3_risk_compensation,673.0,0.4,0,60.326894502228825,2,8,1.5,267.0,2026718008,0.6,0.6
fig3_risk_compensation,803.0000000000001,0.4,0,73.10087173100872,2,9,1.5,216.0,2026718009,0.6,0.6
fig3_risk_compensation,941.0,0.4,0,84.6971307120085,2,10,1.5,144.0,2026718010,0.6,0.6
fig3_risk_compensation,1081.0,0.4,0,70.76780758556892,2,11,1.5,316.0,2026718011,0.6,0.6
fig3_risk_compensation,711.0,0.4,0,64.83825597749649,2,12,1.5,250.0,2026718012,0.6,0.6
fig3_risk_compensation,736.0,0.4,0,66.30434782608695,2,13,1.5,248.0,2026718013,0.6,0.6
fig3_risk_compensation,477.0,0.4,0,48.63731656184486,2,14,1.5,245.0,2026718014,0.6,0.6
fig3_risk_compensation,834.0,0.4,0,58.15347721822542,2,15,1.5,349.0,2026718015,0.6,0.6
fig3_risk_compensation,1082.0,0.4,0,80.77634011090574,2,16,1.5,207.99999999999997,2026718016,0.6,0.6
fig3_risk_compensation,970.0,0.4,0,75.77319587628865,2,17,1.5,235.0,2026718017,0.6,0.6
fig3_risk_compensation,773.0,0.4,0,63.38939197930142,2,18,1.5,283.0,2026718018,0.6,0.6
fig3_risk_compensation,716.0,0.4,0,63.12849162011173,2,19,1.5,264.0,2026718019,0.6,0.6
fig3_risk_compensation,898.0,0.4,0,69.59910913140311,2,20,1.5,273.0,2026718020,0.6,0.6
fig3_risk_compensation,782.0,0.4,0,63.171355498721226,2,21,1.5,288.0,2026718021,0.6,0.6
fig3_risk_compensation,905.0000000000001,0.4,0,68.95027624309392,2,22,1.5,281.0,2026718022,0.6,0.6
fig3_risk_compensation,865.0,0.4,0,76.76300578034682,2,23,1.5,201.0,2026718023,0.6,0.6
fig3_risk_compensation,893.0,0.4,0,73.57222844344905,2,24,1.5,236.0,2026718024,0.6,0.6
fig3_risk_compensation,854.0000000000001,0.4,0,79.27400468384076,2,25,1.5,177.0,2026718025,0.6,0.6
fig3_risk_compensation,600.0,0.4,0,57.5,2,26,1.5,255.00000000000003,2026718026,0.6,0.6
fig3_risk_compensation,781.0,0.4,0,62.483994878361074,2,27,1.5,293.0,2026718027,0.6,0.6
fig3_risk_compensation,976.0,0.4,0,78.99590163934427,2,28,1.5,205.00000000000003,2026718028,0.6,0.6
fig3_risk_compensation,537.0,0.4,0,52.700186219739294,2,29,1.5,254.00000000000003,2026718029,0.6,0.6
fig3_risk_compensation,869.9999999999999,0.4,0,69.54022988505746,2,30,1.5,265.0,2026718030,0.6,0.6
fig3_risk_compensation,778.0,0.4,0,81.61953727506426,2,31,1.5,143.0,2026718031,0.6,0.6
fig3_risk_compensation,869.9999999999999,0.4,0,65.17241379310344,2,32,1.5,303.0,2026718032,0.6,0.6
fig3_risk_compensation,916.0,0.4,0,77.07423580786026,2,33,1.5,210.0,2026718033,0.6,0.6
fig3_risk_compensation,754.0,0.4,0,71.88328912466844,2,34,1.5,212.0,2026718034,0.6,0.6
fig3_risk_compensation,768.0,0.4,0,71.875,2,35,1.5,216.0,2026718035,0.6,0.6
fig3_risk_compensation,649.0,0.4,0,55.1617873651772,2,36,1.5,291.0,2026718036,0.6,0.6
fig3_risk_compensation,701.0,0.4,0,56.918687589158345,2,37,1.5,302.0,2026718037,0.6,0.6
fig3_risk_compensation,778.0,0.4,0,65.4241645244216,2,38,1.5,269.0,2026718038,0.6,0.6
fig3_risk_compensation,861.0,0.4,0,67.8281068524971,2,39,1.5,277.0,2026718039,0.6,0.6
fig3_risk_compensation,979.0,0.4,0,68.23289070480082,2,40,1.5,311.0,2026718040,0.6,0.6
fig3_risk_compensation,929.9999999999999,0.4,0,61.397849462365585,2,41,1.5,359.0,2026718041,0.6,0.6
fig3_risk_compensation,621.0,0.4,0,58.13204508856683,2,42,1.5,260.0,2026718042,0.6,0.6
fig3_risk_compensation,786.0000000000001,0.4,0,61.068702290076345,2,43,1.5,306.0,2026718043,0.6,0.6
fig3_risk_compensation,634.0,0.4,0,65.14195583596215,2,44,1.5,221.00000000000003,2026718044,0.6,0.6
fig3_risk_compensation,784.0,0.4,0,67.85714285714286,2,45,1.5,252.0,2026718045,0.6,0.6
fig3_risk_compensation,702.0,0.4,0,70.51282051282051,2,46,1.5,206.99999999999997,2026718046,0.6,0.6
fig3_risk_compensation,776.0,0.4,0,71.64948453608247,2,47,1.5,220.0,2026718047,0.6,0.6
fig3_risk_compensation,835.9999999999999,0.4,0,71.65071770334927,2,48,1.5,237.00000000000003,2026718048,0.6,0.6
fig3_risk_compensation,592.0,0.4,0,51.351351351351354,2,49,1.5,288.0,2026718049,0.6,0.6
fig3_risk_compensation,767.0,0.4,0,77.18383311603651,2,50,1.5,175.0,2026718050,0.6,0.6
fig3_risk_compensation,751.0,0.4,0,68.70838881491345,2,51,1.5,235.0,2026718051,0.6,0.6
fig3_risk_compensation,725.0,0.4,0,70.06896551724138,2,52,1.5,217.0,2026718052,0.6,0.6
fig3_risk_compensation,876.0,0.4,0,75.11415525114155,2,53,1.5,218.0,2026718053,0.6,0.6
fig3_risk_compensation,793.9999999999999,0.4,0,62.090680100755655,2,54,1.5,301.0,2026718054,0.6,0.6
fig3_risk_compensation,793.9999999999999,0.4,0,68.26196473551636,2,55,1.5,252.0,2026718055,0.6,0.6
fig3_risk_compensation,881.0,0.4,0,68.21793416572078,2,56,1.5,280.0,2026718056,0.6,0.6
fig3_risk_compensation,517.0,0.4,0,63.2495164410058,2,57,1.5,190.0,2026718057,0.6,0.6
fig3_risk_compensation,647.0,0.4,0,64.76043276661515,2,58,1.5,228.0,2026718058,0.6,0.6
fig3_risk_compensation,990.0000000000001,0.4,0,73.03030303030303,2,59,1.5,267.0,2026718059,0.6,0.6
fig3_risk_compensation,1041.0,0.4,0,74.447646493756,2,60,1.5,266.0,2026718060,0.6,0.6
fig3_risk_compensation,761.0,0.4,0,75.29566360052563,2,61,1.5,188.0,2026718061,0.6,0.6
fig3_risk_compensation,1086.0,0.4,0,82.78084714548802,2,62,1.5,187.0,2026718062,0.6,0.6
fig3_risk_compensation,1027.0,0.4,0,73.32035053554041,2,63,1.5,274.0,2026718063,0.6,0.6
fig3_risk_compensation,623.0,0.4,0,43.82022471910113,2,64,1.5,350.0,2026718064,0.6,0.6
fig3_risk_compensation,1138.0,0.4,0,80.22847100175747,2,65,1.5,224.99999999999997,2026718065,0.6,0.6
fig3_risk_compensation,771.0,0.4,0,68.2230869001297,2,66,1.5,245.0,2026718066,0.6,0.6
fig3_risk_compensation,742.0,0.4,0,70.75471698113208,2,67,1.5,217.0,2026718067,0.6,0.6
fig3_risk_compensation,940.0,0.4,0,72.02127659574468,2,68,1.5,263.0,2026718068,0.6,0.6
fig3_risk_compensation,539.0,0.4,0,55.28756957328386,2,69,1.5,240.99999999999997,2026718069,0.6,0.6
fig3_risk_compensation,793.9999999999999,0.4,0,64.1057934508816,2,70,1.5,285.0,2026718070,0.6,0.6
fig3_risk_compensation,980.0,0.4,0,68.77551020408163,2,71,1.5,306.0,2026718071,0.6,0.6
fig3_risk_compensation,727.0,0.4,0,65.6121045392022,2,72,1.5,250.0,2026718072,0.6,0.6
fig3_risk_compensation,758.0,0.4,0,65.96306068601584,2,73,1.5,258.0,2026718073,0.6,0.6
fig3_risk_compensation,869.9999999999999,0.4,0,70.91954022988504,2,74,1.5,253.0,2026718074,0.6,0.6
fig3_risk_compensation,933.9999999999999,0.4,0,73.98286937901499,2,75,1.5,243.0,2026718075,0.6,0.6
fig3_risk_compensation,991.0,0.4,0,68.71846619576186,2,76,1.5,310.0,2026718076,0.6,0.6
fig3_risk_compensation,919.0,0.4,0,70.94668117519042,2,77,1.5,267.0,2026718077,0.6,0.6
fig3_risk_compensation,848.0,0.4,0,76.88679245283019,2,78,1.5,196.0,2026718078,0.6,0.6
fig3_risk_compensation,906.0,0.4,0,63.24503311258278,2,79,1.5,333.0,2026718079,0.6,0.6
fig3_risk_compensation,816.0000000000001,0.4,0,81.74019607843138,2,80,1.5,149.0,2026718080,0.6,0.6
fig3_risk_compensation,791.0,0.4,0,64.34892541087231,2,81,1.5,282.0,2026718081,0.6,0.6
fig3_risk_compensation,657.0,0.4,0,61.18721461187214,2,82,1.5,255.00000000000003,2026718082,0.6,0.6
fig3_risk_compensation,586.0,0.4,0,51.70648464163823,2,83,1.5,283.0,2026718083,0.6,0.6
fig3_risk_compensation,741.0,0.4,0,67.20647773279352,2,84,1.5,243.0,2026718084,0.6,0.6
fig3_risk_compensation,1067.0,0.4,0,77.78819119025304,2,85,1.5,237.00000000000003,2026718085,0.6,0.6
fig3_risk_compensation,890.0,0.4,0,72.69662921348315,2,86,1.5,243.0,2026718086,0.6,0.6
fig3_risk_compensation,770.0,0.4,0,65.32467532467533,2,87,1.5,267.0,2026718087,0.6,0.6
fig3_risk_compensation,601.0,0.4,0,55.90682196339434,2,88,1.5,265.0,2026718088,0.6,0.6
fig3_risk_compensation,745.0,0.4,0,71.67785234899328,2,89,1.5,211.0,2026718089,0.6,0.6
fig3_risk_compensation,907.0,0.4,0,75.85446527012128,2,90,1.5,219.0,2026718090,0.6,0.6
fig3_risk_compensation,874.0,0.4,0,77.80320366132723,2,91,1.5,194.0,2026718091,0.6,0.6
fig3_risk_compensation,825.0,0.4,0,60.72727272727273,2,92,1.5,324.0,2026718092,0.6,0.6
fig3_risk_compensation,1143.0,0.4,0,77.51531058617672,2,93,1.5,257.0,2026718093,0.6,0.6
fig3_risk_compensation,808.0,0.4,0,73.76237623762377,2,94,1.5,212.0,2026718094,0.6,0.6
fig3_risk_compensation,638.0,0.4,0,56.26959247648903,2,95,1.5,279.0,2026718095,0.6,0.6
fig3_risk_compensation,1030.0,0.4,0,71.16504854368932,2,96,1.5,297.0,2026718096,0.6,0.6
fig3_risk_compensation,980.0,0.4,0,61.224489795918366,2,97,1.5,380.0,2026718097,0.6,0.6
fig3_risk_compensation,1363.0,0.4,0,83.56566397652237,2,98,1.5,223.99999999999997,2026718098,0.6,0.6
fig3_risk_compensation,408.00000000000006,0.4,0,36.274509803921575,2,99,1.5,260.0,2026718099,0.6,0.6
fig3_risk_compensation,644.0,0.4,0,72.82608695652173,2,0,1.5,175.0,2026720000,0.9,0.9
fig3_risk_compensation,661.0,0.4,0,68.22995461422087,2,1,1.5,210.0,2026720001,0.9,0.9
fig3_risk_compensation,1110.0,0.4,0,90.18018018018019,2,2,1.5,109.0,2026720002,0.9,0.9
fig3_risk_compensation,886.0,0.4,0,76.41083521444695,2,3,1.5,208.99999999999997,2026720003,0.9,0.9
fig3_risk_compensation,901.0000000000001,0.4,0,76.13762486126527,2,4,1.5,215.0,2026720004,0.9,0.9
fig3_risk_compensation,803.0000000000001,0.4,0,74.09713574097137,2,5,1.5,207.99999999999997,2026720005,0.9,0.9
fig3_risk_compensation,533.0,0.4,0,71.66979362101313,2,6,1.5,151.0,2026720006,0.9,0.9
fig3_risk_compensation,589.0,0.4,0,71.64685908319186,2,7,1.5,167.0,2026720007,0.9,0.9
fig3_risk_compensation,535.0,0.4,0,76.44859813084112,2,8,1.5,126.0,2026720008,0.9,0.9
fig3_risk_compensation,1217.0,0.4,0,85.12736236647494,2,9,1.5,181.0,2026720009,0.9,0.9
fig3_risk_compensation,872.0,0.4,0,78.3256880733945,2,10,1.5,189.0,2026720010,0.9,0.9
fig3_risk_compensation,1014.0,0.4,0,83.33333333333333,2,11,1.5,169.0,2026720011,0.9,0.9
fig3_risk_compensation,801.9999999999999,0.4,0,72.19451371571071,2,12,1.5,223.00000000000003,2026720012,0.9,0.9
fig3_risk_compensation,1256.0,0.4,0,90.52547770700637,2,13,1.5,119.00000000000001,2026720013,0.9,0.9
fig3_risk_compensation,861.9999999999999,0.4,0,81.20649651972157,2,14,1.5,162.0,2026720014,0.9,0.9
fig3_risk_compensation,834.0,0.4,0,79.61630695443645,2,15,1.5,170.0,2026720015,0.9,0.9
fig3_risk_compensation,831.0,0.4,0,74.96991576413959,2,16,1.5,207.99999999999997,2026720016,0.9,0.9
fig3_risk_compensation,881.0,0.4,0,77.41203178206584,2,17,1.5,199.0,2026720017,0.9,0.9
fig3_risk_compensation,1222.0,0.4,0,81.26022913256956,2,18,1.5,229.0,2026720018,0.9,0.9
fig3_risk_compensation,911.0,0.4,0,76.0702524698134,2,19,1.5,218.0,2026720019,0.9,0.9
fig3_risk_compensation,850.0000000000001,0.4,0,78.3529411764706,2,20,1.5,184.0,2026720020,0.9,0.9
fig3_risk_compensation,734.0,0.4,0,73.16076294277929,2,21,1.5,197.0,2026720021,0.9,0.9
fig3_risk_compensation,643.0,0.4,0,78.22706065318818,2,22,1.5,140.0,2026720022,0.9,0.9
fig3_risk_compensation,995.0,0.4,0,79.59798994974874,2,23,1.5,203.0,2026720023,0.9,0.9
fig3_risk_compensation,942.9999999999999,0.4,0,79.63944856839872,2,24,1.5,192.0,2026720024,0.9,0.9
fig3_risk_compensation,758.0,0.4,0,80.34300791556728,2,25,1.5,149.0,2026720025,0.9,0.9
fig3_risk_compensation,1132.0,0.4,0,75.97173144876325,2,26,1.5,272.0,2026720026,0.9,0.9
fig3_risk_compensation,610.0,0.4,0,64.91803278688525,2,27,1.5,214.0,2026720027,0.9,0.9
fig3_risk_compensation,806.0,0.4,0,68.85856079404466,2,28,1.5,251.0,2026720028,0.9,0.9
fig3_risk_compensation,539.0,0.4,0,75.51020408163265,2,29,1.5,132.0,2026720029,0.9,0.9
fig3_risk_compensation,1110.0,0.4,0,84.32432432432432,2,30,1.5,174.0,2026720030,0.9,0.9
fig3_risk_compensation,755.0,0.4,0,80.26490066225166,2,31,1.5,149.0,2026720031,0.9,0.9
fig3_risk_compensation,908.0,0.4,0,82.37885462555066,2,32,1.5,160.0,2026720032,0.9,0.9
fig3_risk_compensation,892.0000000000001,0.4,0,74.88789237668162,2,33,1.5,223.99999999999997,2026720033,0.9,0.9
fig3_risk_compensation,688.0,0.4,0,81.1046511627907,2,34,1.5,130.0,2026720034,0.9,0.9
fig3_risk_compensation,771.0,0.4,0,81.4526588845655,2,35,1.5,143.0,2026720035,0.9,0.9
fig3_risk_compensation,1012.0,0.4,0,79.24901185770752,2,36,1.5,210.0,2026720036,0.9,0.9
fig3_risk_compensation,765.0,0.4,0,67.84313725490196,2,37,1.5,246.0,2026720037,0.9,0.9
fig3_risk_compensation,967.0,0.4,0,77.24922440537746,2,38,1.5,220.0,2026720038,0.9,0.9
fig3_risk_compensation,529.0,0.4,0,60.869565217391305,2,39,1.5,206.99999999999997,2026720039,0.9,0.9
fig3_risk_compensation,1077.0,0.4,0,82.35840297121634,2,40,1.5,190.0,2026720040,0.9,0.9
fig3_risk_compensation,907.0,0.4,0,75.63395810363836,2,41,1.5,221.00000000000003,2026720041,0.9,0.9
fig3_risk_compensation,897.0,0.4,0,80.04459308807135,2,42,1.5,179.0,2026720042,0.9,0.9
fig3_risk_compensation,874.0,0.4,0,85.1258581235698,2,43,1.5,130.0,2026720043,0.9,0.9
fig3_risk_compensation,738.0,0.4,0,75.88075880758808,2,44,1.5,178.0,2026720044,0.9,0.9
fig3_risk_compensation,1131.0,0.4,0,79.66401414677277,2,45,1.5,230.0,2026720045,0.9,0.9
fig3_risk_compensation,728.0,0.4,0,71.01648351648352,2,46,1.5,211.0,2026720046,0.9,0.9
fig3_risk_compensation,1054.0,0.4,0,79.88614800759014,2,47,1.5,212.0,2026720047,0.9,0.9
fig3_risk_compensation,673.0,0.4,0,69.24219910846953,2,48,1.5,206.99999999999997,2026720048,0.9,0.9
fig3_risk_compensation,692.0,0.4,0,80.34682080924856,2,49,1.5,136.0,2026720049,0.9,0.9
fig3_risk_compensation,1020.0000000000001,0.4,0,72.84313725490196,2,50,1.5,277.0,2026720050,0.9,0.9
fig3_risk_compensation,967.9999999999999,0.4,0,81.61157024793388,2,51,1.5,178.0,2026720051,0.9,0.9
fig3_risk_compensation,779.0,0.4,0,74.1976893453145,2,52,1.5,201.0,2026720052,0.9,0.9
fig3_risk_compensation,759.0,0.4,0,76.81159420289855,2,53,1.5,176.0,2026720053,0.9,0.9
fig3_risk_compensation,673.0,0.4,0,63.59583952451709,2,54,1.5,245.0,2026720054,0.9,0.9
fig3_risk_compensation,545.0,0.4,0,77.24770642201835,2,55,1.5,124.0,2026720055,0.9,0.9
fig3_risk_compensation,568.0,0.4,0,69.01408450704226,2,56,1.5,176.0,2026720056,0.9,0.9
fig3_risk_compensation,1224.0,0.4,0,82.18954248366013,2,57,1.5,218.0,2026720057,0.9,0.9
fig3_risk_compensation,763.0,0.4,0,79.68545216251638,2,58,1.5,155.0,2026720058,0.9,0.9
fig3_risk_compensation,560.0,0.4,0,61.42857142857143,2,59,1.5,216.0,2026720059,0.9,0.9
fig3_risk_compensation,776.0,0.4,0,70.10309278350516,2,60,1.5,232.0,2026720060,0.9,0.9
fig3_risk_compensation,677.0,0.4,0,83.89955686853767,2,61,1.5,109.0,2026720061,0.9,0.9
fig3_risk_compensation,793.0,0.4,0,76.796973518285,2,62,1.5,184.0,2026720062,0.9,0.9
fig3_risk_compensation,772.0,0.4,0,72.66839378238342,2,63,1.5,211.0,2026720063,0.9,0.9
fig3_risk_compensation,939.0000000000001,0.4,0,80.08519701810437,2,64,1.5,187.0,2026720064,0.9,0.9
fig3_risk_compensation,754.0,0.4,0,84.88063660477454,2,65,1.5,114.0,2026720065,0.9,0.9
fig3_risk_compensation,702.0,0.4,0,71.5099715099715,2,66,1.5,200.0,2026720066,0.9,0.9
fig3_risk_compensation,834.0,0.4,0,84.29256594724221,2,67,1.5,131.0,2026720067,0.9,0.9
fig3_risk_compensation,997.9999999999999,0.4,0,86.27254509018036,2,68,1.5,137.0,2026720068,0.9,0.9
fig3_risk_compensation,942.0,0.4,0,74.52229299363057,2,69,1.5,239.99999999999997,2026720069,0.9,0.9
fig3_risk_compensation,903.0,0.4,0,79.29125138427464,2,70,1.5,187.0,2026720070,0.9,0.9
fig3_risk_compensation,754.0,0.4,0,78.64721485411141,2,71,1.5,161.0,2026720071,0.9,0.9
fig3_risk_compensation,980.9999999999999,0.4,0,85.5249745158002,2,72,1.5,142.0,2026720072,0.9,0.9
fig3_risk_compensation,903.0,0.4,0,75.30454042081949,2,73,1.5,223.00000000000003,2026720073,0.9,0.9
fig3_risk_compensation,880.0,0.4,0,70.3409090909091,2,74,1.5,261.0,2026720074,0.9,0.9
fig3_risk_compensation,787.0,0.4,0,76.87420584498093,2,75,1.5,182.0,2026720075,0.9,0.9
fig3_risk_compensation,778.0,0.4,0,73.39331619537275,2,76,1.5,206.99999999999997,2026720076,0.9,0.9
fig3_risk_compensation,843.0,0.4,0,76.63107947805457,2,77,1.5,197.0,2026720077,0.9,0.9
fig3_risk_compensation,895.9999999999999,0.4,0,79.01785714285714,2,78,1.5,188.0,2026720078,0.9,0.9
fig3_risk_compensation,826.0,0.4,0,78.57142857142857,2,79,1.5,177.0,2026720079,0.9,0.9
fig3_risk_compensation,1052.0,0.4,0,85.17110266159696,2,80,1.5,156.0,2026720080,0.9,0.9
fig3_risk_compensation,925.9999999999999,0.4,0,77.42980561555075,2,81,1.5,208.99999999999997,2026720081,0.9,0.9
fig3_risk_compensation,758.0,0.4,0,71.76781002638522,2,82,1.5,214.0,2026720082,0.9,0.9
fig3_risk_compensation,792.0,0.4,0,80.17676767676768,2,83,1.5,157.0,2026720083,0.9,0.9
fig3_risk_compensation,698.0,0.4,0,60.02865329512894,2,84,1.5,279.0,2026720084,0.9,0.9
fig3_risk_compensation,662.0,0.4,0,64.8036253776435,2,85,1.5,233.0,2026720085,0.9,0.9
fig3_risk_compensation,852.0,0.4,0,80.75117370892019,2,86,1.5,164.0,2026720086,0.9,0.9
fig3_risk_compensation,878.9999999999999,0.4,0,75.65415244596132,2,87,1.5,214.0,2026720087,0.9,0.9
fig3_risk_compensation,869.0,0.4,0,73.87802071346375,2,88,1.5,227.0,2026720088,0.9,0.9
fig3_risk_compensation,818.9999999999999,0.4,0,73.26007326007326,2,89,1.5,219.0,2026720089,0.9,0.9
fig3_risk_compensation,1073.0,0.4,0,89.56197576887232,2,90,1.5,111.99999999999999,2026720090,0.9,0.9
fig3_risk_compensation,625.0,0.4,0,64.8,2,91,1.5,220.0,2026720091,0.9,0.9
fig3_risk_compensation,753.0,0.4,0,82.73572377158034,2,92,1.5,130.0,2026720092,0.9,0.9
fig3_risk_compensation,793.9999999999999,0.4,0,72.79596977329975,2,93,1.5,216.0,2026720093,0.9,0.9
fig3_risk_compensation,772.0,0.4,0,76.29533678756476,2,94,1.5,183.0,2026720094,0.9,0.9
fig3_risk_compensation,736.0,0.4,0,77.71739130434783,2,95,1.5,164.0,2026720095,0.9,0.9
fig3_risk_compensation,859.0,0.4,0,80.32596041909197,2,96,1.5,169.0,2026720096,0.9,0.9
fig3_risk_compensation,831.9999999999999,0.4,0,76.92307692307692,2,97,1.5,192.0,2026720097,0.9,0.9
fig3_risk_compensation,1192.0,0.4,0,82.21476510067114,2,98,1.5,212.0,2026720098,0.9,0.9
fig3_risk_compensation,1003.0000000000001,0.4,0,80.15952143569292,2,99,1.5,199.0,2026720099,0.9,0.9
fig3_risk_compensation,1122.0,0.4,0,21.925133689839573,2,0,1.5,876.0,2026715000,0.15,0.15
fig3_risk_compensation,915.0,0.4,0,-33.98907103825137,2,1,1.5,1226.0,2026715001,0.15,0.15
fig3_risk_compensation,738.0,0.4,0,-40.921409214092144,2,2,1.5,1040.0,2026715002,0.15,0.15
fig3_risk_compensation,1033.0,0.4,0,14.424007744433677,2,3,1.5,884.0000000000001,2026715003,0.15,0.15
fig3_risk_compensation,966.0,0.4,0,2.380952380952393,2,4,1.5,942.9999999999999,2026715004,0.15,0.15
fig3_risk_compensation,876.0,0.4,0,-27.625570776255707,2,5,1.5,1118.0,2026715005,0.15,0.15
fig3_risk_compensation,827.0,0.4,0,-23.21644498186214,2,6,1.5,1018.9999999999999,2026715006,0.15,0.15
fig3_risk_compensation,916.9999999999999,0.4,0,-10.03271537622684,2,7,1.5,1009.0,2026715007,0.15,0.15
fig3_risk_compensation,679.0,0.4,0,-62.73932253313696,2,8,1.5,1105.0,2026715008,0.15,0.15
fig3_risk_compensation,807.0000000000001,0.4,0,-40.520446096654254,2,9,1.5,1134.0,2026715009,0.15,0.15
fig3_risk_compensation,841.0000000000001,0.4,0,24.256837098692042,2,10,1.5,637.0,2026715010,0.15,0.15
fig3_risk_compensation,816.0000000000001,0.4,0,-13.357843137254887,2,11,1.5,925.0,2026715011,0.15,0.15
fig3_risk_compensation,732.0,0.4,0,-20.491803278688526,2,12,1.5,882.0,2026715012,0.15,0.15
fig3_risk_compensation,999.0000000000001,0.4,0,1.0010010010010122,2,13,1.5,989.0,2026715013,0.15,0.15
fig3_risk_compensation,800.0,0.4,0,-19.375,2,14,1.5,955.0,2026715014,0.15,0.15
fig3_risk_compensation,993.9999999999999,0.4,0,12.27364185110663,2,15,1.5,872.0,2026715015,0.15,0.15
fig3_risk_compensation,753.0,0.4,0,-40.50464807436919,2,16,1.5,1058.0,2026715016,0.15,0.15
fig3_risk_compensation,782.0,0.4,0,-11.764705882352942,2,17,1.5,874.0,2026715017,0.15,0.15
fig3_risk_compensation,933.0,0.4,0,19.185423365487676,2,18,1.5,754.0,2026715018,0.15,0.15
fig3_risk_compensation,711.0,0.4,0,-20.112517580872026,2,19,1.5,854.0000000000001,2026715019,0.15,0.15
fig3_risk_compensation,784.9999999999999,0.4,0,5.987261146496802,2,20,1.5,738.0,2026715020,0.15,0.15
fig3_risk_compensation,718.0,0.4,0,-31.058495821727018,2,21,1.5,941.0,2026715021,0.15,0.15
fig3_risk_compensation,1069.0,0.4,0,-7.202993451824135,2,22,1.5,1146.0,2026715022,0.15,0.15
fig3_risk_compensation,909.0000000000001,0.4,0,-55.445544554455424,2,23,1.5,1413.0,2026715023,0.15,0.15
fig3_risk_compensation,793.0,0.4,0,-61.91677175283733,2,24,1.5,1284.0,2026715024,0.15,0.15
fig3_risk_compensation,1112.0,0.4,0,1.70863309352518,2,25,1.5,1093.0,2026715025,0.15,0.15
fig3_risk_compensation,772.0,0.4,0,5.569948186528498,2,26,1.5,729.0,2026715026,0.15,0.15
fig3_risk_compensation,706.0,0.4,0,-40.22662889518415,2,27,1.5,990.0000000000001,2026715027,0.15,0.15
fig3_risk_compensation,1196.0,0.4,0,49.49832775919732,2,28,1.5,604.0,2026715028,0.15,0.15
fig3_risk_compensation,933.9999999999999,0.4,0,-3.2119914346895078,2,29,1.5,963.9999999999999,2026715029,0.15,0.15
fig3_risk_compensation,847.0,0.4,0,1.1806375442738946,2,30,1.5,837.0000000000001,2026715030,0.15,0.15
fig3_risk_compensation,874.0,0.4,0,7.551487414187643,2,31,1.5,808.0,2026715031,0.15,0.15
fig3_risk_compensation,584.0,0.4,0,-11.13013698630137,2,32,1.5,649.0,2026715032,0.15,0.15
fig3_risk_compensation,872.0,0.4,0,-7.454128440366972,2,33,1.5,937.0,2026715033,0.15,0.15
fig3_risk_compensation,804.0,0.4,0,-15.422885572139304,2,34,1.5,928.0,2026715034,0.15,0.15
fig3_risk_compensation,936.0,0.4,0,20.726495726495727,2,35,1.5,742.0,2026715035,0.15,0.15
fig3_risk_compensation,882.9999999999999,0.4,0,-13.250283125707828,2,36,1.5,1000.0,2026715036,0.15,0.15
fig3_risk_compensation,1099.0,0.4,0,-18.471337579617835,2,37,1.5,1302.0,2026715037,0.15,0.15
fig3_risk_compensation,1608.0,0.4,0,14.490049751243781,2,38,1.5,1375.0,2026715038,0.15,0.15
fig3_risk_compensation,940.0,0.4,0,-17.97872340425532,2,39,1.5,1109.0,2026715039,0.15,0.15
fig3_risk_compensation,814.9999999999999,0.4,0,-44.417177914110454,2,40,1.5,1177.0,2026715040,0.15,0.15
fig3_risk_compensation,835.9999999999999,0.4,0,-31.459330143540686,2,41,1.5,1099.0,2026715041,0.15,0.15
fig3_risk_compensation,801.0,0.4,0,13.108614232209737,2,42,1.5,696.0,2026715042,0.15,0.15
fig3_risk_compensation,766.0,0.4,0,-28.7206266318538,2,43,1.5,986.0000000000001,2026715043,0.15,0.15
fig3_risk_compensation,764.0,0.4,0,10.602094240837696,2,44,1.5,683.0,2026715044,0.15,0.15
fig3_risk_compensation,839.0,0.4,0,-47.794994040524436,2,45,1.5,1240.0,2026715045,0.15,0.15
fig3_risk_compensation,459.00000000000006,0.4,0,-84.96732026143786,2,46,1.5,848.9999999999999,2026715046,0.15,0.15
fig3_risk_compensation,784.0,0.4,0,1.6581632653061225,2,47,1.5,771.0,2026715047,0.15,0.15
fig3_risk_compensation,864.0,0.4,0,2.1990740740740873,2,48,1.5,844.9999999999999,2026715048,0.15,0.15
fig3_risk_compensation,711.0,0.4,0,-17.72151898734179,2,49,1.5,837.0000000000001,2026715049,0.15,0.15
fig3_risk_compensation,1000.0,0.4,0,2.6,2,50,1.5,974.0,2026715050,0.15,0.15
fig3_risk_compensation,688.0,0.4,0,-74.27325581395348,2,51,1.5,1199.0,2026715051,0.15,0.15
fig3_risk_compensation,795.0,0.4,0,-3.3962264150943398,2,52,1.5,822.0,2026715052,0.15,0.15
fig3_risk_compensation,1004.0,0.4,0,30.179282868525895,2,53,1.5,701.0,2026715053,0.15,0.15
fig3_risk_compensation,978.0,0.4,0,19.938650306748468,2,54,1.5,783.0,2026715054,0.15,0.15
fig3_risk_compensation,747.0,0.4,0,-60.107095046854084,2,55,1.5,1196.0,2026715055,0.15,0.15
fig3_risk_compensation,818.9999999999999,0.4,0,4.029304029304002,2,56,1.5,786.0000000000001,2026715056,0.15,0.15
fig3_risk_compensation,602.0,0.4,0,-65.28239202657808,2,57,1.5,995.0,2026715057,0.15,0.15
fig3_risk_compensation,843.0,0.4,0,-65.83629893238434,2,58,1.5,1398.0,2026715058,0.15,0.15
fig3_risk_compensation,662.0,0.4,0,-54.833836858006045,2,59,1.5,1025.0,2026715059,0.15,0.15
fig3_risk_compensation,1138.0,0.4,0,-2.0210896309314585,2,60,1.5,1161.0,2026715060,0.15,0.15
fig3_risk_compensation,1189.0,0.4,0,2.859545836837679,2,61,1.5,1155.0,2026715061,0.15,0.15
fig3_risk_compensation,618.0,0.4,0,2.750809061488673,2,62,1.5,601.0,2026715062,0.15,0.15
fig3_risk_compensation,840.0,0.4,0,4.523809523809537,2,63,1.5,801.9999999999999,2026715063,0.15,0.15
fig3_risk_compensation,871.0000000000001,0.4,0,4.247990815155006,2,64,1.5,834.0,2026715064,0.15,0.15
fig3_risk_compensation,961.0,0.4,0,8.74089490114464,2,65,1.5,877.0,2026715065,0.15,0.15
fig3_risk_compensation,1060.0,0.4,0,7.8301886792452935,2,66,1.5,976.9999999999999,2026715066,0.15,0.15
fig3_risk_compensation,1061.0,0.4,0,13.289349670122526,2,67,1.5,920.0,2026715067,0.15,0.15
fig3_risk_compensation,1086.0,0.4,0,15.930018416206272,2,68,1.5,912.9999999999999,2026715068,0.15,0.15
fig3_risk_compensation,797.0,0.4,0,29.611041405269763,2,69,1.5,561.0,2026715069,0.15,0.15
fig3_risk_compensation,835.9999999999999,0.4,0,-28.5885167464115,2,70,1.5,1075.0,2026715070,0.15,0.15
fig3_risk_compensation,1123.0,0.4,0,16.473731077471058,2,71,1.5,938.0,2026715071,0.15,0.15
fig3_risk_compensation,769.0,0.4,0,7.022106631989597,2,72,1.5,715.0,2026715072,0.15,0.15
fig3_risk_compensation,946.0,0.4,0,6.871035940803383,2,73,1.5,881.0,2026715073,0.15,0.15
fig3_risk_compensation,726.0,0.4,0,-61.570247933884296,2,74,1.5,1173.0,2026715074,0.15,0.15
fig3_risk_compensation,933.9999999999999,0.4,0,-13.918629550321212,2,75,1.5,1064.0,2026715075,0.15,0.15
fig3_risk_compensation,779.0,0.4,0,6.161745827984595,2,76,1.5,731.0,2026715076,0.15,0.15
fig3_risk_compensation,766.0,0.4,0,-28.851174934725847,2,77,1.5,987.0,2026715077,0.15,0.15
fig3_risk_compensation,753.0,0.4,0,21.91235059760956,2,78,1.5,588.0,2026715078,0.15,0.15
fig3_risk_compensation,667.0,0.4,0,-45.27736131934034,2,79,1.5,969.0000000000001,2026715079,0.15,0.15
fig3_risk_compensation,560.0,0.4,0,-86.07142857142857,2,80,1.5,1042.0,2026715080,0.15,0.15
fig3_risk_compensation,1039.0,0.4,0,21.07795957651587,2,81,1.5,820.0000000000001,2026715081,0.15,0.15
fig3_risk_compensation,687.0,0.4,0,-11.790393013100436,2,82,1.5,768.0,2026715082,0.15,0.15
fig3_risk_compensation,690.0,0.4,0,-53.91304347826087,2,83,1.5,1062.0,2026715083,0.15,0.15
fig3_risk_compensation,871.0000000000001,0.4,0,-7.462686567164166,2,84,1.5,936.0,2026715084,0.15,0.15
fig3_risk_compensation,597.0,0.4,0,-71.0217755443886,2,85,1.5,1021.0,2026715085,0.15,0.15
fig3_risk_compensation,1362.0,0.4,0,22.46696035242291,2,86,1.5,1056.0,2026715086,0.15,0.15
fig3_risk_compensation,813.0,0.4,0,-13.407134071340726,2,87,1.5,922.0000000000001,2026715087,0.15,0.15
fig3_risk_compensation,744.0,0.4,0,-12.096774193548388,2,88,1.5,834.0,2026715088,0.15,0.15
fig3_risk_compensation,709.0,0.4,0,-42.73624823695346,2,89,1.5,1012.0,2026715089,0.15,0.15
fig3_risk_compensation,830.0,0.4,0,3.0120481927710845,2,90,1.5,805.0,2026715090,0.15,0.15
fig3_risk_compensation,603.0,0.4,0,-138.14262023217248,2,91,1.5,1436.0,2026715091,0.15,0.15
fig3_risk_compensation,1007.0000000000001,0.4,0,0.2979145978153042,2,92,1.5,1004.0,2026715092,0.15,0.15
fig3_risk_compensation,886.9999999999999,0.4,0,28.523111612175864,2,93,1.5,634.0,2026715093,0.15,0.15
fig3_risk_compensation,662.0,0.4,0,-36.858006042296076,2,94,1.5,906.0,2026715094,0.15,0.15
fig3_risk_compensation,787.0,0.4,0,-6.98856416772554,2,95,1.5,842.0,2026715095,0.15,0.15
fig3_risk_compensation,1012.0,0.4,0,15.810276679841897,2,96,1.5,852.0,2026715096,0.15,0.15
fig3_risk_compensation,915.0,0.4,0,18.469945355191257,2,97,1.5,746.0,2026715097,0.15,0.15
fig3_risk_compensation,1109.0,0.4,0,-40.21641118124436,2,98,1.5,1555.0,2026715098,0.15,0.15
fig3_risk_compensation,850.0000000000001,0.4,0,-21.999999999999986,2,99,1.5,1037.0,2026715099,0.15,0.15
fig3_risk_compensation,725.0,0.4,0,56.0,2,0,1.5,319.0,2026717000,0.44999999999999996,0.44999999999999996
fig3_risk_compensation,787.0,0.4,0,44.5997458703939,2,1,1.5,436.0,2026717001,0.44999999999999996,0.44999999999999996
fig3_risk_compensation,905.0000000000001,0.4,0,57.45856353591161,2,2,1.5,385.0,2026717002,0.44999999999999996,0.44999999999999996
fig3_risk_compensation,942.0,0.4,0,46.28450106157113,2,3,1.5,506.0,2026717003,0.44999999999999996,0.44999999999999996
fig3_risk_compensation,1097.0,0.4,0,69.9179580674567,2,4,1.5,330.0,2026717004,0.44999999999999996,0.44999999999999996
fig3_risk_compensation,1312.0,0.4,0,72.86585365853658,2,5,1.5,356.0,2026717005,0.44999999999999996,0.44999999999999996
fig3_risk_compensation,645.0,0.4,0,55.968992248062015,2,6,1.5,284.0,2026717006,0.44999999999999996,0.44999999999999996
fig3_risk_compensation,770.0,0.4,0,56.493506493506494,2,7,1.5,335.0,2026717007,0.44999999999999996,0.44999999999999996
fig3_risk_compensation,942.0,0.4,0,76.96390658174097,2,8,1.5,217.0,2026717008,0.44999999999999996,0.44999999999999996
fig3_risk_compensation,750.0,0.4,0,66.4,2,9,1.5,252.0,2026717009,0.44999999999999996,0.44999999999999996
fig3_risk_compensation,1020.0000000000001,0.4,0,62.84313725490197,2,10,1.5,379.0,2026717010,0.44999999999999996,0.44999999999999996
fig3_risk_compensation,912.0,0.4,0,60.08771929824562,2,11,1.5,364.0,2026717011,0.44999999999999996,0.44999999999999996
fig3_risk_compensation,825.0,0.4,0,67.39393939393939,2,12,1.5,269.0,2026717012,0.44999999999999996,0.44999999999999996
fig3_risk_compensation,1026.0,0.4,0,63.35282651072125,2,13,1.5,376.0,2026717013,0.44999999999999996,0.44999999999999996
fig3_risk_compensation,670.0,0.4,0,48.80597014925373,2,14,1.5,343.0,2026717014,0.44999999999999996,0.44999999999999996
fig3_risk_compensation,941.0,0.4,0,60.89266737513284,2,15,1.5,368.0,2026717015,0.44999999999999996,0.44999999999999996
fig3_risk_compensation,657.0,0.4,0,40.334855403348556,2,16,1.5,392.0,2026717016,0.44999999999999996,0.44999999999999996
fig3_risk_compensation,827.0,0.4,0,48.73035066505442,2,17,1.5,424.0,2026717017,0.44999999999999996,0.44999999999999996
fig3_risk_compensation,1095.0,0.4,0,71.68949771689498,2,18,1.5,310.0,2026717018,0.44999999999999996,0.44999999999999996
fig3_risk_compensation,663.0,0.4,0,48.86877828054298,2,19,1.5,339.0,2026717019,0.44999999999999996,0.44999999999999996
fig3_risk_compensation,717.0,0.4,0,48.39609483960948,2,20,1.5,370.0,2026717020,0.44999999999999996,0.44999999999999996
fig3_risk_compensation,660.0,0.4,0,51.06060606060606,2,21,1.5,323.0,2026717021,0.44999999999999996,0.44999999999999996
fig3_risk_compensation,942.9999999999999,0.4,0,55.67338282078474,2,22,1.5,417.99999999999994,2026717022,0.44999999999999996,0.44999999999999996
fig3_risk_compensation,857.0,0.4,0,62.42707117852976,2,23,1.5,322.0,2026717023,0.44999999999999996,0.44999999999999996
fig3_risk_compensation,941.0,0.4,0,65.67481402763018,2,24,1.5,323.0,2026717024,0.44999999999999996,0.44999999999999996
fig3_risk_compensation,826.0,0.4,0,64.28571428571429,2,25,1.5,295.0,2026717025,0.44999999999999996,0.44999999999999996
fig3_risk_compensation,980.0,0.4,0,54.48979591836735,2,26,1.5,446.00000000000006,2026717026,0.44999999999999996,0.44999999999999996
fig3_risk_compensation,1010.9999999999999,0.4,0,68.34817012858555,2,27,1.5,320.0,2026717027,0.44999999999999996,0.44999999999999996
fig3_risk_compensation,1113.0,0.4,0,76.72955974842768,2,28,1.5,259.0,2026717028,0.44999999999999996,0.44999999999999996
fig3_risk_compensation,735.0,0.4,0,50.8843537414966,2,29,1.5,361.0,2026717029,0.44999999999999996,0.44999999999999996
fig3_risk_compensation,784.0,0.4,0,49.234693877551024,2,30,1.5,398.0,2026717030,0.44999999999999996,0.44999999999999996
fig3_risk_compensation,809.0,0.4,0,47.218788627935716,2,31,1.5,427.00000000000006,2026717031,0.44999999999999996,0.44999999999999996
fig3_risk_compensation,855.0,0.4,0,70.76023391812865,2,32,1.5,250.0,2026717032,0.44999999999999996,0.44999999999999996
fig3_risk_compensation,842.0,0.4,0,55.46318289786223,2,33,1.5,375.0,2026717033,0.44999999999999996,0.44999999999999996
fig3_risk_compensation,685.0,0.4,0,48.46715328467153,2,34,1.5,353.0,2026717034,0.44999999999999996,0.44999999999999996
fig3_risk_compensation,924.0,0.4,0,35.17316017316017,2,35,1.5,599.0,2026717035,0.44999999999999996,0.44999999999999996
fig3_risk_compensation,641.0,0.4,0,53.66614664586584,2,36,1.5,297.0,2026717036,0.44999999999999996,0.44999999999999996
fig3_risk_compensation,700.0,0.4,0,49.42857142857143,2,37,1.5,354.0,2026717037,0.44999999999999996,0.44999999999999996
fig3_risk_compensation,1049.0,0.4,0,67.6835081029552,2,38,1.5,339.0,2026717038,0.44999999999999996,0.44999999999999996
fig3_risk_compensation,931.0,0.4,0,60.902255639097746,2,39,1.5,364.0,2026717039,0.44999999999999996,0.44999999999999996
fig3_risk_compensation,713.0,0.4,0,52.73492286115007,2,40,1.5,337.0,2026717040,0.44999999999999996,0.44999999999999996
fig3_risk_compensation,952.0000000000001,0.4,0,76.89075630252101,2,41,1.5,220.0,2026717041,0.44999999999999996,0.44999999999999996
fig3_risk_compensation,797.9999999999999,0.4,0,55.13784461152881,2,42,1.5,358.0,2026717042,0.44999999999999996,0.44999999999999996
fig3_risk_compensation,1071.0,0.4,0,62.931839402427634,2,43,1.5,396.99999999999994,2026717043,0.44999999999999996,0.44999999999999996
fig3_risk_compensation,770.0,0.4,0,58.44155844155844,2,44,1.5,320.0,2026717044,0.44999999999999996,0.44999999999999996
fig3_risk_compensation,1179.0,0.4,0,64.29177268871925,2,45,1.5,421.0,2026717045,0.44999999999999996,0.44999999999999996
fig3_risk_compensation,753.0,0.4,0,63.34661354581673,2,46,1.5,276.0,2026717046,0.44999999999999996,0.44999999999999996
fig3_risk_compensation,978.0,0.4,0,63.0879345603272,2,47,1.5,361.0,2026717047,0.44999999999999996,0.44999999999999996
fig3_risk_compensation,864.0,0.4,0,61.458333333333336,2,48,1.5,333.0,2026717048,0.44999999999999996,0.44999999999999996
fig3_risk_compensation,736.0,0.4,0,63.72282608695652,2,49,1.5,267.0,2026717049,0.44999999999999996,0.44999999999999996
fig3_risk_compensation,864.0,0.4,0,59.375,2,50,1.5,351.0,2026717050,0.44999999999999996,0.44999999999999996
fig3_risk_compensation,967.9999999999999,0.4,0,61.88016528925619,2,51,1.5,369.0,2026717051,0.44999999999999996,0.44999999999999996
fig3_risk_compensation,1007.0000000000001,0.4,0,63.95233366434956,2,52,1.5,363.0,2026717052,0.44999999999999996,0.44999999999999996
fig3_risk_compensation,747.0,0.4,0,62.38286479250335,2,53,1.5,281.0,2026717053,0.44999999999999996,0.44999999999999996
fig3_risk_compensation,929.9999999999999,0.4,0,64.19354838709677,2,54,1.5,333.0,2026717054,0.44999999999999996,0.44999999999999996
fig3_risk_compensation,902.0,0.4,0,70.28824833702882,2,55,1.5,268.0,2026717055,0.44999999999999996,0.44999999999999996
fig3_risk_compensation,881.0,0.4,0,55.3916004540295,2,56,1.5,393.00000000000006,2026717056,0.44999999999999996,0.44999999999999996
fig3_risk_compensation,1178.0,0.4,0,62.56366723259762,2,57,1.5,441.0,2026717057,0.44999999999999996,0.44999999999999996
fig3_risk_compensation,1115.0,0.4,0,73.00448430493273,2,58,1.5,301.0,2026717058,0.44999999999999996,0.44999999999999996
fig3_risk_compensation,1010.0,0.4,0,70.4950495049505,2,59,1.5,298.0,2026717059,0.44999999999999996,0.44999999999999996
fig3_risk_compensation,1127.0,0.4,0,69.9201419698314,2,60,1.5,339.0,2026717060,0.44999999999999996,0.44999999999999996
fig3_risk_compensation,755.0,0.4,0,53.77483443708609,2,61,1.5,349.0,2026717061,0.44999999999999996,0.44999999999999996
fig3_risk_compensation,624.0,0.4,0,54.006410256410255,2,62,1.5,287.0,2026717062,0.44999999999999996,0.44999999999999996
fig3_risk_compensation,1031.0,0.4,0,56.74102812803104,2,63,1.5,446.00000000000006,2026717063,0.44999999999999996,0.44999999999999996
fig3_risk_compensation,755.0,0.4,0,57.48344370860927,2,64,1.5,321.0,2026717064,0.44999999999999996,0.44999999999999996
fig3_risk_compensation,1176.0,0.4,0,73.55442176870748,2,65,1.5,311.0,2026717065,0.44999999999999996,0.44999999999999996
fig3_risk_compensation,834.0,0.4,0,70.14388489208633,2,66,1.5,249.0,2026717066,0.44999999999999996,0.44999999999999996
fig3_risk_compensation,790.0000000000001,0.4,0,58.98734177215191,2,67,1.5,324.0,2026717067,0.44999999999999996,0.44999999999999996
fig3_risk_compensation,565.0,0.4,0,28.495575221238937,2,68,1.5,404.0,2026717068,0.44999999999999996,0.44999999999999996
fig3_risk_compensation,732.0,0.4,0,40.16393442622951,2,69,1.5,438.0,2026717069,0.44999999999999996,0.44999999999999996
fig3_risk_compensation,688.0,0.4,0,30.087209302325583,2,70,1.5,481.0,2026717070,0.44999999999999996,0.44999999999999996
fig3_risk_compensation,524.0,0.4,0,39.50381679389313,2,71,1.5,317.0,2026717071,0.44999999999999996,0.44999999999999996
fig3_risk_compensation,850.0000000000001,0.4,0,68.47058823529413,2,72,1.5,268.0,2026717072,0.44999999999999996,0.44999999999999996
fig3_risk_compensation,912.0,0.4,0,68.31140350877193,2,73,1.5,289.0,2026717073,0.44999999999999996,0.44999999999999996
fig3_risk_compensation,716.0,0.4,0,47.76536312849162,2,74,1.5,374.0,2026717074,0.44999999999999996,0.44999999999999996
fig3_risk_compensation,1007.0000000000001,0.4,0,68.91757696127111,2,75,1.5,313.0,2026717075,0.44999999999999996,0.44999999999999996
fig3_risk_compensation,835.9999999999999,0.4,0,66.6267942583732,2,76,1.5,279.0,2026717076,0.44999999999999996,0.44999999999999996
fig3_risk_compensation,787.0,0.4,0,49.809402795425655,2,77,1.5,395.00000000000006,2026717077,0.44999999999999996,0.44999999999999996
fig3_risk_compensation,513.0,0.4,0,30.994152046783626,2,78,1.5,354.0,2026717078,0.44999999999999996,0.44999999999999996
fig3_risk_compensation,536.0,0.4,0,41.04477611940298,2,79,1.5,316.0,2026717079,0.44999999999999996,0.44999999999999996
fig3_risk_compensation,1142.0,0.4,0,69.52714535901926,2,80,1.5,348.0,2026717080,0.44999999999999996,0.44999999999999996
fig3_risk_compensation,654.0,0.4,0,41.74311926605505,2,81,1.5,381.0,2026717081,0.44999999999999996,0.44999999999999996
fig3_risk_compensation,873.0,0.4,0,51.89003436426117,2,82,1.5,420.0,2026717082,0.44999999999999996,0.44999999999999996
fig3_risk_compensation,582.0,0.4,0,49.48453608247423,2,83,1.5,294.0,2026717083,0.44999999999999996,0.44999999999999996
fig3_risk_compensation,674.0,0.4,0,43.47181008902077,2,84,1.5,381.0,2026717084,0.44999999999999996,0.44999999999999996
fig3_risk_compensation,699.0,0.4,0,46.49499284692418,2,85,1.5,374.0,2026717085,0.44999999999999996,0.44999999999999996
fig3_risk_compensation,768.0,0.4,0,54.6875,2,86,1.5,348.0,2026717086,0.44999999999999996,0.44999999999999996
fig3_risk_compensation,797.9999999999999,0.4,0,58.020050125313276,2,87,1.5,335.0,2026717087,0.44999999999999996,0.44999999999999996
fig3_risk_compensation,745.0,0.4,0,57.718120805369125,2,88,1.5,315.0,2026717088,0.44999999999999996,0.44999999999999996
fig3_risk_compensation,705.0,0.4,0,42.127659574468076,2,89,1.5,408.00000000000006,2026717089,0.44999999999999996,0.44999999999999996
fig3_risk_compensation,1128.0,0.4,0,61.08156028368794,2,90,1.5,439.0,2026717090,0.44999999999999996,0.44999999999999996
fig3_risk_compensation,1005.0,0.4,0,61.791044776119406,2,91,1.5,384.0,2026717091,0.44999999999999996,0.44999999999999996
fig3_risk_compensation,596.0,0.4,0,40.604026845637584,2,92,1.5,354.0,2026717092,0.44999999999999996,0.44999999999999996
fig3_risk_compensation,675.0,0.4,0,34.222222222222214,2,93,1.5,444.00000000000006,2026717093,0.44999999999999996,0.44999999999999996
fig3_risk_compensation,709.0,0.4,0,46.5444287729196,2,94,1.5,379.0,2026717094,0.44999999999999996,0.44999999999999996
fig3_risk_compensation,830.0,0.4,0,66.144578313253,2,95,1.5,281.0,2026717095,0.44999999999999996,0.44999999999999996
fig3_risk_compensation,867.0000000000001,0.4,0,41.637831603229536,2,96,1.5,506.0,2026717096,0.44999999999999996,0.44999999999999996
fig3_risk_compensation,747.0,0.4,0,45.113788487282456,2,97,1.5,410.00000000000006,2026717097,0.44999999999999996,0.44999999999999996
fig3_risk_compensation,840.0,0.4,0,57.5,2,98,1.5,357.0,2026717098,0.44999999999999996,0.44999999999999996
fig3_risk_compensation,877.0,0.4,0,50.05701254275941,2,99,1.5,438.0,2026717099,0.44999999999999996,0.44999999999999996
fig3_risk_compensation,521.0,0.4,0,-3.071017274472169,2,0,1.5,537.0,2026716000,0.3,0.3
fig3_risk_compensation,801.9999999999999,0.4,0,24.688279301745627,2,1,1.5,604.0,2026716001,0.3,0.3
fig3_risk_compensation,854.0000000000001,0.4,0,45.081967213114766,2,2,1.5,469.0,2026716002,0.3,0.3
fig3_risk_compensation,786.0000000000001,0.4,0,34.86005089058525,2,3,1.5,512.0,2026716003,0.3,0.3
fig3_risk_compensation,709.0,0.4,0,30.183356840620583,2,4,1.5,495.00000000000006,2026716004,0.3,0.3
fig3_risk_compensation,783.0,0.4,0,21.32822477650064,2,5,1.5,616.0,2026716005,0.3,0.3
fig3_risk_compensation,684.0,0.4,0,31.871345029239766,2,6,1.5,466.0,2026716006,0.3,0.3
fig3_risk_compensation,1049.0,0.4,0,41.277407054337466,2,7,1.5,616.0,2026716007,0.3,0.3
fig3_risk_compensation,1075.0,0.4,0,53.395348837209305,2,8,1.5,500.99999999999994,2026716008,0.3,0.3
fig3_risk_compensation,1196.0,0.4,0,37.792642140468224,2,9,1.5,744.0,2026716009,0.3,0.3
fig3_risk_compensation,1108.0,0.4,0,42.057761732851986,2,10,1.5,642.0,2026716010,0.3,0.3
fig3_risk_compensation,824.0000000000001,0.4,0,51.33495145631069,2,11,1.5,400.99999999999994,2026716011,0.3,0.3
fig3_risk_compensation,556.0,0.4,0,0.3597122302158273,2,12,1.5,554.0,2026716012,0.3,0.3
fig3_risk_compensation,814.0,0.4,0,19.656019656019655,2,13,1.5,654.0,2026716013,0.3,0.3
fig3_risk_compensation,973.0000000000001,0.4,0,60.431654676259,2,14,1.5,385.0,2026716014,0.3,0.3
fig3_risk_compensation,914.0,0.4,0,55.689277899343544,2,15,1.5,405.0,2026716015,0.3,0.3
fig3_risk_compensation,629.0,0.4,0,45.62798092209857,2,16,1.5,342.0,2026716016,0.3,0.3
fig3_risk_compensation,747.0,0.4,0,24.230254350736278,2,17,1.5,566.0,2026716017,0.3,0.3
fig3_risk_compensation,844.9999999999999,0.4,0,27.218934911242595,2,18,1.5,615.0,2026716018,0.3,0.3
fig3_risk_compensation,649.0,0.4,0,22.804314329738066,2,19,1.5,500.99999999999994,2026716019,0.3,0.3
fig3_risk_compensation,990.0000000000001,0.4,0,48.787878787878796,2,20,1.5,507.0,2026716020,0.3,0.3
fig3_risk_compensation,859.0,0.4,0,55.18044237485448,2,21,1.5,385.0,2026716021,0.3,0.3
fig3_risk_compensation,886.0,0.4,0,58.80361173814899,2,22,1.5,365.0,2026716022,0.3,0.3
fig3_risk_compensation,1073.0,0.4,0,62.16216216216216,2,23,1.5,406.0,2026716023,0.3,0.3
fig3_risk_compensation,713.0,0.4,0,9.67741935483871,2,24,1.5,644.0,2026716024,0.3,0.3
fig3_risk_compensation,754.0,0.4,0,46.684350132625994,2,25,1.5,402.0,2026716025,0.3,0.3
fig3_risk_compensation,925.9999999999999,0.4,0,62.958963282937354,2,26,1.5,343.0,2026716026,0.3,0.3
fig3_risk_compensation,516.0,0.4,0,23.837209302325572,2,27,1.5,393.00000000000006,2026716027,0.3,0.3
fig3_risk_compensation,809.0,0.4,0,37.824474660074166,2,28,1.5,503.0,2026716028,0.3,0.3
fig3_risk_compensation,575.0,0.4,0,29.73913043478261,2,29,1.5,404.0,2026716029,0.3,0.3
fig3_risk_compensation,1435.0,0.4,0,59.721254355400696,2,30,1.5,578.0,2026716030,0.3,0.3
fig3_risk_compensation,567.0,0.4,0,0.3527336860670194,2,31,1.5,565.0,2026716031,0.3,0.3
fig3_risk_compensation,670.0,0.4,0,38.20895522388061,2,32,1.5,413.99999999999994,2026716032,0.3,0.3
fig3_risk_compensation,878.9999999999999,0.4,0,39.02161547212741,2,33,1.5,536.0,2026716033,0.3,0.3
fig3_risk_compensation,697.0,0.4,0,13.199426111908178,2,34,1.5,605.0,2026716034,0.3,0.3
fig3_risk_compensation,979.0,0.4,0,49.1317671092952,2,35,1.5,498.0,2026716035,0.3,0.3
fig3_risk_compensation,801.0,0.4,0,42.32209737827716,2,36,1.5,462.0,2026716036,0.3,0.3
fig3_risk_compensation,614.0,0.4,0,6.514657980456026,2,37,1.5,574.0,2026716037,0.3,0.3
fig3_risk_compensation,858.0000000000001,0.4,0,43.5897435897436,2,38,1.5,483.99999999999994,2026716038,0.3,0.3
fig3_risk_compensation,1250.0,0.4,0,66.8,2,39,1.5,415.0,2026716039,0.3,0.3
fig3_risk_compensation,848.0,0.4,0,30.89622641509434,2,40,1.5,586.0,2026716040,0.3,0.3
fig3_risk_compensation,742.0,0.4,0,18.194070080862534,2,41,1.5,607.0,2026716041,0.3,0.3
fig3_risk_compensation,840.0,0.4,0,50.23809523809525,2,42,1.5,417.99999999999994,2026716042,0.3,0.3
fig3_risk_compensation,788.0,0.4,0,27.15736040609137,2,43,1.5,574.0,2026716043,0.3,0.3
fig3_risk_compensation,529.0,0.4,0,-2.835538752362949,2,44,1.5,544.0,2026716044,0.3,0.3
fig3_risk_compensation,889.0,0.4,0,24.409448818897637,2,45,1.5,672.0,2026716045,0.3,0.3
fig3_risk_compensation,915.0,0.4,0,54.53551912568307,2,46,1.5,415.99999999999994,2026716046,0.3,0.3
fig3_risk_compensation,665.0,0.4,0,8.721804511278195,2,47,1.5,607.0,2026716047,0.3,0.3
fig3_risk_compensation,1085.0,0.4,0,61.474654377880185,2,48,1.5,417.99999999999994,2026716048,0.3,0.3
fig3_risk_compensation,622.0,0.4,0,32.47588424437299,2,49,1.5,420.0,2026716049,0.3,0.3
fig3_risk_compensation,1093.0,0.4,0,53.613906678865504,2,50,1.5,507.0,2026716050,0.3,0.3
fig3_risk_compensation,899.0,0.4,0,69.41045606229143,2,51,1.5,275.0,2026716051,0.3,0.3
fig3_risk_compensation,692.0,0.4,0,56.79190751445087,2,52,1.5,299.0,2026716052,0.3,0.3
fig3_risk_compensation,812.0,0.4,0,52.0935960591133,2,53,1.5,389.0,2026716053,0.3,0.3
fig3_risk_compensation,799.0000000000001,0.4,0,33.91739674593242,2,54,1.5,528.0,2026716054,0.3,0.3
fig3_risk_compensation,892.0000000000001,0.4,0,64.23766816143498,2,55,1.5,319.0,2026716055,0.3,0.3
fig3_risk_compensation,770.0,0.4,0,40.38961038961038,2,56,1.5,459.00000000000006,2026716056,0.3,0.3
fig3_risk_compensation,614.0,0.4,0,21.335504885993487,2,57,1.5,483.0,2026716057,0.3,0.3
fig3_risk_compensation,959.0,0.4,0,44.629822732012514,2,58,1.5,531.0,2026716058,0.3,0.3
fig3_risk_compensation,644.0,0.4,0,51.5527950310559,2,59,1.5,312.0,2026716059,0.3,0.3
fig3_risk_compensation,602.0,0.4,0,2.3255813953488373,2,60,1.5,588.0,2026716060,0.3,0.3
fig3_risk_compensation,749.0,0.4,0,31.64218958611482,2,61,1.5,512.0,2026716061,0.3,0.3
fig3_risk_compensation,610.0,0.4,0,38.36065573770492,2,62,1.5,376.0,2026716062,0.3,0.3
fig3_risk_compensation,1415.0,0.4,0,55.3356890459364,2,63,1.5,632.0,2026716063,0.3,0.3
fig3_risk_compensation,507.0,0.4,0,-41.02564102564103,2,64,1.5,715.0,2026716064,0.3,0.3
fig3_risk_compensation,636.0,0.4,0,15.566037735849056,2,65,1.5,537.0,2026716065,0.3,0.3
fig3_risk_compensation,817.0,0.4,0,19.951040391676866,2,66,1.5,654.0,2026716066,0.3,0.3
fig3_risk_compensation,765.0,0.4,0,25.62091503267974,2,67,1.5,569.0,2026716067,0.3,0.3
fig3_risk_compensation,817.0,0.4,0,34.883720930232556,2,68,1.5,532.0,2026716068,0.3,0.3
fig3_risk_compensation,708.0,0.4,0,17.65536723163842,2,69,1.5,583.0,2026716069,0.3,0.3
fig3_risk_compensation,941.0,0.4,0,43.783209351753456,2,70,1.5,529.0,2026716070,0.3,0.3
fig3_risk_compensation,843.0,0.4,0,25.26690391459075,2,71,1.5,630.0,2026716071,0.3,0.3
fig3_risk_compensation,1168.0,0.4,0,54.70890410958904,2,72,1.5,529.0,2026716072,0.3,0.3
fig3_risk_compensation,965.0000000000001,0.4,0,48.290155440414516,2,73,1.5,498.99999999999994,2026716073,0.3,0.3
fig3_risk_compensation,809.0,0.4,0,43.63411619283065,2,74,1.5,456.0,2026716074,0.3,0.3
fig3_risk_compensation,976.9999999999999,0.4,0,60.0818833162743,2,75,1.5,390.0,2026716075,0.3,0.3
fig3_risk_compensation,633.0,0.4,0,-7.740916271721959,2,76,1.5,682.0,2026716076,0.3,0.3
fig3_risk_compensation,782.0,0.4,0,30.17902813299233,2,77,1.5,546.0,2026716077,0.3,0.3
fig3_risk_compensation,844.0,0.4,0,60.308056872037916,2,78,1.5,335.0,2026716078,0.3,0.3
fig3_risk_compensation,546.0,0.4,0,30.586080586080588,2,79,1.5,379.0,2026716079,0.3,0.3
fig3_risk_compensation,1065.0,0.4,0,57.652582159624416,2,80,1.5,451.0,2026716080,0.3,0.3
fig3_risk_compensation,950.0,0.4,0,20.526315789473685,2,81,1.5,755.0,2026716081,0.3,0.3
fig3_risk_compensation,1018.0,0.4,0,48.52652259332024,2,82,1.5,524.0,2026716082,0.3,0.3
fig3_risk_compensation,820.0000000000001,0.4,0,30.73170731707318,2,83,1.5,568.0,2026716083,0.3,0.3
fig3_risk_compensation,532.0,0.4,0,9.022556390977455,2,84,1.5,483.99999999999994,2026716084,0.3,0.3
fig3_risk_compensation,826.0,0.4,0,33.05084745762712,2,85,1.5,553.0,2026716085,0.3,0.3
fig3_risk_compensation,962.0,0.4,0,62.57796257796258,2,86,1.5,360.0,2026716086,0.3,0.3
fig3_risk_compensation,938.0,0.4,0,47.12153518123667,2,87,1.5,496.0,2026716087,0.3,0.3
fig3_risk_compensation,742.0,0.4,0,4.986522911051213,2,88,1.5,705.0,2026716088,0.3,0.3
fig3_risk_compensation,844.0,0.4,0,51.30331753554503,2,89,1.5,411.0,2026716089,0.3,0.3
fig3_risk_compensation,744.0,0.4,0,14.516129032258064,2,90,1.5,636.0,2026716090,0.3,0.3
fig3_risk_compensation,852.9999999999999,0.4,0,74.20867526377491,2,91,1.5,220.0,2026716091,0.3,0.3
fig3_risk_compensation,970.0,0.4,0,43.09278350515464,2,92,1.5,552.0,2026716092,0.3,0.3
fig3_risk_compensation,648.0,0.4,0,-20.21604938271605,2,93,1.5,779.0,2026716093,0.3,0.3
fig3_risk_compensation,782.0,0.4,0,53.70843989769821,2,94,1.5,362.0,2026716094,0.3,0.3
fig3_risk_compensation,1028.0,0.4,0,62.93774319066148,2,95,1.5,381.0,2026716095,0.3,0.3
fig3_risk_compensation,728.0,0.4,0,35.57692307692308,2,96,1.5,469.0,2026716096,0.3,0.3
fig3_risk_compensation,1138.0,0.4,0,33.74340949033392,2,97,1.5,754.0,2026716097,0.3,0.3
fig3_risk_compensation,735.0,0.4,0,34.69387755102042,2,98,1.5,479.99999999999994,2026716098,0.3,0.3
fig3_risk_compensation,1113.0,0.4,0,34.68104222821204,2,99,1.5,727.0,2026716099,0.3,0.3
fig3_risk_compensation,902.0,0.4,0,-61.41906873614191,2,0,1.5,1456.0,2026714000,0.0,0.0
fig3_risk_compensation,669.0,0.4,0,-175.7847533632287,2,1,1.5,1845.0,2026714001,0.0,0.0
fig3_risk_compensation,1198.0,0.4,0,-55.926544240400645,2,2,1.5,1867.9999999999998,2026714002,0.0,0.0
fig3_risk_compensation,593.0,0.4,0,-175.37942664418213,2,3,1.5,1633.0,2026714003,0.0,0.0
fig3_risk_compensation,762.0,0.4,0,-197.3753280839895,2,4,1.5,2266.0,2026714004,0.0,0.0
fig3_risk_compensation,1047.0,0.4,0,-94.93791786055397,2,5,1.5,2041.0,2026714005,0.0,0.0
fig3_risk_compensation,814.0,0.4,0,-205.65110565110564,2,6,1.5,2488.0,2026714006,0.0,0.0
fig3_risk_compensation,619.0,0.4,0,-182.39095315024232,2,7,1.5,1748.0,2026714007,0.0,0.0
fig3_risk_compensation,672.0,0.4,0,-263.6904761904762,2,8,1.5,2444.0,2026714008,0.0,0.0
fig3_risk_compensation,952.0000000000001,0.4,0,-117.85714285714285,2,9,1.5,2074.0,2026714009,0.0,0.0
fig3_risk_compensation,752.0,0.4,0,-219.9468085106383,2,10,1.5,2406.0,2026714010,0.0,0.0
fig3_risk_compensation,946.0,0.4,0,-110.67653276955602,2,11,1.5,1993.0,2026714011,0.0,0.0
fig3_risk_compensation,805.0,0.4,0,-129.0683229813665,2,12,1.5,1844.0000000000002,2026714012,0.0,0.0
fig3_risk_compensation,581.0,0.4,0,-295.8691910499139,2,13,1.5,2300.0,2026714013,0.0,0.0
fig3_risk_compensation,983.0,0.4,0,-108.24008138351981,2,14,1.5,2046.9999999999998,2026714014,0.0,0.0
fig3_risk_compensation,636.0,0.4,0,-164.77987421383648,2,15,1.5,1684.0,2026714015,0.0,0.0
fig3_risk_compensation,909.0000000000001,0.4,0,-124.64246424642462,2,16,1.5,2042.0,2026714016,0.0,0.0
fig3_risk_compensation,592.0,0.4,0,-229.22297297297297,2,17,1.5,1949.0,2026714017,0.0,0.0
fig3_risk_compensation,1269.0,0.4,0,-73.68006304176517,2,18,1.5,2204.0,2026714018,0.0,0.0
fig3_risk_compensation,1292.0,0.4,0,-109.44272445820434,2,19,1.5,2706.0,2026714019,0.0,0.0
fig3_risk_compensation,719.0,0.4,0,-190.5424200278164,2,20,1.5,2089.0,2026714020,0.0,0.0
fig3_risk_compensation,580.0,0.4,0,-186.0344827586207,2,21,1.5,1659.0,2026714021,0.0,0.0
fig3_risk_compensation,521.0,0.4,0,-195.58541266794626,2,22,1.5,1540.0,2026714022,0.0,0.0
fig3_risk_compensation,899.0,0.4,0,-181.0901001112347,2,23,1.5,2527.0,2026714023,0.0,0.0
fig3_risk_compensation,894.0,0.4,0,-102.46085011185686,2,24,1.5,1810.0000000000002,2026714024,0.0,0.0
fig3_risk_compensation,734.0,0.4,0,-164.03269754768397,2,25,1.5,1938.0000000000002,2026714025,0.0,0.0
fig3_risk_compensation,791.0,0.4,0,-194.18457648546143,2,26,1.5,2327.0,2026714026,0.0,0.0
fig3_risk_compensation,916.0,0.4,0,-116.26637554585156,2,27,1.5,1981.0000000000002,2026714027,0.0,0.0
fig3_risk_compensation,859.0,0.4,0,-55.29685681024447,2,28,1.5,1334.0,2026714028,0.0,0.0
fig3_risk_compensation,1163.0,0.4,0,-82.11521926053311,2,29,1.5,2118.0,2026714029,0.0,0.0
fig3_risk_compensation,973.0000000000001,0.4,0,-141.82939362795477,2,30,1.5,2353.0,2026714030,0.0,0.0
fig3_risk_compensation,854.0000000000001,0.4,0,-130.44496487119437,2,31,1.5,1968.0,2026714031,0.0,0.0
fig3_risk_compensation,721.0,0.4,0,-187.51733703190013,2,32,1.5,2073.0,2026714032,0.0,0.0
fig3_risk_compensation,632.0,0.4,0,-201.1075949367088,2,33,1.5,1902.9999999999998,2026714033,0.0,0.0
fig3_risk_compensation,782.0,0.4,0,-180.69053708439898,2,34,1.5,2195.0,2026714034,0.0,0.0
fig3_risk_compensation,615.0,0.4,0,-249.7560975609756,2,35,1.5,2151.0,2026714035,0.0,0.0
fig3_risk_compensation,715.0,0.4,0,-106.85314685314685,2,36,1.5,1479.0,2026714036,0.0,0.0
fig3_risk_compensation,583.0,0.4,0,-273.75643224699826,2,37,1.5,2179.0,2026714037,0.0,0.0
fig3_risk_compensation,1018.0,0.4,0,-62.475442043222,2,38,1.5,1654.0,2026714038,0.0,0.0
fig3_risk_compensation,697.0,0.4,0,-244.33285509325682,2,39,1.5,2400.0,2026714039,0.0,0.0
fig3_risk_compensation,1115.0,0.4,0,-113.09417040358744,2,40,1.5,2376.0,2026714040,0.0,0.0
fig3_risk_compensation,576.0,0.4,0,-235.9375,2,41,1.5,1935.0,2026714041,0.0,0.0
fig3_risk_compensation,651.0,0.4,0,-142.85714285714286,2,42,1.5,1581.0,2026714042,0.0,0.0
fig3_risk_compensation,568.0,0.4,0,-245.07042253521126,2,43,1.5,1960.0,2026714043,0.0,0.0
fig3_risk_compensation,808.0,0.4,0,-125.86633663366334,2,44,1.5,1824.9999999999998,2026714044,0.0,0.0
fig3_risk_compensation,976.0,0.4,0,-188.2172131147541,2,45,1.5,2813.0,2026714045,0.0,0.0
fig3_risk_compensation,912.9999999999999,0.4,0,-147.31653888280397,2,46,1.5,2258.0,2026714046,0.0,0.0
fig3_risk_compensation,1128.0,0.4,0,-88.29787234042553,2,47,1.5,2124.0,2026714047,0.0,0.0
fig3_risk_compensation,1211.0,0.4,0,-47.48142031379026,2,48,1.5,1786.0,2026714048,0.0,0.0
fig3_risk_compensation,942.0,0.4,0,-152.9723991507431,2,49,1.5,2383.0,2026714049,0.0,0.0
fig3_risk_compensation,1000.0,0.4,0,-123.5,2,50,1.5,2235.0,2026714050,0.0,0.0
fig3_risk_compensation,991.0,0.4,0,-134.20787083753785,2,51,1.5,2321.0,2026714051,0.0,0.0
fig3_risk_compensation,852.0,0.4,0,-110.32863849765255,2,52,1.5,1791.9999999999998,2026714052,0.0,0.0
fig3_risk_compensation,508.00000000000006,0.4,0,-147.63779527559055,2,53,1.5,1258.0,2026714053,0.0,0.0
fig3_risk_compensation,898.0,0.4,0,-114.6993318485523,2,54,1.5,1927.9999999999998,2026714054,0.0,0.0
fig3_risk_compensation,753.0,0.4,0,-131.87250996015936,2,55,1.5,1746.0,2026714055,0.0,0.0
fig3_risk_compensation,890.0,0.4,0,-99.10112359550561,2,56,1.5,1772.0,2026714056,0.0,0.0
fig3_risk_compensation,805.0,0.4,0,-110.43478260869566,2,57,1.5,1694.0,2026714057,0.0,0.0
fig3_risk_compensation,796.0,0.4,0,-43.969849246231156,2,58,1.5,1146.0,2026714058,0.0,0.0
fig3_risk_compensation,810.0,0.4,0,-153.33333333333334,2,59,1.5,2052.0,2026714059,0.0,0.0
fig3_risk_compensation,769.0,0.4,0,-43.172951885565666,2,60,1.5,1101.0,2026714060,0.0,0.0
fig3_risk_compensation,1031.0,0.4,0,-58.19592628516006,2,61,1.5,1631.0000000000002,2026714061,0.0,0.0
fig3_risk_compensation,823.0,0.4,0,-144.10692588092346,2,62,1.5,2009.0,2026714062,0.0,0.0
fig3_risk_compensation,860.0,0.4,0,-33.95348837209303,2,63,1.5,1152.0,2026714063,0.0,0.0
fig3_risk_compensation,914.0,0.4,0,-97.26477024070022,2,64,1.5,1803.0,2026714064,0.0,0.0
fig3_risk_compensation,918.0000000000001,0.4,0,-161.54684095860566,2,65,1.5,2401.0,2026714065,0.0,0.0
fig3_risk_compensation,961.0,0.4,0,-134.13111342351718,2,66,1.5,2250.0,2026714066,0.0,0.0
fig3_risk_compensation,841.0000000000001,0.4,0,-231.15338882282992,2,67,1.5,2785.0,2026714067,0.0,0.0
fig3_risk_compensation,804.0,0.4,0,-280.97014925373134,2,68,1.5,3063.0,2026714068,0.0,0.0
fig3_risk_compensation,909.0000000000001,0.4,0,-97.02970297029698,2,69,1.5,1790.9999999999998,2026714069,0.0,0.0
fig3_risk_compensation,1096.0,0.4,0,-117.15328467153284,2,70,1.5,2380.0,2026714070,0.0,0.0
fig3_risk_compensation,526.0,0.4,0,-354.94296577946767,2,71,1.5,2393.0,2026714071,0.0,0.0
fig3_risk_compensation,554.0,0.4,0,-295.6678700361011,2,72,1.5,2192.0,2026714072,0.0,0.0
fig3_risk_compensation,659.0,0.4,0,-216.84370257966617,2,73,1.5,2088.0,2026714073,0.0,0.0
fig3_risk_compensation,1035.0,0.4,0,-159.32367149758454,2,74,1.5,2684.0,2026714074,0.0,0.0
fig3_risk_compensation,827.0,0.4,0,-177.3881499395405,2,75,1.5,2294.0,2026714075,0.0,0.0
fig3_risk_compensation,1178.0,0.4,0,-68.25127334465195,2,76,1.5,1982.0,2026714076,0.0,0.0
fig3_risk_compensation,682.0,0.4,0,-187.5366568914956,2,77,1.5,1961.0,2026714077,0.0,0.0
fig3_risk_compensation,1114.0,0.4,0,-79.44344703770197,2,78,1.5,1999.0,2026714078,0.0,0.0
fig3_risk_compensation,687.0,0.4,0,-329.2576419213974,2,79,1.5,2949.0,2026714079,0.0,0.0
fig3_risk_compensation,825.0,0.4,0,-250.3030303030303,2,80,1.5,2890.0,2026714080,0.0,0.0
fig3_risk_compensation,806.0,0.4,0,-187.09677419354838,2,81,1.5,2314.0,2026714081,0.0,0.0
fig3_risk_compensation,680.0,0.4,0,-136.76470588235293,2,82,1.5,1610.0,2026714082,0.0,0.0
fig3_risk_compensation,922.0000000000001,0.4,0,-113.77440347071577,2,83,1.5,1970.9999999999998,2026714083,0.0,0.0
fig3_risk_compensation,1275.0,0.4,0,-90.43137254901961,2,84,1.5,2428.0,2026714084,0.0,0.0
fig3_risk_compensation,777.0,0.4,0,-118.5328185328185,2,85,1.5,1697.9999999999998,2026714085,0.0,0.0
fig3_risk_compensation,769.0,0.4,0,-128.3485045513654,2,86,1.5,1756.0,2026714086,0.0,0.0
fig3_risk_compensation,741.0,0.4,0,-96.89608636977059,2,87,1.5,1459.0,2026714087,0.0,0.0
fig3_risk_compensation,927.0,0.4,0,-145.8468176914779,2,88,1.5,2279.0,2026714088,0.0,0.0
fig3_risk_compensation,728.0,0.4,0,-157.69230769230768,2,89,1.5,1876.0,2026714089,0.0,0.0
fig3_risk_compensation,924.0,0.4,0,-96.32034632034632,2,90,1.5,1814.0,2026714090,0.0,0.0
fig3_risk_compensation,771.0,0.4,0,-134.11154345006486,2,91,1.5,1805.0,2026714091,0.0,0.0
fig3_risk_compensation,831.9999999999999,0.4,0,-99.63942307692311,2,92,1.5,1661.0,2026714092,0.0,0.0
fig3_risk_compensation,886.9999999999999,0.4,0,-84.10372040586249,2,93,1.5,1633.0,2026714093,0.0,0.0
fig3_risk_compensation,940.0,0.4,0,-92.23404255319149,2,94,1.5,1807.0,2026714094,0.0,0.0
fig3_risk_compensation,721.0,0.4,0,-110.67961165048544,2,95,1.5,1519.0,2026714095,0.0,0.0
fig3_risk_compensation,814.9999999999999,0.4,0,-125.52147239263807,2,96,1.5,1838.0,2026714096,0.0,0.0
fig3_risk_compensation,864.0,0.4,0,-126.27314814814818,2,97,1.5,1955.0000000000002,2026714097,0.0,0.0
fig3_risk_compensation,922.0000000000001,0.4,0,-119.84815618221256,2,98,1.5,2027.0,2026714098,0.0,0.0
fig3_risk_compensation,771.0,0.4,0,-231.2581063553826,2,99,1.5,2554.0,2026714099,0.0,0.0
fig3_risk_compensation,600.0,0.4,0,56.166666666666664,2,0,1.75,263.0,2026726000,0.75,0.75
fig3_risk_compensation,743.0,0.4,0,75.50471063257066,2,1,1.75,182.0,2026726001,0.75,0.75
fig3_risk_compensation,695.0,0.4,0,82.01438848920863,2,2,1.75,125.0,2026726002,0.75,0.75
fig3_risk_compensation,786.0000000000001,0.4,0,65.2671755725191,2,3,1.75,273.0,2026726003,0.75,0.75
fig3_risk_compensation,903.0,0.4,0,72.53599114064231,2,4,1.75,248.0,2026726004,0.75,0.75
fig3_risk_compensation,754.0,0.4,0,77.71883289124668,2,5,1.75,168.0,2026726005,0.75,0.75
fig3_risk_compensation,899.9999999999999,0.4,0,72.33333333333333,2,6,1.75,249.0,2026726006,0.75,0.75
fig3_risk_compensation,911.0,0.4,0,77.8265642151482,2,7,1.75,202.0,2026726007,0.75,0.75
fig3_risk_compensation,921.0,0.4,0,76.54723127035831,2,8,1.75,216.0,2026726008,0.75,0.75
fig3_risk_compensation,764.0,0.4,0,68.32460732984293,2,9,1.75,241.99999999999997,2026726009,0.75,0.75
fig3_risk_compensation,675.0,0.4,0,65.03703703703704,2,10,1.75,236.0,2026726010,0.75,0.75
fig3_risk_compensation,706.0,0.4,0,71.24645892351275,2,11,1.75,203.0,2026726011,0.75,0.75
fig3_risk_compensation,715.0,0.4,0,71.46853146853147,2,12,1.75,204.00000000000003,2026726012,0.75,0.75
fig3_risk_compensation,476.00000000000006,0.4,0,67.01680672268908,2,13,1.75,157.0,2026726013,0.75,0.75
fig3_risk_compensation,759.0,0.4,0,67.98418972332016,2,14,1.75,243.0,2026726014,0.75,0.75
fig3_risk_compensation,851.0,0.4,0,70.50528789659225,2,15,1.75,251.0,2026726015,0.75,0.75
fig3_risk_compensation,698.0,0.4,0,70.34383954154728,2,16,1.75,206.99999999999997,2026726016,0.75,0.75
fig3_risk_compensation,724.0,0.4,0,72.23756906077348,2,17,1.75,201.0,2026726017,0.75,0.75
fig3_risk_compensation,701.0,0.4,0,64.4793152639087,2,18,1.75,249.0,2026726018,0.75,0.75
fig3_risk_compensation,780.0,0.4,0,68.71794871794872,2,19,1.75,244.0,2026726019,0.75,0.75
fig3_risk_compensation,1058.0,0.4,0,84.02646502835539,2,20,1.75,169.0,2026726020,0.75,0.75
fig3_risk_compensation,865.0,0.4,0,86.24277456647398,2,21,1.75,119.00000000000001,2026726021,0.75,0.75
fig3_risk_compensation,837.0000000000001,0.4,0,78.97252090800478,2,22,1.75,176.0,2026726022,0.75,0.75
fig3_risk_compensation,744.0,0.4,0,69.35483870967742,2,23,1.75,228.0,2026726023,0.75,0.75
fig3_risk_compensation,597.0,0.4,0,76.04690117252932,2,24,1.75,143.0,2026726024,0.75,0.75
fig3_risk_compensation,749.0,0.4,0,69.29238985313752,2,25,1.75,230.0,2026726025,0.75,0.75
fig3_risk_compensation,980.9999999999999,0.4,0,74.00611620795107,2,26,1.75,255.00000000000003,2026726026,0.75,0.75
fig3_risk_compensation,770.0,0.4,0,70.0,2,27,1.75,231.0,2026726027,0.75,0.75
fig3_risk_compensation,759.0,0.4,0,83.39920948616601,2,28,1.75,126.0,2026726028,0.75,0.75
fig3_risk_compensation,636.0,0.4,0,64.62264150943396,2,29,1.75,224.99999999999997,2026726029,0.75,0.75
fig3_risk_compensation,921.0,0.4,0,74.0499457111835,2,30,1.75,239.00000000000003,2026726030,0.75,0.75
fig3_risk_compensation,657.0,0.4,0,58.599695585996955,2,31,1.75,272.0,2026726031,0.75,0.75
fig3_risk_compensation,809.0,0.4,0,69.09765142150803,2,32,1.75,250.0,2026726032,0.75,0.75
fig3_risk_compensation,808.0,0.4,0,74.38118811881188,2,33,1.75,206.99999999999997,2026726033,0.75,0.75
fig3_risk_compensation,976.9999999999999,0.4,0,77.3797338792221,2,34,1.75,221.00000000000003,2026726034,0.75,0.75
fig3_risk_compensation,679.0,0.4,0,71.42857142857143,2,35,1.75,194.0,2026726035,0.75,0.75
fig3_risk_compensation,1026.0,0.4,0,80.11695906432749,2,36,1.75,204.00000000000003,2026726036,0.75,0.75
fig3_risk_compensation,618.0,0.4,0,62.7831715210356,2,37,1.75,230.0,2026726037,0.75,0.75
fig3_risk_compensation,569.0,0.4,0,59.22671353251318,2,38,1.75,232.0,2026726038,0.75,0.75
fig3_risk_compensation,1125.0,0.4,0,83.91111111111111,2,39,1.75,181.0,2026726039,0.75,0.75
fig3_risk_compensation,800.0,0.4,0,68.25,2,40,1.75,254.00000000000003,2026726040,0.75,0.75
fig3_risk_compensation,844.9999999999999,0.4,0,76.21301775147928,2,41,1.75,201.0,2026726041,0.75,0.75
fig3_risk_compensation,701.0,0.4,0,71.32667617689016,2,42,1.75,201.0,2026726042,0.75,0.75
fig3_risk_compensation,1031.0,0.4,0,78.37051406401552,2,43,1.75,223.00000000000003,2026726043,0.75,0.75
fig3_risk_compensation,765.0,0.4,0,68.36601307189542,2,44,1.75,241.99999999999997,2026726044,0.75,0.75
fig3_risk_compensation,688.0,0.4,0,68.02325581395348,2,45,1.75,220.0,2026726045,0.75,0.75
fig3_risk_compensation,984.0,0.4,0,73.57723577235772,2,46,1.75,260.0,2026726046,0.75,0.75
fig3_risk_compensation,1026.0,0.4,0,77.09551656920078,2,47,1.75,235.0,2026726047,0.75,0.75
fig3_risk_compensation,786.0000000000001,0.4,0,70.48346055979644,2,48,1.75,232.0,2026726048,0.75,0.75
fig3_risk_compensation,990.0000000000001,0.4,0,69.5959595959596,2,49,1.75,301.0,2026726049,0.75,0.75
fig3_risk_compensation,626.0,0.4,0,74.92012779552715,2,50,1.75,157.0,2026726050,0.75,0.75
fig3_risk_compensation,895.0,0.4,0,58.770949720670394,2,51,1.75,369.0,2026726051,0.75,0.75
fig3_risk_compensation,597.0,0.4,0,71.1892797319933,2,52,1.75,172.0,2026726052,0.75,0.75
fig3_risk_compensation,906.0,0.4,0,82.33995584988962,2,53,1.75,160.0,2026726053,0.75,0.75
fig3_risk_compensation,810.9999999999999,0.4,0,64.48828606658445,2,54,1.75,288.0,2026726054,0.75,0.75
fig3_risk_compensation,891.0,0.4,0,85.97081930415264,2,55,1.75,125.0,2026726055,0.75,0.75
fig3_risk_compensation,1146.0,0.4,0,83.33333333333333,2,56,1.75,191.0,2026726056,0.75,0.75
fig3_risk_compensation,946.0,0.4,0,82.55813953488372,2,57,1.75,165.0,2026726057,0.75,0.75
fig3_risk_compensation,831.0,0.4,0,70.3971119133574,2,58,1.75,246.0,2026726058,0.75,0.75
fig3_risk_compensation,1442.0,0.4,0,82.52427184466019,2,59,1.75,252.0,2026726059,0.75,0.75
fig3_risk_compensation,912.0,0.4,0,71.8201754385965,2,60,1.75,257.0,2026726060,0.75,0.75
fig3_risk_compensation,848.9999999999999,0.4,0,70.90694935217903,2,61,1.75,247.0,2026726061,0.75,0.75
fig3_risk_compensation,927.0,0.4,0,76.26752966558792,2,62,1.75,220.0,2026726062,0.75,0.75
fig3_risk_compensation,983.0,0.4,0,73.95727365208545,2,63,1.75,256.0,2026726063,0.75,0.75
fig3_risk_compensation,997.0,0.4,0,72.21664994984955,2,64,1.75,277.0,2026726064,0.75,0.75
fig3_risk_compensation,809.0,0.4,0,74.53646477132263,2,65,1.75,206.00000000000003,2026726065,0.75,0.75
fig3_risk_compensation,1039.0,0.4,0,76.99711260827719,2,66,1.75,239.00000000000003,2026726066,0.75,0.75
fig3_risk_compensation,784.0,0.4,0,74.36224489795919,2,67,1.75,201.0,2026726067,0.75,0.75
fig3_risk_compensation,1101.0,0.4,0,75.20435967302453,2,68,1.75,273.0,2026726068,0.75,0.75
fig3_risk_compensation,653.0,0.4,0,69.06584992343032,2,69,1.75,202.0,2026726069,0.75,0.75
fig3_risk_compensation,1095.0,0.4,0,74.70319634703196,2,70,1.75,277.0,2026726070,0.75,0.75
fig3_risk_compensation,659.0,0.4,0,57.359635811836114,2,71,1.75,281.0,2026726071,0.75,0.75
fig3_risk_compensation,1173.0,0.4,0,87.12702472293265,2,72,1.75,151.0,2026726072,0.75,0.75
fig3_risk_compensation,732.0,0.4,0,75.81967213114754,2,73,1.75,177.0,2026726073,0.75,0.75
fig3_risk_compensation,1083.0,0.4,0,79.96306555863343,2,74,1.75,217.0,2026726074,0.75,0.75
fig3_risk_compensation,713.0,0.4,0,70.68723702664796,2,75,1.75,208.99999999999997,2026726075,0.75,0.75
fig3_risk_compensation,570.0,0.4,0,59.824561403508774,2,76,1.75,229.0,2026726076,0.75,0.75
fig3_risk_compensation,1010.9999999999999,0.4,0,67.65578635014836,2,77,1.75,327.0,2026726077,0.75,0.75
fig3_risk_compensation,806.0,0.4,0,78.03970223325062,2,78,1.75,177.0,2026726078,0.75,0.75
fig3_risk_compensation,649.0,0.4,0,67.64252696456086,2,79,1.75,210.0,2026726079,0.75,0.75
fig3_risk_compensation,666.0,0.4,0,45.645645645645644,2,80,1.75,362.0,2026726080,0.75,0.75
fig3_risk_compensation,1116.0,0.4,0,83.78136200716845,2,81,1.75,181.0,2026726081,0.75,0.75
fig3_risk_compensation,911.0,0.4,0,67.94731064763995,2,82,1.75,292.0,2026726082,0.75,0.75
fig3_risk_compensation,978.0,0.4,0,82.92433537832311,2,83,1.75,167.0,2026726083,0.75,0.75
fig3_risk_compensation,996.0,0.4,0,80.02008032128514,2,84,1.75,199.0,2026726084,0.75,0.75
fig3_risk_compensation,775.0,0.4,0,71.09677419354838,2,85,1.75,223.99999999999997,2026726085,0.75,0.75
fig3_risk_compensation,1061.0,0.4,0,74.74081055607917,2,86,1.75,268.0,2026726086,0.75,0.75
fig3_risk_compensation,732.0,0.4,0,72.1311475409836,2,87,1.75,204.00000000000003,2026726087,0.75,0.75
fig3_risk_compensation,1046.0,0.4,0,76.38623326959846,2,88,1.75,247.0,2026726088,0.75,0.75
fig3_risk_compensation,1083.0,0.4,0,81.25577100646353,2,89,1.75,203.0,2026726089,0.75,0.75
fig3_risk_compensation,790.0000000000001,0.4,0,70.37974683544304,2,90,1.75,234.0,2026726090,0.75,0.75
fig3_risk_compensation,950.0,0.4,0,76.10526315789474,2,91,1.75,227.0,2026726091,0.75,0.75
fig3_risk_compensation,807.0000000000001,0.4,0,72.98636926889716,2,92,1.75,218.0,2026726092,0.75,0.75
fig3_risk_compensation,797.9999999999999,0.4,0,69.92481203007517,2,93,1.75,239.99999999999997,2026726093,0.75,0.75
fig3_risk_compensation,824.0000000000001,0.4,0,70.75242718446603,2,94,1.75,240.99999999999997,2026726094,0.75,0.75
fig3_risk_compensation,1124.0,0.4,0,81.76156583629893,2,95,1.75,205.00000000000003,2026726095,0.75,0.75
fig3_risk_compensation,682.0,0.4,0,68.7683284457478,2,96,1.75,213.0,2026726096,0.75,0.75
fig3_risk_compensation,890.0,0.4,0,77.75280898876404,2,97,1.75,198.0,2026726097,0.75,0.75
fig3_risk_compensation,712.0,0.4,0,71.91011235955057,2,98,1.75,200.0,2026726098,0.75,0.75
fig3_risk_compensation,685.0,0.4,0,59.27007299270073,2,99,1.75,279.0,2026726099,0.75,0.75
fig3_risk_compensation,766.0,0.4,0,58.09399477806789,2,0,1.75,321.0,2026725000,0.6,0.6
fig3_risk_compensation,1201.0,0.4,0,82.18151540383015,2,1,1.75,214.0,2026725001,0.6,0.6
fig3_risk_compensation,899.9999999999999,0.4,0,72.33333333333333,2,2,1.75,249.0,2026725002,0.6,0.6
fig3_risk_compensation,946.9999999999999,0.4,0,74.44561774023231,2,3,1.75,241.99999999999997,2026725003,0.6,0.6
fig3_risk_compensation,1199.0,0.4,0,75.89658048373644,2,4,1.75,289.0,2026725004,0.6,0.6
fig3_risk_compensation,728.0,0.4,0,60.027472527472526,2,5,1.75,291.0,2026725005,0.6,0.6
fig3_risk_compensation,737.0,0.4,0,64.31478968792402,2,6,1.75,263.0,2026725006,0.6,0.6
fig3_risk_compensation,1091.0,0.4,0,79.28505957836848,2,7,1.75,225.99999999999997,2026725007,0.6,0.6
fig3_risk_compensation,1053.0,0.4,0,66.00189933523266,2,8,1.75,358.0,2026725008,0.6,0.6
fig3_risk_compensation,710.0,0.4,0,76.47887323943662,2,9,1.75,167.0,2026725009,0.6,0.6
fig3_risk_compensation,773.0,0.4,0,72.05692108667529,2,10,1.75,216.0,2026725010,0.6,0.6
fig3_risk_compensation,1099.0,0.4,0,77.43403093721565,2,11,1.75,248.0,2026725011,0.6,0.6
fig3_risk_compensation,1017.0,0.4,0,76.8928220255654,2,12,1.75,235.0,2026725012,0.6,0.6
fig3_risk_compensation,910.0,0.4,0,68.9010989010989,2,13,1.75,283.0,2026725013,0.6,0.6
fig3_risk_compensation,860.0,0.4,0,65.81395348837209,2,14,1.75,294.0,2026725014,0.6,0.6
fig3_risk_compensation,876.0,0.4,0,59.24657534246575,2,15,1.75,357.0,2026725015,0.6,0.6
fig3_risk_compensation,992.0,0.4,0,71.47177419354838,2,16,1.75,283.0,2026725016,0.6,0.6
fig3_risk_compensation,848.0,0.4,0,68.98584905660377,2,17,1.75,263.0,2026725017,0.6,0.6
fig3_risk_compensation,880.0,0.4,0,73.06818181818181,2,18,1.75,237.00000000000003,2026725018,0.6,0.6
fig3_risk_compensation,661.0,0.4,0,62.481089258698944,2,19,1.75,248.0,2026725019,0.6,0.6
fig3_risk_compensation,1013.0,0.4,0,75.41954590325766,2,20,1.75,249.0,2026725020,0.6,0.6
fig3_risk_compensation,589.0,0.4,0,45.16129032258065,2,21,1.75,323.0,2026725021,0.6,0.6
fig3_risk_compensation,767.0,0.4,0,65.58018252933508,2,22,1.75,264.0,2026725022,0.6,0.6
fig3_risk_compensation,1365.0,0.4,0,80.14652014652015,2,23,1.75,271.0,2026725023,0.6,0.6
fig3_risk_compensation,737.0,0.4,0,58.208955223880594,2,24,1.75,308.0,2026725024,0.6,0.6
fig3_risk_compensation,1109.0,0.4,0,69.25157799819657,2,25,1.75,341.0,2026725025,0.6,0.6
fig3_risk_compensation,912.9999999999999,0.4,0,76.99890470974807,2,26,1.75,210.0,2026725026,0.6,0.6
fig3_risk_compensation,837.0000000000001,0.4,0,64.63560334528077,2,27,1.75,296.0,2026725027,0.6,0.6
fig3_risk_compensation,583.0,0.4,0,67.06689536878216,2,28,1.75,192.0,2026725028,0.6,0.6
fig3_risk_compensation,813.0,0.4,0,68.51168511685117,2,29,1.75,256.0,2026725029,0.6,0.6
fig3_risk_compensation,839.0,0.4,0,64.48152562574494,2,30,1.75,298.0,2026725030,0.6,0.6
fig3_risk_compensation,1123.0,0.4,0,82.10151380231522,2,31,1.75,201.0,2026725031,0.6,0.6
fig3_risk_compensation,872.0,0.4,0,73.5091743119266,2,32,1.75,231.0,2026725032,0.6,0.6
fig3_risk_compensation,876.0,0.4,0,62.10045662100457,2,33,1.75,332.0,2026725033,0.6,0.6
fig3_risk_compensation,701.0,0.4,0,65.62054208273895,2,34,1.75,240.99999999999997,2026725034,0.6,0.6
fig3_risk_compensation,754.0,0.4,0,62.73209549071618,2,35,1.75,281.0,2026725035,0.6,0.6
fig3_risk_compensation,959.0,0.4,0,76.53806047966631,2,36,1.75,224.99999999999997,2026725036,0.6,0.6
fig3_risk_compensation,705.0,0.4,0,58.723404255319146,2,37,1.75,291.0,2026725037,0.6,0.6
fig3_risk_compensation,835.9999999999999,0.4,0,66.02870813397128,2,38,1.75,284.0,2026725038,0.6,0.6
fig3_risk_compensation,593.0,0.4,0,56.492411467116355,2,39,1.75,258.0,2026725039,0.6,0.6
fig3_risk_compensation,829.0,0.4,0,72.61761158021713,2,40,1.75,227.0,2026725040,0.6,0.6
fig3_risk_compensation,974.0,0.4,0,76.28336755646818,2,41,1.75,231.0,2026725041,0.6,0.6
fig3_risk_compensation,598.0,0.4,0,47.491638795986624,2,42,1.75,314.0,2026725042,0.6,0.6
fig3_risk_compensation,613.0,0.4,0,68.35236541598695,2,43,1.75,194.0,2026725043,0.6,0.6
fig3_risk_compensation,931.0,0.4,0,64.66165413533835,2,44,1.75,329.0,2026725044,0.6,0.6
fig3_risk_compensation,910.0,0.4,0,79.89010989010988,2,45,1.75,183.0,2026725045,0.6,0.6
fig3_risk_compensation,958.0,0.4,0,62.21294363256785,2,46,1.75,362.0,2026725046,0.6,0.6
fig3_risk_compensation,818.0,0.4,0,62.836185819070906,2,47,1.75,304.0,2026725047,0.6,0.6
fig3_risk_compensation,944.0,0.4,0,73.30508474576271,2,48,1.75,252.0,2026725048,0.6,0.6
fig3_risk_compensation,841.0000000000001,0.4,0,67.06302021403093,2,49,1.75,277.0,2026725049,0.6,0.6
fig3_risk_compensation,1044.0,0.4,0,69.73180076628353,2,50,1.75,316.0,2026725050,0.6,0.6
fig3_risk_compensation,848.9999999999999,0.4,0,48.52767962308597,2,51,1.75,437.0,2026725051,0.6,0.6
fig3_risk_compensation,976.0,0.4,0,82.06967213114754,2,52,1.75,175.0,2026725052,0.6,0.6
fig3_risk_compensation,957.0,0.4,0,63.8453500522466,2,53,1.75,346.0,2026725053,0.6,0.6
fig3_risk_compensation,583.0,0.4,0,60.72041166380789,2,54,1.75,229.0,2026725054,0.6,0.6
fig3_risk_compensation,884.0000000000001,0.4,0,65.2714932126697,2,55,1.75,307.0,2026725055,0.6,0.6
fig3_risk_compensation,865.9999999999999,0.4,0,63.394919168591215,2,56,1.75,317.0,2026725056,0.6,0.6
fig3_risk_compensation,662.0,0.4,0,62.68882175226586,2,57,1.75,247.0,2026725057,0.6,0.6
fig3_risk_compensation,1168.0,0.4,0,65.1541095890411,2,58,1.75,407.0,2026725058,0.6,0.6
fig3_risk_compensation,946.9999999999999,0.4,0,75.60718057022174,2,59,1.75,231.0,2026725059,0.6,0.6
fig3_risk_compensation,970.0,0.4,0,64.63917525773196,2,60,1.75,343.0,2026725060,0.6,0.6
fig3_risk_compensation,936.0,0.4,0,77.56410256410257,2,61,1.75,210.0,2026725061,0.6,0.6
fig3_risk_compensation,752.0,0.4,0,54.920212765957444,2,62,1.75,339.0,2026725062,0.6,0.6
fig3_risk_compensation,544.0,0.4,0,48.89705882352941,2,63,1.75,278.0,2026725063,0.6,0.6
fig3_risk_compensation,942.0,0.4,0,61.146496815286625,2,64,1.75,366.0,2026725064,0.6,0.6
fig3_risk_compensation,869.9999999999999,0.4,0,72.5287356321839,2,65,1.75,239.00000000000003,2026725065,0.6,0.6
fig3_risk_compensation,583.0,0.4,0,52.14408233276158,2,66,1.75,279.0,2026725066,0.6,0.6
fig3_risk_compensation,869.9999999999999,0.4,0,61.83908045977011,2,67,1.75,332.0,2026725067,0.6,0.6
fig3_risk_compensation,774.0,0.4,0,63.82428940568475,2,68,1.75,280.0,2026725068,0.6,0.6
fig3_risk_compensation,868.0,0.4,0,70.39170506912443,2,69,1.75,257.0,2026725069,0.6,0.6
fig3_risk_compensation,940.0,0.4,0,70.42553191489361,2,70,1.75,278.0,2026725070,0.6,0.6
fig3_risk_compensation,970.0,0.4,0,62.88659793814433,2,71,1.75,360.0,2026725071,0.6,0.6
fig3_risk_compensation,850.0000000000001,0.4,0,65.52941176470588,2,72,1.75,293.0,2026725072,0.6,0.6
fig3_risk_compensation,613.0,0.4,0,66.23164763458401,2,73,1.75,206.99999999999997,2026725073,0.6,0.6
fig3_risk_compensation,631.0,0.4,0,55.467511885895405,2,74,1.75,281.0,2026725074,0.6,0.6
fig3_risk_compensation,1122.0,0.4,0,66.48841354723707,2,75,1.75,376.0,2026725075,0.6,0.6
fig3_risk_compensation,600.0,0.4,0,33.666666666666664,2,76,1.75,398.0,2026725076,0.6,0.6
fig3_risk_compensation,542.0,0.4,0,50.92250922509225,2,77,1.75,266.0,2026725077,0.6,0.6
fig3_risk_compensation,878.0,0.4,0,60.02277904328018,2,78,1.75,351.0,2026725078,0.6,0.6
fig3_risk_compensation,789.0,0.4,0,62.73764258555133,2,79,1.75,294.0,2026725079,0.6,0.6
fig3_risk_compensation,689.0,0.4,0,71.8432510885341,2,80,1.75,194.0,2026725080,0.6,0.6
fig3_risk_compensation,905.0000000000001,0.4,0,65.0828729281768,2,81,1.75,316.0,2026725081,0.6,0.6
fig3_risk_compensation,856.0,0.4,0,62.967289719626166,2,82,1.75,317.0,2026725082,0.6,0.6
fig3_risk_compensation,615.0,0.4,0,54.796747967479675,2,83,1.75,278.0,2026725083,0.6,0.6
fig3_risk_compensation,698.0,0.4,0,65.7593123209169,2,84,1.75,239.00000000000003,2026725084,0.6,0.6
fig3_risk_compensation,757.0,0.4,0,71.86261558784676,2,85,1.75,213.0,2026725085,0.6,0.6
fig3_risk_compensation,1247.0,0.4,0,74.89975942261428,2,86,1.75,313.0,2026725086,0.6,0.6
fig3_risk_compensation,514.0,0.4,0,54.86381322957198,2,87,1.75,232.0,2026725087,0.6,0.6
fig3_risk_compensation,1268.0,0.4,0,81.62460567823344,2,88,1.75,233.0,2026725088,0.6,0.6
fig3_risk_compensation,912.9999999999999,0.4,0,64.18400876232201,2,89,1.75,327.0,2026725089,0.6,0.6
fig3_risk_compensation,1325.0,0.4,0,68.37735849056604,2,90,1.75,419.0,2026725090,0.6,0.6
fig3_risk_compensation,722.0,0.4,0,45.15235457063712,2,91,1.75,396.0,2026725091,0.6,0.6
fig3_risk_compensation,807.0000000000001,0.4,0,62.08178438661711,2,92,1.75,306.0,2026725092,0.6,0.6
fig3_risk_compensation,846.0,0.4,0,74.46808510638297,2,93,1.75,216.0,2026725093,0.6,0.6
fig3_risk_compensation,773.0,0.4,0,73.22121604139716,2,94,1.75,206.99999999999997,2026725094,0.6,0.6
fig3_risk_compensation,1178.0,0.4,0,75.80645161290323,2,95,1.75,285.0,2026725095,0.6,0.6
fig3_risk_compensation,679.0,0.4,0,60.824742268041234,2,96,1.75,266.0,2026725096,0.6,0.6
fig3_risk_compensation,655.0,0.4,0,60.76335877862596,2,97,1.75,257.0,2026725097,0.6,0.6
fig3_risk_compensation,1053.0,0.4,0,73.40930674264007,2,98,1.75,280.0,2026725098,0.6,0.6
fig3_risk_compensation,654.0,0.4,0,53.669724770642205,2,99,1.75,303.0,2026725099,0.6,0.6
fig3_risk_compensation,596.0,0.4,0,57.38255033557047,2,0,1.75,254.00000000000003,2026727000,0.9,0.9
fig3_risk_compensation,682.0,0.4,0,71.55425219941348,2,1,1.75,194.0,2026727001,0.9,0.9
fig3_risk_compensation,728.0,0.4,0,81.45604395604396,2,2,1.75,135.0,2026727002,0.9,0.9
fig3_risk_compensation,1289.0,0.4,0,83.63072148952676,2,3,1.75,211.0,2026727003,0.9,0.9
fig3_risk_compensation,756.0,0.4,0,68.25396825396825,2,4,1.75,239.99999999999997,2026727004,0.9,0.9
fig3_risk_compensation,658.0,0.4,0,68.9969604863222,2,5,1.75,204.00000000000003,2026727005,0.9,0.9
fig3_risk_compensation,754.0,0.4,0,76.52519893899205,2,6,1.75,177.0,2026727006,0.9,0.9
fig3_risk_compensation,692.0,0.4,0,78.03468208092485,2,7,1.75,152.0,2026727007,0.9,0.9
fig3_risk_compensation,1217.0,0.4,0,87.42810188989318,2,8,1.75,153.0,2026727008,0.9,0.9
fig3_risk_compensation,1007.0000000000001,0.4,0,80.23833167825224,2,9,1.75,199.0,2026727009,0.9,0.9
fig3_risk_compensation,796.0,0.4,0,74.87437185929649,2,10,1.75,200.0,2026727010,0.9,0.9
fig3_risk_compensation,974.0,0.4,0,85.21560574948666,2,11,1.75,144.0,2026727011,0.9,0.9
fig3_risk_compensation,909.0000000000001,0.4,0,82.17821782178218,2,12,1.75,162.0,2026727012,0.9,0.9
fig3_risk_compensation,992.0,0.4,0,79.53629032258064,2,13,1.75,203.0,2026727013,0.9,0.9
fig3_risk_compensation,1151.0,0.4,0,85.83840139009557,2,14,1.75,163.0,2026727014,0.9,0.9
fig3_risk_compensation,621.0,0.4,0,73.91304347826087,2,15,1.75,162.0,2026727015,0.9,0.9
fig3_risk_compensation,609.0,0.4,0,58.29228243021346,2,16,1.75,254.00000000000003,2026727016,0.9,0.9
fig3_risk_compensation,680.0,0.4,0,75.44117647058823,2,17,1.75,167.0,2026727017,0.9,0.9
fig3_risk_compensation,766.0,0.4,0,81.8537859007833,2,18,1.75,139.0,2026727018,0.9,0.9
fig3_risk_compensation,681.0,0.4,0,75.91776798825256,2,19,1.75,164.0,2026727019,0.9,0.9
fig3_risk_compensation,805.0,0.4,0,80.24844720496894,2,20,1.75,159.0,2026727020,0.9,0.9
fig3_risk_compensation,795.0,0.4,0,70.44025157232704,2,21,1.75,235.0,2026727021,0.9,0.9
fig3_risk_compensation,702.0,0.4,0,73.5042735042735,2,22,1.75,186.0,2026727022,0.9,0.9
fig3_risk_compensation,808.0,0.4,0,83.53960396039604,2,23,1.75,133.0,2026727023,0.9,0.9
fig3_risk_compensation,530.0,0.4,0,72.0754716981132,2,24,1.75,148.0,2026727024,0.9,0.9
fig3_risk_compensation,669.0,0.4,0,73.69207772795217,2,25,1.75,176.0,2026727025,0.9,0.9
fig3_risk_compensation,584.0,0.4,0,72.6027397260274,2,26,1.75,160.0,2026727026,0.9,0.9
fig3_risk_compensation,703.0,0.4,0,74.11095305832148,2,27,1.75,182.0,2026727027,0.9,0.9
fig3_risk_compensation,710.0,0.4,0,71.69014084507042,2,28,1.75,201.0,2026727028,0.9,0.9
fig3_risk_compensation,966.0,0.4,0,77.01863354037268,2,29,1.75,222.00000000000003,2026727029,0.9,0.9
fig3_risk_compensation,1075.0,0.4,0,83.53488372093024,2,30,1.75,177.0,2026727030,0.9,0.9
fig3_risk_compensation,988.0,0.4,0,81.07287449392713,2,31,1.75,187.0,2026727031,0.9,0.9
fig3_risk_compensation,761.0,0.4,0,79.23784494086728,2,32,1.75,158.0,2026727032,0.9,0.9
fig3_risk_compensation,874.0,0.4,0,67.3913043478261,2,33,1.75,285.0,2026727033,0.9,0.9
fig3_risk_compensation,831.0,0.4,0,85.1985559566787,2,34,1.75,123.0,2026727034,0.9,0.9
fig3_risk_compensation,763.0,0.4,0,75.36041939711664,2,35,1.75,188.0,2026727035,0.9,0.9
fig3_risk_compensation,646.0,0.4,0,67.49226006191951,2,36,1.75,210.0,2026727036,0.9,0.9
fig3_risk_compensation,1177.0,0.4,0,87.34069668649109,2,37,1.75,149.0,2026727037,0.9,0.9
fig3_risk_compensation,809.0,0.4,0,70.95179233621755,2,38,1.75,235.0,2026727038,0.9,0.9
fig3_risk_compensation,978.0,0.4,0,71.06339468302659,2,39,1.75,283.0,2026727039,0.9,0.9
fig3_risk_compensation,812.0,0.4,0,85.96059113300493,2,40,1.75,114.0,2026727040,0.9,0.9
fig3_risk_compensation,755.0,0.4,0,85.43046357615894,2,41,1.75,110.0,2026727041,0.9,0.9
fig3_risk_compensation,892.0000000000001,0.4,0,77.69058295964126,2,42,1.75,199.0,2026727042,0.9,0.9
fig3_risk_compensation,746.0,0.4,0,74.39678284182305,2,43,1.75,191.0,2026727043,0.9,0.9
fig3_risk_compensation,886.0,0.4,0,72.00902934537245,2,44,1.75,248.0,2026727044,0.9,0.9
fig3_risk_compensation,839.0,0.4,0,83.79022646007151,2,45,1.75,136.0,2026727045,0.9,0.9
fig3_risk_compensation,982.0000000000001,0.4,0,84.41955193482688,2,46,1.75,153.0,2026727046,0.9,0.9
fig3_risk_compensation,777.0,0.4,0,83.65508365508366,2,47,1.75,127.00000000000001,2026727047,0.9,0.9
fig3_risk_compensation,685.0,0.4,0,67.88321167883211,2,48,1.75,220.0,2026727048,0.9,0.9
fig3_risk_compensation,732.0,0.4,0,78.55191256830601,2,49,1.75,157.0,2026727049,0.9,0.9
fig3_risk_compensation,826.0,0.4,0,72.88135593220339,2,50,1.75,223.99999999999997,2026727050,0.9,0.9
fig3_risk_compensation,872.0,0.4,0,83.94495412844037,2,51,1.75,140.0,2026727051,0.9,0.9
fig3_risk_compensation,852.0,0.4,0,84.15492957746478,2,52,1.75,135.0,2026727052,0.9,0.9
fig3_risk_compensation,730.0,0.4,0,74.52054794520548,2,53,1.75,186.0,2026727053,0.9,0.9
fig3_risk_compensation,809.0,0.4,0,79.72805933250928,2,54,1.75,164.0,2026727054,0.9,0.9
fig3_risk_compensation,760.0,0.4,0,82.23684210526316,2,55,1.75,135.0,2026727055,0.9,0.9
fig3_risk_compensation,667.0,0.4,0,61.91904047976012,2,56,1.75,254.00000000000003,2026727056,0.9,0.9
fig3_risk_compensation,707.0,0.4,0,70.86280056577087,2,57,1.75,206.00000000000003,2026727057,0.9,0.9
fig3_risk_compensation,957.0,0.4,0,85.99791013584117,2,58,1.75,134.0,2026727058,0.9,0.9
fig3_risk_compensation,644.0,0.4,0,69.25465838509317,2,59,1.75,198.0,2026727059,0.9,0.9
fig3_risk_compensation,997.9999999999999,0.4,0,80.76152304609218,2,60,1.75,192.0,2026727060,0.9,0.9
fig3_risk_compensation,620.0,0.4,0,68.70967741935483,2,61,1.75,194.0,2026727061,0.9,0.9
fig3_risk_compensation,762.0,0.4,0,70.73490813648294,2,62,1.75,223.00000000000003,2026727062,0.9,0.9
fig3_risk_compensation,573.0,0.4,0,70.68062827225131,2,63,1.75,168.0,2026727063,0.9,0.9
fig3_risk_compensation,1048.0,0.4,0,83.3969465648855,2,64,1.75,174.0,2026727064,0.9,0.9
fig3_risk_compensation,514.0,0.4,0,52.91828793774319,2,65,1.75,241.99999999999997,2026727065,0.9,0.9
fig3_risk_compensation,1049.0,0.4,0,88.6558627264061,2,66,1.75,119.00000000000001,2026727066,0.9,0.9
fig3_risk_compensation,757.0,0.4,0,74.24042272126816,2,67,1.75,195.0,2026727067,0.9,0.9
fig3_risk_compensation,905.0000000000001,0.4,0,78.78453038674034,2,68,1.75,192.0,2026727068,0.9,0.9
fig3_risk_compensation,1003.0000000000001,0.4,0,85.84247258225325,2,69,1.75,142.0,2026727069,0.9,0.9
fig3_risk_compensation,890.0,0.4,0,83.70786516853933,2,70,1.75,145.0,2026727070,0.9,0.9
fig3_risk_compensation,878.0,0.4,0,69.13439635535308,2,71,1.75,271.0,2026727071,0.9,0.9
fig3_risk_compensation,675.0,0.4,0,60.888888888888886,2,72,1.75,264.0,2026727072,0.9,0.9
fig3_risk_compensation,649.0,0.4,0,70.57010785824345,2,73,1.75,191.0,2026727073,0.9,0.9
fig3_risk_compensation,1020.0000000000001,0.4,0,87.25490196078432,2,74,1.75,130.0,2026727074,0.9,0.9
fig3_risk_compensation,1096.0,0.4,0,89.32481751824818,2,75,1.75,117.0,2026727075,0.9,0.9
fig3_risk_compensation,784.0,0.4,0,75.51020408163265,2,76,1.75,192.0,2026727076,0.9,0.9
fig3_risk_compensation,755.0,0.4,0,76.29139072847683,2,77,1.75,179.0,2026727077,0.9,0.9
fig3_risk_compensation,1017.0,0.4,0,78.76106194690266,2,78,1.75,216.0,2026727078,0.9,0.9
fig3_risk_compensation,662.0,0.4,0,61.17824773413897,2,79,1.75,257.0,2026727079,0.9,0.9
fig3_risk_compensation,914.0,0.4,0,83.36980306345733,2,80,1.75,152.0,2026727080,0.9,0.9
fig3_risk_compensation,778.0,0.4,0,72.87917737789203,2,81,1.75,211.0,2026727081,0.9,0.9
fig3_risk_compensation,503.0,0.4,0,60.834990059642145,2,82,1.75,197.0,2026727082,0.9,0.9
fig3_risk_compensation,786.0000000000001,0.4,0,71.88295165394403,2,83,1.75,221.00000000000003,2026727083,0.9,0.9
fig3_risk_compensation,827.9999999999999,0.4,0,85.02415458937197,2,84,1.75,124.0,2026727084,0.9,0.9
fig3_risk_compensation,831.0,0.4,0,77.85800240673886,2,85,1.75,184.0,2026727085,0.9,0.9
fig3_risk_compensation,867.0000000000001,0.4,0,72.77970011534026,2,86,1.75,236.0,2026727086,0.9,0.9
fig3_risk_compensation,1201.0,0.4,0,83.76353039134055,2,87,1.75,195.0,2026727087,0.9,0.9
fig3_risk_compensation,564.0,0.4,0,71.63120567375887,2,88,1.75,160.0,2026727088,0.9,0.9
fig3_risk_compensation,619.0,0.4,0,69.95153473344104,2,89,1.75,186.0,2026727089,0.9,0.9
fig3_risk_compensation,929.9999999999999,0.4,0,79.35483870967741,2,90,1.75,192.0,2026727090,0.9,0.9
fig3_risk_compensation,736.0,0.4,0,77.03804347826087,2,91,1.75,169.0,2026727091,0.9,0.9
fig3_risk_compensation,1096.0,0.4,0,79.1970802919708,2,92,1.75,228.0,2026727092,0.9,0.9
fig3_risk_compensation,672.0,0.4,0,75.0,2,93,1.75,168.0,2026727093,0.9,0.9
fig3_risk_compensation,1075.0,0.4,0,89.95348837209302,2,94,1.75,108.0,2026727094,0.9,0.9
fig3_risk_compensation,792.0,0.4,0,82.57575757575758,2,95,1.75,138.0,2026727095,0.9,0.9
fig3_risk_compensation,933.9999999999999,0.4,0,80.62098501070663,2,96,1.75,181.0,2026727096,0.9,0.9
fig3_risk_compensation,897.0,0.4,0,83.27759197324414,2,97,1.75,150.0,2026727097,0.9,0.9
fig3_risk_compensation,753.0,0.4,0,77.02523240371846,2,98,1.75,173.0,2026727098,0.9,0.9
fig3_risk_compensation,806.0,0.4,0,87.09677419354838,2,99,1.75,103.99999999999999,2026727099,0.9,0.9
fig3_risk_compensation,729.0,0.4,0,41.152263374485585,2,0,1.75,429.00000000000006,2026724000,0.44999999999999996,0.44999999999999996
fig3_risk_compensation,876.0,0.4,0,34.70319634703196,2,1,1.75,572.0,2026724001,0.44999999999999996,0.44999999999999996
fig3_risk_compensation,950.0,0.4,0,66.0,2,2,1.75,323.0,2026724002,0.44999999999999996,0.44999999999999996
fig3_risk_compensation,967.0,0.4,0,60.80661840744571,2,3,1.75,379.0,2026724003,0.44999999999999996,0.44999999999999996
fig3_risk_compensation,725.0,0.4,0,52.689655172413794,2,4,1.75,343.0,2026724004,0.44999999999999996,0.44999999999999996
fig3_risk_compensation,953.0,0.4,0,50.05246589716683,2,5,1.75,476.00000000000006,2026724005,0.44999999999999996,0.44999999999999996
fig3_risk_compensation,1101.0,0.4,0,65.66757493188011,2,6,1.75,378.0,2026724006,0.44999999999999996,0.44999999999999996
fig3_risk_compensation,871.0000000000001,0.4,0,40.64293915040185,2,7,1.75,517.0,2026724007,0.44999999999999996,0.44999999999999996
fig3_risk_compensation,682.0,0.4,0,17.59530791788856,2,8,1.75,562.0,2026724008,0.44999999999999996,0.44999999999999996
fig3_risk_compensation,766.0,0.4,0,44.51697127937336,2,9,1.75,425.00000000000006,2026724009,0.44999999999999996,0.44999999999999996
fig3_risk_compensation,869.9999999999999,0.4,0,46.091954022988496,2,10,1.75,469.0,2026724010,0.44999999999999996,0.44999999999999996
fig3_risk_compensation,863.0,0.4,0,38.58632676709154,2,11,1.75,530.0,2026724011,0.44999999999999996,0.44999999999999996
fig3_risk_compensation,630.0,0.4,0,25.714285714285715,2,12,1.75,468.0,2026724012,0.44999999999999996,0.44999999999999996
fig3_risk_compensation,570.0,0.4,0,30.7017543859649,2,13,1.75,395.00000000000006,2026724013,0.44999999999999996,0.44999999999999996
fig3_risk_compensation,732.0,0.4,0,36.885245901639344,2,14,1.75,462.0,2026724014,0.44999999999999996,0.44999999999999996
fig3_risk_compensation,761.0,0.4,0,57.29303547963206,2,15,1.75,325.0,2026724015,0.44999999999999996,0.44999999999999996
fig3_risk_compensation,876.0,0.4,0,59.36073059360731,2,16,1.75,356.0,2026724016,0.44999999999999996,0.44999999999999996
fig3_risk_compensation,587.0,0.4,0,35.945485519591145,2,17,1.75,376.0,2026724017,0.44999999999999996,0.44999999999999996
fig3_risk_compensation,1110.0,0.4,0,68.55855855855856,2,18,1.75,349.0,2026724018,0.44999999999999996,0.44999999999999996
fig3_risk_compensation,1028.0,0.4,0,63.81322957198444,2,19,1.75,372.0,2026724019,0.44999999999999996,0.44999999999999996
fig3_risk_compensation,770.0,0.4,0,55.1948051948052,2,20,1.75,345.0,2026724020,0.44999999999999996,0.44999999999999996
fig3_risk_compensation,1098.0,0.4,0,68.30601092896175,2,21,1.75,348.0,2026724021,0.44999999999999996,0.44999999999999996
fig3_risk_compensation,612.0,0.4,0,34.477124183006545,2,22,1.75,400.99999999999994,2026724022,0.44999999999999996,0.44999999999999996
fig3_risk_compensation,741.0,0.4,0,53.84615384615385,2,23,1.75,342.0,2026724023,0.44999999999999996,0.44999999999999996
fig3_risk_compensation,765.0,0.4,0,53.8562091503268,2,24,1.75,353.0,2026724024,0.44999999999999996,0.44999999999999996
fig3_risk_compensation,922.0000000000001,0.4,0,66.70281995661605,2,25,1.75,307.0,2026724025,0.44999999999999996,0.44999999999999996
fig3_risk_compensation,1034.0,0.4,0,63.05609284332689,2,26,1.75,382.0,2026724026,0.44999999999999996,0.44999999999999996
fig3_risk_compensation,886.0,0.4,0,43.67945823927766,2,27,1.75,498.99999999999994,2026724027,0.44999999999999996,0.44999999999999996
fig3_risk_compensation,684.0,0.4,0,42.39766081871345,2,28,1.75,394.0,2026724028,0.44999999999999996,0.44999999999999996
fig3_risk_compensation,1053.0,0.4,0,74.73884140550807,2,29,1.75,266.0,2026724029,0.44999999999999996,0.44999999999999996
fig3_risk_compensation,910.0,0.4,0,46.7032967032967,2,30,1.75,485.0,2026724030,0.44999999999999996,0.44999999999999996
fig3_risk_compensation,971.0,0.4,0,51.28733264675592,2,31,1.75,473.0,2026724031,0.44999999999999996,0.44999999999999996
fig3_risk_compensation,830.0,0.4,0,59.75903614457831,2,32,1.75,334.0,2026724032,0.44999999999999996,0.44999999999999996
fig3_risk_compensation,513.0,0.4,0,22.417153996101366,2,33,1.75,398.0,2026724033,0.44999999999999996,0.44999999999999996
fig3_risk_compensation,911.0,0.4,0,61.909989023051594,2,34,1.75,347.0,2026724034,0.44999999999999996,0.44999999999999996
fig3_risk_compensation,657.0,0.4,0,40.18264840182648,2,35,1.75,393.00000000000006,2026724035,0.44999999999999996,0.44999999999999996
fig3_risk_compensation,1014.0,0.4,0,68.63905325443787,2,36,1.75,318.0,2026724036,0.44999999999999996,0.44999999999999996
fig3_risk_compensation,795.0,0.4,0,27.79874213836478,2,37,1.75,574.0,2026724037,0.44999999999999996,0.44999999999999996
fig3_risk_compensation,642.0,0.4,0,52.49221183800623,2,38,1.75,305.0,2026724038,0.44999999999999996,0.44999999999999996
fig3_risk_compensation,355.0,0.4,0,34.36619718309859,2,39,1.75,233.0,2026724039,0.44999999999999996,0.44999999999999996
fig3_risk_compensation,916.9999999999999,0.4,0,48.09160305343511,2,40,1.75,476.00000000000006,2026724040,0.44999999999999996,0.44999999999999996
fig3_risk_compensation,634.0,0.4,0,38.958990536277604,2,41,1.75,387.0,2026724041,0.44999999999999996,0.44999999999999996
fig3_risk_compensation,738.0,0.4,0,36.991869918699194,2,42,1.75,464.99999999999994,2026724042,0.44999999999999996,0.44999999999999996
fig3_risk_compensation,779.0,0.4,0,34.91655969191271,2,43,1.75,507.0,2026724043,0.44999999999999996,0.44999999999999996
fig3_risk_compensation,1156.0,0.4,0,73.52941176470588,2,44,1.75,306.0,2026724044,0.44999999999999996,0.44999999999999996
fig3_risk_compensation,645.0,0.4,0,41.55038759689923,2,45,1.75,377.0,2026724045,0.44999999999999996,0.44999999999999996
fig3_risk_compensation,682.0,0.4,0,41.935483870967744,2,46,1.75,396.0,2026724046,0.44999999999999996,0.44999999999999996
fig3_risk_compensation,918.0000000000001,0.4,0,56.97167755991285,2,47,1.75,395.00000000000006,2026724047,0.44999999999999996,0.44999999999999996
fig3_risk_compensation,1181.0,0.4,0,52.413209144792546,2,48,1.75,562.0,2026724048,0.44999999999999996,0.44999999999999996
fig3_risk_compensation,706.0,0.4,0,44.33427762039659,2,49,1.75,393.00000000000006,2026724049,0.44999999999999996,0.44999999999999996
fig3_risk_compensation,1172.0,0.4,0,73.29351535836177,2,50,1.75,313.0,2026724050,0.44999999999999996,0.44999999999999996
fig3_risk_compensation,746.0,0.4,0,40.482573726541546,2,51,1.75,444.00000000000006,2026724051,0.44999999999999996,0.44999999999999996
fig3_risk_compensation,829.0,0.4,0,39.80699638118216,2,52,1.75,498.99999999999994,2026724052,0.44999999999999996,0.44999999999999996
fig3_risk_compensation,851.0,0.4,0,68.97767332549941,2,53,1.75,264.0,2026724053,0.44999999999999996,0.44999999999999996
fig3_risk_compensation,818.0,0.4,0,56.11246943765281,2,54,1.75,359.0,2026724054,0.44999999999999996,0.44999999999999996
fig3_risk_compensation,829.0,0.4,0,46.92400482509047,2,55,1.75,440.0,2026724055,0.44999999999999996,0.44999999999999996
fig3_risk_compensation,1202.0,0.4,0,65.89018302828619,2,56,1.75,410.00000000000006,2026724056,0.44999999999999996,0.44999999999999996
fig3_risk_compensation,481.0,0.4,0,54.67775467775468,2,57,1.75,218.0,2026724057,0.44999999999999996,0.44999999999999996
fig3_risk_compensation,660.0,0.4,0,33.93939393939394,2,58,1.75,436.0,2026724058,0.44999999999999996,0.44999999999999996
fig3_risk_compensation,712.0,0.4,0,45.78651685393258,2,59,1.75,386.0,2026724059,0.44999999999999996,0.44999999999999996
fig3_risk_compensation,990.0000000000001,0.4,0,69.0909090909091,2,60,1.75,306.0,2026724060,0.44999999999999996,0.44999999999999996
fig3_risk_compensation,791.0,0.4,0,31.731984829329964,2,61,1.75,540.0,2026724061,0.44999999999999996,0.44999999999999996
fig3_risk_compensation,957.0,0.4,0,50.9926854754441,2,62,1.75,469.0,2026724062,0.44999999999999996,0.44999999999999996
fig3_risk_compensation,827.9999999999999,0.4,0,44.80676328502415,2,63,1.75,457.0,2026724063,0.44999999999999996,0.44999999999999996
fig3_risk_compensation,607.0,0.4,0,36.24382207578254,2,64,1.75,387.0,2026724064,0.44999999999999996,0.44999999999999996
fig3_risk_compensation,670.0,0.4,0,58.507462686567166,2,65,1.75,278.0,2026724065,0.44999999999999996,0.44999999999999996
fig3_risk_compensation,674.0,0.4,0,51.3353115727003,2,66,1.75,328.0,2026724066,0.44999999999999996,0.44999999999999996
fig3_risk_compensation,948.0000000000001,0.4,0,64.13502109704642,2,67,1.75,340.0,2026724067,0.44999999999999996,0.44999999999999996
fig3_risk_compensation,984.0,0.4,0,58.94308943089431,2,68,1.75,404.0,2026724068,0.44999999999999996,0.44999999999999996
fig3_risk_compensation,872.0,0.4,0,58.027522935779814,2,69,1.75,366.0,2026724069,0.44999999999999996,0.44999999999999996
fig3_risk_compensation,710.0,0.4,0,50.140845070422536,2,70,1.75,354.0,2026724070,0.44999999999999996,0.44999999999999996
fig3_risk_compensation,735.0,0.4,0,33.333333333333336,2,71,1.75,490.0,2026724071,0.44999999999999996,0.44999999999999996
fig3_risk_compensation,612.0,0.4,0,34.31372549019608,2,72,1.75,402.0,2026724072,0.44999999999999996,0.44999999999999996
fig3_risk_compensation,953.0,0.4,0,70.61909758656873,2,73,1.75,280.0,2026724073,0.44999999999999996,0.44999999999999996
fig3_risk_compensation,1155.0,0.4,0,59.65367965367965,2,74,1.75,466.0,2026724074,0.44999999999999996,0.44999999999999996
fig3_risk_compensation,903.0,0.4,0,40.97452934662237,2,75,1.75,533.0,2026724075,0.44999999999999996,0.44999999999999996
fig3_risk_compensation,1016.0000000000001,0.4,0,49.70472440944883,2,76,1.75,511.0,2026724076,0.44999999999999996,0.44999999999999996
fig3_risk_compensation,825.0,0.4,0,54.666666666666664,2,77,1.75,374.0,2026724077,0.44999999999999996,0.44999999999999996
fig3_risk_compensation,731.0,0.4,0,45.69083447332422,2,78,1.75,396.99999999999994,2026724078,0.44999999999999996,0.44999999999999996
fig3_risk_compensation,837.0000000000001,0.4,0,56.86977299880527,2,79,1.75,361.0,2026724079,0.44999999999999996,0.44999999999999996
fig3_risk_compensation,674.0,0.4,0,40.35608308605341,2,80,1.75,402.0,2026724080,0.44999999999999996,0.44999999999999996
fig3_risk_compensation,824.0000000000001,0.4,0,48.05825242718448,2,81,1.75,428.0,2026724081,0.44999999999999996,0.44999999999999996
fig3_risk_compensation,1295.0,0.4,0,73.35907335907336,2,82,1.75,345.0,2026724082,0.44999999999999996,0.44999999999999996
fig3_risk_compensation,791.0,0.4,0,36.15676359039191,2,83,1.75,505.0,2026724083,0.44999999999999996,0.44999999999999996
fig3_risk_compensation,1292.0,0.4,0,52.94117647058823,2,84,1.75,608.0,2026724084,0.44999999999999996,0.44999999999999996
fig3_risk_compensation,932.0,0.4,0,68.77682403433477,2,85,1.75,291.0,2026724085,0.44999999999999996,0.44999999999999996
fig3_risk_compensation,970.0,0.4,0,66.08247422680412,2,86,1.75,329.0,2026724086,0.44999999999999996,0.44999999999999996
fig3_risk_compensation,662.0,0.4,0,52.11480362537765,2,87,1.75,317.0,2026724087,0.44999999999999996,0.44999999999999996
fig3_risk_compensation,634.0,0.4,0,24.921135646687688,2,88,1.75,476.00000000000006,2026724088,0.44999999999999996,0.44999999999999996
fig3_risk_compensation,643.0,0.4,0,43.2348367029549,2,89,1.75,365.0,2026724089,0.44999999999999996,0.44999999999999996
fig3_risk_compensation,852.0,0.4,0,59.624413145539904,2,90,1.75,344.0,2026724090,0.44999999999999996,0.44999999999999996
fig3_risk_compensation,1051.0,0.4,0,59.372026641294006,2,91,1.75,427.00000000000006,2026724091,0.44999999999999996,0.44999999999999996
fig3_risk_compensation,744.0,0.4,0,54.56989247311828,2,92,1.75,338.0,2026724092,0.44999999999999996,0.44999999999999996
fig3_risk_compensation,688.0,0.4,0,41.27906976744186,2,93,1.75,404.0,2026724093,0.44999999999999996,0.44999999999999996
fig3_risk_compensation,757.0,0.4,0,54.689564068692206,2,94,1.75,343.0,2026724094,0.44999999999999996,0.44999999999999996
fig3_risk_compensation,477.0,0.4,0,29.769392033542978,2,95,1.75,335.0,2026724095,0.44999999999999996,0.44999999999999996
fig3_risk_compensation,1008.0,0.4,0,48.11507936507937,2,96,1.75,523.0,2026724096,0.44999999999999996,0.44999999999999996
fig3_risk_compensation,967.0,0.4,0,51.913133402275086,2,97,1.75,464.99999999999994,2026724097,0.44999999999999996,0.44999999999999996
fig3_risk_compensation,812.0,0.4,0,25.738916256157637,2,98,1.75,603.0,2026724098,0.44999999999999996,0.44999999999999996
fig3_risk_compensation,955.0,0.4,0,53.717277486910994,2,99,1.75,442.00000000000006,2026724099,0.44999999999999996,0.44999999999999996
fig3_risk_compensation,694.0,0.4,0,22.910662824207492,2,0,1.75,535.0,2026723000,0.3,0.3
fig3_risk_compensation,687.0,0.4,0,13.537117903930131,2,1,1.75,594.0,2026723001,0.3,0.3
fig3_risk_compensation,813.0,0.4,0,37.88437884378844,2,2,1.75,505.0,2026723002,0.3,0.3
fig3_risk_compensation,694.0,0.4,0,4.178674351585014,2,3,1.75,665.0,2026723003,0.3,0.3
fig3_risk_compensation,873.0,0.4,0,56.47193585337915,2,4,1.75,380.0,2026723004,0.3,0.3
fig3_risk_compensation,1043.0,0.4,0,28.954937679769895,2,5,1.75,741.0,2026723005,0.3,0.3
fig3_risk_compensation,1001.9999999999999,0.4,0,11.976047904191606,2,6,1.75,882.0,2026723006,0.3,0.3
fig3_risk_compensation,860.0,0.4,0,44.65116279069767,2,7,1.75,476.00000000000006,2026723007,0.3,0.3
fig3_risk_compensation,931.0,0.4,0,25.99355531686359,2,8,1.75,689.0,2026723008,0.3,0.3
fig3_risk_compensation,833.0000000000001,0.4,0,-5.402160864345724,2,9,1.75,878.0,2026723009,0.3,0.3
fig3_risk_compensation,498.99999999999994,0.4,0,7.414829659318627,2,10,1.75,462.0,2026723010,0.3,0.3
fig3_risk_compensation,842.0,0.4,0,33.8479809976247,2,11,1.75,557.0,2026723011,0.3,0.3
fig3_risk_compensation,882.9999999999999,0.4,0,21.064552661381644,2,12,1.75,697.0,2026723012,0.3,0.3
fig3_risk_compensation,673.0,0.4,0,14.115898959881129,2,13,1.75,578.0,2026723013,0.3,0.3
fig3_risk_compensation,780.0,0.4,0,30.256410256410255,2,14,1.75,544.0,2026723014,0.3,0.3
fig3_risk_compensation,680.0,0.4,0,5.147058823529412,2,15,1.75,645.0,2026723015,0.3,0.3
fig3_risk_compensation,808.0,0.4,0,22.77227722772277,2,16,1.75,624.0,2026723016,0.3,0.3
fig3_risk_compensation,787.0,0.4,0,15.374841168996188,2,17,1.75,666.0,2026723017,0.3,0.3
fig3_risk_compensation,781.0,0.4,0,3.4571062740076823,2,18,1.75,754.0,2026723018,0.3,0.3
fig3_risk_compensation,822.0,0.4,0,51.45985401459855,2,19,1.75,398.99999999999994,2026723019,0.3,0.3
fig3_risk_compensation,779.0,0.4,0,24.261874197689345,2,20,1.75,590.0,2026723020,0.3,0.3
fig3_risk_compensation,868.0,0.4,0,52.88018433179724,2,21,1.75,409.0,2026723021,0.3,0.3
fig3_risk_compensation,1075.0,0.4,0,2.9767441860465116,2,22,1.75,1043.0,2026723022,0.3,0.3
fig3_risk_compensation,987.0,0.4,0,4.964539007092198,2,23,1.75,938.0,2026723023,0.3,0.3
fig3_risk_compensation,625.0,0.4,0,-3.36,2,24,1.75,646.0,2026723024,0.3,0.3
fig3_risk_compensation,969.0000000000001,0.4,0,30.44375644994841,2,25,1.75,674.0,2026723025,0.3,0.3
fig3_risk_compensation,812.0,0.4,0,20.19704433497537,2,26,1.75,648.0,2026723026,0.3,0.3
fig3_risk_compensation,625.0,0.4,0,-34.88,2,27,1.75,843.0,2026723027,0.3,0.3
fig3_risk_compensation,860.0,0.4,0,49.88372093023256,2,28,1.75,430.99999999999994,2026723028,0.3,0.3
fig3_risk_compensation,638.0,0.4,0,-18.495297805642632,2,29,1.75,756.0,2026723029,0.3,0.3
fig3_risk_compensation,748.0,0.4,0,-21.79144385026738,2,30,1.75,911.0,2026723030,0.3,0.3
fig3_risk_compensation,822.0,0.4,0,23.114355231143552,2,31,1.75,632.0,2026723031,0.3,0.3
fig3_risk_compensation,854.0000000000001,0.4,0,40.28103044496488,2,32,1.75,510.00000000000006,2026723032,0.3,0.3
fig3_risk_compensation,826.0,0.4,0,22.5181598062954,2,33,1.75,640.0,2026723033,0.3,0.3
fig3_risk_compensation,790.0000000000001,0.4,0,25.822784810126592,2,34,1.75,586.0,2026723034,0.3,0.3
fig3_risk_compensation,1040.0,0.4,0,9.903846153846153,2,35,1.75,937.0,2026723035,0.3,0.3
fig3_risk_compensation,633.0,0.4,0,18.64139020537125,2,36,1.75,515.0,2026723036,0.3,0.3
fig3_risk_compensation,678.0,0.4,0,-4.424778761061947,2,37,1.75,708.0,2026723037,0.3,0.3
fig3_risk_compensation,590.0,0.4,0,-8.983050847457626,2,38,1.75,643.0,2026723038,0.3,0.3
fig3_risk_compensation,1140.0,0.4,0,59.21052631578947,2,39,1.75,464.99999999999994,2026723039,0.3,0.3
fig3_risk_compensation,961.0,0.4,0,58.168574401664934,2,40,1.75,402.0,2026723040,0.3,0.3
fig3_risk_compensation,711.0,0.4,0,-15.049226441631506,2,41,1.75,818.0,2026723041,0.3,0.3
fig3_risk_compensation,872.0,0.4,0,-6.651376146788978,2,42,1.75,929.9999999999999,2026723042,0.3,0.3
fig3_risk_compensation,868.0,0.4,0,26.267281105990783,2,43,1.75,640.0,2026723043,0.3,0.3
fig3_risk_compensation,966.0,0.4,0,25.36231884057971,2,44,1.75,721.0,2026723044,0.3,0.3
fig3_risk_compensation,844.9999999999999,0.4,0,17.27810650887573,2,45,1.75,699.0,2026723045,0.3,0.3
fig3_risk_compensation,859.0,0.4,0,42.37485448195575,2,46,1.75,495.00000000000006,2026723046,0.3,0.3
fig3_risk_compensation,1018.0,0.4,0,41.74852652259332,2,47,1.75,593.0,2026723047,0.3,0.3
fig3_risk_compensation,736.0,0.4,0,17.527173913043477,2,48,1.75,607.0,2026723048,0.3,0.3
fig3_risk_compensation,740.0,0.4,0,-6.891891891891892,2,49,1.75,791.0,2026723049,0.3,0.3
fig3_risk_compensation,717.0,0.4,0,0.697350069735007,2,50,1.75,712.0,2026723050,0.3,0.3
fig3_risk_compensation,848.0,0.4,0,18.278301886792452,2,51,1.75,693.0,2026723051,0.3,0.3
fig3_risk_compensation,572.0,0.4,0,37.23776223776224,2,52,1.75,359.0,2026723052,0.3,0.3
fig3_risk_compensation,822.0,0.4,0,4.379562043795606,2,53,1.75,786.0000000000001,2026723053,0.3,0.3
fig3_risk_compensation,1143.0,0.4,0,53.71828521434821,2,54,1.75,529.0,2026723054,0.3,0.3
fig3_risk_compensation,1039.0,0.4,0,37.15110683349374,2,55,1.75,653.0,2026723055,0.3,0.3
fig3_risk_compensation,746.0,0.4,0,17.962466487935657,2,56,1.75,612.0,2026723056,0.3,0.3
fig3_risk_compensation,929.9999999999999,0.4,0,41.61290322580644,2,57,1.75,543.0,2026723057,0.3,0.3
fig3_risk_compensation,955.0,0.4,0,28.06282722513089,2,58,1.75,687.0,2026723058,0.3,0.3
fig3_risk_compensation,852.0,0.4,0,25.0,2,59,1.75,639.0,2026723059,0.3,0.3
fig3_risk_compensation,606.0,0.4,0,-19.306930693069308,2,60,1.75,723.0,2026723060,0.3,0.3
fig3_risk_compensation,944.0,0.4,0,30.084745762711865,2,61,1.75,660.0,2026723061,0.3,0.3
fig3_risk_compensation,800.0,0.4,0,3.875,2,62,1.75,769.0,2026723062,0.3,0.3
fig3_risk_compensation,848.0,0.4,0,2.7122641509433962,2,63,1.75,825.0,2026723063,0.3,0.3
fig3_risk_compensation,878.9999999999999,0.4,0,20.591581342434576,2,64,1.75,698.0,2026723064,0.3,0.3
fig3_risk_compensation,1156.0,0.4,0,62.88927335640138,2,65,1.75,429.00000000000006,2026723065,0.3,0.3
fig3_risk_compensation,920.0,0.4,0,43.58695652173913,2,66,1.75,519.0,2026723066,0.3,0.3
fig3_risk_compensation,830.0,0.4,0,14.096385542168674,2,67,1.75,713.0,2026723067,0.3,0.3
fig3_risk_compensation,892.0000000000001,0.4,0,33.40807174887893,2,68,1.75,594.0,2026723068,0.3,0.3
fig3_risk_compensation,1151.0,0.4,0,33.97046046915725,2,69,1.75,760.0,2026723069,0.3,0.3
fig3_risk_compensation,620.0,0.4,0,3.870967741935484,2,70,1.75,596.0,2026723070,0.3,0.3
fig3_risk_compensation,953.0,0.4,0,42.497376705141654,2,71,1.75,548.0,2026723071,0.3,0.3
fig3_risk_compensation,767.0,0.4,0,21.121251629726206,2,72,1.75,605.0,2026723072,0.3,0.3
fig3_risk_compensation,743.0,0.4,0,24.629878869448184,2,73,1.75,560.0,2026723073,0.3,0.3
fig3_risk_compensation,669.0,0.4,0,14.798206278026905,2,74,1.75,570.0,2026723074,0.3,0.3
fig3_risk_compensation,831.0,0.4,0,9.50661853188929,2,75,1.75,752.0,2026723075,0.3,0.3
fig3_risk_compensation,801.9999999999999,0.4,0,44.88778054862842,2,76,1.75,442.00000000000006,2026723076,0.3,0.3
fig3_risk_compensation,1225.0,0.4,0,50.857142857142854,2,77,1.75,602.0,2026723077,0.3,0.3
fig3_risk_compensation,865.9999999999999,0.4,0,12.009237875288672,2,78,1.75,762.0,2026723078,0.3,0.3
fig3_risk_compensation,595.0,0.4,0,-11.932773109243698,2,79,1.75,666.0,2026723079,0.3,0.3
fig3_risk_compensation,672.0,0.4,0,-20.08928571428573,2,80,1.75,807.0000000000001,2026723080,0.3,0.3
fig3_risk_compensation,975.0,0.4,0,44.92307692307692,2,81,1.75,537.0,2026723081,0.3,0.3
fig3_risk_compensation,556.0,0.4,0,-42.26618705035971,2,82,1.75,791.0,2026723082,0.3,0.3
fig3_risk_compensation,793.0,0.4,0,5.926860025220681,2,83,1.75,746.0,2026723083,0.3,0.3
fig3_risk_compensation,1080.0,0.4,0,44.53703703703704,2,84,1.75,599.0,2026723084,0.3,0.3
fig3_risk_compensation,817.0,0.4,0,45.04283965728274,2,85,1.75,449.0,2026723085,0.3,0.3
fig3_risk_compensation,876.0,0.4,0,33.67579908675799,2,86,1.75,581.0,2026723086,0.3,0.3
fig3_risk_compensation,736.0,0.4,0,4.211956521739131,2,87,1.75,705.0,2026723087,0.3,0.3
fig3_risk_compensation,848.0,0.4,0,11.556603773584905,2,88,1.75,750.0,2026723088,0.3,0.3
fig3_risk_compensation,740.0,0.4,0,27.027027027027028,2,89,1.75,540.0,2026723089,0.3,0.3
fig3_risk_compensation,608.0,0.4,0,6.4144736842105265,2,90,1.75,569.0,2026723090,0.3,0.3
fig3_risk_compensation,687.0,0.4,0,27.9475982532751,2,91,1.75,495.00000000000006,2026723091,0.3,0.3
fig3_risk_compensation,1009.0,0.4,0,6.442021803766105,2,92,1.75,944.0,2026723092,0.3,0.3
fig3_risk_compensation,1184.0,0.4,0,29.391891891891905,2,93,1.75,835.9999999999999,2026723093,0.3,0.3
fig3_risk_compensation,766.0,0.4,0,-1.174934725848564,2,94,1.75,775.0,2026723094,0.3,0.3
fig3_risk_compensation,1076.0,0.4,0,43.95910780669145,2,95,1.75,603.0,2026723095,0.3,0.3
fig3_risk_compensation,701.0,0.4,0,2.710413694721826,2,96,1.75,682.0,2026723096,0.3,0.3
fig3_risk_compensation,1101.0,0.4,0,20.435967302452315,2,97,1.75,876.0,2026723097,0.3,0.3
fig3_risk_compensation,630.0,0.4,0,4.920634920634921,2,98,1.75,599.0,2026723098,0.3,0.3
fig3_risk_compensation,789.0,0.4,0,-6.083650190114082,2,99,1.75,837.0000000000001,2026723099,0.3,0.3
fig3_risk_compensation,1112.0,0.4,0,-150.0,2,0,1.75,2780.0,2026721000,0.0,0.0
fig3_risk_compensation,767.0,0.4,0,-423.59843546284225,2,1,1.75,4016.0,2026721001,0.0,0.0
fig3_risk_compensation,902.0,0.4,0,-288.35920177383593,2,2,1.75,3503.0,2026721002,0.0,0.0
fig3_risk_compensation,601.0,0.4,0,-429.1181364392679,2,3,1.75,3180.0,2026721003,0.0,0.0
fig3_risk_compensation,664.0,0.4,0,-298.0421686746988,2,4,1.75,2643.0,2026721004,0.0,0.0
fig3_risk_compensation,869.9999999999999,0.4,0,-262.0689655172414,2,5,1.75,3150.0,2026721005,0.0,0.0
fig3_risk_compensation,649.0,0.4,0,-408.1664098613252,2,6,1.75,3298.0000000000005,2026721006,0.0,0.0
fig3_risk_compensation,842.0,0.4,0,-329.3349168646081,2,7,1.75,3615.0,2026721007,0.0,0.0
fig3_risk_compensation,500.99999999999994,0.4,0,-524.3512974051897,2,8,1.75,3128.0,2026721008,0.0,0.0
fig3_risk_compensation,1072.0,0.4,0,-293.84328358208955,2,9,1.75,4222.0,2026721009,0.0,0.0
fig3_risk_compensation,784.0,0.4,0,-310.2040816326531,2,10,1.75,3216.0,2026721010,0.0,0.0
fig3_risk_compensation,837.0000000000001,0.4,0,-141.45758661887686,2,11,1.75,2020.9999999999998,2026721011,0.0,0.0
fig3_risk_compensation,1157.0,0.4,0,-201.3828867761452,2,12,1.75,3487.0,2026721012,0.0,0.0
fig3_risk_compensation,1082.0,0.4,0,-208.31792975970424,2,13,1.75,3336.0,2026721013,0.0,0.0
fig3_risk_compensation,664.0,0.4,0,-254.81927710843374,2,14,1.75,2356.0,2026721014,0.0,0.0
fig3_risk_compensation,910.0,0.4,0,-185.05494505494505,2,15,1.75,2594.0,2026721015,0.0,0.0
fig3_risk_compensation,680.0,0.4,0,-433.2352941176471,2,16,1.75,3626.0,2026721016,0.0,0.0
fig3_risk_compensation,685.0,0.4,0,-452.84671532846716,2,17,1.75,3787.0,2026721017,0.0,0.0
fig3_risk_compensation,665.0,0.4,0,-254.73684210526315,2,18,1.75,2359.0,2026721018,0.0,0.0
fig3_risk_compensation,740.0,0.4,0,-387.972972972973,2,19,1.75,3611.0000000000005,2026721019,0.0,0.0
fig3_risk_compensation,1164.0,0.4,0,-166.92439862542955,2,20,1.75,3107.0,2026721020,0.0,0.0
fig3_risk_compensation,792.0,0.4,0,-408.8383838383839,2,21,1.75,4030.0000000000005,2026721021,0.0,0.0
fig3_risk_compensation,1001.0,0.4,0,-326.6733266733267,2,22,1.75,4271.0,2026721022,0.0,0.0
fig3_risk_compensation,622.0,0.4,0,-283.4405144694534,2,23,1.75,2385.0,2026721023,0.0,0.0
fig3_risk_compensation,950.0,0.4,0,-323.6842105263158,2,24,1.75,4025.0,2026721024,0.0,0.0
fig3_risk_compensation,902.0,0.4,0,-210.31042128603104,2,25,1.75,2799.0,2026721025,0.0,0.0
fig3_risk_compensation,633.0,0.4,0,-337.7567140600316,2,26,1.75,2771.0,2026721026,0.0,0.0
fig3_risk_compensation,781.0,0.4,0,-233.93085787451986,2,27,1.75,2608.0,2026721027,0.0,0.0
fig3_risk_compensation,1009.0,0.4,0,-131.02081268582756,2,28,1.75,2331.0,2026721028,0.0,0.0
fig3_risk_compensation,1168.0,0.4,0,-270.54794520547944,2,29,1.75,4328.0,2026721029,0.0,0.0
fig3_risk_compensation,1014.0,0.4,0,-312.6232741617357,2,30,1.75,4184.0,2026721030,0.0,0.0
fig3_risk_compensation,852.9999999999999,0.4,0,-235.87338804220403,2,31,1.75,2865.0,2026721031,0.0,0.0
fig3_risk_compensation,716.0,0.4,0,-346.368715083799,2,32,1.75,3196.0000000000005,2026721032,0.0,0.0
fig3_risk_compensation,892.0000000000001,0.4,0,-213.45291479820625,2,33,1.75,2796.0,2026721033,0.0,0.0
fig3_risk_compensation,1113.0,0.4,0,-188.76909254267744,2,34,1.75,3214.0,2026721034,0.0,0.0
fig3_risk_compensation,894.0,0.4,0,-307.0469798657718,2,35,1.75,3639.0,2026721035,0.0,0.0
fig3_risk_compensation,706.0,0.4,0,-300.9915014164306,2,36,1.75,2831.0,2026721036,0.0,0.0
fig3_risk_compensation,969.0000000000001,0.4,0,-230.9597523219814,2,37,1.75,3207.0,2026721037,0.0,0.0
fig3_risk_compensation,894.0,0.4,0,-226.84563758389262,2,38,1.75,2922.0,2026721038,0.0,0.0
fig3_risk_compensation,1137.0,0.4,0,-186.19173262972734,2,39,1.75,3254.0,2026721039,0.0,0.0
fig3_risk_compensation,808.0,0.4,0,-272.7722772277228,2,40,1.75,3012.0,2026721040,0.0,0.0
fig3_risk_compensation,750.0,0.4,0,-473.06666666666666,2,41,1.75,4298.0,2026721041,0.0,0.0
fig3_risk_compensation,630.0,0.4,0,-308.8888888888889,2,42,1.75,2576.0,2026721042,0.0,0.0
fig3_risk_compensation,613.0,0.4,0,-528.8743882544861,2,43,1.75,3855.0,2026721043,0.0,0.0
fig3_risk_compensation,916.9999999999999,0.4,0,-250.381679389313,2,44,1.75,3213.0,2026721044,0.0,0.0
fig3_risk_compensation,1429.0,0.4,0,-191.18264520643808,2,45,1.75,4161.0,2026721045,0.0,0.0
fig3_risk_compensation,997.0,0.4,0,-87.96389167502508,2,46,1.75,1874.0,2026721046,0.0,0.0
fig3_risk_compensation,786.0000000000001,0.4,0,-217.55725190839692,2,47,1.75,2496.0,2026721047,0.0,0.0
fig3_risk_compensation,764.0,0.4,0,-250.78534031413614,2,48,1.75,2680.0,2026721048,0.0,0.0
fig3_risk_compensation,714.0,0.4,0,-317.2268907563025,2,49,1.75,2979.0,2026721049,0.0,0.0
fig3_risk_compensation,630.0,0.4,0,-482.53968253968264,2,50,1.75,3670.0000000000005,2026721050,0.0,0.0
fig3_risk_compensation,868.0,0.4,0,-302.64976958525347,2,51,1.75,3495.0,2026721051,0.0,0.0
fig3_risk_compensation,1213.0,0.4,0,-252.5144270403957,2,52,1.75,4276.0,2026721052,0.0,0.0
fig3_risk_compensation,797.9999999999999,0.4,0,-319.29824561403507,2,53,1.75,3345.9999999999995,2026721053,0.0,0.0
fig3_risk_compensation,781.0,0.4,0,-328.4250960307298,2,54,1.75,3345.9999999999995,2026721054,0.0,0.0
fig3_risk_compensation,617.0,0.4,0,-445.8670988654781,2,55,1.75,3368.0,2026721055,0.0,0.0
fig3_risk_compensation,762.0,0.4,0,-401.9685039370079,2,56,1.75,3825.0,2026721056,0.0,0.0
fig3_risk_compensation,937.0,0.4,0,-276.9477054429028,2,57,1.75,3531.9999999999995,2026721057,0.0,0.0
fig3_risk_compensation,854.0000000000001,0.4,0,-208.31381733021075,2,58,1.75,2633.0,2026721058,0.0,0.0
fig3_risk_compensation,944.0,0.4,0,-272.35169491525426,2,59,1.75,3515.0,2026721059,0.0,0.0
fig3_risk_compensation,901.0000000000001,0.4,0,-338.9567147613762,2,60,1.75,3955.0,2026721060,0.0,0.0
fig3_risk_compensation,694.0,0.4,0,-121.46974063400576,2,61,1.75,1537.0,2026721061,0.0,0.0
fig3_risk_compensation,989.0,0.4,0,-298.3822042467138,2,62,1.75,3939.9999999999995,2026721062,0.0,0.0
fig3_risk_compensation,775.0,0.4,0,-337.16129032258067,2,63,1.75,3388.0,2026721063,0.0,0.0
fig3_risk_compensation,727.0,0.4,0,-176.89133425034385,2,64,1.75,2012.9999999999998,2026721064,0.0,0.0
fig3_risk_compensation,721.0,0.4,0,-254.36893203883494,2,65,1.75,2555.0,2026721065,0.0,0.0
fig3_risk_compensation,496.99999999999994,0.4,0,-435.4124748490946,2,66,1.75,2661.0,2026721066,0.0,0.0
fig3_risk_compensation,1087.0,0.4,0,-312.327506899724,2,67,1.75,4482.0,2026721067,0.0,0.0
fig3_risk_compensation,863.0,0.4,0,-341.13557358053305,2,68,1.75,3807.0,2026721068,0.0,0.0
fig3_risk_compensation,753.0,0.4,0,-209.03054448871183,2,69,1.75,2327.0,2026721069,0.0,0.0
fig3_risk_compensation,776.0,0.4,0,-334.4072164948453,2,70,1.75,3370.9999999999995,2026721070,0.0,0.0
fig3_risk_compensation,792.0,0.4,0,-334.34343434343435,2,71,1.75,3440.0,2026721071,0.0,0.0
fig3_risk_compensation,746.0,0.4,0,-251.2064343163539,2,72,1.75,2620.0,2026721072,0.0,0.0
fig3_risk_compensation,1170.0,0.4,0,-263.84615384615387,2,73,1.75,4257.0,2026721073,0.0,0.0
fig3_risk_compensation,808.0,0.4,0,-187.74752475247524,2,74,1.75,2325.0,2026721074,0.0,0.0
fig3_risk_compensation,861.0,0.4,0,-192.91521486643438,2,75,1.75,2522.0,2026721075,0.0,0.0
fig3_risk_compensation,595.0,0.4,0,-335.6302521008403,2,76,1.75,2592.0,2026721076,0.0,0.0
fig3_risk_compensation,712.0,0.4,0,-349.7191011235955,2,77,1.75,3202.0,2026721077,0.0,0.0
fig3_risk_compensation,607.0,0.4,0,-351.5650741350906,2,78,1.75,2741.0,2026721078,0.0,0.0
fig3_risk_compensation,918.0000000000001,0.4,0,-270.9150326797385,2,79,1.75,3404.9999999999995,2026721079,0.0,0.0
fig3_risk_compensation,409.0,0.4,0,-774.8166259168704,2,80,1.75,3578.0,2026721080,0.0,0.0
fig3_risk_compensation,645.0,0.4,0,-411.47286821705427,2,81,1.75,3299.0,2026721081,0.0,0.0
fig3_risk_compensation,642.0,0.4,0,-237.69470404984423,2,82,1.75,2168.0,2026721082,0.0,0.0
fig3_risk_compensation,717.0,0.4,0,-276.2900976290098,2,83,1.75,2698.0,2026721083,0.0,0.0
fig3_risk_compensation,938.0,0.4,0,-240.0852878464819,2,84,1.75,3190.0,2026721084,0.0,0.0
fig3_risk_compensation,990.0000000000001,0.4,0,-190.20202020202018,2,85,1.75,2873.0,2026721085,0.0,0.0
fig3_risk_compensation,1104.0,0.4,0,-252.71739130434787,2,86,1.75,3894.0000000000005,2026721086,0.0,0.0
fig3_risk_compensation,599.0,0.4,0,-477.12854757929875,2,87,1.75,3456.9999999999995,2026721087,0.0,0.0
fig3_risk_compensation,1213.0,0.4,0,-231.6570486397362,2,88,1.75,4023.0,2026721088,0.0,0.0
fig3_risk_compensation,1340.0,0.4,0,-145.37313432835822,2,89,1.75,3288.0,2026721089,0.0,0.0
fig3_risk_compensation,782.0,0.4,0,-206.52173913043478,2,90,1.75,2397.0,2026721090,0.0,0.0
fig3_risk_compensation,616.0,0.4,0,-593.3441558441558,2,91,1.75,4271.0,2026721091,0.0,0.0
fig3_risk_compensation,1100.0,0.4,0,-230.63636363636363,2,92,1.75,3637.0,2026721092,0.0,0.0
fig3_risk_compensation,546.0,0.4,0,-576.3736263736263,2,93,1.75,3692.9999999999995,2026721093,0.0,0.0
fig3_risk_compensation,605.0,0.4,0,-519.6694214876034,2,94,1.75,3749.0000000000005,2026721094,0.0,0.0
fig3_risk_compensation,708.0,0.4,0,-344.77401129943496,2,95,1.75,3148.9999999999995,2026721095,0.0,0.0
fig3_risk_compensation,884.0000000000001,0.4,0,-307.12669683257917,2,96,1.75,3599.0,2026721096,0.0,0.0
fig3_risk_compensation,1082.0,0.4,0,-299.53789279112755,2,97,1.75,4323.0,2026721097,0.0,0.0
fig3_risk_compensation,1234.0,0.4,0,-217.9092382495948,2,98,1.75,3923.0,2026721098,0.0,0.0
fig3_risk_compensation,691.0,0.4,0,-446.5991316931983,2,99,1.75,3777.0,2026721099,0.0,0.0
fig3_risk_compensation,790.0000000000001,0.4,0,-60.253164556962,2,0,1.75,1266.0,2026722000,0.15,0.15
fig3_risk_compensation,902.0,0.4,0,-21.507760532150776,2,1,1.75,1096.0,2026722001,0.15,0.15
fig3_risk_compensation,587.0,0.4,0,-54.34412265758092,2,2,1.75,906.0,2026722002,0.15,0.15
fig3_risk_compensation,729.0,0.4,0,-43.34705075445816,2,3,1.75,1045.0,2026722003,0.15,0.15
fig3_risk_compensation,1088.0,0.4,0,-33.91544117647059,2,4,1.75,1457.0,2026722004,0.15,0.15
fig3_risk_compensation,975.0,0.4,0,-24.307692307692307,2,5,1.75,1212.0,2026722005,0.15,0.15
fig3_risk_compensation,868.0,0.4,0,10.023041474654377,2,6,1.75,781.0,2026722006,0.15,0.15
fig3_risk_compensation,912.0,0.4,0,-59.53947368421053,2,7,1.75,1455.0,2026722007,0.15,0.15
fig3_risk_compensation,805.0,0.4,0,-36.52173913043478,2,8,1.75,1099.0,2026722008,0.15,0.15
fig3_risk_compensation,1014.0,0.4,0,-47.14003944773175,2,9,1.75,1492.0,2026722009,0.15,0.15
fig3_risk_compensation,693.0,0.4,0,-95.95959595959596,2,10,1.75,1358.0,2026722010,0.15,0.15
fig3_risk_compensation,660.0,0.4,0,-93.63636363636364,2,11,1.75,1278.0,2026722011,0.15,0.15
fig3_risk_compensation,796.0,0.4,0,-25.753768844221106,2,12,1.75,1001.0,2026722012,0.15,0.15
fig3_risk_compensation,1010.0,0.4,0,-51.18811881188119,2,13,1.75,1527.0,2026722013,0.15,0.15
fig3_risk_compensation,542.0,0.4,0,-117.89667896678966,2,14,1.75,1181.0,2026722014,0.15,0.15
fig3_risk_compensation,826.0,0.4,0,-82.56658595641646,2,15,1.75,1508.0,2026722015,0.15,0.15
fig3_risk_compensation,733.0,0.4,0,-36.69849931787174,2,16,1.75,1001.9999999999999,2026722016,0.15,0.15
fig3_risk_compensation,775.0,0.4,0,-15.612903225806438,2,17,1.75,895.9999999999999,2026722017,0.15,0.15
fig3_risk_compensation,850.0000000000001,0.4,0,-63.99999999999997,2,18,1.75,1394.0,2026722018,0.15,0.15
fig3_risk_compensation,630.0,0.4,0,-25.714285714285715,2,19,1.75,792.0,2026722019,0.15,0.15
fig3_risk_compensation,931.0,0.4,0,-72.71750805585393,2,20,1.75,1608.0,2026722020,0.15,0.15
fig3_risk_compensation,952.0000000000001,0.4,0,-69.74789915966385,2,21,1.75,1616.0,2026722021,0.15,0.15
fig3_risk_compensation,869.0,0.4,0,-41.77215189873418,2,22,1.75,1232.0,2026722022,0.15,0.15
fig3_risk_compensation,851.0,0.4,0,-35.60517038777908,2,23,1.75,1154.0,2026722023,0.15,0.15
fig3_risk_compensation,722.0,0.4,0,-88.22714681440443,2,24,1.75,1359.0,2026722024,0.15,0.15
fig3_risk_compensation,1043.0,0.4,0,-23.585810162991372,2,25,1.75,1289.0,2026722025,0.15,0.15
fig3_risk_compensation,957.0,0.4,0,-64.78578892371996,2,26,1.75,1577.0,2026722026,0.15,0.15
fig3_risk_compensation,967.0,0.4,0,-47.05274043433299,2,27,1.75,1422.0,2026722027,0.15,0.15
fig3_risk_compensation,513.0,0.4,0,-219.8830409356725,2,28,1.75,1641.0,2026722028,0.15,0.15
fig3_risk_compensation,1012.0,0.4,0,-58.794466403162055,2,29,1.75,1607.0,2026722029,0.15,0.15
fig3_risk_compensation,840.0,0.4,0,-67.85714285714286,2,30,1.75,1410.0,2026722030,0.15,0.15
fig3_risk_compensation,718.0,0.4,0,-187.88300835654596,2,31,1.75,2067.0,2026722031,0.15,0.15
fig3_risk_compensation,933.9999999999999,0.4,0,-91.541755888651,2,32,1.75,1789.0,2026722032,0.15,0.15
fig3_risk_compensation,1293.0,0.4,0,-22.11910286156224,2,33,1.75,1578.9999999999998,2026722033,0.15,0.15
fig3_risk_compensation,627.0,0.4,0,-156.29984051036683,2,34,1.75,1607.0,2026722034,0.15,0.15
fig3_risk_compensation,640.0,0.4,0,-111.25,2,35,1.75,1352.0,2026722035,0.15,0.15
fig3_risk_compensation,664.0,0.4,0,-91.41566265060241,2,36,1.75,1271.0,2026722036,0.15,0.15
fig3_risk_compensation,606.0,0.4,0,-199.8349834983498,2,37,1.75,1816.9999999999998,2026722037,0.15,0.15
fig3_risk_compensation,950.0,0.4,0,-51.26315789473684,2,38,1.75,1437.0,2026722038,0.15,0.15
fig3_risk_compensation,809.0,0.4,0,-144.62299134734235,2,39,1.75,1978.9999999999998,2026722039,0.15,0.15
fig3_risk_compensation,910.0,0.4,0,-24.065934065934066,2,40,1.75,1129.0,2026722040,0.15,0.15
fig3_risk_compensation,793.9999999999999,0.4,0,-37.90931989924435,2,41,1.75,1095.0,2026722041,0.15,0.15
fig3_risk_compensation,855.0,0.4,0,-80.81871345029239,2,42,1.75,1546.0,2026722042,0.15,0.15
fig3_risk_compensation,631.0,0.4,0,-93.97781299524564,2,43,1.75,1224.0,2026722043,0.15,0.15
fig3_risk_compensation,903.0,0.4,0,-60.02214839424142,2,44,1.75,1445.0,2026722044,0.15,0.15
fig3_risk_compensation,851.0,0.4,0,-83.66627497062284,2,45,1.75,1563.0000000000002,2026722045,0.15,0.15
fig3_risk_compensation,739.0,0.4,0,-64.81732070365359,2,46,1.75,1218.0,2026722046,0.15,0.15
fig3_risk_compensation,548.0,0.4,0,-221.71532846715328,2,47,1.75,1763.0,2026722047,0.15,0.15
fig3_risk_compensation,861.0,0.4,0,-57.37514518002323,2,48,1.75,1355.0,2026722048,0.15,0.15
fig3_risk_compensation,721.0,0.4,0,-42.71844660194175,2,49,1.75,1029.0,2026722049,0.15,0.15
fig3_risk_compensation,905.0000000000001,0.4,0,-75.02762430939224,2,50,1.75,1584.0,2026722050,0.15,0.15
fig3_risk_compensation,790.0000000000001,0.4,0,-98.73417721518982,2,51,1.75,1569.9999999999998,2026722051,0.15,0.15
fig3_risk_compensation,992.0,0.4,0,-101.2096774193548,2,52,1.75,1995.9999999999998,2026722052,0.15,0.15
fig3_risk_compensation,989.0,0.4,0,-23.356926188068755,2,53,1.75,1220.0,2026722053,0.15,0.15
fig3_risk_compensation,874.0,0.4,0,-51.60183066361556,2,54,1.75,1325.0,2026722054,0.15,0.15
fig3_risk_compensation,720.0,0.4,0,-72.91666666666667,2,55,1.75,1245.0,2026722055,0.15,0.15
fig3_risk_compensation,1001.9999999999999,0.4,0,-51.59680638722557,2,56,1.75,1519.0,2026722056,0.15,0.15
fig3_risk_compensation,479.99999999999994,0.4,0,-164.79166666666669,2,57,1.75,1271.0,2026722057,0.15,0.15
fig3_risk_compensation,899.9999999999999,0.4,0,-44.111111111111136,2,58,1.75,1297.0,2026722058,0.15,0.15
fig3_risk_compensation,664.0,0.4,0,-61.74698795180723,2,59,1.75,1074.0,2026722059,0.15,0.15
fig3_risk_compensation,945.0,0.4,0,-23.174603174603174,2,60,1.75,1164.0,2026722060,0.15,0.15
fig3_risk_compensation,922.0000000000001,0.4,0,-58.351409978308006,2,61,1.75,1460.0,2026722061,0.15,0.15
fig3_risk_compensation,662.0,0.4,0,-51.05740181268882,2,62,1.75,1000.0,2026722062,0.15,0.15
fig3_risk_compensation,1108.0,0.4,0,-39.711191335740075,2,63,1.75,1548.0,2026722063,0.15,0.15
fig3_risk_compensation,764.0,0.4,0,-82.06806282722513,2,64,1.75,1391.0,2026722064,0.15,0.15
fig3_risk_compensation,653.0,0.4,0,-128.94333843797855,2,65,1.75,1495.0,2026722065,0.15,0.15
fig3_risk_compensation,1135.0,0.4,0,-3.6123348017621146,2,66,1.75,1176.0,2026722066,0.15,0.15
fig3_risk_compensation,959.0,0.4,0,-42.54431699687174,2,67,1.75,1367.0,2026722067,0.15,0.15
fig3_risk_compensation,928.0,0.4,0,-131.0344827586207,2,68,1.75,2144.0,2026722068,0.15,0.15
fig3_risk_compensation,909.0000000000001,0.4,0,-49.39493949394937,2,69,1.75,1358.0,2026722069,0.15,0.15
fig3_risk_compensation,760.0,0.4,0,-159.73684210526315,2,70,1.75,1974.0,2026722070,0.15,0.15
fig3_risk_compensation,782.0,0.4,0,-77.49360613810742,2,71,1.75,1388.0,2026722071,0.15,0.15
fig3_risk_compensation,1039.0,0.4,0,-56.40038498556304,2,72,1.75,1625.0,2026722072,0.15,0.15
fig3_risk_compensation,919.0,0.4,0,-4.134929270946682,2,73,1.75,957.0,2026722073,0.15,0.15
fig3_risk_compensation,841.0000000000001,0.4,0,-31.034482758620673,2,74,1.75,1102.0,2026722074,0.15,0.15
fig3_risk_compensation,723.0,0.4,0,-87.82849239280775,2,75,1.75,1358.0,2026722075,0.15,0.15
fig3_risk_compensation,818.0,0.4,0,-91.07579462102693,2,76,1.75,1563.0000000000002,2026722076,0.15,0.15
fig3_risk_compensation,894.0,0.4,0,-41.61073825503356,2,77,1.75,1266.0,2026722077,0.15,0.15
fig3_risk_compensation,771.0,0.4,0,-75.09727626459144,2,78,1.75,1350.0,2026722078,0.15,0.15
fig3_risk_compensation,963.0,0.4,0,-87.53894080996885,2,79,1.75,1806.0,2026722079,0.15,0.15
fig3_risk_compensation,865.0,0.4,0,-43.93063583815029,2,80,1.75,1245.0,2026722080,0.15,0.15
fig3_risk_compensation,872.0,0.4,0,-80.61926605504587,2,81,1.75,1575.0,2026722081,0.15,0.15
fig3_risk_compensation,872.0,0.4,0,-102.52293577981648,2,82,1.75,1765.9999999999998,2026722082,0.15,0.15
fig3_risk_compensation,730.0,0.4,0,-55.205479452054796,2,83,1.75,1133.0,2026722083,0.15,0.15
fig3_risk_compensation,786.0000000000001,0.4,0,-126.97201017811705,2,84,1.75,1784.0000000000002,2026722084,0.15,0.15
fig3_risk_compensation,1003.0000000000001,0.4,0,-15.75274177467596,2,85,1.75,1161.0,2026722085,0.15,0.15
fig3_risk_compensation,602.0,0.4,0,-144.6843853820598,2,86,1.75,1473.0,2026722086,0.15,0.15
fig3_risk_compensation,674.0,0.4,0,-41.24629080118696,2,87,1.75,952.0000000000001,2026722087,0.15,0.15
fig3_risk_compensation,751.0,0.4,0,-39.01464713715047,2,88,1.75,1044.0,2026722088,0.15,0.15
fig3_risk_compensation,678.0,0.4,0,-79.20353982300885,2,89,1.75,1215.0,2026722089,0.15,0.15
fig3_risk_compensation,970.0,0.4,0,-28.556701030927837,2,90,1.75,1247.0,2026722090,0.15,0.15
fig3_risk_compensation,775.0,0.4,0,-37.29032258064516,2,91,1.75,1064.0,2026722091,0.15,0.15
fig3_risk_compensation,956.0000000000001,0.4,0,-20.920502092050196,2,92,1.75,1156.0,2026722092,0.15,0.15
fig3_risk_compensation,1096.0,0.4,0,-57.299270072992684,2,93,1.75,1723.9999999999998,2026722093,0.15,0.15
fig3_risk_compensation,611.0,0.4,0,-109.49263502454991,2,94,1.75,1280.0,2026722094,0.15,0.15
fig3_risk_compensation,1064.0,0.4,0,-14.191729323308271,2,95,1.75,1215.0,2026722095,0.15,0.15
fig3_risk_compensation,971.0,0.4,0,-39.03192584963955,2,96,1.75,1350.0,2026722096,0.15,0.15
fig3_risk_compensation,839.0,0.4,0,-87.60429082240763,2,97,1.75,1574.0,2026722097,0.15,0.15
fig3_risk_compensation,1010.9999999999999,0.4,0,7.81404549950543,2,98,1.75,932.0,2026722098,0.15,0.15
fig3_risk_compensation,857.0,0.4,0,-85.88098016336056,2,99,1.75,1593.0,2026722099,0.15,0.15
fig3_risk_compensation,848.9999999999999,0.4,0,61.012956419316836,2,0,2.0,331.0,2026732000,0.6,0.6
fig3_risk_compensation,784.0,0.4,0,68.36734693877551,2,1,2.0,248.0,2026732001,0.6,0.6
fig3_risk_compensation,632.0,0.4,0,48.575949367088604,2,2,2.0,325.0,2026732002,0.6,0.6
fig3_risk_compensation,942.9999999999999,0.4,0,65.0053022269353,2,3,2.0,330.0,2026732003,0.6,0.6
fig3_risk_compensation,962.0,0.4,0,63.513513513513516,2,4,2.0,351.0,2026732004,0.6,0.6
fig3_risk_compensation,666.0,0.4,0,42.492492492492495,2,5,2.0,383.0,2026732005,0.6,0.6
fig3_risk_compensation,784.0,0.4,0,64.41326530612245,2,6,2.0,279.0,2026732006,0.6,0.6
fig3_risk_compensation,1167.0,0.4,0,74.97857754927163,2,7,2.0,292.0,2026732007,0.6,0.6
fig3_risk_compensation,983.0,0.4,0,65.20854526958291,2,8,2.0,342.0,2026732008,0.6,0.6
fig3_risk_compensation,651.0,0.4,0,49.30875576036866,2,9,2.0,330.0,2026732009,0.6,0.6
fig3_risk_compensation,647.0,0.4,0,52.086553323029364,2,10,2.0,310.0,2026732010,0.6,0.6
fig3_risk_compensation,856.0,0.4,0,55.257009345794394,2,11,2.0,383.0,2026732011,0.6,0.6
fig3_risk_compensation,906.0,0.4,0,70.75055187637969,2,12,2.0,265.0,2026732012,0.6,0.6
fig3_risk_compensation,874.0,0.4,0,62.92906178489702,2,13,2.0,324.0,2026732013,0.6,0.6
fig3_risk_compensation,722.0,0.4,0,62.60387811634349,2,14,2.0,270.0,2026732014,0.6,0.6
fig3_risk_compensation,673.0,0.4,0,57.05794947994057,2,15,2.0,289.0,2026732015,0.6,0.6
fig3_risk_compensation,903.0,0.4,0,65.11627906976744,2,16,2.0,315.0,2026732016,0.6,0.6
fig3_risk_compensation,846.0,0.4,0,49.05437352245864,2,17,2.0,430.99999999999994,2026732017,0.6,0.6
fig3_risk_compensation,490.0,0.4,0,40.816326530612244,2,18,2.0,290.0,2026732018,0.6,0.6
fig3_risk_compensation,1034.0,0.4,0,62.66924564796905,2,19,2.0,386.0,2026732019,0.6,0.6
fig3_risk_compensation,793.9999999999999,0.4,0,65.11335012594458,2,20,2.0,277.0,2026732020,0.6,0.6
fig3_risk_compensation,612.0,0.4,0,47.87581699346405,2,21,2.0,319.0,2026732021,0.6,0.6
fig3_risk_compensation,1173.0,0.4,0,72.29326513213981,2,22,2.0,325.0,2026732022,0.6,0.6
fig3_risk_compensation,938.0,0.4,0,78.35820895522389,2,23,2.0,203.0,2026732023,0.6,0.6
fig3_risk_compensation,826.0,0.4,0,61.98547215496368,2,24,2.0,314.0,2026732024,0.6,0.6
fig3_risk_compensation,872.0,0.4,0,58.48623853211009,2,25,2.0,362.0,2026732025,0.6,0.6
fig3_risk_compensation,755.0,0.4,0,60.794701986754966,2,26,2.0,296.0,2026732026,0.6,0.6
fig3_risk_compensation,1091.0,0.4,0,77.2685609532539,2,27,2.0,248.0,2026732027,0.6,0.6
fig3_risk_compensation,976.0,0.4,0,65.77868852459017,2,28,2.0,334.0,2026732028,0.6,0.6
fig3_risk_compensation,1037.0,0.4,0,66.0559305689489,2,29,2.0,352.0,2026732029,0.6,0.6
fig3_risk_compensation,909.0000000000001,0.4,0,59.51595159515952,2,30,2.0,368.0,2026732030,0.6,0.6
fig3_risk_compensation,773.0,0.4,0,69.72833117723157,2,31,2.0,234.0,2026732031,0.6,0.6
fig3_risk_compensation,973.0000000000001,0.4,0,59.301130524152114,2,32,2.0,396.0,2026732032,0.6,0.6
fig3_risk_compensation,784.0,0.4,0,61.607142857142854,2,33,2.0,301.0,2026732033,0.6,0.6
fig3_risk_compensation,861.9999999999999,0.4,0,64.61716937354987,2,34,2.0,305.0,2026732034,0.6,0.6
fig3_risk_compensation,609.0,0.4,0,67.816091954023,2,35,2.0,196.0,2026732035,0.6,0.6
fig3_risk_compensation,988.0,0.4,0,79.65587044534414,2,36,2.0,201.0,2026732036,0.6,0.6
fig3_risk_compensation,1014.9999999999999,0.4,0,67.98029556650246,2,37,2.0,325.0,2026732037,0.6,0.6
fig3_risk_compensation,693.0,0.4,0,65.36796536796537,2,38,2.0,239.99999999999997,2026732038,0.6,0.6
fig3_risk_compensation,891.0,0.4,0,59.0347923681257,2,39,2.0,365.0,2026732039,0.6,0.6
fig3_risk_compensation,942.9999999999999,0.4,0,58.00636267232237,2,40,2.0,396.0,2026732040,0.6,0.6
fig3_risk_compensation,915.0,0.4,0,67.10382513661202,2,41,2.0,301.0,2026732041,0.6,0.6
fig3_risk_compensation,1104.0,0.4,0,75.09057971014492,2,42,2.0,275.0,2026732042,0.6,0.6
fig3_risk_compensation,630.0,0.4,0,51.111111111111114,2,43,2.0,308.0,2026732043,0.6,0.6
fig3_risk_compensation,775.0,0.4,0,67.87096774193549,2,44,2.0,249.0,2026732044,0.6,0.6
fig3_risk_compensation,714.0,0.4,0,56.582633053221286,2,45,2.0,310.0,2026732045,0.6,0.6
fig3_risk_compensation,417.99999999999994,0.4,0,26.794258373205732,2,46,2.0,306.0,2026732046,0.6,0.6
fig3_risk_compensation,801.0,0.4,0,60.674157303370784,2,47,2.0,315.0,2026732047,0.6,0.6
fig3_risk_compensation,1042.0,0.4,0,59.40499040307102,2,48,2.0,423.0,2026732048,0.6,0.6
fig3_risk_compensation,756.0,0.4,0,46.2962962962963,2,49,2.0,406.0,2026732049,0.6,0.6
fig3_risk_compensation,908.0,0.4,0,60.5726872246696,2,50,2.0,358.0,2026732050,0.6,0.6
fig3_risk_compensation,925.9999999999999,0.4,0,67.71058315334773,2,51,2.0,299.0,2026732051,0.6,0.6
fig3_risk_compensation,995.0,0.4,0,78.49246231155779,2,52,2.0,214.0,2026732052,0.6,0.6
fig3_risk_compensation,727.0,0.4,0,66.16231086657497,2,53,2.0,246.0,2026732053,0.6,0.6
fig3_risk_compensation,972.0,0.4,0,65.22633744855968,2,54,2.0,338.0,2026732054,0.6,0.6
fig3_risk_compensation,792.0,0.4,0,53.40909090909091,2,55,2.0,369.0,2026732055,0.6,0.6
fig3_risk_compensation,726.0,0.4,0,67.90633608815428,2,56,2.0,233.0,2026732056,0.6,0.6
fig3_risk_compensation,1039.0,0.4,0,71.12608277189605,2,57,2.0,300.0,2026732057,0.6,0.6
fig3_risk_compensation,956.0000000000001,0.4,0,72.17573221757323,2,58,2.0,266.0,2026732058,0.6,0.6
fig3_risk_compensation,730.0,0.4,0,66.43835616438356,2,59,2.0,245.0,2026732059,0.6,0.6
fig3_risk_compensation,936.0,0.4,0,74.57264957264957,2,60,2.0,238.00000000000003,2026732060,0.6,0.6
fig3_risk_compensation,638.0,0.4,0,53.13479623824451,2,61,2.0,299.0,2026732061,0.6,0.6
fig3_risk_compensation,756.0,0.4,0,55.15873015873016,2,62,2.0,339.0,2026732062,0.6,0.6
fig3_risk_compensation,522.0,0.4,0,57.662835249042146,2,63,2.0,221.00000000000003,2026732063,0.6,0.6
fig3_risk_compensation,723.0,0.4,0,58.78284923928077,2,64,2.0,298.0,2026732064,0.6,0.6
fig3_risk_compensation,816.0000000000001,0.4,0,68.01470588235296,2,65,2.0,261.0,2026732065,0.6,0.6
fig3_risk_compensation,877.0,0.4,0,70.35347776510832,2,66,2.0,260.0,2026732066,0.6,0.6
fig3_risk_compensation,789.0,0.4,0,69.32826362484157,2,67,2.0,241.99999999999997,2026732067,0.6,0.6
fig3_risk_compensation,649.0,0.4,0,60.55469953775039,2,68,2.0,256.0,2026732068,0.6,0.6
fig3_risk_compensation,851.0,0.4,0,62.749706227967096,2,69,2.0,317.0,2026732069,0.6,0.6
fig3_risk_compensation,756.0,0.4,0,56.613756613756614,2,70,2.0,328.0,2026732070,0.6,0.6
fig3_risk_compensation,920.0,0.4,0,71.6304347826087,2,71,2.0,261.0,2026732071,0.6,0.6
fig3_risk_compensation,662.0,0.4,0,55.89123867069486,2,72,2.0,292.0,2026732072,0.6,0.6
fig3_risk_compensation,797.9999999999999,0.4,0,69.79949874686716,2,73,2.0,240.99999999999997,2026732073,0.6,0.6
fig3_risk_compensation,548.0,0.4,0,27.37226277372263,2,74,2.0,398.0,2026732074,0.6,0.6
fig3_risk_compensation,838.0,0.4,0,72.19570405727923,2,75,2.0,233.0,2026732075,0.6,0.6
fig3_risk_compensation,827.9999999999999,0.4,0,67.51207729468598,2,76,2.0,269.0,2026732076,0.6,0.6
fig3_risk_compensation,789.0,0.4,0,65.90621039290241,2,77,2.0,269.0,2026732077,0.6,0.6
fig3_risk_compensation,771.0,0.4,0,63.81322957198444,2,78,2.0,279.0,2026732078,0.6,0.6
fig3_risk_compensation,912.9999999999999,0.4,0,62.10295728368017,2,79,2.0,346.0,2026732079,0.6,0.6
fig3_risk_compensation,1236.0,0.4,0,71.76375404530744,2,80,2.0,349.0,2026732080,0.6,0.6
fig3_risk_compensation,842.0,0.4,0,58.788598574821854,2,81,2.0,347.0,2026732081,0.6,0.6
fig3_risk_compensation,736.0,0.4,0,59.51086956521739,2,82,2.0,298.0,2026732082,0.6,0.6
fig3_risk_compensation,840.0,0.4,0,63.095238095238095,2,83,2.0,310.0,2026732083,0.6,0.6
fig3_risk_compensation,743.0,0.4,0,59.4885598923284,2,84,2.0,301.0,2026732084,0.6,0.6
fig3_risk_compensation,471.0,0.4,0,46.072186836518036,2,85,2.0,254.00000000000003,2026732085,0.6,0.6
fig3_risk_compensation,700.0,0.4,0,49.57142857142857,2,86,2.0,353.0,2026732086,0.6,0.6
fig3_risk_compensation,773.0,0.4,0,65.97671410090557,2,87,2.0,263.0,2026732087,0.6,0.6
fig3_risk_compensation,921.0,0.4,0,62.757871878393054,2,88,2.0,343.0,2026732088,0.6,0.6
fig3_risk_compensation,898.0,0.4,0,57.46102449888642,2,89,2.0,382.0,2026732089,0.6,0.6
fig3_risk_compensation,868.0,0.4,0,44.93087557603686,2,90,2.0,478.00000000000006,2026732090,0.6,0.6
fig3_risk_compensation,796.0,0.4,0,53.266331658291456,2,91,2.0,372.0,2026732091,0.6,0.6
fig3_risk_compensation,1245.0,0.4,0,74.6987951807229,2,92,2.0,315.0,2026732092,0.6,0.6
fig3_risk_compensation,663.0,0.4,0,53.996983408748115,2,93,2.0,305.0,2026732093,0.6,0.6
fig3_risk_compensation,801.9999999999999,0.4,0,71.44638403990024,2,94,2.0,229.0,2026732094,0.6,0.6
fig3_risk_compensation,833.0000000000001,0.4,0,62.54501800720289,2,95,2.0,312.0,2026732095,0.6,0.6
fig3_risk_compensation,1001.9999999999999,0.4,0,59.98003992015969,2,96,2.0,400.99999999999994,2026732096,0.6,0.6
fig3_risk_compensation,672.0,0.4,0,41.964285714285715,2,97,2.0,390.0,2026732097,0.6,0.6
fig3_risk_compensation,721.0,0.4,0,62.552011095700415,2,98,2.0,270.0,2026732098,0.6,0.6
fig3_risk_compensation,599.0,0.4,0,52.92153589315526,2,99,2.0,282.0,2026732099,0.6,0.6
fig3_risk_compensation,882.9999999999999,0.4,0,75.99093997734994,2,0,2.0,212.0,2026733000,0.75,0.75
fig3_risk_compensation,714.0,0.4,0,72.40896358543418,2,1,2.0,197.0,2026733001,0.75,0.75
fig3_risk_compensation,918.0000000000001,0.4,0,77.12418300653596,2,2,2.0,210.0,2026733002,0.75,0.75
fig3_risk_compensation,818.0,0.4,0,62.34718826405868,2,3,2.0,308.0,2026733003,0.75,0.75
fig3_risk_compensation,757.0,0.4,0,74.10832232496698,2,4,2.0,196.0,2026733004,0.75,0.75
fig3_risk_compensation,709.0,0.4,0,70.80394922425953,2,5,2.0,206.99999999999997,2026733005,0.75,0.75
fig3_risk_compensation,1016.0000000000001,0.4,0,82.38188976377953,2,6,2.0,179.0,2026733006,0.75,0.75
fig3_risk_compensation,669.0,0.4,0,55.00747384155456,2,7,2.0,301.0,2026733007,0.75,0.75
fig3_risk_compensation,824.0000000000001,0.4,0,76.57766990291263,2,8,2.0,193.0,2026733008,0.75,0.75
fig3_risk_compensation,925.0,0.4,0,76.97297297297297,2,9,2.0,213.0,2026733009,0.75,0.75
fig3_risk_compensation,1001.0,0.4,0,75.72427572427573,2,10,2.0,243.0,2026733010,0.75,0.75
fig3_risk_compensation,921.0,0.4,0,70.90119435396308,2,11,2.0,268.0,2026733011,0.75,0.75
fig3_risk_compensation,962.0,0.4,0,70.58212058212058,2,12,2.0,283.0,2026733012,0.75,0.75
fig3_risk_compensation,687.0,0.4,0,66.0844250363901,2,13,2.0,233.0,2026733013,0.75,0.75
fig3_risk_compensation,730.0,0.4,0,77.53424657534246,2,14,2.0,164.0,2026733014,0.75,0.75
fig3_risk_compensation,1033.0,0.4,0,76.96030977734753,2,15,2.0,238.00000000000003,2026733015,0.75,0.75
fig3_risk_compensation,857.0,0.4,0,73.86231038506418,2,16,2.0,223.99999999999997,2026733016,0.75,0.75
fig3_risk_compensation,762.0,0.4,0,76.50918635170603,2,17,2.0,179.0,2026733017,0.75,0.75
fig3_risk_compensation,908.0,0.4,0,68.83259911894272,2,18,2.0,283.0,2026733018,0.75,0.75
fig3_risk_compensation,868.0,0.4,0,62.44239631336406,2,19,2.0,326.0,2026733019,0.75,0.75
fig3_risk_compensation,781.0,0.4,0,66.70934699103714,2,20,2.0,260.0,2026733020,0.75,0.75
fig3_risk_compensation,1084.0,0.4,0,86.34686346863468,2,21,2.0,148.0,2026733021,0.75,0.75
fig3_risk_compensation,1025.0,0.4,0,74.34146341463415,2,22,2.0,263.0,2026733022,0.75,0.75
fig3_risk_compensation,1098.0,0.4,0,84.42622950819673,2,23,2.0,171.0,2026733023,0.75,0.75
fig3_risk_compensation,884.0000000000001,0.4,0,76.58371040723982,2,24,2.0,206.99999999999997,2026733024,0.75,0.75
fig3_risk_compensation,979.0,0.4,0,80.38815117466802,2,25,2.0,192.0,2026733025,0.75,0.75
fig3_risk_compensation,654.0,0.4,0,67.88990825688073,2,26,2.0,210.0,2026733026,0.75,0.75
fig3_risk_compensation,927.0,0.4,0,68.6084142394822,2,27,2.0,291.0,2026733027,0.75,0.75
fig3_risk_compensation,842.0,0.4,0,80.99762470308788,2,28,2.0,160.0,2026733028,0.75,0.75
fig3_risk_compensation,938.0,0.4,0,76.97228144989339,2,29,2.0,216.0,2026733029,0.75,0.75
fig3_risk_compensation,573.0,0.4,0,51.65794066317626,2,30,2.0,277.0,2026733030,0.75,0.75
fig3_risk_compensation,1099.0,0.4,0,81.073703366697,2,31,2.0,207.99999999999997,2026733031,0.75,0.75
fig3_risk_compensation,456.0,0.4,0,65.5701754385965,2,32,2.0,157.0,2026733032,0.75,0.75
fig3_risk_compensation,980.0,0.4,0,69.59183673469387,2,33,2.0,298.0,2026733033,0.75,0.75
fig3_risk_compensation,809.0,0.4,0,68.60321384425217,2,34,2.0,254.00000000000003,2026733034,0.75,0.75
fig3_risk_compensation,855.0,0.4,0,75.90643274853801,2,35,2.0,206.00000000000003,2026733035,0.75,0.75
fig3_risk_compensation,919.0,0.4,0,68.55277475516866,2,36,2.0,289.0,2026733036,0.75,0.75
fig3_risk_compensation,894.0,0.4,0,76.28635346756153,2,37,2.0,212.0,2026733037,0.75,0.75
fig3_risk_compensation,670.0,0.4,0,68.80597014925372,2,38,2.0,208.99999999999997,2026733038,0.75,0.75
fig3_risk_compensation,984.9999999999999,0.4,0,80.0,2,39,2.0,197.0,2026733039,0.75,0.75
fig3_risk_compensation,878.9999999999999,0.4,0,67.46302616609783,2,40,2.0,286.0,2026733040,0.75,0.75
fig3_risk_compensation,893.0,0.4,0,72.00447928331467,2,41,2.0,250.0,2026733041,0.75,0.75
fig3_risk_compensation,1057.0,0.4,0,79.18637653736991,2,42,2.0,220.0,2026733042,0.75,0.75
fig3_risk_compensation,801.9999999999999,0.4,0,75.81047381546134,2,43,2.0,194.0,2026733043,0.75,0.75
fig3_risk_compensation,524.0,0.4,0,62.97709923664122,2,44,2.0,194.0,2026733044,0.75,0.75
fig3_risk_compensation,1043.0,0.4,0,72.00383509108342,2,45,2.0,292.0,2026733045,0.75,0.75
fig3_risk_compensation,687.0,0.4,0,53.85735080058224,2,46,2.0,317.0,2026733046,0.75,0.75
fig3_risk_compensation,817.0,0.4,0,77.84577723378213,2,47,2.0,181.0,2026733047,0.75,0.75
fig3_risk_compensation,526.0,0.4,0,53.42205323193917,2,48,2.0,245.0,2026733048,0.75,0.75
fig3_risk_compensation,726.0,0.4,0,70.66115702479338,2,49,2.0,213.0,2026733049,0.75,0.75
fig3_risk_compensation,673.0,0.4,0,57.35512630014859,2,50,2.0,287.0,2026733050,0.75,0.75
fig3_risk_compensation,859.0,0.4,0,73.22467986030267,2,51,2.0,230.0,2026733051,0.75,0.75
fig3_risk_compensation,831.9999999999999,0.4,0,73.67788461538461,2,52,2.0,219.0,2026733052,0.75,0.75
fig3_risk_compensation,1012.0,0.4,0,78.26086956521739,2,53,2.0,220.0,2026733053,0.75,0.75
fig3_risk_compensation,876.0,0.4,0,76.14155251141553,2,54,2.0,208.99999999999997,2026733054,0.75,0.75
fig3_risk_compensation,852.9999999999999,0.4,0,59.6717467760844,2,55,2.0,344.0,2026733055,0.75,0.75
fig3_risk_compensation,623.0,0.4,0,62.118780096308186,2,56,2.0,236.0,2026733056,0.75,0.75
fig3_risk_compensation,846.0,0.4,0,75.177304964539,2,57,2.0,210.0,2026733057,0.75,0.75
fig3_risk_compensation,640.0,0.4,0,72.96875,2,58,2.0,173.0,2026733058,0.75,0.75
fig3_risk_compensation,787.0,0.4,0,59.0851334180432,2,59,2.0,322.0,2026733059,0.75,0.75
fig3_risk_compensation,607.0,0.4,0,61.61449752883031,2,60,2.0,233.0,2026733060,0.75,0.75
fig3_risk_compensation,846.0,0.4,0,75.41371158392435,2,61,2.0,207.99999999999997,2026733061,0.75,0.75
fig3_risk_compensation,667.0,0.4,0,69.56521739130434,2,62,2.0,203.0,2026733062,0.75,0.75
fig3_risk_compensation,444.00000000000006,0.4,0,41.66666666666668,2,63,2.0,259.0,2026733063,0.75,0.75
fig3_risk_compensation,723.0,0.4,0,71.9225449515906,2,64,2.0,203.0,2026733064,0.75,0.75
fig3_risk_compensation,1029.0,0.4,0,75.21865889212827,2,65,2.0,255.00000000000003,2026733065,0.75,0.75
fig3_risk_compensation,1258.0,0.4,0,75.27821939586646,2,66,2.0,311.0,2026733066,0.75,0.75
fig3_risk_compensation,745.0,0.4,0,62.281879194630875,2,67,2.0,281.0,2026733067,0.75,0.75
fig3_risk_compensation,842.0,0.4,0,77.31591448931117,2,68,2.0,191.0,2026733068,0.75,0.75
fig3_risk_compensation,681.0,0.4,0,72.3935389133627,2,69,2.0,188.0,2026733069,0.75,0.75
fig3_risk_compensation,970.0,0.4,0,78.55670103092784,2,70,2.0,207.99999999999997,2026733070,0.75,0.75
fig3_risk_compensation,959.9999999999999,0.4,0,75.52083333333333,2,71,2.0,235.0,2026733071,0.75,0.75
fig3_risk_compensation,840.0,0.4,0,76.30952380952381,2,72,2.0,199.0,2026733072,0.75,0.75
fig3_risk_compensation,915.0,0.4,0,77.92349726775956,2,73,2.0,202.0,2026733073,0.75,0.75
fig3_risk_compensation,761.0,0.4,0,76.08409986859395,2,74,2.0,182.0,2026733074,0.75,0.75
fig3_risk_compensation,765.0,0.4,0,68.23529411764706,2,75,2.0,243.0,2026733075,0.75,0.75
fig3_risk_compensation,958.0,0.4,0,75.26096033402922,2,76,2.0,237.00000000000003,2026733076,0.75,0.75
fig3_risk_compensation,643.0,0.4,0,55.2099533437014,2,77,2.0,288.0,2026733077,0.75,0.75
fig3_risk_compensation,1026.0,0.4,0,75.3411306042885,2,78,2.0,253.0,2026733078,0.75,0.75
fig3_risk_compensation,1001.9999999999999,0.4,0,75.84830339321357,2,79,2.0,241.99999999999997,2026733079,0.75,0.75
fig3_risk_compensation,618.0,0.4,0,62.13592233009709,2,80,2.0,234.0,2026733080,0.75,0.75
fig3_risk_compensation,797.0,0.4,0,82.93601003764115,2,81,2.0,136.0,2026733081,0.75,0.75
fig3_risk_compensation,1084.0,0.4,0,83.39483394833948,2,82,2.0,180.0,2026733082,0.75,0.75
fig3_risk_compensation,850.0000000000001,0.4,0,69.88235294117648,2,83,2.0,256.0,2026733083,0.75,0.75
fig3_risk_compensation,790.0000000000001,0.4,0,77.08860759493672,2,84,2.0,181.0,2026733084,0.75,0.75
fig3_risk_compensation,712.0,0.4,0,54.49438202247191,2,85,2.0,324.0,2026733085,0.75,0.75
fig3_risk_compensation,1001.0,0.4,0,75.92407592407592,2,86,2.0,240.99999999999997,2026733086,0.75,0.75
fig3_risk_compensation,797.9999999999999,0.4,0,80.57644110275689,2,87,2.0,155.0,2026733087,0.75,0.75
fig3_risk_compensation,652.0,0.4,0,57.20858895705521,2,88,2.0,279.0,2026733088,0.75,0.75
fig3_risk_compensation,779.0,0.4,0,76.89345314505776,2,89,2.0,180.0,2026733089,0.75,0.75
fig3_risk_compensation,846.0,0.4,0,72.22222222222223,2,90,2.0,235.0,2026733090,0.75,0.75
fig3_risk_compensation,1316.0,0.4,0,75.53191489361703,2,91,2.0,322.0,2026733091,0.75,0.75
fig3_risk_compensation,881.0,0.4,0,67.7639046538025,2,92,2.0,284.0,2026733092,0.75,0.75
fig3_risk_compensation,669.0,0.4,0,60.68759342301943,2,93,2.0,263.0,2026733093,0.75,0.75
fig3_risk_compensation,919.0,0.4,0,68.44396082698586,2,94,2.0,290.0,2026733094,0.75,0.75
fig3_risk_compensation,768.0,0.4,0,74.34895833333333,2,95,2.0,197.0,2026733095,0.75,0.75
fig3_risk_compensation,892.0000000000001,0.4,0,68.8340807174888,2,96,2.0,278.0,2026733096,0.75,0.75
fig3_risk_compensation,747.0,0.4,0,76.43908969210175,2,97,2.0,176.0,2026733097,0.75,0.75
fig3_risk_compensation,882.0,0.4,0,76.41723356009071,2,98,2.0,207.99999999999997,2026733098,0.75,0.75
fig3_risk_compensation,842.0,0.4,0,68.64608076009502,2,99,2.0,264.0,2026733099,0.75,0.75
fig3_risk_compensation,1380.0,0.4,0,71.01449275362319,2,0,2.0,400.0,2026731000,0.44999999999999996,0.44999999999999996
fig3_risk_compensation,672.0,0.4,0,45.982142857142854,2,1,2.0,363.0,2026731001,0.44999999999999996,0.44999999999999996
fig3_risk_compensation,652.0,0.4,0,43.25153374233129,2,2,2.0,370.0,2026731002,0.44999999999999996,0.44999999999999996
fig3_risk_compensation,1008.0,0.4,0,53.96825396825397,2,3,2.0,464.0,2026731003,0.44999999999999996,0.44999999999999996
fig3_risk_compensation,1178.0,0.4,0,54.159592529711375,2,4,2.0,540.0,2026731004,0.44999999999999996,0.44999999999999996
fig3_risk_compensation,1112.0,0.4,0,50.989208633093526,2,5,2.0,545.0,2026731005,0.44999999999999996,0.44999999999999996
fig3_risk_compensation,420.0,0.4,0,14.523809523809524,2,6,2.0,359.0,2026731006,0.44999999999999996,0.44999999999999996
fig3_risk_compensation,1088.0,0.4,0,61.39705882352941,2,7,2.0,420.0,2026731007,0.44999999999999996,0.44999999999999996
fig3_risk_compensation,728.0,0.4,0,17.445054945054945,2,8,2.0,601.0,2026731008,0.44999999999999996,0.44999999999999996
fig3_risk_compensation,517.0,0.4,0,15.667311411992262,2,9,2.0,436.0,2026731009,0.44999999999999996,0.44999999999999996
fig3_risk_compensation,827.0,0.4,0,31.076178960096737,2,10,2.0,570.0,2026731010,0.44999999999999996,0.44999999999999996
fig3_risk_compensation,920.0,0.4,0,45.978260869565226,2,11,2.0,496.99999999999994,2026731011,0.44999999999999996,0.44999999999999996
fig3_risk_compensation,975.0,0.4,0,67.28205128205128,2,12,2.0,319.0,2026731012,0.44999999999999996,0.44999999999999996
fig3_risk_compensation,671.0,0.4,0,42.92101341281669,2,13,2.0,383.0,2026731013,0.44999999999999996,0.44999999999999996
fig3_risk_compensation,674.0,0.4,0,45.25222551928783,2,14,2.0,369.0,2026731014,0.44999999999999996,0.44999999999999996
fig3_risk_compensation,595.0,0.4,0,32.10084033613445,2,15,2.0,404.0,2026731015,0.44999999999999996,0.44999999999999996
fig3_risk_compensation,667.0,0.4,0,33.13343328335831,2,16,2.0,446.00000000000006,2026731016,0.44999999999999996,0.44999999999999996
fig3_risk_compensation,762.0,0.4,0,36.351706036745405,2,17,2.0,485.0,2026731017,0.44999999999999996,0.44999999999999996
fig3_risk_compensation,948.0000000000001,0.4,0,54.53586497890297,2,18,2.0,430.99999999999994,2026731018,0.44999999999999996,0.44999999999999996
fig3_risk_compensation,730.0,0.4,0,40.684931506849324,2,19,2.0,432.99999999999994,2026731019,0.44999999999999996,0.44999999999999996
fig3_risk_compensation,687.0,0.4,0,47.45269286754003,2,20,2.0,361.0,2026731020,0.44999999999999996,0.44999999999999996
fig3_risk_compensation,1093.0,0.4,0,52.33302836230558,2,21,2.0,521.0,2026731021,0.44999999999999996,0.44999999999999996
fig3_risk_compensation,616.0,0.4,0,27.272727272727284,2,22,2.0,447.99999999999994,2026731022,0.44999999999999996,0.44999999999999996
fig3_risk_compensation,749.0,0.4,0,31.375166889185582,2,23,2.0,514.0,2026731023,0.44999999999999996,0.44999999999999996
fig3_risk_compensation,921.0,0.4,0,48.20846905537459,2,24,2.0,477.0,2026731024,0.44999999999999996,0.44999999999999996
fig3_risk_compensation,689.0,0.4,0,32.51088534107403,2,25,2.0,464.99999999999994,2026731025,0.44999999999999996,0.44999999999999996
fig3_risk_compensation,1038.0,0.4,0,34.8747591522158,2,26,2.0,676.0,2026731026,0.44999999999999996,0.44999999999999996
fig3_risk_compensation,1169.0,0.4,0,46.62104362703165,2,27,2.0,624.0,2026731027,0.44999999999999996,0.44999999999999996
fig3_risk_compensation,880.0,0.4,0,50.90909090909091,2,28,2.0,432.0,2026731028,0.44999999999999996,0.44999999999999996
fig3_risk_compensation,801.9999999999999,0.4,0,33.91521197007481,2,29,2.0,530.0,2026731029,0.44999999999999996,0.44999999999999996
fig3_risk_compensation,543.0,0.4,0,10.497237569060774,2,30,2.0,486.0,2026731030,0.44999999999999996,0.44999999999999996
fig3_risk_compensation,744.0,0.4,0,54.166666666666664,2,31,2.0,341.0,2026731031,0.44999999999999996,0.44999999999999996
fig3_risk_compensation,865.9999999999999,0.4,0,48.498845265588905,2,32,2.0,446.00000000000006,2026731032,0.44999999999999996,0.44999999999999996
fig3_risk_compensation,850.0000000000001,0.4,0,50.23529411764707,2,33,2.0,423.0,2026731033,0.44999999999999996,0.44999999999999996
fig3_risk_compensation,857.0,0.4,0,47.374562427071176,2,34,2.0,451.0,2026731034,0.44999999999999996,0.44999999999999996
fig3_risk_compensation,745.0,0.4,0,58.52348993288591,2,35,2.0,309.0,2026731035,0.44999999999999996,0.44999999999999996
fig3_risk_compensation,984.9999999999999,0.4,0,54.01015228426395,2,36,2.0,453.0,2026731036,0.44999999999999996,0.44999999999999996
fig3_risk_compensation,681.0,0.4,0,-3.3773861967694567,2,37,2.0,704.0,2026731037,0.44999999999999996,0.44999999999999996
fig3_risk_compensation,734.0,0.4,0,41.553133514986364,2,38,2.0,429.00000000000006,2026731038,0.44999999999999996,0.44999999999999996
fig3_risk_compensation,976.9999999999999,0.4,0,60.491299897645845,2,39,2.0,386.0,2026731039,0.44999999999999996,0.44999999999999996
fig3_risk_compensation,737.0,0.4,0,54.54545454545455,2,40,2.0,335.0,2026731040,0.44999999999999996,0.44999999999999996
fig3_risk_compensation,772.0,0.4,0,43.134715025906736,2,41,2.0,439.0,2026731041,0.44999999999999996,0.44999999999999996
fig3_risk_compensation,762.0,0.4,0,35.69553805774278,2,42,2.0,490.0,2026731042,0.44999999999999996,0.44999999999999996
fig3_risk_compensation,983.0,0.4,0,67.95523906408953,2,43,2.0,315.0,2026731043,0.44999999999999996,0.44999999999999996
fig3_risk_compensation,721.0,0.4,0,38.00277392510402,2,44,2.0,447.0,2026731044,0.44999999999999996,0.44999999999999996
fig3_risk_compensation,1235.0,0.4,0,69.79757085020243,2,45,2.0,373.0,2026731045,0.44999999999999996,0.44999999999999996
fig3_risk_compensation,722.0,0.4,0,14.958448753462603,2,46,2.0,614.0,2026731046,0.44999999999999996,0.44999999999999996
fig3_risk_compensation,984.0,0.4,0,69.3089430894309,2,47,2.0,302.0,2026731047,0.44999999999999996,0.44999999999999996
fig3_risk_compensation,677.0,0.4,0,42.68833087149188,2,48,2.0,388.0,2026731048,0.44999999999999996,0.44999999999999996
fig3_risk_compensation,1184.0,0.4,0,43.15878378378378,2,49,2.0,673.0,2026731049,0.44999999999999996,0.44999999999999996
fig3_risk_compensation,745.0,0.4,0,30.335570469798657,2,50,2.0,519.0,2026731050,0.44999999999999996,0.44999999999999996
fig3_risk_compensation,676.0,0.4,0,31.65680473372781,2,51,2.0,462.0,2026731051,0.44999999999999996,0.44999999999999996
fig3_risk_compensation,997.9999999999999,0.4,0,62.8256513026052,2,52,2.0,371.0,2026731052,0.44999999999999996,0.44999999999999996
fig3_risk_compensation,919.0,0.4,0,45.91947769314473,2,53,2.0,496.99999999999994,2026731053,0.44999999999999996,0.44999999999999996
fig3_risk_compensation,771.0,0.4,0,43.320363164721144,2,54,2.0,437.0,2026731054,0.44999999999999996,0.44999999999999996
fig3_risk_compensation,527.0,0.4,0,24.47817836812144,2,55,2.0,398.0,2026731055,0.44999999999999996,0.44999999999999996
fig3_risk_compensation,1006.0,0.4,0,58.4493041749503,2,56,2.0,417.99999999999994,2026731056,0.44999999999999996,0.44999999999999996
fig3_risk_compensation,1039.0,0.4,0,65.06256015399423,2,57,2.0,363.0,2026731057,0.44999999999999996,0.44999999999999996
fig3_risk_compensation,669.0,0.4,0,40.358744394618846,2,58,2.0,398.99999999999994,2026731058,0.44999999999999996,0.44999999999999996
fig3_risk_compensation,814.9999999999999,0.4,0,57.914110429447845,2,59,2.0,343.0,2026731059,0.44999999999999996,0.44999999999999996
fig3_risk_compensation,731.0,0.4,0,54.85636114911081,2,60,2.0,330.0,2026731060,0.44999999999999996,0.44999999999999996
fig3_risk_compensation,846.0,0.4,0,52.71867612293144,2,61,2.0,400.0,2026731061,0.44999999999999996,0.44999999999999996
fig3_risk_compensation,1028.0,0.4,0,38.81322957198444,2,62,2.0,629.0,2026731062,0.44999999999999996,0.44999999999999996
fig3_risk_compensation,897.0,0.4,0,72.01783723522854,2,63,2.0,251.0,2026731063,0.44999999999999996,0.44999999999999996
fig3_risk_compensation,915.0,0.4,0,39.89071038251366,2,64,2.0,550.0,2026731064,0.44999999999999996,0.44999999999999996
fig3_risk_compensation,1040.0,0.4,0,51.25,2,65,2.0,507.0,2026731065,0.44999999999999996,0.44999999999999996
fig3_risk_compensation,916.9999999999999,0.4,0,55.83424209378407,2,66,2.0,405.0,2026731066,0.44999999999999996,0.44999999999999996
fig3_risk_compensation,564.0,0.4,0,21.631205673758856,2,67,2.0,442.00000000000006,2026731067,0.44999999999999996,0.44999999999999996
fig3_risk_compensation,933.9999999999999,0.4,0,32.01284796573875,2,68,2.0,635.0,2026731068,0.44999999999999996,0.44999999999999996
fig3_risk_compensation,886.0,0.4,0,74.37923250564334,2,69,2.0,227.0,2026731069,0.44999999999999996,0.44999999999999996
fig3_risk_compensation,840.0,0.4,0,42.73809523809524,2,70,2.0,481.0,2026731070,0.44999999999999996,0.44999999999999996
fig3_risk_compensation,899.9999999999999,0.4,0,61.99999999999999,2,71,2.0,342.0,2026731071,0.44999999999999996,0.44999999999999996
fig3_risk_compensation,1029.0,0.4,0,50.048590864917394,2,72,2.0,514.0,2026731072,0.44999999999999996,0.44999999999999996
fig3_risk_compensation,760.0,0.4,0,42.36842105263158,2,73,2.0,438.0,2026731073,0.44999999999999996,0.44999999999999996
fig3_risk_compensation,909.0000000000001,0.4,0,53.79537953795381,2,74,2.0,420.0,2026731074,0.44999999999999996,0.44999999999999996
fig3_risk_compensation,747.0,0.4,0,39.62516733601071,2,75,2.0,451.0,2026731075,0.44999999999999996,0.44999999999999996
fig3_risk_compensation,723.0,0.4,0,9.12863070539419,2,76,2.0,657.0,2026731076,0.44999999999999996,0.44999999999999996
fig3_risk_compensation,667.0,0.4,0,47.82608695652174,2,77,2.0,348.0,2026731077,0.44999999999999996,0.44999999999999996
fig3_risk_compensation,652.0,0.4,0,27.14723926380368,2,78,2.0,475.0,2026731078,0.44999999999999996,0.44999999999999996
fig3_risk_compensation,909.0000000000001,0.4,0,70.95709570957096,2,79,2.0,264.0,2026731079,0.44999999999999996,0.44999999999999996
fig3_risk_compensation,837.0000000000001,0.4,0,36.678614097968946,2,80,2.0,530.0,2026731080,0.44999999999999996,0.44999999999999996
fig3_risk_compensation,706.0,0.4,0,43.484419263456104,2,81,2.0,398.99999999999994,2026731081,0.44999999999999996,0.44999999999999996
fig3_risk_compensation,741.0,0.4,0,44.12955465587046,2,82,2.0,413.99999999999994,2026731082,0.44999999999999996,0.44999999999999996
fig3_risk_compensation,1256.0,0.4,0,58.359872611464965,2,83,2.0,523.0,2026731083,0.44999999999999996,0.44999999999999996
fig3_risk_compensation,1004.0,0.4,0,58.66533864541832,2,84,2.0,415.0,2026731084,0.44999999999999996,0.44999999999999996
fig3_risk_compensation,895.0,0.4,0,48.93854748603352,2,85,2.0,457.0,2026731085,0.44999999999999996,0.44999999999999996
fig3_risk_compensation,1107.0,0.4,0,56.00722673893406,2,86,2.0,487.0,2026731086,0.44999999999999996,0.44999999999999996
fig3_risk_compensation,747.0,0.4,0,42.83801874163319,2,87,2.0,427.00000000000006,2026731087,0.44999999999999996,0.44999999999999996
fig3_risk_compensation,741.0,0.4,0,40.62078272604588,2,88,2.0,440.0,2026731088,0.44999999999999996,0.44999999999999996
fig3_risk_compensation,1148.0,0.4,0,66.02787456445994,2,89,2.0,390.0,2026731089,0.44999999999999996,0.44999999999999996
fig3_risk_compensation,903.9999999999999,0.4,0,38.93805309734512,2,90,2.0,552.0,2026731090,0.44999999999999996,0.44999999999999996
fig3_risk_compensation,691.0,0.4,0,29.95658465991318,2,91,2.0,483.99999999999994,2026731091,0.44999999999999996,0.44999999999999996
fig3_risk_compensation,886.0,0.4,0,33.408577878103834,2,92,2.0,590.0,2026731092,0.44999999999999996,0.44999999999999996
fig3_risk_compensation,740.0,0.4,0,5.945945945945946,2,93,2.0,696.0,2026731093,0.44999999999999996,0.44999999999999996
fig3_risk_compensation,903.0,0.4,0,59.35769656699889,2,94,2.0,367.0,2026731094,0.44999999999999996,0.44999999999999996
fig3_risk_compensation,760.0,0.4,0,41.57894736842104,2,95,2.0,444.00000000000006,2026731095,0.44999999999999996,0.44999999999999996
fig3_risk_compensation,892.0000000000001,0.4,0,18.60986547085203,2,96,2.0,726.0,2026731096,0.44999999999999996,0.44999999999999996
fig3_risk_compensation,1340.0,0.4,0,53.059701492537314,2,97,2.0,629.0,2026731097,0.44999999999999996,0.44999999999999996
fig3_risk_compensation,959.0,0.4,0,44.42127215849844,2,98,2.0,533.0,2026731098,0.44999999999999996,0.44999999999999996
fig3_risk_compensation,999.0000000000001,0.4,0,50.450450450450454,2,99,2.0,495.00000000000006,2026731099,0.44999999999999996,0.44999999999999996
fig3_risk_compensation,916.0,0.4,0,-0.8733624454148472,2,0,2.0,924.0,2026730000,0.3,0.3
fig3_risk_compensation,1129.0,0.4,0,12.223206377325067,2,1,2.0,991.0,2026730001,0.3,0.3
fig3_risk_compensation,494.0,0.4,0,-32.388663967611336,2,2,2.0,654.0,2026730002,0.3,0.3
fig3_risk_compensation,877.0,0.4,0,12.65678449258837,2,3,2.0,766.0,2026730003,0.3,0.3
fig3_risk_compensation,1022.0,0.4,0,33.07240704500978,2,4,2.0,684.0,2026730004,0.3,0.3
fig3_risk_compensation,1001.9999999999999,0.4,0,22.654690618762466,2,5,2.0,775.0,2026730005,0.3,0.3
fig3_risk_compensation,982.0000000000001,0.4,0,21.384928716904284,2,6,2.0,772.0,2026730006,0.3,0.3
fig3_risk_compensation,578.0,0.4,0,-64.18685121107266,2,7,2.0,949.0,2026730007,0.3,0.3
fig3_risk_compensation,701.0,0.4,0,14.693295292439373,2,8,2.0,598.0,2026730008,0.3,0.3
fig3_risk_compensation,710.0,0.4,0,-56.76056338028169,2,9,2.0,1113.0,2026730009,0.3,0.3
fig3_risk_compensation,1020.0000000000001,0.4,0,25.68627450980393,2,10,2.0,758.0,2026730010,0.3,0.3
fig3_risk_compensation,795.0,0.4,0,-43.899371069182386,2,11,2.0,1144.0,2026730011,0.3,0.3
fig3_risk_compensation,783.0,0.4,0,-17.879948914431672,2,12,2.0,923.0,2026730012,0.3,0.3
fig3_risk_compensation,698.0,0.4,0,-46.13180515759314,2,13,2.0,1020.0000000000001,2026730013,0.3,0.3
fig3_risk_compensation,584.0,0.4,0,-64.72602739726027,2,14,2.0,962.0,2026730014,0.3,0.3
fig3_risk_compensation,666.0,0.4,0,-45.1951951951952,2,15,2.0,967.0,2026730015,0.3,0.3
fig3_risk_compensation,708.0,0.4,0,14.265536723163843,2,16,2.0,607.0,2026730016,0.3,0.3
fig3_risk_compensation,886.9999999999999,0.4,0,22.77339346110484,2,17,2.0,685.0,2026730017,0.3,0.3
fig3_risk_compensation,801.0,0.4,0,-18.726591760299613,2,18,2.0,950.9999999999999,2026730018,0.3,0.3
fig3_risk_compensation,1030.0,0.4,0,23.203883495145632,2,19,2.0,791.0,2026730019,0.3,0.3
fig3_risk_compensation,858.0000000000001,0.4,0,-17.832167832167805,2,20,2.0,1010.9999999999999,2026730020,0.3,0.3
fig3_risk_compensation,831.0,0.4,0,9.50661853188929,2,21,2.0,752.0,2026730021,0.3,0.3
fig3_risk_compensation,627.0,0.4,0,9.88835725677831,2,22,2.0,565.0,2026730022,0.3,0.3
fig3_risk_compensation,912.0,0.4,0,11.403508771929825,2,23,2.0,808.0,2026730023,0.3,0.3
fig3_risk_compensation,1141.0,0.4,0,16.1262050832603,2,24,2.0,957.0,2026730024,0.3,0.3
fig3_risk_compensation,885.0,0.4,0,14.01129943502825,2,25,2.0,761.0,2026730025,0.3,0.3
fig3_risk_compensation,1000.0,0.4,0,20.600000000000012,2,26,2.0,793.9999999999999,2026730026,0.3,0.3
fig3_risk_compensation,767.0,0.4,0,-8.735332464146023,2,27,2.0,834.0,2026730027,0.3,0.3
fig3_risk_compensation,626.0,0.4,0,-20.926517571884983,2,28,2.0,757.0,2026730028,0.3,0.3
fig3_risk_compensation,774.0,0.4,0,-2.3255813953488373,2,29,2.0,792.0,2026730029,0.3,0.3
fig3_risk_compensation,1240.0,0.4,0,14.35483870967742,2,30,2.0,1062.0,2026730030,0.3,0.3
fig3_risk_compensation,827.9999999999999,0.4,0,-19.202898550724655,2,31,2.0,987.0,2026730031,0.3,0.3
fig3_risk_compensation,702.0,0.4,0,-1.7094017094017093,2,32,2.0,714.0,2026730032,0.3,0.3
fig3_risk_compensation,858.0000000000001,0.4,0,-17.7156177156177,2,33,2.0,1010.0,2026730033,0.3,0.3
fig3_risk_compensation,829.0,0.4,0,7.478890229191797,2,34,2.0,767.0,2026730034,0.3,0.3
fig3_risk_compensation,958.0,0.4,0,23.903966597077243,2,35,2.0,729.0,2026730035,0.3,0.3
fig3_risk_compensation,1035.0,0.4,0,13.140096618357488,2,36,2.0,899.0,2026730036,0.3,0.3
fig3_risk_compensation,782.0,0.4,0,-52.30179028132992,2,37,2.0,1191.0,2026730037,0.3,0.3
fig3_risk_compensation,982.0000000000001,0.4,0,-12.729124236252533,2,38,2.0,1107.0,2026730038,0.3,0.3
fig3_risk_compensation,911.0,0.4,0,-14.818880351262349,2,39,2.0,1046.0,2026730039,0.3,0.3
fig3_risk_compensation,742.0,0.4,0,-2.964959568733154,2,40,2.0,764.0,2026730040,0.3,0.3
fig3_risk_compensation,726.0,0.4,0,3.8567493112947657,2,41,2.0,698.0,2026730041,0.3,0.3
fig3_risk_compensation,935.0000000000001,0.4,0,42.13903743315509,2,42,2.0,541.0,2026730042,0.3,0.3
fig3_risk_compensation,603.0,0.4,0,21.890547263681594,2,43,2.0,471.0,2026730043,0.3,0.3
fig3_risk_compensation,534.0,0.4,0,-41.01123595505618,2,44,2.0,753.0,2026730044,0.3,0.3
fig3_risk_compensation,456.0,0.4,0,-66.00877192982456,2,45,2.0,757.0,2026730045,0.3,0.3
fig3_risk_compensation,536.0,0.4,0,-63.059701492537314,2,46,2.0,874.0,2026730046,0.3,0.3
fig3_risk_compensation,692.0,0.4,0,-53.03468208092485,2,47,2.0,1059.0,2026730047,0.3,0.3
fig3_risk_compensation,842.0,0.4,0,-8.788598574821853,2,48,2.0,916.0,2026730048,0.3,0.3
fig3_risk_compensation,780.0,0.4,0,31.41025641025641,2,49,2.0,535.0,2026730049,0.3,0.3
fig3_risk_compensation,894.0,0.4,0,5.369127516778524,2,50,2.0,846.0,2026730050,0.3,0.3
fig3_risk_compensation,937.0,0.4,0,13.233724653148347,2,51,2.0,813.0,2026730051,0.3,0.3
fig3_risk_compensation,793.0,0.4,0,-14.880201765447667,2,52,2.0,911.0,2026730052,0.3,0.3
fig3_risk_compensation,1310.0,0.4,0,16.641221374045802,2,53,2.0,1092.0,2026730053,0.3,0.3
fig3_risk_compensation,975.0,0.4,0,16.615384615384617,2,54,2.0,813.0,2026730054,0.3,0.3
fig3_risk_compensation,736.0,0.4,0,-19.565217391304348,2,55,2.0,880.0,2026730055,0.3,0.3
fig3_risk_compensation,992.0,0.4,0,-13.709677419354838,2,56,2.0,1128.0,2026730056,0.3,0.3
fig3_risk_compensation,1040.0,0.4,0,33.17307692307692,2,57,2.0,695.0,2026730057,0.3,0.3
fig3_risk_compensation,784.0,0.4,0,18.239795918367346,2,58,2.0,641.0,2026730058,0.3,0.3
fig3_risk_compensation,867.0000000000001,0.4,0,-15.801614763552465,2,59,2.0,1004.0,2026730059,0.3,0.3
fig3_risk_compensation,1318.0,0.4,0,47.72382397572079,2,60,2.0,689.0,2026730060,0.3,0.3
fig3_risk_compensation,1000.0,0.4,0,-8.9,2,61,2.0,1089.0,2026730061,0.3,0.3
fig3_risk_compensation,1186.0,0.4,0,16.104553119730184,2,62,2.0,995.0,2026730062,0.3,0.3
fig3_risk_compensation,1163.0,0.4,0,40.32674118658642,2,63,2.0,694.0,2026730063,0.3,0.3
fig3_risk_compensation,868.0,0.4,0,43.08755760368663,2,64,2.0,494.0,2026730064,0.3,0.3
fig3_risk_compensation,956.0000000000001,0.4,0,12.866108786610877,2,65,2.0,833.0000000000001,2026730065,0.3,0.3
fig3_risk_compensation,782.0,0.4,0,17.647058823529413,2,66,2.0,644.0,2026730066,0.3,0.3
fig3_risk_compensation,997.0,0.4,0,40.92276830491475,2,67,2.0,589.0,2026730067,0.3,0.3
fig3_risk_compensation,886.9999999999999,0.4,0,17.70011273957158,2,68,2.0,730.0,2026730068,0.3,0.3
fig3_risk_compensation,704.0,0.4,0,-4.403409090909091,2,69,2.0,735.0,2026730069,0.3,0.3
fig3_risk_compensation,787.0,0.4,0,-42.439644218551464,2,70,2.0,1121.0,2026730070,0.3,0.3
fig3_risk_compensation,523.0,0.4,0,18.35564053537284,2,71,2.0,427.00000000000006,2026730071,0.3,0.3
fig3_risk_compensation,736.0,0.4,0,29.483695652173914,2,72,2.0,519.0,2026730072,0.3,0.3
fig3_risk_compensation,1045.0,0.4,0,-1.0526315789473684,2,73,2.0,1056.0,2026730073,0.3,0.3
fig3_risk_compensation,625.0,0.4,0,-18.56,2,74,2.0,741.0,2026730074,0.3,0.3
fig3_risk_compensation,959.0,0.4,0,41.293013555787276,2,75,2.0,563.0,2026730075,0.3,0.3
fig3_risk_compensation,814.9999999999999,0.4,0,18.404907975460112,2,76,2.0,665.0,2026730076,0.3,0.3
fig3_risk_compensation,933.9999999999999,0.4,0,6.1027837259100535,2,77,2.0,877.0,2026730077,0.3,0.3
fig3_risk_compensation,976.0,0.4,0,-27.868852459016395,2,78,2.0,1248.0,2026730078,0.3,0.3
fig3_risk_compensation,791.0,0.4,0,-39.3173198482933,2,79,2.0,1102.0,2026730079,0.3,0.3
fig3_risk_compensation,685.0,0.4,0,-38.39416058394162,2,80,2.0,948.0000000000001,2026730080,0.3,0.3
fig3_risk_compensation,906.0,0.4,0,15.562913907284768,2,81,2.0,765.0,2026730081,0.3,0.3
fig3_risk_compensation,984.0,0.4,0,0.30487804878049934,2,82,2.0,980.9999999999999,2026730082,0.3,0.3
fig3_risk_compensation,976.0,0.4,0,1.5368852459016393,2,83,2.0,961.0,2026730083,0.3,0.3
fig3_risk_compensation,940.0,0.4,0,21.80851063829787,2,84,2.0,735.0,2026730084,0.3,0.3
fig3_risk_compensation,631.0,0.4,0,-24.088748019017434,2,85,2.0,783.0,2026730085,0.3,0.3
fig3_risk_compensation,901.0000000000001,0.4,0,-22.64150943396225,2,86,2.0,1105.0,2026730086,0.3,0.3
fig3_risk_compensation,793.9999999999999,0.4,0,-17.758186397984918,2,87,2.0,935.0000000000001,2026730087,0.3,0.3
fig3_risk_compensation,711.0,0.4,0,-24.47257383966245,2,88,2.0,885.0,2026730088,0.3,0.3
fig3_risk_compensation,908.0,0.4,0,16.18942731277533,2,89,2.0,761.0,2026730089,0.3,0.3
fig3_risk_compensation,598.0,0.4,0,-26.923076923076923,2,90,2.0,759.0,2026730090,0.3,0.3
fig3_risk_compensation,545.0,0.4,0,-32.6605504587156,2,91,2.0,723.0,2026730091,0.3,0.3
fig3_risk_compensation,782.0,0.4,0,-5.370843989769835,2,92,2.0,824.0000000000001,2026730092,0.3,0.3
fig3_risk_compensation,783.0,0.4,0,-9.83397190293742,2,93,2.0,860.0,2026730093,0.3,0.3
fig3_risk_compensation,941.0,0.4,0,41.2327311370882,2,94,2.0,553.0,2026730094,0.3,0.3
fig3_risk_compensation,955.0,0.4,0,5.863874345549738,2,95,2.0,899.0,2026730095,0.3,0.3
fig3_risk_compensation,1020.0000000000001,0.4,0,20.294117647058833,2,96,2.0,813.0,2026730096,0.3,0.3
fig3_risk_compensation,915.0,0.4,0,5.24590163934425,2,97,2.0,867.0000000000001,2026730097,0.3,0.3
fig3_risk_compensation,813.0,0.4,0,26.69126691266913,2,98,2.0,596.0,2026730098,0.3,0.3
fig3_risk_compensation,912.0,0.4,0,-6.798245614035087,2,99,2.0,974.0,2026730099,0.3,0.3
fig3_risk_compensation,754.0,0.4,0,84.61538461538461,2,0,2.0,116.0,2026734000,0.9,0.9
fig3_risk_compensation,999.0000000000001,0.4,0,78.47847847847848,2,1,2.0,215.0,2026734001,0.9,0.9
fig3_risk_compensation,596.0,0.4,0,59.395973154362416,2,2,2.0,241.99999999999997,2026734002,0.9,0.9
fig3_risk_compensation,790.0000000000001,0.4,0,74.30379746835443,2,3,2.0,203.0,2026734003,0.9,0.9
fig3_risk_compensation,912.0,0.4,0,71.2719298245614,2,4,2.0,262.0,2026734004,0.9,0.9
fig3_risk_compensation,618.0,0.4,0,73.30097087378641,2,5,2.0,165.0,2026734005,0.9,0.9
fig3_risk_compensation,664.0,0.4,0,65.96385542168674,2,6,2.0,225.99999999999997,2026734006,0.9,0.9
fig3_risk_compensation,685.0,0.4,0,70.36496350364963,2,7,2.0,203.0,2026734007,0.9,0.9
fig3_risk_compensation,773.0,0.4,0,73.35058214747735,2,8,2.0,206.00000000000003,2026734008,0.9,0.9
fig3_risk_compensation,1059.0,0.4,0,81.86968838526913,2,9,2.0,192.0,2026734009,0.9,0.9
fig3_risk_compensation,878.9999999999999,0.4,0,71.21729237770192,2,10,2.0,253.0,2026734010,0.9,0.9
fig3_risk_compensation,1043.0,0.4,0,70.46979865771812,2,11,2.0,308.0,2026734011,0.9,0.9
fig3_risk_compensation,1043.0,0.4,0,80.15340364333653,2,12,2.0,206.99999999999997,2026734012,0.9,0.9
fig3_risk_compensation,621.0,0.4,0,56.19967793880837,2,13,2.0,272.0,2026734013,0.9,0.9
fig3_risk_compensation,1250.0,0.4,0,88.08,2,14,2.0,149.0,2026734014,0.9,0.9
fig3_risk_compensation,1014.0,0.4,0,77.7120315581854,2,15,2.0,225.99999999999997,2026734015,0.9,0.9
fig3_risk_compensation,976.0,0.4,0,82.58196721311475,2,16,2.0,170.0,2026734016,0.9,0.9
fig3_risk_compensation,488.0,0.4,0,64.34426229508196,2,17,2.0,174.0,2026734017,0.9,0.9
fig3_risk_compensation,752.0,0.4,0,79.25531914893617,2,18,2.0,156.0,2026734018,0.9,0.9
fig3_risk_compensation,623.0,0.4,0,73.35473515248796,2,19,2.0,166.0,2026734019,0.9,0.9
fig3_risk_compensation,739.0,0.4,0,73.20703653585927,2,20,2.0,198.0,2026734020,0.9,0.9
fig3_risk_compensation,579.0,0.4,0,73.40241796200345,2,21,2.0,154.0,2026734021,0.9,0.9
fig3_risk_compensation,738.0,0.4,0,87.8048780487805,2,22,2.0,90.0,2026734022,0.9,0.9
fig3_risk_compensation,739.0,0.4,0,75.91339648173206,2,23,2.0,178.0,2026734023,0.9,0.9
fig3_risk_compensation,871.0000000000001,0.4,0,80.82663605051665,2,24,2.0,167.0,2026734024,0.9,0.9
fig3_risk_compensation,1317.0,0.4,0,85.041761579347,2,25,2.0,197.0,2026734025,0.9,0.9
fig3_risk_compensation,681.0,0.4,0,62.99559471365639,2,26,2.0,252.0,2026734026,0.9,0.9
fig3_risk_compensation,1049.0,0.4,0,76.45376549094375,2,27,2.0,247.0,2026734027,0.9,0.9
fig3_risk_compensation,781.0,0.4,0,71.83098591549296,2,28,2.0,220.0,2026734028,0.9,0.9
fig3_risk_compensation,990.0000000000001,0.4,0,78.08080808080808,2,29,2.0,217.0,2026734029,0.9,0.9
fig3_risk_compensation,813.0,0.4,0,73.67773677736777,2,30,2.0,214.0,2026734030,0.9,0.9
fig3_risk_compensation,1021.0,0.4,0,87.16944172380019,2,31,2.0,131.0,2026734031,0.9,0.9
fig3_risk_compensation,882.0,0.4,0,78.57142857142857,2,32,2.0,189.0,2026734032,0.9,0.9
fig3_risk_compensation,824.0000000000001,0.4,0,74.27184466019418,2,33,2.0,212.0,2026734033,0.9,0.9
fig3_risk_compensation,895.0,0.4,0,71.28491620111731,2,34,2.0,257.0,2026734034,0.9,0.9
fig3_risk_compensation,738.0,0.4,0,78.04878048780488,2,35,2.0,162.0,2026734035,0.9,0.9
fig3_risk_compensation,1052.0,0.4,0,82.69961977186311,2,36,2.0,182.0,2026734036,0.9,0.9
fig3_risk_compensation,822.0,0.4,0,75.30413625304136,2,37,2.0,203.0,2026734037,0.9,0.9
fig3_risk_compensation,876.0,0.4,0,78.08219178082192,2,38,2.0,192.0,2026734038,0.9,0.9
fig3_risk_compensation,874.0,0.4,0,74.48512585812357,2,39,2.0,223.00000000000003,2026734039,0.9,0.9
fig3_risk_compensation,615.0,0.4,0,64.8780487804878,2,40,2.0,216.0,2026734040,0.9,0.9
fig3_risk_compensation,1332.0,0.4,0,87.46246246246247,2,41,2.0,167.0,2026734041,0.9,0.9
fig3_risk_compensation,763.0,0.4,0,66.71035386631716,2,42,2.0,254.00000000000003,2026734042,0.9,0.9
fig3_risk_compensation,1034.0,0.4,0,73.11411992263056,2,43,2.0,278.0,2026734043,0.9,0.9
fig3_risk_compensation,1113.0,0.4,0,82.30008984725966,2,44,2.0,197.0,2026734044,0.9,0.9
fig3_risk_compensation,698.0,0.4,0,74.78510028653295,2,45,2.0,176.0,2026734045,0.9,0.9
fig3_risk_compensation,844.9999999999999,0.4,0,78.698224852071,2,46,2.0,180.0,2026734046,0.9,0.9
fig3_risk_compensation,1299.0,0.4,0,80.52347959969207,2,47,2.0,253.0,2026734047,0.9,0.9
fig3_risk_compensation,779.0,0.4,0,69.70474967907573,2,48,2.0,236.0,2026734048,0.9,0.9
fig3_risk_compensation,765.0,0.4,0,67.97385620915033,2,49,2.0,245.0,2026734049,0.9,0.9
fig3_risk_compensation,1199.0,0.4,0,79.81651376146789,2,50,2.0,241.99999999999997,2026734050,0.9,0.9
fig3_risk_compensation,1110.0,0.4,0,79.36936936936937,2,51,2.0,229.0,2026734051,0.9,0.9
fig3_risk_compensation,714.0,0.4,0,72.82913165266106,2,52,2.0,194.0,2026734052,0.9,0.9
fig3_risk_compensation,665.0,0.4,0,79.69924812030075,2,53,2.0,135.0,2026734053,0.9,0.9
fig3_risk_compensation,841.0000000000001,0.4,0,74.55410225921523,2,54,2.0,214.0,2026734054,0.9,0.9
fig3_risk_compensation,677.0,0.4,0,71.63958641063516,2,55,2.0,192.0,2026734055,0.9,0.9
fig3_risk_compensation,684.0,0.4,0,80.55555555555556,2,56,2.0,133.0,2026734056,0.9,0.9
fig3_risk_compensation,539.0,0.4,0,60.29684601113173,2,57,2.0,214.0,2026734057,0.9,0.9
fig3_risk_compensation,886.0,0.4,0,62.64108352144469,2,58,2.0,331.0,2026734058,0.9,0.9
fig3_risk_compensation,903.0,0.4,0,73.75415282392026,2,59,2.0,237.00000000000003,2026734059,0.9,0.9
fig3_risk_compensation,605.0,0.4,0,66.11570247933884,2,60,2.0,205.00000000000003,2026734060,0.9,0.9
fig3_risk_compensation,1032.0,0.4,0,84.39922480620154,2,61,2.0,161.0,2026734061,0.9,0.9
fig3_risk_compensation,972.0,0.4,0,79.83539094650206,2,62,2.0,196.0,2026734062,0.9,0.9
fig3_risk_compensation,867.0000000000001,0.4,0,66.8973471741638,2,63,2.0,287.0,2026734063,0.9,0.9
fig3_risk_compensation,639.0,0.4,0,76.99530516431925,2,64,2.0,147.0,2026734064,0.9,0.9
fig3_risk_compensation,841.0000000000001,0.4,0,73.72175980975031,2,65,2.0,221.00000000000003,2026734065,0.9,0.9
fig3_risk_compensation,653.0,0.4,0,69.21898928024503,2,66,2.0,201.0,2026734066,0.9,0.9
fig3_risk_compensation,698.0,0.4,0,75.07163323782235,2,67,2.0,174.0,2026734067,0.9,0.9
fig3_risk_compensation,1072.0,0.4,0,77.05223880597015,2,68,2.0,246.0,2026734068,0.9,0.9
fig3_risk_compensation,882.9999999999999,0.4,0,76.89694224235559,2,69,2.0,204.00000000000003,2026734069,0.9,0.9
fig3_risk_compensation,747.0,0.4,0,86.21151271753682,2,70,2.0,103.00000000000001,2026734070,0.9,0.9
fig3_risk_compensation,783.0,0.4,0,66.66666666666667,2,71,2.0,261.0,2026734071,0.9,0.9
fig3_risk_compensation,761.0,0.4,0,76.47831800262811,2,72,2.0,179.0,2026734072,0.9,0.9
fig3_risk_compensation,976.9999999999999,0.4,0,84.44216990788127,2,73,2.0,152.0,2026734073,0.9,0.9
fig3_risk_compensation,644.0,0.4,0,64.90683229813665,2,74,2.0,225.99999999999997,2026734074,0.9,0.9
fig3_risk_compensation,996.0,0.4,0,78.714859437751,2,75,2.0,212.0,2026734075,0.9,0.9
fig3_risk_compensation,850.0000000000001,0.4,0,76.47058823529413,2,76,2.0,200.0,2026734076,0.9,0.9
fig3_risk_compensation,1003.0000000000001,0.4,0,75.3738783649053,2,77,2.0,247.0,2026734077,0.9,0.9
fig3_risk_compensation,660.0,0.4,0,73.18181818181819,2,78,2.0,177.0,2026734078,0.9,0.9
fig3_risk_compensation,824.0000000000001,0.4,0,74.63592233009709,2,79,2.0,208.99999999999997,2026734079,0.9,0.9
fig3_risk_compensation,1042.0,0.4,0,78.50287907869482,2,80,2.0,223.99999999999997,2026734080,0.9,0.9
fig3_risk_compensation,665.0,0.4,0,72.03007518796993,2,81,2.0,186.0,2026734081,0.9,0.9
fig3_risk_compensation,628.0,0.4,0,64.64968152866243,2,82,2.0,222.00000000000003,2026734082,0.9,0.9
fig3_risk_compensation,1186.0,0.4,0,79.76391231028668,2,83,2.0,239.99999999999997,2026734083,0.9,0.9
fig3_risk_compensation,902.0,0.4,0,78.27050997782705,2,84,2.0,196.0,2026734084,0.9,0.9
fig3_risk_compensation,734.0,0.4,0,75.88555858310627,2,85,2.0,177.0,2026734085,0.9,0.9
fig3_risk_compensation,738.0,0.4,0,76.15176151761517,2,86,2.0,176.0,2026734086,0.9,0.9
fig3_risk_compensation,751.0,0.4,0,76.69773635153129,2,87,2.0,175.0,2026734087,0.9,0.9
fig3_risk_compensation,742.0,0.4,0,78.84097035040432,2,88,2.0,157.0,2026734088,0.9,0.9
fig3_risk_compensation,859.0,0.4,0,82.77066356228173,2,89,2.0,148.0,2026734089,0.9,0.9
fig3_risk_compensation,793.0,0.4,0,70.11349306431273,2,90,2.0,237.00000000000003,2026734090,0.9,0.9
fig3_risk_compensation,639.0,0.4,0,70.89201877934272,2,91,2.0,186.0,2026734091,0.9,0.9
fig3_risk_compensation,755.0,0.4,0,75.23178807947019,2,92,2.0,187.0,2026734092,0.9,0.9
fig3_risk_compensation,1054.0,0.4,0,79.69639468690703,2,93,2.0,214.0,2026734093,0.9,0.9
fig3_risk_compensation,851.0,0.4,0,68.86016451233843,2,94,2.0,265.0,2026734094,0.9,0.9
fig3_risk_compensation,1032.0,0.4,0,77.32558139534883,2,95,2.0,234.0,2026734095,0.9,0.9
fig3_risk_compensation,928.0,0.4,0,74.24568965517241,2,96,2.0,239.00000000000003,2026734096,0.9,0.9
fig3_risk_compensation,783.0,0.4,0,76.24521072796935,2,97,2.0,186.0,2026734097,0.9,0.9
fig3_risk_compensation,793.0,0.4,0,74.40100882723833,2,98,2.0,203.0,2026734098,0.9,0.9
fig3_risk_compensation,841.0000000000001,0.4,0,80.61831153388823,2,99,2.0,163.0,2026734099,0.9,0.9
fig3_risk_compensation,673.0,0.4,0,-141.90193164933135,2,0,2.0,1628.0,2026729000,0.15,0.15
fig3_risk_compensation,984.9999999999999,0.4,0,-85.88832487309647,2,1,2.0,1831.0,2026729001,0.15,0.15
fig3_risk_compensation,586.0,0.4,0,-176.4505119453925,2,2,2.0,1620.0,2026729002,0.15,0.15
fig3_risk_compensation,579.0,0.4,0,-264.07599309153716,2,3,2.0,2108.0,2026729003,0.15,0.15
fig3_risk_compensation,982.0000000000001,0.4,0,-121.0794297352342,2,4,2.0,2171.0,2026729004,0.15,0.15
fig3_risk_compensation,1006.0,0.4,0,-126.34194831013916,2,5,2.0,2277.0,2026729005,0.15,0.15
fig3_risk_compensation,929.0,0.4,0,-110.76426264800861,2,6,2.0,1958.0,2026729006,0.15,0.15
fig3_risk_compensation,1183.0,0.4,0,-51.22569737954353,2,7,2.0,1789.0,2026729007,0.15,0.15
fig3_risk_compensation,1006.0,0.4,0,-74.05566600397617,2,8,2.0,1751.0000000000002,2026729008,0.15,0.15
fig3_risk_compensation,897.0,0.4,0,-198.43924191750278,2,9,2.0,2677.0,2026729009,0.15,0.15
fig3_risk_compensation,713.0,0.4,0,-323.42215988779805,2,10,2.0,3019.0,2026729010,0.15,0.15
fig3_risk_compensation,669.0,0.4,0,-220.62780269058297,2,11,2.0,2145.0,2026729011,0.15,0.15
fig3_risk_compensation,1016.0000000000001,0.4,0,-78.44488188976375,2,12,2.0,1813.0,2026729012,0.15,0.15
fig3_risk_compensation,754.0,0.4,0,-198.6737400530504,2,13,2.0,2252.0,2026729013,0.15,0.15
fig3_risk_compensation,839.0,0.4,0,-79.14183551847438,2,14,2.0,1503.0,2026729014,0.15,0.15
fig3_risk_compensation,557.0,0.4,0,-173.07001795332135,2,15,2.0,1521.0,2026729015,0.15,0.15
fig3_risk_compensation,670.0,0.4,0,-71.7910447761194,2,16,2.0,1151.0,2026729016,0.15,0.15
fig3_risk_compensation,790.0000000000001,0.4,0,-104.68354430379743,2,17,2.0,1617.0,2026729017,0.15,0.15
fig3_risk_compensation,830.0,0.4,0,-79.63855421686748,2,18,2.0,1491.0,2026729018,0.15,0.15
fig3_risk_compensation,971.0,0.4,0,-71.4727085478888,2,19,2.0,1665.0000000000002,2026729019,0.15,0.15
fig3_risk_compensation,708.0,0.4,0,-183.1920903954802,2,20,2.0,2004.9999999999998,2026729020,0.15,0.15
fig3_risk_compensation,952.0000000000001,0.4,0,-139.390756302521,2,21,2.0,2279.0,2026729021,0.15,0.15
fig3_risk_compensation,1086.0,0.4,0,-47.88213627992636,2,22,2.0,1606.0000000000002,2026729022,0.15,0.15
fig3_risk_compensation,780.0,0.4,0,-72.6923076923077,2,23,2.0,1347.0,2026729023,0.15,0.15
fig3_risk_compensation,730.0,0.4,0,-134.1095890410959,2,24,2.0,1709.0,2026729024,0.15,0.15
fig3_risk_compensation,1066.0,0.4,0,-50.093808630393994,2,25,2.0,1600.0,2026729025,0.15,0.15
fig3_risk_compensation,884.0000000000001,0.4,0,-75.45248868778278,2,26,2.0,1551.0,2026729026,0.15,0.15
fig3_risk_compensation,755.0,0.4,0,-160.79470198675497,2,27,2.0,1969.0,2026729027,0.15,0.15
fig3_risk_compensation,697.0,0.4,0,-202.58249641319944,2,28,2.0,2109.0,2026729028,0.15,0.15
fig3_risk_compensation,776.0,0.4,0,-106.31443298969072,2,29,2.0,1601.0,2026729029,0.15,0.15
fig3_risk_compensation,991.0,0.4,0,-150.8577194752775,2,30,2.0,2486.0,2026729030,0.15,0.15
fig3_risk_compensation,962.0,0.4,0,-64.86486486486487,2,31,2.0,1586.0,2026729031,0.15,0.15
fig3_risk_compensation,692.0,0.4,0,-202.45664739884393,2,32,2.0,2093.0,2026729032,0.15,0.15
fig3_risk_compensation,1058.0,0.4,0,-133.64839319470698,2,33,2.0,2472.0,2026729033,0.15,0.15
fig3_risk_compensation,743.0,0.4,0,-109.15208613728129,2,34,2.0,1554.0,2026729034,0.15,0.15
fig3_risk_compensation,801.9999999999999,0.4,0,-120.6982543640898,2,35,2.0,1770.0,2026729035,0.15,0.15
fig3_risk_compensation,895.9999999999999,0.4,0,-73.1026785714286,2,36,2.0,1551.0,2026729036,0.15,0.15
fig3_risk_compensation,835.9999999999999,0.4,0,-95.45454545454548,2,37,2.0,1634.0,2026729037,0.15,0.15
fig3_risk_compensation,589.0,0.4,0,-72.15619694397283,2,38,2.0,1014.0,2026729038,0.15,0.15
fig3_risk_compensation,1068.0,0.4,0,-51.029962546816456,2,39,2.0,1612.9999999999998,2026729039,0.15,0.15
fig3_risk_compensation,749.0,0.4,0,-212.283044058745,2,40,2.0,2339.0,2026729040,0.15,0.15
fig3_risk_compensation,987.0,0.4,0,-72.13779128672749,2,41,2.0,1699.0000000000002,2026729041,0.15,0.15
fig3_risk_compensation,932.0,0.4,0,-110.1931330472103,2,42,2.0,1959.0,2026729042,0.15,0.15
fig3_risk_compensation,888.0000000000001,0.4,0,-208.33333333333331,2,43,2.0,2738.0,2026729043,0.15,0.15
fig3_risk_compensation,938.0,0.4,0,-92.11087420042647,2,44,2.0,1802.0000000000002,2026729044,0.15,0.15
fig3_risk_compensation,755.0,0.4,0,-136.4238410596027,2,45,2.0,1785.0000000000002,2026729045,0.15,0.15
fig3_risk_compensation,776.0,0.4,0,-109.79381443298969,2,46,2.0,1628.0,2026729046,0.15,0.15
fig3_risk_compensation,933.9999999999999,0.4,0,-97.43040685224844,2,47,2.0,1844.0000000000002,2026729047,0.15,0.15
fig3_risk_compensation,617.0,0.4,0,-304.05186385737437,2,48,2.0,2493.0,2026729048,0.15,0.15
fig3_risk_compensation,778.0,0.4,0,-146.52956298200513,2,49,2.0,1918.0,2026729049,0.15,0.15
fig3_risk_compensation,1128.0,0.4,0,-117.81914893617021,2,50,2.0,2457.0,2026729050,0.15,0.15
fig3_risk_compensation,1037.0,0.4,0,-67.11668273866927,2,51,2.0,1733.0000000000002,2026729051,0.15,0.15
fig3_risk_compensation,1004.0,0.4,0,-102.29083665338648,2,52,2.0,2031.0000000000002,2026729052,0.15,0.15
fig3_risk_compensation,1178.0,0.4,0,-87.69100169779287,2,53,2.0,2211.0,2026729053,0.15,0.15
fig3_risk_compensation,676.0,0.4,0,-301.03550295857985,2,54,2.0,2711.0,2026729054,0.15,0.15
fig3_risk_compensation,842.0,0.4,0,-144.65558194774346,2,55,2.0,2060.0,2026729055,0.15,0.15
fig3_risk_compensation,854.0000000000001,0.4,0,-165.807962529274,2,56,2.0,2270.0,2026729056,0.15,0.15
fig3_risk_compensation,1076.0,0.4,0,-79.08921933085502,2,57,2.0,1927.0,2026729057,0.15,0.15
fig3_risk_compensation,919.0,0.4,0,-123.3949945593036,2,58,2.0,2053.0,2026729058,0.15,0.15
fig3_risk_compensation,717.0,0.4,0,-172.94281729428172,2,59,2.0,1957.0,2026729059,0.15,0.15
fig3_risk_compensation,741.0,0.4,0,-98.78542510121457,2,60,2.0,1473.0,2026729060,0.15,0.15
fig3_risk_compensation,673.0,0.4,0,-153.64041604754826,2,61,2.0,1706.9999999999998,2026729061,0.15,0.15
fig3_risk_compensation,831.0,0.4,0,-127.91817087845965,2,62,2.0,1893.9999999999998,2026729062,0.15,0.15
fig3_risk_compensation,618.0,0.4,0,-121.84466019417475,2,63,2.0,1371.0,2026729063,0.15,0.15
fig3_risk_compensation,810.0,0.4,0,-70.0,2,64,2.0,1377.0,2026729064,0.15,0.15
fig3_risk_compensation,987.0,0.4,0,-124.3161094224924,2,65,2.0,2214.0,2026729065,0.15,0.15
fig3_risk_compensation,1049.0,0.4,0,-109.53288846520496,2,66,2.0,2198.0,2026729066,0.15,0.15
fig3_risk_compensation,971.0,0.4,0,-84.96395468589084,2,67,2.0,1796.0,2026729067,0.15,0.15
fig3_risk_compensation,823.0,0.4,0,-168.89428918590522,2,68,2.0,2213.0,2026729068,0.15,0.15
fig3_risk_compensation,886.0,0.4,0,-98.87133182844244,2,69,2.0,1762.0,2026729069,0.15,0.15
fig3_risk_compensation,577.0,0.4,0,-282.6689774696707,2,70,2.0,2208.0,2026729070,0.15,0.15
fig3_risk_compensation,807.0000000000001,0.4,0,-131.84634448574968,2,71,2.0,1871.0,2026729071,0.15,0.15
fig3_risk_compensation,818.9999999999999,0.4,0,-86.69108669108672,2,72,2.0,1529.0,2026729072,0.15,0.15
fig3_risk_compensation,986.0000000000001,0.4,0,-146.55172413793102,2,73,2.0,2431.0,2026729073,0.15,0.15
fig3_risk_compensation,942.9999999999999,0.4,0,-104.34782608695654,2,74,2.0,1927.0,2026729074,0.15,0.15
fig3_risk_compensation,857.0,0.4,0,-93.23220536756122,2,75,2.0,1655.9999999999998,2026729075,0.15,0.15
fig3_risk_compensation,1361.0,0.4,0,-41.0727406318883,2,76,2.0,1919.9999999999998,2026729076,0.15,0.15
fig3_risk_compensation,827.9999999999999,0.4,0,-176.20772946859907,2,77,2.0,2287.0,2026729077,0.15,0.15
fig3_risk_compensation,1147.0,0.4,0,-75.23975588491717,2,78,2.0,2010.0,2026729078,0.15,0.15
fig3_risk_compensation,692.0,0.4,0,-142.63005780346822,2,79,2.0,1679.0,2026729079,0.15,0.15
fig3_risk_compensation,1126.0,0.4,0,-87.03374777975134,2,80,2.0,2106.0,2026729080,0.15,0.15
fig3_risk_compensation,996.0,0.4,0,-151.80722891566265,2,81,2.0,2508.0,2026729081,0.15,0.15
fig3_risk_compensation,766.0,0.4,0,-208.61618798955612,2,82,2.0,2364.0,2026729082,0.15,0.15
fig3_risk_compensation,632.0,0.4,0,-208.86075949367088,2,83,2.0,1952.0,2026729083,0.15,0.15
fig3_risk_compensation,907.0,0.4,0,-64.38809261300992,2,84,2.0,1491.0,2026729084,0.15,0.15
fig3_risk_compensation,638.0,0.4,0,-160.65830721003135,2,85,2.0,1663.0,2026729085,0.15,0.15
fig3_risk_compensation,1115.0,0.4,0,-80.44843049327355,2,86,2.0,2012.0,2026729086,0.15,0.15
fig3_risk_compensation,1161.0,0.4,0,-80.53402239448751,2,87,2.0,2096.0,2026729087,0.15,0.15
fig3_risk_compensation,873.0,0.4,0,-64.14662084765177,2,88,2.0,1433.0,2026729088,0.15,0.15
fig3_risk_compensation,869.9999999999999,0.4,0,-162.29885057471267,2,89,2.0,2282.0,2026729089,0.15,0.15
fig3_risk_compensation,962.0,0.4,0,-158.1081081081081,2,90,2.0,2483.0,2026729090,0.15,0.15
fig3_risk_compensation,912.0,0.4,0,-60.6359649122807,2,91,2.0,1465.0,2026729091,0.15,0.15
fig3_risk_compensation,777.0,0.4,0,-201.67310167310168,2,92,2.0,2344.0,2026729092,0.15,0.15
fig3_risk_compensation,827.0,0.4,0,-99.03264812575574,2,93,2.0,1646.0,2026729093,0.15,0.15
fig3_risk_compensation,720.0,0.4,0,-178.3333333333333,2,94,2.0,2003.9999999999998,2026729094,0.15,0.15
fig3_risk_compensation,859.0,0.4,0,-221.42025611175785,2,95,2.0,2761.0,2026729095,0.15,0.15
fig3_risk_compensation,957.0,0.4,0,-52.35109717868338,2,96,2.0,1458.0,2026729096,0.15,0.15
fig3_risk_compensation,741.0,0.4,0,-224.96626180836708,2,97,2.0,2408.0,2026729097,0.15,0.15
fig3_risk_compensation,517.0,0.4,0,-293.42359767891685,2,98,2.0,2034.0,2026729098,0.15,0.15
fig3_risk_compensation,749.0,0.4,0,-106.94259012016022,2,99,2.0,1550.0,2026729099,0.15,0.15
fig3_risk_compensation,712.0,0.4,0,-631.1797752808989,2,0,2.0,5206.0,2026728000,0.0,0.0
fig3_risk_compensation,648.0,0.4,0,-420.52469135802477,2,1,2.0,3373.0000000000005,2026728001,0.0,0.0
fig3_risk_compensation,762.0,0.4,0,-805.6430446194225,2,2,2.0,6901.0,2026728002,0.0,0.0
fig3_risk_compensation,620.0,0.4,0,-677.258064516129,2,3,2.0,4819.0,2026728003,0.0,0.0
fig3_risk_compensation,861.9999999999999,0.4,0,-325.986078886311,2,4,2.0,3672.0000000000005,2026728004,0.0,0.0
fig3_risk_compensation,858.0000000000001,0.4,0,-529.7202797202797,2,5,2.0,5403.0,2026728005,0.0,0.0
fig3_risk_compensation,735.0,0.4,0,-421.36054421768705,2,6,2.0,3832.0,2026728006,0.0,0.0
fig3_risk_compensation,851.0,0.4,0,-466.1574618096357,2,7,2.0,4818.0,2026728007,0.0,0.0
fig3_risk_compensation,1195.0,0.4,0,-330.87866108786613,2,8,2.0,5149.0,2026728008,0.0,0.0
fig3_risk_compensation,999.0000000000001,0.4,0,-381.4814814814814,2,9,2.0,4810.0,2026728009,0.0,0.0
fig3_risk_compensation,1025.0,0.4,0,-473.9512195121951,2,10,2.0,5883.0,2026728010,0.0,0.0
fig3_risk_compensation,781.0,0.4,0,-716.7733674775928,2,11,2.0,6379.0,2026728011,0.0,0.0
fig3_risk_compensation,1096.0,0.4,0,-478.2846715328468,2,12,2.0,6338.000000000001,2026728012,0.0,0.0
fig3_risk_compensation,745.0,0.4,0,-516.2416107382551,2,13,2.0,4591.0,2026728013,0.0,0.0
fig3_risk_compensation,986.0000000000001,0.4,0,-567.6470588235294,2,14,2.0,6583.0,2026728014,0.0,0.0
fig3_risk_compensation,1121.0,0.4,0,-327.65388046387153,2,15,2.0,4794.0,2026728015,0.0,0.0
fig3_risk_compensation,840.0,0.4,0,-558.9285714285714,2,16,2.0,5535.0,2026728016,0.0,0.0
fig3_risk_compensation,726.0,0.4,0,-408.8154269972452,2,17,2.0,3694.0,2026728017,0.0,0.0
fig3_risk_compensation,692.0,0.4,0,-518.3526011560693,2,18,2.0,4279.0,2026728018,0.0,0.0
fig3_risk_compensation,711.0,0.4,0,-416.31504922644166,2,19,2.0,3671.0,2026728019,0.0,0.0
fig3_risk_compensation,1014.9999999999999,0.4,0,-508.37438423645324,2,20,2.0,6175.0,2026728020,0.0,0.0
fig3_risk_compensation,694.0,0.4,0,-435.1585014409222,2,21,2.0,3714.0,2026728021,0.0,0.0
fig3_risk_compensation,555.0,0.4,0,-841.6216216216217,2,22,2.0,5226.0,2026728022,0.0,0.0
fig3_risk_compensation,1012.0,0.4,0,-268.6758893280633,2,23,2.0,3731.0000000000005,2026728023,0.0,0.0
fig3_risk_compensation,1028.0,0.4,0,-364.2023346303502,2,24,2.0,4772.0,2026728024,0.0,0.0
fig3_risk_compensation,813.0,0.4,0,-611.6851168511685,2,25,2.0,5786.0,2026728025,0.0,0.0
fig3_risk_compensation,1106.0,0.4,0,-285.3526220614828,2,26,2.0,4262.0,2026728026,0.0,0.0
fig3_risk_compensation,620.0,0.4,0,-698.7096774193549,2,27,2.0,4952.0,2026728027,0.0,0.0
fig3_risk_compensation,1247.0,0.4,0,-287.89093825180436,2,28,2.0,4837.0,2026728028,0.0,0.0
fig3_risk_compensation,861.9999999999999,0.4,0,-585.8468677494201,2,29,2.0,5912.0,2026728029,0.0,0.0
fig3_risk_compensation,1021.0,0.4,0,-258.76591576885414,2,30,2.0,3663.0000000000005,2026728030,0.0,0.0
fig3_risk_compensation,888.0000000000001,0.4,0,-317.56756756756755,2,31,2.0,3708.0,2026728031,0.0,0.0
fig3_risk_compensation,686.0,0.4,0,-427.9883381924198,2,32,2.0,3622.0,2026728032,0.0,0.0
fig3_risk_compensation,857.0,0.4,0,-377.71295215869304,2,33,2.0,4093.9999999999995,2026728033,0.0,0.0
fig3_risk_compensation,1121.0,0.4,0,-294.0231935771632,2,34,2.0,4417.0,2026728034,0.0,0.0
fig3_risk_compensation,918.0000000000001,0.4,0,-421.2418300653594,2,35,2.0,4785.0,2026728035,0.0,0.0
fig3_risk_compensation,899.9999999999999,0.4,0,-428.33333333333337,2,36,2.0,4755.0,2026728036,0.0,0.0
fig3_risk_compensation,688.0,0.4,0,-567.7325581395348,2,37,2.0,4594.0,2026728037,0.0,0.0
fig3_risk_compensation,835.0,0.4,0,-508.2634730538922,2,38,2.0,5079.0,2026728038,0.0,0.0
fig3_risk_compensation,910.0,0.4,0,-528.1318681318681,2,39,2.0,5716.0,2026728039,0.0,0.0
fig3_risk_compensation,955.0,0.4,0,-354.76439790575915,2,40,2.0,4343.0,2026728040,0.0,0.0
fig3_risk_compensation,1245.0,0.4,0,-168.99598393574297,2,41,2.0,3349.0,2026728041,0.0,0.0
fig3_risk_compensation,792.0,0.4,0,-649.1161616161617,2,42,2.0,5933.0,2026728042,0.0,0.0
fig3_risk_compensation,702.0,0.4,0,-504.7008547008547,2,43,2.0,4245.0,2026728043,0.0,0.0
fig3_risk_compensation,1012.0,0.4,0,-391.40316205533594,2,44,2.0,4973.0,2026728044,0.0,0.0
fig3_risk_compensation,740.0,0.4,0,-583.6486486486486,2,45,2.0,5059.0,2026728045,0.0,0.0
fig3_risk_compensation,1055.0,0.4,0,-384.1706161137441,2,46,2.0,5108.0,2026728046,0.0,0.0
fig3_risk_compensation,898.0,0.4,0,-371.4922048997773,2,47,2.0,4234.0,2026728047,0.0,0.0
fig3_risk_compensation,871.0000000000001,0.4,0,-403.7887485648679,2,48,2.0,4388.0,2026728048,0.0,0.0
fig3_risk_compensation,627.0,0.4,0,-541.4673046251994,2,49,2.0,4022.0,2026728049,0.0,0.0
fig3_risk_compensation,790.0000000000001,0.4,0,-389.7468354430379,2,50,2.0,3869.0,2026728050,0.0,0.0
fig3_risk_compensation,1018.0,0.4,0,-401.2770137524558,2,51,2.0,5103.0,2026728051,0.0,0.0
fig3_risk_compensation,855.0,0.4,0,-468.0701754385965,2,52,2.0,4857.0,2026728052,0.0,0.0
fig3_risk_compensation,718.0,0.4,0,-613.2311977715877,2,53,2.0,5121.0,2026728053,0.0,0.0
fig3_risk_compensation,844.0,0.4,0,-575.473933649289,2,54,2.0,5701.0,2026728054,0.0,0.0
fig3_risk_compensation,1301.0,0.4,0,-274.71176018447346,2,55,2.0,4875.0,2026728055,0.0,0.0
fig3_risk_compensation,716.0,0.4,0,-585.3351955307263,2,56,2.0,4907.0,2026728056,0.0,0.0
fig3_risk_compensation,797.0,0.4,0,-578.6700125470514,2,57,2.0,5409.0,2026728057,0.0,0.0
fig3_risk_compensation,915.0,0.4,0,-508.7431693989071,2,58,2.0,5570.0,2026728058,0.0,0.0
fig3_risk_compensation,706.0,0.4,0,-650.5665722379604,2,59,2.0,5299.0,2026728059,0.0,0.0
fig3_risk_compensation,658.0,0.4,0,-548.6322188449848,2,60,2.0,4268.0,2026728060,0.0,0.0
fig3_risk_compensation,1048.0,0.4,0,-342.6526717557252,2,61,2.0,4639.0,2026728061,0.0,0.0
fig3_risk_compensation,762.0,0.4,0,-504.06824146981626,2,62,2.0,4603.0,2026728062,0.0,0.0
fig3_risk_compensation,784.0,0.4,0,-411.3520408163265,2,63,2.0,4009.0,2026728063,0.0,0.0
fig3_risk_compensation,961.0,0.4,0,-363.891779396462,2,64,2.0,4458.0,2026728064,0.0,0.0
fig3_risk_compensation,800.0,0.4,0,-440.0,2,65,2.0,4320.0,2026728065,0.0,0.0
fig3_risk_compensation,827.0,0.4,0,-458.28295042321645,2,66,2.0,4617.0,2026728066,0.0,0.0
fig3_risk_compensation,931.0,0.4,0,-497.42212674543504,2,67,2.0,5562.0,2026728067,0.0,0.0
fig3_risk_compensation,915.0,0.4,0,-545.3551912568306,2,68,2.0,5905.0,2026728068,0.0,0.0
fig3_risk_compensation,867.0000000000001,0.4,0,-473.1257208765859,2,69,2.0,4969.0,2026728069,0.0,0.0
fig3_risk_compensation,1136.0,0.4,0,-271.91901408450707,2,70,2.0,4225.0,2026728070,0.0,0.0
fig3_risk_compensation,1217.0,0.4,0,-199.0139687756779,2,71,2.0,3639.0,2026728071,0.0,0.0
fig3_risk_compensation,822.0,0.4,0,-284.6715328467153,2,72,2.0,3162.0,2026728072,0.0,0.0
fig3_risk_compensation,672.0,0.4,0,-550.7440476190476,2,73,2.0,4373.0,2026728073,0.0,0.0
fig3_risk_compensation,814.0,0.4,0,-536.977886977887,2,74,2.0,5185.0,2026728074,0.0,0.0
fig3_risk_compensation,952.0000000000001,0.4,0,-354.93697478991595,2,75,2.0,4331.0,2026728075,0.0,0.0
fig3_risk_compensation,779.0,0.4,0,-518.4852374839538,2,76,2.0,4818.0,2026728076,0.0,0.0
fig3_risk_compensation,653.0,0.4,0,-597.0903522205207,2,77,2.0,4552.0,2026728077,0.0,0.0
fig3_risk_compensation,749.0,0.4,0,-599.8664886515354,2,78,2.0,5242.0,2026728078,0.0,0.0
fig3_risk_compensation,1142.0,0.4,0,-389.4045534150613,2,79,2.0,5589.0,2026728079,0.0,0.0
fig3_risk_compensation,835.0,0.4,0,-637.8443113772455,2,80,2.0,6161.0,2026728080,0.0,0.0
fig3_risk_compensation,916.0,0.4,0,-405.4585152838428,2,81,2.0,4630.0,2026728081,0.0,0.0
fig3_risk_compensation,546.0,0.4,0,-490.4761904761905,2,82,2.0,3224.0,2026728082,0.0,0.0
fig3_risk_compensation,797.0,0.4,0,-526.5997490589712,2,83,2.0,4994.0,2026728083,0.0,0.0
fig3_risk_compensation,820.0000000000001,0.4,0,-531.0975609756097,2,84,2.0,5175.0,2026728084,0.0,0.0
fig3_risk_compensation,1047.0,0.4,0,-446.7048710601719,2,85,2.0,5724.0,2026728085,0.0,0.0
fig3_risk_compensation,644.0,0.4,0,-730.5900621118012,2,86,2.0,5349.0,2026728086,0.0,0.0
fig3_risk_compensation,1200.0,0.4,0,-284.5,2,87,2.0,4614.0,2026728087,0.0,0.0
fig3_risk_compensation,705.0,0.4,0,-637.3049645390071,2,88,2.0,5198.0,2026728088,0.0,0.0
fig3_risk_compensation,737.0,0.4,0,-525.7801899592945,2,89,2.0,4612.0,2026728089,0.0,0.0
fig3_risk_compensation,1094.0,0.4,0,-557.2212065813529,2,90,2.0,7190.000000000001,2026728090,0.0,0.0
fig3_risk_compensation,608.0,0.4,0,-720.0657894736842,2,91,2.0,4986.0,2026728091,0.0,0.0
fig3_risk_compensation,596.0,0.4,0,-651.3422818791946,2,92,2.0,4478.0,2026728092,0.0,0.0
fig3_risk_compensation,1153.0,0.4,0,-291.9340849956635,2,93,2.0,4519.0,2026728093,0.0,0.0
fig3_risk_compensation,940.0,0.4,0,-446.3829787234043,2,94,2.0,5136.0,2026728094,0.0,0.0
fig3_risk_compensation,844.0,0.4,0,-484.0047393364929,2,95,2.0,4929.0,2026728095,0.0,0.0
fig3_risk_compensation,1073.0,0.4,0,-410.62441752096925,2,96,2.0,5479.0,2026728096,0.0,0.0
fig3_risk_compensation,532.0,0.4,0,-857.5187969924812,2,97,2.0,5094.0,2026728097,0.0,0.0
fig3_risk_compensation,910.0,0.4,0,-445.16483516483515,2,98,2.0,4961.0,2026728098,0.0,0.0
fig3_risk_compensation,605.0,0.4,0,-468.099173553719,2,99,2.0,3437.0,2026728099,0.0,0.0
fig3_risk_compensation,723.0,0.4,0,36.09958506224066,2,0,2.25,462.0,2026738000,0.44999999999999996,0.44999999999999996
fig3_risk_compensation,949.0,0.4,0,54.478398314014754,2,1,2.25,432.0,2026738001,0.44999999999999996,0.44999999999999996
fig3_risk_compensation,901.0000000000001,0.4,0,47.72475027746949,2,2,2.25,471.0,2026738002,0.44999999999999996,0.44999999999999996
fig3_risk_compensation,919.0,0.4,0,42.437431991294886,2,3,2.25,529.0,2026738003,0.44999999999999996,0.44999999999999996
fig3_risk_compensation,928.0,0.4,0,35.991379310344826,2,4,2.25,594.0,2026738004,0.44999999999999996,0.44999999999999996
fig3_risk_compensation,991.0,0.4,0,46.82139253279516,2,5,2.25,527.0,2026738005,0.44999999999999996,0.44999999999999996
fig3_risk_compensation,1152.0,0.4,0,50.34722222222222,2,6,2.25,572.0,2026738006,0.44999999999999996,0.44999999999999996
fig3_risk_compensation,929.0,0.4,0,47.14747039827771,2,7,2.25,491.00000000000006,2026738007,0.44999999999999996,0.44999999999999996
fig3_risk_compensation,544.0,0.4,0,14.338235294117647,2,8,2.25,466.0,2026738008,0.44999999999999996,0.44999999999999996
fig3_risk_compensation,730.0,0.4,0,22.876712328767123,2,9,2.25,563.0,2026738009,0.44999999999999996,0.44999999999999996
fig3_risk_compensation,916.0,0.4,0,41.375545851528386,2,10,2.25,537.0,2026738010,0.44999999999999996,0.44999999999999996
fig3_risk_compensation,838.0,0.4,0,24.105011933174225,2,11,2.25,636.0,2026738011,0.44999999999999996,0.44999999999999996
fig3_risk_compensation,1080.0,0.4,0,57.22222222222222,2,12,2.25,462.0,2026738012,0.44999999999999996,0.44999999999999996
fig3_risk_compensation,771.0,0.4,0,8.430609597924773,2,13,2.25,706.0,2026738013,0.44999999999999996,0.44999999999999996
fig3_risk_compensation,668.0,0.4,0,42.51497005988024,2,14,2.25,384.0,2026738014,0.44999999999999996,0.44999999999999996
fig3_risk_compensation,724.0,0.4,0,38.397790055248606,2,15,2.25,446.00000000000006,2026738015,0.44999999999999996,0.44999999999999996
fig3_risk_compensation,881.0,0.4,0,54.82406356413167,2,16,2.25,398.0,2026738016,0.44999999999999996,0.44999999999999996
fig3_risk_compensation,500.99999999999994,0.4,0,-4.990019960079851,2,17,2.25,526.0,2026738017,0.44999999999999996,0.44999999999999996
fig3_risk_compensation,841.0000000000001,0.4,0,10.701545778834731,2,18,2.25,751.0,2026738018,0.44999999999999996,0.44999999999999996
fig3_risk_compensation,715.0,0.4,0,48.25174825174825,2,19,2.25,370.0,2026738019,0.44999999999999996,0.44999999999999996
fig3_risk_compensation,852.0,0.4,0,40.610328638497656,2,20,2.25,506.0,2026738020,0.44999999999999996,0.44999999999999996
fig3_risk_compensation,1110.0,0.4,0,35.13513513513514,2,21,2.25,720.0,2026738021,0.44999999999999996,0.44999999999999996
fig3_risk_compensation,620.0,0.4,0,23.225806451612893,2,22,2.25,476.00000000000006,2026738022,0.44999999999999996,0.44999999999999996
fig3_risk_compensation,858.0000000000001,0.4,0,32.05128205128206,2,23,2.25,583.0,2026738023,0.44999999999999996,0.44999999999999996
fig3_risk_compensation,764.0,0.4,0,39.26701570680628,2,24,2.25,464.0,2026738024,0.44999999999999996,0.44999999999999996
fig3_risk_compensation,1057.0,0.4,0,66.13055818353831,2,25,2.25,358.0,2026738025,0.44999999999999996,0.44999999999999996
fig3_risk_compensation,645.0,0.4,0,18.294573643410853,2,26,2.25,527.0,2026738026,0.44999999999999996,0.44999999999999996
fig3_risk_compensation,664.0,0.4,0,26.957831325301203,2,27,2.25,485.0,2026738027,0.44999999999999996,0.44999999999999996
fig3_risk_compensation,986.0000000000001,0.4,0,40.77079107505072,2,28,2.25,584.0,2026738028,0.44999999999999996,0.44999999999999996
fig3_risk_compensation,784.9999999999999,0.4,0,41.656050955414,2,29,2.25,458.0,2026738029,0.44999999999999996,0.44999999999999996
fig3_risk_compensation,588.0,0.4,0,13.775510204081632,2,30,2.25,507.0,2026738030,0.44999999999999996,0.44999999999999996
fig3_risk_compensation,1018.0,0.4,0,38.60510805500982,2,31,2.25,625.0,2026738031,0.44999999999999996,0.44999999999999996
fig3_risk_compensation,1024.0,0.4,0,55.2734375,2,32,2.25,458.0,2026738032,0.44999999999999996,0.44999999999999996
fig3_risk_compensation,673.0,0.4,0,16.641901931649333,2,33,2.25,561.0,2026738033,0.44999999999999996,0.44999999999999996
fig3_risk_compensation,1004.0,0.4,0,45.71713147410359,2,34,2.25,545.0,2026738034,0.44999999999999996,0.44999999999999996
fig3_risk_compensation,526.0,0.4,0,30.60836501901141,2,35,2.25,365.0,2026738035,0.44999999999999996,0.44999999999999996
fig3_risk_compensation,729.0,0.4,0,36.76268861454046,2,36,2.25,461.00000000000006,2026738036,0.44999999999999996,0.44999999999999996
fig3_risk_compensation,761.0,0.4,0,41.26149802890933,2,37,2.25,447.0,2026738037,0.44999999999999996,0.44999999999999996
fig3_risk_compensation,641.0,0.4,0,-9.51638065522621,2,38,2.25,702.0,2026738038,0.44999999999999996,0.44999999999999996
fig3_risk_compensation,645.0,0.4,0,10.387596899224807,2,39,2.25,578.0,2026738039,0.44999999999999996,0.44999999999999996
fig3_risk_compensation,950.0,0.4,0,46.94736842105263,2,40,2.25,504.0,2026738040,0.44999999999999996,0.44999999999999996
fig3_risk_compensation,907.0,0.4,0,44.10143329658214,2,41,2.25,507.0,2026738041,0.44999999999999996,0.44999999999999996
fig3_risk_compensation,455.0,0.4,0,-2.197802197802185,2,42,2.25,464.99999999999994,2026738042,0.44999999999999996,0.44999999999999996
fig3_risk_compensation,705.0,0.4,0,18.29787234042553,2,43,2.25,576.0,2026738043,0.44999999999999996,0.44999999999999996
fig3_risk_compensation,801.0,0.4,0,60.42446941323346,2,44,2.25,317.0,2026738044,0.44999999999999996,0.44999999999999996
fig3_risk_compensation,583.0,0.4,0,-14.236706689536879,2,45,2.25,666.0,2026738045,0.44999999999999996,0.44999999999999996
fig3_risk_compensation,698.0,0.4,0,20.773638968481375,2,46,2.25,553.0,2026738046,0.44999999999999996,0.44999999999999996
fig3_risk_compensation,587.0,0.4,0,27.938671209540033,2,47,2.25,423.0,2026738047,0.44999999999999996,0.44999999999999996
fig3_risk_compensation,803.0000000000001,0.4,0,57.53424657534248,2,48,2.25,341.0,2026738048,0.44999999999999996,0.44999999999999996
fig3_risk_compensation,687.0,0.4,0,2.328966521106259,2,49,2.25,671.0,2026738049,0.44999999999999996,0.44999999999999996
fig3_risk_compensation,827.9999999999999,0.4,0,43.96135265700482,2,50,2.25,464.0,2026738050,0.44999999999999996,0.44999999999999996
fig3_risk_compensation,915.0,0.4,0,30.273224043715846,2,51,2.25,638.0,2026738051,0.44999999999999996,0.44999999999999996
fig3_risk_compensation,822.0,0.4,0,34.306569343065696,2,52,2.25,540.0,2026738052,0.44999999999999996,0.44999999999999996
fig3_risk_compensation,601.0,0.4,0,23.12811980033278,2,53,2.25,462.0,2026738053,0.44999999999999996,0.44999999999999996
fig3_risk_compensation,653.0,0.4,0,26.186830015313948,2,54,2.25,481.99999999999994,2026738054,0.44999999999999996,0.44999999999999996
fig3_risk_compensation,995.0,0.4,0,51.05527638190955,2,55,2.25,487.0,2026738055,0.44999999999999996,0.44999999999999996
fig3_risk_compensation,637.0,0.4,0,16.797488226059656,2,56,2.25,530.0,2026738056,0.44999999999999996,0.44999999999999996
fig3_risk_compensation,1033.0,0.4,0,34.07550822846079,2,57,2.25,681.0,2026738057,0.44999999999999996,0.44999999999999996
fig3_risk_compensation,679.0,0.4,0,16.78939617083947,2,58,2.25,565.0,2026738058,0.44999999999999996,0.44999999999999996
fig3_risk_compensation,1067.0,0.4,0,46.860356138706656,2,59,2.25,567.0,2026738059,0.44999999999999996,0.44999999999999996
fig3_risk_compensation,520.0,0.4,0,8.653846153846153,2,60,2.25,475.0,2026738060,0.44999999999999996,0.44999999999999996
fig3_risk_compensation,516.0,0.4,0,26.74418604651163,2,61,2.25,378.0,2026738061,0.44999999999999996,0.44999999999999996
fig3_risk_compensation,902.0,0.4,0,36.80709534368071,2,62,2.25,570.0,2026738062,0.44999999999999996,0.44999999999999996
fig3_risk_compensation,476.00000000000006,0.4,0,9.663865546218497,2,63,2.25,430.0,2026738063,0.44999999999999996,0.44999999999999996
fig3_risk_compensation,699.0,0.4,0,0.0,2,64,2.25,699.0,2026738064,0.44999999999999996,0.44999999999999996
fig3_risk_compensation,986.0000000000001,0.4,0,50.101419878296156,2,65,2.25,492.0,2026738065,0.44999999999999996,0.44999999999999996
fig3_risk_compensation,1112.0,0.4,0,25.179856115107924,2,66,2.25,831.9999999999999,2026738066,0.44999999999999996,0.44999999999999996
fig3_risk_compensation,766.0,0.4,0,37.33681462140993,2,67,2.25,479.99999999999994,2026738067,0.44999999999999996,0.44999999999999996
fig3_risk_compensation,841.0000000000001,0.4,0,22.94887039239002,2,68,2.25,648.0,2026738068,0.44999999999999996,0.44999999999999996
fig3_risk_compensation,1037.0,0.4,0,58.919961427193826,2,69,2.25,426.0,2026738069,0.44999999999999996,0.44999999999999996
fig3_risk_compensation,737.0,0.4,0,44.50474898236092,2,70,2.25,409.0,2026738070,0.44999999999999996,0.44999999999999996
fig3_risk_compensation,999.0000000000001,0.4,0,59.35935935935937,2,71,2.25,406.0,2026738071,0.44999999999999996,0.44999999999999996
fig3_risk_compensation,990.0000000000001,0.4,0,59.89898989898992,2,72,2.25,396.99999999999994,2026738072,0.44999999999999996,0.44999999999999996
fig3_risk_compensation,1006.0,0.4,0,53.57852882703777,2,73,2.25,466.99999999999994,2026738073,0.44999999999999996,0.44999999999999996
fig3_risk_compensation,817.0,0.4,0,52.75397796817625,2,74,2.25,386.0,2026738074,0.44999999999999996,0.44999999999999996
fig3_risk_compensation,691.0,0.4,0,25.32561505065123,2,75,2.25,516.0,2026738075,0.44999999999999996,0.44999999999999996
fig3_risk_compensation,784.0,0.4,0,34.566326530612244,2,76,2.25,513.0,2026738076,0.44999999999999996,0.44999999999999996
fig3_risk_compensation,736.0,0.4,0,11.141304347826088,2,77,2.25,654.0,2026738077,0.44999999999999996,0.44999999999999996
fig3_risk_compensation,381.0,0.4,0,-29.9212598425197,2,78,2.25,495.00000000000006,2026738078,0.44999999999999996,0.44999999999999996
fig3_risk_compensation,723.0,0.4,0,38.58921161825725,2,79,2.25,444.00000000000006,2026738079,0.44999999999999996,0.44999999999999996
fig3_risk_compensation,939.0000000000001,0.4,0,48.13631522896699,2,80,2.25,487.0,2026738080,0.44999999999999996,0.44999999999999996
fig3_risk_compensation,562.0,0.4,0,26.512455516014235,2,81,2.25,413.0,2026738081,0.44999999999999996,0.44999999999999996
fig3_risk_compensation,864.0,0.4,0,47.4537037037037,2,82,2.25,454.0,2026738082,0.44999999999999996,0.44999999999999996
fig3_risk_compensation,681.0,0.4,0,31.424375917768,2,83,2.25,466.99999999999994,2026738083,0.44999999999999996,0.44999999999999996
fig3_risk_compensation,621.0,0.4,0,7.568438003220612,2,84,2.25,574.0,2026738084,0.44999999999999996,0.44999999999999996
fig3_risk_compensation,752.0,0.4,0,23.8031914893617,2,85,2.25,573.0,2026738085,0.44999999999999996,0.44999999999999996
fig3_risk_compensation,1001.0,0.4,0,15.684315684315685,2,86,2.25,844.0,2026738086,0.44999999999999996,0.44999999999999996
fig3_risk_compensation,610.0,0.4,0,22.295081967213108,2,87,2.25,474.00000000000006,2026738087,0.44999999999999996,0.44999999999999996
fig3_risk_compensation,674.0,0.4,0,35.01483679525222,2,88,2.25,438.0,2026738088,0.44999999999999996,0.44999999999999996
fig3_risk_compensation,889.0,0.4,0,19.122609673790777,2,89,2.25,719.0,2026738089,0.44999999999999996,0.44999999999999996
fig3_risk_compensation,614.0,0.4,0,-8.957654723127035,2,90,2.25,669.0,2026738090,0.44999999999999996,0.44999999999999996
fig3_risk_compensation,714.0,0.4,0,38.09523809523809,2,91,2.25,442.00000000000006,2026738091,0.44999999999999996,0.44999999999999996
fig3_risk_compensation,863.0,0.4,0,35.11008111239861,2,92,2.25,560.0,2026738092,0.44999999999999996,0.44999999999999996
fig3_risk_compensation,617.0,0.4,0,4.376012965964343,2,93,2.25,590.0,2026738093,0.44999999999999996,0.44999999999999996
fig3_risk_compensation,689.0,0.4,0,31.20464441219157,2,94,2.25,474.00000000000006,2026738094,0.44999999999999996,0.44999999999999996
fig3_risk_compensation,916.9999999999999,0.4,0,54.743729552889846,2,95,2.25,415.0,2026738095,0.44999999999999996,0.44999999999999996
fig3_risk_compensation,1202.0,0.4,0,48.668885191347755,2,96,2.25,617.0,2026738096,0.44999999999999996,0.44999999999999996
fig3_risk_compensation,915.0,0.4,0,50.7103825136612,2,97,2.25,451.0,2026738097,0.44999999999999996,0.44999999999999996
fig3_risk_compensation,1235.0,0.4,0,62.18623481781376,2,98,2.25,466.99999999999994,2026738098,0.44999999999999996,0.44999999999999996
fig3_risk_compensation,858.0000000000001,0.4,0,23.892773892773903,2,99,2.25,653.0,2026738099,0.44999999999999996,0.44999999999999996
fig3_risk_compensation,754.0,0.4,0,73.07692307692308,2,0,2.25,203.0,2026740000,0.75,0.75
fig3_risk_compensation,993.9999999999999,0.4,0,72.33400402414486,2,1,2.25,275.0,2026740001,0.75,0.75
fig3_risk_compensation,841.0000000000001,0.4,0,70.15457788347206,2,2,2.25,251.0,2026740002,0.75,0.75
fig3_risk_compensation,516.0,0.4,0,42.248062015503876,2,3,2.25,298.0,2026740003,0.75,0.75
fig3_risk_compensation,596.0,0.4,0,53.85906040268456,2,4,2.25,275.0,2026740004,0.75,0.75
fig3_risk_compensation,786.0000000000001,0.4,0,69.7201017811705,2,5,2.25,238.00000000000003,2026740005,0.75,0.75
fig3_risk_compensation,1029.0,0.4,0,78.52283770651118,2,6,2.25,221.00000000000003,2026740006,0.75,0.75
fig3_risk_compensation,1037.0,0.4,0,77.04918032786885,2,7,2.25,238.00000000000003,2026740007,0.75,0.75
fig3_risk_compensation,854.0000000000001,0.4,0,67.21311475409837,2,8,2.25,280.0,2026740008,0.75,0.75
fig3_risk_compensation,975.0,0.4,0,73.74358974358974,2,9,2.25,256.0,2026740009,0.75,0.75
fig3_risk_compensation,632.0,0.4,0,59.177215189873415,2,10,2.25,258.0,2026740010,0.75,0.75
fig3_risk_compensation,902.0,0.4,0,77.38359201773837,2,11,2.25,204.00000000000003,2026740011,0.75,0.75
fig3_risk_compensation,709.0,0.4,0,72.21438645980254,2,12,2.25,197.0,2026740012,0.75,0.75
fig3_risk_compensation,932.0,0.4,0,75.53648068669528,2,13,2.25,228.0,2026740013,0.75,0.75
fig3_risk_compensation,864.0,0.4,0,70.48611111111111,2,14,2.25,255.00000000000003,2026740014,0.75,0.75
fig3_risk_compensation,831.0,0.4,0,74.24789410348977,2,15,2.25,214.0,2026740015,0.75,0.75
fig3_risk_compensation,954.0,0.4,0,74.73794549266248,2,16,2.25,240.99999999999997,2026740016,0.75,0.75
fig3_risk_compensation,871.0000000000001,0.4,0,74.97129735935707,2,17,2.25,218.0,2026740017,0.75,0.75
fig3_risk_compensation,889.0,0.4,0,83.46456692913385,2,18,2.25,147.0,2026740018,0.75,0.75
fig3_risk_compensation,1059.0,0.4,0,69.49952785646836,2,19,2.25,323.0,2026740019,0.75,0.75
fig3_risk_compensation,906.0,0.4,0,69.5364238410596,2,20,2.25,276.0,2026740020,0.75,0.75
fig3_risk_compensation,632.0,0.4,0,53.95569620253165,2,21,2.25,291.0,2026740021,0.75,0.75
fig3_risk_compensation,886.0,0.4,0,72.34762979683973,2,22,2.25,245.0,2026740022,0.75,0.75
fig3_risk_compensation,1097.0,0.4,0,65.99817684594348,2,23,2.25,373.0,2026740023,0.75,0.75
fig3_risk_compensation,543.0,0.4,0,47.697974217311234,2,24,2.25,284.0,2026740024,0.75,0.75
fig3_risk_compensation,929.0,0.4,0,70.72120559741657,2,25,2.25,272.0,2026740025,0.75,0.75
fig3_risk_compensation,927.0,0.4,0,70.44228694714131,2,26,2.25,274.0,2026740026,0.75,0.75
fig3_risk_compensation,818.0,0.4,0,67.35941320293398,2,27,2.25,267.0,2026740027,0.75,0.75
fig3_risk_compensation,814.0,0.4,0,60.565110565110565,2,28,2.25,321.0,2026740028,0.75,0.75
fig3_risk_compensation,793.0,0.4,0,56.99873896595208,2,29,2.25,341.0,2026740029,0.75,0.75
fig3_risk_compensation,817.0,0.4,0,72.33782129742963,2,30,2.25,225.99999999999997,2026740030,0.75,0.75
fig3_risk_compensation,847.0,0.4,0,75.6788665879575,2,31,2.25,206.00000000000003,2026740031,0.75,0.75
fig3_risk_compensation,888.0000000000001,0.4,0,72.86036036036037,2,32,2.25,240.99999999999997,2026740032,0.75,0.75
fig3_risk_compensation,831.0,0.4,0,77.85800240673886,2,33,2.25,184.0,2026740033,0.75,0.75
fig3_risk_compensation,1010.9999999999999,0.4,0,85.16320474777447,2,34,2.25,150.0,2026740034,0.75,0.75
fig3_risk_compensation,825.0,0.4,0,66.42424242424242,2,35,2.25,277.0,2026740035,0.75,0.75
fig3_risk_compensation,1075.0,0.4,0,79.72093023255815,2,36,2.25,218.0,2026740036,0.75,0.75
fig3_risk_compensation,683.0,0.4,0,72.47437774524158,2,37,2.25,188.0,2026740037,0.75,0.75
fig3_risk_compensation,876.0,0.4,0,78.65296803652969,2,38,2.25,187.0,2026740038,0.75,0.75
fig3_risk_compensation,531.0,0.4,0,58.75706214689266,2,39,2.25,219.0,2026740039,0.75,0.75
fig3_risk_compensation,886.9999999999999,0.4,0,64.26155580608793,2,40,2.25,317.0,2026740040,0.75,0.75
fig3_risk_compensation,475.0,0.4,0,45.89473684210526,2,41,2.25,257.0,2026740041,0.75,0.75
fig3_risk_compensation,993.0,0.4,0,71.7019133937563,2,42,2.25,281.0,2026740042,0.75,0.75
fig3_risk_compensation,741.0,0.4,0,79.6221322537112,2,43,2.25,151.0,2026740043,0.75,0.75
fig3_risk_compensation,993.0,0.4,0,78.95266868076536,2,44,2.25,208.99999999999997,2026740044,0.75,0.75
fig3_risk_compensation,997.9999999999999,0.4,0,78.2565130260521,2,45,2.25,217.0,2026740045,0.75,0.75
fig3_risk_compensation,775.0,0.4,0,63.096774193548384,2,46,2.25,286.0,2026740046,0.75,0.75
fig3_risk_compensation,691.0,0.4,0,58.61070911722142,2,47,2.25,286.0,2026740047,0.75,0.75
fig3_risk_compensation,933.9999999999999,0.4,0,76.6595289079229,2,48,2.25,218.0,2026740048,0.75,0.75
fig3_risk_compensation,975.0,0.4,0,76.51282051282051,2,49,2.25,229.0,2026740049,0.75,0.75
fig3_risk_compensation,1100.0,0.4,0,75.0,2,50,2.25,275.0,2026740050,0.75,0.75
fig3_risk_compensation,793.0,0.4,0,65.32156368221942,2,51,2.25,275.0,2026740051,0.75,0.75
fig3_risk_compensation,586.0,0.4,0,61.60409556313993,2,52,2.25,224.99999999999997,2026740052,0.75,0.75
fig3_risk_compensation,692.0,0.4,0,78.17919075144509,2,53,2.25,151.0,2026740053,0.75,0.75
fig3_risk_compensation,950.9999999999999,0.4,0,65.50998948475288,2,54,2.25,328.0,2026740054,0.75,0.75
fig3_risk_compensation,880.0,0.4,0,68.75,2,55,2.25,275.0,2026740055,0.75,0.75
fig3_risk_compensation,818.0,0.4,0,69.43765281173594,2,56,2.25,250.0,2026740056,0.75,0.75
fig3_risk_compensation,631.0,0.4,0,54.99207606973059,2,57,2.25,284.0,2026740057,0.75,0.75
fig3_risk_compensation,1034.0,0.4,0,74.56479690522244,2,58,2.25,263.0,2026740058,0.75,0.75
fig3_risk_compensation,759.0,0.4,0,68.24769433465086,2,59,2.25,240.99999999999997,2026740059,0.75,0.75
fig3_risk_compensation,784.9999999999999,0.4,0,71.84713375796177,2,60,2.25,221.00000000000003,2026740060,0.75,0.75
fig3_risk_compensation,780.0,0.4,0,68.46153846153847,2,61,2.25,246.0,2026740061,0.75,0.75
fig3_risk_compensation,899.0,0.4,0,67.74193548387096,2,62,2.25,290.0,2026740062,0.75,0.75
fig3_risk_compensation,886.0,0.4,0,79.45823927765237,2,63,2.25,182.0,2026740063,0.75,0.75
fig3_risk_compensation,898.0,0.4,0,61.69265033407572,2,64,2.25,344.0,2026740064,0.75,0.75
fig3_risk_compensation,605.0,0.4,0,45.950413223140494,2,65,2.25,327.0,2026740065,0.75,0.75
fig3_risk_compensation,957.0,0.4,0,67.92058516196447,2,66,2.25,307.0,2026740066,0.75,0.75
fig3_risk_compensation,657.0,0.4,0,71.23287671232876,2,67,2.25,189.0,2026740067,0.75,0.75
fig3_risk_compensation,851.0,0.4,0,72.15041128084606,2,68,2.25,237.00000000000003,2026740068,0.75,0.75
fig3_risk_compensation,956.0000000000001,0.4,0,70.50209205020921,2,69,2.25,282.0,2026740069,0.75,0.75
fig3_risk_compensation,958.0,0.4,0,73.59081419624218,2,70,2.25,253.0,2026740070,0.75,0.75
fig3_risk_compensation,841.0000000000001,0.4,0,80.02378121284187,2,71,2.25,168.0,2026740071,0.75,0.75
fig3_risk_compensation,719.0,0.4,0,81.78025034770515,2,72,2.25,131.0,2026740072,0.75,0.75
fig3_risk_compensation,411.0,0.4,0,63.990267639902676,2,73,2.25,148.0,2026740073,0.75,0.75
fig3_risk_compensation,659.0,0.4,0,70.71320182094082,2,74,2.25,193.0,2026740074,0.75,0.75
fig3_risk_compensation,920.0,0.4,0,78.3695652173913,2,75,2.25,199.0,2026740075,0.75,0.75
fig3_risk_compensation,631.0,0.4,0,64.81774960380349,2,76,2.25,222.00000000000003,2026740076,0.75,0.75
fig3_risk_compensation,571.0,0.4,0,60.42031523642732,2,77,2.25,225.99999999999997,2026740077,0.75,0.75
fig3_risk_compensation,775.0,0.4,0,65.6774193548387,2,78,2.25,266.0,2026740078,0.75,0.75
fig3_risk_compensation,1081.0,0.4,0,78.26086956521739,2,79,2.25,235.0,2026740079,0.75,0.75
fig3_risk_compensation,747.0,0.4,0,61.57965194109772,2,80,2.25,287.0,2026740080,0.75,0.75
fig3_risk_compensation,1007.0000000000001,0.4,0,73.08838133068521,2,81,2.25,271.0,2026740081,0.75,0.75
fig3_risk_compensation,405.0,0.4,0,40.246913580246925,2,82,2.25,241.99999999999997,2026740082,0.75,0.75
fig3_risk_compensation,855.0,0.4,0,80.23391812865498,2,83,2.25,169.0,2026740083,0.75,0.75
fig3_risk_compensation,703.0,0.4,0,83.49928876244665,2,84,2.25,116.0,2026740084,0.75,0.75
fig3_risk_compensation,749.0,0.4,0,72.36315086782376,2,85,2.25,206.99999999999997,2026740085,0.75,0.75
fig3_risk_compensation,636.0,0.4,0,64.15094339622641,2,86,2.25,228.0,2026740086,0.75,0.75
fig3_risk_compensation,932.0,0.4,0,71.3519313304721,2,87,2.25,267.0,2026740087,0.75,0.75
fig3_risk_compensation,1006.0,0.4,0,76.441351888668,2,88,2.25,237.00000000000003,2026740088,0.75,0.75
fig3_risk_compensation,789.0,0.4,0,73.00380228136882,2,89,2.25,213.0,2026740089,0.75,0.75
fig3_risk_compensation,576.0,0.4,0,64.23611111111111,2,90,2.25,206.00000000000003,2026740090,0.75,0.75
fig3_risk_compensation,751.0,0.4,0,73.36884154460719,2,91,2.25,200.0,2026740091,0.75,0.75
fig3_risk_compensation,715.0,0.4,0,65.03496503496504,2,92,2.25,250.0,2026740092,0.75,0.75
fig3_risk_compensation,760.0,0.4,0,70.52631578947368,2,93,2.25,223.99999999999997,2026740093,0.75,0.75
fig3_risk_compensation,810.0,0.4,0,70.61728395061728,2,94,2.25,238.00000000000003,2026740094,0.75,0.75
fig3_risk_compensation,796.0,0.4,0,70.85427135678393,2,95,2.25,232.0,2026740095,0.75,0.75
fig3_risk_compensation,1158.0,0.4,0,74.43868739205527,2,96,2.25,296.0,2026740096,0.75,0.75
fig3_risk_compensation,843.0,0.4,0,72.00474495848161,2,97,2.25,236.0,2026740097,0.75,0.75
fig3_risk_compensation,810.0,0.4,0,72.09876543209876,2,98,2.25,225.99999999999997,2026740098,0.75,0.75
fig3_risk_compensation,818.0,0.4,0,68.94865525672371,2,99,2.25,254.00000000000003,2026740099,0.75,0.75
fig3_risk_compensation,1246.0,0.4,0,76.08346709470305,2,0,2.25,298.0,2026739000,0.6,0.6
fig3_risk_compensation,1148.0,0.4,0,56.62020905923345,2,1,2.25,498.0,2026739001,0.6,0.6
fig3_risk_compensation,767.0,0.4,0,42.89439374185137,2,2,2.25,438.0,2026739002,0.6,0.6
fig3_risk_compensation,760.0,0.4,0,52.63157894736842,2,3,2.25,360.0,2026739003,0.6,0.6
fig3_risk_compensation,804.0,0.4,0,62.06467661691542,2,4,2.25,305.0,2026739004,0.6,0.6
fig3_risk_compensation,618.0,0.4,0,46.44012944983819,2,5,2.25,331.0,2026739005,0.6,0.6
fig3_risk_compensation,731.0,0.4,0,67.85225718194255,2,6,2.25,235.0,2026739006,0.6,0.6
fig3_risk_compensation,613.0,0.4,0,36.7047308319739,2,7,2.25,388.0,2026739007,0.6,0.6
fig3_risk_compensation,919.0,0.4,0,64.96191512513602,2,8,2.25,322.0,2026739008,0.6,0.6
fig3_risk_compensation,712.0,0.4,0,61.09550561797753,2,9,2.25,277.0,2026739009,0.6,0.6
fig3_risk_compensation,657.0,0.4,0,56.925418569254184,2,10,2.25,283.0,2026739010,0.6,0.6
fig3_risk_compensation,696.0,0.4,0,67.67241379310344,2,11,2.25,224.99999999999997,2026739011,0.6,0.6
fig3_risk_compensation,893.0,0.4,0,68.53303471444569,2,12,2.25,281.0,2026739012,0.6,0.6
fig3_risk_compensation,959.9999999999999,0.4,0,63.22916666666666,2,13,2.25,353.0,2026739013,0.6,0.6
fig3_risk_compensation,704.0,0.4,0,54.6875,2,14,2.25,319.0,2026739014,0.6,0.6
fig3_risk_compensation,619.0,0.4,0,47.011308562197094,2,15,2.25,328.0,2026739015,0.6,0.6
fig3_risk_compensation,899.0,0.4,0,67.853170189099,2,16,2.25,289.0,2026739016,0.6,0.6
fig3_risk_compensation,990.0000000000001,0.4,0,67.67676767676768,2,17,2.25,320.0,2026739017,0.6,0.6
fig3_risk_compensation,939.0000000000001,0.4,0,67.51863684771034,2,18,2.25,305.0,2026739018,0.6,0.6
fig3_risk_compensation,748.0,0.4,0,50.80213903743316,2,19,2.25,368.0,2026739019,0.6,0.6
fig3_risk_compensation,736.0,0.4,0,49.32065217391305,2,20,2.25,373.0,2026739020,0.6,0.6
fig3_risk_compensation,698.0,0.4,0,49.713467048710605,2,21,2.25,351.0,2026739021,0.6,0.6
fig3_risk_compensation,611.0,0.4,0,40.91653027823241,2,22,2.25,361.0,2026739022,0.6,0.6
fig3_risk_compensation,273.0,0.4,0,-13.91941391941392,2,23,2.25,311.0,2026739023,0.6,0.6
fig3_risk_compensation,924.0,0.4,0,68.61471861471861,2,24,2.25,290.0,2026739024,0.6,0.6
fig3_risk_compensation,970.0,0.4,0,72.98969072164948,2,25,2.25,262.0,2026739025,0.6,0.6
fig3_risk_compensation,963.9999999999999,0.4,0,60.99585062240663,2,26,2.25,376.0,2026739026,0.6,0.6
fig3_risk_compensation,651.0,0.4,0,63.59447004608295,2,27,2.25,237.00000000000003,2026739027,0.6,0.6
fig3_risk_compensation,888.0000000000001,0.4,0,58.896396396396405,2,28,2.25,365.0,2026739028,0.6,0.6
fig3_risk_compensation,764.0,0.4,0,55.36649214659686,2,29,2.25,341.0,2026739029,0.6,0.6
fig3_risk_compensation,712.0,0.4,0,56.46067415730337,2,30,2.25,310.0,2026739030,0.6,0.6
fig3_risk_compensation,861.9999999999999,0.4,0,59.62877030162412,2,31,2.25,348.0,2026739031,0.6,0.6
fig3_risk_compensation,565.0,0.4,0,52.0353982300885,2,32,2.25,271.0,2026739032,0.6,0.6
fig3_risk_compensation,633.0,0.4,0,45.18167456556082,2,33,2.25,347.0,2026739033,0.6,0.6
fig3_risk_compensation,916.0,0.4,0,65.17467248908297,2,34,2.25,319.0,2026739034,0.6,0.6
fig3_risk_compensation,510.00000000000006,0.4,0,53.33333333333333,2,35,2.25,238.00000000000003,2026739035,0.6,0.6
fig3_risk_compensation,851.0,0.4,0,54.87661574618097,2,36,2.25,384.0,2026739036,0.6,0.6
fig3_risk_compensation,932.0,0.4,0,61.1587982832618,2,37,2.25,362.0,2026739037,0.6,0.6
fig3_risk_compensation,1069.0,0.4,0,71.18802619270346,2,38,2.25,308.0,2026739038,0.6,0.6
fig3_risk_compensation,1243.0,0.4,0,71.35961383748995,2,39,2.25,356.0,2026739039,0.6,0.6
fig3_risk_compensation,872.0,0.4,0,61.00917431192661,2,40,2.25,340.0,2026739040,0.6,0.6
fig3_risk_compensation,663.0,0.4,0,56.86274509803921,2,41,2.25,286.0,2026739041,0.6,0.6
fig3_risk_compensation,837.0000000000001,0.4,0,55.555555555555564,2,42,2.25,372.0,2026739042,0.6,0.6
fig3_risk_compensation,779.0,0.4,0,60.07702182284981,2,43,2.25,311.0,2026739043,0.6,0.6
fig3_risk_compensation,582.0,0.4,0,51.54639175257732,2,44,2.25,282.0,2026739044,0.6,0.6
fig3_risk_compensation,1103.0,0.4,0,81.59564823209429,2,45,2.25,203.0,2026739045,0.6,0.6
fig3_risk_compensation,986.0000000000001,0.4,0,63.69168356997972,2,46,2.25,358.0,2026739046,0.6,0.6
fig3_risk_compensation,670.0,0.4,0,57.61194029850746,2,47,2.25,284.0,2026739047,0.6,0.6
fig3_risk_compensation,706.0,0.4,0,67.70538243626062,2,48,2.25,228.0,2026739048,0.6,0.6
fig3_risk_compensation,636.0,0.4,0,43.39622641509434,2,49,2.25,360.0,2026739049,0.6,0.6
fig3_risk_compensation,805.0,0.4,0,58.75776397515528,2,50,2.25,332.0,2026739050,0.6,0.6
fig3_risk_compensation,671.0,0.4,0,55.439642324888226,2,51,2.25,299.0,2026739051,0.6,0.6
fig3_risk_compensation,812.0,0.4,0,57.26600985221675,2,52,2.25,347.0,2026739052,0.6,0.6
fig3_risk_compensation,1419.0,0.4,0,75.68710359408034,2,53,2.25,345.0,2026739053,0.6,0.6
fig3_risk_compensation,858.0000000000001,0.4,0,54.778554778554785,2,54,2.25,388.0,2026739054,0.6,0.6
fig3_risk_compensation,706.0,0.4,0,64.30594900849859,2,55,2.25,252.0,2026739055,0.6,0.6
fig3_risk_compensation,1010.9999999999999,0.4,0,62.809099901088025,2,56,2.25,376.0,2026739056,0.6,0.6
fig3_risk_compensation,1036.0,0.4,0,53.18532818532819,2,57,2.25,485.0,2026739057,0.6,0.6
fig3_risk_compensation,813.0,0.4,0,68.14268142681426,2,58,2.25,259.0,2026739058,0.6,0.6
fig3_risk_compensation,993.9999999999999,0.4,0,67.0020120724346,2,59,2.25,328.0,2026739059,0.6,0.6
fig3_risk_compensation,781.0,0.4,0,56.081946222791295,2,60,2.25,343.0,2026739060,0.6,0.6
fig3_risk_compensation,527.0,0.4,0,43.64326375711575,2,61,2.25,297.0,2026739061,0.6,0.6
fig3_risk_compensation,659.0,0.4,0,66.61608497723824,2,62,2.25,220.0,2026739062,0.6,0.6
fig3_risk_compensation,996.0,0.4,0,66.46586345381526,2,63,2.25,334.0,2026739063,0.6,0.6
fig3_risk_compensation,757.0,0.4,0,57.46367239101717,2,64,2.25,322.0,2026739064,0.6,0.6
fig3_risk_compensation,1059.0,0.4,0,63.83380547686497,2,65,2.25,383.0,2026739065,0.6,0.6
fig3_risk_compensation,1013.0,0.4,0,65.94274432379072,2,66,2.25,345.0,2026739066,0.6,0.6
fig3_risk_compensation,667.0,0.4,0,37.93103448275863,2,67,2.25,413.99999999999994,2026739067,0.6,0.6
fig3_risk_compensation,1118.0,0.4,0,70.6618962432916,2,68,2.25,328.0,2026739068,0.6,0.6
fig3_risk_compensation,715.0,0.4,0,45.31468531468531,2,69,2.25,391.0,2026739069,0.6,0.6
fig3_risk_compensation,806.0,0.4,0,66.74937965260546,2,70,2.25,268.0,2026739070,0.6,0.6
fig3_risk_compensation,820.0000000000001,0.4,0,30.2439024390244,2,71,2.25,572.0,2026739071,0.6,0.6
fig3_risk_compensation,779.0,0.4,0,56.996148908857506,2,72,2.25,335.0,2026739072,0.6,0.6
fig3_risk_compensation,791.0,0.4,0,56.1314791403287,2,73,2.25,347.0,2026739073,0.6,0.6
fig3_risk_compensation,699.0,0.4,0,52.64663805436338,2,74,2.25,331.0,2026739074,0.6,0.6
fig3_risk_compensation,650.0,0.4,0,50.30769230769231,2,75,2.25,323.0,2026739075,0.6,0.6
fig3_risk_compensation,707.0,0.4,0,63.366336633663366,2,76,2.25,259.0,2026739076,0.6,0.6
fig3_risk_compensation,895.0,0.4,0,56.08938547486033,2,77,2.25,393.00000000000006,2026739077,0.6,0.6
fig3_risk_compensation,826.0,0.4,0,64.40677966101696,2,78,2.25,294.0,2026739078,0.6,0.6
fig3_risk_compensation,548.0,0.4,0,57.11678832116788,2,79,2.25,235.0,2026739079,0.6,0.6
fig3_risk_compensation,713.0,0.4,0,59.88779803646564,2,80,2.25,286.0,2026739080,0.6,0.6
fig3_risk_compensation,799.0000000000001,0.4,0,47.30913642052567,2,81,2.25,421.0,2026739081,0.6,0.6
fig3_risk_compensation,1092.0,0.4,0,66.75824175824175,2,82,2.25,363.0,2026739082,0.6,0.6
fig3_risk_compensation,1128.0,0.4,0,64.18439716312056,2,83,2.25,404.0,2026739083,0.6,0.6
fig3_risk_compensation,1115.0,0.4,0,69.05829596412556,2,84,2.25,345.0,2026739084,0.6,0.6
fig3_risk_compensation,656.0,0.4,0,49.23780487804878,2,85,2.25,333.0,2026739085,0.6,0.6
fig3_risk_compensation,835.9999999999999,0.4,0,42.70334928229664,2,86,2.25,479.0,2026739086,0.6,0.6
fig3_risk_compensation,1158.0,0.4,0,63.98963730569948,2,87,2.25,417.0,2026739087,0.6,0.6
fig3_risk_compensation,909.0000000000001,0.4,0,59.18591859185919,2,88,2.25,371.0,2026739088,0.6,0.6
fig3_risk_compensation,645.0,0.4,0,41.08527131782946,2,89,2.25,380.0,2026739089,0.6,0.6
fig3_risk_compensation,890.0,0.4,0,62.92134831460674,2,90,2.25,330.0,2026739090,0.6,0.6
fig3_risk_compensation,803.0000000000001,0.4,0,69.61394769613949,2,91,2.25,244.0,2026739091,0.6,0.6
fig3_risk_compensation,816.0000000000001,0.4,0,49.50980392156863,2,92,2.25,412.00000000000006,2026739092,0.6,0.6
fig3_risk_compensation,957.0,0.4,0,63.94984326018809,2,93,2.25,345.0,2026739093,0.6,0.6
fig3_risk_compensation,850.0000000000001,0.4,0,43.52941176470589,2,94,2.25,479.99999999999994,2026739094,0.6,0.6
fig3_risk_compensation,712.0,0.4,0,64.18539325842697,2,95,2.25,255.00000000000003,2026739095,0.6,0.6
fig3_risk_compensation,742.0,0.4,0,54.5822102425876,2,96,2.25,337.0,2026739096,0.6,0.6
fig3_risk_compensation,1128.0,0.4,0,70.74468085106383,2,97,2.25,330.0,2026739097,0.6,0.6
fig3_risk_compensation,878.0,0.4,0,72.77904328018224,2,98,2.25,239.00000000000003,2026739098,0.6,0.6
fig3_risk_compensation,760.0,0.4,0,65.52631578947368,2,99,2.25,262.0,2026739099,0.6,0.6
fig3_risk_compensation,931.0,0.4,0,-23.737916219119228,2,0,2.25,1152.0,2026737000,0.3,0.3
fig3_risk_compensation,997.9999999999999,0.4,0,-4.809619238476966,2,1,2.25,1046.0,2026737001,0.3,0.3
fig3_risk_compensation,971.0,0.4,0,-25.952626158599383,2,2,2.25,1223.0,2026737002,0.3,0.3
fig3_risk_compensation,622.0,0.4,0,-104.0192926045016,2,3,2.25,1269.0,2026737003,0.3,0.3
fig3_risk_compensation,710.0,0.4,0,-6.76056338028169,2,4,2.25,758.0,2026737004,0.3,0.3
fig3_risk_compensation,612.0,0.4,0,-27.287581699346404,2,5,2.25,779.0,2026737005,0.3,0.3
fig3_risk_compensation,776.0,0.4,0,-16.75257731958763,2,6,2.25,906.0,2026737006,0.3,0.3
fig3_risk_compensation,533.0,0.4,0,-47.84240150093809,2,7,2.25,788.0,2026737007,0.3,0.3
fig3_risk_compensation,1021.0,0.4,0,-4.407443682664055,2,8,2.25,1066.0,2026737008,0.3,0.3
fig3_risk_compensation,768.0,0.4,0,-66.796875,2,9,2.25,1281.0,2026737009,0.3,0.3
fig3_risk_compensation,818.0,0.4,0,-23.4718826405868,2,10,2.25,1010.0,2026737010,0.3,0.3
fig3_risk_compensation,975.0,0.4,0,-36.41025641025641,2,11,2.25,1330.0,2026737011,0.3,0.3
fig3_risk_compensation,742.0,0.4,0,-61.05121293800539,2,12,2.25,1195.0,2026737012,0.3,0.3
fig3_risk_compensation,585.0,0.4,0,-72.47863247863248,2,13,2.25,1009.0,2026737013,0.3,0.3
fig3_risk_compensation,694.0,0.4,0,-16.282420749279556,2,14,2.25,807.0000000000001,2026737014,0.3,0.3
fig3_risk_compensation,876.0,0.4,0,-2.625570776255708,2,15,2.25,899.0,2026737015,0.3,0.3
fig3_risk_compensation,1005.0,0.4,0,-14.029850746268657,2,16,2.25,1146.0,2026737016,0.3,0.3
fig3_risk_compensation,787.0,0.4,0,-9.40279542566709,2,17,2.25,861.0,2026737017,0.3,0.3
fig3_risk_compensation,776.0,0.4,0,-54.63917525773196,2,18,2.25,1200.0,2026737018,0.3,0.3
fig3_risk_compensation,695.0,0.4,0,-46.47482014388489,2,19,2.25,1018.0,2026737019,0.3,0.3
fig3_risk_compensation,831.0,0.4,0,-101.20336943441633,2,20,2.25,1671.9999999999998,2026737020,0.3,0.3
fig3_risk_compensation,1034.0,0.4,0,-25.04835589941973,2,21,2.25,1293.0,2026737021,0.3,0.3
fig3_risk_compensation,936.0,0.4,0,-60.363247863247864,2,22,2.25,1501.0,2026737022,0.3,0.3
fig3_risk_compensation,877.0,0.4,0,-54.8460661345496,2,23,2.25,1358.0,2026737023,0.3,0.3
fig3_risk_compensation,509.0,0.4,0,-72.4950884086444,2,24,2.25,878.0,2026737024,0.3,0.3
fig3_risk_compensation,1118.0,0.4,0,13.148479427549194,2,25,2.25,971.0,2026737025,0.3,0.3
fig3_risk_compensation,880.0,0.4,0,2.9545454545454417,2,26,2.25,854.0000000000001,2026737026,0.3,0.3
fig3_risk_compensation,653.0,0.4,0,-94.64012251148546,2,27,2.25,1271.0,2026737027,0.3,0.3
fig3_risk_compensation,1137.0,0.4,0,-17.150395778364118,2,28,2.25,1332.0,2026737028,0.3,0.3
fig3_risk_compensation,846.0,0.4,0,-21.04018912529551,2,29,2.25,1024.0,2026737029,0.3,0.3
fig3_risk_compensation,886.9999999999999,0.4,0,-19.165727170236767,2,30,2.25,1057.0,2026737030,0.3,0.3
fig3_risk_compensation,1108.0,0.4,0,-5.505415162454874,2,31,2.25,1169.0,2026737031,0.3,0.3
fig3_risk_compensation,791.0,0.4,0,-22.75600505689001,2,32,2.25,971.0,2026737032,0.3,0.3
fig3_risk_compensation,871.0000000000001,0.4,0,-34.32835820895521,2,33,2.25,1170.0,2026737033,0.3,0.3
fig3_risk_compensation,878.9999999999999,0.4,0,-91.01251422070537,2,34,2.25,1679.0,2026737034,0.3,0.3
fig3_risk_compensation,886.9999999999999,0.4,0,-16.459977452085695,2,35,2.25,1033.0,2026737035,0.3,0.3
fig3_risk_compensation,916.9999999999999,0.4,0,-34.02399127589969,2,36,2.25,1229.0,2026737036,0.3,0.3
fig3_risk_compensation,875.0000000000001,0.4,0,-120.57142857142856,2,37,2.25,1930.0000000000002,2026737037,0.3,0.3
fig3_risk_compensation,622.0,0.4,0,-28.4565916398714,2,38,2.25,799.0000000000001,2026737038,0.3,0.3
fig3_risk_compensation,658.0,0.4,0,-34.04255319148936,2,39,2.25,882.0,2026737039,0.3,0.3
fig3_risk_compensation,641.0,0.4,0,-41.80967238689549,2,40,2.25,909.0000000000001,2026737040,0.3,0.3
fig3_risk_compensation,674.0,0.4,0,-25.66765578635015,2,41,2.25,847.0,2026737041,0.3,0.3
fig3_risk_compensation,884.0000000000001,0.4,0,7.352941176470613,2,42,2.25,818.9999999999999,2026737042,0.3,0.3
fig3_risk_compensation,775.0,0.4,0,-58.70967741935484,2,43,2.25,1230.0,2026737043,0.3,0.3
fig3_risk_compensation,674.0,0.4,0,-78.93175074183976,2,44,2.25,1206.0,2026737044,0.3,0.3
fig3_risk_compensation,939.0000000000001,0.4,0,-20.660276890308825,2,45,2.25,1133.0,2026737045,0.3,0.3
fig3_risk_compensation,803.0000000000001,0.4,0,-30.261519302615174,2,46,2.25,1046.0,2026737046,0.3,0.3
fig3_risk_compensation,895.9999999999999,0.4,0,0.0,2,47,2.25,895.9999999999999,2026737047,0.3,0.3
fig3_risk_compensation,697.0,0.4,0,-21.233859397417486,2,48,2.25,844.9999999999999,2026737048,0.3,0.3
fig3_risk_compensation,989.0,0.4,0,3.033367037411527,2,49,2.25,959.0,2026737049,0.3,0.3
fig3_risk_compensation,735.0,0.4,0,-68.84353741496598,2,50,2.25,1241.0,2026737050,0.3,0.3
fig3_risk_compensation,801.0,0.4,0,-13.732833957553058,2,51,2.25,911.0,2026737051,0.3,0.3
fig3_risk_compensation,846.0,0.4,0,-31.32387706855792,2,52,2.25,1111.0,2026737052,0.3,0.3
fig3_risk_compensation,818.9999999999999,0.4,0,19.65811965811965,2,53,2.25,658.0,2026737053,0.3,0.3
fig3_risk_compensation,1172.0,0.4,0,7.849829351535837,2,54,2.25,1080.0,2026737054,0.3,0.3
fig3_risk_compensation,1230.0,0.4,0,-18.69918699186992,2,55,2.25,1460.0,2026737055,0.3,0.3
fig3_risk_compensation,1092.0,0.4,0,11.172161172161172,2,56,2.25,970.0,2026737056,0.3,0.3
fig3_risk_compensation,1007.0000000000001,0.4,0,-36.64349553128101,2,57,2.25,1376.0,2026737057,0.3,0.3
fig3_risk_compensation,701.0,0.4,0,-14.835948644793152,2,58,2.25,805.0,2026737058,0.3,0.3
fig3_risk_compensation,1067.0,0.4,0,-17.80693533270853,2,59,2.25,1257.0,2026737059,0.3,0.3
fig3_risk_compensation,810.0,0.4,0,-90.12345679012346,2,60,2.25,1540.0,2026737060,0.3,0.3
fig3_risk_compensation,950.0,0.4,0,-8.421052631578947,2,61,2.25,1030.0,2026737061,0.3,0.3
fig3_risk_compensation,609.0,0.4,0,-46.46962233169131,2,62,2.25,892.0000000000001,2026737062,0.3,0.3
fig3_risk_compensation,729.0,0.4,0,-18.244170096021932,2,63,2.25,861.9999999999999,2026737063,0.3,0.3
fig3_risk_compensation,927.0,0.4,0,0.0,2,64,2.25,927.0,2026737064,0.3,0.3
fig3_risk_compensation,1050.0,0.4,0,-3.5238095238095237,2,65,2.25,1087.0,2026737065,0.3,0.3
fig3_risk_compensation,830.0,0.4,0,-34.57831325301205,2,66,2.25,1117.0,2026737066,0.3,0.3
fig3_risk_compensation,539.0,0.4,0,-76.62337662337666,2,67,2.25,952.0000000000001,2026737067,0.3,0.3
fig3_risk_compensation,803.0000000000001,0.4,0,-63.26276463262762,2,68,2.25,1311.0,2026737068,0.3,0.3
fig3_risk_compensation,734.0,0.4,0,-75.20435967302453,2,69,2.25,1286.0,2026737069,0.3,0.3
fig3_risk_compensation,874.0,0.4,0,-13.386727688787186,2,70,2.25,991.0,2026737070,0.3,0.3
fig3_risk_compensation,676.0,0.4,0,-111.24260355029585,2,71,2.25,1428.0,2026737071,0.3,0.3
fig3_risk_compensation,993.9999999999999,0.4,0,-13.279678068410476,2,72,2.25,1126.0,2026737072,0.3,0.3
fig3_risk_compensation,1085.0,0.4,0,47.096774193548384,2,73,2.25,574.0,2026737073,0.3,0.3
fig3_risk_compensation,831.0,0.4,0,-32.73164861612515,2,74,2.25,1103.0,2026737074,0.3,0.3
fig3_risk_compensation,1175.0,0.4,0,-0.6808510638297872,2,75,2.25,1183.0,2026737075,0.3,0.3
fig3_risk_compensation,920.0,0.4,0,24.347826086956523,2,76,2.25,696.0,2026737076,0.3,0.3
fig3_risk_compensation,762.0,0.4,0,-7.217847769028872,2,77,2.25,817.0,2026737077,0.3,0.3
fig3_risk_compensation,880.0,0.4,0,1.4772727272727144,2,78,2.25,867.0000000000001,2026737078,0.3,0.3
fig3_risk_compensation,990.0000000000001,0.4,0,-1.6161616161616046,2,79,2.25,1006.0,2026737079,0.3,0.3
fig3_risk_compensation,560.0,0.4,0,-31.607142857142858,2,80,2.25,737.0,2026737080,0.3,0.3
fig3_risk_compensation,687.0,0.4,0,-42.94032023289667,2,81,2.25,982.0000000000001,2026737081,0.3,0.3
fig3_risk_compensation,827.9999999999999,0.4,0,-56.4009661835749,2,82,2.25,1295.0,2026737082,0.3,0.3
fig3_risk_compensation,847.0,0.4,0,-15.34828807556079,2,83,2.25,976.9999999999999,2026737083,0.3,0.3
fig3_risk_compensation,954.0,0.4,0,-23.270440251572328,2,84,2.25,1176.0,2026737084,0.3,0.3
fig3_risk_compensation,814.9999999999999,0.4,0,-12.515337423312886,2,85,2.25,916.9999999999999,2026737085,0.3,0.3
fig3_risk_compensation,753.0,0.4,0,-51.79282868525896,2,86,2.25,1143.0,2026737086,0.3,0.3
fig3_risk_compensation,1064.0,0.4,0,7.518796992481203,2,87,2.25,984.0,2026737087,0.3,0.3
fig3_risk_compensation,656.0,0.4,0,-45.12195121951221,2,88,2.25,952.0000000000001,2026737088,0.3,0.3
fig3_risk_compensation,1145.0,0.4,0,-13.362445414847162,2,89,2.25,1298.0,2026737089,0.3,0.3
fig3_risk_compensation,553.0,0.4,0,-103.79746835443038,2,90,2.25,1127.0,2026737090,0.3,0.3
fig3_risk_compensation,882.0,0.4,0,-46.14512471655329,2,91,2.25,1289.0,2026737091,0.3,0.3
fig3_risk_compensation,700.0,0.4,0,-43.0,2,92,2.25,1001.0,2026737092,0.3,0.3
fig3_risk_compensation,757.0,0.4,0,-40.554821664464995,2,93,2.25,1064.0,2026737093,0.3,0.3
fig3_risk_compensation,847.0,0.4,0,-30.342384887839433,2,94,2.25,1104.0,2026737094,0.3,0.3
fig3_risk_compensation,895.9999999999999,0.4,0,-11.160714285714299,2,95,2.25,996.0,2026737095,0.3,0.3
fig3_risk_compensation,736.0,0.4,0,-63.17934782608695,2,96,2.25,1201.0,2026737096,0.3,0.3
fig3_risk_compensation,791.0,0.4,0,-20.227560050568886,2,97,2.25,950.9999999999999,2026737097,0.3,0.3
fig3_risk_compensation,940.0,0.4,0,-10.0,2,98,2.25,1034.0,2026737098,0.3,0.3
fig3_risk_compensation,776.0,0.4,0,-17.912371134020617,2,99,2.25,915.0,2026737099,0.3,0.3
fig3_risk_compensation,780.0,0.4,0,78.07692307692308,2,0,2.25,171.0,2026741000,0.9,0.9
fig3_risk_compensation,790.0000000000001,0.4,0,73.54430379746836,2,1,2.25,208.99999999999997,2026741001,0.9,0.9
fig3_risk_compensation,889.0,0.4,0,72.77840269966254,2,2,2.25,241.99999999999997,2026741002,0.9,0.9
fig3_risk_compensation,1155.0,0.4,0,75.58441558441558,2,3,2.25,282.0,2026741003,0.9,0.9
fig3_risk_compensation,1200.0,0.4,0,80.41666666666667,2,4,2.25,235.0,2026741004,0.9,0.9
fig3_risk_compensation,840.0,0.4,0,73.80952380952381,2,5,2.25,220.0,2026741005,0.9,0.9
fig3_risk_compensation,995.0,0.4,0,75.77889447236181,2,6,2.25,240.99999999999997,2026741006,0.9,0.9
fig3_risk_compensation,736.0,0.4,0,81.79347826086956,2,7,2.25,134.0,2026741007,0.9,0.9
fig3_risk_compensation,581.0,0.4,0,72.80550774526678,2,8,2.25,158.0,2026741008,0.9,0.9
fig3_risk_compensation,710.0,0.4,0,78.02816901408451,2,9,2.25,156.0,2026741009,0.9,0.9
fig3_risk_compensation,670.0,0.4,0,64.02985074626865,2,10,2.25,240.99999999999997,2026741010,0.9,0.9
fig3_risk_compensation,729.0,0.4,0,64.4718792866941,2,11,2.25,259.0,2026741011,0.9,0.9
fig3_risk_compensation,876.0,0.4,0,84.3607305936073,2,12,2.25,137.0,2026741012,0.9,0.9
fig3_risk_compensation,731.0,0.4,0,71.81942544459645,2,13,2.25,206.00000000000003,2026741013,0.9,0.9
fig3_risk_compensation,893.0,0.4,0,67.86114221724524,2,14,2.25,287.0,2026741014,0.9,0.9
fig3_risk_compensation,674.0,0.4,0,76.11275964391692,2,15,2.25,161.0,2026741015,0.9,0.9
fig3_risk_compensation,914.0,0.4,0,75.49234135667396,2,16,2.25,223.99999999999997,2026741016,0.9,0.9
fig3_risk_compensation,984.9999999999999,0.4,0,85.17766497461929,2,17,2.25,146.0,2026741017,0.9,0.9
fig3_risk_compensation,709.0,0.4,0,84.4851904090268,2,18,2.25,110.0,2026741018,0.9,0.9
fig3_risk_compensation,473.0,0.4,0,51.16279069767442,2,19,2.25,231.0,2026741019,0.9,0.9
fig3_risk_compensation,874.0,0.4,0,79.51945080091534,2,20,2.25,179.0,2026741020,0.9,0.9
fig3_risk_compensation,739.0,0.4,0,77.26657645466847,2,21,2.25,168.0,2026741021,0.9,0.9
fig3_risk_compensation,948.0000000000001,0.4,0,81.11814345991561,2,22,2.25,179.0,2026741022,0.9,0.9
fig3_risk_compensation,827.0,0.4,0,74.3651753325272,2,23,2.25,212.0,2026741023,0.9,0.9
fig3_risk_compensation,954.0,0.4,0,87.42138364779875,2,24,2.25,119.99999999999999,2026741024,0.9,0.9
fig3_risk_compensation,891.0,0.4,0,82.71604938271605,2,25,2.25,154.0,2026741025,0.9,0.9
fig3_risk_compensation,540.0,0.4,0,69.81481481481481,2,26,2.25,163.0,2026741026,0.9,0.9
fig3_risk_compensation,929.0,0.4,0,79.1173304628633,2,27,2.25,194.0,2026741027,0.9,0.9
fig3_risk_compensation,1113.0,0.4,0,81.85085354896675,2,28,2.25,202.0,2026741028,0.9,0.9
fig3_risk_compensation,1170.0,0.4,0,86.41025641025641,2,29,2.25,159.0,2026741029,0.9,0.9
fig3_risk_compensation,750.0,0.4,0,74.93333333333334,2,30,2.25,188.0,2026741030,0.9,0.9
fig3_risk_compensation,922.0000000000001,0.4,0,63.12364425162691,2,31,2.25,340.0,2026741031,0.9,0.9
fig3_risk_compensation,864.0,0.4,0,82.29166666666667,2,32,2.25,153.0,2026741032,0.9,0.9
fig3_risk_compensation,590.0,0.4,0,66.27118644067797,2,33,2.25,199.0,2026741033,0.9,0.9
fig3_risk_compensation,582.0,0.4,0,69.0721649484536,2,34,2.25,180.0,2026741034,0.9,0.9
fig3_risk_compensation,752.0,0.4,0,83.6436170212766,2,35,2.25,123.0,2026741035,0.9,0.9
fig3_risk_compensation,986.0000000000001,0.4,0,76.87626774847871,2,36,2.25,228.0,2026741036,0.9,0.9
fig3_risk_compensation,918.0000000000001,0.4,0,78.64923747276688,2,37,2.25,196.0,2026741037,0.9,0.9
fig3_risk_compensation,1044.0,0.4,0,81.32183908045977,2,38,2.25,195.0,2026741038,0.9,0.9
fig3_risk_compensation,863.0,0.4,0,75.66628041714948,2,39,2.25,210.0,2026741039,0.9,0.9
fig3_risk_compensation,860.0,0.4,0,67.09302325581395,2,40,2.25,283.0,2026741040,0.9,0.9
fig3_risk_compensation,931.0,0.4,0,77.12137486573577,2,41,2.25,213.0,2026741041,0.9,0.9
fig3_risk_compensation,833.0000000000001,0.4,0,69.50780312124851,2,42,2.25,254.00000000000003,2026741042,0.9,0.9
fig3_risk_compensation,809.0,0.4,0,70.08652657601978,2,43,2.25,241.99999999999997,2026741043,0.9,0.9
fig3_risk_compensation,969.0000000000001,0.4,0,77.81217750257998,2,44,2.25,215.0,2026741044,0.9,0.9
fig3_risk_compensation,564.0,0.4,0,66.48936170212765,2,45,2.25,189.0,2026741045,0.9,0.9
fig3_risk_compensation,860.0,0.4,0,78.02325581395348,2,46,2.25,189.0,2026741046,0.9,0.9
fig3_risk_compensation,874.0,0.4,0,73.34096109839817,2,47,2.25,233.0,2026741047,0.9,0.9
fig3_risk_compensation,922.0000000000001,0.4,0,78.85032537960954,2,48,2.25,195.0,2026741048,0.9,0.9
fig3_risk_compensation,901.0000000000001,0.4,0,80.13318534961155,2,49,2.25,179.0,2026741049,0.9,0.9
fig3_risk_compensation,846.0,0.4,0,73.1678486997636,2,50,2.25,227.0,2026741050,0.9,0.9
fig3_risk_compensation,1189.0,0.4,0,83.17914213624894,2,51,2.25,200.0,2026741051,0.9,0.9
fig3_risk_compensation,1109.0,0.4,0,77.81785392245266,2,52,2.25,246.0,2026741052,0.9,0.9
fig3_risk_compensation,743.0,0.4,0,77.79273216689099,2,53,2.25,165.0,2026741053,0.9,0.9
fig3_risk_compensation,639.0,0.4,0,69.9530516431925,2,54,2.25,192.0,2026741054,0.9,0.9
fig3_risk_compensation,634.0,0.4,0,70.34700315457414,2,55,2.25,188.0,2026741055,0.9,0.9
fig3_risk_compensation,886.9999999999999,0.4,0,75.64825253664036,2,56,2.25,216.0,2026741056,0.9,0.9
fig3_risk_compensation,902.0,0.4,0,71.50776053215077,2,57,2.25,257.0,2026741057,0.9,0.9
fig3_risk_compensation,602.0,0.4,0,74.75083056478405,2,58,2.25,152.0,2026741058,0.9,0.9
fig3_risk_compensation,827.9999999999999,0.4,0,74.03381642512076,2,59,2.25,215.0,2026741059,0.9,0.9
fig3_risk_compensation,731.0,0.4,0,78.52257181942545,2,60,2.25,157.0,2026741060,0.9,0.9
fig3_risk_compensation,720.0,0.4,0,70.27777777777777,2,61,2.25,214.0,2026741061,0.9,0.9
fig3_risk_compensation,860.0,0.4,0,64.06976744186046,2,62,2.25,309.0,2026741062,0.9,0.9
fig3_risk_compensation,928.0,0.4,0,77.69396551724138,2,63,2.25,206.99999999999997,2026741063,0.9,0.9
fig3_risk_compensation,422.0,0.4,0,63.981042654028435,2,64,2.25,152.0,2026741064,0.9,0.9
fig3_risk_compensation,683.0,0.4,0,64.12884333821377,2,65,2.25,245.0,2026741065,0.9,0.9
fig3_risk_compensation,868.0,0.4,0,72.46543778801843,2,66,2.25,239.00000000000003,2026741066,0.9,0.9
fig3_risk_compensation,694.0,0.4,0,79.97118155619597,2,67,2.25,139.0,2026741067,0.9,0.9
fig3_risk_compensation,924.0,0.4,0,81.06060606060606,2,68,2.25,175.0,2026741068,0.9,0.9
fig3_risk_compensation,1179.0,0.4,0,77.18405428329092,2,69,2.25,269.0,2026741069,0.9,0.9
fig3_risk_compensation,673.0,0.4,0,63.59583952451709,2,70,2.25,245.0,2026741070,0.9,0.9
fig3_risk_compensation,818.9999999999999,0.4,0,75.57997557997557,2,71,2.25,200.0,2026741071,0.9,0.9
fig3_risk_compensation,711.0,0.4,0,68.21378340365682,2,72,2.25,225.99999999999997,2026741072,0.9,0.9
fig3_risk_compensation,805.0,0.4,0,74.03726708074534,2,73,2.25,208.99999999999997,2026741073,0.9,0.9
fig3_risk_compensation,639.0,0.4,0,82.00312989045383,2,74,2.25,115.0,2026741074,0.9,0.9
fig3_risk_compensation,632.0,0.4,0,63.13291139240506,2,75,2.25,233.0,2026741075,0.9,0.9
fig3_risk_compensation,990.0000000000001,0.4,0,81.31313131313132,2,76,2.25,185.0,2026741076,0.9,0.9
fig3_risk_compensation,824.0000000000001,0.4,0,74.02912621359224,2,77,2.25,214.0,2026741077,0.9,0.9
fig3_risk_compensation,540.0,0.4,0,63.51851851851852,2,78,2.25,197.0,2026741078,0.9,0.9
fig3_risk_compensation,778.0,0.4,0,74.55012853470437,2,79,2.25,198.0,2026741079,0.9,0.9
fig3_risk_compensation,1051.0,0.4,0,78.97240723120838,2,80,2.25,221.00000000000003,2026741080,0.9,0.9
fig3_risk_compensation,548.0,0.4,0,55.65693430656934,2,81,2.25,243.0,2026741081,0.9,0.9
fig3_risk_compensation,893.0,0.4,0,81.18701007838746,2,82,2.25,168.0,2026741082,0.9,0.9
fig3_risk_compensation,818.0,0.4,0,82.02933985330074,2,83,2.25,147.0,2026741083,0.9,0.9
fig3_risk_compensation,840.0,0.4,0,68.33333333333333,2,84,2.25,266.0,2026741084,0.9,0.9
fig3_risk_compensation,750.0,0.4,0,81.86666666666666,2,85,2.25,136.0,2026741085,0.9,0.9
fig3_risk_compensation,822.0,0.4,0,71.41119221411192,2,86,2.25,235.0,2026741086,0.9,0.9
fig3_risk_compensation,1060.0,0.4,0,83.86792452830188,2,87,2.25,171.0,2026741087,0.9,0.9
fig3_risk_compensation,809.0,0.4,0,69.59208899876391,2,88,2.25,246.0,2026741088,0.9,0.9
fig3_risk_compensation,1109.0,0.4,0,73.85031559963932,2,89,2.25,290.0,2026741089,0.9,0.9
fig3_risk_compensation,619.0,0.4,0,62.035541195476576,2,90,2.25,235.0,2026741090,0.9,0.9
fig3_risk_compensation,723.0,0.4,0,67.91147994467497,2,91,2.25,232.0,2026741091,0.9,0.9
fig3_risk_compensation,787.0,0.4,0,82.0838627700127,2,92,2.25,141.0,2026741092,0.9,0.9
fig3_risk_compensation,672.0,0.4,0,76.93452380952381,2,93,2.25,155.0,2026741093,0.9,0.9
fig3_risk_compensation,711.0,0.4,0,82.9817158931083,2,94,2.25,120.99999999999999,2026741094,0.9,0.9
fig3_risk_compensation,615.0,0.4,0,76.42276422764228,2,95,2.25,145.0,2026741095,0.9,0.9
fig3_risk_compensation,1088.0,0.4,0,76.5625,2,96,2.25,255.00000000000003,2026741096,0.9,0.9
fig3_risk_compensation,885.0,0.4,0,76.045197740113,2,97,2.25,212.0,2026741097,0.9,0.9
fig3_risk_compensation,1105.0,0.4,0,86.60633484162896,2,98,2.25,148.0,2026741098,0.9,0.9
fig3_risk_compensation,777.0,0.4,0,76.7052767052767,2,99,2.25,181.0,2026741099,0.9,0.9
fig3_risk_compensation,682.0,0.4,0,-336.95014662756597,2,0,2.25,2980.0,2026736000,0.15,0.15
fig3_risk_compensation,637.0,0.4,0,-326.8445839874411,2,1,2.25,2719.0,2026736001,0.15,0.15
fig3_risk_compensation,958.0,0.4,0,-189.45720250521921,2,2,2.25,2773.0,2026736002,0.15,0.15
fig3_risk_compensation,881.0,0.4,0,-215.32349602724176,2,3,2.25,2778.0,2026736003,0.15,0.15
fig3_risk_compensation,835.9999999999999,0.4,0,-200.00000000000003,2,4,2.25,2508.0,2026736004,0.15,0.15
fig3_risk_compensation,1128.0,0.4,0,-175.53191489361703,2,5,2.25,3108.0,2026736005,0.15,0.15
fig3_risk_compensation,1038.0,0.4,0,-250.77071290944124,2,6,2.25,3641.0,2026736006,0.15,0.15
fig3_risk_compensation,959.9999999999999,0.4,0,-197.81250000000003,2,7,2.25,2859.0,2026736007,0.15,0.15
fig3_risk_compensation,812.0,0.4,0,-255.29556650246306,2,8,2.25,2885.0,2026736008,0.15,0.15
fig3_risk_compensation,954.0,0.4,0,-87.84067085953875,2,9,2.25,1791.9999999999998,2026736009,0.15,0.15
fig3_risk_compensation,809.0,0.4,0,-177.87391841779976,2,10,2.25,2248.0,2026736010,0.15,0.15
fig3_risk_compensation,835.0,0.4,0,-133.53293413173654,2,11,2.25,1950.0,2026736011,0.15,0.15
fig3_risk_compensation,931.0,0.4,0,-187.9699248120301,2,12,2.25,2681.0,2026736012,0.15,0.15
fig3_risk_compensation,764.0,0.4,0,-172.12041884816753,2,13,2.25,2079.0,2026736013,0.15,0.15
fig3_risk_compensation,696.0,0.4,0,-419.10919540229895,2,14,2.25,3613.0000000000005,2026736014,0.15,0.15
fig3_risk_compensation,639.0,0.4,0,-310.641627543036,2,15,2.25,2624.0,2026736015,0.15,0.15
fig3_risk_compensation,784.9999999999999,0.4,0,-259.8726114649682,2,16,2.25,2825.0,2026736016,0.15,0.15
fig3_risk_compensation,650.0,0.4,0,-193.3846153846154,2,17,2.25,1907.0,2026736017,0.15,0.15
fig3_risk_compensation,871.0000000000001,0.4,0,-165.67164179104475,2,18,2.25,2314.0,2026736018,0.15,0.15
fig3_risk_compensation,742.0,0.4,0,-149.7304582210243,2,19,2.25,1853.0000000000002,2026736019,0.15,0.15
fig3_risk_compensation,859.0,0.4,0,-329.2200232828871,2,20,2.25,3687.0,2026736020,0.15,0.15
fig3_risk_compensation,728.0,0.4,0,-232.41758241758242,2,21,2.25,2420.0,2026736021,0.15,0.15
fig3_risk_compensation,667.0,0.4,0,-289.2053973013493,2,22,2.25,2596.0,2026736022,0.15,0.15
fig3_risk_compensation,514.0,0.4,0,-420.4280155642023,2,23,2.25,2675.0,2026736023,0.15,0.15
fig3_risk_compensation,1040.0,0.4,0,-266.53846153846155,2,24,2.25,3812.0,2026736024,0.15,0.15
fig3_risk_compensation,788.0,0.4,0,-143.0203045685279,2,25,2.25,1915.0,2026736025,0.15,0.15
fig3_risk_compensation,983.0,0.4,0,-116.98880976602238,2,26,2.25,2133.0,2026736026,0.15,0.15
fig3_risk_compensation,925.0,0.4,0,-139.45945945945945,2,27,2.25,2215.0,2026736027,0.15,0.15
fig3_risk_compensation,466.99999999999994,0.4,0,-561.8843683083512,2,28,2.25,3091.0,2026736028,0.15,0.15
fig3_risk_compensation,714.0,0.4,0,-239.2156862745098,2,29,2.25,2422.0,2026736029,0.15,0.15
fig3_risk_compensation,787.0,0.4,0,-259.3392630241423,2,30,2.25,2828.0,2026736030,0.15,0.15
fig3_risk_compensation,686.0,0.4,0,-358.01749271137015,2,31,2.25,3141.9999999999995,2026736031,0.15,0.15
fig3_risk_compensation,498.0,0.4,0,-265.66265060240966,2,32,2.25,1821.0,2026736032,0.15,0.15
fig3_risk_compensation,824.0000000000001,0.4,0,-229.73300970873782,2,33,2.25,2717.0,2026736033,0.15,0.15
fig3_risk_compensation,871.0000000000001,0.4,0,-170.49368541905852,2,34,2.25,2356.0,2026736034,0.15,0.15
fig3_risk_compensation,807.0000000000001,0.4,0,-165.55142503097892,2,35,2.25,2143.0,2026736035,0.15,0.15
fig3_risk_compensation,659.0,0.4,0,-317.1471927162367,2,36,2.25,2749.0,2026736036,0.15,0.15
fig3_risk_compensation,914.0,0.4,0,-148.24945295404814,2,37,2.25,2269.0,2026736037,0.15,0.15
fig3_risk_compensation,675.0,0.4,0,-337.3333333333333,2,38,2.25,2952.0,2026736038,0.15,0.15
fig3_risk_compensation,850.0000000000001,0.4,0,-235.29411764705878,2,39,2.25,2850.0,2026736039,0.15,0.15
fig3_risk_compensation,942.9999999999999,0.4,0,-175.18557794273596,2,40,2.25,2595.0,2026736040,0.15,0.15
fig3_risk_compensation,1016.0000000000001,0.4,0,-187.007874015748,2,41,2.25,2916.0,2026736041,0.15,0.15
fig3_risk_compensation,733.0,0.4,0,-280.76398362892223,2,42,2.25,2791.0,2026736042,0.15,0.15
fig3_risk_compensation,946.0,0.4,0,-104.22832980972515,2,43,2.25,1932.0,2026736043,0.15,0.15
fig3_risk_compensation,783.0,0.4,0,-227.2030651340996,2,44,2.25,2562.0,2026736044,0.15,0.15
fig3_risk_compensation,927.0,0.4,0,-222.54584681769148,2,45,2.25,2990.0,2026736045,0.15,0.15
fig3_risk_compensation,1006.0,0.4,0,-144.4333996023857,2,46,2.25,2459.0,2026736046,0.15,0.15
fig3_risk_compensation,847.0,0.4,0,-223.73081463990556,2,47,2.25,2742.0,2026736047,0.15,0.15
fig3_risk_compensation,816.0000000000001,0.4,0,-340.5637254901961,2,48,2.25,3595.0000000000005,2026736048,0.15,0.15
fig3_risk_compensation,579.0,0.4,0,-228.67012089810012,2,49,2.25,1902.9999999999998,2026736049,0.15,0.15
fig3_risk_compensation,757.0,0.4,0,-238.44121532364596,2,50,2.25,2562.0,2026736050,0.15,0.15
fig3_risk_compensation,786.0000000000001,0.4,0,-197.96437659033077,2,51,2.25,2342.0,2026736051,0.15,0.15
fig3_risk_compensation,1083.0,0.4,0,-172.02216066481995,2,52,2.25,2946.0,2026736052,0.15,0.15
fig3_risk_compensation,834.0,0.4,0,-166.66666666666666,2,53,2.25,2224.0,2026736053,0.15,0.15
fig3_risk_compensation,950.9999999999999,0.4,0,-177.70767613038907,2,54,2.25,2641.0,2026736054,0.15,0.15
fig3_risk_compensation,629.0,0.4,0,-268.362480127186,2,55,2.25,2317.0,2026736055,0.15,0.15
fig3_risk_compensation,776.0,0.4,0,-231.70103092783506,2,56,2.25,2574.0,2026736056,0.15,0.15
fig3_risk_compensation,865.0,0.4,0,-278.6127167630058,2,57,2.25,3275.0,2026736057,0.15,0.15
fig3_risk_compensation,693.0,0.4,0,-231.45743145743145,2,58,2.25,2297.0,2026736058,0.15,0.15
fig3_risk_compensation,873.0,0.4,0,-333.7915234822451,2,59,2.25,3787.0,2026736059,0.15,0.15
fig3_risk_compensation,839.0,0.4,0,-224.55303933253873,2,60,2.25,2723.0,2026736060,0.15,0.15
fig3_risk_compensation,838.0,0.4,0,-210.14319809069212,2,61,2.25,2599.0,2026736061,0.15,0.15
fig3_risk_compensation,784.0,0.4,0,-158.54591836734693,2,62,2.25,2027.0,2026736062,0.15,0.15
fig3_risk_compensation,681.0,0.4,0,-334.80176211453744,2,63,2.25,2961.0,2026736063,0.15,0.15
fig3_risk_compensation,599.0,0.4,0,-249.08180300500834,2,64,2.25,2091.0,2026736064,0.15,0.15
fig3_risk_compensation,545.0,0.4,0,-315.9633027522936,2,65,2.25,2267.0,2026736065,0.15,0.15
fig3_risk_compensation,1017.0,0.4,0,-139.62635201573255,2,66,2.25,2437.0,2026736066,0.15,0.15
fig3_risk_compensation,1020.0000000000001,0.4,0,-232.35294117647055,2,67,2.25,3390.0,2026736067,0.15,0.15
fig3_risk_compensation,1028.0,0.4,0,-148.15175097276264,2,68,2.25,2551.0,2026736068,0.15,0.15
fig3_risk_compensation,768.0,0.4,0,-219.140625,2,69,2.25,2451.0,2026736069,0.15,0.15
fig3_risk_compensation,587.0,0.4,0,-243.27086882453156,2,70,2.25,2015.0000000000002,2026736070,0.15,0.15
fig3_risk_compensation,1065.0,0.4,0,-120.46948356807512,2,71,2.25,2348.0,2026736071,0.15,0.15
fig3_risk_compensation,844.9999999999999,0.4,0,-276.923076923077,2,72,2.25,3185.0000000000005,2026736072,0.15,0.15
fig3_risk_compensation,793.9999999999999,0.4,0,-185.26448362720404,2,73,2.25,2265.0,2026736073,0.15,0.15
fig3_risk_compensation,971.0,0.4,0,-119.9794026776519,2,74,2.25,2136.0,2026736074,0.15,0.15
fig3_risk_compensation,915.0,0.4,0,-167.54098360655738,2,75,2.25,2448.0,2026736075,0.15,0.15
fig3_risk_compensation,612.0,0.4,0,-390.19607843137254,2,76,2.25,3000.0,2026736076,0.15,0.15
fig3_risk_compensation,754.0,0.4,0,-192.70557029177718,2,77,2.25,2207.0,2026736077,0.15,0.15
fig3_risk_compensation,742.0,0.4,0,-222.911051212938,2,78,2.25,2396.0,2026736078,0.15,0.15
fig3_risk_compensation,726.0,0.4,0,-261.2947658402204,2,79,2.25,2623.0,2026736079,0.15,0.15
fig3_risk_compensation,763.0,0.4,0,-282.96199213630405,2,80,2.25,2922.0,2026736080,0.15,0.15
fig3_risk_compensation,489.0,0.4,0,-320.44989775051124,2,81,2.25,2056.0,2026736081,0.15,0.15
fig3_risk_compensation,714.0,0.4,0,-262.7450980392157,2,82,2.25,2590.0,2026736082,0.15,0.15
fig3_risk_compensation,712.0,0.4,0,-310.6741573033708,2,83,2.25,2924.0,2026736083,0.15,0.15
fig3_risk_compensation,997.9999999999999,0.4,0,-222.24448897795594,2,84,2.25,3216.0,2026736084,0.15,0.15
fig3_risk_compensation,570.0,0.4,0,-154.3859649122807,2,85,2.25,1450.0,2026736085,0.15,0.15
fig3_risk_compensation,660.0,0.4,0,-113.33333333333333,2,86,2.25,1408.0,2026736086,0.15,0.15
fig3_risk_compensation,682.0,0.4,0,-179.76539589442814,2,87,2.25,1908.0,2026736087,0.15,0.15
fig3_risk_compensation,740.0,0.4,0,-234.05405405405406,2,88,2.25,2472.0,2026736088,0.15,0.15
fig3_risk_compensation,1220.0,0.4,0,-98.0327868852459,2,89,2.25,2416.0,2026736089,0.15,0.15
fig3_risk_compensation,946.0,0.4,0,-186.1522198731501,2,90,2.25,2707.0,2026736090,0.15,0.15
fig3_risk_compensation,613.0,0.4,0,-391.5171288743883,2,91,2.25,3013.0,2026736091,0.15,0.15
fig3_risk_compensation,833.0000000000001,0.4,0,-121.24849939975985,2,92,2.25,1842.9999999999998,2026736092,0.15,0.15
fig3_risk_compensation,1061.0,0.4,0,-93.11969839773798,2,93,2.25,2049.0,2026736093,0.15,0.15
fig3_risk_compensation,842.0,0.4,0,-259.50118764845604,2,94,2.25,3027.0,2026736094,0.15,0.15
fig3_risk_compensation,742.0,0.4,0,-159.1644204851752,2,95,2.25,1923.0,2026736095,0.15,0.15
fig3_risk_compensation,1202.0,0.4,0,-201.49750415973378,2,96,2.25,3624.0,2026736096,0.15,0.15
fig3_risk_compensation,1020.0000000000001,0.4,0,-240.39215686274508,2,97,2.25,3472.0,2026736097,0.15,0.15
fig3_risk_compensation,871.0000000000001,0.4,0,-240.8725602755453,2,98,2.25,2969.0,2026736098,0.15,0.15
fig3_risk_compensation,831.9999999999999,0.4,0,-177.16346153846158,2,99,2.25,2306.0,2026736099,0.15,0.15
fig3_risk_compensation,1110.0,0.4,0,27.74774774774776,2,0,2.5,801.9999999999999,2026745000,0.44999999999999996,0.44999999999999996
fig3_risk_compensation,783.0,0.4,0,38.44189016602811,2,1,2.5,481.99999999999994,2026745001,0.44999999999999996,0.44999999999999996
fig3_risk_compensation,737.0,0.4,0,-10.447761194029852,2,2,2.5,814.0,2026745002,0.44999999999999996,0.44999999999999996
fig3_risk_compensation,912.0,0.4,0,16.885964912280702,2,3,2.5,758.0,2026745003,0.44999999999999996,0.44999999999999996
fig3_risk_compensation,723.0,0.4,0,28.21576763485477,2,4,2.5,519.0,2026745004,0.44999999999999996,0.44999999999999996
fig3_risk_compensation,850.0000000000001,0.4,0,62.941176470588246,2,5,2.5,315.0,2026745005,0.44999999999999996,0.44999999999999996
fig3_risk_compensation,1102.0,0.4,0,26.678765880217785,2,6,2.5,808.0,2026745006,0.44999999999999996,0.44999999999999996
fig3_risk_compensation,1142.0,0.4,0,36.25218914185639,2,7,2.5,728.0,2026745007,0.44999999999999996,0.44999999999999996
fig3_risk_compensation,693.0,0.4,0,27.128427128427127,2,8,2.5,505.0,2026745008,0.44999999999999996,0.44999999999999996
fig3_risk_compensation,996.0,0.4,0,46.18473895582329,2,9,2.5,536.0,2026745009,0.44999999999999996,0.44999999999999996
fig3_risk_compensation,670.0,0.4,0,8.507462686567164,2,10,2.5,613.0,2026745010,0.44999999999999996,0.44999999999999996
fig3_risk_compensation,745.0,0.4,0,-4.429530201342282,2,11,2.5,778.0,2026745011,0.44999999999999996,0.44999999999999996
fig3_risk_compensation,920.0,0.4,0,37.06521739130435,2,12,2.5,579.0,2026745012,0.44999999999999996,0.44999999999999996
fig3_risk_compensation,768.0,0.4,0,11.197916666666666,2,13,2.5,682.0,2026745013,0.44999999999999996,0.44999999999999996
fig3_risk_compensation,1154.0,0.4,0,58.05892547660312,2,14,2.5,483.99999999999994,2026745014,0.44999999999999996,0.44999999999999996
fig3_risk_compensation,797.9999999999999,0.4,0,22.80701754385964,2,15,2.5,616.0,2026745015,0.44999999999999996,0.44999999999999996
fig3_risk_compensation,1018.0,0.4,0,55.20628683693517,2,16,2.5,456.0,2026745016,0.44999999999999996,0.44999999999999996
fig3_risk_compensation,835.9999999999999,0.4,0,14.23444976076554,2,17,2.5,717.0,2026745017,0.44999999999999996,0.44999999999999996
fig3_risk_compensation,867.0000000000001,0.4,0,29.988465974625154,2,18,2.5,607.0,2026745018,0.44999999999999996,0.44999999999999996
fig3_risk_compensation,897.0,0.4,0,7.134894091415818,2,19,2.5,833.0000000000001,2026745019,0.44999999999999996,0.44999999999999996
fig3_risk_compensation,634.0,0.4,0,-24.9211356466877,2,20,2.5,792.0,2026745020,0.44999999999999996,0.44999999999999996
fig3_risk_compensation,825.0,0.4,0,40.84848484848485,2,21,2.5,488.0,2026745021,0.44999999999999996,0.44999999999999996
fig3_risk_compensation,846.0,0.4,0,2.1276595744680984,2,22,2.5,827.9999999999999,2026745022,0.44999999999999996,0.44999999999999996
fig3_risk_compensation,793.0,0.4,0,1.1349306431273645,2,23,2.5,784.0,2026745023,0.44999999999999996,0.44999999999999996
fig3_risk_compensation,752.0,0.4,0,7.3138297872340425,2,24,2.5,697.0,2026745024,0.44999999999999996,0.44999999999999996
fig3_risk_compensation,742.0,0.4,0,35.849056603773576,2,25,2.5,476.00000000000006,2026745025,0.44999999999999996,0.44999999999999996
fig3_risk_compensation,685.0,0.4,0,40.145985401459846,2,26,2.5,410.00000000000006,2026745026,0.44999999999999996,0.44999999999999996
fig3_risk_compensation,745.0,0.4,0,7.785234899328859,2,27,2.5,687.0,2026745027,0.44999999999999996,0.44999999999999996
fig3_risk_compensation,795.0,0.4,0,17.861635220125788,2,28,2.5,653.0,2026745028,0.44999999999999996,0.44999999999999996
fig3_risk_compensation,790.0000000000001,0.4,0,8.481012658227861,2,29,2.5,723.0,2026745029,0.44999999999999996,0.44999999999999996
fig3_risk_compensation,835.9999999999999,0.4,0,21.172248803827742,2,30,2.5,659.0,2026745030,0.44999999999999996,0.44999999999999996
fig3_risk_compensation,958.0,0.4,0,46.86847599164927,2,31,2.5,509.0,2026745031,0.44999999999999996,0.44999999999999996
fig3_risk_compensation,717.0,0.4,0,13.110181311018131,2,32,2.5,623.0,2026745032,0.44999999999999996,0.44999999999999996
fig3_risk_compensation,1075.0,0.4,0,46.51162790697674,2,33,2.5,575.0,2026745033,0.44999999999999996,0.44999999999999996
fig3_risk_compensation,753.0,0.4,0,6.374501992031872,2,34,2.5,705.0,2026745034,0.44999999999999996,0.44999999999999996
fig3_risk_compensation,878.9999999999999,0.4,0,6.484641638225244,2,35,2.5,822.0,2026745035,0.44999999999999996,0.44999999999999996
fig3_risk_compensation,622.0,0.4,0,-38.745980707395496,2,36,2.5,863.0,2026745036,0.44999999999999996,0.44999999999999996
fig3_risk_compensation,717.0,0.4,0,26.917712691771268,2,37,2.5,524.0,2026745037,0.44999999999999996,0.44999999999999996
fig3_risk_compensation,1154.0,0.4,0,49.04679376083189,2,38,2.5,588.0,2026745038,0.44999999999999996,0.44999999999999996
fig3_risk_compensation,562.0,0.4,0,-23.665480427046262,2,39,2.5,695.0,2026745039,0.44999999999999996,0.44999999999999996
fig3_risk_compensation,1252.0,0.4,0,19.089456869009584,2,40,2.5,1013.0,2026745040,0.44999999999999996,0.44999999999999996
fig3_risk_compensation,1024.0,0.4,0,33.88671875,2,41,2.5,677.0,2026745041,0.44999999999999996,0.44999999999999996
fig3_risk_compensation,1030.0,0.4,0,12.427184466019417,2,42,2.5,902.0,2026745042,0.44999999999999996,0.44999999999999996
fig3_risk_compensation,796.0,0.4,0,19.09547738693467,2,43,2.5,644.0,2026745043,0.44999999999999996,0.44999999999999996
fig3_risk_compensation,778.0,0.4,0,6.298200514138817,2,44,2.5,729.0,2026745044,0.44999999999999996,0.44999999999999996
fig3_risk_compensation,1077.0,0.4,0,22.46982358402971,2,45,2.5,835.0,2026745045,0.44999999999999996,0.44999999999999996
fig3_risk_compensation,680.0,0.4,0,36.1764705882353,2,46,2.5,434.0,2026745046,0.44999999999999996,0.44999999999999996
fig3_risk_compensation,765.0,0.4,0,12.026143790849673,2,47,2.5,673.0,2026745047,0.44999999999999996,0.44999999999999996
fig3_risk_compensation,741.0,0.4,0,12.010796221322536,2,48,2.5,652.0,2026745048,0.44999999999999996,0.44999999999999996
fig3_risk_compensation,818.9999999999999,0.4,0,32.60073260073259,2,49,2.5,552.0,2026745049,0.44999999999999996,0.44999999999999996
fig3_risk_compensation,489.0,0.4,0,24.744376278118608,2,50,2.5,368.0,2026745050,0.44999999999999996,0.44999999999999996
fig3_risk_compensation,648.0,0.4,0,5.092592592592593,2,51,2.5,615.0,2026745051,0.44999999999999996,0.44999999999999996
fig3_risk_compensation,863.0,0.4,0,37.77520278099652,2,52,2.5,537.0,2026745052,0.44999999999999996,0.44999999999999996
fig3_risk_compensation,781.0,0.4,0,16.77336747759283,2,53,2.5,650.0,2026745053,0.44999999999999996,0.44999999999999996
fig3_risk_compensation,1024.0,0.4,0,33.203125,2,54,2.5,684.0,2026745054,0.44999999999999996,0.44999999999999996
fig3_risk_compensation,1075.0,0.4,0,30.511627906976745,2,55,2.5,747.0,2026745055,0.44999999999999996,0.44999999999999996
fig3_risk_compensation,787.0,0.4,0,9.656925031766201,2,56,2.5,711.0,2026745056,0.44999999999999996,0.44999999999999996
fig3_risk_compensation,937.0,0.4,0,32.97758804695838,2,57,2.5,628.0,2026745057,0.44999999999999996,0.44999999999999996
fig3_risk_compensation,737.0,0.4,0,-9.226594301221168,2,58,2.5,805.0,2026745058,0.44999999999999996,0.44999999999999996
fig3_risk_compensation,907.0,0.4,0,16.5380374862183,2,59,2.5,757.0,2026745059,0.44999999999999996,0.44999999999999996
fig3_risk_compensation,932.0,0.4,0,40.02145922746781,2,60,2.5,559.0,2026745060,0.44999999999999996,0.44999999999999996
fig3_risk_compensation,1274.0,0.4,0,44.42700156985871,2,61,2.5,708.0,2026745061,0.44999999999999996,0.44999999999999996
fig3_risk_compensation,675.0,0.4,0,2.074074074074074,2,62,2.5,661.0,2026745062,0.44999999999999996,0.44999999999999996
fig3_risk_compensation,861.0,0.4,0,27.990708478513355,2,63,2.5,620.0,2026745063,0.44999999999999996,0.44999999999999996
fig3_risk_compensation,935.0000000000001,0.4,0,49.3048128342246,2,64,2.5,474.00000000000006,2026745064,0.44999999999999996,0.44999999999999996
fig3_risk_compensation,1112.0,0.4,0,34.26258992805755,2,65,2.5,731.0,2026745065,0.44999999999999996,0.44999999999999996
fig3_risk_compensation,573.0,0.4,0,44.67713787085515,2,66,2.5,317.0,2026745066,0.44999999999999996,0.44999999999999996
fig3_risk_compensation,585.0,0.4,0,-30.5982905982906,2,67,2.5,764.0,2026745067,0.44999999999999996,0.44999999999999996
fig3_risk_compensation,1048.0,0.4,0,31.583969465648856,2,68,2.5,717.0,2026745068,0.44999999999999996,0.44999999999999996
fig3_risk_compensation,633.0,0.4,0,-24.328593996840443,2,69,2.5,787.0,2026745069,0.44999999999999996,0.44999999999999996
fig3_risk_compensation,718.0,0.4,0,-0.5571030640668524,2,70,2.5,722.0,2026745070,0.44999999999999996,0.44999999999999996
fig3_risk_compensation,762.0,0.4,0,28.608923884514436,2,71,2.5,544.0,2026745071,0.44999999999999996,0.44999999999999996
fig3_risk_compensation,617.0,0.4,0,23.014586709886547,2,72,2.5,475.0,2026745072,0.44999999999999996,0.44999999999999996
fig3_risk_compensation,1528.0,0.4,0,39.26701570680628,2,73,2.5,928.0,2026745073,0.44999999999999996,0.44999999999999996
fig3_risk_compensation,955.0,0.4,0,43.66492146596859,2,74,2.5,538.0,2026745074,0.44999999999999996,0.44999999999999996
fig3_risk_compensation,789.0,0.4,0,4.689480354879595,2,75,2.5,752.0,2026745075,0.44999999999999996,0.44999999999999996
fig3_risk_compensation,871.0000000000001,0.4,0,24.799081515499434,2,76,2.5,655.0,2026745076,0.44999999999999996,0.44999999999999996
fig3_risk_compensation,922.0000000000001,0.4,0,15.075921908893719,2,77,2.5,783.0,2026745077,0.44999999999999996,0.44999999999999996
fig3_risk_compensation,855.0,0.4,0,55.55555555555556,2,78,2.5,380.0,2026745078,0.44999999999999996,0.44999999999999996
fig3_risk_compensation,1488.0,0.4,0,49.395161290322584,2,79,2.5,753.0,2026745079,0.44999999999999996,0.44999999999999996
fig3_risk_compensation,855.0,0.4,0,46.08187134502923,2,80,2.5,461.00000000000006,2026745080,0.44999999999999996,0.44999999999999996
fig3_risk_compensation,766.0,0.4,0,30.548302872062663,2,81,2.5,532.0,2026745081,0.44999999999999996,0.44999999999999996
fig3_risk_compensation,839.0,0.4,0,39.69010727056019,2,82,2.5,506.0,2026745082,0.44999999999999996,0.44999999999999996
fig3_risk_compensation,1235.0,0.4,0,51.902834008097166,2,83,2.5,594.0,2026745083,0.44999999999999996,0.44999999999999996
fig3_risk_compensation,796.0,0.4,0,34.92462311557789,2,84,2.5,518.0,2026745084,0.44999999999999996,0.44999999999999996
fig3_risk_compensation,705.0,0.4,0,15.460992907801419,2,85,2.5,596.0,2026745085,0.44999999999999996,0.44999999999999996
fig3_risk_compensation,1171.0,0.4,0,39.36806148590948,2,86,2.5,710.0,2026745086,0.44999999999999996,0.44999999999999996
fig3_risk_compensation,780.0,0.4,0,-7.307692307692322,2,87,2.5,837.0000000000001,2026745087,0.44999999999999996,0.44999999999999996
fig3_risk_compensation,666.0,0.4,0,31.23123123123123,2,88,2.5,458.0,2026745088,0.44999999999999996,0.44999999999999996
fig3_risk_compensation,916.9999999999999,0.4,0,52.34460196292257,2,89,2.5,437.0,2026745089,0.44999999999999996,0.44999999999999996
fig3_risk_compensation,671.0,0.4,0,16.39344262295082,2,90,2.5,561.0,2026745090,0.44999999999999996,0.44999999999999996
fig3_risk_compensation,999.0000000000001,0.4,0,44.44444444444446,2,91,2.5,555.0,2026745091,0.44999999999999996,0.44999999999999996
fig3_risk_compensation,563.0,0.4,0,17.05150976909415,2,92,2.5,466.99999999999994,2026745092,0.44999999999999996,0.44999999999999996
fig3_risk_compensation,936.0,0.4,0,18.055555555555557,2,93,2.5,767.0,2026745093,0.44999999999999996,0.44999999999999996
fig3_risk_compensation,576.0,0.4,0,17.1875,2,94,2.5,477.0,2026745094,0.44999999999999996,0.44999999999999996
fig3_risk_compensation,621.0,0.4,0,16.74718196457327,2,95,2.5,517.0,2026745095,0.44999999999999996,0.44999999999999996
fig3_risk_compensation,877.0,0.4,0,28.848346636259976,2,96,2.5,624.0,2026745096,0.44999999999999996,0.44999999999999996
fig3_risk_compensation,1036.0,0.4,0,16.698841698841697,2,97,2.5,863.0,2026745097,0.44999999999999996,0.44999999999999996
fig3_risk_compensation,1109.0,0.4,0,51.30748422001803,2,98,2.5,540.0,2026745098,0.44999999999999996,0.44999999999999996
fig3_risk_compensation,1164.0,0.4,0,44.67353951890034,2,99,2.5,644.0,2026745099,0.44999999999999996,0.44999999999999996
fig3_risk_compensation,598.0,0.4,0,33.27759197324416,2,0,2.5,398.99999999999994,2026746000,0.6,0.6
fig3_risk_compensation,1081.0,0.4,0,70.3977798334875,2,1,2.5,320.0,2026746001,0.6,0.6
fig3_risk_compensation,976.0,0.4,0,61.68032786885246,2,2,2.5,374.0,2026746002,0.6,0.6
fig3_risk_compensation,925.9999999999999,0.4,0,65.55075593952483,2,3,2.5,319.0,2026746003,0.6,0.6
fig3_risk_compensation,961.0,0.4,0,62.95525494276795,2,4,2.5,356.0,2026746004,0.6,0.6
fig3_risk_compensation,656.0,0.4,0,51.06707317073171,2,5,2.5,321.0,2026746005,0.6,0.6
fig3_risk_compensation,750.0,0.4,0,36.26666666666666,2,6,2.5,478.00000000000006,2026746006,0.6,0.6
fig3_risk_compensation,1006.0,0.4,0,59.34393638170974,2,7,2.5,409.0,2026746007,0.6,0.6
fig3_risk_compensation,762.0,0.4,0,53.805774278215225,2,8,2.5,352.0,2026746008,0.6,0.6
fig3_risk_compensation,1022.0,0.4,0,72.40704500978474,2,9,2.5,282.0,2026746009,0.6,0.6
fig3_risk_compensation,625.0,0.4,0,49.6,2,10,2.5,315.0,2026746010,0.6,0.6
fig3_risk_compensation,743.0,0.4,0,46.029609690444154,2,11,2.5,400.99999999999994,2026746011,0.6,0.6
fig3_risk_compensation,865.9999999999999,0.4,0,62.12471131639722,2,12,2.5,328.0,2026746012,0.6,0.6
fig3_risk_compensation,850.0000000000001,0.4,0,60.941176470588246,2,13,2.5,332.0,2026746013,0.6,0.6
fig3_risk_compensation,905.0000000000001,0.4,0,60.662983425414374,2,14,2.5,356.0,2026746014,0.6,0.6
fig3_risk_compensation,1327.0,0.4,0,79.7287113790505,2,15,2.5,269.0,2026746015,0.6,0.6
fig3_risk_compensation,690.0,0.4,0,39.420289855072475,2,16,2.5,417.99999999999994,2026746016,0.6,0.6
fig3_risk_compensation,888.0000000000001,0.4,0,71.17117117117118,2,17,2.5,256.0,2026746017,0.6,0.6
fig3_risk_compensation,1116.0,0.4,0,73.9247311827957,2,18,2.5,291.0,2026746018,0.6,0.6
fig3_risk_compensation,677.0,0.4,0,58.93648449039882,2,19,2.5,278.0,2026746019,0.6,0.6
fig3_risk_compensation,973.0000000000001,0.4,0,58.89003083247688,2,20,2.5,400.0,2026746020,0.6,0.6
fig3_risk_compensation,710.0,0.4,0,58.45070422535211,2,21,2.5,295.0,2026746021,0.6,0.6
fig3_risk_compensation,650.0,0.4,0,45.07692307692308,2,22,2.5,357.0,2026746022,0.6,0.6
fig3_risk_compensation,829.0,0.4,0,42.70205066344994,2,23,2.5,475.0,2026746023,0.6,0.6
fig3_risk_compensation,763.0,0.4,0,59.37090432503277,2,24,2.5,310.0,2026746024,0.6,0.6
fig3_risk_compensation,532.0,0.4,0,18.796992481203006,2,25,2.5,432.0,2026746025,0.6,0.6
fig3_risk_compensation,790.0000000000001,0.4,0,38.60759493670887,2,26,2.5,485.0,2026746026,0.6,0.6
fig3_risk_compensation,848.0,0.4,0,68.16037735849056,2,27,2.5,270.0,2026746027,0.6,0.6
fig3_risk_compensation,925.0,0.4,0,63.24324324324324,2,28,2.5,340.0,2026746028,0.6,0.6
fig3_risk_compensation,1058.0,0.4,0,64.65028355387524,2,29,2.5,374.0,2026746029,0.6,0.6
fig3_risk_compensation,868.0,0.4,0,63.24884792626728,2,30,2.5,319.0,2026746030,0.6,0.6
fig3_risk_compensation,769.0,0.4,0,66.57997399219767,2,31,2.5,257.0,2026746031,0.6,0.6
fig3_risk_compensation,1212.0,0.4,0,65.5940594059406,2,32,2.5,417.0,2026746032,0.6,0.6
fig3_risk_compensation,638.0,0.4,0,50.626959247648905,2,33,2.5,315.0,2026746033,0.6,0.6
fig3_risk_compensation,728.0,0.4,0,58.379120879120876,2,34,2.5,303.0,2026746034,0.6,0.6
fig3_risk_compensation,733.0,0.4,0,63.84720327421555,2,35,2.5,265.0,2026746035,0.6,0.6
fig3_risk_compensation,622.0,0.4,0,38.10289389067524,2,36,2.5,385.0,2026746036,0.6,0.6
fig3_risk_compensation,837.0000000000001,0.4,0,47.67025089605736,2,37,2.5,438.0,2026746037,0.6,0.6
fig3_risk_compensation,865.0,0.4,0,61.27167630057804,2,38,2.5,335.0,2026746038,0.6,0.6
fig3_risk_compensation,613.0,0.4,0,46.492659053833606,2,39,2.5,328.0,2026746039,0.6,0.6
fig3_risk_compensation,835.9999999999999,0.4,0,63.157894736842096,2,40,2.5,308.0,2026746040,0.6,0.6
fig3_risk_compensation,760.0,0.4,0,50.0,2,41,2.5,380.0,2026746041,0.6,0.6
fig3_risk_compensation,655.0,0.4,0,55.267175572519086,2,42,2.5,293.0,2026746042,0.6,0.6
fig3_risk_compensation,1142.0,0.4,0,69.61471103327496,2,43,2.5,347.0,2026746043,0.6,0.6
fig3_risk_compensation,777.0,0.4,0,59.84555984555985,2,44,2.5,312.0,2026746044,0.6,0.6
fig3_risk_compensation,941.0,0.4,0,70.13815090329437,2,45,2.5,281.0,2026746045,0.6,0.6
fig3_risk_compensation,808.0,0.4,0,59.03465346534654,2,46,2.5,331.0,2026746046,0.6,0.6
fig3_risk_compensation,950.9999999999999,0.4,0,74.97371188222922,2,47,2.5,238.00000000000003,2026746047,0.6,0.6
fig3_risk_compensation,549.0,0.4,0,40.255009107468126,2,48,2.5,328.0,2026746048,0.6,0.6
fig3_risk_compensation,728.0,0.4,0,49.58791208791209,2,49,2.5,367.0,2026746049,0.6,0.6
fig3_risk_compensation,1229.0,0.4,0,67.12774613506916,2,50,2.5,404.0,2026746050,0.6,0.6
fig3_risk_compensation,814.9999999999999,0.4,0,58.65030674846625,2,51,2.5,337.0,2026746051,0.6,0.6
fig3_risk_compensation,822.0,0.4,0,53.284671532846716,2,52,2.5,384.0,2026746052,0.6,0.6
fig3_risk_compensation,498.99999999999994,0.4,0,12.424849699398788,2,53,2.5,437.0,2026746053,0.6,0.6
fig3_risk_compensation,725.0,0.4,0,59.172413793103445,2,54,2.5,296.0,2026746054,0.6,0.6
fig3_risk_compensation,516.0,0.4,0,25.775193798449614,2,55,2.5,383.0,2026746055,0.6,0.6
fig3_risk_compensation,897.0,0.4,0,58.416945373467115,2,56,2.5,373.0,2026746056,0.6,0.6
fig3_risk_compensation,793.0,0.4,0,47.28877679697353,2,57,2.5,417.99999999999994,2026746057,0.6,0.6
fig3_risk_compensation,635.0,0.4,0,53.07086614173228,2,58,2.5,298.0,2026746058,0.6,0.6
fig3_risk_compensation,771.0,0.4,0,39.16990920881972,2,59,2.5,469.0,2026746059,0.6,0.6
fig3_risk_compensation,1102.0,0.4,0,77.67695099818512,2,60,2.5,246.0,2026746060,0.6,0.6
fig3_risk_compensation,955.0,0.4,0,64.81675392670157,2,61,2.5,336.0,2026746061,0.6,0.6
fig3_risk_compensation,970.0,0.4,0,60.51546391752577,2,62,2.5,383.0,2026746062,0.6,0.6
fig3_risk_compensation,929.0,0.4,0,65.1237890204521,2,63,2.5,324.0,2026746063,0.6,0.6
fig3_risk_compensation,755.0,0.4,0,70.86092715231788,2,64,2.5,220.0,2026746064,0.6,0.6
fig3_risk_compensation,910.0,0.4,0,58.46153846153846,2,65,2.5,378.0,2026746065,0.6,0.6
fig3_risk_compensation,809.0,0.4,0,61.186650185414095,2,66,2.5,314.0,2026746066,0.6,0.6
fig3_risk_compensation,722.0,0.4,0,39.61218836565097,2,67,2.5,436.0,2026746067,0.6,0.6
fig3_risk_compensation,809.0,0.4,0,62.422744128553774,2,68,2.5,304.0,2026746068,0.6,0.6
fig3_risk_compensation,742.0,0.4,0,70.75471698113208,2,69,2.5,217.0,2026746069,0.6,0.6
fig3_risk_compensation,1001.0,0.4,0,64.43556443556443,2,70,2.5,356.0,2026746070,0.6,0.6
fig3_risk_compensation,741.0,0.4,0,42.91497975708502,2,71,2.5,423.0,2026746071,0.6,0.6
fig3_risk_compensation,911.0,0.4,0,66.08122941822174,2,72,2.5,309.0,2026746072,0.6,0.6
fig3_risk_compensation,1058.0,0.4,0,76.74858223062382,2,73,2.5,246.0,2026746073,0.6,0.6
fig3_risk_compensation,818.9999999999999,0.4,0,40.29304029304028,2,74,2.5,489.0,2026746074,0.6,0.6
fig3_risk_compensation,710.0,0.4,0,42.25352112676055,2,75,2.5,410.00000000000006,2026746075,0.6,0.6
fig3_risk_compensation,1032.0,0.4,0,71.02713178294573,2,76,2.5,299.0,2026746076,0.6,0.6
fig3_risk_compensation,907.0,0.4,0,64.38809261300992,2,77,2.5,323.0,2026746077,0.6,0.6
fig3_risk_compensation,1158.0,0.4,0,72.6252158894646,2,78,2.5,317.0,2026746078,0.6,0.6
fig3_risk_compensation,839.0,0.4,0,60.0715137067938,2,79,2.5,335.0,2026746079,0.6,0.6
fig3_risk_compensation,693.0,0.4,0,43.00144300144299,2,80,2.5,395.00000000000006,2026746080,0.6,0.6
fig3_risk_compensation,804.0,0.4,0,49.75124378109453,2,81,2.5,404.0,2026746081,0.6,0.6
fig3_risk_compensation,648.0,0.4,0,52.46913580246913,2,82,2.5,308.0,2026746082,0.6,0.6
fig3_risk_compensation,649.0,0.4,0,49.76887519260401,2,83,2.5,326.0,2026746083,0.6,0.6
fig3_risk_compensation,886.9999999999999,0.4,0,56.36978579481397,2,84,2.5,387.0,2026746084,0.6,0.6
fig3_risk_compensation,857.0,0.4,0,60.3267211201867,2,85,2.5,340.0,2026746085,0.6,0.6
fig3_risk_compensation,648.0,0.4,0,64.04320987654322,2,86,2.5,233.0,2026746086,0.6,0.6
fig3_risk_compensation,584.0,0.4,0,25.34246575342466,2,87,2.5,436.0,2026746087,0.6,0.6
fig3_risk_compensation,625.0,0.4,0,48.32,2,88,2.5,323.0,2026746088,0.6,0.6
fig3_risk_compensation,835.0,0.4,0,51.377245508982035,2,89,2.5,406.0,2026746089,0.6,0.6
fig3_risk_compensation,621.0,0.4,0,53.4621578099839,2,90,2.5,289.0,2026746090,0.6,0.6
fig3_risk_compensation,915.0,0.4,0,58.5792349726776,2,91,2.5,379.0,2026746091,0.6,0.6
fig3_risk_compensation,601.0,0.4,0,50.08319467554077,2,92,2.5,300.0,2026746092,0.6,0.6
fig3_risk_compensation,1186.0,0.4,0,58.93760539629005,2,93,2.5,487.0,2026746093,0.6,0.6
fig3_risk_compensation,457.0,0.4,0,34.354485776805255,2,94,2.5,300.0,2026746094,0.6,0.6
fig3_risk_compensation,786.0000000000001,0.4,0,43.384223918575074,2,95,2.5,445.0,2026746095,0.6,0.6
fig3_risk_compensation,978.0,0.4,0,45.0920245398773,2,96,2.5,537.0,2026746096,0.6,0.6
fig3_risk_compensation,974.0,0.4,0,66.83778234086242,2,97,2.5,323.0,2026746097,0.6,0.6
fig3_risk_compensation,736.0,0.4,0,58.69565217391305,2,98,2.5,304.0,2026746098,0.6,0.6
fig3_risk_compensation,769.0,0.4,0,45.123537061118334,2,99,2.5,422.0,2026746099,0.6,0.6
fig3_risk_compensation,787.0,0.4,0,61.753494282083864,2,0,2.5,301.0,2026747000,0.75,0.75
fig3_risk_compensation,804.0,0.4,0,75.62189054726367,2,1,2.5,196.0,2026747001,0.75,0.75
fig3_risk_compensation,1045.0,0.4,0,66.02870813397129,2,2,2.5,355.0,2026747002,0.75,0.75
fig3_risk_compensation,640.0,0.4,0,69.84375,2,3,2.5,193.0,2026747003,0.75,0.75
fig3_risk_compensation,976.0,0.4,0,77.97131147540983,2,4,2.5,215.0,2026747004,0.75,0.75
fig3_risk_compensation,739.0,0.4,0,63.1935047361299,2,5,2.5,272.0,2026747005,0.75,0.75
fig3_risk_compensation,790.0000000000001,0.4,0,72.40506329113924,2,6,2.5,218.0,2026747006,0.75,0.75
fig3_risk_compensation,628.0,0.4,0,75.31847133757962,2,7,2.5,155.0,2026747007,0.75,0.75
fig3_risk_compensation,857.0,0.4,0,73.04550758459743,2,8,2.5,231.0,2026747008,0.75,0.75
fig3_risk_compensation,885.0,0.4,0,69.49152542372882,2,9,2.5,270.0,2026747009,0.75,0.75
fig3_risk_compensation,993.9999999999999,0.4,0,73.13883299798792,2,10,2.5,267.0,2026747010,0.75,0.75
fig3_risk_compensation,474.00000000000006,0.4,0,71.9409282700422,2,11,2.5,133.0,2026747011,0.75,0.75
fig3_risk_compensation,639.0,0.4,0,56.8075117370892,2,12,2.5,276.0,2026747012,0.75,0.75
fig3_risk_compensation,1012.0,0.4,0,62.84584980237154,2,13,2.5,376.0,2026747013,0.75,0.75
fig3_risk_compensation,337.0,0.4,0,15.43026706231454,2,14,2.5,285.0,2026747014,0.75,0.75
fig3_risk_compensation,970.0,0.4,0,72.57731958762886,2,15,2.5,266.0,2026747015,0.75,0.75
fig3_risk_compensation,854.0000000000001,0.4,0,77.51756440281031,2,16,2.5,192.0,2026747016,0.75,0.75
fig3_risk_compensation,891.0,0.4,0,76.99214365881032,2,17,2.5,205.00000000000003,2026747017,0.75,0.75
fig3_risk_compensation,657.0,0.4,0,53.272450532724505,2,18,2.5,307.0,2026747018,0.75,0.75
fig3_risk_compensation,1061.0,0.4,0,79.17059377945334,2,19,2.5,221.00000000000003,2026747019,0.75,0.75
fig3_risk_compensation,1021.0,0.4,0,70.51909892262488,2,20,2.5,301.0,2026747020,0.75,0.75
fig3_risk_compensation,1010.0,0.4,0,84.25742574257426,2,21,2.5,159.0,2026747021,0.75,0.75
fig3_risk_compensation,763.0,0.4,0,64.61336828309305,2,22,2.5,270.0,2026747022,0.75,0.75
fig3_risk_compensation,1180.0,0.4,0,80.84745762711864,2,23,2.5,225.99999999999997,2026747023,0.75,0.75
fig3_risk_compensation,710.0,0.4,0,74.78873239436619,2,24,2.5,179.0,2026747024,0.75,0.75
fig3_risk_compensation,877.0,0.4,0,65.10832383124287,2,25,2.5,306.0,2026747025,0.75,0.75
fig3_risk_compensation,923.0,0.4,0,70.31419284940412,2,26,2.5,274.0,2026747026,0.75,0.75
fig3_risk_compensation,766.0,0.4,0,65.79634464751958,2,27,2.5,262.0,2026747027,0.75,0.75
fig3_risk_compensation,846.0,0.4,0,72.34042553191489,2,28,2.5,234.0,2026747028,0.75,0.75
fig3_risk_compensation,859.0,0.4,0,73.45750873108265,2,29,2.5,228.0,2026747029,0.75,0.75
fig3_risk_compensation,920.0,0.4,0,75.43478260869566,2,30,2.5,225.99999999999997,2026747030,0.75,0.75
fig3_risk_compensation,929.9999999999999,0.4,0,67.95698924731182,2,31,2.5,298.0,2026747031,0.75,0.75
fig3_risk_compensation,767.0,0.4,0,55.14993481095176,2,32,2.5,344.0,2026747032,0.75,0.75
fig3_risk_compensation,650.0,0.4,0,55.38461538461539,2,33,2.5,290.0,2026747033,0.75,0.75
fig3_risk_compensation,933.9999999999999,0.4,0,71.5203426124197,2,34,2.5,266.0,2026747034,0.75,0.75
fig3_risk_compensation,1030.0,0.4,0,74.5631067961165,2,35,2.5,262.0,2026747035,0.75,0.75
fig3_risk_compensation,1014.0,0.4,0,76.03550295857988,2,36,2.5,243.0,2026747036,0.75,0.75
fig3_risk_compensation,774.0,0.4,0,65.63307493540051,2,37,2.5,266.0,2026747037,0.75,0.75
fig3_risk_compensation,898.0,0.4,0,79.51002227171492,2,38,2.5,184.0,2026747038,0.75,0.75
fig3_risk_compensation,1053.0,0.4,0,73.88414055080722,2,39,2.5,275.0,2026747039,0.75,0.75
fig3_risk_compensation,878.0,0.4,0,74.03189066059225,2,40,2.5,228.0,2026747040,0.75,0.75
fig3_risk_compensation,912.9999999999999,0.4,0,63.08871851040525,2,41,2.5,337.0,2026747041,0.75,0.75
fig3_risk_compensation,579.0,0.4,0,50.431778929188255,2,42,2.5,287.0,2026747042,0.75,0.75
fig3_risk_compensation,835.0,0.4,0,74.49101796407186,2,43,2.5,213.0,2026747043,0.75,0.75
fig3_risk_compensation,1014.9999999999999,0.4,0,68.9655172413793,2,44,2.5,315.0,2026747044,0.75,0.75
fig3_risk_compensation,799.0000000000001,0.4,0,69.83729662077597,2,45,2.5,240.99999999999997,2026747045,0.75,0.75
fig3_risk_compensation,669.0,0.4,0,63.67713004484305,2,46,2.5,243.0,2026747046,0.75,0.75
fig3_risk_compensation,1387.0,0.4,0,71.16077865897621,2,47,2.5,400.0,2026747047,0.75,0.75
fig3_risk_compensation,735.0,0.4,0,62.31292517006803,2,48,2.5,277.0,2026747048,0.75,0.75
fig3_risk_compensation,773.0,0.4,0,70.63389391979301,2,49,2.5,227.0,2026747049,0.75,0.75
fig3_risk_compensation,931.0,0.4,0,78.08807733619764,2,50,2.5,204.00000000000003,2026747050,0.75,0.75
fig3_risk_compensation,965.0000000000001,0.4,0,76.6839378238342,2,51,2.5,224.99999999999997,2026747051,0.75,0.75
fig3_risk_compensation,812.0,0.4,0,73.0295566502463,2,52,2.5,219.0,2026747052,0.75,0.75
fig3_risk_compensation,1042.0,0.4,0,73.12859884836853,2,53,2.5,280.0,2026747053,0.75,0.75
fig3_risk_compensation,602.0,0.4,0,77.40863787375416,2,54,2.5,136.0,2026747054,0.75,0.75
fig3_risk_compensation,927.0,0.4,0,67.4217907227616,2,55,2.5,302.0,2026747055,0.75,0.75
fig3_risk_compensation,893.0,0.4,0,78.94736842105263,2,56,2.5,188.0,2026747056,0.75,0.75
fig3_risk_compensation,782.0,0.4,0,61.12531969309463,2,57,2.5,304.0,2026747057,0.75,0.75
fig3_risk_compensation,839.0,0.4,0,70.20262216924911,2,58,2.5,250.0,2026747058,0.75,0.75
fig3_risk_compensation,732.0,0.4,0,69.53551912568307,2,59,2.5,223.00000000000003,2026747059,0.75,0.75
fig3_risk_compensation,722.0,0.4,0,62.32686980609418,2,60,2.5,272.0,2026747060,0.75,0.75
fig3_risk_compensation,789.0,0.4,0,68.06083650190114,2,61,2.5,252.0,2026747061,0.75,0.75
fig3_risk_compensation,852.0,0.4,0,81.69014084507042,2,62,2.5,156.0,2026747062,0.75,0.75
fig3_risk_compensation,682.0,0.4,0,77.71260997067449,2,63,2.5,152.0,2026747063,0.75,0.75
fig3_risk_compensation,871.0000000000001,0.4,0,70.49368541905856,2,64,2.5,257.0,2026747064,0.75,0.75
fig3_risk_compensation,712.0,0.4,0,65.4494382022472,2,65,2.5,246.0,2026747065,0.75,0.75
fig3_risk_compensation,630.0,0.4,0,64.28571428571429,2,66,2.5,224.99999999999997,2026747066,0.75,0.75
fig3_risk_compensation,731.0,0.4,0,72.50341997264022,2,67,2.5,201.0,2026747067,0.75,0.75
fig3_risk_compensation,795.0,0.4,0,77.23270440251572,2,68,2.5,181.0,2026747068,0.75,0.75
fig3_risk_compensation,1107.0,0.4,0,76.51309846431798,2,69,2.5,260.0,2026747069,0.75,0.75
fig3_risk_compensation,627.0,0.4,0,54.70494417862839,2,70,2.5,284.0,2026747070,0.75,0.75
fig3_risk_compensation,694.0,0.4,0,64.98559077809799,2,71,2.5,243.0,2026747071,0.75,0.75
fig3_risk_compensation,889.0,0.4,0,72.89088863892013,2,72,2.5,240.99999999999997,2026747072,0.75,0.75
fig3_risk_compensation,945.0,0.4,0,75.66137566137566,2,73,2.5,230.0,2026747073,0.75,0.75
fig3_risk_compensation,1048.0,0.4,0,71.46946564885496,2,74,2.5,299.0,2026747074,0.75,0.75
fig3_risk_compensation,1014.0,0.4,0,73.66863905325444,2,75,2.5,267.0,2026747075,0.75,0.75
fig3_risk_compensation,778.0,0.4,0,57.0694087403599,2,76,2.5,334.0,2026747076,0.75,0.75
fig3_risk_compensation,976.9999999999999,0.4,0,69.90788126919139,2,77,2.5,294.0,2026747077,0.75,0.75
fig3_risk_compensation,854.0000000000001,0.4,0,65.2224824355972,2,78,2.5,297.0,2026747078,0.75,0.75
fig3_risk_compensation,1319.0,0.4,0,77.48294162244125,2,79,2.5,297.0,2026747079,0.75,0.75
fig3_risk_compensation,876.0,0.4,0,57.990867579908674,2,80,2.5,368.0,2026747080,0.75,0.75
fig3_risk_compensation,548.0,0.4,0,40.32846715328467,2,81,2.5,327.0,2026747081,0.75,0.75
fig3_risk_compensation,944.0,0.4,0,75.52966101694915,2,82,2.5,231.0,2026747082,0.75,0.75
fig3_risk_compensation,1190.0,0.4,0,75.54621848739495,2,83,2.5,291.0,2026747083,0.75,0.75
fig3_risk_compensation,1066.0,0.4,0,86.11632270168856,2,84,2.5,148.0,2026747084,0.75,0.75
fig3_risk_compensation,860.0,0.4,0,71.51162790697674,2,85,2.5,245.0,2026747085,0.75,0.75
fig3_risk_compensation,847.0,0.4,0,71.42857142857143,2,86,2.5,241.99999999999997,2026747086,0.75,0.75
fig3_risk_compensation,976.0,0.4,0,71.4139344262295,2,87,2.5,279.0,2026747087,0.75,0.75
fig3_risk_compensation,751.0,0.4,0,56.724367509986685,2,88,2.5,325.0,2026747088,0.75,0.75
fig3_risk_compensation,1006.0,0.4,0,85.78528827037773,2,89,2.5,143.0,2026747089,0.75,0.75
fig3_risk_compensation,673.0,0.4,0,61.96136701337296,2,90,2.5,256.0,2026747090,0.75,0.75
fig3_risk_compensation,772.0,0.4,0,55.829015544041454,2,91,2.5,341.0,2026747091,0.75,0.75
fig3_risk_compensation,1043.0,0.4,0,69.99041227229147,2,92,2.5,313.0,2026747092,0.75,0.75
fig3_risk_compensation,831.9999999999999,0.4,0,61.65865384615384,2,93,2.5,319.0,2026747093,0.75,0.75
fig3_risk_compensation,949.0,0.4,0,73.97260273972603,2,94,2.5,247.0,2026747094,0.75,0.75
fig3_risk_compensation,1006.0,0.4,0,68.98608349900596,2,95,2.5,312.0,2026747095,0.75,0.75
fig3_risk_compensation,963.9999999999999,0.4,0,65.0414937759336,2,96,2.5,337.0,2026747096,0.75,0.75
fig3_risk_compensation,856.0,0.4,0,68.92523364485982,2,97,2.5,266.0,2026747097,0.75,0.75
fig3_risk_compensation,908.0,0.4,0,68.72246696035242,2,98,2.5,284.0,2026747098,0.75,0.75
fig3_risk_compensation,649.0,0.4,0,56.70261941448382,2,99,2.5,281.0,2026747099,0.75,0.75
fig3_risk_compensation,790.0000000000001,0.4,0,-83.54430379746833,2,0,2.5,1450.0,2026744000,0.3,0.3
fig3_risk_compensation,763.0,0.4,0,-35.12450851900393,2,1,2.5,1031.0,2026744001,0.3,0.3
fig3_risk_compensation,848.9999999999999,0.4,0,-64.4287396937574,2,2,2.5,1396.0,2026744002,0.3,0.3
fig3_risk_compensation,711.0,0.4,0,-107.31364275668074,2,3,2.5,1474.0,2026744003,0.3,0.3
fig3_risk_compensation,810.9999999999999,0.4,0,-19.112207151664627,2,4,2.5,966.0,2026744004,0.3,0.3
fig3_risk_compensation,860.0,0.4,0,-45.23255813953488,2,5,2.5,1249.0,2026744005,0.3,0.3
fig3_risk_compensation,565.0,0.4,0,-87.43362831858407,2,6,2.5,1059.0,2026744006,0.3,0.3
fig3_risk_compensation,886.0,0.4,0,2.708803611738162,2,7,2.5,861.9999999999999,2026744007,0.3,0.3
fig3_risk_compensation,1161.0,0.4,0,-12.833763996554694,2,8,2.5,1310.0,2026744008,0.3,0.3
fig3_risk_compensation,795.0,0.4,0,-56.855345911949684,2,9,2.5,1247.0,2026744009,0.3,0.3
fig3_risk_compensation,779.0,0.4,0,-86.90629011553274,2,10,2.5,1456.0,2026744010,0.3,0.3
fig3_risk_compensation,675.0,0.4,0,-78.37037037037037,2,11,2.5,1204.0,2026744011,0.3,0.3
fig3_risk_compensation,491.00000000000006,0.4,0,-192.0570264765784,2,12,2.5,1434.0,2026744012,0.3,0.3
fig3_risk_compensation,690.0,0.4,0,-62.028985507246375,2,13,2.5,1118.0,2026744013,0.3,0.3
fig3_risk_compensation,589.0,0.4,0,-97.62308998302207,2,14,2.5,1164.0,2026744014,0.3,0.3
fig3_risk_compensation,1103.0,0.4,0,-47.50679963735267,2,15,2.5,1627.0,2026744015,0.3,0.3
fig3_risk_compensation,844.9999999999999,0.4,0,-53.25443786982251,2,16,2.5,1295.0,2026744016,0.3,0.3
fig3_risk_compensation,652.0,0.4,0,-41.56441717791411,2,17,2.5,923.0,2026744017,0.3,0.3
fig3_risk_compensation,483.0,0.4,0,-106.2111801242236,2,18,2.5,996.0,2026744018,0.3,0.3
fig3_risk_compensation,1219.0,0.4,0,-62.92042657916325,2,19,2.5,1986.0,2026744019,0.3,0.3
fig3_risk_compensation,696.0,0.4,0,-75.43103448275862,2,20,2.5,1221.0,2026744020,0.3,0.3
fig3_risk_compensation,715.0,0.4,0,-68.39160839160839,2,21,2.5,1204.0,2026744021,0.3,0.3
fig3_risk_compensation,1010.9999999999999,0.4,0,-60.73194856577648,2,22,2.5,1625.0,2026744022,0.3,0.3
fig3_risk_compensation,764.0,0.4,0,-119.50261780104712,2,23,2.5,1677.0,2026744023,0.3,0.3
fig3_risk_compensation,837.0000000000001,0.4,0,-4.540023894862604,2,24,2.5,875.0000000000001,2026744024,0.3,0.3
fig3_risk_compensation,825.0,0.4,0,-59.39393939393939,2,25,2.5,1315.0,2026744025,0.3,0.3
fig3_risk_compensation,944.0,0.4,0,-27.01271186440678,2,26,2.5,1199.0,2026744026,0.3,0.3
fig3_risk_compensation,575.0,0.4,0,-58.086956521739154,2,27,2.5,909.0000000000001,2026744027,0.3,0.3
fig3_risk_compensation,889.0,0.4,0,-38.13273340832396,2,28,2.5,1228.0,2026744028,0.3,0.3
fig3_risk_compensation,721.0,0.4,0,-33.70319001386961,2,29,2.5,963.9999999999999,2026744029,0.3,0.3
fig3_risk_compensation,797.9999999999999,0.4,0,-140.35087719298247,2,30,2.5,1918.0,2026744030,0.3,0.3
fig3_risk_compensation,814.9999999999999,0.4,0,-45.52147239263806,2,31,2.5,1186.0,2026744031,0.3,0.3
fig3_risk_compensation,848.9999999999999,0.4,0,-53.592461719670226,2,32,2.5,1304.0,2026744032,0.3,0.3
fig3_risk_compensation,894.0,0.4,0,-36.91275167785235,2,33,2.5,1224.0,2026744033,0.3,0.3
fig3_risk_compensation,978.0,0.4,0,-34.86707566462168,2,34,2.5,1319.0,2026744034,0.3,0.3
fig3_risk_compensation,694.0,0.4,0,-161.95965417867438,2,35,2.5,1818.0000000000002,2026744035,0.3,0.3
fig3_risk_compensation,661.0,0.4,0,-164.5990922844175,2,36,2.5,1748.9999999999998,2026744036,0.3,0.3
fig3_risk_compensation,1018.9999999999999,0.4,0,-2.4533856722276854,2,37,2.5,1044.0,2026744037,0.3,0.3
fig3_risk_compensation,920.0,0.4,0,-13.695652173913043,2,38,2.5,1046.0,2026744038,0.3,0.3
fig3_risk_compensation,1063.0,0.4,0,-10.536218250235184,2,39,2.5,1175.0,2026744039,0.3,0.3
fig3_risk_compensation,726.0,0.4,0,-111.5702479338843,2,40,2.5,1536.0,2026744040,0.3,0.3
fig3_risk_compensation,694.0,0.4,0,-104.17867435158502,2,41,2.5,1417.0,2026744041,0.3,0.3
fig3_risk_compensation,657.0,0.4,0,-69.10197869101978,2,42,2.5,1111.0,2026744042,0.3,0.3
fig3_risk_compensation,835.0,0.4,0,-49.70059880239521,2,43,2.5,1250.0,2026744043,0.3,0.3
fig3_risk_compensation,717.0,0.4,0,-54.114365411436545,2,44,2.5,1105.0,2026744044,0.3,0.3
fig3_risk_compensation,973.0000000000001,0.4,0,-34.943473792394634,2,45,2.5,1313.0,2026744045,0.3,0.3
fig3_risk_compensation,878.0,0.4,0,-33.25740318906606,2,46,2.5,1170.0,2026744046,0.3,0.3
fig3_risk_compensation,1012.0,0.4,0,6.324110671936748,2,47,2.5,948.0000000000001,2026744047,0.3,0.3
fig3_risk_compensation,864.0,0.4,0,-39.583333333333336,2,48,2.5,1206.0,2026744048,0.3,0.3
fig3_risk_compensation,1165.0,0.4,0,-31.587982832618025,2,49,2.5,1533.0,2026744049,0.3,0.3
fig3_risk_compensation,924.0,0.4,0,-125.21645021645021,2,50,2.5,2081.0,2026744050,0.3,0.3
fig3_risk_compensation,704.0,0.4,0,-15.056818181818182,2,51,2.5,810.0,2026744051,0.3,0.3
fig3_risk_compensation,793.9999999999999,0.4,0,-141.05793450881615,2,52,2.5,1914.0,2026744052,0.3,0.3
fig3_risk_compensation,630.0,0.4,0,-90.0,2,53,2.5,1197.0,2026744053,0.3,0.3
fig3_risk_compensation,941.0,0.4,0,14.133900106269925,2,54,2.5,808.0,2026744054,0.3,0.3
fig3_risk_compensation,729.0,0.4,0,-32.647462277091904,2,55,2.5,967.0,2026744055,0.3,0.3
fig3_risk_compensation,1147.0,0.4,0,-3.051438535309503,2,56,2.5,1182.0,2026744056,0.3,0.3
fig3_risk_compensation,1335.0,0.4,0,26.666666666666668,2,57,2.5,979.0,2026744057,0.3,0.3
fig3_risk_compensation,561.0,0.4,0,-36.36363636363637,2,58,2.5,765.0,2026744058,0.3,0.3
fig3_risk_compensation,751.0,0.4,0,-69.90679094540613,2,59,2.5,1276.0,2026744059,0.3,0.3
fig3_risk_compensation,707.0,0.4,0,-64.21499292786422,2,60,2.5,1161.0,2026744060,0.3,0.3
fig3_risk_compensation,844.9999999999999,0.4,0,-93.49112426035506,2,61,2.5,1635.0,2026744061,0.3,0.3
fig3_risk_compensation,814.0,0.4,0,-52.94840294840295,2,62,2.5,1245.0,2026744062,0.3,0.3
fig3_risk_compensation,890.0,0.4,0,-31.685393258426966,2,63,2.5,1172.0,2026744063,0.3,0.3
fig3_risk_compensation,1190.0,0.4,0,-15.882352941176471,2,64,2.5,1379.0,2026744064,0.3,0.3
fig3_risk_compensation,946.0,0.4,0,-55.28541226215645,2,65,2.5,1469.0,2026744065,0.3,0.3
fig3_risk_compensation,1052.0,0.4,0,-32.50950570342205,2,66,2.5,1394.0,2026744066,0.3,0.3
fig3_risk_compensation,765.0,0.4,0,-27.058823529411764,2,67,2.5,972.0,2026744067,0.3,0.3
fig3_risk_compensation,626.0,0.4,0,-78.59424920127796,2,68,2.5,1118.0,2026744068,0.3,0.3
fig3_risk_compensation,1001.0,0.4,0,-2.2977022977022976,2,69,2.5,1024.0,2026744069,0.3,0.3
fig3_risk_compensation,1018.9999999999999,0.4,0,-23.06182531894015,2,70,2.5,1254.0,2026744070,0.3,0.3
fig3_risk_compensation,826.0,0.4,0,-94.0677966101695,2,71,2.5,1603.0,2026744071,0.3,0.3
fig3_risk_compensation,967.0,0.4,0,-4.756980351602896,2,72,2.5,1013.0,2026744072,0.3,0.3
fig3_risk_compensation,788.0,0.4,0,-21.95431472081218,2,73,2.5,961.0,2026744073,0.3,0.3
fig3_risk_compensation,889.0,0.4,0,-133.52080989876265,2,74,2.5,2076.0,2026744074,0.3,0.3
fig3_risk_compensation,709.0,0.4,0,-120.45133991537381,2,75,2.5,1563.0000000000002,2026744075,0.3,0.3
fig3_risk_compensation,1051.0,0.4,0,-30.637488106565176,2,76,2.5,1373.0,2026744076,0.3,0.3
fig3_risk_compensation,669.0,0.4,0,-98.50523168908819,2,77,2.5,1328.0,2026744077,0.3,0.3
fig3_risk_compensation,847.0,0.4,0,-95.51357733175911,2,78,2.5,1655.9999999999998,2026744078,0.3,0.3
fig3_risk_compensation,899.0,0.4,0,-43.604004449388206,2,79,2.5,1291.0,2026744079,0.3,0.3
fig3_risk_compensation,714.0,0.4,0,-50.14005602240896,2,80,2.5,1072.0,2026744080,0.3,0.3
fig3_risk_compensation,965.0000000000001,0.4,0,-51.60621761658029,2,81,2.5,1463.0,2026744081,0.3,0.3
fig3_risk_compensation,903.9999999999999,0.4,0,-3.9823008849557655,2,82,2.5,940.0,2026744082,0.3,0.3
fig3_risk_compensation,415.99999999999994,0.4,0,-107.45192307692311,2,83,2.5,863.0,2026744083,0.3,0.3
fig3_risk_compensation,1130.0,0.4,0,-65.57522123893806,2,84,2.5,1871.0,2026744084,0.3,0.3
fig3_risk_compensation,1010.9999999999999,0.4,0,-51.43422354104849,2,85,2.5,1531.0,2026744085,0.3,0.3
fig3_risk_compensation,689.0,0.4,0,-102.90275761973875,2,86,2.5,1398.0,2026744086,0.3,0.3
fig3_risk_compensation,583.0,0.4,0,-166.89536878216123,2,87,2.5,1556.0,2026744087,0.3,0.3
fig3_risk_compensation,1252.0,0.4,0,6.1501597444089455,2,88,2.5,1175.0,2026744088,0.3,0.3
fig3_risk_compensation,594.0,0.4,0,-227.77777777777783,2,89,2.5,1947.0000000000002,2026744089,0.3,0.3
fig3_risk_compensation,750.0,0.4,0,-15.866666666666667,2,90,2.5,869.0,2026744090,0.3,0.3
fig3_risk_compensation,848.9999999999999,0.4,0,-50.29446407538283,2,91,2.5,1276.0,2026744091,0.3,0.3
fig3_risk_compensation,993.0,0.4,0,-41.79254783484391,2,92,2.5,1408.0,2026744092,0.3,0.3
fig3_risk_compensation,1380.0,0.4,0,16.159420289855074,2,93,2.5,1157.0,2026744093,0.3,0.3
fig3_risk_compensation,1032.0,0.4,0,-62.88759689922478,2,94,2.5,1680.9999999999998,2026744094,0.3,0.3
fig3_risk_compensation,1154.0,0.4,0,-22.270363951473136,2,95,2.5,1411.0,2026744095,0.3,0.3
fig3_risk_compensation,1130.0,0.4,0,1.5044247787610618,2,96,2.5,1113.0,2026744096,0.3,0.3
fig3_risk_compensation,980.9999999999999,0.4,0,-52.19164118246689,2,97,2.5,1493.0,2026744097,0.3,0.3
fig3_risk_compensation,852.0,0.4,0,-24.295774647887324,2,98,2.5,1059.0,2026744098,0.3,0.3
fig3_risk_compensation,732.0,0.4,0,-30.60109289617488,2,99,2.5,956.0000000000001,2026744099,0.3,0.3
fig3_risk_compensation,1067.0,0.4,0,81.16213683223992,2,0,2.5,201.0,2026748000,0.9,0.9
fig3_risk_compensation,1089.0,0.4,0,80.89990817263545,2,1,2.5,207.99999999999997,2026748001,0.9,0.9
fig3_risk_compensation,963.9999999999999,0.4,0,78.31950207468878,2,2,2.5,208.99999999999997,2026748002,0.9,0.9
fig3_risk_compensation,738.0,0.4,0,71.54471544715447,2,3,2.5,210.0,2026748003,0.9,0.9
fig3_risk_compensation,629.0,0.4,0,71.06518282988871,2,4,2.5,182.0,2026748004,0.9,0.9
fig3_risk_compensation,905.0000000000001,0.4,0,79.55801104972376,2,5,2.5,185.0,2026748005,0.9,0.9
fig3_risk_compensation,820.0000000000001,0.4,0,78.29268292682927,2,6,2.5,178.0,2026748006,0.9,0.9
fig3_risk_compensation,475.0,0.4,0,70.94736842105263,2,7,2.5,138.0,2026748007,0.9,0.9
fig3_risk_compensation,1071.0,0.4,0,83.94024276377218,2,8,2.5,172.0,2026748008,0.9,0.9
fig3_risk_compensation,621.0,0.4,0,65.21739130434783,2,9,2.5,216.0,2026748009,0.9,0.9
fig3_risk_compensation,808.0,0.4,0,78.58910891089108,2,10,2.5,173.0,2026748010,0.9,0.9
fig3_risk_compensation,702.0,0.4,0,61.53846153846154,2,11,2.5,270.0,2026748011,0.9,0.9
fig3_risk_compensation,931.0,0.4,0,80.02148227712138,2,12,2.5,186.0,2026748012,0.9,0.9
fig3_risk_compensation,999.0000000000001,0.4,0,65.96596596596598,2,13,2.5,340.0,2026748013,0.9,0.9
fig3_risk_compensation,762.0,0.4,0,69.02887139107611,2,14,2.5,236.0,2026748014,0.9,0.9
fig3_risk_compensation,861.9999999999999,0.4,0,76.91415313225058,2,15,2.5,199.0,2026748015,0.9,0.9
fig3_risk_compensation,671.0,0.4,0,64.97764530551416,2,16,2.5,235.0,2026748016,0.9,0.9
fig3_risk_compensation,848.0,0.4,0,75.11792452830188,2,17,2.5,211.0,2026748017,0.9,0.9
fig3_risk_compensation,736.0,0.4,0,53.94021739130435,2,18,2.5,339.0,2026748018,0.9,0.9
fig3_risk_compensation,735.0,0.4,0,75.23809523809524,2,19,2.5,182.0,2026748019,0.9,0.9
fig3_risk_compensation,730.0,0.4,0,63.83561643835616,2,20,2.5,264.0,2026748020,0.9,0.9
fig3_risk_compensation,895.0,0.4,0,75.3072625698324,2,21,2.5,221.00000000000003,2026748021,0.9,0.9
fig3_risk_compensation,1057.0,0.4,0,80.22705771050141,2,22,2.5,208.99999999999997,2026748022,0.9,0.9
fig3_risk_compensation,709.0,0.4,0,55.994358251057825,2,23,2.5,312.0,2026748023,0.9,0.9
fig3_risk_compensation,633.0,0.4,0,64.77093206951027,2,24,2.5,223.00000000000003,2026748024,0.9,0.9
fig3_risk_compensation,638.0,0.4,0,67.08463949843261,2,25,2.5,210.0,2026748025,0.9,0.9
fig3_risk_compensation,801.0,0.4,0,74.28214731585518,2,26,2.5,206.00000000000003,2026748026,0.9,0.9
fig3_risk_compensation,878.0,0.4,0,86.33257403189066,2,27,2.5,119.99999999999999,2026748027,0.9,0.9
fig3_risk_compensation,983.0,0.4,0,80.77314343845372,2,28,2.5,189.0,2026748028,0.9,0.9
fig3_risk_compensation,899.9999999999999,0.4,0,80.22222222222221,2,29,2.5,178.0,2026748029,0.9,0.9
fig3_risk_compensation,693.0,0.4,0,75.46897546897547,2,30,2.5,170.0,2026748030,0.9,0.9
fig3_risk_compensation,932.0,0.4,0,71.13733905579399,2,31,2.5,269.0,2026748031,0.9,0.9
fig3_risk_compensation,1032.0,0.4,0,78.58527131782945,2,32,2.5,221.00000000000003,2026748032,0.9,0.9
fig3_risk_compensation,787.0,0.4,0,68.48792884371029,2,33,2.5,248.0,2026748033,0.9,0.9
fig3_risk_compensation,889.0,0.4,0,67.26659167604049,2,34,2.5,291.0,2026748034,0.9,0.9
fig3_risk_compensation,993.0,0.4,0,77.24068479355489,2,35,2.5,225.99999999999997,2026748035,0.9,0.9
fig3_risk_compensation,673.0,0.4,0,70.43090638930164,2,36,2.5,199.0,2026748036,0.9,0.9
fig3_risk_compensation,944.0,0.4,0,81.25,2,37,2.5,177.0,2026748037,0.9,0.9
fig3_risk_compensation,790.0000000000001,0.4,0,74.05063291139241,2,38,2.5,205.00000000000003,2026748038,0.9,0.9
fig3_risk_compensation,1043.0,0.4,0,81.11217641418983,2,39,2.5,197.0,2026748039,0.9,0.9
fig3_risk_compensation,1062.0,0.4,0,76.93032015065913,2,40,2.5,245.0,2026748040,0.9,0.9
fig3_risk_compensation,1238.0,0.4,0,81.58319870759289,2,41,2.5,228.0,2026748041,0.9,0.9
fig3_risk_compensation,954.0,0.4,0,85.53459119496856,2,42,2.5,138.0,2026748042,0.9,0.9
fig3_risk_compensation,902.0,0.4,0,74.94456762749445,2,43,2.5,225.99999999999997,2026748043,0.9,0.9
fig3_risk_compensation,847.0,0.4,0,73.19952774498229,2,44,2.5,227.0,2026748044,0.9,0.9
fig3_risk_compensation,1422.0,0.4,0,84.81012658227849,2,45,2.5,216.0,2026748045,0.9,0.9
fig3_risk_compensation,779.0,0.4,0,72.52888318356868,2,46,2.5,214.0,2026748046,0.9,0.9
fig3_risk_compensation,869.9999999999999,0.4,0,70.80459770114942,2,47,2.5,254.00000000000003,2026748047,0.9,0.9
fig3_risk_compensation,747.0,0.4,0,62.65060240963855,2,48,2.5,279.0,2026748048,0.9,0.9
fig3_risk_compensation,1033.0,0.4,0,77.25072604065828,2,49,2.5,235.0,2026748049,0.9,0.9
fig3_risk_compensation,699.0,0.4,0,72.24606580829757,2,50,2.5,194.0,2026748050,0.9,0.9
fig3_risk_compensation,1053.0,0.4,0,81.00664767331433,2,51,2.5,200.0,2026748051,0.9,0.9
fig3_risk_compensation,725.0,0.4,0,78.06896551724138,2,52,2.5,159.0,2026748052,0.9,0.9
fig3_risk_compensation,1051.0,0.4,0,76.68886774500476,2,53,2.5,245.0,2026748053,0.9,0.9
fig3_risk_compensation,932.0,0.4,0,76.82403433476395,2,54,2.5,216.0,2026748054,0.9,0.9
fig3_risk_compensation,991.0,0.4,0,76.28657921291625,2,55,2.5,235.0,2026748055,0.9,0.9
fig3_risk_compensation,980.0,0.4,0,80.3061224489796,2,56,2.5,193.0,2026748056,0.9,0.9
fig3_risk_compensation,1004.0,0.4,0,75.4980079681275,2,57,2.5,246.0,2026748057,0.9,0.9
fig3_risk_compensation,865.0,0.4,0,78.84393063583815,2,58,2.5,183.0,2026748058,0.9,0.9
fig3_risk_compensation,697.0,0.4,0,75.89670014347202,2,59,2.5,168.0,2026748059,0.9,0.9
fig3_risk_compensation,1010.9999999999999,0.4,0,78.93175074183976,2,60,2.5,213.0,2026748060,0.9,0.9
fig3_risk_compensation,632.0,0.4,0,68.9873417721519,2,61,2.5,196.0,2026748061,0.9,0.9
fig3_risk_compensation,797.9999999999999,0.4,0,77.69423558897242,2,62,2.5,178.0,2026748062,0.9,0.9
fig3_risk_compensation,1080.0,0.4,0,82.96296296296296,2,63,2.5,184.0,2026748063,0.9,0.9
fig3_risk_compensation,1049.0,0.4,0,75.11916110581507,2,64,2.5,261.0,2026748064,0.9,0.9
fig3_risk_compensation,1178.0,0.4,0,79.71137521222411,2,65,2.5,239.00000000000003,2026748065,0.9,0.9
fig3_risk_compensation,911.0,0.4,0,74.75301866081229,2,66,2.5,230.0,2026748066,0.9,0.9
fig3_risk_compensation,722.0,0.4,0,79.50138504155125,2,67,2.5,148.0,2026748067,0.9,0.9
fig3_risk_compensation,967.9999999999999,0.4,0,79.3388429752066,2,68,2.5,200.0,2026748068,0.9,0.9
fig3_risk_compensation,1083.0,0.4,0,76.17728531855956,2,69,2.5,258.0,2026748069,0.9,0.9
fig3_risk_compensation,976.9999999999999,0.4,0,81.26919140225179,2,70,2.5,183.0,2026748070,0.9,0.9
fig3_risk_compensation,1014.9999999999999,0.4,0,82.75862068965517,2,71,2.5,175.0,2026748071,0.9,0.9
fig3_risk_compensation,993.9999999999999,0.4,0,78.3702213279678,2,72,2.5,215.0,2026748072,0.9,0.9
fig3_risk_compensation,1032.0,0.4,0,72.09302325581395,2,73,2.5,288.0,2026748073,0.9,0.9
fig3_risk_compensation,1092.0,0.4,0,74.81684981684981,2,74,2.5,275.0,2026748074,0.9,0.9
fig3_risk_compensation,784.9999999999999,0.4,0,73.37579617834395,2,75,2.5,208.99999999999997,2026748075,0.9,0.9
fig3_risk_compensation,855.0,0.4,0,86.3157894736842,2,76,2.5,117.0,2026748076,0.9,0.9
fig3_risk_compensation,890.0,0.4,0,73.93258426966293,2,77,2.5,232.0,2026748077,0.9,0.9
fig3_risk_compensation,1116.0,0.4,0,86.29032258064517,2,78,2.5,153.0,2026748078,0.9,0.9
fig3_risk_compensation,689.0,0.4,0,76.19738751814224,2,79,2.5,164.0,2026748079,0.9,0.9
fig3_risk_compensation,655.0,0.4,0,68.2442748091603,2,80,2.5,207.99999999999997,2026748080,0.9,0.9
fig3_risk_compensation,944.0,0.4,0,76.37711864406779,2,81,2.5,223.00000000000003,2026748081,0.9,0.9
fig3_risk_compensation,747.0,0.4,0,80.45515394912985,2,82,2.5,146.0,2026748082,0.9,0.9
fig3_risk_compensation,824.0000000000001,0.4,0,74.27184466019418,2,83,2.5,212.0,2026748083,0.9,0.9
fig3_risk_compensation,890.0,0.4,0,71.01123595505618,2,84,2.5,258.0,2026748084,0.9,0.9
fig3_risk_compensation,1145.0,0.4,0,82.18340611353712,2,85,2.5,204.00000000000003,2026748085,0.9,0.9
fig3_risk_compensation,1260.0,0.4,0,75.87301587301587,2,86,2.5,304.0,2026748086,0.9,0.9
fig3_risk_compensation,873.0,0.4,0,71.47766323024055,2,87,2.5,249.0,2026748087,0.9,0.9
fig3_risk_compensation,550.0,0.4,0,66.36363636363636,2,88,2.5,185.0,2026748088,0.9,0.9
fig3_risk_compensation,837.0000000000001,0.4,0,76.94145758661888,2,89,2.5,193.0,2026748089,0.9,0.9
fig3_risk_compensation,759.0,0.4,0,76.9433465085639,2,90,2.5,175.0,2026748090,0.9,0.9
fig3_risk_compensation,694.0,0.4,0,62.82420749279539,2,91,2.5,258.0,2026748091,0.9,0.9
fig3_risk_compensation,651.0,0.4,0,67.74193548387096,2,92,2.5,210.0,2026748092,0.9,0.9
fig3_risk_compensation,637.0,0.4,0,76.92307692307692,2,93,2.5,147.0,2026748093,0.9,0.9
fig3_risk_compensation,878.9999999999999,0.4,0,73.2650739476678,2,94,2.5,235.0,2026748094,0.9,0.9
fig3_risk_compensation,1116.0,0.4,0,71.23655913978494,2,95,2.5,321.0,2026748095,0.9,0.9
fig3_risk_compensation,1024.0,0.4,0,73.14453125,2,96,2.5,275.0,2026748096,0.9,0.9
fig3_risk_compensation,869.0,0.4,0,80.897583429229,2,97,2.5,166.0,2026748097,0.9,0.9
fig3_risk_compensation,603.0,0.4,0,55.88723051409619,2,98,2.5,266.0,2026748098,0.9,0.9
fig3_risk_compensation,971.0,0.4,0,79.40267765190525,2,99,2.5,200.0,2026748099,0.9,0.9
fig3_risk_compensation,909.0000000000001,0.4,0,-581.7381738173817,2,0,2.25,6197.0,2026735000,0.0,0.0
fig3_risk_compensation,725.0,0.4,0,-807.8620689655172,2,1,2.25,6582.0,2026735001,0.0,0.0
fig3_risk_compensation,620.0,0.4,0,-1210.9677419354841,2,2,2.25,8128.000000000001,2026735002,0.0,0.0
fig3_risk_compensation,1005.0,0.4,0,-766.7661691542288,2,3,2.25,8711.0,2026735003,0.0,0.0
fig3_risk_compensation,1288.0,0.4,0,-421.972049689441,2,4,2.25,6723.0,2026735004,0.0,0.0
fig3_risk_compensation,688.0,0.4,0,-919.1860465116279,2,5,2.25,7012.0,2026735005,0.0,0.0
fig3_risk_compensation,679.0,0.4,0,-945.0662739322531,2,6,2.25,7095.999999999999,2026735006,0.0,0.0
fig3_risk_compensation,786.0000000000001,0.4,0,-774.4274809160304,2,7,2.25,6873.0,2026735007,0.0,0.0
fig3_risk_compensation,1319.0,0.4,0,-653.9044730856709,2,8,2.25,9944.0,2026735008,0.0,0.0
fig3_risk_compensation,633.0,0.4,0,-1193.3649289099526,2,9,2.25,8187.0,2026735009,0.0,0.0
fig3_risk_compensation,602.0,0.4,0,-1124.9169435215947,2,10,2.25,7374.0,2026735010,0.0,0.0
fig3_risk_compensation,1012.0,0.4,0,-526.8774703557312,2,11,2.25,6344.0,2026735011,0.0,0.0
fig3_risk_compensation,765.0,0.4,0,-636.4705882352941,2,12,2.25,5634.0,2026735012,0.0,0.0
fig3_risk_compensation,657.0,0.4,0,-1031.2024353120244,2,13,2.25,7432.0,2026735013,0.0,0.0
fig3_risk_compensation,567.0,0.4,0,-1088.7125220458554,2,14,2.25,6740.0,2026735014,0.0,0.0
fig3_risk_compensation,1038.0,0.4,0,-431.0211946050096,2,15,2.25,5512.0,2026735015,0.0,0.0
fig3_risk_compensation,1001.0,0.4,0,-773.5264735264735,2,16,2.25,8744.0,2026735016,0.0,0.0
fig3_risk_compensation,727.0,0.4,0,-830.2613480055021,2,17,2.25,6763.0,2026735017,0.0,0.0
fig3_risk_compensation,820.0000000000001,0.4,0,-1082.560975609756,2,18,2.25,9697.0,2026735018,0.0,0.0
fig3_risk_compensation,858.0000000000001,0.4,0,-817.4825174825173,2,19,2.25,7872.0,2026735019,0.0,0.0
fig3_risk_compensation,871.0000000000001,0.4,0,-822.3880597014924,2,20,2.25,8033.999999999999,2026735020,0.0,0.0
fig3_risk_compensation,855.0,0.4,0,-758.3625730994152,2,21,2.25,7339.0,2026735021,0.0,0.0
fig3_risk_compensation,890.0,0.4,0,-712.0224719101124,2,22,2.25,7227.0,2026735022,0.0,0.0
fig3_risk_compensation,670.0,0.4,0,-723.4328358208955,2,23,2.25,5517.0,2026735023,0.0,0.0
fig3_risk_compensation,830.0,0.4,0,-906.144578313253,2,24,2.25,8351.0,2026735024,0.0,0.0
fig3_risk_compensation,659.0,0.4,0,-856.6009104704098,2,25,2.25,6304.0,2026735025,0.0,0.0
fig3_risk_compensation,865.9999999999999,0.4,0,-648.7297921478059,2,26,2.25,6483.999999999999,2026735026,0.0,0.0
fig3_risk_compensation,680.0,0.4,0,-1153.3823529411766,2,27,2.25,8523.0,2026735027,0.0,0.0
fig3_risk_compensation,715.0,0.4,0,-745.8741258741259,2,28,2.25,6048.0,2026735028,0.0,0.0
fig3_risk_compensation,838.0,0.4,0,-1118.019093078759,2,29,2.25,10207.0,2026735029,0.0,0.0
fig3_risk_compensation,885.0,0.4,0,-714.0112994350284,2,30,2.25,7204.000000000001,2026735030,0.0,0.0
fig3_risk_compensation,1233.0,0.4,0,-566.2611516626115,2,31,2.25,8215.0,2026735031,0.0,0.0
fig3_risk_compensation,830.0,0.4,0,-804.4578313253012,2,32,2.25,7507.0,2026735032,0.0,0.0
fig3_risk_compensation,709.0,0.4,0,-780.5359661495063,2,33,2.25,6243.0,2026735033,0.0,0.0
fig3_risk_compensation,805.0,0.4,0,-479.87577639751555,2,34,2.25,4668.0,2026735034,0.0,0.0
fig3_risk_compensation,1071.0,0.4,0,-508.2166199813259,2,35,2.25,6514.0,2026735035,0.0,0.0
fig3_risk_compensation,739.0,0.4,0,-654.2625169147497,2,36,2.25,5574.0,2026735036,0.0,0.0
fig3_risk_compensation,797.0,0.4,0,-989.2095357590966,2,37,2.25,8681.0,2026735037,0.0,0.0
fig3_risk_compensation,723.0,0.4,0,-802.7662517289072,2,38,2.25,6526.999999999999,2026735038,0.0,0.0
fig3_risk_compensation,1007.0000000000001,0.4,0,-678.7487586891757,2,39,2.25,7842.0,2026735039,0.0,0.0
fig3_risk_compensation,916.0,0.4,0,-1079.3668122270742,2,40,2.25,10803.0,2026735040,0.0,0.0
fig3_risk_compensation,867.0000000000001,0.4,0,-660.322952710496,2,41,2.25,6592.000000000001,2026735041,0.0,0.0
fig3_risk_compensation,699.0,0.4,0,-806.0085836909872,2,42,2.25,6333.0,2026735042,0.0,0.0
fig3_risk_compensation,642.0,0.4,0,-1494.8598130841121,2,43,2.25,10239.0,2026735043,0.0,0.0
fig3_risk_compensation,967.0,0.4,0,-728.0248190279214,2,44,2.25,8007.0,2026735044,0.0,0.0
fig3_risk_compensation,667.0,0.4,0,-809.4452773613193,2,45,2.25,6066.0,2026735045,0.0,0.0
fig3_risk_compensation,702.0,0.4,0,-813.8176638176639,2,46,2.25,6415.0,2026735046,0.0,0.0
fig3_risk_compensation,822.0,0.4,0,-699.1484184914842,2,47,2.25,6569.0,2026735047,0.0,0.0
fig3_risk_compensation,789.0,0.4,0,-663.3713561470215,2,48,2.25,6023.0,2026735048,0.0,0.0
fig3_risk_compensation,834.0,0.4,0,-897.1223021582733,2,49,2.25,8316.0,2026735049,0.0,0.0
fig3_risk_compensation,791.0,0.4,0,-1045.6384323640962,2,50,2.25,9062.0,2026735050,0.0,0.0
fig3_risk_compensation,1098.0,0.4,0,-570.6739526411658,2,51,2.25,7364.0,2026735051,0.0,0.0
fig3_risk_compensation,601.0,0.4,0,-707.4875207986689,2,52,2.25,4853.0,2026735052,0.0,0.0
fig3_risk_compensation,713.0,0.4,0,-1002.8050490883592,2,53,2.25,7863.000000000001,2026735053,0.0,0.0
fig3_risk_compensation,848.0,0.4,0,-912.8537735849056,2,54,2.25,8589.0,2026735054,0.0,0.0
fig3_risk_compensation,827.9999999999999,0.4,0,-798.0676328502417,2,55,2.25,7436.0,2026735055,0.0,0.0
fig3_risk_compensation,1054.0,0.4,0,-784.4402277039849,2,56,2.25,9322.0,2026735056,0.0,0.0
fig3_risk_compensation,613.0,0.4,0,-1387.7650897226754,2,57,2.25,9120.0,2026735057,0.0,0.0
fig3_risk_compensation,599.0,0.4,0,-984.1402337228715,2,58,2.25,6494.0,2026735058,0.0,0.0
fig3_risk_compensation,637.0,0.4,0,-1196.7032967032967,2,59,2.25,8260.0,2026735059,0.0,0.0
fig3_risk_compensation,903.9999999999999,0.4,0,-850.995575221239,2,60,2.25,8597.0,2026735060,0.0,0.0
fig3_risk_compensation,659.0,0.4,0,-1009.8634294385432,2,61,2.25,7314.0,2026735061,0.0,0.0
fig3_risk_compensation,1008.0,0.4,0,-762.6984126984127,2,62,2.25,8696.0,2026735062,0.0,0.0
fig3_risk_compensation,867.0000000000001,0.4,0,-833.5640138408303,2,63,2.25,8094.0,2026735063,0.0,0.0
fig3_risk_compensation,834.0,0.4,0,-532.9736211031175,2,64,2.25,5279.0,2026735064,0.0,0.0
fig3_risk_compensation,750.0,0.4,0,-811.0666666666667,2,65,2.25,6833.0,2026735065,0.0,0.0
fig3_risk_compensation,1010.0,0.4,0,-752.8712871287129,2,66,2.25,8614.0,2026735066,0.0,0.0
fig3_risk_compensation,863.0,0.4,0,-573.8122827346466,2,67,2.25,5815.0,2026735067,0.0,0.0
fig3_risk_compensation,623.0,0.4,0,-1131.4606741573034,2,68,2.25,7672.0,2026735068,0.0,0.0
fig3_risk_compensation,884.0000000000001,0.4,0,-661.5384615384615,2,69,2.25,6732.000000000001,2026735069,0.0,0.0
fig3_risk_compensation,793.9999999999999,0.4,0,-596.221662468514,2,70,2.25,5528.0,2026735070,0.0,0.0
fig3_risk_compensation,769.0,0.4,0,-870.221066319896,2,71,2.25,7461.0,2026735071,0.0,0.0
fig3_risk_compensation,493.00000000000006,0.4,0,-1027.180527383367,2,72,2.25,5557.0,2026735072,0.0,0.0
fig3_risk_compensation,1041.0,0.4,0,-596.3496637848223,2,73,2.25,7249.0,2026735073,0.0,0.0
fig3_risk_compensation,1045.0,0.4,0,-595.2153110047848,2,74,2.25,7265.000000000001,2026735074,0.0,0.0
fig3_risk_compensation,775.0,0.4,0,-856.3870967741937,2,75,2.25,7412.000000000001,2026735075,0.0,0.0
fig3_risk_compensation,923.0,0.4,0,-722.9685807150596,2,76,2.25,7596.0,2026735076,0.0,0.0
fig3_risk_compensation,725.0,0.4,0,-1000.1379310344828,2,77,2.25,7976.0,2026735077,0.0,0.0
fig3_risk_compensation,722.0,0.4,0,-780.4709141274238,2,78,2.25,6357.0,2026735078,0.0,0.0
fig3_risk_compensation,1001.9999999999999,0.4,0,-750.5988023952096,2,79,2.25,8523.0,2026735079,0.0,0.0
fig3_risk_compensation,724.0,0.4,0,-1056.0773480662983,2,80,2.25,8370.0,2026735080,0.0,0.0
fig3_risk_compensation,569.0,0.4,0,-1173.286467486819,2,81,2.25,7245.0,2026735081,0.0,0.0
fig3_risk_compensation,988.0,0.4,0,-648.582995951417,2,82,2.25,7396.0,2026735082,0.0,0.0
fig3_risk_compensation,874.0,0.4,0,-1022.4256292906178,2,83,2.25,9810.0,2026735083,0.0,0.0
fig3_risk_compensation,997.9999999999999,0.4,0,-308.41683366733463,2,84,2.25,4075.9999999999995,2026735084,0.0,0.0
fig3_risk_compensation,861.9999999999999,0.4,0,-926.2180974477959,2,85,2.25,8846.0,2026735085,0.0,0.0
fig3_risk_compensation,631.0,0.4,0,-831.5372424722663,2,86,2.25,5878.0,2026735086,0.0,0.0
fig3_risk_compensation,1156.0,0.4,0,-725.8650519031141,2,87,2.25,9547.0,2026735087,0.0,0.0
fig3_risk_compensation,858.0000000000001,0.4,0,-461.5384615384615,2,88,2.25,4818.0,2026735088,0.0,0.0
fig3_risk_compensation,1037.0,0.4,0,-791.1282545805208,2,89,2.25,9241.0,2026735089,0.0,0.0
fig3_risk_compensation,664.0,0.4,0,-832.3795180722891,2,90,2.25,6191.0,2026735090,0.0,0.0
fig3_risk_compensation,874.0,0.4,0,-615.6750572082378,2,91,2.25,6254.999999999999,2026735091,0.0,0.0
fig3_risk_compensation,1174.0,0.4,0,-368.0579216354344,2,92,2.25,5495.0,2026735092,0.0,0.0
fig3_risk_compensation,688.0,0.4,0,-910.4651162790698,2,93,2.25,6952.0,2026735093,0.0,0.0
fig3_risk_compensation,888.0000000000001,0.4,0,-741.4414414414413,2,94,2.25,7471.999999999999,2026735094,0.0,0.0
fig3_risk_compensation,809.0,0.4,0,-944.7466007416564,2,95,2.25,8452.0,2026735095,0.0,0.0
fig3_risk_compensation,733.0,0.4,0,-867.9399727148704,2,96,2.25,7095.0,2026735096,0.0,0.0
fig3_risk_compensation,640.0,0.4,0,-1091.875,2,97,2.25,7628.0,2026735097,0.0,0.0
fig3_risk_compensation,812.0,0.4,0,-919.5812807881773,2,98,2.25,8279.0,2026735098,0.0,0.0
fig3_risk_compensation,614.0,0.4,0,-917.4267100977198,2,99,2.25,6247.0,2026735099,0.0,0.0
fig3_risk_compensation,975.0,0.4,0,-198.56410256410257,2,0,2.5,2911.0,2026743000,0.15,0.15
fig3_risk_compensation,895.0,0.4,0,-283.01675977653633,2,1,2.5,3428.0,2026743001,0.15,0.15
fig3_risk_compensation,731.0,0.4,0,-311.2175102599179,2,2,2.5,3006.0,2026743002,0.15,0.15
fig3_risk_compensation,850.0000000000001,0.4,0,-352.7058823529411,2,3,2.5,3848.0,2026743003,0.15,0.15
fig3_risk_compensation,990.0000000000001,0.4,0,-236.46464646464645,2,4,2.5,3331.0,2026743004,0.15,0.15
fig3_risk_compensation,801.0,0.4,0,-327.59051186017484,2,5,2.5,3425.0000000000005,2026743005,0.15,0.15
fig3_risk_compensation,967.9999999999999,0.4,0,-225.51652892561992,2,6,2.5,3151.0000000000005,2026743006,0.15,0.15
fig3_risk_compensation,522.0,0.4,0,-536.7816091954023,2,7,2.5,3324.0,2026743007,0.15,0.15
fig3_risk_compensation,645.0,0.4,0,-596.7441860465116,2,8,2.5,4494.0,2026743008,0.15,0.15
fig3_risk_compensation,621.0,0.4,0,-395.8132045088567,2,9,2.5,3079.0,2026743009,0.15,0.15
fig3_risk_compensation,988.0,0.4,0,-296.45748987854256,2,10,2.5,3917.0000000000005,2026743010,0.15,0.15
fig3_risk_compensation,1075.0,0.4,0,-128.74418604651163,2,11,2.5,2459.0,2026743011,0.15,0.15
fig3_risk_compensation,670.0,0.4,0,-633.5820895522388,2,12,2.5,4915.0,2026743012,0.15,0.15
fig3_risk_compensation,901.0000000000001,0.4,0,-326.30410654827966,2,13,2.5,3841.0,2026743013,0.15,0.15
fig3_risk_compensation,686.0,0.4,0,-347.52186588921285,2,14,2.5,3070.0,2026743014,0.15,0.15
fig3_risk_compensation,583.0,0.4,0,-619.0394511149228,2,15,2.5,4192.0,2026743015,0.15,0.15
fig3_risk_compensation,547.0,0.4,0,-565.9963436928701,2,16,2.5,3642.9999999999995,2026743016,0.15,0.15
fig3_risk_compensation,561.0,0.4,0,-382.174688057041,2,17,2.5,2705.0,2026743017,0.15,0.15
fig3_risk_compensation,746.0,0.4,0,-273.8605898123324,2,18,2.5,2789.0,2026743018,0.15,0.15
fig3_risk_compensation,531.0,0.4,0,-260.2636534839925,2,19,2.5,1913.0000000000002,2026743019,0.15,0.15
fig3_risk_compensation,1007.0000000000001,0.4,0,-140.61569016881825,2,20,2.5,2423.0,2026743020,0.15,0.15
fig3_risk_compensation,889.0,0.4,0,-229.58380202474692,2,21,2.5,2930.0,2026743021,0.15,0.15
fig3_risk_compensation,1162.0,0.4,0,-155.3356282271945,2,22,2.5,2967.0,2026743022,0.15,0.15
fig3_risk_compensation,1109.0,0.4,0,-188.09738503155995,2,23,2.5,3195.0,2026743023,0.15,0.15
fig3_risk_compensation,1051.0,0.4,0,-208.2778306374881,2,24,2.5,3240.0,2026743024,0.15,0.15
fig3_risk_compensation,720.0,0.4,0,-276.25,2,25,2.5,2709.0,2026743025,0.15,0.15
fig3_risk_compensation,686.0,0.4,0,-367.3469387755102,2,26,2.5,3206.0,2026743026,0.15,0.15
fig3_risk_compensation,848.0,0.4,0,-266.0377358490566,2,27,2.5,3104.0,2026743027,0.15,0.15
fig3_risk_compensation,539.0,0.4,0,-635.8070500927644,2,28,2.5,3966.0,2026743028,0.15,0.15
fig3_risk_compensation,568.0,0.4,0,-222.18309859154928,2,29,2.5,1830.0,2026743029,0.15,0.15
fig3_risk_compensation,496.99999999999994,0.4,0,-678.0684104627769,2,30,2.5,3867.0000000000005,2026743030,0.15,0.15
fig3_risk_compensation,911.0,0.4,0,-298.9023051591657,2,31,2.5,3633.9999999999995,2026743031,0.15,0.15
fig3_risk_compensation,658.0,0.4,0,-334.19452887537994,2,32,2.5,2857.0,2026743032,0.15,0.15
fig3_risk_compensation,916.9999999999999,0.4,0,-287.5681570338059,2,33,2.5,3554.0,2026743033,0.15,0.15
fig3_risk_compensation,1180.0,0.4,0,-256.4406779661017,2,34,2.5,4206.0,2026743034,0.15,0.15
fig3_risk_compensation,766.0,0.4,0,-317.23237597911236,2,35,2.5,3196.0000000000005,2026743035,0.15,0.15
fig3_risk_compensation,932.0,0.4,0,-405.90128755364805,2,36,2.5,4715.0,2026743036,0.15,0.15
fig3_risk_compensation,589.0,0.4,0,-436.6723259762309,2,37,2.5,3161.0,2026743037,0.15,0.15
fig3_risk_compensation,844.0,0.4,0,-414.92890995260666,2,38,2.5,4346.0,2026743038,0.15,0.15
fig3_risk_compensation,573.0,0.4,0,-296.1605584642234,2,39,2.5,2270.0,2026743039,0.15,0.15
fig3_risk_compensation,1108.0,0.4,0,-176.26353790613717,2,40,2.5,3061.0,2026743040,0.15,0.15
fig3_risk_compensation,891.0,0.4,0,-243.0976430976431,2,41,2.5,3057.0,2026743041,0.15,0.15
fig3_risk_compensation,1000.0,0.4,0,-245.00000000000006,2,42,2.5,3450.0000000000005,2026743042,0.15,0.15
fig3_risk_compensation,775.0,0.4,0,-397.4193548387097,2,43,2.5,3855.0,2026743043,0.15,0.15
fig3_risk_compensation,719.0,0.4,0,-263.1432545201669,2,44,2.5,2611.0,2026743044,0.15,0.15
fig3_risk_compensation,933.9999999999999,0.4,0,-321.8415417558886,2,45,2.5,3939.9999999999995,2026743045,0.15,0.15
fig3_risk_compensation,713.0,0.4,0,-315.70827489481064,2,46,2.5,2964.0,2026743046,0.15,0.15
fig3_risk_compensation,762.0,0.4,0,-424.14698162729667,2,47,2.5,3994.0000000000005,2026743047,0.15,0.15
fig3_risk_compensation,521.0,0.4,0,-561.9961612284069,2,48,2.5,3449.0,2026743048,0.15,0.15
fig3_risk_compensation,692.0,0.4,0,-455.3468208092485,2,49,2.5,3843.0,2026743049,0.15,0.15
fig3_risk_compensation,793.9999999999999,0.4,0,-409.06801007556675,2,50,2.5,4041.9999999999995,2026743050,0.15,0.15
fig3_risk_compensation,790.0000000000001,0.4,0,-488.7341772151898,2,51,2.5,4651.0,2026743051,0.15,0.15
fig3_risk_compensation,882.9999999999999,0.4,0,-249.60362400906004,2,52,2.5,3087.0,2026743052,0.15,0.15
fig3_risk_compensation,992.0,0.4,0,-199.7983870967742,2,53,2.5,2974.0,2026743053,0.15,0.15
fig3_risk_compensation,855.0,0.4,0,-196.95906432748538,2,54,2.5,2539.0,2026743054,0.15,0.15
fig3_risk_compensation,813.0,0.4,0,-302.7060270602706,2,55,2.5,3274.0,2026743055,0.15,0.15
fig3_risk_compensation,706.0,0.4,0,-243.90934844192634,2,56,2.5,2428.0,2026743056,0.15,0.15
fig3_risk_compensation,693.0,0.4,0,-148.05194805194805,2,57,2.5,1719.0,2026743057,0.15,0.15
fig3_risk_compensation,1009.0,0.4,0,-233.39940535183356,2,58,2.5,3364.0000000000005,2026743058,0.15,0.15
fig3_risk_compensation,1284.0,0.4,0,-118.69158878504673,2,59,2.5,2808.0,2026743059,0.15,0.15
fig3_risk_compensation,878.0,0.4,0,-368.79271070615033,2,60,2.5,4116.0,2026743060,0.15,0.15
fig3_risk_compensation,777.0,0.4,0,-290.990990990991,2,61,2.5,3038.0,2026743061,0.15,0.15
fig3_risk_compensation,669.0,0.4,0,-299.1031390134529,2,62,2.5,2670.0,2026743062,0.15,0.15
fig3_risk_compensation,805.0,0.4,0,-283.2298136645963,2,63,2.5,3085.0,2026743063,0.15,0.15
fig3_risk_compensation,821.0,0.4,0,-307.3081607795371,2,64,2.5,3343.9999999999995,2026743064,0.15,0.15
fig3_risk_compensation,701.0,0.4,0,-559.0584878744651,2,65,2.5,4620.0,2026743065,0.15,0.15
fig3_risk_compensation,1061.0,0.4,0,-223.65692742695575,2,66,2.5,3434.0000000000005,2026743066,0.15,0.15
fig3_risk_compensation,583.0,0.4,0,-588.1646655231561,2,67,2.5,4012.0000000000005,2026743067,0.15,0.15
fig3_risk_compensation,902.0,0.4,0,-186.47450110864744,2,68,2.5,2584.0,2026743068,0.15,0.15
fig3_risk_compensation,784.0,0.4,0,-395.280612244898,2,69,2.5,3883.0000000000005,2026743069,0.15,0.15
fig3_risk_compensation,895.9999999999999,0.4,0,-419.8660714285715,2,70,2.5,4658.0,2026743070,0.15,0.15
fig3_risk_compensation,732.0,0.4,0,-362.02185792349735,2,71,2.5,3382.0000000000005,2026743071,0.15,0.15
fig3_risk_compensation,903.9999999999999,0.4,0,-318.141592920354,2,72,2.5,3780.0,2026743072,0.15,0.15
fig3_risk_compensation,1582.0,0.4,0,-92.16182048040456,2,73,2.5,3040.0,2026743073,0.15,0.15
fig3_risk_compensation,875.0000000000001,0.4,0,-246.05714285714282,2,74,2.5,3028.0,2026743074,0.15,0.15
fig3_risk_compensation,626.0,0.4,0,-430.19169329073475,2,75,2.5,3318.9999999999995,2026743075,0.15,0.15
fig3_risk_compensation,1010.0,0.4,0,-152.87128712871288,2,76,2.5,2554.0,2026743076,0.15,0.15
fig3_risk_compensation,937.0,0.4,0,-292.102454642476,2,77,2.5,3674.0,2026743077,0.15,0.15
fig3_risk_compensation,774.0,0.4,0,-224.16020671834625,2,78,2.5,2509.0,2026743078,0.15,0.15
fig3_risk_compensation,680.0,0.4,0,-300.0,2,79,2.5,2720.0,2026743079,0.15,0.15
fig3_risk_compensation,740.0,0.4,0,-284.05405405405406,2,80,2.5,2842.0,2026743080,0.15,0.15
fig3_risk_compensation,589.0,0.4,0,-494.56706281833624,2,81,2.5,3502.0000000000005,2026743081,0.15,0.15
fig3_risk_compensation,732.0,0.4,0,-399.04371584699453,2,82,2.5,3653.0,2026743082,0.15,0.15
fig3_risk_compensation,1288.0,0.4,0,-132.37577639751552,2,83,2.5,2993.0,2026743083,0.15,0.15
fig3_risk_compensation,932.0,0.4,0,-186.05150214592274,2,84,2.5,2666.0,2026743084,0.15,0.15
fig3_risk_compensation,914.0,0.4,0,-252.6258205689278,2,85,2.5,3223.0,2026743085,0.15,0.15
fig3_risk_compensation,793.0,0.4,0,-426.733921815889,2,86,2.5,4177.0,2026743086,0.15,0.15
fig3_risk_compensation,752.0,0.4,0,-136.56914893617022,2,87,2.5,1779.0,2026743087,0.15,0.15
fig3_risk_compensation,824.0000000000001,0.4,0,-345.75242718446594,2,88,2.5,3673.0,2026743088,0.15,0.15
fig3_risk_compensation,801.0,0.4,0,-376.2796504369539,2,89,2.5,3815.0000000000005,2026743089,0.15,0.15
fig3_risk_compensation,588.0,0.4,0,-602.8911564625851,2,90,2.5,4133.0,2026743090,0.15,0.15
fig3_risk_compensation,664.0,0.4,0,-262.5,2,91,2.5,2407.0,2026743091,0.15,0.15
fig3_risk_compensation,814.0,0.4,0,-382.8009828009828,2,92,2.5,3930.0,2026743092,0.15,0.15
fig3_risk_compensation,550.0,0.4,0,-643.6363636363636,2,93,2.5,4090.0,2026743093,0.15,0.15
fig3_risk_compensation,1100.0,0.4,0,-187.8181818181818,2,94,2.5,3166.0,2026743094,0.15,0.15
fig3_risk_compensation,667.0,0.4,0,-567.9160419790105,2,95,2.5,4455.0,2026743095,0.15,0.15
fig3_risk_compensation,992.0,0.4,0,-275.1008064516129,2,96,2.5,3721.0,2026743096,0.15,0.15
fig3_risk_compensation,1043.0,0.4,0,-156.6634707574305,2,97,2.5,2677.0,2026743097,0.15,0.15
fig3_risk_compensation,797.0,0.4,0,-342.5345043914681,2,98,2.5,3527.0000000000005,2026743098,0.15,0.15
fig3_risk_compensation,337.0,0.4,0,-638.8724035608309,2,99,2.5,2490.0,2026743099,0.15,0.15
fig3_risk_compensation,1012.0,0.4,0,-957.7075098814229,2,0,2.5,10704.0,2026742000,0.0,0.0
fig3_risk_compensation,611.0,0.4,0,-1306.5466448445172,2,1,2.5,8594.0,2026742001,0.0,0.0
fig3_risk_compensation,1101.0,0.4,0,-556.4940962761126,2,2,2.5,7228.0,2026742002,0.0,0.0
fig3_risk_compensation,946.0,0.4,0,-723.9957716701904,2,3,2.5,7795.000000000001,2026742003,0.0,0.0
fig3_risk_compensation,822.0,0.4,0,-1403.2846715328467,2,4,2.5,12357.0,2026742004,0.0,0.0
fig3_risk_compensation,801.0,0.4,0,-1010.9862671660425,2,5,2.5,8899.0,2026742005,0.0,0.0
fig3_risk_compensation,1113.0,0.4,0,-699.9101527403415,2,6,2.5,8903.0,2026742006,0.0,0.0
fig3_risk_compensation,912.9999999999999,0.4,0,-1365.3888280394306,2,7,2.5,13379.0,2026742007,0.0,0.0
fig3_risk_compensation,869.0,0.4,0,-1507.940161104718,2,8,2.5,13973.0,2026742008,0.0,0.0
fig3_risk_compensation,936.0,0.4,0,-924.7863247863248,2,9,2.5,9592.0,2026742009,0.0,0.0
fig3_risk_compensation,925.9999999999999,0.4,0,-943.952483801296,2,10,2.5,9667.0,2026742010,0.0,0.0
fig3_risk_compensation,672.0,0.4,0,-1738.095238095238,2,11,2.5,12352.0,2026742011,0.0,0.0
fig3_risk_compensation,899.9999999999999,0.4,0,-1087.2222222222224,2,12,2.5,10685.0,2026742012,0.0,0.0
fig3_risk_compensation,831.9999999999999,0.4,0,-1320.3125000000002,2,13,2.5,11817.0,2026742013,0.0,0.0
fig3_risk_compensation,700.0,0.4,0,-1576.857142857143,2,14,2.5,11738.0,2026742014,0.0,0.0
fig3_risk_compensation,796.0,0.4,0,-1266.2060301507538,2,15,2.5,10875.0,2026742015,0.0,0.0
fig3_risk_compensation,645.0,0.4,0,-1146.3565891472867,2,16,2.5,8039.0,2026742016,0.0,0.0
fig3_risk_compensation,912.9999999999999,0.4,0,-972.8368017524646,2,17,2.5,9795.0,2026742017,0.0,0.0
fig3_risk_compensation,997.0,0.4,0,-1414.4433299899702,2,18,2.5,15099.000000000002,2026742018,0.0,0.0
fig3_risk_compensation,888.0000000000001,0.4,0,-1382.9954954954953,2,19,2.5,13169.0,2026742019,0.0,0.0
fig3_risk_compensation,695.0,0.4,0,-1282.158273381295,2,20,2.5,9606.0,2026742020,0.0,0.0
fig3_risk_compensation,962.0,0.4,0,-971.2058212058212,2,21,2.5,10305.0,2026742021,0.0,0.0
fig3_risk_compensation,1006.0,0.4,0,-1092.9423459244533,2,22,2.5,12001.0,2026742022,0.0,0.0
fig3_risk_compensation,625.0,0.4,0,-1133.12,2,23,2.5,7707.0,2026742023,0.0,0.0
fig3_risk_compensation,950.0,0.4,0,-618.1052631578947,2,24,2.5,6822.0,2026742024,0.0,0.0
fig3_risk_compensation,656.0,0.4,0,-1529.7256097560976,2,25,2.5,10691.0,2026742025,0.0,0.0
fig3_risk_compensation,848.9999999999999,0.4,0,-1277.502944640754,2,26,2.5,11695.0,2026742026,0.0,0.0
fig3_risk_compensation,852.0,0.4,0,-1159.037558685446,2,27,2.5,10727.0,2026742027,0.0,0.0
fig3_risk_compensation,755.0,0.4,0,-1294.7019867549668,2,28,2.5,10530.0,2026742028,0.0,0.0
fig3_risk_compensation,583.0,0.4,0,-1535.8490566037735,2,29,2.5,9537.0,2026742029,0.0,0.0
fig3_risk_compensation,822.0,0.4,0,-1428.4671532846714,2,30,2.5,12564.0,2026742030,0.0,0.0
fig3_risk_compensation,970.0,0.4,0,-1113.9175257731958,2,31,2.5,11775.0,2026742031,0.0,0.0
fig3_risk_compensation,868.0,0.4,0,-1276.6129032258063,2,32,2.5,11949.0,2026742032,0.0,0.0
fig3_risk_compensation,754.0,0.4,0,-1378.1167108753316,2,33,2.5,11145.0,2026742033,0.0,0.0
fig3_risk_compensation,787.0,0.4,0,-1211.3087674714104,2,34,2.5,10320.0,2026742034,0.0,0.0
fig3_risk_compensation,1007.0000000000001,0.4,0,-771.5988083416087,2,35,2.5,8777.0,2026742035,0.0,0.0
fig3_risk_compensation,795.0,0.4,0,-1225.5345911949685,2,36,2.5,10538.0,2026742036,0.0,0.0
fig3_risk_compensation,1110.0,0.4,0,-759.5495495495495,2,37,2.5,9541.0,2026742037,0.0,0.0
fig3_risk_compensation,801.9999999999999,0.4,0,-1108.478802992519,2,38,2.5,9692.0,2026742038,0.0,0.0
fig3_risk_compensation,877.0,0.4,0,-1385.0627137970353,2,39,2.5,13024.0,2026742039,0.0,0.0
fig3_risk_compensation,810.9999999999999,0.4,0,-1229.716399506782,2,40,2.5,10784.0,2026742040,0.0,0.0
fig3_risk_compensation,1374.0,0.4,0,-699.5633187772926,2,41,2.5,10986.0,2026742041,0.0,0.0
fig3_risk_compensation,717.0,0.4,0,-1191.492329149233,2,42,2.5,9260.0,2026742042,0.0,0.0
fig3_risk_compensation,653.0,0.4,0,-726.3399693721286,2,43,2.5,5396.0,2026742043,0.0,0.0
fig3_risk_compensation,761.0,0.4,0,-1118.0026281208936,2,44,2.5,9269.0,2026742044,0.0,0.0
fig3_risk_compensation,831.0,0.4,0,-1157.641395908544,2,45,2.5,10451.0,2026742045,0.0,0.0
fig3_risk_compensation,869.9999999999999,0.4,0,-816.7816091954024,2,46,2.5,7976.0,2026742046,0.0,0.0
fig3_risk_compensation,1139.0,0.4,0,-655.838454784899,2,47,2.5,8609.0,2026742047,0.0,0.0
fig3_risk_compensation,789.0,0.4,0,-1189.7338403041824,2,48,2.5,10176.0,2026742048,0.0,0.0
fig3_risk_compensation,749.0,0.4,0,-1404.4058744993324,2,49,2.5,11268.0,2026742049,0.0,0.0
fig3_risk_compensation,858.0000000000001,0.4,0,-842.6573426573424,2,50,2.5,8087.999999999999,2026742050,0.0,0.0
fig3_risk_compensation,903.9999999999999,0.4,0,-1247.0132743362833,2,51,2.5,12177.0,2026742051,0.0,0.0
fig3_risk_compensation,771.0,0.4,0,-1171.0765239948119,2,52,2.5,9800.0,2026742052,0.0,0.0
fig3_risk_compensation,784.9999999999999,0.4,0,-1739.1082802547774,2,53,2.5,14437.0,2026742053,0.0,0.0
fig3_risk_compensation,878.9999999999999,0.4,0,-1080.7736063708762,2,54,2.5,10379.0,2026742054,0.0,0.0
fig3_risk_compensation,1059.0,0.4,0,-910.1983002832861,2,55,2.5,10698.0,2026742055,0.0,0.0
fig3_risk_compensation,621.0,0.4,0,-1952.657004830918,2,56,2.5,12747.0,2026742056,0.0,0.0
fig3_risk_compensation,881.0,0.4,0,-1158.3427922814983,2,57,2.5,11086.0,2026742057,0.0,0.0
fig3_risk_compensation,826.0,0.4,0,-1189.951573849879,2,58,2.5,10655.0,2026742058,0.0,0.0
fig3_risk_compensation,745.0,0.4,0,-1265.503355704698,2,59,2.5,10173.0,2026742059,0.0,0.0
fig3_risk_compensation,751.0,0.4,0,-1326.7643142476697,2,60,2.5,10715.0,2026742060,0.0,0.0
fig3_risk_compensation,1170.0,0.4,0,-781.8803418803419,2,61,2.5,10318.0,2026742061,0.0,0.0
fig3_risk_compensation,669.0,0.4,0,-1494.0209267563528,2,62,2.5,10664.0,2026742062,0.0,0.0
fig3_risk_compensation,969.0000000000001,0.4,0,-822.3942208462331,2,63,2.5,8938.0,2026742063,0.0,0.0
fig3_risk_compensation,817.0,0.4,0,-1289.4736842105262,2,64,2.5,11352.0,2026742064,0.0,0.0
fig3_risk_compensation,434.0,0.4,0,-2254.147465437788,2,65,2.5,10217.0,2026742065,0.0,0.0
fig3_risk_compensation,1044.0,0.4,0,-1155.4597701149426,2,66,2.5,13107.0,2026742066,0.0,0.0
fig3_risk_compensation,857.0,0.4,0,-1299.0665110851808,2,67,2.5,11990.0,2026742067,0.0,0.0
fig3_risk_compensation,882.9999999999999,0.4,0,-1213.250283125708,2,68,2.5,11596.0,2026742068,0.0,0.0
fig3_risk_compensation,729.0,0.4,0,-1795.6104252400548,2,69,2.5,13819.0,2026742069,0.0,0.0
fig3_risk_compensation,826.0,0.4,0,-1223.7288135593221,2,70,2.5,10934.0,2026742070,0.0,0.0
fig3_risk_compensation,678.0,0.4,0,-1479.3510324483775,2,71,2.5,10708.0,2026742071,0.0,0.0
fig3_risk_compensation,750.0,0.4,0,-1291.7333333333333,2,72,2.5,10438.0,2026742072,0.0,0.0
fig3_risk_compensation,928.0,0.4,0,-1177.6939655172414,2,73,2.5,11857.0,2026742073,0.0,0.0
fig3_risk_compensation,788.0,0.4,0,-879.0609137055837,2,74,2.5,7715.0,2026742074,0.0,0.0
fig3_risk_compensation,1020.0000000000001,0.4,0,-1200.392156862745,2,75,2.5,13264.0,2026742075,0.0,0.0
fig3_risk_compensation,955.0,0.4,0,-967.1204188481676,2,76,2.5,10191.0,2026742076,0.0,0.0
fig3_risk_compensation,787.0,0.4,0,-1033.5451080050825,2,77,2.5,8921.0,2026742077,0.0,0.0
fig3_risk_compensation,587.0,0.4,0,-1537.4787052810902,2,78,2.5,9612.0,2026742078,0.0,0.0
fig3_risk_compensation,899.0,0.4,0,-889.7664071190211,2,79,2.5,8898.0,2026742079,0.0,0.0
fig3_risk_compensation,863.0,0.4,0,-977.2885283893395,2,80,2.5,9297.0,2026742080,0.0,0.0
fig3_risk_compensation,817.0,0.4,0,-970.5018359853121,2,81,2.5,8746.0,2026742081,0.0,0.0
fig3_risk_compensation,712.0,0.4,0,-1214.4662921348315,2,82,2.5,9359.0,2026742082,0.0,0.0
fig3_risk_compensation,713.0,0.4,0,-1454.2776998597476,2,83,2.5,11082.0,2026742083,0.0,0.0
fig3_risk_compensation,1089.0,0.4,0,-1187.2359963269055,2,84,2.5,14018.0,2026742084,0.0,0.0
fig3_risk_compensation,907.0,0.4,0,-1323.0429988974638,2,85,2.5,12906.999999999998,2026742085,0.0,0.0
fig3_risk_compensation,995.0,0.4,0,-1179.7989949748744,2,86,2.5,12734.0,2026742086,0.0,0.0
fig3_risk_compensation,1088.0,0.4,0,-797.0588235294117,2,87,2.5,9760.0,2026742087,0.0,0.0
fig3_risk_compensation,1096.0,0.4,0,-761.1313868613139,2,88,2.5,9438.0,2026742088,0.0,0.0
fig3_risk_compensation,736.0,0.4,0,-1139.6739130434783,2,89,2.5,9124.0,2026742089,0.0,0.0
fig3_risk_compensation,807.0000000000001,0.4,0,-948.3271375464683,2,90,2.5,8460.0,2026742090,0.0,0.0
fig3_risk_compensation,590.0,0.4,0,-1784.406779661017,2,91,2.5,11118.0,2026742091,0.0,0.0
fig3_risk_compensation,874.0,0.4,0,-1427.4599542334097,2,92,2.5,13350.0,2026742092,0.0,0.0
fig3_risk_compensation,531.0,0.4,0,-2193.785310734463,2,93,2.5,12180.0,2026742093,0.0,0.0
fig3_risk_compensation,1107.0,0.4,0,-968.8346883468835,2,94,2.5,11832.0,2026742094,0.0,0.0
fig3_risk_compensation,1008.0,0.4,0,-1073.611111111111,2,95,2.5,11830.0,2026742095,0.0,0.0
fig3_risk_compensation,966.0,0.4,0,-1022.463768115942,2,96,2.5,10843.0,2026742096,0.0,0.0
fig3_risk_compensation,556.0,0.4,0,-1509.7122302158273,2,97,2.5,8950.0,2026742097,0.0,0.0
fig3_risk_compensation,1179.0,0.4,0,-1044.4444444444443,2,98,2.5,13493.0,2026742098,0.0,0.0
fig3_risk_compensation,756.0,0.4,0,-1304.8941798941798,2,99,2.5,10621.0,2026742099,0.0,0.0
