draw_id,scenario,mean_cases,mean_deaths,mean_doses,comparator_mean_deaths,deaths_averted_pct
3,no_vax_base_ops,1483.08,672.02,0.0,672.02,0.0
3,vax_base_ops,1081.72,476.98,7111.98,672.02,29.022945745662327
3,no_vax_enh_ops,265.08,120.3,0.0,672.02,82.09874706109937
3,vax_enh_ops,233.36,104.12,8023.44,672.02,84.50641349959822
3,incremental_ring_vax,233.36,104.12,8023.44,120.3,13.449709060681624
3,no_vax_ring1_base_ops,1888.78,856.06,0.0,672.02,-27.386089699711313
3,no_vax_ring1_enh_ops,325.56,147.3,0.0,856.06,82.79326215452188
3,ring1_vax_base_ops,1699.2,761.92,2252.5,856.06,10.996892741163002
3,ring1_vax_enh_ops,277.0,121.64,2461.78,856.06,85.79071560404645
3,comm_base_20,783.38,344.16,20000.0,672.02,48.78723847504538
3,comm_base_40,465.76,198.44,40000.0,672.02,70.47111693104372
3,comm_base_60,304.24,122.64,60000.0,672.02,81.75054313859707
3,comm_base_80,205.06,78.72,80000.0,672.02,88.2860629147942
5,no_vax_base_ops,1444.8,655.74,0.0,655.74,0.0
5,vax_base_ops,1153.86,507.34,7093.76,655.74,22.630920791777235
5,no_vax_enh_ops,287.86,131.24,0.0,655.74,79.98597004910482
5,vax_enh_ops,269.9,120.02,7938.16,655.74,81.69701406045078
5,incremental_ring_vax,269.9,120.02,7938.16,131.24,8.54922279792747
5,no_vax_ring1_base_ops,1892.24,860.76,0.0,655.74,-31.265440570958003
5,no_vax_ring1_enh_ops,393.36,180.08,0.0,860.76,79.07895348296854
5,ring1_vax_base_ops,1720.06,771.34,2472.0,860.76,10.388493889121238
5,ring1_vax_enh_ops,333.44,148.38,3283.8,860.76,82.7617454342674
5,comm_base_20,935.1,409.9,20000.0,655.74,37.49046878335926
5,comm_base_40,598.92,252.88,40000.0,655.74,61.43593497422759
5,comm_base_60,418.3,168.52,60000.0,655.74,74.30078994723519
5,comm_base_80,302.02,115.34,80000.0,655.74,82.41071156250953
4,no_vax_base_ops,1533.8,693.28,0.0,693.28,0.0
4,vax_base_ops,1134.36,500.54,7286.7,693.28,27.801177013616428
4,no_vax_enh_ops,331.46,151.52,0.0,693.28,78.14447265174245
4,vax_enh_ops,293.26,131.54,7977.38,693.28,81.02642510962382
4,incremental_ring_vax,293.26,131.54,7977.38,151.52,13.186378035902862
4,no_vax_ring1_base_ops,2030.62,919.4,0.0,693.28,-32.6159704592661
4,no_vax_ring1_enh_ops,475.98,216.22,0.0,919.4,76.48248857950837
4,ring1_vax_base_ops,1721.98,768.16,2308.38,919.4,16.449858603437026
4,ring1_vax_enh_ops,404.3,179.56,3147.66,919.4,80.46987165542744
4,comm_base_20,861.3,379.28,20000.0,693.28,45.29194553427187
4,comm_base_40,496.14,209.84,40000.0,693.28,69.7322870990076
4,comm_base_60,318.38,129.46,60000.0,693.28,81.32644818832217
4,comm_base_80,219.14,84.72,80000.0,693.28,87.77982921763211
2,no_vax_base_ops,1814.36,825.9,0.0,825.9,0.0
2,vax_base_ops,1454.32,642.92,6669.92,825.9,22.15522460346289
2,no_vax_enh_ops,321.38,145.88,0.0,825.9,82.33684465431651
2,vax_enh_ops,301.26,133.98,7897.98,825.9,83.77769705775518
2,incremental_ring_vax,301.26,133.98,7897.98,145.88,8.157389635316703
2,no_vax_ring1_base_ops,2423.94,1102.04,0.0,825.9,-33.435040561811356
2,no_vax_ring1_enh_ops,448.1,204.04,0.0,1102.04,81.48524554462634
2,ring1_vax_base_ops,2273.8,1025.4,1987.86,1102.04,6.954375521759634
2,ring1_vax_enh_ops,422.48,185.24,3154.44,1102.04,83.19117273420203
2,comm_base_20,1104.7,487.34,20000.0,825.9,40.992856277999756
2,comm_base_40,705.16,297.9,40000.0,825.9,63.93025790047221
2,comm_base_60,473.34,188.58,60000.0,825.9,77.16672720668362
2,comm_base_80,338.0,127.8,80000.0,825.9,84.52597166727207
1,no_vax_base_ops,1692.32,762.72,0.0,762.72,0.0
1,vax_base_ops,1284.18,562.08,7193.1,762.72,26.3058527375708
1,no_vax_enh_ops,317.12,141.46,0.0,762.72,81.45322005454163
1,vax_enh_ops,294.76,128.98,8054.9,762.72,83.08946926788336
1,incremental_ring_vax,294.76,128.98,8054.9,141.46,8.822281917149736
1,no_vax_ring1_base_ops,2237.12,1011.48,0.0,762.72,-32.61485210824418
1,no_vax_ring1_enh_ops,403.74,179.48,0.0,1011.48,82.25570451219994
1,ring1_vax_base_ops,2029.96,903.98,2600.74,1011.48,10.62799066714122
1,ring1_vax_enh_ops,369.32,159.48,3050.24,1011.48,84.23300510143552
1,comm_base_20,1030.18,448.36,20000.0,762.72,41.21564925529683
1,comm_base_40,668.6,277.6,40000.0,762.72,63.603943780155234
1,comm_base_60,449.58,177.94,60000.0,762.72,76.67033773861968
1,comm_base_80,323.9,121.02,80000.0,762.72,84.13310258023915
0,no_vax_base_ops,1635.5,744.4,0.0,744.4,0.0
0,vax_base_ops,1315.98,582.68,6852.58,744.4,21.724879097259542
0,no_vax_enh_ops,357.1,162.18,0.0,744.4,78.2133261687265
0,vax_enh_ops,327.78,146.08,7918.82,744.4,80.37614185921547
0,incremental_ring_vax,327.78,146.08,7918.82,162.18,9.927241336786283
0,no_vax_ring1_base_ops,2354.76,1071.56,0.0,744.4,-43.94948952176249
0,no_vax_ring1_enh_ops,588.56,268.12,0.0,1071.56,74.97853596625481
0,ring1_vax_base_ops,2144.38,963.94,2114.26,1071.56,10.043301355033773
0,ring1_vax_enh_ops,484.32,212.5,3712.0,1071.56,80.1690992571578
0,comm_base_20,939.32,414.04,20000.0,744.4,44.379365932294455
0,comm_base_40,571.94,242.38,40000.0,744.4,67.43954862976895
0,comm_base_60,351.1,140.48,60000.0,744.4,81.12842557764642
0,comm_base_80,249.22,93.18,80000.0,744.4,87.48253627082214
6,no_vax_base_ops,2427.3,1104.8,0.0,1104.8,0.0
6,vax_base_ops,1808.54,807.32,7308.32,1104.8,26.926140477914547
6,no_vax_enh_ops,453.38,204.56,0.0,1104.8,81.48443157132513
6,vax_enh_ops,412.22,182.74,7989.4,1104.8,83.45944967414917
6,incremental_ring_vax,412.22,182.74,7989.4,204.56,10.66679702776691
6,no_vax_ring1_base_ops,3618.18,1647.38,0.0,1104.8,-49.111151339608995
6,no_vax_ring1_enh_ops,787.02,357.9,0.0,1647.38,78.2745935971057
6,ring1_vax_base_ops,3143.08,1415.28,3101.5,1647.38,14.089038351807119
6,ring1_vax_enh_ops,656.82,289.0,5157.8,1647.38,82.45699231506998
6,comm_base_20,1233.42,548.16,20000.0,1104.8,50.38377986965967
6,comm_base_40,700.54,297.92,40000.0,1104.8,73.03403330919622
6,comm_base_60,428.7,172.54,60000.0,1104.8,84.38269370021723
6,comm_base_80,308.94,118.86,80000.0,1104.8,89.24149167270095
7,no_vax_base_ops,2291.7,1041.84,0.0,1041.84,0.0
7,vax_base_ops,1837.26,810.96,7275.54,1041.84,22.160792444137286
7,no_vax_enh_ops,460.34,209.9,0.0,1041.84,79.85295246870922
7,vax_enh_ops,419.5,188.46,7961.86,1041.84,81.91085003455424
7,incremental_ring_vax,419.5,188.46,7961.86,209.9,10.214387803716056
7,no_vax_ring1_base_ops,3366.66,1525.76,0.0,1041.84,-46.44859095446519
7,no_vax_ring1_enh_ops,756.54,342.64,0.0,1525.76,77.54299496644295
7,ring1_vax_base_ops,3021.74,1352.96,3355.98,1525.76,11.325503355704695
7,ring1_vax_enh_ops,669.28,296.44,5181.52,1525.76,80.57099412751678
7,comm_base_20,1378.24,605.22,20000.0,1041.84,41.90854641787605
7,comm_base_40,859.18,361.74,40000.0,1041.84,65.27873761806035
7,comm_base_60,589.12,236.6,60000.0,1041.84,77.29017891422866
7,comm_base_80,415.62,159.1,80000.0,1041.84,84.72894110420026
8,no_vax_base_ops,1776.12,807.52,0.0,807.52,0.0
8,vax_base_ops,1491.92,662.32,7012.22,807.52,17.980978799286696
8,no_vax_enh_ops,286.84,131.36,0.0,807.52,83.73291063998415
8,vax_enh_ops,261.98,117.9,8084.18,807.52,85.39974242124035
8,incremental_ring_vax,261.98,117.9,8084.18,131.36,10.246650426309385
8,no_vax_ring1_base_ops,2569.16,1166.88,0.0,807.52,-44.50168416881318
8,no_vax_ring1_enh_ops,349.88,158.9,0.0,1166.88,86.38249005896066
8,ring1_vax_base_ops,2339.2,1051.96,2256.58,1166.88,9.848484848484853
8,ring1_vax_enh_ops,303.06,133.78,2903.92,1166.88,88.5352392705334
8,comm_base_20,1067.46,472.34,20000.0,807.52,41.507331087774915
8,comm_base_40,650.36,276.98,40000.0,807.52,65.69992074499703
8,comm_base_60,414.74,167.46,60000.0,807.52,79.26243312859124
8,comm_base_80,296.5,113.2,80000.0,807.52,85.98177134931643
12,no_vax_base_ops,1518.14,690.04,0.0,690.04,0.0
12,vax_base_ops,1135.28,503.58,7061.72,690.04,27.021621934960287
12,no_vax_enh_ops,310.52,142.6,0.0,690.04,79.33453133151701
12,vax_enh_ops,269.12,121.64,7932.88,690.04,82.37203640368675
12,incremental_ring_vax,269.12,121.64,7932.88,142.6,14.6984572230014
12,no_vax_ring1_base_ops,1957.08,889.26,0.0,690.04,-28.870790099124694
12,no_vax_ring1_enh_ops,415.56,189.7,0.0,889.26,78.66765625351415
12,ring1_vax_base_ops,1737.1,779.14,2168.28,889.26,12.383329959741808
12,ring1_vax_enh_ops,346.72,153.68,2886.82,889.26,82.71821514517688
12,comm_base_20,790.82,349.64,20000.0,690.04,49.33047359573359
12,comm_base_40,440.66,188.08,40000.0,690.04,72.74360906614109
12,comm_base_60,280.12,114.96,60000.0,690.04,83.34009622630572
12,comm_base_80,200.82,78.4,80000.0,690.04,88.63833980638805
13,no_vax_base_ops,1439.12,655.56,0.0,655.56,0.0
13,vax_base_ops,1113.82,492.92,6954.14,655.56,24.809323326621506
13,no_vax_enh_ops,289.36,131.08,0.0,655.56,80.00488132283849
13,vax_enh_ops,258.68,114.72,7963.68,655.56,82.50045762401611
13,incremental_ring_vax,258.68,114.72,7963.68,131.08,12.480927677754053
13,no_vax_ring1_base_ops,1913.12,871.46,0.0,655.56,-32.93367502593204
13,no_vax_ring1_enh_ops,397.12,180.58,0.0,871.46,79.27845225254171
13,ring1_vax_base_ops,1691.64,761.36,1989.24,871.46,12.633970578110299
13,ring1_vax_enh_ops,324.14,142.0,2903.02,871.46,83.705505703073
13,comm_base_20,815.36,360.82,20000.0,655.56,44.96003416925987
13,comm_base_40,491.66,208.84,40000.0,655.56,68.14326682530965
13,comm_base_60,319.56,129.36,60000.0,655.56,80.26725242540728
13,comm_base_80,222.16,84.22,80000.0,655.56,87.15296845445116
11,no_vax_base_ops,1935.08,879.84,0.0,879.84,0.0
11,vax_base_ops,1519.3,670.28,6880.44,879.84,23.817966903073295
11,no_vax_enh_ops,309.58,138.96,0.0,879.84,84.20621931260229
11,vax_enh_ops,284.74,125.48,7960.94,879.84,85.73831605746498
11,incremental_ring_vax,284.74,125.48,7960.94,138.96,9.700633275762812
11,no_vax_ring1_base_ops,2617.32,1189.2,0.0,879.84,-35.16093835242771
11,no_vax_ring1_enh_ops,414.58,185.78,0.0,1189.2,84.37773292970064
11,ring1_vax_base_ops,2511.7,1129.32,2233.48,1189.2,5.035317860746729
11,ring1_vax_enh_ops,358.56,154.9,2829.66,1189.2,86.97443659603094
11,comm_base_20,1100.64,486.44,20000.0,879.84,44.71267503182396
11,comm_base_40,686.54,286.92,40000.0,879.84,67.38952536824878
11,comm_base_60,431.66,169.3,60000.0,879.84,80.7578650663757
11,comm_base_80,301.8,111.12,80000.0,879.84,87.37043098745227
9,no_vax_base_ops,1705.14,774.68,0.0,774.68,0.0
9,vax_base_ops,1361.64,602.58,7099.92,774.68,22.21562451592915
9,no_vax_enh_ops,336.16,152.96,0.0,774.68,80.25507306242577
9,vax_enh_ops,308.34,137.82,7979.5,774.68,82.20942840914958
9,incremental_ring_vax,308.34,137.82,7979.5,152.96,9.898012552301264
9,no_vax_ring1_base_ops,2400.02,1091.04,0.0,774.68,-40.83750709970569
9,no_vax_ring1_enh_ops,486.3,221.18,0.0,1091.04,79.72759935474409
9,ring1_vax_base_ops,2304.76,1033.3,2660.06,1091.04,5.2921982695409895
9,ring1_vax_enh_ops,426.04,187.58,3739.32,1091.04,82.80722979909076
9,comm_base_20,1146.54,505.3,20000.0,774.68,34.773067589198114
9,comm_base_40,790.3,336.58,40000.0,774.68,56.55238291939898
9,comm_base_60,545.5,221.06,60000.0,774.68,71.46434656890585
9,comm_base_80,393.32,152.02,80000.0,774.68,80.3764134868591
10,no_vax_base_ops,2068.28,935.26,0.0,935.26,0.0
10,vax_base_ops,1513.64,668.98,7418.74,935.26,28.47122725231486
10,no_vax_enh_ops,424.74,192.1,0.0,935.26,79.46025704082287
10,vax_enh_ops,390.72,174.9,8006.2,935.26,81.29931783675129
10,incremental_ring_vax,390.72,174.9,8006.2,192.1,8.95366996356064
10,no_vax_ring1_base_ops,2884.7,1303.82,0.0,935.26,-39.407223659730974
10,no_vax_ring1_enh_ops,736.12,333.04,0.0,1303.82,74.45659676949272
10,ring1_vax_base_ops,2576.58,1148.52,3027.88,1303.82,11.911153380067798
10,ring1_vax_enh_ops,628.38,276.52,5069.86,1303.82,78.79155098096363
10,comm_base_20,1136.24,498.4,20000.0,935.26,46.71000577379552
10,comm_base_40,678.74,285.12,40000.0,935.26,69.51435964330774
10,comm_base_60,444.76,178.1,60000.0,935.26,80.95716699099715
10,comm_base_80,312.88,119.34,80000.0,935.26,87.23991189615722
14,no_vax_base_ops,1559.94,707.34,0.0,707.34,0.0
14,vax_base_ops,1202.62,531.88,7158.14,707.34,24.80560974920124
14,no_vax_enh_ops,348.46,156.6,0.0,707.34,77.86071761811858
14,vax_enh_ops,317.76,140.18,8034.6,707.34,80.18209064947551
14,incremental_ring_vax,317.76,140.18,8034.6,156.6,10.485312899105994
14,no_vax_ring1_base_ops,1995.8,904.44,0.0,707.34,-27.8649588599542
14,no_vax_ring1_enh_ops,511.66,231.46,0.0,904.44,74.40847375171376
14,ring1_vax_base_ops,1832.18,820.3,2292.58,904.44,9.302994117907225
14,ring1_vax_enh_ops,442.16,193.82,3745.84,904.44,78.5701649639556
14,comm_base_20,956.82,419.68,20000.0,707.34,40.66785421438064
14,comm_base_40,619.94,262.82,40000.0,707.34,62.84389402550401
14,comm_base_60,428.2,171.48,60000.0,707.34,75.75706166765629
14,comm_base_80,307.04,115.7,80000.0,707.34,83.64294398733281
15,no_vax_base_ops,1989.62,906.9,0.0,906.9,0.0
15,vax_base_ops,1470.08,652.66,7451.06,906.9,28.03396184805381
15,no_vax_enh_ops,302.1,139.12,0.0,906.9,84.65983019075973
15,vax_enh_ops,282.46,128.48,8144.0,906.9,85.83305766898225
15,incremental_ring_vax,282.46,128.48,8144.0,139.12,7.648073605520423
15,no_vax_ring1_base_ops,2832.98,1291.72,0.0,906.9,-42.43246223398391
15,no_vax_ring1_enh_ops,385.36,177.58,0.0,1291.72,86.25243860898648
15,ring1_vax_base_ops,2382.38,1069.28,3410.72,1291.72,17.220450252376683
15,ring1_vax_enh_ops,339.64,151.84,3636.74,1291.72,88.2451305236429
15,comm_base_20,1132.84,501.54,20000.0,906.9,44.697320542507434
15,comm_base_40,684.98,293.0,40000.0,906.9,67.69213805270702
15,comm_base_60,444.62,182.28,60000.0,906.9,79.900760833609
15,comm_base_80,306.42,119.58,80000.0,906.9,86.81442275884883
16,no_vax_base_ops,1388.94,632.12,0.0,632.12,0.0
16,vax_base_ops,1123.28,497.42,6782.62,632.12,21.30924508004809
16,no_vax_enh_ops,274.38,123.06,0.0,632.12,80.5321774346643
16,vax_enh_ops,251.88,109.92,7901.86,632.12,82.61089666519017
16,incremental_ring_vax,251.88,109.92,7901.86,123.06,10.67771818625061
16,no_vax_ring1_base_ops,1807.42,820.74,0.0,632.12,-29.839271024489022
16,no_vax_ring1_enh_ops,348.36,156.22,0.0,820.74,80.9659575505032
16,ring1_vax_base_ops,1661.86,749.9,1680.3,820.74,8.631235226746599
16,ring1_vax_enh_ops,299.8,130.3,2298.2,820.74,84.12408314447937
16,comm_base_20,840.86,370.94,20000.0,632.12,41.31810415743846
16,comm_base_40,521.24,217.56,40000.0,632.12,65.58248433841676
16,comm_base_60,341.92,134.04,60000.0,632.12,78.79516547490984
16,comm_base_80,241.34,89.34,80000.0,632.12,85.86660760615074
17,no_vax_base_ops,1403.9,638.78,0.0,638.78,0.0
17,vax_base_ops,1130.7,501.34,7150.54,638.78,21.516014903409626
17,no_vax_enh_ops,324.74,146.76,0.0,638.78,77.02495381821598
17,vax_enh_ops,299.02,132.88,7988.16,638.78,79.19784589373494
17,incremental_ring_vax,299.02,132.88,7988.16,146.76,9.457617879531204
17,no_vax_ring1_base_ops,1763.36,801.04,0.0,638.78,-25.401546698393815
17,no_vax_ring1_enh_ops,452.5,203.54,0.0,801.04,74.59053230799961
17,ring1_vax_base_ops,1614.8,726.88,2028.26,801.04,9.257964645960248
17,ring1_vax_enh_ops,402.82,177.76,3094.92,801.04,77.80884849695396
17,comm_base_20,930.46,410.24,20000.0,638.78,35.777576004258115
17,comm_base_40,634.44,269.76,40000.0,638.78,57.769498105764114
17,comm_base_60,462.12,187.4,60000.0,638.78,70.66282601208555
17,comm_base_80,345.44,133.18,80000.0,638.78,79.150881367607
21,no_vax_base_ops,1774.9,800.3,0.0,800.3,0.0
21,vax_base_ops,1333.64,585.5,7311.04,800.3,26.83993502436586
21,no_vax_enh_ops,355.8,160.9,0.0,800.3,79.89503936023992
21,vax_enh_ops,316.32,140.6,8052.28,800.3,82.43158815444208
21,incremental_ring_vax,316.32,140.6,8052.28,160.9,12.616532007458055
21,no_vax_ring1_base_ops,2433.34,1099.06,0.0,800.3,-37.331000874672
21,no_vax_ring1_enh_ops,467.94,210.4,0.0,1099.06,80.85636816916275
21,ring1_vax_base_ops,2248.16,1005.64,2425.46,1099.06,8.499990901315666
21,ring1_vax_enh_ops,396.04,173.38,3547.6,1099.06,84.22470110821976
21,comm_base_20,949.34,416.9,20000.0,800.3,47.90703486192678
21,comm_base_40,552.48,232.78,40000.0,800.3,70.91340747219793
21,comm_base_60,371.22,149.84,60000.0,800.3,81.27702111708109
21,comm_base_80,267.68,102.34,80000.0,800.3,87.21229538922903
18,no_vax_base_ops,2575.56,1170.44,0.0,1170.44,0.0
18,vax_base_ops,1966.8,873.56,7197.74,1170.44,25.36482006766687
18,no_vax_enh_ops,500.84,226.3,0.0,1170.44,80.66539079320599
18,vax_enh_ops,463.2,206.14,7972.34,1170.44,82.3878199651413
18,incremental_ring_vax,463.2,206.14,7972.34,226.3,8.908528501988522
18,no_vax_ring1_base_ops,3807.0,1734.08,0.0,1170.44,-48.15624893202555
18,no_vax_ring1_enh_ops,908.5,411.12,0.0,1734.08,76.29175124561728
18,ring1_vax_base_ops,3331.4,1500.62,2674.52,1734.08,13.463046687580738
18,ring1_vax_enh_ops,772.6,340.18,5258.56,1734.08,80.38268130651412
18,comm_base_20,1291.86,571.06,20000.0,1170.44,51.20980144219269
18,comm_base_40,746.34,314.5,40000.0,1170.44,73.12976316598886
18,comm_base_60,497.64,200.82,60000.0,1170.44,82.84234988551314
18,comm_base_80,350.58,134.14,80000.0,1170.44,88.53935272205325
22,no_vax_base_ops,1888.08,858.74,0.0,858.74,0.0
22,vax_base_ops,1513.74,667.82,6970.48,858.74,22.232573305074872
22,no_vax_enh_ops,380.0,172.04,0.0,858.74,79.96599669282902
22,vax_enh_ops,348.64,154.96,7890.22,858.74,81.95495726296667
22,incremental_ring_vax,348.64,154.96,7890.22,172.04,9.927923738665418
22,no_vax_ring1_base_ops,2692.58,1223.26,0.0,858.74,-42.448238116309945
22,no_vax_ring1_enh_ops,676.62,309.74,0.0,1223.26,74.679136079002
22,ring1_vax_base_ops,2440.68,1095.42,2359.4,1223.26,10.450762716021117
22,ring1_vax_enh_ops,576.62,254.24,4249.7,1223.26,79.21619279629842
22,comm_base_20,1118.94,494.56,20000.0,858.74,42.40864522439853
22,comm_base_40,708.32,302.74,40000.0,858.74,64.74602324335655
22,comm_base_60,464.78,185.88,60000.0,858.74,78.35433309267066
22,comm_base_80,329.3,123.58,80000.0,858.74,85.60914828702518
19,no_vax_base_ops,3034.6,1371.14,0.0,1371.14,0.0
19,vax_base_ops,2307.6,1018.28,7233.32,1371.14,25.734790028735222
19,no_vax_enh_ops,385.04,175.8,0.0,1371.14,87.17855215368235
19,vax_enh_ops,352.54,158.02,8010.02,1371.14,88.47528334086965
19,incremental_ring_vax,352.54,158.02,8010.02,175.8,10.113765642775881
19,no_vax_ring1_base_ops,5215.5,2360.06,0.0,1371.14,-72.12392607611183
19,no_vax_ring1_enh_ops,591.04,267.7,0.0,2360.06,88.65706804064304
19,ring1_vax_base_ops,4546.46,2025.6,3933.66,2360.06,14.171673601518606
19,ring1_vax_enh_ops,544.16,240.02,4063.58,2360.06,89.82991957831581
19,comm_base_20,1621.7,709.48,20000.0,1371.14,48.256195574485474
19,comm_base_40,930.06,393.26,40000.0,1371.14,71.31875665504617
19,comm_base_60,604.02,241.44,60000.0,1371.14,82.39129483495485
19,comm_base_80,405.08,155.08,80000.0,1371.14,88.68970345843606
20,no_vax_base_ops,2643.96,1198.98,0.0,1198.98,0.0
20,vax_base_ops,2081.62,923.22,7529.1,1198.98,22.999549617174598
20,no_vax_enh_ops,369.38,167.02,0.0,1198.98,86.06982601878263
20,vax_enh_ops,353.22,157.64,8161.84,1198.98,86.8521576673506
20,incremental_ring_vax,353.22,157.64,8161.84,167.02,5.616093880972352
20,no_vax_ring1_base_ops,4173.96,1902.04,0.0,1198.98,-58.63817578274867
20,no_vax_ring1_enh_ops,512.7,232.86,0.0,1902.04,87.75735526066748
20,ring1_vax_base_ops,3670.4,1643.08,4190.8,1902.04,13.614855628693405
20,ring1_vax_enh_ops,455.94,201.62,4527.76,1902.04,89.39980231751173
20,comm_base_20,1568.92,691.4,20000.0,1198.98,42.33431750321107
20,comm_base_40,969.48,410.84,40000.0,1198.98,65.73420740963154
20,comm_base_60,661.94,268.08,60000.0,1198.98,77.64099484561879
20,comm_base_80,475.9,181.84,80000.0,1198.98,84.83377537573604
23,no_vax_base_ops,1975.76,890.76,0.0,890.76,0.0
23,vax_base_ops,1451.32,637.76,7072.78,890.76,28.402712290628227
23,no_vax_enh_ops,364.96,165.52,0.0,890.76,81.41811486820244
23,vax_enh_ops,327.2,145.9,7924.24,890.76,83.62072836678792
23,incremental_ring_vax,327.2,145.9,7924.24,165.52,11.853552440792656
23,no_vax_ring1_base_ops,2734.2,1237.96,0.0,890.76,-38.977951412277164
23,no_vax_ring1_enh_ops,580.08,262.52,0.0,1237.96,78.79414520663026
23,ring1_vax_base_ops,2451.98,1095.66,2772.46,1237.96,11.494717115254124
23,ring1_vax_enh_ops,493.54,217.36,3927.68,1237.96,82.44208213512553
23,comm_base_20,1041.28,456.54,20000.0,890.76,48.747137276033946
23,comm_base_40,590.78,249.66,40000.0,890.76,71.97224841708204
23,comm_base_60,373.22,151.28,60000.0,890.76,83.01674974179353
23,comm_base_80,253.62,96.2,80000.0,890.76,89.20023350846468
24,no_vax_base_ops,2561.64,1156.82,0.0,1156.82,0.0
24,vax_base_ops,1927.6,853.92,7252.06,1156.82,26.183848826956655
24,no_vax_enh_ops,378.52,171.82,0.0,1156.82,85.14721391400565
24,vax_enh_ops,350.24,156.46,8038.12,1156.82,86.47499178783215
24,incremental_ring_vax,350.24,156.46,8038.12,171.82,8.939587940868343
24,no_vax_ring1_base_ops,4234.58,1913.5,0.0,1156.82,-65.41034906035512
24,no_vax_ring1_enh_ops,621.92,280.92,0.0,1913.5,85.31904886333943
24,ring1_vax_base_ops,3635.98,1621.26,3728.2,1913.5,15.272537235432454
24,ring1_vax_enh_ops,527.32,230.94,5207.6,1913.5,87.93101646198066
24,comm_base_20,1243.98,549.38,20000.0,1156.82,52.50946560398333
24,comm_base_40,708.1,300.28,40000.0,1156.82,74.0426341176674
24,comm_base_60,419.84,170.22,60000.0,1156.82,85.28552410919589
24,comm_base_80,286.3,110.62,80000.0,1156.82,90.43757888003319
25,no_vax_base_ops,2677.3,1216.3,0.0,1216.3,0.0
25,vax_base_ops,2131.2,944.08,7036.16,1216.3,22.380991531694477
25,no_vax_enh_ops,329.92,149.16,0.0,1216.3,87.73657814683877
25,vax_enh_ops,297.04,132.04,8094.34,1216.3,89.14412562690126
25,incremental_ring_vax,297.04,132.04,8094.34,149.16,11.477607937784931
25,no_vax_ring1_base_ops,4117.6,1869.12,0.0,1216.3,-53.672613664392
25,no_vax_ring1_enh_ops,391.74,177.44,0.0,1869.12,90.50676254066083
25,ring1_vax_base_ops,3737.18,1679.2,3020.96,1869.12,10.160931347372019
25,ring1_vax_enh_ops,338.28,149.98,3164.54,1869.12,91.97590309878446
25,comm_base_20,1449.8,637.76,20000.0,1216.3,47.56556770533586
25,comm_base_40,881.94,370.74,40000.0,1216.3,69.51903313327304
25,comm_base_60,574.88,230.14,60000.0,1216.3,81.07868124640302
25,comm_base_80,420.6,157.7,80000.0,1216.3,87.03444873797582
28,no_vax_base_ops,1758.22,796.46,0.0,796.46,0.0
28,vax_base_ops,1383.1,608.38,7099.18,796.46,23.614494136554256
28,no_vax_enh_ops,275.56,125.98,0.0,796.46,84.1825075961128
28,vax_enh_ops,240.26,107.6,8107.8,796.46,86.49021922004871
28,incremental_ring_vax,240.26,107.6,8107.8,125.98,14.589617399587242
28,no_vax_ring1_base_ops,2425.84,1101.42,0.0,796.46,-38.28943073098461
28,no_vax_ring1_enh_ops,322.18,147.98,0.0,1101.42,86.56461658586188
28,ring1_vax_base_ops,2167.26,967.66,2657.06,1101.42,12.144322783316092
28,ring1_vax_enh_ops,265.92,116.6,2848.06,1101.42,89.41366599480669
28,comm_base_20,998.24,438.3,20000.0,796.46,44.968987770886166
28,comm_base_40,621.78,262.22,40000.0,796.46,67.07681490595887
28,comm_base_60,384.36,155.94,60000.0,796.46,80.42086231574717
28,comm_base_80,269.36,103.22,80000.0,796.46,87.04015267558948
30,no_vax_base_ops,1295.9,589.0,0.0,589.0,0.0
30,vax_base_ops,1106.0,489.44,6830.54,589.0,16.903225806451612
30,no_vax_enh_ops,300.9,137.26,0.0,589.0,76.69609507640068
30,vax_enh_ops,265.66,118.58,7975.76,589.0,79.86757215619694
30,incremental_ring_vax,265.66,118.58,7975.76,137.26,13.609208800815965
30,no_vax_ring1_base_ops,1579.46,719.6,0.0,589.0,-22.173174872665538
30,no_vax_ring1_enh_ops,377.94,172.68,0.0,719.6,76.00333518621457
30,ring1_vax_base_ops,1495.84,674.8,1654.74,719.6,6.22568093385215
30,ring1_vax_enh_ops,321.58,140.76,3071.66,719.6,80.4391328515842
30,comm_base_20,825.18,364.14,20000.0,589.0,38.17657045840407
30,comm_base_40,537.06,228.76,40000.0,589.0,61.16129032258065
30,comm_base_60,364.54,148.34,60000.0,589.0,74.81494057724957
30,comm_base_80,273.34,104.38,80000.0,589.0,82.27843803056027
26,no_vax_base_ops,2024.82,919.04,0.0,919.04,0.0
26,vax_base_ops,1673.74,739.9,7295.98,919.04,19.4920786908078
26,no_vax_enh_ops,328.16,149.16,0.0,919.04,83.77002089136491
26,vax_enh_ops,314.0,140.7,8019.88,919.04,84.6905466573816
26,incremental_ring_vax,314.0,140.7,8019.88,149.16,5.671761866452138
26,no_vax_ring1_base_ops,3046.9,1382.84,0.0,919.04,-50.465703342618376
26,no_vax_ring1_enh_ops,436.96,198.42,0.0,1382.84,85.65126840415377
26,ring1_vax_base_ops,2768.22,1237.96,2979.42,1382.84,10.476989384165913
26,ring1_vax_enh_ops,409.02,181.0,3045.78,1382.84,86.9109947643979
26,comm_base_20,1312.42,576.52,20000.0,919.04,37.26932451253482
26,comm_base_40,875.44,372.52,40000.0,919.04,59.46639972144847
26,comm_base_60,612.48,249.16,60000.0,919.04,72.88910167130919
26,comm_base_80,442.04,170.14,80000.0,919.04,81.48720403899722
27,no_vax_base_ops,2128.22,956.3,0.0,956.3,0.0
27,vax_base_ops,1612.66,709.6,7194.86,956.3,25.79734392972916
27,no_vax_enh_ops,398.76,177.7,0.0,956.3,81.41796507372162
27,vax_enh_ops,367.28,160.64,8018.5,956.3,83.20192408240092
27,incremental_ring_vax,367.28,160.64,8018.5,177.7,9.600450196961173
27,no_vax_ring1_base_ops,3111.1,1402.12,0.0,956.3,-46.619261737948335
27,no_vax_ring1_enh_ops,606.3,270.62,0.0,1402.12,80.69922688500272
27,ring1_vax_base_ops,2652.82,1178.3,2989.74,1402.12,15.962970359170395
27,ring1_vax_enh_ops,532.34,231.36,4429.74,1402.12,83.49927253016858
27,comm_base_20,1107.54,481.98,20000.0,956.3,49.59949806546062
27,comm_base_40,620.18,259.62,40000.0,956.3,72.8516156017986
27,comm_base_60,383.38,151.8,60000.0,956.3,84.12632019240824
27,comm_base_80,278.58,104.72,80000.0,956.3,89.04946146606714
31,no_vax_base_ops,1544.68,697.58,0.0,697.58,0.0
31,vax_base_ops,1217.18,534.96,7144.28,697.58,23.312021560251154
31,no_vax_enh_ops,286.86,127.56,0.0,697.58,81.71392528455517
31,vax_enh_ops,257.48,111.86,8027.44,697.58,83.9645632042203
31,incremental_ring_vax,257.48,111.86,8027.44,127.56,12.30793352148009
31,no_vax_ring1_base_ops,2063.3,929.12,0.0,697.58,-33.191891969379846
31,no_vax_ring1_enh_ops,385.14,173.46,0.0,929.12,81.33072154296539
31,ring1_vax_base_ops,1900.02,845.58,2647.24,929.12,8.991303599104524
31,ring1_vax_enh_ops,333.32,144.22,3008.56,929.12,84.47778543137592
31,comm_base_20,901.98,393.6,20000.0,697.58,43.5763640012615
31,comm_base_40,561.22,234.68,40000.0,697.58,66.35798044668711
31,comm_base_60,377.9,150.5,60000.0,697.58,78.42541357263684
31,comm_base_80,269.46,100.44,80000.0,697.58,85.60165142349265
29,no_vax_base_ops,2874.52,1307.18,0.0,1307.18,0.0
29,vax_base_ops,2249.56,997.74,7243.34,1307.18,23.672332808029502
29,no_vax_enh_ops,402.64,184.32,0.0,1307.18,85.89941706574459
29,vax_enh_ops,369.38,167.16,8116.12,1307.18,87.21216664881653
29,incremental_ring_vax,369.38,167.16,8116.12,184.32,9.30989583333333
29,no_vax_ring1_base_ops,4626.78,2101.28,0.0,1307.18,-60.74909346838233
29,no_vax_ring1_enh_ops,546.22,248.98,0.0,2101.28,88.15103175207493
29,ring1_vax_base_ops,4040.6,1811.94,3167.38,2101.28,13.769702276707536
29,ring1_vax_enh_ops,468.7,209.42,3912.12,2101.28,90.03369374857229
29,comm_base_20,1517.98,669.92,20000.0,1307.18,48.75074588044493
29,comm_base_40,924.16,393.04,40000.0,1307.18,69.9322205052097
29,comm_base_60,582.98,237.84,60000.0,1307.18,81.8051071772824
29,comm_base_80,410.28,158.56,80000.0,1307.18,87.8700714515216
32,no_vax_base_ops,1997.5,911.5,0.0,911.5,0.0
32,vax_base_ops,1527.82,679.8,6914.14,911.5,25.419637959407574
32,no_vax_enh_ops,335.06,154.26,0.0,911.5,83.07624794295118
32,vax_enh_ops,292.78,131.84,7953.5,911.5,85.53592978606692
32,incremental_ring_vax,292.78,131.84,7953.5,154.26,14.533903798781271
32,no_vax_ring1_base_ops,2833.02,1289.14,0.0,911.5,-41.43060888645091
32,no_vax_ring1_enh_ops,474.3,217.56,0.0,1289.14,83.12363280946988
32,ring1_vax_base_ops,2481.12,1115.48,2639.68,1289.14,13.470996167987966
32,ring1_vax_enh_ops,402.38,178.58,3477.24,1289.14,86.14735404998682
32,comm_base_20,1048.9,465.0,20000.0,911.5,48.985189248491494
32,comm_base_40,609.88,260.16,40000.0,911.5,71.45803620405924
32,comm_base_60,389.7,158.46,60000.0,911.5,82.6154690071311
32,comm_base_80,261.16,99.2,80000.0,911.5,89.11684037301151
34,no_vax_base_ops,1400.3,632.62,0.0,632.62,0.0
34,vax_base_ops,1062.94,469.94,7016.8,632.62,25.71527931459644
34,no_vax_enh_ops,277.16,123.34,0.0,632.62,80.50330372103316
34,vax_enh_ops,241.36,104.46,7997.26,632.62,83.48771774524991
34,incremental_ring_vax,241.36,104.46,7997.26,123.34,15.30728068753041
34,no_vax_ring1_base_ops,1894.2,855.02,0.0,632.62,-35.15538553950238
34,no_vax_ring1_enh_ops,358.44,160.8,0.0,855.02,81.19342237608477
34,ring1_vax_base_ops,1689.24,753.4,2035.58,855.02,11.885102102874788
34,ring1_vax_enh_ops,281.26,120.7,2961.96,855.02,85.88337114921289
34,comm_base_20,821.54,362.54,20000.0,632.62,42.69229553286333
34,comm_base_40,446.34,189.0,40000.0,632.62,70.12424520249122
34,comm_base_60,284.66,113.34,60000.0,632.62,82.08403148809712
34,comm_base_80,196.84,72.7,80000.0,632.62,88.50810913344503
33,no_vax_base_ops,1976.34,895.34,0.0,895.34,0.0
33,vax_base_ops,1485.44,656.56,7234.58,895.34,26.66919829338576
33,no_vax_enh_ops,404.02,183.22,0.0,895.34,79.5362655527509
33,vax_enh_ops,371.06,165.16,7980.74,895.34,81.55337637098755
33,incremental_ring_vax,371.06,165.16,7980.74,183.22,9.857002510642944
33,no_vax_ring1_base_ops,2619.06,1185.94,0.0,895.34,-32.45694373087319
33,no_vax_ring1_enh_ops,632.86,287.24,0.0,1185.94,75.77955039883973
33,ring1_vax_base_ops,2319.54,1034.28,2821.06,1185.94,12.788168035482407
33,ring1_vax_enh_ops,558.78,245.88,5278.7,1185.94,79.26707927888425
33,comm_base_20,1044.7,460.5,20000.0,895.34,48.567024817387804
33,comm_base_40,624.6,263.92,40000.0,895.34,70.52292983671008
33,comm_base_60,410.54,166.14,60000.0,895.34,81.44392074519176
33,comm_base_80,288.1,109.56,80000.0,895.34,87.76330779368732
35,no_vax_base_ops,1780.62,811.78,0.0,811.78,0.0
35,vax_base_ops,1425.92,633.36,6829.42,811.78,21.97886126783118
35,no_vax_enh_ops,308.02,140.78,0.0,811.78,82.65786296779916
35,vax_enh_ops,276.98,124.64,7999.62,811.78,84.64608637808273
35,incremental_ring_vax,276.98,124.64,7999.62,140.78,11.46469668987072
35,no_vax_ring1_base_ops,2323.64,1057.46,0.0,811.78,-30.264357338195087
35,no_vax_ring1_enh_ops,411.86,189.04,0.0,1057.46,82.12320087757456
35,ring1_vax_base_ops,2133.66,962.04,1964.52,1057.46,9.023509163467182
35,ring1_vax_enh_ops,355.16,157.88,3317.08,1057.46,85.06988444007338
35,comm_base_20,1059.28,466.24,20000.0,811.78,42.565719776294074
35,comm_base_40,611.04,259.84,40000.0,811.78,67.99132769962306
35,comm_base_60,421.56,171.98,60000.0,811.78,78.81445711892384
35,comm_base_80,287.82,108.86,80000.0,811.78,86.58996279780236
36,no_vax_base_ops,1738.66,790.94,0.0,790.94,0.0
36,vax_base_ops,1257.74,557.46,7238.74,790.94,29.519306142058813
36,no_vax_enh_ops,325.1,147.28,0.0,790.94,81.37911851720737
36,vax_enh_ops,279.34,124.06,8076.64,790.94,84.31486585581715
36,incremental_ring_vax,279.34,124.06,8076.64,147.28,15.765888104291147
36,no_vax_ring1_base_ops,2223.36,1012.1,0.0,790.94,-27.96166586593167
36,no_vax_ring1_enh_ops,441.02,198.84,0.0,1012.1,80.35371998814347
36,ring1_vax_base_ops,2034.7,912.26,2450.56,1012.1,9.864637881632254
36,ring1_vax_enh_ops,345.34,150.32,3386.08,1012.1,85.14771267661298
36,comm_base_20,925.44,408.38,20000.0,790.94,48.36776493792197
36,comm_base_40,524.08,221.22,40000.0,790.94,72.03074822363263
36,comm_base_60,329.36,133.04,60000.0,790.94,83.17950792727642
36,comm_base_80,232.38,88.64,80000.0,790.94,88.79308164968265
37,no_vax_base_ops,1582.44,720.0,0.0,720.0,0.0
37,vax_base_ops,1270.3,560.5,7277.86,720.0,22.15277777777778
37,no_vax_enh_ops,290.26,130.28,0.0,720.0,81.90555555555555
37,vax_enh_ops,271.74,120.18,8055.92,720.0,83.30833333333332
37,incremental_ring_vax,271.74,120.18,8055.92,130.28,7.752533005833585
37,no_vax_ring1_base_ops,2117.84,960.64,0.0,720.0,-33.422222222222224
37,no_vax_ring1_enh_ops,394.16,177.86,0.0,960.64,81.48525982678214
37,ring1_vax_base_ops,1864.88,835.22,3012.92,960.64,13.055879413724181
37,ring1_vax_enh_ops,347.96,151.86,3849.44,960.64,84.19178880746169
37,comm_base_20,978.28,428.32,20000.0,720.0,40.51111111111111
37,comm_base_40,643.88,272.66,40000.0,720.0,62.13055555555555
37,comm_base_60,431.96,173.04,60000.0,720.0,75.96666666666667
37,comm_base_80,311.88,117.74,80000.0,720.0,83.64722222222223
38,no_vax_base_ops,2042.8,925.28,0.0,925.28,0.0
38,vax_base_ops,1608.4,708.9,7192.66,925.28,23.385353622687187
38,no_vax_enh_ops,320.22,144.58,0.0,925.28,84.37445962303303
38,vax_enh_ops,295.48,131.44,7982.1,925.28,85.79457029223585
38,incremental_ring_vax,295.48,131.44,7982.1,144.58,9.08839396873704
38,no_vax_ring1_base_ops,2978.24,1349.26,0.0,925.28,-45.82180529137126
38,no_vax_ring1_enh_ops,429.4,193.36,0.0,1349.26,85.6691816254836
38,ring1_vax_base_ops,2639.76,1180.12,3139.24,1349.26,12.53576034270638
38,ring1_vax_enh_ops,369.02,162.48,2907.96,1349.26,87.95784355869144
38,comm_base_20,1184.3,520.02,20000.0,925.28,43.798633927027495
38,comm_base_40,737.3,309.4,40000.0,925.28,66.56147328376275
38,comm_base_60,487.18,194.12,60000.0,925.28,79.02040463427286
38,comm_base_80,339.8,127.08,80000.0,925.28,86.26577900743558
39,no_vax_base_ops,1353.1,617.46,0.0,617.46,0.0
39,vax_base_ops,996.18,442.16,7341.12,617.46,28.39050302853626
39,no_vax_enh_ops,289.9,132.86,0.0,617.46,78.48281670067696
39,vax_enh_ops,260.72,116.52,8002.62,617.46,81.12914196871053
39,incremental_ring_vax,260.72,116.52,8002.62,132.86,12.298660243865736
39,no_vax_ring1_base_ops,1728.94,788.38,0.0,617.46,-27.68114533734978
39,no_vax_ring1_enh_ops,387.28,176.24,0.0,788.38,77.6452979527639
39,ring1_vax_base_ops,1501.34,675.42,2487.32,788.38,14.328115883203536
39,ring1_vax_enh_ops,319.88,141.06,3020.28,788.38,82.1076130799868
39,comm_base_20,714.7,316.56,20000.0,617.46,48.7319016616461
39,comm_base_40,444.02,189.02,40000.0,617.46,69.38749068765588
39,comm_base_60,284.98,117.22,60000.0,617.46,81.0157743011693
39,comm_base_80,207.8,79.64,80000.0,617.46,87.10199851002494
40,no_vax_base_ops,1901.12,858.48,0.0,858.48,0.0
40,vax_base_ops,1424.34,628.58,7012.98,858.48,26.77989003820706
40,no_vax_enh_ops,334.78,152.34,0.0,858.48,82.25468269499581
40,vax_enh_ops,296.14,132.72,7951.94,858.48,84.54011741682974
40,incremental_ring_vax,296.14,132.72,7951.94,152.34,12.87908625443088
40,no_vax_ring1_base_ops,2622.5,1187.38,0.0,858.48,-38.31190010250676
40,no_vax_ring1_enh_ops,475.08,215.78,0.0,1187.38,81.82721622395526
40,ring1_vax_base_ops,2265.68,1014.74,2433.64,1187.38,14.539574525425735
40,ring1_vax_enh_ops,396.74,175.98,2932.16,1187.38,85.17913389142483
40,comm_base_20,964.9,424.86,20000.0,858.48,50.51020408163265
40,comm_base_40,562.66,238.86,40000.0,858.48,72.17640480849875
40,comm_base_60,350.84,142.48,60000.0,858.48,83.40322430341999
40,comm_base_80,246.12,95.14,80000.0,858.48,88.91762184325785
44,no_vax_base_ops,1200.96,542.28,0.0,542.28,0.0
44,vax_base_ops,933.88,409.26,6934.54,542.28,24.529763221951757
44,no_vax_enh_ops,289.36,130.14,0.0,542.28,76.00132772737332
44,vax_enh_ops,261.04,114.68,7952.44,542.28,78.85225344840305
44,incremental_ring_vax,261.04,114.68,7952.44,130.14,11.87951436914091
44,no_vax_ring1_base_ops,1478.9,667.08,0.0,542.28,-23.0139411374198
44,no_vax_ring1_enh_ops,376.26,168.82,0.0,667.08,74.69269053187024
44,ring1_vax_base_ops,1313.3,587.24,1790.96,667.08,11.968579480721957
44,ring1_vax_enh_ops,322.92,139.96,3061.24,667.08,79.01900821490675
44,comm_base_20,693.54,303.26,20000.0,542.28,44.076860662388434
44,comm_base_40,437.52,182.64,40000.0,542.28,66.31998229696836
44,comm_base_60,292.48,116.34,60000.0,542.28,78.5461385262226
44,comm_base_80,211.36,79.04,80000.0,542.28,85.42450394630079
41,no_vax_base_ops,1460.36,660.96,0.0,660.96,0.0
41,vax_base_ops,1190.2,523.34,7197.76,660.96,20.821229726458483
41,no_vax_enh_ops,364.58,164.62,0.0,660.96,75.09380295328008
41,vax_enh_ops,326.86,144.56,7959.32,660.96,78.1287823771484
41,incremental_ring_vax,326.86,144.56,7959.32,164.62,12.185639654962946
41,no_vax_ring1_base_ops,1855.54,841.18,0.0,660.96,-27.266400387315407
41,no_vax_ring1_enh_ops,552.48,249.24,0.0,841.18,70.37019425093321
41,ring1_vax_base_ops,1735.54,773.82,2551.32,841.18,8.007798568677323
41,ring1_vax_enh_ops,484.06,211.9,4626.04,841.18,74.8091966047695
41,comm_base_20,966.0,422.94,20000.0,660.96,36.011256354393616
41,comm_base_40,663.58,279.48,40000.0,660.96,57.716049382716044
41,comm_base_60,457.8,184.3,60000.0,660.96,72.1163156620673
41,comm_base_80,334.86,128.2,80000.0,660.96,80.60396998305495
42,no_vax_base_ops,1509.68,687.18,0.0,687.18,0.0
42,vax_base_ops,1203.66,534.5,7025.44,687.18,22.218341628103257
42,no_vax_enh_ops,385.24,174.66,0.0,687.18,74.58307866934429
42,vax_enh_ops,352.12,156.3,7814.72,687.18,77.25486772024796
42,incremental_ring_vax,352.12,156.3,7814.72,174.66,10.511851597389207
42,no_vax_ring1_base_ops,1916.26,873.04,0.0,687.18,-27.046770860618764
42,no_vax_ring1_enh_ops,650.18,295.84,0.0,873.04,66.11380921836343
42,ring1_vax_base_ops,1742.98,782.14,2250.06,873.04,10.411894071291119
42,ring1_vax_enh_ops,572.48,252.9,4116.96,873.04,71.0322551085861
42,comm_base_20,963.82,424.64,20000.0,687.18,38.205419249687125
42,comm_base_40,626.56,263.66,40000.0,687.18,61.631595797316564
42,comm_base_60,425.28,171.88,60000.0,687.18,74.98763060624582
42,comm_base_80,306.4,115.58,80000.0,687.18,83.18053493989929
43,no_vax_base_ops,1984.4,897.44,0.0,897.44,0.0
43,vax_base_ops,1452.46,641.7,7393.74,897.44,28.496612586913887
43,no_vax_enh_ops,398.3,179.4,0.0,897.44,80.00980566945981
43,vax_enh_ops,364.0,160.92,8084.94,897.44,82.06899625601713
43,incremental_ring_vax,364.0,160.92,8084.94,179.4,10.301003344481614
43,no_vax_ring1_base_ops,2781.56,1257.24,0.0,897.44,-40.09181672312354
43,no_vax_ring1_enh_ops,605.98,274.4,0.0,1257.24,78.17441379529764
43,ring1_vax_base_ops,2396.7,1068.82,2870.3,1257.24,14.986796474817861
43,ring1_vax_enh_ops,508.84,222.94,4199.62,1257.24,82.26750660176259
43,comm_base_20,1048.44,461.14,20000.0,897.44,48.61606346942415
43,comm_base_40,621.48,261.98,40000.0,897.44,70.80807630593688
43,comm_base_60,411.3,164.24,60000.0,897.44,81.69905509003387
43,comm_base_80,294.38,110.1,80000.0,897.44,87.73177036904974
45,no_vax_base_ops,1851.02,842.06,0.0,842.06,0.0
45,vax_base_ops,1407.36,623.72,7296.54,842.06,25.92926869819252
45,no_vax_enh_ops,294.66,135.02,0.0,842.06,83.96551314633162
45,vax_enh_ops,274.72,124.52,8040.36,842.06,85.21245516946536
45,incremental_ring_vax,274.72,124.52,8040.36,135.02,7.776625685083701
45,no_vax_ring1_base_ops,2475.04,1126.6,0.0,842.06,-33.79094126309289
45,no_vax_ring1_enh_ops,394.34,179.2,0.0,1126.6,84.09373335700337
45,ring1_vax_base_ops,2229.36,1003.16,2906.74,1126.6,10.956861352742761
45,ring1_vax_enh_ops,355.48,157.8,3039.64,1126.6,85.99325403870053
45,comm_base_20,1046.86,463.02,20000.0,842.06,45.01341947129659
45,comm_base_40,648.56,274.26,40000.0,842.06,67.42987435574662
45,comm_base_60,446.98,180.94,60000.0,842.06,78.5122200318267
45,comm_base_80,319.82,121.92,80000.0,842.06,85.5212217656699
47,no_vax_base_ops,1617.48,737.38,0.0,737.38,0.0
47,vax_base_ops,1339.26,593.6,6908.4,737.38,19.498765900892344
47,no_vax_enh_ops,354.96,163.64,0.0,737.38,77.80791450812336
47,vax_enh_ops,330.64,149.86,7868.48,737.38,79.67669315685264
47,incremental_ring_vax,330.64,149.86,7868.48,163.64,8.420923979467107
47,no_vax_ring1_base_ops,2119.76,966.4,0.0,737.38,-31.058612926849115
47,no_vax_ring1_enh_ops,575.34,263.96,0.0,966.4,72.6862582781457
47,ring1_vax_base_ops,2024.66,914.42,2214.02,966.4,5.378725165562916
47,ring1_vax_enh_ops,501.6,223.2,3837.24,966.4,76.90397350993378
47,comm_base_20,1089.78,480.42,20000.0,737.38,34.84770403319862
47,comm_base_40,775.12,329.4,40000.0,737.38,55.328324608749895
47,comm_base_60,519.92,213.1,60000.0,737.38,71.10038243510809
47,comm_base_80,387.76,151.1,80000.0,737.38,79.50853020152432
46,no_vax_base_ops,2548.98,1158.4,0.0,1158.4,0.0
46,vax_base_ops,1913.86,847.36,7169.26,1158.4,26.850828729281773
46,no_vax_enh_ops,408.06,185.26,0.0,1158.4,84.00725138121548
46,vax_enh_ops,371.32,167.06,7978.7,1158.4,85.57838397790056
46,incremental_ring_vax,371.32,167.06,7978.7,185.26,9.824031091439053
46,no_vax_ring1_base_ops,3981.52,1808.68,0.0,1158.4,-56.136049723756905
46,no_vax_ring1_enh_ops,678.42,309.48,0.0,1808.68,82.88917884866311
46,ring1_vax_base_ops,3446.08,1543.48,3547.9,1808.68,14.662626888117302
46,ring1_vax_enh_ops,608.78,270.54,4886.08,1808.68,85.04213017228034
46,comm_base_20,1331.3,587.44,20000.0,1158.4,49.28867403314917
46,comm_base_40,744.44,315.58,40000.0,1158.4,72.75725138121548
46,comm_base_60,475.66,192.76,60000.0,1158.4,83.35980662983427
46,comm_base_80,318.54,122.96,80000.0,1158.4,89.38535911602209
49,no_vax_base_ops,1685.54,766.84,0.0,766.84,0.0
49,vax_base_ops,1311.78,582.38,7322.74,766.84,24.054561577382508
49,no_vax_enh_ops,285.74,129.6,0.0,766.84,83.09947316258932
49,vax_enh_ops,265.26,117.96,8049.74,766.84,84.61739085076417
49,incremental_ring_vax,265.26,117.96,8049.74,129.6,8.981481481481483
49,no_vax_ring1_base_ops,2285.9,1039.44,0.0,766.84,-35.54848469041782
49,no_vax_ring1_enh_ops,372.24,169.26,0.0,1039.44,83.7162318171323
49,ring1_vax_base_ops,2074.88,929.42,2967.82,1039.44,10.584545524513208
49,ring1_vax_enh_ops,324.58,142.72,3349.56,1039.44,86.26952974678673
49,comm_base_20,1009.7,445.72,20000.0,766.84,41.87574983047311
49,comm_base_40,642.08,270.94,40000.0,766.84,64.66798810703666
49,comm_base_60,421.5,169.9,60000.0,766.84,77.84413958583278
49,comm_base_80,304.28,115.62,80000.0,766.84,84.9225392519952
48,no_vax_base_ops,2361.92,1070.84,0.0,1070.84,0.0
48,vax_base_ops,1744.96,773.74,7344.14,1070.84,27.74457435284449
48,no_vax_enh_ops,323.98,147.56,0.0,1070.84,86.22016360987637
48,vax_enh_ops,297.68,133.38,8139.94,1070.84,87.5443577004968
48,incremental_ring_vax,297.68,133.38,8139.94,147.56,9.609650311737603
48,no_vax_ring1_base_ops,3258.78,1476.58,0.0,1070.84,-37.88988084120877
48,no_vax_ring1_enh_ops,400.54,181.44,0.0,1476.58,87.71214563382952
48,ring1_vax_base_ops,2883.52,1288.76,3092.5,1476.58,12.719933901312489
48,ring1_vax_enh_ops,348.58,153.86,2953.24,1476.58,89.5799753484403
48,comm_base_20,1381.4,608.36,20000.0,1070.84,43.188524896343054
48,comm_base_40,851.1,359.16,40000.0,1070.84,66.45997534645697
48,comm_base_60,586.86,237.56,60000.0,1070.84,77.81554667363939
48,comm_base_80,415.68,160.9,80000.0,1070.84,84.97441261066079
51,no_vax_base_ops,1751.46,799.2,0.0,799.2,0.0
51,vax_base_ops,1328.36,592.14,7219.86,799.2,25.908408408408416
51,no_vax_enh_ops,272.5,125.22,0.0,799.2,84.33183183183182
51,vax_enh_ops,250.7,114.0,8096.86,799.2,85.73573573573573
51,incremental_ring_vax,250.7,114.0,8096.86,125.22,8.960229995208433
51,no_vax_ring1_base_ops,2248.3,1024.5,0.0,799.2,-28.190690690690683
51,no_vax_ring1_enh_ops,333.78,153.06,0.0,1024.5,85.06002928257686
51,ring1_vax_base_ops,1958.18,879.32,2738.62,1024.5,14.170815031722785
51,ring1_vax_enh_ops,275.16,123.04,2611.64,1024.5,87.99023914104441
51,comm_base_20,932.6,415.12,20000.0,799.2,48.058058058058066
51,comm_base_40,570.42,243.54,40000.0,799.2,69.52702702702703
51,comm_base_60,364.48,149.56,60000.0,799.2,81.28628628628628
51,comm_base_80,255.98,98.04,80000.0,799.2,87.73273273273274
53,no_vax_base_ops,1741.86,793.94,0.0,793.94,0.0
53,vax_base_ops,1460.58,649.74,6963.1,793.94,18.16258155528126
53,no_vax_enh_ops,398.88,180.64,0.0,793.94,77.24765095599165
53,vax_enh_ops,364.96,161.46,8002.46,793.94,79.66345063858729
53,incremental_ring_vax,364.96,161.46,8002.46,180.64,10.61780336581044
53,no_vax_ring1_base_ops,2384.0,1087.46,0.0,793.94,-36.97004811446708
53,no_vax_ring1_enh_ops,627.16,284.0,0.0,1087.46,73.88409688632225
53,ring1_vax_base_ops,2249.32,1016.3,2188.02,1087.46,6.54368896327222
53,ring1_vax_enh_ops,522.4,229.98,4254.74,1087.46,78.85163592224082
53,comm_base_20,1067.44,470.3,20000.0,793.94,40.76378567649949
53,comm_base_40,673.22,284.72,40000.0,793.94,64.1383479859939
53,comm_base_60,471.82,188.32,60000.0,793.94,76.28032345013479
53,comm_base_80,337.66,126.44,80000.0,793.94,84.07436330201274
52,no_vax_base_ops,2203.44,1000.96,0.0,1000.96,0.0
52,vax_base_ops,1732.48,770.3,7041.82,1000.96,23.043877877237858
52,no_vax_enh_ops,346.22,158.24,0.0,1000.96,84.19117647058823
52,vax_enh_ops,305.56,137.32,7993.4,1000.96,86.28117007672635
52,incremental_ring_vax,305.56,137.32,7993.4,158.24,13.22042467138525
52,no_vax_ring1_base_ops,3272.08,1483.34,0.0,1000.96,-48.19173593350382
52,no_vax_ring1_enh_ops,456.98,208.12,0.0,1483.34,85.96950126066848
52,ring1_vax_base_ops,3004.02,1345.84,2696.16,1483.34,9.269621260129169
52,ring1_vax_enh_ops,386.92,170.34,3058.72,1483.34,88.51645610581527
52,comm_base_20,1214.92,536.82,20000.0,1000.96,46.369485294117645
52,comm_base_40,679.88,288.58,40000.0,1000.96,71.16967710997443
52,comm_base_60,414.58,168.26,60000.0,1000.96,83.19013746803068
52,comm_base_80,291.9,111.64,80000.0,1000.96,88.84670716112532
50,no_vax_base_ops,2496.14,1132.38,0.0,1132.38,0.0
50,vax_base_ops,1885.26,830.32,7476.44,1132.38,26.6747911478479
50,no_vax_enh_ops,430.2,194.24,0.0,1132.38,82.84674755824017
50,vax_enh_ops,397.26,176.32,8074.24,1132.38,84.42925519701868
50,incremental_ring_vax,397.26,176.32,8074.24,194.24,9.225700164744653
50,no_vax_ring1_base_ops,3828.22,1738.4,0.0,1132.38,-53.51737049400378
50,no_vax_ring1_enh_ops,701.3,316.76,0.0,1738.4,81.77864703175334
50,ring1_vax_base_ops,3412.0,1522.14,3781.74,1738.4,12.440174873446846
50,ring1_vax_enh_ops,611.88,268.78,5487.22,1738.4,84.53865623561896
50,comm_base_20,1496.8,655.44,20000.0,1132.38,42.11837015842738
50,comm_base_40,890.66,372.7,40000.0,1132.38,67.0870202582172
50,comm_base_60,583.48,234.2,60000.0,1132.38,79.31789681908899
50,comm_base_80,417.16,158.96,80000.0,1132.38,85.96230947208534
54,no_vax_base_ops,1604.44,726.8,0.0,726.8,0.0
54,vax_base_ops,1378.42,607.84,7050.54,726.8,16.367638965327455
54,no_vax_enh_ops,386.62,173.9,0.0,726.8,76.07319757842598
54,vax_enh_ops,338.74,150.72,7986.36,726.8,79.26252063841497
54,incremental_ring_vax,338.74,150.72,7986.36,173.9,13.329499712478441
54,no_vax_ring1_base_ops,2255.06,1022.32,0.0,726.8,-40.66042927903139
54,no_vax_ring1_enh_ops,557.7,251.22,0.0,1022.32,75.42648094530088
54,ring1_vax_base_ops,2074.88,932.24,2047.7,1022.32,8.811331090069649
54,ring1_vax_enh_ops,493.22,215.52,4193.46,1022.32,78.91853822677831
54,comm_base_20,1088.26,477.2,20000.0,726.8,34.34232250963126
54,comm_base_40,742.68,310.9,40000.0,726.8,57.22344523940562
54,comm_base_60,538.72,216.24,60000.0,726.8,70.24766097963676
54,comm_base_80,396.42,152.66,80000.0,726.8,78.9955971381398
55,no_vax_base_ops,1904.94,864.38,0.0,864.38,0.0
55,vax_base_ops,1584.3,701.8,7128.8,864.38,18.808857215576488
55,no_vax_enh_ops,388.9,174.2,0.0,864.38,79.84682662717786
55,vax_enh_ops,367.26,162.64,8022.96,864.38,81.1842013929059
55,incremental_ring_vax,367.26,162.64,8022.96,174.2,6.636050516647534
55,no_vax_ring1_base_ops,2721.74,1231.84,0.0,864.38,-42.51139545107475
55,no_vax_ring1_enh_ops,603.28,272.76,0.0,1231.84,77.85751396285232
55,ring1_vax_base_ops,2480.08,1110.54,2469.56,1231.84,9.847058059488242
55,ring1_vax_enh_ops,566.0,249.1,4688.38,1231.84,79.77821795038317
55,comm_base_20,1201.32,528.62,20000.0,864.38,38.844026932599085
55,comm_base_40,771.54,327.02,40000.0,864.38,62.16710243180083
55,comm_base_60,533.0,214.34,60000.0,864.38,75.20303570189037
55,comm_base_80,380.48,144.9,80000.0,864.38,83.23653948494875
58,no_vax_base_ops,1211.24,546.22,0.0,546.22,0.0
58,vax_base_ops,967.46,423.64,6978.14,546.22,22.44150708505731
58,no_vax_enh_ops,250.56,112.06,0.0,546.22,79.48445681227344
58,vax_enh_ops,222.96,97.56,7936.42,546.22,82.13906484566658
58,incremental_ring_vax,222.96,97.56,7936.42,112.06,12.939496698197393
58,no_vax_ring1_base_ops,1482.92,671.62,0.0,546.22,-22.95778257844824
58,no_vax_ring1_enh_ops,302.78,134.94,0.0,671.62,79.90828146868766
58,ring1_vax_base_ops,1350.86,604.64,1860.14,671.62,9.972901343021354
58,ring1_vax_enh_ops,246.14,106.7,1918.46,671.62,84.11304011196806
58,comm_base_20,722.98,314.5,20000.0,546.22,42.422467137783315
58,comm_base_40,453.12,188.56,40000.0,546.22,65.47911098092344
58,comm_base_60,300.64,118.38,60000.0,546.22,78.32741386254622
58,comm_base_80,211.1,78.72,80000.0,546.22,85.5882245249167
56,no_vax_base_ops,1446.54,655.58,0.0,655.58,0.0
56,vax_base_ops,1066.14,470.72,7237.3,655.58,28.197931602550412
56,no_vax_enh_ops,294.86,134.26,0.0,655.58,79.52042466213125
56,vax_enh_ops,253.52,113.28,8080.88,655.58,82.72064431495775
56,incremental_ring_vax,253.52,113.28,8080.88,134.26,15.626396544019062
56,no_vax_ring1_base_ops,1838.18,831.84,0.0,655.58,-26.886116110924675
56,no_vax_ring1_enh_ops,375.82,172.06,0.0,831.84,79.31573379496056
56,ring1_vax_base_ops,1592.18,710.82,2422.1,831.84,14.548470859780725
56,ring1_vax_enh_ops,311.04,136.6,3019.32,831.84,83.578572802462
56,comm_base_20,778.56,342.88,20000.0,655.58,47.698221422252054
56,comm_base_40,490.26,207.44,40000.0,655.58,68.35779004850667
56,comm_base_60,309.18,124.88,60000.0,655.58,80.95121876811373
56,comm_base_80,226.24,86.42,80000.0,655.58,86.81777967601208
57,no_vax_base_ops,1856.3,840.86,0.0,840.86,0.0
57,vax_base_ops,1484.36,655.18,6876.48,840.86,22.082153985205633
57,no_vax_enh_ops,340.4,153.38,0.0,840.86,81.75915134505149
57,vax_enh_ops,314.38,139.14,7886.52,840.86,83.45265561448993
57,incremental_ring_vax,314.38,139.14,7886.52,153.38,9.284130916677539
57,no_vax_ring1_base_ops,2594.24,1175.18,0.0,840.86,-39.759294056085444
57,no_vax_ring1_enh_ops,543.96,245.16,0.0,1175.18,79.13851495090114
57,ring1_vax_base_ops,2443.72,1090.26,2696.64,1175.18,7.226127061386347
57,ring1_vax_enh_ops,457.58,198.26,4449.46,1175.18,83.12939294405963
57,comm_base_20,1104.78,485.3,20000.0,840.86,42.28527935684894
57,comm_base_40,684.4,285.48,40000.0,840.86,66.04904502533121
57,comm_base_60,439.04,174.44,60000.0,840.86,79.25457269937921
57,comm_base_80,307.68,115.68,80000.0,840.86,86.2426563280451
60,no_vax_base_ops,1636.32,747.86,0.0,747.86,0.0
60,vax_base_ops,1279.68,566.76,6964.86,747.86,24.21576230845346
60,no_vax_enh_ops,334.64,153.14,0.0,747.86,79.52290535661754
60,vax_enh_ops,295.74,132.76,7949.54,747.86,82.24801433423367
60,incremental_ring_vax,295.74,132.76,7949.54,153.14,13.308084106046753
60,no_vax_ring1_base_ops,2082.06,950.02,0.0,747.86,-27.031797395234396
60,no_vax_ring1_enh_ops,461.62,210.16,0.0,950.02,77.87836045556936
60,ring1_vax_base_ops,1914.22,863.1,2116.44,950.02,9.14928106776699
60,ring1_vax_enh_ops,394.54,174.76,3069.64,950.02,81.6045977979411
60,comm_base_20,987.78,435.22,20000.0,747.86,41.80461583718878
60,comm_base_40,608.1,259.06,40000.0,747.86,65.35982670553312
60,comm_base_60,391.96,159.96,60000.0,747.86,78.610969967641
60,comm_base_80,281.56,109.0,80000.0,747.86,85.42507956034552
61,no_vax_base_ops,2144.38,974.56,0.0,974.56,0.0
61,vax_base_ops,1505.62,667.56,7353.2,974.56,31.50139550155968
61,no_vax_enh_ops,320.82,144.86,0.0,974.56,85.13585618125103
61,vax_enh_ops,287.36,126.96,8085.8,974.56,86.97258249876866
61,incremental_ring_vax,287.36,126.96,8085.8,144.86,12.356758249344207
61,no_vax_ring1_base_ops,2914.16,1326.0,0.0,974.56,-36.06140206862585
61,no_vax_ring1_enh_ops,417.4,190.06,0.0,1326.0,85.66666666666667
61,ring1_vax_base_ops,2480.44,1113.06,3140.84,1326.0,16.05882352941177
61,ring1_vax_enh_ops,343.68,151.06,3212.7,1326.0,88.6078431372549
61,comm_base_20,1102.74,487.3,20000.0,974.56,49.997947791824
61,comm_base_40,608.1,258.54,40000.0,974.56,73.47110490888195
61,comm_base_60,382.82,153.72,60000.0,974.56,84.22672795928418
61,comm_base_80,267.7,101.08,80000.0,974.56,89.62813987850926
62,no_vax_base_ops,1790.26,808.78,0.0,808.78,0.0
62,vax_base_ops,1499.86,659.3,7038.32,808.78,18.482158312520095
62,no_vax_enh_ops,347.98,155.12,0.0,808.78,80.82049506664359
62,vax_enh_ops,318.64,139.74,7985.3,808.78,82.72212468161923
62,incremental_ring_vax,318.64,139.74,7985.3,155.12,9.914904589994839
62,no_vax_ring1_base_ops,2533.1,1145.94,0.0,808.78,-41.68747990800961
62,no_vax_ring1_enh_ops,486.48,218.28,0.0,1145.94,80.9518822975025
62,ring1_vax_base_ops,2305.2,1030.32,2362.54,1145.94,10.089533483428461
62,ring1_vax_enh_ops,446.92,193.58,3915.92,1145.94,83.10731800966892
62,comm_base_20,1159.42,506.76,20000.0,808.78,37.342664259749256
62,comm_base_40,768.72,323.74,40000.0,808.78,59.97180939192364
62,comm_base_60,497.16,197.5,60000.0,808.78,75.58050396894087
62,comm_base_80,350.7,131.7,80000.0,808.78,83.71621454536462
59,no_vax_base_ops,3034.3,1370.2,0.0,1370.2,0.0
59,vax_base_ops,2483.06,1089.82,7065.2,1370.2,20.462706174281134
59,no_vax_enh_ops,444.68,203.7,0.0,1370.2,85.13355714494234
59,vax_enh_ops,402.22,181.74,7999.04,1370.2,86.73624288425047
59,incremental_ring_vax,402.22,181.74,7999.04,203.7,10.78055964653902
59,no_vax_ring1_base_ops,5057.02,2289.5,0.0,1370.2,-67.09239527076339
59,no_vax_ring1_enh_ops,763.92,345.32,0.0,2289.5,84.91723083642717
59,ring1_vax_base_ops,4633.12,2069.34,3788.74,2289.5,9.616073378466908
59,ring1_vax_enh_ops,708.08,311.68,6206.58,2289.5,86.38654728106573
59,comm_base_20,1906.42,830.84,20000.0,1370.2,39.363596555247405
59,comm_base_40,1150.16,481.06,40000.0,1370.2,64.8912567508393
59,comm_base_60,760.0,303.96,60000.0,1370.2,77.81637717121588
59,comm_base_80,516.66,197.6,80000.0,1370.2,85.5787476280835
63,no_vax_base_ops,1820.24,824.32,0.0,824.32,0.0
63,vax_base_ops,1462.76,644.0,7183.38,824.32,21.875000000000004
63,no_vax_enh_ops,394.58,181.36,0.0,824.32,77.9988354037267
63,vax_enh_ops,348.52,156.4,7983.34,824.32,81.02678571428571
63,incremental_ring_vax,348.52,156.4,7983.34,181.36,13.762681958535513
63,no_vax_ring1_base_ops,2422.82,1098.46,0.0,824.32,-33.25650232919254
63,no_vax_ring1_enh_ops,588.36,269.74,0.0,1098.46,75.44380314258143
63,ring1_vax_base_ops,2209.66,987.68,2766.3,1098.46,10.085028130291507
63,ring1_vax_enh_ops,508.96,226.16,3816.94,1098.46,79.41117564590427
63,comm_base_20,1104.2,486.24,20000.0,824.32,41.01319875776398
63,comm_base_40,764.56,324.38,40000.0,824.32,60.64877717391305
63,comm_base_60,528.14,214.78,60000.0,824.32,73.94458462732919
63,comm_base_80,380.1,147.82,80000.0,824.32,82.06764363354037
64,no_vax_base_ops,1386.42,631.08,0.0,631.08,0.0
64,vax_base_ops,1034.5,457.76,7269.54,631.08,27.464029916967743
64,no_vax_enh_ops,312.8,144.0,0.0,631.08,77.18197375926982
64,vax_enh_ops,271.76,122.54,8055.6,631.08,80.58249350320085
64,incremental_ring_vax,271.76,122.54,8055.6,144.0,14.902777777777775
64,no_vax_ring1_base_ops,1752.76,796.34,0.0,631.08,-26.18685428154909
64,no_vax_ring1_enh_ops,396.08,181.36,0.0,796.34,77.22580807192907
64,ring1_vax_base_ops,1559.18,699.82,2288.78,796.34,12.120451063616041
64,ring1_vax_enh_ops,328.78,146.18,2790.82,796.34,81.64351909988197
64,comm_base_20,767.62,339.76,20000.0,631.08,46.162134753121634
64,comm_base_40,459.96,197.46,40000.0,631.08,68.71078151739874
64,comm_base_60,292.7,119.14,60000.0,631.08,81.121252456107
64,comm_base_80,210.0,80.54,80000.0,631.08,87.23775115674717
65,no_vax_base_ops,2603.78,1180.18,0.0,1180.18,0.0
65,vax_base_ops,1980.18,875.7,7201.0,1180.18,25.799454320527374
65,no_vax_enh_ops,333.84,150.72,0.0,1180.18,87.22906675252928
65,vax_enh_ops,294.04,129.62,8117.42,1180.18,89.01692962090529
65,incremental_ring_vax,294.04,129.62,8117.42,150.72,13.999469214437365
65,no_vax_ring1_base_ops,4066.58,1848.42,0.0,1180.18,-56.62187123998034
65,no_vax_ring1_enh_ops,400.72,180.08,0.0,1848.42,90.25762543144955
65,ring1_vax_base_ops,3639.34,1629.98,3318.34,1848.42,11.817660488417138
65,ring1_vax_enh_ops,353.88,154.6,2955.02,1848.42,91.6361000205581
65,comm_base_20,1369.68,601.76,20000.0,1180.18,49.01116778796455
65,comm_base_40,790.46,333.96,40000.0,1180.18,71.70262163398803
65,comm_base_60,496.94,197.96,60000.0,1180.18,83.22628751546374
65,comm_base_80,347.98,131.08,80000.0,1180.18,88.89321967835416
66,no_vax_base_ops,2200.56,999.1,0.0,999.1,0.0
66,vax_base_ops,1761.06,778.2,7106.56,999.1,22.109898909018113
66,no_vax_enh_ops,278.98,126.6,0.0,999.1,87.32859573616254
66,vax_enh_ops,258.98,115.78,8098.92,999.1,88.41157041337203
66,incremental_ring_vax,258.98,115.78,8098.92,126.6,8.546603475513423
66,no_vax_ring1_base_ops,3222.56,1463.04,0.0,999.1,-46.435792212991686
66,no_vax_ring1_enh_ops,341.36,154.12,0.0,1463.04,89.46576990376204
66,ring1_vax_base_ops,2839.7,1269.86,3083.82,1463.04,13.204013560804905
66,ring1_vax_enh_ops,303.78,134.28,2929.92,1463.04,90.82185039370079
66,comm_base_20,1345.14,589.56,20000.0,999.1,40.990891802622365
66,comm_base_40,854.78,361.08,40000.0,999.1,63.85947352617355
66,comm_base_60,561.0,226.56,60000.0,999.1,77.3235912321089
66,comm_base_80,398.14,151.78,80000.0,999.1,84.80832749474527
69,no_vax_base_ops,1569.28,713.36,0.0,713.36,0.0
69,vax_base_ops,1322.46,584.94,7020.88,713.36,18.002130761466855
69,no_vax_enh_ops,270.38,123.46,0.0,713.36,82.693170348772
69,vax_enh_ops,243.92,109.46,8079.74,713.36,84.6557138050914
69,incremental_ring_vax,243.92,109.46,8079.74,123.46,11.339705167665642
69,no_vax_ring1_base_ops,2173.28,983.56,0.0,713.36,-37.877088706964216
69,no_vax_ring1_enh_ops,308.46,140.92,0.0,983.56,85.67245516287771
69,ring1_vax_base_ops,1963.04,878.58,2271.88,983.56,10.673471877668868
69,ring1_vax_enh_ops,279.9,123.5,3041.52,983.56,87.44357232909024
69,comm_base_20,1041.86,460.2,20000.0,713.36,35.48839295727263
69,comm_base_40,684.28,290.96,40000.0,713.36,59.21273971066502
69,comm_base_60,490.9,200.34,60000.0,713.36,71.91600314006953
69,comm_base_80,346.08,133.88,80000.0,713.36,81.23247729056858
67,no_vax_base_ops,2941.26,1333.2,0.0,1333.2,0.0
67,vax_base_ops,2290.62,1009.74,7459.98,1333.2,24.261926192619264
67,no_vax_enh_ops,445.16,199.9,0.0,1333.2,85.00600060006
67,vax_enh_ops,419.56,185.14,8083.76,1333.2,86.1131113111311
67,incremental_ring_vax,419.56,185.14,8083.76,199.9,7.383691845922971
67,no_vax_ring1_base_ops,4530.68,2053.2,0.0,1333.2,-54.005400540053984
67,no_vax_ring1_enh_ops,740.08,332.94,0.0,2053.2,83.78433664523669
67,ring1_vax_base_ops,3864.8,1721.32,4684.0,2053.2,16.164036625754914
67,ring1_vax_enh_ops,647.22,285.06,6162.42,2053.2,86.11630625365284
67,comm_base_20,1702.9,744.44,20000.0,1333.2,44.16141614161416
67,comm_base_40,1050.26,439.38,40000.0,1333.2,67.04320432043204
67,comm_base_60,688.5,276.54,60000.0,1333.2,79.25742574257427
67,comm_base_80,481.42,182.02,80000.0,1333.2,86.34713471347135
68,no_vax_base_ops,2330.44,1055.0,0.0,1055.0,0.0
68,vax_base_ops,1673.76,742.4,7374.18,1055.0,29.630331753554504
68,no_vax_enh_ops,472.82,214.7,0.0,1055.0,79.64928909952607
68,vax_enh_ops,431.46,193.02,7947.22,1055.0,81.7042654028436
68,incremental_ring_vax,431.46,193.02,7947.22,214.7,10.097810898928728
68,no_vax_ring1_base_ops,3491.52,1585.86,0.0,1055.0,-50.318483412322266
68,no_vax_ring1_enh_ops,866.48,395.22,0.0,1585.86,75.07850629942114
68,ring1_vax_base_ops,2877.0,1285.5,3734.08,1585.86,18.93988120010593
68,ring1_vax_enh_ops,736.98,326.04,6002.36,1585.86,79.44080814195453
68,comm_base_20,1132.54,502.48,20000.0,1055.0,52.371563981042655
68,comm_base_40,614.32,261.7,40000.0,1055.0,75.19431279620854
68,comm_base_60,374.88,150.28,60000.0,1055.0,85.75545023696682
68,comm_base_80,255.78,97.58,80000.0,1055.0,90.75071090047393
70,no_vax_base_ops,1852.02,839.42,0.0,839.42,0.0
70,vax_base_ops,1372.08,606.0,7268.6,839.42,27.80729551356889
70,no_vax_enh_ops,258.36,117.58,0.0,839.42,85.99270925162611
70,vax_enh_ops,239.66,106.68,8127.38,839.42,87.29122489337877
70,incremental_ring_vax,239.66,106.68,8127.38,117.58,9.270284061915284
70,no_vax_ring1_base_ops,2665.98,1210.46,0.0,839.42,-44.20194896476139
70,no_vax_ring1_enh_ops,286.56,129.9,0.0,1210.46,89.2685425375477
70,ring1_vax_base_ops,2365.04,1060.64,3108.46,1210.46,12.37711283313781
70,ring1_vax_enh_ops,265.2,117.68,2118.98,1210.46,90.27807610329957
70,comm_base_20,1040.96,456.0,20000.0,839.42,45.67677682209144
70,comm_base_40,593.24,249.74,40000.0,839.42,70.24850492006385
70,comm_base_60,396.98,159.58,60000.0,839.42,80.9892544852398
70,comm_base_80,275.66,104.94,80000.0,839.42,87.49851087655763
72,no_vax_base_ops,2107.1,952.22,0.0,952.22,0.0
72,vax_base_ops,1599.74,705.36,7388.28,952.22,25.924681271134823
72,no_vax_enh_ops,330.0,147.8,0.0,952.22,84.47837684568692
72,vax_enh_ops,291.38,127.74,8159.42,952.22,86.58503287055512
72,incremental_ring_vax,291.38,127.74,8159.42,147.8,13.572395128552108
72,no_vax_ring1_base_ops,3167.96,1431.54,0.0,952.22,-50.3371069710781
72,no_vax_ring1_enh_ops,394.16,177.04,0.0,1431.54,87.63289883621835
72,ring1_vax_base_ops,2684.66,1196.18,3067.5,1431.54,16.44103552817245
72,ring1_vax_enh_ops,330.56,143.32,2781.98,1431.54,89.98840409628792
72,comm_base_20,1111.04,487.62,20000.0,952.22,48.79124572052677
72,comm_base_40,616.66,260.86,40000.0,952.22,72.6050702568734
72,comm_base_60,391.16,158.18,60000.0,952.22,83.38829262145302
72,comm_base_80,275.28,102.86,80000.0,952.22,89.1978744407805
71,no_vax_base_ops,2302.46,1047.18,0.0,1047.18,0.0
71,vax_base_ops,1710.74,755.84,7287.22,1047.18,27.821386963081803
71,no_vax_enh_ops,381.66,172.4,0.0,1047.18,83.53673675967838
71,vax_enh_ops,352.72,156.42,8017.92,1047.18,85.06273993009799
71,incremental_ring_vax,352.72,156.42,8017.92,172.4,9.269141531322516
71,no_vax_ring1_base_ops,3325.18,1516.62,0.0,1047.18,-44.8289692316507
71,no_vax_ring1_enh_ops,628.06,283.6,0.0,1516.62,81.30052353259222
71,ring1_vax_base_ops,2975.98,1339.86,3247.74,1516.62,11.654864105708748
71,ring1_vax_enh_ops,551.34,241.76,5282.56,1516.62,84.05928973638748
71,comm_base_20,1349.66,590.94,20000.0,1047.18,43.56844095570962
71,comm_base_40,839.42,353.2,40000.0,1047.18,66.27131916193969
71,comm_base_60,536.04,214.1,60000.0,1047.18,79.5546133425008
71,comm_base_80,387.34,146.52,80000.0,1047.18,86.00813613705381
73,no_vax_base_ops,1682.4,762.62,0.0,762.62,0.0
73,vax_base_ops,1314.04,581.14,7154.64,762.62,23.79691065012719
73,no_vax_enh_ops,328.38,148.46,0.0,762.62,80.53289974036873
73,vax_enh_ops,302.44,134.34,7967.02,762.62,82.38441163357898
73,incremental_ring_vax,302.44,134.34,7967.02,148.46,9.510979388387447
73,no_vax_ring1_base_ops,2268.32,1028.66,0.0,762.62,-34.88500170464977
73,no_vax_ring1_enh_ops,474.08,214.56,0.0,1028.66,79.14179612311163
73,ring1_vax_base_ops,2026.66,906.7,2710.48,1028.66,11.856201271557174
73,ring1_vax_enh_ops,405.16,177.6,3594.24,1028.66,82.73482005716174
73,comm_base_20,1006.16,444.48,20000.0,762.62,41.71671343526265
73,comm_base_40,631.2,268.22,40000.0,762.62,64.82914164328237
73,comm_base_60,426.86,172.16,60000.0,762.62,77.42519210091527
73,comm_base_80,300.36,114.8,80000.0,762.62,84.94663134982036
76,no_vax_base_ops,1286.48,582.7,0.0,582.7,0.0
76,vax_base_ops,988.48,435.2,7208.62,582.7,25.313197185515712
76,no_vax_enh_ops,270.36,122.2,0.0,582.7,79.02865968766089
76,vax_enh_ops,241.54,106.88,8097.88,582.7,81.65779989703107
76,incremental_ring_vax,241.54,106.88,8097.88,122.2,12.536824877250414
76,no_vax_ring1_base_ops,1498.34,678.76,0.0,582.7,-16.485326926377198
76,no_vax_ring1_enh_ops,322.36,146.34,0.0,678.76,78.44009664682656
76,ring1_vax_base_ops,1391.04,623.3,1910.4,678.76,8.170782014261306
76,ring1_vax_enh_ops,268.92,117.82,2580.36,678.76,82.6418763627792
76,comm_base_20,736.16,322.78,20000.0,582.7,44.606143813283005
76,comm_base_40,489.54,205.72,40000.0,582.7,64.69538355929294
76,comm_base_60,339.3,136.68,60000.0,582.7,76.54367599107603
76,comm_base_80,242.08,92.56,80000.0,582.7,84.11532521022825
74,no_vax_base_ops,2947.86,1343.82,0.0,1343.82,0.0
74,vax_base_ops,2259.3,1003.52,7234.6,1343.82,25.323331993868223
74,no_vax_enh_ops,352.3,160.68,0.0,1343.82,88.04304147876947
74,vax_enh_ops,323.66,146.0,8130.74,1343.82,89.1354496882023
74,incremental_ring_vax,323.66,146.0,8130.74,160.68,9.136171272093605
74,no_vax_ring1_base_ops,4629.84,2105.4,0.0,1343.82,-56.672768674376044
74,no_vax_ring1_enh_ops,469.38,213.76,0.0,2105.4,89.84705994110382
74,ring1_vax_base_ops,3981.72,1783.5,3754.28,2105.4,15.28925619834711
74,ring1_vax_enh_ops,391.84,174.04,3563.92,2105.4,91.73363731357462
74,comm_base_20,1600.7,703.82,20000.0,1343.82,47.62542602431873
74,comm_base_40,1038.04,438.72,40000.0,1343.82,67.3527704603295
74,comm_base_60,652.36,261.28,60000.0,1343.82,80.55691982557188
74,comm_base_80,463.68,176.94,80000.0,1343.82,86.83305799883912
75,no_vax_base_ops,2390.82,1085.54,0.0,1085.54,0.0
75,vax_base_ops,1911.92,848.96,7275.18,1085.54,21.793761630156414
75,no_vax_enh_ops,282.96,130.5,0.0,1085.54,87.97833336404003
75,vax_enh_ops,258.48,116.92,8140.38,1085.54,89.22932365458666
75,incremental_ring_vax,258.48,116.92,8140.38,130.5,10.406130268199233
75,no_vax_ring1_base_ops,3835.82,1740.58,0.0,1085.54,-60.342318108959596
75,no_vax_ring1_enh_ops,339.7,155.9,0.0,1740.58,91.0432154798975
75,ring1_vax_base_ops,3434.44,1537.56,3539.36,1740.58,11.663928115915384
75,ring1_vax_enh_ops,293.16,131.12,2469.62,1740.58,92.46687885647313
75,comm_base_20,1359.84,600.66,20000.0,1085.54,44.667170256277984
75,comm_base_40,808.16,341.74,40000.0,1085.54,68.51889382242939
75,comm_base_60,515.08,208.16,60000.0,1085.54,80.8242902150082
75,comm_base_80,372.58,142.58,80000.0,1085.54,86.86552314976876
78,no_vax_base_ops,1769.74,805.28,0.0,805.28,0.0
78,vax_base_ops,1335.4,592.84,7313.58,805.28,26.380886151400748
78,no_vax_enh_ops,317.12,143.36,0.0,805.28,82.19749652294854
78,vax_enh_ops,287.12,127.66,8113.8,805.28,84.14712894893702
78,incremental_ring_vax,287.12,127.66,8113.8,143.36,10.951450892857155
78,no_vax_ring1_base_ops,2387.78,1086.92,0.0,805.28,-34.9741704748659
78,no_vax_ring1_enh_ops,399.48,181.02,0.0,1086.92,83.34560041217385
78,ring1_vax_base_ops,2039.52,916.22,2772.42,1086.92,15.704927685570237
78,ring1_vax_enh_ops,336.0,147.44,3265.28,1086.92,86.43506421815772
78,comm_base_20,962.4,424.66,20000.0,805.28,47.26554738724418
78,comm_base_40,541.66,231.02,40000.0,805.28,71.31184184383072
78,comm_base_60,346.04,140.06,60000.0,805.28,82.60729187363401
78,comm_base_80,248.62,94.68,80000.0,805.28,88.24259884760579
77,no_vax_base_ops,2514.18,1132.54,0.0,1132.54,0.0
77,vax_base_ops,1994.34,876.52,7116.34,1132.54,22.6058240768538
77,no_vax_enh_ops,361.3,162.68,0.0,1132.54,85.63582743214367
77,vax_enh_ops,333.16,147.12,8024.18,1132.54,87.00973034065022
77,incremental_ring_vax,333.16,147.12,8024.18,162.68,9.56478977133022
77,no_vax_ring1_base_ops,3939.46,1779.34,0.0,1132.54,-57.11056563123598
77,no_vax_ring1_enh_ops,569.58,257.26,0.0,1779.34,85.54183011678488
77,ring1_vax_base_ops,3544.94,1579.66,3173.74,1779.34,11.222138545752912
77,ring1_vax_enh_ops,505.04,221.1,3813.54,1779.34,87.57404430856386
77,comm_base_20,1368.08,598.9,20000.0,1132.54,47.11886555883236
77,comm_base_40,810.08,341.94,40000.0,1132.54,69.8076889116499
77,comm_base_60,517.02,206.32,60000.0,1132.54,81.78254189697495
77,comm_base_80,348.32,130.64,80000.0,1132.54,88.46486658307875
79,no_vax_base_ops,2349.56,1067.06,0.0,1067.06,0.0
79,vax_base_ops,1831.62,811.22,7161.02,1067.06,23.97615879144565
79,no_vax_enh_ops,395.66,178.66,0.0,1067.06,83.25679905534834
79,vax_enh_ops,355.2,156.84,8114.12,1067.06,85.30167000918411
79,incremental_ring_vax,355.2,156.84,8114.12,178.66,12.213142281428407
79,no_vax_ring1_base_ops,3363.54,1529.66,0.0,1067.06,-43.352763668397294
79,no_vax_ring1_enh_ops,537.94,243.2,0.0,1529.66,84.1010420616346
79,ring1_vax_base_ops,3071.6,1382.16,2544.46,1529.66,9.642665690414862
79,ring1_vax_enh_ops,461.26,204.16,3268.34,1529.66,86.6532432043722
79,comm_base_20,1312.7,577.22,20000.0,1067.06,45.90557232020692
79,comm_base_40,791.1,333.78,40000.0,1067.06,68.71965962551309
79,comm_base_60,519.06,209.76,60000.0,1067.06,80.34224879575657
79,comm_base_80,369.08,140.72,80000.0,1067.06,86.81236294116543
81,no_vax_base_ops,1427.3,644.54,0.0,644.54,0.0
81,vax_base_ops,1115.76,491.58,7170.42,644.54,23.73165358239985
81,no_vax_enh_ops,268.76,123.16,0.0,644.54,80.89179880224657
81,vax_enh_ops,245.54,110.04,7970.84,644.54,82.92735904676204
81,incremental_ring_vax,245.54,110.04,7970.84,123.16,10.652809353686255
81,no_vax_ring1_base_ops,1879.6,851.02,0.0,644.54,-32.03524994569771
81,no_vax_ring1_enh_ops,354.86,163.18,0.0,851.02,80.82536250616906
81,ring1_vax_base_ops,1726.0,771.36,2366.26,851.02,9.360532067401467
81,ring1_vax_enh_ops,306.94,135.32,3076.32,851.02,84.09908110267679
81,comm_base_20,830.68,366.46,20000.0,644.54,43.14394762155956
81,comm_base_40,492.64,210.24,40000.0,644.54,67.38138827691066
81,comm_base_60,321.7,130.74,60000.0,644.54,79.71576628293046
81,comm_base_80,229.88,88.62,80000.0,644.54,86.25065938498774
80,no_vax_base_ops,2250.6,1020.2,0.0,1020.2,0.0
80,vax_base_ops,1748.64,771.62,7233.94,1020.2,24.365810625367576
80,no_vax_enh_ops,283.8,130.46,0.0,1020.2,87.21231131150755
80,vax_enh_ops,254.82,115.2,8087.6,1020.2,88.70809645167614
80,incremental_ring_vax,254.82,115.2,8087.6,130.46,11.697071899432778
80,no_vax_ring1_base_ops,3373.36,1530.92,0.0,1020.2,-50.0607723975691
80,no_vax_ring1_enh_ops,334.0,153.96,0.0,1530.92,89.9433020667311
80,ring1_vax_base_ops,2875.18,1286.78,3290.52,1530.92,15.947273534867929
80,ring1_vax_enh_ops,290.7,130.06,2754.6,1530.92,91.50445483761398
80,comm_base_20,1192.0,521.62,20000.0,1020.2,48.87080964516762
80,comm_base_40,676.34,284.64,40000.0,1020.2,72.09958831601647
80,comm_base_60,447.38,181.3,60000.0,1020.2,82.22897471084102
80,comm_base_80,306.62,118.32,80000.0,1020.2,88.40227406390905
82,no_vax_base_ops,1848.3,837.44,0.0,837.44,0.0
82,vax_base_ops,1450.72,638.08,7358.84,837.44,23.805884600687808
82,no_vax_enh_ops,367.74,165.92,0.0,837.44,80.18723729461216
82,vax_enh_ops,340.6,150.74,7998.84,837.44,81.99990447076804
82,incremental_ring_vax,340.6,150.74,7998.84,165.92,9.148987463837981
82,no_vax_ring1_base_ops,2576.5,1166.18,0.0,837.44,-39.25534963698892
82,no_vax_ring1_enh_ops,587.5,266.42,0.0,1166.18,77.15447015040559
82,ring1_vax_base_ops,2333.68,1039.46,3037.14,1166.18,10.866247063060593
82,ring1_vax_enh_ops,534.68,234.44,4428.16,1166.18,79.896756932892
82,comm_base_20,1166.08,512.6,20000.0,837.44,38.78964463125717
82,comm_base_40,790.82,333.78,40000.0,837.44,60.14281620175774
82,comm_base_60,559.4,227.22,60000.0,837.44,72.86730989682843
82,comm_base_80,413.52,160.62,80000.0,837.44,80.82011845624761
84,no_vax_base_ops,1825.02,830.46,0.0,830.46,0.0
84,vax_base_ops,1352.34,600.44,7346.64,830.46,27.697902367362666
84,no_vax_enh_ops,269.26,123.2,0.0,830.46,85.1648483972738
84,vax_enh_ops,248.66,112.48,8035.96,830.46,86.4556992510175
84,incremental_ring_vax,248.66,112.48,8035.96,123.2,8.7012987012987
84,no_vax_ring1_base_ops,2495.82,1137.24,0.0,830.46,-36.9409724730872
84,no_vax_ring1_enh_ops,303.0,139.5,0.0,1137.24,87.73345995568218
84,ring1_vax_base_ops,2192.36,985.0,3031.5,1137.24,13.386796102845485
84,ring1_vax_enh_ops,267.68,119.48,1964.98,1137.24,89.49386233336851
84,comm_base_20,958.4,424.32,20000.0,830.46,48.90542590853263
84,comm_base_40,553.32,239.56,40000.0,830.46,71.1533367049587
84,comm_base_60,359.08,149.14,60000.0,830.46,82.04127832767382
84,comm_base_80,255.74,98.74,80000.0,830.46,88.11020398333453
85,no_vax_base_ops,1630.6,736.38,0.0,736.38,0.0
85,vax_base_ops,1348.46,592.52,6760.64,736.38,19.53610907411934
85,no_vax_enh_ops,332.54,150.8,0.0,736.38,79.52144273337134
85,vax_enh_ops,319.24,142.02,7903.32,736.38,80.71376191640186
85,incremental_ring_vax,319.24,142.02,7903.32,150.8,5.822281167108754
85,no_vax_ring1_base_ops,2122.72,960.66,0.0,736.38,-30.457100953312143
85,no_vax_ring1_enh_ops,538.98,244.98,0.0,960.66,74.49878208731498
85,ring1_vax_base_ops,2041.38,913.84,2237.38,960.66,4.873732642141855
85,ring1_vax_enh_ops,473.12,207.62,4401.84,960.66,78.38777507130514
85,comm_base_20,1110.18,484.9,20000.0,736.38,34.15084603058204
85,comm_base_40,785.64,330.36,40000.0,736.38,55.137293245335286
85,comm_base_60,537.98,217.62,60000.0,736.38,70.44732339281349
85,comm_base_80,384.46,147.28,80000.0,736.38,79.99945680219452
83,no_vax_base_ops,2476.46,1123.4,0.0,1123.4,0.0
83,vax_base_ops,1938.68,858.84,7281.9,1123.4,23.549937689157918
83,no_vax_enh_ops,450.82,205.22,0.0,1123.4,81.73224141000533
83,vax_enh_ops,425.16,189.94,7994.64,1123.4,83.09239807726544
83,incremental_ring_vax,425.16,189.94,7994.64,205.22,7.445668063541565
83,no_vax_ring1_base_ops,3750.62,1702.28,0.0,1123.4,-51.52928609578065
83,no_vax_ring1_enh_ops,811.5,368.8,0.0,1702.28,78.33493902295744
83,ring1_vax_base_ops,3304.06,1476.52,3722.3,1702.28,13.262213031933642
83,ring1_vax_enh_ops,724.54,321.48,6035.76,1702.28,81.11474023074935
83,comm_base_20,1424.52,628.52,20000.0,1123.4,44.051985045397906
83,comm_base_40,870.74,368.68,40000.0,1123.4,67.18176962791526
83,comm_base_60,595.16,241.14,60000.0,1123.4,78.53480505607976
83,comm_base_80,412.88,158.22,80000.0,1123.4,85.91596937867189
86,no_vax_base_ops,2856.74,1293.64,0.0,1293.64,0.0
86,vax_base_ops,1950.8,863.58,7507.04,1293.64,33.24417921523763
86,no_vax_enh_ops,389.66,174.58,0.0,1293.64,86.50474629726972
86,vax_enh_ops,340.32,149.0,8139.7,1293.64,88.48211248879132
86,incremental_ring_vax,340.32,149.0,8139.7,174.58,14.652308397296375
86,no_vax_ring1_base_ops,4645.82,2103.86,0.0,1293.64,-62.6310256330973
86,no_vax_ring1_enh_ops,512.4,230.32,0.0,2103.86,89.05250349357848
86,ring1_vax_base_ops,3607.68,1610.92,4364.04,2103.86,23.430266272470604
86,ring1_vax_enh_ops,452.52,197.8,3701.28,2103.86,90.59823372277624
86,comm_base_20,1362.38,598.9,20000.0,1293.64,53.704276305618265
86,comm_base_40,715.14,303.36,40000.0,1293.64,76.54989023221299
86,comm_base_60,441.28,179.66,60000.0,1293.64,86.11205590427012
86,comm_base_80,311.96,118.0,80000.0,1293.64,90.87845150119044
89,no_vax_base_ops,2361.26,1070.58,0.0,1070.58,0.0
89,vax_base_ops,1781.64,789.12,7055.98,1070.58,26.29042201423527
89,no_vax_enh_ops,309.16,138.82,0.0,1070.58,87.03319695865792
89,vax_enh_ops,273.36,120.76,8105.76,1070.58,88.72013301201218
89,incremental_ring_vax,273.36,120.76,8105.76,138.82,13.009652787782732
89,no_vax_ring1_base_ops,3631.04,1648.0,0.0,1070.58,-53.935250051374034
89,no_vax_ring1_enh_ops,398.22,179.86,0.0,1648.0,89.08616504854369
89,ring1_vax_base_ops,3164.68,1419.34,2907.3,1648.0,13.875000000000004
89,ring1_vax_enh_ops,332.3,144.36,3347.9,1648.0,91.24029126213593
89,comm_base_20,1313.68,578.08,20000.0,1070.58,46.00310112275588
89,comm_base_40,734.74,308.72,40000.0,1070.58,71.16329466270619
89,comm_base_60,452.72,181.96,60000.0,1070.58,83.00360552224028
89,comm_base_80,327.34,122.58,80000.0,1070.58,88.5501317043098
87,no_vax_base_ops,2554.16,1164.56,0.0,1164.56,0.0
87,vax_base_ops,1957.74,874.4,7183.48,1164.56,24.915848045613792
87,no_vax_enh_ops,426.24,194.42,0.0,1164.56,83.30528268187126
87,vax_enh_ops,390.78,175.72,8053.38,1164.56,84.911039362506
87,incremental_ring_vax,390.78,175.72,8053.38,194.42,9.618352021396971
87,no_vax_ring1_base_ops,3985.22,1814.0,0.0,1164.56,-55.76698495569143
87,no_vax_ring1_enh_ops,661.9,301.8,0.0,1814.0,83.36273428886439
87,ring1_vax_base_ops,3526.42,1585.96,2989.1,1814.0,12.571113561190737
87,ring1_vax_enh_ops,558.22,246.96,4225.2,1814.0,86.3858875413451
87,comm_base_20,1318.4,585.68,20000.0,1164.56,49.70804423988459
87,comm_base_40,756.24,322.68,40000.0,1164.56,72.29168097822352
87,comm_base_60,475.28,193.1,60000.0,1164.56,83.41863021226901
87,comm_base_80,330.86,125.94,80000.0,1164.56,89.18561516796042
88,no_vax_base_ops,3043.62,1381.86,0.0,1381.86,0.0
88,vax_base_ops,2276.4,1005.24,7262.34,1381.86,27.25456992748903
88,no_vax_enh_ops,476.04,214.8,0.0,1381.86,84.45573357648388
88,vax_enh_ops,440.08,195.42,7953.76,1381.86,85.85819113368937
88,incremental_ring_vax,440.08,195.42,7953.76,214.8,9.022346368715095
88,no_vax_ring1_base_ops,4822.26,2190.66,0.0,1381.86,-58.52980765055795
88,no_vax_ring1_enh_ops,816.96,368.88,0.0,2190.66,83.16123907863383
88,ring1_vax_base_ops,4148.56,1854.0,4198.42,2190.66,15.36797129632165
88,ring1_vax_enh_ops,725.92,321.18,6386.12,2190.66,85.33866505984497
88,comm_base_20,1599.2,701.88,20000.0,1381.86,49.207589770309575
88,comm_base_40,904.26,378.38,40000.0,1381.86,72.61806550591231
88,comm_base_60,607.3,243.14,60000.0,1381.86,82.40487458932164
88,comm_base_80,411.94,156.32,80000.0,1381.86,88.68771076664785
90,no_vax_base_ops,1385.02,634.38,0.0,634.38,0.0
90,vax_base_ops,1059.28,474.02,7336.52,634.38,25.278224408083485
90,no_vax_enh_ops,295.76,135.36,0.0,634.38,78.66263123049276
90,vax_enh_ops,269.26,121.1,8028.18,634.38,80.91049528673666
90,incremental_ring_vax,269.26,121.1,8028.18,135.36,10.534869976359351
90,no_vax_ring1_base_ops,1717.88,784.56,0.0,634.38,-23.673507992055228
90,no_vax_ring1_enh_ops,394.96,181.9,0.0,784.56,76.8150300805547
90,ring1_vax_base_ops,1532.12,690.82,2742.88,784.56,11.948098297134687
90,ring1_vax_enh_ops,344.8,153.28,3012.26,784.56,80.4629346385235
90,comm_base_20,820.72,367.64,20000.0,634.38,42.047353321353135
90,comm_base_40,533.12,228.78,40000.0,634.38,63.93644188026104
90,comm_base_60,357.32,145.42,60000.0,634.38,77.07683092152968
90,comm_base_80,259.16,99.36,80000.0,634.38,84.33746335004257
91,no_vax_base_ops,2043.98,925.16,0.0,925.16,0.0
91,vax_base_ops,1589.04,701.58,6977.72,925.16,24.166630636862806
91,no_vax_enh_ops,308.18,139.78,0.0,925.16,84.89126205196939
91,vax_enh_ops,266.4,117.5,8039.44,925.16,87.2994941415539
91,incremental_ring_vax,266.4,117.5,8039.44,139.78,15.939333237945343
91,no_vax_ring1_base_ops,2854.4,1295.6,0.0,925.16,-40.040641618747024
91,no_vax_ring1_enh_ops,363.76,164.9,0.0,1295.6,87.27230626736646
91,ring1_vax_base_ops,2600.68,1167.04,2214.42,1295.6,9.922815683853038
91,ring1_vax_enh_ops,309.1,135.3,2848.58,1295.6,89.55696202531647
91,comm_base_20,1210.58,532.12,20000.0,925.16,42.48346232003113
91,comm_base_40,739.84,311.92,40000.0,925.16,66.28475074581694
91,comm_base_60,491.44,196.88,60000.0,925.16,78.7193566518224
91,comm_base_80,344.96,129.8,80000.0,925.16,85.96999437935058
92,no_vax_base_ops,1968.54,896.82,0.0,896.82,0.0
92,vax_base_ops,1444.72,641.16,7052.14,896.82,28.50739278785041
92,no_vax_enh_ops,338.16,153.2,0.0,896.82,82.91741932606321
92,vax_enh_ops,305.48,135.58,7920.14,896.82,84.88213911375749
92,incremental_ring_vax,305.48,135.58,7920.14,153.2,11.501305483028707
92,no_vax_ring1_base_ops,2768.88,1263.48,0.0,896.82,-40.884458419749784
92,no_vax_ring1_enh_ops,535.04,244.12,0.0,1263.48,80.67876024946972
92,ring1_vax_base_ops,2467.9,1111.56,2675.24,1263.48,12.023933896856308
92,ring1_vax_enh_ops,443.7,195.34,3486.18,1263.48,84.53952575426601
92,comm_base_20,1001.78,441.52,20000.0,896.82,50.76827010994403
92,comm_base_40,565.52,243.02,40000.0,896.82,72.90203162284517
92,comm_base_60,346.9,141.04,60000.0,896.82,84.273321290783
92,comm_base_80,243.34,91.86,80000.0,896.82,89.75714190138488
93,no_vax_base_ops,2268.12,1029.4,0.0,1029.4,0.0
93,vax_base_ops,1792.38,794.42,6888.86,1029.4,22.826889450165158
93,no_vax_enh_ops,423.84,193.4,0.0,1029.4,81.21235671264814
93,vax_enh_ops,388.76,173.82,7881.52,1029.4,83.11443559354964
93,incremental_ring_vax,388.76,173.82,7881.52,193.4,10.12409513960704
93,no_vax_ring1_base_ops,3367.46,1528.04,0.0,1029.4,-48.439867884204375
93,no_vax_ring1_enh_ops,751.82,339.74,0.0,1528.04,77.76628884060626
93,ring1_vax_base_ops,3004.08,1347.0,2547.62,1528.04,11.847857385932304
93,ring1_vax_enh_ops,648.94,285.2,5335.78,1528.04,81.33556713175047
93,comm_base_20,1339.34,590.76,20000.0,1029.4,42.61122984262678
93,comm_base_40,809.18,341.54,40000.0,1029.4,66.82144938799301
93,comm_base_60,509.9,204.44,60000.0,1029.4,80.13988731299786
93,comm_base_80,360.8,136.16,80000.0,1029.4,86.77287740431319
95,no_vax_base_ops,2415.58,1088.92,0.0,1088.92,0.0
95,vax_base_ops,1894.56,834.02,6996.74,1088.92,23.408514858759144
95,no_vax_enh_ops,299.32,133.02,0.0,1088.92,87.78422657311833
95,vax_enh_ops,272.34,118.38,8025.26,1088.92,89.12867795614004
95,incremental_ring_vax,272.34,118.38,8025.26,133.02,11.005863779882734
95,no_vax_ring1_base_ops,3336.66,1503.68,0.0,1088.92,-38.08911582118062
95,no_vax_ring1_enh_ops,378.62,170.06,0.0,1503.68,88.69041285379868
95,ring1_vax_base_ops,3091.72,1374.7,2960.68,1503.68,8.577622898489041
95,ring1_vax_enh_ops,324.18,141.52,2681.12,1503.68,90.58842306873802
95,comm_base_20,1421.6,621.78,20000.0,1088.92,42.89938654813945
95,comm_base_40,880.42,369.66,40000.0,1088.92,66.05260257870182
95,comm_base_60,582.48,231.6,60000.0,1088.92,78.73121992432868
95,comm_base_80,412.02,155.34,80000.0,1088.92,85.73448921867538
94,no_vax_base_ops,2290.5,1043.54,0.0,1043.54,0.0
94,vax_base_ops,1838.62,814.0,7549.42,1043.54,21.996281886655037
94,no_vax_enh_ops,309.86,141.04,0.0,1043.54,86.4844663357418
94,vax_enh_ops,292.22,130.52,8185.9,1043.54,87.49257335607643
94,incremental_ring_vax,292.22,130.52,8185.9,141.04,7.458876914350526
94,no_vax_ring1_base_ops,3410.6,1551.36,0.0,1043.54,-48.663204093757784
94,no_vax_ring1_enh_ops,392.16,179.08,0.0,1551.36,88.4565800330033
94,ring1_vax_base_ops,3020.06,1352.92,3937.24,1551.36,12.79135726072606
94,ring1_vax_enh_ops,343.94,153.06,3523.04,1551.36,90.13381806930694
94,comm_base_20,1439.0,632.96,20000.0,1043.54,39.34492209210954
94,comm_base_40,945.98,402.98,40000.0,1043.54,61.38336815071774
94,comm_base_60,659.24,268.78,60000.0,1043.54,74.24344059643138
94,comm_base_80,499.68,194.4,80000.0,1043.54,81.37110220978592
98,no_vax_base_ops,1340.4,608.92,0.0,608.92,0.0
98,vax_base_ops,1015.4,448.86,7106.7,608.92,26.285883203048012
98,no_vax_enh_ops,287.56,130.02,0.0,608.92,78.64744137160875
98,vax_enh_ops,276.92,122.36,7900.4,608.92,79.90540629310911
98,incremental_ring_vax,276.92,122.36,7900.4,130.02,5.891401322873413
98,no_vax_ring1_base_ops,1686.48,765.56,0.0,608.92,-25.724233068383366
98,no_vax_ring1_enh_ops,420.02,189.48,0.0,765.56,75.24949056899524
98,ring1_vax_base_ops,1506.96,675.5,2097.48,765.56,11.763937509796744
98,ring1_vax_enh_ops,353.1,154.58,2659.58,765.56,79.80824494487695
98,comm_base_20,777.42,341.76,20000.0,608.92,43.87440057807265
98,comm_base_40,473.74,199.6,40000.0,608.92,67.22065295933784
98,comm_base_60,309.98,124.0,60000.0,608.92,79.63607698876699
98,comm_base_80,214.38,81.42,80000.0,608.92,86.6287853905275
96,no_vax_base_ops,2054.64,930.68,0.0,930.68,0.0
96,vax_base_ops,1508.28,667.18,7284.6,930.68,28.312631624188768
96,no_vax_enh_ops,453.62,206.22,0.0,930.68,77.8420079941548
96,vax_enh_ops,410.78,183.66,7964.34,930.68,80.26604203378176
96,incremental_ring_vax,410.78,183.66,7964.34,206.22,10.93977305789933
96,no_vax_ring1_base_ops,2877.06,1303.96,0.0,930.68,-40.108307903898236
96,no_vax_ring1_enh_ops,807.84,366.06,0.0,1303.96,71.9270529770852
96,ring1_vax_base_ops,2502.82,1118.78,2795.8,1303.96,14.201355869811962
96,ring1_vax_enh_ops,676.44,296.78,5700.68,1303.96,77.24009938955183
96,comm_base_20,1160.94,509.86,20000.0,930.68,45.21640091116173
96,comm_base_40,701.08,294.88,40000.0,930.68,68.31564017707483
96,comm_base_60,451.8,181.92,60000.0,930.68,80.45300210598703
96,comm_base_80,323.36,124.26,80000.0,930.68,86.64847208492715
97,no_vax_base_ops,1556.2,705.16,0.0,705.16,0.0
97,vax_base_ops,1275.58,562.14,7164.62,705.16,20.281921833342786
97,no_vax_enh_ops,299.42,133.98,0.0,705.16,81.00005672471495
97,vax_enh_ops,277.86,122.3,7975.76,705.16,82.65641840149753
97,incremental_ring_vax,277.86,122.3,7975.76,133.98,8.717719062546644
97,no_vax_ring1_base_ops,2029.92,920.5,0.0,705.16,-30.53775029780476
97,no_vax_ring1_enh_ops,382.16,171.86,0.0,920.5,81.32971211298208
97,ring1_vax_base_ops,1875.4,838.84,2684.74,920.5,8.87126561651276
97,ring1_vax_enh_ops,332.7,145.4,2723.06,920.5,84.20423682781097
97,comm_base_20,1015.0,445.8,20000.0,705.16,36.78030517896647
97,comm_base_40,724.64,303.98,40000.0,705.16,56.89205286743433
97,comm_base_60,508.64,204.18,60000.0,705.16,71.04486924953201
97,comm_base_80,372.02,141.72,80000.0,705.16,79.9024334902717
99,no_vax_base_ops,1435.02,649.72,0.0,649.72,0.0
99,vax_base_ops,1070.9,474.02,7185.62,649.72,27.042418272486614
99,no_vax_enh_ops,273.38,123.34,0.0,649.72,81.01643785015084
99,vax_enh_ops,235.48,103.78,7991.48,649.72,84.0269654620452
99,incremental_ring_vax,235.48,103.78,7991.48,123.34,15.858602237716882
99,no_vax_ring1_base_ops,1823.56,825.74,0.0,649.72,-27.091670257957272
99,no_vax_ring1_enh_ops,322.58,146.36,0.0,825.74,82.27529246494053
99,ring1_vax_base_ops,1627.22,727.22,2393.56,825.74,11.93111633201734
99,ring1_vax_enh_ops,257.2,112.54,2265.88,825.74,86.37101266742557
99,comm_base_20,756.5,333.68,20000.0,649.72,48.64249215046482
99,comm_base_40,434.44,184.5,40000.0,649.72,71.60315212707012
99,comm_base_60,271.4,109.4,60000.0,649.72,83.16197746721666
99,comm_base_80,191.56,71.88,80000.0,649.72,88.93677276365203
100,no_vax_base_ops,1757.84,797.8,0.0,797.8,0.0
100,vax_base_ops,1299.02,574.48,7123.62,797.8,27.991977939333157
100,no_vax_enh_ops,328.46,147.78,0.0,797.8,81.47656054148909
100,vax_enh_ops,295.6,130.46,7929.86,797.8,83.64753070945098
100,incremental_ring_vax,295.6,130.46,7929.86,147.78,11.720124509405869
100,no_vax_ring1_base_ops,2434.34,1103.1,0.0,797.8,-38.26773627475558
100,no_vax_ring1_enh_ops,462.56,207.54,0.0,1103.1,81.1857492521077
100,ring1_vax_base_ops,2155.46,964.84,2531.88,1103.1,12.533768470673547
100,ring1_vax_enh_ops,393.38,169.74,3631.72,1103.1,84.61245580636388
100,comm_base_20,958.2,421.02,20000.0,797.8,47.22737528202558
100,comm_base_40,581.86,244.38,40000.0,797.8,69.36826272248683
100,comm_base_60,344.7,135.62,60000.0,797.8,83.00075206818752
100,comm_base_80,238.18,89.76,80000.0,797.8,88.74905991476561
101,no_vax_base_ops,1549.96,704.78,0.0,704.78,0.0
101,vax_base_ops,1359.74,602.86,6603.04,704.78,14.461250319248554
101,no_vax_enh_ops,301.68,138.42,0.0,704.78,80.35982859899543
101,vax_enh_ops,278.38,124.54,7914.24,704.78,82.32923749255087
101,incremental_ring_vax,278.38,124.54,7914.24,138.42,10.027452680248507
101,no_vax_ring1_base_ops,2031.0,922.54,0.0,704.78,-30.897585062005167
101,no_vax_ring1_enh_ops,400.3,183.04,0.0,922.54,80.15912589156027
101,ring1_vax_base_ops,1936.84,873.26,1832.66,922.54,5.341773798426082
101,ring1_vax_enh_ops,355.76,158.28,2938.14,922.54,82.8430203568409
101,comm_base_20,1027.66,451.6,20000.0,704.78,35.92326683504072
101,comm_base_40,687.68,289.76,40000.0,704.78,58.886461023298054
101,comm_base_60,465.58,186.62,60000.0,704.78,73.5208150061012
101,comm_base_80,345.32,132.66,80000.0,704.78,81.17710491217117
102,no_vax_base_ops,1284.9,582.6,0.0,582.6,0.0
102,vax_base_ops,1034.22,454.92,7083.08,582.6,21.91555097837281
102,no_vax_enh_ops,311.04,141.3,0.0,582.6,75.74665293511843
102,vax_enh_ops,291.5,130.04,7904.22,582.6,77.67936834878134
102,incremental_ring_vax,291.5,130.04,7904.22,141.3,7.96886058032556
102,no_vax_ring1_base_ops,1629.18,738.14,0.0,582.6,-26.6975626501888
102,no_vax_ring1_enh_ops,482.9,219.74,0.0,738.14,70.23057956485219
102,ring1_vax_base_ops,1464.2,654.3,2227.08,738.14,11.35827891727857
102,ring1_vax_enh_ops,398.44,174.76,3813.24,738.14,76.32427452786735
102,comm_base_20,838.86,369.4,20000.0,582.6,36.59457603844834
102,comm_base_40,546.28,231.48,40000.0,582.6,60.26776519052523
102,comm_base_60,363.3,145.42,60000.0,582.6,75.03947820116719
102,comm_base_80,262.32,99.88,80000.0,582.6,82.85616203226914
105,no_vax_base_ops,1490.7,678.58,0.0,678.58,0.0
105,vax_base_ops,1127.18,498.3,7179.18,678.58,26.567243361136494
105,no_vax_enh_ops,256.24,117.94,0.0,678.58,82.61958796309942
105,vax_enh_ops,231.16,103.42,7997.32,678.58,84.75935040820538
105,incremental_ring_vax,231.16,103.42,7997.32,117.94,12.31134475156859
105,no_vax_ring1_base_ops,1846.92,840.14,0.0,678.58,-23.808541365793264
105,no_vax_ring1_enh_ops,290.2,133.26,0.0,840.14,84.13835789273216
105,ring1_vax_base_ops,1656.84,745.1,2189.4,840.14,11.312400314233338
105,ring1_vax_enh_ops,250.32,111.34,1934.56,840.14,86.74744685409574
105,comm_base_20,806.92,357.4,20000.0,678.58,47.33119160600077
105,comm_base_40,481.66,204.22,40000.0,678.58,69.90480120251112
105,comm_base_60,305.44,125.38,60000.0,678.58,81.52318075982198
105,comm_base_80,215.9,81.76,80000.0,678.58,87.95131008871468
104,no_vax_base_ops,1715.16,778.82,0.0,778.82,0.0
104,vax_base_ops,1393.04,616.68,7160.2,778.82,20.81867440486892
104,no_vax_enh_ops,346.98,155.3,0.0,778.82,80.05957730926272
104,vax_enh_ops,315.42,139.02,8111.18,778.82,82.14991910839476
104,incremental_ring_vax,315.42,139.02,8111.18,155.3,10.48293625241468
104,no_vax_ring1_base_ops,2335.6,1059.7,0.0,778.82,-36.0648160036979
104,no_vax_ring1_enh_ops,449.24,201.32,0.0,1059.7,81.00217042559215
104,ring1_vax_base_ops,2188.7,983.4,2054.1,1059.7,7.200150986128156
104,ring1_vax_enh_ops,386.18,168.12,3171.62,1059.7,84.13513258469378
104,comm_base_20,1077.28,473.3,20000.0,778.82,39.228576564546366
104,comm_base_40,676.5,283.9,40000.0,778.82,63.54741788860071
104,comm_base_60,455.2,181.82,60000.0,778.82,76.65442592640147
104,comm_base_80,341.16,129.32,80000.0,778.82,83.39539303048201
106,no_vax_base_ops,1699.0,771.84,0.0,771.84,0.0
106,vax_base_ops,1361.62,602.92,7289.54,771.84,21.885364842454404
106,no_vax_enh_ops,457.72,207.9,0.0,771.84,73.0643656716418
106,vax_enh_ops,423.46,189.24,7922.4,771.84,75.48196517412936
106,incremental_ring_vax,423.46,189.24,7922.4,207.9,8.975468975468972
106,no_vax_ring1_base_ops,2177.42,989.28,0.0,771.84,-28.171641791044767
106,no_vax_ring1_enh_ops,710.84,321.22,0.0,989.28,67.52992075044477
106,ring1_vax_base_ops,2043.36,916.02,2505.34,989.28,7.405385735080057
106,ring1_vax_enh_ops,647.64,285.62,4643.38,989.28,71.12849749312632
106,comm_base_20,1098.02,482.18,20000.0,771.84,37.528503316749585
106,comm_base_40,686.32,290.24,40000.0,771.84,62.39635157545605
106,comm_base_60,479.88,195.14,60000.0,771.84,74.71755804311775
106,comm_base_80,347.82,135.72,80000.0,771.84,82.4160447761194
107,no_vax_base_ops,2224.5,1012.64,0.0,1012.64,0.0
107,vax_base_ops,1609.44,715.88,7255.34,1012.64,29.305577500395007
107,no_vax_enh_ops,359.4,162.66,0.0,1012.64,83.9370358666456
107,vax_enh_ops,315.16,140.72,8051.58,1012.64,86.10364986569758
107,incremental_ring_vax,315.16,140.72,8051.58,162.66,13.488257715480144
107,no_vax_ring1_base_ops,3177.46,1441.56,0.0,1012.64,-42.356612419023534
107,no_vax_ring1_enh_ops,489.12,220.34,0.0,1441.56,84.71516967729404
107,ring1_vax_base_ops,2768.4,1240.22,3201.06,1441.56,13.966813729570738
107,ring1_vax_enh_ops,406.64,177.9,4006.6,1441.56,87.65920253059186
107,comm_base_20,1137.48,502.48,20000.0,1012.64,50.37920682572286
107,comm_base_40,611.88,260.28,40000.0,1012.64,74.29688734397219
107,comm_base_60,369.36,149.58,60000.0,1012.64,85.22870911676411
107,comm_base_80,264.1,101.32,80000.0,1012.64,89.99446990045821
103,no_vax_base_ops,2491.66,1132.08,0.0,1132.08,0.0
103,vax_base_ops,1900.88,841.86,7458.04,1132.08,25.63599745601017
103,no_vax_enh_ops,419.58,192.34,0.0,1132.08,83.01003462652815
103,vax_enh_ops,389.32,176.52,8084.06,1132.08,84.40746237015053
103,incremental_ring_vax,389.32,176.52,8084.06,192.34,8.22501819694291
103,no_vax_ring1_base_ops,3640.44,1649.78,0.0,1132.08,-45.72998374673169
103,no_vax_ring1_enh_ops,629.92,287.22,0.0,1649.78,82.59040599352642
103,ring1_vax_base_ops,3279.92,1465.24,3772.74,1649.78,11.185733855423145
103,ring1_vax_enh_ops,567.66,253.42,4336.12,1649.78,84.63916400974675
103,comm_base_20,1443.4,634.34,20000.0,1132.08,43.966857465903466
103,comm_base_40,843.14,358.54,40000.0,1132.08,68.32909335029326
103,comm_base_60,566.22,232.42,60000.0,1132.08,79.46964878807152
103,comm_base_80,414.02,161.62,80000.0,1132.08,85.72362377217156
108,no_vax_base_ops,1853.44,840.66,0.0,840.66,0.0
108,vax_base_ops,1404.84,619.28,7334.62,840.66,26.33407084909476
108,no_vax_enh_ops,286.44,129.38,0.0,840.66,84.60971141721981
108,vax_enh_ops,257.64,113.96,8138.08,840.66,86.44398448837818
108,incremental_ring_vax,257.64,113.96,8138.08,129.38,11.918379965991655
108,no_vax_ring1_base_ops,2564.6,1161.92,0.0,840.66,-38.21521185735019
108,no_vax_ring1_enh_ops,362.8,164.02,0.0,1161.92,85.88370972183972
108,ring1_vax_base_ops,2255.7,1006.4,3058.12,1161.92,13.384742495180397
108,ring1_vax_enh_ops,313.36,138.06,3161.52,1161.92,88.11794271550538
108,comm_base_20,1078.18,472.62,20000.0,840.66,43.779887231461
108,comm_base_40,678.2,287.46,40000.0,840.66,65.80543858396975
108,comm_base_60,461.16,185.0,60000.0,840.66,77.99348131230224
108,comm_base_80,328.16,125.04,80000.0,840.66,85.12597245021769
109,no_vax_base_ops,2339.1,1066.94,0.0,1066.94,0.0
109,vax_base_ops,1681.22,752.64,7576.08,1066.94,29.458076367930722
109,no_vax_enh_ops,372.42,171.9,0.0,1066.94,83.88850357095995
109,vax_enh_ops,336.48,153.14,8100.48,1066.94,85.64680300672953
109,incremental_ring_vax,336.48,153.14,8100.48,171.9,10.913321698662022
109,no_vax_ring1_base_ops,3353.32,1528.94,0.0,1066.94,-43.301404015221095
109,no_vax_ring1_enh_ops,512.44,236.12,0.0,1528.94,84.5566209269167
109,ring1_vax_base_ops,2695.4,1209.96,3702.48,1528.94,20.86281999293628
109,ring1_vax_enh_ops,423.96,190.8,3623.06,1528.94,87.52076602090337
109,comm_base_20,1163.08,520.38,20000.0,1066.94,51.226873113764604
109,comm_base_40,642.02,279.62,40000.0,1066.94,73.79234071269236
109,comm_base_60,395.44,164.86,60000.0,1066.94,84.54833448928711
109,comm_base_80,279.14,111.08,80000.0,1066.94,89.58891783980354
110,no_vax_base_ops,2080.66,941.94,0.0,941.94,0.0
110,vax_base_ops,1647.28,723.3,7142.42,941.94,23.21166953309129
110,no_vax_enh_ops,270.12,120.72,0.0,941.94,87.18389706350723
110,vax_enh_ops,249.0,110.1,8103.26,941.94,88.31135741130008
110,incremental_ring_vax,249.0,110.1,8103.26,120.72,8.797216699801197
110,no_vax_ring1_base_ops,2992.26,1354.1,0.0,941.94,-43.756502537316585
110,no_vax_ring1_enh_ops,304.46,136.66,0.0,1354.1,89.90768776308987
110,ring1_vax_base_ops,2725.6,1215.64,3276.52,1354.1,10.225241858060691
110,ring1_vax_enh_ops,272.28,119.58,2396.7,1354.1,91.16904216822982
110,comm_base_20,1265.56,553.14,20000.0,941.94,41.276514427670556
110,comm_base_40,860.6,362.14,40000.0,941.94,61.55381446801283
110,comm_base_60,562.4,223.92,60000.0,941.94,76.227785209249
110,comm_base_80,407.54,154.08,80000.0,941.94,83.64227020829351
112,no_vax_base_ops,1700.04,771.96,0.0,771.96,0.0
112,vax_base_ops,1292.42,572.76,7446.62,771.96,25.804445826208614
112,no_vax_enh_ops,366.26,166.48,0.0,771.96,78.43411575729311
112,vax_enh_ops,334.86,150.44,8058.62,771.96,80.51194362402197
112,incremental_ring_vax,334.86,150.44,8058.62,166.48,9.634790965881782
112,no_vax_ring1_base_ops,2057.86,934.62,0.0,771.96,-21.071039950256484
112,no_vax_ring1_enh_ops,568.72,257.72,0.0,934.62,72.42515674819713
112,ring1_vax_base_ops,1803.32,809.82,2360.88,934.62,13.353020478911212
112,ring1_vax_enh_ops,496.0,219.8,4281.22,934.62,76.48242066294323
112,comm_base_20,939.36,412.66,20000.0,771.96,46.54386237628893
112,comm_base_40,604.54,255.58,40000.0,771.96,66.8920669464739
112,comm_base_60,402.46,163.24,60000.0,771.96,78.85382662314109
112,comm_base_80,293.36,113.02,80000.0,771.96,85.35934504378464
111,no_vax_base_ops,1960.08,891.82,0.0,891.82,0.0
111,vax_base_ops,1429.7,634.12,7316.52,891.82,28.89596555358705
111,no_vax_enh_ops,360.2,161.98,0.0,891.82,81.83714202417528
111,vax_enh_ops,330.8,146.24,8006.86,891.82,83.60207216702922
111,incremental_ring_vax,330.8,146.24,8006.86,161.98,9.71724904309173
111,no_vax_ring1_base_ops,2700.2,1227.74,0.0,891.82,-37.66679374761722
111,no_vax_ring1_enh_ops,578.92,262.52,0.0,1227.74,78.61762262368254
111,ring1_vax_base_ops,2351.7,1053.5,3193.02,1227.74,14.19192988743545
111,ring1_vax_enh_ops,480.94,210.94,5062.92,1227.74,82.81883786469447
111,comm_base_20,1070.54,470.18,20000.0,891.82,47.27859882038977
111,comm_base_40,620.14,261.64,40000.0,891.82,70.66224125944697
111,comm_base_60,383.94,154.26,60000.0,891.82,82.7027875580274
111,comm_base_80,270.94,103.14,80000.0,891.82,88.43488596353524
114,no_vax_base_ops,2090.22,944.18,0.0,944.18,0.0
114,vax_base_ops,1529.38,679.82,7169.38,944.18,27.998898515113634
114,no_vax_enh_ops,331.36,150.42,0.0,944.18,84.06871571098732
114,vax_enh_ops,299.3,133.92,8071.4,944.18,85.81626384799509
114,incremental_ring_vax,299.3,133.92,8071.4,150.42,10.969285999202235
114,no_vax_ring1_base_ops,2911.42,1315.14,0.0,944.18,-39.28911860026692
114,no_vax_ring1_enh_ops,431.04,195.62,0.0,1315.14,85.12553796553978
114,ring1_vax_base_ops,2478.5,1107.5,2525.9,1315.14,15.788433170613022
114,ring1_vax_enh_ops,366.5,162.4,2811.22,1315.14,87.65150478276077
114,comm_base_20,1060.22,469.76,20000.0,944.18,50.24677497934715
114,comm_base_40,597.9,255.52,40000.0,944.18,72.93736363828931
114,comm_base_60,386.38,158.04,60000.0,944.18,83.26166620771464
114,comm_base_80,275.22,106.66,80000.0,944.18,88.70342519434854
116,no_vax_base_ops,1449.88,655.8,0.0,655.8,0.0
116,vax_base_ops,1238.68,545.64,7202.92,655.8,16.79780420860018
116,no_vax_enh_ops,427.58,193.1,0.0,655.8,70.55504727050929
116,vax_enh_ops,393.04,174.86,7915.02,655.8,73.33638304361085
116,incremental_ring_vax,393.04,174.86,7915.02,193.1,9.445882962195745
116,no_vax_ring1_base_ops,1981.3,896.66,0.0,655.8,-36.72766087221714
116,no_vax_ring1_enh_ops,636.38,289.22,0.0,896.66,67.7447415965918
116,ring1_vax_base_ops,1857.78,832.18,2186.92,896.66,7.191131532576453
116,ring1_vax_enh_ops,600.68,266.6,3757.88,896.66,70.26743693261659
116,comm_base_20,1018.36,447.4,20000.0,655.8,31.777981091796278
116,comm_base_40,707.76,299.48,40000.0,655.8,54.33363830436108
116,comm_base_60,501.84,204.98,60000.0,655.8,68.74351936566026
116,comm_base_80,395.8,154.98,80000.0,655.8,76.36779505946934
115,no_vax_base_ops,1932.16,876.48,0.0,876.48,0.0
115,vax_base_ops,1578.22,694.62,7158.68,876.48,20.748904709748082
115,no_vax_enh_ops,390.42,180.12,0.0,876.48,79.44961664841183
115,vax_enh_ops,349.78,158.04,8006.94,876.48,81.96878422782036
115,incremental_ring_vax,349.78,158.04,8006.94,180.12,12.258494337108601
115,no_vax_ring1_base_ops,2799.92,1270.76,0.0,876.48,-44.98448338809784
115,no_vax_ring1_enh_ops,620.52,281.58,0.0,1270.76,77.84160659762662
115,ring1_vax_base_ops,2538.1,1135.92,2591.4,1270.76,10.610972961062666
115,ring1_vax_enh_ops,519.36,230.5,4853.62,1270.76,81.86124838679216
115,comm_base_20,1276.16,560.56,20000.0,876.48,36.044176706827315
115,comm_base_40,854.42,359.66,40000.0,876.48,58.96540708287695
115,comm_base_60,573.84,232.08,60000.0,876.48,73.52135815991238
115,comm_base_80,409.4,157.74,80000.0,876.48,82.00301204819277
113,no_vax_base_ops,2877.54,1304.72,0.0,1304.72,0.0
113,vax_base_ops,2084.02,920.04,7414.78,1304.72,29.48372064504262
113,no_vax_enh_ops,442.66,199.44,0.0,1304.72,84.71396161628549
113,vax_enh_ops,407.06,181.54,8059.92,1304.72,86.08590348887117
113,incremental_ring_vax,407.06,181.54,8059.92,199.44,8.975130365022064
113,no_vax_ring1_base_ops,4531.74,2061.86,0.0,1304.72,-58.03084186645412
113,no_vax_ring1_enh_ops,724.96,326.94,0.0,2061.86,84.14344329876907
113,ring1_vax_base_ops,3806.92,1698.14,4322.22,2061.86,17.640382955195793
113,ring1_vax_enh_ops,629.02,276.48,6206.32,2061.86,86.59074815942886
113,comm_base_20,1448.14,638.26,20000.0,1304.72,51.080691642651296
113,comm_base_40,812.18,343.26,40000.0,1304.72,73.69090686124225
113,comm_base_60,512.62,205.58,60000.0,1304.72,84.2433625605494
113,comm_base_80,349.34,132.9,80000.0,1304.72,89.81390643203139
117,no_vax_base_ops,1698.24,766.14,0.0,766.14,0.0
117,vax_base_ops,1384.96,609.04,7197.18,766.14,20.50539065967056
117,no_vax_enh_ops,314.62,142.22,0.0,766.14,81.43681311509646
117,vax_enh_ops,286.5,126.34,8098.04,766.14,83.50954133709243
117,incremental_ring_vax,286.5,126.34,8098.04,142.22,11.165799465616647
117,no_vax_ring1_base_ops,2260.72,1020.68,0.0,766.14,-33.223692797660995
117,no_vax_ring1_enh_ops,400.72,180.42,0.0,1020.68,82.32354900654467
117,ring1_vax_base_ops,2099.22,936.7,2510.64,1020.68,8.227848101265815
117,ring1_vax_enh_ops,345.74,151.06,3545.2,1020.68,85.20006270329583
117,comm_base_20,1095.82,478.82,20000.0,766.14,37.50228417782651
117,comm_base_40,709.82,298.78,40000.0,766.14,61.001905656929544
117,comm_base_60,496.9,199.92,60000.0,766.14,73.90555250998513
117,comm_base_80,370.94,141.66,80000.0,766.14,81.50990680554467
119,no_vax_base_ops,1262.62,574.38,0.0,574.38,0.0
119,vax_base_ops,923.08,407.34,7053.7,574.38,29.08179254152304
119,no_vax_enh_ops,272.56,124.38,0.0,574.38,78.34534628643058
119,vax_enh_ops,244.42,109.88,7964.18,574.38,80.86980744454891
119,incremental_ring_vax,244.42,109.88,7964.18,124.38,11.657822801093424
119,no_vax_ring1_base_ops,1568.6,713.5,0.0,574.38,-24.22089905637383
119,no_vax_ring1_enh_ops,360.88,164.0,0.0,713.5,77.01471618780658
119,ring1_vax_base_ops,1386.26,623.54,1970.36,713.5,12.60826909600561
119,ring1_vax_enh_ops,294.6,129.62,2392.56,713.5,81.833216538192
119,comm_base_20,674.64,297.66,20000.0,574.38,48.177164943069045
119,comm_base_40,420.08,179.36,40000.0,574.38,68.77328597792402
119,comm_base_60,274.7,111.6,60000.0,574.38,80.57035412096522
119,comm_base_80,196.4,76.04,80000.0,574.38,86.76137748528849
118,no_vax_base_ops,2005.16,906.58,0.0,906.58,0.0
118,vax_base_ops,1546.02,681.06,7076.94,906.58,24.875907255840644
118,no_vax_enh_ops,289.8,130.74,0.0,906.58,85.5787685587593
118,vax_enh_ops,261.26,115.1,8090.98,906.58,87.3039334642282
118,incremental_ring_vax,261.26,115.1,8090.98,130.74,11.962674009484482
118,no_vax_ring1_base_ops,2921.82,1321.7,0.0,906.58,-45.78967107149948
118,no_vax_ring1_enh_ops,359.68,161.36,0.0,1321.7,87.7914806688356
118,ring1_vax_base_ops,2494.26,1115.9,2582.04,1321.7,15.570855716123171
118,ring1_vax_enh_ops,311.42,136.16,2679.3,1321.7,89.69811606264659
118,comm_base_20,1034.02,453.64,20000.0,906.58,49.961393368483755
118,comm_base_40,588.96,248.48,40000.0,906.58,72.59149771669351
118,comm_base_60,349.56,141.44,60000.0,906.58,84.39850868097687
118,comm_base_80,235.86,89.86,80000.0,906.58,90.08802311985704
120,no_vax_base_ops,1806.8,823.18,0.0,823.18,0.0
120,vax_base_ops,1374.2,606.0,7372.12,823.18,26.383051094535823
120,no_vax_enh_ops,265.9,120.86,0.0,823.18,85.317913457567
120,vax_enh_ops,237.2,105.92,8086.72,823.18,87.13282635632548
120,incremental_ring_vax,237.2,105.92,8086.72,120.86,12.361409895747144
120,no_vax_ring1_base_ops,2454.22,1116.4,0.0,823.18,-35.62039894069343
120,no_vax_ring1_enh_ops,304.9,138.56,0.0,1116.4,87.58867789322824
120,ring1_vax_base_ops,2193.22,984.86,2887.7,1116.4,11.782515227517024
120,ring1_vax_enh_ops,261.88,116.72,2030.38,1116.4,89.54496596202077
120,comm_base_20,1026.82,450.5,20000.0,823.18,45.27320877572341
120,comm_base_40,646.0,272.98,40000.0,823.18,66.83835856070361
120,comm_base_60,427.1,170.48,60000.0,823.18,79.29007021550572
120,comm_base_80,310.68,117.64,80000.0,823.18,85.70907942369834
121,no_vax_base_ops,1526.44,689.14,0.0,689.14,0.0
121,vax_base_ops,1204.52,531.82,6790.1,689.14,22.828452854282137
121,no_vax_enh_ops,263.64,120.4,0.0,689.14,82.52894912499637
121,vax_enh_ops,234.44,104.74,7998.06,689.14,84.80134660591462
121,incremental_ring_vax,234.44,104.74,7998.06,120.4,13.006644518272434
121,no_vax_ring1_base_ops,2004.46,903.92,0.0,689.14,-31.166381286821252
121,no_vax_ring1_enh_ops,330.5,149.42,0.0,903.92,83.46977608637933
121,ring1_vax_base_ops,1781.02,796.92,1599.16,903.92,11.837330737233383
121,ring1_vax_enh_ops,265.28,116.08,2515.52,903.92,87.15815558899017
121,comm_base_20,827.56,362.06,20000.0,689.14,47.46205415445338
121,comm_base_40,476.76,202.02,40000.0,689.14,70.68520184577879
121,comm_base_60,293.72,119.36,60000.0,689.14,82.67986185680704
121,comm_base_80,200.26,77.34,80000.0,689.14,88.77731665554168
124,no_vax_base_ops,1679.48,763.64,0.0,763.64,0.0
124,vax_base_ops,1255.12,558.08,7124.98,763.64,26.918443245508346
124,no_vax_enh_ops,287.04,132.18,0.0,763.64,82.69079671049185
124,vax_enh_ops,250.28,113.18,8042.38,763.64,85.17888010057095
124,incremental_ring_vax,250.28,113.18,8042.38,132.18,14.374338023906793
124,no_vax_ring1_base_ops,2152.6,977.56,0.0,763.64,-28.013199937143153
124,no_vax_ring1_enh_ops,348.16,159.78,0.0,977.56,83.65522320880561
124,ring1_vax_base_ops,1902.22,853.34,2565.1,977.56,12.707148410327747
124,ring1_vax_enh_ops,281.62,126.14,2297.52,977.56,87.09644420802816
124,comm_base_20,949.36,420.5,20000.0,763.64,44.934786024828455
124,comm_base_40,559.5,239.62,40000.0,763.64,68.62133989838144
124,comm_base_60,352.54,144.66,60000.0,763.64,81.05651877848202
124,comm_base_80,256.66,99.66,80000.0,763.64,86.94934786024828
122,no_vax_base_ops,2278.02,1033.08,0.0,1033.08,0.0
122,vax_base_ops,1620.1,717.4,7238.68,1033.08,30.557168854299764
122,no_vax_enh_ops,300.2,133.98,0.0,1033.08,87.03101405505865
122,vax_enh_ops,271.66,119.28,8054.44,1033.08,88.45394354745035
122,incremental_ring_vax,271.66,119.28,8054.44,133.98,10.971786833855791
122,no_vax_ring1_base_ops,3424.76,1556.7,0.0,1033.08,-50.685329306539685
122,no_vax_ring1_enh_ops,393.28,175.8,0.0,1556.7,88.70687993833108
122,ring1_vax_base_ops,2925.26,1308.5,3549.6,1556.7,15.943984068863625
122,ring1_vax_enh_ops,318.44,138.02,2855.46,1556.7,91.13380869788655
122,comm_base_20,1093.76,480.0,20000.0,1033.08,53.53699616680218
122,comm_base_40,582.06,246.8,40000.0,1033.08,76.11027219576413
122,comm_base_60,349.52,141.16,60000.0,1033.08,86.33600495605374
122,comm_base_80,244.82,91.9,80000.0,1033.08,91.10427072443568
123,no_vax_base_ops,2162.18,978.02,0.0,978.02,0.0
123,vax_base_ops,1649.26,731.54,7210.56,978.02,25.20193861066236
123,no_vax_enh_ops,370.8,169.26,0.0,978.02,82.69360544774136
123,vax_enh_ops,338.58,151.32,7986.58,978.02,84.5279237643402
123,incremental_ring_vax,338.58,151.32,7986.58,169.26,10.599078341013824
123,no_vax_ring1_base_ops,3308.36,1501.4,0.0,978.02,-53.514243062514076
123,no_vax_ring1_enh_ops,587.28,267.24,0.0,1501.4,82.20061276142268
123,ring1_vax_base_ops,2876.68,1285.94,3053.4,1501.4,14.350606100972428
123,ring1_vax_enh_ops,507.8,224.82,4033.46,1501.4,85.02597575596111
123,comm_base_20,1155.26,511.26,20000.0,978.02,47.7249953988671
123,comm_base_40,638.16,272.14,40000.0,978.02,72.17439316169404
123,comm_base_60,378.3,154.52,60000.0,978.02,84.20073209136828
123,comm_base_80,259.56,99.12,80000.0,978.02,89.86523792969469
126,no_vax_base_ops,1219.78,556.62,0.0,556.62,0.0
126,vax_base_ops,1014.9,451.86,6856.38,556.62,18.82073946318853
126,no_vax_enh_ops,300.12,135.44,0.0,556.62,75.66742122094068
126,vax_enh_ops,268.72,119.7,7885.38,556.62,78.49520319068664
126,incremental_ring_vax,268.72,119.7,7885.38,135.44,11.62138216184288
126,no_vax_ring1_base_ops,1506.58,688.66,0.0,556.62,-23.72174912866946
126,no_vax_ring1_enh_ops,396.44,179.38,0.0,688.66,73.95231318793019
126,ring1_vax_base_ops,1384.64,626.22,1654.18,688.66,9.06688351290912
126,ring1_vax_enh_ops,346.16,152.42,2384.7,688.66,77.86716231522087
126,comm_base_20,808.18,358.02,20000.0,556.62,35.67963781394848
126,comm_base_40,565.96,241.22,40000.0,556.62,56.66343286263518
126,comm_base_60,389.46,156.14,60000.0,556.62,71.94854658474362
126,comm_base_80,286.96,110.54,80000.0,556.62,80.14085013114872
127,no_vax_base_ops,1730.26,788.2,0.0,788.2,0.0
127,vax_base_ops,1320.62,585.32,7303.3,788.2,25.739659984775436
127,no_vax_enh_ops,281.9,127.18,0.0,788.2,83.86450139558487
127,vax_enh_ops,251.42,111.46,8133.06,788.2,85.85891905607713
127,incremental_ring_vax,251.42,111.46,8133.06,127.18,12.360434030507951
127,no_vax_ring1_base_ops,2366.62,1077.08,0.0,788.2,-36.65059629535649
127,no_vax_ring1_enh_ops,340.84,153.64,0.0,1077.08,85.73550711182085
127,ring1_vax_base_ops,2096.28,943.34,2597.74,1077.08,12.41690496527648
127,ring1_vax_enh_ops,289.0,126.36,2659.54,1077.08,88.26828090763917
127,comm_base_20,959.58,422.28,20000.0,788.2,46.42476528799798
127,comm_base_40,559.1,237.24,40000.0,788.2,69.90104034509008
127,comm_base_60,357.32,143.82,60000.0,788.2,81.7533620908399
127,comm_base_80,253.52,96.2,80000.0,788.2,87.79497589444303
128,no_vax_base_ops,2257.56,1025.18,0.0,1025.18,0.0
128,vax_base_ops,1658.04,736.78,7231.6,1025.18,28.131645174505945
128,no_vax_enh_ops,320.2,144.6,0.0,1025.18,85.89515987436351
128,vax_enh_ops,276.58,122.78,8082.24,1025.18,88.02356659318365
128,incremental_ring_vax,276.58,122.78,8082.24,144.6,15.089903181189483
128,no_vax_ring1_base_ops,3245.74,1474.52,0.0,1025.18,-43.830351743108515
128,no_vax_ring1_enh_ops,391.96,176.44,0.0,1474.52,88.03407210482055
128,ring1_vax_base_ops,2793.48,1254.6,3028.26,1474.52,14.914684100588671
128,ring1_vax_enh_ops,330.9,144.74,2745.62,1474.52,90.18392426009821
128,comm_base_20,1067.18,471.28,20000.0,1025.18,54.029536276556314
128,comm_base_40,572.58,244.82,40000.0,1025.18,76.11931563237677
128,comm_base_60,354.9,144.24,60000.0,1025.18,85.93027565890867
128,comm_base_80,240.0,90.98,80000.0,1025.18,91.12546089467214
125,no_vax_base_ops,2762.64,1246.7,0.0,1246.7,0.0
125,vax_base_ops,2179.6,956.34,7367.04,1246.7,23.290286355979784
125,no_vax_enh_ops,421.18,187.06,0.0,1246.7,84.9955883532526
125,vax_enh_ops,384.44,167.88,8055.62,1246.7,86.53404989171413
125,incremental_ring_vax,384.44,167.88,8055.62,187.06,10.253394632738162
125,no_vax_ring1_base_ops,4255.86,1927.08,0.0,1246.7,-54.57447661827222
125,no_vax_ring1_enh_ops,691.54,310.4,0.0,1927.08,83.89272889553105
125,ring1_vax_base_ops,3832.06,1704.86,3918.34,1927.08,11.531436162484175
125,ring1_vax_enh_ops,605.8,263.62,4890.76,1927.08,86.32023579716463
125,comm_base_20,1671.2,727.24,20000.0,1246.7,41.66680035293174
125,comm_base_40,1007.78,422.36,40000.0,1246.7,66.1217614502286
125,comm_base_60,690.1,275.52,60000.0,1246.7,77.90005614823133
125,comm_base_80,496.1,185.42,80000.0,1246.7,85.12713563808454
129,no_vax_base_ops,1786.66,815.52,0.0,815.52,0.0
129,vax_base_ops,1364.74,608.64,7351.46,815.52,25.3678634490877
129,no_vax_enh_ops,267.68,122.38,0.0,815.52,84.99362370021582
129,vax_enh_ops,243.98,109.62,8069.62,815.52,86.5582695703355
129,incremental_ring_vax,243.98,109.62,8069.62,122.38,10.426540284360183
129,no_vax_ring1_base_ops,2678.56,1219.16,0.0,815.52,-49.494800863252905
129,no_vax_ring1_enh_ops,326.4,149.32,0.0,1219.16,87.75222284195677
129,ring1_vax_base_ops,2308.7,1036.6,3097.88,1219.16,14.97424456182947
129,ring1_vax_enh_ops,275.74,121.18,3017.8,1219.16,90.06036943469273
129,comm_base_20,945.4,419.58,20000.0,815.52,48.55061801059447
129,comm_base_40,534.4,229.28,40000.0,815.52,71.88542279772415
129,comm_base_60,341.66,140.38,60000.0,815.52,82.78644300568962
129,comm_base_80,232.5,90.24,80000.0,815.52,88.93466745144202
131,no_vax_base_ops,1401.1,636.58,0.0,636.58,0.0
131,vax_base_ops,1130.84,502.42,6411.46,636.58,21.07512017342675
131,no_vax_enh_ops,320.3,145.4,0.0,636.58,77.15919444531717
131,vax_enh_ops,292.8,130.24,7904.88,636.58,79.54067045775864
131,incremental_ring_vax,292.8,130.24,7904.88,145.4,10.426409903713889
131,no_vax_ring1_base_ops,1712.66,778.88,0.0,636.58,-22.353828269816827
131,no_vax_ring1_enh_ops,445.26,202.08,0.0,778.88,74.05505341002464
131,ring1_vax_base_ops,1592.52,719.48,1133.6,778.88,7.626335250616267
131,ring1_vax_enh_ops,383.14,167.68,2770.02,778.88,78.47165160230075
131,comm_base_20,849.3,374.24,20000.0,636.58,41.21084545540231
131,comm_base_40,515.06,217.78,40000.0,636.58,65.78906029092967
131,comm_base_60,351.36,141.34,60000.0,636.58,77.7969775990449
131,comm_base_80,252.96,95.86,80000.0,636.58,84.94140563636934
132,no_vax_base_ops,1770.36,799.44,0.0,799.44,0.0
132,vax_base_ops,1382.14,608.72,7056.74,799.44,23.85669968978285
132,no_vax_enh_ops,287.6,129.78,0.0,799.44,83.7661362954068
132,vax_enh_ops,260.82,115.84,7953.9,799.44,85.50985689982987
132,incremental_ring_vax,260.82,115.84,7953.9,129.78,10.741254430574816
132,no_vax_ring1_base_ops,2505.36,1130.88,0.0,799.44,-41.45902131492045
132,no_vax_ring1_enh_ops,398.66,179.74,0.0,1130.88,84.10618279569893
132,ring1_vax_base_ops,2231.06,994.42,2424.64,1130.88,12.06670911148841
132,ring1_vax_enh_ops,326.34,141.74,2938.02,1130.88,87.46639784946237
132,comm_base_20,912.94,401.32,20000.0,799.44,49.799859901931356
132,comm_base_40,530.8,225.86,40000.0,799.44,71.74772340638448
132,comm_base_60,323.34,130.06,60000.0,799.44,83.73111177824478
132,comm_base_80,217.94,82.12,80000.0,799.44,89.72780946662664
130,no_vax_base_ops,1873.66,851.08,0.0,851.08,0.0
130,vax_base_ops,1543.46,683.68,7139.82,851.08,19.669126286600562
130,no_vax_enh_ops,306.32,140.82,0.0,851.08,83.45396437467687
130,vax_enh_ops,298.2,134.48,7996.54,851.08,84.1989002208958
130,incremental_ring_vax,298.2,134.48,7996.54,140.82,4.502201391847752
130,no_vax_ring1_base_ops,2693.42,1223.2,0.0,851.08,-43.7232692578841
130,no_vax_ring1_enh_ops,440.58,200.84,0.0,1223.2,83.58077174623936
130,ring1_vax_base_ops,2461.28,1100.96,3014.22,1223.2,9.99345977763244
130,ring1_vax_enh_ops,406.86,181.14,4165.68,1223.2,85.19130150425114
130,comm_base_20,1227.4,542.1,20000.0,851.08,36.30446021525591
130,comm_base_40,817.62,347.2,40000.0,851.08,59.20477510927293
130,comm_base_60,558.34,228.12,60000.0,851.08,73.1964092682239
130,comm_base_80,407.9,159.0,80000.0,851.08,81.31785496075574
133,no_vax_base_ops,1543.22,699.44,0.0,699.44,0.0
133,vax_base_ops,1247.04,549.76,7123.32,699.44,21.3999771245568
133,no_vax_enh_ops,239.94,108.28,0.0,699.44,84.51904380647376
133,vax_enh_ops,229.86,101.58,8062.28,699.44,85.4769529909642
133,incremental_ring_vax,229.86,101.58,8062.28,108.28,6.187661618027339
133,no_vax_ring1_base_ops,2085.24,949.7,0.0,699.44,-35.78005261351938
133,no_vax_ring1_enh_ops,281.9,127.46,0.0,949.7,86.57891965883962
133,ring1_vax_base_ops,1880.2,841.66,2510.26,949.7,11.376224070759195
133,ring1_vax_enh_ops,249.26,108.56,2408.36,949.7,88.56902179635675
133,comm_base_20,983.66,431.86,20000.0,699.44,38.256319341187236
133,comm_base_40,649.04,273.44,40000.0,699.44,60.90586755118381
133,comm_base_60,435.42,174.26,60000.0,699.44,75.08578291204392
133,comm_base_80,309.5,115.92,80000.0,699.44,83.4267413931145
134,no_vax_base_ops,1702.0,766.92,0.0,766.92,0.0
134,vax_base_ops,1317.26,576.48,7327.9,766.92,24.831794711312774
134,no_vax_enh_ops,372.26,167.32,0.0,766.92,78.18286131539143
134,vax_enh_ops,337.54,148.26,8076.66,766.92,80.66812705366922
134,incremental_ring_vax,337.54,148.26,8076.66,167.32,11.391345923978008
134,no_vax_ring1_base_ops,2285.38,1030.62,0.0,766.92,-34.38429040838679
134,no_vax_ring1_enh_ops,545.94,245.08,0.0,1030.62,76.220139333605
134,ring1_vax_base_ops,2069.64,920.42,2549.28,1030.62,10.692592808212526
134,ring1_vax_enh_ops,463.48,201.26,4088.54,1030.62,80.47194892394869
134,comm_base_20,1014.5,440.84,20000.0,766.92,42.51812444583529
134,comm_base_40,640.16,267.76,40000.0,766.92,65.08631930318677
134,comm_base_60,440.02,174.46,60000.0,766.92,77.25186460126218
134,comm_base_80,322.26,122.1,80000.0,766.92,84.07917383820998
135,no_vax_base_ops,1883.2,855.14,0.0,855.14,0.0
135,vax_base_ops,1479.56,653.74,7101.54,855.14,23.551699136983412
135,no_vax_enh_ops,362.78,165.0,0.0,855.14,80.70491381528171
135,vax_enh_ops,323.98,143.82,7994.8,855.14,83.1817012419019
135,incremental_ring_vax,323.98,143.82,7994.8,165.0,12.836363636363641
135,no_vax_ring1_base_ops,2639.6,1199.46,0.0,855.14,-40.2647519704376
135,no_vax_ring1_enh_ops,543.54,247.9,0.0,1199.46,79.33236623147083
135,ring1_vax_base_ops,2390.18,1070.16,2680.58,1199.46,10.77985093291981
135,ring1_vax_enh_ops,466.6,205.6,3667.58,1199.46,82.85895319560468
135,comm_base_20,1059.08,465.9,20000.0,855.14,45.51769300933181
135,comm_base_40,657.82,279.72,40000.0,855.14,67.28956662067029
135,comm_base_60,437.36,176.28,60000.0,855.14,79.3858315597446
135,comm_base_80,308.78,117.22,80000.0,855.14,86.29230301471104
136,no_vax_base_ops,1702.62,770.22,0.0,770.22,0.0
136,vax_base_ops,1237.3,545.08,7431.48,770.22,29.230609436264963
136,no_vax_enh_ops,332.46,151.36,0.0,770.22,80.34847186518138
136,vax_enh_ops,292.98,130.36,8026.56,770.22,83.0749655942458
136,incremental_ring_vax,292.98,130.36,8026.56,151.36,13.874207188160675
136,no_vax_ring1_base_ops,2275.18,1030.7,0.0,770.22,-33.818908883176235
136,no_vax_ring1_enh_ops,483.14,218.82,0.0,1030.7,78.76976811875426
136,ring1_vax_base_ops,1934.68,861.38,3177.04,1030.7,16.42767051518386
136,ring1_vax_enh_ops,393.58,172.28,3587.3,1030.7,83.28514601726981
136,comm_base_20,840.14,370.22,20000.0,770.22,51.93321388694139
136,comm_base_40,467.9,199.58,40000.0,770.22,74.08792293111058
136,comm_base_60,302.1,124.02,60000.0,770.22,83.89810703435383
136,comm_base_80,210.34,80.24,80000.0,770.22,89.58219729427955
137,no_vax_base_ops,2298.82,1040.24,0.0,1040.24,0.0
137,vax_base_ops,1681.64,743.64,7274.52,1040.24,28.512650926709224
137,no_vax_enh_ops,331.72,149.52,0.0,1040.24,85.6263939090979
137,vax_enh_ops,290.12,128.22,8135.96,1040.24,87.67399830808274
137,incremental_ring_vax,290.12,128.22,8135.96,149.52,14.245585874799364
137,no_vax_ring1_base_ops,3241.58,1469.88,0.0,1040.24,-41.30200722910099
137,no_vax_ring1_enh_ops,429.44,193.06,0.0,1469.88,86.8655944702969
137,ring1_vax_base_ops,2858.38,1282.18,2718.34,1469.88,12.769749911557408
137,ring1_vax_enh_ops,352.84,154.3,3219.94,1469.88,89.50254442539529
137,comm_base_20,1103.84,485.2,20000.0,1040.24,53.35691763439206
137,comm_base_40,616.76,262.66,40000.0,1040.24,74.75005767899715
137,comm_base_60,386.86,156.62,60000.0,1040.24,84.94385910943629
137,comm_base_80,278.0,106.7,80000.0,1040.24,89.74275167269091
138,no_vax_base_ops,1841.5,830.84,0.0,830.84,0.0
138,vax_base_ops,1465.74,645.66,7016.38,830.84,22.288286553367683
138,no_vax_enh_ops,285.16,126.3,0.0,830.84,84.79851716335277
138,vax_enh_ops,261.1,112.7,8012.74,830.84,86.4354147609648
138,incremental_ring_vax,261.1,112.7,8012.74,126.3,10.768012668250195
138,no_vax_ring1_base_ops,2819.94,1275.86,0.0,830.84,-53.56265947715563
138,no_vax_ring1_enh_ops,390.38,173.86,0.0,1275.86,86.3731130374806
138,ring1_vax_base_ops,2485.06,1110.04,2764.9,1275.86,12.996723778470987
138,ring1_vax_enh_ops,316.82,135.06,3038.62,1275.86,89.41419905005252
138,comm_base_20,994.72,435.6,20000.0,830.84,47.571132829425636
138,comm_base_40,553.0,233.76,40000.0,830.84,71.8646189398681
138,comm_base_60,333.3,130.66,60000.0,830.84,84.27374705117712
138,comm_base_80,227.1,83.36,80000.0,830.84,89.96678060757787
141,no_vax_base_ops,1406.38,640.66,0.0,640.66,0.0
141,vax_base_ops,1103.98,488.58,7312.2,640.66,23.738020166703087
141,no_vax_enh_ops,289.84,131.56,0.0,640.66,79.46492679424344
141,vax_enh_ops,263.98,117.82,7998.96,640.66,81.60959011019885
141,incremental_ring_vax,263.98,117.82,7998.96,131.56,10.443903922164798
141,no_vax_ring1_base_ops,1869.62,851.84,0.0,640.66,-32.962882027908734
141,no_vax_ring1_enh_ops,358.92,163.0,0.0,851.84,80.86495116453794
141,ring1_vax_base_ops,1675.5,753.68,2612.42,851.84,11.523290758827956
141,ring1_vax_enh_ops,316.86,138.92,2641.1,851.84,83.69177310293013
141,comm_base_20,854.72,379.06,20000.0,640.66,40.83289108107264
141,comm_base_40,551.54,234.1,40000.0,640.66,63.459557331501884
141,comm_base_60,380.68,153.8,60000.0,640.66,75.99350669621951
141,comm_base_80,267.6,102.74,80000.0,640.66,83.96341273062154
139,no_vax_base_ops,2737.84,1247.74,0.0,1247.74,0.0
139,vax_base_ops,2075.68,921.14,7256.16,1247.74,26.175324987577543
139,no_vax_enh_ops,313.56,141.46,0.0,1247.74,88.66270216551526
139,vax_enh_ops,284.92,126.24,8140.74,1247.74,89.88250757369323
139,incremental_ring_vax,284.92,126.24,8140.74,141.46,10.759225222677799
139,no_vax_ring1_base_ops,4407.18,2005.34,0.0,1247.74,-60.71777774215781
139,no_vax_ring1_enh_ops,402.62,182.2,0.0,2005.34,90.91425892866047
139,ring1_vax_base_ops,3831.76,1717.68,3567.38,2005.34,14.344699651929343
139,ring1_vax_enh_ops,339.54,148.36,3511.54,2005.34,92.60175331863924
139,comm_base_20,1435.74,634.66,20000.0,1247.74,49.135236507605754
139,comm_base_40,830.74,350.88,40000.0,1247.74,71.87875679228044
139,comm_base_60,529.94,212.26,60000.0,1247.74,82.98844310513408
139,comm_base_80,367.74,136.92,80000.0,1247.74,89.0265600205171
140,no_vax_base_ops,2846.18,1295.42,0.0,1295.42,0.0
140,vax_base_ops,2311.66,1025.92,7217.18,1295.42,20.804063546957742
140,no_vax_enh_ops,365.82,164.42,0.0,1295.42,87.307591360331
140,vax_enh_ops,346.88,153.1,8096.78,1295.42,88.18143922434423
140,incremental_ring_vax,346.88,153.1,8096.78,164.42,6.8848072010704255
140,no_vax_ring1_base_ops,4346.48,1979.5,0.0,1295.42,-52.80758364082691
140,no_vax_ring1_enh_ops,491.3,221.36,0.0,1979.5,88.81737812578935
140,ring1_vax_base_ops,3952.38,1773.96,3559.9,1979.5,10.383430159131091
140,ring1_vax_enh_ops,446.34,195.06,3843.06,1979.5,90.14599646375348
140,comm_base_20,1820.5,802.96,20000.0,1295.42,38.015469886214504
140,comm_base_40,1168.9,494.16,40000.0,1295.42,61.85329854410152
140,comm_base_60,809.34,327.68,60000.0,1295.42,74.70472896821107
140,comm_base_80,579.66,222.62,80000.0,1295.42,82.81483997468003
143,no_vax_base_ops,1443.14,653.28,0.0,653.28,0.0
143,vax_base_ops,1070.5,471.4,7178.94,653.28,27.841048248836643
143,no_vax_enh_ops,332.78,152.0,0.0,653.28,76.73279451383787
143,vax_enh_ops,297.68,133.82,7929.88,653.28,79.5156747489591
143,incremental_ring_vax,297.68,133.82,7929.88,152.0,11.960526315789478
143,no_vax_ring1_base_ops,1806.92,819.5,0.0,653.28,-25.44391378888073
143,no_vax_ring1_enh_ops,457.78,207.96,0.0,819.5,74.6235509456986
143,ring1_vax_base_ops,1605.04,716.66,2449.6,819.5,12.54911531421599
143,ring1_vax_enh_ops,410.94,181.22,3202.0,819.5,77.88651616839536
143,comm_base_20,814.84,357.02,20000.0,653.28,45.34962037717365
143,comm_base_40,492.14,210.0,40000.0,653.28,67.85451873622337
143,comm_base_60,320.84,130.58,60000.0,653.28,80.01163360274307
143,comm_base_80,228.6,87.42,80000.0,653.28,86.6182953710507
142,no_vax_base_ops,1764.44,803.8,0.0,803.8,0.0
142,vax_base_ops,1426.14,633.62,7185.76,803.8,21.171933316745456
142,no_vax_enh_ops,313.32,143.44,0.0,803.8,82.15476486688229
142,vax_enh_ops,292.1,131.36,8038.14,803.8,83.65762627519284
142,incremental_ring_vax,292.1,131.36,8038.14,143.44,8.421639709983257
142,no_vax_ring1_base_ops,2579.36,1177.18,0.0,803.8,-46.451853694949016
142,no_vax_ring1_enh_ops,453.52,206.16,0.0,1177.18,82.48696036290117
142,ring1_vax_base_ops,2291.12,1030.72,2625.58,1177.18,12.441597716576906
142,ring1_vax_enh_ops,389.2,170.66,3762.6,1177.18,85.50264190693012
142,comm_base_20,1089.16,481.54,20000.0,803.8,40.09206270216471
142,comm_base_40,650.12,277.0,40000.0,803.8,65.53869121672057
142,comm_base_60,448.56,181.88,60000.0,803.8,77.37248071659616
142,comm_base_80,322.76,122.68,80000.0,803.8,84.73749688977357
144,no_vax_base_ops,1763.56,801.1,0.0,801.1,0.0
144,vax_base_ops,1422.52,626.36,6885.22,801.1,21.81250780177256
144,no_vax_enh_ops,317.38,144.76,0.0,801.1,81.92984646111596
144,vax_enh_ops,295.52,132.26,7932.64,801.1,83.49020097366122
144,incremental_ring_vax,295.52,132.26,7932.64,144.76,8.634982039237359
144,no_vax_ring1_base_ops,2339.66,1061.06,0.0,801.1,-32.45038072650105
144,no_vax_ring1_enh_ops,469.46,213.62,0.0,1061.06,79.86730250881195
144,ring1_vax_base_ops,2210.4,990.6,2311.36,1061.06,6.64052928203871
144,ring1_vax_enh_ops,400.02,176.12,3977.48,1061.06,83.40150415622114
144,comm_base_20,1081.78,474.68,20000.0,801.1,40.74647359880165
144,comm_base_40,709.94,299.04,40000.0,801.1,62.671326925477466
144,comm_base_60,463.22,186.68,60000.0,801.1,76.69704156784422
144,comm_base_80,331.82,125.66,80000.0,801.1,84.3140681562851
146,no_vax_base_ops,1536.42,700.38,0.0,700.38,0.0
146,vax_base_ops,1100.04,489.1,7118.46,700.38,30.166481053142576
146,no_vax_enh_ops,387.96,174.74,0.0,700.38,75.05068677003912
146,vax_enh_ops,345.16,152.34,7843.56,700.38,78.24895056969073
146,incremental_ring_vax,345.16,152.34,7843.56,174.74,12.819045438937852
146,no_vax_ring1_base_ops,1994.62,907.22,0.0,700.38,-29.532539478568783
146,no_vax_ring1_enh_ops,637.42,290.34,0.0,907.22,67.99673728533323
146,ring1_vax_base_ops,1783.16,802.56,2252.22,907.22,11.536341791406723
146,ring1_vax_enh_ops,518.82,227.32,3983.5,907.22,74.94323317387185
146,comm_base_20,821.58,364.96,20000.0,700.38,47.891144807104716
146,comm_base_40,471.28,200.36,40000.0,700.38,71.39267254918758
146,comm_base_60,281.82,114.24,60000.0,700.38,83.68885462177676
146,comm_base_80,198.02,76.14,80000.0,700.38,89.12875867386276
145,no_vax_base_ops,2022.08,919.58,0.0,919.58,0.0
145,vax_base_ops,1488.92,660.28,7228.66,919.58,28.197655451401733
145,no_vax_enh_ops,452.16,205.12,0.0,919.58,77.69416472737554
145,vax_enh_ops,413.3,184.64,7856.66,919.58,79.92126840514148
145,incremental_ring_vax,413.3,184.64,7856.66,205.12,9.984399375975048
145,no_vax_ring1_base_ops,2867.76,1302.68,0.0,919.58,-41.66032319102199
145,no_vax_ring1_enh_ops,809.0,368.1,0.0,1302.68,71.7428685479166
145,ring1_vax_base_ops,2451.32,1098.3,2843.16,1302.68,15.689194583474077
145,ring1_vax_enh_ops,682.08,300.08,4552.78,1302.68,76.96441182792398
145,comm_base_20,1005.76,442.32,20000.0,919.58,51.89978033450054
145,comm_base_40,588.06,250.18,40000.0,919.58,72.79410165510343
145,comm_base_60,384.94,154.4,60000.0,919.58,83.20972617934274
145,comm_base_80,256.22,97.56,80000.0,919.58,89.39080884751733
147,no_vax_base_ops,1533.6,691.5,0.0,691.5,0.0
147,vax_base_ops,1157.32,508.88,7183.04,691.5,26.409255242227044
147,no_vax_enh_ops,307.36,139.42,0.0,691.5,79.83803326102677
147,vax_enh_ops,276.3,123.98,8063.46,691.5,82.07086044830079
147,incremental_ring_vax,276.3,123.98,8063.46,139.42,11.074451298235537
147,no_vax_ring1_base_ops,1942.32,876.3,0.0,691.5,-26.724511930585678
147,no_vax_ring1_enh_ops,403.76,183.54,0.0,876.3,79.05511811023622
147,ring1_vax_base_ops,1692.28,752.76,2424.54,876.3,14.097911674084214
147,ring1_vax_enh_ops,350.44,153.52,3604.0,876.3,82.48088554148123
147,comm_base_20,867.32,380.48,20000.0,691.5,44.97758496023138
147,comm_base_40,526.8,222.92,40000.0,691.5,67.76283441793204
147,comm_base_60,334.28,134.5,60000.0,691.5,80.54953000723066
147,comm_base_80,251.46,96.66,80000.0,691.5,86.02169197396964
148,no_vax_base_ops,1523.82,691.34,0.0,691.34,0.0
148,vax_base_ops,1268.16,560.12,7057.42,691.34,18.980530563832563
148,no_vax_enh_ops,310.22,142.12,0.0,691.34,79.4428211878381
148,vax_enh_ops,281.1,126.7,7962.22,691.34,81.67327219602511
148,incremental_ring_vax,281.1,126.7,7962.22,142.12,10.84998592738531
148,no_vax_ring1_base_ops,1920.22,872.44,0.0,691.34,-26.19550438279284
148,no_vax_ring1_enh_ops,440.5,203.46,0.0,872.44,76.67919856952913
148,ring1_vax_base_ops,1826.82,821.3,2283.8,872.44,5.8617211498785124
148,ring1_vax_enh_ops,383.66,170.06,3956.36,872.44,80.50754206593005
148,comm_base_20,1040.26,457.16,20000.0,691.34,33.87334741227182
148,comm_base_40,723.32,306.9,40000.0,691.34,55.60794977869067
148,comm_base_60,488.12,200.0,60000.0,691.34,71.07067434258107
148,comm_base_80,373.2,144.82,80000.0,691.34,79.05227529146295
149,no_vax_base_ops,1848.86,840.82,0.0,840.82,0.0
149,vax_base_ops,1373.06,608.7,7374.66,840.82,27.60638424395233
149,no_vax_enh_ops,285.56,131.04,0.0,840.82,84.41521371994007
149,vax_enh_ops,261.32,117.38,8160.94,840.82,86.03981827263861
149,incremental_ring_vax,261.32,117.38,8160.94,131.04,10.424297924297921
149,no_vax_ring1_base_ops,2601.96,1184.12,0.0,840.82,-40.82919055208009
149,no_vax_ring1_enh_ops,360.38,164.54,0.0,1184.12,86.104448873425
149,ring1_vax_base_ops,2282.42,1023.42,2815.4,1184.12,13.571259669628073
149,ring1_vax_enh_ops,317.24,141.18,2846.34,1184.12,88.07722190318549
149,comm_base_20,990.44,436.4,20000.0,840.82,48.09828500749269
149,comm_base_40,572.84,242.24,40000.0,840.82,71.19002878142766
149,comm_base_60,373.12,151.62,60000.0,840.82,81.96760305416142
149,comm_base_80,267.4,102.04,80000.0,840.82,87.86422777764564
150,no_vax_base_ops,1513.48,688.74,0.0,688.74,0.0
150,vax_base_ops,1174.36,521.84,6859.8,688.74,24.232656735487986
150,no_vax_enh_ops,361.32,165.3,0.0,688.74,75.9996515375904
150,vax_enh_ops,308.28,138.14,7934.38,688.74,79.9430844730958
150,incremental_ring_vax,308.28,138.14,7934.38,165.3,16.43073200241986
150,no_vax_ring1_base_ops,1967.12,894.8,0.0,688.74,-29.91840171908121
150,no_vax_ring1_enh_ops,502.08,229.74,0.0,894.8,74.32498882431828
150,ring1_vax_base_ops,1789.2,807.5,1635.64,894.8,9.75637013857845
150,ring1_vax_enh_ops,418.86,185.58,3455.2,894.8,79.26016987036208
150,comm_base_20,812.54,360.06,20000.0,688.74,47.72192699712519
150,comm_base_40,459.28,197.06,40000.0,688.74,71.38833231698463
150,comm_base_60,306.84,125.58,60000.0,688.74,81.76670441676104
150,comm_base_80,215.8,82.66,80000.0,688.74,87.99837384208845
152,no_vax_base_ops,1550.22,706.52,0.0,706.52,0.0
152,vax_base_ops,1163.74,514.76,7253.04,706.52,27.14148219441771
152,no_vax_enh_ops,258.84,118.62,0.0,706.52,83.21066636471721
152,vax_enh_ops,227.74,101.94,8068.32,706.52,85.57153371454451
152,incremental_ring_vax,227.74,101.94,8068.32,118.62,14.061709661102686
152,no_vax_ring1_base_ops,2044.02,929.68,0.0,706.52,-31.585800826586645
152,no_vax_ring1_enh_ops,288.56,132.42,0.0,929.68,85.75638929524138
152,ring1_vax_base_ops,1778.52,797.28,2508.66,929.68,14.241459426899578
152,ring1_vax_enh_ops,238.14,105.82,2087.76,929.68,88.61758884777556
152,comm_base_20,869.34,385.52,20000.0,706.52,45.43395799128121
152,comm_base_40,500.14,214.44,40000.0,706.52,69.64841759610485
152,comm_base_60,328.06,133.36,60000.0,706.52,81.12438430617675
152,comm_base_80,231.72,89.02,80000.0,706.52,87.40021513899111
151,no_vax_base_ops,1744.5,790.74,0.0,790.74,0.0
151,vax_base_ops,1443.78,636.76,6995.74,790.74,19.472898803652278
151,no_vax_enh_ops,327.68,146.98,0.0,790.74,81.41234792725801
151,vax_enh_ops,312.74,137.72,7933.22,790.74,82.58340288843362
151,incremental_ring_vax,312.74,137.72,7933.22,146.98,6.300176894815616
151,no_vax_ring1_base_ops,2399.44,1086.46,0.0,790.74,-37.39788046639857
151,no_vax_ring1_enh_ops,491.14,222.78,0.0,1086.46,79.4948732581043
151,ring1_vax_base_ops,2196.62,984.36,2547.98,1086.46,9.397492774699485
151,ring1_vax_enh_ops,421.32,183.32,4071.76,1086.46,83.12685234615174
151,comm_base_20,1097.22,482.28,20000.0,790.74,39.00902951665529
151,comm_base_40,741.42,313.34,40000.0,790.74,60.373827048081544
151,comm_base_60,518.5,210.76,60000.0,790.74,73.34648557047828
151,comm_base_80,388.12,146.3,80000.0,790.74,81.49834332397502
153,no_vax_base_ops,1556.56,706.08,0.0,706.08,0.0
153,vax_base_ops,1193.34,526.38,6806.28,706.08,25.450373895309315
153,no_vax_enh_ops,409.18,184.46,0.0,706.08,73.87548153183775
153,vax_enh_ops,367.16,163.14,7839.98,706.08,76.8949694085656
153,incremental_ring_vax,367.16,163.14,7839.98,184.46,11.558061368318347
153,no_vax_ring1_base_ops,2023.34,916.58,0.0,706.08,-29.812485837298887
153,no_vax_ring1_enh_ops,647.58,291.88,0.0,916.58,68.1555347050994
153,ring1_vax_base_ops,1883.9,848.1,1482.62,916.58,7.4712518274455055
153,ring1_vax_enh_ops,540.54,235.86,3391.06,916.58,74.26738528006284
153,comm_base_20,871.14,382.76,20000.0,706.08,45.79084523000227
153,comm_base_40,506.24,213.94,40000.0,706.08,69.70031724450487
153,comm_base_60,326.78,131.76,60000.0,706.08,81.33922501699524
153,comm_base_80,235.98,87.94,80000.0,706.08,87.54532064355314
154,no_vax_base_ops,1312.86,593.6,0.0,593.6,0.0
154,vax_base_ops,1123.9,494.94,7029.78,593.6,16.620619946091647
154,no_vax_enh_ops,294.78,133.44,0.0,593.6,77.52021563342318
154,vax_enh_ops,275.88,122.42,8008.46,593.6,79.3766846361186
154,incremental_ring_vax,275.88,122.42,8008.46,133.44,8.2583932853717
154,no_vax_ring1_base_ops,1718.0,779.82,0.0,593.6,-31.37129380053909
154,no_vax_ring1_enh_ops,384.92,174.46,0.0,779.82,77.6281706034726
154,ring1_vax_base_ops,1597.74,715.44,2015.78,779.82,8.25575132722936
154,ring1_vax_enh_ops,351.74,154.42,3275.56,779.82,80.19799440896618
154,comm_base_20,873.82,384.54,20000.0,593.6,35.219002695417785
154,comm_base_40,603.34,255.52,40000.0,593.6,56.954177897574134
154,comm_base_60,437.08,177.38,60000.0,593.6,70.11792452830188
154,comm_base_80,321.68,123.14,80000.0,593.6,79.25539083557952
155,no_vax_base_ops,1881.08,851.2,0.0,851.2,0.0
155,vax_base_ops,1327.08,586.68,7260.06,851.2,31.076127819548883
155,no_vax_enh_ops,308.62,140.0,0.0,851.2,83.55263157894737
155,vax_enh_ops,288.48,128.64,8015.32,851.2,84.88721804511277
155,incremental_ring_vax,288.48,128.64,8015.32,140.0,8.114285714285725
155,no_vax_ring1_base_ops,2597.7,1177.94,0.0,851.2,-38.38580827067669
155,no_vax_ring1_enh_ops,454.7,206.0,0.0,1177.94,82.51184270845714
155,ring1_vax_base_ops,2187.92,977.42,3186.96,1177.94,17.022938350000857
155,ring1_vax_enh_ops,377.88,166.4,3326.38,1177.94,85.87364381887024
155,comm_base_20,939.4,414.54,20000.0,851.2,51.29934210526316
155,comm_base_40,526.66,224.06,40000.0,851.2,73.67716165413535
155,comm_base_60,323.38,130.82,60000.0,851.2,84.6311090225564
155,comm_base_80,228.1,86.12,80000.0,851.2,89.88251879699247
156,no_vax_base_ops,2314.86,1054.74,0.0,1054.74,0.0
156,vax_base_ops,1786.4,793.34,7333.8,1054.74,24.78335893205908
156,no_vax_enh_ops,363.08,164.14,0.0,1054.74,84.43787094449817
156,vax_enh_ops,333.62,148.52,8128.5,1054.74,85.91880463431747
156,incremental_ring_vax,333.62,148.52,8128.5,164.14,9.516266601681478
156,no_vax_ring1_base_ops,3544.56,1611.68,0.0,1054.74,-52.80353452035573
156,no_vax_ring1_enh_ops,517.46,234.2,0.0,1611.68,85.46857937059465
156,ring1_vax_base_ops,3081.54,1380.88,3554.32,1611.68,14.320460637347361
156,ring1_vax_enh_ops,438.28,191.78,3768.38,1611.68,88.10061550680035
156,comm_base_20,1289.04,569.18,20000.0,1054.74,46.03598991220586
156,comm_base_40,750.16,318.7,40000.0,1054.74,69.78402260272674
156,comm_base_60,514.04,206.82,60000.0,1054.74,80.39137607372433
156,comm_base_80,348.88,132.02,80000.0,1054.74,87.48317120807023
159,no_vax_base_ops,1330.82,603.42,0.0,603.42,0.0
159,vax_base_ops,1073.84,470.74,6918.42,603.42,21.988001723509324
159,no_vax_enh_ops,251.74,113.42,0.0,603.42,81.2038049782904
159,vax_enh_ops,236.6,104.8,7988.56,603.42,82.63232905770441
159,incremental_ring_vax,236.6,104.8,7988.56,113.42,7.600070534297306
159,no_vax_ring1_base_ops,1624.1,735.28,0.0,603.42,-21.85210964170893
159,no_vax_ring1_enh_ops,326.06,147.86,0.0,735.28,79.89065390055488
159,ring1_vax_base_ops,1510.9,677.22,2045.62,735.28,7.896311609182889
159,ring1_vax_enh_ops,277.34,120.94,2745.02,735.28,83.55184419540855
159,comm_base_20,894.28,390.9,20000.0,603.42,35.21925027344139
159,comm_base_40,639.02,269.08,40000.0,603.42,55.40751052335024
159,comm_base_60,447.54,180.24,60000.0,603.42,70.1302575320672
159,comm_base_80,331.26,125.92,80000.0,603.42,79.13227934108912
157,no_vax_base_ops,1942.76,882.6,0.0,882.6,0.0
157,vax_base_ops,1523.72,671.74,7294.68,882.6,23.890777249036937
157,no_vax_enh_ops,366.82,167.1,0.0,882.6,81.0673011556764
157,vax_enh_ops,330.34,148.42,8034.04,882.6,83.18377520960797
157,incremental_ring_vax,330.34,148.42,8034.04,167.1,11.178934769599048
157,no_vax_ring1_base_ops,2926.8,1326.92,0.0,882.6,-50.3421708588262
157,no_vax_ring1_enh_ops,554.52,251.86,0.0,1326.92,81.0192023633678
157,ring1_vax_base_ops,2668.16,1191.3,3349.44,1326.92,10.22066138124379
157,ring1_vax_enh_ops,481.76,210.62,4954.1,1326.92,84.12715159919212
157,comm_base_20,1185.58,520.62,20000.0,882.6,41.012916383412644
157,comm_base_40,733.84,307.92,40000.0,882.6,65.11216859279402
157,comm_base_60,473.22,189.72,60000.0,882.6,78.50441876274643
157,comm_base_80,330.9,125.46,80000.0,882.6,85.78518014955812
161,no_vax_base_ops,1256.14,569.14,0.0,569.14,0.0
161,vax_base_ops,967.76,427.92,6939.62,569.14,24.812875566644404
161,no_vax_enh_ops,342.58,153.1,0.0,569.14,73.09976455705099
161,vax_enh_ops,310.88,136.16,7861.12,569.14,76.07618512141126
161,incremental_ring_vax,310.88,136.16,7861.12,153.1,11.064663618549966
161,no_vax_ring1_base_ops,1484.72,670.06,0.0,569.14,-17.732016726991596
161,no_vax_ring1_enh_ops,524.8,236.7,0.0,670.06,64.67480524132166
161,ring1_vax_base_ops,1393.44,623.52,1697.0,670.06,6.945646658508188
161,ring1_vax_enh_ops,445.56,194.98,3300.16,670.06,70.90111333313435
161,comm_base_20,775.6,340.74,20000.0,569.14,40.13072354780897
161,comm_base_40,461.12,194.1,40000.0,569.14,65.89591313209404
161,comm_base_60,308.88,123.32,60000.0,569.14,78.33222054327582
161,comm_base_80,220.7,83.38,80000.0,569.14,85.34982605334365
160,no_vax_base_ops,1847.18,836.08,0.0,836.08,0.0
160,vax_base_ops,1425.28,628.14,7246.32,836.08,24.870825758300647
160,no_vax_enh_ops,354.34,160.58,0.0,836.08,80.79370395177494
160,vax_enh_ops,324.18,143.38,7967.0,836.08,82.85092335661659
160,incremental_ring_vax,324.18,143.38,7967.0,160.58,10.711172001494592
160,no_vax_ring1_base_ops,2514.64,1137.94,0.0,836.08,-36.10420055497082
160,no_vax_ring1_enh_ops,509.86,231.46,0.0,1137.94,79.6597360142011
160,ring1_vax_base_ops,2290.42,1025.62,2646.4,1137.94,9.870467687224297
160,ring1_vax_enh_ops,450.34,198.7,3373.12,1137.94,82.53862242297484
160,comm_base_20,1094.08,481.5,20000.0,836.08,42.40981724236916
160,comm_base_40,702.04,294.74,40000.0,836.08,64.74739259401014
160,comm_base_60,452.84,182.22,60000.0,836.08,78.20543488661372
160,comm_base_80,337.54,127.34,80000.0,836.08,84.76940005741076
158,no_vax_base_ops,2203.58,1002.54,0.0,1002.54,0.0
158,vax_base_ops,1765.0,784.24,7318.74,1002.54,21.77469228160472
158,no_vax_enh_ops,396.38,180.44,0.0,1002.54,82.00171564226862
158,vax_enh_ops,369.16,165.84,8066.76,1002.54,83.45801663774014
158,incremental_ring_vax,369.16,165.84,8066.76,180.44,8.091332298825092
158,no_vax_ring1_base_ops,3073.14,1398.8,0.0,1002.54,-39.525604963392986
158,no_vax_ring1_enh_ops,616.78,279.54,0.0,1398.8,80.01572776665714
158,ring1_vax_base_ops,2757.04,1240.7,3433.98,1398.8,11.302545038604512
158,ring1_vax_enh_ops,524.64,233.22,5341.7,1398.8,83.3271375464684
158,comm_base_20,1376.38,607.66,20000.0,1002.54,39.38795459532787
158,comm_base_40,891.84,378.64,40000.0,1002.54,62.231930895525366
158,comm_base_60,617.88,251.74,60000.0,1002.54,74.88977995890438
158,comm_base_80,448.76,174.46,80000.0,1002.54,82.5982005705508
163,no_vax_base_ops,1554.38,705.44,0.0,705.44,0.0
163,vax_base_ops,1272.68,562.4,6898.28,705.44,20.276706736221374
163,no_vax_enh_ops,300.04,137.38,0.0,705.44,80.5256293944205
163,vax_enh_ops,274.9,123.0,7946.32,705.44,82.56407348605126
163,incremental_ring_vax,274.9,123.0,7946.32,137.38,10.467316931139901
163,no_vax_ring1_base_ops,2076.1,942.6,0.0,705.44,-33.61873440689498
163,no_vax_ring1_enh_ops,409.9,186.98,0.0,942.6,80.16337789093996
163,ring1_vax_base_ops,1904.26,856.52,1896.64,942.6,9.132187566305966
163,ring1_vax_enh_ops,340.5,150.16,2582.66,942.6,84.06959473795884
163,comm_base_20,949.4,417.54,20000.0,705.44,40.81140848264913
163,comm_base_40,565.94,240.96,40000.0,705.44,65.84259469267407
163,comm_base_60,391.8,156.5,60000.0,705.44,77.81526423225222
163,comm_base_80,258.94,96.86,80000.0,705.44,86.26956225901566
162,no_vax_base_ops,1942.62,881.76,0.0,881.76,0.0
162,vax_base_ops,1601.92,705.86,7079.96,881.76,19.948738885864632
162,no_vax_enh_ops,350.38,158.72,0.0,881.76,81.99963708945745
162,vax_enh_ops,333.18,148.04,7917.42,881.76,83.21085102522228
162,incremental_ring_vax,333.18,148.04,7917.42,158.72,6.7288306451612945
162,no_vax_ring1_base_ops,2661.12,1204.76,0.0,881.76,-36.63128288876792
162,no_vax_ring1_enh_ops,558.44,253.4,0.0,1204.76,78.96676516484611
162,ring1_vax_base_ops,2480.06,1107.96,3000.62,1204.76,8.034795311929344
162,ring1_vax_enh_ops,496.68,220.26,4289.78,1204.76,81.7175205020087
162,comm_base_20,1261.32,554.0,20000.0,881.76,37.17111232081292
162,comm_base_40,819.0,346.54,40000.0,881.76,60.699056432589366
162,comm_base_60,542.62,219.72,60000.0,881.76,75.08165487207404
162,comm_base_80,391.02,149.84,80000.0,881.76,83.0067138450372
167,no_vax_base_ops,1213.56,549.18,0.0,549.18,0.0
167,vax_base_ops,955.7,421.42,7045.2,549.18,23.263775082850785
167,no_vax_enh_ops,297.2,135.42,0.0,549.18,75.34141811427948
167,vax_enh_ops,273.58,122.02,7949.2,549.18,77.78141957099676
167,incremental_ring_vax,273.58,122.02,7949.2,135.42,9.89514104268202
167,no_vax_ring1_base_ops,1483.22,675.92,0.0,549.18,-23.078043628682767
167,no_vax_ring1_enh_ops,398.0,180.92,0.0,675.92,73.23351875961653
167,ring1_vax_base_ops,1362.02,611.46,1921.04,675.92,9.536631554030052
167,ring1_vax_enh_ops,341.48,150.4,2793.7,675.92,77.74884601728016
167,comm_base_20,785.72,342.7,20000.0,549.18,37.59787319276011
167,comm_base_40,523.68,221.32,40000.0,549.18,59.699916238755954
167,comm_base_60,361.62,145.32,60000.0,549.18,73.53873047088386
167,comm_base_80,265.44,101.68,80000.0,549.18,81.48512327470046
165,no_vax_base_ops,1752.8,800.16,0.0,800.16,0.0
165,vax_base_ops,1300.16,578.28,7183.12,800.16,27.729454109178164
165,no_vax_enh_ops,389.62,175.54,0.0,800.16,78.06188762247551
165,vax_enh_ops,348.62,154.12,7972.94,800.16,80.7388522295541
165,incremental_ring_vax,348.62,154.12,7972.94,175.54,12.202347043408903
165,no_vax_ring1_base_ops,2300.46,1052.08,0.0,800.16,-31.483703259348125
165,no_vax_ring1_enh_ops,615.12,278.72,0.0,1052.08,73.50771804425518
165,ring1_vax_base_ops,2005.7,907.7,2393.9,1052.08,13.723291004486342
165,ring1_vax_enh_ops,506.3,220.98,4518.26,1052.08,78.99589384837654
165,comm_base_20,918.2,405.66,20000.0,800.16,49.302639472105575
165,comm_base_40,528.46,224.54,40000.0,800.16,71.9381123775245
165,comm_base_60,337.56,134.72,60000.0,800.16,83.1633673265347
165,comm_base_80,228.2,86.46,80000.0,800.16,89.19466106778644
164,no_vax_base_ops,2172.54,984.62,0.0,984.62,0.0
164,vax_base_ops,1789.88,787.8,7157.06,984.62,19.98943754951149
164,no_vax_enh_ops,337.96,151.46,0.0,984.62,84.61741585586317
164,vax_enh_ops,307.6,135.92,8030.12,984.62,86.19568970770449
164,incremental_ring_vax,307.6,135.92,8030.12,151.46,10.260134689026819
164,no_vax_ring1_base_ops,3230.04,1463.06,0.0,984.62,-48.591334728118454
164,no_vax_ring1_enh_ops,440.86,198.48,0.0,1463.06,86.43391248479215
164,ring1_vax_base_ops,3002.24,1343.36,2760.1,1463.06,8.181482645961207
164,ring1_vax_enh_ops,403.32,176.82,3083.42,1463.06,87.91437124929942
164,comm_base_20,1402.02,614.06,20000.0,984.62,37.63482358676445
164,comm_base_40,929.28,389.44,40000.0,984.62,60.447685401474686
164,comm_base_60,634.92,255.88,60000.0,984.62,74.01230931730008
164,comm_base_80,461.94,177.02,80000.0,984.62,82.02149052426317
169,no_vax_base_ops,1173.32,531.46,0.0,531.46,0.0
169,vax_base_ops,960.4,423.58,6912.4,531.46,20.29879953336094
169,no_vax_enh_ops,330.56,150.52,0.0,531.46,71.67801904188462
169,vax_enh_ops,295.62,131.54,7871.4,531.46,75.24931321265947
169,incremental_ring_vax,295.62,131.54,7871.4,150.52,12.609619984055286
169,no_vax_ring1_base_ops,1401.22,635.66,0.0,531.46,-19.60636736537085
169,no_vax_ring1_enh_ops,485.2,219.98,0.0,635.66,65.39344932825723
169,ring1_vax_base_ops,1345.28,602.9,1870.38,635.66,5.1536985180757
169,ring1_vax_enh_ops,422.96,185.58,3655.72,635.66,70.80514740584589
169,comm_base_20,742.52,327.58,20000.0,531.46,38.36224739397133
169,comm_base_40,526.36,223.4,40000.0,531.46,57.9648515410379
169,comm_base_60,386.3,157.1,60000.0,531.46,70.43992021977195
169,comm_base_80,290.52,111.36,80000.0,531.46,79.04640048169193
166,no_vax_base_ops,1614.58,726.98,0.0,726.98,0.0
166,vax_base_ops,1302.38,570.2,7250.7,726.98,21.56593028694049
166,no_vax_enh_ops,372.96,167.62,0.0,726.98,76.94296954524195
166,vax_enh_ops,350.56,154.28,7928.98,726.98,78.7779581281466
166,incremental_ring_vax,350.56,154.28,7928.98,167.62,7.958477508650522
166,no_vax_ring1_base_ops,2200.96,992.94,0.0,726.98,-36.584225150623126
166,no_vax_ring1_enh_ops,613.38,275.7,0.0,992.94,72.23397184119887
166,ring1_vax_base_ops,1982.96,879.76,2938.16,992.94,11.398473220939842
166,ring1_vax_enh_ops,566.26,247.0,4785.74,992.94,75.12437810945273
166,comm_base_20,1041.28,452.52,20000.0,726.98,37.753445761919174
166,comm_base_40,729.54,304.04,40000.0,726.98,58.177666510770585
166,comm_base_60,511.54,204.34,60000.0,726.98,71.89193650444304
166,comm_base_80,376.58,141.54,80000.0,726.98,80.53041349143031
168,no_vax_base_ops,1828.5,828.72,0.0,828.72,0.0
168,vax_base_ops,1390.96,613.9,7345.98,828.72,25.921903658654315
168,no_vax_enh_ops,396.08,179.08,0.0,828.72,78.390771309972
168,vax_enh_ops,365.5,161.94,8009.7,828.72,80.45902114103677
168,incremental_ring_vax,365.5,161.94,8009.7,179.08,9.571141389323214
168,no_vax_ring1_base_ops,2485.24,1126.54,0.0,828.72,-35.937349164977306
168,no_vax_ring1_enh_ops,624.6,281.74,0.0,1126.54,74.99067942549755
168,ring1_vax_base_ops,2210.86,986.5,2731.0,1126.54,12.430983364993695
168,ring1_vax_enh_ops,535.0,232.34,4410.52,1126.54,79.3757878104639
168,comm_base_20,1023.58,449.4,20000.0,828.72,45.77179264407762
168,comm_base_40,636.18,268.24,40000.0,828.72,67.63201081185443
168,comm_base_60,421.0,168.3,60000.0,828.72,79.6915725456125
168,comm_base_80,301.16,114.62,80000.0,828.72,86.16903175982237
171,no_vax_base_ops,1491.9,675.92,0.0,675.92,0.0
171,vax_base_ops,1243.68,548.54,7186.88,675.92,18.84542549414132
171,no_vax_enh_ops,312.2,144.32,0.0,675.92,78.6483607527518
171,vax_enh_ops,286.94,129.78,7968.58,675.92,80.79950289975146
171,incremental_ring_vax,286.94,129.78,7968.58,144.32,10.074833702882477
171,no_vax_ring1_base_ops,1977.3,895.98,0.0,675.92,-32.55710734998226
171,no_vax_ring1_enh_ops,405.86,186.6,0.0,895.98,79.17364226880063
171,ring1_vax_base_ops,1782.86,799.8,2363.82,895.98,10.73461461193331
171,ring1_vax_enh_ops,342.18,154.12,2937.16,895.98,82.79872318578539
171,comm_base_20,935.42,411.48,20000.0,675.92,39.12297313291513
171,comm_base_40,620.0,263.5,40000.0,675.92,61.01609657947685
171,comm_base_60,434.98,177.56,60000.0,675.92,73.73061900816664
171,comm_base_80,309.74,121.82,80000.0,675.92,81.9771570600071
170,no_vax_base_ops,2432.14,1102.9,0.0,1102.9,0.0
170,vax_base_ops,2006.24,886.98,7096.46,1102.9,19.577477559162215
170,no_vax_enh_ops,292.88,133.9,0.0,1102.9,87.85928007978966
170,vax_enh_ops,276.58,124.96,8083.24,1102.9,88.66987034182608
170,incremental_ring_vax,276.58,124.96,8083.24,133.9,6.676624346527268
170,no_vax_ring1_base_ops,3716.38,1682.02,0.0,1102.9,-52.50884033003897
170,no_vax_ring1_enh_ops,357.5,164.44,0.0,1682.02,90.2236596473288
170,ring1_vax_base_ops,3418.78,1526.7,3557.92,1682.02,9.234135147025595
170,ring1_vax_enh_ops,319.14,143.12,3316.66,1682.02,91.49118322017574
170,comm_base_20,1548.68,681.36,20000.0,1102.9,38.22105358600055
170,comm_base_40,983.44,418.34,40000.0,1102.9,62.06909057938164
170,comm_base_60,678.34,278.54,60000.0,1102.9,74.74476380451537
170,comm_base_80,493.54,193.1,80000.0,1102.9,82.49161302021942
172,no_vax_base_ops,1883.74,858.64,0.0,858.64,0.0
172,vax_base_ops,1449.82,647.12,6605.66,858.64,24.634305413211592
172,no_vax_enh_ops,389.74,177.94,0.0,858.64,79.2765303270288
172,vax_enh_ops,346.56,154.96,7819.48,858.64,81.9528556787478
172,incremental_ring_vax,346.56,154.96,7819.48,177.94,12.91446555018545
172,no_vax_ring1_base_ops,2497.98,1137.1,0.0,858.64,-32.430354979968314
172,no_vax_ring1_enh_ops,681.7,313.34,0.0,1137.1,72.44393632925865
172,ring1_vax_base_ops,2318.34,1045.12,1827.92,1137.1,8.088998329082756
172,ring1_vax_enh_ops,572.56,252.96,4401.2,1137.1,77.7539354498285
172,comm_base_20,1025.14,456.06,20000.0,858.64,46.885772850088514
172,comm_base_40,584.04,250.38,40000.0,858.64,70.83993291717134
172,comm_base_60,362.32,146.96,60000.0,858.64,82.88456163234883
172,comm_base_80,246.24,93.18,80000.0,858.64,89.14795490543185
173,no_vax_base_ops,1673.58,752.96,0.0,752.96,0.0
173,vax_base_ops,1283.5,562.56,7116.04,752.96,25.286867828304302
173,no_vax_enh_ops,427.94,192.82,0.0,752.96,74.3917339566511
173,vax_enh_ops,385.94,171.02,7872.5,752.96,77.28697407564812
173,incremental_ring_vax,385.94,171.02,7872.5,192.82,11.305881132662577
173,no_vax_ring1_base_ops,2167.0,973.52,0.0,752.96,-29.292392690182734
173,no_vax_ring1_enh_ops,721.58,325.0,0.0,973.52,66.61599145369381
173,ring1_vax_base_ops,1973.8,876.8,2399.04,973.52,9.935080943380726
173,ring1_vax_enh_ops,607.86,264.78,4598.04,973.52,72.80179143725861
173,comm_base_20,956.58,417.04,20000.0,752.96,44.613259668508285
173,comm_base_40,550.96,230.38,40000.0,752.96,69.4034211644709
173,comm_base_60,359.44,143.24,60000.0,752.96,80.97641308967276
173,comm_base_80,251.42,94.8,80000.0,752.96,87.40968975775607
174,no_vax_base_ops,1895.72,860.76,0.0,860.76,0.0
174,vax_base_ops,1465.06,650.98,7013.94,860.76,24.371485663831958
174,no_vax_enh_ops,295.92,133.86,0.0,860.76,84.44862679492542
174,vax_enh_ops,269.14,119.22,7990.0,860.76,86.14944932385335
174,incremental_ring_vax,269.14,119.22,7990.0,133.86,10.936799641416414
174,no_vax_ring1_base_ops,2777.46,1260.0,0.0,860.76,-46.382266833960685
174,no_vax_ring1_enh_ops,416.44,189.42,0.0,1260.0,84.96666666666667
174,ring1_vax_base_ops,2425.72,1088.06,2409.74,1260.0,13.646031746031753
174,ring1_vax_enh_ops,345.24,151.6,3191.86,1260.0,87.96825396825398
174,comm_base_20,1039.1,459.5,20000.0,860.76,46.61694316650402
174,comm_base_40,570.7,242.86,40000.0,860.76,71.78539894976532
174,comm_base_60,348.96,141.06,60000.0,860.76,83.61215669873135
174,comm_base_80,238.5,89.96,80000.0,860.76,89.54877085366421
175,no_vax_base_ops,1985.76,901.88,0.0,901.88,0.0
175,vax_base_ops,1512.64,668.24,7338.84,901.88,25.905885483656363
175,no_vax_enh_ops,335.1,151.34,0.0,901.88,83.2194970506054
175,vax_enh_ops,301.84,134.02,8055.38,901.88,85.13992992415842
175,incremental_ring_vax,301.84,134.02,8055.38,151.34,11.444429760803484
175,no_vax_ring1_base_ops,2908.44,1320.94,0.0,901.88,-46.46516166230541
175,no_vax_ring1_enh_ops,493.62,223.84,0.0,1320.94,83.05449149847837
175,ring1_vax_base_ops,2510.98,1123.62,3133.86,1320.94,14.93784729056582
175,ring1_vax_enh_ops,409.54,178.82,4207.68,1320.94,86.46267052250671
175,comm_base_20,1063.06,467.42,20000.0,901.88,48.172705903224376
175,comm_base_40,633.58,268.8,40000.0,901.88,70.19559143123253
175,comm_base_60,402.82,161.26,60000.0,901.88,82.1195724486628
175,comm_base_80,279.1,106.48,80000.0,901.88,88.19355124850313
176,no_vax_base_ops,1978.64,895.6,0.0,895.6,0.0
176,vax_base_ops,1497.58,661.42,7181.52,895.6,26.14783385439929
176,no_vax_enh_ops,341.86,155.54,0.0,895.6,82.6328718177758
176,vax_enh_ops,308.98,137.96,8137.24,895.6,84.59580169718625
176,incremental_ring_vax,308.98,137.96,8137.24,155.54,11.302558827311293
176,no_vax_ring1_base_ops,2697.08,1223.88,0.0,895.6,-36.6547565877624
176,no_vax_ring1_enh_ops,438.76,198.8,0.0,1223.88,83.75657744223291
176,ring1_vax_base_ops,2421.02,1084.7,2531.38,1223.88,11.372029937575585
176,ring1_vax_enh_ops,366.46,161.84,2859.76,1223.88,86.77648135438115
176,comm_base_20,1172.52,513.38,20000.0,895.6,42.677534613666815
176,comm_base_40,714.48,298.64,40000.0,895.6,66.65475658776239
176,comm_base_60,494.06,199.3,60000.0,895.6,77.7467619472979
176,comm_base_80,348.14,134.18,80000.0,895.6,85.01786511835641
178,no_vax_base_ops,2141.46,975.1,0.0,975.1,0.0
178,vax_base_ops,1631.3,724.8,7245.24,975.1,25.669162137216702
178,no_vax_enh_ops,283.52,128.78,0.0,975.1,86.79314942057225
178,vax_enh_ops,260.84,116.5,8142.94,975.1,88.05250743513486
178,incremental_ring_vax,260.84,116.5,8142.94,128.78,9.535642180462805
178,no_vax_ring1_base_ops,2943.28,1338.76,0.0,975.1,-37.294636447543844
178,no_vax_ring1_enh_ops,335.88,153.22,0.0,1338.76,88.5550808210583
178,ring1_vax_base_ops,2707.34,1215.2,2888.74,1338.76,9.229436194687617
178,ring1_vax_enh_ops,292.42,128.94,2695.78,1338.76,90.36869939346859
178,comm_base_20,1202.9,529.14,20000.0,975.1,45.734796431135265
178,comm_base_40,725.8,305.34,40000.0,975.1,68.68628858578607
178,comm_base_60,496.62,200.5,60000.0,975.1,79.43800635832223
178,comm_base_80,339.66,129.56,80000.0,975.1,86.713157624859
177,no_vax_base_ops,2941.64,1334.96,0.0,1334.96,0.0
177,vax_base_ops,2264.58,1000.58,7152.02,1334.96,25.047941511356147
177,no_vax_enh_ops,394.72,178.42,0.0,1334.96,86.63480553724456
177,vax_enh_ops,365.18,162.36,8076.14,1334.96,87.83783783783782
177,incremental_ring_vax,365.18,162.36,8076.14,178.42,9.001233045622673
177,no_vax_ring1_base_ops,4960.68,2258.6,0.0,1334.96,-69.18858992029722
177,no_vax_ring1_enh_ops,635.68,287.9,0.0,2258.6,87.25316567785353
177,ring1_vax_base_ops,4309.54,1932.8,3439.12,2258.6,14.424864960595057
177,ring1_vax_enh_ops,537.16,236.32,5238.68,2258.6,89.53688125387409
177,comm_base_20,1591.72,701.62,20000.0,1334.96,47.442620003595614
177,comm_base_40,904.02,380.78,40000.0,1334.96,71.4762989153233
177,comm_base_60,562.86,226.72,60000.0,1334.96,83.01671960208546
177,comm_base_80,388.78,148.08,80000.0,1334.96,88.90753280997184
179,no_vax_base_ops,1812.1,818.48,0.0,818.48,0.0
179,vax_base_ops,1357.34,597.66,7548.72,818.48,26.979278662887307
179,no_vax_enh_ops,381.6,171.94,0.0,818.48,78.9927670804418
179,vax_enh_ops,340.22,151.38,8071.92,818.48,81.5047404945753
179,incremental_ring_vax,340.22,151.38,8071.92,171.94,11.957659648714667
179,no_vax_ring1_base_ops,2526.44,1142.32,0.0,818.48,-39.566024826507665
179,no_vax_ring1_enh_ops,543.7,245.12,0.0,1142.32,78.54191469990896
179,ring1_vax_base_ops,2200.16,980.1,3195.16,1142.32,14.2009244344842
179,ring1_vax_enh_ops,469.98,205.44,4656.22,1142.32,82.01554730723439
179,comm_base_20,948.36,417.24,20000.0,818.48,49.022578438080345
179,comm_base_40,559.8,236.68,40000.0,818.48,71.08298309060697
179,comm_base_60,369.44,149.12,60000.0,818.48,81.78086208581762
179,comm_base_80,260.96,99.68,80000.0,818.48,87.82132733848108
181,no_vax_base_ops,1372.34,621.48,0.0,621.48,0.0
181,vax_base_ops,1109.28,488.94,7074.12,621.48,21.32651090944198
181,no_vax_enh_ops,291.0,133.34,0.0,621.48,78.54476411147583
181,vax_enh_ops,261.26,117.12,8060.28,621.48,81.15466306236725
181,incremental_ring_vax,261.26,117.12,8060.28,133.34,12.164391780410979
181,no_vax_ring1_base_ops,1769.56,800.42,0.0,621.48,-28.792559696209036
181,no_vax_ring1_enh_ops,364.5,167.14,0.0,800.42,79.11846280702632
181,ring1_vax_base_ops,1592.54,712.04,1860.68,800.42,11.04170310586942
181,ring1_vax_enh_ops,311.84,138.26,3007.96,800.42,82.72656855151047
181,comm_base_20,833.6,365.98,20000.0,621.48,41.11154019437472
181,comm_base_40,506.18,212.38,40000.0,621.48,65.82673617815537
181,comm_base_60,344.98,139.3,60000.0,621.48,77.58576301731351
181,comm_base_80,250.62,95.32,80000.0,621.48,84.66241874235696
183,no_vax_base_ops,1348.82,617.0,0.0,617.0,0.0
183,vax_base_ops,1088.22,482.56,6705.04,617.0,21.78930307941653
183,no_vax_enh_ops,348.62,159.74,0.0,617.0,74.11021069692059
183,vax_enh_ops,313.68,141.22,7804.28,617.0,77.11183144246354
183,incremental_ring_vax,313.68,141.22,7804.28,159.74,11.593839989983728
183,no_vax_ring1_base_ops,1763.4,806.04,0.0,617.0,-30.638573743922198
183,no_vax_ring1_enh_ops,577.08,263.46,0.0,806.04,67.31427720708649
183,ring1_vax_base_ops,1644.64,742.6,1895.94,806.04,7.870577142573564
183,ring1_vax_enh_ops,503.68,223.3,3830.62,806.04,72.29666021537393
183,comm_base_20,847.32,374.16,20000.0,617.0,39.35818476499189
183,comm_base_40,554.64,236.2,40000.0,617.0,61.717990275526745
183,comm_base_60,361.92,148.02,60000.0,617.0,76.0097244732577
183,comm_base_80,267.36,102.44,80000.0,617.0,83.39708265802268
182,no_vax_base_ops,2027.12,917.56,0.0,917.56,0.0
182,vax_base_ops,1657.56,730.82,7214.28,917.56,20.351802606913978
182,no_vax_enh_ops,360.46,163.22,0.0,917.56,82.21151750294257
182,vax_enh_ops,328.62,146.46,8115.24,917.56,84.03810105061248
182,incremental_ring_vax,328.62,146.46,8115.24,163.22,10.26834946697708
182,no_vax_ring1_base_ops,2967.54,1346.2,0.0,917.56,-46.71520118575353
182,no_vax_ring1_enh_ops,474.98,214.46,0.0,1346.2,84.06923191204872
182,ring1_vax_base_ops,2679.28,1197.86,2666.88,1346.2,11.01916505719805
182,ring1_vax_enh_ops,443.48,194.34,3737.0,1346.2,85.56380924082603
182,comm_base_20,1297.72,568.44,20000.0,917.56,38.048737957190795
182,comm_base_40,806.34,341.02,40000.0,917.56,62.834038101050616
182,comm_base_60,566.5,227.52,60000.0,917.56,75.20380138628536
182,comm_base_80,413.22,157.36,80000.0,917.56,82.85016783643577
184,no_vax_base_ops,1391.7,630.66,0.0,630.66,0.0
184,vax_base_ops,1101.24,484.38,7318.0,630.66,23.19474835886214
184,no_vax_enh_ops,346.38,157.3,0.0,630.66,75.05787587606633
184,vax_enh_ops,318.26,142.36,7988.0,630.66,77.42682269368598
184,incremental_ring_vax,318.26,142.36,7988.0,157.3,9.497774952320405
184,no_vax_ring1_base_ops,1821.4,824.4,0.0,630.66,-30.720197887926936
184,no_vax_ring1_enh_ops,530.42,239.54,0.0,824.4,70.9437166424066
184,ring1_vax_base_ops,1631.86,730.34,2585.92,824.4,11.409509946627844
184,ring1_vax_enh_ops,462.96,203.02,4033.1,824.4,75.37360504609413
184,comm_base_20,892.1,389.78,20000.0,630.66,38.19490692290616
184,comm_base_40,603.34,253.16,40000.0,630.66,59.857926616560434
184,comm_base_60,420.44,169.5,60000.0,630.66,73.12339453905433
184,comm_base_80,305.64,116.46,80000.0,630.66,81.53363143373608
180,no_vax_base_ops,2552.96,1159.76,0.0,1159.76,0.0
180,vax_base_ops,1986.42,877.76,7094.1,1159.76,24.31537559495068
180,no_vax_enh_ops,432.28,198.04,0.0,1159.76,82.92405325239704
180,vax_enh_ops,401.94,181.5,7975.1,1159.76,84.35021038835622
180,incremental_ring_vax,401.94,181.5,7975.1,198.04,8.351848111492624
180,no_vax_ring1_base_ops,3891.74,1769.92,0.0,1159.76,-52.610885010691874
180,no_vax_ring1_enh_ops,724.88,329.8,0.0,1769.92,81.36638944133068
180,ring1_vax_base_ops,3569.72,1603.3,2960.9,1769.92,9.413984812872904
180,ring1_vax_enh_ops,650.48,288.24,5458.98,1769.92,83.71451817031279
180,comm_base_20,1487.42,653.28,20000.0,1159.76,43.671104366420636
180,comm_base_40,911.54,385.62,40000.0,1159.76,66.75001724494723
180,comm_base_60,612.9,247.1,60000.0,1159.76,78.69386769676485
180,comm_base_80,417.66,162.1,80000.0,1159.76,86.02297026971098
185,no_vax_base_ops,1349.98,614.52,0.0,614.52,0.0
185,vax_base_ops,1054.62,467.62,6819.26,614.52,23.904836294994464
185,no_vax_enh_ops,368.08,166.52,0.0,614.52,72.90242791121526
185,vax_enh_ops,325.8,145.2,7848.94,614.52,76.3718023823472
185,incremental_ring_vax,325.8,145.2,7848.94,166.52,12.80326687484988
185,no_vax_ring1_base_ops,1759.52,802.04,0.0,614.52,-30.514873397122958
185,no_vax_ring1_enh_ops,557.48,253.66,0.0,802.04,68.37314847139794
185,ring1_vax_base_ops,1559.28,703.4,1661.56,802.04,12.298638471896663
185,ring1_vax_enh_ops,478.1,211.9,3005.5,802.04,73.57987132811331
185,comm_base_20,785.96,346.34,20000.0,614.52,43.64056499381631
185,comm_base_40,453.12,192.08,40000.0,614.52,68.74308403306645
185,comm_base_60,294.86,119.12,60000.0,614.52,80.6157651500358
185,comm_base_80,216.88,81.78,80000.0,614.52,86.69205233352861
187,no_vax_base_ops,1264.96,572.96,0.0,572.96,0.0
187,vax_base_ops,977.72,431.24,6876.88,572.96,24.734710974588108
187,no_vax_enh_ops,309.66,142.38,0.0,572.96,75.150097738062
187,vax_enh_ops,276.44,124.4,7942.4,572.96,78.28818765707904
187,incremental_ring_vax,276.44,124.4,7942.4,142.38,12.628178114903772
187,no_vax_ring1_base_ops,1636.8,743.3,0.0,572.96,-29.729824071488398
187,no_vax_ring1_enh_ops,445.84,203.18,0.0,743.3,72.66514193461589
187,ring1_vax_base_ops,1468.62,657.4,1900.14,743.3,11.556572043589396
187,ring1_vax_enh_ops,347.72,152.24,3224.66,743.3,79.51836405219964
187,comm_base_20,717.4,317.0,20000.0,572.96,44.673275621334824
187,comm_base_40,396.56,170.12,40000.0,572.96,70.30857302429489
187,comm_base_60,266.18,109.54,60000.0,572.96,80.88173694498742
187,comm_base_80,187.7,71.44,80000.0,572.96,87.53141580564089
186,no_vax_base_ops,2548.44,1160.46,0.0,1160.46,0.0
186,vax_base_ops,1837.1,818.6,7076.16,1160.46,29.4590076349034
186,no_vax_enh_ops,363.94,165.48,0.0,1160.46,85.74013753166848
186,vax_enh_ops,310.94,139.14,7985.18,1160.46,88.00992709787498
186,incremental_ring_vax,310.94,139.14,7985.18,165.48,15.917331399564906
186,no_vax_ring1_base_ops,3826.4,1744.28,0.0,1160.46,-50.309360081347045
186,no_vax_ring1_enh_ops,518.22,235.74,0.0,1744.28,86.4849680097232
186,ring1_vax_base_ops,3359.84,1510.82,3076.98,1744.28,13.38431903134818
186,ring1_vax_enh_ops,434.54,191.16,3417.46,1744.28,89.04075033824844
186,comm_base_20,1229.08,545.46,20000.0,1160.46,52.99622563466212
186,comm_base_40,702.48,298.54,40000.0,1160.46,74.27399479516743
186,comm_base_60,413.92,167.38,60000.0,1160.46,85.57640935491098
186,comm_base_80,283.48,106.28,80000.0,1160.46,90.84156282853351
188,no_vax_base_ops,2468.14,1119.86,0.0,1119.86,0.0
188,vax_base_ops,1864.18,826.26,7348.02,1119.86,26.217562909649416
188,no_vax_enh_ops,367.14,164.58,0.0,1119.86,85.3035200828675
188,vax_enh_ops,337.22,148.84,8037.6,1119.86,86.70905291732895
188,incremental_ring_vax,337.22,148.84,8037.6,164.58,9.563737999756961
188,no_vax_ring1_base_ops,3739.08,1697.3,0.0,1119.86,-51.56358830568108
188,no_vax_ring1_enh_ops,543.22,245.08,0.0,1697.3,85.56059624108879
188,ring1_vax_base_ops,3279.32,1463.1,4176.72,1697.3,13.798385671360398
188,ring1_vax_enh_ops,471.58,206.38,5056.7,1697.3,87.84068815177046
188,comm_base_20,1346.56,590.5,20000.0,1119.86,47.270194488596786
188,comm_base_40,836.1,351.86,40000.0,1119.86,68.5800010715625
188,comm_base_60,526.92,211.18,60000.0,1119.86,81.14228564284821
188,comm_base_80,359.08,134.66,80000.0,1119.86,87.9752826246138
192,no_vax_base_ops,1715.24,775.12,0.0,775.12,0.0
192,vax_base_ops,1305.68,576.48,7314.86,775.12,25.626999690370525
192,no_vax_enh_ops,248.86,112.96,0.0,775.12,85.42677262875425
192,vax_enh_ops,228.46,102.0,8079.62,775.12,86.84074723913716
192,incremental_ring_vax,228.46,102.0,8079.62,112.96,9.702549575070815
192,no_vax_ring1_base_ops,2446.18,1107.46,0.0,775.12,-42.87594178965838
192,no_vax_ring1_enh_ops,284.12,128.86,0.0,1107.46,88.36436530439022
192,ring1_vax_base_ops,2090.04,932.0,2900.94,1107.46,15.843461614866454
192,ring1_vax_enh_ops,251.38,110.58,2160.62,1107.46,90.01498925469092
192,comm_base_20,926.38,408.72,20000.0,775.12,47.27010011353081
192,comm_base_40,524.2,223.34,40000.0,775.12,71.18639694498916
192,comm_base_60,334.1,135.0,60000.0,775.12,82.58334193415213
192,comm_base_80,234.2,89.34,80000.0,775.12,88.47404272886779
189,no_vax_base_ops,1910.36,871.22,0.0,871.22,0.0
189,vax_base_ops,1440.0,641.54,7197.9,871.22,26.36303115171829
189,no_vax_enh_ops,384.28,173.86,0.0,871.22,80.04407612313767
189,vax_enh_ops,350.02,155.22,7953.52,871.22,82.18360460044535
189,incremental_ring_vax,350.02,155.22,7953.52,173.86,10.721269987346147
189,no_vax_ring1_base_ops,2820.2,1283.64,0.0,871.22,-47.33821537613922
189,no_vax_ring1_enh_ops,607.86,275.92,0.0,1283.64,78.50487675672306
189,ring1_vax_base_ops,2408.58,1081.7,3229.32,1283.64,15.73182512230844
189,ring1_vax_enh_ops,493.28,217.28,4356.1,1283.64,83.07313577015363
189,comm_base_20,1006.68,447.24,20000.0,871.22,48.66509033309612
189,comm_base_40,565.26,241.54,40000.0,871.22,72.27565942012352
189,comm_base_60,350.7,141.22,60000.0,871.22,83.79054658983954
189,comm_base_80,240.24,92.52,80000.0,871.22,89.38040908151787
190,no_vax_base_ops,1943.28,888.72,0.0,888.72,0.0
190,vax_base_ops,1471.34,659.3,7162.86,888.72,25.814654784409043
190,no_vax_enh_ops,372.22,171.14,0.0,888.72,80.74309118732559
190,vax_enh_ops,344.66,155.6,7889.6,888.72,82.49167341794941
190,incremental_ring_vax,344.66,155.6,7889.6,171.14,9.080285146663545
190,no_vax_ring1_base_ops,2827.04,1291.1,0.0,888.72,-45.27635250697631
190,no_vax_ring1_enh_ops,588.96,269.32,0.0,1291.1,79.1402679885369
190,ring1_vax_base_ops,2514.46,1134.72,2753.9,1291.1,12.112152428162025
190,ring1_vax_enh_ops,510.98,227.82,3606.66,1291.1,82.35458136472776
190,comm_base_20,1020.14,456.4,20000.0,888.72,48.64524259609326
190,comm_base_40,578.86,249.06,40000.0,888.72,71.97542533081285
190,comm_base_60,347.32,142.62,60000.0,888.72,83.95220091817446
190,comm_base_80,239.3,93.44,80000.0,888.72,89.48600234044468
193,no_vax_base_ops,1991.5,905.82,0.0,905.82,0.0
193,vax_base_ops,1549.54,686.82,6870.9,905.82,24.17698880572299
193,no_vax_enh_ops,373.94,170.0,0.0,905.82,81.23247444304607
193,vax_enh_ops,330.7,147.0,7933.92,905.82,83.77161025369278
193,incremental_ring_vax,330.7,147.0,7933.92,170.0,13.529411764705882
193,no_vax_ring1_base_ops,2722.14,1240.7,0.0,905.82,-36.96981740301605
193,no_vax_ring1_enh_ops,602.94,272.86,0.0,1240.7,78.00757636817924
193,ring1_vax_base_ops,2474.48,1116.48,2157.34,1240.7,10.012089949222215
193,ring1_vax_enh_ops,492.6,216.34,4186.92,1240.7,82.56306923510923
193,comm_base_20,1088.26,479.0,20000.0,905.82,47.11973681305337
193,comm_base_40,619.74,262.44,40000.0,905.82,71.0273564284295
193,comm_base_60,388.8,156.66,60000.0,905.82,82.70517321322119
193,comm_base_80,272.76,103.3,80000.0,905.82,88.59596829392154
191,no_vax_base_ops,2281.5,1042.86,0.0,1042.86,0.0
191,vax_base_ops,1742.7,775.4,7262.2,1042.86,25.646779049920408
191,no_vax_enh_ops,310.52,140.6,0.0,1042.86,86.5178451565886
191,vax_enh_ops,283.0,126.06,8144.88,1042.86,87.91208791208793
191,incremental_ring_vax,283.0,126.06,8144.88,140.6,10.341394025604545
191,no_vax_ring1_base_ops,3596.56,1641.98,0.0,1042.86,-57.4497056172449
191,no_vax_ring1_enh_ops,404.66,182.98,0.0,1641.98,88.85613710276617
191,ring1_vax_base_ops,3038.04,1367.2,3243.34,1641.98,16.734673991157017
191,ring1_vax_enh_ops,326.7,142.68,3017.96,1641.98,91.31049099258213
191,comm_base_20,1214.78,538.78,20000.0,1042.86,48.33630592792896
191,comm_base_40,708.7,301.3,40000.0,1042.86,71.10829833342923
191,comm_base_60,441.22,178.08,60000.0,1042.86,82.92388240032219
191,comm_base_80,302.86,114.96,80000.0,1042.86,88.97646855762038
194,no_vax_base_ops,1952.02,885.84,0.0,885.84,0.0
194,vax_base_ops,1441.32,635.9,7458.2,885.84,28.215027544477564
194,no_vax_enh_ops,556.9,251.06,0.0,885.84,71.65853878804299
194,vax_enh_ops,488.82,215.92,7933.58,885.84,75.62539510521087
194,incremental_ring_vax,488.82,215.92,7933.58,251.06,13.996654186250304
194,no_vax_ring1_base_ops,2595.22,1176.6,0.0,885.84,-32.82308317529124
194,no_vax_ring1_enh_ops,998.8,451.88,0.0,1176.6,61.59442461329253
194,ring1_vax_base_ops,2253.84,1010.08,2371.5,1176.6,14.152643209246971
194,ring1_vax_enh_ops,860.62,379.52,4788.26,1176.6,67.74434812170662
194,comm_base_20,1033.78,453.4,20000.0,885.84,48.81694211144225
194,comm_base_40,593.38,249.72,40000.0,885.84,71.8098076402059
194,comm_base_60,387.78,156.74,60000.0,885.84,82.30605978506276
194,comm_base_80,276.42,105.84,80000.0,885.84,88.05201842319154
195,no_vax_base_ops,1830.76,824.8,0.0,824.8,0.0
195,vax_base_ops,1513.26,664.64,7192.42,824.8,19.418040737148395
195,no_vax_enh_ops,307.1,136.64,0.0,824.8,83.43355965082445
195,vax_enh_ops,275.76,119.92,8115.92,824.8,85.46071774975752
195,incremental_ring_vax,275.76,119.92,8115.92,136.64,12.236533957845422
195,no_vax_ring1_base_ops,2599.34,1175.84,0.0,824.8,-42.560620756547046
195,no_vax_ring1_enh_ops,349.64,155.5,0.0,1175.84,86.77541162062865
195,ring1_vax_base_ops,2373.08,1061.06,2602.36,1175.84,9.761532181249148
195,ring1_vax_enh_ops,318.04,138.26,2528.06,1175.84,88.241597496258
195,comm_base_20,1266.98,552.46,20000.0,824.8,33.01891367604267
195,comm_base_40,860.54,361.46,40000.0,824.8,56.17604267701261
195,comm_base_60,609.8,243.6,60000.0,824.8,70.46556741028128
195,comm_base_80,442.4,167.26,80000.0,824.8,79.72114451988361
198,no_vax_base_ops,1843.92,838.96,0.0,838.96,0.0
198,vax_base_ops,1463.96,651.9,6871.44,838.96,22.29665299895109
198,no_vax_enh_ops,342.02,156.3,0.0,838.96,81.36979117002004
198,vax_enh_ops,302.38,135.74,7967.92,838.96,83.82044435968342
198,incremental_ring_vax,302.38,135.74,7967.92,156.3,13.154190658989123
198,no_vax_ring1_base_ops,2417.46,1102.46,0.0,838.96,-31.407933632115952
198,no_vax_ring1_enh_ops,471.42,216.38,0.0,1102.46,80.37298405384323
198,ring1_vax_base_ops,2247.22,1013.7,1895.1,1102.46,8.051085753678137
198,ring1_vax_enh_ops,393.7,173.76,3554.84,1102.46,84.23888395043811
198,comm_base_20,1027.36,456.12,20000.0,838.96,45.63268809001621
198,comm_base_40,600.4,256.0,40000.0,838.96,69.48603032325737
198,comm_base_60,384.3,156.84,60000.0,838.96,81.30542576523314
198,comm_base_80,270.84,103.3,80000.0,838.96,87.68713645465816
196,no_vax_base_ops,1677.58,762.92,0.0,762.92,0.0
196,vax_base_ops,1383.02,610.08,7133.96,762.92,20.033555287579293
196,no_vax_enh_ops,397.48,179.54,0.0,762.92,76.46673307817333
196,vax_enh_ops,362.96,160.58,7966.4,762.92,78.95192156451527
196,incremental_ring_vax,362.96,160.58,7966.4,179.54,10.560320819872999
196,no_vax_ring1_base_ops,2286.54,1040.24,0.0,762.92,-36.34981387301421
196,no_vax_ring1_enh_ops,660.56,299.48,0.0,1040.24,71.21048988694916
196,ring1_vax_base_ops,2070.4,931.52,2463.54,1040.24,10.451434284395912
196,ring1_vax_enh_ops,576.84,253.02,4282.64,1040.24,75.67676689994616
196,comm_base_20,1100.28,484.3,20000.0,762.92,36.520211817752845
196,comm_base_40,770.56,326.24,40000.0,762.92,57.237980391128815
196,comm_base_60,534.8,217.28,60000.0,762.92,71.51994966706863
196,comm_base_80,393.38,151.48,80000.0,762.92,80.14470717768573
197,no_vax_base_ops,2092.28,951.62,0.0,951.62,0.0
197,vax_base_ops,1583.62,703.8,6990.88,951.62,26.041907484079783
197,no_vax_enh_ops,301.44,136.22,0.0,951.62,85.68546268468506
197,vax_enh_ops,270.74,119.94,8035.82,951.62,87.39622958744036
197,incremental_ring_vax,270.74,119.94,8035.82,136.22,11.951255322272795
197,no_vax_ring1_base_ops,3113.16,1415.26,0.0,951.62,-48.72112818141695
197,no_vax_ring1_enh_ops,410.3,184.84,0.0,1415.26,86.93950228226616
197,ring1_vax_base_ops,2662.16,1193.32,3051.26,1415.26,15.681924169410573
197,ring1_vax_enh_ops,347.74,150.86,3625.3,1415.26,89.34047454178032
197,comm_base_20,1114.56,492.38,20000.0,951.62,48.25875874823984
197,comm_base_40,627.46,266.5,40000.0,951.62,71.99512410415922
197,comm_base_60,389.16,156.32,60000.0,951.62,83.57327504676236
197,comm_base_80,260.66,99.5,80000.0,951.62,89.5441457724722
199,no_vax_base_ops,1959.9,891.0,0.0,891.0,0.0
199,vax_base_ops,1625.62,720.26,7294.58,891.0,19.162738496071828
199,no_vax_enh_ops,478.74,217.44,0.0,891.0,75.5959595959596
199,vax_enh_ops,438.98,196.5,7941.2,891.0,77.94612794612794
199,incremental_ring_vax,438.98,196.5,7941.2,217.44,9.630242825607064
199,no_vax_ring1_base_ops,2687.18,1223.68,0.0,891.0,-37.33782267115601
199,no_vax_ring1_enh_ops,788.8,358.98,0.0,1223.68,70.6638990585774
199,ring1_vax_base_ops,2455.6,1104.3,2626.08,1223.68,9.75581851464436
199,ring1_vax_enh_ops,726.08,322.3,4448.96,1223.68,73.66141474895399
199,comm_base_20,1231.24,544.14,20000.0,891.0,38.92929292929293
199,comm_base_40,863.14,366.56,40000.0,891.0,58.859708193041534
199,comm_base_60,598.54,242.34,60000.0,891.0,72.8013468013468
199,comm_base_80,444.92,171.48,80000.0,891.0,80.75420875420875
