analysis,base_deaths,immune_midpoint,max_vaccines,mortality_reduction_pct,radius,replicate,scenario_deaths,seed,ve_i,ve_m
fig4_immune_onset,685.0,5.0,,10.218978102189782,2,0,615.0,2026800000,0.45,0.45
fig4_immune_onset,1352.0,5.0,,-0.8136094674556213,2,1,1363.0,2026800001,0.45,0.45
fig4_immune_onset,844.0,5.0,,9.834123222748815,2,2,761.0,2026800002,0.45,0.45
fig4_immune_onset,976.9999999999999,5.0,,-5.9365404298874225,2,3,1035.0,2026800003,0.45,0.45
fig4_immune_onset,694.0,5.0,,22.046109510086456,2,4,541.0,2026800004,0.45,0.45
fig4_immune_onset,1295.0,5.0,,22.54826254826254,2,5,1003.0000000000001,2026800005,0.45,0.45
fig4_immune_onset,1285.0,5.0,,11.284046692607005,2,6,1140.0,2026800006,0.45,0.45
fig4_immune_onset,890.0,5.0,,20.224719101123597,2,7,710.0,2026800007,0.45,0.45
fig4_immune_onset,1346.0,5.0,,13.298662704309065,2,8,1167.0,2026800008,0.45,0.45
fig4_immune_onset,1008.0,5.0,,9.126984126984127,2,9,916.0,2026800009,0.45,0.45
fig4_immune_onset,1192.0,5.0,,3.7751677852348995,2,10,1147.0,2026800010,0.45,0.45
fig4_immune_onset,925.9999999999999,5.0,,2.915766738660895,2,11,899.0,2026800011,0.45,0.45
fig4_immune_onset,1330.0,5.0,,8.270676691729323,2,12,1220.0,2026800012,0.45,0.45
fig4_immune_onset,810.0,5.0,,6.666666666666667,2,13,756.0,2026800013,0.45,0.45
fig4_immune_onset,793.9999999999999,5.0,,2.267002518891674,2,14,776.0,2026800014,0.45,0.45
fig4_immune_onset,847.0,5.0,,3.541912632821724,2,15,817.0,2026800015,0.45,0.45
fig4_immune_onset,1040.0,5.0,,-1.25,2,16,1053.0,2026800016,0.45,0.45
fig4_immune_onset,1368.0,5.0,,14.25438596491228,2,17,1173.0,2026800017,0.45,0.45
fig4_immune_onset,899.9999999999999,5.0,,10.22222222222221,2,18,808.0,2026800018,0.45,0.45
fig4_immune_onset,911.0,5.0,,9.549945115257946,2,19,824.0000000000001,2026800019,0.45,0.45
fig4_immune_onset,1034.0,5.0,,5.415860735009671,2,20,978.0,2026800020,0.45,0.45
fig4_immune_onset,1308.0,5.0,,1.452599388379205,2,21,1289.0,2026800021,0.45,0.45
fig4_immune_onset,1162.0,5.0,,12.220309810671248,2,22,1020.0000000000001,2026800022,0.45,0.45
fig4_immune_onset,993.0,5.0,,11.983887210473313,2,23,874.0,2026800023,0.45,0.45
fig4_immune_onset,1101.0,5.0,,29.791099000908265,2,24,773.0,2026800024,0.45,0.45
fig4_immune_onset,975.0,5.0,,-2.3589743589743475,2,25,997.9999999999999,2026800025,0.45,0.45
fig4_immune_onset,875.0000000000001,5.0,,2.3999999999999995,2,26,854.0000000000001,2026800026,0.45,0.45
fig4_immune_onset,1239.0,5.0,,8.797417271993544,2,27,1130.0,2026800027,0.45,0.45
fig4_immune_onset,948.0000000000001,5.0,,-11.603375527426147,2,28,1058.0,2026800028,0.45,0.45
fig4_immune_onset,1283.0,5.0,,24.629773967264224,2,29,967.0,2026800029,0.45,0.45
fig4_immune_onset,1057.0,5.0,,-0.7568590350047304,2,30,1065.0,2026800030,0.45,0.45
fig4_immune_onset,894.0,5.0,,21.588366890380314,2,31,701.0,2026800031,0.45,0.45
fig4_immune_onset,1355.0,5.0,,14.981549815498155,2,32,1152.0,2026800032,0.45,0.45
fig4_immune_onset,1541.0,5.0,,12.00519143413368,2,33,1356.0,2026800033,0.45,0.45
fig4_immune_onset,1281.0,5.0,,3.747072599531616,2,34,1233.0,2026800034,0.45,0.45
fig4_immune_onset,949.0,5.0,,-19.599578503688093,2,35,1135.0,2026800035,0.45,0.45
fig4_immune_onset,1084.0,5.0,,9.22509225092251,2,36,984.0,2026800036,0.45,0.45
fig4_immune_onset,1344.0,5.0,,2.6041666666666665,2,37,1309.0,2026800037,0.45,0.45
fig4_immune_onset,1279.0,5.0,,5.7857701329163405,2,38,1205.0,2026800038,0.45,0.45
fig4_immune_onset,1328.0,5.0,,4.141566265060241,2,39,1273.0,2026800039,0.45,0.45
fig4_immune_onset,990.0000000000001,5.0,,8.686868686868708,2,40,903.9999999999999,2026800040,0.45,0.45
fig4_immune_onset,1001.0,5.0,,0.6993006993007107,2,41,993.9999999999999,2026800041,0.45,0.45
fig4_immune_onset,1095.0,5.0,,33.97260273972603,2,42,723.0,2026800042,0.45,0.45
fig4_immune_onset,865.0,5.0,,2.3121387283237125,2,43,844.9999999999999,2026800043,0.45,0.45
fig4_immune_onset,1271.0,5.0,,6.215578284815106,2,44,1192.0,2026800044,0.45,0.45
fig4_immune_onset,831.0,5.0,,-3.0084235860409145,2,45,856.0,2026800045,0.45,0.45
fig4_immune_onset,1509.0,5.0,,8.416169648774023,2,46,1382.0,2026800046,0.45,0.45
fig4_immune_onset,1279.0,5.0,,-2.4237685691946833,2,47,1310.0,2026800047,0.45,0.45
fig4_immune_onset,801.9999999999999,5.0,,19.326683291770564,2,48,647.0,2026800048,0.45,0.45
fig4_immune_onset,1107.0,5.0,,13.188798554652212,2,49,961.0,2026800049,0.45,0.45
fig4_immune_onset,872.0,5.0,,4.243119266055046,2,50,835.0,2026800050,0.45,0.45
fig4_immune_onset,916.0,5.0,,6.768558951965054,2,51,854.0000000000001,2026800051,0.45,0.45
fig4_immune_onset,919.0,5.0,,23.93906420021763,2,52,699.0,2026800052,0.45,0.45
fig4_immune_onset,1162.0,5.0,,20.137693631669535,2,53,928.0,2026800053,0.45,0.45
fig4_immune_onset,1291.0,5.0,,11.618900077459333,2,54,1141.0,2026800054,0.45,0.45
fig4_immune_onset,1268.0,5.0,,2.050473186119874,2,55,1242.0,2026800055,0.45,0.45
fig4_immune_onset,1026.0,5.0,,-2.1442495126705654,2,56,1048.0,2026800056,0.45,0.45
fig4_immune_onset,608.0,5.0,,23.19078947368422,2,57,466.99999999999994,2026800057,0.45,0.45
fig4_immune_onset,1427.0,5.0,,7.848633496846531,2,58,1315.0,2026800058,0.45,0.45
fig4_immune_onset,1413.0,5.0,,12.24345364472753,2,59,1240.0,2026800059,0.45,0.45
fig4_immune_onset,881.0,5.0,,-0.4540295119182747,2,60,885.0,2026800060,0.45,0.45
fig4_immune_onset,827.9999999999999,5.0,,16.425120772946848,2,61,692.0,2026800061,0.45,0.45
fig4_immune_onset,1066.0,5.0,,12.570356472795497,2,62,932.0,2026800062,0.45,0.45
fig4_immune_onset,1265.0,5.0,,9.723320158102768,2,63,1142.0,2026800063,0.45,0.45
fig4_immune_onset,1009.0,5.0,,2.3785926660059578,2,64,984.9999999999999,2026800064,0.45,0.45
fig4_immune_onset,1037.0,5.0,,-6.075216972034715,2,65,1100.0,2026800065,0.45,0.45
fig4_immune_onset,1039.0,5.0,,-5.101058710298364,2,66,1092.0,2026800066,0.45,0.45
fig4_immune_onset,1129.0,5.0,,-5.491585473870682,2,67,1191.0,2026800067,0.45,0.45
fig4_immune_onset,860.0,5.0,,0.5813953488372093,2,68,855.0,2026800068,0.45,0.45
fig4_immune_onset,1059.0,5.0,,18.885741265344663,2,69,859.0,2026800069,0.45,0.45
fig4_immune_onset,1462.0,5.0,,22.845417236662108,2,70,1128.0,2026800070,0.45,0.45
fig4_immune_onset,668.0,5.0,,-9.131736526946108,2,71,729.0,2026800071,0.45,0.45
fig4_immune_onset,1398.0,5.0,,29.399141630901287,2,72,987.0,2026800072,0.45,0.45
fig4_immune_onset,1229.0,5.0,,9.764035801464605,2,73,1109.0,2026800073,0.45,0.45
fig4_immune_onset,822.0,5.0,,8.51581508515815,2,74,752.0,2026800074,0.45,0.45
fig4_immune_onset,1350.0,5.0,,10.074074074074074,2,75,1214.0,2026800075,0.45,0.45
fig4_immune_onset,936.0,5.0,,6.6239316239316235,2,76,874.0,2026800076,0.45,0.45
fig4_immune_onset,1338.0,5.0,,9.417040358744394,2,77,1212.0,2026800077,0.45,0.45
fig4_immune_onset,1355.0,5.0,,23.616236162361623,2,78,1035.0,2026800078,0.45,0.45
fig4_immune_onset,941.0,5.0,,-2.97555791710947,2,79,969.0000000000001,2026800079,0.45,0.45
fig4_immune_onset,1055.0,5.0,,19.24170616113744,2,80,852.0,2026800080,0.45,0.45
fig4_immune_onset,1144.0,5.0,,13.548951048951048,2,81,989.0,2026800081,0.45,0.45
fig4_immune_onset,1735.0,5.0,,15.90778097982709,2,82,1459.0,2026800082,0.45,0.45
fig4_immune_onset,1381.0,5.0,,-0.6517016654598118,2,83,1390.0,2026800083,0.45,0.45
fig4_immune_onset,996.0,5.0,,6.42570281124498,2,84,932.0,2026800084,0.45,0.45
fig4_immune_onset,989.0,5.0,,-17.087967644084934,2,85,1158.0,2026800085,0.45,0.45
fig4_immune_onset,1103.0,5.0,,6.165004533091569,2,86,1035.0,2026800086,0.45,0.45
fig4_immune_onset,1543.0,5.0,,11.341542449773168,2,87,1368.0,2026800087,0.45,0.45
fig4_immune_onset,1388.0,5.0,,16.354466858789625,2,88,1161.0,2026800088,0.45,0.45
fig4_immune_onset,1021.0,5.0,,13.907933398628806,2,89,878.9999999999999,2026800089,0.45,0.45
fig4_immune_onset,976.9999999999999,5.0,,11.873080859774811,2,90,861.0,2026800090,0.45,0.45
fig4_immune_onset,1263.0,5.0,,19.79414093428345,2,91,1013.0,2026800091,0.45,0.45
fig4_immune_onset,1217.0,5.0,,6.0805258833196385,2,92,1143.0,2026800092,0.45,0.45
fig4_immune_onset,1308.0,5.0,,6.039755351681957,2,93,1229.0,2026800093,0.45,0.45
fig4_immune_onset,1177.0,5.0,,14.613423959218352,2,94,1005.0,2026800094,0.45,0.45
fig4_immune_onset,1463.0,5.0,,20.095693779904305,2,95,1169.0,2026800095,0.45,0.45
fig4_immune_onset,961.0,5.0,,14.360041623309053,2,96,823.0,2026800096,0.45,0.45
fig4_immune_onset,899.0,5.0,,4.4493882091212456,2,97,859.0,2026800097,0.45,0.45
fig4_immune_onset,1189.0,5.0,,15.643397813288468,2,98,1003.0000000000001,2026800098,0.45,0.45
fig4_immune_onset,1315.0,5.0,,16.806083650190114,2,99,1094.0,2026800099,0.45,0.45
fig4_immune_onset,902.0,5.0,,4.878048780487792,2,100,858.0000000000001,2026800100,0.45,0.45
fig4_immune_onset,1169.0,5.0,,-6.244653550042772,2,101,1242.0,2026800101,0.45,0.45
fig4_immune_onset,1213.0,5.0,,26.380873866446827,2,102,893.0,2026800102,0.45,0.45
fig4_immune_onset,1029.0,5.0,,6.997084548104956,2,103,957.0,2026800103,0.45,0.45
fig4_immune_onset,1481.0,5.0,,5.064145847400405,2,104,1406.0,2026800104,0.45,0.45
fig4_immune_onset,1155.0,5.0,,4.415584415584416,2,105,1104.0,2026800105,0.45,0.45
fig4_immune_onset,1257.0,5.0,,32.69689737470167,2,106,846.0,2026800106,0.45,0.45
fig4_immune_onset,1040.0,5.0,,15.288461538461538,2,107,881.0,2026800107,0.45,0.45
fig4_immune_onset,1064.0,5.0,,23.68421052631579,2,108,812.0,2026800108,0.45,0.45
fig4_immune_onset,1353.0,5.0,,25.4249815225425,2,109,1009.0,2026800109,0.45,0.45
fig4_immune_onset,1093.0,5.0,,16.834400731930458,2,110,909.0000000000001,2026800110,0.45,0.45
fig4_immune_onset,1174.0,5.0,,4.003407155025553,2,111,1127.0,2026800111,0.45,0.45
fig4_immune_onset,720.0,5.0,,16.52777777777778,2,112,601.0,2026800112,0.45,0.45
fig4_immune_onset,923.0,5.0,,-11.484290357529794,2,113,1029.0,2026800113,0.45,0.45
fig4_immune_onset,1195.0,5.0,,9.790794979079498,2,114,1078.0,2026800114,0.45,0.45
fig4_immune_onset,1273.0,5.0,,-17.91044776119403,2,115,1501.0,2026800115,0.45,0.45
fig4_immune_onset,805.0,5.0,,20.372670807453417,2,116,641.0,2026800116,0.45,0.45
fig4_immune_onset,871.0000000000001,5.0,,-6.084959816303087,2,117,924.0,2026800117,0.45,0.45
fig4_immune_onset,786.0000000000001,5.0,,-6.615776081424921,2,118,838.0,2026800118,0.45,0.45
fig4_immune_onset,1012.0,5.0,,-8.794466403162055,2,119,1101.0,2026800119,0.45,0.45
fig4_immune_onset,820.0000000000001,5.0,,15.487804878048792,2,120,693.0,2026800120,0.45,0.45
fig4_immune_onset,1034.0,5.0,,19.53578336557061,2,121,831.9999999999999,2026800121,0.45,0.45
fig4_immune_onset,963.0,5.0,,4.153686396677051,2,122,923.0,2026800122,0.45,0.45
fig4_immune_onset,1373.0,5.0,,7.64748725418791,2,123,1268.0,2026800123,0.45,0.45
fig4_immune_onset,1141.0,5.0,,11.130587204206837,2,124,1014.0,2026800124,0.45,0.45
fig4_immune_onset,1233.0,5.0,,11.3544201135442,2,125,1093.0,2026800125,0.45,0.45
fig4_immune_onset,847.0,5.0,,1.1806375442738946,2,126,837.0000000000001,2026800126,0.45,0.45
fig4_immune_onset,914.0,5.0,,-0.7658643326039387,2,127,921.0,2026800127,0.45,0.45
fig4_immune_onset,1370.0,5.0,,0.656934306569343,2,128,1361.0,2026800128,0.45,0.45
fig4_immune_onset,1237.0,5.0,,5.254648342764753,2,129,1172.0,2026800129,0.45,0.45
fig4_immune_onset,1189.0,5.0,,-4.037005887300253,2,130,1237.0,2026800130,0.45,0.45
fig4_immune_onset,1267.0,5.0,,19.652722967640095,2,131,1018.0,2026800131,0.45,0.45
fig4_immune_onset,1091.0,5.0,,16.86526122823098,2,132,907.0,2026800132,0.45,0.45
fig4_immune_onset,959.9999999999999,5.0,,3.020833333333322,2,133,931.0,2026800133,0.45,0.45
fig4_immune_onset,718.0,5.0,,7.66016713091922,2,134,663.0,2026800134,0.45,0.45
fig4_immune_onset,1184.0,5.0,,21.95945945945946,2,135,924.0,2026800135,0.45,0.45
fig4_immune_onset,923.0,5.0,,9.859154929577477,2,136,831.9999999999999,2026800136,0.45,0.45
fig4_immune_onset,1012.0,5.0,,-2.1739130434782608,2,137,1034.0,2026800137,0.45,0.45
fig4_immune_onset,875.0000000000001,5.0,,8.228571428571428,2,138,803.0000000000001,2026800138,0.45,0.45
fig4_immune_onset,681.0,5.0,,15.27165932452276,2,139,577.0,2026800139,0.45,0.45
fig4_immune_onset,1198.0,5.0,,18.447412353923216,2,140,976.9999999999999,2026800140,0.45,0.45
fig4_immune_onset,1442.0,5.0,,6.310679611650485,2,141,1351.0,2026800141,0.45,0.45
fig4_immune_onset,1133.0,5.0,,11.915269196822605,2,142,997.9999999999999,2026800142,0.45,0.45
fig4_immune_onset,1367.0,5.0,,8.266276517922458,2,143,1254.0,2026800143,0.45,0.45
fig4_immune_onset,1316.0,5.0,,11.930091185410335,2,144,1159.0,2026800144,0.45,0.45
fig4_immune_onset,984.9999999999999,5.0,,0.8121827411167514,2,145,976.9999999999999,2026800145,0.45,0.45
fig4_immune_onset,881.0,5.0,,16.685584562996596,2,146,734.0,2026800146,0.45,0.45
fig4_immune_onset,1406.0,5.0,,16.073968705547653,2,147,1180.0,2026800147,0.45,0.45
fig4_immune_onset,1342.0,5.0,,9.687034277198212,2,148,1212.0,2026800148,0.45,0.45
fig4_immune_onset,835.9999999999999,5.0,,-7.4162679425837466,2,149,898.0,2026800149,0.45,0.45
fig4_immune_onset,1207.0,5.0,,8.450704225352112,2,150,1105.0,2026800150,0.45,0.45
fig4_immune_onset,1034.0,5.0,,-11.895551257253384,2,151,1157.0,2026800151,0.45,0.45
fig4_immune_onset,937.0,5.0,,-7.68409818569904,2,152,1009.0,2026800152,0.45,0.45
fig4_immune_onset,1242.0,5.0,,10.547504025764896,2,153,1111.0,2026800153,0.45,0.45
fig4_immune_onset,1640.0000000000002,5.0,,12.31707317073172,2,154,1438.0,2026800154,0.45,0.45
fig4_immune_onset,1088.0,5.0,,-9.283088235294118,2,155,1189.0,2026800155,0.45,0.45
fig4_immune_onset,1373.0,5.0,,8.958485069191552,2,156,1250.0,2026800156,0.45,0.45
fig4_immune_onset,1098.0,5.0,,8.925318761384336,2,157,1000.0,2026800157,0.45,0.45
fig4_immune_onset,1456.0,5.0,,11.057692307692308,2,158,1295.0,2026800158,0.45,0.45
fig4_immune_onset,1168.0,5.0,,0.8561643835616438,2,159,1158.0,2026800159,0.45,0.45
fig4_immune_onset,868.0,5.0,,-4.377880184331797,2,160,906.0,2026800160,0.45,0.45
fig4_immune_onset,984.9999999999999,5.0,,-7.512690355329961,2,161,1059.0,2026800161,0.45,0.45
fig4_immune_onset,1600.0,5.0,,22.75,2,162,1236.0,2026800162,0.45,0.45
fig4_immune_onset,1056.0,5.0,,19.22348484848486,2,163,852.9999999999999,2026800163,0.45,0.45
fig4_immune_onset,1000.0,5.0,,26.4,2,164,736.0,2026800164,0.45,0.45
fig4_immune_onset,1095.0,5.0,,17.442922374429234,2,165,903.9999999999999,2026800165,0.45,0.45
fig4_immune_onset,814.9999999999999,5.0,,15.950920245398763,2,166,685.0,2026800166,0.45,0.45
fig4_immune_onset,895.9999999999999,5.0,,20.535714285714278,2,167,712.0,2026800167,0.45,0.45
fig4_immune_onset,959.9999999999999,5.0,,-5.312500000000001,2,168,1010.9999999999999,2026800168,0.45,0.45
fig4_immune_onset,1102.0,5.0,,12.613430127041742,2,169,963.0,2026800169,0.45,0.45
fig4_immune_onset,1010.0,5.0,,-0.7920792079207921,2,170,1018.0,2026800170,0.45,0.45
fig4_immune_onset,1383.0,5.0,,11.135213304410701,2,171,1229.0,2026800171,0.45,0.45
fig4_immune_onset,1143.0,5.0,,14.698162729658792,2,172,975.0,2026800172,0.45,0.45
fig4_immune_onset,1569.9999999999998,5.0,,23.630573248407632,2,173,1199.0,2026800173,0.45,0.45
fig4_immune_onset,1086.0,5.0,,-0.5524861878453039,2,174,1092.0,2026800174,0.45,0.45
fig4_immune_onset,1282.0,5.0,,5.070202808112325,2,175,1217.0,2026800175,0.45,0.45
fig4_immune_onset,1158.0,5.0,,7.3402417962003454,2,176,1073.0,2026800176,0.45,0.45
fig4_immune_onset,1094.0,5.0,,3.930530164533821,2,177,1051.0,2026800177,0.45,0.45
fig4_immune_onset,1007.0000000000001,5.0,,-19.56305858987089,2,178,1204.0,2026800178,0.45,0.45
fig4_immune_onset,979.0,5.0,,12.359550561797741,2,179,858.0000000000001,2026800179,0.45,0.45
fig4_immune_onset,1398.0,5.0,,5.5078683834048645,2,180,1321.0,2026800180,0.45,0.45
fig4_immune_onset,1374.0,5.0,,14.992721979621543,2,181,1168.0,2026800181,0.45,0.45
fig4_immune_onset,1008.0,5.0,,5.555555555555545,2,182,952.0000000000001,2026800182,0.45,0.45
fig4_immune_onset,869.9999999999999,5.0,,17.35632183908045,2,183,719.0,2026800183,0.45,0.45
fig4_immune_onset,920.0,5.0,,6.630434782608695,2,184,859.0,2026800184,0.45,0.45
fig4_immune_onset,1124.0,5.0,,-4.359430604982206,2,185,1173.0,2026800185,0.45,0.45
fig4_immune_onset,1148.0,5.0,,17.247386759581882,2,186,950.0,2026800186,0.45,0.45
fig4_immune_onset,1670.0,5.0,,0.6586826347305389,2,187,1659.0,2026800187,0.45,0.45
fig4_immune_onset,1057.0,5.0,,9.744560075685904,2,188,954.0,2026800188,0.45,0.45
fig4_immune_onset,723.0,5.0,,-21.853388658367912,2,189,881.0,2026800189,0.45,0.45
fig4_immune_onset,924.0,5.0,,17.532467532467532,2,190,762.0,2026800190,0.45,0.45
fig4_immune_onset,1341.0,5.0,,2.3862788963460106,2,191,1309.0,2026800191,0.45,0.45
fig4_immune_onset,912.9999999999999,5.0,,18.83899233296823,2,192,741.0,2026800192,0.45,0.45
fig4_immune_onset,825.0,5.0,,14.666666666666666,2,193,704.0,2026800193,0.45,0.45
fig4_immune_onset,1151.0,5.0,,12.684622067767158,2,194,1005.0,2026800194,0.45,0.45
fig4_immune_onset,1130.0,5.0,,10.70796460176991,2,195,1009.0,2026800195,0.45,0.45
fig4_immune_onset,1088.0,5.0,,1.7463235294117647,2,196,1069.0,2026800196,0.45,0.45
fig4_immune_onset,1137.0,5.0,,-4.8372911169744945,2,197,1192.0,2026800197,0.45,0.45
fig4_immune_onset,1364.0,5.0,,17.082111436950147,2,198,1131.0,2026800198,0.45,0.45
fig4_immune_onset,1065.0,5.0,,12.112676056338028,2,199,936.0,2026800199,0.45,0.45
fig4_immune_onset,1086.0,5.0,,3.867403314917127,2,200,1044.0,2026800200,0.45,0.45
fig4_immune_onset,1023.0,5.0,,19.35483870967742,2,201,825.0,2026800201,0.45,0.45
fig4_immune_onset,1098.0,5.0,,3.551912568306011,2,202,1059.0,2026800202,0.45,0.45
fig4_immune_onset,1235.0,5.0,,27.611336032388664,2,203,894.0,2026800203,0.45,0.45
fig4_immune_onset,1181.0,5.0,,-11.769686706181202,2,204,1320.0,2026800204,0.45,0.45
fig4_immune_onset,1184.0,5.0,,7.010135135135135,2,205,1101.0,2026800205,0.45,0.45
fig4_immune_onset,1065.0,5.0,,16.338028169014084,2,206,891.0,2026800206,0.45,0.45
fig4_immune_onset,925.9999999999999,5.0,,17.494600431965434,2,207,764.0,2026800207,0.45,0.45
fig4_immune_onset,895.0,5.0,,-11.620111731843588,2,208,999.0000000000001,2026800208,0.45,0.45
fig4_immune_onset,895.0,5.0,,-2.346368715083799,2,209,916.0,2026800209,0.45,0.45
fig4_immune_onset,996.0,5.0,,0.5020080321285141,2,210,991.0,2026800210,0.45,0.45
fig4_immune_onset,1210.0,5.0,,8.760330578512397,2,211,1104.0,2026800211,0.45,0.45
fig4_immune_onset,1104.0,5.0,,12.952898550724637,2,212,961.0,2026800212,0.45,0.45
fig4_immune_onset,1044.0,5.0,,26.053639846743295,2,213,772.0,2026800213,0.45,0.45
fig4_immune_onset,1055.0,5.0,,21.421800947867297,2,214,829.0,2026800214,0.45,0.45
fig4_immune_onset,1124.0,5.0,,-0.9786476868327402,2,215,1135.0,2026800215,0.45,0.45
fig4_immune_onset,2009.0,5.0,,11.34892981582877,2,216,1781.0,2026800216,0.45,0.45
fig4_immune_onset,1230.0,5.0,,6.829268292682927,2,217,1146.0,2026800217,0.45,0.45
fig4_immune_onset,1350.0,5.0,,4.148148148148148,2,218,1294.0,2026800218,0.45,0.45
fig4_immune_onset,1130.0,5.0,,6.106194690265487,2,219,1061.0,2026800219,0.45,0.45
fig4_immune_onset,1158.0,5.0,,7.68566493955095,2,220,1069.0,2026800220,0.45,0.45
fig4_immune_onset,1604.9999999999998,5.0,,5.171339563862915,2,221,1522.0,2026800221,0.45,0.45
fig4_immune_onset,1292.0,5.0,,18.962848297213622,2,222,1047.0,2026800222,0.45,0.45
fig4_immune_onset,867.0000000000001,5.0,,12.57208765859286,2,223,758.0,2026800223,0.45,0.45
fig4_immune_onset,1629.0,5.0,,18.354818907305095,2,224,1330.0,2026800224,0.45,0.45
fig4_immune_onset,1098.0,5.0,,-4.82695810564663,2,225,1151.0,2026800225,0.45,0.45
fig4_immune_onset,1136.0,5.0,,12.059859154929567,2,226,999.0000000000001,2026800226,0.45,0.45
fig4_immune_onset,1338.0,5.0,,3.587443946188341,2,227,1290.0,2026800227,0.45,0.45
fig4_immune_onset,1010.9999999999999,5.0,,19.584569732937677,2,228,813.0,2026800228,0.45,0.45
fig4_immune_onset,831.9999999999999,5.0,,16.225961538461526,2,229,697.0,2026800229,0.45,0.45
fig4_immune_onset,928.0,5.0,,19.396551724137932,2,230,748.0,2026800230,0.45,0.45
fig4_immune_onset,895.0,5.0,,0.0,2,231,895.0,2026800231,0.45,0.45
fig4_immune_onset,1466.0,5.0,,14.802182810368349,2,232,1249.0,2026800232,0.45,0.45
fig4_immune_onset,1033.0,5.0,,13.552758954501453,2,233,893.0,2026800233,0.45,0.45
fig4_immune_onset,1412.0,5.0,,0.141643059490085,2,234,1410.0,2026800234,0.45,0.45
fig4_immune_onset,1206.0,5.0,,9.203980099502488,2,235,1095.0,2026800235,0.45,0.45
fig4_immune_onset,1081.0,5.0,,10.545790934320074,2,236,967.0,2026800236,0.45,0.45
fig4_immune_onset,1317.0,5.0,,10.554290053151101,2,237,1178.0,2026800237,0.45,0.45
fig4_immune_onset,1200.0,5.0,,18.666666666666668,2,238,976.0,2026800238,0.45,0.45
fig4_immune_onset,565.0,5.0,,1.592920353982301,2,239,556.0,2026800239,0.45,0.45
fig4_immune_onset,910.0,5.0,,6.813186813186813,2,240,848.0,2026800240,0.45,0.45
fig4_immune_onset,1158.0,5.0,,1.468048359240069,2,241,1141.0,2026800241,0.45,0.45
fig4_immune_onset,1068.0,5.0,,21.16104868913858,2,242,842.0,2026800242,0.45,0.45
fig4_immune_onset,1018.9999999999999,5.0,,0.5888125613346307,2,243,1013.0,2026800243,0.45,0.45
fig4_immune_onset,1160.0,5.0,,10.60344827586207,2,244,1037.0,2026800244,0.45,0.45
fig4_immune_onset,1563.0000000000002,5.0,,10.49264235444659,2,245,1399.0,2026800245,0.45,0.45
fig4_immune_onset,916.9999999999999,5.0,,5.8887677208287785,2,246,863.0,2026800246,0.45,0.45
fig4_immune_onset,1099.0,5.0,,18.198362147406733,2,247,899.0,2026800247,0.45,0.45
fig4_immune_onset,1355.0,5.0,,24.723247232472314,2,248,1020.0000000000001,2026800248,0.45,0.45
fig4_immune_onset,1064.0,5.0,,6.296992481203008,2,249,997.0,2026800249,0.45,0.45
fig4_immune_onset,1229.0,5.0,,26.688364524003244,2,250,901.0000000000001,2026800250,0.45,0.45
fig4_immune_onset,1306.0,5.0,,20.367534456355283,2,251,1040.0,2026800251,0.45,0.45
fig4_immune_onset,1432.0,5.0,,1.8854748603351956,2,252,1405.0,2026800252,0.45,0.45
fig4_immune_onset,1186.0,5.0,,5.986509274873525,2,253,1115.0,2026800253,0.45,0.45
fig4_immune_onset,1470.0,5.0,,16.39455782312925,2,254,1229.0,2026800254,0.45,0.45
fig4_immune_onset,1299.0,5.0,,20.24634334103156,2,255,1036.0,2026800255,0.45,0.45
fig4_immune_onset,1245.0,5.0,,12.449799196787149,2,256,1090.0,2026800256,0.45,0.45
fig4_immune_onset,1055.0,5.0,,7.867298578199052,2,257,972.0,2026800257,0.45,0.45
fig4_immune_onset,1037.0,5.0,,-1.639344262295082,2,258,1054.0,2026800258,0.45,0.45
fig4_immune_onset,1507.0,5.0,,6.635700066357001,2,259,1407.0,2026800259,0.45,0.45
fig4_immune_onset,1334.0,5.0,,-5.172413793103448,2,260,1403.0,2026800260,0.45,0.45
fig4_immune_onset,1307.0,5.0,,13.389441469013008,2,261,1132.0,2026800261,0.45,0.45
fig4_immune_onset,1316.0,5.0,,23.176291793313077,2,262,1010.9999999999999,2026800262,0.45,0.45
fig4_immune_onset,627.0,5.0,,-6.539074960127592,2,263,668.0,2026800263,0.45,0.45
fig4_immune_onset,1050.0,5.0,,-7.428571428571429,2,264,1128.0,2026800264,0.45,0.45
fig4_immune_onset,629.0,5.0,,-6.041335453100159,2,265,667.0,2026800265,0.45,0.45
fig4_immune_onset,946.0,5.0,,-0.7399577167019028,2,266,953.0,2026800266,0.45,0.45
fig4_immune_onset,993.0,5.0,,11.480362537764362,2,267,878.9999999999999,2026800267,0.45,0.45
fig4_immune_onset,1377.0,5.0,,2.4691358024691357,2,268,1343.0,2026800268,0.45,0.45
fig4_immune_onset,1719.0,5.0,,15.648632926119838,2,269,1450.0,2026800269,0.45,0.45
fig4_immune_onset,1112.0,5.0,,4.676258992805756,2,270,1060.0,2026800270,0.45,0.45
fig4_immune_onset,1112.0,5.0,,11.96043165467626,2,271,979.0,2026800271,0.45,0.45
fig4_immune_onset,984.0,5.0,,10.467479674796747,2,272,881.0,2026800272,0.45,0.45
fig4_immune_onset,928.0,5.0,,20.36637931034483,2,273,739.0,2026800273,0.45,0.45
fig4_immune_onset,1188.0,5.0,,6.734006734006734,2,274,1108.0,2026800274,0.45,0.45
fig4_immune_onset,1259.0,5.0,,17.712470214455916,2,275,1036.0,2026800275,0.45,0.45
fig4_immune_onset,1510.0,5.0,,13.774834437086092,2,276,1302.0,2026800276,0.45,0.45
fig4_immune_onset,1343.0,5.0,,3.648548026805659,2,277,1294.0,2026800277,0.45,0.45
fig4_immune_onset,1439.0,5.0,,13.89854065323141,2,278,1239.0,2026800278,0.45,0.45
fig4_immune_onset,1264.0,5.0,,-13.924050632911392,2,279,1440.0,2026800279,0.45,0.45
fig4_immune_onset,1215.0,5.0,,21.9753086419753,2,280,948.0000000000001,2026800280,0.45,0.45
fig4_immune_onset,772.0,5.0,,11.398963730569948,2,281,684.0,2026800281,0.45,0.45
fig4_immune_onset,1098.0,5.0,,-2.6411657559198543,2,282,1127.0,2026800282,0.45,0.45
fig4_immune_onset,1137.0,5.0,,9.850483729111698,2,283,1025.0,2026800283,0.45,0.45
fig4_immune_onset,1677.0,5.0,,21.288014311270125,2,284,1320.0,2026800284,0.45,0.45
fig4_immune_onset,1016.0000000000001,5.0,,9.153543307086624,2,285,923.0,2026800285,0.45,0.45
fig4_immune_onset,982.0000000000001,5.0,,20.16293279022404,2,286,784.0,2026800286,0.45,0.45
fig4_immune_onset,1077.0,5.0,,10.492107706592396,2,287,963.9999999999999,2026800287,0.45,0.45
fig4_immune_onset,1177.0,5.0,,9.855564995751912,2,288,1061.0,2026800288,0.45,0.45
fig4_immune_onset,1298.0,5.0,,22.033898305084747,2,289,1012.0,2026800289,0.45,0.45
fig4_immune_onset,1297.0,5.0,,-2.4672320740169624,2,290,1329.0,2026800290,0.45,0.45
fig4_immune_onset,1097.0,5.0,,8.021877848678214,2,291,1009.0,2026800291,0.45,0.45
fig4_immune_onset,1201.0,5.0,,3.6636136552872607,2,292,1157.0,2026800292,0.45,0.45
fig4_immune_onset,888.0000000000001,5.0,,2.139639639639652,2,293,869.0,2026800293,0.45,0.45
fig4_immune_onset,835.9999999999999,5.0,,3.5885167464114702,2,294,806.0,2026800294,0.45,0.45
fig4_immune_onset,709.0,5.0,,-0.14104372355430184,2,295,710.0,2026800295,0.45,0.45
fig4_immune_onset,1284.0,5.0,,5.919003115264798,2,296,1208.0,2026800296,0.45,0.45
fig4_immune_onset,1147.0,5.0,,11.072362685265901,2,297,1020.0000000000001,2026800297,0.45,0.45
fig4_immune_onset,1604.9999999999998,5.0,,30.218068535825537,2,298,1120.0,2026800298,0.45,0.45
fig4_immune_onset,1532.0,5.0,,4.634464751958225,2,299,1461.0,2026800299,0.45,0.45
fig4_immune_onset,734.0,5.0,,0.2724795640326976,2,300,732.0,2026800300,0.45,0.45
fig4_immune_onset,1176.0,5.0,,1.445578231292517,2,301,1159.0,2026800301,0.45,0.45
fig4_immune_onset,668.0,5.0,,-3.8922155688622753,2,302,694.0,2026800302,0.45,0.45
fig4_immune_onset,1544.0,5.0,,10.427461139896373,2,303,1383.0,2026800303,0.45,0.45
fig4_immune_onset,856.0,5.0,,17.172897196261683,2,304,709.0,2026800304,0.45,0.45
fig4_immune_onset,1146.0,5.0,,6.893542757417103,2,305,1067.0,2026800305,0.45,0.45
fig4_immune_onset,1072.0,5.0,,13.246268656716428,2,306,929.9999999999999,2026800306,0.45,0.45
fig4_immune_onset,886.0,5.0,,28.668171557562076,2,307,632.0,2026800307,0.45,0.45
fig4_immune_onset,831.0,5.0,,-6.979542719614922,2,308,889.0,2026800308,0.45,0.45
fig4_immune_onset,797.0,5.0,,21.706398996235883,2,309,624.0,2026800309,0.45,0.45
fig4_immune_onset,1027.0,5.0,,-0.7789678675754625,2,310,1035.0,2026800310,0.45,0.45
fig4_immune_onset,1161.0,5.0,,-18.6046511627907,2,311,1377.0,2026800311,0.45,0.45
fig4_immune_onset,1593.0,5.0,,16.886377903327055,2,312,1324.0,2026800312,0.45,0.45
fig4_immune_onset,1320.0,5.0,,14.015151515151516,2,313,1135.0,2026800313,0.45,0.45
fig4_immune_onset,1531.0,5.0,,16.329196603527105,2,314,1281.0,2026800314,0.45,0.45
fig4_immune_onset,1330.0,5.0,,15.413533834586467,2,315,1125.0,2026800315,0.45,0.45
fig4_immune_onset,1030.0,5.0,,5.922330097087368,2,316,969.0000000000001,2026800316,0.45,0.45
fig4_immune_onset,995.0,5.0,,0.1005025125628255,2,317,993.9999999999999,2026800317,0.45,0.45
fig4_immune_onset,903.9999999999999,5.0,,13.27433628318583,2,318,784.0,2026800318,0.45,0.45
fig4_immune_onset,1202.0,5.0,,4.658901830282862,2,319,1146.0,2026800319,0.45,0.45
fig4_immune_onset,865.9999999999999,5.0,,1.2702078521939824,2,320,855.0,2026800320,0.45,0.45
fig4_immune_onset,955.0,5.0,,18.638743455497384,2,321,777.0,2026800321,0.45,0.45
fig4_immune_onset,1177.0,5.0,,7.4766355140186915,2,322,1089.0,2026800322,0.45,0.45
fig4_immune_onset,762.0,5.0,,-3.4120734908136483,2,323,788.0,2026800323,0.45,0.45
fig4_immune_onset,1026.0,5.0,,9.161793372319687,2,324,932.0,2026800324,0.45,0.45
fig4_immune_onset,1044.0,5.0,,16.379310344827587,2,325,873.0,2026800325,0.45,0.45
fig4_immune_onset,996.0,5.0,,-7.931726907630522,2,326,1075.0,2026800326,0.45,0.45
fig4_immune_onset,1206.0,5.0,,-0.8291873963515755,2,327,1216.0,2026800327,0.45,0.45
fig4_immune_onset,1322.0,5.0,,0.45385779122541603,2,328,1316.0,2026800328,0.45,0.45
fig4_immune_onset,1232.0,5.0,,12.094155844155845,2,329,1083.0,2026800329,0.45,0.45
fig4_immune_onset,1028.0,5.0,,5.447470817120623,2,330,972.0,2026800330,0.45,0.45
fig4_immune_onset,893.0,5.0,,-5.151175811870113,2,331,939.0000000000001,2026800331,0.45,0.45
fig4_immune_onset,1075.0,5.0,,10.418604651162791,2,332,963.0,2026800332,0.45,0.45
fig4_immune_onset,1631.0000000000002,5.0,,9.19681177191908,2,333,1481.0,2026800333,0.45,0.45
fig4_immune_onset,1310.0,5.0,,2.9770992366412212,2,334,1271.0,2026800334,0.45,0.45
fig4_immune_onset,893.0,5.0,,10.078387458006707,2,335,803.0000000000001,2026800335,0.45,0.45
fig4_immune_onset,1506.0,5.0,,18.59229747675963,2,336,1226.0,2026800336,0.45,0.45
fig4_immune_onset,702.0,5.0,,15.527065527065528,2,337,593.0,2026800337,0.45,0.45
fig4_immune_onset,1110.0,5.0,,-21.71171171171171,2,338,1351.0,2026800338,0.45,0.45
fig4_immune_onset,1398.0,5.0,,5.221745350500715,2,339,1325.0,2026800339,0.45,0.45
fig4_immune_onset,1121.0,5.0,,13.20249776984834,2,340,973.0000000000001,2026800340,0.45,0.45
fig4_immune_onset,816.0000000000001,5.0,,-4.656862745098039,2,341,854.0000000000001,2026800341,0.45,0.45
fig4_immune_onset,1229.0,5.0,,15.78519121236778,2,342,1035.0,2026800342,0.45,0.45
fig4_immune_onset,869.0,5.0,,15.304948216340621,2,343,736.0,2026800343,0.45,0.45
fig4_immune_onset,897.0,5.0,,26.309921962095874,2,344,661.0,2026800344,0.45,0.45
fig4_immune_onset,1245.0,5.0,,21.52610441767069,2,345,976.9999999999999,2026800345,0.45,0.45
fig4_immune_onset,918.0000000000001,5.0,,2.832244008714597,2,346,892.0000000000001,2026800346,0.45,0.45
fig4_immune_onset,731.0,5.0,,-3.009575923392613,2,347,753.0,2026800347,0.45,0.45
fig4_immune_onset,1009.0,5.0,,5.847373637264618,2,348,950.0,2026800348,0.45,0.45
fig4_immune_onset,1003.0000000000001,5.0,,7.278165503489554,2,349,929.9999999999999,2026800349,0.45,0.45
fig4_immune_onset,1041.0,5.0,,-0.19212295869356388,2,350,1043.0,2026800350,0.45,0.45
fig4_immune_onset,1277.0,5.0,,8.84886452623336,2,351,1164.0,2026800351,0.45,0.45
fig4_immune_onset,1154.0,5.0,,17.15771230502599,2,352,956.0000000000001,2026800352,0.45,0.45
fig4_immune_onset,1370.0,5.0,,13.722627737226277,2,353,1182.0,2026800353,0.45,0.45
fig4_immune_onset,1374.0,5.0,,5.240174672489083,2,354,1302.0,2026800354,0.45,0.45
fig4_immune_onset,1047.0,5.0,,7.736389684813753,2,355,966.0,2026800355,0.45,0.45
fig4_immune_onset,1047.0,5.0,,4.202483285577831,2,356,1003.0000000000001,2026800356,0.45,0.45
fig4_immune_onset,1279.0,5.0,,2.18921032056294,2,357,1251.0,2026800357,0.45,0.45
fig4_immune_onset,1056.0,5.0,,8.049242424242424,2,358,971.0,2026800358,0.45,0.45
fig4_immune_onset,1533.0,5.0,,12.720156555772995,2,359,1338.0,2026800359,0.45,0.45
fig4_immune_onset,1017.0,5.0,,10.619469026548662,2,360,909.0000000000001,2026800360,0.45,0.45
fig4_immune_onset,1094.0,5.0,,12.888482632541134,2,361,953.0,2026800361,0.45,0.45
fig4_immune_onset,1141.0,5.0,,7.712532865907099,2,362,1053.0,2026800362,0.45,0.45
fig4_immune_onset,1169.0,5.0,,1.1976047904191616,2,363,1155.0,2026800363,0.45,0.45
fig4_immune_onset,1746.0,5.0,,14.776632302405499,2,364,1488.0,2026800364,0.45,0.45
fig4_immune_onset,889.0,5.0,,16.76040494938133,2,365,740.0,2026800365,0.45,0.45
fig4_immune_onset,997.0,5.0,,10.531594784353048,2,366,892.0000000000001,2026800366,0.45,0.45
fig4_immune_onset,1290.0,5.0,,8.372093023255815,2,367,1182.0,2026800367,0.45,0.45
fig4_immune_onset,980.9999999999999,5.0,,2.6503567787971343,2,368,955.0,2026800368,0.45,0.45
fig4_immune_onset,1093.0,5.0,,11.893870082342177,2,369,963.0,2026800369,0.45,0.45
fig4_immune_onset,1092.0,5.0,,21.703296703296704,2,370,855.0,2026800370,0.45,0.45
fig4_immune_onset,1101.0,5.0,,-0.18165304268846502,2,371,1103.0,2026800371,0.45,0.45
fig4_immune_onset,937.0,5.0,,-0.7470651013874067,2,372,944.0,2026800372,0.45,0.45
fig4_immune_onset,1063.0,5.0,,14.111006585136417,2,373,912.9999999999999,2026800373,0.45,0.45
fig4_immune_onset,1326.0,5.0,,14.479638009049774,2,374,1134.0,2026800374,0.45,0.45
fig4_immune_onset,788.0,5.0,,13.071065989847716,2,375,685.0,2026800375,0.45,0.45
fig4_immune_onset,1350.0,5.0,,9.333333333333334,2,376,1224.0,2026800376,0.45,0.45
fig4_immune_onset,1511.0,5.0,,16.876240900066183,2,377,1256.0,2026800377,0.45,0.45
fig4_immune_onset,1149.0,5.0,,0.17406440382941687,2,378,1147.0,2026800378,0.45,0.45
fig4_immune_onset,1001.0,5.0,,6.393606393606394,2,379,937.0,2026800379,0.45,0.45
fig4_immune_onset,1124.0,5.0,,10.676156583629894,2,380,1004.0,2026800380,0.45,0.45
fig4_immune_onset,1078.0,5.0,,7.977736549165121,2,381,992.0,2026800381,0.45,0.45
fig4_immune_onset,1379.0,5.0,,9.209572153734591,2,382,1252.0,2026800382,0.45,0.45
fig4_immune_onset,1023.0,5.0,,21.407624633431084,2,383,804.0,2026800383,0.45,0.45
fig4_immune_onset,844.9999999999999,5.0,,6.153846153846142,2,384,793.0,2026800384,0.45,0.45
fig4_immune_onset,1178.0,5.0,,23.5993208828523,2,385,899.9999999999999,2026800385,0.45,0.45
fig4_immune_onset,706.0,5.0,,16.997167138810198,2,386,586.0,2026800386,0.45,0.45
fig4_immune_onset,1280.0,5.0,,7.8125,2,387,1180.0,2026800387,0.45,0.45
fig4_immune_onset,1297.0,5.0,,3.8550501156515034,2,388,1247.0,2026800388,0.45,0.45
fig4_immune_onset,942.9999999999999,5.0,,-4.665959703075304,2,389,987.0,2026800389,0.45,0.45
fig4_immune_onset,712.0,5.0,,-0.8426966292134831,2,390,718.0,2026800390,0.45,0.45
fig4_immune_onset,1092.0,5.0,,5.402930402930403,2,391,1033.0,2026800391,0.45,0.45
fig4_immune_onset,1192.0,5.0,,9.228187919463087,2,392,1082.0,2026800392,0.45,0.45
fig4_immune_onset,1432.0,5.0,,16.201117318435752,2,393,1200.0,2026800393,0.45,0.45
fig4_immune_onset,1257.0,5.0,,15.11535401750199,2,394,1067.0,2026800394,0.45,0.45
fig4_immune_onset,1083.0,5.0,,-7.940904893813481,2,395,1169.0,2026800395,0.45,0.45
fig4_immune_onset,831.9999999999999,5.0,,26.923076923076913,2,396,608.0,2026800396,0.45,0.45
fig4_immune_onset,1443.0,5.0,,16.83991683991684,2,397,1200.0,2026800397,0.45,0.45
fig4_immune_onset,1418.0,5.0,,4.9365303244005645,2,398,1348.0,2026800398,0.45,0.45
fig4_immune_onset,1240.0,5.0,,4.112903225806452,2,399,1189.0,2026800399,0.45,0.45
fig4_immune_onset,1421.0,5.0,,17.17100633356791,2,400,1177.0,2026800400,0.45,0.45
fig4_immune_onset,878.9999999999999,5.0,,13.083048919226384,2,401,764.0,2026800401,0.45,0.45
fig4_immune_onset,847.0,5.0,,21.723730814639907,2,402,663.0,2026800402,0.45,0.45
fig4_immune_onset,1182.0,5.0,,6.175972927241963,2,403,1109.0,2026800403,0.45,0.45
fig4_immune_onset,1136.0,5.0,,20.070422535211268,2,404,908.0,2026800404,0.45,0.45
fig4_immune_onset,1241.0,5.0,,9.105560032232072,2,405,1128.0,2026800405,0.45,0.45
fig4_immune_onset,1087.0,5.0,,8.73965041398344,2,406,992.0,2026800406,0.45,0.45
fig4_immune_onset,991.0,5.0,,8.375378405650858,2,407,908.0,2026800407,0.45,0.45
fig4_immune_onset,942.0,5.0,,-3.397027600849257,2,408,974.0,2026800408,0.45,0.45
fig4_immune_onset,1112.0,5.0,,3.327338129496403,2,409,1075.0,2026800409,0.45,0.45
fig4_immune_onset,1172.0,5.0,,7.42320819112628,2,410,1085.0,2026800410,0.45,0.45
fig4_immune_onset,936.0,5.0,,3.7393162393162274,2,411,901.0000000000001,2026800411,0.45,0.45
fig4_immune_onset,1624.0,5.0,,22.352216748768473,2,412,1261.0,2026800412,0.45,0.45
fig4_immune_onset,1544.0,5.0,,22.927461139896373,2,413,1190.0,2026800413,0.45,0.45
fig4_immune_onset,1327.0,5.0,,8.741522230595328,2,414,1211.0,2026800414,0.45,0.45
fig4_immune_onset,1157.0,5.0,,14.866032843560943,2,415,984.9999999999999,2026800415,0.45,0.45
fig4_immune_onset,935.0000000000001,5.0,,25.561497326203217,2,416,696.0,2026800416,0.45,0.45
fig4_immune_onset,1253.0,5.0,,-3.5115722266560256,2,417,1297.0,2026800417,0.45,0.45
fig4_immune_onset,1031.0,5.0,,-5.237633365664403,2,418,1085.0,2026800418,0.45,0.45
fig4_immune_onset,970.0,5.0,,17.422680412371133,2,419,801.0,2026800419,0.45,0.45
fig4_immune_onset,1401.0,5.0,,14.346895074946467,2,420,1200.0,2026800420,0.45,0.45
fig4_immune_onset,973.0000000000001,5.0,,0.7194244604316663,2,421,966.0,2026800421,0.45,0.45
fig4_immune_onset,1209.0,5.0,,25.062034739454095,2,422,906.0,2026800422,0.45,0.45
fig4_immune_onset,787.0,5.0,,19.567979669631512,2,423,633.0,2026800423,0.45,0.45
fig4_immune_onset,814.0,5.0,,-3.194103194103194,2,424,840.0,2026800424,0.45,0.45
fig4_immune_onset,889.0,5.0,,6.974128233970753,2,425,827.0,2026800425,0.45,0.45
fig4_immune_onset,1370.0,5.0,,1.3868613138686132,2,426,1351.0,2026800426,0.45,0.45
fig4_immune_onset,1225.0,5.0,,13.714285714285714,2,427,1057.0,2026800427,0.45,0.45
fig4_immune_onset,1103.0,5.0,,27.651858567543073,2,428,797.9999999999999,2026800428,0.45,0.45
fig4_immune_onset,984.9999999999999,5.0,,6.700507614213188,2,429,919.0,2026800429,0.45,0.45
fig4_immune_onset,1202.0,5.0,,-12.146422628951747,2,430,1348.0,2026800430,0.45,0.45
fig4_immune_onset,919.0,5.0,,13.928182807399347,2,431,791.0,2026800431,0.45,0.45
fig4_immune_onset,1105.0,5.0,,16.742081447963802,2,432,920.0,2026800432,0.45,0.45
fig4_immune_onset,1217.0,5.0,,10.353327855382087,2,433,1091.0,2026800433,0.45,0.45
fig4_immune_onset,920.0,5.0,,18.152173913043477,2,434,753.0,2026800434,0.45,0.45
fig4_immune_onset,1189.0,5.0,,4.121110176619007,2,435,1140.0,2026800435,0.45,0.45
fig4_immune_onset,1010.9999999999999,5.0,,7.71513353115726,2,436,933.0,2026800436,0.45,0.45
fig4_immune_onset,910.0,5.0,,-7.252747252747253,2,437,976.0,2026800437,0.45,0.45
fig4_immune_onset,780.0,5.0,,-6.282051282051282,2,438,829.0,2026800438,0.45,0.45
fig4_immune_onset,1121.0,5.0,,14.451382694023193,2,439,959.0,2026800439,0.45,0.45
fig4_immune_onset,1069.0,5.0,,5.425631431244164,2,440,1010.9999999999999,2026800440,0.45,0.45
fig4_immune_onset,797.9999999999999,5.0,,14.912280701754375,2,441,679.0,2026800441,0.45,0.45
fig4_immune_onset,1100.0,5.0,,6.454545454545454,2,442,1029.0,2026800442,0.45,0.45
fig4_immune_onset,1132.0,5.0,,7.773851590106007,2,443,1044.0,2026800443,0.45,0.45
fig4_immune_onset,1046.0,5.0,,19.120458891013385,2,444,846.0,2026800444,0.45,0.45
fig4_immune_onset,1036.0,5.0,,0.7722007722007722,2,445,1028.0,2026800445,0.45,0.45
fig4_immune_onset,841.0000000000001,5.0,,-0.11890606420926114,2,446,842.0,2026800446,0.45,0.45
fig4_immune_onset,1180.0,5.0,,25.677966101694917,2,447,877.0,2026800447,0.45,0.45
fig4_immune_onset,1022.0,5.0,,15.557729941291585,2,448,863.0,2026800448,0.45,0.45
fig4_immune_onset,1129.0,5.0,,0.9743135518157662,2,449,1118.0,2026800449,0.45,0.45
fig4_immune_onset,1078.0,5.0,,-11.131725417439704,2,450,1198.0,2026800450,0.45,0.45
fig4_immune_onset,992.0,5.0,,-12.903225806451612,2,451,1120.0,2026800451,0.45,0.45
fig4_immune_onset,1093.0,5.0,,10.978956999085076,2,452,973.0000000000001,2026800452,0.45,0.45
fig4_immune_onset,1210.0,5.0,,-6.033057851239669,2,453,1283.0,2026800453,0.45,0.45
fig4_immune_onset,997.9999999999999,5.0,,21.14228456913827,2,454,787.0,2026800454,0.45,0.45
fig4_immune_onset,860.0,5.0,,9.767441860465116,2,455,776.0,2026800455,0.45,0.45
fig4_immune_onset,946.9999999999999,5.0,,21.647307286166832,2,456,742.0,2026800456,0.45,0.45
fig4_immune_onset,1273.0,5.0,,-5.655930871956009,2,457,1345.0,2026800457,0.45,0.45
fig4_immune_onset,1109.0,5.0,,13.435527502254294,2,458,959.9999999999999,2026800458,0.45,0.45
fig4_immune_onset,1111.0,5.0,,17.64176417641764,2,459,915.0,2026800459,0.45,0.45
fig4_immune_onset,1569.9999999999998,5.0,,20.127388535031837,2,460,1254.0,2026800460,0.45,0.45
fig4_immune_onset,925.0,5.0,,4.756756756756757,2,461,881.0,2026800461,0.45,0.45
fig4_immune_onset,986.0000000000001,5.0,,18.356997971602443,2,462,805.0,2026800462,0.45,0.45
fig4_immune_onset,1503.0,5.0,,17.431803060545576,2,463,1241.0,2026800463,0.45,0.45
fig4_immune_onset,1124.0,5.0,,3.6476868327402134,2,464,1083.0,2026800464,0.45,0.45
fig4_immune_onset,1191.0,5.0,,15.701091519731317,2,465,1004.0,2026800465,0.45,0.45
fig4_immune_onset,1309.0,5.0,,18.869365928189456,2,466,1062.0,2026800466,0.45,0.45
fig4_immune_onset,1197.0,5.0,,3.1746031746031744,2,467,1159.0,2026800467,0.45,0.45
fig4_immune_onset,1427.0,5.0,,14.435879467414155,2,468,1221.0,2026800468,0.45,0.45
fig4_immune_onset,1567.0,5.0,,11.423101467772815,2,469,1388.0,2026800469,0.45,0.45
fig4_immune_onset,1185.0,5.0,,2.0253164556962027,2,470,1161.0,2026800470,0.45,0.45
fig4_immune_onset,699.0,5.0,,2.432045779685265,2,471,682.0,2026800471,0.45,0.45
fig4_immune_onset,997.9999999999999,5.0,,6.9138276553106115,2,472,929.0,2026800472,0.45,0.45
fig4_immune_onset,1102.0,5.0,,-1.8148820326678765,2,473,1122.0,2026800473,0.45,0.45
fig4_immune_onset,1099.0,5.0,,-11.282984531392175,2,474,1223.0,2026800474,0.45,0.45
fig4_immune_onset,1052.0,5.0,,11.406844106463879,2,475,932.0,2026800475,0.45,0.45
fig4_immune_onset,1320.0,5.0,,28.25757575757577,2,476,946.9999999999999,2026800476,0.45,0.45
fig4_immune_onset,955.0,5.0,,8.272251308900524,2,477,876.0,2026800477,0.45,0.45
fig4_immune_onset,984.9999999999999,5.0,,-1.5228426395939203,2,478,1000.0,2026800478,0.45,0.45
fig4_immune_onset,1173.0,5.0,,-0.8525149190110827,2,479,1183.0,2026800479,0.45,0.45
fig4_immune_onset,848.9999999999999,5.0,,-5.300353356890473,2,480,894.0,2026800480,0.45,0.45
fig4_immune_onset,1018.9999999999999,5.0,,16.683022571148186,2,481,848.9999999999999,2026800481,0.45,0.45
fig4_immune_onset,1134.0,5.0,,11.992945326278669,2,482,997.9999999999999,2026800482,0.45,0.45
fig4_immune_onset,831.9999999999999,5.0,,13.221153846153834,2,483,722.0,2026800483,0.45,0.45
fig4_immune_onset,786.0000000000001,5.0,,20.865139949109427,2,484,622.0,2026800484,0.45,0.45
fig4_immune_onset,991.0,5.0,,7.063572149344097,2,485,921.0,2026800485,0.45,0.45
fig4_immune_onset,1193.0,5.0,,9.47191953059514,2,486,1080.0,2026800486,0.45,0.45
fig4_immune_onset,983.0,5.0,,7.731434384537131,2,487,907.0,2026800487,0.45,0.45
fig4_immune_onset,703.0,5.0,,6.116642958748222,2,488,660.0,2026800488,0.45,0.45
fig4_immune_onset,1057.0,5.0,,11.920529801324504,2,489,931.0,2026800489,0.45,0.45
fig4_immune_onset,788.0,5.0,,-13.959390862944163,2,490,898.0,2026800490,0.45,0.45
fig4_immune_onset,871.0000000000001,5.0,,9.52927669345581,2,491,788.0,2026800491,0.45,0.45
fig4_immune_onset,1221.0,5.0,,3.5217035217035217,2,492,1178.0,2026800492,0.45,0.45
fig4_immune_onset,1269.0,5.0,,-5.04334121355398,2,493,1333.0,2026800493,0.45,0.45
fig4_immune_onset,1199.0,5.0,,18.932443703085905,2,494,972.0,2026800494,0.45,0.45
fig4_immune_onset,748.0,5.0,,-8.957219251336884,2,495,814.9999999999999,2026800495,0.45,0.45
fig4_immune_onset,973.0000000000001,5.0,,8.735868448098662,2,496,888.0000000000001,2026800496,0.45,0.45
fig4_immune_onset,882.0,5.0,,31.972789115646258,2,497,600.0,2026800497,0.45,0.45
fig4_immune_onset,908.0,5.0,,16.629955947136565,2,498,757.0,2026800498,0.45,0.45
fig4_immune_onset,1322.0,5.0,,11.951588502269288,2,499,1164.0,2026800499,0.45,0.45
fig4_immune_onset,1343.0,5.0,,21.22114668652271,2,500,1058.0,2026800500,0.45,0.45
fig4_immune_onset,1163.0,5.0,,17.110920034393818,2,501,963.9999999999999,2026800501,0.45,0.45
fig4_immune_onset,1188.0,5.0,,3.9562289562289563,2,502,1141.0,2026800502,0.45,0.45
fig4_immune_onset,1324.0,5.0,,11.102719033232628,2,503,1177.0,2026800503,0.45,0.45
fig4_immune_onset,1310.0,5.0,,17.786259541984734,2,504,1077.0,2026800504,0.45,0.45
fig4_immune_onset,1150.0,5.0,,21.217391304347824,2,505,906.0,2026800505,0.45,0.45
fig4_immune_onset,1066.0,5.0,,7.317073170731708,2,506,988.0,2026800506,0.45,0.45
fig4_immune_onset,976.9999999999999,5.0,,14.022517911975426,2,507,840.0,2026800507,0.45,0.45
fig4_immune_onset,1271.0,5.0,,12.352478363493312,2,508,1114.0,2026800508,0.45,0.45
fig4_immune_onset,810.9999999999999,5.0,,-11.097410604192383,2,509,901.0000000000001,2026800509,0.45,0.45
fig4_immune_onset,892.0000000000001,5.0,,17.040358744394627,2,510,740.0,2026800510,0.45,0.45
fig4_immune_onset,835.9999999999999,5.0,,3.468899521531074,2,511,807.0000000000001,2026800511,0.45,0.45
fig4_immune_onset,1227.0,5.0,,5.541972290138549,2,512,1159.0,2026800512,0.45,0.45
fig4_immune_onset,1215.0,5.0,,14.732510288065845,2,513,1036.0,2026800513,0.45,0.45
fig4_immune_onset,990.0000000000001,5.0,,-9.494949494949482,2,514,1084.0,2026800514,0.45,0.45
fig4_immune_onset,941.0,5.0,,-5.419766206163656,2,515,992.0,2026800515,0.45,0.45
fig4_immune_onset,927.0,5.0,,-10.248112189859762,2,516,1022.0,2026800516,0.45,0.45
fig4_immune_onset,1327.0,5.0,,-28.862094951017333,2,517,1710.0,2026800517,0.45,0.45
fig4_immune_onset,1123.0,5.0,,8.281389136242208,2,518,1030.0,2026800518,0.45,0.45
fig4_immune_onset,1195.0,5.0,,12.133891213389122,2,519,1050.0,2026800519,0.45,0.45
fig4_immune_onset,1366.0,5.0,,-6.734992679355783,2,520,1458.0,2026800520,0.45,0.45
fig4_immune_onset,1038.0,5.0,,-9.152215799614643,2,521,1133.0,2026800521,0.45,0.45
fig4_immune_onset,986.0000000000001,5.0,,-2.3326572008113473,2,522,1009.0,2026800522,0.45,0.45
fig4_immune_onset,908.0,5.0,,-6.387665198237886,2,523,966.0,2026800523,0.45,0.45
fig4_immune_onset,823.0,5.0,,-22.235722964763063,2,524,1006.0,2026800524,0.45,0.45
fig4_immune_onset,1255.0,5.0,,10.278884462151394,2,525,1126.0,2026800525,0.45,0.45
fig4_immune_onset,1506.0,5.0,,9.229747675962816,2,526,1367.0,2026800526,0.45,0.45
fig4_immune_onset,1092.0,5.0,,-4.670329670329671,2,527,1143.0,2026800527,0.45,0.45
fig4_immune_onset,686.0,5.0,,16.472303206997086,2,528,573.0,2026800528,0.45,0.45
fig4_immune_onset,812.0,5.0,,6.527093596059113,2,529,759.0,2026800529,0.45,0.45
fig4_immune_onset,1280.0,5.0,,0.546875,2,530,1273.0,2026800530,0.45,0.45
fig4_immune_onset,1216.0,5.0,,8.717105263157896,2,531,1110.0,2026800531,0.45,0.45
fig4_immune_onset,1368.0,5.0,,19.66374269005848,2,532,1099.0,2026800532,0.45,0.45
fig4_immune_onset,1213.0,5.0,,12.201154163231656,2,533,1065.0,2026800533,0.45,0.45
fig4_immune_onset,959.9999999999999,5.0,,6.874999999999989,2,534,894.0,2026800534,0.45,0.45
fig4_immune_onset,1299.0,5.0,,17.782909930715935,2,535,1068.0,2026800535,0.45,0.45
fig4_immune_onset,927.0,5.0,,0.5393743257820806,2,536,922.0000000000001,2026800536,0.45,0.45
fig4_immune_onset,1149.0,5.0,,19.147084421235856,2,537,929.0,2026800537,0.45,0.45
fig4_immune_onset,1151.0,5.0,,8.079930495221546,2,538,1058.0,2026800538,0.45,0.45
fig4_immune_onset,1216.0,5.0,,19.654605263157904,2,539,976.9999999999999,2026800539,0.45,0.45
fig4_immune_onset,738.0,5.0,,-0.13550135501355012,2,540,739.0,2026800540,0.45,0.45
fig4_immune_onset,1139.0,5.0,,4.653204565408253,2,541,1086.0,2026800541,0.45,0.45
fig4_immune_onset,1359.0,5.0,,8.462104488594555,2,542,1244.0,2026800542,0.45,0.45
fig4_immune_onset,1077.0,5.0,,3.064066852367688,2,543,1044.0,2026800543,0.45,0.45
fig4_immune_onset,1391.0,5.0,,15.456506110711718,2,544,1176.0,2026800544,0.45,0.45
fig4_immune_onset,1077.0,5.0,,12.349117920148561,2,545,944.0,2026800545,0.45,0.45
fig4_immune_onset,1184.0,5.0,,18.918918918918926,2,546,959.9999999999999,2026800546,0.45,0.45
fig4_immune_onset,903.9999999999999,5.0,,-7.522123893805323,2,547,972.0,2026800547,0.45,0.45
fig4_immune_onset,919.0,5.0,,-5.3318824809575505,2,548,967.9999999999999,2026800548,0.45,0.45
fig4_immune_onset,1241.0,5.0,,0.16116035455278002,2,549,1239.0,2026800549,0.45,0.45
fig4_immune_onset,1183.0,5.0,,12.341504649196956,2,550,1037.0,2026800550,0.45,0.45
fig4_immune_onset,1094.0,5.0,,10.511882998171846,2,551,979.0,2026800551,0.45,0.45
fig4_immune_onset,760.0,5.0,,3.6842105263157894,2,552,732.0,2026800552,0.45,0.45
fig4_immune_onset,1465.0,5.0,,14.744027303754267,2,553,1249.0,2026800553,0.45,0.45
fig4_immune_onset,1165.0,5.0,,0.2575107296137339,2,554,1162.0,2026800554,0.45,0.45
fig4_immune_onset,920.0,5.0,,-2.06521739130436,2,555,939.0000000000001,2026800555,0.45,0.45
fig4_immune_onset,1221.0,5.0,,6.0606060606060606,2,556,1147.0,2026800556,0.45,0.45
fig4_immune_onset,971.0,5.0,,7.5180226570545825,2,557,898.0,2026800557,0.45,0.45
fig4_immune_onset,1220.0,5.0,,8.032786885245901,2,558,1122.0,2026800558,0.45,0.45
fig4_immune_onset,1203.0,5.0,,-3.9900249376558605,2,559,1251.0,2026800559,0.45,0.45
fig4_immune_onset,1505.0,5.0,,18.87043189368771,2,560,1221.0,2026800560,0.45,0.45
fig4_immune_onset,612.0,5.0,,-24.673202614379086,2,561,763.0,2026800561,0.45,0.45
fig4_immune_onset,1120.0,5.0,,16.696428571428573,2,562,933.0,2026800562,0.45,0.45
fig4_immune_onset,1039.0,5.0,,5.004812319538018,2,563,987.0,2026800563,0.45,0.45
fig4_immune_onset,912.9999999999999,5.0,,29.353778751369106,2,564,645.0,2026800564,0.45,0.45
fig4_immune_onset,1338.0,5.0,,-1.195814648729447,2,565,1354.0,2026800565,0.45,0.45
fig4_immune_onset,1014.9999999999999,5.0,,-6.995073891625627,2,566,1086.0,2026800566,0.45,0.45
fig4_immune_onset,880.0,5.0,,0.5681818181818052,2,567,875.0000000000001,2026800567,0.45,0.45
fig4_immune_onset,1488.0,5.0,,19.287634408602152,2,568,1201.0,2026800568,0.45,0.45
fig4_immune_onset,689.0,5.0,,-4.063860667634253,2,569,717.0,2026800569,0.45,0.45
fig4_immune_onset,1200.0,5.0,,17.833333333333325,2,570,986.0000000000001,2026800570,0.45,0.45
fig4_immune_onset,1342.0,5.0,,3.278688524590164,2,571,1298.0,2026800571,0.45,0.45
fig4_immune_onset,762.0,5.0,,7.874015748031496,2,572,702.0,2026800572,0.45,0.45
fig4_immune_onset,991.0,5.0,,16.95257315842583,2,573,823.0,2026800573,0.45,0.45
fig4_immune_onset,1232.0,5.0,,-1.4610389610389611,2,574,1250.0,2026800574,0.45,0.45
fig4_immune_onset,852.0,5.0,,-0.4694835680751174,2,575,856.0,2026800575,0.45,0.45
fig4_immune_onset,1209.0,5.0,,8.271298593879239,2,576,1109.0,2026800576,0.45,0.45
fig4_immune_onset,1080.0,5.0,,12.407407407407407,2,577,946.0,2026800577,0.45,0.45
fig4_immune_onset,767.0,5.0,,2.2164276401564535,2,578,750.0,2026800578,0.45,0.45
fig4_immune_onset,1058.0,5.0,,-2.1739130434782608,2,579,1081.0,2026800579,0.45,0.45
fig4_immune_onset,1459.0,5.0,,10.555174777244687,2,580,1305.0,2026800580,0.45,0.45
fig4_immune_onset,799.0000000000001,5.0,,14.392991239048822,2,581,684.0,2026800581,0.45,0.45
fig4_immune_onset,1042.0,5.0,,-10.17274472168906,2,582,1148.0,2026800582,0.45,0.45
fig4_immune_onset,877.0,5.0,,15.279361459521095,2,583,743.0,2026800583,0.45,0.45
fig4_immune_onset,1277.0,5.0,,19.968676585747847,2,584,1022.0,2026800584,0.45,0.45
fig4_immune_onset,1228.0,5.0,,1.791530944625407,2,585,1206.0,2026800585,0.45,0.45
fig4_immune_onset,1433.0,5.0,,18.07397069085834,2,586,1174.0,2026800586,0.45,0.45
fig4_immune_onset,1271.0,5.0,,3.5405192761605035,2,587,1226.0,2026800587,0.45,0.45
fig4_immune_onset,1386.0,5.0,,5.8441558441558445,2,588,1305.0,2026800588,0.45,0.45
fig4_immune_onset,976.0,5.0,,-1.639344262295082,2,589,992.0,2026800589,0.45,0.45
fig4_immune_onset,1254.0,5.0,,15.07177033492823,2,590,1065.0,2026800590,0.45,0.45
fig4_immune_onset,1357.0,5.0,,-2.5055268975681653,2,591,1391.0,2026800591,0.45,0.45
fig4_immune_onset,1306.0,5.0,,17.228177641653904,2,592,1081.0,2026800592,0.45,0.45
fig4_immune_onset,797.0,5.0,,2.132998745294856,2,593,780.0,2026800593,0.45,0.45
fig4_immune_onset,1253.0,5.0,,9.257781324820431,2,594,1137.0,2026800594,0.45,0.45
fig4_immune_onset,1513.0,5.0,,12.161269001982816,2,595,1329.0,2026800595,0.45,0.45
fig4_immune_onset,959.9999999999999,5.0,,-4.166666666666679,2,596,1000.0,2026800596,0.45,0.45
fig4_immune_onset,841.0000000000001,5.0,,-0.7134363852556345,2,597,847.0,2026800597,0.45,0.45
fig4_immune_onset,1201.0,5.0,,3.830141548709409,2,598,1155.0,2026800598,0.45,0.45
fig4_immune_onset,1175.0,5.0,,-0.2553191489361702,2,599,1178.0,2026800599,0.45,0.45
fig4_immune_onset,1173.0,5.0,,13.810741687979549,2,600,1010.9999999999999,2026800600,0.45,0.45
fig4_immune_onset,1209.0,5.0,,7.278742762613731,2,601,1121.0,2026800601,0.45,0.45
fig4_immune_onset,1094.0,5.0,,1.0968921389396709,2,602,1082.0,2026800602,0.45,0.45
fig4_immune_onset,690.0,5.0,,12.173913043478262,2,603,606.0,2026800603,0.45,0.45
fig4_immune_onset,905.0000000000001,5.0,,3.9779005524862,2,604,869.0,2026800604,0.45,0.45
fig4_immune_onset,1050.0,5.0,,6.1904761904762005,2,605,984.9999999999999,2026800605,0.45,0.45
fig4_immune_onset,844.0,5.0,,1.6587677725118484,2,606,830.0,2026800606,0.45,0.45
fig4_immune_onset,1661.0,5.0,,31.547260686333534,2,607,1137.0,2026800607,0.45,0.45
fig4_immune_onset,1177.0,5.0,,22.1750212404418,2,608,916.0,2026800608,0.45,0.45
fig4_immune_onset,1276.0,5.0,,17.00626959247649,2,609,1059.0,2026800609,0.45,0.45
fig4_immune_onset,1292.0,5.0,,5.495356037151703,2,610,1221.0,2026800610,0.45,0.45
fig4_immune_onset,1283.0,5.0,,13.951675759937647,2,611,1104.0,2026800611,0.45,0.45
fig4_immune_onset,983.0,5.0,,5.90030518819939,2,612,925.0,2026800612,0.45,0.45
fig4_immune_onset,916.9999999999999,5.0,,-10.905125408942217,2,613,1017.0,2026800613,0.45,0.45
fig4_immune_onset,1667.0,5.0,,14.637072585482903,2,614,1423.0,2026800614,0.45,0.45
fig4_immune_onset,1237.0,5.0,,-11.802748585286984,2,615,1383.0,2026800615,0.45,0.45
fig4_immune_onset,1014.9999999999999,5.0,,-4.926108374384248,2,616,1065.0,2026800616,0.45,0.45
fig4_immune_onset,1802.0000000000002,5.0,,24.25083240843508,2,617,1365.0,2026800617,0.45,0.45
fig4_immune_onset,942.9999999999999,5.0,,-7.847295864263003,2,618,1017.0,2026800618,0.45,0.45
fig4_immune_onset,1024.0,5.0,,19.14062500000001,2,619,827.9999999999999,2026800619,0.45,0.45
fig4_immune_onset,1654.9999999999998,5.0,,3.685800604229594,2,620,1594.0,2026800620,0.45,0.45
fig4_immune_onset,835.0,5.0,,11.8562874251497,2,621,736.0,2026800621,0.45,0.45
fig4_immune_onset,1270.0,5.0,,27.559055118110237,2,622,920.0,2026800622,0.45,0.45
fig4_immune_onset,1005.0,5.0,,6.666666666666667,2,623,938.0,2026800623,0.45,0.45
fig4_immune_onset,670.0,5.0,,-11.044776119402986,2,624,744.0,2026800624,0.45,0.45
fig4_immune_onset,1353.0,5.0,,-0.9608277900960828,2,625,1366.0,2026800625,0.45,0.45
fig4_immune_onset,1358.0,5.0,,15.905743740795288,2,626,1142.0,2026800626,0.45,0.45
fig4_immune_onset,795.0,5.0,,16.352201257861637,2,627,665.0,2026800627,0.45,0.45
fig4_immune_onset,1010.9999999999999,5.0,,5.044510385756677,2,628,959.9999999999999,2026800628,0.45,0.45
fig4_immune_onset,1095.0,5.0,,24.840182648401825,2,629,823.0,2026800629,0.45,0.45
fig4_immune_onset,1137.0,5.0,,21.020228671943713,2,630,898.0,2026800630,0.45,0.45
fig4_immune_onset,1438.0,5.0,,10.570236439499304,2,631,1286.0,2026800631,0.45,0.45
fig4_immune_onset,940.0,5.0,,14.574468085106371,2,632,803.0000000000001,2026800632,0.45,0.45
fig4_immune_onset,1599.0,5.0,,5.7535959974984365,2,633,1507.0,2026800633,0.45,0.45
fig4_immune_onset,1387.0,5.0,,17.447728911319395,2,634,1145.0,2026800634,0.45,0.45
fig4_immune_onset,1198.0,5.0,,10.934891485809683,2,635,1067.0,2026800635,0.45,0.45
fig4_immune_onset,1464.0,5.0,,11.680327868852459,2,636,1293.0,2026800636,0.45,0.45
fig4_immune_onset,1375.0,5.0,,11.927272727272728,2,637,1211.0,2026800637,0.45,0.45
fig4_immune_onset,1202.0,5.0,,-0.49916805324459235,2,638,1208.0,2026800638,0.45,0.45
fig4_immune_onset,970.0,5.0,,-23.195876288659793,2,639,1195.0,2026800639,0.45,0.45
fig4_immune_onset,1220.0,5.0,,27.37704918032787,2,640,886.0,2026800640,0.45,0.45
fig4_immune_onset,921.0,5.0,,-0.760043431053203,2,641,928.0,2026800641,0.45,0.45
fig4_immune_onset,882.0,5.0,,0.6802721088435374,2,642,876.0,2026800642,0.45,0.45
fig4_immune_onset,686.0,5.0,,-4.227405247813411,2,643,715.0,2026800643,0.45,0.45
fig4_immune_onset,910.0,5.0,,-8.021978021978022,2,644,983.0,2026800644,0.45,0.45
fig4_immune_onset,831.9999999999999,5.0,,10.33653846153845,2,645,746.0,2026800645,0.45,0.45
fig4_immune_onset,1242.0,5.0,,1.932367149758454,2,646,1218.0,2026800646,0.45,0.45
fig4_immune_onset,940.0,5.0,,12.659574468085106,2,647,821.0,2026800647,0.45,0.45
fig4_immune_onset,920.0,5.0,,16.08695652173913,2,648,772.0,2026800648,0.45,0.45
fig4_immune_onset,610.0,5.0,,-3.278688524590164,2,649,630.0,2026800649,0.45,0.45
fig4_immune_onset,1067.0,5.0,,3.655107778819119,2,650,1028.0,2026800650,0.45,0.45
fig4_immune_onset,1154.0,5.0,,-0.6932409012131716,2,651,1162.0,2026800651,0.45,0.45
fig4_immune_onset,880.0,5.0,,-5.0,2,652,924.0,2026800652,0.45,0.45
fig4_immune_onset,1251.0,5.0,,11.670663469224621,2,653,1105.0,2026800653,0.45,0.45
fig4_immune_onset,821.0,5.0,,4.993909866017052,2,654,780.0,2026800654,0.45,0.45
fig4_immune_onset,1565.0,5.0,,8.690095846645367,2,655,1429.0,2026800655,0.45,0.45
fig4_immune_onset,954.0,5.0,,23.060796645702307,2,656,734.0,2026800656,0.45,0.45
fig4_immune_onset,751.0,5.0,,7.1904127829560585,2,657,697.0,2026800657,0.45,0.45
fig4_immune_onset,990.0000000000001,5.0,,7.070707070707081,2,658,920.0,2026800658,0.45,0.45
fig4_immune_onset,1232.0,5.0,,19.724025974025974,2,659,989.0,2026800659,0.45,0.45
fig4_immune_onset,1186.0,5.0,,-5.143338954468803,2,660,1247.0,2026800660,0.45,0.45
fig4_immune_onset,1320.0,5.0,,4.848484848484849,2,661,1256.0,2026800661,0.45,0.45
fig4_immune_onset,1000.0,5.0,,13.9,2,662,861.0,2026800662,0.45,0.45
fig4_immune_onset,1143.0,5.0,,8.223972003499563,2,663,1049.0,2026800663,0.45,0.45
fig4_immune_onset,942.0,5.0,,14.118895966029724,2,664,809.0,2026800664,0.45,0.45
fig4_immune_onset,1339.0,5.0,,9.410007468259895,2,665,1213.0,2026800665,0.45,0.45
fig4_immune_onset,763.0,5.0,,8.387942332896461,2,666,699.0,2026800666,0.45,0.45
fig4_immune_onset,1336.0,5.0,,4.116766467065868,2,667,1281.0,2026800667,0.45,0.45
fig4_immune_onset,1034.0,5.0,,7.2533849129593815,2,668,959.0,2026800668,0.45,0.45
fig4_immune_onset,1098.0,5.0,,22.950819672131146,2,669,846.0,2026800669,0.45,0.45
fig4_immune_onset,1260.0,5.0,,14.365079365079366,2,670,1079.0,2026800670,0.45,0.45
fig4_immune_onset,767.0,5.0,,9.126466753585397,2,671,697.0,2026800671,0.45,0.45
fig4_immune_onset,938.0,5.0,,4.797441364605544,2,672,893.0,2026800672,0.45,0.45
fig4_immune_onset,805.0,5.0,,10.434782608695652,2,673,721.0,2026800673,0.45,0.45
fig4_immune_onset,899.9999999999999,5.0,,11.888888888888879,2,674,793.0,2026800674,0.45,0.45
fig4_immune_onset,1293.0,5.0,,11.832946635730858,2,675,1140.0,2026800675,0.45,0.45
fig4_immune_onset,1389.0,5.0,,19.22246220302376,2,676,1122.0,2026800676,0.45,0.45
fig4_immune_onset,1068.0,5.0,,-5.805243445692884,2,677,1130.0,2026800677,0.45,0.45
fig4_immune_onset,1083.0,5.0,,-2.0313942751615883,2,678,1105.0,2026800678,0.45,0.45
fig4_immune_onset,667.0,5.0,,7.19640179910045,2,679,619.0,2026800679,0.45,0.45
fig4_immune_onset,969.0000000000001,5.0,,10.423116615067089,2,680,868.0,2026800680,0.45,0.45
fig4_immune_onset,1376.0,5.0,,14.026162790697674,2,681,1183.0,2026800681,0.45,0.45
fig4_immune_onset,790.0000000000001,5.0,,17.59493670886077,2,682,651.0,2026800682,0.45,0.45
fig4_immune_onset,1006.0,5.0,,-3.8767395626242545,2,683,1045.0,2026800683,0.45,0.45
fig4_immune_onset,983.0,5.0,,15.361139369277732,2,684,831.9999999999999,2026800684,0.45,0.45
fig4_immune_onset,850.0000000000001,5.0,,0.0,2,685,850.0000000000001,2026800685,0.45,0.45
fig4_immune_onset,1674.0000000000002,5.0,,5.077658303464754,2,686,1589.0000000000002,2026800686,0.45,0.45
fig4_immune_onset,1131.0,5.0,,17.24137931034483,2,687,936.0,2026800687,0.45,0.45
fig4_immune_onset,803.0000000000001,5.0,,11.581569115815704,2,688,710.0,2026800688,0.45,0.45
fig4_immune_onset,1221.0,5.0,,-12.285012285012286,2,689,1371.0,2026800689,0.45,0.45
fig4_immune_onset,831.0,5.0,,-7.821901323706364,2,690,895.9999999999999,2026800690,0.45,0.45
fig4_immune_onset,1072.0,5.0,,12.686567164179104,2,691,936.0,2026800691,0.45,0.45
fig4_immune_onset,1257.0,5.0,,6.205250596658711,2,692,1179.0,2026800692,0.45,0.45
fig4_immune_onset,1083.0,5.0,,11.172668513388736,2,693,962.0,2026800693,0.45,0.45
fig4_immune_onset,1251.0,5.0,,7.59392486011191,2,694,1156.0,2026800694,0.45,0.45
fig4_immune_onset,864.0,5.0,,1.2731481481481612,2,695,852.9999999999999,2026800695,0.45,0.45
fig4_immune_onset,1166.0,5.0,,12.950257289879941,2,696,1014.9999999999999,2026800696,0.45,0.45
fig4_immune_onset,754.0,5.0,,-1.5915119363395225,2,697,766.0,2026800697,0.45,0.45
fig4_immune_onset,1245.0,5.0,,9.317269076305221,2,698,1129.0,2026800698,0.45,0.45
fig4_immune_onset,1028.0,5.0,,17.607003891050585,2,699,847.0,2026800699,0.45,0.45
fig4_immune_onset,1043.0,5.0,,6.13614573346117,2,700,979.0,2026800700,0.45,0.45
fig4_immune_onset,1285.0,5.0,,20.77821011673152,2,701,1018.0,2026800701,0.45,0.45
fig4_immune_onset,1265.0,5.0,,16.363636363636363,2,702,1058.0,2026800702,0.45,0.45
fig4_immune_onset,1223.0,5.0,,9.321340964840555,2,703,1109.0,2026800703,0.45,0.45
fig4_immune_onset,1163.0,5.0,,15.735167669819432,2,704,980.0,2026800704,0.45,0.45
fig4_immune_onset,1289.0,5.0,,0.9309542280837859,2,705,1277.0,2026800705,0.45,0.45
fig4_immune_onset,1147.0,5.0,,-3.923278116826504,2,706,1192.0,2026800706,0.45,0.45
fig4_immune_onset,1232.0,5.0,,-5.8441558441558445,2,707,1304.0,2026800707,0.45,0.45
fig4_immune_onset,1193.0,5.0,,14.165968147527241,2,708,1024.0,2026800708,0.45,0.45
fig4_immune_onset,1324.0,5.0,,13.217522658610273,2,709,1149.0,2026800709,0.45,0.45
fig4_immune_onset,895.9999999999999,5.0,,1.116071428571416,2,710,886.0,2026800710,0.45,0.45
fig4_immune_onset,1348.0,5.0,,28.783382789317518,2,711,959.9999999999999,2026800711,0.45,0.45
fig4_immune_onset,1223.0,5.0,,-4.251839738348324,2,712,1275.0,2026800712,0.45,0.45
fig4_immune_onset,1168.0,5.0,,-8.732876712328768,2,713,1270.0,2026800713,0.45,0.45
fig4_immune_onset,1302.0,5.0,,3.8402457757296466,2,714,1252.0,2026800714,0.45,0.45
fig4_immune_onset,923.0,5.0,,11.159263271939317,2,715,820.0000000000001,2026800715,0.45,0.45
fig4_immune_onset,942.9999999999999,5.0,,-2.7571580063626966,2,716,969.0000000000001,2026800716,0.45,0.45
fig4_immune_onset,920.0,5.0,,23.152173913043477,2,717,707.0,2026800717,0.45,0.45
fig4_immune_onset,919.0,5.0,,-8.596300326441773,2,718,997.9999999999999,2026800718,0.45,0.45
fig4_immune_onset,857.0,5.0,,5.017502917152859,2,719,814.0,2026800719,0.45,0.45
fig4_immune_onset,1155.0,5.0,,1.8181818181818181,2,720,1134.0,2026800720,0.45,0.45
fig4_immune_onset,1265.0,5.0,,3.0039525691699605,2,721,1227.0,2026800721,0.45,0.45
fig4_immune_onset,1424.0,5.0,,4.073033707865169,2,722,1366.0,2026800722,0.45,0.45
fig4_immune_onset,1234.0,5.0,,22.204213938411677,2,723,959.9999999999999,2026800723,0.45,0.45
fig4_immune_onset,1073.0,5.0,,20.87604846225537,2,724,848.9999999999999,2026800724,0.45,0.45
fig4_immune_onset,1180.0,5.0,,1.5254237288135593,2,725,1162.0,2026800725,0.45,0.45
fig4_immune_onset,949.0,5.0,,9.483667017913593,2,726,859.0,2026800726,0.45,0.45
fig4_immune_onset,1377.0,5.0,,23.02106027596224,2,727,1060.0,2026800727,0.45,0.45
fig4_immune_onset,1009.0,5.0,,-0.8919722497522299,2,728,1018.0,2026800728,0.45,0.45
fig4_immune_onset,1338.0,5.0,,8.594917787742899,2,729,1223.0,2026800729,0.45,0.45
fig4_immune_onset,1235.0,5.0,,2.0242914979757085,2,730,1210.0,2026800730,0.45,0.45
fig4_immune_onset,878.9999999999999,5.0,,7.167235494880521,2,731,816.0000000000001,2026800731,0.45,0.45
fig4_immune_onset,1047.0,5.0,,4.871060171919771,2,732,996.0,2026800732,0.45,0.45
fig4_immune_onset,997.9999999999999,5.0,,4.809619238476944,2,733,950.0,2026800733,0.45,0.45
fig4_immune_onset,1355.0,5.0,,12.103321033210332,2,734,1191.0,2026800734,0.45,0.45
fig4_immune_onset,1123.0,5.0,,10.95280498664292,2,735,1000.0,2026800735,0.45,0.45
fig4_immune_onset,1464.0,5.0,,13.114754098360656,2,736,1272.0,2026800736,0.45,0.45
fig4_immune_onset,715.0,5.0,,-11.188811188811188,2,737,795.0,2026800737,0.45,0.45
fig4_immune_onset,1153.0,5.0,,1.3876843018213356,2,738,1137.0,2026800738,0.45,0.45
fig4_immune_onset,1160.0,5.0,,0.6896551724137931,2,739,1152.0,2026800739,0.45,0.45
fig4_immune_onset,1536.0,5.0,,13.411458333333334,2,740,1330.0,2026800740,0.45,0.45
fig4_immune_onset,874.0,5.0,,-4.9199084668192095,2,741,916.9999999999999,2026800741,0.45,0.45
fig4_immune_onset,1096.0,5.0,,-2.4635036496350367,2,742,1123.0,2026800742,0.45,0.45
fig4_immune_onset,677.0,5.0,,-4.874446085672083,2,743,710.0,2026800743,0.45,0.45
fig4_immune_onset,872.0,5.0,,21.21559633027523,2,744,687.0,2026800744,0.45,0.45
fig4_immune_onset,1207.0,5.0,,-0.16570008285004142,2,745,1209.0,2026800745,0.45,0.45
fig4_immune_onset,975.0,5.0,,24.71794871794872,2,746,734.0,2026800746,0.45,0.45
fig4_immune_onset,1379.0,5.0,,21.682378535170415,2,747,1080.0,2026800747,0.45,0.45
fig4_immune_onset,1182.0,5.0,,3.553299492385787,2,748,1140.0,2026800748,0.45,0.45
fig4_immune_onset,1378.0,5.0,,11.248185776487663,2,749,1223.0,2026800749,0.45,0.45
fig4_immune_onset,1531.0,5.0,,7.511430437622469,2,750,1416.0,2026800750,0.45,0.45
fig4_immune_onset,1098.0,5.0,,11.384335154826948,2,751,973.0000000000001,2026800751,0.45,0.45
fig4_immune_onset,1155.0,5.0,,16.96969696969697,2,752,959.0,2026800752,0.45,0.45
fig4_immune_onset,1288.0,5.0,,5.279503105590062,2,753,1220.0,2026800753,0.45,0.45
fig4_immune_onset,1376.0,5.0,,7.848837209302325,2,754,1268.0,2026800754,0.45,0.45
fig4_immune_onset,1158.0,5.0,,7.599309153713299,2,755,1070.0,2026800755,0.45,0.45
fig4_immune_onset,957.0,5.0,,7.314524555903878,2,756,886.9999999999999,2026800756,0.45,0.45
fig4_immune_onset,1165.0,5.0,,7.124463519313305,2,757,1082.0,2026800757,0.45,0.45
fig4_immune_onset,1424.0,5.0,,23.103932584269664,2,758,1095.0,2026800758,0.45,0.45
fig4_immune_onset,901.0000000000001,5.0,,10.21087680355162,2,759,809.0,2026800759,0.45,0.45
fig4_immune_onset,1210.0,5.0,,12.644628099173554,2,760,1057.0,2026800760,0.45,0.45
fig4_immune_onset,1208.0,5.0,,20.612582781456954,2,761,959.0,2026800761,0.45,0.45
fig4_immune_onset,933.0,5.0,,7.395498392282958,2,762,864.0,2026800762,0.45,0.45
fig4_immune_onset,1271.0,5.0,,-0.47206923682140045,2,763,1277.0,2026800763,0.45,0.45
fig4_immune_onset,1070.0,5.0,,4.672897196261672,2,764,1020.0000000000001,2026800764,0.45,0.45
fig4_immune_onset,1319.0,5.0,,11.978771796815769,2,765,1161.0,2026800765,0.45,0.45
fig4_immune_onset,942.9999999999999,5.0,,16.224814422057243,2,766,790.0000000000001,2026800766,0.45,0.45
fig4_immune_onset,1177.0,5.0,,3.2285471537807986,2,767,1139.0,2026800767,0.45,0.45
fig4_immune_onset,1086.0,5.0,,24.769797421731123,2,768,817.0,2026800768,0.45,0.45
fig4_immune_onset,956.0000000000001,5.0,,1.3598326359832873,2,769,942.9999999999999,2026800769,0.45,0.45
fig4_immune_onset,1307.0,5.0,,-1.836266258607498,2,770,1331.0,2026800770,0.45,0.45
fig4_immune_onset,1258.0,5.0,,8.34658187599364,2,771,1153.0,2026800771,0.45,0.45
fig4_immune_onset,1038.0,5.0,,17.148362235067438,2,772,860.0,2026800772,0.45,0.45
fig4_immune_onset,1028.0,5.0,,11.478599221789883,2,773,910.0,2026800773,0.45,0.45
fig4_immune_onset,1658.0,5.0,,22.376357056694815,2,774,1287.0,2026800774,0.45,0.45
fig4_immune_onset,1081.0,5.0,,14.338575393154496,2,775,925.9999999999999,2026800775,0.45,0.45
fig4_immune_onset,921.0,5.0,,11.94353963083606,2,776,810.9999999999999,2026800776,0.45,0.45
fig4_immune_onset,1142.0,5.0,,8.143607705779335,2,777,1049.0,2026800777,0.45,0.45
fig4_immune_onset,1294.0,5.0,,9.428129829984544,2,778,1172.0,2026800778,0.45,0.45
fig4_immune_onset,1052.0,5.0,,3.7072243346007605,2,779,1013.0,2026800779,0.45,0.45
fig4_immune_onset,925.9999999999999,5.0,,1.8358531317494358,2,780,909.0000000000001,2026800780,0.45,0.45
fig4_immune_onset,1140.0,5.0,,-10.614035087719298,2,781,1261.0,2026800781,0.45,0.45
fig4_immune_onset,1016.0000000000001,5.0,,17.61811023622047,2,782,837.0000000000001,2026800782,0.45,0.45
fig4_immune_onset,871.0000000000001,5.0,,-1.7221584385763358,2,783,886.0,2026800783,0.45,0.45
fig4_immune_onset,993.9999999999999,5.0,,5.935613682092533,2,784,935.0000000000001,2026800784,0.45,0.45
fig4_immune_onset,1007.0000000000001,5.0,,8.242303872889782,2,785,924.0,2026800785,0.45,0.45
fig4_immune_onset,1014.0,5.0,,-2.662721893491124,2,786,1041.0,2026800786,0.45,0.45
fig4_immune_onset,1164.0,5.0,,18.900343642611684,2,787,944.0,2026800787,0.45,0.45
fig4_immune_onset,1543.0,5.0,,20.15554115359689,2,788,1232.0,2026800788,0.45,0.45
fig4_immune_onset,741.0,5.0,,15.92442645074224,2,789,623.0,2026800789,0.45,0.45
fig4_immune_onset,1166.0,5.0,,21.35506003430533,2,790,916.9999999999999,2026800790,0.45,0.45
fig4_immune_onset,1088.0,5.0,,22.24264705882353,2,791,846.0,2026800791,0.45,0.45
fig4_immune_onset,1451.0,5.0,,22.674017918676775,2,792,1122.0,2026800792,0.45,0.45
fig4_immune_onset,1133.0,5.0,,25.24271844660194,2,793,847.0,2026800793,0.45,0.45
fig4_immune_onset,1457.0,5.0,,8.991077556623198,2,794,1326.0,2026800794,0.45,0.45
fig4_immune_onset,1211.0,5.0,,27.250206440957886,2,795,881.0,2026800795,0.45,0.45
fig4_immune_onset,1179.0,5.0,,24.257845631891435,2,796,893.0,2026800796,0.45,0.45
fig4_immune_onset,1418.0,5.0,,5.853314527503526,2,797,1335.0,2026800797,0.45,0.45
fig4_immune_onset,868.0,5.0,,17.16589861751152,2,798,719.0,2026800798,0.45,0.45
fig4_immune_onset,1161.0,5.0,,9.905254091300604,2,799,1046.0,2026800799,0.45,0.45
fig4_immune_onset,1628.0,5.0,,17.997542997542997,2,800,1335.0,2026800800,0.45,0.45
fig4_immune_onset,929.9999999999999,5.0,,14.408602150537625,2,801,796.0,2026800801,0.45,0.45
fig4_immune_onset,1373.0,5.0,,1.7479970866715222,2,802,1349.0,2026800802,0.45,0.45
fig4_immune_onset,1338.0,5.0,,8.66965620328849,2,803,1222.0,2026800803,0.45,0.45
fig4_immune_onset,886.0,5.0,,2.9345372460496613,2,804,860.0,2026800804,0.45,0.45
fig4_immune_onset,720.0,5.0,,6.666666666666667,2,805,672.0,2026800805,0.45,0.45
fig4_immune_onset,1043.0,5.0,,9.683604985618409,2,806,942.0,2026800806,0.45,0.45
fig4_immune_onset,1174.0,5.0,,11.839863713798978,2,807,1035.0,2026800807,0.45,0.45
fig4_immune_onset,927.0,5.0,,13.268608414239482,2,808,804.0,2026800808,0.45,0.45
fig4_immune_onset,1497.0,5.0,,5.477621910487642,2,809,1415.0,2026800809,0.45,0.45
fig4_immune_onset,1242.0,5.0,,23.91304347826087,2,810,945.0,2026800810,0.45,0.45
fig4_immune_onset,1032.0,5.0,,21.124031007751938,2,811,814.0,2026800811,0.45,0.45
fig4_immune_onset,842.0,5.0,,-4.631828978622328,2,812,881.0,2026800812,0.45,0.45
fig4_immune_onset,1043.0,5.0,,-1.725790987535954,2,813,1061.0,2026800813,0.45,0.45
fig4_immune_onset,1157.0,5.0,,0.7778738115816768,2,814,1148.0,2026800814,0.45,0.45
fig4_immune_onset,1028.0,5.0,,22.56809338521401,2,815,796.0,2026800815,0.45,0.45
fig4_immune_onset,1199.0,5.0,,1.7514595496246872,2,816,1178.0,2026800816,0.45,0.45
fig4_immune_onset,984.9999999999999,5.0,,17.868020304568518,2,817,809.0,2026800817,0.45,0.45
fig4_immune_onset,1159.0,5.0,,23.382226056945633,2,818,888.0000000000001,2026800818,0.45,0.45
fig4_immune_onset,787.0,5.0,,-1.6518424396442186,2,819,800.0,2026800819,0.45,0.45
fig4_immune_onset,1326.0,5.0,,13.650075414781297,2,820,1145.0,2026800820,0.45,0.45
fig4_immune_onset,1151.0,5.0,,13.292788879235458,2,821,997.9999999999999,2026800821,0.45,0.45
fig4_immune_onset,1338.0,5.0,,26.756352765321374,2,822,980.0,2026800822,0.45,0.45
fig4_immune_onset,1231.0,5.0,,9.66693744922827,2,823,1112.0,2026800823,0.45,0.45
fig4_immune_onset,1424.0,5.0,,6.46067415730337,2,824,1332.0,2026800824,0.45,0.45
fig4_immune_onset,1089.0,5.0,,14.50872359963269,2,825,931.0,2026800825,0.45,0.45
fig4_immune_onset,1102.0,5.0,,31.669691470054445,2,826,753.0,2026800826,0.45,0.45
fig4_immune_onset,1285.0,5.0,,18.832684824902724,2,827,1043.0,2026800827,0.45,0.45
fig4_immune_onset,1148.0,5.0,,1.480836236933798,2,828,1131.0,2026800828,0.45,0.45
fig4_immune_onset,897.0,5.0,,-33.66778149386845,2,829,1199.0,2026800829,0.45,0.45
fig4_immune_onset,910.0,5.0,,9.450549450549438,2,830,824.0000000000001,2026800830,0.45,0.45
fig4_immune_onset,1373.0,5.0,,12.017479970866715,2,831,1208.0,2026800831,0.45,0.45
fig4_immune_onset,922.0000000000001,5.0,,-4.772234273318859,2,832,966.0,2026800832,0.45,0.45
fig4_immune_onset,1107.0,5.0,,-9.57542908762421,2,833,1213.0,2026800833,0.45,0.45
fig4_immune_onset,1215.0,5.0,,10.617283950617283,2,834,1086.0,2026800834,0.45,0.45
fig4_immune_onset,1084.0,5.0,,2.4907749077490773,2,835,1057.0,2026800835,0.45,0.45
fig4_immune_onset,1018.9999999999999,5.0,,17.958783120706578,2,836,835.9999999999999,2026800836,0.45,0.45
fig4_immune_onset,1329.0,5.0,,16.55379984951091,2,837,1109.0,2026800837,0.45,0.45
fig4_immune_onset,1364.0,5.0,,19.574780058651026,2,838,1097.0,2026800838,0.45,0.45
fig4_immune_onset,1222.0,5.0,,6.137479541734861,2,839,1147.0,2026800839,0.45,0.45
fig4_immune_onset,769.0,5.0,,15.99479843953186,2,840,646.0,2026800840,0.45,0.45
fig4_immune_onset,988.0,5.0,,1.6194331983805668,2,841,972.0,2026800841,0.45,0.45
fig4_immune_onset,886.0,5.0,,6.207674943566591,2,842,831.0,2026800842,0.45,0.45
fig4_immune_onset,1001.0,5.0,,0.19980019980018845,2,843,999.0000000000001,2026800843,0.45,0.45
fig4_immune_onset,1317.0,5.0,,10.70615034168565,2,844,1176.0,2026800844,0.45,0.45
fig4_immune_onset,1134.0,5.0,,-9.876543209876543,2,845,1246.0,2026800845,0.45,0.45
fig4_immune_onset,1414.0,5.0,,13.295615275813295,2,846,1226.0,2026800846,0.45,0.45
fig4_immune_onset,1028.0,5.0,,18.57976653696497,2,847,837.0000000000001,2026800847,0.45,0.45
fig4_immune_onset,1244.0,5.0,,-1.9292604501607717,2,848,1268.0,2026800848,0.45,0.45
fig4_immune_onset,950.0,5.0,,-10.210526315789474,2,849,1047.0,2026800849,0.45,0.45
fig4_immune_onset,865.0,5.0,,13.757225433526012,2,850,746.0,2026800850,0.45,0.45
fig4_immune_onset,861.0,5.0,,12.543554006968641,2,851,753.0,2026800851,0.45,0.45
fig4_immune_onset,868.0,5.0,,-30.4147465437788,2,852,1132.0,2026800852,0.45,0.45
fig4_immune_onset,1318.0,5.0,,13.808801213960546,2,853,1136.0,2026800853,0.45,0.45
fig4_immune_onset,810.0,5.0,,-2.962962962962963,2,854,834.0,2026800854,0.45,0.45
fig4_immune_onset,1050.0,5.0,,4.095238095238085,2,855,1007.0000000000001,2026800855,0.45,0.45
fig4_immune_onset,1055.0,5.0,,30.99526066350711,2,856,728.0,2026800856,0.45,0.45
fig4_immune_onset,1215.0,5.0,,5.925925925925926,2,857,1143.0,2026800857,0.45,0.45
fig4_immune_onset,909.0000000000001,5.0,,7.4807480748074795,2,858,841.0000000000001,2026800858,0.45,0.45
fig4_immune_onset,980.9999999999999,5.0,,4.689092762487236,2,859,935.0000000000001,2026800859,0.45,0.45
fig4_immune_onset,1205.0,5.0,,19.1701244813278,2,860,974.0,2026800860,0.45,0.45
fig4_immune_onset,1144.0,5.0,,11.713286713286713,2,861,1010.0,2026800861,0.45,0.45
fig4_immune_onset,980.0,5.0,,5.102040816326542,2,862,929.9999999999999,2026800862,0.45,0.45
fig4_immune_onset,976.0,5.0,,0.6147540983606558,2,863,970.0,2026800863,0.45,0.45
fig4_immune_onset,921.0,5.0,,16.178067318132463,2,864,772.0,2026800864,0.45,0.45
fig4_immune_onset,1074.0,5.0,,6.797020484171322,2,865,1001.0,2026800865,0.45,0.45
fig4_immune_onset,1069.0,5.0,,5.706267539756782,2,866,1008.0,2026800866,0.45,0.45
fig4_immune_onset,1284.0,5.0,,15.109034267912772,2,867,1090.0,2026800867,0.45,0.45
fig4_immune_onset,1018.0,5.0,,21.709233791748527,2,868,797.0,2026800868,0.45,0.45
fig4_immune_onset,1166.0,5.0,,23.927958833619222,2,869,886.9999999999999,2026800869,0.45,0.45
fig4_immune_onset,1225.0,5.0,,10.285714285714286,2,870,1099.0,2026800870,0.45,0.45
fig4_immune_onset,863.0,5.0,,-12.746234067207428,2,871,973.0000000000001,2026800871,0.45,0.45
fig4_immune_onset,1253.0,5.0,,21.94732641660016,2,872,978.0,2026800872,0.45,0.45
fig4_immune_onset,1237.0,5.0,,8.003233629749394,2,873,1138.0,2026800873,0.45,0.45
fig4_immune_onset,1143.0,5.0,,8.486439195100612,2,874,1046.0,2026800874,0.45,0.45
fig4_immune_onset,1098.0,5.0,,3.0054644808743167,2,875,1065.0,2026800875,0.45,0.45
fig4_immune_onset,990.0000000000001,5.0,,-1.1111111111110994,2,876,1001.0,2026800876,0.45,0.45
fig4_immune_onset,1017.0,5.0,,-4.71976401179941,2,877,1065.0,2026800877,0.45,0.45
fig4_immune_onset,1372.0,5.0,,11.73469387755102,2,878,1211.0,2026800878,0.45,0.45
fig4_immune_onset,1022.0,5.0,,-3.7181996086105675,2,879,1060.0,2026800879,0.45,0.45
fig4_immune_onset,979.0,5.0,,21.552604698672113,2,880,768.0,2026800880,0.45,0.45
fig4_immune_onset,1130.0,5.0,,13.097345132743353,2,881,982.0000000000001,2026800881,0.45,0.45
fig4_immune_onset,1122.0,5.0,,-1.5151515151515151,2,882,1139.0,2026800882,0.45,0.45
fig4_immune_onset,1222.0,5.0,,14.075286415711947,2,883,1050.0,2026800883,0.45,0.45
fig4_immune_onset,1452.0,5.0,,6.473829201101928,2,884,1358.0,2026800884,0.45,0.45
fig4_immune_onset,1459.0,5.0,,23.02947224126114,2,885,1123.0,2026800885,0.45,0.45
fig4_immune_onset,993.0,5.0,,15.709969788519626,2,886,837.0000000000001,2026800886,0.45,0.45
fig4_immune_onset,1235.0,5.0,,10.2834008097166,2,887,1108.0,2026800887,0.45,0.45
fig4_immune_onset,1380.0,5.0,,4.565217391304348,2,888,1317.0,2026800888,0.45,0.45
fig4_immune_onset,1244.0,5.0,,3.9389067524115755,2,889,1195.0,2026800889,0.45,0.45
fig4_immune_onset,1374.0,5.0,,10.407569141193596,2,890,1231.0,2026800890,0.45,0.45
fig4_immune_onset,1432.0,5.0,,15.153631284916202,2,891,1215.0,2026800891,0.45,0.45
fig4_immune_onset,1049.0,5.0,,-0.2859866539561487,2,892,1052.0,2026800892,0.45,0.45
fig4_immune_onset,814.9999999999999,5.0,,1.226993865030661,2,893,805.0,2026800893,0.45,0.45
fig4_immune_onset,1052.0,5.0,,5.893536121672994,2,894,990.0000000000001,2026800894,0.45,0.45
fig4_immune_onset,933.9999999999999,5.0,,22.376873661670228,2,895,725.0,2026800895,0.45,0.45
fig4_immune_onset,1150.0,5.0,,21.47826086956522,2,896,903.0,2026800896,0.45,0.45
fig4_immune_onset,1180.0,5.0,,-3.559322033898305,2,897,1222.0,2026800897,0.45,0.45
fig4_immune_onset,1165.0,5.0,,12.360515021459227,2,898,1021.0,2026800898,0.45,0.45
fig4_immune_onset,1443.0,5.0,,17.117117117117118,2,899,1196.0,2026800899,0.45,0.45
fig4_immune_onset,1194.0,5.0,,17.755443886097144,2,900,982.0000000000001,2026800900,0.45,0.45
fig4_immune_onset,1014.0,5.0,,2.662721893491124,2,901,987.0,2026800901,0.45,0.45
fig4_immune_onset,1407.0,5.0,,21.961620469083154,2,902,1098.0,2026800902,0.45,0.45
fig4_immune_onset,1430.0,5.0,,6.783216783216783,2,903,1333.0,2026800903,0.45,0.45
fig4_immune_onset,1166.0,5.0,,19.639794168096056,2,904,937.0,2026800904,0.45,0.45
fig4_immune_onset,928.0,5.0,,8.51293103448277,2,905,848.9999999999999,2026800905,0.45,0.45
fig4_immune_onset,911.0,5.0,,8.671789242590572,2,906,831.9999999999999,2026800906,0.45,0.45
fig4_immune_onset,1200.0,5.0,,3.4166666666666665,2,907,1159.0,2026800907,0.45,0.45
fig4_immune_onset,940.0,5.0,,-6.382978723404255,2,908,1000.0,2026800908,0.45,0.45
fig4_immune_onset,1078.0,5.0,,0.9276437847866419,2,909,1068.0,2026800909,0.45,0.45
fig4_immune_onset,673.0,5.0,,9.36106983655275,2,910,610.0,2026800910,0.45,0.45
fig4_immune_onset,1130.0,5.0,,12.831858407079656,2,911,984.9999999999999,2026800911,0.45,0.45
fig4_immune_onset,963.0,5.0,,-0.10384215991691446,2,912,963.9999999999999,2026800912,0.45,0.45
fig4_immune_onset,831.0,5.0,,18.531889290012035,2,913,677.0,2026800913,0.45,0.45
fig4_immune_onset,1459.0,5.0,,6.922549691569568,2,914,1358.0,2026800914,0.45,0.45
fig4_immune_onset,1392.0,5.0,,9.339080459770114,2,915,1262.0,2026800915,0.45,0.45
fig4_immune_onset,1433.0,5.0,,-3.838101884159107,2,916,1488.0,2026800916,0.45,0.45
fig4_immune_onset,1055.0,5.0,,10.04739336492891,2,917,949.0,2026800917,0.45,0.45
fig4_immune_onset,1063.0,5.0,,-14.863593603010347,2,918,1221.0,2026800918,0.45,0.45
fig4_immune_onset,1043.0,5.0,,14.285714285714286,2,919,894.0,2026800919,0.45,0.45
fig4_immune_onset,816.0000000000001,5.0,,1.2254901960784452,2,920,806.0,2026800920,0.45,0.45
fig4_immune_onset,1637.9999999999998,5.0,,10.378510378510367,2,921,1468.0,2026800921,0.45,0.45
fig4_immune_onset,906.0,5.0,,15.673289183222957,2,922,764.0,2026800922,0.45,0.45
fig4_immune_onset,1310.0,5.0,,7.480916030534351,2,923,1212.0,2026800923,0.45,0.45
fig4_immune_onset,1224.0,5.0,,-12.908496732026144,2,924,1382.0,2026800924,0.45,0.45
fig4_immune_onset,1068.0,5.0,,-0.6554307116104869,2,925,1075.0,2026800925,0.45,0.45
fig4_immune_onset,1111.0,5.0,,-6.750675067506751,2,926,1186.0,2026800926,0.45,0.45
fig4_immune_onset,1120.0,5.0,,-2.767857142857143,2,927,1151.0,2026800927,0.45,0.45
fig4_immune_onset,1173.0,5.0,,-1.5345268542199488,2,928,1191.0,2026800928,0.45,0.45
fig4_immune_onset,1057.0,5.0,,6.811731315042584,2,929,984.9999999999999,2026800929,0.45,0.45
fig4_immune_onset,1298.0,5.0,,28.120184899845917,2,930,933.0,2026800930,0.45,0.45
fig4_immune_onset,963.0,5.0,,-2.284527518172366,2,931,984.9999999999999,2026800931,0.45,0.45
fig4_immune_onset,1616.0,5.0,,15.470297029702971,2,932,1366.0,2026800932,0.45,0.45
fig4_immune_onset,1330.0,5.0,,12.93233082706767,2,933,1158.0,2026800933,0.45,0.45
fig4_immune_onset,1359.0,5.0,,12.656364974245768,2,934,1187.0,2026800934,0.45,0.45
fig4_immune_onset,996.0,5.0,,6.827309236947791,2,935,928.0,2026800935,0.45,0.45
fig4_immune_onset,664.0,5.0,,-9.63855421686747,2,936,728.0,2026800936,0.45,0.45
fig4_immune_onset,1372.0,5.0,,1.8221574344023324,2,937,1347.0,2026800937,0.45,0.45
fig4_immune_onset,999.0000000000001,5.0,,19.619619619619616,2,938,803.0000000000001,2026800938,0.45,0.45
fig4_immune_onset,1497.0,5.0,,-6.279225116900467,2,939,1591.0,2026800939,0.45,0.45
fig4_immune_onset,774.0,5.0,,-6.330749354005168,2,940,823.0,2026800940,0.45,0.45
fig4_immune_onset,1508.0,5.0,,6.36604774535809,2,941,1412.0,2026800941,0.45,0.45
fig4_immune_onset,871.0000000000001,5.0,,-8.840413318025258,2,942,948.0000000000001,2026800942,0.45,0.45
fig4_immune_onset,1055.0,5.0,,0.9478672985781991,2,943,1045.0,2026800943,0.45,0.45
fig4_immune_onset,1435.0,5.0,,11.010452961672474,2,944,1277.0,2026800944,0.45,0.45
fig4_immune_onset,1026.0,5.0,,-7.60233918128655,2,945,1104.0,2026800945,0.45,0.45
fig4_immune_onset,1269.0,5.0,,16.706067769897558,2,946,1057.0,2026800946,0.45,0.45
fig4_immune_onset,957.0,5.0,,13.479623824451423,2,947,827.9999999999999,2026800947,0.45,0.45
fig4_immune_onset,772.0,5.0,,-4.7927461139896375,2,948,809.0,2026800948,0.45,0.45
fig4_immune_onset,873.0,5.0,,-3.6655211912944003,2,949,905.0000000000001,2026800949,0.45,0.45
fig4_immune_onset,1103.0,5.0,,-3.354487760652765,2,950,1140.0,2026800950,0.45,0.45
fig4_immune_onset,1254.0,5.0,,19.69696969696969,2,951,1007.0000000000001,2026800951,0.45,0.45
fig4_immune_onset,956.0000000000001,5.0,,6.0669456066945715,2,952,898.0,2026800952,0.45,0.45
fig4_immune_onset,1117.0,5.0,,9.221128021486123,2,953,1014.0,2026800953,0.45,0.45
fig4_immune_onset,793.9999999999999,5.0,,17.002518891687647,2,954,659.0,2026800954,0.45,0.45
fig4_immune_onset,1183.0,5.0,,31.69907016060862,2,955,808.0,2026800955,0.45,0.45
fig4_immune_onset,1056.0,5.0,,-12.405303030303031,2,956,1187.0,2026800956,0.45,0.45
fig4_immune_onset,1034.0,5.0,,13.249516441005802,2,957,897.0,2026800957,0.45,0.45
fig4_immune_onset,915.0,5.0,,31.584699453551913,2,958,626.0,2026800958,0.45,0.45
fig4_immune_onset,652.0,5.0,,7.0552147239263805,2,959,606.0,2026800959,0.45,0.45
fig4_immune_onset,1099.0,5.0,,21.83803457688808,2,960,859.0,2026800960,0.45,0.45
fig4_immune_onset,837.0000000000001,5.0,,20.19115890083633,2,961,668.0,2026800961,0.45,0.45
fig4_immune_onset,690.0,5.0,,2.608695652173913,2,962,672.0,2026800962,0.45,0.45
fig4_immune_onset,1101.0,5.0,,-0.6357856494096276,2,963,1108.0,2026800963,0.45,0.45
fig4_immune_onset,1116.0,5.0,,34.13978494623656,2,964,735.0,2026800964,0.45,0.45
fig4_immune_onset,1373.0,5.0,,20.61179898033503,2,965,1090.0,2026800965,0.45,0.45
fig4_immune_onset,937.0,5.0,,4.5891141942369265,2,966,894.0,2026800966,0.45,0.45
fig4_immune_onset,963.9999999999999,5.0,,-6.120331950207481,2,967,1023.0,2026800967,0.45,0.45
fig4_immune_onset,1473.0,5.0,,19.484046164290564,2,968,1186.0,2026800968,0.45,0.45
fig4_immune_onset,1330.0,5.0,,15.563909774436091,2,969,1123.0,2026800969,0.45,0.45
fig4_immune_onset,997.9999999999999,5.0,,8.917835671342665,2,970,909.0000000000001,2026800970,0.45,0.45
fig4_immune_onset,863.0,5.0,,7.068366164542307,2,971,801.9999999999999,2026800971,0.45,0.45
fig4_immune_onset,1091.0,5.0,,-4.307974335472044,2,972,1138.0,2026800972,0.45,0.45
fig4_immune_onset,1322.0,5.0,,7.942511346444781,2,973,1217.0,2026800973,0.45,0.45
fig4_immune_onset,1250.0,5.0,,20.4,2,974,995.0,2026800974,0.45,0.45
fig4_immune_onset,848.9999999999999,5.0,,-3.651354534746775,2,975,880.0,2026800975,0.45,0.45
fig4_immune_onset,1342.0,5.0,,5.812220566318927,2,976,1264.0,2026800976,0.45,0.45
fig4_immune_onset,782.0,5.0,,0.1278772378516624,2,977,781.0,2026800977,0.45,0.45
fig4_immune_onset,1008.0,5.0,,3.6706349206349205,2,978,971.0,2026800978,0.45,0.45
fig4_immune_onset,987.0,5.0,,34.650455927051674,2,979,645.0,2026800979,0.45,0.45
fig4_immune_onset,912.9999999999999,5.0,,-9.529025191675807,2,980,1000.0,2026800980,0.45,0.45
fig4_immune_onset,700.0,5.0,,14.0,2,981,602.0,2026800981,0.45,0.45
fig4_immune_onset,1477.0,5.0,,16.993906567366285,2,982,1226.0,2026800982,0.45,0.45
fig4_immune_onset,899.9999999999999,5.0,,3.1111111111110987,2,983,872.0,2026800983,0.45,0.45
fig4_immune_onset,1476.0,5.0,,17.005420054200542,2,984,1225.0,2026800984,0.45,0.45
fig4_immune_onset,1089.0,5.0,,11.570247933884298,2,985,963.0,2026800985,0.45,0.45
fig4_immune_onset,1036.0,5.0,,26.44787644787645,2,986,762.0,2026800986,0.45,0.45
fig4_immune_onset,1278.0,5.0,,-2.503912363067293,2,987,1310.0,2026800987,0.45,0.45
fig4_immune_onset,1387.0,5.0,,24.297043979812546,2,988,1050.0,2026800988,0.45,0.45
fig4_immune_onset,1028.0,5.0,,2.3346303501945527,2,989,1004.0,2026800989,0.45,0.45
fig4_immune_onset,1101.0,5.0,,-3.360581289736603,2,990,1138.0,2026800990,0.45,0.45
fig4_immune_onset,907.0,5.0,,16.427783902976845,2,991,758.0,2026800991,0.45,0.45
fig4_immune_onset,978.0,5.0,,5.521472392638037,2,992,924.0,2026800992,0.45,0.45
fig4_immune_onset,1244.0,5.0,,17.20257234726688,2,993,1030.0,2026800993,0.45,0.45
fig4_immune_onset,969.0000000000001,5.0,,6.08875128998969,2,994,910.0,2026800994,0.45,0.45
fig4_immune_onset,1279.0,5.0,,12.900703674745895,2,995,1114.0,2026800995,0.45,0.45
fig4_immune_onset,1018.0,5.0,,2.5540275049115913,2,996,992.0,2026800996,0.45,0.45
fig4_immune_onset,1408.0,5.0,,20.170454545454547,2,997,1124.0,2026800997,0.45,0.45
fig4_immune_onset,1230.0,5.0,,22.520325203252032,2,998,953.0,2026800998,0.45,0.45
fig4_immune_onset,1502.0,5.0,,13.182423435419441,2,999,1304.0,2026800999,0.45,0.45
fig4_immune_onset,685.0,10.0,,22.62773722627737,2,0,530.0,2026800000,0.45,0.45
fig4_immune_onset,1352.0,10.0,,-7.322485207100592,2,1,1451.0,2026800001,0.45,0.45
fig4_immune_onset,844.0,10.0,,-1.0663507109004604,2,2,852.9999999999999,2026800002,0.45,0.45
fig4_immune_onset,976.9999999999999,10.0,,3.8894575230296597,2,3,939.0000000000001,2026800003,0.45,0.45
fig4_immune_onset,694.0,10.0,,4.46685878962536,2,4,663.0,2026800004,0.45,0.45
fig4_immune_onset,1295.0,10.0,,10.115830115830116,2,5,1164.0,2026800005,0.45,0.45
fig4_immune_onset,1285.0,10.0,,1.4007782101167314,2,6,1267.0,2026800006,0.45,0.45
fig4_immune_onset,890.0,10.0,,4.831460674157303,2,7,847.0,2026800007,0.45,0.45
fig4_immune_onset,1346.0,10.0,,14.115898959881129,2,8,1156.0,2026800008,0.45,0.45
fig4_immune_onset,1008.0,10.0,,-2.9761904761904763,2,9,1038.0,2026800009,0.45,0.45
fig4_immune_onset,1192.0,10.0,,2.5167785234899327,2,10,1162.0,2026800010,0.45,0.45
fig4_immune_onset,925.9999999999999,10.0,,-6.803455723542129,2,11,989.0,2026800011,0.45,0.45
fig4_immune_onset,1330.0,10.0,,7.067669172932331,2,12,1236.0,2026800012,0.45,0.45
fig4_immune_onset,810.0,10.0,,10.123456790123457,2,13,728.0,2026800013,0.45,0.45
fig4_immune_onset,793.9999999999999,10.0,,6.423173803526436,2,14,743.0,2026800014,0.45,0.45
fig4_immune_onset,847.0,10.0,,19.48051948051948,2,15,682.0,2026800015,0.45,0.45
fig4_immune_onset,1040.0,10.0,,-1.25,2,16,1053.0,2026800016,0.45,0.45
fig4_immune_onset,1368.0,10.0,,13.88888888888889,2,17,1178.0,2026800017,0.45,0.45
fig4_immune_onset,899.9999999999999,10.0,,2.6666666666666545,2,18,876.0,2026800018,0.45,0.45
fig4_immune_onset,911.0,10.0,,5.92755214050494,2,19,857.0,2026800019,0.45,0.45
fig4_immune_onset,1034.0,10.0,,-7.059961315280464,2,20,1107.0,2026800020,0.45,0.45
fig4_immune_onset,1308.0,10.0,,10.321100917431192,2,21,1173.0,2026800021,0.45,0.45
fig4_immune_onset,1162.0,10.0,,8.347676419965577,2,22,1065.0,2026800022,0.45,0.45
fig4_immune_onset,993.0,10.0,,-2.1148036253776437,2,23,1014.0,2026800023,0.45,0.45
fig4_immune_onset,1101.0,10.0,,15.077202543142588,2,24,935.0000000000001,2026800024,0.45,0.45
fig4_immune_onset,975.0,10.0,,-21.743589743589745,2,25,1187.0,2026800025,0.45,0.45
fig4_immune_onset,875.0000000000001,10.0,,1.3714285714285843,2,26,863.0,2026800026,0.45,0.45
fig4_immune_onset,1239.0,10.0,,0.48426150121065376,2,27,1233.0,2026800027,0.45,0.45
fig4_immune_onset,948.0000000000001,10.0,,11.814345991561202,2,28,835.9999999999999,2026800028,0.45,0.45
fig4_immune_onset,1283.0,10.0,,21.20031176929073,2,29,1010.9999999999999,2026800029,0.45,0.45
fig4_immune_onset,1057.0,10.0,,20.813623462630076,2,30,837.0000000000001,2026800030,0.45,0.45
fig4_immune_onset,894.0,10.0,,0.8948545861297539,2,31,886.0,2026800031,0.45,0.45
fig4_immune_onset,1355.0,10.0,,14.095940959409594,2,32,1164.0,2026800032,0.45,0.45
fig4_immune_onset,1541.0,10.0,,15.63919532770928,2,33,1300.0,2026800033,0.45,0.45
fig4_immune_onset,1281.0,10.0,,-1.405152224824356,2,34,1299.0,2026800034,0.45,0.45
fig4_immune_onset,949.0,10.0,,-22.339304531085354,2,35,1161.0,2026800035,0.45,0.45
fig4_immune_onset,1084.0,10.0,,-0.6457564575645757,2,36,1091.0,2026800036,0.45,0.45
fig4_immune_onset,1344.0,10.0,,14.136904761904763,2,37,1154.0,2026800037,0.45,0.45
fig4_immune_onset,1279.0,10.0,,9.538702111024238,2,38,1157.0,2026800038,0.45,0.45
fig4_immune_onset,1328.0,10.0,,4.066265060240964,2,39,1274.0,2026800039,0.45,0.45
fig4_immune_onset,990.0000000000001,10.0,,-6.565656565656554,2,40,1055.0,2026800040,0.45,0.45
fig4_immune_onset,1001.0,10.0,,0.5994005994005994,2,41,995.0,2026800041,0.45,0.45
fig4_immune_onset,1095.0,10.0,,16.438356164383563,2,42,915.0,2026800042,0.45,0.45
fig4_immune_onset,865.0,10.0,,3.3526011560693774,2,43,835.9999999999999,2026800043,0.45,0.45
fig4_immune_onset,1271.0,10.0,,0.6294256490952006,2,44,1263.0,2026800044,0.45,0.45
fig4_immune_onset,831.0,10.0,,-0.4813477737665463,2,45,835.0,2026800045,0.45,0.45
fig4_immune_onset,1509.0,10.0,,8.34990059642147,2,46,1383.0,2026800046,0.45,0.45
fig4_immune_onset,1279.0,10.0,,-5.003909304143862,2,47,1343.0,2026800047,0.45,0.45
fig4_immune_onset,801.9999999999999,10.0,,1.4962593516209195,2,48,790.0000000000001,2026800048,0.45,0.45
fig4_immune_onset,1107.0,10.0,,2.710027100271003,2,49,1077.0,2026800049,0.45,0.45
fig4_immune_onset,872.0,10.0,,5.50458715596329,2,50,824.0000000000001,2026800050,0.45,0.45
fig4_immune_onset,916.0,10.0,,-0.8733624454148472,2,51,924.0,2026800051,0.45,0.45
fig4_immune_onset,919.0,10.0,,5.658324265505973,2,52,867.0000000000001,2026800052,0.45,0.45
fig4_immune_onset,1162.0,10.0,,12.220309810671248,2,53,1020.0000000000001,2026800053,0.45,0.45
fig4_immune_onset,1291.0,10.0,,13.865220759101472,2,54,1112.0,2026800054,0.45,0.45
fig4_immune_onset,1268.0,10.0,,7.176656151419558,2,55,1177.0,2026800055,0.45,0.45
fig4_immune_onset,1026.0,10.0,,10.13645224171539,2,56,922.0000000000001,2026800056,0.45,0.45
fig4_immune_onset,608.0,10.0,,10.69078947368421,2,57,543.0,2026800057,0.45,0.45
fig4_immune_onset,1427.0,10.0,,-4.414856341976174,2,58,1490.0,2026800058,0.45,0.45
fig4_immune_onset,1413.0,10.0,,10.332625619249823,2,59,1267.0,2026800059,0.45,0.45
fig4_immune_onset,881.0,10.0,,4.313280363223609,2,60,843.0,2026800060,0.45,0.45
fig4_immune_onset,827.9999999999999,10.0,,-1.4492753623188546,2,61,840.0,2026800061,0.45,0.45
fig4_immune_onset,1066.0,10.0,,2.25140712945591,2,62,1042.0,2026800062,0.45,0.45
fig4_immune_onset,1265.0,10.0,,10.276679841897232,2,63,1135.0,2026800063,0.45,0.45
fig4_immune_onset,1009.0,10.0,,15.460852329038662,2,64,852.9999999999999,2026800064,0.45,0.45
fig4_immune_onset,1037.0,10.0,,6.171648987463827,2,65,973.0000000000001,2026800065,0.45,0.45
fig4_immune_onset,1039.0,10.0,,10.875842155919164,2,66,925.9999999999999,2026800066,0.45,0.45
fig4_immune_onset,1129.0,10.0,,4.605845881310895,2,67,1077.0,2026800067,0.45,0.45
fig4_immune_onset,860.0,10.0,,8.604651162790685,2,68,786.0000000000001,2026800068,0.45,0.45
fig4_immune_onset,1059.0,10.0,,-2.360717658168083,2,69,1084.0,2026800069,0.45,0.45
fig4_immune_onset,1462.0,10.0,,6.292749658002736,2,70,1370.0,2026800070,0.45,0.45
fig4_immune_onset,668.0,10.0,,-4.640718562874252,2,71,699.0,2026800071,0.45,0.45
fig4_immune_onset,1398.0,10.0,,2.503576537911302,2,72,1363.0,2026800072,0.45,0.45
fig4_immune_onset,1229.0,10.0,,8.0553295362083,2,73,1130.0,2026800073,0.45,0.45
fig4_immune_onset,822.0,10.0,,0.9732360097323601,2,74,814.0,2026800074,0.45,0.45
fig4_immune_onset,1350.0,10.0,,14.814814814814815,2,75,1150.0,2026800075,0.45,0.45
fig4_immune_onset,936.0,10.0,,19.978632478632477,2,76,749.0,2026800076,0.45,0.45
fig4_immune_onset,1338.0,10.0,,9.715994020926756,2,77,1208.0,2026800077,0.45,0.45
fig4_immune_onset,1355.0,10.0,,15.940959409594097,2,78,1139.0,2026800078,0.45,0.45
fig4_immune_onset,941.0,10.0,,10.520722635494154,2,79,842.0,2026800079,0.45,0.45
fig4_immune_onset,1055.0,10.0,,17.630331753554504,2,80,869.0,2026800080,0.45,0.45
fig4_immune_onset,1144.0,10.0,,23.164335664335674,2,81,878.9999999999999,2026800081,0.45,0.45
fig4_immune_onset,1735.0,10.0,,13.371757925072046,2,82,1503.0,2026800082,0.45,0.45
fig4_immune_onset,1381.0,10.0,,4.344677769732078,2,83,1321.0,2026800083,0.45,0.45
fig4_immune_onset,996.0,10.0,,12.048192771084338,2,84,876.0,2026800084,0.45,0.45
fig4_immune_onset,989.0,10.0,,13.043478260869565,2,85,860.0,2026800085,0.45,0.45
fig4_immune_onset,1103.0,10.0,,0.45330915684496825,2,86,1098.0,2026800086,0.45,0.45
fig4_immune_onset,1543.0,10.0,,7.841866493843162,2,87,1422.0,2026800087,0.45,0.45
fig4_immune_onset,1388.0,10.0,,6.916426512968299,2,88,1292.0,2026800088,0.45,0.45
fig4_immune_onset,1021.0,10.0,,1.7629774730656107,2,89,1003.0000000000001,2026800089,0.45,0.45
fig4_immune_onset,976.9999999999999,10.0,,11.873080859774811,2,90,861.0,2026800090,0.45,0.45
fig4_immune_onset,1263.0,10.0,,-8.709422011084719,2,91,1373.0,2026800091,0.45,0.45
fig4_immune_onset,1217.0,10.0,,8.134757600657354,2,92,1118.0,2026800092,0.45,0.45
fig4_immune_onset,1308.0,10.0,,5.275229357798165,2,93,1239.0,2026800093,0.45,0.45
fig4_immune_onset,1177.0,10.0,,19.541206457094315,2,94,946.9999999999999,2026800094,0.45,0.45
fig4_immune_onset,1463.0,10.0,,14.627477785372522,2,95,1249.0,2026800095,0.45,0.45
fig4_immune_onset,961.0,10.0,,9.157127991675338,2,96,873.0,2026800096,0.45,0.45
fig4_immune_onset,899.0,10.0,,-10.789766407119021,2,97,996.0,2026800097,0.45,0.45
fig4_immune_onset,1189.0,10.0,,10.008410428931876,2,98,1070.0,2026800098,0.45,0.45
fig4_immune_onset,1315.0,10.0,,1.673003802281369,2,99,1293.0,2026800099,0.45,0.45
fig4_immune_onset,902.0,10.0,,13.52549889135255,2,100,780.0,2026800100,0.45,0.45
fig4_immune_onset,1169.0,10.0,,14.285714285714295,2,101,1001.9999999999999,2026800101,0.45,0.45
fig4_immune_onset,1213.0,10.0,,10.305028854080792,2,102,1088.0,2026800102,0.45,0.45
fig4_immune_onset,1029.0,10.0,,-10.204081632653061,2,103,1134.0,2026800103,0.45,0.45
fig4_immune_onset,1481.0,10.0,,8.102633355840648,2,104,1361.0,2026800104,0.45,0.45
fig4_immune_onset,1155.0,10.0,,10.822510822510823,2,105,1030.0,2026800105,0.45,0.45
fig4_immune_onset,1257.0,10.0,,15.274463007159904,2,106,1065.0,2026800106,0.45,0.45
fig4_immune_onset,1040.0,10.0,,-2.980769230769231,2,107,1071.0,2026800107,0.45,0.45
fig4_immune_onset,1064.0,10.0,,12.593984962406026,2,108,929.9999999999999,2026800108,0.45,0.45
fig4_immune_onset,1353.0,10.0,,16.481892091648188,2,109,1130.0,2026800109,0.45,0.45
fig4_immune_onset,1093.0,10.0,,8.508691674290942,2,110,1000.0,2026800110,0.45,0.45
fig4_immune_onset,1174.0,10.0,,13.373083475298126,2,111,1017.0,2026800111,0.45,0.45
fig4_immune_onset,720.0,10.0,,3.888888888888889,2,112,692.0,2026800112,0.45,0.45
fig4_immune_onset,923.0,10.0,,3.6836403033586134,2,113,889.0,2026800113,0.45,0.45
fig4_immune_onset,1195.0,10.0,,11.799163179916318,2,114,1054.0,2026800114,0.45,0.45
fig4_immune_onset,1273.0,10.0,,0.9426551453260016,2,115,1261.0,2026800115,0.45,0.45
fig4_immune_onset,805.0,10.0,,19.751552795031056,2,116,646.0,2026800116,0.45,0.45
fig4_immune_onset,871.0000000000001,10.0,,3.099885189437441,2,117,844.0,2026800117,0.45,0.45
fig4_immune_onset,786.0000000000001,10.0,,6.106870229007646,2,118,738.0,2026800118,0.45,0.45
fig4_immune_onset,1012.0,10.0,,-5.830039525691699,2,119,1071.0,2026800119,0.45,0.45
fig4_immune_onset,820.0000000000001,10.0,,15.365853658536597,2,120,694.0,2026800120,0.45,0.45
fig4_immune_onset,1034.0,10.0,,21.27659574468085,2,121,814.0,2026800121,0.45,0.45
fig4_immune_onset,963.0,10.0,,1.453790238836968,2,122,949.0,2026800122,0.45,0.45
fig4_immune_onset,1373.0,10.0,,3.932993445010925,2,123,1319.0,2026800123,0.45,0.45
fig4_immune_onset,1141.0,10.0,,10.604732690622251,2,124,1020.0000000000001,2026800124,0.45,0.45
fig4_immune_onset,1233.0,10.0,,11.27331711273317,2,125,1094.0,2026800125,0.45,0.45
fig4_immune_onset,847.0,10.0,,11.92443919716647,2,126,746.0,2026800126,0.45,0.45
fig4_immune_onset,914.0,10.0,,-4.048140043763664,2,127,950.9999999999999,2026800127,0.45,0.45
fig4_immune_onset,1370.0,10.0,,6.788321167883212,2,128,1277.0,2026800128,0.45,0.45
fig4_immune_onset,1237.0,10.0,,14.955537590945836,2,129,1052.0,2026800129,0.45,0.45
fig4_immune_onset,1189.0,10.0,,10.428931875525652,2,130,1065.0,2026800130,0.45,0.45
fig4_immune_onset,1267.0,10.0,,16.17995264404104,2,131,1062.0,2026800131,0.45,0.45
fig4_immune_onset,1091.0,10.0,,5.866177818515124,2,132,1027.0,2026800132,0.45,0.45
fig4_immune_onset,959.9999999999999,10.0,,14.270833333333323,2,133,823.0,2026800133,0.45,0.45
fig4_immune_onset,718.0,10.0,,5.43175487465181,2,134,679.0,2026800134,0.45,0.45
fig4_immune_onset,1184.0,10.0,,10.89527027027027,2,135,1055.0,2026800135,0.45,0.45
fig4_immune_onset,923.0,10.0,,12.134344528710738,2,136,810.9999999999999,2026800136,0.45,0.45
fig4_immune_onset,1012.0,10.0,,-0.49407114624505927,2,137,1017.0,2026800137,0.45,0.45
fig4_immune_onset,875.0000000000001,10.0,,16.57142857142858,2,138,730.0,2026800138,0.45,0.45
fig4_immune_onset,681.0,10.0,,4.992657856093979,2,139,647.0,2026800139,0.45,0.45
fig4_immune_onset,1198.0,10.0,,6.59432387312187,2,140,1119.0,2026800140,0.45,0.45
fig4_immune_onset,1442.0,10.0,,-5.894590846047157,2,141,1527.0,2026800141,0.45,0.45
fig4_immune_onset,1133.0,10.0,,11.562224183583416,2,142,1001.9999999999999,2026800142,0.45,0.45
fig4_immune_onset,1367.0,10.0,,9.363569861009509,2,143,1239.0,2026800143,0.45,0.45
fig4_immune_onset,1316.0,10.0,,13.221884498480243,2,144,1142.0,2026800144,0.45,0.45
fig4_immune_onset,984.9999999999999,10.0,,-4.974619289340113,2,145,1034.0,2026800145,0.45,0.45
fig4_immune_onset,881.0,10.0,,16.458569807037456,2,146,736.0,2026800146,0.45,0.45
fig4_immune_onset,1406.0,10.0,,-3.1294452347083928,2,147,1450.0,2026800147,0.45,0.45
fig4_immune_onset,1342.0,10.0,,17.2876304023845,2,148,1110.0,2026800148,0.45,0.45
fig4_immune_onset,835.9999999999999,10.0,,-15.311004784688997,2,149,963.9999999999999,2026800149,0.45,0.45
fig4_immune_onset,1207.0,10.0,,13.670256835128418,2,150,1042.0,2026800150,0.45,0.45
fig4_immune_onset,1034.0,10.0,,-5.705996131528046,2,151,1093.0,2026800151,0.45,0.45
fig4_immune_onset,937.0,10.0,,8.110992529348986,2,152,861.0,2026800152,0.45,0.45
fig4_immune_onset,1242.0,10.0,,6.843800322061192,2,153,1157.0,2026800153,0.45,0.45
fig4_immune_onset,1640.0000000000002,10.0,,7.07317073170733,2,154,1524.0,2026800154,0.45,0.45
fig4_immune_onset,1088.0,10.0,,-3.952205882352941,2,155,1131.0,2026800155,0.45,0.45
fig4_immune_onset,1373.0,10.0,,6.482155863073562,2,156,1284.0,2026800156,0.45,0.45
fig4_immune_onset,1098.0,10.0,,4.462659380692168,2,157,1049.0,2026800157,0.45,0.45
fig4_immune_onset,1456.0,10.0,,-1.2362637362637363,2,158,1474.0,2026800158,0.45,0.45
fig4_immune_onset,1168.0,10.0,,-7.277397260273973,2,159,1253.0,2026800159,0.45,0.45
fig4_immune_onset,868.0,10.0,,2.9953917050691246,2,160,842.0,2026800160,0.45,0.45
fig4_immune_onset,984.9999999999999,10.0,,-11.167512690355343,2,161,1095.0,2026800161,0.45,0.45
fig4_immune_onset,1600.0,10.0,,19.375,2,162,1290.0,2026800162,0.45,0.45
fig4_immune_onset,1056.0,10.0,,5.018939393939384,2,163,1003.0000000000001,2026800163,0.45,0.45
fig4_immune_onset,1000.0,10.0,,17.59999999999999,2,164,824.0000000000001,2026800164,0.45,0.45
fig4_immune_onset,1095.0,10.0,,27.488584474885855,2,165,793.9999999999999,2026800165,0.45,0.45
fig4_immune_onset,814.9999999999999,10.0,,7.607361963190172,2,166,753.0,2026800166,0.45,0.45
fig4_immune_onset,895.9999999999999,10.0,,15.066964285714276,2,167,761.0,2026800167,0.45,0.45
fig4_immune_onset,959.9999999999999,10.0,,-5.1041666666666785,2,168,1009.0,2026800168,0.45,0.45
fig4_immune_onset,1102.0,10.0,,4.537205081669692,2,169,1052.0,2026800169,0.45,0.45
fig4_immune_onset,1010.0,10.0,,4.554455445544566,2,170,963.9999999999999,2026800170,0.45,0.45
fig4_immune_onset,1383.0,10.0,,-0.7230657989877078,2,171,1393.0,2026800171,0.45,0.45
fig4_immune_onset,1143.0,10.0,,6.21172353455818,2,172,1072.0,2026800172,0.45,0.45
fig4_immune_onset,1569.9999999999998,10.0,,18.726114649681517,2,173,1276.0,2026800173,0.45,0.45
fig4_immune_onset,1086.0,10.0,,-13.259668508287293,2,174,1230.0,2026800174,0.45,0.45
fig4_immune_onset,1282.0,10.0,,8.580343213728549,2,175,1172.0,2026800175,0.45,0.45
fig4_immune_onset,1158.0,10.0,,22.711571675302245,2,176,895.0,2026800176,0.45,0.45
fig4_immune_onset,1094.0,10.0,,9.414990859232175,2,177,991.0,2026800177,0.45,0.45
fig4_immune_onset,1007.0000000000001,10.0,,-0.09930486593841968,2,178,1008.0,2026800178,0.45,0.45
fig4_immune_onset,979.0,10.0,,13.176710929519906,2,179,850.0000000000001,2026800179,0.45,0.45
fig4_immune_onset,1398.0,10.0,,3.0758226037195993,2,180,1355.0,2026800180,0.45,0.45
fig4_immune_onset,1374.0,10.0,,14.264919941775837,2,181,1178.0,2026800181,0.45,0.45
fig4_immune_onset,1008.0,10.0,,-8.234126984126984,2,182,1091.0,2026800182,0.45,0.45
fig4_immune_onset,869.9999999999999,10.0,,25.057471264367805,2,183,652.0,2026800183,0.45,0.45
fig4_immune_onset,920.0,10.0,,3.369565217391304,2,184,889.0,2026800184,0.45,0.45
fig4_immune_onset,1124.0,10.0,,-0.44483985765124556,2,185,1129.0,2026800185,0.45,0.45
fig4_immune_onset,1148.0,10.0,,12.543554006968641,2,186,1004.0,2026800186,0.45,0.45
fig4_immune_onset,1670.0,10.0,,10.538922155688622,2,187,1494.0,2026800187,0.45,0.45
fig4_immune_onset,1057.0,10.0,,1.7975402081362346,2,188,1038.0,2026800188,0.45,0.45
fig4_immune_onset,723.0,10.0,,9.95850622406639,2,189,651.0,2026800189,0.45,0.45
fig4_immune_onset,924.0,10.0,,27.38095238095238,2,190,671.0,2026800190,0.45,0.45
fig4_immune_onset,1341.0,10.0,,8.724832214765101,2,191,1224.0,2026800191,0.45,0.45
fig4_immune_onset,912.9999999999999,10.0,,12.705366922234381,2,192,797.0,2026800192,0.45,0.45
fig4_immune_onset,825.0,10.0,,10.545454545454545,2,193,738.0,2026800193,0.45,0.45
fig4_immune_onset,1151.0,10.0,,16.33362293657689,2,194,963.0,2026800194,0.45,0.45
fig4_immune_onset,1130.0,10.0,,18.40707964601769,2,195,922.0000000000001,2026800195,0.45,0.45
fig4_immune_onset,1088.0,10.0,,14.430147058823529,2,196,931.0,2026800196,0.45,0.45
fig4_immune_onset,1137.0,10.0,,-9.058927000879507,2,197,1240.0,2026800197,0.45,0.45
fig4_immune_onset,1364.0,10.0,,8.284457478005866,2,198,1251.0,2026800198,0.45,0.45
fig4_immune_onset,1065.0,10.0,,5.915492957746489,2,199,1001.9999999999999,2026800199,0.45,0.45
fig4_immune_onset,1086.0,10.0,,-2.85451197053407,2,200,1117.0,2026800200,0.45,0.45
fig4_immune_onset,1023.0,10.0,,11.436950146627566,2,201,906.0,2026800201,0.45,0.45
fig4_immune_onset,1098.0,10.0,,17.85063752276867,2,202,902.0,2026800202,0.45,0.45
fig4_immune_onset,1235.0,10.0,,0.16194331983805668,2,203,1233.0,2026800203,0.45,0.45
fig4_immune_onset,1181.0,10.0,,3.5563082133784927,2,204,1139.0,2026800204,0.45,0.45
fig4_immune_onset,1184.0,10.0,,15.709459459459469,2,205,997.9999999999999,2026800205,0.45,0.45
fig4_immune_onset,1065.0,10.0,,1.596244131455399,2,206,1048.0,2026800206,0.45,0.45
fig4_immune_onset,925.9999999999999,10.0,,24.08207343412526,2,207,703.0,2026800207,0.45,0.45
fig4_immune_onset,895.0,10.0,,-3.0167597765363254,2,208,922.0000000000001,2026800208,0.45,0.45
fig4_immune_onset,895.0,10.0,,-11.061452513966469,2,209,993.9999999999999,2026800209,0.45,0.45
fig4_immune_onset,996.0,10.0,,-3.4136546184738954,2,210,1030.0,2026800210,0.45,0.45
fig4_immune_onset,1210.0,10.0,,12.314049586776859,2,211,1061.0,2026800211,0.45,0.45
fig4_immune_onset,1104.0,10.0,,8.514492753623188,2,212,1010.0,2026800212,0.45,0.45
fig4_immune_onset,1044.0,10.0,,16.954022988505738,2,213,867.0000000000001,2026800213,0.45,0.45
fig4_immune_onset,1055.0,10.0,,6.540284360189563,2,214,986.0000000000001,2026800214,0.45,0.45
fig4_immune_onset,1124.0,10.0,,-0.7117437722419929,2,215,1132.0,2026800215,0.45,0.45
fig4_immune_onset,2009.0,10.0,,14.036834245893479,2,216,1727.0,2026800216,0.45,0.45
fig4_immune_onset,1230.0,10.0,,1.2195121951219512,2,217,1215.0,2026800217,0.45,0.45
fig4_immune_onset,1350.0,10.0,,-4.222222222222222,2,218,1407.0,2026800218,0.45,0.45
fig4_immune_onset,1130.0,10.0,,7.699115044247788,2,219,1043.0,2026800219,0.45,0.45
fig4_immune_onset,1158.0,10.0,,9.844559585492227,2,220,1044.0,2026800220,0.45,0.45
fig4_immune_onset,1604.9999999999998,10.0,,25.233644859813076,2,221,1200.0,2026800221,0.45,0.45
fig4_immune_onset,1292.0,10.0,,7.043343653250774,2,222,1201.0,2026800222,0.45,0.45
fig4_immune_onset,867.0000000000001,10.0,,18.45444059976933,2,223,707.0,2026800223,0.45,0.45
fig4_immune_onset,1629.0,10.0,,9.6378146101903,2,224,1472.0,2026800224,0.45,0.45
fig4_immune_onset,1098.0,10.0,,-14.845173041894354,2,225,1261.0,2026800225,0.45,0.45
fig4_immune_onset,1136.0,10.0,,3.0809859154929575,2,226,1101.0,2026800226,0.45,0.45
fig4_immune_onset,1338.0,10.0,,1.046337817638266,2,227,1324.0,2026800227,0.45,0.45
fig4_immune_onset,1010.9999999999999,10.0,,24.431256181998013,2,228,764.0,2026800228,0.45,0.45
fig4_immune_onset,831.9999999999999,10.0,,15.384615384615374,2,229,704.0,2026800229,0.45,0.45
fig4_immune_onset,928.0,10.0,,10.883620689655173,2,230,827.0,2026800230,0.45,0.45
fig4_immune_onset,895.0,10.0,,16.75977653631285,2,231,745.0,2026800231,0.45,0.45
fig4_immune_onset,1466.0,10.0,,12.414733969986358,2,232,1284.0,2026800232,0.45,0.45
fig4_immune_onset,1033.0,10.0,,25.84704743465634,2,233,766.0,2026800233,0.45,0.45
fig4_immune_onset,1412.0,10.0,,0.42492917847025496,2,234,1406.0,2026800234,0.45,0.45
fig4_immune_onset,1206.0,10.0,,5.721393034825871,2,235,1137.0,2026800235,0.45,0.45
fig4_immune_onset,1081.0,10.0,,6.012950971322839,2,236,1016.0000000000001,2026800236,0.45,0.45
fig4_immune_onset,1317.0,10.0,,0.683371298405467,2,237,1308.0,2026800237,0.45,0.45
fig4_immune_onset,1200.0,10.0,,20.166666666666668,2,238,958.0,2026800238,0.45,0.45
fig4_immune_onset,565.0,10.0,,-0.8849557522123894,2,239,570.0,2026800239,0.45,0.45
fig4_immune_onset,910.0,10.0,,4.615384615384615,2,240,868.0,2026800240,0.45,0.45
fig4_immune_onset,1158.0,10.0,,6.822107081174439,2,241,1079.0,2026800241,0.45,0.45
fig4_immune_onset,1068.0,10.0,,14.325842696629213,2,242,915.0,2026800242,0.45,0.45
fig4_immune_onset,1018.9999999999999,10.0,,2.3552502453385564,2,243,995.0,2026800243,0.45,0.45
fig4_immune_onset,1160.0,10.0,,3.0172413793103448,2,244,1125.0,2026800244,0.45,0.45
fig4_immune_onset,1563.0000000000002,10.0,,2.687140115163162,2,245,1521.0,2026800245,0.45,0.45
fig4_immune_onset,916.9999999999999,10.0,,1.5267175572518963,2,246,903.0,2026800246,0.45,0.45
fig4_immune_onset,1099.0,10.0,,10.282074613284795,2,247,986.0000000000001,2026800247,0.45,0.45
fig4_immune_onset,1355.0,10.0,,15.498154981549815,2,248,1145.0,2026800248,0.45,0.45
fig4_immune_onset,1064.0,10.0,,3.5714285714285716,2,249,1026.0,2026800249,0.45,0.45
fig4_immune_onset,1229.0,10.0,,30.8380797396257,2,250,850.0000000000001,2026800250,0.45,0.45
fig4_immune_onset,1306.0,10.0,,15.390505359877489,2,251,1105.0,2026800251,0.45,0.45
fig4_immune_onset,1432.0,10.0,,-5.097765363128492,2,252,1505.0,2026800252,0.45,0.45
fig4_immune_onset,1186.0,10.0,,6.913996627318719,2,253,1104.0,2026800253,0.45,0.45
fig4_immune_onset,1470.0,10.0,,18.639455782312925,2,254,1196.0,2026800254,0.45,0.45
fig4_immune_onset,1299.0,10.0,,18.706697459584294,2,255,1056.0,2026800255,0.45,0.45
fig4_immune_onset,1245.0,10.0,,25.301204819277118,2,256,929.9999999999999,2026800256,0.45,0.45
fig4_immune_onset,1055.0,10.0,,9.47867298578199,2,257,955.0,2026800257,0.45,0.45
fig4_immune_onset,1037.0,10.0,,13.596914175506278,2,258,895.9999999999999,2026800258,0.45,0.45
fig4_immune_onset,1507.0,10.0,,2.7206370272063705,2,259,1466.0,2026800259,0.45,0.45
fig4_immune_onset,1334.0,10.0,,14.692653673163418,2,260,1138.0,2026800260,0.45,0.45
fig4_immune_onset,1307.0,10.0,,16.985462892119358,2,261,1085.0,2026800261,0.45,0.45
fig4_immune_onset,1316.0,10.0,,2.3556231003039514,2,262,1285.0,2026800262,0.45,0.45
fig4_immune_onset,627.0,10.0,,-3.827751196172249,2,263,651.0,2026800263,0.45,0.45
fig4_immune_onset,1050.0,10.0,,0.09523809523809523,2,264,1049.0,2026800264,0.45,0.45
fig4_immune_onset,629.0,10.0,,6.836248012718601,2,265,586.0,2026800265,0.45,0.45
fig4_immune_onset,946.0,10.0,,-2.748414376321353,2,266,972.0,2026800266,0.45,0.45
fig4_immune_onset,993.0,10.0,,18.328298086606253,2,267,810.9999999999999,2026800267,0.45,0.45
fig4_immune_onset,1377.0,10.0,,10.74800290486565,2,268,1229.0,2026800268,0.45,0.45
fig4_immune_onset,1719.0,10.0,,5.875509016870273,2,269,1618.0,2026800269,0.45,0.45
fig4_immune_onset,1112.0,10.0,,-5.755395683453237,2,270,1176.0,2026800270,0.45,0.45
fig4_immune_onset,1112.0,10.0,,10.341726618705035,2,271,997.0,2026800271,0.45,0.45
fig4_immune_onset,984.0,10.0,,2.439024390243914,2,272,959.9999999999999,2026800272,0.45,0.45
fig4_immune_onset,928.0,10.0,,15.517241379310345,2,273,784.0,2026800273,0.45,0.45
fig4_immune_onset,1188.0,10.0,,7.744107744107744,2,274,1096.0,2026800274,0.45,0.45
fig4_immune_onset,1259.0,10.0,,4.845115170770453,2,275,1198.0,2026800275,0.45,0.45
fig4_immune_onset,1510.0,10.0,,12.71523178807947,2,276,1318.0,2026800276,0.45,0.45
fig4_immune_onset,1343.0,10.0,,8.190618019359643,2,277,1233.0,2026800277,0.45,0.45
fig4_immune_onset,1439.0,10.0,,14.315496872828353,2,278,1233.0,2026800278,0.45,0.45
fig4_immune_onset,1264.0,10.0,,7.515822784810126,2,279,1169.0,2026800279,0.45,0.45
fig4_immune_onset,1215.0,10.0,,19.58847736625515,2,280,976.9999999999999,2026800280,0.45,0.45
fig4_immune_onset,772.0,10.0,,23.963730569948186,2,281,587.0,2026800281,0.45,0.45
fig4_immune_onset,1098.0,10.0,,13.66120218579234,2,282,948.0000000000001,2026800282,0.45,0.45
fig4_immune_onset,1137.0,10.0,,10.817941952506596,2,283,1014.0,2026800283,0.45,0.45
fig4_immune_onset,1677.0,10.0,,24.508050089445437,2,284,1266.0,2026800284,0.45,0.45
fig4_immune_onset,1016.0000000000001,10.0,,18.89763779527559,2,285,824.0000000000001,2026800285,0.45,0.45
fig4_immune_onset,982.0000000000001,10.0,,8.961303462321803,2,286,894.0,2026800286,0.45,0.45
fig4_immune_onset,1077.0,10.0,,3.6211699164345403,2,287,1038.0,2026800287,0.45,0.45
fig4_immune_onset,1177.0,10.0,,8.666100254885302,2,288,1075.0,2026800288,0.45,0.45
fig4_immune_onset,1298.0,10.0,,5.778120184899846,2,289,1223.0,2026800289,0.45,0.45
fig4_immune_onset,1297.0,10.0,,-11.48804934464148,2,290,1446.0,2026800290,0.45,0.45
fig4_immune_onset,1097.0,10.0,,9.936189608021877,2,291,988.0,2026800291,0.45,0.45
fig4_immune_onset,1201.0,10.0,,-6.244796003330558,2,292,1276.0,2026800292,0.45,0.45
fig4_immune_onset,888.0000000000001,10.0,,9.121621621621621,2,293,807.0000000000001,2026800293,0.45,0.45
fig4_immune_onset,835.9999999999999,10.0,,8.492822966507164,2,294,765.0,2026800294,0.45,0.45
fig4_immune_onset,709.0,10.0,,-1.5514809590973202,2,295,720.0,2026800295,0.45,0.45
fig4_immune_onset,1284.0,10.0,,-6.1526479750778815,2,296,1363.0,2026800296,0.45,0.45
fig4_immune_onset,1147.0,10.0,,24.673060156931125,2,297,864.0,2026800297,0.45,0.45
fig4_immune_onset,1604.9999999999998,10.0,,20.560747663551393,2,298,1275.0,2026800298,0.45,0.45
fig4_immune_onset,1532.0,10.0,,7.180156657963447,2,299,1422.0,2026800299,0.45,0.45
fig4_immune_onset,734.0,10.0,,-0.8174386920980926,2,300,740.0,2026800300,0.45,0.45
fig4_immune_onset,1176.0,10.0,,5.442176870748299,2,301,1112.0,2026800301,0.45,0.45
fig4_immune_onset,668.0,10.0,,-4.940119760479042,2,302,701.0,2026800302,0.45,0.45
fig4_immune_onset,1544.0,10.0,,12.240932642487047,2,303,1355.0,2026800303,0.45,0.45
fig4_immune_onset,856.0,10.0,,18.22429906542056,2,304,700.0,2026800304,0.45,0.45
fig4_immune_onset,1146.0,10.0,,0.2617801047120419,2,305,1143.0,2026800305,0.45,0.45
fig4_immune_onset,1072.0,10.0,,10.074626865671652,2,306,963.9999999999999,2026800306,0.45,0.45
fig4_immune_onset,886.0,10.0,,11.28668171557561,2,307,786.0000000000001,2026800307,0.45,0.45
fig4_immune_onset,831.0,10.0,,0.12033694344163658,2,308,830.0,2026800308,0.45,0.45
fig4_immune_onset,797.0,10.0,,14.052697616060225,2,309,685.0,2026800309,0.45,0.45
fig4_immune_onset,1027.0,10.0,,31.645569620253166,2,310,702.0,2026800310,0.45,0.45
fig4_immune_onset,1161.0,10.0,,-10.766580534022394,2,311,1286.0,2026800311,0.45,0.45
fig4_immune_onset,1593.0,10.0,,22.033898305084747,2,312,1242.0,2026800312,0.45,0.45
fig4_immune_onset,1320.0,10.0,,-0.3787878787878788,2,313,1325.0,2026800313,0.45,0.45
fig4_immune_onset,1531.0,10.0,,18.354016982364467,2,314,1250.0,2026800314,0.45,0.45
fig4_immune_onset,1330.0,10.0,,8.421052631578947,2,315,1218.0,2026800315,0.45,0.45
fig4_immune_onset,1030.0,10.0,,7.281553398058253,2,316,955.0,2026800316,0.45,0.45
fig4_immune_onset,995.0,10.0,,-1.407035175879397,2,317,1009.0,2026800317,0.45,0.45
fig4_immune_onset,903.9999999999999,10.0,,-6.305309734513287,2,318,961.0,2026800318,0.45,0.45
fig4_immune_onset,1202.0,10.0,,23.960066555740433,2,319,914.0,2026800319,0.45,0.45
fig4_immune_onset,865.9999999999999,10.0,,-3.2332563510392744,2,320,894.0,2026800320,0.45,0.45
fig4_immune_onset,955.0,10.0,,10.68062827225132,2,321,852.9999999999999,2026800321,0.45,0.45
fig4_immune_onset,1177.0,10.0,,14.953271028037383,2,322,1001.0,2026800322,0.45,0.45
fig4_immune_onset,762.0,10.0,,20.20997375328084,2,323,608.0,2026800323,0.45,0.45
fig4_immune_onset,1026.0,10.0,,13.742690058479532,2,324,885.0,2026800324,0.45,0.45
fig4_immune_onset,1044.0,10.0,,8.524904214559387,2,325,955.0,2026800325,0.45,0.45
fig4_immune_onset,996.0,10.0,,-5.421686746987952,2,326,1050.0,2026800326,0.45,0.45
fig4_immune_onset,1206.0,10.0,,16.417910447761194,2,327,1008.0,2026800327,0.45,0.45
fig4_immune_onset,1322.0,10.0,,8.093797276853252,2,328,1215.0,2026800328,0.45,0.45
fig4_immune_onset,1232.0,10.0,,12.581168831168831,2,329,1077.0,2026800329,0.45,0.45
fig4_immune_onset,1028.0,10.0,,0.38910505836575876,2,330,1024.0,2026800330,0.45,0.45
fig4_immune_onset,893.0,10.0,,7.61478163493841,2,331,825.0,2026800331,0.45,0.45
fig4_immune_onset,1075.0,10.0,,10.325581395348847,2,332,963.9999999999999,2026800332,0.45,0.45
fig4_immune_onset,1631.0000000000002,10.0,,7.909258123850411,2,333,1502.0,2026800333,0.45,0.45
fig4_immune_onset,1310.0,10.0,,2.366412213740458,2,334,1279.0,2026800334,0.45,0.45
fig4_immune_onset,893.0,10.0,,9.966405375139978,2,335,804.0,2026800335,0.45,0.45
fig4_immune_onset,1506.0,10.0,,7.901726427622842,2,336,1387.0,2026800336,0.45,0.45
fig4_immune_onset,702.0,10.0,,2.421652421652422,2,337,685.0,2026800337,0.45,0.45
fig4_immune_onset,1110.0,10.0,,3.6936936936936937,2,338,1069.0,2026800338,0.45,0.45
fig4_immune_onset,1398.0,10.0,,21.888412017167383,2,339,1092.0,2026800339,0.45,0.45
fig4_immune_onset,1121.0,10.0,,15.878679750223025,2,340,942.9999999999999,2026800340,0.45,0.45
fig4_immune_onset,816.0000000000001,10.0,,-5.392156862745084,2,341,860.0,2026800341,0.45,0.45
fig4_immune_onset,1229.0,10.0,,4.719283970707893,2,342,1171.0,2026800342,0.45,0.45
fig4_immune_onset,869.0,10.0,,13.003452243958574,2,343,756.0,2026800343,0.45,0.45
fig4_immune_onset,897.0,10.0,,16.387959866220736,2,344,750.0,2026800344,0.45,0.45
fig4_immune_onset,1245.0,10.0,,7.309236947791165,2,345,1154.0,2026800345,0.45,0.45
fig4_immune_onset,918.0000000000001,10.0,,5.33769063180829,2,346,869.0,2026800346,0.45,0.45
fig4_immune_onset,731.0,10.0,,-26.812585499316004,2,347,927.0,2026800347,0.45,0.45
fig4_immune_onset,1009.0,10.0,,16.45193260654113,2,348,843.0,2026800348,0.45,0.45
fig4_immune_onset,1003.0000000000001,10.0,,17.14855433698904,2,349,831.0,2026800349,0.45,0.45
fig4_immune_onset,1041.0,10.0,,1.633045148895293,2,350,1024.0,2026800350,0.45,0.45
fig4_immune_onset,1277.0,10.0,,0.07830853563038372,2,351,1276.0,2026800351,0.45,0.45
fig4_immune_onset,1154.0,10.0,,16.55112651646447,2,352,963.0,2026800352,0.45,0.45
fig4_immune_onset,1370.0,10.0,,6.423357664233577,2,353,1282.0,2026800353,0.45,0.45
fig4_immune_onset,1374.0,10.0,,6.550218340611353,2,354,1284.0,2026800354,0.45,0.45
fig4_immune_onset,1047.0,10.0,,9.837631327602674,2,355,944.0,2026800355,0.45,0.45
fig4_immune_onset,1047.0,10.0,,7.067812798471814,2,356,973.0000000000001,2026800356,0.45,0.45
fig4_immune_onset,1279.0,10.0,,-6.802189210320563,2,357,1366.0,2026800357,0.45,0.45
fig4_immune_onset,1056.0,10.0,,-1.4204545454545454,2,358,1071.0,2026800358,0.45,0.45
fig4_immune_onset,1533.0,10.0,,16.829745596868886,2,359,1275.0,2026800359,0.45,0.45
fig4_immune_onset,1017.0,10.0,,-5.014749262536873,2,360,1068.0,2026800360,0.45,0.45
fig4_immune_onset,1094.0,10.0,,12.979890310786097,2,361,952.0000000000001,2026800361,0.45,0.45
fig4_immune_onset,1141.0,10.0,,12.269938650306749,2,362,1001.0,2026800362,0.45,0.45
fig4_immune_onset,1169.0,10.0,,0.5132591958939264,2,363,1163.0,2026800363,0.45,0.45
fig4_immune_onset,1746.0,10.0,,8.762886597938145,2,364,1593.0,2026800364,0.45,0.45
fig4_immune_onset,889.0,10.0,,27.109111361079865,2,365,648.0,2026800365,0.45,0.45
fig4_immune_onset,997.0,10.0,,7.422266800401204,2,366,923.0,2026800366,0.45,0.45
fig4_immune_onset,1290.0,10.0,,15.116279069767442,2,367,1095.0,2026800367,0.45,0.45
fig4_immune_onset,980.9999999999999,10.0,,-1.6309887869521016,2,368,997.0,2026800368,0.45,0.45
fig4_immune_onset,1093.0,10.0,,25.16010978956999,2,369,818.0,2026800369,0.45,0.45
fig4_immune_onset,1092.0,10.0,,3.5714285714285716,2,370,1053.0,2026800370,0.45,0.45
fig4_immune_onset,1101.0,10.0,,1.9073569482288828,2,371,1080.0,2026800371,0.45,0.45
fig4_immune_onset,937.0,10.0,,13.233724653148347,2,372,813.0,2026800372,0.45,0.45
fig4_immune_onset,1063.0,10.0,,21.54280338664158,2,373,834.0,2026800373,0.45,0.45
fig4_immune_onset,1326.0,10.0,,11.990950226244344,2,374,1167.0,2026800374,0.45,0.45
fig4_immune_onset,788.0,10.0,,23.3502538071066,2,375,604.0,2026800375,0.45,0.45
fig4_immune_onset,1350.0,10.0,,13.481481481481481,2,376,1168.0,2026800376,0.45,0.45
fig4_immune_onset,1511.0,10.0,,17.339510258107214,2,377,1249.0,2026800377,0.45,0.45
fig4_immune_onset,1149.0,10.0,,11.401218450826805,2,378,1018.0,2026800378,0.45,0.45
fig4_immune_onset,1001.0,10.0,,-2.797202797202797,2,379,1029.0,2026800379,0.45,0.45
fig4_immune_onset,1124.0,10.0,,10.498220640569395,2,380,1006.0,2026800380,0.45,0.45
fig4_immune_onset,1078.0,10.0,,-3.9888682745825603,2,381,1121.0,2026800381,0.45,0.45
fig4_immune_onset,1379.0,10.0,,11.602610587382161,2,382,1219.0,2026800382,0.45,0.45
fig4_immune_onset,1023.0,10.0,,23.75366568914956,2,383,780.0,2026800383,0.45,0.45
fig4_immune_onset,844.9999999999999,10.0,,-13.846153846153861,2,384,962.0,2026800384,0.45,0.45
fig4_immune_onset,1178.0,10.0,,5.2631578947368425,2,385,1116.0,2026800385,0.45,0.45
fig4_immune_onset,706.0,10.0,,10.339943342776204,2,386,633.0,2026800386,0.45,0.45
fig4_immune_onset,1280.0,10.0,,10.46875,2,387,1146.0,2026800387,0.45,0.45
fig4_immune_onset,1297.0,10.0,,9.637625289128758,2,388,1172.0,2026800388,0.45,0.45
fig4_immune_onset,942.9999999999999,10.0,,12.407211028632016,2,389,826.0,2026800389,0.45,0.45
fig4_immune_onset,712.0,10.0,,4.634831460674158,2,390,679.0,2026800390,0.45,0.45
fig4_immune_onset,1092.0,10.0,,-6.593406593406593,2,391,1164.0,2026800391,0.45,0.45
fig4_immune_onset,1192.0,10.0,,8.557046979865772,2,392,1090.0,2026800392,0.45,0.45
fig4_immune_onset,1432.0,10.0,,22.97486033519553,2,393,1103.0,2026800393,0.45,0.45
fig4_immune_onset,1257.0,10.0,,11.217183770883056,2,394,1116.0,2026800394,0.45,0.45
fig4_immune_onset,1083.0,10.0,,11.265004616805172,2,395,961.0,2026800395,0.45,0.45
fig4_immune_onset,831.9999999999999,10.0,,0.48076923076923084,2,396,827.9999999999999,2026800396,0.45,0.45
fig4_immune_onset,1443.0,10.0,,15.453915453915453,2,397,1220.0,2026800397,0.45,0.45
fig4_immune_onset,1418.0,10.0,,-1.692524682651622,2,398,1442.0,2026800398,0.45,0.45
fig4_immune_onset,1240.0,10.0,,8.709677419354838,2,399,1132.0,2026800399,0.45,0.45
fig4_immune_onset,1421.0,10.0,,17.24137931034483,2,400,1176.0,2026800400,0.45,0.45
fig4_immune_onset,878.9999999999999,10.0,,10.352673492605222,2,401,788.0,2026800401,0.45,0.45
fig4_immune_onset,847.0,10.0,,9.208972845336481,2,402,769.0,2026800402,0.45,0.45
fig4_immune_onset,1182.0,10.0,,5.499153976311336,2,403,1117.0,2026800403,0.45,0.45
fig4_immune_onset,1136.0,10.0,,11.53169014084507,2,404,1005.0,2026800404,0.45,0.45
fig4_immune_onset,1241.0,10.0,,8.058017727639001,2,405,1141.0,2026800405,0.45,0.45
fig4_immune_onset,1087.0,10.0,,8.095676172953072,2,406,999.0000000000001,2026800406,0.45,0.45
fig4_immune_onset,991.0,10.0,,15.943491422805236,2,407,833.0000000000001,2026800407,0.45,0.45
fig4_immune_onset,942.0,10.0,,3.290870488322718,2,408,911.0,2026800408,0.45,0.45
fig4_immune_onset,1112.0,10.0,,20.053956834532375,2,409,889.0,2026800409,0.45,0.45
fig4_immune_onset,1172.0,10.0,,0.0,2,410,1172.0,2026800410,0.45,0.45
fig4_immune_onset,936.0,10.0,,2.7777777777777777,2,411,910.0,2026800411,0.45,0.45
fig4_immune_onset,1624.0,10.0,,24.507389162561577,2,412,1226.0,2026800412,0.45,0.45
fig4_immune_onset,1544.0,10.0,,14.896373056994818,2,413,1314.0,2026800413,0.45,0.45
fig4_immune_onset,1327.0,10.0,,4.069329314242653,2,414,1273.0,2026800414,0.45,0.45
fig4_immune_onset,1157.0,10.0,,0.6914433880726015,2,415,1149.0,2026800415,0.45,0.45
fig4_immune_onset,935.0000000000001,10.0,,20.534759358288778,2,416,743.0,2026800416,0.45,0.45
fig4_immune_onset,1253.0,10.0,,12.769353551476456,2,417,1093.0,2026800417,0.45,0.45
fig4_immune_onset,1031.0,10.0,,1.8428709990300678,2,418,1012.0,2026800418,0.45,0.45
fig4_immune_onset,970.0,10.0,,19.690721649484537,2,419,779.0,2026800419,0.45,0.45
fig4_immune_onset,1401.0,10.0,,13.490364025695932,2,420,1212.0,2026800420,0.45,0.45
fig4_immune_onset,973.0000000000001,10.0,,9.763617677286753,2,421,878.0,2026800421,0.45,0.45
fig4_immune_onset,1209.0,10.0,,11.083540115798181,2,422,1075.0,2026800422,0.45,0.45
fig4_immune_onset,787.0,10.0,,15.120711562897078,2,423,668.0,2026800423,0.45,0.45
fig4_immune_onset,814.0,10.0,,4.422604422604422,2,424,778.0,2026800424,0.45,0.45
fig4_immune_onset,889.0,10.0,,9.786276715410587,2,425,801.9999999999999,2026800425,0.45,0.45
fig4_immune_onset,1370.0,10.0,,17.00729927007299,2,426,1137.0,2026800426,0.45,0.45
fig4_immune_onset,1225.0,10.0,,16.244897959183675,2,427,1026.0,2026800427,0.45,0.45
fig4_immune_onset,1103.0,10.0,,20.217588395285585,2,428,880.0,2026800428,0.45,0.45
fig4_immune_onset,984.9999999999999,10.0,,27.005076142131973,2,429,719.0,2026800429,0.45,0.45
fig4_immune_onset,1202.0,10.0,,2.0798668885191347,2,430,1177.0,2026800430,0.45,0.45
fig4_immune_onset,919.0,10.0,,-3.046789989118595,2,431,946.9999999999999,2026800431,0.45,0.45
fig4_immune_onset,1105.0,10.0,,10.407239819004515,2,432,990.0000000000001,2026800432,0.45,0.45
fig4_immune_onset,1217.0,10.0,,15.119145439605587,2,433,1033.0,2026800433,0.45,0.45
fig4_immune_onset,920.0,10.0,,5.0,2,434,874.0,2026800434,0.45,0.45
fig4_immune_onset,1189.0,10.0,,7.821698906644239,2,435,1096.0,2026800435,0.45,0.45
fig4_immune_onset,1010.9999999999999,10.0,,0.29673590504449915,2,436,1008.0,2026800436,0.45,0.45
fig4_immune_onset,910.0,10.0,,6.813186813186813,2,437,848.0,2026800437,0.45,0.45
fig4_immune_onset,780.0,10.0,,2.8205128205128207,2,438,758.0,2026800438,0.45,0.45
fig4_immune_onset,1121.0,10.0,,8.117752007136485,2,439,1030.0,2026800439,0.45,0.45
fig4_immune_onset,1069.0,10.0,,3.2740879326473338,2,440,1034.0,2026800440,0.45,0.45
fig4_immune_onset,797.9999999999999,10.0,,10.776942355889712,2,441,712.0,2026800441,0.45,0.45
fig4_immune_onset,1100.0,10.0,,8.636363636363637,2,442,1005.0,2026800442,0.45,0.45
fig4_immune_onset,1132.0,10.0,,0.7950530035335689,2,443,1123.0,2026800443,0.45,0.45
fig4_immune_onset,1046.0,10.0,,15.678776290630974,2,444,882.0,2026800444,0.45,0.45
fig4_immune_onset,1036.0,10.0,,-9.845559845559846,2,445,1138.0,2026800445,0.45,0.45
fig4_immune_onset,841.0000000000001,10.0,,14.387633769322246,2,446,720.0,2026800446,0.45,0.45
fig4_immune_onset,1180.0,10.0,,15.59322033898305,2,447,996.0,2026800447,0.45,0.45
fig4_immune_onset,1022.0,10.0,,1.6634050880626223,2,448,1005.0,2026800448,0.45,0.45
fig4_immune_onset,1129.0,10.0,,15.411868910540301,2,449,955.0,2026800449,0.45,0.45
fig4_immune_onset,1078.0,10.0,,-10.018552875695732,2,450,1186.0,2026800450,0.45,0.45
fig4_immune_onset,992.0,10.0,,16.22983870967742,2,451,831.0,2026800451,0.45,0.45
fig4_immune_onset,1093.0,10.0,,18.38975297346751,2,452,892.0000000000001,2026800452,0.45,0.45
fig4_immune_onset,1210.0,10.0,,14.87603305785124,2,453,1030.0,2026800453,0.45,0.45
fig4_immune_onset,997.9999999999999,10.0,,4.909819639278547,2,454,949.0,2026800454,0.45,0.45
fig4_immune_onset,860.0,10.0,,-1.1627906976744053,2,455,869.9999999999999,2026800455,0.45,0.45
fig4_immune_onset,946.9999999999999,10.0,,8.342133051742334,2,456,868.0,2026800456,0.45,0.45
fig4_immune_onset,1273.0,10.0,,10.447761194029852,2,457,1140.0,2026800457,0.45,0.45
fig4_immune_onset,1109.0,10.0,,12.623985572587907,2,458,969.0000000000001,2026800458,0.45,0.45
fig4_immune_onset,1111.0,10.0,,5.5805580558055805,2,459,1049.0,2026800459,0.45,0.45
fig4_immune_onset,1569.9999999999998,10.0,,15.477707006369416,2,460,1327.0,2026800460,0.45,0.45
fig4_immune_onset,925.0,10.0,,11.891891891891904,2,461,814.9999999999999,2026800461,0.45,0.45
fig4_immune_onset,986.0000000000001,10.0,,10.141987829614614,2,462,886.0,2026800462,0.45,0.45
fig4_immune_onset,1503.0,10.0,,20.159680638722556,2,463,1200.0,2026800463,0.45,0.45
fig4_immune_onset,1124.0,10.0,,6.850533807829182,2,464,1047.0,2026800464,0.45,0.45
fig4_immune_onset,1191.0,10.0,,22.16624685138539,2,465,927.0,2026800465,0.45,0.45
fig4_immune_onset,1309.0,10.0,,29.029793735676087,2,466,929.0,2026800466,0.45,0.45
fig4_immune_onset,1197.0,10.0,,16.4578111946533,2,467,1000.0,2026800467,0.45,0.45
fig4_immune_onset,1427.0,10.0,,20.182200420462507,2,468,1139.0,2026800468,0.45,0.45
fig4_immune_onset,1567.0,10.0,,1.021059349074665,2,469,1551.0,2026800469,0.45,0.45
fig4_immune_onset,1185.0,10.0,,20.253164556962027,2,470,945.0,2026800470,0.45,0.45
fig4_immune_onset,699.0,10.0,,4.291845493562231,2,471,669.0,2026800471,0.45,0.45
fig4_immune_onset,997.9999999999999,10.0,,11.322645290581153,2,472,885.0,2026800472,0.45,0.45
fig4_immune_onset,1102.0,10.0,,6.442831215970962,2,473,1031.0,2026800473,0.45,0.45
fig4_immune_onset,1099.0,10.0,,-5.277525022747953,2,474,1157.0,2026800474,0.45,0.45
fig4_immune_onset,1052.0,10.0,,3.0418250950570234,2,475,1020.0000000000001,2026800475,0.45,0.45
fig4_immune_onset,1320.0,10.0,,16.136363636363637,2,476,1107.0,2026800476,0.45,0.45
fig4_immune_onset,955.0,10.0,,8.795811518324596,2,477,871.0000000000001,2026800477,0.45,0.45
fig4_immune_onset,984.9999999999999,10.0,,6.903553299492387,2,478,916.9999999999999,2026800478,0.45,0.45
fig4_immune_onset,1173.0,10.0,,-2.0460358056265986,2,479,1197.0,2026800479,0.45,0.45
fig4_immune_onset,848.9999999999999,10.0,,-1.7667844522968335,2,480,864.0,2026800480,0.45,0.45
fig4_immune_onset,1018.9999999999999,10.0,,12.070657507360158,2,481,895.9999999999999,2026800481,0.45,0.45
fig4_immune_onset,1134.0,10.0,,12.962962962962964,2,482,987.0,2026800482,0.45,0.45
fig4_immune_onset,831.9999999999999,10.0,,14.302884615384604,2,483,713.0,2026800483,0.45,0.45
fig4_immune_onset,786.0000000000001,10.0,,0.25445292620866583,2,484,784.0,2026800484,0.45,0.45
fig4_immune_onset,991.0,10.0,,11.806256306760847,2,485,874.0,2026800485,0.45,0.45
fig4_immune_onset,1193.0,10.0,,1.8440905280804694,2,486,1171.0,2026800486,0.45,0.45
fig4_immune_onset,983.0,10.0,,-2.3397761953204474,2,487,1006.0,2026800487,0.45,0.45
fig4_immune_onset,703.0,10.0,,3.5561877667140824,2,488,678.0,2026800488,0.45,0.45
fig4_immune_onset,1057.0,10.0,,0.7568590350047304,2,489,1049.0,2026800489,0.45,0.45
fig4_immune_onset,788.0,10.0,,-4.314720812182741,2,490,822.0,2026800490,0.45,0.45
fig4_immune_onset,871.0000000000001,10.0,,9.52927669345581,2,491,788.0,2026800491,0.45,0.45
fig4_immune_onset,1221.0,10.0,,8.763308763308764,2,492,1114.0,2026800492,0.45,0.45
fig4_immune_onset,1269.0,10.0,,0.07880220646178093,2,493,1268.0,2026800493,0.45,0.45
fig4_immune_onset,1199.0,10.0,,9.090909090909092,2,494,1090.0,2026800494,0.45,0.45
fig4_immune_onset,748.0,10.0,,-15.508021390374331,2,495,864.0,2026800495,0.45,0.45
fig4_immune_onset,973.0000000000001,10.0,,-2.055498458376144,2,496,993.0,2026800496,0.45,0.45
fig4_immune_onset,882.0,10.0,,2.6077097505668934,2,497,859.0,2026800497,0.45,0.45
fig4_immune_onset,908.0,10.0,,4.73568281938326,2,498,865.0,2026800498,0.45,0.45
fig4_immune_onset,1322.0,10.0,,12.178517397881997,2,499,1161.0,2026800499,0.45,0.45
fig4_immune_onset,1343.0,10.0,,21.22114668652271,2,500,1058.0,2026800500,0.45,0.45
fig4_immune_onset,1163.0,10.0,,3.697334479793637,2,501,1120.0,2026800501,0.45,0.45
fig4_immune_onset,1188.0,10.0,,5.3872053872053876,2,502,1124.0,2026800502,0.45,0.45
fig4_immune_onset,1324.0,10.0,,2.416918429003021,2,503,1292.0,2026800503,0.45,0.45
fig4_immune_onset,1310.0,10.0,,11.145038167938932,2,504,1164.0,2026800504,0.45,0.45
fig4_immune_onset,1150.0,10.0,,4.869565217391305,2,505,1094.0,2026800505,0.45,0.45
fig4_immune_onset,1066.0,10.0,,-6.378986866791744,2,506,1134.0,2026800506,0.45,0.45
fig4_immune_onset,976.9999999999999,10.0,,5.731832139201627,2,507,921.0,2026800507,0.45,0.45
fig4_immune_onset,1271.0,10.0,,9.36270653029111,2,508,1152.0,2026800508,0.45,0.45
fig4_immune_onset,810.9999999999999,10.0,,-0.8631319358816417,2,509,818.0,2026800509,0.45,0.45
fig4_immune_onset,892.0000000000001,10.0,,8.744394618834091,2,510,814.0,2026800510,0.45,0.45
fig4_immune_onset,835.9999999999999,10.0,,10.526315789473673,2,511,748.0,2026800511,0.45,0.45
fig4_immune_onset,1227.0,10.0,,7.579462102689487,2,512,1134.0,2026800512,0.45,0.45
fig4_immune_onset,1215.0,10.0,,8.148148148148149,2,513,1116.0,2026800513,0.45,0.45
fig4_immune_onset,990.0000000000001,10.0,,0.10101010101011249,2,514,989.0,2026800514,0.45,0.45
fig4_immune_onset,941.0,10.0,,5.100956429330499,2,515,893.0,2026800515,0.45,0.45
fig4_immune_onset,927.0,10.0,,-12.189859762675297,2,516,1040.0,2026800516,0.45,0.45
fig4_immune_onset,1327.0,10.0,,15.674453654860589,2,517,1119.0,2026800517,0.45,0.45
fig4_immune_onset,1123.0,10.0,,6.41139804096171,2,518,1051.0,2026800518,0.45,0.45
fig4_immune_onset,1195.0,10.0,,12.384937238493723,2,519,1047.0,2026800519,0.45,0.45
fig4_immune_onset,1366.0,10.0,,0.5124450951683748,2,520,1359.0,2026800520,0.45,0.45
fig4_immune_onset,1038.0,10.0,,-5.973025048169557,2,521,1100.0,2026800521,0.45,0.45
fig4_immune_onset,986.0000000000001,10.0,,-15.010141987829602,2,522,1134.0,2026800522,0.45,0.45
fig4_immune_onset,908.0,10.0,,-6.167400881057257,2,523,963.9999999999999,2026800523,0.45,0.45
fig4_immune_onset,823.0,10.0,,-6.561360874848116,2,524,877.0,2026800524,0.45,0.45
fig4_immune_onset,1255.0,10.0,,14.820717131474103,2,525,1069.0,2026800525,0.45,0.45
fig4_immune_onset,1506.0,10.0,,10.889774236387781,2,526,1342.0,2026800526,0.45,0.45
fig4_immune_onset,1092.0,10.0,,-2.7472527472527473,2,527,1122.0,2026800527,0.45,0.45
fig4_immune_onset,686.0,10.0,,16.909620991253643,2,528,570.0,2026800528,0.45,0.45
fig4_immune_onset,812.0,10.0,,-1.1083743842364533,2,529,821.0,2026800529,0.45,0.45
fig4_immune_onset,1280.0,10.0,,14.84375,2,530,1090.0,2026800530,0.45,0.45
fig4_immune_onset,1216.0,10.0,,4.1118421052631575,2,531,1166.0,2026800531,0.45,0.45
fig4_immune_onset,1368.0,10.0,,19.95614035087719,2,532,1095.0,2026800532,0.45,0.45
fig4_immune_onset,1213.0,10.0,,5.85325638911789,2,533,1142.0,2026800533,0.45,0.45
fig4_immune_onset,959.9999999999999,10.0,,24.270833333333325,2,534,727.0,2026800534,0.45,0.45
fig4_immune_onset,1299.0,10.0,,12.009237875288683,2,535,1143.0,2026800535,0.45,0.45
fig4_immune_onset,927.0,10.0,,-5.717367853290184,2,536,980.0,2026800536,0.45,0.45
fig4_immune_onset,1149.0,10.0,,4.873803307223673,2,537,1093.0,2026800537,0.45,0.45
fig4_immune_onset,1151.0,10.0,,5.299739357080799,2,538,1090.0,2026800538,0.45,0.45
fig4_immune_onset,1216.0,10.0,,12.993421052631579,2,539,1058.0,2026800539,0.45,0.45
fig4_immune_onset,738.0,10.0,,10.840108401084011,2,540,658.0,2026800540,0.45,0.45
fig4_immune_onset,1139.0,10.0,,1.8437225636523267,2,541,1118.0,2026800541,0.45,0.45
fig4_immune_onset,1359.0,10.0,,20.309050772626932,2,542,1083.0,2026800542,0.45,0.45
fig4_immune_onset,1077.0,10.0,,-7.056638811513463,2,543,1153.0,2026800543,0.45,0.45
fig4_immune_onset,1391.0,10.0,,10.4960460100647,2,544,1245.0,2026800544,0.45,0.45
fig4_immune_onset,1077.0,10.0,,12.534818941504179,2,545,942.0,2026800545,0.45,0.45
fig4_immune_onset,1184.0,10.0,,0.6756756756756757,2,546,1176.0,2026800546,0.45,0.45
fig4_immune_onset,903.9999999999999,10.0,,-20.464601769911518,2,547,1089.0,2026800547,0.45,0.45
fig4_immune_onset,919.0,10.0,,4.352557127312308,2,548,878.9999999999999,2026800548,0.45,0.45
fig4_immune_onset,1241.0,10.0,,-1.4504431909750202,2,549,1259.0,2026800549,0.45,0.45
fig4_immune_onset,1183.0,10.0,,-2.197802197802198,2,550,1209.0,2026800550,0.45,0.45
fig4_immune_onset,1094.0,10.0,,10.603290676416819,2,551,978.0,2026800551,0.45,0.45
fig4_immune_onset,760.0,10.0,,8.289473684210526,2,552,697.0,2026800552,0.45,0.45
fig4_immune_onset,1465.0,10.0,,2.3890784982935154,2,553,1430.0,2026800553,0.45,0.45
fig4_immune_onset,1165.0,10.0,,14.506437768240342,2,554,996.0,2026800554,0.45,0.45
fig4_immune_onset,920.0,10.0,,20.76086956521739,2,555,729.0,2026800555,0.45,0.45
fig4_immune_onset,1221.0,10.0,,17.035217035217034,2,556,1013.0,2026800556,0.45,0.45
fig4_immune_onset,971.0,10.0,,5.664263645726056,2,557,916.0,2026800557,0.45,0.45
fig4_immune_onset,1220.0,10.0,,13.60655737704918,2,558,1054.0,2026800558,0.45,0.45
fig4_immune_onset,1203.0,10.0,,-5.569409808811305,2,559,1270.0,2026800559,0.45,0.45
fig4_immune_onset,1505.0,10.0,,6.378737541528239,2,560,1409.0,2026800560,0.45,0.45
fig4_immune_onset,612.0,10.0,,9.477124183006536,2,561,554.0,2026800561,0.45,0.45
fig4_immune_onset,1120.0,10.0,,19.375,2,562,903.0,2026800562,0.45,0.45
fig4_immune_onset,1039.0,10.0,,15.110683349374398,2,563,882.0,2026800563,0.45,0.45
fig4_immune_onset,912.9999999999999,10.0,,13.691128148959464,2,564,788.0,2026800564,0.45,0.45
fig4_immune_onset,1338.0,10.0,,0.8968609865470852,2,565,1326.0,2026800565,0.45,0.45
fig4_immune_onset,1014.9999999999999,10.0,,16.748768472906406,2,566,844.9999999999999,2026800566,0.45,0.45
fig4_immune_onset,880.0,10.0,,-2.8409090909091037,2,567,905.0000000000001,2026800567,0.45,0.45
fig4_immune_onset,1488.0,10.0,,4.032258064516129,2,568,1428.0,2026800568,0.45,0.45
fig4_immune_onset,689.0,10.0,,10.595065312046444,2,569,616.0,2026800569,0.45,0.45
fig4_immune_onset,1200.0,10.0,,9.583333333333334,2,570,1085.0,2026800570,0.45,0.45
fig4_immune_onset,1342.0,10.0,,3.651266766020864,2,571,1293.0,2026800571,0.45,0.45
fig4_immune_onset,762.0,10.0,,-6.692913385826771,2,572,813.0,2026800572,0.45,0.45
fig4_immune_onset,991.0,10.0,,28.355196770938445,2,573,710.0,2026800573,0.45,0.45
fig4_immune_onset,1232.0,10.0,,-0.974025974025974,2,574,1244.0,2026800574,0.45,0.45
fig4_immune_onset,852.0,10.0,,-1.1737089201877802,2,575,861.9999999999999,2026800575,0.45,0.45
fig4_immune_onset,1209.0,10.0,,-3.4739454094292803,2,576,1251.0,2026800576,0.45,0.45
fig4_immune_onset,1080.0,10.0,,22.592592592592602,2,577,835.9999999999999,2026800577,0.45,0.45
fig4_immune_onset,767.0,10.0,,8.865710560625814,2,578,699.0,2026800578,0.45,0.45
fig4_immune_onset,1058.0,10.0,,-10.680529300567107,2,579,1171.0,2026800579,0.45,0.45
fig4_immune_onset,1459.0,10.0,,9.252912954078136,2,580,1324.0,2026800580,0.45,0.45
fig4_immune_onset,799.0000000000001,10.0,,8.385481852315406,2,581,732.0,2026800581,0.45,0.45
fig4_immune_onset,1042.0,10.0,,3.742802303262945,2,582,1003.0000000000001,2026800582,0.45,0.45
fig4_immune_onset,877.0,10.0,,-1.4823261117445838,2,583,890.0,2026800583,0.45,0.45
fig4_immune_onset,1277.0,10.0,,9.005481597494127,2,584,1162.0,2026800584,0.45,0.45
fig4_immune_onset,1228.0,10.0,,-2.6058631921824102,2,585,1260.0,2026800585,0.45,0.45
fig4_immune_onset,1433.0,10.0,,14.724354501046754,2,586,1222.0,2026800586,0.45,0.45
fig4_immune_onset,1271.0,10.0,,9.83477576711251,2,587,1146.0,2026800587,0.45,0.45
fig4_immune_onset,1386.0,10.0,,6.4935064935064934,2,588,1296.0,2026800588,0.45,0.45
fig4_immune_onset,976.0,10.0,,8.913934426229508,2,589,889.0,2026800589,0.45,0.45
fig4_immune_onset,1254.0,10.0,,4.545454545454546,2,590,1197.0,2026800590,0.45,0.45
fig4_immune_onset,1357.0,10.0,,-5.747973470891673,2,591,1435.0,2026800591,0.45,0.45
fig4_immune_onset,1306.0,10.0,,8.116385911179172,2,592,1200.0,2026800592,0.45,0.45
fig4_immune_onset,797.0,10.0,,2.8858218318695106,2,593,774.0,2026800593,0.45,0.45
fig4_immune_onset,1253.0,10.0,,10.37509976057462,2,594,1123.0,2026800594,0.45,0.45
fig4_immune_onset,1513.0,10.0,,6.34500991407799,2,595,1417.0,2026800595,0.45,0.45
fig4_immune_onset,959.9999999999999,10.0,,12.916666666666668,2,596,835.9999999999999,2026800596,0.45,0.45
fig4_immune_onset,841.0000000000001,10.0,,1.0701545778834989,2,597,831.9999999999999,2026800597,0.45,0.45
fig4_immune_onset,1201.0,10.0,,3.996669442131557,2,598,1153.0,2026800598,0.45,0.45
fig4_immune_onset,1175.0,10.0,,0.1702127659574468,2,599,1173.0,2026800599,0.45,0.45
fig4_immune_onset,1173.0,10.0,,7.757885763000853,2,600,1082.0,2026800600,0.45,0.45
fig4_immune_onset,1209.0,10.0,,2.315963606286187,2,601,1181.0,2026800601,0.45,0.45
fig4_immune_onset,1094.0,10.0,,15.356489945155403,2,602,925.9999999999999,2026800602,0.45,0.45
fig4_immune_onset,690.0,10.0,,-1.7391304347826086,2,603,702.0,2026800603,0.45,0.45
fig4_immune_onset,905.0000000000001,10.0,,-4.530386740331479,2,604,946.0,2026800604,0.45,0.45
fig4_immune_onset,1050.0,10.0,,1.3333333333333333,2,605,1036.0,2026800605,0.45,0.45
fig4_immune_onset,844.0,10.0,,7.345971563981043,2,606,782.0,2026800606,0.45,0.45
fig4_immune_onset,1661.0,10.0,,9.63275135460566,2,607,1501.0,2026800607,0.45,0.45
fig4_immune_onset,1177.0,10.0,,13.338997451146975,2,608,1020.0000000000001,2026800608,0.45,0.45
fig4_immune_onset,1276.0,10.0,,11.52037617554859,2,609,1129.0,2026800609,0.45,0.45
fig4_immune_onset,1292.0,10.0,,11.06811145510836,2,610,1149.0,2026800610,0.45,0.45
fig4_immune_onset,1283.0,10.0,,21.122369446609508,2,611,1012.0,2026800611,0.45,0.45
fig4_immune_onset,983.0,10.0,,-1.5259409969481064,2,612,997.9999999999999,2026800612,0.45,0.45
fig4_immune_onset,916.9999999999999,10.0,,-10.796074154852805,2,613,1016.0000000000001,2026800613,0.45,0.45
fig4_immune_onset,1667.0,10.0,,-0.7198560287942412,2,614,1679.0,2026800614,0.45,0.45
fig4_immune_onset,1237.0,10.0,,-10.428455941794665,2,615,1366.0,2026800615,0.45,0.45
fig4_immune_onset,1014.9999999999999,10.0,,-24.334975369458142,2,616,1262.0,2026800616,0.45,0.45
fig4_immune_onset,1802.0000000000002,10.0,,21.365149833518323,2,617,1417.0,2026800617,0.45,0.45
fig4_immune_onset,942.9999999999999,10.0,,-8.377518557794286,2,618,1022.0,2026800618,0.45,0.45
fig4_immune_onset,1024.0,10.0,,8.984375,2,619,932.0,2026800619,0.45,0.45
fig4_immune_onset,1654.9999999999998,10.0,,3.262839879154065,2,620,1601.0,2026800620,0.45,0.45
fig4_immune_onset,835.0,10.0,,1.5568862275449102,2,621,822.0,2026800621,0.45,0.45
fig4_immune_onset,1270.0,10.0,,22.6771653543307,2,622,982.0000000000001,2026800622,0.45,0.45
fig4_immune_onset,1005.0,10.0,,-2.08955223880597,2,623,1026.0,2026800623,0.45,0.45
fig4_immune_onset,670.0,10.0,,-7.014925373134329,2,624,717.0,2026800624,0.45,0.45
fig4_immune_onset,1353.0,10.0,,-2.882483370288248,2,625,1392.0,2026800625,0.45,0.45
fig4_immune_onset,1358.0,10.0,,7.879234167893962,2,626,1251.0,2026800626,0.45,0.45
fig4_immune_onset,795.0,10.0,,10.943396226415095,2,627,708.0,2026800627,0.45,0.45
fig4_immune_onset,1010.9999999999999,10.0,,-12.561819980217619,2,628,1138.0,2026800628,0.45,0.45
fig4_immune_onset,1095.0,10.0,,22.465753424657546,2,629,848.9999999999999,2026800629,0.45,0.45
fig4_immune_onset,1137.0,10.0,,16.270888302550564,2,630,952.0000000000001,2026800630,0.45,0.45
fig4_immune_onset,1438.0,10.0,,-8.6230876216968,2,631,1562.0,2026800631,0.45,0.45
fig4_immune_onset,940.0,10.0,,0.7446808510638298,2,632,933.0,2026800632,0.45,0.45
fig4_immune_onset,1599.0,10.0,,5.628517823639775,2,633,1509.0,2026800633,0.45,0.45
fig4_immune_onset,1387.0,10.0,,13.698630136986301,2,634,1197.0,2026800634,0.45,0.45
fig4_immune_onset,1198.0,10.0,,5.843071786310517,2,635,1128.0,2026800635,0.45,0.45
fig4_immune_onset,1464.0,10.0,,11.953551912568306,2,636,1289.0,2026800636,0.45,0.45
fig4_immune_onset,1375.0,10.0,,17.01818181818182,2,637,1141.0,2026800637,0.45,0.45
fig4_immune_onset,1202.0,10.0,,-1.4143094841930117,2,638,1219.0,2026800638,0.45,0.45
fig4_immune_onset,970.0,10.0,,-20.0,2,639,1164.0,2026800639,0.45,0.45
fig4_immune_onset,1220.0,10.0,,34.180327868852444,2,640,803.0000000000001,2026800640,0.45,0.45
fig4_immune_onset,921.0,10.0,,16.503800217155266,2,641,769.0,2026800641,0.45,0.45
fig4_immune_onset,882.0,10.0,,-21.428571428571427,2,642,1071.0,2026800642,0.45,0.45
fig4_immune_onset,686.0,10.0,,8.017492711370263,2,643,631.0,2026800643,0.45,0.45
fig4_immune_onset,910.0,10.0,,8.571428571428584,2,644,831.9999999999999,2026800644,0.45,0.45
fig4_immune_onset,831.9999999999999,10.0,,11.658653846153834,2,645,735.0,2026800645,0.45,0.45
fig4_immune_onset,1242.0,10.0,,-6.9243156199677935,2,646,1328.0,2026800646,0.45,0.45
fig4_immune_onset,940.0,10.0,,7.340425531914882,2,647,871.0000000000001,2026800647,0.45,0.45
fig4_immune_onset,920.0,10.0,,5.869565217391316,2,648,865.9999999999999,2026800648,0.45,0.45
fig4_immune_onset,610.0,10.0,,-5.737704918032787,2,649,645.0,2026800649,0.45,0.45
fig4_immune_onset,1067.0,10.0,,-2.343017806935333,2,650,1092.0,2026800650,0.45,0.45
fig4_immune_onset,1154.0,10.0,,1.9064124783362217,2,651,1132.0,2026800651,0.45,0.45
fig4_immune_onset,880.0,10.0,,6.0227272727272725,2,652,827.0,2026800652,0.45,0.45
fig4_immune_onset,1251.0,10.0,,9.432454036770583,2,653,1133.0,2026800653,0.45,0.45
fig4_immune_onset,821.0,10.0,,1.5834348355663825,2,654,808.0,2026800654,0.45,0.45
fig4_immune_onset,1565.0,10.0,,4.02555910543131,2,655,1502.0,2026800655,0.45,0.45
fig4_immune_onset,954.0,10.0,,-2.410901467505229,2,656,976.9999999999999,2026800656,0.45,0.45
fig4_immune_onset,751.0,10.0,,7.989347536617843,2,657,691.0,2026800657,0.45,0.45
fig4_immune_onset,990.0000000000001,10.0,,-2.121212121212098,2,658,1010.9999999999999,2026800658,0.45,0.45
fig4_immune_onset,1232.0,10.0,,16.477272727272727,2,659,1029.0,2026800659,0.45,0.45
fig4_immune_onset,1186.0,10.0,,17.959527824620565,2,660,973.0000000000001,2026800660,0.45,0.45
fig4_immune_onset,1320.0,10.0,,13.636363636363637,2,661,1140.0,2026800661,0.45,0.45
fig4_immune_onset,1000.0,10.0,,21.6,2,662,784.0,2026800662,0.45,0.45
fig4_immune_onset,1143.0,10.0,,13.035870516185486,2,663,993.9999999999999,2026800663,0.45,0.45
fig4_immune_onset,942.0,10.0,,10.40339702760085,2,664,844.0,2026800664,0.45,0.45
fig4_immune_onset,1339.0,10.0,,6.870799103808813,2,665,1247.0,2026800665,0.45,0.45
fig4_immune_onset,763.0,10.0,,13.237221494102227,2,666,662.0,2026800666,0.45,0.45
fig4_immune_onset,1336.0,10.0,,0.4491017964071856,2,667,1330.0,2026800667,0.45,0.45
fig4_immune_onset,1034.0,10.0,,21.27659574468085,2,668,814.0,2026800668,0.45,0.45
fig4_immune_onset,1098.0,10.0,,22.67759562841531,2,669,848.9999999999999,2026800669,0.45,0.45
fig4_immune_onset,1260.0,10.0,,14.682539682539682,2,670,1075.0,2026800670,0.45,0.45
fig4_immune_onset,767.0,10.0,,1.0430247718383312,2,671,759.0,2026800671,0.45,0.45
fig4_immune_onset,938.0,10.0,,5.437100213219628,2,672,886.9999999999999,2026800672,0.45,0.45
fig4_immune_onset,805.0,10.0,,-5.341614906832298,2,673,848.0,2026800673,0.45,0.45
fig4_immune_onset,899.9999999999999,10.0,,10.777777777777755,2,674,803.0000000000001,2026800674,0.45,0.45
fig4_immune_onset,1293.0,10.0,,10.904872389791183,2,675,1152.0,2026800675,0.45,0.45
fig4_immune_onset,1389.0,10.0,,11.591072714182866,2,676,1228.0,2026800676,0.45,0.45
fig4_immune_onset,1068.0,10.0,,7.584269662921348,2,677,987.0,2026800677,0.45,0.45
fig4_immune_onset,1083.0,10.0,,7.940904893813481,2,678,997.0,2026800678,0.45,0.45
fig4_immune_onset,667.0,10.0,,10.494752623688155,2,679,597.0,2026800679,0.45,0.45
fig4_immune_onset,969.0000000000001,10.0,,2.6831785345717467,2,680,942.9999999999999,2026800680,0.45,0.45
fig4_immune_onset,1376.0,10.0,,5.232558139534884,2,681,1304.0,2026800681,0.45,0.45
fig4_immune_onset,790.0000000000001,10.0,,14.050632911392416,2,682,679.0,2026800682,0.45,0.45
fig4_immune_onset,1006.0,10.0,,-2.485089463220676,2,683,1031.0,2026800683,0.45,0.45
fig4_immune_onset,983.0,10.0,,13.224821973550368,2,684,852.9999999999999,2026800684,0.45,0.45
fig4_immune_onset,850.0000000000001,10.0,,8.000000000000012,2,685,782.0,2026800685,0.45,0.45
fig4_immune_onset,1674.0000000000002,10.0,,19.17562724014338,2,686,1353.0,2026800686,0.45,0.45
fig4_immune_onset,1131.0,10.0,,17.771883289124677,2,687,929.9999999999999,2026800687,0.45,0.45
fig4_immune_onset,803.0000000000001,10.0,,15.068493150684944,2,688,682.0,2026800688,0.45,0.45
fig4_immune_onset,1221.0,10.0,,4.832104832104832,2,689,1162.0,2026800689,0.45,0.45
fig4_immune_onset,831.0,10.0,,6.137184115523466,2,690,780.0,2026800690,0.45,0.45
fig4_immune_onset,1072.0,10.0,,1.585820895522388,2,691,1055.0,2026800691,0.45,0.45
fig4_immune_onset,1257.0,10.0,,14.797136038186158,2,692,1071.0,2026800692,0.45,0.45
fig4_immune_onset,1083.0,10.0,,-5.909510618651893,2,693,1147.0,2026800693,0.45,0.45
fig4_immune_onset,1251.0,10.0,,5.5155875299760195,2,694,1182.0,2026800694,0.45,0.45
fig4_immune_onset,864.0,10.0,,-5.092592592592593,2,695,908.0,2026800695,0.45,0.45
fig4_immune_onset,1166.0,10.0,,-1.0291595197255574,2,696,1178.0,2026800696,0.45,0.45
fig4_immune_onset,754.0,10.0,,2.387267904509284,2,697,736.0,2026800697,0.45,0.45
fig4_immune_onset,1245.0,10.0,,17.269076305220885,2,698,1030.0,2026800698,0.45,0.45
fig4_immune_onset,1028.0,10.0,,17.607003891050585,2,699,847.0,2026800699,0.45,0.45
fig4_immune_onset,1043.0,10.0,,13.61457334611696,2,700,901.0000000000001,2026800700,0.45,0.45
fig4_immune_onset,1285.0,10.0,,19.844357976653697,2,701,1030.0,2026800701,0.45,0.45
fig4_immune_onset,1265.0,10.0,,10.909090909090908,2,702,1127.0,2026800702,0.45,0.45
fig4_immune_onset,1223.0,10.0,,4.82420278004906,2,703,1164.0,2026800703,0.45,0.45
fig4_immune_onset,1163.0,10.0,,15.563198624247626,2,704,982.0000000000001,2026800704,0.45,0.45
fig4_immune_onset,1289.0,10.0,,6.12878200155159,2,705,1210.0,2026800705,0.45,0.45
fig4_immune_onset,1147.0,10.0,,5.143853530950305,2,706,1088.0,2026800706,0.45,0.45
fig4_immune_onset,1232.0,10.0,,11.931818181818182,2,707,1085.0,2026800707,0.45,0.45
fig4_immune_onset,1193.0,10.0,,5.1969823973176865,2,708,1131.0,2026800708,0.45,0.45
fig4_immune_onset,1324.0,10.0,,18.65558912386707,2,709,1077.0,2026800709,0.45,0.45
fig4_immune_onset,895.9999999999999,10.0,,15.178571428571418,2,710,760.0,2026800710,0.45,0.45
fig4_immune_onset,1348.0,10.0,,12.98219584569733,2,711,1173.0,2026800711,0.45,0.45
fig4_immune_onset,1223.0,10.0,,5.151267375306623,2,712,1160.0,2026800712,0.45,0.45
fig4_immune_onset,1168.0,10.0,,0.17123287671232876,2,713,1166.0,2026800713,0.45,0.45
fig4_immune_onset,1302.0,10.0,,-1.3824884792626728,2,714,1320.0,2026800714,0.45,0.45
fig4_immune_onset,923.0,10.0,,4.658721560130011,2,715,880.0,2026800715,0.45,0.45
fig4_immune_onset,942.9999999999999,10.0,,2.439024390243891,2,716,920.0,2026800716,0.45,0.45
fig4_immune_onset,920.0,10.0,,9.673913043478262,2,717,831.0,2026800717,0.45,0.45
fig4_immune_onset,919.0,10.0,,5.44069640914037,2,718,869.0,2026800718,0.45,0.45
fig4_immune_onset,857.0,10.0,,20.070011668611436,2,719,685.0,2026800719,0.45,0.45
fig4_immune_onset,1155.0,10.0,,-9.783549783549784,2,720,1268.0,2026800720,0.45,0.45
fig4_immune_onset,1265.0,10.0,,6.16600790513834,2,721,1187.0,2026800721,0.45,0.45
fig4_immune_onset,1424.0,10.0,,0.6320224719101124,2,722,1415.0,2026800722,0.45,0.45
fig4_immune_onset,1234.0,10.0,,10.453808752025932,2,723,1105.0,2026800723,0.45,0.45
fig4_immune_onset,1073.0,10.0,,20.503261882572236,2,724,852.9999999999999,2026800724,0.45,0.45
fig4_immune_onset,1180.0,10.0,,10.59322033898305,2,725,1055.0,2026800725,0.45,0.45
fig4_immune_onset,949.0,10.0,,8.113804004214963,2,726,872.0,2026800726,0.45,0.45
fig4_immune_onset,1377.0,10.0,,6.463326071169209,2,727,1288.0,2026800727,0.45,0.45
fig4_immune_onset,1009.0,10.0,,5.946481665014867,2,728,949.0,2026800728,0.45,0.45
fig4_immune_onset,1338.0,10.0,,8.071748878923767,2,729,1230.0,2026800729,0.45,0.45
fig4_immune_onset,1235.0,10.0,,-4.048582995951417,2,730,1285.0,2026800730,0.45,0.45
fig4_immune_onset,878.9999999999999,10.0,,19.681456200227522,2,731,706.0,2026800731,0.45,0.45
fig4_immune_onset,1047.0,10.0,,3.0563514804202594,2,732,1014.9999999999999,2026800732,0.45,0.45
fig4_immune_onset,997.9999999999999,10.0,,3.3066132264528836,2,733,965.0000000000001,2026800733,0.45,0.45
fig4_immune_onset,1355.0,10.0,,17.416974169741696,2,734,1119.0,2026800734,0.45,0.45
fig4_immune_onset,1123.0,10.0,,11.398040961709706,2,735,995.0,2026800735,0.45,0.45
fig4_immune_onset,1464.0,10.0,,11.407103825136613,2,736,1297.0,2026800736,0.45,0.45
fig4_immune_onset,715.0,10.0,,-7.1328671328671325,2,737,766.0,2026800737,0.45,0.45
fig4_immune_onset,1153.0,10.0,,-5.2905464006938425,2,738,1214.0,2026800738,0.45,0.45
fig4_immune_onset,1160.0,10.0,,-5.689655172413793,2,739,1226.0,2026800739,0.45,0.45
fig4_immune_onset,1536.0,10.0,,13.020833333333334,2,740,1336.0,2026800740,0.45,0.45
fig4_immune_onset,874.0,10.0,,2.517162471395881,2,741,852.0,2026800741,0.45,0.45
fig4_immune_onset,1096.0,10.0,,9.945255474452555,2,742,987.0,2026800742,0.45,0.45
fig4_immune_onset,677.0,10.0,,-18.463810930576056,2,743,801.9999999999999,2026800743,0.45,0.45
fig4_immune_onset,872.0,10.0,,27.408256880733944,2,744,633.0,2026800744,0.45,0.45
fig4_immune_onset,1207.0,10.0,,9.693454846727423,2,745,1090.0,2026800745,0.45,0.45
fig4_immune_onset,975.0,10.0,,12.820512820512809,2,746,850.0000000000001,2026800746,0.45,0.45
fig4_immune_onset,1379.0,10.0,,23.3502538071066,2,747,1057.0,2026800747,0.45,0.45
fig4_immune_onset,1182.0,10.0,,4.653130287648054,2,748,1127.0,2026800748,0.45,0.45
fig4_immune_onset,1378.0,10.0,,0.14513788098693758,2,749,1376.0,2026800749,0.45,0.45
fig4_immune_onset,1531.0,10.0,,13.651208360548662,2,750,1322.0,2026800750,0.45,0.45
fig4_immune_onset,1098.0,10.0,,-2.6411657559198543,2,751,1127.0,2026800751,0.45,0.45
fig4_immune_onset,1155.0,10.0,,4.588744588744588,2,752,1102.0,2026800752,0.45,0.45
fig4_immune_onset,1288.0,10.0,,1.1645962732919255,2,753,1273.0,2026800753,0.45,0.45
fig4_immune_onset,1376.0,10.0,,14.026162790697674,2,754,1183.0,2026800754,0.45,0.45
fig4_immune_onset,1158.0,10.0,,2.4179620034542313,2,755,1130.0,2026800755,0.45,0.45
fig4_immune_onset,957.0,10.0,,15.151515151515152,2,756,812.0,2026800756,0.45,0.45
fig4_immune_onset,1165.0,10.0,,12.103004291845494,2,757,1024.0,2026800757,0.45,0.45
fig4_immune_onset,1424.0,10.0,,21.839887640449437,2,758,1113.0,2026800758,0.45,0.45
fig4_immune_onset,901.0000000000001,10.0,,5.882352941176482,2,759,848.0,2026800759,0.45,0.45
fig4_immune_onset,1210.0,10.0,,9.173553719008265,2,760,1099.0,2026800760,0.45,0.45
fig4_immune_onset,1208.0,10.0,,2.2350993377483444,2,761,1181.0,2026800761,0.45,0.45
fig4_immune_onset,933.0,10.0,,-0.5359056806002144,2,762,938.0,2026800762,0.45,0.45
fig4_immune_onset,1271.0,10.0,,9.59874114870181,2,763,1149.0,2026800763,0.45,0.45
fig4_immune_onset,1070.0,10.0,,1.2149532710280373,2,764,1057.0,2026800764,0.45,0.45
fig4_immune_onset,1319.0,10.0,,8.036391205458681,2,765,1213.0,2026800765,0.45,0.45
fig4_immune_onset,942.9999999999999,10.0,,19.618239660657466,2,766,758.0,2026800766,0.45,0.45
fig4_immune_onset,1177.0,10.0,,8.241291418861513,2,767,1080.0,2026800767,0.45,0.45
fig4_immune_onset,1086.0,10.0,,24.677716390423573,2,768,818.0,2026800768,0.45,0.45
fig4_immune_onset,956.0000000000001,10.0,,13.07531380753139,2,769,831.0,2026800769,0.45,0.45
fig4_immune_onset,1307.0,10.0,,-10.482019892884468,2,770,1444.0,2026800770,0.45,0.45
fig4_immune_onset,1258.0,10.0,,7.790143084260731,2,771,1160.0,2026800771,0.45,0.45
fig4_immune_onset,1038.0,10.0,,-1.9267822736030829,2,772,1058.0,2026800772,0.45,0.45
fig4_immune_onset,1028.0,10.0,,31.22568093385214,2,773,707.0,2026800773,0.45,0.45
fig4_immune_onset,1658.0,10.0,,18.576598311218337,2,774,1350.0,2026800774,0.45,0.45
fig4_immune_onset,1081.0,10.0,,4.25531914893617,2,775,1035.0,2026800775,0.45,0.45
fig4_immune_onset,921.0,10.0,,16.069489685124864,2,776,773.0,2026800776,0.45,0.45
fig4_immune_onset,1142.0,10.0,,14.44833625218915,2,777,976.9999999999999,2026800777,0.45,0.45
fig4_immune_onset,1294.0,10.0,,3.3230293663060277,2,778,1251.0,2026800778,0.45,0.45
fig4_immune_onset,1052.0,10.0,,1.6159695817490494,2,779,1035.0,2026800779,0.45,0.45
fig4_immune_onset,925.9999999999999,10.0,,-5.93952483801296,2,780,980.9999999999999,2026800780,0.45,0.45
fig4_immune_onset,1140.0,10.0,,-12.192982456140351,2,781,1279.0,2026800781,0.45,0.45
fig4_immune_onset,1016.0000000000001,10.0,,11.515748031496072,2,782,899.0,2026800782,0.45,0.45
fig4_immune_onset,871.0000000000001,10.0,,7.347876004592422,2,783,807.0000000000001,2026800783,0.45,0.45
fig4_immune_onset,993.9999999999999,10.0,,10.462776659959749,2,784,890.0,2026800784,0.45,0.45
fig4_immune_onset,1007.0000000000001,10.0,,8.738828202581937,2,785,919.0,2026800785,0.45,0.45
fig4_immune_onset,1014.0,10.0,,-2.662721893491124,2,786,1041.0,2026800786,0.45,0.45
fig4_immune_onset,1164.0,10.0,,21.56357388316152,2,787,912.9999999999999,2026800787,0.45,0.45
fig4_immune_onset,1543.0,10.0,,24.303305249513933,2,788,1168.0,2026800788,0.45,0.45
fig4_immune_onset,741.0,10.0,,29.82456140350877,2,789,520.0,2026800789,0.45,0.45
fig4_immune_onset,1166.0,10.0,,18.43910806174958,2,790,950.9999999999999,2026800790,0.45,0.45
fig4_immune_onset,1088.0,10.0,,20.128676470588236,2,791,869.0,2026800791,0.45,0.45
fig4_immune_onset,1451.0,10.0,,26.602343211578223,2,792,1065.0,2026800792,0.45,0.45
fig4_immune_onset,1133.0,10.0,,17.56398940864961,2,793,933.9999999999999,2026800793,0.45,0.45
fig4_immune_onset,1457.0,10.0,,3.3630748112560056,2,794,1408.0,2026800794,0.45,0.45
fig4_immune_onset,1211.0,10.0,,17.671345995045417,2,795,997.0,2026800795,0.45,0.45
fig4_immune_onset,1179.0,10.0,,18.490245971162,2,796,961.0,2026800796,0.45,0.45
fig4_immune_onset,1418.0,10.0,,7.827926657263752,2,797,1307.0,2026800797,0.45,0.45
fig4_immune_onset,868.0,10.0,,21.658986175115206,2,798,680.0,2026800798,0.45,0.45
fig4_immune_onset,1161.0,10.0,,5.512489233419466,2,799,1097.0,2026800799,0.45,0.45
fig4_immune_onset,1628.0,10.0,,4.6683046683046685,2,800,1552.0,2026800800,0.45,0.45
fig4_immune_onset,929.9999999999999,10.0,,5.053763440860216,2,801,882.9999999999999,2026800801,0.45,0.45
fig4_immune_onset,1373.0,10.0,,2.767662053896577,2,802,1335.0,2026800802,0.45,0.45
fig4_immune_onset,1338.0,10.0,,13.303437967115098,2,803,1160.0,2026800803,0.45,0.45
fig4_immune_onset,886.0,10.0,,1.8058690744921122,2,804,869.9999999999999,2026800804,0.45,0.45
fig4_immune_onset,720.0,10.0,,6.527777777777778,2,805,673.0,2026800805,0.45,0.45
fig4_immune_onset,1043.0,10.0,,2.3010546500479494,2,806,1018.9999999999999,2026800806,0.45,0.45
fig4_immune_onset,1174.0,10.0,,1.1073253833049403,2,807,1161.0,2026800807,0.45,0.45
fig4_immune_onset,927.0,10.0,,17.79935275080906,2,808,762.0,2026800808,0.45,0.45
fig4_immune_onset,1497.0,10.0,,14.295257181028724,2,809,1283.0,2026800809,0.45,0.45
fig4_immune_onset,1242.0,10.0,,23.671497584541054,2,810,948.0000000000001,2026800810,0.45,0.45
fig4_immune_onset,1032.0,10.0,,5.910852713178294,2,811,971.0,2026800811,0.45,0.45
fig4_immune_onset,842.0,10.0,,-6.532066508313539,2,812,897.0,2026800812,0.45,0.45
fig4_immune_onset,1043.0,10.0,,-1.5340364333652925,2,813,1059.0,2026800813,0.45,0.45
fig4_immune_onset,1157.0,10.0,,-6.222990492653414,2,814,1229.0,2026800814,0.45,0.45
fig4_immune_onset,1028.0,10.0,,18.09338521400778,2,815,842.0,2026800815,0.45,0.45
fig4_immune_onset,1199.0,10.0,,9.591326105087573,2,816,1084.0,2026800816,0.45,0.45
fig4_immune_onset,984.9999999999999,10.0,,20.304568527918786,2,817,784.9999999999999,2026800817,0.45,0.45
fig4_immune_onset,1159.0,10.0,,15.616911130284729,2,818,978.0,2026800818,0.45,0.45
fig4_immune_onset,787.0,10.0,,11.054637865311308,2,819,700.0,2026800819,0.45,0.45
fig4_immune_onset,1326.0,10.0,,13.34841628959276,2,820,1149.0,2026800820,0.45,0.45
fig4_immune_onset,1151.0,10.0,,23.284100781928768,2,821,882.9999999999999,2026800821,0.45,0.45
fig4_immune_onset,1338.0,10.0,,26.831091180866967,2,822,979.0,2026800822,0.45,0.45
fig4_immune_onset,1231.0,10.0,,6.336311941510966,2,823,1153.0,2026800823,0.45,0.45
fig4_immune_onset,1424.0,10.0,,11.165730337078651,2,824,1265.0,2026800824,0.45,0.45
fig4_immune_onset,1089.0,10.0,,11.84573002754822,2,825,959.9999999999999,2026800825,0.45,0.45
fig4_immune_onset,1102.0,10.0,,4.4464609800362975,2,826,1053.0,2026800826,0.45,0.45
fig4_immune_onset,1285.0,10.0,,10.505836575875486,2,827,1150.0,2026800827,0.45,0.45
fig4_immune_onset,1148.0,10.0,,0.4355400696864111,2,828,1143.0,2026800828,0.45,0.45
fig4_immune_onset,897.0,10.0,,-16.9453734671126,2,829,1049.0,2026800829,0.45,0.45
fig4_immune_onset,910.0,10.0,,5.604395604395604,2,830,859.0,2026800830,0.45,0.45
fig4_immune_onset,1373.0,10.0,,19.446467589220685,2,831,1106.0,2026800831,0.45,0.45
fig4_immune_onset,922.0000000000001,10.0,,-0.43383947939260004,2,832,925.9999999999999,2026800832,0.45,0.45
fig4_immune_onset,1107.0,10.0,,-2.6196928635953025,2,833,1136.0,2026800833,0.45,0.45
fig4_immune_onset,1215.0,10.0,,10.617283950617283,2,834,1086.0,2026800834,0.45,0.45
fig4_immune_onset,1084.0,10.0,,3.1365313653136533,2,835,1050.0,2026800835,0.45,0.45
fig4_immune_onset,1018.9999999999999,10.0,,18.743866535819432,2,836,827.9999999999999,2026800836,0.45,0.45
fig4_immune_onset,1329.0,10.0,,6.922498118886381,2,837,1237.0,2026800837,0.45,0.45
fig4_immune_onset,1364.0,10.0,,15.909090909090908,2,838,1147.0,2026800838,0.45,0.45
fig4_immune_onset,1222.0,10.0,,11.620294599018003,2,839,1080.0,2026800839,0.45,0.45
fig4_immune_onset,769.0,10.0,,15.864759427828348,2,840,647.0,2026800840,0.45,0.45
fig4_immune_onset,988.0,10.0,,10.121457489878532,2,841,888.0000000000001,2026800841,0.45,0.45
fig4_immune_onset,886.0,10.0,,-4.853273137697517,2,842,929.0,2026800842,0.45,0.45
fig4_immune_onset,1001.0,10.0,,4.995004995005006,2,843,950.9999999999999,2026800843,0.45,0.45
fig4_immune_onset,1317.0,10.0,,12.75626423690205,2,844,1149.0,2026800844,0.45,0.45
fig4_immune_onset,1134.0,10.0,,14.462081128747796,2,845,970.0,2026800845,0.45,0.45
fig4_immune_onset,1414.0,10.0,,14.992927864214993,2,846,1202.0,2026800846,0.45,0.45
fig4_immune_onset,1028.0,10.0,,15.661478599221779,2,847,867.0000000000001,2026800847,0.45,0.45
fig4_immune_onset,1244.0,10.0,,-0.8842443729903537,2,848,1255.0,2026800848,0.45,0.45
fig4_immune_onset,950.0,10.0,,-3.473684210526316,2,849,983.0,2026800849,0.45,0.45
fig4_immune_onset,865.0,10.0,,3.930635838150289,2,850,831.0,2026800850,0.45,0.45
fig4_immune_onset,861.0,10.0,,5.691056910569106,2,851,812.0,2026800851,0.45,0.45
fig4_immune_onset,868.0,10.0,,0.0,2,852,868.0,2026800852,0.45,0.45
fig4_immune_onset,1318.0,10.0,,15.857359635811836,2,853,1109.0,2026800853,0.45,0.45
fig4_immune_onset,810.0,10.0,,11.11111111111111,2,854,720.0,2026800854,0.45,0.45
fig4_immune_onset,1050.0,10.0,,13.619047619047619,2,855,907.0,2026800855,0.45,0.45
fig4_immune_onset,1055.0,10.0,,14.123222748815166,2,856,906.0,2026800856,0.45,0.45
fig4_immune_onset,1215.0,10.0,,0.24691358024691357,2,857,1212.0,2026800857,0.45,0.45
fig4_immune_onset,909.0000000000001,10.0,,-6.3806380638063676,2,858,967.0,2026800858,0.45,0.45
fig4_immune_onset,980.9999999999999,10.0,,12.844036697247697,2,859,855.0,2026800859,0.45,0.45
fig4_immune_onset,1205.0,10.0,,8.71369294605809,2,860,1100.0,2026800860,0.45,0.45
fig4_immune_onset,1144.0,10.0,,10.052447552447552,2,861,1029.0,2026800861,0.45,0.45
fig4_immune_onset,980.0,10.0,,16.42857142857144,2,862,818.9999999999999,2026800862,0.45,0.45
fig4_immune_onset,976.0,10.0,,-5.020491803278689,2,863,1025.0,2026800863,0.45,0.45
fig4_immune_onset,921.0,10.0,,13.897937024972856,2,864,793.0,2026800864,0.45,0.45
fig4_immune_onset,1074.0,10.0,,5.4934823091247775,2,865,1014.9999999999999,2026800865,0.45,0.45
fig4_immune_onset,1069.0,10.0,,-13.564078578110383,2,866,1214.0,2026800866,0.45,0.45
fig4_immune_onset,1284.0,10.0,,27.33644859813084,2,867,933.0,2026800867,0.45,0.45
fig4_immune_onset,1018.0,10.0,,18.664047151277025,2,868,827.9999999999999,2026800868,0.45,0.45
fig4_immune_onset,1166.0,10.0,,-4.631217838765009,2,869,1220.0,2026800869,0.45,0.45
fig4_immune_onset,1225.0,10.0,,14.040816326530612,2,870,1053.0,2026800870,0.45,0.45
fig4_immune_onset,863.0,10.0,,-16.106604866743904,2,871,1001.9999999999999,2026800871,0.45,0.45
fig4_immune_onset,1253.0,10.0,,9.577015163607342,2,872,1133.0,2026800872,0.45,0.45
fig4_immune_onset,1237.0,10.0,,0.8084074373484236,2,873,1227.0,2026800873,0.45,0.45
fig4_immune_onset,1143.0,10.0,,9.011373578302711,2,874,1040.0,2026800874,0.45,0.45
fig4_immune_onset,1098.0,10.0,,-2.3679417122040074,2,875,1124.0,2026800875,0.45,0.45
fig4_immune_onset,990.0000000000001,10.0,,-1.212121212121189,2,876,1001.9999999999999,2026800876,0.45,0.45
fig4_immune_onset,1017.0,10.0,,5.014749262536873,2,877,966.0,2026800877,0.45,0.45
fig4_immune_onset,1372.0,10.0,,1.967930029154519,2,878,1345.0,2026800878,0.45,0.45
fig4_immune_onset,1022.0,10.0,,-1.1741682974559686,2,879,1034.0,2026800879,0.45,0.45
fig4_immune_onset,979.0,10.0,,12.563840653728294,2,880,856.0,2026800880,0.45,0.45
fig4_immune_onset,1130.0,10.0,,16.991150442477878,2,881,938.0,2026800881,0.45,0.45
fig4_immune_onset,1122.0,10.0,,0.17825311942959002,2,882,1120.0,2026800882,0.45,0.45
fig4_immune_onset,1222.0,10.0,,9.656301145662848,2,883,1104.0,2026800883,0.45,0.45
fig4_immune_onset,1452.0,10.0,,20.24793388429752,2,884,1158.0,2026800884,0.45,0.45
fig4_immune_onset,1459.0,10.0,,13.639479095270733,2,885,1260.0,2026800885,0.45,0.45
fig4_immune_onset,993.0,10.0,,14.300100704934541,2,886,851.0,2026800886,0.45,0.45
fig4_immune_onset,1235.0,10.0,,23.724696356275302,2,887,942.0,2026800887,0.45,0.45
fig4_immune_onset,1380.0,10.0,,21.44927536231884,2,888,1084.0,2026800888,0.45,0.45
fig4_immune_onset,1244.0,10.0,,-6.109324758842444,2,889,1320.0,2026800889,0.45,0.45
fig4_immune_onset,1374.0,10.0,,11.06259097525473,2,890,1222.0,2026800890,0.45,0.45
fig4_immune_onset,1432.0,10.0,,6.075418994413408,2,891,1345.0,2026800891,0.45,0.45
fig4_immune_onset,1049.0,10.0,,10.676835081029552,2,892,937.0,2026800892,0.45,0.45
fig4_immune_onset,814.9999999999999,10.0,,0.24539877300612106,2,893,813.0,2026800893,0.45,0.45
fig4_immune_onset,1052.0,10.0,,22.52851711026617,2,894,814.9999999999999,2026800894,0.45,0.45
fig4_immune_onset,933.9999999999999,10.0,,12.84796573875802,2,895,814.0,2026800895,0.45,0.45
fig4_immune_onset,1150.0,10.0,,12.347826086956522,2,896,1008.0,2026800896,0.45,0.45
fig4_immune_onset,1180.0,10.0,,7.372881355932203,2,897,1093.0,2026800897,0.45,0.45
fig4_immune_onset,1165.0,10.0,,12.875536480686705,2,898,1014.9999999999999,2026800898,0.45,0.45
fig4_immune_onset,1443.0,10.0,,4.98960498960499,2,899,1371.0,2026800899,0.45,0.45
fig4_immune_onset,1194.0,10.0,,4.271356783919598,2,900,1143.0,2026800900,0.45,0.45
fig4_immune_onset,1014.0,10.0,,9.467455621301765,2,901,918.0000000000001,2026800901,0.45,0.45
fig4_immune_onset,1407.0,10.0,,16.631130063965884,2,902,1173.0,2026800902,0.45,0.45
fig4_immune_onset,1430.0,10.0,,12.447552447552448,2,903,1252.0,2026800903,0.45,0.45
fig4_immune_onset,1166.0,10.0,,26.58662092624357,2,904,856.0,2026800904,0.45,0.45
fig4_immune_onset,928.0,10.0,,-7.5431034482758506,2,905,997.9999999999999,2026800905,0.45,0.45
fig4_immune_onset,911.0,10.0,,10.976948408342492,2,906,810.9999999999999,2026800906,0.45,0.45
fig4_immune_onset,1200.0,10.0,,-3.4166666666666665,2,907,1241.0,2026800907,0.45,0.45
fig4_immune_onset,940.0,10.0,,-8.72340425531915,2,908,1022.0,2026800908,0.45,0.45
fig4_immune_onset,1078.0,10.0,,1.5769944341372912,2,909,1061.0,2026800909,0.45,0.45
fig4_immune_onset,673.0,10.0,,7.726597325408618,2,910,621.0,2026800910,0.45,0.45
fig4_immune_onset,1130.0,10.0,,10.442477876106194,2,911,1012.0,2026800911,0.45,0.45
fig4_immune_onset,963.0,10.0,,3.0114226375908735,2,912,933.9999999999999,2026800912,0.45,0.45
fig4_immune_onset,831.0,10.0,,18.892900120336943,2,913,674.0,2026800913,0.45,0.45
fig4_immune_onset,1459.0,10.0,,-2.5359835503769705,2,914,1496.0,2026800914,0.45,0.45
fig4_immune_onset,1392.0,10.0,,21.120689655172413,2,915,1098.0,2026800915,0.45,0.45
fig4_immune_onset,1433.0,10.0,,2.7913468248429867,2,916,1393.0,2026800916,0.45,0.45
fig4_immune_onset,1055.0,10.0,,17.53554502369669,2,917,869.9999999999999,2026800917,0.45,0.45
fig4_immune_onset,1063.0,10.0,,2.916274694261524,2,918,1032.0,2026800918,0.45,0.45
fig4_immune_onset,1043.0,10.0,,16.97027804410356,2,919,865.9999999999999,2026800919,0.45,0.45
fig4_immune_onset,816.0000000000001,10.0,,-13.97058823529409,2,920,929.9999999999999,2026800920,0.45,0.45
fig4_immune_onset,1637.9999999999998,10.0,,11.782661782661771,2,921,1445.0,2026800921,0.45,0.45
fig4_immune_onset,906.0,10.0,,-7.836644591611467,2,922,976.9999999999999,2026800922,0.45,0.45
fig4_immune_onset,1310.0,10.0,,16.412213740458014,2,923,1095.0,2026800923,0.45,0.45
fig4_immune_onset,1224.0,10.0,,3.022875816993464,2,924,1187.0,2026800924,0.45,0.45
fig4_immune_onset,1068.0,10.0,,-5.337078651685394,2,925,1125.0,2026800925,0.45,0.45
fig4_immune_onset,1111.0,10.0,,5.4905490549054905,2,926,1050.0,2026800926,0.45,0.45
fig4_immune_onset,1120.0,10.0,,4.821428571428571,2,927,1066.0,2026800927,0.45,0.45
fig4_immune_onset,1173.0,10.0,,-3.3248081841432224,2,928,1212.0,2026800928,0.45,0.45
fig4_immune_onset,1057.0,10.0,,6.149479659413434,2,929,992.0,2026800929,0.45,0.45
fig4_immune_onset,1298.0,10.0,,25.731895223420658,2,930,963.9999999999999,2026800930,0.45,0.45
fig4_immune_onset,963.0,10.0,,1.453790238836968,2,931,949.0,2026800931,0.45,0.45
fig4_immune_onset,1616.0,10.0,,16.893564356435643,2,932,1343.0,2026800932,0.45,0.45
fig4_immune_onset,1330.0,10.0,,6.390977443609023,2,933,1245.0,2026800933,0.45,0.45
fig4_immune_onset,1359.0,10.0,,15.746872700515084,2,934,1145.0,2026800934,0.45,0.45
fig4_immune_onset,996.0,10.0,,14.056224899598394,2,935,856.0,2026800935,0.45,0.45
fig4_immune_onset,664.0,10.0,,-12.801204819277109,2,936,749.0,2026800936,0.45,0.45
fig4_immune_onset,1372.0,10.0,,-0.2915451895043732,2,937,1376.0,2026800937,0.45,0.45
fig4_immune_onset,999.0000000000001,10.0,,8.508508508508518,2,938,914.0,2026800938,0.45,0.45
fig4_immune_onset,1497.0,10.0,,9.48563794255177,2,939,1355.0,2026800939,0.45,0.45
fig4_immune_onset,774.0,10.0,,-5.297157622739004,2,940,814.9999999999999,2026800940,0.45,0.45
fig4_immune_onset,1508.0,10.0,,11.87002652519894,2,941,1329.0,2026800941,0.45,0.45
fig4_immune_onset,871.0000000000001,10.0,,17.2215843857635,2,942,721.0,2026800942,0.45,0.45
fig4_immune_onset,1055.0,10.0,,28.90995260663507,2,943,750.0,2026800943,0.45,0.45
fig4_immune_onset,1435.0,10.0,,-2.857142857142857,2,944,1476.0,2026800944,0.45,0.45
fig4_immune_onset,1026.0,10.0,,-1.0721247563352827,2,945,1037.0,2026800945,0.45,0.45
fig4_immune_onset,1269.0,10.0,,9.21985815602837,2,946,1152.0,2026800946,0.45,0.45
fig4_immune_onset,957.0,10.0,,9.926854754440972,2,947,861.9999999999999,2026800947,0.45,0.45
fig4_immune_onset,772.0,10.0,,4.533678756476684,2,948,737.0,2026800948,0.45,0.45
fig4_immune_onset,873.0,10.0,,-24.742268041237114,2,949,1089.0,2026800949,0.45,0.45
fig4_immune_onset,1103.0,10.0,,6.165004533091569,2,950,1035.0,2026800950,0.45,0.45
fig4_immune_onset,1254.0,10.0,,1.5151515151515151,2,951,1235.0,2026800951,0.45,0.45
fig4_immune_onset,956.0000000000001,10.0,,7.11297071129707,2,952,888.0000000000001,2026800952,0.45,0.45
fig4_immune_onset,1117.0,10.0,,2.2381378692927485,2,953,1092.0,2026800953,0.45,0.45
fig4_immune_onset,793.9999999999999,10.0,,24.68513853904281,2,954,598.0,2026800954,0.45,0.45
fig4_immune_onset,1183.0,10.0,,15.384615384615385,2,955,1001.0,2026800955,0.45,0.45
fig4_immune_onset,1056.0,10.0,,-3.3143939393939394,2,956,1091.0,2026800956,0.45,0.45
fig4_immune_onset,1034.0,10.0,,6.286266924564786,2,957,969.0000000000001,2026800957,0.45,0.45
fig4_immune_onset,915.0,10.0,,12.78688524590165,2,958,797.9999999999999,2026800958,0.45,0.45
fig4_immune_onset,652.0,10.0,,-11.963190184049079,2,959,730.0,2026800959,0.45,0.45
fig4_immune_onset,1099.0,10.0,,9.736123748862603,2,960,992.0,2026800960,0.45,0.45
fig4_immune_onset,837.0000000000001,10.0,,3.823178016726417,2,961,805.0,2026800961,0.45,0.45
fig4_immune_onset,690.0,10.0,,6.231884057971015,2,962,647.0,2026800962,0.45,0.45
fig4_immune_onset,1101.0,10.0,,-2.1798365122615806,2,963,1125.0,2026800963,0.45,0.45
fig4_immune_onset,1116.0,10.0,,29.92831541218638,2,964,782.0,2026800964,0.45,0.45
fig4_immune_onset,1373.0,10.0,,24.617625637290605,2,965,1035.0,2026800965,0.45,0.45
fig4_immune_onset,937.0,10.0,,6.296691568836713,2,966,878.0,2026800966,0.45,0.45
fig4_immune_onset,963.9999999999999,10.0,,2.593360995850599,2,967,939.0000000000001,2026800967,0.45,0.45
fig4_immune_onset,1473.0,10.0,,16.157501697216563,2,968,1235.0,2026800968,0.45,0.45
fig4_immune_onset,1330.0,10.0,,4.360902255639098,2,969,1272.0,2026800969,0.45,0.45
fig4_immune_onset,997.9999999999999,10.0,,-0.100200400801626,2,970,999.0000000000001,2026800970,0.45,0.45
fig4_immune_onset,863.0,10.0,,9.038238702201635,2,971,784.9999999999999,2026800971,0.45,0.45
fig4_immune_onset,1091.0,10.0,,8.157653528872604,2,972,1001.9999999999999,2026800972,0.45,0.45
fig4_immune_onset,1322.0,10.0,,12.254160363086234,2,973,1160.0,2026800973,0.45,0.45
fig4_immune_onset,1250.0,10.0,,5.68,2,974,1179.0,2026800974,0.45,0.45
fig4_immune_onset,848.9999999999999,10.0,,15.19434628975264,2,975,720.0,2026800975,0.45,0.45
fig4_immune_onset,1342.0,10.0,,5.439642324888227,2,976,1269.0,2026800976,0.45,0.45
fig4_immune_onset,782.0,10.0,,-4.475703324808184,2,977,817.0,2026800977,0.45,0.45
fig4_immune_onset,1008.0,10.0,,9.523809523809524,2,978,912.0,2026800978,0.45,0.45
fig4_immune_onset,987.0,10.0,,29.989868287740627,2,979,691.0,2026800979,0.45,0.45
fig4_immune_onset,912.9999999999999,10.0,,-10.51478641840089,2,980,1009.0,2026800980,0.45,0.45
fig4_immune_onset,700.0,10.0,,17.285714285714285,2,981,579.0,2026800981,0.45,0.45
fig4_immune_onset,1477.0,10.0,,18.889641164522683,2,982,1198.0,2026800982,0.45,0.45
fig4_immune_onset,899.9999999999999,10.0,,15.99999999999999,2,983,756.0,2026800983,0.45,0.45
fig4_immune_onset,1476.0,10.0,,4.336043360433604,2,984,1412.0,2026800984,0.45,0.45
fig4_immune_onset,1089.0,10.0,,9.825528007346179,2,985,982.0000000000001,2026800985,0.45,0.45
fig4_immune_onset,1036.0,10.0,,3.9575289575289574,2,986,995.0,2026800986,0.45,0.45
fig4_immune_onset,1278.0,10.0,,15.414710485133021,2,987,1081.0,2026800987,0.45,0.45
fig4_immune_onset,1387.0,10.0,,15.573179524152847,2,988,1171.0,2026800988,0.45,0.45
fig4_immune_onset,1028.0,10.0,,10.311284046692597,2,989,922.0000000000001,2026800989,0.45,0.45
fig4_immune_onset,1101.0,10.0,,-12.534059945504087,2,990,1239.0,2026800990,0.45,0.45
fig4_immune_onset,907.0,10.0,,17.861080485115767,2,991,745.0,2026800991,0.45,0.45
fig4_immune_onset,978.0,10.0,,2.76073619631903,2,992,950.9999999999999,2026800992,0.45,0.45
fig4_immune_onset,1244.0,10.0,,5.144694533762058,2,993,1180.0,2026800993,0.45,0.45
fig4_immune_onset,969.0000000000001,10.0,,9.28792569659445,2,994,878.9999999999999,2026800994,0.45,0.45
fig4_immune_onset,1279.0,10.0,,16.888193901485536,2,995,1063.0,2026800995,0.45,0.45
fig4_immune_onset,1018.0,10.0,,4.911591355599225,2,996,967.9999999999999,2026800996,0.45,0.45
fig4_immune_onset,1408.0,10.0,,13.068181818181818,2,997,1224.0,2026800997,0.45,0.45
fig4_immune_onset,1230.0,10.0,,14.715447154471544,2,998,1049.0,2026800998,0.45,0.45
fig4_immune_onset,1502.0,10.0,,11.384820239680426,2,999,1331.0,2026800999,0.45,0.45
fig4_immune_onset,685.0,14.0,,20.583941605839417,2,0,544.0,2026800000,0.45,0.45
fig4_immune_onset,1352.0,14.0,,2.440828402366864,2,1,1319.0,2026800001,0.45,0.45
fig4_immune_onset,844.0,14.0,,-6.872037914691943,2,2,902.0,2026800002,0.45,0.45
fig4_immune_onset,976.9999999999999,14.0,,-3.17297850562949,2,3,1008.0,2026800003,0.45,0.45
fig4_immune_onset,694.0,14.0,,6.484149855907781,2,4,649.0,2026800004,0.45,0.45
fig4_immune_onset,1295.0,14.0,,6.486486486486487,2,5,1211.0,2026800005,0.45,0.45
fig4_immune_onset,1285.0,14.0,,6.070038910505836,2,6,1207.0,2026800006,0.45,0.45
fig4_immune_onset,890.0,14.0,,-4.494382022471897,2,7,929.9999999999999,2026800007,0.45,0.45
fig4_immune_onset,1346.0,14.0,,5.1263001485884105,2,8,1277.0,2026800008,0.45,0.45
fig4_immune_onset,1008.0,14.0,,4.265873015873005,2,9,965.0000000000001,2026800009,0.45,0.45
fig4_immune_onset,1192.0,14.0,,7.969798657718121,2,10,1097.0,2026800010,0.45,0.45
fig4_immune_onset,925.9999999999999,14.0,,-3.6717062634989204,2,11,959.9999999999999,2026800011,0.45,0.45
fig4_immune_onset,1330.0,14.0,,13.082706766917294,2,12,1156.0,2026800012,0.45,0.45
fig4_immune_onset,810.0,14.0,,2.7160493827160495,2,13,788.0,2026800013,0.45,0.45
fig4_immune_onset,793.9999999999999,14.0,,-2.518891687657445,2,14,814.0,2026800014,0.45,0.45
fig4_immune_onset,847.0,14.0,,7.674144037780401,2,15,782.0,2026800015,0.45,0.45
fig4_immune_onset,1040.0,14.0,,-9.326923076923077,2,16,1137.0,2026800016,0.45,0.45
fig4_immune_onset,1368.0,14.0,,5.043859649122807,2,17,1299.0,2026800017,0.45,0.45
fig4_immune_onset,899.9999999999999,14.0,,5.3333333333333215,2,18,852.0,2026800018,0.45,0.45
fig4_immune_onset,911.0,14.0,,5.817782656421503,2,19,858.0000000000001,2026800019,0.45,0.45
fig4_immune_onset,1034.0,14.0,,-6.576402321083172,2,20,1102.0,2026800020,0.45,0.45
fig4_immune_onset,1308.0,14.0,,5.045871559633028,2,21,1242.0,2026800021,0.45,0.45
fig4_immune_onset,1162.0,14.0,,4.561101549053356,2,22,1109.0,2026800022,0.45,0.45
fig4_immune_onset,993.0,14.0,,-3.826787512588117,2,23,1031.0,2026800023,0.45,0.45
fig4_immune_onset,1101.0,14.0,,19.891008174386922,2,24,882.0,2026800024,0.45,0.45
fig4_immune_onset,975.0,14.0,,9.333333333333321,2,25,884.0000000000001,2026800025,0.45,0.45
fig4_immune_onset,875.0000000000001,14.0,,-0.9142857142856882,2,26,882.9999999999999,2026800026,0.45,0.45
fig4_immune_onset,1239.0,14.0,,10.815173527037933,2,27,1105.0,2026800027,0.45,0.45
fig4_immune_onset,948.0000000000001,14.0,,1.6877637130801806,2,28,932.0,2026800028,0.45,0.45
fig4_immune_onset,1283.0,14.0,,14.65315666406859,2,29,1095.0,2026800029,0.45,0.45
fig4_immune_onset,1057.0,14.0,,22.80037842951749,2,30,816.0000000000001,2026800030,0.45,0.45
fig4_immune_onset,894.0,14.0,,-5.704697986577181,2,31,945.0,2026800031,0.45,0.45
fig4_immune_onset,1355.0,14.0,,5.977859778597786,2,32,1274.0,2026800032,0.45,0.45
fig4_immune_onset,1541.0,14.0,,12.070084360804673,2,33,1355.0,2026800033,0.45,0.45
fig4_immune_onset,1281.0,14.0,,11.865729898516785,2,34,1129.0,2026800034,0.45,0.45
fig4_immune_onset,949.0,14.0,,-19.599578503688093,2,35,1135.0,2026800035,0.45,0.45
fig4_immune_onset,1084.0,14.0,,0.0,2,36,1084.0,2026800036,0.45,0.45
fig4_immune_onset,1344.0,14.0,,-1.4136904761904763,2,37,1363.0,2026800037,0.45,0.45
fig4_immune_onset,1279.0,14.0,,6.724003127443315,2,38,1193.0,2026800038,0.45,0.45
fig4_immune_onset,1328.0,14.0,,18.22289156626506,2,39,1086.0,2026800039,0.45,0.45
fig4_immune_onset,990.0000000000001,14.0,,-7.8787878787878665,2,40,1068.0,2026800040,0.45,0.45
fig4_immune_onset,1001.0,14.0,,1.498501498501487,2,41,986.0000000000001,2026800041,0.45,0.45
fig4_immune_onset,1095.0,14.0,,14.246575342465743,2,42,939.0000000000001,2026800042,0.45,0.45
fig4_immune_onset,865.0,14.0,,3.699421965317906,2,43,833.0000000000001,2026800043,0.45,0.45
fig4_immune_onset,1271.0,14.0,,6.136900078678206,2,44,1193.0,2026800044,0.45,0.45
fig4_immune_onset,831.0,14.0,,8.42358604091456,2,45,761.0,2026800045,0.45,0.45
fig4_immune_onset,1509.0,14.0,,12.856196156394963,2,46,1315.0,2026800046,0.45,0.45
fig4_immune_onset,1279.0,14.0,,10.633307271305707,2,47,1143.0,2026800047,0.45,0.45
fig4_immune_onset,801.9999999999999,14.0,,15.96009975062343,2,48,674.0,2026800048,0.45,0.45
fig4_immune_onset,1107.0,14.0,,0.18066847335140018,2,49,1105.0,2026800049,0.45,0.45
fig4_immune_onset,872.0,14.0,,0.573394495412831,2,50,867.0000000000001,2026800050,0.45,0.45
fig4_immune_onset,916.0,14.0,,2.2925764192139737,2,51,895.0,2026800051,0.45,0.45
fig4_immune_onset,919.0,14.0,,19.477693144722526,2,52,740.0,2026800052,0.45,0.45
fig4_immune_onset,1162.0,14.0,,12.736660929432015,2,53,1014.0,2026800053,0.45,0.45
fig4_immune_onset,1291.0,14.0,,16.886134779240898,2,54,1073.0,2026800054,0.45,0.45
fig4_immune_onset,1268.0,14.0,,15.457413249211356,2,55,1072.0,2026800055,0.45,0.45
fig4_immune_onset,1026.0,14.0,,5.555555555555545,2,56,969.0000000000001,2026800056,0.45,0.45
fig4_immune_onset,608.0,14.0,,15.625,2,57,513.0,2026800057,0.45,0.45
fig4_immune_onset,1427.0,14.0,,0.0,2,58,1427.0,2026800058,0.45,0.45
fig4_immune_onset,1413.0,14.0,,10.615711252653927,2,59,1263.0,2026800059,0.45,0.45
fig4_immune_onset,881.0,14.0,,-0.5675368898978433,2,60,886.0,2026800060,0.45,0.45
fig4_immune_onset,827.9999999999999,14.0,,-4.589371980676329,2,61,865.9999999999999,2026800061,0.45,0.45
fig4_immune_onset,1066.0,14.0,,-3.8461538461538463,2,62,1107.0,2026800062,0.45,0.45
fig4_immune_onset,1265.0,14.0,,14.229249011857707,2,63,1085.0,2026800063,0.45,0.45
fig4_immune_onset,1009.0,14.0,,13.181367690782954,2,64,876.0,2026800064,0.45,0.45
fig4_immune_onset,1037.0,14.0,,4.050144648023144,2,65,995.0,2026800065,0.45,0.45
fig4_immune_onset,1039.0,14.0,,10.490856592877778,2,66,929.9999999999999,2026800066,0.45,0.45
fig4_immune_onset,1129.0,14.0,,0.08857395925597875,2,67,1128.0,2026800067,0.45,0.45
fig4_immune_onset,860.0,14.0,,14.534883720930232,2,68,735.0,2026800068,0.45,0.45
fig4_immune_onset,1059.0,14.0,,14.73087818696884,2,69,903.0,2026800069,0.45,0.45
fig4_immune_onset,1462.0,14.0,,14.911080711354309,2,70,1244.0,2026800070,0.45,0.45
fig4_immune_onset,668.0,14.0,,-4.940119760479042,2,71,701.0,2026800071,0.45,0.45
fig4_immune_onset,1398.0,14.0,,1.4306151645207439,2,72,1378.0,2026800072,0.45,0.45
fig4_immune_onset,1229.0,14.0,,11.228641171684297,2,73,1091.0,2026800073,0.45,0.45
fig4_immune_onset,822.0,14.0,,18.856447688564476,2,74,667.0,2026800074,0.45,0.45
fig4_immune_onset,1350.0,14.0,,16.0,2,75,1134.0,2026800075,0.45,0.45
fig4_immune_onset,936.0,14.0,,20.299145299145298,2,76,746.0,2026800076,0.45,0.45
fig4_immune_onset,1338.0,14.0,,15.246636771300448,2,77,1134.0,2026800077,0.45,0.45
fig4_immune_onset,1355.0,14.0,,9.00369003690037,2,78,1233.0,2026800078,0.45,0.45
fig4_immune_onset,941.0,14.0,,16.153028692879914,2,79,789.0,2026800079,0.45,0.45
fig4_immune_onset,1055.0,14.0,,1.5165876777251184,2,80,1039.0,2026800080,0.45,0.45
fig4_immune_onset,1144.0,14.0,,1.048951048951049,2,81,1132.0,2026800081,0.45,0.45
fig4_immune_onset,1735.0,14.0,,8.47262247838618,2,82,1587.9999999999998,2026800082,0.45,0.45
fig4_immune_onset,1381.0,14.0,,-3.2585083272990585,2,83,1426.0,2026800083,0.45,0.45
fig4_immune_onset,996.0,14.0,,7.429718875501997,2,84,922.0000000000001,2026800084,0.45,0.45
fig4_immune_onset,989.0,14.0,,14.762386248736098,2,85,843.0,2026800085,0.45,0.45
fig4_immune_onset,1103.0,14.0,,-7.162284678150499,2,86,1182.0,2026800086,0.45,0.45
fig4_immune_onset,1543.0,14.0,,2.20349967595593,2,87,1509.0,2026800087,0.45,0.45
fig4_immune_onset,1388.0,14.0,,10.662824207492795,2,88,1240.0,2026800088,0.45,0.45
fig4_immune_onset,1021.0,14.0,,8.91283055827621,2,89,929.9999999999999,2026800089,0.45,0.45
fig4_immune_onset,976.9999999999999,14.0,,19.54964176049128,2,90,786.0000000000001,2026800090,0.45,0.45
fig4_immune_onset,1263.0,14.0,,7.996832937450515,2,91,1162.0,2026800091,0.45,0.45
fig4_immune_onset,1217.0,14.0,,-8.545603944124897,2,92,1321.0,2026800092,0.45,0.45
fig4_immune_onset,1308.0,14.0,,5.122324159021407,2,93,1241.0,2026800093,0.45,0.45
fig4_immune_onset,1177.0,14.0,,12.489379779099405,2,94,1030.0,2026800094,0.45,0.45
fig4_immune_onset,1463.0,14.0,,16.404647983595353,2,95,1223.0,2026800095,0.45,0.45
fig4_immune_onset,961.0,14.0,,6.659729448491155,2,96,897.0,2026800096,0.45,0.45
fig4_immune_onset,899.0,14.0,,-1.4460511679644048,2,97,912.0,2026800097,0.45,0.45
fig4_immune_onset,1189.0,14.0,,9.083263246425568,2,98,1081.0,2026800098,0.45,0.45
fig4_immune_onset,1315.0,14.0,,17.490494296577946,2,99,1085.0,2026800099,0.45,0.45
fig4_immune_onset,902.0,14.0,,3.880266075388014,2,100,867.0000000000001,2026800100,0.45,0.45
fig4_immune_onset,1169.0,14.0,,-1.3686911890504705,2,101,1185.0,2026800101,0.45,0.45
fig4_immune_onset,1213.0,14.0,,19.043693322341294,2,102,982.0000000000001,2026800102,0.45,0.45
fig4_immune_onset,1029.0,14.0,,0.09718172983479106,2,103,1028.0,2026800103,0.45,0.45
fig4_immune_onset,1481.0,14.0,,4.591492234976367,2,104,1413.0,2026800104,0.45,0.45
fig4_immune_onset,1155.0,14.0,,16.1904761904762,2,105,967.9999999999999,2026800105,0.45,0.45
fig4_immune_onset,1257.0,14.0,,10.262529832935561,2,106,1128.0,2026800106,0.45,0.45
fig4_immune_onset,1040.0,14.0,,0.09615384615384616,2,107,1039.0,2026800107,0.45,0.45
fig4_immune_onset,1064.0,14.0,,17.481203007518797,2,108,878.0,2026800108,0.45,0.45
fig4_immune_onset,1353.0,14.0,,12.490761271249076,2,109,1184.0,2026800109,0.45,0.45
fig4_immune_onset,1093.0,14.0,,14.821591948764867,2,110,931.0,2026800110,0.45,0.45
fig4_immune_onset,1174.0,14.0,,7.666098807495741,2,111,1084.0,2026800111,0.45,0.45
fig4_immune_onset,720.0,14.0,,6.25,2,112,675.0,2026800112,0.45,0.45
fig4_immune_onset,923.0,14.0,,-10.075839653304454,2,113,1016.0000000000001,2026800113,0.45,0.45
fig4_immune_onset,1195.0,14.0,,12.803347280334728,2,114,1042.0,2026800114,0.45,0.45
fig4_immune_onset,1273.0,14.0,,3.927729772191673,2,115,1223.0,2026800115,0.45,0.45
fig4_immune_onset,805.0,14.0,,12.670807453416149,2,116,703.0,2026800116,0.45,0.45
fig4_immune_onset,871.0000000000001,14.0,,3.7887485648679804,2,117,838.0,2026800117,0.45,0.45
fig4_immune_onset,786.0000000000001,14.0,,0.25445292620866583,2,118,784.0,2026800118,0.45,0.45
fig4_immune_onset,1012.0,14.0,,-7.312252964426878,2,119,1086.0,2026800119,0.45,0.45
fig4_immune_onset,820.0000000000001,14.0,,6.585365853658549,2,120,766.0,2026800120,0.45,0.45
fig4_immune_onset,1034.0,14.0,,11.60541586073501,2,121,914.0,2026800121,0.45,0.45
fig4_immune_onset,963.0,14.0,,-3.7383177570093578,2,122,999.0000000000001,2026800122,0.45,0.45
fig4_immune_onset,1373.0,14.0,,5.8994901675163876,2,123,1292.0,2026800123,0.45,0.45
fig4_immune_onset,1141.0,14.0,,7.011393514460999,2,124,1061.0,2026800124,0.45,0.45
fig4_immune_onset,1233.0,14.0,,13.949716139497161,2,125,1061.0,2026800125,0.45,0.45
fig4_immune_onset,847.0,14.0,,-1.1806375442739079,2,126,857.0,2026800126,0.45,0.45
fig4_immune_onset,914.0,14.0,,5.470459518599562,2,127,864.0,2026800127,0.45,0.45
fig4_immune_onset,1370.0,14.0,,8.905109489051094,2,128,1248.0,2026800128,0.45,0.45
fig4_immune_onset,1237.0,14.0,,4.688763136620857,2,129,1179.0,2026800129,0.45,0.45
fig4_immune_onset,1189.0,14.0,,-12.531539108494533,2,130,1338.0,2026800130,0.45,0.45
fig4_immune_onset,1267.0,14.0,,7.024467245461721,2,131,1178.0,2026800131,0.45,0.45
fig4_immune_onset,1091.0,14.0,,3.1164069660861595,2,132,1057.0,2026800132,0.45,0.45
fig4_immune_onset,959.9999999999999,14.0,,12.604166666666657,2,133,839.0,2026800133,0.45,0.45
fig4_immune_onset,718.0,14.0,,5.571030640668524,2,134,678.0,2026800134,0.45,0.45
fig4_immune_onset,1184.0,14.0,,9.628378378378379,2,135,1070.0,2026800135,0.45,0.45
fig4_immune_onset,923.0,14.0,,13.326110509209101,2,136,800.0,2026800136,0.45,0.45
fig4_immune_onset,1012.0,14.0,,-2.766798418972332,2,137,1040.0,2026800137,0.45,0.45
fig4_immune_onset,875.0000000000001,14.0,,4.3428571428571425,2,138,837.0000000000001,2026800138,0.45,0.45
fig4_immune_onset,681.0,14.0,,-1.1747430249632893,2,139,689.0,2026800139,0.45,0.45
fig4_immune_onset,1198.0,14.0,,9.432387312186979,2,140,1085.0,2026800140,0.45,0.45
fig4_immune_onset,1442.0,14.0,,1.7337031900138695,2,141,1417.0,2026800141,0.45,0.45
fig4_immune_onset,1133.0,14.0,,11.385701676963812,2,142,1004.0,2026800142,0.45,0.45
fig4_immune_onset,1367.0,14.0,,10.826627651792245,2,143,1219.0,2026800143,0.45,0.45
fig4_immune_onset,1316.0,14.0,,-4.5592705167173255,2,144,1376.0,2026800144,0.45,0.45
fig4_immune_onset,984.9999999999999,14.0,,4.771573604060904,2,145,938.0,2026800145,0.45,0.45
fig4_immune_onset,881.0,14.0,,1.702610669693543,2,146,865.9999999999999,2026800146,0.45,0.45
fig4_immune_onset,1406.0,14.0,,0.2844950213371266,2,147,1402.0,2026800147,0.45,0.45
fig4_immune_onset,1342.0,14.0,,12.220566318926975,2,148,1178.0,2026800148,0.45,0.45
fig4_immune_onset,835.9999999999999,14.0,,7.775119617224869,2,149,771.0,2026800149,0.45,0.45
fig4_immune_onset,1207.0,14.0,,4.63960231980116,2,150,1151.0,2026800150,0.45,0.45
fig4_immune_onset,1034.0,14.0,,-2.127659574468085,2,151,1056.0,2026800151,0.45,0.45
fig4_immune_onset,937.0,14.0,,-12.593383137673426,2,152,1055.0,2026800152,0.45,0.45
fig4_immune_onset,1242.0,14.0,,20.04830917874396,2,153,993.0,2026800153,0.45,0.45
fig4_immune_onset,1640.0000000000002,14.0,,16.463414634146353,2,154,1370.0,2026800154,0.45,0.45
fig4_immune_onset,1088.0,14.0,,-3.952205882352941,2,155,1131.0,2026800155,0.45,0.45
fig4_immune_onset,1373.0,14.0,,3.1318281136198105,2,156,1330.0,2026800156,0.45,0.45
fig4_immune_onset,1098.0,14.0,,0.6375227686703097,2,157,1091.0,2026800157,0.45,0.45
fig4_immune_onset,1456.0,14.0,,5.4945054945054945,2,158,1376.0,2026800158,0.45,0.45
fig4_immune_onset,1168.0,14.0,,-1.7123287671232876,2,159,1188.0,2026800159,0.45,0.45
fig4_immune_onset,868.0,14.0,,5.069124423963121,2,160,824.0000000000001,2026800160,0.45,0.45
fig4_immune_onset,984.9999999999999,14.0,,0.10152284263958238,2,161,984.0,2026800161,0.45,0.45
fig4_immune_onset,1600.0,14.0,,20.375,2,162,1274.0,2026800162,0.45,0.45
fig4_immune_onset,1056.0,14.0,,-2.367424242424242,2,163,1081.0,2026800163,0.45,0.45
fig4_immune_onset,1000.0,14.0,,20.99999999999999,2,164,790.0000000000001,2026800164,0.45,0.45
fig4_immune_onset,1095.0,14.0,,-0.91324200913242,2,165,1105.0,2026800165,0.45,0.45
fig4_immune_onset,814.9999999999999,14.0,,11.16564417177913,2,166,724.0,2026800166,0.45,0.45
fig4_immune_onset,895.9999999999999,14.0,,-1.5625000000000129,2,167,910.0,2026800167,0.45,0.45
fig4_immune_onset,959.9999999999999,14.0,,-4.375000000000001,2,168,1001.9999999999999,2026800168,0.45,0.45
fig4_immune_onset,1102.0,14.0,,24.773139745916517,2,169,829.0,2026800169,0.45,0.45
fig4_immune_onset,1010.0,14.0,,4.752475247524752,2,170,962.0,2026800170,0.45,0.45
fig4_immune_onset,1383.0,14.0,,12.002892263195951,2,171,1217.0,2026800171,0.45,0.45
fig4_immune_onset,1143.0,14.0,,18.285214348206484,2,172,933.9999999999999,2026800172,0.45,0.45
fig4_immune_onset,1569.9999999999998,14.0,,22.54777070063693,2,173,1216.0,2026800173,0.45,0.45
fig4_immune_onset,1086.0,14.0,,2.2099447513812156,2,174,1062.0,2026800174,0.45,0.45
fig4_immune_onset,1282.0,14.0,,3.1981279251170047,2,175,1241.0,2026800175,0.45,0.45
fig4_immune_onset,1158.0,14.0,,11.139896373056995,2,176,1029.0,2026800176,0.45,0.45
fig4_immune_onset,1094.0,14.0,,3.016453382084095,2,177,1061.0,2026800177,0.45,0.45
fig4_immune_onset,1007.0000000000001,14.0,,-2.681231380337625,2,178,1034.0,2026800178,0.45,0.45
fig4_immune_onset,979.0,14.0,,9.397344228804915,2,179,886.9999999999999,2026800179,0.45,0.45
fig4_immune_onset,1398.0,14.0,,11.444921316165951,2,180,1238.0,2026800180,0.45,0.45
fig4_immune_onset,1374.0,14.0,,22.197962154294032,2,181,1069.0,2026800181,0.45,0.45
fig4_immune_onset,1008.0,14.0,,-3.2738095238095237,2,182,1041.0,2026800182,0.45,0.45
fig4_immune_onset,869.9999999999999,14.0,,9.770114942528737,2,183,784.9999999999999,2026800183,0.45,0.45
fig4_immune_onset,920.0,14.0,,0.21739130434781373,2,184,918.0000000000001,2026800184,0.45,0.45
fig4_immune_onset,1124.0,14.0,,0.9786476868327402,2,185,1113.0,2026800185,0.45,0.45
fig4_immune_onset,1148.0,14.0,,16.114982578397214,2,186,963.0,2026800186,0.45,0.45
fig4_immune_onset,1670.0,14.0,,-2.395209580838323,2,187,1710.0,2026800187,0.45,0.45
fig4_immune_onset,1057.0,14.0,,17.786187322611163,2,188,869.0,2026800188,0.45,0.45
fig4_immune_onset,723.0,14.0,,3.18118948824343,2,189,700.0,2026800189,0.45,0.45
fig4_immune_onset,924.0,14.0,,26.406926406926406,2,190,680.0,2026800190,0.45,0.45
fig4_immune_onset,1341.0,14.0,,7.084265473527219,2,191,1246.0,2026800191,0.45,0.45
fig4_immune_onset,912.9999999999999,14.0,,21.467688937568447,2,192,717.0,2026800192,0.45,0.45
fig4_immune_onset,825.0,14.0,,14.666666666666666,2,193,704.0,2026800193,0.45,0.45
fig4_immune_onset,1151.0,14.0,,2.4326672458731537,2,194,1123.0,2026800194,0.45,0.45
fig4_immune_onset,1130.0,14.0,,19.469026548672566,2,195,910.0,2026800195,0.45,0.45
fig4_immune_onset,1088.0,14.0,,1.0110294117647058,2,196,1077.0,2026800196,0.45,0.45
fig4_immune_onset,1137.0,14.0,,-3.5180299032541775,2,197,1177.0,2026800197,0.45,0.45
fig4_immune_onset,1364.0,14.0,,13.196480938416423,2,198,1184.0,2026800198,0.45,0.45
fig4_immune_onset,1065.0,14.0,,-4.413145539906103,2,199,1112.0,2026800199,0.45,0.45
fig4_immune_onset,1086.0,14.0,,-8.56353591160221,2,200,1179.0,2026800200,0.45,0.45
fig4_immune_onset,1023.0,14.0,,11.045943304007821,2,201,910.0,2026800201,0.45,0.45
fig4_immune_onset,1098.0,14.0,,8.743169398907114,2,202,1001.9999999999999,2026800202,0.45,0.45
fig4_immune_onset,1235.0,14.0,,6.720647773279352,2,203,1152.0,2026800203,0.45,0.45
fig4_immune_onset,1181.0,14.0,,3.048264182895851,2,204,1145.0,2026800204,0.45,0.45
fig4_immune_onset,1184.0,14.0,,5.320945945945946,2,205,1121.0,2026800205,0.45,0.45
fig4_immune_onset,1065.0,14.0,,20.938967136150236,2,206,842.0,2026800206,0.45,0.45
fig4_immune_onset,925.9999999999999,14.0,,20.734341252699775,2,207,734.0,2026800207,0.45,0.45
fig4_immune_onset,895.0,14.0,,7.82122905027933,2,208,825.0,2026800208,0.45,0.45
fig4_immune_onset,895.0,14.0,,-2.2346368715083798,2,209,915.0,2026800209,0.45,0.45
fig4_immune_onset,996.0,14.0,,-5.622489959839357,2,210,1052.0,2026800210,0.45,0.45
fig4_immune_onset,1210.0,14.0,,8.264462809917354,2,211,1110.0,2026800211,0.45,0.45
fig4_immune_onset,1104.0,14.0,,13.134057971014492,2,212,959.0,2026800212,0.45,0.45
fig4_immune_onset,1044.0,14.0,,28.448275862068964,2,213,747.0,2026800213,0.45,0.45
fig4_immune_onset,1055.0,14.0,,11.848341232227499,2,214,929.9999999999999,2026800214,0.45,0.45
fig4_immune_onset,1124.0,14.0,,-4.893238434163701,2,215,1179.0,2026800215,0.45,0.45
fig4_immune_onset,2009.0,14.0,,11.647585863613749,2,216,1774.9999999999998,2026800216,0.45,0.45
fig4_immune_onset,1230.0,14.0,,13.902439024390244,2,217,1059.0,2026800217,0.45,0.45
fig4_immune_onset,1350.0,14.0,,13.185185185185185,2,218,1172.0,2026800218,0.45,0.45
fig4_immune_onset,1130.0,14.0,,6.371681415929204,2,219,1058.0,2026800219,0.45,0.45
fig4_immune_onset,1158.0,14.0,,-10.967184801381693,2,220,1285.0,2026800220,0.45,0.45
fig4_immune_onset,1604.9999999999998,14.0,,5.981308411214941,2,221,1509.0,2026800221,0.45,0.45
fig4_immune_onset,1292.0,14.0,,2.321981424148607,2,222,1262.0,2026800222,0.45,0.45
fig4_immune_onset,867.0000000000001,14.0,,13.148788927335652,2,223,753.0,2026800223,0.45,0.45
fig4_immune_onset,1629.0,14.0,,16.574585635359117,2,224,1359.0,2026800224,0.45,0.45
fig4_immune_onset,1098.0,14.0,,-14.389799635701275,2,225,1256.0,2026800225,0.45,0.45
fig4_immune_onset,1136.0,14.0,,1.056338028169014,2,226,1124.0,2026800226,0.45,0.45
fig4_immune_onset,1338.0,14.0,,4.932735426008969,2,227,1272.0,2026800227,0.45,0.45
fig4_immune_onset,1010.9999999999999,14.0,,11.572700296735896,2,228,894.0,2026800228,0.45,0.45
fig4_immune_onset,831.9999999999999,14.0,,11.298076923076911,2,229,738.0,2026800229,0.45,0.45
fig4_immune_onset,928.0,14.0,,3.3405172413793105,2,230,897.0,2026800230,0.45,0.45
fig4_immune_onset,895.0,14.0,,5.251396648044692,2,231,848.0,2026800231,0.45,0.45
fig4_immune_onset,1466.0,14.0,,11.459754433833561,2,232,1298.0,2026800232,0.45,0.45
fig4_immune_onset,1033.0,14.0,,27.783155856727976,2,233,746.0,2026800233,0.45,0.45
fig4_immune_onset,1412.0,14.0,,3.045325779036827,2,234,1369.0,2026800234,0.45,0.45
fig4_immune_onset,1206.0,14.0,,7.048092868988391,2,235,1121.0,2026800235,0.45,0.45
fig4_immune_onset,1081.0,14.0,,3.700277520814061,2,236,1041.0,2026800236,0.45,0.45
fig4_immune_onset,1317.0,14.0,,5.163249810174639,2,237,1249.0,2026800237,0.45,0.45
fig4_immune_onset,1200.0,14.0,,11.666666666666666,2,238,1060.0,2026800238,0.45,0.45
fig4_immune_onset,565.0,14.0,,-33.45132743362832,2,239,754.0,2026800239,0.45,0.45
fig4_immune_onset,910.0,14.0,,4.615384615384615,2,240,868.0,2026800240,0.45,0.45
fig4_immune_onset,1158.0,14.0,,1.2953367875647668,2,241,1143.0,2026800241,0.45,0.45
fig4_immune_onset,1068.0,14.0,,14.325842696629213,2,242,915.0,2026800242,0.45,0.45
fig4_immune_onset,1018.9999999999999,14.0,,11.3837095191364,2,243,903.0,2026800243,0.45,0.45
fig4_immune_onset,1160.0,14.0,,-1.206896551724138,2,244,1174.0,2026800244,0.45,0.45
fig4_immune_onset,1563.0000000000002,14.0,,2.8790786948176725,2,245,1518.0,2026800245,0.45,0.45
fig4_immune_onset,916.9999999999999,14.0,,6.434023991275875,2,246,858.0000000000001,2026800246,0.45,0.45
fig4_immune_onset,1099.0,14.0,,11.191992720655142,2,247,976.0,2026800247,0.45,0.45
fig4_immune_onset,1355.0,14.0,,27.74907749077491,2,248,979.0,2026800248,0.45,0.45
fig4_immune_onset,1064.0,14.0,,9.680451127819548,2,249,961.0,2026800249,0.45,0.45
fig4_immune_onset,1229.0,14.0,,-1.545972335231896,2,250,1248.0,2026800250,0.45,0.45
fig4_immune_onset,1306.0,14.0,,14.165390505359877,2,251,1121.0,2026800251,0.45,0.45
fig4_immune_onset,1432.0,14.0,,2.583798882681564,2,252,1395.0,2026800252,0.45,0.45
fig4_immune_onset,1186.0,14.0,,-6.492411467116358,2,253,1263.0,2026800253,0.45,0.45
fig4_immune_onset,1470.0,14.0,,11.700680272108844,2,254,1298.0,2026800254,0.45,0.45
fig4_immune_onset,1299.0,14.0,,7.005388760585065,2,255,1208.0,2026800255,0.45,0.45
fig4_immune_onset,1245.0,14.0,,9.558232931726907,2,256,1126.0,2026800256,0.45,0.45
fig4_immune_onset,1055.0,14.0,,8.056872037914692,2,257,970.0,2026800257,0.45,0.45
fig4_immune_onset,1037.0,14.0,,1.253616200578592,2,258,1024.0,2026800258,0.45,0.45
fig4_immune_onset,1507.0,14.0,,3.18513603185136,2,259,1459.0,2026800259,0.45,0.45
fig4_immune_onset,1334.0,14.0,,0.6746626686656672,2,260,1325.0,2026800260,0.45,0.45
fig4_immune_onset,1307.0,14.0,,16.679418515684773,2,261,1089.0,2026800261,0.45,0.45
fig4_immune_onset,1316.0,14.0,,-6.838905775075988,2,262,1406.0,2026800262,0.45,0.45
fig4_immune_onset,627.0,14.0,,-3.9872408293460926,2,263,652.0,2026800263,0.45,0.45
fig4_immune_onset,1050.0,14.0,,-1.4285714285714286,2,264,1065.0,2026800264,0.45,0.45
fig4_immune_onset,629.0,14.0,,10.333863275039745,2,265,564.0,2026800265,0.45,0.45
fig4_immune_onset,946.0,14.0,,16.807610993657505,2,266,787.0,2026800266,0.45,0.45
fig4_immune_onset,993.0,14.0,,14.19939577039275,2,267,852.0,2026800267,0.45,0.45
fig4_immune_onset,1377.0,14.0,,1.0893246187363834,2,268,1362.0,2026800268,0.45,0.45
fig4_immune_onset,1719.0,14.0,,2.675974403723108,2,269,1672.9999999999998,2026800269,0.45,0.45
fig4_immune_onset,1112.0,14.0,,4.856115107913669,2,270,1058.0,2026800270,0.45,0.45
fig4_immune_onset,1112.0,14.0,,11.151079136690647,2,271,988.0,2026800271,0.45,0.45
fig4_immune_onset,984.0,14.0,,7.926829268292683,2,272,906.0,2026800272,0.45,0.45
fig4_immune_onset,928.0,14.0,,14.762931034482758,2,273,791.0,2026800273,0.45,0.45
fig4_immune_onset,1188.0,14.0,,4.2087542087542085,2,274,1138.0,2026800274,0.45,0.45
fig4_immune_onset,1259.0,14.0,,3.891977760127085,2,275,1210.0,2026800275,0.45,0.45
fig4_immune_onset,1510.0,14.0,,13.443708609271523,2,276,1307.0,2026800276,0.45,0.45
fig4_immune_onset,1343.0,14.0,,-0.37230081906180196,2,277,1348.0,2026800277,0.45,0.45
fig4_immune_onset,1439.0,14.0,,8.686587908269631,2,278,1314.0,2026800278,0.45,0.45
fig4_immune_onset,1264.0,14.0,,-0.15822784810126583,2,279,1266.0,2026800279,0.45,0.45
fig4_immune_onset,1215.0,14.0,,18.51851851851851,2,280,990.0000000000001,2026800280,0.45,0.45
fig4_immune_onset,772.0,14.0,,3.626943005181347,2,281,744.0,2026800281,0.45,0.45
fig4_immune_onset,1098.0,14.0,,10.746812386156648,2,282,980.0,2026800282,0.45,0.45
fig4_immune_onset,1137.0,14.0,,9.674582233948989,2,283,1027.0,2026800283,0.45,0.45
fig4_immune_onset,1677.0,14.0,,0.29815146094217215,2,284,1671.9999999999998,2026800284,0.45,0.45
fig4_immune_onset,1016.0000000000001,14.0,,-0.5905511811023509,2,285,1022.0,2026800285,0.45,0.45
fig4_immune_onset,982.0000000000001,14.0,,14.35845213849287,2,286,841.0000000000001,2026800286,0.45,0.45
fig4_immune_onset,1077.0,14.0,,-2.5069637883008355,2,287,1104.0,2026800287,0.45,0.45
fig4_immune_onset,1177.0,14.0,,12.914188615123194,2,288,1025.0,2026800288,0.45,0.45
fig4_immune_onset,1298.0,14.0,,15.870570107858244,2,289,1092.0,2026800289,0.45,0.45
fig4_immune_onset,1297.0,14.0,,5.859676175790285,2,290,1221.0,2026800290,0.45,0.45
fig4_immune_onset,1097.0,14.0,,17.13764813126708,2,291,909.0000000000001,2026800291,0.45,0.45
fig4_immune_onset,1201.0,14.0,,10.574521232306411,2,292,1074.0,2026800292,0.45,0.45
fig4_immune_onset,888.0000000000001,14.0,,8.108108108108107,2,293,816.0000000000001,2026800293,0.45,0.45
fig4_immune_onset,835.9999999999999,14.0,,9.808612440191375,2,294,754.0,2026800294,0.45,0.45
fig4_immune_onset,709.0,14.0,,-5.359661495063469,2,295,747.0,2026800295,0.45,0.45
fig4_immune_onset,1284.0,14.0,,4.595015576323988,2,296,1225.0,2026800296,0.45,0.45
fig4_immune_onset,1147.0,14.0,,11.682650392327812,2,297,1013.0,2026800297,0.45,0.45
fig4_immune_onset,1604.9999999999998,14.0,,14.82866043613706,2,298,1367.0,2026800298,0.45,0.45
fig4_immune_onset,1532.0,14.0,,16.77545691906005,2,299,1275.0,2026800299,0.45,0.45
fig4_immune_onset,734.0,14.0,,-15.1226158038147,2,300,844.9999999999999,2026800300,0.45,0.45
fig4_immune_onset,1176.0,14.0,,-9.608843537414966,2,301,1289.0,2026800301,0.45,0.45
fig4_immune_onset,668.0,14.0,,-0.1497005988023952,2,302,669.0,2026800302,0.45,0.45
fig4_immune_onset,1544.0,14.0,,5.7642487046632125,2,303,1455.0,2026800303,0.45,0.45
fig4_immune_onset,856.0,14.0,,2.686915887850454,2,304,833.0000000000001,2026800304,0.45,0.45
fig4_immune_onset,1146.0,14.0,,7.678883071553229,2,305,1058.0,2026800305,0.45,0.45
fig4_immune_onset,1072.0,14.0,,8.022388059701482,2,306,986.0000000000001,2026800306,0.45,0.45
fig4_immune_onset,886.0,14.0,,11.62528216704289,2,307,783.0,2026800307,0.45,0.45
fig4_immune_onset,831.0,14.0,,-2.767749699157655,2,308,854.0000000000001,2026800308,0.45,0.45
fig4_immune_onset,797.0,14.0,,16.18569636135508,2,309,668.0,2026800309,0.45,0.45
fig4_immune_onset,1027.0,14.0,,13.924050632911381,2,310,884.0000000000001,2026800310,0.45,0.45
fig4_immune_onset,1161.0,14.0,,-13.781223083548666,2,311,1321.0,2026800311,0.45,0.45
fig4_immune_onset,1593.0,14.0,,13.810420590081607,2,312,1373.0,2026800312,0.45,0.45
fig4_immune_onset,1320.0,14.0,,-3.257575757575758,2,313,1363.0,2026800313,0.45,0.45
fig4_immune_onset,1531.0,14.0,,16.263879817112997,2,314,1282.0,2026800314,0.45,0.45
fig4_immune_onset,1330.0,14.0,,8.421052631578947,2,315,1218.0,2026800315,0.45,0.45
fig4_immune_onset,1030.0,14.0,,2.3300970873786406,2,316,1006.0,2026800316,0.45,0.45
fig4_immune_onset,995.0,14.0,,16.683417085427134,2,317,829.0,2026800317,0.45,0.45
fig4_immune_onset,903.9999999999999,14.0,,-1.6592920353982428,2,318,919.0,2026800318,0.45,0.45
fig4_immune_onset,1202.0,14.0,,9.900166389351082,2,319,1083.0,2026800319,0.45,0.45
fig4_immune_onset,865.9999999999999,14.0,,4.387990762124712,2,320,827.9999999999999,2026800320,0.45,0.45
fig4_immune_onset,955.0,14.0,,5.863874345549738,2,321,899.0,2026800321,0.45,0.45
fig4_immune_onset,1177.0,14.0,,19.711129991503824,2,322,945.0,2026800322,0.45,0.45
fig4_immune_onset,762.0,14.0,,12.204724409448819,2,323,669.0,2026800323,0.45,0.45
fig4_immune_onset,1026.0,14.0,,11.208576998050683,2,324,911.0,2026800324,0.45,0.45
fig4_immune_onset,1044.0,14.0,,21.264367816091955,2,325,822.0,2026800325,0.45,0.45
fig4_immune_onset,996.0,14.0,,-8.835341365461847,2,326,1084.0,2026800326,0.45,0.45
fig4_immune_onset,1206.0,14.0,,18.325041459369828,2,327,984.9999999999999,2026800327,0.45,0.45
fig4_immune_onset,1322.0,14.0,,9.304084720121029,2,328,1199.0,2026800328,0.45,0.45
fig4_immune_onset,1232.0,14.0,,16.964285714285715,2,329,1023.0,2026800329,0.45,0.45
fig4_immune_onset,1028.0,14.0,,4.1828793774319175,2,330,984.9999999999999,2026800330,0.45,0.45
fig4_immune_onset,893.0,14.0,,1.4557670772676372,2,331,880.0,2026800331,0.45,0.45
fig4_immune_onset,1075.0,14.0,,1.0232558139534884,2,332,1064.0,2026800332,0.45,0.45
fig4_immune_onset,1631.0000000000002,14.0,,-6.683016554261161,2,333,1739.9999999999998,2026800333,0.45,0.45
fig4_immune_onset,1310.0,14.0,,20.610687022900763,2,334,1040.0,2026800334,0.45,0.45
fig4_immune_onset,893.0,14.0,,-1.6797312430011198,2,335,908.0,2026800335,0.45,0.45
fig4_immune_onset,1506.0,14.0,,10.690571049136786,2,336,1345.0,2026800336,0.45,0.45
fig4_immune_onset,702.0,14.0,,18.945868945868945,2,337,569.0,2026800337,0.45,0.45
fig4_immune_onset,1110.0,14.0,,0.7207207207207207,2,338,1102.0,2026800338,0.45,0.45
fig4_immune_onset,1398.0,14.0,,18.741058655221746,2,339,1136.0,2026800339,0.45,0.45
fig4_immune_onset,1121.0,14.0,,-0.8028545941123997,2,340,1130.0,2026800340,0.45,0.45
fig4_immune_onset,816.0000000000001,14.0,,-2.083333333333333,2,341,833.0000000000001,2026800341,0.45,0.45
fig4_immune_onset,1229.0,14.0,,12.855980471928397,2,342,1071.0,2026800342,0.45,0.45
fig4_immune_onset,869.0,14.0,,-4.718066743383199,2,343,910.0,2026800343,0.45,0.45
fig4_immune_onset,897.0,14.0,,12.263099219620958,2,344,787.0,2026800344,0.45,0.45
fig4_immune_onset,1245.0,14.0,,14.377510040160642,2,345,1066.0,2026800345,0.45,0.45
fig4_immune_onset,918.0000000000001,14.0,,12.091503267973854,2,346,807.0000000000001,2026800346,0.45,0.45
fig4_immune_onset,731.0,14.0,,-18.33105335157319,2,347,865.0,2026800347,0.45,0.45
fig4_immune_onset,1009.0,14.0,,6.1446977205153726,2,348,946.9999999999999,2026800348,0.45,0.45
fig4_immune_onset,1003.0000000000001,14.0,,14.057826520438704,2,349,861.9999999999999,2026800349,0.45,0.45
fig4_immune_onset,1041.0,14.0,,-14.601344860710855,2,350,1193.0,2026800350,0.45,0.45
fig4_immune_onset,1277.0,14.0,,1.5661707126076743,2,351,1257.0,2026800351,0.45,0.45
fig4_immune_onset,1154.0,14.0,,11.9584055459272,2,352,1016.0000000000001,2026800352,0.45,0.45
fig4_immune_onset,1370.0,14.0,,2.7737226277372264,2,353,1332.0,2026800353,0.45,0.45
fig4_immune_onset,1374.0,14.0,,12.008733624454148,2,354,1209.0,2026800354,0.45,0.45
fig4_immune_onset,1047.0,14.0,,5.6351480420248325,2,355,988.0,2026800355,0.45,0.45
fig4_immune_onset,1047.0,14.0,,-1.3371537726838587,2,356,1061.0,2026800356,0.45,0.45
fig4_immune_onset,1279.0,14.0,,6.020328381548085,2,357,1202.0,2026800357,0.45,0.45
fig4_immune_onset,1056.0,14.0,,3.6931818181818183,2,358,1017.0,2026800358,0.45,0.45
fig4_immune_onset,1533.0,14.0,,12.58969341161122,2,359,1340.0,2026800359,0.45,0.45
fig4_immune_onset,1017.0,14.0,,-8.16125860373648,2,360,1100.0,2026800360,0.45,0.45
fig4_immune_onset,1094.0,14.0,,7.861060329067642,2,361,1008.0,2026800361,0.45,0.45
fig4_immune_onset,1141.0,14.0,,2.9798422436459244,2,362,1107.0,2026800362,0.45,0.45
fig4_immune_onset,1169.0,14.0,,-1.8819503849443968,2,363,1191.0,2026800363,0.45,0.45
fig4_immune_onset,1746.0,14.0,,23.825887743413517,2,364,1330.0,2026800364,0.45,0.45
fig4_immune_onset,889.0,14.0,,16.87289088863892,2,365,739.0,2026800365,0.45,0.45
fig4_immune_onset,997.0,14.0,,9.628886659979928,2,366,901.0000000000001,2026800366,0.45,0.45
fig4_immune_onset,1290.0,14.0,,15.891472868217054,2,367,1085.0,2026800367,0.45,0.45
fig4_immune_onset,980.9999999999999,14.0,,1.1213047910295502,2,368,970.0,2026800368,0.45,0.45
fig4_immune_onset,1093.0,14.0,,24.885635864592864,2,369,821.0,2026800369,0.45,0.45
fig4_immune_onset,1092.0,14.0,,10.622710622710622,2,370,976.0,2026800370,0.45,0.45
fig4_immune_onset,1101.0,14.0,,5.722070844686648,2,371,1038.0,2026800371,0.45,0.45
fig4_immune_onset,937.0,14.0,,9.711846318036287,2,372,846.0,2026800372,0.45,0.45
fig4_immune_onset,1063.0,14.0,,7.902163687676388,2,373,979.0,2026800373,0.45,0.45
fig4_immune_onset,1326.0,14.0,,15.987933634992459,2,374,1114.0,2026800374,0.45,0.45
fig4_immune_onset,788.0,14.0,,-1.5228426395939085,2,375,800.0,2026800375,0.45,0.45
fig4_immune_onset,1350.0,14.0,,13.333333333333334,2,376,1170.0,2026800376,0.45,0.45
fig4_immune_onset,1511.0,14.0,,-4.831237590999338,2,377,1584.0,2026800377,0.45,0.45
fig4_immune_onset,1149.0,14.0,,12.619669277632724,2,378,1004.0,2026800378,0.45,0.45
fig4_immune_onset,1001.0,14.0,,3.596403596403585,2,379,965.0000000000001,2026800379,0.45,0.45
fig4_immune_onset,1124.0,14.0,,5.0711743772241995,2,380,1067.0,2026800380,0.45,0.45
fig4_immune_onset,1078.0,14.0,,-2.3191094619666046,2,381,1103.0,2026800381,0.45,0.45
fig4_immune_onset,1379.0,14.0,,11.022480058013054,2,382,1227.0,2026800382,0.45,0.45
fig4_immune_onset,1023.0,14.0,,18.963831867057674,2,383,829.0,2026800383,0.45,0.45
fig4_immune_onset,844.9999999999999,14.0,,1.4201183431952396,2,384,833.0000000000001,2026800384,0.45,0.45
fig4_immune_onset,1178.0,14.0,,19.100169779286926,2,385,953.0,2026800385,0.45,0.45
fig4_immune_onset,706.0,14.0,,9.91501416430595,2,386,636.0,2026800386,0.45,0.45
fig4_immune_onset,1280.0,14.0,,8.828125,2,387,1167.0,2026800387,0.45,0.45
fig4_immune_onset,1297.0,14.0,,9.946029298380878,2,388,1168.0,2026800388,0.45,0.45
fig4_immune_onset,942.9999999999999,14.0,,8.907741251325547,2,389,859.0,2026800389,0.45,0.45
fig4_immune_onset,712.0,14.0,,12.07865168539326,2,390,626.0,2026800390,0.45,0.45
fig4_immune_onset,1092.0,14.0,,-2.838827838827839,2,391,1123.0,2026800391,0.45,0.45
fig4_immune_onset,1192.0,14.0,,10.151006711409396,2,392,1071.0,2026800392,0.45,0.45
fig4_immune_onset,1432.0,14.0,,18.78491620111732,2,393,1163.0,2026800393,0.45,0.45
fig4_immune_onset,1257.0,14.0,,16.86555290373906,2,394,1045.0,2026800394,0.45,0.45
fig4_immune_onset,1083.0,14.0,,9.879963065558634,2,395,976.0,2026800395,0.45,0.45
fig4_immune_onset,831.9999999999999,14.0,,0.7211538461538326,2,396,826.0,2026800396,0.45,0.45
fig4_immune_onset,1443.0,14.0,,13.790713790713792,2,397,1244.0,2026800397,0.45,0.45
fig4_immune_onset,1418.0,14.0,,-9.026798307475318,2,398,1546.0,2026800398,0.45,0.45
fig4_immune_onset,1240.0,14.0,,2.903225806451613,2,399,1204.0,2026800399,0.45,0.45
fig4_immune_onset,1421.0,14.0,,15.833919774806475,2,400,1196.0,2026800400,0.45,0.45
fig4_immune_onset,878.9999999999999,14.0,,4.550625711035255,2,401,839.0,2026800401,0.45,0.45
fig4_immune_onset,847.0,14.0,,12.987012987012987,2,402,737.0,2026800402,0.45,0.45
fig4_immune_onset,1182.0,14.0,,16.159052453468696,2,403,991.0,2026800403,0.45,0.45
fig4_immune_onset,1136.0,14.0,,16.549295774647877,2,404,948.0000000000001,2026800404,0.45,0.45
fig4_immune_onset,1241.0,14.0,,9.26672038678485,2,405,1126.0,2026800405,0.45,0.45
fig4_immune_onset,1087.0,14.0,,2.0239190432382705,2,406,1065.0,2026800406,0.45,0.45
fig4_immune_onset,991.0,14.0,,7.870837537840576,2,407,912.9999999999999,2026800407,0.45,0.45
fig4_immune_onset,942.0,14.0,,-1.167728237791932,2,408,953.0,2026800408,0.45,0.45
fig4_immune_onset,1112.0,14.0,,19.514388489208635,2,409,895.0,2026800409,0.45,0.45
fig4_immune_onset,1172.0,14.0,,8.617747440273037,2,410,1071.0,2026800410,0.45,0.45
fig4_immune_onset,936.0,14.0,,2.6709401709401708,2,411,911.0,2026800411,0.45,0.45
fig4_immune_onset,1624.0,14.0,,19.334975369458128,2,412,1310.0,2026800412,0.45,0.45
fig4_immune_onset,1544.0,14.0,,2.784974093264249,2,413,1501.0,2026800413,0.45,0.45
fig4_immune_onset,1327.0,14.0,,3.3157498116051243,2,414,1283.0,2026800414,0.45,0.45
fig4_immune_onset,1157.0,14.0,,2.5064822817631804,2,415,1128.0,2026800415,0.45,0.45
fig4_immune_onset,935.0000000000001,14.0,,16.577540106951883,2,416,780.0,2026800416,0.45,0.45
fig4_immune_onset,1253.0,14.0,,8.220271348762969,2,417,1150.0,2026800417,0.45,0.45
fig4_immune_onset,1031.0,14.0,,8.729388942774007,2,418,941.0,2026800418,0.45,0.45
fig4_immune_onset,970.0,14.0,,10.824742268041238,2,419,865.0,2026800419,0.45,0.45
fig4_immune_onset,1401.0,14.0,,1.4989293361884368,2,420,1380.0,2026800420,0.45,0.45
fig4_immune_onset,973.0000000000001,14.0,,-3.3915724563206457,2,421,1006.0,2026800421,0.45,0.45
fig4_immune_onset,1209.0,14.0,,16.87344913151365,2,422,1005.0,2026800422,0.45,0.45
fig4_immune_onset,787.0,14.0,,13.468869123252858,2,423,681.0,2026800423,0.45,0.45
fig4_immune_onset,814.0,14.0,,1.9656019656019796,2,424,797.9999999999999,2026800424,0.45,0.45
fig4_immune_onset,889.0,14.0,,13.27334083239595,2,425,771.0,2026800425,0.45,0.45
fig4_immune_onset,1370.0,14.0,,10.583941605839415,2,426,1225.0,2026800426,0.45,0.45
fig4_immune_onset,1225.0,14.0,,7.26530612244898,2,427,1136.0,2026800427,0.45,0.45
fig4_immune_onset,1103.0,14.0,,1.9945602901178603,2,428,1081.0,2026800428,0.45,0.45
fig4_immune_onset,984.9999999999999,14.0,,8.629441624365484,2,429,899.9999999999999,2026800429,0.45,0.45
fig4_immune_onset,1202.0,14.0,,0.08319467554076539,2,430,1201.0,2026800430,0.45,0.45
fig4_immune_onset,919.0,14.0,,-22.415669205658325,2,431,1125.0,2026800431,0.45,0.45
fig4_immune_onset,1105.0,14.0,,0.5429864253393665,2,432,1099.0,2026800432,0.45,0.45
fig4_immune_onset,1217.0,14.0,,11.33935907970419,2,433,1079.0,2026800433,0.45,0.45
fig4_immune_onset,920.0,14.0,,14.456521739130435,2,434,787.0,2026800434,0.45,0.45
fig4_immune_onset,1189.0,14.0,,13.45668629100084,2,435,1029.0,2026800435,0.45,0.45
fig4_immune_onset,1010.9999999999999,14.0,,-5.539070227497539,2,436,1067.0,2026800436,0.45,0.45
fig4_immune_onset,910.0,14.0,,-0.8791208791208917,2,437,918.0000000000001,2026800437,0.45,0.45
fig4_immune_onset,780.0,14.0,,5.256410256410256,2,438,739.0,2026800438,0.45,0.45
fig4_immune_onset,1121.0,14.0,,7.582515611061552,2,439,1036.0,2026800439,0.45,0.45
fig4_immune_onset,1069.0,14.0,,14.125350795135631,2,440,918.0000000000001,2026800440,0.45,0.45
fig4_immune_onset,797.9999999999999,14.0,,5.137844611528809,2,441,757.0,2026800441,0.45,0.45
fig4_immune_onset,1100.0,14.0,,5.636363636363637,2,442,1038.0,2026800442,0.45,0.45
fig4_immune_onset,1132.0,14.0,,3.091872791519435,2,443,1097.0,2026800443,0.45,0.45
fig4_immune_onset,1046.0,14.0,,5.066921606118547,2,444,993.0,2026800444,0.45,0.45
fig4_immune_onset,1036.0,14.0,,19.98069498069498,2,445,829.0,2026800445,0.45,0.45
fig4_immune_onset,841.0000000000001,14.0,,10.225921521997634,2,446,755.0,2026800446,0.45,0.45
fig4_immune_onset,1180.0,14.0,,8.389830508474576,2,447,1081.0,2026800447,0.45,0.45
fig4_immune_onset,1022.0,14.0,,-2.935420743639922,2,448,1052.0,2026800448,0.45,0.45
fig4_immune_onset,1129.0,14.0,,17.0947741364039,2,449,936.0,2026800449,0.45,0.45
fig4_immune_onset,1078.0,14.0,,-5.75139146567718,2,450,1140.0,2026800450,0.45,0.45
fig4_immune_onset,992.0,14.0,,12.096774193548388,2,451,872.0,2026800451,0.45,0.45
fig4_immune_onset,1093.0,14.0,,12.991765782250695,2,452,950.9999999999999,2026800452,0.45,0.45
fig4_immune_onset,1210.0,14.0,,7.68595041322314,2,453,1117.0,2026800453,0.45,0.45
fig4_immune_onset,997.9999999999999,14.0,,20.440881763527056,2,454,793.9999999999999,2026800454,0.45,0.45
fig4_immune_onset,860.0,14.0,,7.209302325581408,2,455,797.9999999999999,2026800455,0.45,0.45
fig4_immune_onset,946.9999999999999,14.0,,18.05702217529038,2,456,776.0,2026800456,0.45,0.45
fig4_immune_onset,1273.0,14.0,,1.5710919088766693,2,457,1253.0,2026800457,0.45,0.45
fig4_immune_onset,1109.0,14.0,,5.500450856627593,2,458,1048.0,2026800458,0.45,0.45
fig4_immune_onset,1111.0,14.0,,0.0,2,459,1111.0,2026800459,0.45,0.45
fig4_immune_onset,1569.9999999999998,14.0,,2.9936305732483937,2,460,1523.0,2026800460,0.45,0.45
fig4_immune_onset,925.0,14.0,,-1.5135135135135258,2,461,939.0000000000001,2026800461,0.45,0.45
fig4_immune_onset,986.0000000000001,14.0,,10.446247464503063,2,462,882.9999999999999,2026800462,0.45,0.45
fig4_immune_onset,1503.0,14.0,,10.312707917498336,2,463,1348.0,2026800463,0.45,0.45
fig4_immune_onset,1124.0,14.0,,-2.6690391459074734,2,464,1154.0,2026800464,0.45,0.45
fig4_immune_onset,1191.0,14.0,,3.6104114189756507,2,465,1148.0,2026800465,0.45,0.45
fig4_immune_onset,1309.0,14.0,,23.453017570664638,2,466,1001.9999999999999,2026800466,0.45,0.45
fig4_immune_onset,1197.0,14.0,,14.285714285714286,2,467,1026.0,2026800467,0.45,0.45
fig4_immune_onset,1427.0,14.0,,20.602662929222145,2,468,1133.0,2026800468,0.45,0.45
fig4_immune_onset,1567.0,14.0,,3.5737077217613273,2,469,1511.0,2026800469,0.45,0.45
fig4_immune_onset,1185.0,14.0,,10.126582278481013,2,470,1065.0,2026800470,0.45,0.45
fig4_immune_onset,699.0,14.0,,7.439198855507868,2,471,647.0,2026800471,0.45,0.45
fig4_immune_onset,997.9999999999999,14.0,,-4.509018036072156,2,472,1043.0,2026800472,0.45,0.45
fig4_immune_onset,1102.0,14.0,,2.3593466424682394,2,473,1076.0,2026800473,0.45,0.45
fig4_immune_onset,1099.0,14.0,,-0.09099181073703366,2,474,1100.0,2026800474,0.45,0.45
fig4_immune_onset,1052.0,14.0,,3.612167300380228,2,475,1014.0,2026800475,0.45,0.45
fig4_immune_onset,1320.0,14.0,,12.424242424242424,2,476,1156.0,2026800476,0.45,0.45
fig4_immune_onset,955.0,14.0,,2.8272251308900525,2,477,928.0,2026800477,0.45,0.45
fig4_immune_onset,984.9999999999999,14.0,,10.050761421319788,2,478,886.0,2026800478,0.45,0.45
fig4_immune_onset,1173.0,14.0,,13.213981244671782,2,479,1018.0,2026800479,0.45,0.45
fig4_immune_onset,848.9999999999999,14.0,,20.965842167255584,2,480,671.0,2026800480,0.45,0.45
fig4_immune_onset,1018.9999999999999,14.0,,13.837095191364073,2,481,878.0,2026800481,0.45,0.45
fig4_immune_onset,1134.0,14.0,,-1.5873015873015872,2,482,1152.0,2026800482,0.45,0.45
fig4_immune_onset,831.9999999999999,14.0,,2.4038461538461404,2,483,812.0,2026800483,0.45,0.45
fig4_immune_onset,786.0000000000001,14.0,,7.888040712468206,2,484,724.0,2026800484,0.45,0.45
fig4_immune_onset,991.0,14.0,,-0.8072653884964797,2,485,999.0000000000001,2026800485,0.45,0.45
fig4_immune_onset,1193.0,14.0,,8.130762782900252,2,486,1096.0,2026800486,0.45,0.45
fig4_immune_onset,983.0,14.0,,-1.8311291963377416,2,487,1001.0,2026800487,0.45,0.45
fig4_immune_onset,703.0,14.0,,10.668563300142248,2,488,628.0,2026800488,0.45,0.45
fig4_immune_onset,1057.0,14.0,,14.664143803216652,2,489,902.0,2026800489,0.45,0.45
fig4_immune_onset,788.0,14.0,,-4.949238578680203,2,490,827.0,2026800490,0.45,0.45
fig4_immune_onset,871.0000000000001,14.0,,-0.34443168771525673,2,491,874.0,2026800491,0.45,0.45
fig4_immune_onset,1221.0,14.0,,5.896805896805897,2,492,1149.0,2026800492,0.45,0.45
fig4_immune_onset,1269.0,14.0,,5.831363278171789,2,493,1195.0,2026800493,0.45,0.45
fig4_immune_onset,1199.0,14.0,,7.089241034195163,2,494,1114.0,2026800494,0.45,0.45
fig4_immune_onset,748.0,14.0,,-18.983957219251337,2,495,890.0,2026800495,0.45,0.45
fig4_immune_onset,973.0000000000001,14.0,,-7.194244604316535,2,496,1043.0,2026800496,0.45,0.45
fig4_immune_onset,882.0,14.0,,19.614512471655328,2,497,709.0,2026800497,0.45,0.45
fig4_immune_onset,908.0,14.0,,-3.193832599118943,2,498,937.0,2026800498,0.45,0.45
fig4_immune_onset,1322.0,14.0,,16.565809379727686,2,499,1103.0,2026800499,0.45,0.45
fig4_immune_onset,1343.0,14.0,,6.105733432613552,2,500,1261.0,2026800500,0.45,0.45
fig4_immune_onset,1163.0,14.0,,15.82115219260533,2,501,979.0,2026800501,0.45,0.45
fig4_immune_onset,1188.0,14.0,,10.353535353535353,2,502,1065.0,2026800502,0.45,0.45
fig4_immune_onset,1324.0,14.0,,2.2658610271903323,2,503,1294.0,2026800503,0.45,0.45
fig4_immune_onset,1310.0,14.0,,14.80916030534351,2,504,1116.0,2026800504,0.45,0.45
fig4_immune_onset,1150.0,14.0,,5.913043478260869,2,505,1082.0,2026800505,0.45,0.45
fig4_immune_onset,1066.0,14.0,,7.410881801125703,2,506,987.0,2026800506,0.45,0.45
fig4_immune_onset,976.9999999999999,14.0,,-9.928352098259992,2,507,1074.0,2026800507,0.45,0.45
fig4_immune_onset,1271.0,14.0,,7.238394964594807,2,508,1179.0,2026800508,0.45,0.45
fig4_immune_onset,810.9999999999999,14.0,,0.7398273736128098,2,509,805.0,2026800509,0.45,0.45
fig4_immune_onset,892.0000000000001,14.0,,5.829596412556065,2,510,840.0,2026800510,0.45,0.45
fig4_immune_onset,835.9999999999999,14.0,,-1.1961722488038415,2,511,846.0,2026800511,0.45,0.45
fig4_immune_onset,1227.0,14.0,,10.676446617766912,2,512,1096.0,2026800512,0.45,0.45
fig4_immune_onset,1215.0,14.0,,6.91358024691358,2,513,1131.0,2026800513,0.45,0.45
fig4_immune_onset,990.0000000000001,14.0,,-3.7373737373737255,2,514,1027.0,2026800514,0.45,0.45
fig4_immune_onset,941.0,14.0,,3.08182784272051,2,515,912.0,2026800515,0.45,0.45
fig4_immune_onset,927.0,14.0,,-5.393743257820916,2,516,976.9999999999999,2026800516,0.45,0.45
fig4_immune_onset,1327.0,14.0,,10.625470987189148,2,517,1186.0,2026800517,0.45,0.45
fig4_immune_onset,1123.0,14.0,,-0.26714158504007124,2,518,1126.0,2026800518,0.45,0.45
fig4_immune_onset,1195.0,14.0,,21.841004184100427,2,519,933.9999999999999,2026800519,0.45,0.45
fig4_immune_onset,1366.0,14.0,,-0.8052708638360175,2,520,1377.0,2026800520,0.45,0.45
fig4_immune_onset,1038.0,14.0,,-14.64354527938343,2,521,1190.0,2026800521,0.45,0.45
fig4_immune_onset,986.0000000000001,14.0,,-11.76470588235293,2,522,1102.0,2026800522,0.45,0.45
fig4_immune_onset,908.0,14.0,,-10.242290748898679,2,523,1001.0,2026800523,0.45,0.45
fig4_immune_onset,823.0,14.0,,2.67314702308627,2,524,801.0,2026800524,0.45,0.45
fig4_immune_onset,1255.0,14.0,,18.16733067729084,2,525,1027.0,2026800525,0.45,0.45
fig4_immune_onset,1506.0,14.0,,11.155378486055778,2,526,1338.0,2026800526,0.45,0.45
fig4_immune_onset,1092.0,14.0,,-1.0073260073260073,2,527,1103.0,2026800527,0.45,0.45
fig4_immune_onset,686.0,14.0,,13.119533527696793,2,528,596.0,2026800528,0.45,0.45
fig4_immune_onset,812.0,14.0,,12.438423645320198,2,529,711.0,2026800529,0.45,0.45
fig4_immune_onset,1280.0,14.0,,14.453125,2,530,1095.0,2026800530,0.45,0.45
fig4_immune_onset,1216.0,14.0,,6.332236842105263,2,531,1139.0,2026800531,0.45,0.45
fig4_immune_onset,1368.0,14.0,,19.883040935672515,2,532,1096.0,2026800532,0.45,0.45
fig4_immune_onset,1213.0,14.0,,5.028854080791426,2,533,1152.0,2026800533,0.45,0.45
fig4_immune_onset,959.9999999999999,14.0,,12.812499999999979,2,534,837.0000000000001,2026800534,0.45,0.45
fig4_immune_onset,1299.0,14.0,,13.163972286374134,2,535,1128.0,2026800535,0.45,0.45
fig4_immune_onset,927.0,14.0,,-7.5512405609492985,2,536,997.0,2026800536,0.45,0.45
fig4_immune_onset,1149.0,14.0,,11.314186248912106,2,537,1018.9999999999999,2026800537,0.45,0.45
fig4_immune_onset,1151.0,14.0,,12.163336229365779,2,538,1010.9999999999999,2026800538,0.45,0.45
fig4_immune_onset,1216.0,14.0,,6.661184210526316,2,539,1135.0,2026800539,0.45,0.45
fig4_immune_onset,738.0,14.0,,-12.737127371273697,2,540,831.9999999999999,2026800540,0.45,0.45
fig4_immune_onset,1139.0,14.0,,-2.370500438981563,2,541,1166.0,2026800541,0.45,0.45
fig4_immune_onset,1359.0,14.0,,15.2317880794702,2,542,1152.0,2026800542,0.45,0.45
fig4_immune_onset,1077.0,14.0,,4.456824512534819,2,543,1029.0,2026800543,0.45,0.45
fig4_immune_onset,1391.0,14.0,,15.025161754133716,2,544,1182.0,2026800544,0.45,0.45
fig4_immune_onset,1077.0,14.0,,13.556174558960075,2,545,931.0,2026800545,0.45,0.45
fig4_immune_onset,1184.0,14.0,,2.1114864864864864,2,546,1159.0,2026800546,0.45,0.45
fig4_immune_onset,903.9999999999999,14.0,,7.300884955752201,2,547,838.0,2026800547,0.45,0.45
fig4_immune_onset,919.0,14.0,,0.4352557127312296,2,548,915.0,2026800548,0.45,0.45
fig4_immune_onset,1241.0,14.0,,2.0145044319097503,2,549,1216.0,2026800549,0.45,0.45
fig4_immune_onset,1183.0,14.0,,3.3812341504649197,2,550,1143.0,2026800550,0.45,0.45
fig4_immune_onset,1094.0,14.0,,1.6453382084095065,2,551,1076.0,2026800551,0.45,0.45
fig4_immune_onset,760.0,14.0,,1.9736842105263157,2,552,745.0,2026800552,0.45,0.45
fig4_immune_onset,1465.0,14.0,,6.484641638225256,2,553,1370.0,2026800553,0.45,0.45
fig4_immune_onset,1165.0,14.0,,9.699570815450643,2,554,1052.0,2026800554,0.45,0.45
fig4_immune_onset,920.0,14.0,,20.76086956521739,2,555,729.0,2026800555,0.45,0.45
fig4_immune_onset,1221.0,14.0,,3.0303030303030303,2,556,1184.0,2026800556,0.45,0.45
fig4_immune_onset,971.0,14.0,,11.22554067971165,2,557,861.9999999999999,2026800557,0.45,0.45
fig4_immune_onset,1220.0,14.0,,-0.2459016393442623,2,558,1223.0,2026800558,0.45,0.45
fig4_immune_onset,1203.0,14.0,,-10.55694098088113,2,559,1330.0,2026800559,0.45,0.45
fig4_immune_onset,1505.0,14.0,,1.5282392026578073,2,560,1482.0,2026800560,0.45,0.45
fig4_immune_onset,612.0,14.0,,7.8431372549019605,2,561,564.0,2026800561,0.45,0.45
fig4_immune_onset,1120.0,14.0,,17.857142857142858,2,562,920.0,2026800562,0.45,0.45
fig4_immune_onset,1039.0,14.0,,-0.19249278152069296,2,563,1041.0,2026800563,0.45,0.45
fig4_immune_onset,912.9999999999999,14.0,,-9.529025191675807,2,564,1000.0,2026800564,0.45,0.45
fig4_immune_onset,1338.0,14.0,,9.192825112107624,2,565,1215.0,2026800565,0.45,0.45
fig4_immune_onset,1014.9999999999999,14.0,,10.8374384236453,2,566,905.0000000000001,2026800566,0.45,0.45
fig4_immune_onset,880.0,14.0,,0.3409090909090909,2,567,877.0,2026800567,0.45,0.45
fig4_immune_onset,1488.0,14.0,,11.35752688172043,2,568,1319.0,2026800568,0.45,0.45
fig4_immune_onset,689.0,14.0,,7.6923076923076925,2,569,636.0,2026800569,0.45,0.45
fig4_immune_onset,1200.0,14.0,,6.75,2,570,1119.0,2026800570,0.45,0.45
fig4_immune_onset,1342.0,14.0,,7.377049180327869,2,571,1243.0,2026800571,0.45,0.45
fig4_immune_onset,762.0,14.0,,-0.26246719160104987,2,572,764.0,2026800572,0.45,0.45
fig4_immune_onset,991.0,14.0,,21.39253279515641,2,573,779.0,2026800573,0.45,0.45
fig4_immune_onset,1232.0,14.0,,-1.7045454545454546,2,574,1253.0,2026800574,0.45,0.45
fig4_immune_onset,852.0,14.0,,-5.633802816901396,2,575,899.9999999999999,2026800575,0.45,0.45
fig4_immune_onset,1209.0,14.0,,8.188585607940446,2,576,1110.0,2026800576,0.45,0.45
fig4_immune_onset,1080.0,14.0,,19.72222222222221,2,577,867.0000000000001,2026800577,0.45,0.45
fig4_immune_onset,767.0,14.0,,10.691003911342895,2,578,685.0,2026800578,0.45,0.45
fig4_immune_onset,1058.0,14.0,,2.7410207939508506,2,579,1029.0,2026800579,0.45,0.45
fig4_immune_onset,1459.0,14.0,,0.3427004797806717,2,580,1454.0,2026800580,0.45,0.45
fig4_immune_onset,799.0000000000001,14.0,,11.514392991239061,2,581,707.0,2026800581,0.45,0.45
fig4_immune_onset,1042.0,14.0,,1.6314779270633397,2,582,1025.0,2026800582,0.45,0.45
fig4_immune_onset,877.0,14.0,,-2.8506271379703536,2,583,902.0,2026800583,0.45,0.45
fig4_immune_onset,1277.0,14.0,,12.372748629600627,2,584,1119.0,2026800584,0.45,0.45
fig4_immune_onset,1228.0,14.0,,0.24429967426710097,2,585,1225.0,2026800585,0.45,0.45
fig4_immune_onset,1433.0,14.0,,18.28332170272156,2,586,1171.0,2026800586,0.45,0.45
fig4_immune_onset,1271.0,14.0,,6.451612903225806,2,587,1189.0,2026800587,0.45,0.45
fig4_immune_onset,1386.0,14.0,,9.451659451659452,2,588,1255.0,2026800588,0.45,0.45
fig4_immune_onset,976.0,14.0,,7.991803278688525,2,589,898.0,2026800589,0.45,0.45
fig4_immune_onset,1254.0,14.0,,2.7910685805422646,2,590,1219.0,2026800590,0.45,0.45
fig4_immune_onset,1357.0,14.0,,-2.210759027266028,2,591,1387.0,2026800591,0.45,0.45
fig4_immune_onset,1306.0,14.0,,17.68759571209801,2,592,1075.0,2026800592,0.45,0.45
fig4_immune_onset,797.0,14.0,,-8.90840652446675,2,593,868.0,2026800593,0.45,0.45
fig4_immune_onset,1253.0,14.0,,9.417398244213887,2,594,1135.0,2026800594,0.45,0.45
fig4_immune_onset,1513.0,14.0,,7.931262392597488,2,595,1393.0,2026800595,0.45,0.45
fig4_immune_onset,959.9999999999999,14.0,,11.24999999999999,2,596,852.0,2026800596,0.45,0.45
fig4_immune_onset,841.0000000000001,14.0,,4.280618311533901,2,597,805.0,2026800597,0.45,0.45
fig4_immune_onset,1201.0,14.0,,3.5803497085761866,2,598,1158.0,2026800598,0.45,0.45
fig4_immune_onset,1175.0,14.0,,-7.148936170212766,2,599,1259.0,2026800599,0.45,0.45
fig4_immune_onset,1173.0,14.0,,7.928388746803069,2,600,1080.0,2026800600,0.45,0.45
fig4_immune_onset,1209.0,14.0,,0.5789909015715468,2,601,1202.0,2026800601,0.45,0.45
fig4_immune_onset,1094.0,14.0,,8.592321755027422,2,602,1000.0,2026800602,0.45,0.45
fig4_immune_onset,690.0,14.0,,-11.44927536231884,2,603,769.0,2026800603,0.45,0.45
fig4_immune_onset,905.0000000000001,14.0,,15.69060773480664,2,604,763.0,2026800604,0.45,0.45
fig4_immune_onset,1050.0,14.0,,20.285714285714274,2,605,837.0000000000001,2026800605,0.45,0.45
fig4_immune_onset,844.0,14.0,,2.843601895734584,2,606,820.0000000000001,2026800606,0.45,0.45
fig4_immune_onset,1661.0,14.0,,9.090909090909092,2,607,1510.0,2026800607,0.45,0.45
fig4_immune_onset,1177.0,14.0,,12.914188615123194,2,608,1025.0,2026800608,0.45,0.45
fig4_immune_onset,1276.0,14.0,,17.163009404388713,2,609,1057.0,2026800609,0.45,0.45
fig4_immune_onset,1292.0,14.0,,12.461300309597524,2,610,1131.0,2026800610,0.45,0.45
fig4_immune_onset,1283.0,14.0,,7.092751363990647,2,611,1192.0,2026800611,0.45,0.45
fig4_immune_onset,983.0,14.0,,-5.595116988809766,2,612,1038.0,2026800612,0.45,0.45
fig4_immune_onset,916.9999999999999,14.0,,-0.3271537622682785,2,613,920.0,2026800613,0.45,0.45
fig4_immune_onset,1667.0,14.0,,7.198560287942412,2,614,1547.0,2026800614,0.45,0.45
fig4_immune_onset,1237.0,14.0,,-23.039611964430073,2,615,1522.0,2026800615,0.45,0.45
fig4_immune_onset,1014.9999999999999,14.0,,16.65024630541871,2,616,846.0,2026800616,0.45,0.45
fig4_immune_onset,1802.0000000000002,14.0,,12.81908990011101,2,617,1570.9999999999998,2026800617,0.45,0.45
fig4_immune_onset,942.9999999999999,14.0,,-12.831389183457064,2,618,1064.0,2026800618,0.45,0.45
fig4_immune_onset,1024.0,14.0,,21.875,2,619,800.0,2026800619,0.45,0.45
fig4_immune_onset,1654.9999999999998,14.0,,4.108761329305136,2,620,1586.9999999999998,2026800620,0.45,0.45
fig4_immune_onset,835.0,14.0,,4.431137724550912,2,621,797.9999999999999,2026800621,0.45,0.45
fig4_immune_onset,1270.0,14.0,,22.36220472440944,2,622,986.0000000000001,2026800622,0.45,0.45
fig4_immune_onset,1005.0,14.0,,0.39800995024875624,2,623,1001.0,2026800623,0.45,0.45
fig4_immune_onset,670.0,14.0,,15.671641791044776,2,624,565.0,2026800624,0.45,0.45
fig4_immune_onset,1353.0,14.0,,-2.6607538802660753,2,625,1389.0,2026800625,0.45,0.45
fig4_immune_onset,1358.0,14.0,,5.44918998527246,2,626,1284.0,2026800626,0.45,0.45
fig4_immune_onset,795.0,14.0,,9.056603773584905,2,627,723.0,2026800627,0.45,0.45
fig4_immune_onset,1010.9999999999999,14.0,,8.50642927794262,2,628,925.0,2026800628,0.45,0.45
fig4_immune_onset,1095.0,14.0,,4.109589041095891,2,629,1050.0,2026800629,0.45,0.45
fig4_immune_onset,1137.0,14.0,,6.508355321020229,2,630,1063.0,2026800630,0.45,0.45
fig4_immune_onset,1438.0,14.0,,-4.867872044506258,2,631,1508.0,2026800631,0.45,0.45
fig4_immune_onset,940.0,14.0,,-1.1702127659574346,2,632,950.9999999999999,2026800632,0.45,0.45
fig4_immune_onset,1599.0,14.0,,7.879924953095685,2,633,1473.0,2026800633,0.45,0.45
fig4_immune_onset,1387.0,14.0,,5.191059841384282,2,634,1315.0,2026800634,0.45,0.45
fig4_immune_onset,1198.0,14.0,,8.347245409015025,2,635,1098.0,2026800635,0.45,0.45
fig4_immune_onset,1464.0,14.0,,6.557377049180328,2,636,1368.0,2026800636,0.45,0.45
fig4_immune_onset,1375.0,14.0,,0.509090909090909,2,637,1368.0,2026800637,0.45,0.45
fig4_immune_onset,1202.0,14.0,,12.895174708818635,2,638,1047.0,2026800638,0.45,0.45
fig4_immune_onset,970.0,14.0,,6.391752577319588,2,639,908.0,2026800639,0.45,0.45
fig4_immune_onset,1220.0,14.0,,22.540983606557376,2,640,945.0,2026800640,0.45,0.45
fig4_immune_onset,921.0,14.0,,11.509229098805658,2,641,814.9999999999999,2026800641,0.45,0.45
fig4_immune_onset,882.0,14.0,,-3.5147392290249306,2,642,912.9999999999999,2026800642,0.45,0.45
fig4_immune_onset,686.0,14.0,,-26.822157434402317,2,643,869.9999999999999,2026800643,0.45,0.45
fig4_immune_onset,910.0,14.0,,8.351648351648352,2,644,834.0,2026800644,0.45,0.45
fig4_immune_onset,831.9999999999999,14.0,,-14.663461538461554,2,645,954.0,2026800645,0.45,0.45
fig4_immune_onset,1242.0,14.0,,-0.4830917874396135,2,646,1248.0,2026800646,0.45,0.45
fig4_immune_onset,940.0,14.0,,9.787234042553191,2,647,848.0,2026800647,0.45,0.45
fig4_immune_onset,920.0,14.0,,11.847826086956534,2,648,810.9999999999999,2026800648,0.45,0.45
fig4_immune_onset,610.0,14.0,,-1.1475409836065573,2,649,617.0,2026800649,0.45,0.45
fig4_immune_onset,1067.0,14.0,,12.464854732895981,2,650,933.9999999999999,2026800650,0.45,0.45
fig4_immune_onset,1154.0,14.0,,6.759098786828423,2,651,1076.0,2026800651,0.45,0.45
fig4_immune_onset,880.0,14.0,,-11.136363636363637,2,652,978.0,2026800652,0.45,0.45
fig4_immune_onset,1251.0,14.0,,6.954436450839329,2,653,1164.0,2026800653,0.45,0.45
fig4_immune_onset,821.0,14.0,,-1.0962241169305724,2,654,830.0,2026800654,0.45,0.45
fig4_immune_onset,1565.0,14.0,,3.194888178913738,2,655,1515.0,2026800655,0.45,0.45
fig4_immune_onset,954.0,14.0,,5.555555555555544,2,656,901.0000000000001,2026800656,0.45,0.45
fig4_immune_onset,751.0,14.0,,13.315579227696405,2,657,651.0,2026800657,0.45,0.45
fig4_immune_onset,990.0000000000001,14.0,,-1.6161616161616046,2,658,1006.0,2026800658,0.45,0.45
fig4_immune_onset,1232.0,14.0,,14.285714285714286,2,659,1056.0,2026800659,0.45,0.45
fig4_immune_onset,1186.0,14.0,,5.227655986509275,2,660,1124.0,2026800660,0.45,0.45
fig4_immune_onset,1320.0,14.0,,9.393939393939394,2,661,1196.0,2026800661,0.45,0.45
fig4_immune_onset,1000.0,14.0,,2.6,2,662,974.0,2026800662,0.45,0.45
fig4_immune_onset,1143.0,14.0,,23.009623797025373,2,663,880.0,2026800663,0.45,0.45
fig4_immune_onset,942.0,14.0,,7.32484076433121,2,664,873.0,2026800664,0.45,0.45
fig4_immune_onset,1339.0,14.0,,6.796116504854369,2,665,1248.0,2026800665,0.45,0.45
fig4_immune_onset,763.0,14.0,,8.125819134993447,2,666,701.0,2026800666,0.45,0.45
fig4_immune_onset,1336.0,14.0,,3.44311377245509,2,667,1290.0,2026800667,0.45,0.45
fig4_immune_onset,1034.0,14.0,,12.282398452611218,2,668,907.0,2026800668,0.45,0.45
fig4_immune_onset,1098.0,14.0,,22.586520947176673,2,669,850.0000000000001,2026800669,0.45,0.45
fig4_immune_onset,1260.0,14.0,,9.841269841269842,2,670,1136.0,2026800670,0.45,0.45
fig4_immune_onset,767.0,14.0,,11.473272490221643,2,671,679.0,2026800671,0.45,0.45
fig4_immune_onset,938.0,14.0,,7.5692963752665126,2,672,867.0000000000001,2026800672,0.45,0.45
fig4_immune_onset,805.0,14.0,,5.341614906832298,2,673,762.0,2026800673,0.45,0.45
fig4_immune_onset,899.9999999999999,14.0,,12.555555555555545,2,674,787.0,2026800674,0.45,0.45
fig4_immune_onset,1293.0,14.0,,13.070378963650425,2,675,1124.0,2026800675,0.45,0.45
fig4_immune_onset,1389.0,14.0,,9.791216702663787,2,676,1253.0,2026800676,0.45,0.45
fig4_immune_onset,1068.0,14.0,,-6.46067415730337,2,677,1137.0,2026800677,0.45,0.45
fig4_immune_onset,1083.0,14.0,,3.508771929824561,2,678,1045.0,2026800678,0.45,0.45
fig4_immune_onset,667.0,14.0,,-7.496251874062969,2,679,717.0,2026800679,0.45,0.45
fig4_immune_onset,969.0000000000001,14.0,,7.739938080495366,2,680,894.0,2026800680,0.45,0.45
fig4_immune_onset,1376.0,14.0,,13.80813953488372,2,681,1186.0,2026800681,0.45,0.45
fig4_immune_onset,790.0000000000001,14.0,,18.481012658227858,2,682,644.0,2026800682,0.45,0.45
fig4_immune_onset,1006.0,14.0,,1.0934393638170974,2,683,995.0,2026800683,0.45,0.45
fig4_immune_onset,983.0,14.0,,5.696846388606307,2,684,927.0,2026800684,0.45,0.45
fig4_immune_onset,850.0000000000001,14.0,,2.7058823529411895,2,685,827.0,2026800685,0.45,0.45
fig4_immune_onset,1674.0000000000002,14.0,,9.25925925925927,2,686,1519.0,2026800686,0.45,0.45
fig4_immune_onset,1131.0,14.0,,10.167992926613607,2,687,1016.0000000000001,2026800687,0.45,0.45
fig4_immune_onset,803.0000000000001,14.0,,5.230386052303873,2,688,761.0,2026800688,0.45,0.45
fig4_immune_onset,1221.0,14.0,,6.388206388206388,2,689,1143.0,2026800689,0.45,0.45
fig4_immune_onset,831.0,14.0,,4.693140794223827,2,690,792.0,2026800690,0.45,0.45
fig4_immune_onset,1072.0,14.0,,-0.2798507462686567,2,691,1075.0,2026800691,0.45,0.45
fig4_immune_onset,1257.0,14.0,,10.66030230708035,2,692,1123.0,2026800692,0.45,0.45
fig4_immune_onset,1083.0,14.0,,-12.18836565096953,2,693,1215.0,2026800693,0.45,0.45
fig4_immune_onset,1251.0,14.0,,1.9184652278177459,2,694,1227.0,2026800694,0.45,0.45
fig4_immune_onset,864.0,14.0,,-12.037037037037024,2,695,967.9999999999999,2026800695,0.45,0.45
fig4_immune_onset,1166.0,14.0,,-10.4631217838765,2,696,1288.0,2026800696,0.45,0.45
fig4_immune_onset,754.0,14.0,,7.161803713527852,2,697,700.0,2026800697,0.45,0.45
fig4_immune_onset,1245.0,14.0,,9.317269076305221,2,698,1129.0,2026800698,0.45,0.45
fig4_immune_onset,1028.0,14.0,,8.754863813229573,2,699,938.0,2026800699,0.45,0.45
fig4_immune_onset,1043.0,14.0,,19.463087248322147,2,700,840.0,2026800700,0.45,0.45
fig4_immune_onset,1285.0,14.0,,20.233463035019454,2,701,1025.0,2026800701,0.45,0.45
fig4_immune_onset,1265.0,14.0,,8.142292490118576,2,702,1162.0,2026800702,0.45,0.45
fig4_immune_onset,1223.0,14.0,,5.9689288634505315,2,703,1150.0,2026800703,0.45,0.45
fig4_immune_onset,1163.0,14.0,,3.181427343078246,2,704,1126.0,2026800704,0.45,0.45
fig4_immune_onset,1289.0,14.0,,-5.3529868114817685,2,705,1358.0,2026800705,0.45,0.45
fig4_immune_onset,1147.0,14.0,,2.353966870095902,2,706,1120.0,2026800706,0.45,0.45
fig4_immune_onset,1232.0,14.0,,14.204545454545455,2,707,1057.0,2026800707,0.45,0.45
fig4_immune_onset,1193.0,14.0,,3.352891869237217,2,708,1153.0,2026800708,0.45,0.45
fig4_immune_onset,1324.0,14.0,,19.86404833836858,2,709,1061.0,2026800709,0.45,0.45
fig4_immune_onset,895.9999999999999,14.0,,17.075892857142847,2,710,743.0,2026800710,0.45,0.45
fig4_immune_onset,1348.0,14.0,,15.578635014836795,2,711,1138.0,2026800711,0.45,0.45
fig4_immune_onset,1223.0,14.0,,11.201962387571545,2,712,1086.0,2026800712,0.45,0.45
fig4_immune_onset,1168.0,14.0,,2.2260273972602738,2,713,1142.0,2026800713,0.45,0.45
fig4_immune_onset,1302.0,14.0,,-5.990783410138249,2,714,1380.0,2026800714,0.45,0.45
fig4_immune_onset,923.0,14.0,,-18.309859154929576,2,715,1092.0,2026800715,0.45,0.45
fig4_immune_onset,942.9999999999999,14.0,,-2.120890774125145,2,716,963.0,2026800716,0.45,0.45
fig4_immune_onset,920.0,14.0,,3.260869565217391,2,717,890.0,2026800717,0.45,0.45
fig4_immune_onset,919.0,14.0,,8.269858541893363,2,718,843.0,2026800718,0.45,0.45
fig4_immune_onset,857.0,14.0,,10.035005834305718,2,719,771.0,2026800719,0.45,0.45
fig4_immune_onset,1155.0,14.0,,8.051948051948052,2,720,1062.0,2026800720,0.45,0.45
fig4_immune_onset,1265.0,14.0,,-1.4229249011857708,2,721,1283.0,2026800721,0.45,0.45
fig4_immune_onset,1424.0,14.0,,0.6320224719101124,2,722,1415.0,2026800722,0.45,0.45
fig4_immune_onset,1234.0,14.0,,10.53484602917342,2,723,1104.0,2026800723,0.45,0.45
fig4_immune_onset,1073.0,14.0,,6.803355079217148,2,724,1000.0,2026800724,0.45,0.45
fig4_immune_onset,1180.0,14.0,,3.8983050847457625,2,725,1134.0,2026800725,0.45,0.45
fig4_immune_onset,949.0,14.0,,7.903055848261328,2,726,874.0,2026800726,0.45,0.45
fig4_immune_onset,1377.0,14.0,,16.049382716049383,2,727,1156.0,2026800727,0.45,0.45
fig4_immune_onset,1009.0,14.0,,2.4777006937561943,2,728,984.0,2026800728,0.45,0.45
fig4_immune_onset,1338.0,14.0,,9.790732436472346,2,729,1207.0,2026800729,0.45,0.45
fig4_immune_onset,1235.0,14.0,,6.882591093117409,2,730,1150.0,2026800730,0.45,0.45
fig4_immune_onset,878.9999999999999,14.0,,-6.7121729237770325,2,731,938.0,2026800731,0.45,0.45
fig4_immune_onset,1047.0,14.0,,24.92836676217764,2,732,786.0000000000001,2026800732,0.45,0.45
fig4_immune_onset,997.9999999999999,14.0,,4.308617234468928,2,733,955.0,2026800733,0.45,0.45
fig4_immune_onset,1355.0,14.0,,15.276752767527675,2,734,1148.0,2026800734,0.45,0.45
fig4_immune_onset,1123.0,14.0,,21.727515583259137,2,735,878.9999999999999,2026800735,0.45,0.45
fig4_immune_onset,1464.0,14.0,,19.330601092896174,2,736,1181.0,2026800736,0.45,0.45
fig4_immune_onset,715.0,14.0,,-21.958041958041957,2,737,872.0,2026800737,0.45,0.45
fig4_immune_onset,1153.0,14.0,,-8.412836079791848,2,738,1250.0,2026800738,0.45,0.45
fig4_immune_onset,1160.0,14.0,,-3.793103448275862,2,739,1204.0,2026800739,0.45,0.45
fig4_immune_onset,1536.0,14.0,,10.546875,2,740,1374.0,2026800740,0.45,0.45
fig4_immune_onset,874.0,14.0,,6.407322654462242,2,741,818.0,2026800741,0.45,0.45
fig4_immune_onset,1096.0,14.0,,0.9124087591240876,2,742,1086.0,2026800742,0.45,0.45
fig4_immune_onset,677.0,14.0,,-9.896602658788774,2,743,744.0,2026800743,0.45,0.45
fig4_immune_onset,872.0,14.0,,3.8990825688073394,2,744,838.0,2026800744,0.45,0.45
fig4_immune_onset,1207.0,14.0,,-0.9113504556752279,2,745,1218.0,2026800745,0.45,0.45
fig4_immune_onset,975.0,14.0,,5.538461538461538,2,746,921.0,2026800746,0.45,0.45
fig4_immune_onset,1379.0,14.0,,13.197969543147208,2,747,1197.0,2026800747,0.45,0.45
fig4_immune_onset,1182.0,14.0,,-10.236886632825719,2,748,1303.0,2026800748,0.45,0.45
fig4_immune_onset,1378.0,14.0,,1.1611030478955007,2,749,1362.0,2026800749,0.45,0.45
fig4_immune_onset,1531.0,14.0,,13.585891574134553,2,750,1323.0,2026800750,0.45,0.45
fig4_immune_onset,1098.0,14.0,,1.092896174863388,2,751,1086.0,2026800751,0.45,0.45
fig4_immune_onset,1155.0,14.0,,0.3463203463203463,2,752,1151.0,2026800752,0.45,0.45
fig4_immune_onset,1288.0,14.0,,3.4937888198757765,2,753,1243.0,2026800753,0.45,0.45
fig4_immune_onset,1376.0,14.0,,19.549418604651162,2,754,1107.0,2026800754,0.45,0.45
fig4_immune_onset,1158.0,14.0,,11.744386873920552,2,755,1022.0,2026800755,0.45,0.45
fig4_immune_onset,957.0,14.0,,14.106583072100314,2,756,822.0,2026800756,0.45,0.45
fig4_immune_onset,1165.0,14.0,,6.952789699570816,2,757,1084.0,2026800757,0.45,0.45
fig4_immune_onset,1424.0,14.0,,2.8792134831460676,2,758,1383.0,2026800758,0.45,0.45
fig4_immune_onset,901.0000000000001,14.0,,14.095449500554949,2,759,774.0,2026800759,0.45,0.45
fig4_immune_onset,1210.0,14.0,,10.165289256198347,2,760,1087.0,2026800760,0.45,0.45
fig4_immune_onset,1208.0,14.0,,3.890728476821192,2,761,1161.0,2026800761,0.45,0.45
fig4_immune_onset,933.0,14.0,,0.10718113612004287,2,762,932.0,2026800762,0.45,0.45
fig4_immune_onset,1271.0,14.0,,16.758457907159716,2,763,1058.0,2026800763,0.45,0.45
fig4_immune_onset,1070.0,14.0,,-8.598130841121495,2,764,1162.0,2026800764,0.45,0.45
fig4_immune_onset,1319.0,14.0,,4.169825625473844,2,765,1264.0,2026800765,0.45,0.45
fig4_immune_onset,942.9999999999999,14.0,,17.073170731707307,2,766,782.0,2026800766,0.45,0.45
fig4_immune_onset,1177.0,14.0,,12.74426508071368,2,767,1027.0,2026800767,0.45,0.45
fig4_immune_onset,1086.0,14.0,,9.116022099447514,2,768,987.0,2026800768,0.45,0.45
fig4_immune_onset,956.0000000000001,14.0,,8.577405857740596,2,769,874.0,2026800769,0.45,0.45
fig4_immune_onset,1307.0,14.0,,-8.64575363427697,2,770,1420.0,2026800770,0.45,0.45
fig4_immune_onset,1258.0,14.0,,13.27503974562798,2,771,1091.0,2026800771,0.45,0.45
fig4_immune_onset,1038.0,14.0,,-3.179190751445087,2,772,1071.0,2026800772,0.45,0.45
fig4_immune_onset,1028.0,14.0,,7.101167315175097,2,773,955.0,2026800773,0.45,0.45
fig4_immune_onset,1658.0,14.0,,5.850422195416164,2,774,1561.0,2026800774,0.45,0.45
fig4_immune_onset,1081.0,14.0,,4.902867715078631,2,775,1028.0,2026800775,0.45,0.45
fig4_immune_onset,921.0,14.0,,6.406080347448437,2,776,861.9999999999999,2026800776,0.45,0.45
fig4_immune_onset,1142.0,14.0,,11.208406304728546,2,777,1014.0,2026800777,0.45,0.45
fig4_immune_onset,1294.0,14.0,,-1.545595054095827,2,778,1314.0,2026800778,0.45,0.45
fig4_immune_onset,1052.0,14.0,,-3.4220532319391634,2,779,1088.0,2026800779,0.45,0.45
fig4_immune_onset,925.9999999999999,14.0,,-4.1036717062634995,2,780,963.9999999999999,2026800780,0.45,0.45
fig4_immune_onset,1140.0,14.0,,0.5263157894736842,2,781,1134.0,2026800781,0.45,0.45
fig4_immune_onset,1016.0000000000001,14.0,,8.169291338582687,2,782,933.0,2026800782,0.45,0.45
fig4_immune_onset,871.0000000000001,14.0,,2.181400688863388,2,783,852.0,2026800783,0.45,0.45
fig4_immune_onset,993.9999999999999,14.0,,-5.533199195171038,2,784,1049.0,2026800784,0.45,0.45
fig4_immune_onset,1007.0000000000001,14.0,,13.406156901688192,2,785,872.0,2026800785,0.45,0.45
fig4_immune_onset,1014.0,14.0,,-5.9171597633136095,2,786,1074.0,2026800786,0.45,0.45
fig4_immune_onset,1164.0,14.0,,15.206185567010309,2,787,987.0,2026800787,0.45,0.45
fig4_immune_onset,1543.0,14.0,,24.56254050550875,2,788,1164.0,2026800788,0.45,0.45
fig4_immune_onset,741.0,14.0,,-9.31174089068826,2,789,810.0,2026800789,0.45,0.45
fig4_immune_onset,1166.0,14.0,,15.694682675814752,2,790,983.0,2026800790,0.45,0.45
fig4_immune_onset,1088.0,14.0,,13.511029411764707,2,791,941.0,2026800791,0.45,0.45
fig4_immune_onset,1451.0,14.0,,10.613370089593383,2,792,1297.0,2026800792,0.45,0.45
fig4_immune_onset,1133.0,14.0,,21.80052956751986,2,793,886.0,2026800793,0.45,0.45
fig4_immune_onset,1457.0,14.0,,-4.392587508579273,2,794,1521.0,2026800794,0.45,0.45
fig4_immune_onset,1211.0,14.0,,25.18579686209744,2,795,906.0,2026800795,0.45,0.45
fig4_immune_onset,1179.0,14.0,,18.40542832909245,2,796,962.0,2026800796,0.45,0.45
fig4_immune_onset,1418.0,14.0,,13.469675599435826,2,797,1227.0,2026800797,0.45,0.45
fig4_immune_onset,868.0,14.0,,19.23963133640553,2,798,701.0,2026800798,0.45,0.45
fig4_immune_onset,1161.0,14.0,,7.493540051679586,2,799,1074.0,2026800799,0.45,0.45
fig4_immune_onset,1628.0,14.0,,1.5356265356265357,2,800,1603.0,2026800800,0.45,0.45
fig4_immune_onset,929.9999999999999,14.0,,4.3010752688171925,2,801,890.0,2026800801,0.45,0.45
fig4_immune_onset,1373.0,14.0,,-20.684632192279697,2,802,1657.0000000000002,2026800802,0.45,0.45
fig4_immune_onset,1338.0,14.0,,10.687593423019432,2,803,1195.0,2026800803,0.45,0.45
fig4_immune_onset,886.0,14.0,,2.144469525959355,2,804,867.0000000000001,2026800804,0.45,0.45
fig4_immune_onset,720.0,14.0,,3.888888888888889,2,805,692.0,2026800805,0.45,0.45
fig4_immune_onset,1043.0,14.0,,1.6299137104506232,2,806,1026.0,2026800806,0.45,0.45
fig4_immune_onset,1174.0,14.0,,4.855195911413969,2,807,1117.0,2026800807,0.45,0.45
fig4_immune_onset,927.0,14.0,,5.93311758360302,2,808,872.0,2026800808,0.45,0.45
fig4_immune_onset,1497.0,14.0,,18.37007348029392,2,809,1222.0,2026800809,0.45,0.45
fig4_immune_onset,1242.0,14.0,,18.035426731078903,2,810,1018.0,2026800810,0.45,0.45
fig4_immune_onset,1032.0,14.0,,21.22093023255814,2,811,813.0,2026800811,0.45,0.45
fig4_immune_onset,842.0,14.0,,-4.869358669833717,2,812,882.9999999999999,2026800812,0.45,0.45
fig4_immune_onset,1043.0,14.0,,-2.0134228187919465,2,813,1064.0,2026800813,0.45,0.45
fig4_immune_onset,1157.0,14.0,,3.3707865168539324,2,814,1118.0,2026800814,0.45,0.45
fig4_immune_onset,1028.0,14.0,,13.715953307393006,2,815,886.9999999999999,2026800815,0.45,0.45
fig4_immune_onset,1199.0,14.0,,1.6680567139282736,2,816,1179.0,2026800816,0.45,0.45
fig4_immune_onset,984.9999999999999,14.0,,14.619289340101503,2,817,841.0000000000001,2026800817,0.45,0.45
fig4_immune_onset,1159.0,14.0,,12.68334771354616,2,818,1012.0,2026800818,0.45,0.45
fig4_immune_onset,787.0,14.0,,18.932655654383737,2,819,638.0,2026800819,0.45,0.45
fig4_immune_onset,1326.0,14.0,,6.184012066365008,2,820,1244.0,2026800820,0.45,0.45
fig4_immune_onset,1151.0,14.0,,8.340573414422241,2,821,1055.0,2026800821,0.45,0.45
fig4_immune_onset,1338.0,14.0,,16.292974588938716,2,822,1120.0,2026800822,0.45,0.45
fig4_immune_onset,1231.0,14.0,,10.966693744922827,2,823,1096.0,2026800823,0.45,0.45
fig4_immune_onset,1424.0,14.0,,17.34550561797753,2,824,1177.0,2026800824,0.45,0.45
fig4_immune_onset,1089.0,14.0,,6.9788797061524335,2,825,1013.0,2026800825,0.45,0.45
fig4_immune_onset,1102.0,14.0,,-0.9981851179673321,2,826,1113.0,2026800826,0.45,0.45
fig4_immune_onset,1285.0,14.0,,7.081712062256809,2,827,1194.0,2026800827,0.45,0.45
fig4_immune_onset,1148.0,14.0,,5.139372822299651,2,828,1089.0,2026800828,0.45,0.45
fig4_immune_onset,897.0,14.0,,-32.77591973244147,2,829,1191.0,2026800829,0.45,0.45
fig4_immune_onset,910.0,14.0,,-3.5164835164835164,2,830,942.0,2026800830,0.45,0.45
fig4_immune_onset,1373.0,14.0,,11.507647487254188,2,831,1215.0,2026800831,0.45,0.45
fig4_immune_onset,922.0000000000001,14.0,,-3.579175704989141,2,832,955.0,2026800832,0.45,0.45
fig4_immune_onset,1107.0,14.0,,-2.4390243902439024,2,833,1134.0,2026800833,0.45,0.45
fig4_immune_onset,1215.0,14.0,,9.794238683127572,2,834,1096.0,2026800834,0.45,0.45
fig4_immune_onset,1084.0,14.0,,2.121771217712177,2,835,1061.0,2026800835,0.45,0.45
fig4_immune_onset,1018.9999999999999,14.0,,-1.4720314033366158,2,836,1034.0,2026800836,0.45,0.45
fig4_immune_onset,1329.0,14.0,,5.793829947328819,2,837,1252.0,2026800837,0.45,0.45
fig4_immune_onset,1364.0,14.0,,16.055718475073313,2,838,1145.0,2026800838,0.45,0.45
fig4_immune_onset,1222.0,14.0,,-2.7823240589198037,2,839,1256.0,2026800839,0.45,0.45
fig4_immune_onset,769.0,14.0,,16.124837451235372,2,840,645.0,2026800840,0.45,0.45
fig4_immune_onset,988.0,14.0,,19.129554655870436,2,841,799.0000000000001,2026800841,0.45,0.45
fig4_immune_onset,886.0,14.0,,2.4830699774266365,2,842,864.0,2026800842,0.45,0.45
fig4_immune_onset,1001.0,14.0,,3.896103896103896,2,843,962.0,2026800843,0.45,0.45
fig4_immune_onset,1317.0,14.0,,9.719058466211086,2,844,1189.0,2026800844,0.45,0.45
fig4_immune_onset,1134.0,14.0,,12.081128747795415,2,845,997.0,2026800845,0.45,0.45
fig4_immune_onset,1414.0,14.0,,13.224893917963225,2,846,1227.0,2026800846,0.45,0.45
fig4_immune_onset,1028.0,14.0,,7.101167315175097,2,847,955.0,2026800847,0.45,0.45
fig4_immune_onset,1244.0,14.0,,-6.511254019292605,2,848,1325.0,2026800848,0.45,0.45
fig4_immune_onset,950.0,14.0,,-1.7894736842105263,2,849,967.0,2026800849,0.45,0.45
fig4_immune_onset,865.0,14.0,,3.005780346820809,2,850,839.0,2026800850,0.45,0.45
fig4_immune_onset,861.0,14.0,,8.826945412311279,2,851,784.9999999999999,2026800851,0.45,0.45
fig4_immune_onset,868.0,14.0,,4.608294930875589,2,852,827.9999999999999,2026800852,0.45,0.45
fig4_immune_onset,1318.0,14.0,,8.42185128983308,2,853,1207.0,2026800853,0.45,0.45
fig4_immune_onset,810.0,14.0,,5.185185185185185,2,854,768.0,2026800854,0.45,0.45
fig4_immune_onset,1050.0,14.0,,9.809523809523819,2,855,946.9999999999999,2026800855,0.45,0.45
fig4_immune_onset,1055.0,14.0,,8.625592417061622,2,856,963.9999999999999,2026800856,0.45,0.45
fig4_immune_onset,1215.0,14.0,,-5.51440329218107,2,857,1282.0,2026800857,0.45,0.45
fig4_immune_onset,909.0000000000001,14.0,,5.3905390539054014,2,858,860.0,2026800858,0.45,0.45
fig4_immune_onset,980.9999999999999,14.0,,-0.10193679918452879,2,859,982.0000000000001,2026800859,0.45,0.45
fig4_immune_onset,1205.0,14.0,,7.468879668049793,2,860,1115.0,2026800860,0.45,0.45
fig4_immune_onset,1144.0,14.0,,10.227272727272727,2,861,1027.0,2026800861,0.45,0.45
fig4_immune_onset,980.0,14.0,,-3.877551020408163,2,862,1018.0,2026800862,0.45,0.45
fig4_immune_onset,976.0,14.0,,-0.819672131147541,2,863,984.0,2026800863,0.45,0.45
fig4_immune_onset,921.0,14.0,,2.823018458197611,2,864,895.0,2026800864,0.45,0.45
fig4_immune_onset,1074.0,14.0,,4.189944134078212,2,865,1029.0,2026800865,0.45,0.45
fig4_immune_onset,1069.0,14.0,,-5.9869036482694105,2,866,1133.0,2026800866,0.45,0.45
fig4_immune_onset,1284.0,14.0,,12.071651090342678,2,867,1129.0,2026800867,0.45,0.45
fig4_immune_onset,1018.0,14.0,,9.332023575638507,2,868,923.0,2026800868,0.45,0.45
fig4_immune_onset,1166.0,14.0,,4.030874785591767,2,869,1119.0,2026800869,0.45,0.45
fig4_immune_onset,1225.0,14.0,,15.755102040816327,2,870,1032.0,2026800870,0.45,0.45
fig4_immune_onset,863.0,14.0,,-18.308227114716107,2,871,1021.0,2026800871,0.45,0.45
fig4_immune_onset,1253.0,14.0,,12.450119712689546,2,872,1097.0,2026800872,0.45,0.45
fig4_immune_onset,1237.0,14.0,,10.913500404203718,2,873,1102.0,2026800873,0.45,0.45
fig4_immune_onset,1143.0,14.0,,6.561679790026247,2,874,1068.0,2026800874,0.45,0.45
fig4_immune_onset,1098.0,14.0,,-0.18214936247723132,2,875,1100.0,2026800875,0.45,0.45
fig4_immune_onset,990.0000000000001,14.0,,12.626262626262635,2,876,865.0,2026800876,0.45,0.45
fig4_immune_onset,1017.0,14.0,,20.255653883972478,2,877,810.9999999999999,2026800877,0.45,0.45
fig4_immune_onset,1372.0,14.0,,10.276967930029155,2,878,1231.0,2026800878,0.45,0.45
fig4_immune_onset,1022.0,14.0,,-7.3385518590998045,2,879,1097.0,2026800879,0.45,0.45
fig4_immune_onset,979.0,14.0,,1.1235955056179892,2,880,967.9999999999999,2026800880,0.45,0.45
fig4_immune_onset,1130.0,14.0,,12.389380530973442,2,881,990.0000000000001,2026800881,0.45,0.45
fig4_immune_onset,1122.0,14.0,,-2.406417112299465,2,882,1149.0,2026800882,0.45,0.45
fig4_immune_onset,1222.0,14.0,,13.829787234042554,2,883,1053.0,2026800883,0.45,0.45
fig4_immune_onset,1452.0,14.0,,20.110192837465565,2,884,1160.0,2026800884,0.45,0.45
fig4_immune_onset,1459.0,14.0,,12.611377655928719,2,885,1275.0,2026800885,0.45,0.45
fig4_immune_onset,993.0,14.0,,24.773413897280967,2,886,747.0,2026800886,0.45,0.45
fig4_immune_onset,1235.0,14.0,,8.582995951417004,2,887,1129.0,2026800887,0.45,0.45
fig4_immune_onset,1380.0,14.0,,17.463768115942027,2,888,1139.0,2026800888,0.45,0.45
fig4_immune_onset,1244.0,14.0,,3.2958199356913185,2,889,1203.0,2026800889,0.45,0.45
fig4_immune_onset,1374.0,14.0,,8.58806404657933,2,890,1256.0,2026800890,0.45,0.45
fig4_immune_onset,1432.0,14.0,,12.081005586592179,2,891,1259.0,2026800891,0.45,0.45
fig4_immune_onset,1049.0,14.0,,-5.4337464251668255,2,892,1106.0,2026800892,0.45,0.45
fig4_immune_onset,814.9999999999999,14.0,,-5.153374233128848,2,893,857.0,2026800893,0.45,0.45
fig4_immune_onset,1052.0,14.0,,22.433460076045616,2,894,816.0000000000001,2026800894,0.45,0.45
fig4_immune_onset,933.9999999999999,14.0,,0.32119914346893863,2,895,931.0,2026800895,0.45,0.45
fig4_immune_onset,1150.0,14.0,,10.173913043478262,2,896,1033.0,2026800896,0.45,0.45
fig4_immune_onset,1180.0,14.0,,13.135593220338983,2,897,1025.0,2026800897,0.45,0.45
fig4_immune_onset,1165.0,14.0,,17.93991416309012,2,898,956.0000000000001,2026800898,0.45,0.45
fig4_immune_onset,1443.0,14.0,,4.92030492030492,2,899,1372.0,2026800899,0.45,0.45
fig4_immune_onset,1194.0,14.0,,10.217755443886098,2,900,1072.0,2026800900,0.45,0.45
fig4_immune_onset,1014.0,14.0,,7.199211045364891,2,901,941.0,2026800901,0.45,0.45
fig4_immune_onset,1407.0,14.0,,22.743425728500355,2,902,1087.0,2026800902,0.45,0.45
fig4_immune_onset,1430.0,14.0,,3.5664335664335662,2,903,1379.0,2026800903,0.45,0.45
fig4_immune_onset,1166.0,14.0,,22.21269296740995,2,904,907.0,2026800904,0.45,0.45
fig4_immune_onset,928.0,14.0,,-3.879310344827574,2,905,963.9999999999999,2026800905,0.45,0.45
fig4_immune_onset,911.0,14.0,,-3.841931942919868,2,906,946.0,2026800906,0.45,0.45
fig4_immune_onset,1200.0,14.0,,5.25,2,907,1137.0,2026800907,0.45,0.45
fig4_immune_onset,940.0,14.0,,-13.617021276595745,2,908,1068.0,2026800908,0.45,0.45
fig4_immune_onset,1078.0,14.0,,1.391465677179963,2,909,1063.0,2026800909,0.45,0.45
fig4_immune_onset,673.0,14.0,,6.240713224368499,2,910,631.0,2026800910,0.45,0.45
fig4_immune_onset,1130.0,14.0,,2.6548672566371683,2,911,1100.0,2026800911,0.45,0.45
fig4_immune_onset,963.0,14.0,,-3.322949117341641,2,912,995.0,2026800912,0.45,0.45
fig4_immune_onset,831.0,14.0,,19.133574007220215,2,913,672.0,2026800913,0.45,0.45
fig4_immune_onset,1459.0,14.0,,10.623714873200823,2,914,1304.0,2026800914,0.45,0.45
fig4_immune_onset,1392.0,14.0,,1.0057471264367817,2,915,1378.0,2026800915,0.45,0.45
fig4_immune_onset,1433.0,14.0,,-1.2561060711793441,2,916,1451.0,2026800916,0.45,0.45
fig4_immune_onset,1055.0,14.0,,7.203791469194313,2,917,979.0,2026800917,0.45,0.45
fig4_immune_onset,1063.0,14.0,,-9.313264346190028,2,918,1162.0,2026800918,0.45,0.45
fig4_immune_onset,1043.0,14.0,,19.463087248322147,2,919,840.0,2026800919,0.45,0.45
fig4_immune_onset,816.0000000000001,14.0,,14.828431372549032,2,920,695.0,2026800920,0.45,0.45
fig4_immune_onset,1637.9999999999998,14.0,,13.064713064713054,2,921,1424.0,2026800921,0.45,0.45
fig4_immune_onset,906.0,14.0,,-4.415011037527594,2,922,946.0,2026800922,0.45,0.45
fig4_immune_onset,1310.0,14.0,,5.648854961832061,2,923,1236.0,2026800923,0.45,0.45
fig4_immune_onset,1224.0,14.0,,0.9803921568627451,2,924,1212.0,2026800924,0.45,0.45
fig4_immune_onset,1068.0,14.0,,-17.60299625468165,2,925,1256.0,2026800925,0.45,0.45
fig4_immune_onset,1111.0,14.0,,15.481548154815473,2,926,939.0000000000001,2026800926,0.45,0.45
fig4_immune_onset,1120.0,14.0,,9.732142857142867,2,927,1010.9999999999999,2026800927,0.45,0.45
fig4_immune_onset,1173.0,14.0,,5.200341005967604,2,928,1112.0,2026800928,0.45,0.45
fig4_immune_onset,1057.0,14.0,,4.541154210028382,2,929,1009.0,2026800929,0.45,0.45
fig4_immune_onset,1298.0,14.0,,4.4684129429892145,2,930,1240.0,2026800930,0.45,0.45
fig4_immune_onset,963.0,14.0,,11.11111111111111,2,931,856.0,2026800931,0.45,0.45
fig4_immune_onset,1616.0,14.0,,11.200495049504951,2,932,1435.0,2026800932,0.45,0.45
fig4_immune_onset,1330.0,14.0,,2.6315789473684212,2,933,1295.0,2026800933,0.45,0.45
fig4_immune_onset,1359.0,14.0,,6.401766004415011,2,934,1272.0,2026800934,0.45,0.45
fig4_immune_onset,996.0,14.0,,17.068273092369477,2,935,826.0,2026800935,0.45,0.45
fig4_immune_onset,664.0,14.0,,-10.240963855421686,2,936,732.0,2026800936,0.45,0.45
fig4_immune_onset,1372.0,14.0,,-16.18075801749271,2,937,1594.0,2026800937,0.45,0.45
fig4_immune_onset,999.0000000000001,14.0,,9.009009009009008,2,938,909.0000000000001,2026800938,0.45,0.45
fig4_immune_onset,1497.0,14.0,,8.149632598530394,2,939,1375.0,2026800939,0.45,0.45
fig4_immune_onset,774.0,14.0,,-7.881136950904393,2,940,835.0,2026800940,0.45,0.45
fig4_immune_onset,1508.0,14.0,,17.50663129973475,2,941,1244.0,2026800941,0.45,0.45
fig4_immune_onset,871.0000000000001,14.0,,5.625717566016085,2,942,822.0,2026800942,0.45,0.45
fig4_immune_onset,1055.0,14.0,,2.2748815165876777,2,943,1031.0,2026800943,0.45,0.45
fig4_immune_onset,1435.0,14.0,,-6.2717770034843205,2,944,1525.0,2026800944,0.45,0.45
fig4_immune_onset,1026.0,14.0,,9.941520467836257,2,945,924.0,2026800945,0.45,0.45
fig4_immune_onset,1269.0,14.0,,22.14342001576044,2,946,988.0,2026800946,0.45,0.45
fig4_immune_onset,957.0,14.0,,-1.7763845350052248,2,947,974.0,2026800947,0.45,0.45
fig4_immune_onset,772.0,14.0,,3.1088082901554404,2,948,748.0,2026800948,0.45,0.45
fig4_immune_onset,873.0,14.0,,-11.454753722794973,2,949,973.0000000000001,2026800949,0.45,0.45
fig4_immune_onset,1103.0,14.0,,7.43427017225748,2,950,1021.0,2026800950,0.45,0.45
fig4_immune_onset,1254.0,14.0,,4.226475279106858,2,951,1201.0,2026800951,0.45,0.45
fig4_immune_onset,956.0000000000001,14.0,,7.845188284518839,2,952,881.0,2026800952,0.45,0.45
fig4_immune_onset,1117.0,14.0,,6.624888093106535,2,953,1043.0,2026800953,0.45,0.45
fig4_immune_onset,793.9999999999999,14.0,,-0.377833753148629,2,954,797.0,2026800954,0.45,0.45
fig4_immune_onset,1183.0,14.0,,22.485207100591726,2,955,916.9999999999999,2026800955,0.45,0.45
fig4_immune_onset,1056.0,14.0,,-5.303030303030303,2,956,1112.0,2026800956,0.45,0.45
fig4_immune_onset,1034.0,14.0,,9.477756286266924,2,957,936.0,2026800957,0.45,0.45
fig4_immune_onset,915.0,14.0,,9.398907103825136,2,958,829.0,2026800958,0.45,0.45
fig4_immune_onset,652.0,14.0,,-6.288343558282208,2,959,693.0,2026800959,0.45,0.45
fig4_immune_onset,1099.0,14.0,,11.010009099181074,2,960,978.0,2026800960,0.45,0.45
fig4_immune_onset,837.0000000000001,14.0,,5.854241338112318,2,961,788.0,2026800961,0.45,0.45
fig4_immune_onset,690.0,14.0,,8.695652173913043,2,962,630.0,2026800962,0.45,0.45
fig4_immune_onset,1101.0,14.0,,-4.72297910990009,2,963,1153.0,2026800963,0.45,0.45
fig4_immune_onset,1116.0,14.0,,26.70250896057348,2,964,818.0,2026800964,0.45,0.45
fig4_immune_onset,1373.0,14.0,,18.499635833940278,2,965,1119.0,2026800965,0.45,0.45
fig4_immune_onset,937.0,14.0,,9.6051227321238,2,966,847.0,2026800966,0.45,0.45
fig4_immune_onset,963.9999999999999,14.0,,6.224066390041495,2,967,903.9999999999999,2026800967,0.45,0.45
fig4_immune_onset,1473.0,14.0,,15.071283095723015,2,968,1251.0,2026800968,0.45,0.45
fig4_immune_onset,1330.0,14.0,,15.112781954887218,2,969,1129.0,2026800969,0.45,0.45
fig4_immune_onset,997.9999999999999,14.0,,9.118236472945881,2,970,907.0,2026800970,0.45,0.45
fig4_immune_onset,863.0,14.0,,8.922363847045178,2,971,786.0000000000001,2026800971,0.45,0.45
fig4_immune_onset,1091.0,14.0,,-0.7332722273143905,2,972,1099.0,2026800972,0.45,0.45
fig4_immune_onset,1322.0,14.0,,22.390317700453856,2,973,1026.0,2026800973,0.45,0.45
fig4_immune_onset,1250.0,14.0,,9.84,2,974,1127.0,2026800974,0.45,0.45
fig4_immune_onset,848.9999999999999,14.0,,-9.42285041224972,2,975,929.0,2026800975,0.45,0.45
fig4_immune_onset,1342.0,14.0,,11.624441132637854,2,976,1186.0,2026800976,0.45,0.45
fig4_immune_onset,782.0,14.0,,4.859335038363171,2,977,744.0,2026800977,0.45,0.45
fig4_immune_onset,1008.0,14.0,,2.281746031746043,2,978,984.9999999999999,2026800978,0.45,0.45
fig4_immune_onset,987.0,14.0,,-1.8237082066869301,2,979,1005.0,2026800979,0.45,0.45
fig4_immune_onset,912.9999999999999,14.0,,-2.519167579408556,2,980,936.0,2026800980,0.45,0.45
fig4_immune_onset,700.0,14.0,,7.571428571428571,2,981,647.0,2026800981,0.45,0.45
fig4_immune_onset,1477.0,14.0,,12.660798916723087,2,982,1290.0,2026800982,0.45,0.45
fig4_immune_onset,899.9999999999999,14.0,,8.777777777777766,2,983,821.0,2026800983,0.45,0.45
fig4_immune_onset,1476.0,14.0,,0.06775067750677506,2,984,1475.0,2026800984,0.45,0.45
fig4_immune_onset,1089.0,14.0,,-4.132231404958677,2,985,1134.0,2026800985,0.45,0.45
fig4_immune_onset,1036.0,14.0,,11.293436293436294,2,986,919.0,2026800986,0.45,0.45
fig4_immune_onset,1278.0,14.0,,4.538341158059468,2,987,1220.0,2026800987,0.45,0.45
fig4_immune_onset,1387.0,14.0,,12.112472963229992,2,988,1219.0,2026800988,0.45,0.45
fig4_immune_onset,1028.0,14.0,,2.7237354085603114,2,989,1000.0,2026800989,0.45,0.45
fig4_immune_onset,1101.0,14.0,,4.72297910990009,2,990,1049.0,2026800990,0.45,0.45
fig4_immune_onset,907.0,14.0,,19.18412348401323,2,991,733.0,2026800991,0.45,0.45
fig4_immune_onset,978.0,14.0,,0.9202453987729945,2,992,969.0000000000001,2026800992,0.45,0.45
fig4_immune_onset,1244.0,14.0,,10.209003215434084,2,993,1117.0,2026800993,0.45,0.45
fig4_immune_onset,969.0000000000001,14.0,,11.248710010319927,2,994,860.0,2026800994,0.45,0.45
fig4_immune_onset,1279.0,14.0,,5.473025801407349,2,995,1209.0,2026800995,0.45,0.45
fig4_immune_onset,1018.0,14.0,,6.777996070726916,2,996,949.0,2026800996,0.45,0.45
fig4_immune_onset,1408.0,14.0,,11.71875,2,997,1243.0,2026800997,0.45,0.45
fig4_immune_onset,1230.0,14.0,,14.878048780487806,2,998,1047.0,2026800998,0.45,0.45
fig4_immune_onset,1502.0,14.0,,16.245006657789613,2,999,1258.0,2026800999,0.45,0.45
fig4_immune_onset,685.0,7.0,,11.386861313868613,2,0,607.0,2026800000,0.45,0.45
fig4_immune_onset,1352.0,7.0,,-2.2189349112426036,2,1,1382.0,2026800001,0.45,0.45
fig4_immune_onset,844.0,7.0,,4.383886255924157,2,2,807.0000000000001,2026800002,0.45,0.45
fig4_immune_onset,976.9999999999999,7.0,,-6.038894575230309,2,3,1036.0,2026800003,0.45,0.45
fig4_immune_onset,694.0,7.0,,22.046109510086456,2,4,541.0,2026800004,0.45,0.45
fig4_immune_onset,1295.0,7.0,,-2.548262548262548,2,5,1328.0,2026800005,0.45,0.45
fig4_immune_onset,1285.0,7.0,,11.206225680933851,2,6,1141.0,2026800006,0.45,0.45
fig4_immune_onset,890.0,7.0,,18.202247191011235,2,7,728.0,2026800007,0.45,0.45
fig4_immune_onset,1346.0,7.0,,9.212481426448736,2,8,1222.0,2026800008,0.45,0.45
fig4_immune_onset,1008.0,7.0,,7.5396825396825395,2,9,932.0,2026800009,0.45,0.45
fig4_immune_onset,1192.0,7.0,,5.87248322147651,2,10,1122.0,2026800010,0.45,0.45
fig4_immune_onset,925.9999999999999,7.0,,-5.0755939524838265,2,11,973.0000000000001,2026800011,0.45,0.45
fig4_immune_onset,1330.0,7.0,,7.293233082706767,2,12,1233.0,2026800012,0.45,0.45
fig4_immune_onset,810.0,7.0,,6.666666666666667,2,13,756.0,2026800013,0.45,0.45
fig4_immune_onset,793.9999999999999,7.0,,11.335012594458426,2,14,704.0,2026800014,0.45,0.45
fig4_immune_onset,847.0,7.0,,9.327036599763872,2,15,768.0,2026800015,0.45,0.45
fig4_immune_onset,1040.0,7.0,,-3.9423076923076925,2,16,1081.0,2026800016,0.45,0.45
fig4_immune_onset,1368.0,7.0,,18.932748538011698,2,17,1109.0,2026800017,0.45,0.45
fig4_immune_onset,899.9999999999999,7.0,,3.999999999999988,2,18,864.0,2026800018,0.45,0.45
fig4_immune_onset,911.0,7.0,,20.96597145993414,2,19,720.0,2026800019,0.45,0.45
fig4_immune_onset,1034.0,7.0,,10.058027079303686,2,20,929.9999999999999,2026800020,0.45,0.45
fig4_immune_onset,1308.0,7.0,,0.22935779816513763,2,21,1305.0,2026800021,0.45,0.45
fig4_immune_onset,1162.0,7.0,,4.475043029259897,2,22,1110.0,2026800022,0.45,0.45
fig4_immune_onset,993.0,7.0,,-0.9063444108761215,2,23,1001.9999999999999,2026800023,0.45,0.45
fig4_immune_onset,1101.0,7.0,,20.799273387829246,2,24,872.0,2026800024,0.45,0.45
fig4_immune_onset,975.0,7.0,,-7.282051282051282,2,25,1046.0,2026800025,0.45,0.45
fig4_immune_onset,875.0000000000001,7.0,,14.400000000000011,2,26,749.0,2026800026,0.45,0.45
fig4_immune_onset,1239.0,7.0,,21.38821630347054,2,27,974.0,2026800027,0.45,0.45
fig4_immune_onset,948.0000000000001,7.0,,2.2151898734177333,2,28,927.0,2026800028,0.45,0.45
fig4_immune_onset,1283.0,7.0,,21.044427123928294,2,29,1013.0,2026800029,0.45,0.45
fig4_immune_onset,1057.0,7.0,,0.0,2,30,1057.0,2026800030,0.45,0.45
fig4_immune_onset,894.0,7.0,,34.00447427293065,2,31,590.0,2026800031,0.45,0.45
fig4_immune_onset,1355.0,7.0,,12.472324723247233,2,32,1186.0,2026800032,0.45,0.45
fig4_immune_onset,1541.0,7.0,,11.810512654120702,2,33,1359.0,2026800033,0.45,0.45
fig4_immune_onset,1281.0,7.0,,-11.475409836065573,2,34,1428.0,2026800034,0.45,0.45
fig4_immune_onset,949.0,7.0,,-19.810326659641728,2,35,1137.0,2026800035,0.45,0.45
fig4_immune_onset,1084.0,7.0,,13.653136531365314,2,36,936.0,2026800036,0.45,0.45
fig4_immune_onset,1344.0,7.0,,-1.9345238095238095,2,37,1370.0,2026800037,0.45,0.45
fig4_immune_onset,1279.0,7.0,,11.884284597341674,2,38,1127.0,2026800038,0.45,0.45
fig4_immune_onset,1328.0,7.0,,1.5813253012048192,2,39,1307.0,2026800039,0.45,0.45
fig4_immune_onset,990.0000000000001,7.0,,7.070707070707081,2,40,920.0,2026800040,0.45,0.45
fig4_immune_onset,1001.0,7.0,,-0.8991008991008991,2,41,1010.0,2026800041,0.45,0.45
fig4_immune_onset,1095.0,7.0,,33.881278538812786,2,42,724.0,2026800042,0.45,0.45
fig4_immune_onset,865.0,7.0,,4.971098265895954,2,43,822.0,2026800043,0.45,0.45
fig4_immune_onset,1271.0,7.0,,-0.3933910306845004,2,44,1276.0,2026800044,0.45,0.45
fig4_immune_onset,831.0,7.0,,-4.9338146811070995,2,45,872.0,2026800045,0.45,0.45
fig4_immune_onset,1509.0,7.0,,17.0311464546057,2,46,1252.0,2026800046,0.45,0.45
fig4_immune_onset,1279.0,7.0,,2.9710711493354185,2,47,1241.0,2026800047,0.45,0.45
fig4_immune_onset,801.9999999999999,7.0,,0.12468827930173147,2,48,801.0,2026800048,0.45,0.45
fig4_immune_onset,1107.0,7.0,,12.917795844625124,2,49,963.9999999999999,2026800049,0.45,0.45
fig4_immune_onset,872.0,7.0,,16.513761467889907,2,50,728.0,2026800050,0.45,0.45
fig4_immune_onset,916.0,7.0,,1.5283842794759825,2,51,902.0,2026800051,0.45,0.45
fig4_immune_onset,919.0,7.0,,19.912948857453753,2,52,736.0,2026800052,0.45,0.45
fig4_immune_onset,1162.0,7.0,,20.137693631669535,2,53,928.0,2026800053,0.45,0.45
fig4_immune_onset,1291.0,7.0,,16.576297443841984,2,54,1077.0,2026800054,0.45,0.45
fig4_immune_onset,1268.0,7.0,,15.615141955835963,2,55,1070.0,2026800055,0.45,0.45
fig4_immune_onset,1026.0,7.0,,17.54385964912281,2,56,846.0,2026800056,0.45,0.45
fig4_immune_onset,608.0,7.0,,23.026315789473685,2,57,468.0,2026800057,0.45,0.45
fig4_immune_onset,1427.0,7.0,,8.969866853538893,2,58,1299.0,2026800058,0.45,0.45
fig4_immune_onset,1413.0,7.0,,17.97593772116065,2,59,1159.0,2026800059,0.45,0.45
fig4_immune_onset,881.0,7.0,,-0.34052213393871894,2,60,884.0000000000001,2026800060,0.45,0.45
fig4_immune_onset,827.9999999999999,7.0,,9.541062801932355,2,61,749.0,2026800061,0.45,0.45
fig4_immune_onset,1066.0,7.0,,3.283302063789869,2,62,1031.0,2026800062,0.45,0.45
fig4_immune_onset,1265.0,7.0,,8.616600790513834,2,63,1156.0,2026800063,0.45,0.45
fig4_immune_onset,1009.0,7.0,,4.558969276511397,2,64,963.0,2026800064,0.45,0.45
fig4_immune_onset,1037.0,7.0,,19.28640308582448,2,65,837.0000000000001,2026800065,0.45,0.45
fig4_immune_onset,1039.0,7.0,,-13.185755534167468,2,66,1176.0,2026800066,0.45,0.45
fig4_immune_onset,1129.0,7.0,,-9.12311780336581,2,67,1232.0,2026800067,0.45,0.45
fig4_immune_onset,860.0,7.0,,-8.139534883720918,2,68,929.9999999999999,2026800068,0.45,0.45
fig4_immune_onset,1059.0,7.0,,13.125590179414543,2,69,920.0,2026800069,0.45,0.45
fig4_immune_onset,1462.0,7.0,,7.181942544459645,2,70,1357.0,2026800070,0.45,0.45
fig4_immune_onset,668.0,7.0,,-9.131736526946108,2,71,729.0,2026800071,0.45,0.45
fig4_immune_onset,1398.0,7.0,,26.967095851216023,2,72,1021.0,2026800072,0.45,0.45
fig4_immune_onset,1229.0,7.0,,14.483319772172498,2,73,1051.0,2026800073,0.45,0.45
fig4_immune_onset,822.0,7.0,,5.474452554744525,2,74,777.0,2026800074,0.45,0.45
fig4_immune_onset,1350.0,7.0,,8.074074074074074,2,75,1241.0,2026800075,0.45,0.45
fig4_immune_onset,936.0,7.0,,5.769230769230769,2,76,882.0,2026800076,0.45,0.45
fig4_immune_onset,1338.0,7.0,,10.164424514200299,2,77,1202.0,2026800077,0.45,0.45
fig4_immune_onset,1355.0,7.0,,19.40959409594096,2,78,1092.0,2026800078,0.45,0.45
fig4_immune_onset,941.0,7.0,,-10.30818278427205,2,79,1038.0,2026800079,0.45,0.45
fig4_immune_onset,1055.0,7.0,,9.95260663507109,2,80,950.0,2026800080,0.45,0.45
fig4_immune_onset,1144.0,7.0,,9.003496503496503,2,81,1041.0,2026800081,0.45,0.45
fig4_immune_onset,1735.0,7.0,,20.461095100864554,2,82,1380.0,2026800082,0.45,0.45
fig4_immune_onset,1381.0,7.0,,6.66183924692252,2,83,1289.0,2026800083,0.45,0.45
fig4_immune_onset,996.0,7.0,,0.10040160642570281,2,84,995.0,2026800084,0.45,0.45
fig4_immune_onset,989.0,7.0,,15.975733063700709,2,85,831.0,2026800085,0.45,0.45
fig4_immune_onset,1103.0,7.0,,1.5412511332728922,2,86,1086.0,2026800086,0.45,0.45
fig4_immune_onset,1543.0,7.0,,10.1749837977965,2,87,1386.0,2026800087,0.45,0.45
fig4_immune_onset,1388.0,7.0,,21.54178674351585,2,88,1089.0,2026800088,0.45,0.45
fig4_immune_onset,1021.0,7.0,,10.969637610186082,2,89,909.0000000000001,2026800089,0.45,0.45
fig4_immune_onset,976.9999999999999,7.0,,2.0470829068577165,2,90,957.0,2026800090,0.45,0.45
fig4_immune_onset,1263.0,7.0,,-2.929532858273951,2,91,1300.0,2026800091,0.45,0.45
fig4_immune_onset,1217.0,7.0,,9.120788824979458,2,92,1106.0,2026800092,0.45,0.45
fig4_immune_onset,1308.0,7.0,,4.740061162079511,2,93,1246.0,2026800093,0.45,0.45
fig4_immune_onset,1177.0,7.0,,15.972812234494478,2,94,989.0,2026800094,0.45,0.45
fig4_immune_onset,1463.0,7.0,,12.235133287764867,2,95,1284.0,2026800095,0.45,0.45
fig4_immune_onset,961.0,7.0,,8.949011446409978,2,96,875.0000000000001,2026800096,0.45,0.45
fig4_immune_onset,899.0,7.0,,4.4493882091212456,2,97,859.0,2026800097,0.45,0.45
fig4_immune_onset,1189.0,7.0,,19.596299411269964,2,98,956.0000000000001,2026800098,0.45,0.45
fig4_immune_onset,1315.0,7.0,,14.752851711026617,2,99,1121.0,2026800099,0.45,0.45
fig4_immune_onset,902.0,7.0,,0.5543237250554324,2,100,897.0,2026800100,0.45,0.45
fig4_immune_onset,1169.0,7.0,,-9.067579127459368,2,101,1275.0,2026800101,0.45,0.45
fig4_immune_onset,1213.0,7.0,,24.154987633965376,2,102,920.0,2026800102,0.45,0.45
fig4_immune_onset,1029.0,7.0,,2.5267249757045565,2,103,1003.0000000000001,2026800103,0.45,0.45
fig4_immune_onset,1481.0,7.0,,14.382174206617151,2,104,1268.0,2026800104,0.45,0.45
fig4_immune_onset,1155.0,7.0,,16.96969696969697,2,105,959.0,2026800105,0.45,0.45
fig4_immune_onset,1257.0,7.0,,11.296738265712012,2,106,1115.0,2026800106,0.45,0.45
fig4_immune_onset,1040.0,7.0,,3.8461538461538463,2,107,1000.0,2026800107,0.45,0.45
fig4_immune_onset,1064.0,7.0,,17.857142857142858,2,108,874.0,2026800108,0.45,0.45
fig4_immune_onset,1353.0,7.0,,23.429416112342942,2,109,1036.0,2026800109,0.45,0.45
fig4_immune_onset,1093.0,7.0,,6.495882891125343,2,110,1022.0,2026800110,0.45,0.45
fig4_immune_onset,1174.0,7.0,,6.984667802385008,2,111,1092.0,2026800111,0.45,0.45
fig4_immune_onset,720.0,7.0,,1.1111111111111112,2,112,712.0,2026800112,0.45,0.45
fig4_immune_onset,923.0,7.0,,-5.200433369447454,2,113,971.0,2026800113,0.45,0.45
fig4_immune_onset,1195.0,7.0,,6.443514644351464,2,114,1118.0,2026800114,0.45,0.45
fig4_immune_onset,1273.0,7.0,,8.483896307934014,2,115,1165.0,2026800115,0.45,0.45
fig4_immune_onset,805.0,7.0,,20.372670807453417,2,116,641.0,2026800116,0.45,0.45
fig4_immune_onset,871.0000000000001,7.0,,-2.5258323765786317,2,117,893.0,2026800117,0.45,0.45
fig4_immune_onset,786.0000000000001,7.0,,2.5445292620865283,2,118,766.0,2026800118,0.45,0.45
fig4_immune_onset,1012.0,7.0,,-1.383399209486166,2,119,1026.0,2026800119,0.45,0.45
fig4_immune_onset,820.0000000000001,7.0,,17.07317073170733,2,120,680.0,2026800120,0.45,0.45
fig4_immune_onset,1034.0,7.0,,19.342359767891683,2,121,834.0,2026800121,0.45,0.45
fig4_immune_onset,963.0,7.0,,-5.711318795430945,2,122,1018.0,2026800122,0.45,0.45
fig4_immune_onset,1373.0,7.0,,16.533139111434814,2,123,1146.0,2026800123,0.45,0.45
fig4_immune_onset,1141.0,7.0,,9.377738825591587,2,124,1034.0,2026800124,0.45,0.45
fig4_immune_onset,1233.0,7.0,,13.057583130575832,2,125,1072.0,2026800125,0.45,0.45
fig4_immune_onset,847.0,7.0,,8.500590318772137,2,126,775.0,2026800126,0.45,0.45
fig4_immune_onset,914.0,7.0,,-4.923413566739606,2,127,959.0,2026800127,0.45,0.45
fig4_immune_onset,1370.0,7.0,,8.467153284671532,2,128,1254.0,2026800128,0.45,0.45
fig4_immune_onset,1237.0,7.0,,17.542441390460784,2,129,1020.0000000000001,2026800129,0.45,0.45
fig4_immune_onset,1189.0,7.0,,4.205214465937763,2,130,1139.0,2026800130,0.45,0.45
fig4_immune_onset,1267.0,7.0,,12.07576953433307,2,131,1114.0,2026800131,0.45,0.45
fig4_immune_onset,1091.0,7.0,,3.9413382218148487,2,132,1048.0,2026800132,0.45,0.45
fig4_immune_onset,959.9999999999999,7.0,,1.979166666666655,2,133,941.0,2026800133,0.45,0.45
fig4_immune_onset,718.0,7.0,,3.203342618384401,2,134,695.0,2026800134,0.45,0.45
fig4_immune_onset,1184.0,7.0,,3.2094594594594597,2,135,1146.0,2026800135,0.45,0.45
fig4_immune_onset,923.0,7.0,,16.359696641386783,2,136,772.0,2026800136,0.45,0.45
fig4_immune_onset,1012.0,7.0,,-12.351778656126482,2,137,1137.0,2026800137,0.45,0.45
fig4_immune_onset,875.0000000000001,7.0,,8.00000000000001,2,138,805.0,2026800138,0.45,0.45
fig4_immune_onset,681.0,7.0,,0.0,2,139,681.0,2026800139,0.45,0.45
fig4_immune_onset,1198.0,7.0,,12.93823038397329,2,140,1043.0,2026800140,0.45,0.45
fig4_immune_onset,1442.0,7.0,,-0.06934812760055478,2,141,1443.0,2026800141,0.45,0.45
fig4_immune_onset,1133.0,7.0,,11.032656663724625,2,142,1008.0,2026800142,0.45,0.45
fig4_immune_onset,1367.0,7.0,,5.632772494513533,2,143,1290.0,2026800143,0.45,0.45
fig4_immune_onset,1316.0,7.0,,16.185410334346503,2,144,1103.0,2026800144,0.45,0.45
fig4_immune_onset,984.9999999999999,7.0,,7.512690355329939,2,145,911.0,2026800145,0.45,0.45
fig4_immune_onset,881.0,7.0,,16.23155505107832,2,146,738.0,2026800146,0.45,0.45
fig4_immune_onset,1406.0,7.0,,16.073968705547653,2,147,1180.0,2026800147,0.45,0.45
fig4_immune_onset,1342.0,7.0,,13.338301043219076,2,148,1163.0,2026800148,0.45,0.45
fig4_immune_onset,835.9999999999999,7.0,,2.5119617224880386,2,149,814.9999999999999,2026800149,0.45,0.45
fig4_immune_onset,1207.0,7.0,,23.032311516155758,2,150,929.0,2026800150,0.45,0.45
fig4_immune_onset,1034.0,7.0,,-7.2533849129593815,2,151,1109.0,2026800151,0.45,0.45
fig4_immune_onset,937.0,7.0,,4.482390608324439,2,152,895.0,2026800152,0.45,0.45
fig4_immune_onset,1242.0,7.0,,19.726247987117553,2,153,997.0,2026800153,0.45,0.45
fig4_immune_onset,1640.0000000000002,7.0,,5.182926829268305,2,154,1555.0,2026800154,0.45,0.45
fig4_immune_onset,1088.0,7.0,,-3.860294117647059,2,155,1130.0,2026800155,0.45,0.45
fig4_immune_onset,1373.0,7.0,,-5.753823743627094,2,156,1452.0,2026800156,0.45,0.45
fig4_immune_onset,1098.0,7.0,,12.750455373406194,2,157,958.0,2026800157,0.45,0.45
fig4_immune_onset,1456.0,7.0,,12.362637362637363,2,158,1276.0,2026800158,0.45,0.45
fig4_immune_onset,1168.0,7.0,,-7.61986301369863,2,159,1257.0,2026800159,0.45,0.45
fig4_immune_onset,868.0,7.0,,2.073732718893996,2,160,850.0000000000001,2026800160,0.45,0.45
fig4_immune_onset,984.9999999999999,7.0,,-4.670050761421331,2,161,1031.0,2026800161,0.45,0.45
fig4_immune_onset,1600.0,7.0,,27.4375,2,162,1161.0,2026800162,0.45,0.45
fig4_immune_onset,1056.0,7.0,,25.6628787878788,2,163,784.9999999999999,2026800163,0.45,0.45
fig4_immune_onset,1000.0,7.0,,17.8,2,164,822.0,2026800164,0.45,0.45
fig4_immune_onset,1095.0,7.0,,22.465753424657546,2,165,848.9999999999999,2026800165,0.45,0.45
fig4_immune_onset,814.9999999999999,7.0,,0.12269938650305355,2,166,814.0,2026800166,0.45,0.45
fig4_immune_onset,895.9999999999999,7.0,,19.977678571428562,2,167,717.0,2026800167,0.45,0.45
fig4_immune_onset,959.9999999999999,7.0,,-5.625000000000012,2,168,1014.0,2026800168,0.45,0.45
fig4_immune_onset,1102.0,7.0,,12.613430127041742,2,169,963.0,2026800169,0.45,0.45
fig4_immune_onset,1010.0,7.0,,-16.237623762376238,2,170,1174.0,2026800170,0.45,0.45
fig4_immune_onset,1383.0,7.0,,4.4107013738250185,2,171,1322.0,2026800171,0.45,0.45
fig4_immune_onset,1143.0,7.0,,-3.8495188101487314,2,172,1187.0,2026800172,0.45,0.45
fig4_immune_onset,1569.9999999999998,7.0,,21.78343949044585,2,173,1228.0,2026800173,0.45,0.45
fig4_immune_onset,1086.0,7.0,,-7.826887661141805,2,174,1171.0,2026800174,0.45,0.45
fig4_immune_onset,1282.0,7.0,,8.346333853354134,2,175,1175.0,2026800175,0.45,0.45
fig4_immune_onset,1158.0,7.0,,12.694300518134725,2,176,1010.9999999999999,2026800176,0.45,0.45
fig4_immune_onset,1094.0,7.0,,2.4680073126142594,2,177,1067.0,2026800177,0.45,0.45
fig4_immune_onset,1007.0000000000001,7.0,,8.540218470705074,2,178,921.0,2026800178,0.45,0.45
fig4_immune_onset,979.0,7.0,,13.2788559754852,2,179,848.9999999999999,2026800179,0.45,0.45
fig4_immune_onset,1398.0,7.0,,6.580829756795422,2,180,1306.0,2026800180,0.45,0.45
fig4_immune_onset,1374.0,7.0,,1.455604075691412,2,181,1354.0,2026800181,0.45,0.45
fig4_immune_onset,1008.0,7.0,,16.071428571428573,2,182,846.0,2026800182,0.45,0.45
fig4_immune_onset,869.9999999999999,7.0,,13.563218390804588,2,183,752.0,2026800183,0.45,0.45
fig4_immune_onset,920.0,7.0,,5.760869565217379,2,184,867.0000000000001,2026800184,0.45,0.45
fig4_immune_onset,1124.0,7.0,,12.544483985765124,2,185,983.0,2026800185,0.45,0.45
fig4_immune_onset,1148.0,7.0,,9.320557491289199,2,186,1041.0,2026800186,0.45,0.45
fig4_immune_onset,1670.0,7.0,,3.1137724550898205,2,187,1618.0,2026800187,0.45,0.45
fig4_immune_onset,1057.0,7.0,,7.852412488174077,2,188,974.0,2026800188,0.45,0.45
fig4_immune_onset,723.0,7.0,,-12.033195020746888,2,189,810.0,2026800189,0.45,0.45
fig4_immune_onset,924.0,7.0,,24.134199134199132,2,190,701.0,2026800190,0.45,0.45
fig4_immune_onset,1341.0,7.0,,6.785980611483967,2,191,1250.0,2026800191,0.45,0.45
fig4_immune_onset,912.9999999999999,7.0,,13.143483023001085,2,192,793.0,2026800192,0.45,0.45
fig4_immune_onset,825.0,7.0,,5.575757575757576,2,193,779.0,2026800193,0.45,0.45
fig4_immune_onset,1151.0,7.0,,11.468288444830591,2,194,1018.9999999999999,2026800194,0.45,0.45
fig4_immune_onset,1130.0,7.0,,10.353982300884956,2,195,1013.0,2026800195,0.45,0.45
fig4_immune_onset,1088.0,7.0,,13.143382352941176,2,196,945.0,2026800196,0.45,0.45
fig4_immune_onset,1137.0,7.0,,-8.70712401055409,2,197,1236.0,2026800197,0.45,0.45
fig4_immune_onset,1364.0,7.0,,18.181818181818183,2,198,1116.0,2026800198,0.45,0.45
fig4_immune_onset,1065.0,7.0,,6.76056338028169,2,199,993.0,2026800199,0.45,0.45
fig4_immune_onset,1086.0,7.0,,-2.85451197053407,2,200,1117.0,2026800200,0.45,0.45
fig4_immune_onset,1023.0,7.0,,6.0606060606060606,2,201,961.0,2026800201,0.45,0.45
fig4_immune_onset,1098.0,7.0,,3.734061930783242,2,202,1057.0,2026800202,0.45,0.45
fig4_immune_onset,1235.0,7.0,,21.133603238866396,2,203,974.0,2026800203,0.45,0.45
fig4_immune_onset,1181.0,7.0,,-10.414902624894157,2,204,1304.0,2026800204,0.45,0.45
fig4_immune_onset,1184.0,7.0,,5.574324324324325,2,205,1118.0,2026800205,0.45,0.45
fig4_immune_onset,1065.0,7.0,,5.070422535211278,2,206,1010.9999999999999,2026800206,0.45,0.45
fig4_immune_onset,925.9999999999999,7.0,,16.630669546436277,2,207,772.0,2026800207,0.45,0.45
fig4_immune_onset,895.0,7.0,,-1.229050279329609,2,208,906.0,2026800208,0.45,0.45
fig4_immune_onset,895.0,7.0,,-12.402234636871508,2,209,1006.0,2026800209,0.45,0.45
fig4_immune_onset,996.0,7.0,,1.7068273092369477,2,210,979.0,2026800210,0.45,0.45
fig4_immune_onset,1210.0,7.0,,12.479338842975206,2,211,1059.0,2026800211,0.45,0.45
fig4_immune_onset,1104.0,7.0,,5.072463768115942,2,212,1048.0,2026800212,0.45,0.45
fig4_immune_onset,1044.0,7.0,,14.367816091954023,2,213,894.0,2026800213,0.45,0.45
fig4_immune_onset,1055.0,7.0,,21.80094786729858,2,214,825.0,2026800214,0.45,0.45
fig4_immune_onset,1124.0,7.0,,13.701067615658364,2,215,970.0,2026800215,0.45,0.45
fig4_immune_onset,2009.0,7.0,,6.570433051269299,2,216,1876.9999999999998,2026800216,0.45,0.45
fig4_immune_onset,1230.0,7.0,,14.065040650406504,2,217,1057.0,2026800217,0.45,0.45
fig4_immune_onset,1350.0,7.0,,9.11111111111111,2,218,1227.0,2026800218,0.45,0.45
fig4_immune_onset,1130.0,7.0,,6.725663716814159,2,219,1054.0,2026800219,0.45,0.45
fig4_immune_onset,1158.0,7.0,,9.844559585492227,2,220,1044.0,2026800220,0.45,0.45
fig4_immune_onset,1604.9999999999998,7.0,,10.093457943925221,2,221,1443.0,2026800221,0.45,0.45
fig4_immune_onset,1292.0,7.0,,20.897832817337463,2,222,1022.0,2026800222,0.45,0.45
fig4_immune_onset,867.0000000000001,7.0,,11.072664359861603,2,223,771.0,2026800223,0.45,0.45
fig4_immune_onset,1629.0,7.0,,23.265807243707798,2,224,1250.0,2026800224,0.45,0.45
fig4_immune_onset,1098.0,7.0,,5.2823315118397085,2,225,1040.0,2026800225,0.45,0.45
fig4_immune_onset,1136.0,7.0,,6.338028169014085,2,226,1064.0,2026800226,0.45,0.45
fig4_immune_onset,1338.0,7.0,,-0.37369207772795215,2,227,1343.0,2026800227,0.45,0.45
fig4_immune_onset,1010.9999999999999,7.0,,19.485657764589508,2,228,814.0,2026800228,0.45,0.45
fig4_immune_onset,831.9999999999999,7.0,,9.254807692307681,2,229,755.0,2026800229,0.45,0.45
fig4_immune_onset,928.0,7.0,,14.547413793103448,2,230,793.0,2026800230,0.45,0.45
fig4_immune_onset,895.0,7.0,,15.64245810055866,2,231,755.0,2026800231,0.45,0.45
fig4_immune_onset,1466.0,7.0,,10.845839017735335,2,232,1307.0,2026800232,0.45,0.45
fig4_immune_onset,1033.0,7.0,,16.940948693126806,2,233,858.0000000000001,2026800233,0.45,0.45
fig4_immune_onset,1412.0,7.0,,-0.9915014164305949,2,234,1426.0,2026800234,0.45,0.45
fig4_immune_onset,1206.0,7.0,,-0.41459369817578773,2,235,1211.0,2026800235,0.45,0.45
fig4_immune_onset,1081.0,7.0,,1.387604070305273,2,236,1066.0,2026800236,0.45,0.45
fig4_immune_onset,1317.0,7.0,,12.300683371298405,2,237,1155.0,2026800237,0.45,0.45
fig4_immune_onset,1200.0,7.0,,28.16666666666668,2,238,861.9999999999999,2026800238,0.45,0.45
fig4_immune_onset,565.0,7.0,,-3.3628318584070795,2,239,584.0,2026800239,0.45,0.45
fig4_immune_onset,910.0,7.0,,-13.516483516483516,2,240,1033.0,2026800240,0.45,0.45
fig4_immune_onset,1158.0,7.0,,-5.526770293609672,2,241,1222.0,2026800241,0.45,0.45
fig4_immune_onset,1068.0,7.0,,15.823970037453183,2,242,899.0,2026800242,0.45,0.45
fig4_immune_onset,1018.9999999999999,7.0,,-6.18253189401375,2,243,1082.0,2026800243,0.45,0.45
fig4_immune_onset,1160.0,7.0,,16.03448275862069,2,244,974.0,2026800244,0.45,0.45
fig4_immune_onset,1563.0000000000002,7.0,,12.539987204094702,2,245,1367.0,2026800245,0.45,0.45
fig4_immune_onset,916.9999999999999,7.0,,1.744820065430728,2,246,901.0000000000001,2026800246,0.45,0.45
fig4_immune_onset,1099.0,7.0,,15.832575068243859,2,247,925.0,2026800247,0.45,0.45
fig4_immune_onset,1355.0,7.0,,7.084870848708487,2,248,1259.0,2026800248,0.45,0.45
fig4_immune_onset,1064.0,7.0,,-1.9736842105263157,2,249,1085.0,2026800249,0.45,0.45
fig4_immune_onset,1229.0,7.0,,26.60699755899105,2,250,902.0,2026800250,0.45,0.45
fig4_immune_onset,1306.0,7.0,,20.367534456355283,2,251,1040.0,2026800251,0.45,0.45
fig4_immune_onset,1432.0,7.0,,2.4441340782122905,2,252,1397.0,2026800252,0.45,0.45
fig4_immune_onset,1186.0,7.0,,15.935919055649242,2,253,997.0,2026800253,0.45,0.45
fig4_immune_onset,1470.0,7.0,,16.19047619047619,2,254,1232.0,2026800254,0.45,0.45
fig4_immune_onset,1299.0,7.0,,15.242494226327944,2,255,1101.0,2026800255,0.45,0.45
fig4_immune_onset,1245.0,7.0,,26.66666666666668,2,256,912.9999999999999,2026800256,0.45,0.45
fig4_immune_onset,1055.0,7.0,,1.8009478672985781,2,257,1036.0,2026800257,0.45,0.45
fig4_immune_onset,1037.0,7.0,,2.9893924783027965,2,258,1006.0,2026800258,0.45,0.45
fig4_immune_onset,1507.0,7.0,,15.593895155938952,2,259,1272.0,2026800259,0.45,0.45
fig4_immune_onset,1334.0,7.0,,2.1739130434782608,2,260,1305.0,2026800260,0.45,0.45
fig4_immune_onset,1307.0,7.0,,5.891354246365723,2,261,1230.0,2026800261,0.45,0.45
fig4_immune_onset,1316.0,7.0,,-6.003039513677812,2,262,1395.0,2026800262,0.45,0.45
fig4_immune_onset,627.0,7.0,,-16.586921850079744,2,263,731.0,2026800263,0.45,0.45
fig4_immune_onset,1050.0,7.0,,-8.571428571428571,2,264,1140.0,2026800264,0.45,0.45
fig4_immune_onset,629.0,7.0,,7.154213036565978,2,265,584.0,2026800265,0.45,0.45
fig4_immune_onset,946.0,7.0,,7.716701902748414,2,266,873.0,2026800266,0.45,0.45
fig4_immune_onset,993.0,7.0,,13.494461228600201,2,267,859.0,2026800267,0.45,0.45
fig4_immune_onset,1377.0,7.0,,4.212055192447349,2,268,1319.0,2026800268,0.45,0.45
fig4_immune_onset,1719.0,7.0,,9.07504363001744,2,269,1563.0000000000002,2026800269,0.45,0.45
fig4_immune_onset,1112.0,7.0,,2.068345323741007,2,270,1089.0,2026800270,0.45,0.45
fig4_immune_onset,1112.0,7.0,,9.892086330935262,2,271,1001.9999999999999,2026800271,0.45,0.45
fig4_immune_onset,984.0,7.0,,0.9146341463414634,2,272,975.0,2026800272,0.45,0.45
fig4_immune_onset,928.0,7.0,,12.5,2,273,812.0,2026800273,0.45,0.45
fig4_immune_onset,1188.0,7.0,,2.0202020202020203,2,274,1164.0,2026800274,0.45,0.45
fig4_immune_onset,1259.0,7.0,,15.409054805401112,2,275,1065.0,2026800275,0.45,0.45
fig4_immune_onset,1510.0,7.0,,5.562913907284768,2,276,1426.0,2026800276,0.45,0.45
fig4_immune_onset,1343.0,7.0,,5.137751303052867,2,277,1274.0,2026800277,0.45,0.45
fig4_immune_onset,1439.0,7.0,,19.179986101459345,2,278,1163.0,2026800278,0.45,0.45
fig4_immune_onset,1264.0,7.0,,-10.60126582278481,2,279,1398.0,2026800279,0.45,0.45
fig4_immune_onset,1215.0,7.0,,22.551440329218106,2,280,941.0,2026800280,0.45,0.45
fig4_immune_onset,772.0,7.0,,-0.5181347150259067,2,281,776.0,2026800281,0.45,0.45
fig4_immune_onset,1098.0,7.0,,4.007285974499089,2,282,1054.0,2026800282,0.45,0.45
fig4_immune_onset,1137.0,7.0,,6.860158311345646,2,283,1059.0,2026800283,0.45,0.45
fig4_immune_onset,1677.0,7.0,,20.75134168157424,2,284,1329.0,2026800284,0.45,0.45
fig4_immune_onset,1016.0000000000001,7.0,,3.937007874015759,2,285,976.0,2026800285,0.45,0.45
fig4_immune_onset,982.0000000000001,7.0,,12.830957230142575,2,286,856.0,2026800286,0.45,0.45
fig4_immune_onset,1077.0,7.0,,10.399257195914567,2,287,965.0000000000001,2026800287,0.45,0.45
fig4_immune_onset,1177.0,7.0,,8.751062022090059,2,288,1074.0,2026800288,0.45,0.45
fig4_immune_onset,1298.0,7.0,,19.41448382126348,2,289,1046.0,2026800289,0.45,0.45
fig4_immune_onset,1297.0,7.0,,2.7756360832690823,2,290,1261.0,2026800290,0.45,0.45
fig4_immune_onset,1097.0,7.0,,2.643573381950775,2,291,1068.0,2026800291,0.45,0.45
fig4_immune_onset,1201.0,7.0,,11.5736885928393,2,292,1062.0,2026800292,0.45,0.45
fig4_immune_onset,888.0000000000001,7.0,,-1.3513513513513256,2,293,899.9999999999999,2026800293,0.45,0.45
fig4_immune_onset,835.9999999999999,7.0,,16.38755980861243,2,294,699.0,2026800294,0.45,0.45
fig4_immune_onset,709.0,7.0,,14.527503526093088,2,295,606.0,2026800295,0.45,0.45
fig4_immune_onset,1284.0,7.0,,3.3489096573208723,2,296,1241.0,2026800296,0.45,0.45
fig4_immune_onset,1147.0,7.0,,20.13949433304272,2,297,916.0,2026800297,0.45,0.45
fig4_immune_onset,1604.9999999999998,7.0,,30.218068535825537,2,298,1120.0,2026800298,0.45,0.45
fig4_immune_onset,1532.0,7.0,,-8.420365535248042,2,299,1661.0,2026800299,0.45,0.45
fig4_immune_onset,734.0,7.0,,-9.128065395095367,2,300,801.0,2026800300,0.45,0.45
fig4_immune_onset,1176.0,7.0,,10.96938775510204,2,301,1047.0,2026800301,0.45,0.45
fig4_immune_onset,668.0,7.0,,-10.778443113772456,2,302,740.0,2026800302,0.45,0.45
fig4_immune_onset,1544.0,7.0,,13.147668393782384,2,303,1341.0,2026800303,0.45,0.45
fig4_immune_onset,856.0,7.0,,12.266355140186915,2,304,751.0,2026800304,0.45,0.45
fig4_immune_onset,1146.0,7.0,,6.980802792321117,2,305,1066.0,2026800305,0.45,0.45
fig4_immune_onset,1072.0,7.0,,14.085820895522389,2,306,921.0,2026800306,0.45,0.45
fig4_immune_onset,886.0,7.0,,29.79683972911964,2,307,622.0,2026800307,0.45,0.45
fig4_immune_onset,831.0,7.0,,11.311672683513839,2,308,737.0,2026800308,0.45,0.45
fig4_immune_onset,797.0,7.0,,22.961104140526977,2,309,614.0,2026800309,0.45,0.45
fig4_immune_onset,1027.0,7.0,,7.010710808179162,2,310,955.0,2026800310,0.45,0.45
fig4_immune_onset,1161.0,7.0,,-15.33161068044789,2,311,1339.0,2026800311,0.45,0.45
fig4_immune_onset,1593.0,7.0,,21.84557438794727,2,312,1245.0,2026800312,0.45,0.45
fig4_immune_onset,1320.0,7.0,,8.712121212121213,2,313,1205.0,2026800313,0.45,0.45
fig4_immune_onset,1531.0,7.0,,14.95754408883083,2,314,1302.0,2026800314,0.45,0.45
fig4_immune_onset,1330.0,7.0,,16.39097744360902,2,315,1112.0,2026800315,0.45,0.45
fig4_immune_onset,1030.0,7.0,,7.572815533980572,2,316,952.0000000000001,2026800316,0.45,0.45
fig4_immune_onset,995.0,7.0,,-4.723618090452261,2,317,1042.0,2026800317,0.45,0.45
fig4_immune_onset,903.9999999999999,7.0,,23.893805309734503,2,318,688.0,2026800318,0.45,0.45
fig4_immune_onset,1202.0,7.0,,14.559068219633943,2,319,1027.0,2026800319,0.45,0.45
fig4_immune_onset,865.9999999999999,7.0,,6.351039260969978,2,320,810.9999999999999,2026800320,0.45,0.45
fig4_immune_onset,955.0,7.0,,2.4083769633507854,2,321,932.0,2026800321,0.45,0.45
fig4_immune_onset,1177.0,7.0,,18.436703483432463,2,322,959.9999999999999,2026800322,0.45,0.45
fig4_immune_onset,762.0,7.0,,-2.3622047244094486,2,323,780.0,2026800323,0.45,0.45
fig4_immune_onset,1026.0,7.0,,9.551656920077972,2,324,928.0,2026800324,0.45,0.45
fig4_immune_onset,1044.0,7.0,,16.18773946360152,2,325,875.0000000000001,2026800325,0.45,0.45
fig4_immune_onset,996.0,7.0,,-8.333333333333334,2,326,1079.0,2026800326,0.45,0.45
fig4_immune_onset,1206.0,7.0,,7.213930348258707,2,327,1119.0,2026800327,0.45,0.45
fig4_immune_onset,1322.0,7.0,,-2.798789712556732,2,328,1359.0,2026800328,0.45,0.45
fig4_immune_onset,1232.0,7.0,,17.613636363636374,2,329,1014.9999999999999,2026800329,0.45,0.45
fig4_immune_onset,1028.0,7.0,,6.12840466926069,2,330,965.0000000000001,2026800330,0.45,0.45
fig4_immune_onset,893.0,7.0,,5.2631578947368425,2,331,846.0,2026800331,0.45,0.45
fig4_immune_onset,1075.0,7.0,,10.046511627906977,2,332,967.0,2026800332,0.45,0.45
fig4_immune_onset,1631.0000000000002,7.0,,15.205395462906203,2,333,1383.0,2026800333,0.45,0.45
fig4_immune_onset,1310.0,7.0,,2.2900763358778624,2,334,1280.0,2026800334,0.45,0.45
fig4_immune_onset,893.0,7.0,,15.677491601343785,2,335,753.0,2026800335,0.45,0.45
fig4_immune_onset,1506.0,7.0,,24.10358565737052,2,336,1143.0,2026800336,0.45,0.45
fig4_immune_onset,702.0,7.0,,16.381766381766383,2,337,587.0,2026800337,0.45,0.45
fig4_immune_onset,1110.0,7.0,,-13.243243243243244,2,338,1257.0,2026800338,0.45,0.45
fig4_immune_onset,1398.0,7.0,,5.078683834048641,2,339,1327.0,2026800339,0.45,0.45
fig4_immune_onset,1121.0,7.0,,5.530776092774309,2,340,1059.0,2026800340,0.45,0.45
fig4_immune_onset,816.0000000000001,7.0,,10.784313725490208,2,341,728.0,2026800341,0.45,0.45
fig4_immune_onset,1229.0,7.0,,13.344182262001627,2,342,1065.0,2026800342,0.45,0.45
fig4_immune_onset,869.0,7.0,,15.189873417721518,2,343,737.0,2026800343,0.45,0.45
fig4_immune_onset,897.0,7.0,,11.148272017837236,2,344,797.0,2026800344,0.45,0.45
fig4_immune_onset,1245.0,7.0,,19.03614457831325,2,345,1008.0,2026800345,0.45,0.45
fig4_immune_onset,918.0000000000001,7.0,,6.9716775599128535,2,346,854.0000000000001,2026800346,0.45,0.45
fig4_immune_onset,731.0,7.0,,-6.839945280437757,2,347,781.0,2026800347,0.45,0.45
fig4_immune_onset,1009.0,7.0,,17.74033696729435,2,348,830.0,2026800348,0.45,0.45
fig4_immune_onset,1003.0000000000001,7.0,,6.979062811565314,2,349,933.0,2026800349,0.45,0.45
fig4_immune_onset,1041.0,7.0,,0.4803073967339097,2,350,1036.0,2026800350,0.45,0.45
fig4_immune_onset,1277.0,7.0,,10.33672670321065,2,351,1145.0,2026800351,0.45,0.45
fig4_immune_onset,1154.0,7.0,,5.112651646447141,2,352,1095.0,2026800352,0.45,0.45
fig4_immune_onset,1370.0,7.0,,13.284671532846716,2,353,1188.0,2026800353,0.45,0.45
fig4_immune_onset,1374.0,7.0,,12.518195050946142,2,354,1202.0,2026800354,0.45,0.45
fig4_immune_onset,1047.0,7.0,,4.775549188156638,2,355,997.0,2026800355,0.45,0.45
fig4_immune_onset,1047.0,7.0,,3.151862464183381,2,356,1014.0,2026800356,0.45,0.45
fig4_immune_onset,1279.0,7.0,,4.691164972634871,2,357,1219.0,2026800357,0.45,0.45
fig4_immune_onset,1056.0,7.0,,-3.6931818181818183,2,358,1095.0,2026800358,0.45,0.45
fig4_immune_onset,1533.0,7.0,,12.654924983692107,2,359,1339.0,2026800359,0.45,0.45
fig4_immune_onset,1017.0,7.0,,-4.2281219272369714,2,360,1060.0,2026800360,0.45,0.45
fig4_immune_onset,1094.0,7.0,,12.614259597806205,2,361,956.0000000000001,2026800361,0.45,0.45
fig4_immune_onset,1141.0,7.0,,6.748466257668712,2,362,1064.0,2026800362,0.45,0.45
fig4_immune_onset,1169.0,7.0,,-6.757912745936698,2,363,1248.0,2026800363,0.45,0.45
fig4_immune_onset,1746.0,7.0,,8.82016036655212,2,364,1592.0,2026800364,0.45,0.45
fig4_immune_onset,889.0,7.0,,-15.185601799775029,2,365,1024.0,2026800365,0.45,0.45
fig4_immune_onset,997.0,7.0,,20.461384152457374,2,366,793.0,2026800366,0.45,0.45
fig4_immune_onset,1290.0,7.0,,16.124031007751938,2,367,1082.0,2026800367,0.45,0.45
fig4_immune_onset,980.9999999999999,7.0,,2.6503567787971343,2,368,955.0,2026800368,0.45,0.45
fig4_immune_onset,1093.0,7.0,,25.068618481244293,2,369,818.9999999999999,2026800369,0.45,0.45
fig4_immune_onset,1092.0,7.0,,20.97069597069597,2,370,863.0,2026800370,0.45,0.45
fig4_immune_onset,1101.0,7.0,,-12.897366030881017,2,371,1243.0,2026800371,0.45,0.45
fig4_immune_onset,937.0,7.0,,7.897545357524013,2,372,863.0,2026800372,0.45,0.45
fig4_immune_onset,1063.0,7.0,,18.532455315145825,2,373,865.9999999999999,2026800373,0.45,0.45
fig4_immune_onset,1326.0,7.0,,15.007541478129713,2,374,1127.0,2026800374,0.45,0.45
fig4_immune_onset,788.0,7.0,,9.390862944162437,2,375,714.0,2026800375,0.45,0.45
fig4_immune_onset,1350.0,7.0,,7.185185185185185,2,376,1253.0,2026800376,0.45,0.45
fig4_immune_onset,1511.0,7.0,,13.368630046326937,2,377,1309.0,2026800377,0.45,0.45
fig4_immune_onset,1149.0,7.0,,-11.66231505657093,2,378,1283.0,2026800378,0.45,0.45
fig4_immune_onset,1001.0,7.0,,1.498501498501487,2,379,986.0000000000001,2026800379,0.45,0.45
fig4_immune_onset,1124.0,7.0,,15.302491103202838,2,380,952.0000000000001,2026800380,0.45,0.45
fig4_immune_onset,1078.0,7.0,,-2.504638218923933,2,381,1105.0,2026800381,0.45,0.45
fig4_immune_onset,1379.0,7.0,,15.373459028281363,2,382,1167.0,2026800382,0.45,0.45
fig4_immune_onset,1023.0,7.0,,16.911045943303996,2,383,850.0000000000001,2026800383,0.45,0.45
fig4_immune_onset,844.9999999999999,7.0,,13.01775147928993,2,384,735.0,2026800384,0.45,0.45
fig4_immune_onset,1178.0,7.0,,12.563667232597624,2,385,1030.0,2026800385,0.45,0.45
fig4_immune_onset,706.0,7.0,,9.490084985835693,2,386,639.0,2026800386,0.45,0.45
fig4_immune_onset,1280.0,7.0,,4.21875,2,387,1226.0,2026800387,0.45,0.45
fig4_immune_onset,1297.0,7.0,,24.20971472629144,2,388,983.0,2026800388,0.45,0.45
fig4_immune_onset,942.9999999999999,7.0,,6.89289501590667,2,389,878.0,2026800389,0.45,0.45
fig4_immune_onset,712.0,7.0,,5.196629213483146,2,390,675.0,2026800390,0.45,0.45
fig4_immune_onset,1092.0,7.0,,9.432234432234432,2,391,989.0,2026800391,0.45,0.45
fig4_immune_onset,1192.0,7.0,,9.563758389261745,2,392,1078.0,2026800392,0.45,0.45
fig4_immune_onset,1432.0,7.0,,23.25418994413408,2,393,1099.0,2026800393,0.45,0.45
fig4_immune_onset,1257.0,7.0,,10.421638822593476,2,394,1126.0,2026800394,0.45,0.45
fig4_immune_onset,1083.0,7.0,,16.066481994459824,2,395,909.0000000000001,2026800395,0.45,0.45
fig4_immune_onset,831.9999999999999,7.0,,8.653846153846143,2,396,760.0,2026800396,0.45,0.45
fig4_immune_onset,1443.0,7.0,,7.207207207207207,2,397,1339.0,2026800397,0.45,0.45
fig4_immune_onset,1418.0,7.0,,3.3145275035260933,2,398,1371.0,2026800398,0.45,0.45
fig4_immune_onset,1240.0,7.0,,4.032258064516129,2,399,1190.0,2026800399,0.45,0.45
fig4_immune_onset,1421.0,7.0,,17.311752287121745,2,400,1175.0,2026800400,0.45,0.45
fig4_immune_onset,878.9999999999999,7.0,,12.17292377701933,2,401,772.0,2026800401,0.45,0.45
fig4_immune_onset,847.0,7.0,,19.244391971664697,2,402,684.0,2026800402,0.45,0.45
fig4_immune_onset,1182.0,7.0,,8.71404399323181,2,403,1079.0,2026800403,0.45,0.45
fig4_immune_onset,1136.0,7.0,,19.630281690140855,2,404,912.9999999999999,2026800404,0.45,0.45
fig4_immune_onset,1241.0,7.0,,-9.024979854955681,2,405,1353.0,2026800405,0.45,0.45
fig4_immune_onset,1087.0,7.0,,20.607175712971483,2,406,863.0,2026800406,0.45,0.45
fig4_immune_onset,991.0,7.0,,13.72351160443996,2,407,855.0,2026800407,0.45,0.45
fig4_immune_onset,942.0,7.0,,-2.653927813163482,2,408,967.0,2026800408,0.45,0.45
fig4_immune_onset,1112.0,7.0,,-1.079136690647482,2,409,1124.0,2026800409,0.45,0.45
fig4_immune_onset,1172.0,7.0,,5.716723549488054,2,410,1105.0,2026800410,0.45,0.45
fig4_immune_onset,936.0,7.0,,-7.264957264957265,2,411,1004.0,2026800411,0.45,0.45
fig4_immune_onset,1624.0,7.0,,29.74137931034483,2,412,1141.0,2026800412,0.45,0.45
fig4_immune_onset,1544.0,7.0,,11.204663212435234,2,413,1371.0,2026800413,0.45,0.45
fig4_immune_onset,1327.0,7.0,,6.706857573474002,2,414,1238.0,2026800414,0.45,0.45
fig4_immune_onset,1157.0,7.0,,11.063094209161624,2,415,1029.0,2026800415,0.45,0.45
fig4_immune_onset,935.0000000000001,7.0,,19.46524064171124,2,416,753.0,2026800416,0.45,0.45
fig4_immune_onset,1253.0,7.0,,13.168395849960095,2,417,1088.0,2026800417,0.45,0.45
fig4_immune_onset,1031.0,7.0,,-2.0368574199806013,2,418,1052.0,2026800418,0.45,0.45
fig4_immune_onset,970.0,7.0,,22.371134020618555,2,419,753.0,2026800419,0.45,0.45
fig4_immune_onset,1401.0,7.0,,7.566024268379729,2,420,1295.0,2026800420,0.45,0.45
fig4_immune_onset,973.0000000000001,7.0,,4.008221993833527,2,421,933.9999999999999,2026800421,0.45,0.45
fig4_immune_onset,1209.0,7.0,,19.189412737799845,2,422,976.9999999999999,2026800422,0.45,0.45
fig4_immune_onset,787.0,7.0,,17.662007623888183,2,423,648.0,2026800423,0.45,0.45
fig4_immune_onset,814.0,7.0,,-7.125307125307125,2,424,872.0,2026800424,0.45,0.45
fig4_immune_onset,889.0,7.0,,12.260967379077615,2,425,780.0,2026800425,0.45,0.45
fig4_immune_onset,1370.0,7.0,,-0.656934306569343,2,426,1379.0,2026800426,0.45,0.45
fig4_immune_onset,1225.0,7.0,,11.428571428571429,2,427,1085.0,2026800427,0.45,0.45
fig4_immune_onset,1103.0,7.0,,25.022665457842248,2,428,827.0,2026800428,0.45,0.45
fig4_immune_onset,984.9999999999999,7.0,,16.751269035532975,2,429,820.0000000000001,2026800429,0.45,0.45
fig4_immune_onset,1202.0,7.0,,-4.7420965058236275,2,430,1259.0,2026800430,0.45,0.45
fig4_immune_onset,919.0,7.0,,-6.637649619151252,2,431,980.0,2026800431,0.45,0.45
fig4_immune_onset,1105.0,7.0,,5.158371040723982,2,432,1048.0,2026800432,0.45,0.45
fig4_immune_onset,1217.0,7.0,,8.874281018898932,2,433,1109.0,2026800433,0.45,0.45
fig4_immune_onset,920.0,7.0,,13.369565217391305,2,434,797.0,2026800434,0.45,0.45
fig4_immune_onset,1189.0,7.0,,5.719091673675358,2,435,1121.0,2026800435,0.45,0.45
fig4_immune_onset,1010.9999999999999,7.0,,11.572700296735896,2,436,894.0,2026800436,0.45,0.45
fig4_immune_onset,910.0,7.0,,9.010989010989023,2,437,827.9999999999999,2026800437,0.45,0.45
fig4_immune_onset,780.0,7.0,,12.564102564102564,2,438,682.0,2026800438,0.45,0.45
fig4_immune_onset,1121.0,7.0,,13.648528099910804,2,439,967.9999999999999,2026800439,0.45,0.45
fig4_immune_onset,1069.0,7.0,,24.228250701590273,2,440,810.0,2026800440,0.45,0.45
fig4_immune_onset,797.9999999999999,7.0,,13.408521303258134,2,441,691.0,2026800441,0.45,0.45
fig4_immune_onset,1100.0,7.0,,8.272727272727273,2,442,1009.0,2026800442,0.45,0.45
fig4_immune_onset,1132.0,7.0,,4.5053003533568905,2,443,1081.0,2026800443,0.45,0.45
fig4_immune_onset,1046.0,7.0,,24.18738049713193,2,444,793.0,2026800444,0.45,0.45
fig4_immune_onset,1036.0,7.0,,-0.3861003861003861,2,445,1040.0,2026800445,0.45,0.45
fig4_immune_onset,841.0000000000001,7.0,,12.009512485136753,2,446,740.0,2026800446,0.45,0.45
fig4_immune_onset,1180.0,7.0,,15.254237288135593,2,447,1000.0,2026800447,0.45,0.45
fig4_immune_onset,1022.0,7.0,,6.066536203522515,2,448,959.9999999999999,2026800448,0.45,0.45
fig4_immune_onset,1129.0,7.0,,-9.21169176262179,2,449,1233.0,2026800449,0.45,0.45
fig4_immune_onset,1078.0,7.0,,-12.244897959183673,2,450,1210.0,2026800450,0.45,0.45
fig4_immune_onset,992.0,7.0,,5.040322580645161,2,451,942.0,2026800451,0.45,0.45
fig4_immune_onset,1093.0,7.0,,13.266239707227804,2,452,948.0000000000001,2026800452,0.45,0.45
fig4_immune_onset,1210.0,7.0,,-14.545454545454545,2,453,1386.0,2026800453,0.45,0.45
fig4_immune_onset,997.9999999999999,7.0,,14.42885771543084,2,454,854.0000000000001,2026800454,0.45,0.45
fig4_immune_onset,860.0,7.0,,11.046511627906977,2,455,765.0,2026800455,0.45,0.45
fig4_immune_onset,946.9999999999999,7.0,,15.522703273495239,2,456,800.0,2026800456,0.45,0.45
fig4_immune_onset,1273.0,7.0,,4.32050274941084,2,457,1218.0,2026800457,0.45,0.45
fig4_immune_onset,1109.0,7.0,,13.796212804328214,2,458,956.0000000000001,2026800458,0.45,0.45
fig4_immune_onset,1111.0,7.0,,6.120612061206121,2,459,1043.0,2026800459,0.45,0.45
fig4_immune_onset,1569.9999999999998,7.0,,16.2420382165605,2,460,1315.0,2026800460,0.45,0.45
fig4_immune_onset,925.0,7.0,,4.216216216216216,2,461,886.0,2026800461,0.45,0.45
fig4_immune_onset,986.0000000000001,7.0,,19.675456389452343,2,462,792.0,2026800462,0.45,0.45
fig4_immune_onset,1503.0,7.0,,15.834996673320026,2,463,1265.0,2026800463,0.45,0.45
fig4_immune_onset,1124.0,7.0,,7.562277580071174,2,464,1039.0,2026800464,0.45,0.45
fig4_immune_onset,1191.0,7.0,,23.341729638958867,2,465,912.9999999999999,2026800465,0.45,0.45
fig4_immune_onset,1309.0,7.0,,15.126050420168067,2,466,1111.0,2026800466,0.45,0.45
fig4_immune_onset,1197.0,7.0,,8.771929824561404,2,467,1092.0,2026800467,0.45,0.45
fig4_immune_onset,1427.0,7.0,,17.44919411352488,2,468,1178.0,2026800468,0.45,0.45
fig4_immune_onset,1567.0,7.0,,9.125717932354819,2,469,1424.0,2026800469,0.45,0.45
fig4_immune_onset,1185.0,7.0,,8.438818565400844,2,470,1085.0,2026800470,0.45,0.45
fig4_immune_onset,699.0,7.0,,-0.4291845493562232,2,471,702.0,2026800471,0.45,0.45
fig4_immune_onset,997.9999999999999,7.0,,10.32064128256512,2,472,895.0,2026800472,0.45,0.45
fig4_immune_onset,1102.0,7.0,,8.711433756805807,2,473,1006.0,2026800473,0.45,0.45
fig4_immune_onset,1099.0,7.0,,-0.818926296633303,2,474,1108.0,2026800474,0.45,0.45
fig4_immune_onset,1052.0,7.0,,3.326996197718631,2,475,1017.0,2026800475,0.45,0.45
fig4_immune_onset,1320.0,7.0,,19.696969696969695,2,476,1060.0,2026800476,0.45,0.45
fig4_immune_onset,955.0,7.0,,10.57591623036648,2,477,854.0000000000001,2026800477,0.45,0.45
fig4_immune_onset,984.9999999999999,7.0,,18.37563451776649,2,478,804.0,2026800478,0.45,0.45
fig4_immune_onset,1173.0,7.0,,0.0,2,479,1173.0,2026800479,0.45,0.45
fig4_immune_onset,848.9999999999999,7.0,,-2.944640753828047,2,480,874.0,2026800480,0.45,0.45
fig4_immune_onset,1018.9999999999999,7.0,,21.491658488714418,2,481,800.0,2026800481,0.45,0.45
fig4_immune_onset,1134.0,7.0,,12.081128747795415,2,482,997.0,2026800482,0.45,0.45
fig4_immune_onset,831.9999999999999,7.0,,14.06249999999999,2,483,715.0,2026800483,0.45,0.45
fig4_immune_onset,786.0000000000001,7.0,,21.755725190839705,2,484,615.0,2026800484,0.45,0.45
fig4_immune_onset,991.0,7.0,,14.833501513622604,2,485,844.0,2026800485,0.45,0.45
fig4_immune_onset,1193.0,7.0,,2.5984911986588433,2,486,1162.0,2026800486,0.45,0.45
fig4_immune_onset,983.0,7.0,,7.426246185147508,2,487,910.0,2026800487,0.45,0.45
fig4_immune_onset,703.0,7.0,,6.827880512091038,2,488,655.0,2026800488,0.45,0.45
fig4_immune_onset,1057.0,7.0,,2.4597918637653735,2,489,1031.0,2026800489,0.45,0.45
fig4_immune_onset,788.0,7.0,,-9.51776649746193,2,490,863.0,2026800490,0.45,0.45
fig4_immune_onset,871.0000000000001,7.0,,19.747416762342144,2,491,699.0,2026800491,0.45,0.45
fig4_immune_onset,1221.0,7.0,,-3.194103194103194,2,492,1260.0,2026800492,0.45,0.45
fig4_immune_onset,1269.0,7.0,,10.638297872340425,2,493,1134.0,2026800493,0.45,0.45
fig4_immune_onset,1199.0,7.0,,5.838198498748957,2,494,1129.0,2026800494,0.45,0.45
fig4_immune_onset,748.0,7.0,,-17.379679144385026,2,495,878.0,2026800495,0.45,0.45
fig4_immune_onset,973.0000000000001,7.0,,6.680369989722518,2,496,908.0,2026800496,0.45,0.45
fig4_immune_onset,882.0,7.0,,35.487528344671205,2,497,569.0,2026800497,0.45,0.45
fig4_immune_onset,908.0,7.0,,10.682819383259924,2,498,810.9999999999999,2026800498,0.45,0.45
fig4_immune_onset,1322.0,7.0,,13.767019667170953,2,499,1140.0,2026800499,0.45,0.45
fig4_immune_onset,1343.0,7.0,,25.24199553239017,2,500,1004.0,2026800500,0.45,0.45
fig4_immune_onset,1163.0,7.0,,12.811693895098882,2,501,1014.0,2026800501,0.45,0.45
fig4_immune_onset,1188.0,7.0,,4.124579124579125,2,502,1139.0,2026800502,0.45,0.45
fig4_immune_onset,1324.0,7.0,,0.7552870090634441,2,503,1314.0,2026800503,0.45,0.45
fig4_immune_onset,1310.0,7.0,,13.816793893129772,2,504,1129.0,2026800504,0.45,0.45
fig4_immune_onset,1150.0,7.0,,22.43478260869564,2,505,892.0000000000001,2026800505,0.45,0.45
fig4_immune_onset,1066.0,7.0,,2.9080675422138835,2,506,1035.0,2026800506,0.45,0.45
fig4_immune_onset,976.9999999999999,7.0,,12.48720573183213,2,507,855.0,2026800507,0.45,0.45
fig4_immune_onset,1271.0,7.0,,3.147128245476003,2,508,1231.0,2026800508,0.45,0.45
fig4_immune_onset,810.9999999999999,7.0,,-13.193588162762051,2,509,918.0000000000001,2026800509,0.45,0.45
fig4_immune_onset,892.0000000000001,7.0,,11.883408071748878,2,510,786.0000000000001,2026800510,0.45,0.45
fig4_immune_onset,835.9999999999999,7.0,,10.765550239234438,2,511,746.0,2026800511,0.45,0.45
fig4_immune_onset,1227.0,7.0,,12.550937245313774,2,512,1073.0,2026800512,0.45,0.45
fig4_immune_onset,1215.0,7.0,,13.168724279835391,2,513,1055.0,2026800513,0.45,0.45
fig4_immune_onset,990.0000000000001,7.0,,3.1313131313131426,2,514,959.0,2026800514,0.45,0.45
fig4_immune_onset,941.0,7.0,,-12.32731137088204,2,515,1057.0,2026800515,0.45,0.45
fig4_immune_onset,927.0,7.0,,-0.21574973031283712,2,516,929.0,2026800516,0.45,0.45
fig4_immune_onset,1327.0,7.0,,-14.242652599849285,2,517,1516.0,2026800517,0.45,0.45
fig4_immune_onset,1123.0,7.0,,9.884238646482636,2,518,1012.0,2026800518,0.45,0.45
fig4_immune_onset,1195.0,7.0,,7.615062761506276,2,519,1104.0,2026800519,0.45,0.45
fig4_immune_onset,1366.0,7.0,,6.149341142020498,2,520,1282.0,2026800520,0.45,0.45
fig4_immune_onset,1038.0,7.0,,-4.8169556840077075,2,521,1088.0,2026800521,0.45,0.45
fig4_immune_onset,986.0000000000001,7.0,,9.939148073022311,2,522,888.0000000000001,2026800522,0.45,0.45
fig4_immune_onset,908.0,7.0,,-10.022026431718073,2,523,999.0000000000001,2026800523,0.45,0.45
fig4_immune_onset,823.0,7.0,,-14.459295261239369,2,524,942.0,2026800524,0.45,0.45
fig4_immune_onset,1255.0,7.0,,16.01593625498008,2,525,1054.0,2026800525,0.45,0.45
fig4_immune_onset,1506.0,7.0,,11.620185922974768,2,526,1331.0,2026800526,0.45,0.45
fig4_immune_onset,1092.0,7.0,,2.1062271062271063,2,527,1069.0,2026800527,0.45,0.45
fig4_immune_onset,686.0,7.0,,16.472303206997086,2,528,573.0,2026800528,0.45,0.45
fig4_immune_onset,812.0,7.0,,12.192118226600986,2,529,713.0,2026800529,0.45,0.45
fig4_immune_onset,1280.0,7.0,,15.703125,2,530,1079.0,2026800530,0.45,0.45
fig4_immune_onset,1216.0,7.0,,6.003289473684211,2,531,1143.0,2026800531,0.45,0.45
fig4_immune_onset,1368.0,7.0,,17.982456140350877,2,532,1122.0,2026800532,0.45,0.45
fig4_immune_onset,1213.0,7.0,,4.616652926628195,2,533,1157.0,2026800533,0.45,0.45
fig4_immune_onset,959.9999999999999,7.0,,24.062499999999993,2,534,729.0,2026800534,0.45,0.45
fig4_immune_onset,1299.0,7.0,,8.775981524249422,2,535,1185.0,2026800535,0.45,0.45
fig4_immune_onset,927.0,7.0,,-5.070118662351672,2,536,974.0,2026800536,0.45,0.45
fig4_immune_onset,1149.0,7.0,,20.278503046127067,2,537,916.0,2026800537,0.45,0.45
fig4_immune_onset,1151.0,7.0,,12.163336229365779,2,538,1010.9999999999999,2026800538,0.45,0.45
fig4_immune_onset,1216.0,7.0,,14.884868421052632,2,539,1035.0,2026800539,0.45,0.45
fig4_immune_onset,738.0,7.0,,10.840108401084011,2,540,658.0,2026800540,0.45,0.45
fig4_immune_onset,1139.0,7.0,,1.2291483757682178,2,541,1125.0,2026800541,0.45,0.45
fig4_immune_onset,1359.0,7.0,,12.141280353200884,2,542,1194.0,2026800542,0.45,0.45
fig4_immune_onset,1077.0,7.0,,11.884865366759517,2,543,949.0,2026800543,0.45,0.45
fig4_immune_onset,1391.0,7.0,,14.306254493170382,2,544,1192.0,2026800544,0.45,0.45
fig4_immune_onset,1077.0,7.0,,7.98514391829155,2,545,991.0,2026800545,0.45,0.45
fig4_immune_onset,1184.0,7.0,,11.824324324324325,2,546,1044.0,2026800546,0.45,0.45
fig4_immune_onset,903.9999999999999,7.0,,-23.230088495575234,2,547,1114.0,2026800547,0.45,0.45
fig4_immune_onset,919.0,7.0,,2.6115342763873777,2,548,895.0,2026800548,0.45,0.45
fig4_immune_onset,1241.0,7.0,,8.70265914585012,2,549,1133.0,2026800549,0.45,0.45
fig4_immune_onset,1183.0,7.0,,9.04480135249366,2,550,1076.0,2026800550,0.45,0.45
fig4_immune_onset,1094.0,7.0,,4.844606946983546,2,551,1041.0,2026800551,0.45,0.45
fig4_immune_onset,760.0,7.0,,3.026315789473684,2,552,737.0,2026800552,0.45,0.45
fig4_immune_onset,1465.0,7.0,,9.419795221843003,2,553,1327.0,2026800553,0.45,0.45
fig4_immune_onset,1165.0,7.0,,8.32618025751073,2,554,1068.0,2026800554,0.45,0.45
fig4_immune_onset,920.0,7.0,,-3.5869565217391304,2,555,953.0,2026800555,0.45,0.45
fig4_immune_onset,1221.0,7.0,,3.8493038493038494,2,556,1174.0,2026800556,0.45,0.45
fig4_immune_onset,971.0,7.0,,7.4150360453141095,2,557,899.0,2026800557,0.45,0.45
fig4_immune_onset,1220.0,7.0,,14.180327868852459,2,558,1047.0,2026800558,0.45,0.45
fig4_immune_onset,1203.0,7.0,,-10.30756442227764,2,559,1327.0,2026800559,0.45,0.45
fig4_immune_onset,1505.0,7.0,,17.142857142857142,2,560,1247.0,2026800560,0.45,0.45
fig4_immune_onset,612.0,7.0,,-5.228758169934641,2,561,644.0,2026800561,0.45,0.45
fig4_immune_onset,1120.0,7.0,,13.928571428571438,2,562,963.9999999999999,2026800562,0.45,0.45
fig4_immune_onset,1039.0,7.0,,10.298363811357074,2,563,932.0,2026800563,0.45,0.45
fig4_immune_onset,912.9999999999999,7.0,,10.295728368017526,2,564,818.9999999999999,2026800564,0.45,0.45
fig4_immune_onset,1338.0,7.0,,0.5979073243647235,2,565,1330.0,2026800565,0.45,0.45
fig4_immune_onset,1014.9999999999999,7.0,,-19.211822660098534,2,566,1210.0,2026800566,0.45,0.45
fig4_immune_onset,880.0,7.0,,14.772727272727273,2,567,750.0,2026800567,0.45,0.45
fig4_immune_onset,1488.0,7.0,,11.35752688172043,2,568,1319.0,2026800568,0.45,0.45
fig4_immune_onset,689.0,7.0,,3.918722786647315,2,569,662.0,2026800569,0.45,0.45
fig4_immune_onset,1200.0,7.0,,9.833333333333334,2,570,1082.0,2026800570,0.45,0.45
fig4_immune_onset,1342.0,7.0,,4.769001490312966,2,571,1278.0,2026800571,0.45,0.45
fig4_immune_onset,762.0,7.0,,2.6246719160104988,2,572,742.0,2026800572,0.45,0.45
fig4_immune_onset,991.0,7.0,,16.95257315842583,2,573,823.0,2026800573,0.45,0.45
fig4_immune_onset,1232.0,7.0,,-1.2987012987012987,2,574,1248.0,2026800574,0.45,0.45
fig4_immune_onset,852.0,7.0,,4.342723004694849,2,575,814.9999999999999,2026800575,0.45,0.45
fig4_immune_onset,1209.0,7.0,,0.7444168734491315,2,576,1200.0,2026800576,0.45,0.45
fig4_immune_onset,1080.0,7.0,,18.703703703703702,2,577,878.0,2026800577,0.45,0.45
fig4_immune_onset,767.0,7.0,,7.301173402868318,2,578,711.0,2026800578,0.45,0.45
fig4_immune_onset,1058.0,7.0,,3.213610586011342,2,579,1024.0,2026800579,0.45,0.45
fig4_immune_onset,1459.0,7.0,,9.32145305003427,2,580,1323.0,2026800580,0.45,0.45
fig4_immune_onset,799.0000000000001,7.0,,14.392991239048822,2,581,684.0,2026800581,0.45,0.45
fig4_immune_onset,1042.0,7.0,,-0.4798464491362764,2,582,1047.0,2026800582,0.45,0.45
fig4_immune_onset,877.0,7.0,,13.911060433295326,2,583,755.0,2026800583,0.45,0.45
fig4_immune_onset,1277.0,7.0,,7.204385277995302,2,584,1185.0,2026800584,0.45,0.45
fig4_immune_onset,1228.0,7.0,,-0.6514657980456026,2,585,1236.0,2026800585,0.45,0.45
fig4_immune_onset,1433.0,7.0,,16.46894626657362,2,586,1197.0,2026800586,0.45,0.45
fig4_immune_onset,1271.0,7.0,,0.7081038552321007,2,587,1262.0,2026800587,0.45,0.45
fig4_immune_onset,1386.0,7.0,,2.3088023088023086,2,588,1354.0,2026800588,0.45,0.45
fig4_immune_onset,976.0,7.0,,1.6393442622950936,2,589,959.9999999999999,2026800589,0.45,0.45
fig4_immune_onset,1254.0,7.0,,13.317384370015949,2,590,1087.0,2026800590,0.45,0.45
fig4_immune_onset,1357.0,7.0,,7.663964627855564,2,591,1253.0,2026800591,0.45,0.45
fig4_immune_onset,1306.0,7.0,,6.891271056661562,2,592,1216.0,2026800592,0.45,0.45
fig4_immune_onset,797.0,7.0,,3.0112923462986196,2,593,773.0,2026800593,0.45,0.45
fig4_immune_onset,1253.0,7.0,,13.40782122905028,2,594,1085.0,2026800594,0.45,0.45
fig4_immune_onset,1513.0,7.0,,9.31923331130205,2,595,1372.0,2026800595,0.45,0.45
fig4_immune_onset,959.9999999999999,7.0,,-10.520833333333346,2,596,1061.0,2026800596,0.45,0.45
fig4_immune_onset,841.0000000000001,7.0,,-6.183115338882269,2,597,893.0,2026800597,0.45,0.45
fig4_immune_onset,1201.0,7.0,,10.907577019150708,2,598,1070.0,2026800598,0.45,0.45
fig4_immune_onset,1175.0,7.0,,-6.382978723404255,2,599,1250.0,2026800599,0.45,0.45
fig4_immune_onset,1173.0,7.0,,11.84995737425405,2,600,1034.0,2026800600,0.45,0.45
fig4_immune_onset,1209.0,7.0,,6.947890818858561,2,601,1125.0,2026800601,0.45,0.45
fig4_immune_onset,1094.0,7.0,,15.996343692870202,2,602,919.0,2026800602,0.45,0.45
fig4_immune_onset,690.0,7.0,,-1.7391304347826086,2,603,702.0,2026800603,0.45,0.45
fig4_immune_onset,905.0000000000001,7.0,,1.878453038674033,2,604,888.0000000000001,2026800604,0.45,0.45
fig4_immune_onset,1050.0,7.0,,5.619047619047619,2,605,991.0,2026800605,0.45,0.45
fig4_immune_onset,844.0,7.0,,0.35545023696681116,2,606,841.0000000000001,2026800606,0.45,0.45
fig4_immune_onset,1661.0,7.0,,17.459361830222758,2,607,1371.0,2026800607,0.45,0.45
fig4_immune_onset,1177.0,7.0,,10.535259133389975,2,608,1053.0,2026800608,0.45,0.45
fig4_immune_onset,1276.0,7.0,,19.984326018808776,2,609,1021.0,2026800609,0.45,0.45
fig4_immune_onset,1292.0,7.0,,5.495356037151703,2,610,1221.0,2026800610,0.45,0.45
fig4_immune_onset,1283.0,7.0,,-1.2470771628994544,2,611,1299.0,2026800611,0.45,0.45
fig4_immune_onset,983.0,7.0,,5.696846388606307,2,612,927.0,2026800612,0.45,0.45
fig4_immune_onset,916.9999999999999,7.0,,-9.814612868048007,2,613,1007.0000000000001,2026800613,0.45,0.45
fig4_immune_onset,1667.0,7.0,,3.059388122375525,2,614,1616.0,2026800614,0.45,0.45
fig4_immune_onset,1237.0,7.0,,2.910266774454325,2,615,1201.0,2026800615,0.45,0.45
fig4_immune_onset,1014.9999999999999,7.0,,-7.88177339901479,2,616,1095.0,2026800616,0.45,0.45
fig4_immune_onset,1802.0000000000002,7.0,,22.97447280799113,2,617,1388.0,2026800617,0.45,0.45
fig4_immune_onset,942.9999999999999,7.0,,-11.983032873807012,2,618,1056.0,2026800618,0.45,0.45
fig4_immune_onset,1024.0,7.0,,14.55078124999999,2,619,875.0000000000001,2026800619,0.45,0.45
fig4_immune_onset,1654.9999999999998,7.0,,1.6314199395770257,2,620,1628.0,2026800620,0.45,0.45
fig4_immune_onset,835.0,7.0,,3.353293413173639,2,621,807.0000000000001,2026800621,0.45,0.45
fig4_immune_onset,1270.0,7.0,,17.401574803149607,2,622,1049.0,2026800622,0.45,0.45
fig4_immune_onset,1005.0,7.0,,3.6815920398010062,2,623,967.9999999999999,2026800623,0.45,0.45
fig4_immune_onset,670.0,7.0,,-9.104477611940299,2,624,731.0,2026800624,0.45,0.45
fig4_immune_onset,1353.0,7.0,,-1.7738359201773837,2,625,1377.0,2026800625,0.45,0.45
fig4_immune_onset,1358.0,7.0,,7.437407952871871,2,626,1257.0,2026800626,0.45,0.45
fig4_immune_onset,795.0,7.0,,10.69182389937107,2,627,710.0,2026800627,0.45,0.45
fig4_immune_onset,1010.9999999999999,7.0,,0.19782393669632903,2,628,1009.0,2026800628,0.45,0.45
fig4_immune_onset,1095.0,7.0,,27.488584474885855,2,629,793.9999999999999,2026800629,0.45,0.45
fig4_immune_onset,1137.0,7.0,,9.938434476693052,2,630,1024.0,2026800630,0.45,0.45
fig4_immune_onset,1438.0,7.0,,-12.239221140472894,2,631,1614.0000000000002,2026800631,0.45,0.45
fig4_immune_onset,940.0,7.0,,-6.0638297872340425,2,632,997.0,2026800632,0.45,0.45
fig4_immune_onset,1599.0,7.0,,5.565978736710444,2,633,1510.0,2026800633,0.45,0.45
fig4_immune_onset,1387.0,7.0,,10.95890410958904,2,634,1235.0,2026800634,0.45,0.45
fig4_immune_onset,1198.0,7.0,,9.348914858096828,2,635,1086.0,2026800635,0.45,0.45
fig4_immune_onset,1464.0,7.0,,14.480874316939891,2,636,1252.0,2026800636,0.45,0.45
fig4_immune_onset,1375.0,7.0,,24.727272727272727,2,637,1035.0,2026800637,0.45,0.45
fig4_immune_onset,1202.0,7.0,,7.570715474209651,2,638,1111.0,2026800638,0.45,0.45
fig4_immune_onset,970.0,7.0,,-10.103092783505154,2,639,1068.0,2026800639,0.45,0.45
fig4_immune_onset,1220.0,7.0,,34.01639344262295,2,640,805.0,2026800640,0.45,0.45
fig4_immune_onset,921.0,7.0,,-17.91530944625407,2,641,1086.0,2026800641,0.45,0.45
fig4_immune_onset,882.0,7.0,,-1.8140589569160999,2,642,898.0,2026800642,0.45,0.45
fig4_immune_onset,686.0,7.0,,-9.037900874635568,2,643,748.0,2026800643,0.45,0.45
fig4_immune_onset,910.0,7.0,,-12.417582417582418,2,644,1023.0,2026800644,0.45,0.45
fig4_immune_onset,831.9999999999999,7.0,,10.216346153846143,2,645,747.0,2026800645,0.45,0.45
fig4_immune_onset,1242.0,7.0,,21.497584541062803,2,646,975.0,2026800646,0.45,0.45
fig4_immune_onset,940.0,7.0,,15.106382978723415,2,647,797.9999999999999,2026800647,0.45,0.45
fig4_immune_onset,920.0,7.0,,16.08695652173913,2,648,772.0,2026800648,0.45,0.45
fig4_immune_onset,610.0,7.0,,6.39344262295082,2,649,571.0,2026800649,0.45,0.45
fig4_immune_onset,1067.0,7.0,,3.280224929709466,2,650,1032.0,2026800650,0.45,0.45
fig4_immune_onset,1154.0,7.0,,5.285961871750433,2,651,1093.0,2026800651,0.45,0.45
fig4_immune_onset,880.0,7.0,,-13.977272727272739,2,652,1003.0000000000001,2026800652,0.45,0.45
fig4_immune_onset,1251.0,7.0,,7.034372501998401,2,653,1163.0,2026800653,0.45,0.45
fig4_immune_onset,821.0,7.0,,7.551766138855055,2,654,759.0,2026800654,0.45,0.45
fig4_immune_onset,1565.0,7.0,,12.779552715654953,2,655,1365.0,2026800655,0.45,0.45
fig4_immune_onset,954.0,7.0,,22.32704402515723,2,656,741.0,2026800656,0.45,0.45
fig4_immune_onset,751.0,7.0,,1.9973368841544608,2,657,736.0,2026800657,0.45,0.45
fig4_immune_onset,990.0000000000001,7.0,,8.484848484848495,2,658,906.0,2026800658,0.45,0.45
fig4_immune_onset,1232.0,7.0,,19.805194805194805,2,659,988.0,2026800659,0.45,0.45
fig4_immune_onset,1186.0,7.0,,17.706576728499158,2,660,976.0,2026800660,0.45,0.45
fig4_immune_onset,1320.0,7.0,,6.96969696969697,2,661,1228.0,2026800661,0.45,0.45
fig4_immune_onset,1000.0,7.0,,11.1,2,662,889.0,2026800662,0.45,0.45
fig4_immune_onset,1143.0,7.0,,15.660542432195985,2,663,963.9999999999999,2026800663,0.45,0.45
fig4_immune_onset,942.0,7.0,,3.715498938428875,2,664,907.0,2026800664,0.45,0.45
fig4_immune_onset,1339.0,7.0,,5.675877520537715,2,665,1263.0,2026800665,0.45,0.45
fig4_immune_onset,763.0,7.0,,12.450851900393184,2,666,668.0,2026800666,0.45,0.45
fig4_immune_onset,1336.0,7.0,,1.0479041916167664,2,667,1322.0,2026800667,0.45,0.45
fig4_immune_onset,1034.0,7.0,,17.891682785299817,2,668,848.9999999999999,2026800668,0.45,0.45
fig4_immune_onset,1098.0,7.0,,25.774134790528244,2,669,814.9999999999999,2026800669,0.45,0.45
fig4_immune_onset,1260.0,7.0,,-0.3968253968253968,2,670,1265.0,2026800670,0.45,0.45
fig4_immune_onset,767.0,7.0,,8.735332464146023,2,671,700.0,2026800671,0.45,0.45
fig4_immune_onset,938.0,7.0,,4.797441364605544,2,672,893.0,2026800672,0.45,0.45
fig4_immune_onset,805.0,7.0,,-2.2360248447204967,2,673,823.0,2026800673,0.45,0.45
fig4_immune_onset,899.9999999999999,7.0,,10.1111111111111,2,674,809.0,2026800674,0.45,0.45
fig4_immune_onset,1293.0,7.0,,9.51276102088167,2,675,1170.0,2026800675,0.45,0.45
fig4_immune_onset,1389.0,7.0,,23.398128149748022,2,676,1064.0,2026800676,0.45,0.45
fig4_immune_onset,1068.0,7.0,,-6.46067415730337,2,677,1137.0,2026800677,0.45,0.45
fig4_immune_onset,1083.0,7.0,,-7.479224376731302,2,678,1164.0,2026800678,0.45,0.45
fig4_immune_onset,667.0,7.0,,3.598200899550225,2,679,643.0,2026800679,0.45,0.45
fig4_immune_onset,969.0000000000001,7.0,,9.184726522187832,2,680,880.0,2026800680,0.45,0.45
fig4_immune_onset,1376.0,7.0,,2.4709302325581395,2,681,1342.0,2026800681,0.45,0.45
fig4_immune_onset,790.0000000000001,7.0,,11.518987341772164,2,682,699.0,2026800682,0.45,0.45
fig4_immune_onset,1006.0,7.0,,5.069582504970179,2,683,955.0,2026800683,0.45,0.45
fig4_immune_onset,983.0,7.0,,7.731434384537131,2,684,907.0,2026800684,0.45,0.45
fig4_immune_onset,850.0000000000001,7.0,,5.999999999999999,2,685,799.0000000000001,2026800685,0.45,0.45
fig4_immune_onset,1674.0000000000002,7.0,,10.334528076463572,2,686,1501.0,2026800686,0.45,0.45
fig4_immune_onset,1131.0,7.0,,21.485411140583544,2,687,888.0000000000001,2026800687,0.45,0.45
fig4_immune_onset,803.0000000000001,7.0,,14.694894146948952,2,688,685.0,2026800688,0.45,0.45
fig4_immune_onset,1221.0,7.0,,-8.108108108108109,2,689,1320.0,2026800689,0.45,0.45
fig4_immune_onset,831.0,7.0,,-7.340553549939845,2,690,892.0000000000001,2026800690,0.45,0.45
fig4_immune_onset,1072.0,7.0,,-0.2798507462686567,2,691,1075.0,2026800691,0.45,0.45
fig4_immune_onset,1257.0,7.0,,10.34208432776452,2,692,1127.0,2026800692,0.45,0.45
fig4_immune_onset,1083.0,7.0,,7.202216066481994,2,693,1005.0,2026800693,0.45,0.45
fig4_immune_onset,1251.0,7.0,,5.755395683453237,2,694,1179.0,2026800694,0.45,0.45
fig4_immune_onset,864.0,7.0,,-8.217592592592606,2,695,935.0000000000001,2026800695,0.45,0.45
fig4_immune_onset,1166.0,7.0,,5.145797598627787,2,696,1106.0,2026800696,0.45,0.45
fig4_immune_onset,754.0,7.0,,9.283819628647215,2,697,684.0,2026800697,0.45,0.45
fig4_immune_onset,1245.0,7.0,,15.502008032128513,2,698,1052.0,2026800698,0.45,0.45
fig4_immune_onset,1028.0,7.0,,19.163424124513618,2,699,831.0,2026800699,0.45,0.45
fig4_immune_onset,1043.0,7.0,,10.546500479386385,2,700,933.0,2026800700,0.45,0.45
fig4_immune_onset,1285.0,7.0,,21.556420233463037,2,701,1008.0,2026800701,0.45,0.45
fig4_immune_onset,1265.0,7.0,,16.284584980237153,2,702,1059.0,2026800702,0.45,0.45
fig4_immune_onset,1223.0,7.0,,13.000817661488144,2,703,1064.0,2026800703,0.45,0.45
fig4_immune_onset,1163.0,7.0,,20.292347377472055,2,704,927.0,2026800704,0.45,0.45
fig4_immune_onset,1289.0,7.0,,8.61132660977502,2,705,1178.0,2026800705,0.45,0.45
fig4_immune_onset,1147.0,7.0,,-6.974716652136007,2,706,1227.0,2026800706,0.45,0.45
fig4_immune_onset,1232.0,7.0,,-2.1103896103896105,2,707,1258.0,2026800707,0.45,0.45
fig4_immune_onset,1193.0,7.0,,12.070410729253982,2,708,1049.0,2026800708,0.45,0.45
fig4_immune_onset,1324.0,7.0,,21.978851963746223,2,709,1033.0,2026800709,0.45,0.45
fig4_immune_onset,895.9999999999999,7.0,,-8.593750000000027,2,710,973.0000000000001,2026800710,0.45,0.45
fig4_immune_onset,1348.0,7.0,,10.385756676557863,2,711,1208.0,2026800711,0.45,0.45
fig4_immune_onset,1223.0,7.0,,-2.9435813573180702,2,712,1259.0,2026800712,0.45,0.45
fig4_immune_onset,1168.0,7.0,,0.5993150684931506,2,713,1161.0,2026800713,0.45,0.45
fig4_immune_onset,1302.0,7.0,,8.218125960061444,2,714,1195.0,2026800714,0.45,0.45
fig4_immune_onset,923.0,7.0,,4.658721560130011,2,715,880.0,2026800715,0.45,0.45
fig4_immune_onset,942.9999999999999,7.0,,-2.439024390243915,2,716,966.0,2026800716,0.45,0.45
fig4_immune_onset,920.0,7.0,,23.695652173913043,2,717,702.0,2026800717,0.45,0.45
fig4_immune_onset,919.0,7.0,,15.560391730141458,2,718,776.0,2026800718,0.45,0.45
fig4_immune_onset,857.0,7.0,,17.152858809801632,2,719,710.0,2026800719,0.45,0.45
fig4_immune_onset,1155.0,7.0,,11.774891774891785,2,720,1018.9999999999999,2026800720,0.45,0.45
fig4_immune_onset,1265.0,7.0,,1.8972332015810276,2,721,1241.0,2026800721,0.45,0.45
fig4_immune_onset,1424.0,7.0,,10.955056179775282,2,722,1268.0,2026800722,0.45,0.45
fig4_immune_onset,1234.0,7.0,,21.15072933549432,2,723,973.0000000000001,2026800723,0.45,0.45
fig4_immune_onset,1073.0,7.0,,10.624417520969246,2,724,959.0,2026800724,0.45,0.45
fig4_immune_onset,1180.0,7.0,,-0.0847457627118644,2,725,1181.0,2026800725,0.45,0.45
fig4_immune_onset,949.0,7.0,,8.32455216016861,2,726,869.9999999999999,2026800726,0.45,0.45
fig4_immune_onset,1377.0,7.0,,19.17211328976035,2,727,1113.0,2026800727,0.45,0.45
fig4_immune_onset,1009.0,7.0,,-1.1892963330029733,2,728,1021.0,2026800728,0.45,0.45
fig4_immune_onset,1338.0,7.0,,10.089686098654708,2,729,1203.0,2026800729,0.45,0.45
fig4_immune_onset,1235.0,7.0,,-1.0526315789473684,2,730,1248.0,2026800730,0.45,0.45
fig4_immune_onset,878.9999999999999,7.0,,18.088737201365177,2,731,720.0,2026800731,0.45,0.45
fig4_immune_onset,1047.0,7.0,,-10.888252148997134,2,732,1161.0,2026800732,0.45,0.45
fig4_immune_onset,997.9999999999999,7.0,,-2.4048096192384887,2,733,1022.0,2026800733,0.45,0.45
fig4_immune_onset,1355.0,7.0,,9.88929889298893,2,734,1221.0,2026800734,0.45,0.45
fig4_immune_onset,1123.0,7.0,,8.637577916295637,2,735,1026.0,2026800735,0.45,0.45
fig4_immune_onset,1464.0,7.0,,17.21311475409836,2,736,1212.0,2026800736,0.45,0.45
fig4_immune_onset,715.0,7.0,,-8.391608391608392,2,737,775.0,2026800737,0.45,0.45
fig4_immune_onset,1153.0,7.0,,1.5611448395490026,2,738,1135.0,2026800738,0.45,0.45
fig4_immune_onset,1160.0,7.0,,1.896551724137931,2,739,1138.0,2026800739,0.45,0.45
fig4_immune_onset,1536.0,7.0,,16.731770833333332,2,740,1279.0,2026800740,0.45,0.45
fig4_immune_onset,874.0,7.0,,-5.148741418764302,2,741,919.0,2026800741,0.45,0.45
fig4_immune_onset,1096.0,7.0,,1.3686131386861313,2,742,1081.0,2026800742,0.45,0.45
fig4_immune_onset,677.0,7.0,,-18.02067946824226,2,743,799.0000000000001,2026800743,0.45,0.45
fig4_immune_onset,872.0,7.0,,25.458715596330276,2,744,650.0,2026800744,0.45,0.45
fig4_immune_onset,1207.0,7.0,,16.404308202154102,2,745,1009.0,2026800745,0.45,0.45
fig4_immune_onset,975.0,7.0,,25.641025641025642,2,746,725.0,2026800746,0.45,0.45
fig4_immune_onset,1379.0,7.0,,22.987672226250908,2,747,1062.0,2026800747,0.45,0.45
fig4_immune_onset,1182.0,7.0,,-8.967851099830796,2,748,1288.0,2026800748,0.45,0.45
fig4_immune_onset,1378.0,7.0,,13.352685050798259,2,749,1194.0,2026800749,0.45,0.45
fig4_immune_onset,1531.0,7.0,,15.871979098628348,2,750,1288.0,2026800750,0.45,0.45
fig4_immune_onset,1098.0,7.0,,6.375227686703097,2,751,1028.0,2026800751,0.45,0.45
fig4_immune_onset,1155.0,7.0,,5.974025974025974,2,752,1086.0,2026800752,0.45,0.45
fig4_immune_onset,1288.0,7.0,,5.900621118012422,2,753,1212.0,2026800753,0.45,0.45
fig4_immune_onset,1376.0,7.0,,7.921511627906977,2,754,1267.0,2026800754,0.45,0.45
fig4_immune_onset,1158.0,7.0,,6.994818652849741,2,755,1077.0,2026800755,0.45,0.45
fig4_immune_onset,957.0,7.0,,8.359456635318704,2,756,877.0,2026800756,0.45,0.45
fig4_immune_onset,1165.0,7.0,,-4.206008583690987,2,757,1214.0,2026800757,0.45,0.45
fig4_immune_onset,1424.0,7.0,,26.123595505617978,2,758,1052.0,2026800758,0.45,0.45
fig4_immune_onset,901.0000000000001,7.0,,5.216426193118756,2,759,854.0000000000001,2026800759,0.45,0.45
fig4_immune_onset,1210.0,7.0,,6.776859504132231,2,760,1128.0,2026800760,0.45,0.45
fig4_immune_onset,1208.0,7.0,,7.450331125827814,2,761,1118.0,2026800761,0.45,0.45
fig4_immune_onset,933.0,7.0,,1.3933547695605573,2,762,920.0,2026800762,0.45,0.45
fig4_immune_onset,1271.0,7.0,,13.139260424862313,2,763,1104.0,2026800763,0.45,0.45
fig4_immune_onset,1070.0,7.0,,16.72897196261682,2,764,891.0,2026800764,0.45,0.45
fig4_immune_onset,1319.0,7.0,,17.437452615617893,2,765,1089.0,2026800765,0.45,0.45
fig4_immune_onset,942.9999999999999,7.0,,16.75503711558855,2,766,784.9999999999999,2026800766,0.45,0.45
fig4_immune_onset,1177.0,7.0,,11.214953271028037,2,767,1045.0,2026800767,0.45,0.45
fig4_immune_onset,1086.0,7.0,,26.151012891344394,2,768,801.9999999999999,2026800768,0.45,0.45
fig4_immune_onset,956.0000000000001,7.0,,7.531380753138074,2,769,884.0000000000001,2026800769,0.45,0.45
fig4_immune_onset,1307.0,7.0,,-2.8309104820198927,2,770,1344.0,2026800770,0.45,0.45
fig4_immune_onset,1258.0,7.0,,6.359300476947536,2,771,1178.0,2026800771,0.45,0.45
fig4_immune_onset,1038.0,7.0,,9.730250481695569,2,772,937.0,2026800772,0.45,0.45
fig4_immune_onset,1028.0,7.0,,10.408560311284047,2,773,921.0,2026800773,0.45,0.45
fig4_immune_onset,1658.0,7.0,,20.62726176115802,2,774,1316.0,2026800774,0.45,0.45
fig4_immune_onset,1081.0,7.0,,8.048103607770592,2,775,993.9999999999999,2026800775,0.45,0.45
fig4_immune_onset,921.0,7.0,,18.349619978284473,2,776,752.0,2026800776,0.45,0.45
fig4_immune_onset,1142.0,7.0,,4.640980735551664,2,777,1089.0,2026800777,0.45,0.45
fig4_immune_onset,1294.0,7.0,,7.187017001545595,2,778,1201.0,2026800778,0.45,0.45
fig4_immune_onset,1052.0,7.0,,7.414448669201521,2,779,974.0,2026800779,0.45,0.45
fig4_immune_onset,925.9999999999999,7.0,,-1.7278617710583277,2,780,942.0,2026800780,0.45,0.45
fig4_immune_onset,1140.0,7.0,,-9.035087719298245,2,781,1243.0,2026800781,0.45,0.45
fig4_immune_onset,1016.0000000000001,7.0,,7.283464566929144,2,782,942.0,2026800782,0.45,0.45
fig4_immune_onset,871.0000000000001,7.0,,-14.466130884041318,2,783,997.0,2026800783,0.45,0.45
fig4_immune_onset,993.9999999999999,7.0,,13.078470824949688,2,784,864.0,2026800784,0.45,0.45
fig4_immune_onset,1007.0000000000001,7.0,,5.561072492552157,2,785,950.9999999999999,2026800785,0.45,0.45
fig4_immune_onset,1014.0,7.0,,-3.353057199211045,2,786,1048.0,2026800786,0.45,0.45
fig4_immune_onset,1164.0,7.0,,17.783505154639176,2,787,957.0,2026800787,0.45,0.45
fig4_immune_onset,1543.0,7.0,,18.016850291639663,2,788,1265.0,2026800788,0.45,0.45
fig4_immune_onset,741.0,7.0,,34.14304993252362,2,789,488.0,2026800789,0.45,0.45
fig4_immune_onset,1166.0,7.0,,13.379073756432247,2,790,1010.0,2026800790,0.45,0.45
fig4_immune_onset,1088.0,7.0,,16.268382352941178,2,791,911.0,2026800791,0.45,0.45
fig4_immune_onset,1451.0,7.0,,30.18607856650586,2,792,1013.0,2026800792,0.45,0.45
fig4_immune_onset,1133.0,7.0,,23.654015887025597,2,793,865.0,2026800793,0.45,0.45
fig4_immune_onset,1457.0,7.0,,11.805078929306795,2,794,1285.0,2026800794,0.45,0.45
fig4_immune_onset,1211.0,7.0,,18.74483897605285,2,795,984.0,2026800795,0.45,0.45
fig4_immune_onset,1179.0,7.0,,17.89652247667516,2,796,967.9999999999999,2026800796,0.45,0.45
fig4_immune_onset,1418.0,7.0,,2.1861777150916786,2,797,1387.0,2026800797,0.45,0.45
fig4_immune_onset,868.0,7.0,,11.52073732718894,2,798,768.0,2026800798,0.45,0.45
fig4_immune_onset,1161.0,7.0,,-3.789836347975883,2,799,1205.0,2026800799,0.45,0.45
fig4_immune_onset,1628.0,7.0,,21.25307125307125,2,800,1282.0,2026800800,0.45,0.45
fig4_immune_onset,929.9999999999999,7.0,,20.430107526881713,2,801,740.0,2026800801,0.45,0.45
fig4_immune_onset,1373.0,7.0,,4.297159504734159,2,802,1314.0,2026800802,0.45,0.45
fig4_immune_onset,1338.0,7.0,,4.559043348281016,2,803,1277.0,2026800803,0.45,0.45
fig4_immune_onset,886.0,7.0,,1.4672686230248306,2,804,873.0,2026800804,0.45,0.45
fig4_immune_onset,720.0,7.0,,8.75,2,805,657.0,2026800805,0.45,0.45
fig4_immune_onset,1043.0,7.0,,6.711409395973144,2,806,973.0000000000001,2026800806,0.45,0.45
fig4_immune_onset,1174.0,7.0,,13.287904599659285,2,807,1018.0,2026800807,0.45,0.45
fig4_immune_onset,927.0,7.0,,-7.119741100323624,2,808,993.0,2026800808,0.45,0.45
fig4_immune_onset,1497.0,7.0,,12.89245156980628,2,809,1304.0,2026800809,0.45,0.45
fig4_immune_onset,1242.0,7.0,,22.946859903381643,2,810,957.0,2026800810,0.45,0.45
fig4_immune_onset,1032.0,7.0,,15.213178294573632,2,811,875.0000000000001,2026800811,0.45,0.45
fig4_immune_onset,842.0,7.0,,5.938242280285036,2,812,792.0,2026800812,0.45,0.45
fig4_immune_onset,1043.0,7.0,,-3.6433365292425695,2,813,1081.0,2026800813,0.45,0.45
fig4_immune_onset,1157.0,7.0,,1.382886776145203,2,814,1141.0,2026800814,0.45,0.45
fig4_immune_onset,1028.0,7.0,,21.40077821011673,2,815,808.0,2026800815,0.45,0.45
fig4_immune_onset,1199.0,7.0,,2.5020850708924103,2,816,1169.0,2026800816,0.45,0.45
fig4_immune_onset,984.9999999999999,7.0,,16.649746192893392,2,817,821.0,2026800817,0.45,0.45
fig4_immune_onset,1159.0,7.0,,23.899913718723038,2,818,882.0,2026800818,0.45,0.45
fig4_immune_onset,787.0,7.0,,-8.259212198221093,2,819,852.0,2026800819,0.45,0.45
fig4_immune_onset,1326.0,7.0,,15.987933634992459,2,820,1114.0,2026800820,0.45,0.45
fig4_immune_onset,1151.0,7.0,,19.548218940052138,2,821,925.9999999999999,2026800821,0.45,0.45
fig4_immune_onset,1338.0,7.0,,16.442451420029894,2,822,1118.0,2026800822,0.45,0.45
fig4_immune_onset,1231.0,7.0,,13.078797725426483,2,823,1070.0,2026800823,0.45,0.45
fig4_immune_onset,1424.0,7.0,,12.92134831460674,2,824,1240.0,2026800824,0.45,0.45
fig4_immune_onset,1089.0,7.0,,12.764003673094582,2,825,950.0,2026800825,0.45,0.45
fig4_immune_onset,1102.0,7.0,,5.9891107078039925,2,826,1036.0,2026800826,0.45,0.45
fig4_immune_onset,1285.0,7.0,,11.517509727626459,2,827,1137.0,2026800827,0.45,0.45
fig4_immune_onset,1148.0,7.0,,-3.048780487804878,2,828,1183.0,2026800828,0.45,0.45
fig4_immune_onset,897.0,7.0,,-30.880713489409143,2,829,1174.0,2026800829,0.45,0.45
fig4_immune_onset,910.0,7.0,,2.9670329670329796,2,830,882.9999999999999,2026800830,0.45,0.45
fig4_immune_onset,1373.0,7.0,,8.011653313911143,2,831,1263.0,2026800831,0.45,0.45
fig4_immune_onset,922.0000000000001,7.0,,0.21691973969632466,2,832,920.0,2026800832,0.45,0.45
fig4_immune_onset,1107.0,7.0,,-0.45167118337850043,2,833,1112.0,2026800833,0.45,0.45
fig4_immune_onset,1215.0,7.0,,14.732510288065845,2,834,1036.0,2026800834,0.45,0.45
fig4_immune_onset,1084.0,7.0,,5.8118081180811805,2,835,1021.0,2026800835,0.45,0.45
fig4_immune_onset,1018.9999999999999,7.0,,2.1589793915603424,2,836,997.0,2026800836,0.45,0.45
fig4_immune_onset,1329.0,7.0,,17.381489841986458,2,837,1098.0,2026800837,0.45,0.45
fig4_immune_onset,1364.0,7.0,,12.243401759530792,2,838,1197.0,2026800838,0.45,0.45
fig4_immune_onset,1222.0,7.0,,10.72013093289689,2,839,1091.0,2026800839,0.45,0.45
fig4_immune_onset,769.0,7.0,,-1.8205461638491547,2,840,783.0,2026800840,0.45,0.45
fig4_immune_onset,988.0,7.0,,6.983805668016195,2,841,919.0,2026800841,0.45,0.45
fig4_immune_onset,886.0,7.0,,-7.787810383747178,2,842,955.0,2026800842,0.45,0.45
fig4_immune_onset,1001.0,7.0,,-0.2997002997002997,2,843,1004.0,2026800843,0.45,0.45
fig4_immune_onset,1317.0,7.0,,12.832194381169325,2,844,1148.0,2026800844,0.45,0.45
fig4_immune_onset,1134.0,7.0,,17.81305114638448,2,845,932.0,2026800845,0.45,0.45
fig4_immune_onset,1414.0,7.0,,18.81188118811881,2,846,1148.0,2026800846,0.45,0.45
fig4_immune_onset,1028.0,7.0,,13.229571984435786,2,847,892.0000000000001,2026800847,0.45,0.45
fig4_immune_onset,1244.0,7.0,,-6.028938906752412,2,848,1319.0,2026800848,0.45,0.45
fig4_immune_onset,950.0,7.0,,-10.526315789473685,2,849,1050.0,2026800849,0.45,0.45
fig4_immune_onset,865.0,7.0,,21.387283236994218,2,850,680.0,2026800850,0.45,0.45
fig4_immune_onset,861.0,7.0,,11.265969802555169,2,851,764.0,2026800851,0.45,0.45
fig4_immune_onset,868.0,7.0,,-17.39631336405529,2,852,1018.9999999999999,2026800852,0.45,0.45
fig4_immune_onset,1318.0,7.0,,18.588770864946888,2,853,1073.0,2026800853,0.45,0.45
fig4_immune_onset,810.0,7.0,,11.851851851851851,2,854,714.0,2026800854,0.45,0.45
fig4_immune_onset,1050.0,7.0,,2.5714285714285716,2,855,1023.0,2026800855,0.45,0.45
fig4_immune_onset,1055.0,7.0,,5.781990521327025,2,856,993.9999999999999,2026800856,0.45,0.45
fig4_immune_onset,1215.0,7.0,,-16.54320987654321,2,857,1416.0,2026800857,0.45,0.45
fig4_immune_onset,909.0000000000001,7.0,,5.060506050605072,2,858,863.0,2026800858,0.45,0.45
fig4_immune_onset,980.9999999999999,7.0,,5.504587155963292,2,859,927.0,2026800859,0.45,0.45
fig4_immune_onset,1205.0,7.0,,17.925311203319502,2,860,989.0,2026800860,0.45,0.45
fig4_immune_onset,1144.0,7.0,,20.104895104895103,2,861,914.0,2026800861,0.45,0.45
fig4_immune_onset,980.0,7.0,,6.938775510204081,2,862,912.0,2026800862,0.45,0.45
fig4_immune_onset,976.0,7.0,,-4.405737704918022,2,863,1018.9999999999999,2026800863,0.45,0.45
fig4_immune_onset,921.0,7.0,,18.458197611292075,2,864,751.0,2026800864,0.45,0.45
fig4_immune_onset,1074.0,7.0,,-2.8864059590316575,2,865,1105.0,2026800865,0.45,0.45
fig4_immune_onset,1069.0,7.0,,3.1805425631431246,2,866,1035.0,2026800866,0.45,0.45
fig4_immune_onset,1284.0,7.0,,15.109034267912772,2,867,1090.0,2026800867,0.45,0.45
fig4_immune_onset,1018.0,7.0,,24.95088408644401,2,868,764.0,2026800868,0.45,0.45
fig4_immune_onset,1166.0,7.0,,22.898799313893655,2,869,899.0,2026800869,0.45,0.45
fig4_immune_onset,1225.0,7.0,,17.551020408163264,2,870,1010.0,2026800870,0.45,0.45
fig4_immune_onset,863.0,7.0,,-11.2398609501738,2,871,959.9999999999999,2026800871,0.45,0.45
fig4_immune_onset,1253.0,7.0,,22.027134876296895,2,872,976.9999999999999,2026800872,0.45,0.45
fig4_immune_onset,1237.0,7.0,,7.599029911075182,2,873,1143.0,2026800873,0.45,0.45
fig4_immune_onset,1143.0,7.0,,9.361329833770778,2,874,1036.0,2026800874,0.45,0.45
fig4_immune_onset,1098.0,7.0,,8.014571948998178,2,875,1010.0,2026800875,0.45,0.45
fig4_immune_onset,990.0000000000001,7.0,,-1.1111111111110994,2,876,1001.0,2026800876,0.45,0.45
fig4_immune_onset,1017.0,7.0,,-6.096361848574238,2,877,1079.0,2026800877,0.45,0.45
fig4_immune_onset,1372.0,7.0,,-4.737609329446064,2,878,1437.0,2026800878,0.45,0.45
fig4_immune_onset,1022.0,7.0,,13.307240704500979,2,879,886.0,2026800879,0.45,0.45
fig4_immune_onset,979.0,7.0,,4.290091930541369,2,880,937.0,2026800880,0.45,0.45
fig4_immune_onset,1130.0,7.0,,10.530973451327442,2,881,1010.9999999999999,2026800881,0.45,0.45
fig4_immune_onset,1122.0,7.0,,-10.16042780748663,2,882,1236.0,2026800882,0.45,0.45
fig4_immune_onset,1222.0,7.0,,13.011456628477905,2,883,1063.0,2026800883,0.45,0.45
fig4_immune_onset,1452.0,7.0,,11.707988980716253,2,884,1282.0,2026800884,0.45,0.45
fig4_immune_onset,1459.0,7.0,,17.751884852638792,2,885,1200.0,2026800885,0.45,0.45
fig4_immune_onset,993.0,7.0,,15.307150050352456,2,886,841.0000000000001,2026800886,0.45,0.45
fig4_immune_onset,1235.0,7.0,,9.959514170040485,2,887,1112.0,2026800887,0.45,0.45
fig4_immune_onset,1380.0,7.0,,1.1594202898550725,2,888,1364.0,2026800888,0.45,0.45
fig4_immune_onset,1244.0,7.0,,0.48231511254019294,2,889,1238.0,2026800889,0.45,0.45
fig4_immune_onset,1374.0,7.0,,9.8981077147016,2,890,1238.0,2026800890,0.45,0.45
fig4_immune_onset,1432.0,7.0,,2.164804469273743,2,891,1401.0,2026800891,0.45,0.45
fig4_immune_onset,1049.0,7.0,,14.108674928503326,2,892,901.0000000000001,2026800892,0.45,0.45
fig4_immune_onset,814.9999999999999,7.0,,-8.220858895705536,2,893,882.0,2026800893,0.45,0.45
fig4_immune_onset,1052.0,7.0,,17.015209125475284,2,894,873.0,2026800894,0.45,0.45
fig4_immune_onset,933.9999999999999,7.0,,22.26980728051391,2,895,726.0,2026800895,0.45,0.45
fig4_immune_onset,1150.0,7.0,,12.347826086956522,2,896,1008.0,2026800896,0.45,0.45
fig4_immune_onset,1180.0,7.0,,3.305084745762712,2,897,1141.0,2026800897,0.45,0.45
fig4_immune_onset,1165.0,7.0,,11.84549356223176,2,898,1027.0,2026800898,0.45,0.45
fig4_immune_onset,1443.0,7.0,,1.593901593901594,2,899,1420.0,2026800899,0.45,0.45
fig4_immune_onset,1194.0,7.0,,7.28643216080402,2,900,1107.0,2026800900,0.45,0.45
fig4_immune_onset,1014.0,7.0,,-3.155818540433925,2,901,1046.0,2026800901,0.45,0.45
fig4_immune_onset,1407.0,7.0,,24.307036247334754,2,902,1065.0,2026800902,0.45,0.45
fig4_immune_onset,1430.0,7.0,,11.328671328671328,2,903,1268.0,2026800903,0.45,0.45
fig4_immune_onset,1166.0,7.0,,30.360205831903944,2,904,812.0,2026800904,0.45,0.45
fig4_immune_onset,928.0,7.0,,12.068965517241368,2,905,816.0000000000001,2026800905,0.45,0.45
fig4_immune_onset,911.0,7.0,,-0.5488474204171241,2,906,916.0,2026800906,0.45,0.45
fig4_immune_onset,1200.0,7.0,,7.583333333333333,2,907,1109.0,2026800907,0.45,0.45
fig4_immune_onset,940.0,7.0,,-9.25531914893617,2,908,1027.0,2026800908,0.45,0.45
fig4_immune_onset,1078.0,7.0,,-11.96660482374768,2,909,1207.0,2026800909,0.45,0.45
fig4_immune_onset,673.0,7.0,,22.58543833580981,2,910,521.0,2026800910,0.45,0.45
fig4_immune_onset,1130.0,7.0,,11.061946902654867,2,911,1005.0,2026800911,0.45,0.45
fig4_immune_onset,963.0,7.0,,4.77673935617862,2,912,916.9999999999999,2026800912,0.45,0.45
fig4_immune_onset,831.0,7.0,,18.29121540312876,2,913,679.0,2026800913,0.45,0.45
fig4_immune_onset,1459.0,7.0,,0.0,2,914,1459.0,2026800914,0.45,0.45
fig4_immune_onset,1392.0,7.0,,9.482758620689655,2,915,1260.0,2026800915,0.45,0.45
fig4_immune_onset,1433.0,7.0,,-6.140963014654571,2,916,1521.0,2026800916,0.45,0.45
fig4_immune_onset,1055.0,7.0,,12.890995260663507,2,917,919.0,2026800917,0.45,0.45
fig4_immune_onset,1063.0,7.0,,-13.828786453433679,2,918,1210.0,2026800918,0.45,0.45
fig4_immune_onset,1043.0,7.0,,12.943432406519655,2,919,908.0,2026800919,0.45,0.45
fig4_immune_onset,816.0000000000001,7.0,,-8.210784313725462,2,920,882.9999999999999,2026800920,0.45,0.45
fig4_immune_onset,1637.9999999999998,7.0,,9.584859584859572,2,921,1481.0,2026800921,0.45,0.45
fig4_immune_onset,906.0,7.0,,10.375275938189846,2,922,812.0,2026800922,0.45,0.45
fig4_immune_onset,1310.0,7.0,,34.961832061068705,2,923,852.0,2026800923,0.45,0.45
fig4_immune_onset,1224.0,7.0,,-9.722222222222221,2,924,1343.0,2026800924,0.45,0.45
fig4_immune_onset,1068.0,7.0,,1.7790262172284643,2,925,1049.0,2026800925,0.45,0.45
fig4_immune_onset,1111.0,7.0,,-7.920792079207921,2,926,1199.0,2026800926,0.45,0.45
fig4_immune_onset,1120.0,7.0,,-6.339285714285714,2,927,1191.0,2026800927,0.45,0.45
fig4_immune_onset,1173.0,7.0,,-4.092071611253197,2,928,1221.0,2026800928,0.45,0.45
fig4_immune_onset,1057.0,7.0,,7.852412488174077,2,929,974.0,2026800929,0.45,0.45
fig4_immune_onset,1298.0,7.0,,14.098613251155625,2,930,1115.0,2026800930,0.45,0.45
fig4_immune_onset,963.0,7.0,,-0.3115264797507788,2,931,966.0,2026800931,0.45,0.45
fig4_immune_onset,1616.0,7.0,,14.851485148514852,2,932,1376.0,2026800932,0.45,0.45
fig4_immune_onset,1330.0,7.0,,11.052631578947368,2,933,1183.0,2026800933,0.45,0.45
fig4_immune_onset,1359.0,7.0,,21.63355408388521,2,934,1065.0,2026800934,0.45,0.45
fig4_immune_onset,996.0,7.0,,22.08835341365462,2,935,776.0,2026800935,0.45,0.45
fig4_immune_onset,664.0,7.0,,-16.716867469879517,2,936,775.0,2026800936,0.45,0.45
fig4_immune_onset,1372.0,7.0,,-4.081632653061225,2,937,1428.0,2026800937,0.45,0.45
fig4_immune_onset,999.0000000000001,7.0,,20.52052052052054,2,938,793.9999999999999,2026800938,0.45,0.45
fig4_immune_onset,1497.0,7.0,,-4.208416833667335,2,939,1560.0,2026800939,0.45,0.45
fig4_immune_onset,774.0,7.0,,-3.746770025839808,2,940,803.0000000000001,2026800940,0.45,0.45
fig4_immune_onset,1508.0,7.0,,26.657824933687003,2,941,1106.0,2026800941,0.45,0.45
fig4_immune_onset,871.0000000000001,7.0,,17.336394948335258,2,942,720.0,2026800942,0.45,0.45
fig4_immune_onset,1055.0,7.0,,17.630331753554504,2,943,869.0,2026800943,0.45,0.45
fig4_immune_onset,1435.0,7.0,,7.177700348432055,2,944,1332.0,2026800944,0.45,0.45
fig4_immune_onset,1026.0,7.0,,1.4619883040935784,2,945,1010.9999999999999,2026800945,0.45,0.45
fig4_immune_onset,1269.0,7.0,,15.445232466509061,2,946,1073.0,2026800946,0.45,0.45
fig4_immune_onset,957.0,7.0,,12.852664576802507,2,947,834.0,2026800947,0.45,0.45
fig4_immune_onset,772.0,7.0,,0.12953367875647667,2,948,771.0,2026800948,0.45,0.45
fig4_immune_onset,873.0,7.0,,-3.5509736540664245,2,949,903.9999999999999,2026800949,0.45,0.45
fig4_immune_onset,1103.0,7.0,,5.077062556663645,2,950,1047.0,2026800950,0.45,0.45
fig4_immune_onset,1254.0,7.0,,8.771929824561404,2,951,1144.0,2026800951,0.45,0.45
fig4_immune_onset,956.0000000000001,7.0,,17.677824267782437,2,952,787.0,2026800952,0.45,0.45
fig4_immune_onset,1117.0,7.0,,5.908683974932856,2,953,1051.0,2026800953,0.45,0.45
fig4_immune_onset,793.9999999999999,7.0,,21.410579345088152,2,954,624.0,2026800954,0.45,0.45
fig4_immune_onset,1183.0,7.0,,32.967032967032964,2,955,793.0,2026800955,0.45,0.45
fig4_immune_onset,1056.0,7.0,,-11.268939393939394,2,956,1175.0,2026800956,0.45,0.45
fig4_immune_onset,1034.0,7.0,,13.346228239845273,2,957,895.9999999999999,2026800957,0.45,0.45
fig4_immune_onset,915.0,7.0,,20.546448087431695,2,958,727.0,2026800958,0.45,0.45
fig4_immune_onset,652.0,7.0,,8.282208588957054,2,959,598.0,2026800959,0.45,0.45
fig4_immune_onset,1099.0,7.0,,7.734303912647862,2,960,1014.0,2026800960,0.45,0.45
fig4_immune_onset,837.0000000000001,7.0,,13.620071684587824,2,961,723.0,2026800961,0.45,0.45
fig4_immune_onset,690.0,7.0,,2.608695652173913,2,962,672.0,2026800962,0.45,0.45
fig4_immune_onset,1101.0,7.0,,-1.3623978201634876,2,963,1116.0,2026800963,0.45,0.45
fig4_immune_onset,1116.0,7.0,,16.03942652329749,2,964,937.0,2026800964,0.45,0.45
fig4_immune_onset,1373.0,7.0,,21.412964311726146,2,965,1079.0,2026800965,0.45,0.45
fig4_immune_onset,937.0,7.0,,-1.1739594450373654,2,966,948.0000000000001,2026800966,0.45,0.45
fig4_immune_onset,963.9999999999999,7.0,,-5.082987551867232,2,967,1013.0,2026800967,0.45,0.45
fig4_immune_onset,1473.0,7.0,,23.625254582484725,2,968,1125.0,2026800968,0.45,0.45
fig4_immune_onset,1330.0,7.0,,4.586466165413534,2,969,1269.0,2026800969,0.45,0.45
fig4_immune_onset,997.9999999999999,7.0,,-1.3026052104208419,2,970,1010.9999999999999,2026800970,0.45,0.45
fig4_immune_onset,863.0,7.0,,2.7809965237543453,2,971,839.0,2026800971,0.45,0.45
fig4_immune_onset,1091.0,7.0,,3.666361136571952,2,972,1051.0,2026800972,0.45,0.45
fig4_immune_onset,1322.0,7.0,,10.363086232980333,2,973,1185.0,2026800973,0.45,0.45
fig4_immune_onset,1250.0,7.0,,7.04,2,974,1162.0,2026800974,0.45,0.45
fig4_immune_onset,848.9999999999999,7.0,,15.783274440518246,2,975,715.0,2026800975,0.45,0.45
fig4_immune_onset,1342.0,7.0,,4.918032786885246,2,976,1276.0,2026800976,0.45,0.45
fig4_immune_onset,782.0,7.0,,7.8005115089514065,2,977,721.0,2026800977,0.45,0.45
fig4_immune_onset,1008.0,7.0,,-4.166666666666667,2,978,1050.0,2026800978,0.45,0.45
fig4_immune_onset,987.0,7.0,,22.99898682877406,2,979,760.0,2026800979,0.45,0.45
fig4_immune_onset,912.9999999999999,7.0,,-5.914567360350506,2,980,967.0,2026800980,0.45,0.45
fig4_immune_onset,700.0,7.0,,18.142857142857142,2,981,573.0,2026800981,0.45,0.45
fig4_immune_onset,1477.0,7.0,,19.02505077860528,2,982,1196.0,2026800982,0.45,0.45
fig4_immune_onset,899.9999999999999,7.0,,6.222222222222211,2,983,844.0,2026800983,0.45,0.45
fig4_immune_onset,1476.0,7.0,,2.303523035230352,2,984,1442.0,2026800984,0.45,0.45
fig4_immune_onset,1089.0,7.0,,10.46831955922865,2,985,975.0,2026800985,0.45,0.45
fig4_immune_onset,1036.0,7.0,,18.146718146718147,2,986,848.0,2026800986,0.45,0.45
fig4_immune_onset,1278.0,7.0,,13.145539906103286,2,987,1110.0,2026800987,0.45,0.45
fig4_immune_onset,1387.0,7.0,,17.015140591204037,2,988,1151.0,2026800988,0.45,0.45
fig4_immune_onset,1028.0,7.0,,2.3346303501945527,2,989,1004.0,2026800989,0.45,0.45
fig4_immune_onset,1101.0,7.0,,-5.177111716621253,2,990,1158.0,2026800990,0.45,0.45
fig4_immune_onset,907.0,7.0,,19.625137816979052,2,991,729.0,2026800991,0.45,0.45
fig4_immune_onset,978.0,7.0,,3.6809815950920246,2,992,942.0,2026800992,0.45,0.45
fig4_immune_onset,1244.0,7.0,,17.363344051446944,2,993,1028.0,2026800993,0.45,0.45
fig4_immune_onset,969.0000000000001,7.0,,15.686274509803932,2,994,817.0,2026800994,0.45,0.45
fig4_immune_onset,1279.0,7.0,,8.053166536356528,2,995,1176.0,2026800995,0.45,0.45
fig4_immune_onset,1018.0,7.0,,8.546168958742633,2,996,931.0,2026800996,0.45,0.45
fig4_immune_onset,1408.0,7.0,,14.985795454545455,2,997,1197.0,2026800997,0.45,0.45
fig4_immune_onset,1230.0,7.0,,21.70731707317073,2,998,963.0,2026800998,0.45,0.45
fig4_immune_onset,1502.0,7.0,,21.904127829560586,2,999,1173.0,2026800999,0.45,0.45
