draw_id,scenario,mean_cases,mean_deaths,mean_doses,comparator_mean_deaths,deaths_averted_pct
5,no_vax_base_ops,1809.52,824.58,0.0,824.58,0.0
5,vax_base_ops,1695.74,766.92,7884.14,824.58,6.992650804045706
5,no_vax_enh_ops,323.38,147.88,0.0,824.58,82.0660214897281
5,vax_enh_ops,315.06,143.2,8213.14,824.58,82.63358315748624
5,incremental_ring_vax,315.06,143.2,8213.14,147.88,3.164728157965923
5,no_vax_ring1_base_ops,2001.82,911.82,0.0,824.58,-10.579931601542603
5,no_vax_ring1_enh_ops,451.82,206.04,0.0,911.82,77.40343488846484
5,ring1_vax_base_ops,1941.96,879.58,2963.56,911.82,3.535785571713716
5,ring1_vax_enh_ops,420.44,188.92,5585.96,911.82,79.2809984426751
5,comm_base_20,1146.72,503.16,20000.0,824.58,38.97984428436295
5,comm_base_40,695.02,295.34,40000.0,824.58,64.18297800092168
5,comm_base_60,457.06,183.54,60000.0,824.58,77.74139561958816
5,comm_base_80,317.7,120.72,80000.0,824.58,85.35981954449538
3,no_vax_base_ops,1910.8,862.98,0.0,862.98,0.0
3,vax_base_ops,1721.06,773.72,7877.18,862.98,10.34322927530186
3,no_vax_enh_ops,283.86,128.5,0.0,862.98,85.10973603096248
3,vax_enh_ops,276.54,124.98,8243.3,862.98,85.51762497392755
3,incremental_ring_vax,276.54,124.98,8243.3,128.5,2.7392996108949386
3,no_vax_ring1_base_ops,2205.24,996.16,0.0,862.98,-15.43257085911608
3,no_vax_ring1_enh_ops,365.28,164.62,0.0,996.16,83.47454224221009
3,ring1_vax_base_ops,2099.56,946.06,3021.34,996.16,5.02931256023129
3,ring1_vax_enh_ops,345.68,154.08,4352.76,996.16,84.5326052039833
3,comm_base_20,978.08,429.42,20000.0,862.98,50.23986650907321
3,comm_base_40,536.8,228.76,40000.0,862.98,73.49185380889476
3,comm_base_60,318.18,128.82,60000.0,862.98,85.07265521796567
3,comm_base_80,220.08,83.14,80000.0,862.98,90.36594127326241
1,no_vax_base_ops,2169.64,977.58,0.0,977.58,0.0
1,vax_base_ops,2037.88,911.3,7875.44,977.58,6.78000777429981
1,no_vax_enh_ops,359.42,159.7,0.0,977.58,83.66374107489925
1,vax_enh_ops,342.08,151.4,8313.72,977.58,84.51277644796333
1,incremental_ring_vax,342.08,151.4,8313.72,159.7,5.197244834063859
1,no_vax_ring1_base_ops,2489.76,1124.88,0.0,977.58,-15.067820536426693
1,no_vax_ring1_enh_ops,463.2,205.0,0.0,1124.88,81.77583386672357
1,ring1_vax_base_ops,2378.82,1069.72,3140.76,1124.88,4.903634165422096
1,ring1_vax_enh_ops,444.92,193.98,4800.94,1124.88,82.75549391935141
1,comm_base_20,1268.72,553.52,20000.0,977.58,43.378547024284465
1,comm_base_40,759.76,317.36,40000.0,977.58,67.53616072341906
1,comm_base_60,485.64,192.24,60000.0,977.58,80.33511323881422
1,comm_base_80,338.92,127.1,80000.0,977.58,86.99850651609076
4,no_vax_base_ops,1945.34,882.88,0.0,882.88,0.0
4,vax_base_ops,1731.64,777.86,7967.98,882.88,11.895161290322578
4,no_vax_enh_ops,385.64,175.16,0.0,882.88,80.16038419717289
4,vax_enh_ops,371.16,167.86,8238.7,882.88,80.98722363175064
4,incremental_ring_vax,371.16,167.86,8238.7,175.16,4.1676181776661245
4,no_vax_ring1_base_ops,2139.42,969.28,0.0,882.88,-9.78615440376948
4,no_vax_ring1_enh_ops,576.42,262.56,0.0,969.28,72.91185209640146
4,ring1_vax_base_ops,2062.6,930.58,2897.2,969.28,3.992654341366781
4,ring1_vax_enh_ops,551.36,246.76,5592.14,969.28,74.5419280290525
4,comm_base_20,980.48,431.58,20000.0,882.88,51.11679956505981
4,comm_base_40,546.86,233.78,40000.0,882.88,73.52075027183763
4,comm_base_60,323.74,131.18,60000.0,882.88,85.14180862631389
4,comm_base_80,222.56,86.38,80000.0,882.88,90.21611090974991
2,no_vax_base_ops,2413.98,1098.66,0.0,1098.66,0.0
2,vax_base_ops,2261.44,1019.62,7511.72,1098.66,7.194218411519493
2,no_vax_enh_ops,380.02,173.26,0.0,1098.66,84.22988003567984
2,vax_enh_ops,376.32,171.08,8188.64,1098.66,84.4283035698032
2,incremental_ring_vax,376.32,171.08,8188.64,173.26,1.2582246334987754
2,no_vax_ring1_base_ops,2663.78,1211.98,0.0,1098.66,-10.314382975624845
2,no_vax_ring1_enh_ops,559.56,254.9,0.0,1211.98,78.9682998069275
2,ring1_vax_base_ops,2613.22,1185.92,2308.44,1211.98,2.1502004983580543
2,ring1_vax_enh_ops,537.18,240.98,5224.7,1211.98,80.1168336111157
2,comm_base_20,1394.78,613.1,20000.0,1098.66,44.19565652704204
2,comm_base_40,846.3,357.06,40000.0,1098.66,67.50040958986402
2,comm_base_60,523.72,209.3,60000.0,1098.66,80.94952032475926
2,comm_base_80,363.2,136.82,80000.0,1098.66,87.54664773451296
0,no_vax_base_ops,2317.14,1054.46,0.0,1054.46,0.0
0,vax_base_ops,2091.88,944.44,7665.46,1054.46,10.433776530167098
0,no_vax_enh_ops,429.56,194.64,0.0,1054.46,81.54126282647042
0,vax_enh_ops,421.5,190.36,8140.92,1054.46,81.94715778692411
0,incremental_ring_vax,421.5,190.36,8140.92,194.64,2.1989313604603233
0,no_vax_ring1_base_ops,2497.62,1138.58,0.0,1054.46,-7.977543007795449
0,no_vax_ring1_enh_ops,774.82,353.14,0.0,1138.58,68.98417326845721
0,ring1_vax_base_ops,2468.58,1119.58,2561.68,1138.58,1.668745279207434
0,ring1_vax_enh_ops,710.38,318.44,6561.78,1138.58,72.0318291204834
0,comm_base_20,1161.34,513.68,20000.0,1054.46,51.28501792386625
0,comm_base_40,664.26,281.56,40000.0,1054.46,73.29818105949965
0,comm_base_60,398.04,159.5,60000.0,1054.46,84.87377425412059
0,comm_base_80,271.3,100.32,80000.0,1054.46,90.4861255998331
6,no_vax_base_ops,3241.76,1478.32,0.0,1478.32,0.0
6,vax_base_ops,2900.62,1310.28,7816.0,1478.32,11.366957086422424
6,no_vax_enh_ops,511.32,231.26,0.0,1478.32,84.35656691379404
6,vax_enh_ops,496.26,223.58,8257.82,1478.32,84.8760755452135
6,incremental_ring_vax,496.26,223.58,8257.82,231.26,3.3209374729741326
6,no_vax_ring1_base_ops,3759.86,1715.6,0.0,1478.32,-16.050652091563393
6,no_vax_ring1_enh_ops,964.62,438.74,0.0,1715.6,74.42643972954068
6,ring1_vax_base_ops,3568.34,1620.74,3662.86,1715.6,5.529260899976679
6,ring1_vax_enh_ops,903.28,407.34,7289.96,1715.6,76.25670319421776
6,comm_base_20,1527.0,679.58,20000.0,1478.32,54.03025055468369
6,comm_base_40,736.28,313.68,40000.0,1478.32,78.78131933546187
6,comm_base_60,442.4,178.88,60000.0,1478.32,87.89977812652201
6,comm_base_80,291.8,110.94,80000.0,1478.32,92.49553547269875
7,no_vax_base_ops,3370.92,1526.22,0.0,1526.22,0.0
7,vax_base_ops,3029.56,1360.56,7909.02,1526.22,10.854267405747537
7,no_vax_enh_ops,578.12,262.0,0.0,1526.22,82.83340540682208
7,vax_enh_ops,543.18,245.94,8239.86,1526.22,83.88567834257184
7,incremental_ring_vax,543.18,245.94,8239.86,262.0,6.129770992366413
7,no_vax_ring1_base_ops,4160.08,1885.92,0.0,1526.22,-23.568030821244648
7,no_vax_ring1_enh_ops,1028.58,466.16,0.0,1885.92,75.28209043861881
7,ring1_vax_base_ops,3903.38,1759.72,4385.46,1885.92,6.691694239416308
7,ring1_vax_enh_ops,991.96,445.9,7397.54,1885.92,76.35636718418597
7,comm_base_20,1859.28,813.06,20000.0,1526.22,46.727208397216664
7,comm_base_40,1097.84,462.42,40000.0,1526.22,69.70161575657507
7,comm_base_60,671.2,267.98,60000.0,1526.22,82.44158771343581
7,comm_base_80,456.78,174.18,80000.0,1526.22,88.58749066320713
13,no_vax_base_ops,1751.08,797.94,0.0,797.94,0.0
13,vax_base_ops,1568.94,707.3,7752.14,797.94,11.359250068927501
13,no_vax_enh_ops,302.02,137.62,0.0,797.94,82.7530892047021
13,vax_enh_ops,290.5,131.7,8193.14,797.94,83.49499962403188
13,incremental_ring_vax,290.5,131.7,8193.14,137.62,4.301700334253754
13,no_vax_ring1_base_ops,1939.08,883.08,0.0,797.94,-10.669975186104216
13,no_vax_ring1_enh_ops,434.7,197.0,0.0,883.08,77.6917153598768
13,ring1_vax_base_ops,1896.7,860.32,2321.78,883.08,2.5773429360873297
13,ring1_vax_enh_ops,402.94,179.74,4910.8,883.08,79.64623816641753
13,comm_base_20,935.9,413.88,20000.0,797.94,48.131438454019104
13,comm_base_40,517.32,217.94,40000.0,797.94,72.687169461363
13,comm_base_60,318.06,127.56,60000.0,797.94,84.01383562673887
13,comm_base_80,213.7,81.48,80000.0,797.94,89.78870591773817
12,no_vax_base_ops,1961.18,890.0,0.0,890.0,0.0
12,vax_base_ops,1772.38,796.58,7822.9,890.0,10.496629213483143
12,no_vax_enh_ops,338.94,155.34,0.0,890.0,82.54606741573033
12,vax_enh_ops,329.8,150.28,8214.68,890.0,83.11460674157303
12,incremental_ring_vax,329.8,150.28,8214.68,155.34,3.257370928286341
12,no_vax_ring1_base_ops,2227.06,1008.12,0.0,890.0,-13.271910112359551
12,no_vax_ring1_enh_ops,494.76,225.4,0.0,1008.12,77.64155060905448
12,ring1_vax_base_ops,2109.1,952.18,2832.94,1008.12,5.548942586200061
12,ring1_vax_enh_ops,449.66,202.68,4980.82,1008.12,79.89525056540887
12,comm_base_20,962.66,425.84,20000.0,890.0,52.15280898876404
12,comm_base_40,500.56,213.96,40000.0,890.0,75.95955056179776
12,comm_base_60,304.26,124.48,60000.0,890.0,86.01348314606741
12,comm_base_80,210.38,81.98,80000.0,890.0,90.78876404494382
8,no_vax_base_ops,2424.0,1101.76,0.0,1101.76,0.0
8,vax_base_ops,2228.4,1005.18,7690.46,1101.76,8.765974440894572
8,no_vax_enh_ops,310.0,141.46,0.0,1101.76,87.16054313099042
8,vax_enh_ops,298.98,135.62,8303.76,1101.76,87.6906041243102
8,incremental_ring_vax,298.98,135.62,8303.76,141.46,4.128375512512373
8,no_vax_ring1_base_ops,2799.14,1270.18,0.0,1101.76,-15.286450769677613
8,no_vax_ring1_enh_ops,405.28,185.9,0.0,1270.18,85.3642790785558
8,ring1_vax_base_ops,2722.2,1232.72,2715.82,1270.18,2.9491883040199056
8,ring1_vax_enh_ops,374.08,169.58,4986.94,1270.18,86.64913634288054
8,comm_base_20,1312.68,578.9,20000.0,1101.76,47.456796398489686
8,comm_base_40,727.26,307.8,40000.0,1101.76,72.06288120824863
8,comm_base_60,444.86,179.38,60000.0,1101.76,83.71877722916062
8,comm_base_80,299.54,113.02,80000.0,1101.76,89.74186755736277
11,no_vax_base_ops,2678.08,1217.32,0.0,1217.32,0.0
11,vax_base_ops,2507.32,1131.86,7664.96,1217.32,7.020339762757536
11,no_vax_enh_ops,346.94,155.28,0.0,1217.32,87.24411001215786
11,vax_enh_ops,339.28,151.82,8242.66,1217.32,87.52834094568396
11,incremental_ring_vax,339.28,151.82,8242.66,155.28,2.228232869654822
11,no_vax_ring1_base_ops,3142.0,1428.44,0.0,1217.32,-17.343015805211458
11,no_vax_ring1_enh_ops,478.34,214.8,0.0,1428.44,84.96261656072359
11,ring1_vax_base_ops,2996.98,1357.18,2741.3,1428.44,4.9886589566240085
11,ring1_vax_enh_ops,450.72,199.02,4837.72,1428.44,86.06731819327378
11,comm_base_20,1440.5,633.5,20000.0,1217.32,47.95945191075477
11,comm_base_40,791.3,331.92,40000.0,1217.32,72.73354582196957
11,comm_base_60,471.2,185.52,60000.0,1217.32,84.75996451220715
11,comm_base_80,321.92,118.92,80000.0,1217.32,90.23099924424145
9,no_vax_base_ops,2288.42,1037.1,0.0,1037.1,0.0
9,vax_base_ops,2137.14,961.82,7819.86,1037.1,7.25870215022658
9,no_vax_enh_ops,365.86,168.22,0.0,1037.1,83.77977051393307
9,vax_enh_ops,355.78,162.5,8245.2,1037.1,84.3313084562723
9,incremental_ring_vax,355.78,162.5,8245.2,168.22,3.4003091190108186
9,no_vax_ring1_base_ops,2593.54,1176.66,0.0,1037.1,-13.45675441133933
9,no_vax_ring1_enh_ops,563.72,256.1,0.0,1176.66,78.23500416432954
9,ring1_vax_base_ops,2557.38,1154.52,3059.3,1176.66,1.8815970628728858
9,ring1_vax_enh_ops,549.7,246.24,6183.02,1176.66,79.07296925195043
9,comm_base_20,1388.16,610.14,20000.0,1037.1,41.1686433323691
9,comm_base_40,896.88,378.0,40000.0,1037.1,63.55221290135955
9,comm_base_60,603.78,242.58,60000.0,1037.1,76.60977726352328
9,comm_base_80,418.68,159.98,80000.0,1037.1,84.57429370359657
14,no_vax_base_ops,1863.04,844.32,0.0,844.32,0.0
14,vax_base_ops,1723.7,775.46,7907.86,844.32,8.155675573242375
14,no_vax_enh_ops,393.68,177.66,0.0,844.32,78.95821489482663
14,vax_enh_ops,376.5,168.5,8257.98,844.32,80.04311161644874
14,incremental_ring_vax,376.5,168.5,8257.98,177.66,5.155915794213665
14,no_vax_ring1_base_ops,2077.38,941.38,0.0,844.32,-11.495641462952428
14,no_vax_ring1_enh_ops,586.38,266.96,0.0,941.38,71.64163249697253
14,ring1_vax_base_ops,2018.12,912.2,2688.82,941.38,3.0997046888610287
14,ring1_vax_enh_ops,543.0,243.62,5866.44,941.38,74.12097133994774
14,comm_base_20,1109.46,487.82,20000.0,844.32,42.223327648285014
14,comm_base_40,673.48,284.32,40000.0,844.32,66.32556376729202
14,comm_base_60,434.52,173.62,60000.0,844.32,79.43670646200492
14,comm_base_80,309.02,116.56,80000.0,844.32,86.19480765586506
10,no_vax_base_ops,2819.5,1280.06,0.0,1280.06,0.0
10,vax_base_ops,2493.12,1121.84,7988.92,1280.06,12.360358108213681
10,no_vax_enh_ops,524.14,238.0,0.0,1280.06,81.40712154117776
10,vax_enh_ops,501.6,226.68,8291.44,1280.06,82.29145508804274
10,incremental_ring_vax,501.6,226.68,8291.44,238.0,4.756302521008401
10,no_vax_ring1_base_ops,3348.16,1517.96,0.0,1280.06,-18.585066325016022
10,no_vax_ring1_enh_ops,933.66,422.66,0.0,1517.96,72.15605154286015
10,ring1_vax_base_ops,3199.0,1440.82,4012.96,1517.96,5.08182033782182
10,ring1_vax_enh_ops,875.32,391.62,7430.4,1517.96,74.20090120951805
10,comm_base_20,1442.36,633.46,20000.0,1280.06,50.513257191069165
10,comm_base_40,764.44,322.98,40000.0,1280.06,74.76837023264535
10,comm_base_60,479.88,192.94,60000.0,1280.06,84.92726903426401
10,comm_base_80,326.6,124.08,80000.0,1280.06,90.3067043732325
15,no_vax_base_ops,2658.18,1211.08,0.0,1211.08,0.0
15,vax_base_ops,2429.74,1096.86,8047.06,1211.08,9.43125144499125
15,no_vax_enh_ops,315.76,145.72,0.0,1211.08,87.96776430954189
15,vax_enh_ops,308.58,141.96,8347.5,1211.08,88.27823100042936
15,incremental_ring_vax,308.58,141.96,8347.5,145.72,2.5802909689816023
15,no_vax_ring1_base_ops,3302.62,1503.84,0.0,1211.08,-24.173465006440534
15,no_vax_ring1_enh_ops,426.68,195.7,0.0,1503.84,86.98664751569315
15,ring1_vax_base_ops,3119.38,1412.68,4591.88,1503.84,6.061815086711343
15,ring1_vax_enh_ops,399.38,182.34,5945.2,1503.84,87.87503989786148
15,comm_base_20,1370.76,604.82,20000.0,1211.08,50.0594510684678
15,comm_base_40,757.92,323.06,40000.0,1211.08,73.32463586220564
15,comm_base_60,479.74,195.9,60000.0,1211.08,83.82435512104898
15,comm_base_80,312.0,121.38,80000.0,1211.08,89.97754070746771
16,no_vax_base_ops,1781.26,809.74,0.0,809.74,0.0
16,vax_base_ops,1670.3,753.6,7583.14,809.74,6.933089633709583
16,no_vax_enh_ops,301.9,135.34,0.0,809.74,83.2859930348013
16,vax_enh_ops,293.62,130.8,8221.46,809.74,83.84666683132858
16,incremental_ring_vax,293.62,130.8,8221.46,135.34,3.3545145559331995
16,no_vax_ring1_base_ops,2020.16,918.06,0.0,809.74,-13.377133400844706
16,no_vax_ring1_enh_ops,391.34,176.22,0.0,918.06,80.80517613227893
16,ring1_vax_base_ops,1980.32,897.22,2076.66,918.06,2.270004139163009
16,ring1_vax_enh_ops,362.44,160.28,3673.46,918.06,82.54144609284796
16,comm_base_20,999.66,441.56,20000.0,809.74,45.46891594832909
16,comm_base_40,609.16,255.16,40000.0,809.74,68.48865067799541
16,comm_base_60,374.52,147.62,60000.0,809.74,81.76945686269667
16,comm_base_80,261.66,97.3,80000.0,809.74,87.98379726825894
17,no_vax_base_ops,1642.34,747.42,0.0,747.42,0.0
17,vax_base_ops,1575.68,712.28,7927.92,747.42,4.701506515747504
17,no_vax_enh_ops,367.3,166.1,0.0,747.42,77.77688582055605
17,vax_enh_ops,354.0,159.58,8241.08,747.42,78.6492199834096
17,incremental_ring_vax,354.0,159.58,8241.08,166.1,3.9253461770017952
17,no_vax_ring1_base_ops,1846.48,839.3,0.0,747.42,-12.292954429905542
17,no_vax_ring1_enh_ops,507.36,229.18,0.0,839.3,72.69391159299416
17,ring1_vax_base_ops,1802.0,816.94,2437.3,839.3,2.6641248659597165
17,ring1_vax_enh_ops,484.22,216.14,4864.8,839.3,74.24758727511022
17,comm_base_20,1057.84,467.72,20000.0,747.42,37.42206523775119
17,comm_base_40,676.2,287.08,40000.0,747.42,61.59053811779187
17,comm_base_60,502.88,202.96,60000.0,747.42,72.84525434160177
17,comm_base_80,355.7,136.64,80000.0,747.42,81.7184447833882
21,no_vax_base_ops,2336.06,1055.26,0.0,1055.26,0.0
21,vax_base_ops,2170.74,973.1,7857.54,1055.26,7.7857589598771835
21,no_vax_enh_ops,368.66,166.94,0.0,1055.26,84.18020203551731
21,vax_enh_ops,346.84,156.04,8309.44,1055.26,85.21312283228778
21,incremental_ring_vax,346.84,156.04,8309.44,166.94,6.529291961183661
21,no_vax_ring1_base_ops,2711.14,1225.06,0.0,1055.26,-16.090821219415115
21,no_vax_ring1_enh_ops,493.68,222.28,0.0,1225.06,81.85558258371019
21,ring1_vax_base_ops,2623.02,1180.14,2997.18,1225.06,3.666759179142234
21,ring1_vax_enh_ops,468.9,209.3,5497.56,1225.06,82.91512252461105
21,comm_base_20,1236.52,541.36,20000.0,1055.26,48.698898849572615
21,comm_base_40,656.82,275.82,40000.0,1055.26,73.86236567291473
21,comm_base_60,392.6,157.02,60000.0,1055.26,85.12025472395429
21,comm_base_80,273.4,103.28,80000.0,1055.26,90.21283854216023
18,no_vax_base_ops,3661.88,1666.16,0.0,1666.16,0.0
18,vax_base_ops,3182.48,1437.6,7799.34,1666.16,13.71777020214146
18,no_vax_enh_ops,605.82,273.98,0.0,1666.16,83.55620108512987
18,vax_enh_ops,587.88,264.08,8195.78,1666.16,84.1503817160417
18,incremental_ring_vax,587.88,264.08,8195.78,273.98,3.6134024381341825
18,no_vax_ring1_base_ops,4208.5,1914.38,0.0,1666.16,-14.897728909588515
18,no_vax_ring1_enh_ops,1256.98,571.34,0.0,1914.38,70.1553505573606
18,ring1_vax_base_ops,4108.18,1862.88,3501.28,1914.38,2.690166006748921
18,ring1_vax_enh_ops,1185.34,534.98,7574.78,1914.38,72.05465999435849
18,comm_base_20,1709.2,756.0,20000.0,1666.16,54.626206366735495
18,comm_base_40,864.78,366.08,40000.0,1666.16,78.02852067028377
18,comm_base_60,512.1,206.92,60000.0,1666.16,87.58102463148796
18,comm_base_80,359.02,136.76,80000.0,1666.16,91.79190473904066
22,no_vax_base_ops,2544.08,1157.14,0.0,1157.14,0.0
22,vax_base_ops,2312.88,1042.86,7758.94,1157.14,9.876073768083394
22,no_vax_enh_ops,450.6,205.28,0.0,1157.14,82.25970928323281
22,vax_enh_ops,439.0,198.26,8160.18,1157.14,82.86637744784555
22,incremental_ring_vax,439.0,198.26,8160.18,205.28,3.4197194076383526
22,no_vax_ring1_base_ops,2943.4,1335.96,0.0,1157.14,-15.453618403996051
22,no_vax_ring1_enh_ops,872.5,399.52,0.0,1335.96,70.09491302134795
22,ring1_vax_base_ops,2876.16,1299.3,2842.76,1335.96,2.744094134554933
22,ring1_vax_enh_ops,818.58,370.66,6732.92,1335.96,72.25515734004011
22,comm_base_20,1423.14,629.66,20000.0,1157.14,45.58480391309609
22,comm_base_40,839.02,357.52,40000.0,1157.14,69.10313358798417
22,comm_base_60,504.58,202.42,60000.0,1157.14,82.50687038733429
22,comm_base_80,332.02,124.72,80000.0,1157.14,89.2217017819797
19,no_vax_base_ops,4580.16,2072.5,0.0,2072.5,0.0
19,vax_base_ops,4199.26,1883.12,7812.52,2072.5,9.137756332931248
19,no_vax_enh_ops,466.12,212.56,0.0,2072.5,89.7437876960193
19,vax_enh_ops,450.98,205.12,8273.8,2072.5,90.1027744270205
19,incremental_ring_vax,450.98,205.12,8273.8,212.56,3.50018818216033
19,no_vax_ring1_base_ops,6198.98,2803.84,0.0,2072.5,-35.28781664656213
19,no_vax_ring1_enh_ops,735.22,334.02,0.0,2803.84,88.08705204291259
19,ring1_vax_base_ops,5890.12,2651.14,4714.82,2803.84,5.446102488016444
19,ring1_vax_enh_ops,701.84,314.84,6575.12,2803.84,88.77111390093586
19,comm_base_20,2307.88,1011.64,20000.0,2072.5,51.187454764776845
19,comm_base_40,1215.76,512.0,40000.0,2072.5,75.29553679131483
19,comm_base_60,685.54,274.76,60000.0,2072.5,86.74258142340169
19,comm_base_80,434.74,163.72,80000.0,2072.5,92.10036188178529
20,no_vax_base_ops,3910.72,1779.84,0.0,1779.84,0.0
20,vax_base_ops,3515.54,1585.8,7999.14,1779.84,10.902103559870548
20,no_vax_enh_ops,390.54,177.52,0.0,1779.84,90.02606975907948
20,vax_enh_ops,379.48,171.46,8416.66,1779.84,90.36654980222941
20,incremental_ring_vax,379.48,171.46,8416.66,177.52,3.413699864803967
20,no_vax_ring1_base_ops,5016.0,2284.76,0.0,1779.84,-28.368842143114005
20,no_vax_ring1_enh_ops,543.64,248.36,0.0,2284.76,89.12971165461579
20,ring1_vax_base_ops,4769.34,2158.7,5169.9,2284.76,5.517428526409793
20,ring1_vax_enh_ops,516.72,233.74,6515.54,2284.76,89.76960380959052
20,comm_base_20,2063.48,909.52,20000.0,1779.84,48.898777418194896
20,comm_base_40,1196.98,506.28,40000.0,1779.84,71.55474649406689
20,comm_base_60,734.3,295.62,60000.0,1779.84,83.39064185544767
20,comm_base_80,504.7,193.84,80000.0,1779.84,89.10913340524992
23,no_vax_base_ops,2603.18,1176.28,0.0,1176.28,0.0
23,vax_base_ops,2251.08,1009.3,7815.36,1176.28,14.195599687149318
23,no_vax_enh_ops,426.72,193.46,0.0,1176.28,83.55323562417112
23,vax_enh_ops,412.6,185.98,8183.4,1176.28,84.18913864045976
23,incremental_ring_vax,412.6,185.98,8183.4,193.46,3.8664323374341043
23,no_vax_ring1_base_ops,3007.0,1359.86,0.0,1176.28,-15.606828306185596
23,no_vax_ring1_enh_ops,711.32,321.2,0.0,1359.86,76.37992146250349
23,ring1_vax_base_ops,2935.36,1320.04,3489.9,1359.86,2.928242613210179
23,ring1_vax_enh_ops,662.96,295.44,6666.3,1359.86,78.2742341123351
23,comm_base_20,1320.88,576.88,20000.0,1176.28,50.9572550753222
23,comm_base_40,669.6,281.84,40000.0,1176.28,76.03971843438637
23,comm_base_60,387.7,155.66,60000.0,1176.28,86.76675621450676
23,comm_base_80,259.24,98.08,80000.0,1176.28,91.66184921957357
25,no_vax_base_ops,3759.08,1708.2,0.0,1708.2,0.0
25,vax_base_ops,3465.6,1562.16,7694.0,1708.2,8.549350193185807
25,no_vax_enh_ops,337.6,153.18,0.0,1708.2,91.0326659641728
25,vax_enh_ops,335.46,151.5,8333.14,1708.2,91.13101510361784
25,incremental_ring_vax,335.46,151.5,8333.14,153.18,1.0967489228358838
25,no_vax_ring1_base_ops,4569.36,2071.42,0.0,1708.2,-21.26331811263318
25,no_vax_ring1_enh_ops,410.32,185.48,0.0,2071.42,91.04575605140435
25,ring1_vax_base_ops,4473.66,2021.92,3671.06,2071.42,2.3896650606830097
25,ring1_vax_enh_ops,410.3,183.58,5378.9,2071.42,91.13748056888511
25,comm_base_20,1879.92,828.14,20000.0,1708.2,51.519728369043435
25,comm_base_40,1038.78,437.16,40000.0,1708.2,74.40814892869687
25,comm_base_60,614.7,245.86,60000.0,1708.2,85.60707177145532
25,comm_base_80,399.08,150.32,80000.0,1708.2,91.20009366584709
24,no_vax_base_ops,3868.76,1750.12,0.0,1750.12,0.0
24,vax_base_ops,3520.04,1580.48,7816.98,1750.12,9.693049619454658
24,no_vax_enh_ops,449.3,202.72,0.0,1750.12,88.41679427696387
24,vax_enh_ops,434.72,195.98,8238.5,1750.12,88.80191072612165
24,incremental_ring_vax,434.72,195.98,8238.5,202.72,3.3247829518547793
24,no_vax_ring1_base_ops,4999.3,2264.38,0.0,1750.12,-29.384270792859933
24,no_vax_ring1_enh_ops,791.3,356.92,0.0,2264.38,84.23762795997138
24,ring1_vax_base_ops,4778.84,2152.3,4713.54,2264.38,4.9496992554253225
24,ring1_vax_enh_ops,768.92,343.8,7649.68,2264.38,84.817036009857
24,comm_base_20,1684.26,742.56,20000.0,1750.12,57.57090942335383
24,comm_base_40,802.6,342.18,40000.0,1750.12,80.44819783786254
24,comm_base_60,453.08,183.74,60000.0,1750.12,89.5012913400224
24,comm_base_80,294.28,112.82,80000.0,1750.12,93.55358489703563
28,no_vax_base_ops,2430.7,1103.22,0.0,1103.22,0.0
28,vax_base_ops,2201.02,992.64,7881.0,1103.22,10.023386087996958
28,no_vax_enh_ops,278.34,127.84,0.0,1103.22,88.41210275375718
28,vax_enh_ops,271.94,124.2,8385.82,1103.22,88.74204601076848
28,incremental_ring_vax,271.94,124.2,8385.82,127.84,2.847309136420526
28,no_vax_ring1_base_ops,2786.86,1263.42,0.0,1103.22,-14.521129058573996
28,no_vax_ring1_enh_ops,358.4,164.94,0.0,1263.42,86.94495892102388
28,ring1_vax_base_ops,2678.54,1208.34,3480.38,1263.42,4.35959538395784
28,ring1_vax_enh_ops,324.5,145.48,5064.02,1263.42,88.48522264963353
28,comm_base_20,1289.12,565.54,20000.0,1103.22,48.73733253566832
28,comm_base_40,688.84,291.82,40000.0,1103.22,73.54834031290224
28,comm_base_60,423.26,170.22,60000.0,1103.22,84.57062054712569
28,comm_base_80,282.46,107.36,80000.0,1103.22,90.26848679320534
30,no_vax_base_ops,1599.3,726.06,0.0,726.06,0.0
30,vax_base_ops,1490.54,672.26,7739.54,726.06,7.409855934771225
30,no_vax_enh_ops,310.2,141.34,0.0,726.06,80.53328925984079
30,vax_enh_ops,302.22,137.12,8243.88,726.06,81.11450844282841
30,incremental_ring_vax,302.22,137.12,8243.88,141.34,2.9857082213103148
30,no_vax_ring1_base_ops,1743.78,793.9,0.0,726.06,-9.343580420350941
30,no_vax_ring1_enh_ops,413.62,189.3,0.0,793.9,76.15568711424612
30,ring1_vax_base_ops,1736.18,785.66,2008.84,793.9,1.0379140949741792
30,ring1_vax_enh_ops,388.6,173.78,5095.64,793.9,78.11059327371206
30,comm_base_20,984.92,435.7,20000.0,726.06,39.99118530149023
30,comm_base_40,642.7,273.34,40000.0,726.06,62.35297358345041
30,comm_base_60,405.78,163.62,60000.0,726.06,77.46467234112883
30,comm_base_80,281.34,108.42,80000.0,726.06,85.06734980580119
26,no_vax_base_ops,2901.28,1318.34,0.0,1318.34,0.0
26,vax_base_ops,2648.0,1193.68,7920.18,1318.34,9.455830817543264
26,no_vax_enh_ops,389.32,178.24,0.0,1318.34,86.47996723151842
26,vax_enh_ops,391.08,178.18,8333.52,1318.34,86.48451840951499
26,incremental_ring_vax,391.08,178.18,8333.52,178.24,0.03366247755834957
26,no_vax_ring1_base_ops,3555.92,1611.34,0.0,1318.34,-22.22491921659056
26,no_vax_ring1_enh_ops,535.84,244.44,0.0,1611.34,84.83001725272135
26,ring1_vax_base_ops,3456.94,1560.08,3731.66,1611.34,3.18120322216292
26,ring1_vax_enh_ops,524.14,235.76,4959.26,1611.34,85.36869934340363
26,comm_base_20,1716.02,755.14,20000.0,1318.34,42.72039079448397
26,comm_base_40,1092.82,463.72,40000.0,1318.34,64.82546232383147
26,comm_base_60,714.5,288.52,60000.0,1318.34,78.11490207382012
26,comm_base_80,483.68,186.22,80000.0,1318.34,85.87466055797442
27,no_vax_base_ops,3145.32,1416.14,0.0,1416.14,0.0
27,vax_base_ops,2849.3,1273.42,7853.76,1416.14,10.07809962291864
27,no_vax_enh_ops,467.98,209.48,0.0,1416.14,85.20767720705581
27,vax_enh_ops,454.0,202.26,8245.12,1416.14,85.71751380513227
27,incremental_ring_vax,454.0,202.26,8245.12,209.48,3.446629749856788
27,no_vax_ring1_base_ops,3613.88,1626.92,0.0,1416.14,-14.884121626392867
27,no_vax_ring1_enh_ops,783.76,349.74,0.0,1626.92,78.50293806702234
27,ring1_vax_base_ops,3350.74,1498.24,3949.46,1626.92,7.909423942172944
27,ring1_vax_enh_ops,737.14,326.0,7117.58,1626.92,79.96213704423081
27,comm_base_20,1446.9,632.04,20000.0,1416.14,55.368819467001856
27,comm_base_40,751.68,315.96,40000.0,1416.14,77.68864660273701
27,comm_base_60,430.76,171.7,60000.0,1416.14,87.8754925360487
27,comm_base_80,301.72,112.58,80000.0,1416.14,92.05022102334516
31,no_vax_base_ops,2094.58,944.58,0.0,944.58,0.0
31,vax_base_ops,1943.92,870.92,7919.34,944.58,7.79817485019798
31,no_vax_enh_ops,324.96,145.32,0.0,944.58,84.61538461538461
31,vax_enh_ops,319.52,141.7,8278.06,944.58,84.99862372694744
31,incremental_ring_vax,319.52,141.7,8278.06,145.32,2.491054225158275
31,no_vax_ring1_base_ops,2384.3,1072.98,0.0,944.58,-13.593343073111857
31,no_vax_ring1_enh_ops,443.92,199.2,0.0,1072.98,81.43488229044344
31,ring1_vax_base_ops,2325.08,1043.16,3445.18,1072.98,2.779175753508913
31,ring1_vax_enh_ops,416.34,183.5,5197.52,1072.98,82.898096889038
31,comm_base_20,1123.5,491.86,20000.0,944.58,47.92817972008723
31,comm_base_40,682.9,284.44,40000.0,944.58,69.88714560968897
31,comm_base_60,425.22,168.04,60000.0,944.58,82.21008278811748
31,comm_base_80,288.8,106.62,80000.0,944.58,88.71244362573842
29,no_vax_base_ops,4205.74,1910.42,0.0,1910.42,0.0
29,vax_base_ops,3823.5,1722.86,7800.36,1910.42,9.817736413982274
29,no_vax_enh_ops,432.04,197.82,0.0,1910.42,89.64520890694193
29,vax_enh_ops,417.36,191.04,8351.22,1910.42,90.00010468902126
29,incremental_ring_vax,417.36,191.04,8351.22,197.82,3.427358204428269
29,no_vax_ring1_base_ops,5201.94,2358.88,0.0,1910.42,-23.474419237654548
29,no_vax_ring1_enh_ops,571.22,260.9,0.0,2358.88,88.93966628230346
29,ring1_vax_base_ops,5045.64,2279.9,3969.02,2358.88,3.3481991453571194
29,ring1_vax_enh_ops,553.54,249.28,5867.62,2358.88,89.43227294309163
29,comm_base_20,2012.48,886.28,20000.0,1910.42,53.60810711780656
29,comm_base_40,1082.7,460.04,40000.0,1910.42,75.9194313292365
29,comm_base_60,625.24,252.9,60000.0,1910.42,86.76207326137708
29,comm_base_80,424.16,163.5,80000.0,1910.42,91.44167251180369
32,no_vax_base_ops,2734.2,1247.82,0.0,1247.82,0.0
32,vax_base_ops,2462.94,1115.44,7735.1,1247.82,10.608901924957117
32,no_vax_enh_ops,384.44,176.22,0.0,1247.82,85.87777083233158
32,vax_enh_ops,379.06,172.68,8218.36,1247.82,86.16146559599942
32,incremental_ring_vax,379.06,172.68,8218.36,176.22,2.008852570650319
32,no_vax_ring1_base_ops,3172.44,1445.2,0.0,1247.82,-15.817986568575606
32,no_vax_ring1_enh_ops,569.42,261.06,0.0,1445.2,81.93606421256574
32,ring1_vax_base_ops,3009.6,1365.1,3329.48,1445.2,5.542485469139229
32,ring1_vax_enh_ops,524.26,236.44,5896.42,1445.2,83.63963465264322
32,comm_base_20,1378.66,611.26,20000.0,1247.82,51.0137680114119
32,comm_base_40,736.76,313.9,40000.0,1247.82,74.84412815951019
32,comm_base_60,419.18,169.96,60000.0,1247.82,86.37944575339391
32,comm_base_80,284.38,107.22,80000.0,1247.82,91.40741453094195
34,no_vax_base_ops,1930.34,872.96,0.0,872.96,0.0
34,vax_base_ops,1788.36,802.66,7770.48,872.96,8.053060850439891
34,no_vax_enh_ops,291.46,130.34,0.0,872.96,85.06918988269794
34,vax_enh_ops,285.84,127.12,8239.9,872.96,85.43804985337243
34,incremental_ring_vax,285.84,127.12,8239.9,130.34,2.470461868958109
34,no_vax_ring1_base_ops,2156.68,974.52,0.0,872.96,-11.633980938416416
34,no_vax_ring1_enh_ops,396.98,178.0,0.0,974.52,81.73459754545827
34,ring1_vax_base_ops,2073.46,934.24,2686.46,974.52,4.133316914994046
34,ring1_vax_enh_ops,366.38,161.18,5484.88,974.52,83.46057546279192
34,comm_base_20,989.08,436.34,20000.0,872.96,50.01603739002933
34,comm_base_40,534.34,226.7,40000.0,872.96,74.03088343108504
34,comm_base_60,320.38,128.2,60000.0,872.96,85.31433284457478
34,comm_base_80,218.12,80.14,80000.0,872.96,90.81973973607037
35,no_vax_base_ops,2430.24,1105.72,0.0,1105.72,0.0
35,vax_base_ops,2181.96,984.5,7629.6,1105.72,10.962992439315562
35,no_vax_enh_ops,340.12,155.36,0.0,1105.72,85.9494266179503
35,vax_enh_ops,329.16,149.6,8264.36,1105.72,86.47035415837644
35,incremental_ring_vax,329.16,149.6,8264.36,155.36,3.7075180226570668
35,no_vax_ring1_base_ops,2715.56,1235.9,0.0,1105.72,-11.773324168867351
35,no_vax_ring1_enh_ops,497.54,226.52,0.0,1235.9,81.67165628287079
35,ring1_vax_base_ops,2565.16,1161.54,2450.32,1235.9,6.0166680152115966
35,ring1_vax_enh_ops,450.02,201.78,5594.0,1235.9,83.67343636216523
35,comm_base_20,1287.88,568.44,20000.0,1105.72,48.59096335419455
35,comm_base_40,727.6,308.4,40000.0,1105.72,72.10867127301667
35,comm_base_60,448.62,181.04,60000.0,1105.72,83.62695800021704
35,comm_base_80,306.34,116.3,80000.0,1105.72,89.48196650146511
33,no_vax_base_ops,2657.58,1203.76,0.0,1203.76,0.0
33,vax_base_ops,2415.52,1085.78,7887.32,1203.76,9.800957001395629
33,no_vax_enh_ops,454.64,205.76,0.0,1203.76,82.90689173921712
33,vax_enh_ops,440.74,198.58,8198.18,1203.76,83.50335615072773
33,incremental_ring_vax,440.74,198.58,8198.18,205.76,3.4895023328149195
33,no_vax_ring1_base_ops,2974.94,1348.56,0.0,1203.76,-12.028975875589815
33,no_vax_ring1_enh_ops,836.16,380.02,0.0,1348.56,71.82031203654269
33,ring1_vax_base_ops,2897.04,1308.08,3740.14,1348.56,3.0017203535623196
33,ring1_vax_enh_ops,779.48,350.0,7528.82,1348.56,74.04639022364597
33,comm_base_20,1320.32,580.66,20000.0,1203.76,51.76280986243105
33,comm_base_40,708.6,301.38,40000.0,1203.76,74.96344786336147
33,comm_base_60,428.8,173.48,60000.0,1203.76,85.58848939988037
33,comm_base_80,298.72,114.34,80000.0,1203.76,90.50142885625041
36,no_vax_base_ops,2297.86,1043.6,0.0,1043.6,0.0
36,vax_base_ops,2037.5,919.18,7984.9,1043.6,11.922192410885394
36,no_vax_enh_ops,349.46,157.56,0.0,1043.6,84.90226140283634
36,vax_enh_ops,339.84,152.62,8336.9,1043.6,85.37562284400153
36,incremental_ring_vax,339.84,152.62,8336.9,157.56,3.135313531353134
36,no_vax_ring1_base_ops,2535.94,1153.14,0.0,1043.6,-10.496358758144902
36,no_vax_ring1_enh_ops,508.66,229.64,0.0,1153.14,80.08567910227727
36,ring1_vax_base_ops,2474.06,1120.72,3244.54,1153.14,2.811453943146545
36,ring1_vax_enh_ops,473.96,211.06,6214.06,1153.14,81.69693185562899
36,comm_base_20,1078.64,476.82,20000.0,1043.6,54.31008049060944
36,comm_base_40,571.4,242.72,40000.0,1043.6,76.74204676121118
36,comm_base_60,347.28,140.48,60000.0,1043.6,86.5389037945573
36,comm_base_80,242.44,93.48,80000.0,1043.6,91.0425450364124
37,no_vax_base_ops,1982.22,900.72,0.0,900.72,0.0
37,vax_base_ops,1869.72,842.42,7972.18,900.72,6.47259969801937
37,no_vax_enh_ops,320.66,143.64,0.0,900.72,84.05275779376498
37,vax_enh_ops,310.98,139.0,8279.32,900.72,84.5679012345679
37,incremental_ring_vax,310.98,139.0,8279.32,143.64,3.2302979671400633
37,no_vax_ring1_base_ops,2278.94,1034.8,0.0,900.72,-14.88586908251176
37,no_vax_ring1_enh_ops,446.22,202.32,0.0,1034.8,80.44839582528026
37,ring1_vax_base_ops,2223.38,1004.04,3811.28,1034.8,2.972555083107846
37,ring1_vax_enh_ops,427.1,190.92,6591.62,1034.8,81.55005798221879
37,comm_base_20,1176.6,516.94,20000.0,900.72,42.6081357136513
37,comm_base_40,701.14,294.3,40000.0,900.72,67.32613908872902
37,comm_base_60,462.9,185.64,60000.0,900.72,79.3898214761524
37,comm_base_80,329.62,124.74,80000.0,900.72,86.15107913669064
38,no_vax_base_ops,2844.86,1292.84,0.0,1292.84,0.0
38,vax_base_ops,2613.14,1178.02,7792.88,1292.84,8.881222734445092
38,no_vax_enh_ops,352.06,158.54,0.0,1292.84,87.7370749667399
38,vax_enh_ops,349.6,156.66,8259.62,1292.84,87.88249125955261
38,incremental_ring_vax,349.6,156.66,8259.62,158.54,1.1858206130944844
38,no_vax_ring1_base_ops,3361.26,1529.66,0.0,1292.84,-18.317811948887734
38,no_vax_ring1_enh_ops,480.1,216.32,0.0,1529.66,85.85829530745394
38,ring1_vax_base_ops,3199.14,1448.88,3948.34,1529.66,5.280912098113304
38,ring1_vax_enh_ops,462.18,206.2,4839.92,1529.66,86.51988023482342
38,comm_base_20,1578.58,692.88,20000.0,1292.84,46.40636118931963
38,comm_base_40,888.82,372.38,40000.0,1292.84,71.19674515021192
38,comm_base_60,526.52,208.58,60000.0,1292.84,83.86652640697999
38,comm_base_80,352.2,132.24,80000.0,1292.84,89.77135608427956
39,no_vax_base_ops,1735.96,791.84,0.0,791.84,0.0
39,vax_base_ops,1543.92,699.68,8032.58,791.84,11.638714891897362
39,no_vax_enh_ops,321.06,146.86,0.0,791.84,81.45332390381895
39,vax_enh_ops,308.3,140.42,8289.24,791.84,82.26661951909477
39,incremental_ring_vax,308.3,140.42,8289.24,146.86,4.3851286939942975
39,no_vax_ring1_base_ops,1931.28,881.18,0.0,791.84,-11.28258233986663
39,no_vax_ring1_enh_ops,457.54,208.68,0.0,881.18,76.31811888603917
39,ring1_vax_base_ops,1841.82,835.76,3388.22,881.18,5.154451984838508
39,ring1_vax_enh_ops,427.38,191.06,5790.48,881.18,78.31771034294921
39,comm_base_20,895.1,397.14,20000.0,791.84,49.845928470398064
39,comm_base_40,498.52,213.34,40000.0,791.84,73.0576884219034
39,comm_base_60,307.06,124.76,60000.0,791.84,84.24429177611638
39,comm_base_80,212.18,82.2,80000.0,791.84,89.61911497272176
40,no_vax_base_ops,2506.5,1133.76,0.0,1133.76,0.0
40,vax_base_ops,2245.36,1006.12,7751.2,1133.76,11.258114592153541
40,no_vax_enh_ops,401.72,182.98,0.0,1133.76,83.86078182331357
40,vax_enh_ops,378.76,171.84,8214.38,1133.76,84.84335309060118
40,incremental_ring_vax,378.76,171.84,8214.38,182.98,6.088097059787948
40,no_vax_ring1_base_ops,2842.8,1285.82,0.0,1133.76,-13.412009596387238
40,no_vax_ring1_enh_ops,549.0,249.72,0.0,1285.82,80.57893017685211
40,ring1_vax_base_ops,2762.02,1246.34,3079.22,1285.82,3.0704142103871477
40,ring1_vax_enh_ops,524.68,235.22,5054.8,1285.82,81.70661523385854
40,comm_base_20,1210.86,533.74,20000.0,1133.76,52.9230172170477
40,comm_base_40,632.1,269.16,40000.0,1133.76,76.25952582557154
40,comm_base_60,368.04,149.7,60000.0,1133.76,86.79614733276884
40,comm_base_80,254.44,97.28,80000.0,1133.76,91.41970081851538
44,no_vax_base_ops,1436.22,649.16,0.0,649.16,0.0
44,vax_base_ops,1327.48,594.12,7831.8,649.16,8.478649331443707
44,no_vax_enh_ops,318.08,143.18,0.0,649.16,77.94380430094274
44,vax_enh_ops,314.14,141.16,8180.14,649.16,78.25497566085403
44,incremental_ring_vax,314.14,141.16,8180.14,143.18,1.4108115658611609
44,no_vax_ring1_base_ops,1557.84,700.92,0.0,649.16,-7.973380984657094
44,no_vax_ring1_enh_ops,455.34,205.34,0.0,700.92,70.7042173143868
44,ring1_vax_base_ops,1529.82,686.64,2238.48,700.92,2.0373223763054233
44,ring1_vax_enh_ops,405.86,179.46,5245.0,700.92,74.39650744735489
44,comm_base_20,807.42,353.18,20000.0,649.16,45.59430648838499
44,comm_base_40,486.12,203.22,40000.0,649.16,68.6949288311048
44,comm_base_60,310.0,123.6,60000.0,649.16,80.96000985889457
44,comm_base_80,219.8,82.42,80000.0,649.16,87.30359233470948
41,no_vax_base_ops,1779.1,805.58,0.0,805.58,0.0
41,vax_base_ops,1674.88,750.92,7968.08,805.58,6.785173415427404
41,no_vax_enh_ops,387.76,175.58,0.0,805.58,78.20452344894362
41,vax_enh_ops,375.72,169.52,8223.08,805.58,78.95677648402393
41,incremental_ring_vax,375.72,169.52,8223.08,175.58,3.4514181569654867
41,no_vax_ring1_base_ops,1979.56,893.28,0.0,805.58,-10.88656620074976
41,no_vax_ring1_enh_ops,664.3,298.88,0.0,893.28,66.54128604692818
41,ring1_vax_base_ops,1897.06,852.54,3013.36,893.28,4.560720042987642
41,ring1_vax_enh_ops,630.66,280.96,7249.4,893.28,68.54737596274404
41,comm_base_20,1128.8,495.22,20000.0,805.58,38.52627920256213
41,comm_base_40,738.64,309.4,40000.0,805.58,61.59288959507436
41,comm_base_60,489.72,196.58,60000.0,805.58,75.59770600064549
41,comm_base_80,345.38,131.5,80000.0,805.58,83.67635740708558
42,no_vax_base_ops,1952.58,886.68,0.0,886.68,0.0
42,vax_base_ops,1815.68,817.92,7805.18,886.68,7.7547706049533085
42,no_vax_enh_ops,491.8,222.92,0.0,886.68,74.85902467632066
42,vax_enh_ops,477.34,214.82,8068.62,886.68,75.77254477376279
42,incremental_ring_vax,477.34,214.82,8068.62,222.92,3.6335905257491454
42,no_vax_ring1_base_ops,2200.04,1000.16,0.0,886.68,-12.798303784905492
42,no_vax_ring1_enh_ops,850.14,387.34,0.0,1000.16,61.272196448568224
42,ring1_vax_base_ops,2187.22,990.54,2948.48,1000.16,0.9618461046232608
42,ring1_vax_enh_ops,820.62,367.6,6478.92,1000.16,63.24588065909454
42,comm_base_20,1191.08,523.74,20000.0,886.68,40.93246718094464
42,comm_base_40,782.62,330.1,40000.0,886.68,62.771236522759054
42,comm_base_60,483.46,194.74,60000.0,886.68,78.03717237334777
42,comm_base_80,343.58,129.78,80000.0,886.68,85.36337799431588
43,no_vax_base_ops,2689.72,1217.0,0.0,1217.0,0.0
43,vax_base_ops,2419.16,1085.82,8009.88,1217.0,10.778964667214467
43,no_vax_enh_ops,468.96,211.94,0.0,1217.0,82.58504519309778
43,vax_enh_ops,458.24,205.92,8327.2,1217.0,83.0797041906327
43,incremental_ring_vax,458.24,205.92,8327.2,211.94,2.840426535812027
43,no_vax_ring1_base_ops,3150.94,1426.54,0.0,1217.0,-17.217748562037794
43,no_vax_ring1_enh_ops,745.86,337.22,0.0,1426.54,76.36098532112665
43,ring1_vax_base_ops,2970.74,1336.54,3823.06,1426.54,6.308971357270038
43,ring1_vax_enh_ops,700.78,312.76,6995.46,1426.54,78.07562353666914
43,comm_base_20,1350.92,593.5,20000.0,1217.0,51.23253903040263
43,comm_base_40,741.86,313.62,40000.0,1217.0,74.23007395234183
43,comm_base_60,444.98,179.04,60000.0,1217.0,85.28841413311422
43,comm_base_80,303.94,114.1,80000.0,1217.0,90.62448644207068
45,no_vax_base_ops,2509.9,1144.06,0.0,1144.06,0.0
45,vax_base_ops,2304.42,1042.66,7901.0,1144.06,8.863171511983625
45,no_vax_enh_ops,324.9,148.38,0.0,1144.06,87.0304005034701
45,vax_enh_ops,320.28,145.94,8281.9,1144.06,87.24367603097738
45,incremental_ring_vax,320.28,145.94,8281.9,148.38,1.6444264725704258
45,no_vax_ring1_base_ops,2957.62,1346.74,0.0,1144.06,-17.71585406359807
45,no_vax_ring1_enh_ops,461.36,210.5,0.0,1346.74,84.36966303815139
45,ring1_vax_base_ops,2802.96,1269.0,3918.16,1346.74,5.772457935458961
45,ring1_vax_enh_ops,436.18,196.92,5021.98,1346.74,85.37802396899178
45,comm_base_20,1426.8,630.34,20000.0,1144.06,44.90323934059402
45,comm_base_40,852.74,362.22,40000.0,1144.06,68.33907312553536
45,comm_base_60,509.3,205.44,60000.0,1144.06,82.04289984791006
45,comm_base_80,352.54,135.76,80000.0,1144.06,88.13348950229883
47,no_vax_base_ops,2126.8,970.08,0.0,970.08,0.0
47,vax_base_ops,1977.52,895.14,7743.88,970.08,7.72513607125186
47,no_vax_enh_ops,417.34,192.22,0.0,970.08,80.18513936994887
47,vax_enh_ops,419.46,192.06,8122.1,970.08,80.20163285502227
47,incremental_ring_vax,419.46,192.06,8122.1,192.22,0.08323795650816596
47,no_vax_ring1_base_ops,2425.0,1104.88,0.0,970.08,-13.895761174336144
47,no_vax_ring1_enh_ops,757.94,346.42,0.0,1104.88,68.64636883643472
47,ring1_vax_base_ops,2379.98,1079.88,2682.1,1104.88,2.262689160813844
47,ring1_vax_enh_ops,734.26,331.14,6591.26,1104.88,70.02932445152415
47,comm_base_20,1389.24,613.44,20000.0,970.08,36.763978228599704
47,comm_base_40,913.98,389.86,40000.0,970.08,59.81156193303645
47,comm_base_60,585.38,238.72,60000.0,970.08,75.39172027049315
47,comm_base_80,415.54,160.74,80000.0,970.08,83.43023255813954
46,no_vax_base_ops,3683.9,1674.68,0.0,1674.68,0.0
46,vax_base_ops,3383.46,1524.88,7765.32,1674.68,8.94499247617455
46,no_vax_enh_ops,487.38,221.88,0.0,1674.68,86.75090166479568
46,vax_enh_ops,473.16,213.82,8200.04,1674.68,87.23218764181813
46,incremental_ring_vax,473.16,213.82,8200.04,221.88,3.632594195060394
46,no_vax_ring1_base_ops,4623.58,2103.78,0.0,1674.68,-25.622805550911227
46,no_vax_ring1_enh_ops,941.9,428.88,0.0,2103.78,79.61383794883494
46,ring1_vax_base_ops,4450.16,2014.04,4410.9,2103.78,4.265655154056043
46,ring1_vax_enh_ops,877.2,394.28,7418.14,2103.78,81.25849661086235
46,comm_base_20,1797.88,793.28,20000.0,1674.68,52.63095039052237
46,comm_base_40,896.18,378.64,40000.0,1674.68,77.39030740201113
46,comm_base_60,487.64,197.42,60000.0,1674.68,88.21147920796808
46,comm_base_80,326.62,124.62,80000.0,1674.68,92.55857835526787
48,no_vax_base_ops,2969.54,1344.92,0.0,1344.92,0.0
48,vax_base_ops,2826.1,1270.58,7904.22,1344.92,5.527466317699204
48,no_vax_enh_ops,346.44,157.96,0.0,1344.92,88.25506349820063
48,vax_enh_ops,335.86,152.66,8372.64,1344.92,88.6491389822443
48,incremental_ring_vax,335.86,152.66,8372.64,157.96,3.3552798176753678
48,no_vax_ring1_base_ops,3530.62,1599.52,0.0,1344.92,-18.930494007078483
48,no_vax_ring1_enh_ops,421.48,191.44,0.0,1599.52,88.03140942282685
48,ring1_vax_base_ops,3408.72,1535.56,3723.3,1599.52,3.998699609882967
48,ring1_vax_enh_ops,398.48,179.36,4485.52,1599.52,88.78663599079724
48,comm_base_20,1702.32,747.72,20000.0,1344.92,44.40412812658002
48,comm_base_40,985.98,416.34,40000.0,1344.92,69.04351188174762
48,comm_base_60,623.46,250.4,60000.0,1344.92,81.38179222555988
48,comm_base_80,419.18,160.24,80000.0,1344.92,88.08553668619695
49,no_vax_base_ops,2149.58,977.42,0.0,977.42,0.0
49,vax_base_ops,1988.76,895.42,7973.4,977.42,8.389433406314584
49,no_vax_enh_ops,292.06,132.5,0.0,977.42,86.44390333735754
49,vax_enh_ops,289.78,130.7,8303.4,977.42,86.6280616316425
49,incremental_ring_vax,289.78,130.7,8303.4,132.5,1.3584905660377444
49,no_vax_ring1_base_ops,2477.04,1126.18,0.0,977.42,-15.219659921016566
49,no_vax_ring1_enh_ops,405.28,183.94,0.0,1126.18,83.6669093750555
49,ring1_vax_base_ops,2346.26,1060.46,3665.98,1126.18,5.835656822177629
49,ring1_vax_enh_ops,378.64,169.2,5467.96,1126.18,84.97575875970094
49,comm_base_20,1172.44,518.26,20000.0,977.42,46.976734668822004
49,comm_base_40,705.16,297.36,40000.0,977.42,69.57704978412556
49,comm_base_60,437.74,175.8,60000.0,977.42,82.01387325816945
49,comm_base_80,299.52,112.88,80000.0,977.42,88.45122874506353
51,no_vax_base_ops,2254.32,1028.38,0.0,1028.38,0.0
51,vax_base_ops,2043.86,925.56,7950.74,1028.38,9.998249674244944
51,no_vax_enh_ops,285.0,130.48,0.0,1028.38,87.31208308212918
51,vax_enh_ops,279.94,127.74,8291.62,1028.38,87.57852155817889
51,incremental_ring_vax,279.94,127.74,8291.62,130.48,2.099938687921517
51,no_vax_ring1_base_ops,2506.8,1141.28,0.0,1028.38,-10.97843209708472
51,no_vax_ring1_enh_ops,361.68,165.98,0.0,1141.28,85.4566802187018
51,ring1_vax_base_ops,2355.16,1068.16,3547.18,1141.28,6.406841441188831
51,ring1_vax_enh_ops,326.9,148.34,4362.88,1141.28,87.00231319220525
51,comm_base_20,1182.0,525.22,20000.0,1028.38,48.92743927342033
51,comm_base_40,643.88,272.9,40000.0,1028.38,73.46311674672786
51,comm_base_60,393.14,160.36,60000.0,1028.38,84.40654232871118
51,comm_base_80,263.44,101.44,80000.0,1028.38,90.13594196697717
52,no_vax_base_ops,3134.5,1423.2,0.0,1423.2,0.0
52,vax_base_ops,2856.78,1288.0,7652.6,1423.2,9.499718943226535
52,no_vax_enh_ops,370.02,169.48,0.0,1423.2,88.09162450815064
52,vax_enh_ops,359.86,164.18,8264.38,1423.2,88.46402473299607
52,incremental_ring_vax,359.86,164.18,8264.38,169.48,3.1272126504602213
52,no_vax_ring1_base_ops,3839.64,1744.1,0.0,1423.2,-22.54777965148959
52,no_vax_ring1_enh_ops,471.0,214.9,0.0,1744.1,87.67845880396764
52,ring1_vax_base_ops,3678.66,1662.98,3415.28,1744.1,4.651109454733094
52,ring1_vax_enh_ops,447.0,200.96,4649.26,1744.1,88.47772490109513
52,comm_base_20,1535.98,679.0,20000.0,1423.2,52.29061270376616
52,comm_base_40,757.9,322.62,40000.0,1423.2,77.33136593591905
52,comm_base_60,458.06,185.82,60000.0,1423.2,86.9435075885329
52,comm_base_80,293.46,111.92,80000.0,1423.2,92.13603147835863
53,no_vax_base_ops,2181.9,997.04,0.0,997.04,0.0
53,vax_base_ops,1995.4,903.46,7789.28,997.04,9.385781914466815
53,no_vax_enh_ops,440.78,200.28,0.0,997.04,79.9125411217203
53,vax_enh_ops,435.66,197.22,8225.16,997.04,80.21944957072937
53,incremental_ring_vax,435.66,197.22,8225.16,200.28,1.5278609946075505
53,no_vax_ring1_base_ops,2370.16,1084.1,0.0,997.04,-8.73184626494423
53,no_vax_ring1_enh_ops,710.88,323.68,0.0,1084.1,70.14297574024536
53,ring1_vax_base_ops,2311.44,1052.1,2324.8,1084.1,2.9517572179688223
53,ring1_vax_enh_ops,669.7,300.38,6501.84,1084.1,72.29222396457891
53,comm_base_20,1246.5,548.3,20000.0,997.04,45.0072213752708
53,comm_base_40,726.48,308.3,40000.0,997.04,69.07847227794271
53,comm_base_60,469.36,188.02,60000.0,997.04,81.14218085533179
53,comm_base_80,331.72,124.66,80000.0,997.04,87.49699109363716
50,no_vax_base_ops,3549.06,1609.74,0.0,1609.74,0.0
50,vax_base_ops,3156.64,1419.22,7994.78,1609.74,11.835451687850211
50,no_vax_enh_ops,476.48,215.58,0.0,1609.74,86.60777516866078
50,vax_enh_ops,455.68,204.7,8324.8,1609.74,87.28366071539503
50,incremental_ring_vax,455.68,204.7,8324.8,215.58,5.046850357176001
50,no_vax_ring1_base_ops,4545.86,2063.32,0.0,1609.74,-28.177221166151064
50,no_vax_ring1_enh_ops,854.06,385.38,0.0,2063.32,81.3223348777698
50,ring1_vax_base_ops,4240.88,1913.02,4618.9,2063.32,7.284376635713325
50,ring1_vax_enh_ops,796.8,356.3,7560.12,2063.32,82.73171393676212
50,comm_base_20,1887.9,829.22,20000.0,1609.74,48.48733335818206
50,comm_base_40,1048.9,441.22,40000.0,1609.74,72.59060469392573
50,comm_base_60,650.02,260.44,60000.0,1609.74,83.82098972504876
50,comm_base_80,424.9,161.46,80000.0,1609.74,89.96980878899699
54,no_vax_base_ops,2273.92,1031.38,0.0,1031.38,0.0
54,vax_base_ops,2095.8,942.6,7736.3,1031.38,8.60788458182242
54,no_vax_enh_ops,421.62,189.82,0.0,1031.38,81.59553219957728
54,vax_enh_ops,414.18,186.24,8187.22,1031.38,81.94263995811437
54,incremental_ring_vax,414.18,186.24,8187.22,189.82,1.88599726056263
54,no_vax_ring1_base_ops,2494.52,1129.6,0.0,1031.38,-9.523163140646492
54,no_vax_ring1_enh_ops,731.06,329.92,0.0,1129.6,70.79320113314446
54,ring1_vax_base_ops,2431.12,1100.26,2467.28,1129.6,2.5973796033994265
54,ring1_vax_enh_ops,671.8,298.94,6710.2,1129.6,73.53576487252124
54,comm_base_20,1433.98,628.02,20000.0,1031.38,39.10876689483993
54,comm_base_40,890.52,374.3,40000.0,1031.38,63.708817312726644
54,comm_base_60,621.78,248.5,60000.0,1031.38,75.90606759875119
54,comm_base_80,433.66,164.74,80000.0,1031.38,84.02722565882604
55,no_vax_base_ops,2704.76,1227.24,0.0,1227.24,0.0
55,vax_base_ops,2520.98,1134.82,7748.08,1227.24,7.530719337700863
55,no_vax_enh_ops,429.46,193.1,0.0,1227.24,84.26550633942833
55,vax_enh_ops,433.78,194.68,8203.72,1227.24,84.1367621655096
55,incremental_ring_vax,433.78,194.68,8203.72,193.1,-0.8182288969445948
55,no_vax_ring1_base_ops,3242.94,1471.86,0.0,1227.24,-19.932531534174235
55,no_vax_ring1_enh_ops,749.94,340.12,0.0,1471.86,76.89182395064746
55,ring1_vax_base_ops,3084.24,1392.5,3104.28,1471.86,5.391817156523032
55,ring1_vax_enh_ops,700.0,314.98,6882.78,1471.86,78.59986683516095
55,comm_base_20,1601.0,703.48,20000.0,1227.24,42.67787881750921
55,comm_base_40,970.62,409.5,40000.0,1227.24,66.63244353182752
55,comm_base_60,608.78,244.62,60000.0,1227.24,80.06746846582575
55,comm_base_80,416.56,158.38,80000.0,1227.24,87.09461881946483
56,no_vax_base_ops,1763.78,798.3,0.0,798.3,0.0
56,vax_base_ops,1623.82,730.12,7974.92,798.3,8.540648878867588
56,no_vax_enh_ops,333.92,152.12,0.0,798.3,80.94450707753977
56,vax_enh_ops,324.86,147.72,8304.28,798.3,81.4956783164224
56,incremental_ring_vax,324.86,147.72,8304.28,152.12,2.892453326321329
56,no_vax_ring1_base_ops,1959.12,889.92,0.0,798.3,-11.476888387824127
56,no_vax_ring1_enh_ops,412.02,187.82,0.0,889.92,78.89473211075152
56,ring1_vax_base_ops,1907.4,859.78,3184.06,889.92,3.3868212873067227
56,ring1_vax_enh_ops,388.58,174.72,5203.82,889.92,80.36677454153183
56,comm_base_20,909.64,400.94,20000.0,798.3,49.77577351872729
56,comm_base_40,501.22,213.68,40000.0,798.3,73.23312038080921
56,comm_base_60,329.38,134.06,60000.0,798.3,83.20681448077164
56,comm_base_80,231.4,88.4,80000.0,798.3,88.92646874608543
58,no_vax_base_ops,1491.76,675.54,0.0,675.54,0.0
58,vax_base_ops,1388.28,621.8,7832.62,675.54,7.955117387571426
58,no_vax_enh_ops,262.88,117.48,0.0,675.54,82.60946798117061
58,vax_enh_ops,255.76,114.0,8240.3,675.54,83.12461142197354
58,incremental_ring_vax,255.76,114.0,8240.3,117.48,2.962206332992853
58,no_vax_ring1_base_ops,1642.36,744.24,0.0,675.54,-10.169642064126483
58,no_vax_ring1_enh_ops,299.86,134.5,0.0,744.24,81.92787272922713
58,ring1_vax_base_ops,1568.1,707.94,2387.9,744.24,4.8774588842308875
58,ring1_vax_enh_ops,286.9,126.6,3146.52,744.24,82.98935827152532
58,comm_base_20,846.38,370.68,20000.0,675.54,45.12834177102762
58,comm_base_40,504.66,210.6,40000.0,675.54,68.82494004796162
58,comm_base_60,316.86,124.66,60000.0,675.54,81.5466145602037
58,comm_base_80,222.14,83.66,80000.0,675.54,87.61583325931848
57,no_vax_base_ops,2467.0,1120.64,0.0,1120.64,0.0
57,vax_base_ops,2304.82,1038.84,7691.4,1120.64,7.299400342661352
57,no_vax_enh_ops,399.54,179.9,0.0,1120.64,83.94667332952599
57,vax_enh_ops,387.88,174.04,8102.12,1120.64,84.46958880639635
57,incremental_ring_vax,387.88,174.04,8102.12,179.9,3.2573652028905022
57,no_vax_ring1_base_ops,2788.82,1267.34,0.0,1120.64,-13.090733866362061
57,no_vax_ring1_enh_ops,715.4,321.72,0.0,1267.34,74.61454700396105
57,ring1_vax_base_ops,2783.04,1258.2,3212.26,1267.34,0.7211955749838144
57,ring1_vax_enh_ops,696.26,309.56,7385.18,1267.34,75.57403695930059
57,comm_base_20,1357.1,595.16,20000.0,1120.64,46.89106225014278
57,comm_base_40,812.62,341.62,40000.0,1120.64,69.51563392347231
57,comm_base_60,489.1,193.92,60000.0,1120.64,82.6956025128498
57,comm_base_80,320.38,119.82,80000.0,1120.64,89.3078954882924
60,no_vax_base_ops,2194.46,999.2,0.0,999.2,0.0
60,vax_base_ops,1978.96,896.54,7700.96,999.2,10.274219375500406
60,no_vax_enh_ops,379.7,173.18,0.0,999.2,82.66813450760608
60,vax_enh_ops,373.16,169.46,8259.38,999.2,83.0404323458767
60,incremental_ring_vax,373.16,169.46,8259.38,173.18,2.1480540478115246
60,no_vax_ring1_base_ops,2360.48,1074.94,0.0,999.2,-7.580064051240993
60,no_vax_ring1_enh_ops,545.02,247.94,0.0,1074.94,76.93452657822762
60,ring1_vax_base_ops,2231.56,1013.36,2591.1,1074.94,5.728691833962829
60,ring1_vax_enh_ops,515.32,232.14,5319.06,1074.94,78.4043760581986
60,comm_base_20,1187.4,525.86,20000.0,999.2,47.37189751801441
60,comm_base_40,683.4,290.08,40000.0,999.2,70.96877502001603
60,comm_base_60,441.78,179.22,60000.0,999.2,82.06365092073659
60,comm_base_80,291.22,112.12,80000.0,999.2,88.77902321857485
61,no_vax_base_ops,2731.06,1241.04,0.0,1241.04,0.0
61,vax_base_ops,2422.78,1092.38,7992.8,1241.04,11.978663056791067
61,no_vax_enh_ops,352.8,159.62,0.0,1241.04,87.13820666537742
61,vax_enh_ops,344.96,155.78,8340.42,1241.04,87.44762457293882
61,incremental_ring_vax,344.96,155.78,8340.42,159.62,2.4057135697281065
61,no_vax_ring1_base_ops,3257.62,1479.68,0.0,1241.04,-19.229033713659522
61,no_vax_ring1_enh_ops,469.5,213.6,0.0,1479.68,85.56444636678201
61,ring1_vax_base_ops,3054.98,1381.08,4053.36,1479.68,6.66360294117648
61,ring1_vax_enh_ops,426.78,192.04,5607.84,1479.68,87.02151816608998
61,comm_base_20,1293.92,573.14,20000.0,1241.04,53.81776574485915
61,comm_base_40,642.2,274.46,40000.0,1241.04,77.8846773673693
61,comm_base_60,388.92,157.24,60000.0,1241.04,87.32998130600141
61,comm_base_80,272.9,103.86,80000.0,1241.04,91.63121253142526
62,no_vax_base_ops,2472.94,1120.04,0.0,1120.04,0.0
62,vax_base_ops,2258.84,1013.78,7683.14,1120.04,9.487161172815258
62,no_vax_enh_ops,374.24,166.88,0.0,1120.04,85.10053212385272
62,vax_enh_ops,365.34,162.42,8236.64,1120.04,85.49873218813615
62,incremental_ring_vax,365.34,162.42,8236.64,166.88,2.6725790987536002
62,no_vax_ring1_base_ops,2775.36,1257.16,0.0,1120.04,-12.242419913574526
62,no_vax_ring1_enh_ops,580.06,260.6,0.0,1257.16,79.27073721721976
62,ring1_vax_base_ops,2772.98,1250.78,2907.36,1257.16,0.5074930796398317
62,ring1_vax_enh_ops,526.66,233.3,5976.72,1257.16,81.44229851411117
62,comm_base_20,1424.86,624.22,20000.0,1120.04,44.26806185493375
62,comm_base_40,850.22,355.9,40000.0,1120.04,68.2243491303882
62,comm_base_60,532.54,211.92,60000.0,1120.04,81.07924716974394
62,comm_base_80,369.14,138.26,80000.0,1120.04,87.65579800721403
64,no_vax_base_ops,1779.14,805.46,0.0,805.46,0.0
64,vax_base_ops,1584.5,714.5,7942.98,805.46,11.292925781540987
64,no_vax_enh_ops,338.1,155.7,0.0,805.46,80.66943113252054
64,vax_enh_ops,330.08,151.26,8262.08,805.46,81.2206689345219
64,incremental_ring_vax,330.08,151.26,8262.08,155.7,2.8516377649325615
64,no_vax_ring1_base_ops,1908.24,862.78,0.0,805.46,-7.116430362774059
64,no_vax_ring1_enh_ops,430.52,197.28,0.0,862.78,77.13437956373583
64,ring1_vax_base_ops,1846.3,830.94,2965.88,862.78,3.690396161246195
64,ring1_vax_enh_ops,391.78,177.72,4497.2,862.78,79.40146966781799
64,comm_base_20,910.38,403.4,20000.0,805.46,49.916817719067375
64,comm_base_40,494.68,211.52,40000.0,805.46,73.7392297569091
64,comm_base_60,318.5,131.18,60000.0,805.46,83.71365430933876
64,comm_base_80,212.72,81.68,80000.0,805.46,89.85921088570505
59,no_vax_base_ops,5022.38,2271.38,0.0,2271.38,0.0
59,vax_base_ops,4683.22,2101.1,7686.64,2271.38,7.496764081747669
59,no_vax_enh_ops,515.44,234.3,0.0,2271.38,89.68468508131622
59,vax_enh_ops,499.34,225.82,8220.94,2271.38,90.05802639804877
59,incremental_ring_vax,499.34,225.82,8220.94,234.3,3.619291506615458
59,no_vax_ring1_base_ops,6457.9,2925.04,0.0,2271.38,-28.778099657476943
59,no_vax_ring1_enh_ops,1081.34,487.98,0.0,2925.04,83.31715121844488
59,ring1_vax_base_ops,6199.1,2794.34,4503.68,2925.04,4.468314963214172
59,ring1_vax_enh_ops,999.72,447.12,7716.7,2925.04,84.71405519240763
59,comm_base_20,2790.68,1221.36,20000.0,2271.38,46.22828412683039
59,comm_base_40,1559.44,654.78,40000.0,2271.38,71.17259111201119
59,comm_base_60,937.08,375.88,60000.0,2271.38,83.45147003143462
59,comm_base_80,611.88,231.34,80000.0,2271.38,89.81500233338323
63,no_vax_base_ops,2328.92,1054.24,0.0,1054.24,0.0
63,vax_base_ops,2142.5,961.98,7987.8,1054.24,8.751327970860524
63,no_vax_enh_ops,452.28,208.06,0.0,1054.24,80.26445591136743
63,vax_enh_ops,436.86,200.38,8243.72,1054.24,80.99294278342693
63,incremental_ring_vax,436.86,200.38,8243.72,208.06,3.6912429106988403
63,no_vax_ring1_base_ops,2705.92,1226.88,0.0,1054.24,-16.375777811504033
63,no_vax_ring1_enh_ops,742.36,339.52,0.0,1226.88,72.3265519040167
63,ring1_vax_base_ops,2629.68,1186.78,3518.7,1226.88,3.268453312467408
63,ring1_vax_enh_ops,711.7,320.18,6536.16,1226.88,73.90290818988001
63,comm_base_20,1384.74,607.16,20000.0,1054.24,42.407800880254975
63,comm_base_40,865.1,366.98,40000.0,1054.24,65.19008954317802
63,comm_base_60,559.76,227.36,60000.0,1054.24,78.4337532250721
63,comm_base_80,398.88,154.4,80000.0,1054.24,85.35437850963727
65,no_vax_base_ops,3718.44,1687.82,0.0,1687.82,0.0
65,vax_base_ops,3429.14,1541.22,7721.0,1687.82,8.685760329892993
65,no_vax_enh_ops,359.52,162.16,0.0,1687.82,90.39234041544715
65,vax_enh_ops,350.18,156.72,8387.54,1687.82,90.71464966643363
65,incremental_ring_vax,350.18,156.72,8387.54,162.16,3.3547113961519472
65,no_vax_ring1_base_ops,4738.26,2150.84,0.0,1687.82,-27.433020108779385
65,no_vax_ring1_enh_ops,433.52,195.4,0.0,2150.84,90.91517732606795
65,ring1_vax_base_ops,4501.86,2032.68,4016.68,2150.84,5.493667590336802
65,ring1_vax_enh_ops,421.72,186.54,4784.28,2150.84,91.32710940841719
65,comm_base_20,1837.46,806.78,20000.0,1687.82,52.19987913403088
65,comm_base_40,963.26,405.7,40000.0,1687.82,75.96307663139434
65,comm_base_60,532.88,212.62,60000.0,1687.82,87.40268512045122
65,comm_base_80,355.46,133.2,80000.0,1687.82,92.10816319275753
66,no_vax_base_ops,3130.98,1420.96,0.0,1420.96,0.0
66,vax_base_ops,2901.08,1304.96,7882.96,1420.96,8.163495101902939
66,no_vax_enh_ops,298.3,134.84,0.0,1420.96,90.51064069361558
66,vax_enh_ops,296.86,133.58,8344.66,1420.96,90.59931314041212
66,incremental_ring_vax,296.86,133.58,8344.66,134.84,0.9344408187481392
66,no_vax_ring1_base_ops,3870.98,1760.16,0.0,1420.96,-23.871185677288597
66,no_vax_ring1_enh_ops,387.76,175.48,0.0,1760.16,90.03045177711117
66,ring1_vax_base_ops,3711.62,1679.9,4038.78,1760.16,4.559812744295972
66,ring1_vax_enh_ops,367.68,164.78,5042.7,1760.16,90.63835105899463
66,comm_base_20,1737.5,764.68,20000.0,1420.96,46.18567728859364
66,comm_base_40,1040.02,437.52,40000.0,1420.96,69.20954847427092
66,comm_base_60,645.02,261.2,60000.0,1420.96,81.61806102916339
66,comm_base_80,440.58,167.58,80000.0,1420.96,88.20656457606127
69,no_vax_base_ops,2193.68,994.6,0.0,994.6,0.0
69,vax_base_ops,2033.08,915.1,7795.06,994.6,7.993163080635431
69,no_vax_enh_ops,296.5,135.24,0.0,994.6,86.4025738990549
69,vax_enh_ops,291.54,132.9,8292.16,994.6,86.63784435954152
69,incremental_ring_vax,291.54,132.9,8292.16,135.24,1.7302573203194345
69,no_vax_ring1_base_ops,2422.6,1096.64,0.0,994.6,-10.259400764126289
69,no_vax_ring1_enh_ops,366.82,167.6,0.0,1096.64,84.71695360373505
69,ring1_vax_base_ops,2385.82,1075.98,2888.84,1096.64,1.8839363875109498
69,ring1_vax_enh_ops,342.94,154.36,5403.7,1096.64,85.92427779398892
69,comm_base_20,1307.68,575.92,20000.0,994.6,42.09531469937664
69,comm_base_40,834.4,354.6,40000.0,994.6,64.34747637241102
69,comm_base_60,559.16,228.08,60000.0,994.6,77.06816810778201
69,comm_base_80,383.3,147.92,80000.0,994.6,85.1276895234265
68,no_vax_base_ops,3283.86,1491.34,0.0,1491.34,0.0
68,vax_base_ops,2926.06,1317.08,7883.04,1491.34,11.684793541378895
68,no_vax_enh_ops,552.36,251.42,0.0,1491.34,83.14133597972292
68,vax_enh_ops,521.58,236.66,8142.92,1491.34,84.13104992825244
68,incremental_ring_vax,521.58,236.66,8142.92,251.42,5.87065468140959
68,no_vax_ring1_base_ops,3942.9,1791.64,0.0,1491.34,-20.136253302399197
68,no_vax_ring1_enh_ops,1151.58,523.56,0.0,1791.64,70.77761157375366
68,ring1_vax_base_ops,3802.16,1717.44,4845.58,1791.64,4.141456989127282
68,ring1_vax_enh_ops,1099.26,495.54,7615.22,1791.64,72.3415418275993
68,comm_base_20,1489.34,659.34,20000.0,1491.34,55.788753738248815
68,comm_base_40,695.48,297.08,40000.0,1491.34,80.07965990317433
68,comm_base_60,406.46,162.38,60000.0,1491.34,89.11180549036438
68,comm_base_80,263.14,100.16,80000.0,1491.34,93.28389233843387
67,no_vax_base_ops,4285.96,1942.96,0.0,1942.96,0.0
67,vax_base_ops,3964.26,1779.0,8004.36,1942.96,8.438670893893855
67,no_vax_enh_ops,487.04,218.8,0.0,1942.96,88.73883147362787
67,vax_enh_ops,484.36,217.16,8328.7,1942.96,88.82323876971219
67,incremental_ring_vax,484.36,217.16,8328.7,218.8,0.7495429616087819
67,no_vax_ring1_base_ops,5553.64,2516.1,0.0,1942.96,-29.49829126693292
67,no_vax_ring1_enh_ops,987.34,444.5,0.0,2516.1,82.33377051786495
67,ring1_vax_base_ops,5266.46,2373.78,5608.2,2516.1,5.656372958149506
67,ring1_vax_enh_ops,940.48,421.32,7852.02,2516.1,83.25503755812566
67,comm_base_20,2340.12,1024.8,20000.0,1942.96,47.25573351999012
67,comm_base_40,1326.14,555.12,40000.0,1942.96,71.42915963272533
67,comm_base_60,808.22,321.74,60000.0,1942.96,83.44072960843249
67,comm_base_80,534.7,201.8,80000.0,1942.96,89.61378515255075
70,no_vax_base_ops,2485.8,1131.22,0.0,1131.22,0.0
70,vax_base_ops,2265.48,1020.68,7970.78,1131.22,9.771750853061302
70,no_vax_enh_ops,278.52,126.14,0.0,1131.22,88.84920705079472
70,vax_enh_ops,272.82,123.18,8349.86,1131.22,89.1108714485246
70,incremental_ring_vax,272.82,123.18,8349.86,126.14,2.3465990169652717
70,no_vax_ring1_base_ops,2986.3,1357.7,0.0,1131.22,-20.020862431710896
70,no_vax_ring1_enh_ops,319.36,144.56,0.0,1357.7,89.3525815717758
70,ring1_vax_base_ops,2866.38,1296.84,3928.74,1357.7,4.48258083523607
70,ring1_vax_enh_ops,299.42,134.64,3519.86,1357.7,90.08322899020402
70,comm_base_20,1333.22,585.72,20000.0,1131.22,48.22227329785541
70,comm_base_40,718.98,303.14,40000.0,1131.22,73.20238326762257
70,comm_base_60,437.36,174.74,60000.0,1131.22,84.5529605205
70,comm_base_80,297.62,112.2,80000.0,1131.22,90.08150492388748
72,no_vax_base_ops,3018.26,1362.62,0.0,1362.62,0.0
72,vax_base_ops,2622.9,1174.66,7976.38,1362.62,13.794014472119875
72,no_vax_enh_ops,341.64,153.02,0.0,1362.62,88.77016336175896
72,vax_enh_ops,327.38,145.58,8410.98,1362.62,89.31617031894439
72,incremental_ring_vax,327.38,145.58,8410.98,153.02,4.8621095281662505
72,no_vax_ring1_base_ops,3593.72,1624.46,0.0,1362.62,-19.215922267396646
72,no_vax_ring1_enh_ops,407.78,182.76,0.0,1624.46,88.74949213892616
72,ring1_vax_base_ops,3407.4,1531.88,4041.1,1624.46,5.69912463218546
72,ring1_vax_enh_ops,379.16,166.86,4275.48,1624.46,89.72827893576942
72,comm_base_20,1405.46,618.84,20000.0,1362.62,54.58455035152867
72,comm_base_40,686.02,290.16,40000.0,1362.62,78.70572866976853
72,comm_base_60,414.04,166.8,60000.0,1362.62,87.75887628245586
72,comm_base_80,281.52,106.54,80000.0,1362.62,92.18123908353027
71,no_vax_base_ops,3284.58,1497.34,0.0,1497.34,0.0
71,vax_base_ops,2945.68,1330.72,7873.38,1497.34,11.127733180172832
71,no_vax_enh_ops,449.28,202.48,0.0,1497.34,86.47735317296005
71,vax_enh_ops,442.26,198.24,8259.5,1497.34,86.76052199233307
71,incremental_ring_vax,442.26,198.24,8259.5,202.48,2.09403397866455
71,no_vax_ring1_base_ops,4036.7,1839.08,0.0,1497.34,-22.8231397010699
71,no_vax_ring1_enh_ops,861.04,389.1,0.0,1839.08,78.84268221067056
71,ring1_vax_base_ops,3761.22,1705.98,4133.08,1839.08,7.237314309328573
71,ring1_vax_enh_ops,818.4,366.8,7588.66,1839.08,80.05524501381126
71,comm_base_20,1804.92,794.02,20000.0,1497.34,46.97129576448903
71,comm_base_40,972.3,410.96,40000.0,1497.34,72.5539957524677
71,comm_base_60,625.92,250.34,60000.0,1497.34,83.28101833918817
71,comm_base_80,424.02,160.28,80000.0,1497.34,89.29568434690852
73,no_vax_base_ops,2242.08,1019.0,0.0,1019.0,0.0
73,vax_base_ops,2119.62,955.76,7951.98,1019.0,6.2060843964671255
73,no_vax_enh_ops,369.08,166.84,0.0,1019.0,83.62708537782139
73,vax_enh_ops,357.34,160.64,8247.24,1019.0,84.23552502453386
73,incremental_ring_vax,357.34,160.64,8247.24,166.84,3.7161352193718633
73,no_vax_ring1_base_ops,2654.08,1204.36,0.0,1019.0,-18.190382728164856
73,no_vax_ring1_enh_ops,580.06,263.88,0.0,1204.36,78.08960775847753
73,ring1_vax_base_ops,2564.06,1158.18,3621.02,1204.36,3.834401673918084
73,ring1_vax_enh_ops,549.48,247.0,6367.24,1204.36,79.49118203859311
73,comm_base_20,1250.82,550.28,20000.0,1019.0,45.99803729146222
73,comm_base_40,719.04,304.36,40000.0,1019.0,70.1315014720314
73,comm_base_60,471.66,191.26,60000.0,1019.0,81.2306182531894
73,comm_base_80,310.34,118.44,80000.0,1019.0,88.37684003925418
76,no_vax_base_ops,1557.34,705.86,0.0,705.86,0.0
76,vax_base_ops,1422.16,638.94,8015.06,705.86,9.480633553395853
76,no_vax_enh_ops,292.32,132.6,0.0,705.86,81.2144051228289
76,vax_enh_ops,284.52,128.3,8362.42,705.86,81.8235910803842
76,incremental_ring_vax,284.52,128.3,8362.42,132.6,3.2428355957767594
76,no_vax_ring1_base_ops,1680.14,761.24,0.0,705.86,-7.845748448700875
76,no_vax_ring1_enh_ops,368.12,167.44,0.0,761.24,78.00430875939256
76,ring1_vax_base_ops,1639.22,739.48,2457.2,761.24,2.8584940360464492
76,ring1_vax_enh_ops,343.0,153.42,4695.64,761.24,79.84604067048501
76,comm_base_20,860.36,378.18,20000.0,705.86,46.42280338877398
76,comm_base_40,550.52,232.2,40000.0,705.86,67.10395829201258
76,comm_base_60,354.6,144.04,60000.0,705.86,79.5936871334259
76,comm_base_80,256.12,97.54,80000.0,705.86,86.18139574419857
74,no_vax_base_ops,4291.48,1953.26,0.0,1953.26,0.0
74,vax_base_ops,3984.04,1797.98,7864.84,1953.26,7.9497865107563745
74,no_vax_enh_ops,396.82,181.26,0.0,1953.26,90.72012942465417
74,vax_enh_ops,380.42,172.46,8404.78,1953.26,91.1706582840994
74,incremental_ring_vax,380.42,172.46,8404.78,181.26,4.85490455698995
74,no_vax_ring1_base_ops,5602.66,2546.06,0.0,1953.26,-30.349262258992656
74,no_vax_ring1_enh_ops,546.56,248.62,0.0,2546.06,90.23510836351068
74,ring1_vax_base_ops,5298.14,2394.84,4602.72,2546.06,5.939372991995468
74,ring1_vax_enh_ops,512.4,229.86,6201.38,2546.06,90.971933104483
74,comm_base_20,2284.42,1007.68,20000.0,1953.26,48.41034987661653
74,comm_base_40,1237.36,523.88,40000.0,1953.26,73.17919785384434
74,comm_base_60,747.22,299.36,60000.0,1953.26,84.67382734505391
74,comm_base_80,496.4,188.16,80000.0,1953.26,90.36687384168006
75,no_vax_base_ops,3650.28,1657.86,0.0,1657.86,0.0
75,vax_base_ops,3415.58,1538.38,7868.06,1657.86,7.20688116004969
75,no_vax_enh_ops,318.18,146.66,0.0,1657.86,91.15365591787001
75,vax_enh_ops,310.62,142.56,8368.2,1657.86,91.40096268683725
75,incremental_ring_vax,310.62,142.56,8368.2,146.66,2.7955816173462393
75,no_vax_ring1_base_ops,4651.96,2111.82,0.0,1657.86,-27.382288009844036
75,no_vax_ring1_enh_ops,375.96,172.64,0.0,2111.82,91.82506084798895
75,ring1_vax_base_ops,4388.16,1983.38,4457.38,2111.82,6.0819577426106415
75,ring1_vax_enh_ops,356.84,162.52,4201.44,2111.82,92.3042683562046
75,comm_base_20,1945.54,857.4,20000.0,1657.86,48.28272592378126
75,comm_base_40,972.9,411.42,40000.0,1657.86,75.18367051500127
75,comm_base_60,596.1,241.14,60000.0,1657.86,85.45474286127899
75,comm_base_80,395.3,151.66,80000.0,1657.86,90.85206229717828
78,no_vax_base_ops,2251.62,1026.56,0.0,1026.56,0.0
78,vax_base_ops,1997.46,902.84,7998.32,1026.56,12.051901496259344
78,no_vax_enh_ops,341.4,154.06,0.0,1026.56,84.99259663341647
78,vax_enh_ops,337.94,152.34,8382.8,1026.56,85.16014650872818
78,incremental_ring_vax,337.94,152.34,8382.8,154.06,1.116448137089445
78,no_vax_ring1_base_ops,2620.1,1195.58,0.0,1026.56,-16.464697630922693
78,no_vax_ring1_enh_ops,461.64,209.26,0.0,1195.58,82.49719801268004
78,ring1_vax_base_ops,2444.46,1108.96,3542.28,1195.58,7.2450191538834625
78,ring1_vax_enh_ops,422.66,188.88,5637.22,1195.58,84.20181000016728
78,comm_base_20,1116.22,493.62,20000.0,1026.56,51.915134039900245
78,comm_base_40,592.02,251.52,40000.0,1026.56,75.49875311720699
78,comm_base_60,367.36,148.5,60000.0,1026.56,85.53421134663343
78,comm_base_80,258.5,99.64,80000.0,1026.56,90.29379675810475
77,no_vax_base_ops,3768.74,1703.52,0.0,1703.52,0.0
77,vax_base_ops,3393.76,1522.14,7755.72,1703.52,10.647365455057756
77,no_vax_enh_ops,444.46,200.68,0.0,1703.52,88.21968629660937
77,vax_enh_ops,435.08,195.72,8252.56,1703.52,88.51084812623274
77,incremental_ring_vax,435.08,195.72,8252.56,200.68,2.4715965716563724
77,no_vax_ring1_base_ops,4717.38,2134.84,0.0,1703.52,-25.319338780877253
77,no_vax_ring1_enh_ops,765.86,348.2,0.0,2134.84,83.68964418879166
77,ring1_vax_base_ops,4554.68,2049.58,4055.9,2134.84,3.993741919769173
77,ring1_vax_enh_ops,691.62,310.2,6347.0,2134.84,85.46963706882013
77,comm_base_20,1928.42,843.2,20000.0,1703.52,50.50248896402743
77,comm_base_40,998.26,419.34,40000.0,1703.52,75.38391096083404
77,comm_base_60,599.68,236.86,60000.0,1703.52,86.0958485958486
77,comm_base_80,373.28,138.9,80000.0,1703.52,91.84629473091012
81,no_vax_base_ops,1897.28,859.42,0.0,859.42,0.0
81,vax_base_ops,1692.88,759.68,7843.64,859.42,11.605501384654767
81,no_vax_enh_ops,298.8,137.04,0.0,859.42,84.0543622443043
81,vax_enh_ops,295.12,134.62,8234.44,859.42,84.33594749947639
81,incremental_ring_vax,295.12,134.62,8234.44,137.04,1.7659077641564416
81,no_vax_ring1_base_ops,2113.32,957.98,0.0,859.42,-11.468199483372514
81,no_vax_ring1_enh_ops,410.9,187.58,0.0,957.98,80.4192154324725
81,ring1_vax_base_ops,2084.26,940.24,3014.14,957.98,1.8518131902544948
81,ring1_vax_enh_ops,382.44,171.92,5465.94,957.98,82.05390509196434
81,comm_base_20,1011.56,444.06,20000.0,859.42,48.33026925135556
81,comm_base_40,566.1,241.0,40000.0,859.42,71.95783202625026
81,comm_base_60,346.96,140.36,60000.0,859.42,83.66805520001863
81,comm_base_80,238.02,90.76,80000.0,859.42,89.43938935561192
79,no_vax_base_ops,3503.56,1593.12,0.0,1593.12,0.0
79,vax_base_ops,3235.26,1459.42,7812.06,1593.12,8.392337049312031
79,no_vax_enh_ops,467.56,211.06,0.0,1593.12,86.75178266546149
79,vax_enh_ops,449.58,201.3,8374.2,1593.12,87.36441699307021
79,incremental_ring_vax,449.58,201.3,8374.2,211.06,4.624277456647395
79,no_vax_ring1_base_ops,4334.44,1970.5,0.0,1593.12,-23.688108868132982
79,no_vax_ring1_enh_ops,643.8,290.92,0.0,1970.5,85.23623445825932
79,ring1_vax_base_ops,4125.88,1866.94,3499.7,1970.5,5.255518903831512
79,ring1_vax_enh_ops,616.74,275.68,5496.68,1970.5,86.0096422227861
79,comm_base_20,1870.84,821.96,20000.0,1593.12,48.40564427036255
79,comm_base_40,1010.18,426.28,40000.0,1593.12,73.24244250276188
79,comm_base_60,609.26,245.04,60000.0,1593.12,84.61886110274179
79,comm_base_80,421.52,160.76,80000.0,1593.12,89.90910916942855
80,no_vax_base_ops,3059.26,1388.54,0.0,1388.54,0.0
80,vax_base_ops,2746.16,1234.42,7935.62,1388.54,11.099428176357893
80,no_vax_enh_ops,310.22,142.56,0.0,1388.54,89.7331009549599
80,vax_enh_ops,303.74,138.58,8355.5,1388.54,90.01973295691879
80,incremental_ring_vax,303.74,138.58,8355.5,142.56,2.791806958473618
80,no_vax_ring1_base_ops,3776.1,1713.76,0.0,1388.54,-23.421723536952484
80,no_vax_ring1_enh_ops,379.48,173.66,0.0,1713.76,89.86672579591075
80,ring1_vax_base_ops,3519.96,1588.98,4186.62,1713.76,7.281066193632712
80,ring1_vax_enh_ops,365.9,165.08,4673.76,1713.76,90.36737932966109
80,comm_base_20,1589.78,699.9,20000.0,1388.54,49.594538147982774
80,comm_base_40,859.32,362.28,40000.0,1388.54,73.90928601264638
80,comm_base_60,485.18,196.32,60000.0,1388.54,85.86140838578652
80,comm_base_80,328.48,125.8,80000.0,1388.54,90.94012415918878
84,no_vax_base_ops,2291.32,1044.34,0.0,1044.34,0.0
84,vax_base_ops,2078.88,937.14,7983.48,1044.34,10.264856272861323
84,no_vax_enh_ops,290.18,133.46,0.0,1044.34,87.22063695731275
84,vax_enh_ops,281.42,128.56,8346.62,1044.34,87.68983281306855
84,incremental_ring_vax,281.42,128.56,8346.62,133.46,3.6715120635396414
84,no_vax_ring1_base_ops,2724.74,1240.56,0.0,1044.34,-18.78890016661241
84,no_vax_ring1_enh_ops,331.96,153.1,0.0,1240.56,87.65879925195074
84,ring1_vax_base_ops,2552.3,1155.32,3827.58,1240.56,6.871090475269233
84,ring1_vax_enh_ops,312.5,142.64,3267.86,1240.56,88.501966853679
84,comm_base_20,1155.36,510.18,20000.0,1044.34,51.14809353275752
84,comm_base_40,617.76,265.16,40000.0,1044.34,74.60980140567247
84,comm_base_60,386.88,159.0,60000.0,1044.34,84.77507325200604
84,comm_base_80,257.78,99.24,80000.0,1044.34,90.49734760710113
82,no_vax_base_ops,2435.7,1101.78,0.0,1101.78,0.0
82,vax_base_ops,2334.52,1046.84,7949.42,1101.78,4.9864764290511765
82,no_vax_enh_ops,429.52,194.62,0.0,1101.78,82.33585652308084
82,vax_enh_ops,428.56,193.48,8255.22,1101.78,82.43932545517254
82,incremental_ring_vax,428.56,193.48,8255.22,194.62,0.5857568595211257
82,no_vax_ring1_base_ops,2910.34,1318.78,0.0,1101.78,-19.6954019858774
82,no_vax_ring1_enh_ops,767.62,348.1,0.0,1318.78,73.6043919380033
82,ring1_vax_base_ops,2840.66,1280.5,3862.82,1318.78,2.9026827825717687
82,ring1_vax_enh_ops,732.5,327.78,7050.46,1318.78,75.14520996678749
82,comm_base_20,1463.18,642.46,20000.0,1101.78,41.68890341084426
82,comm_base_40,963.9,408.58,40000.0,1101.78,62.916371689447985
82,comm_base_60,635.36,256.66,60000.0,1101.78,76.70496832398482
82,comm_base_80,449.78,171.98,80000.0,1101.78,84.39071320953367
85,no_vax_base_ops,2180.34,988.8,0.0,988.8,0.0
85,vax_base_ops,2010.4,901.92,7677.54,988.8,8.786407766990292
85,no_vax_enh_ops,362.26,163.72,0.0,988.8,83.44255663430421
85,vax_enh_ops,356.52,161.12,8153.86,988.8,83.70550161812298
85,incremental_ring_vax,356.52,161.12,8153.86,163.72,1.5880772049841159
85,no_vax_ring1_base_ops,2436.04,1103.02,0.0,988.8,-11.551375404530749
85,no_vax_ring1_enh_ops,644.9,291.22,0.0,1103.02,73.59794020054034
85,ring1_vax_base_ops,2417.3,1091.66,2671.46,1103.02,1.0298997298326322
85,ring1_vax_enh_ops,607.2,269.98,6820.98,1103.02,75.52356258272742
85,comm_base_20,1375.66,602.28,20000.0,988.8,39.08980582524272
85,comm_base_40,903.4,378.96,40000.0,988.8,61.67475728155339
85,comm_base_60,609.18,245.64,60000.0,988.8,75.15776699029126
85,comm_base_80,411.92,158.72,80000.0,988.8,83.94822006472492
83,no_vax_base_ops,3699.26,1679.46,0.0,1679.46,0.0
83,vax_base_ops,3500.32,1574.5,7845.52,1679.46,6.249627856572948
83,no_vax_enh_ops,552.74,251.46,0.0,1679.46,85.02733021328284
83,vax_enh_ops,544.18,246.4,8226.14,1679.46,85.3286175318257
83,incremental_ring_vax,544.18,246.4,8226.14,251.46,2.012248468941383
83,no_vax_ring1_base_ops,4656.64,2114.38,0.0,1679.46,-25.89641908708752
83,no_vax_ring1_enh_ops,1086.72,494.26,0.0,2114.38,76.62388028641965
83,ring1_vax_base_ops,4407.96,1989.04,4842.86,2114.38,5.927978887428
83,ring1_vax_enh_ops,1042.24,470.2,7615.66,2114.38,77.7618025142122
83,comm_base_20,2019.96,888.36,20000.0,1679.46,47.10442642277875
83,comm_base_40,1181.52,499.18,40000.0,1679.46,70.27735105331476
83,comm_base_60,732.98,293.24,60000.0,1679.46,82.5396258321127
83,comm_base_80,473.3,178.66,80000.0,1679.46,89.36205685160706
87,no_vax_base_ops,3763.96,1715.98,0.0,1715.98,0.0
87,vax_base_ops,3369.02,1523.56,7759.56,1715.98,11.213417405797275
87,no_vax_enh_ops,509.16,232.12,0.0,1715.98,86.47303581626825
87,vax_enh_ops,489.36,222.12,8283.68,1715.98,87.05579319106283
87,incremental_ring_vax,489.36,222.12,8283.68,232.12,4.30811649146993
87,no_vax_ring1_base_ops,4618.56,2101.5,0.0,1715.98,-22.466462313080573
87,no_vax_ring1_enh_ops,840.68,383.3,0.0,2101.5,81.76064715679277
87,ring1_vax_base_ops,4397.16,1992.84,3787.42,2101.5,5.170592433975735
87,ring1_vax_enh_ops,810.32,365.6,6985.02,2101.5,82.60290268855579
87,comm_base_20,1722.8,763.26,20000.0,1715.98,55.52046061142904
87,comm_base_40,879.34,374.74,40000.0,1715.98,78.16175013694799
87,comm_base_60,514.7,208.24,60000.0,1715.98,87.86466042727771
87,comm_base_80,356.8,136.9,80000.0,1715.98,92.02205153906223
89,no_vax_base_ops,3383.5,1535.28,0.0,1535.28,0.0
89,vax_base_ops,2995.8,1349.14,7652.04,1535.28,12.124172789328322
89,no_vax_enh_ops,348.86,157.02,0.0,1535.28,89.7725496326403
89,vax_enh_ops,340.96,152.3,8330.02,1535.28,90.07998540982753
89,incremental_ring_vax,340.96,152.3,8330.02,157.02,3.0059864985352176
89,no_vax_ring1_base_ops,3956.6,1797.74,0.0,1535.28,-17.095252983169196
89,no_vax_ring1_enh_ops,453.98,204.34,0.0,1797.74,88.6335065137339
89,ring1_vax_base_ops,3862.76,1746.9,3423.58,1797.74,2.827995149465435
89,ring1_vax_enh_ops,417.68,184.7,5565.16,1797.74,89.72598929767375
89,comm_base_20,1600.7,708.06,20000.0,1535.28,53.880725340003124
89,comm_base_40,827.3,350.28,40000.0,1535.28,77.18461778958887
89,comm_base_60,492.1,197.22,60000.0,1535.28,87.15413475066437
89,comm_base_80,322.08,120.86,80000.0,1535.28,92.1278203324475
86,no_vax_base_ops,4115.58,1864.36,0.0,1864.36,0.0
86,vax_base_ops,3616.84,1626.98,8003.92,1864.36,12.732519470488526
86,no_vax_enh_ops,455.66,204.7,0.0,1864.36,89.02036087450922
86,vax_enh_ops,445.28,198.4,8402.08,1864.36,89.35827844407731
86,incremental_ring_vax,445.28,198.4,8402.08,204.7,3.077674645823148
86,no_vax_ring1_base_ops,5234.1,2368.4,0.0,1864.36,-27.035551073826955
86,no_vax_ring1_enh_ops,603.44,270.98,0.0,2368.4,88.5585205201824
86,ring1_vax_base_ops,4903.48,2207.58,5533.48,2368.4,6.7902381354501
86,ring1_vax_enh_ops,553.32,245.92,5877.7,2368.4,89.61661881438945
86,comm_base_20,1690.7,748.1,20000.0,1864.36,59.873629556523404
86,comm_base_40,800.52,340.12,40000.0,1864.36,81.75674226007851
86,comm_base_60,446.88,180.88,60000.0,1864.36,90.29801111373341
86,comm_base_80,312.04,119.34,80000.0,1864.36,93.59887575360982
90,no_vax_base_ops,1800.46,822.9,0.0,822.9,0.0
90,vax_base_ops,1643.8,745.92,7980.04,822.9,9.354721108275614
90,no_vax_enh_ops,346.5,159.18,0.0,822.9,80.6562158220926
90,vax_enh_ops,340.76,155.9,8263.56,822.9,81.05480617328959
90,incremental_ring_vax,340.76,155.9,8263.56,159.18,2.060560371906019
90,no_vax_ring1_base_ops,2019.58,921.98,0.0,822.9,-12.040345120913846
90,no_vax_ring1_enh_ops,485.24,223.0,0.0,921.98,75.81292435844595
90,ring1_vax_base_ops,1940.88,882.94,3729.64,921.98,4.234365170611072
90,ring1_vax_enh_ops,453.34,205.48,5472.5,921.98,77.71318249853576
90,comm_base_20,1037.08,462.96,20000.0,822.9,43.74043018592782
90,comm_base_40,596.88,257.56,40000.0,822.9,68.70093571515372
90,comm_base_60,385.3,156.56,60000.0,822.9,80.97460201725603
90,comm_base_80,262.56,102.02,80000.0,822.9,87.6023818203913
91,no_vax_base_ops,2720.72,1234.08,0.0,1234.08,0.0
91,vax_base_ops,2523.46,1134.94,7598.36,1234.08,8.03351484506676
91,no_vax_enh_ops,313.26,141.5,0.0,1234.08,88.53396862440037
91,vax_enh_ops,308.64,138.82,8277.5,1234.08,88.75113444833399
91,incremental_ring_vax,308.64,138.82,8277.5,141.5,1.8939929328621956
91,no_vax_ring1_base_ops,3099.98,1406.84,0.0,1234.08,-13.999092441332815
91,no_vax_ring1_enh_ops,387.48,175.42,0.0,1406.84,87.53092036052429
91,ring1_vax_base_ops,3072.42,1390.5,2605.16,1406.84,1.1614682550965227
91,ring1_vax_enh_ops,366.76,163.6,4626.74,1406.84,88.3711011913224
91,comm_base_20,1541.62,678.36,20000.0,1234.08,45.03111629716064
91,comm_base_40,907.52,381.5,40000.0,1234.08,69.08628289900169
91,comm_base_60,559.22,222.58,60000.0,1234.08,81.96389213016984
91,comm_base_80,366.02,137.14,80000.0,1234.08,88.88726824841177
88,no_vax_base_ops,4566.56,2074.62,0.0,2074.62,0.0
88,vax_base_ops,4105.1,1850.08,7865.66,2074.62,10.8231868968775
88,no_vax_enh_ops,533.18,240.92,0.0,2074.62,88.38727092190376
88,vax_enh_ops,518.46,233.22,8228.4,2074.62,88.75842322931429
88,incremental_ring_vax,518.46,233.22,8228.4,240.92,3.1960816868670054
88,no_vax_ring1_base_ops,6038.7,2741.98,0.0,2074.62,-32.1678186848676
88,no_vax_ring1_enh_ops,1128.6,509.3,0.0,2741.98,81.4258309688619
88,ring1_vax_base_ops,5655.0,2554.42,5117.92,2741.98,6.840312474926875
88,ring1_vax_enh_ops,1081.16,484.2,7760.48,2741.98,82.34122787182986
88,comm_base_20,2277.98,999.14,20000.0,2074.62,51.83985500959212
88,comm_base_40,1198.98,502.32,40000.0,2074.62,75.7873731092923
88,comm_base_60,684.94,274.76,60000.0,2074.62,86.75612883323211
88,comm_base_80,434.7,164.36,80000.0,2074.62,92.0775852927283
92,no_vax_base_ops,2556.22,1165.34,0.0,1165.34,0.0
92,vax_base_ops,2357.82,1067.64,7751.66,1165.34,8.383819314534799
92,no_vax_enh_ops,396.54,180.5,0.0,1165.34,84.51095817529648
92,vax_enh_ops,385.38,174.26,8176.2,1165.34,85.04642421954108
92,incremental_ring_vax,385.38,174.26,8176.2,180.5,3.4570637119113625
92,no_vax_ring1_base_ops,3067.22,1397.0,0.0,1165.34,-19.879176892580713
92,no_vax_ring1_enh_ops,666.78,303.36,0.0,1397.0,78.28489620615603
92,ring1_vax_base_ops,2940.82,1333.54,3263.08,1397.0,4.542591267000718
92,ring1_vax_enh_ops,604.52,271.88,6122.9,1397.0,80.53829634931996
92,comm_base_20,1217.42,539.94,20000.0,1165.34,53.66674103695058
92,comm_base_40,655.08,280.44,40000.0,1165.34,75.93492028077642
92,comm_base_60,362.04,145.96,60000.0,1165.34,87.47490002917603
92,comm_base_80,240.9,91.22,80000.0,1165.34,92.17224157756534
93,no_vax_base_ops,3013.22,1367.4,0.0,1367.4,0.0
93,vax_base_ops,2821.24,1269.88,7565.88,1367.4,7.131782945736433
93,no_vax_enh_ops,452.8,205.62,0.0,1367.4,84.96270293988592
93,vax_enh_ops,435.68,197.46,8126.6,1367.4,85.55945590171127
93,incremental_ring_vax,435.68,197.46,8126.6,205.62,3.9684855558797767
93,no_vax_ring1_base_ops,3584.1,1627.12,0.0,1367.4,-18.993710691823882
93,no_vax_ring1_enh_ops,956.18,434.04,0.0,1627.12,73.32464722946065
93,ring1_vax_base_ops,3525.5,1592.22,2943.34,1627.12,2.14489404592162
93,ring1_vax_enh_ops,882.04,396.54,7401.44,1627.12,75.62933280888933
93,comm_base_20,1689.62,742.66,20000.0,1367.4,45.688167324850085
93,comm_base_40,925.86,390.04,40000.0,1367.4,71.47579347667106
93,comm_base_60,552.16,220.58,60000.0,1367.4,83.86865584320608
93,comm_base_80,355.12,133.24,80000.0,1367.4,90.25596021646922
95,no_vax_base_ops,3238.16,1460.72,0.0,1460.72,0.0
95,vax_base_ops,2993.58,1338.42,7731.72,1460.72,8.372583383536883
95,no_vax_enh_ops,340.52,152.06,0.0,1460.72,89.59006517333918
95,vax_enh_ops,326.1,145.22,8279.4,1460.72,90.0583274001862
95,incremental_ring_vax,326.1,145.22,8279.4,152.06,4.4982243851111425
95,no_vax_ring1_base_ops,3809.94,1717.06,0.0,1460.72,-17.548880004381395
95,no_vax_ring1_enh_ops,397.9,178.32,0.0,1717.06,89.61480670448324
95,ring1_vax_base_ops,3819.32,1712.52,3583.68,1717.06,0.2644054372007946
95,ring1_vax_enh_ops,378.4,168.66,4373.74,1717.06,90.17739624707349
95,comm_base_20,1826.22,796.0,20000.0,1460.72,45.50632564762583
95,comm_base_40,1100.58,460.26,40000.0,1460.72,68.49088120926666
95,comm_base_60,662.26,263.44,60000.0,1460.72,81.96505832740019
95,comm_base_80,435.18,163.14,80000.0,1460.72,88.83153513335888
96,no_vax_base_ops,2836.06,1283.6,0.0,1283.6,0.0
96,vax_base_ops,2540.14,1140.28,7945.66,1283.6,11.165472109691487
96,no_vax_enh_ops,502.42,227.6,0.0,1283.6,82.26861950763478
96,vax_enh_ops,485.86,219.54,8220.54,1283.6,82.89654097849798
96,incremental_ring_vax,485.86,219.54,8220.54,227.6,3.5413005272407743
96,no_vax_ring1_base_ops,3330.16,1510.28,0.0,1283.6,-17.65970707385479
96,no_vax_ring1_enh_ops,1067.28,484.82,0.0,1510.28,67.89866779669995
96,ring1_vax_base_ops,3140.74,1417.44,3732.12,1510.28,6.147204491882295
96,ring1_vax_enh_ops,981.02,441.92,7516.96,1510.28,70.73920067801996
96,comm_base_20,1414.12,622.02,20000.0,1283.6,51.54097849797445
96,comm_base_40,819.06,344.14,40000.0,1283.6,73.18946712371455
96,comm_base_60,513.34,205.62,60000.0,1283.6,83.9809909629168
96,comm_base_80,350.06,133.66,80000.0,1283.6,89.58709878466811
94,no_vax_base_ops,3259.9,1484.38,0.0,1484.38,0.0
94,vax_base_ops,3043.34,1374.32,8042.88,1484.38,7.414543445748405
94,no_vax_enh_ops,320.48,145.56,0.0,1484.38,90.19388566270094
94,vax_enh_ops,319.88,145.24,8409.28,1484.38,90.21544348482193
94,incremental_ring_vax,319.88,145.24,8409.28,145.56,0.21984061555371887
94,no_vax_ring1_base_ops,4044.76,1841.86,0.0,1484.38,-24.0827820369447
94,no_vax_ring1_enh_ops,404.62,183.4,0.0,1841.86,90.04267425320056
94,ring1_vax_base_ops,3827.26,1732.18,4946.22,1841.86,5.954849988598474
94,ring1_vax_enh_ops,389.84,175.32,5375.06,1841.86,90.48136123266698
94,comm_base_20,1933.34,848.56,20000.0,1484.38,42.834045190584625
94,comm_base_40,1220.32,517.62,40000.0,1484.38,65.12887535536723
94,comm_base_60,759.38,307.34,60000.0,1484.38,79.29505921664264
94,comm_base_80,540.16,207.88,80000.0,1484.38,85.99549980463223
98,no_vax_base_ops,1643.26,745.86,0.0,745.86,0.0
98,vax_base_ops,1494.32,673.12,7852.08,745.86,9.752500469256967
98,no_vax_enh_ops,349.96,156.96,0.0,745.86,78.95583621591183
98,vax_enh_ops,346.16,154.94,8163.2,745.86,79.22666452149198
98,incremental_ring_vax,346.16,154.94,8163.2,156.96,1.2869520897043898
98,no_vax_ring1_base_ops,1789.24,812.54,0.0,745.86,-8.94001555251655
98,no_vax_ring1_enh_ops,503.48,227.7,0.0,812.54,71.97676422083835
98,ring1_vax_base_ops,1710.88,774.14,2551.34,812.54,4.725921185418561
98,ring1_vax_enh_ops,492.7,219.7,4600.5,812.54,72.96133113446722
98,comm_base_20,895.08,393.68,20000.0,745.86,47.217976563966424
98,comm_base_40,531.82,225.08,40000.0,745.86,69.82275494060548
98,comm_base_60,329.34,131.74,60000.0,745.86,82.33716783310541
98,comm_base_80,224.2,84.98,80000.0,745.86,88.60644088702973
97,no_vax_base_ops,1938.3,880.34,0.0,880.34,0.0
97,vax_base_ops,1742.14,784.78,7872.58,880.34,10.854896971624605
97,no_vax_enh_ops,315.42,141.64,0.0,880.34,83.9107617511416
97,vax_enh_ops,311.58,139.04,8236.94,880.34,84.20610218779107
97,incremental_ring_vax,311.58,139.04,8236.94,141.64,1.8356396498164322
97,no_vax_ring1_base_ops,2212.12,1003.98,0.0,880.34,-14.044573687438941
97,no_vax_ring1_enh_ops,430.06,192.58,0.0,1003.98,80.81834299488037
97,ring1_vax_base_ops,2096.72,947.1,3181.8,1003.98,5.665451503017988
97,ring1_vax_enh_ops,406.96,179.98,4584.78,1003.98,82.07334807466285
97,comm_base_20,1209.44,531.16,20000.0,880.34,39.66422064202468
97,comm_base_40,810.64,339.48,40000.0,880.34,61.43762637162914
97,comm_base_60,548.6,219.44,60000.0,880.34,75.0732671467842
97,comm_base_80,377.38,143.94,80000.0,880.34,83.64949905718247
99,no_vax_base_ops,1840.64,833.66,0.0,833.66,0.0
99,vax_base_ops,1607.28,721.46,7937.68,833.66,13.458724180121385
99,no_vax_enh_ops,293.32,132.58,0.0,833.66,84.09663411942519
99,vax_enh_ops,287.0,129.46,8284.4,833.66,84.47088741213445
99,incremental_ring_vax,287.0,129.46,8284.4,132.58,2.3532961230954927
99,no_vax_ring1_base_ops,1991.3,903.36,0.0,833.66,-8.360722596742082
99,no_vax_ring1_enh_ops,356.56,161.22,0.0,903.36,82.15329436769395
99,ring1_vax_base_ops,1838.56,829.34,3078.2,903.36,8.193854055968826
99,ring1_vax_enh_ops,331.34,147.86,4415.1,903.36,83.63221749911442
99,comm_base_20,854.46,376.64,20000.0,833.66,54.82091020320035
99,comm_base_40,443.02,189.02,40000.0,833.66,77.32648801669745
99,comm_base_60,275.48,111.26,60000.0,833.66,86.65403161960512
99,comm_base_80,193.58,72.78,80000.0,833.66,91.26982222968597
100,no_vax_base_ops,2493.56,1129.82,0.0,1129.82,0.0
100,vax_base_ops,2251.78,1012.94,7766.2,1129.82,10.345010709670557
100,no_vax_enh_ops,344.94,154.48,0.0,1129.82,86.32702554389193
100,vax_enh_ops,337.48,150.66,8197.02,1129.82,86.66513249898215
100,incremental_ring_vax,337.48,150.66,8197.02,154.48,2.4728120145002546
100,no_vax_ring1_base_ops,2821.94,1279.06,0.0,1129.82,-13.209183763785383
100,no_vax_ring1_enh_ops,541.64,243.6,0.0,1279.06,80.95476365455882
100,ring1_vax_base_ops,2735.64,1234.08,3374.62,1279.06,3.51664503619846
100,ring1_vax_enh_ops,472.32,208.5,5832.6,1279.06,83.69896642847091
100,comm_base_20,1255.3,553.0,20000.0,1129.82,51.054150218618894
100,comm_base_40,654.36,275.4,40000.0,1129.82,75.62443575082757
100,comm_base_60,369.94,148.32,60000.0,1129.82,86.87224513639342
100,comm_base_80,254.16,94.26,80000.0,1129.82,91.65707811863837
101,no_vax_base_ops,2082.02,945.9,0.0,945.9,0.0
101,vax_base_ops,1925.36,867.48,7603.6,945.9,8.290516967967012
101,no_vax_enh_ops,326.4,149.2,0.0,945.9,84.22666243788984
101,vax_enh_ops,323.24,146.86,8209.64,945.9,84.47404588222857
101,incremental_ring_vax,323.24,146.86,8209.64,149.2,1.568364611260037
101,no_vax_ring1_base_ops,2300.5,1046.7,0.0,945.9,-10.656517602283547
101,no_vax_ring1_enh_ops,448.42,203.36,0.0,1046.7,80.57131938473297
101,ring1_vax_base_ops,2231.32,1011.84,2226.7,1046.7,3.3304671825738046
101,ring1_vax_enh_ops,420.48,188.84,4667.72,1046.7,81.95853635234546
101,comm_base_20,1208.48,532.66,20000.0,945.9,43.68749339253621
101,comm_base_40,785.64,333.02,40000.0,945.9,64.79331853261445
101,comm_base_60,529.04,212.94,60000.0,945.9,77.48810656517603
101,comm_base_80,368.22,141.0,80000.0,945.9,85.09356168728196
102,no_vax_base_ops,1644.12,745.9,0.0,745.9,0.0
102,vax_base_ops,1541.54,692.44,7855.08,745.9,7.167180587210073
102,no_vax_enh_ops,365.74,167.24,0.0,745.9,77.57876390937123
102,vax_enh_ops,352.2,160.12,8162.18,745.9,78.53331545783617
102,incremental_ring_vax,352.2,160.12,8162.18,167.24,4.257354699832579
102,no_vax_ring1_base_ops,1894.84,859.42,0.0,745.9,-15.21919828395227
102,no_vax_ring1_enh_ops,590.54,269.16,0.0,859.42,68.68120360242955
102,ring1_vax_base_ops,1823.28,822.32,2989.9,859.42,4.316864862349016
102,ring1_vax_enh_ops,551.7,247.0,6657.54,859.42,71.259686765493
102,comm_base_20,974.9,426.38,20000.0,745.9,42.836841399651426
102,comm_base_40,638.18,268.98,40000.0,745.9,63.93886579970505
102,comm_base_60,399.68,160.26,60000.0,745.9,78.51454618581579
102,comm_base_80,283.7,107.58,80000.0,745.9,85.57715511462662
105,no_vax_base_ops,1809.5,826.08,0.0,826.08,0.0
105,vax_base_ops,1693.84,766.32,7947.88,826.08,7.2341661824520616
105,no_vax_enh_ops,272.52,125.14,0.0,826.08,84.85134611659888
105,vax_enh_ops,259.76,118.6,8315.06,826.08,85.64303699399574
105,incremental_ring_vax,259.76,118.6,8315.06,125.14,5.226146715678445
105,no_vax_ring1_base_ops,2037.54,930.04,0.0,826.08,-12.58473755568467
105,no_vax_ring1_enh_ops,307.84,141.92,0.0,930.04,84.74044127134317
105,ring1_vax_base_ops,1937.98,881.52,2785.62,930.04,5.216979914842371
105,ring1_vax_enh_ops,288.46,130.34,3109.1,930.04,85.9855490086448
105,comm_base_20,952.78,423.56,20000.0,826.08,48.72651559171025
105,comm_base_40,503.22,216.36,40000.0,826.08,73.80883207437536
105,comm_base_60,309.34,126.34,60000.0,826.08,84.70608173542513
105,comm_base_80,215.96,82.78,80000.0,826.08,89.97917877203176
104,no_vax_base_ops,2361.56,1069.34,0.0,1069.34,0.0
104,vax_base_ops,2229.0,1000.96,7787.16,1069.34,6.394598537415591
104,no_vax_enh_ops,368.5,165.8,0.0,1069.34,84.49510913273609
104,vax_enh_ops,362.4,162.3,8360.04,1069.34,84.82241382535022
104,incremental_ring_vax,362.4,162.3,8360.04,165.8,2.1109770808202653
104,no_vax_ring1_base_ops,2631.46,1193.52,0.0,1069.34,-11.612770493949547
104,no_vax_ring1_enh_ops,490.2,220.2,0.0,1193.52,81.55037200884777
104,ring1_vax_base_ops,2579.14,1165.62,2539.66,1193.52,2.3376231650915016
104,ring1_vax_enh_ops,468.2,207.42,4990.44,1193.52,82.62115423285744
104,comm_base_20,1376.22,605.58,20000.0,1069.34,43.3688069276376
104,comm_base_40,818.64,344.74,40000.0,1069.34,67.76142293377222
104,comm_base_60,525.14,210.46,60000.0,1069.34,80.3187012549797
104,comm_base_80,355.74,134.1,80000.0,1069.34,87.45955449155554
106,no_vax_base_ops,2134.56,969.3,0.0,969.3,0.0
106,vax_base_ops,1985.48,894.56,7975.82,969.3,7.710719075621584
106,no_vax_enh_ops,527.48,239.22,0.0,969.3,75.32033426183844
106,vax_enh_ops,527.32,237.56,8199.2,969.3,75.49159187042196
106,incremental_ring_vax,527.32,237.56,8199.2,239.22,0.6939219128835368
106,no_vax_ring1_base_ops,2467.36,1117.48,0.0,969.3,-15.287320746930783
106,no_vax_ring1_enh_ops,895.26,406.02,0.0,1117.48,63.666463829330276
106,ring1_vax_base_ops,2380.96,1076.46,3117.04,1117.48,3.67075920821849
106,ring1_vax_enh_ops,861.72,386.52,6879.62,1117.48,65.41146150266671
106,comm_base_20,1250.2,549.62,20000.0,969.3,43.29722480140307
106,comm_base_40,771.84,326.32,40000.0,969.3,66.33446817290829
106,comm_base_60,512.9,207.96,60000.0,969.3,78.54534199938098
106,comm_base_80,360.72,139.9,80000.0,969.3,85.56690395130506
107,no_vax_base_ops,3145.44,1429.82,0.0,1429.82,0.0
107,vax_base_ops,2863.52,1292.9,7894.6,1429.82,9.576030549299903
107,no_vax_enh_ops,377.18,170.52,0.0,1429.82,88.07402330363263
107,vax_enh_ops,365.3,164.48,8318.56,1429.82,88.49645409911737
107,incremental_ring_vax,365.3,164.48,8318.56,170.52,3.542106497771534
107,no_vax_ring1_base_ops,3852.98,1749.16,0.0,1429.82,-22.334279839420358
107,no_vax_ring1_enh_ops,550.64,248.88,0.0,1749.16,85.77145601317206
107,ring1_vax_base_ops,3644.86,1645.74,4337.54,1749.16,5.912552310823485
107,ring1_vax_enh_ops,512.74,228.94,6577.2,1749.16,86.9114317729653
107,comm_base_20,1499.4,663.52,20000.0,1429.82,53.594158705291576
107,comm_base_40,729.18,310.78,40000.0,1429.82,78.26439691709446
107,comm_base_60,409.84,166.36,60000.0,1429.82,88.36496901707908
107,comm_base_80,286.78,110.78,80000.0,1429.82,92.25217160201984
108,no_vax_base_ops,2424.64,1097.92,0.0,1097.92,0.0
108,vax_base_ops,2224.74,1000.86,7982.32,1097.92,8.840352666860978
108,no_vax_enh_ops,295.66,133.36,0.0,1097.92,87.85339551151267
108,vax_enh_ops,291.9,130.62,8347.48,1097.92,88.10295832118915
108,incremental_ring_vax,291.9,130.62,8347.48,133.36,2.0545890821835697
108,no_vax_ring1_base_ops,2848.86,1290.16,0.0,1097.92,-17.50947245700962
108,no_vax_ring1_enh_ops,367.22,165.8,0.0,1290.16,87.14888075897564
108,ring1_vax_base_ops,2704.88,1219.7,3857.86,1290.16,5.461338128604207
108,ring1_vax_enh_ops,347.82,154.94,4845.14,1290.16,87.99063682023935
108,comm_base_20,1341.24,590.42,20000.0,1097.92,46.22376858058876
108,comm_base_40,790.46,333.56,40000.0,1097.92,69.61891576799768
108,comm_base_60,491.04,197.32,60000.0,1097.92,82.0278344505975
108,comm_base_80,344.5,130.06,80000.0,1097.92,88.15396385893327
103,no_vax_base_ops,3723.86,1688.14,0.0,1688.14,0.0
103,vax_base_ops,3333.52,1500.46,7986.84,1688.14,11.117561339699318
103,no_vax_enh_ops,490.2,225.16,0.0,1688.14,86.6622436527776
103,vax_enh_ops,482.34,221.22,8341.28,1688.14,86.89563661781605
103,incremental_ring_vax,482.34,221.22,8341.28,225.16,1.7498667614141046
103,no_vax_ring1_base_ops,4671.42,2112.64,0.0,1688.14,-25.146018695131907
103,no_vax_ring1_enh_ops,825.4,376.1,0.0,2112.64,82.19762950621025
103,ring1_vax_base_ops,4312.5,1939.02,4920.46,2112.64,8.218153589821261
103,ring1_vax_enh_ops,780.18,351.88,6980.9,2112.64,83.34406240533171
103,comm_base_20,1931.84,850.76,20000.0,1688.14,49.60370585377991
103,comm_base_40,1103.44,468.58,40000.0,1688.14,72.24282346250904
103,comm_base_60,650.16,263.86,60000.0,1688.14,84.36977975760306
103,comm_base_80,460.72,177.48,80000.0,1688.14,89.48665395050173
110,no_vax_base_ops,2964.88,1340.42,0.0,1340.42,0.0
110,vax_base_ops,2728.02,1222.66,7848.46,1340.42,8.785306098088657
110,no_vax_enh_ops,275.22,123.1,0.0,1340.42,90.81631130541174
110,vax_enh_ops,265.56,118.48,8327.46,1340.42,91.16097939451814
110,incremental_ring_vax,265.56,118.48,8327.46,123.1,3.7530463038180266
110,no_vax_ring1_base_ops,3520.9,1591.24,0.0,1340.42,-18.71204547828292
110,no_vax_ring1_enh_ops,310.32,138.82,0.0,1591.24,91.27598602347854
110,ring1_vax_base_ops,3438.32,1546.8,4060.26,1591.24,2.7927905281415786
110,ring1_vax_enh_ops,296.28,130.94,3643.3,1591.24,91.77119730524622
110,comm_base_20,1762.16,771.96,20000.0,1340.42,42.409095656585244
110,comm_base_40,1107.02,464.08,40000.0,1340.42,65.37801584577969
110,comm_base_60,677.36,271.74,60000.0,1340.42,79.7272496680145
110,comm_base_80,473.54,178.56,80000.0,1340.42,86.67880216648514
109,no_vax_base_ops,3051.88,1390.92,0.0,1390.92,0.0
109,vax_base_ops,2685.74,1215.9,8094.02,1390.92,12.583038564403417
109,no_vax_enh_ops,424.38,195.12,0.0,1390.92,85.97187473039428
109,vax_enh_ops,419.26,191.94,8393.16,1390.92,86.20050038823224
109,incremental_ring_vax,419.26,191.94,8393.16,195.12,1.62976629766298
109,no_vax_ring1_base_ops,3770.42,1714.52,0.0,1390.92,-23.265177005147667
109,no_vax_ring1_enh_ops,594.38,274.44,0.0,1714.52,83.99318759769498
109,ring1_vax_base_ops,3435.04,1556.84,4949.02,1714.52,9.196743111774728
109,ring1_vax_enh_ops,533.62,243.74,6074.8,1714.52,85.7837762172503
109,comm_base_20,1326.0,594.32,20000.0,1390.92,57.27144623702297
109,comm_base_40,681.44,295.12,40000.0,1390.92,78.78238863486038
109,comm_base_60,396.12,164.32,60000.0,1390.92,88.18623644781871
109,comm_base_80,274.06,108.88,80000.0,1390.92,92.1720875391827
111,no_vax_base_ops,2522.16,1146.34,0.0,1146.34,0.0
111,vax_base_ops,2269.86,1022.68,7935.34,1146.34,10.787375473245282
111,no_vax_enh_ops,388.08,174.3,0.0,1146.34,84.79508697245146
111,vax_enh_ops,385.78,172.86,8225.06,1146.34,84.9207041540904
111,incremental_ring_vax,385.78,172.86,8225.06,174.3,0.8261617900172104
111,no_vax_ring1_base_ops,2990.86,1354.86,0.0,1146.34,-18.190065774552053
111,no_vax_ring1_enh_ops,693.06,313.42,0.0,1354.86,76.86698256646443
111,ring1_vax_base_ops,2832.5,1276.38,4020.2,1354.86,5.7924804038793525
111,ring1_vax_enh_ops,630.0,283.04,7594.34,1354.86,79.10928066368481
111,comm_base_20,1300.12,574.7,20000.0,1146.34,49.8665317445086
111,comm_base_40,665.1,280.64,40000.0,1146.34,75.51860704503028
111,comm_base_60,397.8,159.36,60000.0,1146.34,86.09836523195561
111,comm_base_80,272.7,102.62,80000.0,1146.34,91.04803112514611
112,no_vax_base_ops,2016.0,915.3,0.0,915.3,0.0
112,vax_base_ops,1834.34,826.46,8023.9,915.3,9.706107287228225
112,no_vax_enh_ops,419.2,189.82,0.0,915.3,79.26144433519065
112,vax_enh_ops,412.76,186.52,8278.4,915.3,79.62198186386978
112,incremental_ring_vax,412.76,186.52,8278.4,189.82,1.738489094932032
112,no_vax_ring1_base_ops,2358.94,1070.34,0.0,915.3,-16.938708620124547
112,no_vax_ring1_enh_ops,689.88,313.38,0.0,1070.34,70.72145299624418
112,ring1_vax_base_ops,2257.42,1020.88,3131.92,1070.34,4.620961563615293
112,ring1_vax_enh_ops,659.34,295.62,6712.1,1070.34,72.38073883065194
112,comm_base_20,1175.82,516.34,20000.0,915.3,43.5878946793401
112,comm_base_40,673.46,284.74,40000.0,915.3,68.89107396482028
112,comm_base_60,431.72,174.08,60000.0,915.3,80.98109909319348
112,comm_base_80,310.46,119.58,80000.0,915.3,86.93543100622746
114,no_vax_base_ops,2790.6,1261.4,0.0,1261.4,0.0
114,vax_base_ops,2512.7,1126.44,7839.86,1261.4,10.699223085460602
114,no_vax_enh_ops,392.68,178.32,0.0,1261.4,85.86332646266054
114,vax_enh_ops,381.42,172.58,8344.8,1261.4,86.31837640716664
114,incremental_ring_vax,381.42,172.58,8344.8,178.32,3.2189322566173066
114,no_vax_ring1_base_ops,3335.36,1512.34,0.0,1261.4,-19.893768828286017
114,no_vax_ring1_enh_ops,533.14,241.8,0.0,1512.34,84.01153179840513
114,ring1_vax_base_ops,3212.06,1449.0,3401.32,1512.34,4.18821164552944
114,ring1_vax_enh_ops,501.36,224.3,5170.88,1512.34,85.1686790007538
114,comm_base_20,1301.28,575.86,20000.0,1261.4,54.34755034089108
114,comm_base_40,670.14,286.66,40000.0,1261.4,77.27445695259235
114,comm_base_60,397.32,160.78,60000.0,1261.4,87.2538449342001
114,comm_base_80,282.2,109.96,80000.0,1261.4,91.28270175994926
116,no_vax_base_ops,1915.54,865.74,0.0,865.74,0.0
116,vax_base_ops,1767.66,792.96,7904.28,865.74,8.406680989673571
116,no_vax_enh_ops,472.14,214.2,0.0,865.74,75.2581606486936
116,vax_enh_ops,454.62,205.34,8232.02,865.74,76.28156259385035
116,incremental_ring_vax,454.62,205.34,8232.02,214.2,4.136321195144718
116,no_vax_ring1_base_ops,2098.1,945.24,0.0,865.74,-9.182895557557696
116,no_vax_ring1_enh_ops,769.26,348.08,0.0,945.24,63.175489822690544
116,ring1_vax_base_ops,2032.16,914.14,2541.64,945.24,3.2901696923532673
116,ring1_vax_enh_ops,720.76,322.68,5374.74,945.24,65.86263806017519
116,comm_base_20,1215.34,533.04,20000.0,865.74,38.429551597477314
116,comm_base_40,824.0,349.68,40000.0,865.74,59.60912052117263
116,comm_base_60,557.72,226.7,60000.0,865.74,73.81430914593295
116,comm_base_80,403.4,156.36,80000.0,865.74,81.93915032226765
115,no_vax_base_ops,2647.86,1201.86,0.0,1201.86,0.0
115,vax_base_ops,2456.22,1104.46,7799.48,1201.86,8.104105303446314
115,no_vax_enh_ops,440.94,202.72,0.0,1201.86,83.1328108099113
115,vax_enh_ops,434.28,198.12,8268.12,1201.86,83.51555089611102
115,incremental_ring_vax,434.28,198.12,8268.12,202.72,2.2691397000789237
115,no_vax_ring1_base_ops,2916.02,1320.24,0.0,1201.86,-9.849732913983337
115,no_vax_ring1_enh_ops,777.18,353.1,0.0,1320.24,73.25486275222687
115,ring1_vax_base_ops,2894.44,1304.42,3010.24,1320.24,1.198266981760887
115,ring1_vax_enh_ops,728.32,325.86,7332.5,1320.24,75.31812397745864
115,comm_base_20,1557.3,685.06,20000.0,1201.86,43.00001664087331
115,comm_base_40,953.4,399.58,40000.0,1201.86,66.75319920789444
115,comm_base_60,620.22,250.44,60000.0,1201.86,79.162298437422
115,comm_base_80,425.66,161.68,80000.0,1201.86,86.54751801374536
113,no_vax_base_ops,4365.2,1983.7,0.0,1983.7,0.0
113,vax_base_ops,3849.14,1737.84,7980.54,1983.7,12.394011191208355
113,no_vax_enh_ops,538.18,244.08,0.0,1983.7,87.6957201189696
113,vax_enh_ops,524.76,237.28,8273.46,1983.7,88.03851388818873
113,incremental_ring_vax,524.76,237.28,8273.46,244.08,2.7859718125204895
113,no_vax_ring1_base_ops,5839.18,2658.68,0.0,1983.7,-34.0263144628724
113,no_vax_ring1_enh_ops,1081.06,488.22,0.0,2658.68,81.63675207245701
113,ring1_vax_base_ops,5431.36,2457.36,5521.1,2658.68,7.57217867513201
113,ring1_vax_enh_ops,1018.98,458.14,7883.48,2658.68,82.76814058104021
113,comm_base_20,2012.7,883.12,20000.0,1983.7,55.48117154811715
113,comm_base_40,993.08,420.24,40000.0,1983.7,78.81534506225739
113,comm_base_60,598.62,240.14,60000.0,1983.7,87.89433886172304
113,comm_base_80,380.22,143.48,80000.0,1983.7,92.76705146947623
117,no_vax_base_ops,2335.98,1055.84,0.0,1055.84,0.0
117,vax_base_ops,2200.68,986.88,7864.54,1055.84,6.531292620093947
117,no_vax_enh_ops,336.96,151.2,0.0,1055.84,85.67964843158053
117,vax_enh_ops,333.34,148.84,8347.92,1055.84,85.90316714653734
117,incremental_ring_vax,333.34,148.84,8347.92,151.2,1.5608465608465512
117,no_vax_ring1_base_ops,2614.72,1183.24,0.0,1055.84,-12.06622215487196
117,no_vax_ring1_enh_ops,471.24,212.04,0.0,1183.24,82.07971332950204
117,ring1_vax_base_ops,2520.9,1134.5,3199.22,1183.24,4.119198133937325
117,ring1_vax_enh_ops,445.38,198.4,6158.86,1183.24,83.23248030830601
117,comm_base_20,1371.64,598.98,20000.0,1055.84,43.26981360812244
117,comm_base_40,846.78,357.02,40000.0,1055.84,66.18616457038945
117,comm_base_60,537.0,216.34,60000.0,1055.84,79.51015305349294
117,comm_base_80,388.7,148.02,80000.0,1055.84,85.98083042885287
119,no_vax_base_ops,1595.64,723.58,0.0,723.58,0.0
119,vax_base_ops,1417.78,639.24,7962.64,723.58,11.655932999806522
119,no_vax_enh_ops,335.64,152.52,0.0,723.58,78.92147378313386
119,vax_enh_ops,326.98,147.62,8336.2,723.58,79.59866220735786
119,incremental_ring_vax,326.98,147.62,8336.2,152.52,3.212693417256757
119,no_vax_ring1_base_ops,1651.64,749.64,0.0,723.58,-3.601536803117823
119,no_vax_ring1_enh_ops,450.86,204.52,0.0,749.64,72.71757110079506
119,ring1_vax_base_ops,1610.4,727.82,2505.06,749.64,2.9107304839656285
119,ring1_vax_enh_ops,408.3,181.9,4627.6,749.64,75.73501947601515
119,comm_base_20,824.32,362.96,20000.0,723.58,49.83830398850162
119,comm_base_40,454.46,194.14,40000.0,723.58,73.16951822880677
119,comm_base_60,281.36,114.76,60000.0,723.58,84.13997070123553
119,comm_base_80,201.7,78.26,80000.0,723.58,89.18433345310817
118,no_vax_base_ops,2741.58,1238.8,0.0,1238.8,0.0
118,vax_base_ops,2516.7,1131.22,7803.88,1238.8,8.684210526315784
118,no_vax_enh_ops,312.44,141.04,0.0,1238.8,88.61478850500485
118,vax_enh_ops,305.98,137.78,8328.94,1238.8,88.87794639974169
118,incremental_ring_vax,305.98,137.78,8328.94,141.04,2.3114010209869478
118,no_vax_ring1_base_ops,3344.02,1510.4,0.0,1238.8,-21.924443009363912
118,no_vax_ring1_enh_ops,400.5,179.86,0.0,1510.4,88.09189618644068
118,ring1_vax_base_ops,3192.68,1438.18,3436.66,1510.4,4.781514830508476
118,ring1_vax_enh_ops,379.42,168.0,4500.48,1510.4,88.87711864406779
118,comm_base_20,1271.9,557.92,20000.0,1238.8,54.9628672909267
118,comm_base_40,649.58,272.8,40000.0,1238.8,77.97868905392315
118,comm_base_60,372.44,151.12,60000.0,1238.8,87.80109783661607
118,comm_base_80,248.32,94.9,80000.0,1238.8,92.33936067161768
120,no_vax_base_ops,2442.84,1114.1,0.0,1114.1,0.0
120,vax_base_ops,2251.12,1016.42,8021.86,1114.1,8.767615115339732
120,no_vax_enh_ops,282.92,129.12,0.0,1114.1,88.41037608832241
120,vax_enh_ops,280.1,127.18,8372.84,1114.1,88.58450767435598
120,incremental_ring_vax,280.1,127.18,8372.84,129.12,1.5024783147459708
120,no_vax_ring1_base_ops,2868.86,1306.28,0.0,1114.1,-17.249798043263628
120,no_vax_ring1_enh_ops,328.26,149.9,0.0,1306.28,88.52466546222861
120,ring1_vax_base_ops,2786.32,1261.8,3849.88,1306.28,3.4050892611078805
120,ring1_vax_enh_ops,310.64,140.66,3478.96,1306.28,89.23201763787242
120,comm_base_20,1335.62,587.0,20000.0,1114.1,47.31173144241989
120,comm_base_40,777.6,328.76,40000.0,1114.1,70.49097926577505
120,comm_base_60,471.48,189.3,60000.0,1114.1,83.00870657930169
120,comm_base_80,321.74,121.76,80000.0,1114.1,89.07099901265595
121,no_vax_base_ops,2050.52,926.32,0.0,926.32,0.0
121,vax_base_ops,1876.3,840.12,7635.34,926.32,9.305639519820367
121,no_vax_enh_ops,303.52,137.4,0.0,926.32,85.16711287675965
121,vax_enh_ops,294.94,133.38,8277.86,926.32,85.60108817687191
121,incremental_ring_vax,294.94,133.38,8277.86,137.4,2.9257641921397455
121,no_vax_ring1_base_ops,2300.4,1037.12,0.0,926.32,-11.961309266776041
121,no_vax_ring1_enh_ops,372.34,167.88,0.0,1037.12,83.81286639925948
121,ring1_vax_base_ops,2241.04,1006.94,2125.88,1037.12,2.9099814871952945
121,ring1_vax_enh_ops,340.46,149.76,4416.38,1037.12,85.5600123418698
121,comm_base_20,1015.14,447.64,20000.0,926.32,51.67544692978669
121,comm_base_40,543.06,229.68,40000.0,926.32,75.20511270403317
121,comm_base_60,318.88,130.02,60000.0,926.32,85.96381380084635
121,comm_base_80,215.86,82.2,80000.0,926.32,91.12617669919682
122,no_vax_base_ops,3300.22,1497.84,0.0,1497.84,0.0
122,vax_base_ops,3002.06,1353.6,7895.54,1497.84,9.62986700849223
122,no_vax_enh_ops,347.6,156.62,0.0,1497.84,89.54360946429524
122,vax_enh_ops,330.64,148.36,8321.78,1497.84,90.09507023447098
122,incremental_ring_vax,330.64,148.36,8321.78,156.62,5.273911377857228
122,no_vax_ring1_base_ops,4295.04,1948.0,0.0,1497.84,-30.05394434652567
122,no_vax_ring1_enh_ops,446.32,200.94,0.0,1948.0,89.68480492813141
122,ring1_vax_base_ops,3773.14,1702.64,4644.5,1948.0,12.595482546201227
122,ring1_vax_enh_ops,401.46,178.18,4978.96,1948.0,90.85318275154005
122,comm_base_20,1482.32,653.22,20000.0,1497.84,56.389200448646044
122,comm_base_40,667.78,282.24,40000.0,1497.84,81.1568658868771
122,comm_base_60,378.84,151.88,60000.0,1497.84,89.86006516049778
122,comm_base_80,256.12,96.1,80000.0,1497.84,93.58409442931155
124,no_vax_base_ops,2108.42,957.6,0.0,957.6,0.0
124,vax_base_ops,1927.86,867.96,7895.24,957.6,9.360902255639095
124,no_vax_enh_ops,310.54,142.3,0.0,957.6,85.13993316624895
124,vax_enh_ops,303.08,138.4,8339.68,957.6,85.54720133667502
124,incremental_ring_vax,303.08,138.4,8339.68,142.3,2.740688685874916
124,no_vax_ring1_base_ops,2365.98,1076.1,0.0,957.6,-12.374686716791969
124,no_vax_ring1_enh_ops,381.14,174.46,0.0,1076.1,83.7877520676517
124,ring1_vax_base_ops,2278.12,1031.62,3297.66,1076.1,4.133444847133168
124,ring1_vax_enh_ops,357.04,161.12,3988.58,1076.1,85.02741380912553
124,comm_base_20,1110.72,492.98,20000.0,957.6,48.51921470342523
124,comm_base_40,625.56,268.46,40000.0,957.6,71.96532999164579
124,comm_base_60,382.68,156.12,60000.0,957.6,83.69674185463658
124,comm_base_80,264.28,101.84,80000.0,957.6,89.36507936507937
123,no_vax_base_ops,3298.02,1494.3,0.0,1494.3,0.0
123,vax_base_ops,2946.64,1325.5,7845.8,1494.3,11.296259117981661
123,no_vax_enh_ops,441.64,201.54,0.0,1494.3,86.51274844408753
123,vax_enh_ops,422.1,191.48,8250.4,1494.3,87.1859733654554
123,incremental_ring_vax,422.1,191.48,8250.4,201.54,4.99156494988588
123,no_vax_ring1_base_ops,3954.26,1794.42,0.0,1494.3,-20.084320417586838
123,no_vax_ring1_enh_ops,724.26,329.12,0.0,1794.42,81.65869751786094
123,ring1_vax_base_ops,3759.3,1697.12,4113.54,1794.42,5.422364886704349
123,ring1_vax_enh_ops,660.34,296.24,6443.14,1794.42,83.49104446004837
123,comm_base_20,1524.2,671.86,20000.0,1494.3,55.038479555644784
123,comm_base_40,748.94,320.12,40000.0,1494.3,78.57726025563808
123,comm_base_60,423.58,173.02,60000.0,1494.3,88.4213344040688
123,comm_base_80,278.1,106.16,80000.0,1494.3,92.89567021347789
126,no_vax_base_ops,1511.4,688.92,0.0,688.92,0.0
126,vax_base_ops,1446.92,654.64,7755.5,688.92,4.975904313998719
126,no_vax_enh_ops,363.82,165.54,0.0,688.92,75.97108517679847
126,vax_enh_ops,363.14,164.88,8171.46,688.92,76.06688730186379
126,incremental_ring_vax,363.14,164.88,8171.46,165.54,0.39869517941282867
126,no_vax_ring1_base_ops,1664.78,757.64,0.0,688.92,-9.975033385589043
126,no_vax_ring1_enh_ops,471.68,215.46,0.0,757.64,71.56169156855498
126,ring1_vax_base_ops,1633.82,742.22,2095.58,757.64,2.035267409323684
126,ring1_vax_enh_ops,443.26,199.64,4003.16,757.64,73.64975450081833
126,comm_base_20,1006.66,447.52,20000.0,688.92,35.040353016315386
126,comm_base_40,645.64,275.3,40000.0,688.92,60.03890146896591
126,comm_base_60,433.28,176.74,60000.0,688.92,74.34535214538698
126,comm_base_80,330.52,127.5,80000.0,688.92,81.49277129419961
127,no_vax_base_ops,2393.38,1089.98,0.0,1089.98,0.0
127,vax_base_ops,2127.34,961.18,7967.68,1089.98,11.816730582212523
127,no_vax_enh_ops,300.94,135.46,0.0,1089.98,87.57224903209233
127,vax_enh_ops,293.1,131.62,8360.16,1089.98,87.92454907429494
127,incremental_ring_vax,293.1,131.62,8360.16,135.46,2.8347851764358505
127,no_vax_ring1_base_ops,2768.02,1260.9,0.0,1089.98,-15.681021670122394
127,no_vax_ring1_enh_ops,363.68,164.48,0.0,1260.9,86.95534935363628
127,ring1_vax_base_ops,2658.52,1205.1,3532.7,1260.9,4.42541042112778
127,ring1_vax_enh_ops,344.28,153.36,4313.28,1260.9,87.8372591006424
127,comm_base_20,1202.26,530.44,20000.0,1089.98,51.334886878658324
127,comm_base_40,667.7,283.08,40000.0,1089.98,74.02888126387641
127,comm_base_60,396.98,160.8,60000.0,1089.98,85.24743573276574
127,comm_base_80,271.42,102.88,80000.0,1089.98,90.56129470265509
128,no_vax_base_ops,3002.4,1368.74,0.0,1368.74,0.0
128,vax_base_ops,2725.24,1233.1,7868.7,1368.74,9.909844090185143
128,no_vax_enh_ops,339.32,153.0,0.0,1368.74,88.8218361412686
128,vax_enh_ops,332.66,149.2,8282.9,1368.74,89.09946374037436
128,incremental_ring_vax,332.66,149.2,8282.9,153.0,2.483660130718962
128,no_vax_ring1_base_ops,3598.72,1637.12,0.0,1368.74,-19.607814486315874
128,no_vax_ring1_enh_ops,429.1,194.46,0.0,1637.12,88.12182369038312
128,ring1_vax_base_ops,3386.4,1534.42,3777.28,1637.12,6.2732114933541725
128,ring1_vax_enh_ops,395.54,176.28,4484.88,1637.12,89.23231039874904
128,comm_base_20,1357.08,598.26,20000.0,1368.74,56.29118751552523
128,comm_base_40,672.62,285.88,40000.0,1368.74,79.11363735990766
128,comm_base_60,390.14,156.14,60000.0,1368.74,88.59242807253385
128,comm_base_80,251.58,94.72,80000.0,1368.74,93.07976679281676
125,no_vax_base_ops,3844.8,1740.76,0.0,1740.76,0.0
125,vax_base_ops,3551.52,1592.2,7955.88,1740.76,8.534203451366066
125,no_vax_enh_ops,481.9,215.54,0.0,1740.76,87.6180518853834
125,vax_enh_ops,473.88,210.86,8304.64,1740.76,87.88689997472369
125,incremental_ring_vax,473.88,210.86,8304.64,215.54,2.1712907117008347
125,no_vax_ring1_base_ops,4725.58,2141.04,0.0,1740.76,-22.994554102805672
125,no_vax_ring1_enh_ops,837.94,375.34,0.0,2141.04,82.46926727197997
125,ring1_vax_base_ops,4723.94,2127.3,4608.96,2141.04,0.6417441990808104
125,ring1_vax_enh_ops,800.96,355.3,7327.36,2141.04,83.4052609946568
125,comm_base_20,2152.74,936.1,20000.0,1740.76,46.22463751464878
125,comm_base_40,1259.32,524.76,40000.0,1740.76,69.85454629012615
125,comm_base_60,765.28,303.58,60000.0,1740.76,82.56049082010156
125,comm_base_80,512.72,190.62,80000.0,1740.76,89.04961051494749
129,no_vax_base_ops,2462.8,1121.94,0.0,1121.94,0.0
129,vax_base_ops,2184.52,987.12,7901.58,1121.94,12.01668538424515
129,no_vax_enh_ops,273.4,124.68,0.0,1121.94,88.88710626236697
129,vax_enh_ops,267.04,121.26,8319.9,1121.94,89.19193539761484
129,incremental_ring_vax,267.04,121.26,8319.9,124.68,2.743022136669876
129,no_vax_ring1_base_ops,2892.3,1315.4,0.0,1121.94,-17.243346346506947
129,no_vax_ring1_enh_ops,347.56,157.24,0.0,1315.4,88.04622168161777
129,ring1_vax_base_ops,2798.86,1266.6,4003.44,1315.4,3.709898129846448
129,ring1_vax_enh_ops,314.92,141.28,4929.66,1315.4,89.25954082408393
129,comm_base_20,1163.28,517.7,20000.0,1121.94,53.85671248016828
129,comm_base_40,586.02,251.7,40000.0,1121.94,77.5656452216696
129,comm_base_60,341.62,139.26,60000.0,1121.94,87.58757152788918
129,comm_base_80,233.58,90.76,80000.0,1121.94,91.91044084353886
131,no_vax_base_ops,1783.6,811.44,0.0,811.44,0.0
131,vax_base_ops,1670.52,754.52,7277.62,811.44,7.0146899339446005
131,no_vax_enh_ops,363.6,164.48,0.0,811.44,79.72986295967662
131,vax_enh_ops,350.02,157.7,8191.46,811.44,80.56541457162575
131,incremental_ring_vax,350.02,157.7,8191.46,164.48,4.122081712062258
131,no_vax_ring1_base_ops,1894.1,862.4,0.0,811.44,-6.280193236714966
131,no_vax_ring1_enh_ops,483.66,218.8,0.0,862.4,74.62894248608534
131,ring1_vax_base_ops,1894.08,859.82,1364.6,862.4,0.2991651205936836
131,ring1_vax_enh_ops,464.5,207.44,4480.26,862.4,75.94619666048237
131,comm_base_20,968.44,425.2,20000.0,811.44,47.59932958690723
131,comm_base_40,581.5,246.3,40000.0,811.44,69.64655427388347
131,comm_base_60,369.48,148.12,60000.0,811.44,81.74603174603175
131,comm_base_80,256.68,97.22,80000.0,811.44,88.01883072069407
132,no_vax_base_ops,2562.74,1157.22,0.0,1157.22,0.0
132,vax_base_ops,2288.58,1026.04,7750.66,1157.22,11.335787490710501
132,no_vax_enh_ops,340.36,152.98,0.0,1157.22,86.78038748034082
132,vax_enh_ops,334.44,150.02,8218.78,1157.22,87.0361728971155
132,incremental_ring_vax,334.44,150.02,8218.78,152.98,1.934893450124186
132,no_vax_ring1_base_ops,2989.66,1349.72,0.0,1157.22,-16.63469348956983
132,no_vax_ring1_enh_ops,477.34,215.88,0.0,1349.72,84.00557152594614
132,ring1_vax_base_ops,2856.18,1284.9,3240.56,1349.72,4.802477550899441
132,ring1_vax_enh_ops,453.32,201.3,5569.48,1349.72,85.08579557241502
132,comm_base_20,1182.28,518.54,20000.0,1157.22,55.19088850866733
132,comm_base_40,591.58,252.04,40000.0,1157.22,78.22021741760426
132,comm_base_60,346.58,139.6,60000.0,1157.22,87.9366066953561
132,comm_base_80,235.28,88.32,80000.0,1157.22,92.36791621299322
133,no_vax_base_ops,1993.96,905.78,0.0,905.78,0.0
133,vax_base_ops,1866.1,839.08,7838.84,905.78,7.363819028903258
133,no_vax_enh_ops,266.76,120.32,0.0,905.78,86.71642120603238
133,vax_enh_ops,266.26,119.56,8311.88,905.78,86.8003267901698
133,incremental_ring_vax,266.26,119.56,8311.88,120.32,0.6316489361702052
133,no_vax_ring1_base_ops,2323.24,1055.28,0.0,905.78,-16.50511161650732
133,no_vax_ring1_enh_ops,332.22,150.94,0.0,1055.28,85.6966871351679
133,ring1_vax_base_ops,2263.08,1023.42,3178.76,1055.28,3.0191039345007975
133,ring1_vax_enh_ops,309.92,138.14,4255.22,1055.28,86.90963535744068
133,comm_base_20,1211.26,532.2,20000.0,905.78,41.24401068692176
133,comm_base_40,759.72,319.38,40000.0,905.78,64.73978228708958
133,comm_base_60,490.2,195.76,60000.0,905.78,78.38768795954869
133,comm_base_80,328.7,123.58,80000.0,905.78,86.35651041091656
130,no_vax_base_ops,2636.3,1196.24,0.0,1196.24,0.0
130,vax_base_ops,2485.36,1119.38,7812.44,1196.24,6.425132080518951
130,no_vax_enh_ops,358.88,164.88,0.0,1196.24,86.21681267972983
130,vax_enh_ops,353.6,161.64,8261.32,1196.24,86.48766133886176
130,incremental_ring_vax,353.6,161.64,8261.32,164.88,1.9650655021834116
130,no_vax_ring1_base_ops,3125.9,1418.06,0.0,1196.24,-18.543101718718646
130,no_vax_ring1_enh_ops,542.96,249.16,0.0,1418.06,82.42951638153534
130,ring1_vax_base_ops,3023.42,1365.6,3819.94,1418.06,3.699420334823635
130,ring1_vax_enh_ops,526.36,238.92,6865.66,1418.06,83.15162969126834
130,comm_base_20,1585.66,698.1,20000.0,1196.24,41.642145388885176
130,comm_base_40,1030.02,437.54,40000.0,1196.24,63.423727680064204
130,comm_base_60,673.2,273.8,60000.0,1196.24,77.11161639804722
130,comm_base_80,462.78,179.96,80000.0,1196.24,84.95619608105397
134,no_vax_base_ops,2314.06,1042.1,0.0,1042.1,0.0
134,vax_base_ops,2120.44,945.48,7984.6,1042.1,9.271662988196901
134,no_vax_enh_ops,409.82,184.16,0.0,1042.1,82.32799155551291
134,vax_enh_ops,404.06,180.42,8291.02,1042.1,82.68688225698111
134,incremental_ring_vax,404.06,180.42,8291.02,184.16,2.030842745438754
134,no_vax_ring1_base_ops,2568.72,1157.56,0.0,1042.1,-11.079550906822766
134,no_vax_ring1_enh_ops,667.78,300.9,0.0,1157.56,74.00566709285049
134,ring1_vax_base_ops,2499.96,1120.96,3265.74,1157.56,3.161823145236524
134,ring1_vax_enh_ops,623.06,277.54,6582.9,1157.56,76.02370503472822
134,comm_base_20,1324.36,577.96,20000.0,1042.1,44.53891181268591
134,comm_base_40,779.98,327.94,40000.0,1042.1,68.53085116591497
134,comm_base_60,497.66,198.06,60000.0,1042.1,80.99414643508301
134,comm_base_80,345.16,129.4,80000.0,1042.1,87.58276556952309
135,no_vax_base_ops,2569.58,1168.5,0.0,1168.5,0.0
135,vax_base_ops,2330.54,1050.38,7830.9,1168.5,10.108686350021385
135,no_vax_enh_ops,445.02,202.64,0.0,1168.5,82.65810868635002
135,vax_enh_ops,431.3,195.58,8298.2,1168.5,83.26230209670518
135,incremental_ring_vax,431.3,195.58,8298.2,202.64,3.4840110540860514
135,no_vax_ring1_base_ops,3010.48,1371.62,0.0,1168.5,-17.382969619169867
135,no_vax_ring1_enh_ops,698.96,318.9,0.0,1371.62,76.75012029570873
135,ring1_vax_base_ops,2854.96,1292.34,3290.88,1371.62,5.780026537962408
135,ring1_vax_enh_ops,649.84,292.68,6406.88,1371.62,78.66172846706813
135,comm_base_20,1406.5,619.14,20000.0,1168.5,47.01412066752246
135,comm_base_40,832.9,353.18,40000.0,1168.5,69.77492511767223
135,comm_base_60,487.04,196.36,60000.0,1168.5,83.19554985023534
135,comm_base_80,334.54,126.76,80000.0,1168.5,89.15190415062045
136,no_vax_base_ops,2221.48,1006.42,0.0,1006.42,0.0
136,vax_base_ops,1973.6,887.96,8023.58,1006.42,11.770433814908282
136,no_vax_enh_ops,390.02,177.16,0.0,1006.42,82.39701118817194
136,vax_enh_ops,382.38,172.8,8268.08,1006.42,82.83022992388862
136,incremental_ring_vax,382.38,172.8,8268.08,177.16,2.461052156242936
136,no_vax_ring1_base_ops,2607.52,1181.24,0.0,1006.42,-17.37048150871406
136,no_vax_ring1_enh_ops,566.22,257.32,0.0,1181.24,78.21611188242863
136,ring1_vax_base_ops,2434.04,1097.02,4313.04,1181.24,7.129795807795201
136,ring1_vax_enh_ops,524.12,234.96,6336.22,1181.24,80.10903796010972
136,comm_base_20,1071.24,472.24,20000.0,1006.42,53.07724409292343
136,comm_base_40,529.28,226.4,40000.0,1006.42,77.50442161324298
136,comm_base_60,323.0,132.26,60000.0,1006.42,86.85836926929116
136,comm_base_80,216.66,83.34,80000.0,1006.42,91.71916297370879
137,no_vax_base_ops,3184.58,1443.34,0.0,1443.34,0.0
137,vax_base_ops,2853.72,1282.36,7897.14,1443.34,11.153297213407793
137,no_vax_enh_ops,367.28,164.64,0.0,1443.34,88.59312428118115
137,vax_enh_ops,363.04,162.38,8407.68,1443.34,88.74970554408524
137,incremental_ring_vax,363.04,162.38,8407.68,164.64,1.3726919339164183
137,no_vax_ring1_base_ops,3828.34,1735.5,0.0,1443.34,-20.241938836310233
137,no_vax_ring1_enh_ops,502.14,226.24,0.0,1735.5,86.96398732353788
137,ring1_vax_base_ops,3712.24,1675.52,3674.64,1735.5,3.456064534716221
137,ring1_vax_enh_ops,466.68,207.26,5720.38,1735.5,88.05762028233939
137,comm_base_20,1453.68,640.84,20000.0,1443.34,55.60020507988415
137,comm_base_40,725.46,307.76,40000.0,1443.34,78.67723474718362
137,comm_base_60,412.76,166.92,60000.0,1443.34,88.43515734338409
137,comm_base_80,283.26,107.68,80000.0,1443.34,92.53952637632159
138,no_vax_base_ops,2728.78,1234.18,0.0,1234.18,0.0
138,vax_base_ops,2463.22,1104.76,7826.84,1234.18,10.4863148001102
138,no_vax_enh_ops,329.88,146.28,0.0,1234.18,88.14759597465525
138,vax_enh_ops,321.08,141.94,8260.94,1234.18,88.49924646323875
138,incremental_ring_vax,321.08,141.94,8260.94,146.28,2.9669127700300817
138,no_vax_ring1_base_ops,3256.24,1475.1,0.0,1234.18,-19.520653389294903
138,no_vax_ring1_enh_ops,489.74,219.68,0.0,1475.1,85.10745034234967
138,ring1_vax_base_ops,3072.14,1385.78,3570.48,1475.1,6.055182699477997
138,ring1_vax_enh_ops,455.12,200.74,5860.86,1475.1,86.39143108941767
138,comm_base_20,1276.84,560.2,20000.0,1234.18,54.60953831693918
138,comm_base_40,655.96,276.54,40000.0,1234.18,77.59321978965792
138,comm_base_60,371.84,147.66,60000.0,1234.18,88.03578084234066
138,comm_base_80,245.72,89.58,80000.0,1234.18,92.74173945453663
141,no_vax_base_ops,1824.74,832.88,0.0,832.88,0.0
141,vax_base_ops,1675.94,759.08,7973.62,832.88,8.860820286235707
141,no_vax_enh_ops,313.58,143.16,0.0,832.88,82.8114494284891
141,vax_enh_ops,306.86,139.28,8333.14,832.88,83.2773028527519
141,incremental_ring_vax,306.86,139.28,8333.14,143.16,2.7102542609667473
141,no_vax_ring1_base_ops,2060.46,940.88,0.0,832.88,-12.967054077418116
141,no_vax_ring1_enh_ops,396.42,181.7,0.0,940.88,80.68829181192075
141,ring1_vax_base_ops,2021.42,915.4,3374.62,940.88,2.7081030524615275
141,ring1_vax_enh_ops,367.28,164.92,4261.16,940.88,82.47172859450727
141,comm_base_20,1069.22,472.82,20000.0,832.88,43.23071751032562
141,comm_base_40,636.74,269.84,40000.0,832.88,67.60157525693978
141,comm_base_60,416.38,168.68,60000.0,832.88,79.74738257612141
141,comm_base_80,285.46,108.16,80000.0,832.88,87.01373547209683
139,no_vax_base_ops,4028.6,1836.78,0.0,1836.78,0.0
139,vax_base_ops,3694.96,1668.5,7814.96,1836.78,9.161685122878078
139,no_vax_enh_ops,344.56,156.12,0.0,1836.78,91.50034299153954
139,vax_enh_ops,336.6,152.36,8348.22,1836.78,91.70504905323446
139,incremental_ring_vax,336.6,152.36,8348.22,156.12,2.4084037919549006
139,no_vax_ring1_base_ops,5179.86,2361.22,0.0,1836.78,-28.552140158320533
139,no_vax_ring1_enh_ops,455.22,206.0,0.0,2361.22,91.27569646199845
139,ring1_vax_base_ops,4982.3,2261.56,4419.18,2361.22,4.220699468918604
139,ring1_vax_enh_ops,430.32,192.32,6119.64,2361.22,91.85505797850263
139,comm_base_20,1992.88,877.5,20000.0,1836.78,52.226178420932285
139,comm_base_40,988.18,418.48,40000.0,1836.78,77.21665087816723
139,comm_base_60,583.24,232.08,60000.0,1836.78,87.36484500048999
139,comm_base_80,376.22,140.66,80000.0,1836.78,92.34203334095537
140,no_vax_base_ops,4073.14,1855.2,0.0,1855.2,0.0
140,vax_base_ops,3705.76,1670.9,7853.92,1855.2,9.934238896075893
140,no_vax_enh_ops,407.88,183.38,0.0,1855.2,90.1153514445882
140,vax_enh_ops,388.16,174.16,8373.42,1855.2,90.61233290211298
140,incremental_ring_vax,388.16,174.16,8373.42,183.38,5.027811102628421
140,no_vax_ring1_base_ops,4968.3,2259.8,0.0,1855.2,-21.808969383354903
140,no_vax_ring1_enh_ops,562.54,253.28,0.0,2259.8,88.79192848924684
140,ring1_vax_base_ops,4727.72,2141.38,4211.02,2259.8,5.240286751039918
140,ring1_vax_enh_ops,542.04,242.04,6013.16,2259.8,89.2893176387291
140,comm_base_20,2354.44,1039.22,20000.0,1855.2,43.983398016386374
140,comm_base_40,1468.42,620.92,40000.0,1855.2,66.53083225528246
140,comm_base_60,937.66,380.06,60000.0,1855.2,79.51379905131522
140,comm_base_80,635.04,243.18,80000.0,1855.2,86.89197930142302
142,no_vax_base_ops,2457.74,1122.14,0.0,1122.14,0.0
142,vax_base_ops,2247.5,1019.14,7850.6,1122.14,9.178890334539371
142,no_vax_enh_ops,355.3,162.24,0.0,1122.14,85.5419109914984
142,vax_enh_ops,346.14,157.48,8295.52,1122.14,85.96610048657031
142,incremental_ring_vax,346.14,157.48,8295.52,162.24,2.9339250493096762
142,no_vax_ring1_base_ops,2868.28,1311.42,0.0,1122.14,-16.867770509918543
142,no_vax_ring1_enh_ops,561.48,257.38,0.0,1311.42,80.37394579921
142,ring1_vax_base_ops,2705.44,1231.6,3228.44,1311.42,6.086532155983602
142,ring1_vax_enh_ops,527.28,238.04,6624.94,1311.42,81.84868310686127
142,comm_base_20,1400.94,617.86,20000.0,1122.14,44.93913415438359
142,comm_base_40,792.42,336.92,40000.0,1122.14,69.97522590764075
142,comm_base_60,513.3,207.96,60000.0,1122.14,81.4675530682446
142,comm_base_80,337.7,129.14,80000.0,1122.14,88.49163206017074
143,no_vax_base_ops,1815.44,822.68,0.0,822.68,0.0
143,vax_base_ops,1615.9,725.02,7972.68,822.68,11.870958331307431
143,no_vax_enh_ops,386.7,176.24,0.0,822.68,78.57733262021685
143,vax_enh_ops,376.98,171.12,8229.86,822.68,79.19968882189916
143,incremental_ring_vax,376.98,171.12,8229.86,176.24,2.9051293690422177
143,no_vax_ring1_base_ops,1977.92,894.26,0.0,822.68,-8.70083142898819
143,no_vax_ring1_enh_ops,554.64,251.8,0.0,894.26,71.84264084270794
143,ring1_vax_base_ops,1921.5,865.46,3224.82,894.26,3.220539887728396
143,ring1_vax_enh_ops,536.96,240.7,5719.7,894.26,73.08389059110326
143,comm_base_20,950.36,419.22,20000.0,822.68,49.042154908348316
143,comm_base_40,542.98,229.66,40000.0,822.68,72.0839208440706
143,comm_base_60,348.66,141.38,60000.0,822.68,82.81470316526475
143,comm_base_80,242.72,91.96,80000.0,822.68,88.82189915884669
144,no_vax_base_ops,2230.56,1011.98,0.0,1011.98,0.0
144,vax_base_ops,2045.84,920.56,7682.82,1011.98,9.033775371054771
144,no_vax_enh_ops,360.06,164.38,0.0,1011.98,83.75659598015771
144,vax_enh_ops,348.34,157.54,8165.32,1011.98,84.43249866598154
144,incremental_ring_vax,348.34,157.54,8165.32,164.38,4.161090156953403
144,no_vax_ring1_base_ops,2553.82,1157.9,0.0,1011.98,-14.419257297575058
144,no_vax_ring1_enh_ops,575.84,262.72,0.0,1157.9,77.31064858796096
144,ring1_vax_base_ops,2478.42,1118.08,2692.76,1157.9,3.4389843682528856
144,ring1_vax_enh_ops,542.94,243.9,6811.7,1157.9,78.93600483634165
144,comm_base_20,1319.9,579.68,20000.0,1011.98,42.71823553825175
144,comm_base_40,772.16,324.06,40000.0,1011.98,67.97762801636397
144,comm_base_60,504.18,203.0,60000.0,1011.98,79.94031502598865
144,comm_base_80,330.72,125.7,80000.0,1011.98,87.57880590525504
145,no_vax_base_ops,2477.66,1125.3,0.0,1125.3,0.0
145,vax_base_ops,2224.72,1004.28,7860.78,1125.3,10.754465475873099
145,no_vax_enh_ops,556.02,252.34,0.0,1125.3,77.57575757575756
145,vax_enh_ops,541.08,244.42,8167.34,1125.3,78.27956989247312
145,incremental_ring_vax,541.08,244.42,8167.34,252.34,3.1386224934612095
145,no_vax_ring1_base_ops,2837.3,1289.52,0.0,1125.3,-14.593441748866972
145,no_vax_ring1_enh_ops,1113.5,506.66,0.0,1289.52,60.70941125379985
145,ring1_vax_base_ops,2739.56,1239.96,3378.46,1289.52,3.843290526707608
145,ring1_vax_enh_ops,990.5,445.1,7068.28,1289.52,65.48328060053353
145,comm_base_20,1228.0,542.38,20000.0,1125.3,51.80129743179596
145,comm_base_40,633.22,270.6,40000.0,1125.3,75.95307917888563
145,comm_base_60,383.2,154.54,60000.0,1125.3,86.26677330489647
145,comm_base_80,259.82,98.82,80000.0,1125.3,91.21834177552653
146,no_vax_base_ops,2009.74,917.28,0.0,917.28,0.0
146,vax_base_ops,1802.92,817.9,7883.12,917.28,10.83420547706262
146,no_vax_enh_ops,438.74,197.76,0.0,917.28,78.44060701203558
146,vax_enh_ops,438.46,196.74,8157.18,917.28,78.55180533751962
146,incremental_ring_vax,438.46,196.74,8157.18,197.76,0.515776699029117
146,no_vax_ring1_base_ops,2267.1,1031.32,0.0,917.28,-12.432408860980287
146,no_vax_ring1_enh_ops,758.76,345.24,0.0,1031.32,66.52445409766125
146,ring1_vax_base_ops,2145.66,973.74,2964.38,1031.32,5.583136174999024
146,ring1_vax_enh_ops,701.92,314.16,6527.24,1031.32,69.53806771903967
146,comm_base_20,968.16,432.5,20000.0,917.28,52.84972963544392
146,comm_base_40,506.48,215.3,40000.0,917.28,76.52843188557475
146,comm_base_60,306.54,122.82,60000.0,917.28,86.61041339612768
146,comm_base_80,203.22,77.5,80000.0,917.28,91.5511076225362
147,no_vax_base_ops,1869.52,841.9,0.0,841.9,0.0
147,vax_base_ops,1715.58,766.84,7996.28,841.9,8.91554816486518
147,no_vax_enh_ops,339.24,154.04,0.0,841.9,81.70329017698064
147,vax_enh_ops,327.4,148.26,8320.26,841.9,82.38983252167716
147,incremental_ring_vax,327.4,148.26,8320.26,154.04,3.7522721371072456
147,no_vax_ring1_base_ops,2039.28,917.7,0.0,841.9,-9.003444589618729
147,no_vax_ring1_enh_ops,460.66,208.78,0.0,917.7,77.24964585376485
147,ring1_vax_base_ops,1992.6,893.38,3066.28,917.7,2.6501035196687424
147,ring1_vax_enh_ops,438.04,195.7,6106.74,917.7,78.67494824016563
147,comm_base_20,1019.16,446.26,20000.0,841.9,46.99370471552441
147,comm_base_40,582.1,247.22,40000.0,841.9,70.63546739517757
147,comm_base_60,373.66,152.2,60000.0,841.9,81.92184344934078
147,comm_base_80,253.28,97.0,80000.0,841.9,88.4784416201449
148,no_vax_base_ops,2040.12,929.74,0.0,929.74,0.0
148,vax_base_ops,1866.88,841.12,7808.8,929.74,9.531697033579281
148,no_vax_enh_ops,351.38,161.2,0.0,929.74,82.66181943338998
148,vax_enh_ops,334.08,152.3,8214.94,929.74,83.61907630090133
148,incremental_ring_vax,334.08,152.3,8214.94,161.2,5.5210918114143785
148,no_vax_ring1_base_ops,2200.38,1002.9,0.0,929.74,-7.868866564846082
148,no_vax_ring1_enh_ops,552.14,253.48,0.0,1002.9,74.72529663974474
148,ring1_vax_base_ops,2194.42,997.1,2844.56,1002.9,0.5783228636952792
148,ring1_vax_enh_ops,523.6,236.1,6911.28,1002.9,76.45827101405924
148,comm_base_20,1327.86,582.96,20000.0,929.74,37.298599608492694
148,comm_base_40,855.44,362.46,40000.0,929.74,61.01490739346484
148,comm_base_60,578.44,236.12,60000.0,929.74,74.60365263406973
148,comm_base_80,409.26,158.1,80000.0,929.74,82.99524598274786
150,no_vax_base_ops,1840.64,835.86,0.0,835.86,0.0
150,vax_base_ops,1671.72,753.9,7686.48,835.86,9.80546981551935
150,no_vax_enh_ops,385.02,175.92,0.0,835.86,78.9534132510229
150,vax_enh_ops,371.72,169.06,8240.36,835.86,79.77412485344435
150,incremental_ring_vax,371.72,169.06,8240.36,175.92,3.899499772623912
150,no_vax_ring1_base_ops,2039.08,927.32,0.0,835.86,-10.942023783887258
150,no_vax_ring1_enh_ops,631.84,287.18,0.0,927.32,69.03118664538671
150,ring1_vax_base_ops,1971.36,892.92,1901.74,927.32,3.709614803951181
150,ring1_vax_enh_ops,575.08,258.32,6037.68,927.32,72.1433809256783
150,comm_base_20,903.4,400.12,20000.0,835.86,52.130739597540256
150,comm_base_40,488.66,209.22,40000.0,835.86,74.9694924987438
150,comm_base_60,311.14,126.32,60000.0,835.86,84.88742133850167
150,comm_base_80,214.46,81.76,80000.0,835.86,90.21845763644629
149,no_vax_base_ops,2561.22,1166.66,0.0,1166.66,0.0
149,vax_base_ops,2281.96,1028.8,8003.28,1166.66,11.816638952222593
149,no_vax_enh_ops,315.1,143.72,0.0,1166.66,87.6810724632712
149,vax_enh_ops,304.46,138.26,8399.82,1166.66,88.14907513757223
149,incremental_ring_vax,304.46,138.26,8399.82,143.72,3.7990537155580353
149,no_vax_ring1_base_ops,3086.96,1405.64,0.0,1166.66,-20.48411705209744
149,no_vax_ring1_enh_ops,394.78,180.44,0.0,1405.64,87.16314276770723
149,ring1_vax_base_ops,2902.14,1314.74,3774.48,1405.64,6.466805156370058
149,ring1_vax_enh_ops,361.82,163.46,4449.88,1405.64,88.37113343388064
149,comm_base_20,1288.84,568.62,20000.0,1166.66,51.26086434779628
149,comm_base_40,690.56,292.44,40000.0,1166.66,74.93357104897741
149,comm_base_60,418.66,170.34,60000.0,1166.66,85.39934513911507
149,comm_base_80,290.68,111.86,80000.0,1166.66,90.4119452111155
152,no_vax_base_ops,2011.72,915.34,0.0,915.34,0.0
152,vax_base_ops,1811.66,819.02,7953.44,915.34,10.522865820350914
152,no_vax_enh_ops,264.6,121.12,0.0,915.34,86.76775842856206
152,vax_enh_ops,256.26,117.0,8352.82,915.34,87.21786440011361
152,incremental_ring_vax,256.26,117.0,8352.82,121.12,3.401585204755618
152,no_vax_ring1_base_ops,2190.7,996.32,0.0,915.34,-8.846985819476917
152,no_vax_ring1_enh_ops,302.5,139.02,0.0,996.32,86.04665167817568
152,ring1_vax_base_ops,2113.56,956.24,3193.32,996.32,4.022803918419789
152,ring1_vax_enh_ops,279.96,125.92,3661.16,996.32,87.36149028424603
152,comm_base_20,1014.54,450.24,20000.0,915.34,50.81172023510389
152,comm_base_40,556.24,237.6,40000.0,915.34,74.04243232023073
152,comm_base_60,346.18,140.58,60000.0,915.34,84.64177245613651
152,comm_base_80,240.76,91.82,80000.0,915.34,89.96875477964471
151,no_vax_base_ops,2368.98,1072.6,0.0,1072.6,0.0
151,vax_base_ops,2158.7,969.34,7799.9,1072.6,9.627074398657458
151,no_vax_enh_ops,374.7,169.08,0.0,1072.6,84.23643483125116
151,vax_enh_ops,366.68,164.8,8207.94,1072.6,84.63546522468768
151,incremental_ring_vax,366.68,164.8,8207.94,169.08,2.531346108351077
151,no_vax_ring1_base_ops,2732.44,1235.56,0.0,1072.6,-15.192988998694766
151,no_vax_ring1_enh_ops,609.46,276.3,0.0,1235.56,77.6376703680922
151,ring1_vax_base_ops,2671.24,1203.72,3189.76,1235.56,2.5769691475929877
151,ring1_vax_enh_ops,581.9,260.74,6863.98,1235.56,78.89701835604909
151,comm_base_20,1415.8,623.1,20000.0,1072.6,41.90751445086704
151,comm_base_40,939.42,397.36,40000.0,1072.6,62.95357076263284
151,comm_base_60,610.74,246.72,60000.0,1072.6,76.99794890919262
151,comm_base_80,428.22,161.86,80000.0,1072.6,84.90956554167443
153,no_vax_base_ops,1969.38,893.24,0.0,893.24,0.0
153,vax_base_ops,1826.14,821.1,7520.82,893.24,8.07621691818548
153,no_vax_enh_ops,468.54,211.22,0.0,893.24,76.35349961936322
153,vax_enh_ops,445.34,199.64,8190.74,893.24,77.64990372128432
153,incremental_ring_vax,445.34,199.64,8190.74,211.22,5.482435375437938
153,no_vax_ring1_base_ops,2171.66,982.96,0.0,893.24,-10.044332990013887
153,no_vax_ring1_enh_ops,722.46,326.82,0.0,982.96,66.7514446162611
153,ring1_vax_base_ops,2113.32,953.16,1722.68,982.96,3.031659477496548
153,ring1_vax_enh_ops,670.34,298.18,5127.54,982.96,69.6650931879222
153,comm_base_20,994.02,435.7,20000.0,893.24,51.222515785231295
153,comm_base_40,527.94,224.22,40000.0,893.24,74.89812368456406
153,comm_base_60,328.04,131.56,60000.0,893.24,85.27159553983252
153,comm_base_80,233.06,87.38,80000.0,893.24,90.21763467824996
154,no_vax_base_ops,1593.08,722.4,0.0,722.4,0.0
154,vax_base_ops,1514.54,680.52,7860.88,722.4,5.79734219269103
154,no_vax_enh_ops,310.5,141.04,0.0,722.4,80.47619047619048
154,vax_enh_ops,303.68,137.34,8233.8,722.4,80.98837209302324
154,incremental_ring_vax,303.68,137.34,8233.8,141.04,2.6233692569483753
154,no_vax_ring1_base_ops,1805.92,818.74,0.0,722.4,-13.336101882613516
154,no_vax_ring1_enh_ops,440.64,199.72,0.0,818.74,75.60641962039232
154,ring1_vax_base_ops,1766.14,798.16,2387.08,818.74,2.513618486943357
154,ring1_vax_enh_ops,414.36,185.4,5258.64,818.74,77.3554486161663
154,comm_base_20,1036.56,455.92,20000.0,722.4,36.88815060908084
154,comm_base_40,661.12,279.96,40000.0,722.4,61.245847176079735
154,comm_base_60,474.16,191.56,60000.0,722.4,73.48283499446289
154,comm_base_80,333.94,128.36,80000.0,722.4,82.23145071982282
155,no_vax_base_ops,2569.02,1164.88,0.0,1164.88,0.0
155,vax_base_ops,2334.36,1050.12,7945.42,1164.88,9.851658539935462
155,no_vax_enh_ops,363.32,165.2,0.0,1164.88,85.81828171142091
155,vax_enh_ops,358.08,161.62,8248.78,1164.88,86.1256095048417
155,incremental_ring_vax,358.08,161.62,8248.78,165.2,2.167070217917666
155,no_vax_ring1_base_ops,3030.92,1375.14,0.0,1164.88,-18.04992788956802
155,no_vax_ring1_enh_ops,530.52,240.64,0.0,1375.14,82.50069083875096
155,ring1_vax_base_ops,2898.9,1308.1,4282.82,1375.14,4.8751399857469195
155,ring1_vax_enh_ops,499.22,223.72,5791.78,1375.14,83.73111101415128
155,comm_base_20,1235.5,545.44,20000.0,1164.88,53.176292837030424
155,comm_base_40,604.06,256.7,40000.0,1164.88,77.96339537119702
155,comm_base_60,354.18,143.54,60000.0,1164.88,87.677700707369
155,comm_base_80,239.6,90.34,80000.0,1164.88,92.24469473250464
159,no_vax_base_ops,1609.98,729.06,0.0,729.06,0.0
159,vax_base_ops,1556.86,698.32,7824.44,729.06,4.216388225934751
159,no_vax_enh_ops,280.18,126.2,0.0,729.06,82.69003922859572
159,vax_enh_ops,271.9,121.98,8208.26,729.06,83.26886675993745
159,incremental_ring_vax,271.9,121.98,8208.26,126.2,3.3438985736925506
159,no_vax_ring1_base_ops,1724.8,780.08,0.0,729.06,-6.998052286505925
159,no_vax_ring1_enh_ops,336.1,151.98,0.0,780.08,80.51738283252999
159,ring1_vax_base_ops,1711.84,772.12,2465.96,780.08,1.0204081632653108
159,ring1_vax_enh_ops,338.96,149.94,4955.86,780.08,80.77889447236181
159,comm_base_20,1072.36,468.38,20000.0,729.06,35.75563053795298
159,comm_base_40,699.92,294.8,40000.0,729.06,59.564370559350394
159,comm_base_60,507.68,202.82,60000.0,729.06,72.18061613584617
159,comm_base_80,346.86,131.34,80000.0,729.06,81.98502180890462
156,no_vax_base_ops,3326.06,1510.04,0.0,1510.04,0.0
156,vax_base_ops,2978.78,1345.5,7862.44,1510.04,10.89640009536171
156,no_vax_enh_ops,412.74,187.18,0.0,1510.04,87.60430187279808
156,vax_enh_ops,398.6,179.1,8344.26,1510.04,88.139387036105
156,incremental_ring_vax,398.6,179.1,8344.26,187.18,4.316700502190412
156,no_vax_ring1_base_ops,4032.04,1828.66,0.0,1510.04,-21.100103308521636
156,no_vax_ring1_enh_ops,624.58,283.36,0.0,1828.66,84.50450056325398
156,ring1_vax_base_ops,3817.6,1721.6,4368.82,1828.66,5.854560169741788
156,ring1_vax_enh_ops,586.22,261.98,6317.7,1828.66,85.67366268196383
156,comm_base_20,1771.32,782.06,20000.0,1510.04,48.20931895843819
156,comm_base_40,904.04,382.66,40000.0,1510.04,74.65894943180312
156,comm_base_60,553.82,221.12,60000.0,1510.04,85.35667929326375
156,comm_base_80,369.06,139.22,80000.0,1510.04,90.78037667876347
157,no_vax_base_ops,2688.98,1220.7,0.0,1220.7,0.0
157,vax_base_ops,2480.98,1115.4,7894.92,1220.7,8.62619808306709
157,no_vax_enh_ops,413.8,187.44,0.0,1220.7,84.64487589088228
157,vax_enh_ops,414.12,186.84,8269.08,1220.7,84.69402801671173
157,incremental_ring_vax,414.12,186.84,8269.08,187.44,0.3201024327784861
157,no_vax_ring1_base_ops,3212.54,1458.52,0.0,1220.7,-19.482264274596535
157,no_vax_ring1_enh_ops,702.72,318.2,0.0,1458.52,78.18336395798481
157,ring1_vax_base_ops,3081.98,1390.12,4082.38,1458.52,4.689685434550098
157,ring1_vax_enh_ops,688.0,308.82,7513.7,1458.52,78.82648163892165
157,comm_base_20,1457.38,640.7,20000.0,1220.7,47.51372163512738
157,comm_base_40,855.58,359.56,40000.0,1220.7,70.54476939460966
157,comm_base_60,509.02,204.32,60000.0,1220.7,83.26206275088065
157,comm_base_80,347.74,131.78,80000.0,1220.7,89.2045547636602
161,no_vax_base_ops,1471.76,664.56,0.0,664.56,0.0
161,vax_base_ops,1353.94,607.26,7682.84,664.56,8.62224629830263
161,no_vax_enh_ops,396.66,177.6,0.0,664.56,73.27555074033947
161,vax_enh_ops,386.44,172.06,8088.02,664.56,74.10918502467798
161,incremental_ring_vax,386.44,172.06,8088.02,177.6,3.119369369369365
161,no_vax_ring1_base_ops,1613.0,726.84,0.0,664.56,-9.37161430119178
161,no_vax_ring1_enh_ops,600.96,270.62,0.0,726.84,62.767596720048424
161,ring1_vax_base_ops,1558.84,702.4,2025.34,726.84,3.3625006879093133
161,ring1_vax_enh_ops,562.4,248.92,5283.4,726.84,65.75312310824941
161,comm_base_20,831.66,365.54,20000.0,664.56,44.99518478391717
161,comm_base_40,500.14,210.72,40000.0,664.56,68.29180209461899
161,comm_base_60,310.46,124.3,60000.0,664.56,81.29589502828941
161,comm_base_80,218.56,81.16,80000.0,664.56,87.78740820994342
160,no_vax_base_ops,2405.1,1090.98,0.0,1090.98,0.0
160,vax_base_ops,2261.02,1015.7,7811.88,1090.98,6.900218152486753
160,no_vax_enh_ops,422.84,191.66,0.0,1090.98,82.43230856660983
160,vax_enh_ops,414.4,187.02,8262.24,1090.98,82.85761425507341
160,incremental_ring_vax,414.4,187.02,8262.24,191.66,2.4209537723051167
160,no_vax_ring1_base_ops,2712.68,1229.48,0.0,1090.98,-12.695008157803075
160,no_vax_ring1_enh_ops,627.22,284.02,0.0,1229.48,76.89917688778996
160,ring1_vax_base_ops,2647.48,1194.3,3176.72,1229.48,2.861372287471131
160,ring1_vax_enh_ops,596.96,266.0,5532.54,1229.48,78.36483716693236
160,comm_base_20,1384.76,608.08,20000.0,1090.98,44.262956241177655
160,comm_base_40,820.4,346.18,40000.0,1090.98,68.26889585510276
160,comm_base_60,503.76,203.32,60000.0,1090.98,81.36354470292765
160,comm_base_80,351.66,133.58,80000.0,1090.98,87.75596252910228
158,no_vax_base_ops,3050.52,1388.74,0.0,1388.74,0.0
158,vax_base_ops,2875.98,1298.86,7959.7,1388.74,6.472053804167815
158,no_vax_enh_ops,483.26,219.72,0.0,1388.74,84.17846393133344
158,vax_enh_ops,466.56,211.2,8265.06,1388.74,84.79196969915175
158,incremental_ring_vax,466.56,211.2,8265.06,219.72,3.877662479519393
158,no_vax_ring1_base_ops,3653.2,1662.6,0.0,1388.74,-19.72003398764347
158,no_vax_ring1_enh_ops,827.56,376.38,0.0,1662.6,77.36196319018404
158,ring1_vax_base_ops,3598.66,1628.8,4504.36,1662.6,2.0329604234331744
158,ring1_vax_enh_ops,781.12,353.22,7636.92,1662.6,78.7549621075424
158,comm_base_20,1823.68,805.74,20000.0,1388.74,41.98050030963319
158,comm_base_40,1121.4,477.86,40000.0,1388.74,65.59039128994628
158,comm_base_60,757.48,307.42,60000.0,1388.74,77.86338695508158
158,comm_base_80,494.5,191.9,80000.0,1388.74,86.18171868024251
163,no_vax_base_ops,2169.34,984.4,0.0,984.4,0.0
163,vax_base_ops,1954.7,878.5,7631.88,984.4,10.757822023567654
163,no_vax_enh_ops,352.92,160.94,0.0,984.4,83.65095489638358
163,vax_enh_ops,340.12,153.94,8194.22,984.4,84.36204794798863
163,incremental_ring_vax,340.12,153.94,8194.22,160.94,4.349446998881571
163,no_vax_ring1_base_ops,2472.54,1122.22,0.0,984.4,-14.000406338886638
163,no_vax_ring1_enh_ops,477.96,217.38,0.0,1122.22,80.62946659300316
163,ring1_vax_base_ops,2392.82,1082.34,2457.4,1122.22,3.553670403307739
163,ring1_vax_enh_ops,446.08,199.64,4374.98,1122.22,82.21026180249862
163,comm_base_20,1201.92,528.44,20000.0,984.4,46.31856968711905
163,comm_base_40,679.94,288.12,40000.0,984.4,70.73140999593662
163,comm_base_60,418.12,166.4,60000.0,984.4,83.09630231613166
163,comm_base_80,287.26,107.44,80000.0,984.4,89.08573750507924
162,no_vax_base_ops,2763.26,1249.34,0.0,1249.34,0.0
162,vax_base_ops,2561.6,1148.46,7846.08,1249.34,8.074663422286958
162,no_vax_enh_ops,432.34,195.84,0.0,1249.34,84.32452334832793
162,vax_enh_ops,415.86,188.0,8186.24,1249.34,84.9520546848736
162,incremental_ring_vax,415.86,188.0,8186.24,195.84,4.003267973856211
162,no_vax_ring1_base_ops,3238.54,1464.18,0.0,1249.34,-17.196279635647635
162,no_vax_ring1_enh_ops,706.0,320.38,0.0,1464.18,78.11881052876014
162,ring1_vax_base_ops,3134.1,1410.82,3879.28,1464.18,3.644360666038337
162,ring1_vax_enh_ops,660.98,297.28,6771.84,1464.18,79.69648540479996
162,comm_base_20,1687.38,741.44,20000.0,1249.34,40.65346502953559
162,comm_base_40,1000.7,420.06,40000.0,1249.34,66.37744729217027
162,comm_base_60,661.58,266.18,60000.0,1249.34,78.69435061712583
162,comm_base_80,462.5,176.72,80000.0,1249.34,85.8549314037812
167,no_vax_base_ops,1392.14,630.68,0.0,630.68,0.0
167,vax_base_ops,1302.58,585.58,7881.64,630.68,7.1510116065199325
167,no_vax_enh_ops,334.78,151.88,0.0,630.68,75.918056700704
167,vax_enh_ops,328.6,148.54,8220.76,630.68,76.44764381302721
167,incremental_ring_vax,328.6,148.54,8220.76,151.88,2.199104556228604
167,no_vax_ring1_base_ops,1520.86,690.54,0.0,630.68,-9.49134267774466
167,no_vax_ring1_enh_ops,447.86,202.58,0.0,690.54,70.66353867987371
167,ring1_vax_base_ops,1477.7,669.1,2332.7,690.54,3.104816520404313
167,ring1_vax_enh_ops,415.4,186.18,4692.56,690.54,73.03849161525761
167,comm_base_20,860.3,376.64,20000.0,630.68,40.280332339696834
167,comm_base_40,560.06,234.36,40000.0,630.68,62.84010908860277
167,comm_base_60,380.48,152.34,60000.0,630.68,75.84511955349781
167,comm_base_80,269.08,102.6,80000.0,630.68,83.73184499270629
165,no_vax_base_ops,2305.7,1050.7,0.0,1050.7,0.0
165,vax_base_ops,2154.56,974.64,7926.46,1050.7,7.238983534786338
165,no_vax_enh_ops,429.44,193.68,0.0,1050.7,81.56657466450937
165,vax_enh_ops,413.68,185.76,8221.6,1050.7,82.32035785666697
165,incremental_ring_vax,413.68,185.76,8221.6,193.68,4.089219330855027
165,no_vax_ring1_base_ops,2692.84,1229.06,0.0,1050.7,-16.975349766822106
165,no_vax_ring1_enh_ops,766.48,347.44,0.0,1229.06,71.73124176199697
165,ring1_vax_base_ops,2544.64,1155.38,3262.12,1229.06,5.994825313654324
165,ring1_vax_enh_ops,703.94,315.48,7093.84,1229.06,74.33160301368525
165,comm_base_20,1082.88,478.08,20000.0,1050.7,54.498905491577055
165,comm_base_40,587.32,251.12,40000.0,1050.7,76.09974302845721
165,comm_base_60,356.9,143.42,60000.0,1050.7,86.35005234605502
165,comm_base_80,237.46,89.62,80000.0,1050.7,91.47044827258019
169,no_vax_base_ops,1350.18,611.44,0.0,611.44,0.0
169,vax_base_ops,1278.2,574.42,7816.36,611.44,6.054559727855569
169,no_vax_enh_ops,343.88,155.68,0.0,611.44,74.53879366740809
169,vax_enh_ops,335.52,151.6,8172.5,611.44,75.20607091456233
169,incremental_ring_vax,335.52,151.6,8172.5,155.68,2.620760534429607
169,no_vax_ring1_base_ops,1451.62,658.24,0.0,611.44,-7.654062540887078
169,no_vax_ring1_enh_ops,544.58,246.54,0.0,658.24,62.54557608167235
169,ring1_vax_base_ops,1411.14,638.14,2103.14,658.24,3.053597472046673
169,ring1_vax_enh_ops,519.18,231.98,5681.22,658.24,64.75753524550316
169,comm_base_20,867.78,381.44,20000.0,611.44,37.61611932487244
169,comm_base_40,569.2,240.24,40000.0,611.44,60.7091456234463
169,comm_base_60,409.4,165.9,60000.0,611.44,72.86732958262463
169,comm_base_80,286.72,110.28,80000.0,611.44,81.96388852544813
164,no_vax_base_ops,3088.04,1397.5,0.0,1397.5,0.0
164,vax_base_ops,2891.2,1296.6,7803.26,1397.5,7.22003577817532
164,no_vax_enh_ops,391.44,175.36,0.0,1397.5,87.45187835420393
164,vax_enh_ops,384.36,172.12,8323.68,1397.5,87.68372093023257
164,incremental_ring_vax,384.36,172.12,8323.68,175.36,1.8476277372262824
164,no_vax_ring1_base_ops,3725.98,1687.32,0.0,1397.5,-20.738461538461532
164,no_vax_ring1_enh_ops,541.54,243.42,0.0,1687.32,85.57357229215562
164,ring1_vax_base_ops,3658.46,1650.38,3469.0,1687.32,2.1892705592300112
164,ring1_vax_enh_ops,506.98,226.22,5061.3,1687.32,86.59294028400066
164,comm_base_20,1887.12,828.46,20000.0,1397.5,40.71842576028622
164,comm_base_40,1127.12,473.52,40000.0,1397.5,66.11663685152057
164,comm_base_60,708.2,282.5,60000.0,1397.5,79.78533094812164
164,comm_base_80,511.0,194.84,80000.0,1397.5,86.05796064400717
166,no_vax_base_ops,2187.64,987.48,0.0,987.48,0.0
166,vax_base_ops,2093.38,937.42,7922.64,987.48,5.069469761412895
166,no_vax_enh_ops,452.68,203.1,0.0,987.48,79.43249483533843
166,vax_enh_ops,448.12,199.96,8197.38,987.48,79.75047595900676
166,incremental_ring_vax,448.12,199.96,8197.38,203.1,1.546036435253563
166,no_vax_ring1_base_ops,2419.12,1091.78,0.0,987.48,-10.562239235225013
166,no_vax_ring1_enh_ops,789.66,354.26,0.0,1091.78,67.55207093004086
166,ring1_vax_base_ops,2378.74,1069.72,3697.66,1091.78,2.0205535913828743
166,ring1_vax_enh_ops,750.32,332.9,7024.7,1091.78,69.50850904028285
166,comm_base_20,1364.76,595.82,20000.0,987.48,39.66257544456597
166,comm_base_40,862.48,361.08,40000.0,987.48,63.434196135617945
166,comm_base_60,583.6,233.44,60000.0,987.48,76.36002754486167
166,comm_base_80,407.2,153.14,80000.0,987.48,84.49183780937335
168,no_vax_base_ops,2453.76,1111.1,0.0,1111.1,0.0
168,vax_base_ops,2208.46,992.02,7982.28,1111.1,10.717307173071726
168,no_vax_enh_ops,448.46,203.28,0.0,1111.1,81.70461704617047
168,vax_enh_ops,441.62,198.36,8311.9,1111.1,82.14742147421474
168,incremental_ring_vax,441.62,198.36,8311.9,203.28,2.420306965761505
168,no_vax_ring1_base_ops,2745.58,1243.3,0.0,1111.1,-11.898118981189816
168,no_vax_ring1_enh_ops,733.84,332.68,0.0,1243.3,73.2421780744792
168,ring1_vax_base_ops,2648.24,1192.34,3460.5,1243.3,4.0987694040054725
168,ring1_vax_enh_ops,701.54,312.34,6877.68,1243.3,74.87814686720824
168,comm_base_20,1269.4,558.54,20000.0,1111.1,49.730897308973084
168,comm_base_40,719.88,303.66,40000.0,1111.1,72.67032670326702
168,comm_base_60,450.14,181.06,60000.0,1111.1,83.70443704437045
168,comm_base_80,319.68,121.3,80000.0,1111.1,89.08289082890829
171,no_vax_base_ops,1997.18,905.0,0.0,905.0,0.0
171,vax_base_ops,1913.74,859.84,7902.86,905.0,4.990055248618781
171,no_vax_enh_ops,341.52,157.4,0.0,905.0,82.60773480662984
171,vax_enh_ops,336.32,154.22,8262.94,905.0,82.95911602209945
171,incremental_ring_vax,336.32,154.22,8262.94,157.4,2.020330368487933
171,no_vax_ring1_base_ops,2169.06,982.94,0.0,905.0,-8.612154696132603
171,no_vax_ring1_enh_ops,445.0,205.44,0.0,982.94,79.09943638472338
171,ring1_vax_base_ops,2120.8,957.94,2993.7,982.94,2.5433902374509123
171,ring1_vax_enh_ops,420.5,191.84,4756.9,982.94,80.48304067389667
171,comm_base_20,1149.04,505.04,20000.0,905.0,44.19447513812155
171,comm_base_40,749.22,317.72,40000.0,905.0,64.89281767955801
171,comm_base_60,484.34,198.92,60000.0,905.0,78.01988950276242
171,comm_base_80,340.3,132.7,80000.0,905.0,85.33701657458563
170,no_vax_base_ops,3465.16,1570.34,0.0,1570.34,0.0
170,vax_base_ops,3184.14,1428.86,7771.42,1570.34,9.00951386323981
170,no_vax_enh_ops,297.86,136.3,0.0,1570.34,91.32035100678834
170,vax_enh_ops,291.54,133.02,8309.2,1570.34,91.5292229708216
170,incremental_ring_vax,291.54,133.02,8309.2,136.3,2.4064563462949384
170,no_vax_ring1_base_ops,4142.3,1875.72,0.0,1570.34,-19.44674401721921
170,no_vax_ring1_enh_ops,374.52,172.08,0.0,1875.72,90.82592284562728
170,ring1_vax_base_ops,4041.64,1824.5,4125.06,1875.72,2.730684750389185
170,ring1_vax_enh_ops,372.2,169.36,5428.72,1875.72,90.97093382807668
170,comm_base_20,2048.46,900.84,20000.0,1570.34,42.63407924398537
170,comm_base_40,1271.64,537.78,40000.0,1570.34,65.75391316530178
170,comm_base_60,788.68,319.84,60000.0,1570.34,79.63243628768292
170,comm_base_80,520.92,202.42,80000.0,1570.34,87.1097978781665
172,no_vax_base_ops,2401.04,1091.96,0.0,1091.96,0.0
172,vax_base_ops,2182.14,986.22,7479.7,1091.96,9.68350489028902
172,no_vax_enh_ops,466.58,213.46,0.0,1091.96,80.45166489615004
172,vax_enh_ops,450.92,205.58,8133.2,1091.96,81.17330305139382
172,incremental_ring_vax,450.92,205.58,8133.2,213.46,3.6915581373559427
172,no_vax_ring1_base_ops,2702.24,1228.5,0.0,1091.96,-12.504121030074359
172,no_vax_ring1_enh_ops,903.16,413.24,0.0,1228.5,66.36223036223036
172,ring1_vax_base_ops,2639.68,1195.6,2116.2,1228.5,2.6780626780626853
172,ring1_vax_enh_ops,852.7,385.0,7033.9,1228.5,68.66096866096866
172,comm_base_20,1279.72,568.04,20000.0,1091.96,47.9797794791018
172,comm_base_40,649.56,279.5,40000.0,1091.96,74.403824315909
172,comm_base_60,382.96,155.66,60000.0,1091.96,85.7448990805524
172,comm_base_80,251.0,95.58,80000.0,1091.96,91.24693212205575
173,no_vax_base_ops,2121.48,954.2,0.0,954.2,0.0
173,vax_base_ops,1954.12,871.5,7887.08,954.2,8.66694613288619
173,no_vax_enh_ops,512.58,230.42,0.0,954.2,75.85202263676379
173,vax_enh_ops,490.68,219.36,8164.06,954.2,77.01110878222595
173,incremental_ring_vax,490.68,219.36,8164.06,230.42,4.799930561583184
173,no_vax_ring1_base_ops,2319.12,1042.42,0.0,954.2,-9.245441207294071
173,no_vax_ring1_enh_ops,971.76,436.76,0.0,1042.42,58.101341110109175
173,ring1_vax_base_ops,2278.66,1020.76,2967.52,1042.42,2.0778572936052724
173,ring1_vax_enh_ops,923.46,411.46,7161.18,1042.42,60.528385871337846
173,comm_base_20,1106.8,482.46,20000.0,954.2,49.438272898763366
173,comm_base_40,605.2,254.14,40000.0,954.2,73.36617061412701
173,comm_base_60,385.2,153.76,60000.0,954.2,83.88597778243555
173,comm_base_80,257.76,97.96,80000.0,954.2,89.73380842590652
174,no_vax_base_ops,2665.82,1209.78,0.0,1209.78,0.0
174,vax_base_ops,2390.44,1077.74,7695.38,1209.78,10.914381127147081
174,no_vax_enh_ops,328.06,148.84,0.0,1209.78,87.69693663310684
174,vax_enh_ops,321.34,144.82,8245.06,1209.78,88.02922845476037
174,incremental_ring_vax,321.34,144.82,8245.06,148.84,2.7008868583714123
174,no_vax_ring1_base_ops,3026.7,1372.64,0.0,1209.78,-13.46195175982411
174,no_vax_ring1_enh_ops,501.78,226.98,0.0,1372.64,83.46398181606249
174,ring1_vax_base_ops,2886.68,1305.8,2901.98,1372.64,4.869448653689251
174,ring1_vax_enh_ops,466.2,207.58,5871.58,1372.64,84.87731670357851
174,comm_base_20,1306.62,581.22,20000.0,1209.78,51.95655408421366
174,comm_base_40,642.74,275.4,40000.0,1209.78,77.2355304270198
174,comm_base_60,372.12,149.12,60000.0,1209.78,87.67379192911106
174,comm_base_80,244.02,92.64,80000.0,1209.78,92.34240936368595
175,no_vax_base_ops,2734.52,1240.02,0.0,1240.02,0.0
175,vax_base_ops,2507.02,1127.5,7887.4,1240.02,9.074047192787212
175,no_vax_enh_ops,366.7,166.08,0.0,1240.02,86.60666763439299
175,vax_enh_ops,358.48,161.52,8286.36,1240.02,86.974403638651
175,incremental_ring_vax,358.48,161.52,8286.36,166.08,2.7456647398843943
175,no_vax_ring1_base_ops,3243.6,1473.56,0.0,1240.02,-18.83356720052902
175,no_vax_ring1_enh_ops,575.58,261.36,0.0,1473.56,82.26336219767094
175,ring1_vax_base_ops,3093.04,1397.68,4025.18,1473.56,5.149434023724849
175,ring1_vax_enh_ops,530.28,237.12,6829.04,1473.56,83.90835799017346
175,comm_base_20,1346.5,593.54,20000.0,1240.02,52.1346429896292
175,comm_base_40,716.98,303.44,40000.0,1240.02,75.5294269447267
175,comm_base_60,440.34,177.2,60000.0,1240.02,85.70990790471122
175,comm_base_80,293.84,111.82,80000.0,1240.02,90.98240350962081
176,no_vax_base_ops,2781.06,1262.06,0.0,1262.06,0.0
176,vax_base_ops,2606.7,1173.68,7962.48,1262.06,7.002836632172788
176,no_vax_enh_ops,395.34,179.18,0.0,1262.06,85.80257673961617
176,vax_enh_ops,376.26,169.5,8383.68,1262.06,86.56957672376907
176,incremental_ring_vax,376.26,169.5,8383.68,179.18,5.402388659448603
176,no_vax_ring1_base_ops,3324.26,1510.14,0.0,1262.06,-19.656751659984483
176,no_vax_ring1_enh_ops,490.78,222.3,0.0,1510.14,85.27951050895943
176,ring1_vax_base_ops,3284.6,1484.4,3559.36,1510.14,1.7044777305415397
176,ring1_vax_enh_ops,464.42,207.1,4999.38,1510.14,86.28603970492803
176,comm_base_20,1523.02,667.54,20000.0,1262.06,47.107110596960524
176,comm_base_40,911.66,382.24,40000.0,1262.06,69.71300889022709
176,comm_base_60,550.48,220.34,60000.0,1262.06,82.54124209625533
176,comm_base_80,390.94,148.78,80000.0,1262.06,88.21133702042692
178,no_vax_base_ops,3027.38,1375.42,0.0,1375.42,0.0
178,vax_base_ops,2765.36,1245.14,7873.0,1375.42,9.472015820622062
178,no_vax_enh_ops,312.44,142.38,0.0,1375.42,89.64825289729681
178,vax_enh_ops,301.82,136.82,8370.28,1375.42,90.05249305666634
178,incremental_ring_vax,301.82,136.82,8370.28,142.38,3.9050428430959423
178,no_vax_ring1_base_ops,3592.14,1631.34,0.0,1375.42,-18.606680141338636
178,no_vax_ring1_enh_ops,374.34,169.9,0.0,1631.34,89.58524893645713
178,ring1_vax_base_ops,3459.12,1563.88,3883.76,1631.34,4.135250775436133
178,ring1_vax_enh_ops,353.92,158.58,4682.38,1631.34,90.27915701202693
178,comm_base_20,1521.94,670.52,20000.0,1375.42,51.249800061072264
178,comm_base_40,863.92,366.46,40000.0,1375.42,73.35650201393028
178,comm_base_60,530.18,213.96,60000.0,1375.42,84.44402437073767
178,comm_base_80,369.86,139.52,80000.0,1375.42,89.85618938215237
177,no_vax_base_ops,4546.2,2066.0,0.0,2066.0,0.0
177,vax_base_ops,4023.54,1812.88,7715.62,2066.0,12.251694094869308
177,no_vax_enh_ops,446.28,203.06,0.0,2066.0,90.17134559535334
177,vax_enh_ops,431.56,195.14,8303.44,2066.0,90.55469506292353
177,incremental_ring_vax,431.56,195.14,8303.44,203.06,3.9003250270855983
177,no_vax_ring1_base_ops,5827.14,2655.42,0.0,2066.0,-28.529525653436597
177,no_vax_ring1_enh_ops,780.26,355.28,0.0,2655.42,86.62057226352141
177,ring1_vax_base_ops,5459.02,2471.72,4203.74,2655.42,6.917926354399691
177,ring1_vax_enh_ops,749.64,336.9,7699.12,2655.42,87.31274148722235
177,comm_base_20,2168.04,954.2,20000.0,2066.0,53.814133591481124
177,comm_base_40,1060.62,449.1,40000.0,2066.0,78.26234269119071
177,comm_base_60,608.94,244.14,60000.0,2066.0,88.18296224588578
177,comm_base_80,394.78,148.3,80000.0,2066.0,92.82187802516941
179,no_vax_base_ops,2468.06,1118.16,0.0,1118.16,0.0
179,vax_base_ops,2173.74,976.58,8057.94,1118.16,12.661873077198257
179,no_vax_enh_ops,401.64,180.06,0.0,1118.16,83.89675896115047
179,vax_enh_ops,400.0,178.96,8297.86,1118.16,83.99513486442011
179,incremental_ring_vax,400.0,178.96,8297.86,180.06,0.6109074752860126
179,no_vax_ring1_base_ops,2824.8,1278.52,0.0,1118.16,-14.341418043929302
179,no_vax_ring1_enh_ops,657.8,295.92,0.0,1278.52,76.85448800175202
179,ring1_vax_base_ops,2663.98,1199.0,4179.92,1278.52,6.219691518318054
179,ring1_vax_enh_ops,634.42,283.02,7108.96,1278.52,77.86346713387354
179,comm_base_20,1213.92,532.9,20000.0,1118.16,52.341346497817845
179,comm_base_40,633.36,265.98,40000.0,1118.16,76.21270658939686
179,comm_base_60,368.8,148.64,60000.0,1118.16,86.70673248908922
179,comm_base_80,256.9,98.28,80000.0,1118.16,91.2105602060528
181,no_vax_base_ops,1744.16,789.7,0.0,789.7,0.0
181,vax_base_ops,1609.76,724.04,7849.76,789.7,8.314549829049016
181,no_vax_enh_ops,296.16,136.64,0.0,789.7,82.69722679498544
181,vax_enh_ops,292.12,134.02,8273.02,789.7,83.02899835380524
181,incremental_ring_vax,292.12,134.02,8273.02,136.64,1.9174473067915518
181,no_vax_ring1_base_ops,1931.4,874.96,0.0,789.7,-10.796505001899455
181,no_vax_ring1_enh_ops,387.0,176.88,0.0,874.96,79.7842187071409
181,ring1_vax_base_ops,1850.18,834.62,2333.46,874.96,4.610496479839082
181,ring1_vax_enh_ops,363.64,164.68,4817.46,874.96,81.17856816311603
181,comm_base_20,957.84,420.86,20000.0,789.7,46.70634418133468
181,comm_base_40,592.26,248.24,40000.0,789.7,68.56527795365328
181,comm_base_60,363.14,147.32,60000.0,789.7,81.34481448651388
181,comm_base_80,255.64,97.98,80000.0,789.7,87.59275674306699
183,no_vax_base_ops,1670.04,763.26,0.0,763.26,0.0
183,vax_base_ops,1565.26,707.16,7698.14,763.26,7.350051096611904
183,no_vax_enh_ops,376.54,172.84,0.0,763.26,77.35502974084845
183,vax_enh_ops,375.34,171.38,8091.98,763.26,77.54631449309541
183,incremental_ring_vax,375.34,171.38,8091.98,172.84,0.8447118722517981
183,no_vax_ring1_base_ops,1827.94,834.3,0.0,763.26,-9.307444383303194
183,no_vax_ring1_enh_ops,691.78,315.68,0.0,834.3,62.16229174157975
183,ring1_vax_base_ops,1821.2,828.28,2229.84,834.3,0.7215629869351531
183,ring1_vax_enh_ops,642.18,289.6,5872.48,834.3,65.2882656118902
183,comm_base_20,1013.72,449.04,20000.0,763.26,41.16814715824227
183,comm_base_40,632.44,268.62,40000.0,763.26,64.80622592563478
183,comm_base_60,400.56,163.26,60000.0,763.26,78.61017215627702
183,comm_base_80,279.74,107.14,80000.0,763.26,85.9628435919608
180,no_vax_base_ops,3728.98,1694.54,0.0,1694.54,0.0
180,vax_base_ops,3453.5,1554.44,7751.02,1694.54,8.267730475527276
180,no_vax_enh_ops,496.2,227.14,0.0,1694.54,86.5957723039881
180,vax_enh_ops,482.08,220.36,8281.54,1694.54,86.9958808880286
180,incremental_ring_vax,482.08,220.36,8281.54,227.14,2.9849432068327784
180,no_vax_ring1_base_ops,4421.12,2008.46,0.0,1694.54,-18.525381519468414
180,no_vax_ring1_enh_ops,918.98,417.94,0.0,2008.46,79.19102197703714
180,ring1_vax_base_ops,4275.04,1931.74,3595.7,2008.46,3.8198420680521408
180,ring1_vax_enh_ops,890.08,400.72,7427.88,2008.46,80.04839528793205
180,comm_base_20,2027.86,890.42,20000.0,1694.54,47.453586223989994
180,comm_base_40,1152.3,484.82,40000.0,1694.54,71.38928558782915
180,comm_base_60,681.44,273.9,60000.0,1694.54,83.83632136154945
180,comm_base_80,468.68,179.18,80000.0,1694.54,89.426038925018
182,no_vax_base_ops,2823.68,1279.74,0.0,1279.74,0.0
182,vax_base_ops,2677.42,1202.64,7842.16,1279.74,6.024661259318292
182,no_vax_enh_ops,404.86,183.54,0.0,1279.74,85.65802428618314
182,vax_enh_ops,404.88,183.14,8344.88,1279.74,85.689280635129
182,incremental_ring_vax,404.88,183.14,8344.88,183.54,0.21793614470960318
182,no_vax_ring1_base_ops,3287.66,1491.14,0.0,1279.74,-16.518980417897392
182,no_vax_ring1_enh_ops,602.16,272.2,0.0,1491.14,81.74551014659924
182,ring1_vax_base_ops,3233.48,1460.0,3250.9,1491.14,2.08833509931999
182,ring1_vax_enh_ops,578.02,258.66,6299.42,1491.14,82.65354024437679
182,comm_base_20,1643.7,722.64,20000.0,1279.74,43.53227999437386
182,comm_base_40,992.44,417.98,40000.0,1279.74,67.33867816900307
182,comm_base_60,654.18,263.04,60000.0,1279.74,79.44582493318956
182,comm_base_80,463.1,176.32,80000.0,1279.74,86.22220138465626
184,no_vax_base_ops,1755.16,794.86,0.0,794.86,0.0
184,vax_base_ops,1657.56,744.12,8076.02,794.86,6.383514077950835
184,no_vax_enh_ops,393.86,178.8,0.0,794.86,77.5054726618524
184,vax_enh_ops,388.16,175.52,8243.28,794.86,77.91812394635534
184,incremental_ring_vax,388.16,175.52,8243.28,178.8,1.8344519015659961
184,no_vax_ring1_base_ops,1889.94,855.02,0.0,794.86,-7.568628437712297
184,no_vax_ring1_enh_ops,673.22,305.12,0.0,855.02,64.31428504596384
184,ring1_vax_base_ops,1873.1,843.44,3262.28,855.02,1.3543542841103047
184,ring1_vax_enh_ops,631.54,282.8,6795.08,855.02,66.92475029823864
184,comm_base_20,1075.84,471.16,20000.0,794.86,40.724152680975266
184,comm_base_40,658.68,278.2,40000.0,794.86,65.00012580831846
184,comm_base_60,451.46,181.46,60000.0,794.86,77.170822534786
184,comm_base_80,322.5,124.48,80000.0,794.86,84.33938051983996
185,no_vax_base_ops,1633.98,741.98,0.0,741.98,0.0
185,vax_base_ops,1491.1,672.78,7629.5,741.98,9.32639693792286
185,no_vax_enh_ops,389.34,175.74,0.0,741.98,76.31472546429822
185,vax_enh_ops,374.52,168.5,8148.86,741.98,77.2904930052023
185,incremental_ring_vax,374.52,168.5,8148.86,175.74,4.119722317059297
185,no_vax_ring1_base_ops,1697.28,770.04,0.0,741.98,-3.7817730936143756
185,no_vax_ring1_enh_ops,582.62,263.78,0.0,770.04,65.74463664225236
185,ring1_vax_base_ops,1707.18,771.78,1916.02,770.04,-0.22596228767336882
185,ring1_vax_enh_ops,541.82,242.16,4100.94,770.04,68.5522829982858
185,comm_base_20,858.54,379.02,20000.0,741.98,48.91776058653872
185,comm_base_40,483.24,204.68,40000.0,741.98,72.41435079112644
185,comm_base_60,301.94,120.48,60000.0,741.98,83.76236556241408
185,comm_base_80,213.28,79.92,80000.0,741.98,89.22882018383244
187,no_vax_base_ops,1522.3,689.96,0.0,689.96,0.0
187,vax_base_ops,1391.82,624.5,7826.68,689.96,9.48750652211723
187,no_vax_enh_ops,320.6,147.04,0.0,689.96,78.6886196301235
187,vax_enh_ops,317.22,145.06,8169.44,689.96,78.97559278798772
187,incremental_ring_vax,317.22,145.06,8169.44,147.04,1.3465723612622347
187,no_vax_ring1_base_ops,1638.88,743.56,0.0,689.96,-7.768566293698171
187,no_vax_ring1_enh_ops,505.84,230.24,0.0,743.56,69.03545107321534
187,ring1_vax_base_ops,1618.92,731.82,2332.6,743.56,1.578890741836556
187,ring1_vax_enh_ops,462.26,206.56,5933.94,743.56,72.22013018451773
187,comm_base_20,809.26,356.46,20000.0,689.96,48.33613542814077
187,comm_base_40,430.76,184.08,40000.0,689.96,73.32019247492607
187,comm_base_60,275.98,112.88,60000.0,689.96,83.63963128297293
187,comm_base_80,184.36,70.82,80000.0,689.96,89.73563684851297
186,no_vax_base_ops,3625.16,1654.38,0.0,1654.38,0.0
186,vax_base_ops,3186.4,1441.84,7730.72,1654.38,12.847108886712856
186,no_vax_enh_ops,398.04,181.82,0.0,1654.38,89.00978009888902
186,vax_enh_ops,398.04,181.6,8229.98,1654.38,89.02307813198904
186,incremental_ring_vax,398.04,181.6,8229.98,181.82,0.12099879001209926
186,no_vax_ring1_base_ops,4328.92,1973.56,0.0,1654.38,-19.293028203919285
186,no_vax_ring1_enh_ops,596.64,271.86,0.0,1973.56,86.22489308660491
186,ring1_vax_base_ops,4080.44,1853.62,3725.94,1973.56,6.077342467419286
186,ring1_vax_enh_ops,542.04,243.2,5517.12,1973.56,87.67709114493606
186,comm_base_20,1638.12,728.86,20000.0,1654.38,55.94361633965595
186,comm_base_40,797.84,340.36,40000.0,1654.38,79.42673388217942
186,comm_base_60,418.0,170.76,60000.0,1654.38,89.67830849018968
186,comm_base_80,278.42,105.6,80000.0,1654.38,93.61694411199363
189,no_vax_base_ops,2708.78,1234.02,0.0,1234.02,0.0
189,vax_base_ops,2431.46,1101.84,7945.4,1234.02,10.71133368989158
189,no_vax_enh_ops,442.86,200.58,0.0,1234.02,83.74580638887538
189,vax_enh_ops,427.9,193.36,8218.38,1234.02,84.33088604722775
189,incremental_ring_vax,427.9,193.36,8218.38,200.58,3.599561272310299
189,no_vax_ring1_base_ops,3353.7,1528.42,0.0,1234.02,-23.856987731155094
189,no_vax_ring1_enh_ops,841.58,383.04,0.0,1528.42,74.93882571544471
189,ring1_vax_base_ops,3157.4,1430.58,4380.34,1528.42,6.401381819133493
189,ring1_vax_enh_ops,769.96,346.8,7404.54,1528.42,77.30990172858246
189,comm_base_20,1332.92,593.34,20000.0,1234.02,51.91812126221617
189,comm_base_40,684.72,290.96,40000.0,1234.02,76.42177598418178
189,comm_base_60,394.74,159.88,60000.0,1234.02,87.04397011393655
189,comm_base_80,258.96,98.28,80000.0,1234.02,92.03578548159673
192,no_vax_base_ops,2421.06,1093.32,0.0,1093.32,0.0
192,vax_base_ops,2241.3,1006.12,7939.44,1093.32,7.975707020817321
192,no_vax_enh_ops,284.58,129.34,0.0,1093.32,88.16997768265466
192,vax_enh_ops,274.14,123.5,8337.34,1093.32,88.7041305381773
192,incremental_ring_vax,274.14,123.5,8337.34,129.34,4.515231173650846
192,no_vax_ring1_base_ops,2826.18,1278.7,0.0,1093.32,-16.95569458164125
192,no_vax_ring1_enh_ops,319.2,144.56,0.0,1278.7,88.69476812387582
192,ring1_vax_base_ops,2647.52,1191.56,3915.52,1278.7,6.8147337139282165
192,ring1_vax_enh_ops,302.88,136.16,3742.16,1278.7,89.35168530538829
192,comm_base_20,1182.66,521.48,20000.0,1093.32,52.30307686679105
192,comm_base_40,634.8,270.84,40000.0,1093.32,75.22774667983757
192,comm_base_60,370.42,150.14,60000.0,1093.32,86.26751545750558
192,comm_base_80,253.64,96.1,80000.0,1093.32,91.21025866169099
188,no_vax_base_ops,3619.18,1644.78,0.0,1644.78,0.0
188,vax_base_ops,3303.38,1487.08,7914.58,1644.78,9.587908413283238
188,no_vax_enh_ops,405.84,183.08,0.0,1644.78,88.86902807670327
188,vax_enh_ops,398.44,179.06,8264.52,1644.78,89.11343766339571
188,incremental_ring_vax,398.44,179.06,8264.52,183.08,2.1957614157745304
188,no_vax_ring1_base_ops,4715.68,2141.06,0.0,1644.78,-30.17303225963351
188,no_vax_ring1_enh_ops,699.68,317.28,0.0,2141.06,85.18117194286943
188,ring1_vax_base_ops,4463.58,2014.84,5214.42,2141.06,5.895210783443717
188,ring1_vax_enh_ops,652.78,292.88,7646.34,2141.06,86.32079437288071
188,comm_base_20,1866.86,820.0,20000.0,1644.78,50.14530818711317
188,comm_base_40,1007.98,423.78,40000.0,1644.78,74.23485207748149
188,comm_base_60,594.66,238.46,60000.0,1644.78,85.50201242719392
188,comm_base_80,391.44,147.06,80000.0,1644.78,91.05898661219129
190,no_vax_base_ops,2861.74,1307.24,0.0,1307.24,0.0
190,vax_base_ops,2594.18,1178.46,7781.2,1307.24,9.851289740216025
190,no_vax_enh_ops,460.72,210.78,0.0,1307.24,83.87595238823782
190,vax_enh_ops,453.74,207.2,8181.66,1307.24,84.14981181726385
190,incremental_ring_vax,453.74,207.2,8181.66,210.78,1.6984533636967514
190,no_vax_ring1_base_ops,3544.06,1615.74,0.0,1307.24,-23.599339065512073
190,no_vax_ring1_enh_ops,808.48,369.82,0.0,1615.74,77.11141644076399
190,ring1_vax_base_ops,3358.74,1524.6,3741.96,1615.74,5.640759033012744
190,ring1_vax_enh_ops,746.06,339.56,6486.94,1615.74,78.98424251426592
190,comm_base_20,1392.2,621.14,20000.0,1307.24,52.48462409350999
190,comm_base_40,709.84,304.92,40000.0,1307.24,76.67452036351396
190,comm_base_60,399.9,164.44,60000.0,1307.24,87.42082555613354
190,comm_base_80,268.38,104.34,80000.0,1307.24,92.01829809369359
191,no_vax_base_ops,3207.2,1463.36,0.0,1463.36,0.0
191,vax_base_ops,2914.78,1318.88,7867.08,1463.36,9.873168598294322
191,no_vax_enh_ops,334.2,151.94,0.0,1463.36,89.61704570303957
191,vax_enh_ops,325.74,147.6,8381.76,1463.36,89.91362344194184
191,incremental_ring_vax,325.74,147.6,8381.76,151.94,2.856390680531791
191,no_vax_ring1_base_ops,3831.7,1748.24,0.0,1463.36,-19.46752678766675
191,no_vax_ring1_enh_ops,435.34,197.24,0.0,1748.24,88.71779618359035
191,ring1_vax_base_ops,3742.1,1697.98,4053.58,1748.24,2.874891319269665
191,ring1_vax_enh_ops,415.12,185.42,5333.84,1748.24,89.39390472703977
191,comm_base_20,1601.48,711.32,20000.0,1463.36,51.39131860922807
191,comm_base_40,808.12,343.02,40000.0,1463.36,76.55942488519571
191,comm_base_60,477.8,193.84,60000.0,1463.36,86.7537721408266
191,comm_base_80,317.6,121.06,80000.0,1463.36,91.7272578176252
193,no_vax_base_ops,2704.64,1230.3,0.0,1230.3,0.0
193,vax_base_ops,2517.04,1135.68,7564.3,1230.3,7.690807120214573
193,no_vax_enh_ops,424.24,191.66,0.0,1230.3,84.42168576769893
193,vax_enh_ops,410.96,184.32,8221.4,1230.3,85.01828822238478
193,incremental_ring_vax,410.96,184.32,8221.4,191.66,3.8296984242930208
193,no_vax_ring1_base_ops,2991.36,1362.9,0.0,1230.3,-10.777859058766166
193,no_vax_ring1_enh_ops,707.52,320.94,0.0,1362.9,76.45168390931103
193,ring1_vax_base_ops,2920.82,1324.42,2601.84,1362.9,2.82339129796757
193,ring1_vax_enh_ops,655.08,292.6,6749.42,1362.9,78.5310734463277
193,comm_base_20,1302.1,572.46,20000.0,1230.3,53.46988539380638
193,comm_base_40,706.38,299.66,40000.0,1230.3,75.64333902300251
193,comm_base_60,410.7,164.18,60000.0,1230.3,86.65528732829391
193,comm_base_80,273.98,103.46,80000.0,1230.3,91.59066894253434
195,no_vax_base_ops,2370.72,1070.38,0.0,1070.38,0.0
195,vax_base_ops,2289.68,1025.16,7784.46,1070.38,4.224667874960296
195,no_vax_enh_ops,309.4,137.1,0.0,1070.38,87.19146471346625
195,vax_enh_ops,310.3,136.62,8403.26,1070.38,87.23630860068387
195,incremental_ring_vax,310.3,136.62,8403.26,137.1,0.35010940919036454
195,no_vax_ring1_base_ops,2695.16,1218.36,0.0,1070.38,-13.824996730133202
195,no_vax_ring1_enh_ops,363.7,161.06,0.0,1218.36,86.78059030171707
195,ring1_vax_base_ops,2591.64,1167.12,2979.94,1218.36,4.20565350142815
195,ring1_vax_enh_ops,349.16,153.14,3757.32,1218.36,87.430644472898
195,comm_base_20,1424.0,621.16,20000.0,1070.38,41.968272949793544
195,comm_base_40,943.88,395.1,40000.0,1070.38,63.087875333993544
195,comm_base_60,628.04,250.4,60000.0,1070.38,76.60643883480634
195,comm_base_80,456.84,173.5,80000.0,1070.38,83.79080326612979
194,no_vax_base_ops,2527.54,1146.84,0.0,1146.84,0.0
194,vax_base_ops,2220.34,999.66,8022.1,1146.84,12.833525164800665
194,no_vax_enh_ops,669.44,303.2,0.0,1146.84,73.56213595619266
194,vax_enh_ops,660.42,296.7,8225.52,1146.84,74.12891074605001
194,incremental_ring_vax,660.42,296.7,8225.52,303.2,2.1437994722955147
194,no_vax_ring1_base_ops,2953.42,1337.74,0.0,1146.84,-16.64573959750271
194,no_vax_ring1_enh_ops,1352.18,611.82,0.0,1337.74,54.26465531418661
194,ring1_vax_base_ops,2738.88,1235.1,3067.12,1337.74,7.672641918459499
194,ring1_vax_enh_ops,1270.14,568.28,6948.62,1337.74,57.51939838832658
194,comm_base_20,1278.84,561.34,20000.0,1146.84,51.05332914791949
194,comm_base_40,669.26,284.88,40000.0,1146.84,75.15956890237521
194,comm_base_60,413.8,167.1,60000.0,1146.84,85.42952809459035
194,comm_base_80,279.76,106.8,80000.0,1146.84,90.68745422203621
198,no_vax_base_ops,2399.88,1092.44,0.0,1092.44,0.0
198,vax_base_ops,2133.32,964.52,7614.4,1092.44,11.709567573505186
198,no_vax_enh_ops,366.0,168.02,0.0,1092.44,84.61975028376844
198,vax_enh_ops,358.54,164.02,8217.52,1092.44,84.9859031159606
198,incremental_ring_vax,358.54,164.02,8217.52,168.02,2.3806689679800024
198,no_vax_ring1_base_ops,2594.26,1181.16,0.0,1092.44,-8.121269818022045
198,no_vax_ring1_enh_ops,558.68,255.0,0.0,1181.16,78.41105354058723
198,ring1_vax_base_ops,2510.9,1139.48,2249.22,1181.16,3.528734464424808
198,ring1_vax_enh_ops,516.12,232.88,6154.84,1181.16,80.28378881777236
198,comm_base_20,1231.14,544.84,20000.0,1092.44,50.12632272710629
198,comm_base_40,645.82,273.94,40000.0,1092.44,74.92402328732013
198,comm_base_60,412.36,167.66,60000.0,1092.44,84.65270403866575
198,comm_base_80,275.78,104.72,80000.0,1092.44,90.41411885320933
196,no_vax_base_ops,2180.04,990.6,0.0,990.6,0.0
196,vax_base_ops,2059.0,928.94,7911.84,990.6,6.22451039773874
196,no_vax_enh_ops,468.22,211.24,0.0,990.6,78.67555017161317
196,vax_enh_ops,453.3,203.22,8245.8,990.6,79.48516050878256
196,incremental_ring_vax,453.3,203.22,8245.8,211.24,3.796629426245034
196,no_vax_ring1_base_ops,2544.42,1154.12,0.0,990.6,-16.50716737330909
196,no_vax_ring1_enh_ops,823.54,374.94,0.0,1154.12,67.51291026929609
196,ring1_vax_base_ops,2493.4,1127.3,3059.96,1154.12,2.3238484732956657
196,ring1_vax_enh_ops,801.76,359.68,6767.1,1154.12,68.83512979586177
196,comm_base_20,1431.42,629.24,20000.0,990.6,36.47890167575207
196,comm_base_40,908.22,384.06,40000.0,990.6,61.22955784373107
196,comm_base_60,609.4,246.28,60000.0,990.6,75.13830002018979
196,comm_base_80,435.56,167.5,80000.0,990.6,83.0910559257016
197,no_vax_base_ops,3018.82,1372.36,0.0,1372.36,0.0
197,vax_base_ops,2739.68,1234.78,7802.38,1372.36,10.02506630913171
197,no_vax_enh_ops,341.12,153.72,0.0,1372.36,88.79885744265353
197,vax_enh_ops,326.9,147.22,8246.98,1372.36,89.2724940977586
197,incremental_ring_vax,326.9,147.22,8246.98,153.72,4.228467343221442
197,no_vax_ring1_base_ops,3521.8,1598.14,0.0,1372.36,-16.45195138301905
197,no_vax_ring1_enh_ops,474.08,214.2,0.0,1598.14,86.59691891824245
197,ring1_vax_base_ops,3363.06,1520.46,3867.6,1598.14,4.860650506213477
197,ring1_vax_enh_ops,441.76,197.1,6420.78,1598.14,87.66691278611387
197,comm_base_20,1408.14,624.7,20000.0,1372.36,54.47987408551691
197,comm_base_40,731.42,311.22,40000.0,1372.36,77.32227695356903
197,comm_base_60,412.68,166.46,60000.0,1372.36,87.87052959864758
197,comm_base_80,281.72,106.76,80000.0,1372.36,92.22070010784341
199,no_vax_base_ops,2513.42,1143.12,0.0,1143.12,0.0
199,vax_base_ops,2373.96,1071.4,7923.04,1143.12,6.2740569668975965
199,no_vax_enh_ops,594.28,269.76,0.0,1143.12,76.40142767163552
199,vax_enh_ops,586.54,264.52,8229.92,1143.12,76.8598222408846
199,incremental_ring_vax,586.54,264.52,8229.92,269.76,1.9424673784104423
199,no_vax_ring1_base_ops,2972.54,1350.74,0.0,1143.12,-18.162572608300103
199,no_vax_ring1_enh_ops,1066.72,484.04,0.0,1350.74,64.16482816826333
199,ring1_vax_base_ops,2977.68,1347.9,3353.32,1350.74,0.21025511941601774
199,ring1_vax_enh_ops,1013.72,457.52,6610.18,1350.74,66.12819639604957
199,comm_base_20,1566.86,690.92,20000.0,1143.12,39.55840156763944
199,comm_base_40,982.9,416.38,40000.0,1143.12,63.57512772062425
199,comm_base_60,662.2,267.76,60000.0,1143.12,76.57638743089089
199,comm_base_80,477.84,183.84,80000.0,1143.12,83.91769892924627
