setting,strategy,replicate,seed,cases,deaths,doses
bundibugyo_2007,base_ops,0,2026081000,8836,3935,0
bundibugyo_2007,base_ops,1,2026081001,9613,4321,0
bundibugyo_2007,base_ops,2,2026081002,9627,4369,0
bundibugyo_2007,base_ops,3,2026081003,9526,4263,0
bundibugyo_2007,base_ops,4,2026081004,9498,4265,0
bundibugyo_2007,base_ops,5,2026081005,9716,4452,0
bundibugyo_2007,base_ops,6,2026081006,8779,3993,0
bundibugyo_2007,base_ops,7,2026081007,9512,4313,0
bundibugyo_2007,base_ops,8,2026081008,9446,4247,0
bundibugyo_2007,base_ops,9,2026081009,9728,4391,0
bundibugyo_2007,base_ops,10,2026081010,9596,4332,0
bundibugyo_2007,base_ops,11,2026081011,9695,4417,0
bundibugyo_2007,base_ops,12,2026081012,9262,4280,0
bundibugyo_2007,base_ops,13,2026081013,9065,4168,0
bundibugyo_2007,base_ops,14,2026081014,9351,4292,0
bundibugyo_2007,base_ops,15,2026081015,9288,4263,0
bundibugyo_2007,base_ops,16,2026081016,9574,4341,0
bundibugyo_2007,base_ops,17,2026081017,8927,4212,0
bundibugyo_2007,base_ops,18,2026081018,9244,4199,0
bundibugyo_2007,base_ops,19,2026081019,9621,4335,0
bundibugyo_2007,base_ops,20,2026081020,9384,4289,0
bundibugyo_2007,base_ops,21,2026081021,8963,4013,0
bundibugyo_2007,base_ops,22,2026081022,8335,3867,0
bundibugyo_2007,base_ops,23,2026081023,9759,4393,0
bundibugyo_2007,base_ops,24,2026081024,9747,4419,0
bundibugyo_2007,base_ops,25,2026081025,9602,4370,0
bundibugyo_2007,base_ops,26,2026081026,9069,4114,0
bundibugyo_2007,base_ops,27,2026081027,9354,4203,0
bundibugyo_2007,base_ops,28,2026081028,9300,4214,0
bundibugyo_2007,base_ops,29,2026081029,9615,4350,0
bundibugyo_2007,base_ops,30,2026081030,9481,4298,0
bundibugyo_2007,base_ops,31,2026081031,9761,4398,0
bundibugyo_2007,base_ops,32,2026081032,9554,4404,0
bundibugyo_2007,base_ops,33,2026081033,9364,4296,0
bundibugyo_2007,base_ops,34,2026081034,9462,4322,0
bundibugyo_2007,base_ops,35,2026081035,9604,4313,0
bundibugyo_2007,base_ops,36,2026081036,9703,4394,0
bundibugyo_2007,base_ops,37,2026081037,9733,4456,0
bundibugyo_2007,base_ops,38,2026081038,9263,4233,0
bundibugyo_2007,base_ops,39,2026081039,9832,4461,0
bundibugyo_2007,base_ops,40,2026081040,9382,4272,0
bundibugyo_2007,base_ops,41,2026081041,9695,4418,0
bundibugyo_2007,base_ops,42,2026081042,9611,4397,0
bundibugyo_2007,base_ops,43,2026081043,9602,4389,0
bundibugyo_2007,base_ops,44,2026081044,9478,4307,0
bundibugyo_2007,base_ops,45,2026081045,9679,4529,0
bundibugyo_2007,base_ops,46,2026081046,9728,4416,0
bundibugyo_2007,base_ops,47,2026081047,9426,4308,0
bundibugyo_2007,base_ops,48,2026081048,8426,3835,0
bundibugyo_2007,base_ops,49,2026081049,9409,4232,0
bundibugyo_2007,base_ops,50,2026081050,9555,4351,0
bundibugyo_2007,base_ops,51,2026081051,9448,4311,0
bundibugyo_2007,base_ops,52,2026081052,9335,4188,0
bundibugyo_2007,base_ops,53,2026081053,9547,4341,0
bundibugyo_2007,base_ops,54,2026081054,9640,4442,0
bundibugyo_2007,base_ops,55,2026081055,9660,4357,0
bundibugyo_2007,base_ops,56,2026081056,9242,4254,0
bundibugyo_2007,base_ops,57,2026081057,9594,4380,0
bundibugyo_2007,base_ops,58,2026081058,9271,4130,0
bundibugyo_2007,base_ops,59,2026081059,9698,4387,0
bundibugyo_2007,base_ops,60,2026081060,9455,4328,0
bundibugyo_2007,base_ops,61,2026081061,8882,4012,0
bundibugyo_2007,base_ops,62,2026081062,9362,4288,0
bundibugyo_2007,base_ops,63,2026081063,9577,4322,0
bundibugyo_2007,base_ops,64,2026081064,9493,4362,0
bundibugyo_2007,base_ops,65,2026081065,9743,4389,0
bundibugyo_2007,base_ops,66,2026081066,9236,4132,0
bundibugyo_2007,base_ops,67,2026081067,8977,4015,0
bundibugyo_2007,base_ops,68,2026081068,9462,4242,0
bundibugyo_2007,base_ops,69,2026081069,9630,4359,0
bundibugyo_2007,base_ops,70,2026081070,9710,4430,0
bundibugyo_2007,base_ops,71,2026081071,9767,4472,0
bundibugyo_2007,base_ops,72,2026081072,9072,4136,0
bundibugyo_2007,base_ops,73,2026081073,9724,4505,0
bundibugyo_2007,base_ops,74,2026081074,9562,4365,0
bundibugyo_2007,base_ops,75,2026081075,9687,4405,0
bundibugyo_2007,base_ops,76,2026081076,9723,4384,0
bundibugyo_2007,base_ops,77,2026081077,9542,4268,0
bundibugyo_2007,base_ops,78,2026081078,9689,4455,0
bundibugyo_2007,base_ops,79,2026081079,9512,4312,0
bundibugyo_2007,base_ops,80,2026081080,9703,4466,0
bundibugyo_2007,base_ops,81,2026081081,9029,4031,0
bundibugyo_2007,base_ops,82,2026081082,9312,4268,0
bundibugyo_2007,base_ops,83,2026081083,9544,4263,0
bundibugyo_2007,base_ops,84,2026081084,9752,4456,0
bundibugyo_2007,base_ops,85,2026081085,9827,4515,0
bundibugyo_2007,base_ops,86,2026081086,9689,4314,0
bundibugyo_2007,base_ops,87,2026081087,9691,4376,0
bundibugyo_2007,base_ops,88,2026081088,9680,4375,0
bundibugyo_2007,base_ops,89,2026081089,9752,4456,0
bundibugyo_2007,base_ops,90,2026081090,9696,4366,0
bundibugyo_2007,base_ops,91,2026081091,9751,4395,0
bundibugyo_2007,base_ops,92,2026081092,9558,4299,0
bundibugyo_2007,base_ops,93,2026081093,9099,4152,0
bundibugyo_2007,base_ops,94,2026081094,9842,4441,0
bundibugyo_2007,base_ops,95,2026081095,9508,4297,0
bundibugyo_2007,base_ops,96,2026081096,9745,4409,0
bundibugyo_2007,base_ops,97,2026081097,9618,4395,0
bundibugyo_2007,base_ops,98,2026081098,9533,4269,0
bundibugyo_2007,base_ops,99,2026081099,9703,4378,0
bundibugyo_2007,base_ops,100,2026081100,9619,4385,0
bundibugyo_2007,base_ops,101,2026081101,9757,4403,0
bundibugyo_2007,base_ops,102,2026081102,9601,4373,0
bundibugyo_2007,base_ops,103,2026081103,9432,4189,0
bundibugyo_2007,base_ops,104,2026081104,9556,4451,0
bundibugyo_2007,base_ops,105,2026081105,9559,4329,0
bundibugyo_2007,base_ops,106,2026081106,9731,4486,0
bundibugyo_2007,base_ops,107,2026081107,9441,4368,0
bundibugyo_2007,base_ops,108,2026081108,9659,4397,0
bundibugyo_2007,base_ops,109,2026081109,9472,4385,0
bundibugyo_2007,base_ops,110,2026081110,8546,3908,0
bundibugyo_2007,base_ops,111,2026081111,9228,4059,0
bundibugyo_2007,base_ops,112,2026081112,9671,4372,0
bundibugyo_2007,base_ops,113,2026081113,9582,4298,0
bundibugyo_2007,base_ops,114,2026081114,9684,4372,0
bundibugyo_2007,base_ops,115,2026081115,8385,3821,0
bundibugyo_2007,base_ops,116,2026081116,9411,4212,0
bundibugyo_2007,base_ops,117,2026081117,9576,4337,0
bundibugyo_2007,base_ops,118,2026081118,9275,4151,0
bundibugyo_2007,base_ops,119,2026081119,9668,4360,0
bundibugyo_2007,base_ops,120,2026081120,9805,4470,0
bundibugyo_2007,base_ops,121,2026081121,9630,4359,0
bundibugyo_2007,base_ops,122,2026081122,9393,4153,0
bundibugyo_2007,base_ops,123,2026081123,9702,4470,0
bundibugyo_2007,base_ops,124,2026081124,9622,4295,0
bundibugyo_2007,base_ops,125,2026081125,9745,4407,0
bundibugyo_2007,base_ops,126,2026081126,9734,4504,0
bundibugyo_2007,base_ops,127,2026081127,9669,4334,0
bundibugyo_2007,base_ops,128,2026081128,9453,4336,0
bundibugyo_2007,base_ops,129,2026081129,9683,4339,0
bundibugyo_2007,base_ops,130,2026081130,9405,4236,0
bundibugyo_2007,base_ops,131,2026081131,9496,4288,0
bundibugyo_2007,base_ops,132,2026081132,8924,4108,0
bundibugyo_2007,base_ops,133,2026081133,8561,3867,0
bundibugyo_2007,base_ops,134,2026081134,9520,4303,0
bundibugyo_2007,base_ops,135,2026081135,9285,4214,0
bundibugyo_2007,base_ops,136,2026081136,9505,4277,0
bundibugyo_2007,base_ops,137,2026081137,9735,4398,0
bundibugyo_2007,base_ops,138,2026081138,9433,4282,0
bundibugyo_2007,base_ops,139,2026081139,9647,4398,0
bundibugyo_2007,base_ops,140,2026081140,9701,4436,0
bundibugyo_2007,base_ops,141,2026081141,9687,4370,0
bundibugyo_2007,base_ops,142,2026081142,9490,4369,0
bundibugyo_2007,base_ops,143,2026081143,9268,4272,0
bundibugyo_2007,base_ops,144,2026081144,9441,4305,0
bundibugyo_2007,base_ops,145,2026081145,9598,4475,0
bundibugyo_2007,base_ops,146,2026081146,9300,4125,0
bundibugyo_2007,base_ops,147,2026081147,9483,4304,0
bundibugyo_2007,base_ops,148,2026081148,9603,4276,0
bundibugyo_2007,base_ops,149,2026081149,8664,3919,0
bundibugyo_2007,base_ops,150,2026081150,9798,4419,0
bundibugyo_2007,base_ops,151,2026081151,9410,4278,0
bundibugyo_2007,base_ops,152,2026081152,9653,4344,0
bundibugyo_2007,base_ops,153,2026081153,9329,4242,0
bundibugyo_2007,base_ops,154,2026081154,9633,4324,0
bundibugyo_2007,base_ops,155,2026081155,9252,4131,0
bundibugyo_2007,base_ops,156,2026081156,9646,4404,0
bundibugyo_2007,base_ops,157,2026081157,9612,4521,0
bundibugyo_2007,base_ops,158,2026081158,9691,4496,0
bundibugyo_2007,base_ops,159,2026081159,9535,4400,0
bundibugyo_2007,base_ops,160,2026081160,9509,4288,0
bundibugyo_2007,base_ops,161,2026081161,8606,3969,0
bundibugyo_2007,base_ops,162,2026081162,9612,4364,0
bundibugyo_2007,base_ops,163,2026081163,9663,4435,0
bundibugyo_2007,base_ops,164,2026081164,8925,4030,0
bundibugyo_2007,base_ops,165,2026081165,8869,4016,0
bundibugyo_2007,base_ops,166,2026081166,9780,4407,0
bundibugyo_2007,base_ops,167,2026081167,9408,4331,0
bundibugyo_2007,base_ops,168,2026081168,9718,4336,0
bundibugyo_2007,base_ops,169,2026081169,9830,4449,0
bundibugyo_2007,base_ops,170,2026081170,9304,4183,0
bundibugyo_2007,base_ops,171,2026081171,9707,4373,0
bundibugyo_2007,base_ops,172,2026081172,9716,4501,0
bundibugyo_2007,base_ops,173,2026081173,9818,4540,0
bundibugyo_2007,base_ops,174,2026081174,9575,4314,0
bundibugyo_2007,base_ops,175,2026081175,9457,4314,0
bundibugyo_2007,base_ops,176,2026081176,9576,4354,0
bundibugyo_2007,base_ops,177,2026081177,9635,4448,0
bundibugyo_2007,base_ops,178,2026081178,9689,4443,0
bundibugyo_2007,base_ops,179,2026081179,9292,4163,0
bundibugyo_2007,base_ops,180,2026081180,9714,4492,0
bundibugyo_2007,base_ops,181,2026081181,9471,4277,0
bundibugyo_2007,base_ops,182,2026081182,9664,4339,0
bundibugyo_2007,base_ops,183,2026081183,9620,4389,0
bundibugyo_2007,base_ops,184,2026081184,9015,4022,0
bundibugyo_2007,base_ops,185,2026081185,9743,4434,0
bundibugyo_2007,base_ops,186,2026081186,9798,4380,0
bundibugyo_2007,base_ops,187,2026081187,9433,4393,0
bundibugyo_2007,base_ops,188,2026081188,9787,4407,0
bundibugyo_2007,base_ops,189,2026081189,9323,4195,0
bundibugyo_2007,base_ops,190,2026081190,9441,4234,0
bundibugyo_2007,base_ops,191,2026081191,9817,4507,0
bundibugyo_2007,base_ops,192,2026081192,9613,4321,0
bundibugyo_2007,base_ops,193,2026081193,9683,4337,0
bundibugyo_2007,base_ops,194,2026081194,9649,4457,0
bundibugyo_2007,base_ops,195,2026081195,9525,4299,0
bundibugyo_2007,base_ops,196,2026081196,9281,4194,0
bundibugyo_2007,base_ops,197,2026081197,9420,4308,0
bundibugyo_2007,base_ops,198,2026081198,9168,4097,0
bundibugyo_2007,base_ops,199,2026081199,9537,4400,0
bundibugyo_2007,base_ops,200,2026081200,9619,4367,0
bundibugyo_2007,base_ops,201,2026081201,9383,4255,0
bundibugyo_2007,base_ops,202,2026081202,9735,4377,0
bundibugyo_2007,base_ops,203,2026081203,9827,4541,0
bundibugyo_2007,base_ops,204,2026081204,9677,4463,0
bundibugyo_2007,base_ops,205,2026081205,8938,4147,0
bundibugyo_2007,base_ops,206,2026081206,9516,4270,0
bundibugyo_2007,base_ops,207,2026081207,9632,4405,0
bundibugyo_2007,base_ops,208,2026081208,9546,4331,0
bundibugyo_2007,base_ops,209,2026081209,9537,4284,0
bundibugyo_2007,base_ops,210,2026081210,9473,4430,0
bundibugyo_2007,base_ops,211,2026081211,9167,4180,0
bundibugyo_2007,base_ops,212,2026081212,9488,4368,0
bundibugyo_2007,base_ops,213,2026081213,9680,4403,0
bundibugyo_2007,base_ops,214,2026081214,9553,4390,0
bundibugyo_2007,base_ops,215,2026081215,9664,4400,0
bundibugyo_2007,base_ops,216,2026081216,9720,4451,0
bundibugyo_2007,base_ops,217,2026081217,9471,4335,0
bundibugyo_2007,base_ops,218,2026081218,9320,4217,0
bundibugyo_2007,base_ops,219,2026081219,9563,4294,0
bundibugyo_2007,base_ops,220,2026081220,8955,4026,0
bundibugyo_2007,base_ops,221,2026081221,9749,4436,0
bundibugyo_2007,base_ops,222,2026081222,9596,4175,0
bundibugyo_2007,base_ops,223,2026081223,9349,4250,0
bundibugyo_2007,base_ops,224,2026081224,9640,4376,0
bundibugyo_2007,base_ops,225,2026081225,9387,4297,0
bundibugyo_2007,base_ops,226,2026081226,9681,4377,0
bundibugyo_2007,base_ops,227,2026081227,9587,4352,0
bundibugyo_2007,base_ops,228,2026081228,9074,4122,0
bundibugyo_2007,base_ops,229,2026081229,8329,3783,0
bundibugyo_2007,base_ops,230,2026081230,9626,4423,0
bundibugyo_2007,base_ops,231,2026081231,9264,4208,0
bundibugyo_2007,base_ops,232,2026081232,9825,4546,0
bundibugyo_2007,base_ops,233,2026081233,9532,4365,0
bundibugyo_2007,base_ops,234,2026081234,9583,4390,0
bundibugyo_2007,base_ops,235,2026081235,9575,4406,0
bundibugyo_2007,base_ops,236,2026081236,9624,4314,0
bundibugyo_2007,base_ops,237,2026081237,9624,4402,0
bundibugyo_2007,base_ops,238,2026081238,9424,4189,0
bundibugyo_2007,base_ops,239,2026081239,9803,4388,0
bundibugyo_2007,base_ops,240,2026081240,9727,4431,0
bundibugyo_2007,base_ops,241,2026081241,9767,4411,0
bundibugyo_2007,base_ops,242,2026081242,9697,4421,0
bundibugyo_2007,base_ops,243,2026081243,9500,4372,0
bundibugyo_2007,base_ops,244,2026081244,9717,4387,0
bundibugyo_2007,base_ops,245,2026081245,9665,4404,0
bundibugyo_2007,base_ops,246,2026081246,9505,4305,0
bundibugyo_2007,base_ops,247,2026081247,9223,4191,0
bundibugyo_2007,base_ops,248,2026081248,9750,4389,0
bundibugyo_2007,base_ops,249,2026081249,9643,4327,0
bundibugyo_2007,base_ops,250,2026081250,9512,4313,0
bundibugyo_2007,base_ops,251,2026081251,9682,4448,0
bundibugyo_2007,base_ops,252,2026081252,9638,4374,0
bundibugyo_2007,base_ops,253,2026081253,9585,4312,0
bundibugyo_2007,base_ops,254,2026081254,8888,3997,0
bundibugyo_2007,base_ops,255,2026081255,9782,4428,0
bundibugyo_2007,base_ops,256,2026081256,9661,4344,0
bundibugyo_2007,base_ops,257,2026081257,9613,4350,0
bundibugyo_2007,base_ops,258,2026081258,9141,4133,0
bundibugyo_2007,base_ops,259,2026081259,9709,4394,0
bundibugyo_2007,base_ops,260,2026081260,8560,3901,0
bundibugyo_2007,base_ops,261,2026081261,9157,4190,0
bundibugyo_2007,base_ops,262,2026081262,9650,4417,0
bundibugyo_2007,base_ops,263,2026081263,9394,4329,0
bundibugyo_2007,base_ops,264,2026081264,9516,4227,0
bundibugyo_2007,base_ops,265,2026081265,9296,4282,0
bundibugyo_2007,base_ops,266,2026081266,9214,4215,0
bundibugyo_2007,base_ops,267,2026081267,9761,4478,0
bundibugyo_2007,base_ops,268,2026081268,9745,4470,0
bundibugyo_2007,base_ops,269,2026081269,9690,4413,0
bundibugyo_2007,base_ops,270,2026081270,9572,4366,0
bundibugyo_2007,base_ops,271,2026081271,9813,4396,0
bundibugyo_2007,base_ops,272,2026081272,9750,4400,0
bundibugyo_2007,base_ops,273,2026081273,9636,4308,0
bundibugyo_2007,base_ops,274,2026081274,8802,4088,0
bundibugyo_2007,base_ops,275,2026081275,9616,4338,0
bundibugyo_2007,base_ops,276,2026081276,9664,4487,0
bundibugyo_2007,base_ops,277,2026081277,9739,4428,0
bundibugyo_2007,base_ops,278,2026081278,9260,4185,0
bundibugyo_2007,base_ops,279,2026081279,9647,4418,0
bundibugyo_2007,base_ops,280,2026081280,9361,4308,0
bundibugyo_2007,base_ops,281,2026081281,9593,4329,0
bundibugyo_2007,base_ops,282,2026081282,9775,4333,0
bundibugyo_2007,base_ops,283,2026081283,9419,4323,0
bundibugyo_2007,base_ops,284,2026081284,9600,4349,0
bundibugyo_2007,base_ops,285,2026081285,9758,4467,0
bundibugyo_2007,base_ops,286,2026081286,9696,4453,0
bundibugyo_2007,base_ops,287,2026081287,9719,4417,0
bundibugyo_2007,base_ops,288,2026081288,9336,4219,0
bundibugyo_2007,base_ops,289,2026081289,9543,4276,0
bundibugyo_2007,base_ops,290,2026081290,8181,3679,0
bundibugyo_2007,base_ops,291,2026081291,9694,4374,0
bundibugyo_2007,base_ops,292,2026081292,9710,4416,0
bundibugyo_2007,base_ops,293,2026081293,9684,4340,0
bundibugyo_2007,base_ops,294,2026081294,9628,4354,0
bundibugyo_2007,base_ops,295,2026081295,9321,4199,0
bundibugyo_2007,base_ops,296,2026081296,9861,4497,0
bundibugyo_2007,base_ops,297,2026081297,9519,4431,0
bundibugyo_2007,base_ops,298,2026081298,9374,4312,0
bundibugyo_2007,base_ops,299,2026081299,9653,4427,0
bundibugyo_2007,base_ops,300,2026081300,9686,4391,0
bundibugyo_2007,base_ops,301,2026081301,9477,4228,0
bundibugyo_2007,base_ops,302,2026081302,9634,4369,0
bundibugyo_2007,base_ops,303,2026081303,9675,4392,0
bundibugyo_2007,base_ops,304,2026081304,9807,4478,0
bundibugyo_2007,base_ops,305,2026081305,9308,4253,0
bundibugyo_2007,base_ops,306,2026081306,9005,4120,0
bundibugyo_2007,base_ops,307,2026081307,8469,3924,0
bundibugyo_2007,base_ops,308,2026081308,9593,4329,0
bundibugyo_2007,base_ops,309,2026081309,9330,4225,0
bundibugyo_2007,base_ops,310,2026081310,9622,4366,0
bundibugyo_2007,base_ops,311,2026081311,9578,4338,0
bundibugyo_2007,base_ops,312,2026081312,9726,4431,0
bundibugyo_2007,base_ops,313,2026081313,8118,3616,0
bundibugyo_2007,base_ops,314,2026081314,9651,4399,0
bundibugyo_2007,base_ops,315,2026081315,9708,4416,0
bundibugyo_2007,base_ops,316,2026081316,9685,4361,0
bundibugyo_2007,base_ops,317,2026081317,9434,4251,0
bundibugyo_2007,base_ops,318,2026081318,9612,4332,0
bundibugyo_2007,base_ops,319,2026081319,9579,4364,0
bundibugyo_2007,base_ops,320,2026081320,9596,4288,0
bundibugyo_2007,base_ops,321,2026081321,9669,4456,0
bundibugyo_2007,base_ops,322,2026081322,9459,4190,0
bundibugyo_2007,base_ops,323,2026081323,9623,4314,0
bundibugyo_2007,base_ops,324,2026081324,9510,4361,0
bundibugyo_2007,base_ops,325,2026081325,9768,4373,0
bundibugyo_2007,base_ops,326,2026081326,9571,4358,0
bundibugyo_2007,base_ops,327,2026081327,9461,4188,0
bundibugyo_2007,base_ops,328,2026081328,9560,4305,0
bundibugyo_2007,base_ops,329,2026081329,9663,4356,0
bundibugyo_2007,base_ops,330,2026081330,9627,4406,0
bundibugyo_2007,base_ops,331,2026081331,9372,4202,0
bundibugyo_2007,base_ops,332,2026081332,9119,4075,0
bundibugyo_2007,base_ops,333,2026081333,9196,4204,0
bundibugyo_2007,base_ops,334,2026081334,9690,4335,0
bundibugyo_2007,base_ops,335,2026081335,9500,4318,0
bundibugyo_2007,base_ops,336,2026081336,9644,4340,0
bundibugyo_2007,base_ops,337,2026081337,9735,4416,0
bundibugyo_2007,base_ops,338,2026081338,9554,4338,0
bundibugyo_2007,base_ops,339,2026081339,9510,4310,0
bundibugyo_2007,base_ops,340,2026081340,9532,4316,0
bundibugyo_2007,base_ops,341,2026081341,9823,4474,0
bundibugyo_2007,base_ops,342,2026081342,9188,4172,0
bundibugyo_2007,base_ops,343,2026081343,9706,4355,0
bundibugyo_2007,base_ops,344,2026081344,9247,4138,0
bundibugyo_2007,base_ops,345,2026081345,9701,4495,0
bundibugyo_2007,base_ops,346,2026081346,9547,4315,0
bundibugyo_2007,base_ops,347,2026081347,9652,4342,0
bundibugyo_2007,base_ops,348,2026081348,9709,4423,0
bundibugyo_2007,base_ops,349,2026081349,9636,4380,0
bundibugyo_2007,base_ops,350,2026081350,9603,4323,0
bundibugyo_2007,base_ops,351,2026081351,9729,4471,0
bundibugyo_2007,base_ops,352,2026081352,9285,4219,0
bundibugyo_2007,base_ops,353,2026081353,9696,4441,0
bundibugyo_2007,base_ops,354,2026081354,9486,4333,0
bundibugyo_2007,base_ops,355,2026081355,9736,4376,0
bundibugyo_2007,base_ops,356,2026081356,9616,4296,0
bundibugyo_2007,base_ops,357,2026081357,9598,4364,0
bundibugyo_2007,base_ops,358,2026081358,9183,4085,0
bundibugyo_2007,base_ops,359,2026081359,9806,4414,0
bundibugyo_2007,base_ops,360,2026081360,9422,4333,0
bundibugyo_2007,base_ops,361,2026081361,9529,4279,0
bundibugyo_2007,base_ops,362,2026081362,9721,4417,0
bundibugyo_2007,base_ops,363,2026081363,9655,4395,0
bundibugyo_2007,base_ops,364,2026081364,9845,4426,0
bundibugyo_2007,base_ops,365,2026081365,9633,4374,0
bundibugyo_2007,base_ops,366,2026081366,9708,4490,0
bundibugyo_2007,base_ops,367,2026081367,9576,4356,0
bundibugyo_2007,base_ops,368,2026081368,9654,4388,0
bundibugyo_2007,base_ops,369,2026081369,8036,3636,0
bundibugyo_2007,base_ops,370,2026081370,9401,4261,0
bundibugyo_2007,base_ops,371,2026081371,9787,4374,0
bundibugyo_2007,base_ops,372,2026081372,9705,4361,0
bundibugyo_2007,base_ops,373,2026081373,9141,4172,0
bundibugyo_2007,base_ops,374,2026081374,8992,4072,0
bundibugyo_2007,base_ops,375,2026081375,9512,4320,0
bundibugyo_2007,base_ops,376,2026081376,9701,4379,0
bundibugyo_2007,base_ops,377,2026081377,9693,4410,0
bundibugyo_2007,base_ops,378,2026081378,9392,4170,0
bundibugyo_2007,base_ops,379,2026081379,9404,4256,0
bundibugyo_2007,base_ops,380,2026081380,9240,4153,0
bundibugyo_2007,base_ops,381,2026081381,9487,4428,0
bundibugyo_2007,base_ops,382,2026081382,9559,4302,0
bundibugyo_2007,base_ops,383,2026081383,9412,4318,0
bundibugyo_2007,base_ops,384,2026081384,9413,4218,0
bundibugyo_2007,base_ops,385,2026081385,9641,4356,0
bundibugyo_2007,base_ops,386,2026081386,9583,4380,0
bundibugyo_2007,base_ops,387,2026081387,9518,4274,0
bundibugyo_2007,base_ops,388,2026081388,9425,4294,0
bundibugyo_2007,base_ops,389,2026081389,9558,4339,0
bundibugyo_2007,base_ops,390,2026081390,9617,4389,0
bundibugyo_2007,base_ops,391,2026081391,9764,4367,0
bundibugyo_2007,base_ops,392,2026081392,9801,4495,0
bundibugyo_2007,base_ops,393,2026081393,9147,4091,0
bundibugyo_2007,base_ops,394,2026081394,9731,4433,0
bundibugyo_2007,base_ops,395,2026081395,9655,4408,0
bundibugyo_2007,base_ops,396,2026081396,9662,4439,0
bundibugyo_2007,base_ops,397,2026081397,9764,4408,0
bundibugyo_2007,base_ops,398,2026081398,9569,4365,0
bundibugyo_2007,base_ops,399,2026081399,9624,4381,0
bundibugyo_2007,base_ops,400,2026081400,9739,4446,0
bundibugyo_2007,base_ops,401,2026081401,9773,4403,0
bundibugyo_2007,base_ops,402,2026081402,9561,4320,0
bundibugyo_2007,base_ops,403,2026081403,9766,4405,0
bundibugyo_2007,base_ops,404,2026081404,9559,4340,0
bundibugyo_2007,base_ops,405,2026081405,9379,4286,0
bundibugyo_2007,base_ops,406,2026081406,9666,4451,0
bundibugyo_2007,base_ops,407,2026081407,9502,4331,0
bundibugyo_2007,base_ops,408,2026081408,9735,4455,0
bundibugyo_2007,base_ops,409,2026081409,9731,4355,0
bundibugyo_2007,base_ops,410,2026081410,9680,4345,0
bundibugyo_2007,base_ops,411,2026081411,9516,4350,0
bundibugyo_2007,base_ops,412,2026081412,9396,4223,0
bundibugyo_2007,base_ops,413,2026081413,9617,4387,0
bundibugyo_2007,base_ops,414,2026081414,9607,4330,0
bundibugyo_2007,base_ops,415,2026081415,9640,4448,0
bundibugyo_2007,base_ops,416,2026081416,9757,4386,0
bundibugyo_2007,base_ops,417,2026081417,9270,4199,0
bundibugyo_2007,base_ops,418,2026081418,9522,4331,0
bundibugyo_2007,base_ops,419,2026081419,9451,4242,0
bundibugyo_2007,base_ops,420,2026081420,9441,4275,0
bundibugyo_2007,base_ops,421,2026081421,9618,4313,0
bundibugyo_2007,base_ops,422,2026081422,9494,4312,0
bundibugyo_2007,base_ops,423,2026081423,9754,4439,0
bundibugyo_2007,base_ops,424,2026081424,9664,4344,0
bundibugyo_2007,base_ops,425,2026081425,9348,4261,0
bundibugyo_2007,base_ops,426,2026081426,9773,4420,0
bundibugyo_2007,base_ops,427,2026081427,9783,4449,0
bundibugyo_2007,base_ops,428,2026081428,9786,4462,0
bundibugyo_2007,base_ops,429,2026081429,9498,4304,0
bundibugyo_2007,base_ops,430,2026081430,9507,4329,0
bundibugyo_2007,base_ops,431,2026081431,8683,3909,0
bundibugyo_2007,base_ops,432,2026081432,9649,4444,0
bundibugyo_2007,base_ops,433,2026081433,9640,4334,0
bundibugyo_2007,base_ops,434,2026081434,9509,4183,0
bundibugyo_2007,base_ops,435,2026081435,9494,4198,0
bundibugyo_2007,base_ops,436,2026081436,9359,4204,0
bundibugyo_2007,base_ops,437,2026081437,9518,4357,0
bundibugyo_2007,base_ops,438,2026081438,9721,4546,0
bundibugyo_2007,base_ops,439,2026081439,9480,4307,0
bundibugyo_2007,base_ops,440,2026081440,9558,4341,0
bundibugyo_2007,base_ops,441,2026081441,9428,4244,0
bundibugyo_2007,base_ops,442,2026081442,9592,4301,0
bundibugyo_2007,base_ops,443,2026081443,9338,4298,0
bundibugyo_2007,base_ops,444,2026081444,9843,4461,0
bundibugyo_2007,base_ops,445,2026081445,9583,4307,0
bundibugyo_2007,base_ops,446,2026081446,9627,4350,0
bundibugyo_2007,base_ops,447,2026081447,9618,4281,0
bundibugyo_2007,base_ops,448,2026081448,9247,4191,0
bundibugyo_2007,base_ops,449,2026081449,9592,4461,0
bundibugyo_2007,base_ops,450,2026081450,9820,4512,0
bundibugyo_2007,base_ops,451,2026081451,9699,4452,0
bundibugyo_2007,base_ops,452,2026081452,9747,4346,0
bundibugyo_2007,base_ops,453,2026081453,9572,4266,0
bundibugyo_2007,base_ops,454,2026081454,9679,4361,0
bundibugyo_2007,base_ops,455,2026081455,9571,4479,0
bundibugyo_2007,base_ops,456,2026081456,9035,4152,0
bundibugyo_2007,base_ops,457,2026081457,9638,4364,0
bundibugyo_2007,base_ops,458,2026081458,9709,4366,0
bundibugyo_2007,base_ops,459,2026081459,9724,4355,0
bundibugyo_2007,base_ops,460,2026081460,9778,4372,0
bundibugyo_2007,base_ops,461,2026081461,9729,4329,0
bundibugyo_2007,base_ops,462,2026081462,9597,4326,0
bundibugyo_2007,base_ops,463,2026081463,9754,4478,0
bundibugyo_2007,base_ops,464,2026081464,9578,4349,0
bundibugyo_2007,base_ops,465,2026081465,9596,4365,0
bundibugyo_2007,base_ops,466,2026081466,9130,4128,0
bundibugyo_2007,base_ops,467,2026081467,8775,4003,0
bundibugyo_2007,base_ops,468,2026081468,9590,4327,0
bundibugyo_2007,base_ops,469,2026081469,9544,4384,0
bundibugyo_2007,base_ops,470,2026081470,9184,4169,0
bundibugyo_2007,base_ops,471,2026081471,9559,4366,0
bundibugyo_2007,base_ops,472,2026081472,7798,3585,0
bundibugyo_2007,base_ops,473,2026081473,9553,4313,0
bundibugyo_2007,base_ops,474,2026081474,9739,4424,0
bundibugyo_2007,base_ops,475,2026081475,9029,4065,0
bundibugyo_2007,base_ops,476,2026081476,9126,4064,0
bundibugyo_2007,base_ops,477,2026081477,9476,4380,0
bundibugyo_2007,base_ops,478,2026081478,9568,4325,0
bundibugyo_2007,base_ops,479,2026081479,9427,4248,0
bundibugyo_2007,base_ops,480,2026081480,9636,4428,0
bundibugyo_2007,base_ops,481,2026081481,9763,4403,0
bundibugyo_2007,base_ops,482,2026081482,9468,4287,0
bundibugyo_2007,base_ops,483,2026081483,9828,4516,0
bundibugyo_2007,base_ops,484,2026081484,9682,4372,0
bundibugyo_2007,base_ops,485,2026081485,9656,4347,0
bundibugyo_2007,base_ops,486,2026081486,9677,4390,0
bundibugyo_2007,base_ops,487,2026081487,9344,4241,0
bundibugyo_2007,base_ops,488,2026081488,9726,4416,0
bundibugyo_2007,base_ops,489,2026081489,9492,4353,0
bundibugyo_2007,base_ops,490,2026081490,9411,4208,0
bundibugyo_2007,base_ops,491,2026081491,9741,4318,0
bundibugyo_2007,base_ops,492,2026081492,8246,3743,0
bundibugyo_2007,base_ops,493,2026081493,9752,4337,0
bundibugyo_2007,base_ops,494,2026081494,9733,4376,0
bundibugyo_2007,base_ops,495,2026081495,9535,4290,0
bundibugyo_2007,base_ops,496,2026081496,9549,4344,0
bundibugyo_2007,base_ops,497,2026081497,9601,4320,0
bundibugyo_2007,base_ops,498,2026081498,9707,4364,0
bundibugyo_2007,base_ops,499,2026081499,9620,4341,0
bundibugyo_2007,base_ops,500,2026081500,9458,4266,0
bundibugyo_2007,base_ops,501,2026081501,9621,4236,0
bundibugyo_2007,base_ops,502,2026081502,9244,4177,0
bundibugyo_2007,base_ops,503,2026081503,9256,4277,0
bundibugyo_2007,base_ops,504,2026081504,9292,4192,0
bundibugyo_2007,base_ops,505,2026081505,9516,4277,0
bundibugyo_2007,base_ops,506,2026081506,9693,4316,0
bundibugyo_2007,base_ops,507,2026081507,9448,4332,0
bundibugyo_2007,base_ops,508,2026081508,9678,4304,0
bundibugyo_2007,base_ops,509,2026081509,9729,4320,0
bundibugyo_2007,base_ops,510,2026081510,9395,4248,0
bundibugyo_2007,base_ops,511,2026081511,9046,4133,0
bundibugyo_2007,base_ops,512,2026081512,9655,4445,0
bundibugyo_2007,base_ops,513,2026081513,9555,4378,0
bundibugyo_2007,base_ops,514,2026081514,9258,4194,0
bundibugyo_2007,base_ops,515,2026081515,9142,4185,0
bundibugyo_2007,base_ops,516,2026081516,9767,4400,0
bundibugyo_2007,base_ops,517,2026081517,9595,4377,0
bundibugyo_2007,base_ops,518,2026081518,9642,4394,0
bundibugyo_2007,base_ops,519,2026081519,9622,4325,0
bundibugyo_2007,base_ops,520,2026081520,9328,4207,0
bundibugyo_2007,base_ops,521,2026081521,9722,4423,0
bundibugyo_2007,base_ops,522,2026081522,9549,4381,0
bundibugyo_2007,base_ops,523,2026081523,9610,4314,0
bundibugyo_2007,base_ops,524,2026081524,9360,4199,0
bundibugyo_2007,base_ops,525,2026081525,9428,4232,0
bundibugyo_2007,base_ops,526,2026081526,9479,4276,0
bundibugyo_2007,base_ops,527,2026081527,9813,4472,0
bundibugyo_2007,base_ops,528,2026081528,9190,4130,0
bundibugyo_2007,base_ops,529,2026081529,9752,4392,0
bundibugyo_2007,base_ops,530,2026081530,9517,4351,0
bundibugyo_2007,base_ops,531,2026081531,9807,4431,0
bundibugyo_2007,base_ops,532,2026081532,9102,4063,0
bundibugyo_2007,base_ops,533,2026081533,9368,4226,0
bundibugyo_2007,base_ops,534,2026081534,9719,4376,0
bundibugyo_2007,base_ops,535,2026081535,9682,4358,0
bundibugyo_2007,base_ops,536,2026081536,9712,4342,0
bundibugyo_2007,base_ops,537,2026081537,9713,4395,0
bundibugyo_2007,base_ops,538,2026081538,8663,3921,0
bundibugyo_2007,base_ops,539,2026081539,9344,4302,0
bundibugyo_2007,base_ops,540,2026081540,9348,4222,0
bundibugyo_2007,base_ops,541,2026081541,9514,4293,0
bundibugyo_2007,base_ops,542,2026081542,9635,4387,0
bundibugyo_2007,base_ops,543,2026081543,9455,4243,0
bundibugyo_2007,base_ops,544,2026081544,9741,4384,0
bundibugyo_2007,base_ops,545,2026081545,9590,4384,0
bundibugyo_2007,base_ops,546,2026081546,9729,4409,0
bundibugyo_2007,base_ops,547,2026081547,9529,4294,0
bundibugyo_2007,base_ops,548,2026081548,9336,4313,0
bundibugyo_2007,base_ops,549,2026081549,9843,4514,0
bundibugyo_2007,base_ops,550,2026081550,9673,4466,0
bundibugyo_2007,base_ops,551,2026081551,9562,4398,0
bundibugyo_2007,base_ops,552,2026081552,9612,4343,0
bundibugyo_2007,base_ops,553,2026081553,9617,4376,0
bundibugyo_2007,base_ops,554,2026081554,9754,4336,0
bundibugyo_2007,base_ops,555,2026081555,9543,4282,0
bundibugyo_2007,base_ops,556,2026081556,9172,4159,0
bundibugyo_2007,base_ops,557,2026081557,9709,4366,0
bundibugyo_2007,base_ops,558,2026081558,9696,4304,0
bundibugyo_2007,base_ops,559,2026081559,9557,4275,0
bundibugyo_2007,base_ops,560,2026081560,9601,4322,0
bundibugyo_2007,base_ops,561,2026081561,9639,4311,0
bundibugyo_2007,base_ops,562,2026081562,9694,4377,0
bundibugyo_2007,base_ops,563,2026081563,9688,4448,0
bundibugyo_2007,base_ops,564,2026081564,9768,4412,0
bundibugyo_2007,base_ops,565,2026081565,9557,4361,0
bundibugyo_2007,base_ops,566,2026081566,9200,4239,0
bundibugyo_2007,base_ops,567,2026081567,9533,4429,0
bundibugyo_2007,base_ops,568,2026081568,9525,4337,0
bundibugyo_2007,base_ops,569,2026081569,9602,4420,0
bundibugyo_2007,base_ops,570,2026081570,9391,4236,0
bundibugyo_2007,base_ops,571,2026081571,9708,4355,0
bundibugyo_2007,base_ops,572,2026081572,9617,4348,0
bundibugyo_2007,base_ops,573,2026081573,9592,4328,0
bundibugyo_2007,base_ops,574,2026081574,9792,4433,0
bundibugyo_2007,base_ops,575,2026081575,9649,4329,0
bundibugyo_2007,base_ops,576,2026081576,9399,4265,0
bundibugyo_2007,base_ops,577,2026081577,9608,4367,0
bundibugyo_2007,base_ops,578,2026081578,9613,4364,0
bundibugyo_2007,base_ops,579,2026081579,9757,4409,0
bundibugyo_2007,base_ops,580,2026081580,9816,4461,0
bundibugyo_2007,base_ops,581,2026081581,9782,4393,0
bundibugyo_2007,base_ops,582,2026081582,9476,4315,0
bundibugyo_2007,base_ops,583,2026081583,9680,4337,0
bundibugyo_2007,base_ops,584,2026081584,8880,4017,0
bundibugyo_2007,base_ops,585,2026081585,9765,4411,0
bundibugyo_2007,base_ops,586,2026081586,9599,4368,0
bundibugyo_2007,base_ops,587,2026081587,9705,4423,0
bundibugyo_2007,base_ops,588,2026081588,9760,4404,0
bundibugyo_2007,base_ops,589,2026081589,9431,4366,0
bundibugyo_2007,base_ops,590,2026081590,9376,4271,0
bundibugyo_2007,base_ops,591,2026081591,9459,4351,0
bundibugyo_2007,base_ops,592,2026081592,9742,4423,0
bundibugyo_2007,base_ops,593,2026081593,9674,4326,0
bundibugyo_2007,base_ops,594,2026081594,9752,4402,0
bundibugyo_2007,base_ops,595,2026081595,9182,4172,0
bundibugyo_2007,base_ops,596,2026081596,9590,4316,0
bundibugyo_2007,base_ops,597,2026081597,9637,4295,0
bundibugyo_2007,base_ops,598,2026081598,9503,4364,0
bundibugyo_2007,base_ops,599,2026081599,9791,4460,0
bundibugyo_2007,base_ops,600,2026081600,9706,4435,0
bundibugyo_2007,base_ops,601,2026081601,9740,4409,0
bundibugyo_2007,base_ops,602,2026081602,9018,4063,0
bundibugyo_2007,base_ops,603,2026081603,9481,4327,0
bundibugyo_2007,base_ops,604,2026081604,9569,4388,0
bundibugyo_2007,base_ops,605,2026081605,9746,4426,0
bundibugyo_2007,base_ops,606,2026081606,9431,4393,0
bundibugyo_2007,base_ops,607,2026081607,9423,4223,0
bundibugyo_2007,base_ops,608,2026081608,9667,4286,0
bundibugyo_2007,base_ops,609,2026081609,9660,4382,0
bundibugyo_2007,base_ops,610,2026081610,9401,4272,0
bundibugyo_2007,base_ops,611,2026081611,9731,4459,0
bundibugyo_2007,base_ops,612,2026081612,9545,4393,0
bundibugyo_2007,base_ops,613,2026081613,9517,4312,0
bundibugyo_2007,base_ops,614,2026081614,9480,4328,0
bundibugyo_2007,base_ops,615,2026081615,9540,4287,0
bundibugyo_2007,base_ops,616,2026081616,9750,4416,0
bundibugyo_2007,base_ops,617,2026081617,9313,4242,0
bundibugyo_2007,base_ops,618,2026081618,9555,4301,0
bundibugyo_2007,base_ops,619,2026081619,9482,4300,0
bundibugyo_2007,base_ops,620,2026081620,9023,4138,0
bundibugyo_2007,base_ops,621,2026081621,9284,4165,0
bundibugyo_2007,base_ops,622,2026081622,9504,4269,0
bundibugyo_2007,base_ops,623,2026081623,9763,4468,0
bundibugyo_2007,base_ops,624,2026081624,9419,4277,0
bundibugyo_2007,enhanced_ops,0,2026081000,514,223,0
bundibugyo_2007,enhanced_ops,1,2026081001,783,365,0
bundibugyo_2007,enhanced_ops,2,2026081002,920,417,0
bundibugyo_2007,enhanced_ops,3,2026081003,726,332,0
bundibugyo_2007,enhanced_ops,4,2026081004,736,314,0
bundibugyo_2007,enhanced_ops,5,2026081005,959,447,0
bundibugyo_2007,enhanced_ops,6,2026081006,533,266,0
bundibugyo_2007,enhanced_ops,7,2026081007,854,376,0
bundibugyo_2007,enhanced_ops,8,2026081008,528,250,0
bundibugyo_2007,enhanced_ops,9,2026081009,663,329,0
bundibugyo_2007,enhanced_ops,10,2026081010,865,400,0
bundibugyo_2007,enhanced_ops,11,2026081011,795,364,0
bundibugyo_2007,enhanced_ops,12,2026081012,726,334,0
bundibugyo_2007,enhanced_ops,13,2026081013,680,308,0
bundibugyo_2007,enhanced_ops,14,2026081014,558,247,0
bundibugyo_2007,enhanced_ops,15,2026081015,1068,471,0
bundibugyo_2007,enhanced_ops,16,2026081016,523,238,0
bundibugyo_2007,enhanced_ops,17,2026081017,550,264,0
bundibugyo_2007,enhanced_ops,18,2026081018,589,287,0
bundibugyo_2007,enhanced_ops,19,2026081019,1019,479,0
bundibugyo_2007,enhanced_ops,20,2026081020,1000,466,0
bundibugyo_2007,enhanced_ops,21,2026081021,904,397,0
bundibugyo_2007,enhanced_ops,22,2026081022,575,265,0
bundibugyo_2007,enhanced_ops,23,2026081023,639,290,0
bundibugyo_2007,enhanced_ops,24,2026081024,688,323,0
bundibugyo_2007,enhanced_ops,25,2026081025,754,350,0
bundibugyo_2007,enhanced_ops,26,2026081026,474,223,0
bundibugyo_2007,enhanced_ops,27,2026081027,787,358,0
bundibugyo_2007,enhanced_ops,28,2026081028,797,359,0
bundibugyo_2007,enhanced_ops,29,2026081029,834,379,0
bundibugyo_2007,enhanced_ops,30,2026081030,523,237,0
bundibugyo_2007,enhanced_ops,31,2026081031,670,303,0
bundibugyo_2007,enhanced_ops,32,2026081032,841,393,0
bundibugyo_2007,enhanced_ops,33,2026081033,883,412,0
bundibugyo_2007,enhanced_ops,34,2026081034,740,357,0
bundibugyo_2007,enhanced_ops,35,2026081035,643,274,0
bundibugyo_2007,enhanced_ops,36,2026081036,674,327,0
bundibugyo_2007,enhanced_ops,37,2026081037,914,404,0
bundibugyo_2007,enhanced_ops,38,2026081038,670,312,0
bundibugyo_2007,enhanced_ops,39,2026081039,549,254,0
bundibugyo_2007,enhanced_ops,40,2026081040,475,217,0
bundibugyo_2007,enhanced_ops,41,2026081041,747,352,0
bundibugyo_2007,enhanced_ops,42,2026081042,1063,510,0
bundibugyo_2007,enhanced_ops,43,2026081043,693,315,0
bundibugyo_2007,enhanced_ops,44,2026081044,541,258,0
bundibugyo_2007,enhanced_ops,45,2026081045,813,379,0
bundibugyo_2007,enhanced_ops,46,2026081046,747,334,0
bundibugyo_2007,enhanced_ops,47,2026081047,503,218,0
bundibugyo_2007,enhanced_ops,48,2026081048,960,430,0
bundibugyo_2007,enhanced_ops,49,2026081049,391,157,0
bundibugyo_2007,enhanced_ops,50,2026081050,947,430,0
bundibugyo_2007,enhanced_ops,51,2026081051,300,129,0
bundibugyo_2007,enhanced_ops,52,2026081052,683,308,0
bundibugyo_2007,enhanced_ops,53,2026081053,807,368,0
bundibugyo_2007,enhanced_ops,54,2026081054,418,205,0
bundibugyo_2007,enhanced_ops,55,2026081055,710,333,0
bundibugyo_2007,enhanced_ops,56,2026081056,400,185,0
bundibugyo_2007,enhanced_ops,57,2026081057,907,420,0
bundibugyo_2007,enhanced_ops,58,2026081058,449,196,0
bundibugyo_2007,enhanced_ops,59,2026081059,1227,526,0
bundibugyo_2007,enhanced_ops,60,2026081060,736,323,0
bundibugyo_2007,enhanced_ops,61,2026081061,626,297,0
bundibugyo_2007,enhanced_ops,62,2026081062,562,251,0
bundibugyo_2007,enhanced_ops,63,2026081063,672,310,0
bundibugyo_2007,enhanced_ops,64,2026081064,676,303,0
bundibugyo_2007,enhanced_ops,65,2026081065,1112,501,0
bundibugyo_2007,enhanced_ops,66,2026081066,474,217,0
bundibugyo_2007,enhanced_ops,67,2026081067,378,163,0
bundibugyo_2007,enhanced_ops,68,2026081068,586,257,0
bundibugyo_2007,enhanced_ops,69,2026081069,998,453,0
bundibugyo_2007,enhanced_ops,70,2026081070,637,307,0
bundibugyo_2007,enhanced_ops,71,2026081071,748,347,0
bundibugyo_2007,enhanced_ops,72,2026081072,575,278,0
bundibugyo_2007,enhanced_ops,73,2026081073,973,437,0
bundibugyo_2007,enhanced_ops,74,2026081074,924,428,0
bundibugyo_2007,enhanced_ops,75,2026081075,568,249,0
bundibugyo_2007,enhanced_ops,76,2026081076,817,353,0
bundibugyo_2007,enhanced_ops,77,2026081077,1157,529,0
bundibugyo_2007,enhanced_ops,78,2026081078,1026,463,0
bundibugyo_2007,enhanced_ops,79,2026081079,712,308,0
bundibugyo_2007,enhanced_ops,80,2026081080,733,322,0
bundibugyo_2007,enhanced_ops,81,2026081081,504,215,0
bundibugyo_2007,enhanced_ops,82,2026081082,487,241,0
bundibugyo_2007,enhanced_ops,83,2026081083,1046,463,0
bundibugyo_2007,enhanced_ops,84,2026081084,1145,512,0
bundibugyo_2007,enhanced_ops,85,2026081085,475,222,0
bundibugyo_2007,enhanced_ops,86,2026081086,662,295,0
bundibugyo_2007,enhanced_ops,87,2026081087,882,376,0
bundibugyo_2007,enhanced_ops,88,2026081088,545,247,0
bundibugyo_2007,enhanced_ops,89,2026081089,709,342,0
bundibugyo_2007,enhanced_ops,90,2026081090,571,239,0
bundibugyo_2007,enhanced_ops,91,2026081091,539,249,0
bundibugyo_2007,enhanced_ops,92,2026081092,367,163,0
bundibugyo_2007,enhanced_ops,93,2026081093,744,338,0
bundibugyo_2007,enhanced_ops,94,2026081094,1063,514,0
bundibugyo_2007,enhanced_ops,95,2026081095,711,317,0
bundibugyo_2007,enhanced_ops,96,2026081096,712,303,0
bundibugyo_2007,enhanced_ops,97,2026081097,642,275,0
bundibugyo_2007,enhanced_ops,98,2026081098,817,379,0
bundibugyo_2007,enhanced_ops,99,2026081099,743,346,0
bundibugyo_2007,enhanced_ops,100,2026081100,718,329,0
bundibugyo_2007,enhanced_ops,101,2026081101,550,286,0
bundibugyo_2007,enhanced_ops,102,2026081102,885,390,0
bundibugyo_2007,enhanced_ops,103,2026081103,553,243,0
bundibugyo_2007,enhanced_ops,104,2026081104,1059,482,0
bundibugyo_2007,enhanced_ops,105,2026081105,659,286,0
bundibugyo_2007,enhanced_ops,106,2026081106,620,276,0
bundibugyo_2007,enhanced_ops,107,2026081107,910,409,0
bundibugyo_2007,enhanced_ops,108,2026081108,1126,514,0
bundibugyo_2007,enhanced_ops,109,2026081109,502,211,0
bundibugyo_2007,enhanced_ops,110,2026081110,669,313,0
bundibugyo_2007,enhanced_ops,111,2026081111,429,197,0
bundibugyo_2007,enhanced_ops,112,2026081112,896,384,0
bundibugyo_2007,enhanced_ops,113,2026081113,750,329,0
bundibugyo_2007,enhanced_ops,114,2026081114,923,449,0
bundibugyo_2007,enhanced_ops,115,2026081115,561,263,0
bundibugyo_2007,enhanced_ops,116,2026081116,739,342,0
bundibugyo_2007,enhanced_ops,117,2026081117,762,319,0
bundibugyo_2007,enhanced_ops,118,2026081118,765,354,0
bundibugyo_2007,enhanced_ops,119,2026081119,901,405,0
bundibugyo_2007,enhanced_ops,120,2026081120,917,426,0
bundibugyo_2007,enhanced_ops,121,2026081121,808,404,0
bundibugyo_2007,enhanced_ops,122,2026081122,656,305,0
bundibugyo_2007,enhanced_ops,123,2026081123,422,212,0
bundibugyo_2007,enhanced_ops,124,2026081124,903,388,0
bundibugyo_2007,enhanced_ops,125,2026081125,779,354,0
bundibugyo_2007,enhanced_ops,126,2026081126,1148,508,0
bundibugyo_2007,enhanced_ops,127,2026081127,896,403,0
bundibugyo_2007,enhanced_ops,128,2026081128,724,308,0
bundibugyo_2007,enhanced_ops,129,2026081129,1110,523,0
bundibugyo_2007,enhanced_ops,130,2026081130,869,396,0
bundibugyo_2007,enhanced_ops,131,2026081131,596,266,0
bundibugyo_2007,enhanced_ops,132,2026081132,379,197,0
bundibugyo_2007,enhanced_ops,133,2026081133,677,311,0
bundibugyo_2007,enhanced_ops,134,2026081134,953,434,0
bundibugyo_2007,enhanced_ops,135,2026081135,581,248,0
bundibugyo_2007,enhanced_ops,136,2026081136,602,264,0
bundibugyo_2007,enhanced_ops,137,2026081137,594,257,0
bundibugyo_2007,enhanced_ops,138,2026081138,1010,477,0
bundibugyo_2007,enhanced_ops,139,2026081139,768,345,0
bundibugyo_2007,enhanced_ops,140,2026081140,673,301,0
bundibugyo_2007,enhanced_ops,141,2026081141,921,421,0
bundibugyo_2007,enhanced_ops,142,2026081142,722,317,0
bundibugyo_2007,enhanced_ops,143,2026081143,471,217,0
bundibugyo_2007,enhanced_ops,144,2026081144,1024,456,0
bundibugyo_2007,enhanced_ops,145,2026081145,536,238,0
bundibugyo_2007,enhanced_ops,146,2026081146,608,263,0
bundibugyo_2007,enhanced_ops,147,2026081147,492,225,0
bundibugyo_2007,enhanced_ops,148,2026081148,362,155,0
bundibugyo_2007,enhanced_ops,149,2026081149,477,218,0
bundibugyo_2007,enhanced_ops,150,2026081150,681,304,0
bundibugyo_2007,enhanced_ops,151,2026081151,679,296,0
bundibugyo_2007,enhanced_ops,152,2026081152,912,389,0
bundibugyo_2007,enhanced_ops,153,2026081153,692,303,0
bundibugyo_2007,enhanced_ops,154,2026081154,732,332,0
bundibugyo_2007,enhanced_ops,155,2026081155,582,260,0
bundibugyo_2007,enhanced_ops,156,2026081156,925,434,0
bundibugyo_2007,enhanced_ops,157,2026081157,560,273,0
bundibugyo_2007,enhanced_ops,158,2026081158,1012,475,0
bundibugyo_2007,enhanced_ops,159,2026081159,646,294,0
bundibugyo_2007,enhanced_ops,160,2026081160,718,317,0
bundibugyo_2007,enhanced_ops,161,2026081161,401,187,0
bundibugyo_2007,enhanced_ops,162,2026081162,803,345,0
bundibugyo_2007,enhanced_ops,163,2026081163,840,386,0
bundibugyo_2007,enhanced_ops,164,2026081164,520,224,0
bundibugyo_2007,enhanced_ops,165,2026081165,402,184,0
bundibugyo_2007,enhanced_ops,166,2026081166,1012,442,0
bundibugyo_2007,enhanced_ops,167,2026081167,741,351,0
bundibugyo_2007,enhanced_ops,168,2026081168,879,416,0
bundibugyo_2007,enhanced_ops,169,2026081169,707,327,0
bundibugyo_2007,enhanced_ops,170,2026081170,677,286,0
bundibugyo_2007,enhanced_ops,171,2026081171,684,290,0
bundibugyo_2007,enhanced_ops,172,2026081172,806,369,0
bundibugyo_2007,enhanced_ops,173,2026081173,776,382,0
bundibugyo_2007,enhanced_ops,174,2026081174,326,152,0
bundibugyo_2007,enhanced_ops,175,2026081175,1023,480,0
bundibugyo_2007,enhanced_ops,176,2026081176,940,416,0
bundibugyo_2007,enhanced_ops,177,2026081177,887,434,0
bundibugyo_2007,enhanced_ops,178,2026081178,764,346,0
bundibugyo_2007,enhanced_ops,179,2026081179,418,189,0
bundibugyo_2007,enhanced_ops,180,2026081180,763,363,0
bundibugyo_2007,enhanced_ops,181,2026081181,749,328,0
bundibugyo_2007,enhanced_ops,182,2026081182,659,288,0
bundibugyo_2007,enhanced_ops,183,2026081183,749,342,0
bundibugyo_2007,enhanced_ops,184,2026081184,924,396,0
bundibugyo_2007,enhanced_ops,185,2026081185,557,235,0
bundibugyo_2007,enhanced_ops,186,2026081186,545,229,0
bundibugyo_2007,enhanced_ops,187,2026081187,927,419,0
bundibugyo_2007,enhanced_ops,188,2026081188,1028,444,0
bundibugyo_2007,enhanced_ops,189,2026081189,545,227,0
bundibugyo_2007,enhanced_ops,190,2026081190,662,333,0
bundibugyo_2007,enhanced_ops,191,2026081191,711,315,0
bundibugyo_2007,enhanced_ops,192,2026081192,1110,516,0
bundibugyo_2007,enhanced_ops,193,2026081193,951,442,0
bundibugyo_2007,enhanced_ops,194,2026081194,577,268,0
bundibugyo_2007,enhanced_ops,195,2026081195,1064,462,0
bundibugyo_2007,enhanced_ops,196,2026081196,628,287,0
bundibugyo_2007,enhanced_ops,197,2026081197,904,415,0
bundibugyo_2007,enhanced_ops,198,2026081198,376,175,0
bundibugyo_2007,enhanced_ops,199,2026081199,306,136,0
bundibugyo_2007,enhanced_ops,200,2026081200,817,378,0
bundibugyo_2007,enhanced_ops,201,2026081201,661,301,0
bundibugyo_2007,enhanced_ops,202,2026081202,787,382,0
bundibugyo_2007,enhanced_ops,203,2026081203,615,283,0
bundibugyo_2007,enhanced_ops,204,2026081204,773,363,0
bundibugyo_2007,enhanced_ops,205,2026081205,268,122,0
bundibugyo_2007,enhanced_ops,206,2026081206,464,204,0
bundibugyo_2007,enhanced_ops,207,2026081207,597,258,0
bundibugyo_2007,enhanced_ops,208,2026081208,914,417,0
bundibugyo_2007,enhanced_ops,209,2026081209,743,339,0
bundibugyo_2007,enhanced_ops,210,2026081210,727,346,0
bundibugyo_2007,enhanced_ops,211,2026081211,405,193,0
bundibugyo_2007,enhanced_ops,212,2026081212,359,166,0
bundibugyo_2007,enhanced_ops,213,2026081213,1045,490,0
bundibugyo_2007,enhanced_ops,214,2026081214,368,168,0
bundibugyo_2007,enhanced_ops,215,2026081215,617,272,0
bundibugyo_2007,enhanced_ops,216,2026081216,773,375,0
bundibugyo_2007,enhanced_ops,217,2026081217,513,255,0
bundibugyo_2007,enhanced_ops,218,2026081218,610,278,0
bundibugyo_2007,enhanced_ops,219,2026081219,503,243,0
bundibugyo_2007,enhanced_ops,220,2026081220,361,162,0
bundibugyo_2007,enhanced_ops,221,2026081221,712,351,0
bundibugyo_2007,enhanced_ops,222,2026081222,840,385,0
bundibugyo_2007,enhanced_ops,223,2026081223,691,300,0
bundibugyo_2007,enhanced_ops,224,2026081224,1000,486,0
bundibugyo_2007,enhanced_ops,225,2026081225,593,274,0
bundibugyo_2007,enhanced_ops,226,2026081226,572,266,0
bundibugyo_2007,enhanced_ops,227,2026081227,882,413,0
bundibugyo_2007,enhanced_ops,228,2026081228,944,448,0
bundibugyo_2007,enhanced_ops,229,2026081229,588,265,0
bundibugyo_2007,enhanced_ops,230,2026081230,719,330,0
bundibugyo_2007,enhanced_ops,231,2026081231,1019,465,0
bundibugyo_2007,enhanced_ops,232,2026081232,806,367,0
bundibugyo_2007,enhanced_ops,233,2026081233,911,427,0
bundibugyo_2007,enhanced_ops,234,2026081234,812,371,0
bundibugyo_2007,enhanced_ops,235,2026081235,610,284,0
bundibugyo_2007,enhanced_ops,236,2026081236,800,360,0
bundibugyo_2007,enhanced_ops,237,2026081237,746,338,0
bundibugyo_2007,enhanced_ops,238,2026081238,402,182,0
bundibugyo_2007,enhanced_ops,239,2026081239,713,304,0
bundibugyo_2007,enhanced_ops,240,2026081240,802,354,0
bundibugyo_2007,enhanced_ops,241,2026081241,802,354,0
bundibugyo_2007,enhanced_ops,242,2026081242,701,336,0
bundibugyo_2007,enhanced_ops,243,2026081243,657,310,0
bundibugyo_2007,enhanced_ops,244,2026081244,714,335,0
bundibugyo_2007,enhanced_ops,245,2026081245,580,272,0
bundibugyo_2007,enhanced_ops,246,2026081246,643,267,0
bundibugyo_2007,enhanced_ops,247,2026081247,773,347,0
bundibugyo_2007,enhanced_ops,248,2026081248,1028,468,0
bundibugyo_2007,enhanced_ops,249,2026081249,690,309,0
bundibugyo_2007,enhanced_ops,250,2026081250,943,426,0
bundibugyo_2007,enhanced_ops,251,2026081251,1313,623,0
bundibugyo_2007,enhanced_ops,252,2026081252,1069,485,0
bundibugyo_2007,enhanced_ops,253,2026081253,719,305,0
bundibugyo_2007,enhanced_ops,254,2026081254,652,296,0
bundibugyo_2007,enhanced_ops,255,2026081255,413,194,0
bundibugyo_2007,enhanced_ops,256,2026081256,758,345,0
bundibugyo_2007,enhanced_ops,257,2026081257,800,364,0
bundibugyo_2007,enhanced_ops,258,2026081258,534,247,0
bundibugyo_2007,enhanced_ops,259,2026081259,766,341,0
bundibugyo_2007,enhanced_ops,260,2026081260,557,258,0
bundibugyo_2007,enhanced_ops,261,2026081261,703,357,0
bundibugyo_2007,enhanced_ops,262,2026081262,538,240,0
bundibugyo_2007,enhanced_ops,263,2026081263,470,215,0
bundibugyo_2007,enhanced_ops,264,2026081264,974,465,0
bundibugyo_2007,enhanced_ops,265,2026081265,507,214,0
bundibugyo_2007,enhanced_ops,266,2026081266,725,315,0
bundibugyo_2007,enhanced_ops,267,2026081267,757,356,0
bundibugyo_2007,enhanced_ops,268,2026081268,860,430,0
bundibugyo_2007,enhanced_ops,269,2026081269,1022,479,0
bundibugyo_2007,enhanced_ops,270,2026081270,700,330,0
bundibugyo_2007,enhanced_ops,271,2026081271,624,261,0
bundibugyo_2007,enhanced_ops,272,2026081272,463,204,0
bundibugyo_2007,enhanced_ops,273,2026081273,756,341,0
bundibugyo_2007,enhanced_ops,274,2026081274,679,301,0
bundibugyo_2007,enhanced_ops,275,2026081275,933,421,0
bundibugyo_2007,enhanced_ops,276,2026081276,681,333,0
bundibugyo_2007,enhanced_ops,277,2026081277,904,397,0
bundibugyo_2007,enhanced_ops,278,2026081278,486,218,0
bundibugyo_2007,enhanced_ops,279,2026081279,853,388,0
bundibugyo_2007,enhanced_ops,280,2026081280,907,422,0
bundibugyo_2007,enhanced_ops,281,2026081281,359,165,0
bundibugyo_2007,enhanced_ops,282,2026081282,670,297,0
bundibugyo_2007,enhanced_ops,283,2026081283,559,270,0
bundibugyo_2007,enhanced_ops,284,2026081284,807,374,0
bundibugyo_2007,enhanced_ops,285,2026081285,683,305,0
bundibugyo_2007,enhanced_ops,286,2026081286,989,451,0
bundibugyo_2007,enhanced_ops,287,2026081287,641,315,0
bundibugyo_2007,enhanced_ops,288,2026081288,626,288,0
bundibugyo_2007,enhanced_ops,289,2026081289,590,261,0
bundibugyo_2007,enhanced_ops,290,2026081290,721,315,0
bundibugyo_2007,enhanced_ops,291,2026081291,793,363,0
bundibugyo_2007,enhanced_ops,292,2026081292,658,292,0
bundibugyo_2007,enhanced_ops,293,2026081293,779,354,0
bundibugyo_2007,enhanced_ops,294,2026081294,841,386,0
bundibugyo_2007,enhanced_ops,295,2026081295,594,272,0
bundibugyo_2007,enhanced_ops,296,2026081296,1080,501,0
bundibugyo_2007,enhanced_ops,297,2026081297,840,378,0
bundibugyo_2007,enhanced_ops,298,2026081298,749,352,0
bundibugyo_2007,enhanced_ops,299,2026081299,585,282,0
bundibugyo_2007,enhanced_ops,300,2026081300,891,375,0
bundibugyo_2007,enhanced_ops,301,2026081301,913,398,0
bundibugyo_2007,enhanced_ops,302,2026081302,692,318,0
bundibugyo_2007,enhanced_ops,303,2026081303,392,184,0
bundibugyo_2007,enhanced_ops,304,2026081304,906,428,0
bundibugyo_2007,enhanced_ops,305,2026081305,750,320,0
bundibugyo_2007,enhanced_ops,306,2026081306,427,203,0
bundibugyo_2007,enhanced_ops,307,2026081307,373,156,0
bundibugyo_2007,enhanced_ops,308,2026081308,674,298,0
bundibugyo_2007,enhanced_ops,309,2026081309,855,400,0
bundibugyo_2007,enhanced_ops,310,2026081310,538,246,0
bundibugyo_2007,enhanced_ops,311,2026081311,779,359,0
bundibugyo_2007,enhanced_ops,312,2026081312,770,342,0
bundibugyo_2007,enhanced_ops,313,2026081313,329,132,0
bundibugyo_2007,enhanced_ops,314,2026081314,770,345,0
bundibugyo_2007,enhanced_ops,315,2026081315,858,377,0
bundibugyo_2007,enhanced_ops,316,2026081316,1116,494,0
bundibugyo_2007,enhanced_ops,317,2026081317,981,440,0
bundibugyo_2007,enhanced_ops,318,2026081318,1020,472,0
bundibugyo_2007,enhanced_ops,319,2026081319,954,428,0
bundibugyo_2007,enhanced_ops,320,2026081320,335,149,0
bundibugyo_2007,enhanced_ops,321,2026081321,787,366,0
bundibugyo_2007,enhanced_ops,322,2026081322,345,151,0
bundibugyo_2007,enhanced_ops,323,2026081323,542,241,0
bundibugyo_2007,enhanced_ops,324,2026081324,706,317,0
bundibugyo_2007,enhanced_ops,325,2026081325,810,363,0
bundibugyo_2007,enhanced_ops,326,2026081326,547,244,0
bundibugyo_2007,enhanced_ops,327,2026081327,778,354,0
bundibugyo_2007,enhanced_ops,328,2026081328,869,414,0
bundibugyo_2007,enhanced_ops,329,2026081329,677,315,0
bundibugyo_2007,enhanced_ops,330,2026081330,498,213,0
bundibugyo_2007,enhanced_ops,331,2026081331,455,195,0
bundibugyo_2007,enhanced_ops,332,2026081332,518,222,0
bundibugyo_2007,enhanced_ops,333,2026081333,445,207,0
bundibugyo_2007,enhanced_ops,334,2026081334,742,341,0
bundibugyo_2007,enhanced_ops,335,2026081335,728,329,0
bundibugyo_2007,enhanced_ops,336,2026081336,764,339,0
bundibugyo_2007,enhanced_ops,337,2026081337,686,298,0
bundibugyo_2007,enhanced_ops,338,2026081338,876,414,0
bundibugyo_2007,enhanced_ops,339,2026081339,752,333,0
bundibugyo_2007,enhanced_ops,340,2026081340,693,312,0
bundibugyo_2007,enhanced_ops,341,2026081341,556,260,0
bundibugyo_2007,enhanced_ops,342,2026081342,607,273,0
bundibugyo_2007,enhanced_ops,343,2026081343,751,337,0
bundibugyo_2007,enhanced_ops,344,2026081344,779,344,0
bundibugyo_2007,enhanced_ops,345,2026081345,1066,527,0
bundibugyo_2007,enhanced_ops,346,2026081346,737,341,0
bundibugyo_2007,enhanced_ops,347,2026081347,657,317,0
bundibugyo_2007,enhanced_ops,348,2026081348,530,234,0
bundibugyo_2007,enhanced_ops,349,2026081349,666,293,0
bundibugyo_2007,enhanced_ops,350,2026081350,631,288,0
bundibugyo_2007,enhanced_ops,351,2026081351,559,254,0
bundibugyo_2007,enhanced_ops,352,2026081352,679,316,0
bundibugyo_2007,enhanced_ops,353,2026081353,1109,513,0
bundibugyo_2007,enhanced_ops,354,2026081354,646,309,0
bundibugyo_2007,enhanced_ops,355,2026081355,755,350,0
bundibugyo_2007,enhanced_ops,356,2026081356,992,408,0
bundibugyo_2007,enhanced_ops,357,2026081357,430,197,0
bundibugyo_2007,enhanced_ops,358,2026081358,585,249,0
bundibugyo_2007,enhanced_ops,359,2026081359,494,223,0
bundibugyo_2007,enhanced_ops,360,2026081360,605,276,0
bundibugyo_2007,enhanced_ops,361,2026081361,875,378,0
bundibugyo_2007,enhanced_ops,362,2026081362,782,327,0
bundibugyo_2007,enhanced_ops,363,2026081363,1645,720,0
bundibugyo_2007,enhanced_ops,364,2026081364,684,311,0
bundibugyo_2007,enhanced_ops,365,2026081365,723,315,0
bundibugyo_2007,enhanced_ops,366,2026081366,962,451,0
bundibugyo_2007,enhanced_ops,367,2026081367,520,234,0
bundibugyo_2007,enhanced_ops,368,2026081368,859,405,0
bundibugyo_2007,enhanced_ops,369,2026081369,430,198,0
bundibugyo_2007,enhanced_ops,370,2026081370,605,283,0
bundibugyo_2007,enhanced_ops,371,2026081371,829,354,0
bundibugyo_2007,enhanced_ops,372,2026081372,541,238,0
bundibugyo_2007,enhanced_ops,373,2026081373,577,254,0
bundibugyo_2007,enhanced_ops,374,2026081374,770,357,0
bundibugyo_2007,enhanced_ops,375,2026081375,739,326,0
bundibugyo_2007,enhanced_ops,376,2026081376,720,311,0
bundibugyo_2007,enhanced_ops,377,2026081377,774,366,0
bundibugyo_2007,enhanced_ops,378,2026081378,1074,485,0
bundibugyo_2007,enhanced_ops,379,2026081379,1067,469,0
bundibugyo_2007,enhanced_ops,380,2026081380,591,270,0
bundibugyo_2007,enhanced_ops,381,2026081381,1258,612,0
bundibugyo_2007,enhanced_ops,382,2026081382,328,157,0
bundibugyo_2007,enhanced_ops,383,2026081383,523,234,0
bundibugyo_2007,enhanced_ops,384,2026081384,641,298,0
bundibugyo_2007,enhanced_ops,385,2026081385,591,275,0
bundibugyo_2007,enhanced_ops,386,2026081386,601,260,0
bundibugyo_2007,enhanced_ops,387,2026081387,720,344,0
bundibugyo_2007,enhanced_ops,388,2026081388,780,355,0
bundibugyo_2007,enhanced_ops,389,2026081389,481,234,0
bundibugyo_2007,enhanced_ops,390,2026081390,1047,495,0
bundibugyo_2007,enhanced_ops,391,2026081391,536,254,0
bundibugyo_2007,enhanced_ops,392,2026081392,985,430,0
bundibugyo_2007,enhanced_ops,393,2026081393,402,175,0
bundibugyo_2007,enhanced_ops,394,2026081394,489,215,0
bundibugyo_2007,enhanced_ops,395,2026081395,587,284,0
bundibugyo_2007,enhanced_ops,396,2026081396,444,214,0
bundibugyo_2007,enhanced_ops,397,2026081397,477,210,0
bundibugyo_2007,enhanced_ops,398,2026081398,554,250,0
bundibugyo_2007,enhanced_ops,399,2026081399,597,249,0
bundibugyo_2007,enhanced_ops,400,2026081400,734,369,0
bundibugyo_2007,enhanced_ops,401,2026081401,964,429,0
bundibugyo_2007,enhanced_ops,402,2026081402,564,249,0
bundibugyo_2007,enhanced_ops,403,2026081403,780,364,0
bundibugyo_2007,enhanced_ops,404,2026081404,552,252,0
bundibugyo_2007,enhanced_ops,405,2026081405,732,355,0
bundibugyo_2007,enhanced_ops,406,2026081406,846,383,0
bundibugyo_2007,enhanced_ops,407,2026081407,769,342,0
bundibugyo_2007,enhanced_ops,408,2026081408,800,348,0
bundibugyo_2007,enhanced_ops,409,2026081409,574,256,0
bundibugyo_2007,enhanced_ops,410,2026081410,662,302,0
bundibugyo_2007,enhanced_ops,411,2026081411,773,349,0
bundibugyo_2007,enhanced_ops,412,2026081412,567,264,0
bundibugyo_2007,enhanced_ops,413,2026081413,750,346,0
bundibugyo_2007,enhanced_ops,414,2026081414,551,237,0
bundibugyo_2007,enhanced_ops,415,2026081415,558,250,0
bundibugyo_2007,enhanced_ops,416,2026081416,766,331,0
bundibugyo_2007,enhanced_ops,417,2026081417,906,393,0
bundibugyo_2007,enhanced_ops,418,2026081418,553,238,0
bundibugyo_2007,enhanced_ops,419,2026081419,582,276,0
bundibugyo_2007,enhanced_ops,420,2026081420,436,202,0
bundibugyo_2007,enhanced_ops,421,2026081421,690,309,0
bundibugyo_2007,enhanced_ops,422,2026081422,474,225,0
bundibugyo_2007,enhanced_ops,423,2026081423,1164,540,0
bundibugyo_2007,enhanced_ops,424,2026081424,772,339,0
bundibugyo_2007,enhanced_ops,425,2026081425,744,314,0
bundibugyo_2007,enhanced_ops,426,2026081426,656,314,0
bundibugyo_2007,enhanced_ops,427,2026081427,574,277,0
bundibugyo_2007,enhanced_ops,428,2026081428,632,298,0
bundibugyo_2007,enhanced_ops,429,2026081429,415,192,0
bundibugyo_2007,enhanced_ops,430,2026081430,451,197,0
bundibugyo_2007,enhanced_ops,431,2026081431,759,326,0
bundibugyo_2007,enhanced_ops,432,2026081432,744,332,0
bundibugyo_2007,enhanced_ops,433,2026081433,788,366,0
bundibugyo_2007,enhanced_ops,434,2026081434,478,219,0
bundibugyo_2007,enhanced_ops,435,2026081435,673,293,0
bundibugyo_2007,enhanced_ops,436,2026081436,1098,509,0
bundibugyo_2007,enhanced_ops,437,2026081437,615,290,0
bundibugyo_2007,enhanced_ops,438,2026081438,580,264,0
bundibugyo_2007,enhanced_ops,439,2026081439,827,376,0
bundibugyo_2007,enhanced_ops,440,2026081440,1164,564,0
bundibugyo_2007,enhanced_ops,441,2026081441,809,385,0
bundibugyo_2007,enhanced_ops,442,2026081442,351,155,0
bundibugyo_2007,enhanced_ops,443,2026081443,772,370,0
bundibugyo_2007,enhanced_ops,444,2026081444,1310,605,0
bundibugyo_2007,enhanced_ops,445,2026081445,646,295,0
bundibugyo_2007,enhanced_ops,446,2026081446,697,317,0
bundibugyo_2007,enhanced_ops,447,2026081447,611,253,0
bundibugyo_2007,enhanced_ops,448,2026081448,827,374,0
bundibugyo_2007,enhanced_ops,449,2026081449,618,286,0
bundibugyo_2007,enhanced_ops,450,2026081450,889,399,0
bundibugyo_2007,enhanced_ops,451,2026081451,770,360,0
bundibugyo_2007,enhanced_ops,452,2026081452,548,226,0
bundibugyo_2007,enhanced_ops,453,2026081453,446,203,0
bundibugyo_2007,enhanced_ops,454,2026081454,684,303,0
bundibugyo_2007,enhanced_ops,455,2026081455,800,357,0
bundibugyo_2007,enhanced_ops,456,2026081456,719,328,0
bundibugyo_2007,enhanced_ops,457,2026081457,575,261,0
bundibugyo_2007,enhanced_ops,458,2026081458,878,394,0
bundibugyo_2007,enhanced_ops,459,2026081459,703,327,0
bundibugyo_2007,enhanced_ops,460,2026081460,726,327,0
bundibugyo_2007,enhanced_ops,461,2026081461,515,241,0
bundibugyo_2007,enhanced_ops,462,2026081462,666,308,0
bundibugyo_2007,enhanced_ops,463,2026081463,758,342,0
bundibugyo_2007,enhanced_ops,464,2026081464,533,223,0
bundibugyo_2007,enhanced_ops,465,2026081465,796,365,0
bundibugyo_2007,enhanced_ops,466,2026081466,565,264,0
bundibugyo_2007,enhanced_ops,467,2026081467,512,240,0
bundibugyo_2007,enhanced_ops,468,2026081468,433,199,0
bundibugyo_2007,enhanced_ops,469,2026081469,446,192,0
bundibugyo_2007,enhanced_ops,470,2026081470,739,349,0
bundibugyo_2007,enhanced_ops,471,2026081471,410,184,0
bundibugyo_2007,enhanced_ops,472,2026081472,617,287,0
bundibugyo_2007,enhanced_ops,473,2026081473,706,336,0
bundibugyo_2007,enhanced_ops,474,2026081474,700,308,0
bundibugyo_2007,enhanced_ops,475,2026081475,531,232,0
bundibugyo_2007,enhanced_ops,476,2026081476,484,218,0
bundibugyo_2007,enhanced_ops,477,2026081477,780,344,0
bundibugyo_2007,enhanced_ops,478,2026081478,750,334,0
bundibugyo_2007,enhanced_ops,479,2026081479,679,296,0
bundibugyo_2007,enhanced_ops,480,2026081480,525,224,0
bundibugyo_2007,enhanced_ops,481,2026081481,987,449,0
bundibugyo_2007,enhanced_ops,482,2026081482,766,353,0
bundibugyo_2007,enhanced_ops,483,2026081483,685,292,0
bundibugyo_2007,enhanced_ops,484,2026081484,469,207,0
bundibugyo_2007,enhanced_ops,485,2026081485,508,228,0
bundibugyo_2007,enhanced_ops,486,2026081486,747,338,0
bundibugyo_2007,enhanced_ops,487,2026081487,731,340,0
bundibugyo_2007,enhanced_ops,488,2026081488,616,279,0
bundibugyo_2007,enhanced_ops,489,2026081489,894,431,0
bundibugyo_2007,enhanced_ops,490,2026081490,601,251,0
bundibugyo_2007,enhanced_ops,491,2026081491,1023,440,0
bundibugyo_2007,enhanced_ops,492,2026081492,345,146,0
bundibugyo_2007,enhanced_ops,493,2026081493,665,308,0
bundibugyo_2007,enhanced_ops,494,2026081494,864,388,0
bundibugyo_2007,enhanced_ops,495,2026081495,501,211,0
bundibugyo_2007,enhanced_ops,496,2026081496,1013,477,0
bundibugyo_2007,enhanced_ops,497,2026081497,636,269,0
bundibugyo_2007,enhanced_ops,498,2026081498,525,234,0
bundibugyo_2007,enhanced_ops,499,2026081499,816,346,0
bundibugyo_2007,enhanced_ops,500,2026081500,610,270,0
bundibugyo_2007,enhanced_ops,501,2026081501,645,293,0
bundibugyo_2007,enhanced_ops,502,2026081502,550,254,0
bundibugyo_2007,enhanced_ops,503,2026081503,480,214,0
bundibugyo_2007,enhanced_ops,504,2026081504,743,317,0
bundibugyo_2007,enhanced_ops,505,2026081505,613,286,0
bundibugyo_2007,enhanced_ops,506,2026081506,379,156,0
bundibugyo_2007,enhanced_ops,507,2026081507,569,257,0
bundibugyo_2007,enhanced_ops,508,2026081508,1124,479,0
bundibugyo_2007,enhanced_ops,509,2026081509,853,378,0
bundibugyo_2007,enhanced_ops,510,2026081510,928,420,0
bundibugyo_2007,enhanced_ops,511,2026081511,736,339,0
bundibugyo_2007,enhanced_ops,512,2026081512,911,429,0
bundibugyo_2007,enhanced_ops,513,2026081513,1069,500,0
bundibugyo_2007,enhanced_ops,514,2026081514,417,181,0
bundibugyo_2007,enhanced_ops,515,2026081515,700,338,0
bundibugyo_2007,enhanced_ops,516,2026081516,795,328,0
bundibugyo_2007,enhanced_ops,517,2026081517,368,165,0
bundibugyo_2007,enhanced_ops,518,2026081518,413,179,0
bundibugyo_2007,enhanced_ops,519,2026081519,362,155,0
bundibugyo_2007,enhanced_ops,520,2026081520,661,310,0
bundibugyo_2007,enhanced_ops,521,2026081521,574,252,0
bundibugyo_2007,enhanced_ops,522,2026081522,602,295,0
bundibugyo_2007,enhanced_ops,523,2026081523,884,390,0
bundibugyo_2007,enhanced_ops,524,2026081524,533,226,0
bundibugyo_2007,enhanced_ops,525,2026081525,548,264,0
bundibugyo_2007,enhanced_ops,526,2026081526,931,424,0
bundibugyo_2007,enhanced_ops,527,2026081527,723,334,0
bundibugyo_2007,enhanced_ops,528,2026081528,1036,474,0
bundibugyo_2007,enhanced_ops,529,2026081529,684,307,0
bundibugyo_2007,enhanced_ops,530,2026081530,1042,476,0
bundibugyo_2007,enhanced_ops,531,2026081531,864,381,0
bundibugyo_2007,enhanced_ops,532,2026081532,513,224,0
bundibugyo_2007,enhanced_ops,533,2026081533,589,250,0
bundibugyo_2007,enhanced_ops,534,2026081534,487,227,0
bundibugyo_2007,enhanced_ops,535,2026081535,760,323,0
bundibugyo_2007,enhanced_ops,536,2026081536,851,377,0
bundibugyo_2007,enhanced_ops,537,2026081537,806,371,0
bundibugyo_2007,enhanced_ops,538,2026081538,662,299,0
bundibugyo_2007,enhanced_ops,539,2026081539,633,288,0
bundibugyo_2007,enhanced_ops,540,2026081540,560,266,0
bundibugyo_2007,enhanced_ops,541,2026081541,616,259,0
bundibugyo_2007,enhanced_ops,542,2026081542,477,194,0
bundibugyo_2007,enhanced_ops,543,2026081543,729,315,0
bundibugyo_2007,enhanced_ops,544,2026081544,976,461,0
bundibugyo_2007,enhanced_ops,545,2026081545,709,312,0
bundibugyo_2007,enhanced_ops,546,2026081546,690,331,0
bundibugyo_2007,enhanced_ops,547,2026081547,918,405,0
bundibugyo_2007,enhanced_ops,548,2026081548,675,308,0
bundibugyo_2007,enhanced_ops,549,2026081549,1065,500,0
bundibugyo_2007,enhanced_ops,550,2026081550,870,425,0
bundibugyo_2007,enhanced_ops,551,2026081551,753,336,0
bundibugyo_2007,enhanced_ops,552,2026081552,728,313,0
bundibugyo_2007,enhanced_ops,553,2026081553,898,411,0
bundibugyo_2007,enhanced_ops,554,2026081554,628,288,0
bundibugyo_2007,enhanced_ops,555,2026081555,433,205,0
bundibugyo_2007,enhanced_ops,556,2026081556,669,307,0
bundibugyo_2007,enhanced_ops,557,2026081557,534,245,0
bundibugyo_2007,enhanced_ops,558,2026081558,808,367,0
bundibugyo_2007,enhanced_ops,559,2026081559,616,277,0
bundibugyo_2007,enhanced_ops,560,2026081560,870,386,0
bundibugyo_2007,enhanced_ops,561,2026081561,758,328,0
bundibugyo_2007,enhanced_ops,562,2026081562,583,272,0
bundibugyo_2007,enhanced_ops,563,2026081563,381,172,0
bundibugyo_2007,enhanced_ops,564,2026081564,871,376,0
bundibugyo_2007,enhanced_ops,565,2026081565,803,364,0
bundibugyo_2007,enhanced_ops,566,2026081566,413,194,0
bundibugyo_2007,enhanced_ops,567,2026081567,640,286,0
bundibugyo_2007,enhanced_ops,568,2026081568,779,364,0
bundibugyo_2007,enhanced_ops,569,2026081569,700,334,0
bundibugyo_2007,enhanced_ops,570,2026081570,354,157,0
bundibugyo_2007,enhanced_ops,571,2026081571,933,403,0
bundibugyo_2007,enhanced_ops,572,2026081572,900,401,0
bundibugyo_2007,enhanced_ops,573,2026081573,627,288,0
bundibugyo_2007,enhanced_ops,574,2026081574,863,398,0
bundibugyo_2007,enhanced_ops,575,2026081575,491,220,0
bundibugyo_2007,enhanced_ops,576,2026081576,428,175,0
bundibugyo_2007,enhanced_ops,577,2026081577,499,209,0
bundibugyo_2007,enhanced_ops,578,2026081578,744,330,0
bundibugyo_2007,enhanced_ops,579,2026081579,318,151,0
bundibugyo_2007,enhanced_ops,580,2026081580,842,356,0
bundibugyo_2007,enhanced_ops,581,2026081581,997,433,0
bundibugyo_2007,enhanced_ops,582,2026081582,317,132,0
bundibugyo_2007,enhanced_ops,583,2026081583,731,305,0
bundibugyo_2007,enhanced_ops,584,2026081584,638,300,0
bundibugyo_2007,enhanced_ops,585,2026081585,958,420,0
bundibugyo_2007,enhanced_ops,586,2026081586,1022,447,0
bundibugyo_2007,enhanced_ops,587,2026081587,571,266,0
bundibugyo_2007,enhanced_ops,588,2026081588,590,263,0
bundibugyo_2007,enhanced_ops,589,2026081589,733,362,0
bundibugyo_2007,enhanced_ops,590,2026081590,531,231,0
bundibugyo_2007,enhanced_ops,591,2026081591,506,220,0
bundibugyo_2007,enhanced_ops,592,2026081592,413,184,0
bundibugyo_2007,enhanced_ops,593,2026081593,509,239,0
bundibugyo_2007,enhanced_ops,594,2026081594,698,317,0
bundibugyo_2007,enhanced_ops,595,2026081595,560,248,0
bundibugyo_2007,enhanced_ops,596,2026081596,740,322,0
bundibugyo_2007,enhanced_ops,597,2026081597,771,365,0
bundibugyo_2007,enhanced_ops,598,2026081598,438,177,0
bundibugyo_2007,enhanced_ops,599,2026081599,723,315,0
bundibugyo_2007,enhanced_ops,600,2026081600,651,321,0
bundibugyo_2007,enhanced_ops,601,2026081601,802,384,0
bundibugyo_2007,enhanced_ops,602,2026081602,349,158,0
bundibugyo_2007,enhanced_ops,603,2026081603,530,219,0
bundibugyo_2007,enhanced_ops,604,2026081604,569,262,0
bundibugyo_2007,enhanced_ops,605,2026081605,717,298,0
bundibugyo_2007,enhanced_ops,606,2026081606,761,357,0
bundibugyo_2007,enhanced_ops,607,2026081607,789,347,0
bundibugyo_2007,enhanced_ops,608,2026081608,944,421,0
bundibugyo_2007,enhanced_ops,609,2026081609,766,352,0
bundibugyo_2007,enhanced_ops,610,2026081610,481,232,0
bundibugyo_2007,enhanced_ops,611,2026081611,896,422,0
bundibugyo_2007,enhanced_ops,612,2026081612,804,383,0
bundibugyo_2007,enhanced_ops,613,2026081613,691,300,0
bundibugyo_2007,enhanced_ops,614,2026081614,695,320,0
bundibugyo_2007,enhanced_ops,615,2026081615,485,224,0
bundibugyo_2007,enhanced_ops,616,2026081616,971,451,0
bundibugyo_2007,enhanced_ops,617,2026081617,633,292,0
bundibugyo_2007,enhanced_ops,618,2026081618,952,420,0
bundibugyo_2007,enhanced_ops,619,2026081619,676,307,0
bundibugyo_2007,enhanced_ops,620,2026081620,466,219,0
bundibugyo_2007,enhanced_ops,621,2026081621,634,289,0
bundibugyo_2007,enhanced_ops,622,2026081622,606,266,0
bundibugyo_2007,enhanced_ops,623,2026081623,689,315,0
bundibugyo_2007,enhanced_ops,624,2026081624,719,331,0
bundibugyo_2007,enhanced_plus_comm40,0,2026081000,203,88,4000
bundibugyo_2007,enhanced_plus_comm40,1,2026081001,405,191,4000
bundibugyo_2007,enhanced_plus_comm40,2,2026081002,317,119,4000
bundibugyo_2007,enhanced_plus_comm40,3,2026081003,243,107,4000
bundibugyo_2007,enhanced_plus_comm40,4,2026081004,289,118,4000
bundibugyo_2007,enhanced_plus_comm40,5,2026081005,287,122,4000
bundibugyo_2007,enhanced_plus_comm40,6,2026081006,317,144,4000
bundibugyo_2007,enhanced_plus_comm40,7,2026081007,316,134,4000
bundibugyo_2007,enhanced_plus_comm40,8,2026081008,356,168,4000
bundibugyo_2007,enhanced_plus_comm40,9,2026081009,339,166,4000
bundibugyo_2007,enhanced_plus_comm40,10,2026081010,340,147,4000
bundibugyo_2007,enhanced_plus_comm40,11,2026081011,296,135,4000
bundibugyo_2007,enhanced_plus_comm40,12,2026081012,265,127,4000
bundibugyo_2007,enhanced_plus_comm40,13,2026081013,276,112,4000
bundibugyo_2007,enhanced_plus_comm40,14,2026081014,230,95,4000
bundibugyo_2007,enhanced_plus_comm40,15,2026081015,402,151,4000
bundibugyo_2007,enhanced_plus_comm40,16,2026081016,261,112,4000
bundibugyo_2007,enhanced_plus_comm40,17,2026081017,290,129,4000
bundibugyo_2007,enhanced_plus_comm40,18,2026081018,195,102,4000
bundibugyo_2007,enhanced_plus_comm40,19,2026081019,417,182,4000
bundibugyo_2007,enhanced_plus_comm40,20,2026081020,336,145,4000
bundibugyo_2007,enhanced_plus_comm40,21,2026081021,412,171,4000
bundibugyo_2007,enhanced_plus_comm40,22,2026081022,198,86,4000
bundibugyo_2007,enhanced_plus_comm40,23,2026081023,368,160,4000
bundibugyo_2007,enhanced_plus_comm40,24,2026081024,397,174,4000
bundibugyo_2007,enhanced_plus_comm40,25,2026081025,368,143,4000
bundibugyo_2007,enhanced_plus_comm40,26,2026081026,268,114,4000
bundibugyo_2007,enhanced_plus_comm40,27,2026081027,302,139,4000
bundibugyo_2007,enhanced_plus_comm40,28,2026081028,406,157,4000
bundibugyo_2007,enhanced_plus_comm40,29,2026081029,429,189,4000
bundibugyo_2007,enhanced_plus_comm40,30,2026081030,325,150,4000
bundibugyo_2007,enhanced_plus_comm40,31,2026081031,225,103,4000
bundibugyo_2007,enhanced_plus_comm40,32,2026081032,364,148,4000
bundibugyo_2007,enhanced_plus_comm40,33,2026081033,361,156,4000
bundibugyo_2007,enhanced_plus_comm40,34,2026081034,230,119,4000
bundibugyo_2007,enhanced_plus_comm40,35,2026081035,353,133,4000
bundibugyo_2007,enhanced_plus_comm40,36,2026081036,403,182,4000
bundibugyo_2007,enhanced_plus_comm40,37,2026081037,408,167,4000
bundibugyo_2007,enhanced_plus_comm40,38,2026081038,240,111,4000
bundibugyo_2007,enhanced_plus_comm40,39,2026081039,365,147,4000
bundibugyo_2007,enhanced_plus_comm40,40,2026081040,231,97,4000
bundibugyo_2007,enhanced_plus_comm40,41,2026081041,377,158,4000
bundibugyo_2007,enhanced_plus_comm40,42,2026081042,392,181,4000
bundibugyo_2007,enhanced_plus_comm40,43,2026081043,273,112,4000
bundibugyo_2007,enhanced_plus_comm40,44,2026081044,287,122,4000
bundibugyo_2007,enhanced_plus_comm40,45,2026081045,358,166,4000
bundibugyo_2007,enhanced_plus_comm40,46,2026081046,360,156,4000
bundibugyo_2007,enhanced_plus_comm40,47,2026081047,285,104,4000
bundibugyo_2007,enhanced_plus_comm40,48,2026081048,296,136,4000
bundibugyo_2007,enhanced_plus_comm40,49,2026081049,182,74,4000
bundibugyo_2007,enhanced_plus_comm40,50,2026081050,327,129,4000
bundibugyo_2007,enhanced_plus_comm40,51,2026081051,229,93,4000
bundibugyo_2007,enhanced_plus_comm40,52,2026081052,235,109,4000
bundibugyo_2007,enhanced_plus_comm40,53,2026081053,329,135,4000
bundibugyo_2007,enhanced_plus_comm40,54,2026081054,247,109,4000
bundibugyo_2007,enhanced_plus_comm40,55,2026081055,346,166,4000
bundibugyo_2007,enhanced_plus_comm40,56,2026081056,229,98,4000
bundibugyo_2007,enhanced_plus_comm40,57,2026081057,439,175,4000
bundibugyo_2007,enhanced_plus_comm40,58,2026081058,211,91,4000
bundibugyo_2007,enhanced_plus_comm40,59,2026081059,268,112,4000
bundibugyo_2007,enhanced_plus_comm40,60,2026081060,356,139,4000
bundibugyo_2007,enhanced_plus_comm40,61,2026081061,238,109,4000
bundibugyo_2007,enhanced_plus_comm40,62,2026081062,248,93,4000
bundibugyo_2007,enhanced_plus_comm40,63,2026081063,257,120,4000
bundibugyo_2007,enhanced_plus_comm40,64,2026081064,259,109,4000
bundibugyo_2007,enhanced_plus_comm40,65,2026081065,328,143,4000
bundibugyo_2007,enhanced_plus_comm40,66,2026081066,333,136,4000
bundibugyo_2007,enhanced_plus_comm40,67,2026081067,194,82,4000
bundibugyo_2007,enhanced_plus_comm40,68,2026081068,337,140,4000
bundibugyo_2007,enhanced_plus_comm40,69,2026081069,334,140,4000
bundibugyo_2007,enhanced_plus_comm40,70,2026081070,209,103,4000
bundibugyo_2007,enhanced_plus_comm40,71,2026081071,327,136,4000
bundibugyo_2007,enhanced_plus_comm40,72,2026081072,263,123,4000
bundibugyo_2007,enhanced_plus_comm40,73,2026081073,262,108,4000
bundibugyo_2007,enhanced_plus_comm40,74,2026081074,301,134,4000
bundibugyo_2007,enhanced_plus_comm40,75,2026081075,229,106,4000
bundibugyo_2007,enhanced_plus_comm40,76,2026081076,415,172,4000
bundibugyo_2007,enhanced_plus_comm40,77,2026081077,381,168,4000
bundibugyo_2007,enhanced_plus_comm40,78,2026081078,331,152,4000
bundibugyo_2007,enhanced_plus_comm40,79,2026081079,400,163,4000
bundibugyo_2007,enhanced_plus_comm40,80,2026081080,255,104,4000
bundibugyo_2007,enhanced_plus_comm40,81,2026081081,266,112,4000
bundibugyo_2007,enhanced_plus_comm40,82,2026081082,295,135,4000
bundibugyo_2007,enhanced_plus_comm40,83,2026081083,315,137,4000
bundibugyo_2007,enhanced_plus_comm40,84,2026081084,356,140,4000
bundibugyo_2007,enhanced_plus_comm40,85,2026081085,285,122,4000
bundibugyo_2007,enhanced_plus_comm40,86,2026081086,211,96,4000
bundibugyo_2007,enhanced_plus_comm40,87,2026081087,322,132,4000
bundibugyo_2007,enhanced_plus_comm40,88,2026081088,256,104,4000
bundibugyo_2007,enhanced_plus_comm40,89,2026081089,281,138,4000
bundibugyo_2007,enhanced_plus_comm40,90,2026081090,226,83,4000
bundibugyo_2007,enhanced_plus_comm40,91,2026081091,353,163,4000
bundibugyo_2007,enhanced_plus_comm40,92,2026081092,266,103,4000
bundibugyo_2007,enhanced_plus_comm40,93,2026081093,280,130,4000
bundibugyo_2007,enhanced_plus_comm40,94,2026081094,415,189,4000
bundibugyo_2007,enhanced_plus_comm40,95,2026081095,368,142,4000
bundibugyo_2007,enhanced_plus_comm40,96,2026081096,387,158,4000
bundibugyo_2007,enhanced_plus_comm40,97,2026081097,264,109,4000
bundibugyo_2007,enhanced_plus_comm40,98,2026081098,317,130,4000
bundibugyo_2007,enhanced_plus_comm40,99,2026081099,373,154,4000
bundibugyo_2007,enhanced_plus_comm40,100,2026081100,260,109,4000
bundibugyo_2007,enhanced_plus_comm40,101,2026081101,289,138,4000
bundibugyo_2007,enhanced_plus_comm40,102,2026081102,288,118,4000
bundibugyo_2007,enhanced_plus_comm40,103,2026081103,276,117,4000
bundibugyo_2007,enhanced_plus_comm40,104,2026081104,350,148,4000
bundibugyo_2007,enhanced_plus_comm40,105,2026081105,284,109,4000
bundibugyo_2007,enhanced_plus_comm40,106,2026081106,316,129,4000
bundibugyo_2007,enhanced_plus_comm40,107,2026081107,471,202,4000
bundibugyo_2007,enhanced_plus_comm40,108,2026081108,363,148,4000
bundibugyo_2007,enhanced_plus_comm40,109,2026081109,199,79,4000
bundibugyo_2007,enhanced_plus_comm40,110,2026081110,259,114,4000
bundibugyo_2007,enhanced_plus_comm40,111,2026081111,264,114,4000
bundibugyo_2007,enhanced_plus_comm40,112,2026081112,350,145,4000
bundibugyo_2007,enhanced_plus_comm40,113,2026081113,321,130,4000
bundibugyo_2007,enhanced_plus_comm40,114,2026081114,349,160,4000
bundibugyo_2007,enhanced_plus_comm40,115,2026081115,163,78,4000
bundibugyo_2007,enhanced_plus_comm40,116,2026081116,278,121,4000
bundibugyo_2007,enhanced_plus_comm40,117,2026081117,345,141,4000
bundibugyo_2007,enhanced_plus_comm40,118,2026081118,297,127,4000
bundibugyo_2007,enhanced_plus_comm40,119,2026081119,238,106,4000
bundibugyo_2007,enhanced_plus_comm40,120,2026081120,393,171,4000
bundibugyo_2007,enhanced_plus_comm40,121,2026081121,288,131,4000
bundibugyo_2007,enhanced_plus_comm40,122,2026081122,218,93,4000
bundibugyo_2007,enhanced_plus_comm40,123,2026081123,345,159,4000
bundibugyo_2007,enhanced_plus_comm40,124,2026081124,232,93,4000
bundibugyo_2007,enhanced_plus_comm40,125,2026081125,418,186,4000
bundibugyo_2007,enhanced_plus_comm40,126,2026081126,383,166,4000
bundibugyo_2007,enhanced_plus_comm40,127,2026081127,349,156,4000
bundibugyo_2007,enhanced_plus_comm40,128,2026081128,344,139,4000
bundibugyo_2007,enhanced_plus_comm40,129,2026081129,418,188,4000
bundibugyo_2007,enhanced_plus_comm40,130,2026081130,293,139,4000
bundibugyo_2007,enhanced_plus_comm40,131,2026081131,438,174,4000
bundibugyo_2007,enhanced_plus_comm40,132,2026081132,212,103,4000
bundibugyo_2007,enhanced_plus_comm40,133,2026081133,283,108,4000
bundibugyo_2007,enhanced_plus_comm40,134,2026081134,371,153,4000
bundibugyo_2007,enhanced_plus_comm40,135,2026081135,304,124,4000
bundibugyo_2007,enhanced_plus_comm40,136,2026081136,304,124,4000
bundibugyo_2007,enhanced_plus_comm40,137,2026081137,334,137,4000
bundibugyo_2007,enhanced_plus_comm40,138,2026081138,335,153,4000
bundibugyo_2007,enhanced_plus_comm40,139,2026081139,382,160,4000
bundibugyo_2007,enhanced_plus_comm40,140,2026081140,394,158,4000
bundibugyo_2007,enhanced_plus_comm40,141,2026081141,383,159,4000
bundibugyo_2007,enhanced_plus_comm40,142,2026081142,261,108,4000
bundibugyo_2007,enhanced_plus_comm40,143,2026081143,264,101,4000
bundibugyo_2007,enhanced_plus_comm40,144,2026081144,339,138,4000
bundibugyo_2007,enhanced_plus_comm40,145,2026081145,273,105,4000
bundibugyo_2007,enhanced_plus_comm40,146,2026081146,265,103,4000
bundibugyo_2007,enhanced_plus_comm40,147,2026081147,284,119,4000
bundibugyo_2007,enhanced_plus_comm40,148,2026081148,233,84,4000
bundibugyo_2007,enhanced_plus_comm40,149,2026081149,327,139,4000
bundibugyo_2007,enhanced_plus_comm40,150,2026081150,255,116,4000
bundibugyo_2007,enhanced_plus_comm40,151,2026081151,276,120,4000
bundibugyo_2007,enhanced_plus_comm40,152,2026081152,351,128,4000
bundibugyo_2007,enhanced_plus_comm40,153,2026081153,245,107,4000
bundibugyo_2007,enhanced_plus_comm40,154,2026081154,267,110,4000
bundibugyo_2007,enhanced_plus_comm40,155,2026081155,232,96,4000
bundibugyo_2007,enhanced_plus_comm40,156,2026081156,423,185,4000
bundibugyo_2007,enhanced_plus_comm40,157,2026081157,267,119,4000
bundibugyo_2007,enhanced_plus_comm40,158,2026081158,348,156,4000
bundibugyo_2007,enhanced_plus_comm40,159,2026081159,340,163,4000
bundibugyo_2007,enhanced_plus_comm40,160,2026081160,289,113,4000
bundibugyo_2007,enhanced_plus_comm40,161,2026081161,266,118,4000
bundibugyo_2007,enhanced_plus_comm40,162,2026081162,328,134,4000
bundibugyo_2007,enhanced_plus_comm40,163,2026081163,282,132,4000
bundibugyo_2007,enhanced_plus_comm40,164,2026081164,306,126,4000
bundibugyo_2007,enhanced_plus_comm40,165,2026081165,269,115,4000
bundibugyo_2007,enhanced_plus_comm40,166,2026081166,378,146,4000
bundibugyo_2007,enhanced_plus_comm40,167,2026081167,344,148,4000
bundibugyo_2007,enhanced_plus_comm40,168,2026081168,444,187,4000
bundibugyo_2007,enhanced_plus_comm40,169,2026081169,349,138,4000
bundibugyo_2007,enhanced_plus_comm40,170,2026081170,235,88,4000
bundibugyo_2007,enhanced_plus_comm40,171,2026081171,430,165,4000
bundibugyo_2007,enhanced_plus_comm40,172,2026081172,366,160,4000
bundibugyo_2007,enhanced_plus_comm40,173,2026081173,309,139,4000
bundibugyo_2007,enhanced_plus_comm40,174,2026081174,253,115,4000
bundibugyo_2007,enhanced_plus_comm40,175,2026081175,264,119,4000
bundibugyo_2007,enhanced_plus_comm40,176,2026081176,329,145,4000
bundibugyo_2007,enhanced_plus_comm40,177,2026081177,420,165,4000
bundibugyo_2007,enhanced_plus_comm40,178,2026081178,377,170,4000
bundibugyo_2007,enhanced_plus_comm40,179,2026081179,304,132,4000
bundibugyo_2007,enhanced_plus_comm40,180,2026081180,309,132,4000
bundibugyo_2007,enhanced_plus_comm40,181,2026081181,365,155,4000
bundibugyo_2007,enhanced_plus_comm40,182,2026081182,331,132,4000
bundibugyo_2007,enhanced_plus_comm40,183,2026081183,214,94,4000
bundibugyo_2007,enhanced_plus_comm40,184,2026081184,305,113,4000
bundibugyo_2007,enhanced_plus_comm40,185,2026081185,216,87,4000
bundibugyo_2007,enhanced_plus_comm40,186,2026081186,225,86,4000
bundibugyo_2007,enhanced_plus_comm40,187,2026081187,278,109,4000
bundibugyo_2007,enhanced_plus_comm40,188,2026081188,356,143,4000
bundibugyo_2007,enhanced_plus_comm40,189,2026081189,419,158,4000
bundibugyo_2007,enhanced_plus_comm40,190,2026081190,313,142,4000
bundibugyo_2007,enhanced_plus_comm40,191,2026081191,402,170,4000
bundibugyo_2007,enhanced_plus_comm40,192,2026081192,360,145,4000
bundibugyo_2007,enhanced_plus_comm40,193,2026081193,400,186,4000
bundibugyo_2007,enhanced_plus_comm40,194,2026081194,405,166,4000
bundibugyo_2007,enhanced_plus_comm40,195,2026081195,359,141,4000
bundibugyo_2007,enhanced_plus_comm40,196,2026081196,287,128,4000
bundibugyo_2007,enhanced_plus_comm40,197,2026081197,392,155,4000
bundibugyo_2007,enhanced_plus_comm40,198,2026081198,209,97,4000
bundibugyo_2007,enhanced_plus_comm40,199,2026081199,262,112,4000
bundibugyo_2007,enhanced_plus_comm40,200,2026081200,295,120,4000
bundibugyo_2007,enhanced_plus_comm40,201,2026081201,301,126,4000
bundibugyo_2007,enhanced_plus_comm40,202,2026081202,249,115,4000
bundibugyo_2007,enhanced_plus_comm40,203,2026081203,475,203,4000
bundibugyo_2007,enhanced_plus_comm40,204,2026081204,263,104,4000
bundibugyo_2007,enhanced_plus_comm40,205,2026081205,233,100,4000
bundibugyo_2007,enhanced_plus_comm40,206,2026081206,303,130,4000
bundibugyo_2007,enhanced_plus_comm40,207,2026081207,286,120,4000
bundibugyo_2007,enhanced_plus_comm40,208,2026081208,327,133,4000
bundibugyo_2007,enhanced_plus_comm40,209,2026081209,291,127,4000
bundibugyo_2007,enhanced_plus_comm40,210,2026081210,299,137,4000
bundibugyo_2007,enhanced_plus_comm40,211,2026081211,283,130,4000
bundibugyo_2007,enhanced_plus_comm40,212,2026081212,224,99,4000
bundibugyo_2007,enhanced_plus_comm40,213,2026081213,421,185,4000
bundibugyo_2007,enhanced_plus_comm40,214,2026081214,174,71,4000
bundibugyo_2007,enhanced_plus_comm40,215,2026081215,361,152,4000
bundibugyo_2007,enhanced_plus_comm40,216,2026081216,295,128,4000
bundibugyo_2007,enhanced_plus_comm40,217,2026081217,217,93,4000
bundibugyo_2007,enhanced_plus_comm40,218,2026081218,337,134,4000
bundibugyo_2007,enhanced_plus_comm40,219,2026081219,338,147,4000
bundibugyo_2007,enhanced_plus_comm40,220,2026081220,309,132,4000
bundibugyo_2007,enhanced_plus_comm40,221,2026081221,302,144,4000
bundibugyo_2007,enhanced_plus_comm40,222,2026081222,224,97,4000
bundibugyo_2007,enhanced_plus_comm40,223,2026081223,245,93,4000
bundibugyo_2007,enhanced_plus_comm40,224,2026081224,414,176,4000
bundibugyo_2007,enhanced_plus_comm40,225,2026081225,351,150,4000
bundibugyo_2007,enhanced_plus_comm40,226,2026081226,391,174,4000
bundibugyo_2007,enhanced_plus_comm40,227,2026081227,251,107,4000
bundibugyo_2007,enhanced_plus_comm40,228,2026081228,470,205,4000
bundibugyo_2007,enhanced_plus_comm40,229,2026081229,218,97,4000
bundibugyo_2007,enhanced_plus_comm40,230,2026081230,414,185,4000
bundibugyo_2007,enhanced_plus_comm40,231,2026081231,332,134,4000
bundibugyo_2007,enhanced_plus_comm40,232,2026081232,449,192,4000
bundibugyo_2007,enhanced_plus_comm40,233,2026081233,303,128,4000
bundibugyo_2007,enhanced_plus_comm40,234,2026081234,315,136,4000
bundibugyo_2007,enhanced_plus_comm40,235,2026081235,331,142,4000
bundibugyo_2007,enhanced_plus_comm40,236,2026081236,211,92,4000
bundibugyo_2007,enhanced_plus_comm40,237,2026081237,251,106,4000
bundibugyo_2007,enhanced_plus_comm40,238,2026081238,315,133,4000
bundibugyo_2007,enhanced_plus_comm40,239,2026081239,350,129,4000
bundibugyo_2007,enhanced_plus_comm40,240,2026081240,345,152,4000
bundibugyo_2007,enhanced_plus_comm40,241,2026081241,348,135,4000
bundibugyo_2007,enhanced_plus_comm40,242,2026081242,344,142,4000
bundibugyo_2007,enhanced_plus_comm40,243,2026081243,295,140,4000
bundibugyo_2007,enhanced_plus_comm40,244,2026081244,469,205,4000
bundibugyo_2007,enhanced_plus_comm40,245,2026081245,206,85,4000
bundibugyo_2007,enhanced_plus_comm40,246,2026081246,300,109,4000
bundibugyo_2007,enhanced_plus_comm40,247,2026081247,269,117,4000
bundibugyo_2007,enhanced_plus_comm40,248,2026081248,335,118,4000
bundibugyo_2007,enhanced_plus_comm40,249,2026081249,300,137,4000
bundibugyo_2007,enhanced_plus_comm40,250,2026081250,383,166,4000
bundibugyo_2007,enhanced_plus_comm40,251,2026081251,411,198,4000
bundibugyo_2007,enhanced_plus_comm40,252,2026081252,460,206,4000
bundibugyo_2007,enhanced_plus_comm40,253,2026081253,349,135,4000
bundibugyo_2007,enhanced_plus_comm40,254,2026081254,230,97,4000
bundibugyo_2007,enhanced_plus_comm40,255,2026081255,216,95,4000
bundibugyo_2007,enhanced_plus_comm40,256,2026081256,313,136,4000
bundibugyo_2007,enhanced_plus_comm40,257,2026081257,299,131,4000
bundibugyo_2007,enhanced_plus_comm40,258,2026081258,250,101,4000
bundibugyo_2007,enhanced_plus_comm40,259,2026081259,393,177,4000
bundibugyo_2007,enhanced_plus_comm40,260,2026081260,296,138,4000
bundibugyo_2007,enhanced_plus_comm40,261,2026081261,275,128,4000
bundibugyo_2007,enhanced_plus_comm40,262,2026081262,300,131,4000
bundibugyo_2007,enhanced_plus_comm40,263,2026081263,335,131,4000
bundibugyo_2007,enhanced_plus_comm40,264,2026081264,354,164,4000
bundibugyo_2007,enhanced_plus_comm40,265,2026081265,233,92,4000
bundibugyo_2007,enhanced_plus_comm40,266,2026081266,244,99,4000
bundibugyo_2007,enhanced_plus_comm40,267,2026081267,250,117,4000
bundibugyo_2007,enhanced_plus_comm40,268,2026081268,299,139,4000
bundibugyo_2007,enhanced_plus_comm40,269,2026081269,424,187,4000
bundibugyo_2007,enhanced_plus_comm40,270,2026081270,269,116,4000
bundibugyo_2007,enhanced_plus_comm40,271,2026081271,268,108,4000
bundibugyo_2007,enhanced_plus_comm40,272,2026081272,262,119,4000
bundibugyo_2007,enhanced_plus_comm40,273,2026081273,330,132,4000
bundibugyo_2007,enhanced_plus_comm40,274,2026081274,272,97,4000
bundibugyo_2007,enhanced_plus_comm40,275,2026081275,349,145,4000
bundibugyo_2007,enhanced_plus_comm40,276,2026081276,302,134,4000
bundibugyo_2007,enhanced_plus_comm40,277,2026081277,368,155,4000
bundibugyo_2007,enhanced_plus_comm40,278,2026081278,411,170,4000
bundibugyo_2007,enhanced_plus_comm40,279,2026081279,297,127,4000
bundibugyo_2007,enhanced_plus_comm40,280,2026081280,291,133,4000
bundibugyo_2007,enhanced_plus_comm40,281,2026081281,233,112,4000
bundibugyo_2007,enhanced_plus_comm40,282,2026081282,445,188,4000
bundibugyo_2007,enhanced_plus_comm40,283,2026081283,237,105,4000
bundibugyo_2007,enhanced_plus_comm40,284,2026081284,330,141,4000
bundibugyo_2007,enhanced_plus_comm40,285,2026081285,290,107,4000
bundibugyo_2007,enhanced_plus_comm40,286,2026081286,345,162,4000
bundibugyo_2007,enhanced_plus_comm40,287,2026081287,329,142,4000
bundibugyo_2007,enhanced_plus_comm40,288,2026081288,293,121,4000
bundibugyo_2007,enhanced_plus_comm40,289,2026081289,286,122,4000
bundibugyo_2007,enhanced_plus_comm40,290,2026081290,306,127,4000
bundibugyo_2007,enhanced_plus_comm40,291,2026081291,339,134,4000
bundibugyo_2007,enhanced_plus_comm40,292,2026081292,237,104,4000
bundibugyo_2007,enhanced_plus_comm40,293,2026081293,365,150,4000
bundibugyo_2007,enhanced_plus_comm40,294,2026081294,312,142,4000
bundibugyo_2007,enhanced_plus_comm40,295,2026081295,383,166,4000
bundibugyo_2007,enhanced_plus_comm40,296,2026081296,437,189,4000
bundibugyo_2007,enhanced_plus_comm40,297,2026081297,340,150,4000
bundibugyo_2007,enhanced_plus_comm40,298,2026081298,286,114,4000
bundibugyo_2007,enhanced_plus_comm40,299,2026081299,293,136,4000
bundibugyo_2007,enhanced_plus_comm40,300,2026081300,330,137,4000
bundibugyo_2007,enhanced_plus_comm40,301,2026081301,269,112,4000
bundibugyo_2007,enhanced_plus_comm40,302,2026081302,452,202,4000
bundibugyo_2007,enhanced_plus_comm40,303,2026081303,265,123,4000
bundibugyo_2007,enhanced_plus_comm40,304,2026081304,385,162,4000
bundibugyo_2007,enhanced_plus_comm40,305,2026081305,366,147,4000
bundibugyo_2007,enhanced_plus_comm40,306,2026081306,236,102,4000
bundibugyo_2007,enhanced_plus_comm40,307,2026081307,277,106,4000
bundibugyo_2007,enhanced_plus_comm40,308,2026081308,259,116,4000
bundibugyo_2007,enhanced_plus_comm40,309,2026081309,271,126,4000
bundibugyo_2007,enhanced_plus_comm40,310,2026081310,391,173,4000
bundibugyo_2007,enhanced_plus_comm40,311,2026081311,468,201,4000
bundibugyo_2007,enhanced_plus_comm40,312,2026081312,445,191,4000
bundibugyo_2007,enhanced_plus_comm40,313,2026081313,268,97,4000
bundibugyo_2007,enhanced_plus_comm40,314,2026081314,298,130,4000
bundibugyo_2007,enhanced_plus_comm40,315,2026081315,358,154,4000
bundibugyo_2007,enhanced_plus_comm40,316,2026081316,391,141,4000
bundibugyo_2007,enhanced_plus_comm40,317,2026081317,339,143,4000
bundibugyo_2007,enhanced_plus_comm40,318,2026081318,349,151,4000
bundibugyo_2007,enhanced_plus_comm40,319,2026081319,466,193,4000
bundibugyo_2007,enhanced_plus_comm40,320,2026081320,276,116,4000
bundibugyo_2007,enhanced_plus_comm40,321,2026081321,304,129,4000
bundibugyo_2007,enhanced_plus_comm40,322,2026081322,262,111,4000
bundibugyo_2007,enhanced_plus_comm40,323,2026081323,242,119,4000
bundibugyo_2007,enhanced_plus_comm40,324,2026081324,333,136,4000
bundibugyo_2007,enhanced_plus_comm40,325,2026081325,331,141,4000
bundibugyo_2007,enhanced_plus_comm40,326,2026081326,364,151,4000
bundibugyo_2007,enhanced_plus_comm40,327,2026081327,357,147,4000
bundibugyo_2007,enhanced_plus_comm40,328,2026081328,359,168,4000
bundibugyo_2007,enhanced_plus_comm40,329,2026081329,217,90,4000
bundibugyo_2007,enhanced_plus_comm40,330,2026081330,259,101,4000
bundibugyo_2007,enhanced_plus_comm40,331,2026081331,202,91,4000
bundibugyo_2007,enhanced_plus_comm40,332,2026081332,208,89,4000
bundibugyo_2007,enhanced_plus_comm40,333,2026081333,356,155,4000
bundibugyo_2007,enhanced_plus_comm40,334,2026081334,318,147,4000
bundibugyo_2007,enhanced_plus_comm40,335,2026081335,304,136,4000
bundibugyo_2007,enhanced_plus_comm40,336,2026081336,367,145,4000
bundibugyo_2007,enhanced_plus_comm40,337,2026081337,290,133,4000
bundibugyo_2007,enhanced_plus_comm40,338,2026081338,372,174,4000
bundibugyo_2007,enhanced_plus_comm40,339,2026081339,302,121,4000
bundibugyo_2007,enhanced_plus_comm40,340,2026081340,366,153,4000
bundibugyo_2007,enhanced_plus_comm40,341,2026081341,364,160,4000
bundibugyo_2007,enhanced_plus_comm40,342,2026081342,333,145,4000
bundibugyo_2007,enhanced_plus_comm40,343,2026081343,332,131,4000
bundibugyo_2007,enhanced_plus_comm40,344,2026081344,330,141,4000
bundibugyo_2007,enhanced_plus_comm40,345,2026081345,385,175,4000
bundibugyo_2007,enhanced_plus_comm40,346,2026081346,287,125,4000
bundibugyo_2007,enhanced_plus_comm40,347,2026081347,195,97,4000
bundibugyo_2007,enhanced_plus_comm40,348,2026081348,280,117,4000
bundibugyo_2007,enhanced_plus_comm40,349,2026081349,311,129,4000
bundibugyo_2007,enhanced_plus_comm40,350,2026081350,327,144,4000
bundibugyo_2007,enhanced_plus_comm40,351,2026081351,245,103,4000
bundibugyo_2007,enhanced_plus_comm40,352,2026081352,384,172,4000
bundibugyo_2007,enhanced_plus_comm40,353,2026081353,424,186,4000
bundibugyo_2007,enhanced_plus_comm40,354,2026081354,225,107,4000
bundibugyo_2007,enhanced_plus_comm40,355,2026081355,337,145,4000
bundibugyo_2007,enhanced_plus_comm40,356,2026081356,435,162,4000
bundibugyo_2007,enhanced_plus_comm40,357,2026081357,238,105,4000
bundibugyo_2007,enhanced_plus_comm40,358,2026081358,378,151,4000
bundibugyo_2007,enhanced_plus_comm40,359,2026081359,260,103,4000
bundibugyo_2007,enhanced_plus_comm40,360,2026081360,252,106,4000
bundibugyo_2007,enhanced_plus_comm40,361,2026081361,281,123,4000
bundibugyo_2007,enhanced_plus_comm40,362,2026081362,341,126,4000
bundibugyo_2007,enhanced_plus_comm40,363,2026081363,405,159,4000
bundibugyo_2007,enhanced_plus_comm40,364,2026081364,265,113,4000
bundibugyo_2007,enhanced_plus_comm40,365,2026081365,314,127,4000
bundibugyo_2007,enhanced_plus_comm40,366,2026081366,360,167,4000
bundibugyo_2007,enhanced_plus_comm40,367,2026081367,328,128,4000
bundibugyo_2007,enhanced_plus_comm40,368,2026081368,348,153,4000
bundibugyo_2007,enhanced_plus_comm40,369,2026081369,260,115,4000
bundibugyo_2007,enhanced_plus_comm40,370,2026081370,383,164,4000
bundibugyo_2007,enhanced_plus_comm40,371,2026081371,357,150,4000
bundibugyo_2007,enhanced_plus_comm40,372,2026081372,282,121,4000
bundibugyo_2007,enhanced_plus_comm40,373,2026081373,342,133,4000
bundibugyo_2007,enhanced_plus_comm40,374,2026081374,292,131,4000
bundibugyo_2007,enhanced_plus_comm40,375,2026081375,300,115,4000
bundibugyo_2007,enhanced_plus_comm40,376,2026081376,304,130,4000
bundibugyo_2007,enhanced_plus_comm40,377,2026081377,376,171,4000
bundibugyo_2007,enhanced_plus_comm40,378,2026081378,381,166,4000
bundibugyo_2007,enhanced_plus_comm40,379,2026081379,278,129,4000
bundibugyo_2007,enhanced_plus_comm40,380,2026081380,294,124,4000
bundibugyo_2007,enhanced_plus_comm40,381,2026081381,355,163,4000
bundibugyo_2007,enhanced_plus_comm40,382,2026081382,217,102,4000
bundibugyo_2007,enhanced_plus_comm40,383,2026081383,259,102,4000
bundibugyo_2007,enhanced_plus_comm40,384,2026081384,294,138,4000
bundibugyo_2007,enhanced_plus_comm40,385,2026081385,181,73,4000
bundibugyo_2007,enhanced_plus_comm40,386,2026081386,262,109,4000
bundibugyo_2007,enhanced_plus_comm40,387,2026081387,392,177,4000
bundibugyo_2007,enhanced_plus_comm40,388,2026081388,316,138,4000
bundibugyo_2007,enhanced_plus_comm40,389,2026081389,305,138,4000
bundibugyo_2007,enhanced_plus_comm40,390,2026081390,391,185,4000
bundibugyo_2007,enhanced_plus_comm40,391,2026081391,195,83,4000
bundibugyo_2007,enhanced_plus_comm40,392,2026081392,249,104,4000
bundibugyo_2007,enhanced_plus_comm40,393,2026081393,225,85,4000
bundibugyo_2007,enhanced_plus_comm40,394,2026081394,304,114,4000
bundibugyo_2007,enhanced_plus_comm40,395,2026081395,233,113,4000
bundibugyo_2007,enhanced_plus_comm40,396,2026081396,206,93,4000
bundibugyo_2007,enhanced_plus_comm40,397,2026081397,281,115,4000
bundibugyo_2007,enhanced_plus_comm40,398,2026081398,329,135,4000
bundibugyo_2007,enhanced_plus_comm40,399,2026081399,306,130,4000
bundibugyo_2007,enhanced_plus_comm40,400,2026081400,347,171,4000
bundibugyo_2007,enhanced_plus_comm40,401,2026081401,534,220,4000
bundibugyo_2007,enhanced_plus_comm40,402,2026081402,238,96,4000
bundibugyo_2007,enhanced_plus_comm40,403,2026081403,350,144,4000
bundibugyo_2007,enhanced_plus_comm40,404,2026081404,190,80,4000
bundibugyo_2007,enhanced_plus_comm40,405,2026081405,291,126,4000
bundibugyo_2007,enhanced_plus_comm40,406,2026081406,432,174,4000
bundibugyo_2007,enhanced_plus_comm40,407,2026081407,350,144,4000
bundibugyo_2007,enhanced_plus_comm40,408,2026081408,494,191,4000
bundibugyo_2007,enhanced_plus_comm40,409,2026081409,347,139,4000
bundibugyo_2007,enhanced_plus_comm40,410,2026081410,235,95,4000
bundibugyo_2007,enhanced_plus_comm40,411,2026081411,292,133,4000
bundibugyo_2007,enhanced_plus_comm40,412,2026081412,219,91,4000
bundibugyo_2007,enhanced_plus_comm40,413,2026081413,291,133,4000
bundibugyo_2007,enhanced_plus_comm40,414,2026081414,315,137,4000
bundibugyo_2007,enhanced_plus_comm40,415,2026081415,297,130,4000
bundibugyo_2007,enhanced_plus_comm40,416,2026081416,471,182,4000
bundibugyo_2007,enhanced_plus_comm40,417,2026081417,304,120,4000
bundibugyo_2007,enhanced_plus_comm40,418,2026081418,310,122,4000
bundibugyo_2007,enhanced_plus_comm40,419,2026081419,296,126,4000
bundibugyo_2007,enhanced_plus_comm40,420,2026081420,255,106,4000
bundibugyo_2007,enhanced_plus_comm40,421,2026081421,316,131,4000
bundibugyo_2007,enhanced_plus_comm40,422,2026081422,229,110,4000
bundibugyo_2007,enhanced_plus_comm40,423,2026081423,383,164,4000
bundibugyo_2007,enhanced_plus_comm40,424,2026081424,297,127,4000
bundibugyo_2007,enhanced_plus_comm40,425,2026081425,374,152,4000
bundibugyo_2007,enhanced_plus_comm40,426,2026081426,415,178,4000
bundibugyo_2007,enhanced_plus_comm40,427,2026081427,298,130,4000
bundibugyo_2007,enhanced_plus_comm40,428,2026081428,214,99,4000
bundibugyo_2007,enhanced_plus_comm40,429,2026081429,248,101,4000
bundibugyo_2007,enhanced_plus_comm40,430,2026081430,280,115,4000
bundibugyo_2007,enhanced_plus_comm40,431,2026081431,241,95,4000
bundibugyo_2007,enhanced_plus_comm40,432,2026081432,317,146,4000
bundibugyo_2007,enhanced_plus_comm40,433,2026081433,243,101,4000
bundibugyo_2007,enhanced_plus_comm40,434,2026081434,294,123,4000
bundibugyo_2007,enhanced_plus_comm40,435,2026081435,288,113,4000
bundibugyo_2007,enhanced_plus_comm40,436,2026081436,462,204,4000
bundibugyo_2007,enhanced_plus_comm40,437,2026081437,247,105,4000
bundibugyo_2007,enhanced_plus_comm40,438,2026081438,301,130,4000
bundibugyo_2007,enhanced_plus_comm40,439,2026081439,367,157,4000
bundibugyo_2007,enhanced_plus_comm40,440,2026081440,394,190,4000
bundibugyo_2007,enhanced_plus_comm40,441,2026081441,318,137,4000
bundibugyo_2007,enhanced_plus_comm40,442,2026081442,245,106,4000
bundibugyo_2007,enhanced_plus_comm40,443,2026081443,237,101,4000
bundibugyo_2007,enhanced_plus_comm40,444,2026081444,406,178,4000
bundibugyo_2007,enhanced_plus_comm40,445,2026081445,338,145,4000
bundibugyo_2007,enhanced_plus_comm40,446,2026081446,325,144,4000
bundibugyo_2007,enhanced_plus_comm40,447,2026081447,263,110,4000
bundibugyo_2007,enhanced_plus_comm40,448,2026081448,348,144,4000
bundibugyo_2007,enhanced_plus_comm40,449,2026081449,304,141,4000
bundibugyo_2007,enhanced_plus_comm40,450,2026081450,342,141,4000
bundibugyo_2007,enhanced_plus_comm40,451,2026081451,196,96,4000
bundibugyo_2007,enhanced_plus_comm40,452,2026081452,252,96,4000
bundibugyo_2007,enhanced_plus_comm40,453,2026081453,263,112,4000
bundibugyo_2007,enhanced_plus_comm40,454,2026081454,282,112,4000
bundibugyo_2007,enhanced_plus_comm40,455,2026081455,363,164,4000
bundibugyo_2007,enhanced_plus_comm40,456,2026081456,350,161,4000
bundibugyo_2007,enhanced_plus_comm40,457,2026081457,248,111,4000
bundibugyo_2007,enhanced_plus_comm40,458,2026081458,266,118,4000
bundibugyo_2007,enhanced_plus_comm40,459,2026081459,341,148,4000
bundibugyo_2007,enhanced_plus_comm40,460,2026081460,416,167,4000
bundibugyo_2007,enhanced_plus_comm40,461,2026081461,254,121,4000
bundibugyo_2007,enhanced_plus_comm40,462,2026081462,359,159,4000
bundibugyo_2007,enhanced_plus_comm40,463,2026081463,312,127,4000
bundibugyo_2007,enhanced_plus_comm40,464,2026081464,185,68,4000
bundibugyo_2007,enhanced_plus_comm40,465,2026081465,348,147,4000
bundibugyo_2007,enhanced_plus_comm40,466,2026081466,295,125,4000
bundibugyo_2007,enhanced_plus_comm40,467,2026081467,229,98,4000
bundibugyo_2007,enhanced_plus_comm40,468,2026081468,259,121,4000
bundibugyo_2007,enhanced_plus_comm40,469,2026081469,231,90,4000
bundibugyo_2007,enhanced_plus_comm40,470,2026081470,313,138,4000
bundibugyo_2007,enhanced_plus_comm40,471,2026081471,300,129,4000
bundibugyo_2007,enhanced_plus_comm40,472,2026081472,308,134,4000
bundibugyo_2007,enhanced_plus_comm40,473,2026081473,318,146,4000
bundibugyo_2007,enhanced_plus_comm40,474,2026081474,352,135,4000
bundibugyo_2007,enhanced_plus_comm40,475,2026081475,239,103,4000
bundibugyo_2007,enhanced_plus_comm40,476,2026081476,241,102,4000
bundibugyo_2007,enhanced_plus_comm40,477,2026081477,512,210,4000
bundibugyo_2007,enhanced_plus_comm40,478,2026081478,257,116,4000
bundibugyo_2007,enhanced_plus_comm40,479,2026081479,240,103,4000
bundibugyo_2007,enhanced_plus_comm40,480,2026081480,195,88,4000
bundibugyo_2007,enhanced_plus_comm40,481,2026081481,355,152,4000
bundibugyo_2007,enhanced_plus_comm40,482,2026081482,325,137,4000
bundibugyo_2007,enhanced_plus_comm40,483,2026081483,283,107,4000
bundibugyo_2007,enhanced_plus_comm40,484,2026081484,247,97,4000
bundibugyo_2007,enhanced_plus_comm40,485,2026081485,234,93,4000
bundibugyo_2007,enhanced_plus_comm40,486,2026081486,375,162,4000
bundibugyo_2007,enhanced_plus_comm40,487,2026081487,356,155,4000
bundibugyo_2007,enhanced_plus_comm40,488,2026081488,274,120,4000
bundibugyo_2007,enhanced_plus_comm40,489,2026081489,346,162,4000
bundibugyo_2007,enhanced_plus_comm40,490,2026081490,262,103,4000
bundibugyo_2007,enhanced_plus_comm40,491,2026081491,369,150,4000
bundibugyo_2007,enhanced_plus_comm40,492,2026081492,260,102,4000
bundibugyo_2007,enhanced_plus_comm40,493,2026081493,323,143,4000
bundibugyo_2007,enhanced_plus_comm40,494,2026081494,350,132,4000
bundibugyo_2007,enhanced_plus_comm40,495,2026081495,188,82,4000
bundibugyo_2007,enhanced_plus_comm40,496,2026081496,414,175,4000
bundibugyo_2007,enhanced_plus_comm40,497,2026081497,378,153,4000
bundibugyo_2007,enhanced_plus_comm40,498,2026081498,201,90,4000
bundibugyo_2007,enhanced_plus_comm40,499,2026081499,489,210,4000
bundibugyo_2007,enhanced_plus_comm40,500,2026081500,339,141,4000
bundibugyo_2007,enhanced_plus_comm40,501,2026081501,239,103,4000
bundibugyo_2007,enhanced_plus_comm40,502,2026081502,291,124,4000
bundibugyo_2007,enhanced_plus_comm40,503,2026081503,231,98,4000
bundibugyo_2007,enhanced_plus_comm40,504,2026081504,239,109,4000
bundibugyo_2007,enhanced_plus_comm40,505,2026081505,338,154,4000
bundibugyo_2007,enhanced_plus_comm40,506,2026081506,200,78,4000
bundibugyo_2007,enhanced_plus_comm40,507,2026081507,263,104,4000
bundibugyo_2007,enhanced_plus_comm40,508,2026081508,240,90,4000
bundibugyo_2007,enhanced_plus_comm40,509,2026081509,344,142,4000
bundibugyo_2007,enhanced_plus_comm40,510,2026081510,363,153,4000
bundibugyo_2007,enhanced_plus_comm40,511,2026081511,293,124,4000
bundibugyo_2007,enhanced_plus_comm40,512,2026081512,347,162,4000
bundibugyo_2007,enhanced_plus_comm40,513,2026081513,395,173,4000
bundibugyo_2007,enhanced_plus_comm40,514,2026081514,226,93,4000
bundibugyo_2007,enhanced_plus_comm40,515,2026081515,258,114,4000
bundibugyo_2007,enhanced_plus_comm40,516,2026081516,339,128,4000
bundibugyo_2007,enhanced_plus_comm40,517,2026081517,272,118,4000
bundibugyo_2007,enhanced_plus_comm40,518,2026081518,209,88,4000
bundibugyo_2007,enhanced_plus_comm40,519,2026081519,233,95,4000
bundibugyo_2007,enhanced_plus_comm40,520,2026081520,453,185,4000
bundibugyo_2007,enhanced_plus_comm40,521,2026081521,306,136,4000
bundibugyo_2007,enhanced_plus_comm40,522,2026081522,309,144,4000
bundibugyo_2007,enhanced_plus_comm40,523,2026081523,380,157,4000
bundibugyo_2007,enhanced_plus_comm40,524,2026081524,279,116,4000
bundibugyo_2007,enhanced_plus_comm40,525,2026081525,282,130,4000
bundibugyo_2007,enhanced_plus_comm40,526,2026081526,258,92,4000
bundibugyo_2007,enhanced_plus_comm40,527,2026081527,272,111,4000
bundibugyo_2007,enhanced_plus_comm40,528,2026081528,457,214,4000
bundibugyo_2007,enhanced_plus_comm40,529,2026081529,286,101,4000
bundibugyo_2007,enhanced_plus_comm40,530,2026081530,405,165,4000
bundibugyo_2007,enhanced_plus_comm40,531,2026081531,350,150,4000
bundibugyo_2007,enhanced_plus_comm40,532,2026081532,214,93,4000
bundibugyo_2007,enhanced_plus_comm40,533,2026081533,444,183,4000
bundibugyo_2007,enhanced_plus_comm40,534,2026081534,307,136,4000
bundibugyo_2007,enhanced_plus_comm40,535,2026081535,286,104,4000
bundibugyo_2007,enhanced_plus_comm40,536,2026081536,415,173,4000
bundibugyo_2007,enhanced_plus_comm40,537,2026081537,268,120,4000
bundibugyo_2007,enhanced_plus_comm40,538,2026081538,284,124,4000
bundibugyo_2007,enhanced_plus_comm40,539,2026081539,342,146,4000
bundibugyo_2007,enhanced_plus_comm40,540,2026081540,231,105,4000
bundibugyo_2007,enhanced_plus_comm40,541,2026081541,310,129,4000
bundibugyo_2007,enhanced_plus_comm40,542,2026081542,295,119,4000
bundibugyo_2007,enhanced_plus_comm40,543,2026081543,278,106,4000
bundibugyo_2007,enhanced_plus_comm40,544,2026081544,440,185,4000
bundibugyo_2007,enhanced_plus_comm40,545,2026081545,194,77,4000
bundibugyo_2007,enhanced_plus_comm40,546,2026081546,370,169,4000
bundibugyo_2007,enhanced_plus_comm40,547,2026081547,355,138,4000
bundibugyo_2007,enhanced_plus_comm40,548,2026081548,351,151,4000
bundibugyo_2007,enhanced_plus_comm40,549,2026081549,450,186,4000
bundibugyo_2007,enhanced_plus_comm40,550,2026081550,506,231,4000
bundibugyo_2007,enhanced_plus_comm40,551,2026081551,245,92,4000
bundibugyo_2007,enhanced_plus_comm40,552,2026081552,238,95,4000
bundibugyo_2007,enhanced_plus_comm40,553,2026081553,352,142,4000
bundibugyo_2007,enhanced_plus_comm40,554,2026081554,364,165,4000
bundibugyo_2007,enhanced_plus_comm40,555,2026081555,217,91,4000
bundibugyo_2007,enhanced_plus_comm40,556,2026081556,304,133,4000
bundibugyo_2007,enhanced_plus_comm40,557,2026081557,237,101,4000
bundibugyo_2007,enhanced_plus_comm40,558,2026081558,291,113,4000
bundibugyo_2007,enhanced_plus_comm40,559,2026081559,362,158,4000
bundibugyo_2007,enhanced_plus_comm40,560,2026081560,353,141,4000
bundibugyo_2007,enhanced_plus_comm40,561,2026081561,324,123,4000
bundibugyo_2007,enhanced_plus_comm40,562,2026081562,267,106,4000
bundibugyo_2007,enhanced_plus_comm40,563,2026081563,223,99,4000
bundibugyo_2007,enhanced_plus_comm40,564,2026081564,310,127,4000
bundibugyo_2007,enhanced_plus_comm40,565,2026081565,313,131,4000
bundibugyo_2007,enhanced_plus_comm40,566,2026081566,228,100,4000
bundibugyo_2007,enhanced_plus_comm40,567,2026081567,263,92,4000
bundibugyo_2007,enhanced_plus_comm40,568,2026081568,263,124,4000
bundibugyo_2007,enhanced_plus_comm40,569,2026081569,415,186,4000
bundibugyo_2007,enhanced_plus_comm40,570,2026081570,218,103,4000
bundibugyo_2007,enhanced_plus_comm40,571,2026081571,332,144,4000
bundibugyo_2007,enhanced_plus_comm40,572,2026081572,279,112,4000
bundibugyo_2007,enhanced_plus_comm40,573,2026081573,294,128,4000
bundibugyo_2007,enhanced_plus_comm40,574,2026081574,448,182,4000
bundibugyo_2007,enhanced_plus_comm40,575,2026081575,194,74,4000
bundibugyo_2007,enhanced_plus_comm40,576,2026081576,226,89,4000
bundibugyo_2007,enhanced_plus_comm40,577,2026081577,184,73,4000
bundibugyo_2007,enhanced_plus_comm40,578,2026081578,254,119,4000
bundibugyo_2007,enhanced_plus_comm40,579,2026081579,194,84,4000
bundibugyo_2007,enhanced_plus_comm40,580,2026081580,504,199,4000
bundibugyo_2007,enhanced_plus_comm40,581,2026081581,353,153,4000
bundibugyo_2007,enhanced_plus_comm40,582,2026081582,251,105,4000
bundibugyo_2007,enhanced_plus_comm40,583,2026081583,257,97,4000
bundibugyo_2007,enhanced_plus_comm40,584,2026081584,238,100,4000
bundibugyo_2007,enhanced_plus_comm40,585,2026081585,446,165,4000
bundibugyo_2007,enhanced_plus_comm40,586,2026081586,395,167,4000
bundibugyo_2007,enhanced_plus_comm40,587,2026081587,236,104,4000
bundibugyo_2007,enhanced_plus_comm40,588,2026081588,333,147,4000
bundibugyo_2007,enhanced_plus_comm40,589,2026081589,266,120,4000
bundibugyo_2007,enhanced_plus_comm40,590,2026081590,319,127,4000
bundibugyo_2007,enhanced_plus_comm40,591,2026081591,357,140,4000
bundibugyo_2007,enhanced_plus_comm40,592,2026081592,188,75,4000
bundibugyo_2007,enhanced_plus_comm40,593,2026081593,306,129,4000
bundibugyo_2007,enhanced_plus_comm40,594,2026081594,362,152,4000
bundibugyo_2007,enhanced_plus_comm40,595,2026081595,299,123,4000
bundibugyo_2007,enhanced_plus_comm40,596,2026081596,332,128,4000
bundibugyo_2007,enhanced_plus_comm40,597,2026081597,323,141,4000
bundibugyo_2007,enhanced_plus_comm40,598,2026081598,210,83,4000
bundibugyo_2007,enhanced_plus_comm40,599,2026081599,369,156,4000
bundibugyo_2007,enhanced_plus_comm40,600,2026081600,288,133,4000
bundibugyo_2007,enhanced_plus_comm40,601,2026081601,284,140,4000
bundibugyo_2007,enhanced_plus_comm40,602,2026081602,189,87,4000
bundibugyo_2007,enhanced_plus_comm40,603,2026081603,287,107,4000
bundibugyo_2007,enhanced_plus_comm40,604,2026081604,347,148,4000
bundibugyo_2007,enhanced_plus_comm40,605,2026081605,403,158,4000
bundibugyo_2007,enhanced_plus_comm40,606,2026081606,287,129,4000
bundibugyo_2007,enhanced_plus_comm40,607,2026081607,380,156,4000
bundibugyo_2007,enhanced_plus_comm40,608,2026081608,266,108,4000
bundibugyo_2007,enhanced_plus_comm40,609,2026081609,296,124,4000
bundibugyo_2007,enhanced_plus_comm40,610,2026081610,261,114,4000
bundibugyo_2007,enhanced_plus_comm40,611,2026081611,382,165,4000
bundibugyo_2007,enhanced_plus_comm40,612,2026081612,279,128,4000
bundibugyo_2007,enhanced_plus_comm40,613,2026081613,368,157,4000
bundibugyo_2007,enhanced_plus_comm40,614,2026081614,268,107,4000
bundibugyo_2007,enhanced_plus_comm40,615,2026081615,319,130,4000
bundibugyo_2007,enhanced_plus_comm40,616,2026081616,327,136,4000
bundibugyo_2007,enhanced_plus_comm40,617,2026081617,261,106,4000
bundibugyo_2007,enhanced_plus_comm40,618,2026081618,385,162,4000
bundibugyo_2007,enhanced_plus_comm40,619,2026081619,364,154,4000
bundibugyo_2007,enhanced_plus_comm40,620,2026081620,281,124,4000
bundibugyo_2007,enhanced_plus_comm40,621,2026081621,294,121,4000
bundibugyo_2007,enhanced_plus_comm40,622,2026081622,451,181,4000
bundibugyo_2007,enhanced_plus_comm40,623,2026081623,335,140,4000
bundibugyo_2007,enhanced_plus_comm40,624,2026081624,356,152,4000
bundibugyo_2007,enhanced_plus_ring2,0,2026081000,252,105,7790
bundibugyo_2007,enhanced_plus_ring2,1,2026081001,499,226,7617
bundibugyo_2007,enhanced_plus_ring2,2,2026081002,354,133,7872
bundibugyo_2007,enhanced_plus_ring2,3,2026081003,212,96,6550
bundibugyo_2007,enhanced_plus_ring2,4,2026081004,323,124,7883
bundibugyo_2007,enhanced_plus_ring2,5,2026081005,306,126,7526
bundibugyo_2007,enhanced_plus_ring2,6,2026081006,276,126,7681
bundibugyo_2007,enhanced_plus_ring2,7,2026081007,294,131,7551
bundibugyo_2007,enhanced_plus_ring2,8,2026081008,327,157,7809
bundibugyo_2007,enhanced_plus_ring2,9,2026081009,366,172,7415
bundibugyo_2007,enhanced_plus_ring2,10,2026081010,350,151,7761
bundibugyo_2007,enhanced_plus_ring2,11,2026081011,451,192,7788
bundibugyo_2007,enhanced_plus_ring2,12,2026081012,267,128,7050
bundibugyo_2007,enhanced_plus_ring2,13,2026081013,333,137,8109
bundibugyo_2007,enhanced_plus_ring2,14,2026081014,277,114,7729
bundibugyo_2007,enhanced_plus_ring2,15,2026081015,401,150,7723
bundibugyo_2007,enhanced_plus_ring2,16,2026081016,332,134,7680
bundibugyo_2007,enhanced_plus_ring2,17,2026081017,280,125,7180
bundibugyo_2007,enhanced_plus_ring2,18,2026081018,266,131,6718
bundibugyo_2007,enhanced_plus_ring2,19,2026081019,425,185,7461
bundibugyo_2007,enhanced_plus_ring2,20,2026081020,299,134,7763
bundibugyo_2007,enhanced_plus_ring2,21,2026081021,406,165,8148
bundibugyo_2007,enhanced_plus_ring2,22,2026081022,302,129,6485
bundibugyo_2007,enhanced_plus_ring2,23,2026081023,293,129,6783
bundibugyo_2007,enhanced_plus_ring2,24,2026081024,296,127,6943
bundibugyo_2007,enhanced_plus_ring2,25,2026081025,340,131,7971
bundibugyo_2007,enhanced_plus_ring2,26,2026081026,221,94,6583
bundibugyo_2007,enhanced_plus_ring2,27,2026081027,366,164,7250
bundibugyo_2007,enhanced_plus_ring2,28,2026081028,352,135,7808
bundibugyo_2007,enhanced_plus_ring2,29,2026081029,399,171,7618
bundibugyo_2007,enhanced_plus_ring2,30,2026081030,363,164,7772
bundibugyo_2007,enhanced_plus_ring2,31,2026081031,297,133,7329
bundibugyo_2007,enhanced_plus_ring2,32,2026081032,401,170,7860
bundibugyo_2007,enhanced_plus_ring2,33,2026081033,345,145,7702
bundibugyo_2007,enhanced_plus_ring2,34,2026081034,333,152,7370
bundibugyo_2007,enhanced_plus_ring2,35,2026081035,529,200,7585
bundibugyo_2007,enhanced_plus_ring2,36,2026081036,414,186,7921
bundibugyo_2007,enhanced_plus_ring2,37,2026081037,492,189,8087
bundibugyo_2007,enhanced_plus_ring2,38,2026081038,217,104,6402
bundibugyo_2007,enhanced_plus_ring2,39,2026081039,268,117,7362
bundibugyo_2007,enhanced_plus_ring2,40,2026081040,227,94,6558
bundibugyo_2007,enhanced_plus_ring2,41,2026081041,370,155,6991
bundibugyo_2007,enhanced_plus_ring2,42,2026081042,598,261,7830
bundibugyo_2007,enhanced_plus_ring2,43,2026081043,275,118,7129
bundibugyo_2007,enhanced_plus_ring2,44,2026081044,258,108,6829
bundibugyo_2007,enhanced_plus_ring2,45,2026081045,302,135,6584
bundibugyo_2007,enhanced_plus_ring2,46,2026081046,328,138,6737
bundibugyo_2007,enhanced_plus_ring2,47,2026081047,280,101,7584
bundibugyo_2007,enhanced_plus_ring2,48,2026081048,356,161,7299
bundibugyo_2007,enhanced_plus_ring2,49,2026081049,258,98,7060
bundibugyo_2007,enhanced_plus_ring2,50,2026081050,320,125,7677
bundibugyo_2007,enhanced_plus_ring2,51,2026081051,239,104,6570
bundibugyo_2007,enhanced_plus_ring2,52,2026081052,255,113,6860
bundibugyo_2007,enhanced_plus_ring2,53,2026081053,381,153,7759
bundibugyo_2007,enhanced_plus_ring2,54,2026081054,229,108,6752
bundibugyo_2007,enhanced_plus_ring2,55,2026081055,298,149,7627
bundibugyo_2007,enhanced_plus_ring2,56,2026081056,206,89,6287
bundibugyo_2007,enhanced_plus_ring2,57,2026081057,460,180,7798
bundibugyo_2007,enhanced_plus_ring2,58,2026081058,252,103,6756
bundibugyo_2007,enhanced_plus_ring2,59,2026081059,391,151,7856
bundibugyo_2007,enhanced_plus_ring2,60,2026081060,410,169,7452
bundibugyo_2007,enhanced_plus_ring2,61,2026081061,268,129,7117
bundibugyo_2007,enhanced_plus_ring2,62,2026081062,266,103,7765
bundibugyo_2007,enhanced_plus_ring2,63,2026081063,286,129,7517
bundibugyo_2007,enhanced_plus_ring2,64,2026081064,279,115,7748
bundibugyo_2007,enhanced_plus_ring2,65,2026081065,434,188,7698
bundibugyo_2007,enhanced_plus_ring2,66,2026081066,374,159,7717
bundibugyo_2007,enhanced_plus_ring2,67,2026081067,261,113,6561
bundibugyo_2007,enhanced_plus_ring2,68,2026081068,341,138,7494
bundibugyo_2007,enhanced_plus_ring2,69,2026081069,495,199,7802
bundibugyo_2007,enhanced_plus_ring2,70,2026081070,256,115,6941
bundibugyo_2007,enhanced_plus_ring2,71,2026081071,444,170,7324
bundibugyo_2007,enhanced_plus_ring2,72,2026081072,290,138,7151
bundibugyo_2007,enhanced_plus_ring2,73,2026081073,337,135,6465
bundibugyo_2007,enhanced_plus_ring2,74,2026081074,303,135,7819
bundibugyo_2007,enhanced_plus_ring2,75,2026081075,267,121,6848
bundibugyo_2007,enhanced_plus_ring2,76,2026081076,458,182,7847
bundibugyo_2007,enhanced_plus_ring2,77,2026081077,392,163,7812
bundibugyo_2007,enhanced_plus_ring2,78,2026081078,420,188,7904
bundibugyo_2007,enhanced_plus_ring2,79,2026081079,402,153,7462
bundibugyo_2007,enhanced_plus_ring2,80,2026081080,325,128,6179
bundibugyo_2007,enhanced_plus_ring2,81,2026081081,311,129,7440
bundibugyo_2007,enhanced_plus_ring2,82,2026081082,222,97,5830
bundibugyo_2007,enhanced_plus_ring2,83,2026081083,400,165,7756
bundibugyo_2007,enhanced_plus_ring2,84,2026081084,445,176,8016
bundibugyo_2007,enhanced_plus_ring2,85,2026081085,322,138,7743
bundibugyo_2007,enhanced_plus_ring2,86,2026081086,225,90,6368
bundibugyo_2007,enhanced_plus_ring2,87,2026081087,246,97,6509
bundibugyo_2007,enhanced_plus_ring2,88,2026081088,418,168,7647
bundibugyo_2007,enhanced_plus_ring2,89,2026081089,324,151,7574
bundibugyo_2007,enhanced_plus_ring2,90,2026081090,287,108,7524
bundibugyo_2007,enhanced_plus_ring2,91,2026081091,308,136,7749
bundibugyo_2007,enhanced_plus_ring2,92,2026081092,254,102,6963
bundibugyo_2007,enhanced_plus_ring2,93,2026081093,382,167,7715
bundibugyo_2007,enhanced_plus_ring2,94,2026081094,502,221,7917
bundibugyo_2007,enhanced_plus_ring2,95,2026081095,326,124,7368
bundibugyo_2007,enhanced_plus_ring2,96,2026081096,381,148,7528
bundibugyo_2007,enhanced_plus_ring2,97,2026081097,339,143,7281
bundibugyo_2007,enhanced_plus_ring2,98,2026081098,412,177,7716
bundibugyo_2007,enhanced_plus_ring2,99,2026081099,285,111,6529
bundibugyo_2007,enhanced_plus_ring2,100,2026081100,323,133,6942
bundibugyo_2007,enhanced_plus_ring2,101,2026081101,308,146,7115
bundibugyo_2007,enhanced_plus_ring2,102,2026081102,377,142,7985
bundibugyo_2007,enhanced_plus_ring2,103,2026081103,245,100,6959
bundibugyo_2007,enhanced_plus_ring2,104,2026081104,456,186,7931
bundibugyo_2007,enhanced_plus_ring2,105,2026081105,287,109,7848
bundibugyo_2007,enhanced_plus_ring2,106,2026081106,298,126,7074
bundibugyo_2007,enhanced_plus_ring2,107,2026081107,467,203,7945
bundibugyo_2007,enhanced_plus_ring2,108,2026081108,297,124,7196
bundibugyo_2007,enhanced_plus_ring2,109,2026081109,375,152,7724
bundibugyo_2007,enhanced_plus_ring2,110,2026081110,296,129,7636
bundibugyo_2007,enhanced_plus_ring2,111,2026081111,232,94,6799
bundibugyo_2007,enhanced_plus_ring2,112,2026081112,301,119,6506
bundibugyo_2007,enhanced_plus_ring2,113,2026081113,329,128,7865
bundibugyo_2007,enhanced_plus_ring2,114,2026081114,329,141,7545
bundibugyo_2007,enhanced_plus_ring2,115,2026081115,286,129,7494
bundibugyo_2007,enhanced_plus_ring2,116,2026081116,344,149,8040
bundibugyo_2007,enhanced_plus_ring2,117,2026081117,362,144,7458
bundibugyo_2007,enhanced_plus_ring2,118,2026081118,298,124,7717
bundibugyo_2007,enhanced_plus_ring2,119,2026081119,303,128,7895
bundibugyo_2007,enhanced_plus_ring2,120,2026081120,309,119,7244
bundibugyo_2007,enhanced_plus_ring2,121,2026081121,258,116,7243
bundibugyo_2007,enhanced_plus_ring2,122,2026081122,276,114,7149
bundibugyo_2007,enhanced_plus_ring2,123,2026081123,268,121,7504
bundibugyo_2007,enhanced_plus_ring2,124,2026081124,329,139,7410
bundibugyo_2007,enhanced_plus_ring2,125,2026081125,474,208,7572
bundibugyo_2007,enhanced_plus_ring2,126,2026081126,455,189,8019
bundibugyo_2007,enhanced_plus_ring2,127,2026081127,356,150,7268
bundibugyo_2007,enhanced_plus_ring2,128,2026081128,361,146,7875
bundibugyo_2007,enhanced_plus_ring2,129,2026081129,408,173,7891
bundibugyo_2007,enhanced_plus_ring2,130,2026081130,328,159,7927
bundibugyo_2007,enhanced_plus_ring2,131,2026081131,284,117,6976
bundibugyo_2007,enhanced_plus_ring2,132,2026081132,203,100,6449
bundibugyo_2007,enhanced_plus_ring2,133,2026081133,288,106,7305
bundibugyo_2007,enhanced_plus_ring2,134,2026081134,402,161,6357
bundibugyo_2007,enhanced_plus_ring2,135,2026081135,246,93,7422
bundibugyo_2007,enhanced_plus_ring2,136,2026081136,229,90,6563
bundibugyo_2007,enhanced_plus_ring2,137,2026081137,364,148,7705
bundibugyo_2007,enhanced_plus_ring2,138,2026081138,328,147,7582
bundibugyo_2007,enhanced_plus_ring2,139,2026081139,372,150,7945
bundibugyo_2007,enhanced_plus_ring2,140,2026081140,255,104,6127
bundibugyo_2007,enhanced_plus_ring2,141,2026081141,359,155,7808
bundibugyo_2007,enhanced_plus_ring2,142,2026081142,266,109,6136
bundibugyo_2007,enhanced_plus_ring2,143,2026081143,245,96,6447
bundibugyo_2007,enhanced_plus_ring2,144,2026081144,307,119,5993
bundibugyo_2007,enhanced_plus_ring2,145,2026081145,261,101,7719
bundibugyo_2007,enhanced_plus_ring2,146,2026081146,304,111,7030
bundibugyo_2007,enhanced_plus_ring2,147,2026081147,282,119,7376
bundibugyo_2007,enhanced_plus_ring2,148,2026081148,296,123,7556
bundibugyo_2007,enhanced_plus_ring2,149,2026081149,328,143,6940
bundibugyo_2007,enhanced_plus_ring2,150,2026081150,375,156,7603
bundibugyo_2007,enhanced_plus_ring2,151,2026081151,363,152,7613
bundibugyo_2007,enhanced_plus_ring2,152,2026081152,451,171,7883
bundibugyo_2007,enhanced_plus_ring2,153,2026081153,376,159,7965
bundibugyo_2007,enhanced_plus_ring2,154,2026081154,231,95,7838
bundibugyo_2007,enhanced_plus_ring2,155,2026081155,254,100,7502
bundibugyo_2007,enhanced_plus_ring2,156,2026081156,354,161,7855
bundibugyo_2007,enhanced_plus_ring2,157,2026081157,307,137,6318
bundibugyo_2007,enhanced_plus_ring2,158,2026081158,366,158,7528
bundibugyo_2007,enhanced_plus_ring2,159,2026081159,286,141,7414
bundibugyo_2007,enhanced_plus_ring2,160,2026081160,346,138,7325
bundibugyo_2007,enhanced_plus_ring2,161,2026081161,239,105,7103
bundibugyo_2007,enhanced_plus_ring2,162,2026081162,387,149,7792
bundibugyo_2007,enhanced_plus_ring2,163,2026081163,325,149,6946
bundibugyo_2007,enhanced_plus_ring2,164,2026081164,215,82,6076
bundibugyo_2007,enhanced_plus_ring2,165,2026081165,258,109,6483
bundibugyo_2007,enhanced_plus_ring2,166,2026081166,425,162,7717
bundibugyo_2007,enhanced_plus_ring2,167,2026081167,468,202,7744
bundibugyo_2007,enhanced_plus_ring2,168,2026081168,300,125,7778
bundibugyo_2007,enhanced_plus_ring2,169,2026081169,433,169,7954
bundibugyo_2007,enhanced_plus_ring2,170,2026081170,385,150,7423
bundibugyo_2007,enhanced_plus_ring2,171,2026081171,341,124,8125
bundibugyo_2007,enhanced_plus_ring2,172,2026081172,330,139,8065
bundibugyo_2007,enhanced_plus_ring2,173,2026081173,265,119,7113
bundibugyo_2007,enhanced_plus_ring2,174,2026081174,233,104,6623
bundibugyo_2007,enhanced_plus_ring2,175,2026081175,309,136,6646
bundibugyo_2007,enhanced_plus_ring2,176,2026081176,373,152,8029
bundibugyo_2007,enhanced_plus_ring2,177,2026081177,393,157,7953
bundibugyo_2007,enhanced_plus_ring2,178,2026081178,384,167,8146
bundibugyo_2007,enhanced_plus_ring2,179,2026081179,299,133,6243
bundibugyo_2007,enhanced_plus_ring2,180,2026081180,306,127,7722
bundibugyo_2007,enhanced_plus_ring2,181,2026081181,352,140,7886
bundibugyo_2007,enhanced_plus_ring2,182,2026081182,351,136,7118
bundibugyo_2007,enhanced_plus_ring2,183,2026081183,271,123,7461
bundibugyo_2007,enhanced_plus_ring2,184,2026081184,284,99,7766
bundibugyo_2007,enhanced_plus_ring2,185,2026081185,329,129,7370
bundibugyo_2007,enhanced_plus_ring2,186,2026081186,285,108,6929
bundibugyo_2007,enhanced_plus_ring2,187,2026081187,313,119,6519
bundibugyo_2007,enhanced_plus_ring2,188,2026081188,417,171,7529
bundibugyo_2007,enhanced_plus_ring2,189,2026081189,367,140,7833
bundibugyo_2007,enhanced_plus_ring2,190,2026081190,390,178,8088
bundibugyo_2007,enhanced_plus_ring2,191,2026081191,482,197,7912
bundibugyo_2007,enhanced_plus_ring2,192,2026081192,413,167,7580
bundibugyo_2007,enhanced_plus_ring2,193,2026081193,440,204,7984
bundibugyo_2007,enhanced_plus_ring2,194,2026081194,373,152,7848
bundibugyo_2007,enhanced_plus_ring2,195,2026081195,431,159,8003
bundibugyo_2007,enhanced_plus_ring2,196,2026081196,377,162,7594
bundibugyo_2007,enhanced_plus_ring2,197,2026081197,396,165,7732
bundibugyo_2007,enhanced_plus_ring2,198,2026081198,244,111,7434
bundibugyo_2007,enhanced_plus_ring2,199,2026081199,251,107,7040
bundibugyo_2007,enhanced_plus_ring2,200,2026081200,321,126,7641
bundibugyo_2007,enhanced_plus_ring2,201,2026081201,306,123,7107
bundibugyo_2007,enhanced_plus_ring2,202,2026081202,370,170,7747
bundibugyo_2007,enhanced_plus_ring2,203,2026081203,374,156,7234
bundibugyo_2007,enhanced_plus_ring2,204,2026081204,282,117,7622
bundibugyo_2007,enhanced_plus_ring2,205,2026081205,186,83,5647
bundibugyo_2007,enhanced_plus_ring2,206,2026081206,212,89,4834
bundibugyo_2007,enhanced_plus_ring2,207,2026081207,276,109,7172
bundibugyo_2007,enhanced_plus_ring2,208,2026081208,382,162,7248
bundibugyo_2007,enhanced_plus_ring2,209,2026081209,307,128,8203
bundibugyo_2007,enhanced_plus_ring2,210,2026081210,337,156,7211
bundibugyo_2007,enhanced_plus_ring2,211,2026081211,246,107,7423
bundibugyo_2007,enhanced_plus_ring2,212,2026081212,252,104,7784
bundibugyo_2007,enhanced_plus_ring2,213,2026081213,294,135,7546
bundibugyo_2007,enhanced_plus_ring2,214,2026081214,239,91,7000
bundibugyo_2007,enhanced_plus_ring2,215,2026081215,374,153,7949
bundibugyo_2007,enhanced_plus_ring2,216,2026081216,409,177,7711
bundibugyo_2007,enhanced_plus_ring2,217,2026081217,291,119,7341
bundibugyo_2007,enhanced_plus_ring2,218,2026081218,293,115,6958
bundibugyo_2007,enhanced_plus_ring2,219,2026081219,284,119,7536
bundibugyo_2007,enhanced_plus_ring2,220,2026081220,257,106,7312
bundibugyo_2007,enhanced_plus_ring2,221,2026081221,418,199,8075
bundibugyo_2007,enhanced_plus_ring2,222,2026081222,313,130,7298
bundibugyo_2007,enhanced_plus_ring2,223,2026081223,309,113,7812
bundibugyo_2007,enhanced_plus_ring2,224,2026081224,427,190,7914
bundibugyo_2007,enhanced_plus_ring2,225,2026081225,235,98,7452
bundibugyo_2007,enhanced_plus_ring2,226,2026081226,293,130,7517
bundibugyo_2007,enhanced_plus_ring2,227,2026081227,296,120,7193
bundibugyo_2007,enhanced_plus_ring2,228,2026081228,386,160,7874
bundibugyo_2007,enhanced_plus_ring2,229,2026081229,231,103,6897
bundibugyo_2007,enhanced_plus_ring2,230,2026081230,384,173,6920
bundibugyo_2007,enhanced_plus_ring2,231,2026081231,390,156,7797
bundibugyo_2007,enhanced_plus_ring2,232,2026081232,374,156,6960
bundibugyo_2007,enhanced_plus_ring2,233,2026081233,391,158,7521
bundibugyo_2007,enhanced_plus_ring2,234,2026081234,349,151,7839
bundibugyo_2007,enhanced_plus_ring2,235,2026081235,312,133,7644
bundibugyo_2007,enhanced_plus_ring2,236,2026081236,229,97,7447
bundibugyo_2007,enhanced_plus_ring2,237,2026081237,405,168,7931
bundibugyo_2007,enhanced_plus_ring2,238,2026081238,250,103,6668
bundibugyo_2007,enhanced_plus_ring2,239,2026081239,296,102,7642
bundibugyo_2007,enhanced_plus_ring2,240,2026081240,342,141,7850
bundibugyo_2007,enhanced_plus_ring2,241,2026081241,322,124,7309
bundibugyo_2007,enhanced_plus_ring2,242,2026081242,521,216,7938
bundibugyo_2007,enhanced_plus_ring2,243,2026081243,204,98,5380
bundibugyo_2007,enhanced_plus_ring2,244,2026081244,387,168,7797
bundibugyo_2007,enhanced_plus_ring2,245,2026081245,289,120,7713
bundibugyo_2007,enhanced_plus_ring2,246,2026081246,293,100,7188
bundibugyo_2007,enhanced_plus_ring2,247,2026081247,341,144,7654
bundibugyo_2007,enhanced_plus_ring2,248,2026081248,474,175,7961
bundibugyo_2007,enhanced_plus_ring2,249,2026081249,291,134,7705
bundibugyo_2007,enhanced_plus_ring2,250,2026081250,380,166,8000
bundibugyo_2007,enhanced_plus_ring2,251,2026081251,463,218,7865
bundibugyo_2007,enhanced_plus_ring2,252,2026081252,405,170,7762
bundibugyo_2007,enhanced_plus_ring2,253,2026081253,286,117,5796
bundibugyo_2007,enhanced_plus_ring2,254,2026081254,309,126,7879
bundibugyo_2007,enhanced_plus_ring2,255,2026081255,210,91,5973
bundibugyo_2007,enhanced_plus_ring2,256,2026081256,409,182,7824
bundibugyo_2007,enhanced_plus_ring2,257,2026081257,302,121,7143
bundibugyo_2007,enhanced_plus_ring2,258,2026081258,332,128,7783
bundibugyo_2007,enhanced_plus_ring2,259,2026081259,392,173,7711
bundibugyo_2007,enhanced_plus_ring2,260,2026081260,309,140,7445
bundibugyo_2007,enhanced_plus_ring2,261,2026081261,370,162,7691
bundibugyo_2007,enhanced_plus_ring2,262,2026081262,289,124,7281
bundibugyo_2007,enhanced_plus_ring2,263,2026081263,310,124,7473
bundibugyo_2007,enhanced_plus_ring2,264,2026081264,325,144,7734
bundibugyo_2007,enhanced_plus_ring2,265,2026081265,253,97,6799
bundibugyo_2007,enhanced_plus_ring2,266,2026081266,310,129,6681
bundibugyo_2007,enhanced_plus_ring2,267,2026081267,337,143,7657
bundibugyo_2007,enhanced_plus_ring2,268,2026081268,279,135,7190
bundibugyo_2007,enhanced_plus_ring2,269,2026081269,419,179,7977
bundibugyo_2007,enhanced_plus_ring2,270,2026081270,358,166,7491
bundibugyo_2007,enhanced_plus_ring2,271,2026081271,289,118,6817
bundibugyo_2007,enhanced_plus_ring2,272,2026081272,296,130,7273
bundibugyo_2007,enhanced_plus_ring2,273,2026081273,372,140,8055
bundibugyo_2007,enhanced_plus_ring2,274,2026081274,255,86,6642
bundibugyo_2007,enhanced_plus_ring2,275,2026081275,491,202,8019
bundibugyo_2007,enhanced_plus_ring2,276,2026081276,338,155,7813
bundibugyo_2007,enhanced_plus_ring2,277,2026081277,381,156,7245
bundibugyo_2007,enhanced_plus_ring2,278,2026081278,254,102,7415
bundibugyo_2007,enhanced_plus_ring2,279,2026081279,416,173,7639
bundibugyo_2007,enhanced_plus_ring2,280,2026081280,344,152,7968
bundibugyo_2007,enhanced_plus_ring2,281,2026081281,243,106,7324
bundibugyo_2007,enhanced_plus_ring2,282,2026081282,380,151,8119
bundibugyo_2007,enhanced_plus_ring2,283,2026081283,317,133,7249
bundibugyo_2007,enhanced_plus_ring2,284,2026081284,382,158,8038
bundibugyo_2007,enhanced_plus_ring2,285,2026081285,244,91,7454
bundibugyo_2007,enhanced_plus_ring2,286,2026081286,378,169,8102
bundibugyo_2007,enhanced_plus_ring2,287,2026081287,354,151,7070
bundibugyo_2007,enhanced_plus_ring2,288,2026081288,290,114,7831
bundibugyo_2007,enhanced_plus_ring2,289,2026081289,301,128,7880
bundibugyo_2007,enhanced_plus_ring2,290,2026081290,301,125,7844
bundibugyo_2007,enhanced_plus_ring2,291,2026081291,387,161,7638
bundibugyo_2007,enhanced_plus_ring2,292,2026081292,274,113,7311
bundibugyo_2007,enhanced_plus_ring2,293,2026081293,416,169,7892
bundibugyo_2007,enhanced_plus_ring2,294,2026081294,401,181,7900
bundibugyo_2007,enhanced_plus_ring2,295,2026081295,314,135,7818
bundibugyo_2007,enhanced_plus_ring2,296,2026081296,452,188,8067
bundibugyo_2007,enhanced_plus_ring2,297,2026081297,330,146,8035
bundibugyo_2007,enhanced_plus_ring2,298,2026081298,330,132,6921
bundibugyo_2007,enhanced_plus_ring2,299,2026081299,302,136,7592
bundibugyo_2007,enhanced_plus_ring2,300,2026081300,332,134,7303
bundibugyo_2007,enhanced_plus_ring2,301,2026081301,301,125,7441
bundibugyo_2007,enhanced_plus_ring2,302,2026081302,448,199,7797
bundibugyo_2007,enhanced_plus_ring2,303,2026081303,242,116,6644
bundibugyo_2007,enhanced_plus_ring2,304,2026081304,374,154,7115
bundibugyo_2007,enhanced_plus_ring2,305,2026081305,363,139,7794
bundibugyo_2007,enhanced_plus_ring2,306,2026081306,182,77,6718
bundibugyo_2007,enhanced_plus_ring2,307,2026081307,221,88,5867
bundibugyo_2007,enhanced_plus_ring2,308,2026081308,377,158,7776
bundibugyo_2007,enhanced_plus_ring2,309,2026081309,485,211,7540
bundibugyo_2007,enhanced_plus_ring2,310,2026081310,297,129,6555
bundibugyo_2007,enhanced_plus_ring2,311,2026081311,433,178,8056
bundibugyo_2007,enhanced_plus_ring2,312,2026081312,406,171,7864
bundibugyo_2007,enhanced_plus_ring2,313,2026081313,234,82,6518
bundibugyo_2007,enhanced_plus_ring2,314,2026081314,238,101,7298
bundibugyo_2007,enhanced_plus_ring2,315,2026081315,391,154,6981
bundibugyo_2007,enhanced_plus_ring2,316,2026081316,491,183,7749
bundibugyo_2007,enhanced_plus_ring2,317,2026081317,446,184,7711
bundibugyo_2007,enhanced_plus_ring2,318,2026081318,361,162,7750
bundibugyo_2007,enhanced_plus_ring2,319,2026081319,382,161,7547
bundibugyo_2007,enhanced_plus_ring2,320,2026081320,207,86,7267
bundibugyo_2007,enhanced_plus_ring2,321,2026081321,284,117,7937
bundibugyo_2007,enhanced_plus_ring2,322,2026081322,221,86,6498
bundibugyo_2007,enhanced_plus_ring2,323,2026081323,293,136,6734
bundibugyo_2007,enhanced_plus_ring2,324,2026081324,343,138,7679
bundibugyo_2007,enhanced_plus_ring2,325,2026081325,367,147,7744
bundibugyo_2007,enhanced_plus_ring2,326,2026081326,375,155,8305
bundibugyo_2007,enhanced_plus_ring2,327,2026081327,312,128,7394
bundibugyo_2007,enhanced_plus_ring2,328,2026081328,449,206,7850
bundibugyo_2007,enhanced_plus_ring2,329,2026081329,326,140,6754
bundibugyo_2007,enhanced_plus_ring2,330,2026081330,313,118,7686
bundibugyo_2007,enhanced_plus_ring2,331,2026081331,249,101,7013
bundibugyo_2007,enhanced_plus_ring2,332,2026081332,214,91,7320
bundibugyo_2007,enhanced_plus_ring2,333,2026081333,300,128,7038
bundibugyo_2007,enhanced_plus_ring2,334,2026081334,296,133,6543
bundibugyo_2007,enhanced_plus_ring2,335,2026081335,242,106,7337
bundibugyo_2007,enhanced_plus_ring2,336,2026081336,478,192,7933
bundibugyo_2007,enhanced_plus_ring2,337,2026081337,399,162,7584
bundibugyo_2007,enhanced_plus_ring2,338,2026081338,335,153,7440
bundibugyo_2007,enhanced_plus_ring2,339,2026081339,398,153,7986
bundibugyo_2007,enhanced_plus_ring2,340,2026081340,346,144,7981
bundibugyo_2007,enhanced_plus_ring2,341,2026081341,304,140,7270
bundibugyo_2007,enhanced_plus_ring2,342,2026081342,340,147,7957
bundibugyo_2007,enhanced_plus_ring2,343,2026081343,421,164,7811
bundibugyo_2007,enhanced_plus_ring2,344,2026081344,378,157,7535
bundibugyo_2007,enhanced_plus_ring2,345,2026081345,372,162,8196
bundibugyo_2007,enhanced_plus_ring2,346,2026081346,328,141,7490
bundibugyo_2007,enhanced_plus_ring2,347,2026081347,306,143,7262
bundibugyo_2007,enhanced_plus_ring2,348,2026081348,315,125,8280
bundibugyo_2007,enhanced_plus_ring2,349,2026081349,350,147,8104
bundibugyo_2007,enhanced_plus_ring2,350,2026081350,289,126,5889
bundibugyo_2007,enhanced_plus_ring2,351,2026081351,304,125,7491
bundibugyo_2007,enhanced_plus_ring2,352,2026081352,399,170,7871
bundibugyo_2007,enhanced_plus_ring2,353,2026081353,426,185,7261
bundibugyo_2007,enhanced_plus_ring2,354,2026081354,312,133,7123
bundibugyo_2007,enhanced_plus_ring2,355,2026081355,389,161,8072
bundibugyo_2007,enhanced_plus_ring2,356,2026081356,434,169,7908
bundibugyo_2007,enhanced_plus_ring2,357,2026081357,292,126,7328
bundibugyo_2007,enhanced_plus_ring2,358,2026081358,295,118,7838
bundibugyo_2007,enhanced_plus_ring2,359,2026081359,284,116,6212
bundibugyo_2007,enhanced_plus_ring2,360,2026081360,291,119,7680
bundibugyo_2007,enhanced_plus_ring2,361,2026081361,314,130,6981
bundibugyo_2007,enhanced_plus_ring2,362,2026081362,340,123,7869
bundibugyo_2007,enhanced_plus_ring2,363,2026081363,507,194,7849
bundibugyo_2007,enhanced_plus_ring2,364,2026081364,347,151,7965
bundibugyo_2007,enhanced_plus_ring2,365,2026081365,410,163,8217
bundibugyo_2007,enhanced_plus_ring2,366,2026081366,338,153,7282
bundibugyo_2007,enhanced_plus_ring2,367,2026081367,281,113,7468
bundibugyo_2007,enhanced_plus_ring2,368,2026081368,516,225,7694
bundibugyo_2007,enhanced_plus_ring2,369,2026081369,216,93,7279
bundibugyo_2007,enhanced_plus_ring2,370,2026081370,280,113,7659
bundibugyo_2007,enhanced_plus_ring2,371,2026081371,445,174,7736
bundibugyo_2007,enhanced_plus_ring2,372,2026081372,300,121,6021
bundibugyo_2007,enhanced_plus_ring2,373,2026081373,315,119,7821
bundibugyo_2007,enhanced_plus_ring2,374,2026081374,348,159,7136
bundibugyo_2007,enhanced_plus_ring2,375,2026081375,278,105,7451
bundibugyo_2007,enhanced_plus_ring2,376,2026081376,291,120,7506
bundibugyo_2007,enhanced_plus_ring2,377,2026081377,424,188,7967
bundibugyo_2007,enhanced_plus_ring2,378,2026081378,420,185,7861
bundibugyo_2007,enhanced_plus_ring2,379,2026081379,330,142,7325
bundibugyo_2007,enhanced_plus_ring2,380,2026081380,295,127,7483
bundibugyo_2007,enhanced_plus_ring2,381,2026081381,435,192,8032
bundibugyo_2007,enhanced_plus_ring2,382,2026081382,249,115,7282
bundibugyo_2007,enhanced_plus_ring2,383,2026081383,255,100,5657
bundibugyo_2007,enhanced_plus_ring2,384,2026081384,318,152,7272
bundibugyo_2007,enhanced_plus_ring2,385,2026081385,318,139,7008
bundibugyo_2007,enhanced_plus_ring2,386,2026081386,305,119,7354
bundibugyo_2007,enhanced_plus_ring2,387,2026081387,366,158,7647
bundibugyo_2007,enhanced_plus_ring2,388,2026081388,325,140,7832
bundibugyo_2007,enhanced_plus_ring2,389,2026081389,273,119,7165
bundibugyo_2007,enhanced_plus_ring2,390,2026081390,470,210,7923
bundibugyo_2007,enhanced_plus_ring2,391,2026081391,321,141,7918
bundibugyo_2007,enhanced_plus_ring2,392,2026081392,305,121,7336
bundibugyo_2007,enhanced_plus_ring2,393,2026081393,220,84,7434
bundibugyo_2007,enhanced_plus_ring2,394,2026081394,209,87,5912
bundibugyo_2007,enhanced_plus_ring2,395,2026081395,206,102,6867
bundibugyo_2007,enhanced_plus_ring2,396,2026081396,240,110,7325
bundibugyo_2007,enhanced_plus_ring2,397,2026081397,256,110,7203
bundibugyo_2007,enhanced_plus_ring2,398,2026081398,291,115,6984
bundibugyo_2007,enhanced_plus_ring2,399,2026081399,287,125,6894
bundibugyo_2007,enhanced_plus_ring2,400,2026081400,329,155,7477
bundibugyo_2007,enhanced_plus_ring2,401,2026081401,371,144,7128
bundibugyo_2007,enhanced_plus_ring2,402,2026081402,312,125,7420
bundibugyo_2007,enhanced_plus_ring2,403,2026081403,382,151,8027
bundibugyo_2007,enhanced_plus_ring2,404,2026081404,315,125,7800
bundibugyo_2007,enhanced_plus_ring2,405,2026081405,273,136,6539
bundibugyo_2007,enhanced_plus_ring2,406,2026081406,389,152,7339
bundibugyo_2007,enhanced_plus_ring2,407,2026081407,397,158,7987
bundibugyo_2007,enhanced_plus_ring2,408,2026081408,445,168,7978
bundibugyo_2007,enhanced_plus_ring2,409,2026081409,417,164,7960
bundibugyo_2007,enhanced_plus_ring2,410,2026081410,309,124,6866
bundibugyo_2007,enhanced_plus_ring2,411,2026081411,313,147,6693
bundibugyo_2007,enhanced_plus_ring2,412,2026081412,242,104,6753
bundibugyo_2007,enhanced_plus_ring2,413,2026081413,299,137,7008
bundibugyo_2007,enhanced_plus_ring2,414,2026081414,308,129,7304
bundibugyo_2007,enhanced_plus_ring2,415,2026081415,291,124,7513
bundibugyo_2007,enhanced_plus_ring2,416,2026081416,400,151,8036
bundibugyo_2007,enhanced_plus_ring2,417,2026081417,446,184,7990
bundibugyo_2007,enhanced_plus_ring2,418,2026081418,228,81,7101
bundibugyo_2007,enhanced_plus_ring2,419,2026081419,325,133,7604
bundibugyo_2007,enhanced_plus_ring2,420,2026081420,188,88,6837
bundibugyo_2007,enhanced_plus_ring2,421,2026081421,369,155,7906
bundibugyo_2007,enhanced_plus_ring2,422,2026081422,266,123,7899
bundibugyo_2007,enhanced_plus_ring2,423,2026081423,442,182,7877
bundibugyo_2007,enhanced_plus_ring2,424,2026081424,397,162,7934
bundibugyo_2007,enhanced_plus_ring2,425,2026081425,332,132,7902
bundibugyo_2007,enhanced_plus_ring2,426,2026081426,372,164,7904
bundibugyo_2007,enhanced_plus_ring2,427,2026081427,265,120,6720
bundibugyo_2007,enhanced_plus_ring2,428,2026081428,266,108,7206
bundibugyo_2007,enhanced_plus_ring2,429,2026081429,252,107,6944
bundibugyo_2007,enhanced_plus_ring2,430,2026081430,269,106,6868
bundibugyo_2007,enhanced_plus_ring2,431,2026081431,316,127,7669
bundibugyo_2007,enhanced_plus_ring2,432,2026081432,302,140,7580
bundibugyo_2007,enhanced_plus_ring2,433,2026081433,290,118,6970
bundibugyo_2007,enhanced_plus_ring2,434,2026081434,339,133,7955
bundibugyo_2007,enhanced_plus_ring2,435,2026081435,324,123,7673
bundibugyo_2007,enhanced_plus_ring2,436,2026081436,516,223,7654
bundibugyo_2007,enhanced_plus_ring2,437,2026081437,264,115,6987
bundibugyo_2007,enhanced_plus_ring2,438,2026081438,310,129,7867
bundibugyo_2007,enhanced_plus_ring2,439,2026081439,360,163,7897
bundibugyo_2007,enhanced_plus_ring2,440,2026081440,329,160,7510
bundibugyo_2007,enhanced_plus_ring2,441,2026081441,369,167,7768
bundibugyo_2007,enhanced_plus_ring2,442,2026081442,168,67,5445
bundibugyo_2007,enhanced_plus_ring2,443,2026081443,311,131,7052
bundibugyo_2007,enhanced_plus_ring2,444,2026081444,363,151,7909
bundibugyo_2007,enhanced_plus_ring2,445,2026081445,333,143,7767
bundibugyo_2007,enhanced_plus_ring2,446,2026081446,321,143,7776
bundibugyo_2007,enhanced_plus_ring2,447,2026081447,289,122,7545
bundibugyo_2007,enhanced_plus_ring2,448,2026081448,432,172,7993
bundibugyo_2007,enhanced_plus_ring2,449,2026081449,318,140,7823
bundibugyo_2007,enhanced_plus_ring2,450,2026081450,387,155,7755
bundibugyo_2007,enhanced_plus_ring2,451,2026081451,266,125,7707
bundibugyo_2007,enhanced_plus_ring2,452,2026081452,302,113,8036
bundibugyo_2007,enhanced_plus_ring2,453,2026081453,290,115,7607
bundibugyo_2007,enhanced_plus_ring2,454,2026081454,383,153,7830
bundibugyo_2007,enhanced_plus_ring2,455,2026081455,399,177,7764
bundibugyo_2007,enhanced_plus_ring2,456,2026081456,293,135,7216
bundibugyo_2007,enhanced_plus_ring2,457,2026081457,316,136,7754
bundibugyo_2007,enhanced_plus_ring2,458,2026081458,403,164,7693
bundibugyo_2007,enhanced_plus_ring2,459,2026081459,484,208,7731
bundibugyo_2007,enhanced_plus_ring2,460,2026081460,418,164,7869
bundibugyo_2007,enhanced_plus_ring2,461,2026081461,259,117,7535
bundibugyo_2007,enhanced_plus_ring2,462,2026081462,320,142,6770
bundibugyo_2007,enhanced_plus_ring2,463,2026081463,398,166,7897
bundibugyo_2007,enhanced_plus_ring2,464,2026081464,286,108,6507
bundibugyo_2007,enhanced_plus_ring2,465,2026081465,388,170,7576
bundibugyo_2007,enhanced_plus_ring2,466,2026081466,403,170,7926
bundibugyo_2007,enhanced_plus_ring2,467,2026081467,280,118,6769
bundibugyo_2007,enhanced_plus_ring2,468,2026081468,267,115,5510
bundibugyo_2007,enhanced_plus_ring2,469,2026081469,275,107,6658
bundibugyo_2007,enhanced_plus_ring2,470,2026081470,329,139,7033
bundibugyo_2007,enhanced_plus_ring2,471,2026081471,303,128,7991
bundibugyo_2007,enhanced_plus_ring2,472,2026081472,291,116,7430
bundibugyo_2007,enhanced_plus_ring2,473,2026081473,340,144,7934
bundibugyo_2007,enhanced_plus_ring2,474,2026081474,384,152,7884
bundibugyo_2007,enhanced_plus_ring2,475,2026081475,331,130,7728
bundibugyo_2007,enhanced_plus_ring2,476,2026081476,257,109,7526
bundibugyo_2007,enhanced_plus_ring2,477,2026081477,391,155,7718
bundibugyo_2007,enhanced_plus_ring2,478,2026081478,348,154,7984
bundibugyo_2007,enhanced_plus_ring2,479,2026081479,311,125,6988
bundibugyo_2007,enhanced_plus_ring2,480,2026081480,237,101,6677
bundibugyo_2007,enhanced_plus_ring2,481,2026081481,424,178,8022
bundibugyo_2007,enhanced_plus_ring2,482,2026081482,362,157,7651
bundibugyo_2007,enhanced_plus_ring2,483,2026081483,342,126,7734
bundibugyo_2007,enhanced_plus_ring2,484,2026081484,256,108,7296
bundibugyo_2007,enhanced_plus_ring2,485,2026081485,300,132,7970
bundibugyo_2007,enhanced_plus_ring2,486,2026081486,402,175,7513
bundibugyo_2007,enhanced_plus_ring2,487,2026081487,263,114,6909
bundibugyo_2007,enhanced_plus_ring2,488,2026081488,251,108,7047
bundibugyo_2007,enhanced_plus_ring2,489,2026081489,383,182,7348
bundibugyo_2007,enhanced_plus_ring2,490,2026081490,288,109,6869
bundibugyo_2007,enhanced_plus_ring2,491,2026081491,276,109,7573
bundibugyo_2007,enhanced_plus_ring2,492,2026081492,188,73,6406
bundibugyo_2007,enhanced_plus_ring2,493,2026081493,344,147,7972
bundibugyo_2007,enhanced_plus_ring2,494,2026081494,365,128,7311
bundibugyo_2007,enhanced_plus_ring2,495,2026081495,262,105,6807
bundibugyo_2007,enhanced_plus_ring2,496,2026081496,494,209,7908
bundibugyo_2007,enhanced_plus_ring2,497,2026081497,341,141,7693
bundibugyo_2007,enhanced_plus_ring2,498,2026081498,241,99,6797
bundibugyo_2007,enhanced_plus_ring2,499,2026081499,331,142,7875
bundibugyo_2007,enhanced_plus_ring2,500,2026081500,394,167,7969
bundibugyo_2007,enhanced_plus_ring2,501,2026081501,253,113,6890
bundibugyo_2007,enhanced_plus_ring2,502,2026081502,283,121,7209
bundibugyo_2007,enhanced_plus_ring2,503,2026081503,219,96,6594
bundibugyo_2007,enhanced_plus_ring2,504,2026081504,288,125,7628
bundibugyo_2007,enhanced_plus_ring2,505,2026081505,343,155,7845
bundibugyo_2007,enhanced_plus_ring2,506,2026081506,201,73,6308
bundibugyo_2007,enhanced_plus_ring2,507,2026081507,276,112,6371
bundibugyo_2007,enhanced_plus_ring2,508,2026081508,347,126,6934
bundibugyo_2007,enhanced_plus_ring2,509,2026081509,351,141,7991
bundibugyo_2007,enhanced_plus_ring2,510,2026081510,431,183,7911
bundibugyo_2007,enhanced_plus_ring2,511,2026081511,324,136,6852
bundibugyo_2007,enhanced_plus_ring2,512,2026081512,469,203,8075
bundibugyo_2007,enhanced_plus_ring2,513,2026081513,364,164,7453
bundibugyo_2007,enhanced_plus_ring2,514,2026081514,218,88,5082
bundibugyo_2007,enhanced_plus_ring2,515,2026081515,340,145,7565
bundibugyo_2007,enhanced_plus_ring2,516,2026081516,327,126,6310
bundibugyo_2007,enhanced_plus_ring2,517,2026081517,247,106,6709
bundibugyo_2007,enhanced_plus_ring2,518,2026081518,275,106,6137
bundibugyo_2007,enhanced_plus_ring2,519,2026081519,255,105,6575
bundibugyo_2007,enhanced_plus_ring2,520,2026081520,442,183,7734
bundibugyo_2007,enhanced_plus_ring2,521,2026081521,369,156,7597
bundibugyo_2007,enhanced_plus_ring2,522,2026081522,274,132,7074
bundibugyo_2007,enhanced_plus_ring2,523,2026081523,383,157,7844
bundibugyo_2007,enhanced_plus_ring2,524,2026081524,302,130,7567
bundibugyo_2007,enhanced_plus_ring2,525,2026081525,279,131,6760
bundibugyo_2007,enhanced_plus_ring2,526,2026081526,369,145,7901
bundibugyo_2007,enhanced_plus_ring2,527,2026081527,351,140,7163
bundibugyo_2007,enhanced_plus_ring2,528,2026081528,457,206,7957
bundibugyo_2007,enhanced_plus_ring2,529,2026081529,328,116,7166
bundibugyo_2007,enhanced_plus_ring2,530,2026081530,558,245,7801
bundibugyo_2007,enhanced_plus_ring2,531,2026081531,379,157,7682
bundibugyo_2007,enhanced_plus_ring2,532,2026081532,325,130,7645
bundibugyo_2007,enhanced_plus_ring2,533,2026081533,410,166,7943
bundibugyo_2007,enhanced_plus_ring2,534,2026081534,272,118,6556
bundibugyo_2007,enhanced_plus_ring2,535,2026081535,245,81,6578
bundibugyo_2007,enhanced_plus_ring2,536,2026081536,369,153,7477
bundibugyo_2007,enhanced_plus_ring2,537,2026081537,328,141,7829
bundibugyo_2007,enhanced_plus_ring2,538,2026081538,307,132,6973
bundibugyo_2007,enhanced_plus_ring2,539,2026081539,363,148,7501
bundibugyo_2007,enhanced_plus_ring2,540,2026081540,284,124,7491
bundibugyo_2007,enhanced_plus_ring2,541,2026081541,313,125,7403
bundibugyo_2007,enhanced_plus_ring2,542,2026081542,354,140,7593
bundibugyo_2007,enhanced_plus_ring2,543,2026081543,342,133,7002
bundibugyo_2007,enhanced_plus_ring2,544,2026081544,411,178,7693
bundibugyo_2007,enhanced_plus_ring2,545,2026081545,262,105,7601
bundibugyo_2007,enhanced_plus_ring2,546,2026081546,290,129,6939
bundibugyo_2007,enhanced_plus_ring2,547,2026081547,289,114,6406
bundibugyo_2007,enhanced_plus_ring2,548,2026081548,226,93,7054
bundibugyo_2007,enhanced_plus_ring2,549,2026081549,523,215,7783
bundibugyo_2007,enhanced_plus_ring2,550,2026081550,386,171,7631
bundibugyo_2007,enhanced_plus_ring2,551,2026081551,238,86,6536
bundibugyo_2007,enhanced_plus_ring2,552,2026081552,280,117,6812
bundibugyo_2007,enhanced_plus_ring2,553,2026081553,388,155,7763
bundibugyo_2007,enhanced_plus_ring2,554,2026081554,346,156,7296
bundibugyo_2007,enhanced_plus_ring2,555,2026081555,263,112,5433
bundibugyo_2007,enhanced_plus_ring2,556,2026081556,251,111,7064
bundibugyo_2007,enhanced_plus_ring2,557,2026081557,235,97,6760
bundibugyo_2007,enhanced_plus_ring2,558,2026081558,366,145,8063
bundibugyo_2007,enhanced_plus_ring2,559,2026081559,427,180,7962
bundibugyo_2007,enhanced_plus_ring2,560,2026081560,360,138,7424
bundibugyo_2007,enhanced_plus_ring2,561,2026081561,373,143,7296
bundibugyo_2007,enhanced_plus_ring2,562,2026081562,278,115,7262
bundibugyo_2007,enhanced_plus_ring2,563,2026081563,286,116,7994
bundibugyo_2007,enhanced_plus_ring2,564,2026081564,289,115,6868
bundibugyo_2007,enhanced_plus_ring2,565,2026081565,450,179,8161
bundibugyo_2007,enhanced_plus_ring2,566,2026081566,270,111,7197
bundibugyo_2007,enhanced_plus_ring2,567,2026081567,347,133,7164
bundibugyo_2007,enhanced_plus_ring2,568,2026081568,321,151,7906
bundibugyo_2007,enhanced_plus_ring2,569,2026081569,282,124,7633
bundibugyo_2007,enhanced_plus_ring2,570,2026081570,224,104,6775
bundibugyo_2007,enhanced_plus_ring2,571,2026081571,306,127,7898
bundibugyo_2007,enhanced_plus_ring2,572,2026081572,421,168,7788
bundibugyo_2007,enhanced_plus_ring2,573,2026081573,326,149,7533
bundibugyo_2007,enhanced_plus_ring2,574,2026081574,371,155,7999
bundibugyo_2007,enhanced_plus_ring2,575,2026081575,216,92,6405
bundibugyo_2007,enhanced_plus_ring2,576,2026081576,185,64,5261
bundibugyo_2007,enhanced_plus_ring2,577,2026081577,288,117,7418
bundibugyo_2007,enhanced_plus_ring2,578,2026081578,327,154,7276
bundibugyo_2007,enhanced_plus_ring2,579,2026081579,206,91,6535
bundibugyo_2007,enhanced_plus_ring2,580,2026081580,446,177,7875
bundibugyo_2007,enhanced_plus_ring2,581,2026081581,431,184,7838
bundibugyo_2007,enhanced_plus_ring2,582,2026081582,262,108,6780
bundibugyo_2007,enhanced_plus_ring2,583,2026081583,402,163,8035
bundibugyo_2007,enhanced_plus_ring2,584,2026081584,316,130,7580
bundibugyo_2007,enhanced_plus_ring2,585,2026081585,492,172,7878
bundibugyo_2007,enhanced_plus_ring2,586,2026081586,481,197,7960
bundibugyo_2007,enhanced_plus_ring2,587,2026081587,261,108,7661
bundibugyo_2007,enhanced_plus_ring2,588,2026081588,340,152,7225
bundibugyo_2007,enhanced_plus_ring2,589,2026081589,256,118,7357
bundibugyo_2007,enhanced_plus_ring2,590,2026081590,364,143,7033
bundibugyo_2007,enhanced_plus_ring2,591,2026081591,246,104,6774
bundibugyo_2007,enhanced_plus_ring2,592,2026081592,305,123,6979
bundibugyo_2007,enhanced_plus_ring2,593,2026081593,300,126,7340
bundibugyo_2007,enhanced_plus_ring2,594,2026081594,289,127,7133
bundibugyo_2007,enhanced_plus_ring2,595,2026081595,256,106,7282
bundibugyo_2007,enhanced_plus_ring2,596,2026081596,302,118,7694
bundibugyo_2007,enhanced_plus_ring2,597,2026081597,312,132,7879
bundibugyo_2007,enhanced_plus_ring2,598,2026081598,196,78,7215
bundibugyo_2007,enhanced_plus_ring2,599,2026081599,424,177,7935
bundibugyo_2007,enhanced_plus_ring2,600,2026081600,337,162,7327
bundibugyo_2007,enhanced_plus_ring2,601,2026081601,279,127,7426
bundibugyo_2007,enhanced_plus_ring2,602,2026081602,252,108,7127
bundibugyo_2007,enhanced_plus_ring2,603,2026081603,375,151,7602
bundibugyo_2007,enhanced_plus_ring2,604,2026081604,223,96,7690
bundibugyo_2007,enhanced_plus_ring2,605,2026081605,379,144,7973
bundibugyo_2007,enhanced_plus_ring2,606,2026081606,360,163,7690
bundibugyo_2007,enhanced_plus_ring2,607,2026081607,416,170,7764
bundibugyo_2007,enhanced_plus_ring2,608,2026081608,392,151,6927
bundibugyo_2007,enhanced_plus_ring2,609,2026081609,341,144,7476
bundibugyo_2007,enhanced_plus_ring2,610,2026081610,311,134,7936
bundibugyo_2007,enhanced_plus_ring2,611,2026081611,414,180,7569
bundibugyo_2007,enhanced_plus_ring2,612,2026081612,391,171,7784
bundibugyo_2007,enhanced_plus_ring2,613,2026081613,464,183,7966
bundibugyo_2007,enhanced_plus_ring2,614,2026081614,406,160,7613
bundibugyo_2007,enhanced_plus_ring2,615,2026081615,382,147,7773
bundibugyo_2007,enhanced_plus_ring2,616,2026081616,309,126,7638
bundibugyo_2007,enhanced_plus_ring2,617,2026081617,332,136,7703
bundibugyo_2007,enhanced_plus_ring2,618,2026081618,292,116,7152
bundibugyo_2007,enhanced_plus_ring2,619,2026081619,365,153,7205
bundibugyo_2007,enhanced_plus_ring2,620,2026081620,304,135,7319
bundibugyo_2007,enhanced_plus_ring2,621,2026081621,254,99,7413
bundibugyo_2007,enhanced_plus_ring2,622,2026081622,265,103,6900
bundibugyo_2007,enhanced_plus_ring2,623,2026081623,457,193,7798
bundibugyo_2007,enhanced_plus_ring2,624,2026081624,381,166,7494
isiro_2012,base_ops,0,2026091000,525,234,0
isiro_2012,base_ops,1,2026091001,357,157,0
isiro_2012,base_ops,2,2026091002,273,116,0
isiro_2012,base_ops,3,2026091003,372,186,0
isiro_2012,base_ops,4,2026091004,450,189,0
isiro_2012,base_ops,5,2026091005,441,216,0
isiro_2012,base_ops,6,2026091006,533,230,0
isiro_2012,base_ops,7,2026091007,675,299,0
isiro_2012,base_ops,8,2026091008,335,154,0
isiro_2012,base_ops,9,2026091009,564,256,0
isiro_2012,base_ops,10,2026091010,545,238,0
isiro_2012,base_ops,11,2026091011,383,167,0
isiro_2012,base_ops,12,2026091012,423,174,0
isiro_2012,base_ops,13,2026091013,390,162,0
isiro_2012,base_ops,14,2026091014,498,254,0
isiro_2012,base_ops,15,2026091015,431,198,0
isiro_2012,base_ops,16,2026091016,409,192,0
isiro_2012,base_ops,17,2026091017,351,159,0
isiro_2012,base_ops,18,2026091018,426,200,0
isiro_2012,base_ops,19,2026091019,297,126,0
isiro_2012,base_ops,20,2026091020,508,235,0
isiro_2012,base_ops,21,2026091021,529,245,0
isiro_2012,base_ops,22,2026091022,438,198,0
isiro_2012,base_ops,23,2026091023,690,299,0
isiro_2012,base_ops,24,2026091024,488,237,0
isiro_2012,base_ops,25,2026091025,347,155,0
isiro_2012,base_ops,26,2026091026,516,216,0
isiro_2012,base_ops,27,2026091027,233,113,0
isiro_2012,base_ops,28,2026091028,381,182,0
isiro_2012,base_ops,29,2026091029,595,266,0
isiro_2012,base_ops,30,2026091030,338,159,0
isiro_2012,base_ops,31,2026091031,601,274,0
isiro_2012,base_ops,32,2026091032,602,297,0
isiro_2012,base_ops,33,2026091033,766,352,0
isiro_2012,base_ops,34,2026091034,286,120,0
isiro_2012,base_ops,35,2026091035,254,120,0
isiro_2012,base_ops,36,2026091036,566,277,0
isiro_2012,base_ops,37,2026091037,386,178,0
isiro_2012,base_ops,38,2026091038,338,175,0
isiro_2012,base_ops,39,2026091039,911,398,0
isiro_2012,base_ops,40,2026091040,577,255,0
isiro_2012,base_ops,41,2026091041,461,212,0
isiro_2012,base_ops,42,2026091042,387,183,0
isiro_2012,base_ops,43,2026091043,580,241,0
isiro_2012,base_ops,44,2026091044,428,200,0
isiro_2012,base_ops,45,2026091045,635,293,0
isiro_2012,base_ops,46,2026091046,511,243,0
isiro_2012,base_ops,47,2026091047,551,237,0
isiro_2012,base_ops,48,2026091048,533,230,0
isiro_2012,base_ops,49,2026091049,570,271,0
isiro_2012,base_ops,50,2026091050,386,193,0
isiro_2012,base_ops,51,2026091051,422,190,0
isiro_2012,base_ops,52,2026091052,479,231,0
isiro_2012,base_ops,53,2026091053,743,356,0
isiro_2012,base_ops,54,2026091054,341,161,0
isiro_2012,base_ops,55,2026091055,879,389,0
isiro_2012,base_ops,56,2026091056,518,235,0
isiro_2012,base_ops,57,2026091057,475,229,0
isiro_2012,base_ops,58,2026091058,380,166,0
isiro_2012,base_ops,59,2026091059,534,237,0
isiro_2012,base_ops,60,2026091060,786,392,0
isiro_2012,base_ops,61,2026091061,298,132,0
isiro_2012,base_ops,62,2026091062,423,182,0
isiro_2012,base_ops,63,2026091063,540,250,0
isiro_2012,base_ops,64,2026091064,415,182,0
isiro_2012,base_ops,65,2026091065,372,160,0
isiro_2012,base_ops,66,2026091066,506,241,0
isiro_2012,base_ops,67,2026091067,509,208,0
isiro_2012,base_ops,68,2026091068,482,216,0
isiro_2012,base_ops,69,2026091069,436,199,0
isiro_2012,base_ops,70,2026091070,550,262,0
isiro_2012,base_ops,71,2026091071,551,272,0
isiro_2012,base_ops,72,2026091072,468,200,0
isiro_2012,base_ops,73,2026091073,396,174,0
isiro_2012,base_ops,74,2026091074,380,176,0
isiro_2012,base_ops,75,2026091075,399,172,0
isiro_2012,base_ops,76,2026091076,379,185,0
isiro_2012,base_ops,77,2026091077,321,156,0
isiro_2012,base_ops,78,2026091078,597,275,0
isiro_2012,base_ops,79,2026091079,635,308,0
isiro_2012,base_ops,80,2026091080,448,212,0
isiro_2012,base_ops,81,2026091081,591,251,0
isiro_2012,base_ops,82,2026091082,479,237,0
isiro_2012,base_ops,83,2026091083,489,239,0
isiro_2012,base_ops,84,2026091084,564,253,0
isiro_2012,base_ops,85,2026091085,460,219,0
isiro_2012,base_ops,86,2026091086,262,118,0
isiro_2012,base_ops,87,2026091087,560,262,0
isiro_2012,base_ops,88,2026091088,359,158,0
isiro_2012,base_ops,89,2026091089,469,229,0
isiro_2012,base_ops,90,2026091090,565,255,0
isiro_2012,base_ops,91,2026091091,483,224,0
isiro_2012,base_ops,92,2026091092,652,311,0
isiro_2012,base_ops,93,2026091093,309,145,0
isiro_2012,base_ops,94,2026091094,474,212,0
isiro_2012,base_ops,95,2026091095,741,324,0
isiro_2012,base_ops,96,2026091096,251,118,0
isiro_2012,base_ops,97,2026091097,552,260,0
isiro_2012,base_ops,98,2026091098,409,187,0
isiro_2012,base_ops,99,2026091099,376,173,0
isiro_2012,base_ops,100,2026091100,314,138,0
isiro_2012,base_ops,101,2026091101,651,301,0
isiro_2012,base_ops,102,2026091102,621,294,0
isiro_2012,base_ops,103,2026091103,317,133,0
isiro_2012,base_ops,104,2026091104,525,230,0
isiro_2012,base_ops,105,2026091105,482,212,0
isiro_2012,base_ops,106,2026091106,509,226,0
isiro_2012,base_ops,107,2026091107,752,351,0
isiro_2012,base_ops,108,2026091108,419,211,0
isiro_2012,base_ops,109,2026091109,350,155,0
isiro_2012,base_ops,110,2026091110,362,150,0
isiro_2012,base_ops,111,2026091111,739,344,0
isiro_2012,base_ops,112,2026091112,526,232,0
isiro_2012,base_ops,113,2026091113,415,191,0
isiro_2012,base_ops,114,2026091114,637,282,0
isiro_2012,base_ops,115,2026091115,435,197,0
isiro_2012,base_ops,116,2026091116,630,287,0
isiro_2012,base_ops,117,2026091117,462,208,0
isiro_2012,base_ops,118,2026091118,498,221,0
isiro_2012,base_ops,119,2026091119,308,137,0
isiro_2012,base_ops,120,2026091120,584,296,0
isiro_2012,base_ops,121,2026091121,396,187,0
isiro_2012,base_ops,122,2026091122,333,149,0
isiro_2012,base_ops,123,2026091123,695,313,0
isiro_2012,base_ops,124,2026091124,495,218,0
isiro_2012,base_ops,125,2026091125,247,116,0
isiro_2012,base_ops,126,2026091126,379,161,0
isiro_2012,base_ops,127,2026091127,901,396,0
isiro_2012,base_ops,128,2026091128,387,174,0
isiro_2012,base_ops,129,2026091129,395,176,0
isiro_2012,base_ops,130,2026091130,461,226,0
isiro_2012,base_ops,131,2026091131,535,237,0
isiro_2012,base_ops,132,2026091132,277,113,0
isiro_2012,base_ops,133,2026091133,508,224,0
isiro_2012,base_ops,134,2026091134,558,253,0
isiro_2012,base_ops,135,2026091135,485,234,0
isiro_2012,base_ops,136,2026091136,409,185,0
isiro_2012,base_ops,137,2026091137,982,441,0
isiro_2012,base_ops,138,2026091138,547,262,0
isiro_2012,base_ops,139,2026091139,327,126,0
isiro_2012,base_ops,140,2026091140,823,379,0
isiro_2012,base_ops,141,2026091141,654,288,0
isiro_2012,base_ops,142,2026091142,576,257,0
isiro_2012,base_ops,143,2026091143,747,332,0
isiro_2012,base_ops,144,2026091144,525,263,0
isiro_2012,base_ops,145,2026091145,574,250,0
isiro_2012,base_ops,146,2026091146,426,188,0
isiro_2012,base_ops,147,2026091147,343,155,0
isiro_2012,base_ops,148,2026091148,738,355,0
isiro_2012,base_ops,149,2026091149,802,370,0
isiro_2012,base_ops,150,2026091150,551,256,0
isiro_2012,base_ops,151,2026091151,580,269,0
isiro_2012,base_ops,152,2026091152,503,225,0
isiro_2012,base_ops,153,2026091153,529,248,0
isiro_2012,base_ops,154,2026091154,519,241,0
isiro_2012,base_ops,155,2026091155,391,169,0
isiro_2012,base_ops,156,2026091156,482,221,0
isiro_2012,base_ops,157,2026091157,635,285,0
isiro_2012,base_ops,158,2026091158,510,233,0
isiro_2012,base_ops,159,2026091159,544,256,0
isiro_2012,base_ops,160,2026091160,378,178,0
isiro_2012,base_ops,161,2026091161,474,218,0
isiro_2012,base_ops,162,2026091162,561,269,0
isiro_2012,base_ops,163,2026091163,535,255,0
isiro_2012,base_ops,164,2026091164,509,232,0
isiro_2012,base_ops,165,2026091165,465,190,0
isiro_2012,base_ops,166,2026091166,209,93,0
isiro_2012,base_ops,167,2026091167,433,191,0
isiro_2012,base_ops,168,2026091168,797,340,0
isiro_2012,base_ops,169,2026091169,460,212,0
isiro_2012,base_ops,170,2026091170,629,280,0
isiro_2012,base_ops,171,2026091171,728,345,0
isiro_2012,base_ops,172,2026091172,665,315,0
isiro_2012,base_ops,173,2026091173,485,216,0
isiro_2012,base_ops,174,2026091174,429,193,0
isiro_2012,base_ops,175,2026091175,399,191,0
isiro_2012,base_ops,176,2026091176,648,288,0
isiro_2012,base_ops,177,2026091177,427,192,0
isiro_2012,base_ops,178,2026091178,258,123,0
isiro_2012,base_ops,179,2026091179,276,111,0
isiro_2012,base_ops,180,2026091180,408,182,0
isiro_2012,base_ops,181,2026091181,367,160,0
isiro_2012,base_ops,182,2026091182,772,345,0
isiro_2012,base_ops,183,2026091183,442,187,0
isiro_2012,base_ops,184,2026091184,410,188,0
isiro_2012,base_ops,185,2026091185,293,124,0
isiro_2012,base_ops,186,2026091186,351,156,0
isiro_2012,base_ops,187,2026091187,350,148,0
isiro_2012,base_ops,188,2026091188,480,219,0
isiro_2012,base_ops,189,2026091189,508,225,0
isiro_2012,base_ops,190,2026091190,606,267,0
isiro_2012,base_ops,191,2026091191,451,216,0
isiro_2012,base_ops,192,2026091192,621,304,0
isiro_2012,base_ops,193,2026091193,523,242,0
isiro_2012,base_ops,194,2026091194,418,206,0
isiro_2012,base_ops,195,2026091195,307,130,0
isiro_2012,base_ops,196,2026091196,553,244,0
isiro_2012,base_ops,197,2026091197,451,212,0
isiro_2012,base_ops,198,2026091198,724,333,0
isiro_2012,base_ops,199,2026091199,453,204,0
isiro_2012,base_ops,200,2026091200,453,209,0
isiro_2012,base_ops,201,2026091201,322,147,0
isiro_2012,base_ops,202,2026091202,301,141,0
isiro_2012,base_ops,203,2026091203,633,303,0
isiro_2012,base_ops,204,2026091204,438,197,0
isiro_2012,base_ops,205,2026091205,647,263,0
isiro_2012,base_ops,206,2026091206,492,224,0
isiro_2012,base_ops,207,2026091207,354,161,0
isiro_2012,base_ops,208,2026091208,668,323,0
isiro_2012,base_ops,209,2026091209,430,194,0
isiro_2012,base_ops,210,2026091210,573,267,0
isiro_2012,base_ops,211,2026091211,356,182,0
isiro_2012,base_ops,212,2026091212,534,256,0
isiro_2012,base_ops,213,2026091213,426,205,0
isiro_2012,base_ops,214,2026091214,240,95,0
isiro_2012,base_ops,215,2026091215,360,186,0
isiro_2012,base_ops,216,2026091216,284,115,0
isiro_2012,base_ops,217,2026091217,414,187,0
isiro_2012,base_ops,218,2026091218,326,154,0
isiro_2012,base_ops,219,2026091219,413,182,0
isiro_2012,base_ops,220,2026091220,478,223,0
isiro_2012,base_ops,221,2026091221,370,197,0
isiro_2012,base_ops,222,2026091222,618,275,0
isiro_2012,base_ops,223,2026091223,359,169,0
isiro_2012,base_ops,224,2026091224,523,245,0
isiro_2012,base_ops,225,2026091225,508,230,0
isiro_2012,base_ops,226,2026091226,369,163,0
isiro_2012,base_ops,227,2026091227,257,104,0
isiro_2012,base_ops,228,2026091228,383,147,0
isiro_2012,base_ops,229,2026091229,345,167,0
isiro_2012,base_ops,230,2026091230,753,345,0
isiro_2012,base_ops,231,2026091231,363,175,0
isiro_2012,base_ops,232,2026091232,551,269,0
isiro_2012,base_ops,233,2026091233,630,266,0
isiro_2012,base_ops,234,2026091234,455,208,0
isiro_2012,base_ops,235,2026091235,539,260,0
isiro_2012,base_ops,236,2026091236,379,180,0
isiro_2012,base_ops,237,2026091237,380,174,0
isiro_2012,base_ops,238,2026091238,351,159,0
isiro_2012,base_ops,239,2026091239,583,276,0
isiro_2012,base_ops,240,2026091240,296,112,0
isiro_2012,base_ops,241,2026091241,685,321,0
isiro_2012,base_ops,242,2026091242,547,268,0
isiro_2012,base_ops,243,2026091243,693,336,0
isiro_2012,base_ops,244,2026091244,461,215,0
isiro_2012,base_ops,245,2026091245,663,292,0
isiro_2012,base_ops,246,2026091246,554,238,0
isiro_2012,base_ops,247,2026091247,482,220,0
isiro_2012,base_ops,248,2026091248,495,211,0
isiro_2012,base_ops,249,2026091249,632,276,0
isiro_2012,base_ops,250,2026091250,531,238,0
isiro_2012,base_ops,251,2026091251,499,243,0
isiro_2012,base_ops,252,2026091252,339,144,0
isiro_2012,base_ops,253,2026091253,684,315,0
isiro_2012,base_ops,254,2026091254,752,342,0
isiro_2012,base_ops,255,2026091255,443,202,0
isiro_2012,base_ops,256,2026091256,520,240,0
isiro_2012,base_ops,257,2026091257,657,297,0
isiro_2012,base_ops,258,2026091258,465,197,0
isiro_2012,base_ops,259,2026091259,451,206,0
isiro_2012,base_ops,260,2026091260,536,243,0
isiro_2012,base_ops,261,2026091261,436,178,0
isiro_2012,base_ops,262,2026091262,627,288,0
isiro_2012,base_ops,263,2026091263,535,230,0
isiro_2012,base_ops,264,2026091264,532,241,0
isiro_2012,base_ops,265,2026091265,590,272,0
isiro_2012,base_ops,266,2026091266,461,211,0
isiro_2012,base_ops,267,2026091267,608,300,0
isiro_2012,base_ops,268,2026091268,663,297,0
isiro_2012,base_ops,269,2026091269,457,215,0
isiro_2012,base_ops,270,2026091270,510,221,0
isiro_2012,base_ops,271,2026091271,622,284,0
isiro_2012,base_ops,272,2026091272,743,326,0
isiro_2012,base_ops,273,2026091273,585,269,0
isiro_2012,base_ops,274,2026091274,462,211,0
isiro_2012,base_ops,275,2026091275,319,136,0
isiro_2012,base_ops,276,2026091276,470,209,0
isiro_2012,base_ops,277,2026091277,355,147,0
isiro_2012,base_ops,278,2026091278,522,239,0
isiro_2012,base_ops,279,2026091279,372,161,0
isiro_2012,base_ops,280,2026091280,643,283,0
isiro_2012,base_ops,281,2026091281,487,228,0
isiro_2012,base_ops,282,2026091282,628,283,0
isiro_2012,base_ops,283,2026091283,657,286,0
isiro_2012,base_ops,284,2026091284,382,169,0
isiro_2012,base_ops,285,2026091285,294,138,0
isiro_2012,base_ops,286,2026091286,439,171,0
isiro_2012,base_ops,287,2026091287,417,190,0
isiro_2012,base_ops,288,2026091288,483,204,0
isiro_2012,base_ops,289,2026091289,325,153,0
isiro_2012,base_ops,290,2026091290,444,208,0
isiro_2012,base_ops,291,2026091291,414,187,0
isiro_2012,base_ops,292,2026091292,614,277,0
isiro_2012,base_ops,293,2026091293,492,225,0
isiro_2012,base_ops,294,2026091294,432,217,0
isiro_2012,base_ops,295,2026091295,428,194,0
isiro_2012,base_ops,296,2026091296,925,396,0
isiro_2012,base_ops,297,2026091297,469,207,0
isiro_2012,base_ops,298,2026091298,721,313,0
isiro_2012,base_ops,299,2026091299,459,222,0
isiro_2012,base_ops,300,2026091300,304,132,0
isiro_2012,base_ops,301,2026091301,218,105,0
isiro_2012,base_ops,302,2026091302,467,208,0
isiro_2012,base_ops,303,2026091303,474,222,0
isiro_2012,base_ops,304,2026091304,559,263,0
isiro_2012,base_ops,305,2026091305,503,242,0
isiro_2012,base_ops,306,2026091306,371,164,0
isiro_2012,base_ops,307,2026091307,568,258,0
isiro_2012,base_ops,308,2026091308,468,212,0
isiro_2012,base_ops,309,2026091309,388,165,0
isiro_2012,base_ops,310,2026091310,420,197,0
isiro_2012,base_ops,311,2026091311,760,368,0
isiro_2012,base_ops,312,2026091312,476,209,0
isiro_2012,base_ops,313,2026091313,409,190,0
isiro_2012,base_ops,314,2026091314,497,218,0
isiro_2012,base_ops,315,2026091315,429,205,0
isiro_2012,base_ops,316,2026091316,396,191,0
isiro_2012,base_ops,317,2026091317,730,324,0
isiro_2012,base_ops,318,2026091318,662,297,0
isiro_2012,base_ops,319,2026091319,333,156,0
isiro_2012,base_ops,320,2026091320,351,152,0
isiro_2012,base_ops,321,2026091321,478,216,0
isiro_2012,base_ops,322,2026091322,504,213,0
isiro_2012,base_ops,323,2026091323,320,152,0
isiro_2012,base_ops,324,2026091324,484,227,0
isiro_2012,base_ops,325,2026091325,450,189,0
isiro_2012,base_ops,326,2026091326,408,186,0
isiro_2012,base_ops,327,2026091327,443,208,0
isiro_2012,base_ops,328,2026091328,690,302,0
isiro_2012,base_ops,329,2026091329,640,283,0
isiro_2012,base_ops,330,2026091330,478,230,0
isiro_2012,base_ops,331,2026091331,523,243,0
isiro_2012,base_ops,332,2026091332,566,264,0
isiro_2012,base_ops,333,2026091333,429,193,0
isiro_2012,base_ops,334,2026091334,335,145,0
isiro_2012,base_ops,335,2026091335,338,141,0
isiro_2012,base_ops,336,2026091336,377,189,0
isiro_2012,base_ops,337,2026091337,294,141,0
isiro_2012,base_ops,338,2026091338,398,189,0
isiro_2012,base_ops,339,2026091339,328,159,0
isiro_2012,base_ops,340,2026091340,425,195,0
isiro_2012,base_ops,341,2026091341,383,180,0
isiro_2012,base_ops,342,2026091342,340,138,0
isiro_2012,base_ops,343,2026091343,502,228,0
isiro_2012,base_ops,344,2026091344,602,308,0
isiro_2012,base_ops,345,2026091345,293,145,0
isiro_2012,base_ops,346,2026091346,437,201,0
isiro_2012,base_ops,347,2026091347,326,146,0
isiro_2012,base_ops,348,2026091348,392,187,0
isiro_2012,base_ops,349,2026091349,435,204,0
isiro_2012,base_ops,350,2026091350,339,154,0
isiro_2012,base_ops,351,2026091351,401,201,0
isiro_2012,base_ops,352,2026091352,460,211,0
isiro_2012,base_ops,353,2026091353,265,128,0
isiro_2012,base_ops,354,2026091354,411,205,0
isiro_2012,base_ops,355,2026091355,512,226,0
isiro_2012,base_ops,356,2026091356,420,172,0
isiro_2012,base_ops,357,2026091357,223,105,0
isiro_2012,base_ops,358,2026091358,370,163,0
isiro_2012,base_ops,359,2026091359,511,240,0
isiro_2012,base_ops,360,2026091360,588,248,0
isiro_2012,base_ops,361,2026091361,381,173,0
isiro_2012,base_ops,362,2026091362,536,213,0
isiro_2012,base_ops,363,2026091363,523,241,0
isiro_2012,base_ops,364,2026091364,500,222,0
isiro_2012,base_ops,365,2026091365,402,165,0
isiro_2012,base_ops,366,2026091366,459,195,0
isiro_2012,base_ops,367,2026091367,540,241,0
isiro_2012,base_ops,368,2026091368,503,234,0
isiro_2012,base_ops,369,2026091369,335,161,0
isiro_2012,base_ops,370,2026091370,389,192,0
isiro_2012,base_ops,371,2026091371,453,211,0
isiro_2012,base_ops,372,2026091372,440,206,0
isiro_2012,base_ops,373,2026091373,509,214,0
isiro_2012,base_ops,374,2026091374,383,173,0
isiro_2012,base_ops,375,2026091375,357,185,0
isiro_2012,base_ops,376,2026091376,476,206,0
isiro_2012,base_ops,377,2026091377,499,207,0
isiro_2012,base_ops,378,2026091378,610,265,0
isiro_2012,base_ops,379,2026091379,609,274,0
isiro_2012,base_ops,380,2026091380,473,215,0
isiro_2012,base_ops,381,2026091381,616,286,0
isiro_2012,base_ops,382,2026091382,307,147,0
isiro_2012,base_ops,383,2026091383,552,249,0
isiro_2012,base_ops,384,2026091384,424,172,0
isiro_2012,base_ops,385,2026091385,392,163,0
isiro_2012,base_ops,386,2026091386,279,147,0
isiro_2012,base_ops,387,2026091387,307,132,0
isiro_2012,base_ops,388,2026091388,293,134,0
isiro_2012,base_ops,389,2026091389,455,194,0
isiro_2012,base_ops,390,2026091390,406,183,0
isiro_2012,base_ops,391,2026091391,480,221,0
isiro_2012,base_ops,392,2026091392,470,228,0
isiro_2012,base_ops,393,2026091393,463,192,0
isiro_2012,base_ops,394,2026091394,395,180,0
isiro_2012,base_ops,395,2026091395,472,198,0
isiro_2012,base_ops,396,2026091396,495,228,0
isiro_2012,base_ops,397,2026091397,567,271,0
isiro_2012,base_ops,398,2026091398,464,205,0
isiro_2012,base_ops,399,2026091399,560,239,0
isiro_2012,base_ops,400,2026091400,321,158,0
isiro_2012,base_ops,401,2026091401,408,196,0
isiro_2012,base_ops,402,2026091402,433,203,0
isiro_2012,base_ops,403,2026091403,673,316,0
isiro_2012,base_ops,404,2026091404,621,273,0
isiro_2012,base_ops,405,2026091405,605,271,0
isiro_2012,base_ops,406,2026091406,306,148,0
isiro_2012,base_ops,407,2026091407,377,158,0
isiro_2012,base_ops,408,2026091408,512,247,0
isiro_2012,base_ops,409,2026091409,523,243,0
isiro_2012,base_ops,410,2026091410,585,255,0
isiro_2012,base_ops,411,2026091411,482,218,0
isiro_2012,base_ops,412,2026091412,408,182,0
isiro_2012,base_ops,413,2026091413,311,142,0
isiro_2012,base_ops,414,2026091414,508,235,0
isiro_2012,base_ops,415,2026091415,282,128,0
isiro_2012,base_ops,416,2026091416,410,187,0
isiro_2012,base_ops,417,2026091417,558,248,0
isiro_2012,base_ops,418,2026091418,419,201,0
isiro_2012,base_ops,419,2026091419,490,214,0
isiro_2012,base_ops,420,2026091420,486,214,0
isiro_2012,base_ops,421,2026091421,382,161,0
isiro_2012,base_ops,422,2026091422,468,213,0
isiro_2012,base_ops,423,2026091423,616,292,0
isiro_2012,base_ops,424,2026091424,334,153,0
isiro_2012,base_ops,425,2026091425,249,116,0
isiro_2012,base_ops,426,2026091426,490,229,0
isiro_2012,base_ops,427,2026091427,570,256,0
isiro_2012,base_ops,428,2026091428,526,240,0
isiro_2012,base_ops,429,2026091429,571,268,0
isiro_2012,base_ops,430,2026091430,387,165,0
isiro_2012,base_ops,431,2026091431,514,246,0
isiro_2012,base_ops,432,2026091432,517,232,0
isiro_2012,base_ops,433,2026091433,632,281,0
isiro_2012,base_ops,434,2026091434,437,194,0
isiro_2012,base_ops,435,2026091435,324,145,0
isiro_2012,base_ops,436,2026091436,349,171,0
isiro_2012,base_ops,437,2026091437,471,217,0
isiro_2012,base_ops,438,2026091438,370,167,0
isiro_2012,base_ops,439,2026091439,504,241,0
isiro_2012,base_ops,440,2026091440,306,141,0
isiro_2012,base_ops,441,2026091441,541,238,0
isiro_2012,base_ops,442,2026091442,552,240,0
isiro_2012,base_ops,443,2026091443,380,164,0
isiro_2012,base_ops,444,2026091444,349,170,0
isiro_2012,base_ops,445,2026091445,458,208,0
isiro_2012,base_ops,446,2026091446,875,399,0
isiro_2012,base_ops,447,2026091447,662,311,0
isiro_2012,base_ops,448,2026091448,414,197,0
isiro_2012,base_ops,449,2026091449,502,222,0
isiro_2012,base_ops,450,2026091450,414,187,0
isiro_2012,base_ops,451,2026091451,348,171,0
isiro_2012,base_ops,452,2026091452,311,141,0
isiro_2012,base_ops,453,2026091453,498,223,0
isiro_2012,base_ops,454,2026091454,509,225,0
isiro_2012,base_ops,455,2026091455,380,183,0
isiro_2012,base_ops,456,2026091456,420,186,0
isiro_2012,base_ops,457,2026091457,505,240,0
isiro_2012,base_ops,458,2026091458,599,268,0
isiro_2012,base_ops,459,2026091459,528,223,0
isiro_2012,base_ops,460,2026091460,243,111,0
isiro_2012,base_ops,461,2026091461,353,159,0
isiro_2012,base_ops,462,2026091462,442,191,0
isiro_2012,base_ops,463,2026091463,407,167,0
isiro_2012,base_ops,464,2026091464,526,249,0
isiro_2012,base_ops,465,2026091465,399,183,0
isiro_2012,base_ops,466,2026091466,431,206,0
isiro_2012,base_ops,467,2026091467,263,133,0
isiro_2012,base_ops,468,2026091468,394,174,0
isiro_2012,base_ops,469,2026091469,446,186,0
isiro_2012,base_ops,470,2026091470,771,359,0
isiro_2012,base_ops,471,2026091471,637,286,0
isiro_2012,base_ops,472,2026091472,395,163,0
isiro_2012,base_ops,473,2026091473,485,208,0
isiro_2012,base_ops,474,2026091474,352,158,0
isiro_2012,base_ops,475,2026091475,579,256,0
isiro_2012,base_ops,476,2026091476,508,239,0
isiro_2012,base_ops,477,2026091477,527,222,0
isiro_2012,base_ops,478,2026091478,612,260,0
isiro_2012,base_ops,479,2026091479,369,173,0
isiro_2012,base_ops,480,2026091480,429,198,0
isiro_2012,base_ops,481,2026091481,371,173,0
isiro_2012,base_ops,482,2026091482,688,302,0
isiro_2012,base_ops,483,2026091483,643,292,0
isiro_2012,base_ops,484,2026091484,514,223,0
isiro_2012,base_ops,485,2026091485,309,131,0
isiro_2012,base_ops,486,2026091486,477,205,0
isiro_2012,base_ops,487,2026091487,419,197,0
isiro_2012,base_ops,488,2026091488,478,204,0
isiro_2012,base_ops,489,2026091489,465,212,0
isiro_2012,base_ops,490,2026091490,539,246,0
isiro_2012,base_ops,491,2026091491,713,336,0
isiro_2012,base_ops,492,2026091492,350,156,0
isiro_2012,base_ops,493,2026091493,500,243,0
isiro_2012,base_ops,494,2026091494,476,230,0
isiro_2012,base_ops,495,2026091495,583,277,0
isiro_2012,base_ops,496,2026091496,642,290,0
isiro_2012,base_ops,497,2026091497,173,77,0
isiro_2012,base_ops,498,2026091498,531,229,0
isiro_2012,base_ops,499,2026091499,613,265,0
isiro_2012,base_ops,500,2026091500,553,233,0
isiro_2012,base_ops,501,2026091501,593,272,0
isiro_2012,base_ops,502,2026091502,434,214,0
isiro_2012,base_ops,503,2026091503,615,286,0
isiro_2012,base_ops,504,2026091504,327,143,0
isiro_2012,base_ops,505,2026091505,526,229,0
isiro_2012,base_ops,506,2026091506,400,167,0
isiro_2012,base_ops,507,2026091507,502,229,0
isiro_2012,base_ops,508,2026091508,341,159,0
isiro_2012,base_ops,509,2026091509,332,144,0
isiro_2012,base_ops,510,2026091510,292,126,0
isiro_2012,base_ops,511,2026091511,396,194,0
isiro_2012,base_ops,512,2026091512,414,193,0
isiro_2012,base_ops,513,2026091513,404,178,0
isiro_2012,base_ops,514,2026091514,668,296,0
isiro_2012,base_ops,515,2026091515,309,140,0
isiro_2012,base_ops,516,2026091516,517,237,0
isiro_2012,base_ops,517,2026091517,463,206,0
isiro_2012,base_ops,518,2026091518,550,269,0
isiro_2012,base_ops,519,2026091519,620,283,0
isiro_2012,base_ops,520,2026091520,354,158,0
isiro_2012,base_ops,521,2026091521,423,193,0
isiro_2012,base_ops,522,2026091522,469,193,0
isiro_2012,base_ops,523,2026091523,405,193,0
isiro_2012,base_ops,524,2026091524,572,274,0
isiro_2012,base_ops,525,2026091525,583,263,0
isiro_2012,base_ops,526,2026091526,361,173,0
isiro_2012,base_ops,527,2026091527,390,192,0
isiro_2012,base_ops,528,2026091528,557,247,0
isiro_2012,base_ops,529,2026091529,343,146,0
isiro_2012,base_ops,530,2026091530,466,209,0
isiro_2012,base_ops,531,2026091531,367,170,0
isiro_2012,base_ops,532,2026091532,589,273,0
isiro_2012,base_ops,533,2026091533,308,142,0
isiro_2012,base_ops,534,2026091534,348,164,0
isiro_2012,base_ops,535,2026091535,407,183,0
isiro_2012,base_ops,536,2026091536,515,223,0
isiro_2012,base_ops,537,2026091537,377,186,0
isiro_2012,base_ops,538,2026091538,552,239,0
isiro_2012,base_ops,539,2026091539,489,214,0
isiro_2012,base_ops,540,2026091540,404,162,0
isiro_2012,base_ops,541,2026091541,651,303,0
isiro_2012,base_ops,542,2026091542,455,190,0
isiro_2012,base_ops,543,2026091543,572,272,0
isiro_2012,base_ops,544,2026091544,546,254,0
isiro_2012,base_ops,545,2026091545,573,266,0
isiro_2012,base_ops,546,2026091546,477,224,0
isiro_2012,base_ops,547,2026091547,355,182,0
isiro_2012,base_ops,548,2026091548,485,236,0
isiro_2012,base_ops,549,2026091549,577,267,0
isiro_2012,base_ops,550,2026091550,596,265,0
isiro_2012,base_ops,551,2026091551,307,149,0
isiro_2012,base_ops,552,2026091552,231,108,0
isiro_2012,base_ops,553,2026091553,416,190,0
isiro_2012,base_ops,554,2026091554,552,251,0
isiro_2012,base_ops,555,2026091555,693,325,0
isiro_2012,base_ops,556,2026091556,373,157,0
isiro_2012,base_ops,557,2026091557,407,202,0
isiro_2012,base_ops,558,2026091558,276,116,0
isiro_2012,base_ops,559,2026091559,796,352,0
isiro_2012,base_ops,560,2026091560,338,149,0
isiro_2012,base_ops,561,2026091561,293,115,0
isiro_2012,base_ops,562,2026091562,372,176,0
isiro_2012,base_ops,563,2026091563,594,281,0
isiro_2012,base_ops,564,2026091564,408,171,0
isiro_2012,base_ops,565,2026091565,441,199,0
isiro_2012,base_ops,566,2026091566,385,171,0
isiro_2012,base_ops,567,2026091567,485,223,0
isiro_2012,base_ops,568,2026091568,496,222,0
isiro_2012,base_ops,569,2026091569,650,297,0
isiro_2012,base_ops,570,2026091570,300,132,0
isiro_2012,base_ops,571,2026091571,498,249,0
isiro_2012,base_ops,572,2026091572,426,207,0
isiro_2012,base_ops,573,2026091573,459,202,0
isiro_2012,base_ops,574,2026091574,502,229,0
isiro_2012,base_ops,575,2026091575,486,224,0
isiro_2012,base_ops,576,2026091576,619,286,0
isiro_2012,base_ops,577,2026091577,484,220,0
isiro_2012,base_ops,578,2026091578,392,174,0
isiro_2012,base_ops,579,2026091579,526,239,0
isiro_2012,base_ops,580,2026091580,558,252,0
isiro_2012,base_ops,581,2026091581,462,201,0
isiro_2012,base_ops,582,2026091582,428,194,0
isiro_2012,base_ops,583,2026091583,478,203,0
isiro_2012,base_ops,584,2026091584,529,252,0
isiro_2012,base_ops,585,2026091585,412,196,0
isiro_2012,base_ops,586,2026091586,496,244,0
isiro_2012,base_ops,587,2026091587,587,270,0
isiro_2012,base_ops,588,2026091588,481,204,0
isiro_2012,base_ops,589,2026091589,598,254,0
isiro_2012,base_ops,590,2026091590,249,120,0
isiro_2012,base_ops,591,2026091591,470,200,0
isiro_2012,base_ops,592,2026091592,575,261,0
isiro_2012,base_ops,593,2026091593,423,184,0
isiro_2012,base_ops,594,2026091594,436,196,0
isiro_2012,base_ops,595,2026091595,595,276,0
isiro_2012,base_ops,596,2026091596,425,199,0
isiro_2012,base_ops,597,2026091597,480,202,0
isiro_2012,base_ops,598,2026091598,300,140,0
isiro_2012,base_ops,599,2026091599,656,278,0
isiro_2012,base_ops,600,2026091600,594,265,0
isiro_2012,base_ops,601,2026091601,451,209,0
isiro_2012,base_ops,602,2026091602,476,228,0
isiro_2012,base_ops,603,2026091603,379,196,0
isiro_2012,base_ops,604,2026091604,533,242,0
isiro_2012,base_ops,605,2026091605,705,324,0
isiro_2012,base_ops,606,2026091606,333,137,0
isiro_2012,base_ops,607,2026091607,432,194,0
isiro_2012,base_ops,608,2026091608,375,174,0
isiro_2012,base_ops,609,2026091609,335,135,0
isiro_2012,base_ops,610,2026091610,441,202,0
isiro_2012,base_ops,611,2026091611,450,221,0
isiro_2012,base_ops,612,2026091612,831,373,0
isiro_2012,base_ops,613,2026091613,500,230,0
isiro_2012,base_ops,614,2026091614,426,191,0
isiro_2012,base_ops,615,2026091615,584,275,0
isiro_2012,base_ops,616,2026091616,485,218,0
isiro_2012,base_ops,617,2026091617,509,236,0
isiro_2012,base_ops,618,2026091618,451,231,0
isiro_2012,base_ops,619,2026091619,493,221,0
isiro_2012,base_ops,620,2026091620,706,300,0
isiro_2012,base_ops,621,2026091621,504,242,0
isiro_2012,base_ops,622,2026091622,304,120,0
isiro_2012,base_ops,623,2026091623,554,240,0
isiro_2012,base_ops,624,2026091624,389,192,0
isiro_2012,enhanced_ops,0,2026091000,160,71,0
isiro_2012,enhanced_ops,1,2026091001,187,84,0
isiro_2012,enhanced_ops,2,2026091002,133,50,0
isiro_2012,enhanced_ops,3,2026091003,128,65,0
isiro_2012,enhanced_ops,4,2026091004,145,58,0
isiro_2012,enhanced_ops,5,2026091005,113,57,0
isiro_2012,enhanced_ops,6,2026091006,96,37,0
isiro_2012,enhanced_ops,7,2026091007,113,44,0
isiro_2012,enhanced_ops,8,2026091008,96,45,0
isiro_2012,enhanced_ops,9,2026091009,132,61,0
isiro_2012,enhanced_ops,10,2026091010,125,58,0
isiro_2012,enhanced_ops,11,2026091011,127,52,0
isiro_2012,enhanced_ops,12,2026091012,119,48,0
isiro_2012,enhanced_ops,13,2026091013,120,43,0
isiro_2012,enhanced_ops,14,2026091014,114,58,0
isiro_2012,enhanced_ops,15,2026091015,109,51,0
isiro_2012,enhanced_ops,16,2026091016,112,50,0
isiro_2012,enhanced_ops,17,2026091017,90,39,0
isiro_2012,enhanced_ops,18,2026091018,90,38,0
isiro_2012,enhanced_ops,19,2026091019,139,64,0
isiro_2012,enhanced_ops,20,2026091020,101,46,0
isiro_2012,enhanced_ops,21,2026091021,90,41,0
isiro_2012,enhanced_ops,22,2026091022,100,48,0
isiro_2012,enhanced_ops,23,2026091023,124,62,0
isiro_2012,enhanced_ops,24,2026091024,88,35,0
isiro_2012,enhanced_ops,25,2026091025,127,58,0
isiro_2012,enhanced_ops,26,2026091026,129,51,0
isiro_2012,enhanced_ops,27,2026091027,138,72,0
isiro_2012,enhanced_ops,28,2026091028,83,34,0
isiro_2012,enhanced_ops,29,2026091029,152,59,0
isiro_2012,enhanced_ops,30,2026091030,174,83,0
isiro_2012,enhanced_ops,31,2026091031,119,55,0
isiro_2012,enhanced_ops,32,2026091032,115,57,0
isiro_2012,enhanced_ops,33,2026091033,154,71,0
isiro_2012,enhanced_ops,34,2026091034,152,70,0
isiro_2012,enhanced_ops,35,2026091035,95,44,0
isiro_2012,enhanced_ops,36,2026091036,103,50,0
isiro_2012,enhanced_ops,37,2026091037,116,56,0
isiro_2012,enhanced_ops,38,2026091038,101,51,0
isiro_2012,enhanced_ops,39,2026091039,154,71,0
isiro_2012,enhanced_ops,40,2026091040,120,45,0
isiro_2012,enhanced_ops,41,2026091041,155,86,0
isiro_2012,enhanced_ops,42,2026091042,112,57,0
isiro_2012,enhanced_ops,43,2026091043,186,79,0
isiro_2012,enhanced_ops,44,2026091044,164,79,0
isiro_2012,enhanced_ops,45,2026091045,156,80,0
isiro_2012,enhanced_ops,46,2026091046,123,62,0
isiro_2012,enhanced_ops,47,2026091047,172,68,0
isiro_2012,enhanced_ops,48,2026091048,135,60,0
isiro_2012,enhanced_ops,49,2026091049,216,89,0
isiro_2012,enhanced_ops,50,2026091050,141,67,0
isiro_2012,enhanced_ops,51,2026091051,179,72,0
isiro_2012,enhanced_ops,52,2026091052,106,54,0
isiro_2012,enhanced_ops,53,2026091053,182,84,0
isiro_2012,enhanced_ops,54,2026091054,95,43,0
isiro_2012,enhanced_ops,55,2026091055,180,85,0
isiro_2012,enhanced_ops,56,2026091056,107,51,0
isiro_2012,enhanced_ops,57,2026091057,116,59,0
isiro_2012,enhanced_ops,58,2026091058,95,45,0
isiro_2012,enhanced_ops,59,2026091059,123,55,0
isiro_2012,enhanced_ops,60,2026091060,120,59,0
isiro_2012,enhanced_ops,61,2026091061,109,54,0
isiro_2012,enhanced_ops,62,2026091062,151,72,0
isiro_2012,enhanced_ops,63,2026091063,143,66,0
isiro_2012,enhanced_ops,64,2026091064,139,64,0
isiro_2012,enhanced_ops,65,2026091065,82,38,0
isiro_2012,enhanced_ops,66,2026091066,107,50,0
isiro_2012,enhanced_ops,67,2026091067,95,41,0
isiro_2012,enhanced_ops,68,2026091068,132,63,0
isiro_2012,enhanced_ops,69,2026091069,141,61,0
isiro_2012,enhanced_ops,70,2026091070,158,66,0
isiro_2012,enhanced_ops,71,2026091071,167,79,0
isiro_2012,enhanced_ops,72,2026091072,138,55,0
isiro_2012,enhanced_ops,73,2026091073,125,53,0
isiro_2012,enhanced_ops,74,2026091074,102,45,0
isiro_2012,enhanced_ops,75,2026091075,132,55,0
isiro_2012,enhanced_ops,76,2026091076,98,46,0
isiro_2012,enhanced_ops,77,2026091077,128,55,0
isiro_2012,enhanced_ops,78,2026091078,103,40,0
isiro_2012,enhanced_ops,79,2026091079,151,79,0
isiro_2012,enhanced_ops,80,2026091080,124,68,0
isiro_2012,enhanced_ops,81,2026091081,136,54,0
isiro_2012,enhanced_ops,82,2026091082,123,52,0
isiro_2012,enhanced_ops,83,2026091083,127,66,0
isiro_2012,enhanced_ops,84,2026091084,112,50,0
isiro_2012,enhanced_ops,85,2026091085,93,40,0
isiro_2012,enhanced_ops,86,2026091086,96,54,0
isiro_2012,enhanced_ops,87,2026091087,89,47,0
isiro_2012,enhanced_ops,88,2026091088,107,45,0
isiro_2012,enhanced_ops,89,2026091089,128,59,0
isiro_2012,enhanced_ops,90,2026091090,102,53,0
isiro_2012,enhanced_ops,91,2026091091,71,39,0
isiro_2012,enhanced_ops,92,2026091092,88,44,0
isiro_2012,enhanced_ops,93,2026091093,102,50,0
isiro_2012,enhanced_ops,94,2026091094,187,83,0
isiro_2012,enhanced_ops,95,2026091095,148,60,0
isiro_2012,enhanced_ops,96,2026091096,131,61,0
isiro_2012,enhanced_ops,97,2026091097,99,44,0
isiro_2012,enhanced_ops,98,2026091098,106,52,0
isiro_2012,enhanced_ops,99,2026091099,82,36,0
isiro_2012,enhanced_ops,100,2026091100,103,46,0
isiro_2012,enhanced_ops,101,2026091101,162,74,0
isiro_2012,enhanced_ops,102,2026091102,251,118,0
isiro_2012,enhanced_ops,103,2026091103,123,48,0
isiro_2012,enhanced_ops,104,2026091104,172,75,0
isiro_2012,enhanced_ops,105,2026091105,91,38,0
isiro_2012,enhanced_ops,106,2026091106,118,54,0
isiro_2012,enhanced_ops,107,2026091107,124,58,0
isiro_2012,enhanced_ops,108,2026091108,207,99,0
isiro_2012,enhanced_ops,109,2026091109,95,44,0
isiro_2012,enhanced_ops,110,2026091110,141,59,0
isiro_2012,enhanced_ops,111,2026091111,121,53,0
isiro_2012,enhanced_ops,112,2026091112,129,55,0
isiro_2012,enhanced_ops,113,2026091113,103,58,0
isiro_2012,enhanced_ops,114,2026091114,77,38,0
isiro_2012,enhanced_ops,115,2026091115,125,58,0
isiro_2012,enhanced_ops,116,2026091116,160,64,0
isiro_2012,enhanced_ops,117,2026091117,125,48,0
isiro_2012,enhanced_ops,118,2026091118,113,46,0
isiro_2012,enhanced_ops,119,2026091119,111,49,0
isiro_2012,enhanced_ops,120,2026091120,135,72,0
isiro_2012,enhanced_ops,121,2026091121,135,66,0
isiro_2012,enhanced_ops,122,2026091122,114,53,0
isiro_2012,enhanced_ops,123,2026091123,172,80,0
isiro_2012,enhanced_ops,124,2026091124,98,46,0
isiro_2012,enhanced_ops,125,2026091125,163,75,0
isiro_2012,enhanced_ops,126,2026091126,111,50,0
isiro_2012,enhanced_ops,127,2026091127,152,58,0
isiro_2012,enhanced_ops,128,2026091128,141,65,0
isiro_2012,enhanced_ops,129,2026091129,119,51,0
isiro_2012,enhanced_ops,130,2026091130,110,55,0
isiro_2012,enhanced_ops,131,2026091131,108,53,0
isiro_2012,enhanced_ops,132,2026091132,119,45,0
isiro_2012,enhanced_ops,133,2026091133,136,61,0
isiro_2012,enhanced_ops,134,2026091134,89,49,0
isiro_2012,enhanced_ops,135,2026091135,126,61,0
isiro_2012,enhanced_ops,136,2026091136,111,47,0
isiro_2012,enhanced_ops,137,2026091137,165,74,0
isiro_2012,enhanced_ops,138,2026091138,161,75,0
isiro_2012,enhanced_ops,139,2026091139,157,63,0
isiro_2012,enhanced_ops,140,2026091140,139,59,0
isiro_2012,enhanced_ops,141,2026091141,132,57,0
isiro_2012,enhanced_ops,142,2026091142,160,69,0
isiro_2012,enhanced_ops,143,2026091143,208,99,0
isiro_2012,enhanced_ops,144,2026091144,159,85,0
isiro_2012,enhanced_ops,145,2026091145,157,64,0
isiro_2012,enhanced_ops,146,2026091146,118,52,0
isiro_2012,enhanced_ops,147,2026091147,139,57,0
isiro_2012,enhanced_ops,148,2026091148,128,58,0
isiro_2012,enhanced_ops,149,2026091149,141,63,0
isiro_2012,enhanced_ops,150,2026091150,143,70,0
isiro_2012,enhanced_ops,151,2026091151,130,62,0
isiro_2012,enhanced_ops,152,2026091152,104,41,0
isiro_2012,enhanced_ops,153,2026091153,143,70,0
isiro_2012,enhanced_ops,154,2026091154,140,66,0
isiro_2012,enhanced_ops,155,2026091155,149,67,0
isiro_2012,enhanced_ops,156,2026091156,139,58,0
isiro_2012,enhanced_ops,157,2026091157,140,57,0
isiro_2012,enhanced_ops,158,2026091158,154,70,0
isiro_2012,enhanced_ops,159,2026091159,113,47,0
isiro_2012,enhanced_ops,160,2026091160,128,56,0
isiro_2012,enhanced_ops,161,2026091161,89,33,0
isiro_2012,enhanced_ops,162,2026091162,103,50,0
isiro_2012,enhanced_ops,163,2026091163,209,101,0
isiro_2012,enhanced_ops,164,2026091164,135,62,0
isiro_2012,enhanced_ops,165,2026091165,127,52,0
isiro_2012,enhanced_ops,166,2026091166,116,54,0
isiro_2012,enhanced_ops,167,2026091167,113,47,0
isiro_2012,enhanced_ops,168,2026091168,139,66,0
isiro_2012,enhanced_ops,169,2026091169,124,56,0
isiro_2012,enhanced_ops,170,2026091170,148,69,0
isiro_2012,enhanced_ops,171,2026091171,159,78,0
isiro_2012,enhanced_ops,172,2026091172,224,114,0
isiro_2012,enhanced_ops,173,2026091173,204,94,0
isiro_2012,enhanced_ops,174,2026091174,213,98,0
isiro_2012,enhanced_ops,175,2026091175,101,46,0
isiro_2012,enhanced_ops,176,2026091176,154,67,0
isiro_2012,enhanced_ops,177,2026091177,119,49,0
isiro_2012,enhanced_ops,178,2026091178,83,34,0
isiro_2012,enhanced_ops,179,2026091179,113,49,0
isiro_2012,enhanced_ops,180,2026091180,105,41,0
isiro_2012,enhanced_ops,181,2026091181,97,48,0
isiro_2012,enhanced_ops,182,2026091182,122,61,0
isiro_2012,enhanced_ops,183,2026091183,122,62,0
isiro_2012,enhanced_ops,184,2026091184,143,70,0
isiro_2012,enhanced_ops,185,2026091185,164,66,0
isiro_2012,enhanced_ops,186,2026091186,136,58,0
isiro_2012,enhanced_ops,187,2026091187,135,58,0
isiro_2012,enhanced_ops,188,2026091188,122,53,0
isiro_2012,enhanced_ops,189,2026091189,96,42,0
isiro_2012,enhanced_ops,190,2026091190,123,57,0
isiro_2012,enhanced_ops,191,2026091191,152,69,0
isiro_2012,enhanced_ops,192,2026091192,125,73,0
isiro_2012,enhanced_ops,193,2026091193,167,73,0
isiro_2012,enhanced_ops,194,2026091194,173,85,0
isiro_2012,enhanced_ops,195,2026091195,118,54,0
isiro_2012,enhanced_ops,196,2026091196,110,45,0
isiro_2012,enhanced_ops,197,2026091197,93,47,0
isiro_2012,enhanced_ops,198,2026091198,190,83,0
isiro_2012,enhanced_ops,199,2026091199,123,44,0
isiro_2012,enhanced_ops,200,2026091200,176,80,0
isiro_2012,enhanced_ops,201,2026091201,85,37,0
isiro_2012,enhanced_ops,202,2026091202,101,46,0
isiro_2012,enhanced_ops,203,2026091203,117,48,0
isiro_2012,enhanced_ops,204,2026091204,128,54,0
isiro_2012,enhanced_ops,205,2026091205,109,43,0
isiro_2012,enhanced_ops,206,2026091206,97,51,0
isiro_2012,enhanced_ops,207,2026091207,147,66,0
isiro_2012,enhanced_ops,208,2026091208,123,58,0
isiro_2012,enhanced_ops,209,2026091209,159,71,0
isiro_2012,enhanced_ops,210,2026091210,114,51,0
isiro_2012,enhanced_ops,211,2026091211,137,72,0
isiro_2012,enhanced_ops,212,2026091212,118,59,0
isiro_2012,enhanced_ops,213,2026091213,103,51,0
isiro_2012,enhanced_ops,214,2026091214,156,54,0
isiro_2012,enhanced_ops,215,2026091215,109,48,0
isiro_2012,enhanced_ops,216,2026091216,160,70,0
isiro_2012,enhanced_ops,217,2026091217,96,42,0
isiro_2012,enhanced_ops,218,2026091218,90,47,0
isiro_2012,enhanced_ops,219,2026091219,99,47,0
isiro_2012,enhanced_ops,220,2026091220,107,52,0
isiro_2012,enhanced_ops,221,2026091221,97,53,0
isiro_2012,enhanced_ops,222,2026091222,154,71,0
isiro_2012,enhanced_ops,223,2026091223,149,65,0
isiro_2012,enhanced_ops,224,2026091224,137,64,0
isiro_2012,enhanced_ops,225,2026091225,131,65,0
isiro_2012,enhanced_ops,226,2026091226,100,38,0
isiro_2012,enhanced_ops,227,2026091227,111,38,0
isiro_2012,enhanced_ops,228,2026091228,121,41,0
isiro_2012,enhanced_ops,229,2026091229,84,45,0
isiro_2012,enhanced_ops,230,2026091230,82,41,0
isiro_2012,enhanced_ops,231,2026091231,126,69,0
isiro_2012,enhanced_ops,232,2026091232,209,107,0
isiro_2012,enhanced_ops,233,2026091233,123,50,0
isiro_2012,enhanced_ops,234,2026091234,125,57,0
isiro_2012,enhanced_ops,235,2026091235,158,79,0
isiro_2012,enhanced_ops,236,2026091236,199,103,0
isiro_2012,enhanced_ops,237,2026091237,105,45,0
isiro_2012,enhanced_ops,238,2026091238,118,49,0
isiro_2012,enhanced_ops,239,2026091239,218,113,0
isiro_2012,enhanced_ops,240,2026091240,139,54,0
isiro_2012,enhanced_ops,241,2026091241,124,70,0
isiro_2012,enhanced_ops,242,2026091242,129,56,0
isiro_2012,enhanced_ops,243,2026091243,180,73,0
isiro_2012,enhanced_ops,244,2026091244,128,61,0
isiro_2012,enhanced_ops,245,2026091245,120,54,0
isiro_2012,enhanced_ops,246,2026091246,136,69,0
isiro_2012,enhanced_ops,247,2026091247,98,45,0
isiro_2012,enhanced_ops,248,2026091248,98,40,0
isiro_2012,enhanced_ops,249,2026091249,130,57,0
isiro_2012,enhanced_ops,250,2026091250,117,51,0
isiro_2012,enhanced_ops,251,2026091251,193,102,0
isiro_2012,enhanced_ops,252,2026091252,137,60,0
isiro_2012,enhanced_ops,253,2026091253,119,57,0
isiro_2012,enhanced_ops,254,2026091254,199,95,0
isiro_2012,enhanced_ops,255,2026091255,162,80,0
isiro_2012,enhanced_ops,256,2026091256,127,61,0
isiro_2012,enhanced_ops,257,2026091257,139,64,0
isiro_2012,enhanced_ops,258,2026091258,127,54,0
isiro_2012,enhanced_ops,259,2026091259,80,29,0
isiro_2012,enhanced_ops,260,2026091260,157,76,0
isiro_2012,enhanced_ops,261,2026091261,88,36,0
isiro_2012,enhanced_ops,262,2026091262,159,72,0
isiro_2012,enhanced_ops,263,2026091263,115,57,0
isiro_2012,enhanced_ops,264,2026091264,116,48,0
isiro_2012,enhanced_ops,265,2026091265,104,43,0
isiro_2012,enhanced_ops,266,2026091266,105,46,0
isiro_2012,enhanced_ops,267,2026091267,130,72,0
isiro_2012,enhanced_ops,268,2026091268,150,60,0
isiro_2012,enhanced_ops,269,2026091269,115,55,0
isiro_2012,enhanced_ops,270,2026091270,114,50,0
isiro_2012,enhanced_ops,271,2026091271,119,48,0
isiro_2012,enhanced_ops,272,2026091272,162,68,0
isiro_2012,enhanced_ops,273,2026091273,126,59,0
isiro_2012,enhanced_ops,274,2026091274,137,61,0
isiro_2012,enhanced_ops,275,2026091275,120,43,0
isiro_2012,enhanced_ops,276,2026091276,181,87,0
isiro_2012,enhanced_ops,277,2026091277,113,41,0
isiro_2012,enhanced_ops,278,2026091278,136,62,0
isiro_2012,enhanced_ops,279,2026091279,127,52,0
isiro_2012,enhanced_ops,280,2026091280,146,63,0
isiro_2012,enhanced_ops,281,2026091281,127,50,0
isiro_2012,enhanced_ops,282,2026091282,143,63,0
isiro_2012,enhanced_ops,283,2026091283,143,62,0
isiro_2012,enhanced_ops,284,2026091284,149,71,0
isiro_2012,enhanced_ops,285,2026091285,136,65,0
isiro_2012,enhanced_ops,286,2026091286,157,68,0
isiro_2012,enhanced_ops,287,2026091287,108,56,0
isiro_2012,enhanced_ops,288,2026091288,170,74,0
isiro_2012,enhanced_ops,289,2026091289,114,64,0
isiro_2012,enhanced_ops,290,2026091290,94,48,0
isiro_2012,enhanced_ops,291,2026091291,147,65,0
isiro_2012,enhanced_ops,292,2026091292,134,62,0
isiro_2012,enhanced_ops,293,2026091293,108,49,0
isiro_2012,enhanced_ops,294,2026091294,103,42,0
isiro_2012,enhanced_ops,295,2026091295,124,55,0
isiro_2012,enhanced_ops,296,2026091296,97,37,0
isiro_2012,enhanced_ops,297,2026091297,141,63,0
isiro_2012,enhanced_ops,298,2026091298,139,63,0
isiro_2012,enhanced_ops,299,2026091299,151,72,0
isiro_2012,enhanced_ops,300,2026091300,107,48,0
isiro_2012,enhanced_ops,301,2026091301,141,69,0
isiro_2012,enhanced_ops,302,2026091302,101,43,0
isiro_2012,enhanced_ops,303,2026091303,106,56,0
isiro_2012,enhanced_ops,304,2026091304,143,65,0
isiro_2012,enhanced_ops,305,2026091305,162,78,0
isiro_2012,enhanced_ops,306,2026091306,110,51,0
isiro_2012,enhanced_ops,307,2026091307,118,46,0
isiro_2012,enhanced_ops,308,2026091308,107,49,0
isiro_2012,enhanced_ops,309,2026091309,110,48,0
isiro_2012,enhanced_ops,310,2026091310,123,52,0
isiro_2012,enhanced_ops,311,2026091311,165,69,0
isiro_2012,enhanced_ops,312,2026091312,160,77,0
isiro_2012,enhanced_ops,313,2026091313,135,72,0
isiro_2012,enhanced_ops,314,2026091314,103,44,0
isiro_2012,enhanced_ops,315,2026091315,103,50,0
isiro_2012,enhanced_ops,316,2026091316,111,54,0
isiro_2012,enhanced_ops,317,2026091317,179,84,0
isiro_2012,enhanced_ops,318,2026091318,147,69,0
isiro_2012,enhanced_ops,319,2026091319,134,62,0
isiro_2012,enhanced_ops,320,2026091320,145,59,0
isiro_2012,enhanced_ops,321,2026091321,113,55,0
isiro_2012,enhanced_ops,322,2026091322,108,48,0
isiro_2012,enhanced_ops,323,2026091323,109,50,0
isiro_2012,enhanced_ops,324,2026091324,100,44,0
isiro_2012,enhanced_ops,325,2026091325,142,63,0
isiro_2012,enhanced_ops,326,2026091326,110,57,0
isiro_2012,enhanced_ops,327,2026091327,111,45,0
isiro_2012,enhanced_ops,328,2026091328,130,60,0
isiro_2012,enhanced_ops,329,2026091329,97,44,0
isiro_2012,enhanced_ops,330,2026091330,139,67,0
isiro_2012,enhanced_ops,331,2026091331,93,46,0
isiro_2012,enhanced_ops,332,2026091332,105,48,0
isiro_2012,enhanced_ops,333,2026091333,106,47,0
isiro_2012,enhanced_ops,334,2026091334,91,40,0
isiro_2012,enhanced_ops,335,2026091335,127,52,0
isiro_2012,enhanced_ops,336,2026091336,105,42,0
isiro_2012,enhanced_ops,337,2026091337,102,51,0
isiro_2012,enhanced_ops,338,2026091338,86,35,0
isiro_2012,enhanced_ops,339,2026091339,144,66,0
isiro_2012,enhanced_ops,340,2026091340,130,61,0
isiro_2012,enhanced_ops,341,2026091341,156,77,0
isiro_2012,enhanced_ops,342,2026091342,104,48,0
isiro_2012,enhanced_ops,343,2026091343,78,33,0
isiro_2012,enhanced_ops,344,2026091344,143,67,0
isiro_2012,enhanced_ops,345,2026091345,126,56,0
isiro_2012,enhanced_ops,346,2026091346,107,45,0
isiro_2012,enhanced_ops,347,2026091347,69,33,0
isiro_2012,enhanced_ops,348,2026091348,113,43,0
isiro_2012,enhanced_ops,349,2026091349,136,60,0
isiro_2012,enhanced_ops,350,2026091350,146,63,0
isiro_2012,enhanced_ops,351,2026091351,86,47,0
isiro_2012,enhanced_ops,352,2026091352,115,55,0
isiro_2012,enhanced_ops,353,2026091353,153,79,0
isiro_2012,enhanced_ops,354,2026091354,130,68,0
isiro_2012,enhanced_ops,355,2026091355,115,50,0
isiro_2012,enhanced_ops,356,2026091356,113,50,0
isiro_2012,enhanced_ops,357,2026091357,96,42,0
isiro_2012,enhanced_ops,358,2026091358,156,64,0
isiro_2012,enhanced_ops,359,2026091359,144,62,0
isiro_2012,enhanced_ops,360,2026091360,120,51,0
isiro_2012,enhanced_ops,361,2026091361,112,55,0
isiro_2012,enhanced_ops,362,2026091362,85,20,0
isiro_2012,enhanced_ops,363,2026091363,106,49,0
isiro_2012,enhanced_ops,364,2026091364,114,47,0
isiro_2012,enhanced_ops,365,2026091365,131,63,0
isiro_2012,enhanced_ops,366,2026091366,111,42,0
isiro_2012,enhanced_ops,367,2026091367,140,62,0
isiro_2012,enhanced_ops,368,2026091368,146,68,0
isiro_2012,enhanced_ops,369,2026091369,135,66,0
isiro_2012,enhanced_ops,370,2026091370,155,74,0
isiro_2012,enhanced_ops,371,2026091371,141,63,0
isiro_2012,enhanced_ops,372,2026091372,124,56,0
isiro_2012,enhanced_ops,373,2026091373,93,32,0
isiro_2012,enhanced_ops,374,2026091374,131,52,0
isiro_2012,enhanced_ops,375,2026091375,90,52,0
isiro_2012,enhanced_ops,376,2026091376,122,49,0
isiro_2012,enhanced_ops,377,2026091377,140,62,0
isiro_2012,enhanced_ops,378,2026091378,109,48,0
isiro_2012,enhanced_ops,379,2026091379,108,57,0
isiro_2012,enhanced_ops,380,2026091380,128,51,0
isiro_2012,enhanced_ops,381,2026091381,154,63,0
isiro_2012,enhanced_ops,382,2026091382,115,57,0
isiro_2012,enhanced_ops,383,2026091383,122,58,0
isiro_2012,enhanced_ops,384,2026091384,160,55,0
isiro_2012,enhanced_ops,385,2026091385,157,63,0
isiro_2012,enhanced_ops,386,2026091386,120,57,0
isiro_2012,enhanced_ops,387,2026091387,112,42,0
isiro_2012,enhanced_ops,388,2026091388,120,56,0
isiro_2012,enhanced_ops,389,2026091389,90,39,0
isiro_2012,enhanced_ops,390,2026091390,104,52,0
isiro_2012,enhanced_ops,391,2026091391,114,46,0
isiro_2012,enhanced_ops,392,2026091392,118,55,0
isiro_2012,enhanced_ops,393,2026091393,134,55,0
isiro_2012,enhanced_ops,394,2026091394,167,77,0
isiro_2012,enhanced_ops,395,2026091395,164,77,0
isiro_2012,enhanced_ops,396,2026091396,116,57,0
isiro_2012,enhanced_ops,397,2026091397,190,92,0
isiro_2012,enhanced_ops,398,2026091398,152,62,0
isiro_2012,enhanced_ops,399,2026091399,137,54,0
isiro_2012,enhanced_ops,400,2026091400,109,53,0
isiro_2012,enhanced_ops,401,2026091401,127,60,0
isiro_2012,enhanced_ops,402,2026091402,163,79,0
isiro_2012,enhanced_ops,403,2026091403,160,80,0
isiro_2012,enhanced_ops,404,2026091404,134,63,0
isiro_2012,enhanced_ops,405,2026091405,129,61,0
isiro_2012,enhanced_ops,406,2026091406,125,63,0
isiro_2012,enhanced_ops,407,2026091407,90,43,0
isiro_2012,enhanced_ops,408,2026091408,134,71,0
isiro_2012,enhanced_ops,409,2026091409,138,64,0
isiro_2012,enhanced_ops,410,2026091410,115,52,0
isiro_2012,enhanced_ops,411,2026091411,127,48,0
isiro_2012,enhanced_ops,412,2026091412,118,41,0
isiro_2012,enhanced_ops,413,2026091413,111,48,0
isiro_2012,enhanced_ops,414,2026091414,173,82,0
isiro_2012,enhanced_ops,415,2026091415,109,54,0
isiro_2012,enhanced_ops,416,2026091416,117,52,0
isiro_2012,enhanced_ops,417,2026091417,121,61,0
isiro_2012,enhanced_ops,418,2026091418,120,56,0
isiro_2012,enhanced_ops,419,2026091419,101,53,0
isiro_2012,enhanced_ops,420,2026091420,149,71,0
isiro_2012,enhanced_ops,421,2026091421,133,61,0
isiro_2012,enhanced_ops,422,2026091422,140,61,0
isiro_2012,enhanced_ops,423,2026091423,121,58,0
isiro_2012,enhanced_ops,424,2026091424,131,58,0
isiro_2012,enhanced_ops,425,2026091425,132,63,0
isiro_2012,enhanced_ops,426,2026091426,134,67,0
isiro_2012,enhanced_ops,427,2026091427,138,63,0
isiro_2012,enhanced_ops,428,2026091428,96,40,0
isiro_2012,enhanced_ops,429,2026091429,116,59,0
isiro_2012,enhanced_ops,430,2026091430,101,41,0
isiro_2012,enhanced_ops,431,2026091431,137,65,0
isiro_2012,enhanced_ops,432,2026091432,104,45,0
isiro_2012,enhanced_ops,433,2026091433,222,88,0
isiro_2012,enhanced_ops,434,2026091434,125,55,0
isiro_2012,enhanced_ops,435,2026091435,113,58,0
isiro_2012,enhanced_ops,436,2026091436,118,62,0
isiro_2012,enhanced_ops,437,2026091437,81,35,0
isiro_2012,enhanced_ops,438,2026091438,119,49,0
isiro_2012,enhanced_ops,439,2026091439,128,60,0
isiro_2012,enhanced_ops,440,2026091440,121,59,0
isiro_2012,enhanced_ops,441,2026091441,121,55,0
isiro_2012,enhanced_ops,442,2026091442,88,42,0
isiro_2012,enhanced_ops,443,2026091443,93,44,0
isiro_2012,enhanced_ops,444,2026091444,134,70,0
isiro_2012,enhanced_ops,445,2026091445,121,62,0
isiro_2012,enhanced_ops,446,2026091446,129,56,0
isiro_2012,enhanced_ops,447,2026091447,140,48,0
isiro_2012,enhanced_ops,448,2026091448,118,58,0
isiro_2012,enhanced_ops,449,2026091449,121,51,0
isiro_2012,enhanced_ops,450,2026091450,113,52,0
isiro_2012,enhanced_ops,451,2026091451,95,47,0
isiro_2012,enhanced_ops,452,2026091452,90,43,0
isiro_2012,enhanced_ops,453,2026091453,105,46,0
isiro_2012,enhanced_ops,454,2026091454,129,54,0
isiro_2012,enhanced_ops,455,2026091455,219,105,0
isiro_2012,enhanced_ops,456,2026091456,150,59,0
isiro_2012,enhanced_ops,457,2026091457,150,72,0
isiro_2012,enhanced_ops,458,2026091458,132,65,0
isiro_2012,enhanced_ops,459,2026091459,101,40,0
isiro_2012,enhanced_ops,460,2026091460,103,49,0
isiro_2012,enhanced_ops,461,2026091461,189,85,0
isiro_2012,enhanced_ops,462,2026091462,117,59,0
isiro_2012,enhanced_ops,463,2026091463,116,40,0
isiro_2012,enhanced_ops,464,2026091464,164,75,0
isiro_2012,enhanced_ops,465,2026091465,115,47,0
isiro_2012,enhanced_ops,466,2026091466,105,48,0
isiro_2012,enhanced_ops,467,2026091467,139,74,0
isiro_2012,enhanced_ops,468,2026091468,87,37,0
isiro_2012,enhanced_ops,469,2026091469,110,50,0
isiro_2012,enhanced_ops,470,2026091470,144,61,0
isiro_2012,enhanced_ops,471,2026091471,157,67,0
isiro_2012,enhanced_ops,472,2026091472,141,65,0
isiro_2012,enhanced_ops,473,2026091473,128,53,0
isiro_2012,enhanced_ops,474,2026091474,103,46,0
isiro_2012,enhanced_ops,475,2026091475,150,61,0
isiro_2012,enhanced_ops,476,2026091476,96,43,0
isiro_2012,enhanced_ops,477,2026091477,121,53,0
isiro_2012,enhanced_ops,478,2026091478,150,64,0
isiro_2012,enhanced_ops,479,2026091479,133,56,0
isiro_2012,enhanced_ops,480,2026091480,131,54,0
isiro_2012,enhanced_ops,481,2026091481,144,67,0
isiro_2012,enhanced_ops,482,2026091482,107,49,0
isiro_2012,enhanced_ops,483,2026091483,146,57,0
isiro_2012,enhanced_ops,484,2026091484,118,48,0
isiro_2012,enhanced_ops,485,2026091485,103,44,0
isiro_2012,enhanced_ops,486,2026091486,125,53,0
isiro_2012,enhanced_ops,487,2026091487,120,63,0
isiro_2012,enhanced_ops,488,2026091488,145,66,0
isiro_2012,enhanced_ops,489,2026091489,120,47,0
isiro_2012,enhanced_ops,490,2026091490,120,58,0
isiro_2012,enhanced_ops,491,2026091491,140,71,0
isiro_2012,enhanced_ops,492,2026091492,121,56,0
isiro_2012,enhanced_ops,493,2026091493,152,75,0
isiro_2012,enhanced_ops,494,2026091494,125,55,0
isiro_2012,enhanced_ops,495,2026091495,151,65,0
isiro_2012,enhanced_ops,496,2026091496,166,81,0
isiro_2012,enhanced_ops,497,2026091497,92,40,0
isiro_2012,enhanced_ops,498,2026091498,146,57,0
isiro_2012,enhanced_ops,499,2026091499,147,60,0
isiro_2012,enhanced_ops,500,2026091500,164,67,0
isiro_2012,enhanced_ops,501,2026091501,128,69,0
isiro_2012,enhanced_ops,502,2026091502,131,73,0
isiro_2012,enhanced_ops,503,2026091503,133,56,0
isiro_2012,enhanced_ops,504,2026091504,118,53,0
isiro_2012,enhanced_ops,505,2026091505,103,41,0
isiro_2012,enhanced_ops,506,2026091506,87,32,0
isiro_2012,enhanced_ops,507,2026091507,91,30,0
isiro_2012,enhanced_ops,508,2026091508,181,88,0
isiro_2012,enhanced_ops,509,2026091509,173,79,0
isiro_2012,enhanced_ops,510,2026091510,111,45,0
isiro_2012,enhanced_ops,511,2026091511,136,69,0
isiro_2012,enhanced_ops,512,2026091512,114,53,0
isiro_2012,enhanced_ops,513,2026091513,153,72,0
isiro_2012,enhanced_ops,514,2026091514,96,43,0
isiro_2012,enhanced_ops,515,2026091515,221,95,0
isiro_2012,enhanced_ops,516,2026091516,147,72,0
isiro_2012,enhanced_ops,517,2026091517,82,35,0
isiro_2012,enhanced_ops,518,2026091518,108,51,0
isiro_2012,enhanced_ops,519,2026091519,182,80,0
isiro_2012,enhanced_ops,520,2026091520,87,37,0
isiro_2012,enhanced_ops,521,2026091521,109,48,0
isiro_2012,enhanced_ops,522,2026091522,127,56,0
isiro_2012,enhanced_ops,523,2026091523,121,61,0
isiro_2012,enhanced_ops,524,2026091524,139,63,0
isiro_2012,enhanced_ops,525,2026091525,150,70,0
isiro_2012,enhanced_ops,526,2026091526,138,70,0
isiro_2012,enhanced_ops,527,2026091527,124,67,0
isiro_2012,enhanced_ops,528,2026091528,119,42,0
isiro_2012,enhanced_ops,529,2026091529,134,59,0
isiro_2012,enhanced_ops,530,2026091530,121,53,0
isiro_2012,enhanced_ops,531,2026091531,91,42,0
isiro_2012,enhanced_ops,532,2026091532,129,62,0
isiro_2012,enhanced_ops,533,2026091533,107,44,0
isiro_2012,enhanced_ops,534,2026091534,121,56,0
isiro_2012,enhanced_ops,535,2026091535,117,45,0
isiro_2012,enhanced_ops,536,2026091536,100,43,0
isiro_2012,enhanced_ops,537,2026091537,81,40,0
isiro_2012,enhanced_ops,538,2026091538,186,87,0
isiro_2012,enhanced_ops,539,2026091539,104,45,0
isiro_2012,enhanced_ops,540,2026091540,118,52,0
isiro_2012,enhanced_ops,541,2026091541,131,61,0
isiro_2012,enhanced_ops,542,2026091542,124,52,0
isiro_2012,enhanced_ops,543,2026091543,126,56,0
isiro_2012,enhanced_ops,544,2026091544,156,71,0
isiro_2012,enhanced_ops,545,2026091545,168,84,0
isiro_2012,enhanced_ops,546,2026091546,130,58,0
isiro_2012,enhanced_ops,547,2026091547,86,47,0
isiro_2012,enhanced_ops,548,2026091548,109,48,0
isiro_2012,enhanced_ops,549,2026091549,144,73,0
isiro_2012,enhanced_ops,550,2026091550,156,61,0
isiro_2012,enhanced_ops,551,2026091551,113,63,0
isiro_2012,enhanced_ops,552,2026091552,60,30,0
isiro_2012,enhanced_ops,553,2026091553,142,64,0
isiro_2012,enhanced_ops,554,2026091554,142,55,0
isiro_2012,enhanced_ops,555,2026091555,168,87,0
isiro_2012,enhanced_ops,556,2026091556,133,44,0
isiro_2012,enhanced_ops,557,2026091557,215,113,0
isiro_2012,enhanced_ops,558,2026091558,121,58,0
isiro_2012,enhanced_ops,559,2026091559,136,63,0
isiro_2012,enhanced_ops,560,2026091560,109,49,0
isiro_2012,enhanced_ops,561,2026091561,166,67,0
isiro_2012,enhanced_ops,562,2026091562,104,46,0
isiro_2012,enhanced_ops,563,2026091563,120,54,0
isiro_2012,enhanced_ops,564,2026091564,118,50,0
isiro_2012,enhanced_ops,565,2026091565,131,52,0
isiro_2012,enhanced_ops,566,2026091566,101,45,0
isiro_2012,enhanced_ops,567,2026091567,120,59,0
isiro_2012,enhanced_ops,568,2026091568,148,62,0
isiro_2012,enhanced_ops,569,2026091569,116,50,0
isiro_2012,enhanced_ops,570,2026091570,122,49,0
isiro_2012,enhanced_ops,571,2026091571,122,65,0
isiro_2012,enhanced_ops,572,2026091572,102,49,0
isiro_2012,enhanced_ops,573,2026091573,153,62,0
isiro_2012,enhanced_ops,574,2026091574,145,65,0
isiro_2012,enhanced_ops,575,2026091575,114,54,0
isiro_2012,enhanced_ops,576,2026091576,94,38,0
isiro_2012,enhanced_ops,577,2026091577,114,59,0
isiro_2012,enhanced_ops,578,2026091578,127,51,0
isiro_2012,enhanced_ops,579,2026091579,133,64,0
isiro_2012,enhanced_ops,580,2026091580,92,37,0
isiro_2012,enhanced_ops,581,2026091581,132,65,0
isiro_2012,enhanced_ops,582,2026091582,95,43,0
isiro_2012,enhanced_ops,583,2026091583,112,50,0
isiro_2012,enhanced_ops,584,2026091584,108,50,0
isiro_2012,enhanced_ops,585,2026091585,112,49,0
isiro_2012,enhanced_ops,586,2026091586,101,52,0
isiro_2012,enhanced_ops,587,2026091587,163,70,0
isiro_2012,enhanced_ops,588,2026091588,121,46,0
isiro_2012,enhanced_ops,589,2026091589,115,37,0
isiro_2012,enhanced_ops,590,2026091590,121,53,0
isiro_2012,enhanced_ops,591,2026091591,140,58,0
isiro_2012,enhanced_ops,592,2026091592,126,58,0
isiro_2012,enhanced_ops,593,2026091593,140,58,0
isiro_2012,enhanced_ops,594,2026091594,112,53,0
isiro_2012,enhanced_ops,595,2026091595,185,78,0
isiro_2012,enhanced_ops,596,2026091596,102,44,0
isiro_2012,enhanced_ops,597,2026091597,110,46,0
isiro_2012,enhanced_ops,598,2026091598,95,50,0
isiro_2012,enhanced_ops,599,2026091599,100,44,0
isiro_2012,enhanced_ops,600,2026091600,142,62,0
isiro_2012,enhanced_ops,601,2026091601,123,58,0
isiro_2012,enhanced_ops,602,2026091602,109,49,0
isiro_2012,enhanced_ops,603,2026091603,113,56,0
isiro_2012,enhanced_ops,604,2026091604,150,68,0
isiro_2012,enhanced_ops,605,2026091605,145,68,0
isiro_2012,enhanced_ops,606,2026091606,116,47,0
isiro_2012,enhanced_ops,607,2026091607,126,56,0
isiro_2012,enhanced_ops,608,2026091608,93,41,0
isiro_2012,enhanced_ops,609,2026091609,170,64,0
isiro_2012,enhanced_ops,610,2026091610,132,65,0
isiro_2012,enhanced_ops,611,2026091611,150,65,0
isiro_2012,enhanced_ops,612,2026091612,150,64,0
isiro_2012,enhanced_ops,613,2026091613,174,75,0
isiro_2012,enhanced_ops,614,2026091614,142,67,0
isiro_2012,enhanced_ops,615,2026091615,165,75,0
isiro_2012,enhanced_ops,616,2026091616,67,27,0
isiro_2012,enhanced_ops,617,2026091617,113,45,0
isiro_2012,enhanced_ops,618,2026091618,122,68,0
isiro_2012,enhanced_ops,619,2026091619,186,79,0
isiro_2012,enhanced_ops,620,2026091620,172,67,0
isiro_2012,enhanced_ops,621,2026091621,120,62,0
isiro_2012,enhanced_ops,622,2026091622,148,58,0
isiro_2012,enhanced_ops,623,2026091623,119,53,0
isiro_2012,enhanced_ops,624,2026091624,115,46,0
isiro_2012,enhanced_plus_comm40,0,2026091000,142,63,4000
isiro_2012,enhanced_plus_comm40,1,2026091001,120,49,4000
isiro_2012,enhanced_plus_comm40,2,2026091002,96,33,4000
isiro_2012,enhanced_plus_comm40,3,2026091003,118,57,4000
isiro_2012,enhanced_plus_comm40,4,2026091004,112,44,4000
isiro_2012,enhanced_plus_comm40,5,2026091005,89,39,4000
isiro_2012,enhanced_plus_comm40,6,2026091006,82,32,4000
isiro_2012,enhanced_plus_comm40,7,2026091007,84,32,4000
isiro_2012,enhanced_plus_comm40,8,2026091008,77,38,4000
isiro_2012,enhanced_plus_comm40,9,2026091009,71,37,4000
isiro_2012,enhanced_plus_comm40,10,2026091010,89,39,4000
isiro_2012,enhanced_plus_comm40,11,2026091011,100,40,4000
isiro_2012,enhanced_plus_comm40,12,2026091012,88,33,4000
isiro_2012,enhanced_plus_comm40,13,2026091013,91,32,4000
isiro_2012,enhanced_plus_comm40,14,2026091014,101,46,4000
isiro_2012,enhanced_plus_comm40,15,2026091015,80,43,4000
isiro_2012,enhanced_plus_comm40,16,2026091016,95,43,4000
isiro_2012,enhanced_plus_comm40,17,2026091017,94,37,4000
isiro_2012,enhanced_plus_comm40,18,2026091018,81,36,4000
isiro_2012,enhanced_plus_comm40,19,2026091019,95,43,4000
isiro_2012,enhanced_plus_comm40,20,2026091020,111,48,4000
isiro_2012,enhanced_plus_comm40,21,2026091021,81,36,4000
isiro_2012,enhanced_plus_comm40,22,2026091022,102,47,4000
isiro_2012,enhanced_plus_comm40,23,2026091023,123,60,4000
isiro_2012,enhanced_plus_comm40,24,2026091024,88,34,4000
isiro_2012,enhanced_plus_comm40,25,2026091025,123,51,4000
isiro_2012,enhanced_plus_comm40,26,2026091026,73,30,4000
isiro_2012,enhanced_plus_comm40,27,2026091027,113,59,4000
isiro_2012,enhanced_plus_comm40,28,2026091028,69,29,4000
isiro_2012,enhanced_plus_comm40,29,2026091029,124,46,4000
isiro_2012,enhanced_plus_comm40,30,2026091030,105,45,4000
isiro_2012,enhanced_plus_comm40,31,2026091031,108,47,4000
isiro_2012,enhanced_plus_comm40,32,2026091032,96,48,4000
isiro_2012,enhanced_plus_comm40,33,2026091033,128,58,4000
isiro_2012,enhanced_plus_comm40,34,2026091034,93,44,4000
isiro_2012,enhanced_plus_comm40,35,2026091035,74,32,4000
isiro_2012,enhanced_plus_comm40,36,2026091036,81,42,4000
isiro_2012,enhanced_plus_comm40,37,2026091037,96,44,4000
isiro_2012,enhanced_plus_comm40,38,2026091038,75,41,4000
isiro_2012,enhanced_plus_comm40,39,2026091039,96,46,4000
isiro_2012,enhanced_plus_comm40,40,2026091040,85,33,4000
isiro_2012,enhanced_plus_comm40,41,2026091041,131,68,4000
isiro_2012,enhanced_plus_comm40,42,2026091042,99,52,4000
isiro_2012,enhanced_plus_comm40,43,2026091043,127,57,4000
isiro_2012,enhanced_plus_comm40,44,2026091044,117,51,4000
isiro_2012,enhanced_plus_comm40,45,2026091045,141,69,4000
isiro_2012,enhanced_plus_comm40,46,2026091046,84,41,4000
isiro_2012,enhanced_plus_comm40,47,2026091047,112,47,4000
isiro_2012,enhanced_plus_comm40,48,2026091048,107,43,4000
isiro_2012,enhanced_plus_comm40,49,2026091049,132,47,4000
isiro_2012,enhanced_plus_comm40,50,2026091050,79,39,4000
isiro_2012,enhanced_plus_comm40,51,2026091051,96,37,4000
isiro_2012,enhanced_plus_comm40,52,2026091052,104,53,4000
isiro_2012,enhanced_plus_comm40,53,2026091053,102,48,4000
isiro_2012,enhanced_plus_comm40,54,2026091054,81,33,4000
isiro_2012,enhanced_plus_comm40,55,2026091055,109,44,4000
isiro_2012,enhanced_plus_comm40,56,2026091056,95,45,4000
isiro_2012,enhanced_plus_comm40,57,2026091057,107,52,4000
isiro_2012,enhanced_plus_comm40,58,2026091058,83,37,4000
isiro_2012,enhanced_plus_comm40,59,2026091059,98,43,4000
isiro_2012,enhanced_plus_comm40,60,2026091060,119,55,4000
isiro_2012,enhanced_plus_comm40,61,2026091061,81,37,4000
isiro_2012,enhanced_plus_comm40,62,2026091062,89,40,4000
isiro_2012,enhanced_plus_comm40,63,2026091063,104,45,4000
isiro_2012,enhanced_plus_comm40,64,2026091064,81,35,4000
isiro_2012,enhanced_plus_comm40,65,2026091065,68,29,4000
isiro_2012,enhanced_plus_comm40,66,2026091066,95,42,4000
isiro_2012,enhanced_plus_comm40,67,2026091067,78,31,4000
isiro_2012,enhanced_plus_comm40,68,2026091068,102,45,4000
isiro_2012,enhanced_plus_comm40,69,2026091069,103,43,4000
isiro_2012,enhanced_plus_comm40,70,2026091070,83,34,4000
isiro_2012,enhanced_plus_comm40,71,2026091071,96,47,4000
isiro_2012,enhanced_plus_comm40,72,2026091072,93,41,4000
isiro_2012,enhanced_plus_comm40,73,2026091073,94,42,4000
isiro_2012,enhanced_plus_comm40,74,2026091074,81,35,4000
isiro_2012,enhanced_plus_comm40,75,2026091075,101,41,4000
isiro_2012,enhanced_plus_comm40,76,2026091076,73,34,4000
isiro_2012,enhanced_plus_comm40,77,2026091077,111,46,4000
isiro_2012,enhanced_plus_comm40,78,2026091078,77,30,4000
isiro_2012,enhanced_plus_comm40,79,2026091079,106,56,4000
isiro_2012,enhanced_plus_comm40,80,2026091080,95,52,4000
isiro_2012,enhanced_plus_comm40,81,2026091081,119,46,4000
isiro_2012,enhanced_plus_comm40,82,2026091082,97,45,4000
isiro_2012,enhanced_plus_comm40,83,2026091083,94,43,4000
isiro_2012,enhanced_plus_comm40,84,2026091084,110,48,4000
isiro_2012,enhanced_plus_comm40,85,2026091085,89,37,4000
isiro_2012,enhanced_plus_comm40,86,2026091086,84,47,4000
isiro_2012,enhanced_plus_comm40,87,2026091087,77,40,4000
isiro_2012,enhanced_plus_comm40,88,2026091088,73,32,4000
isiro_2012,enhanced_plus_comm40,89,2026091089,116,52,4000
isiro_2012,enhanced_plus_comm40,90,2026091090,85,39,4000
isiro_2012,enhanced_plus_comm40,91,2026091091,66,37,4000
isiro_2012,enhanced_plus_comm40,92,2026091092,82,42,4000
isiro_2012,enhanced_plus_comm40,93,2026091093,85,41,4000
isiro_2012,enhanced_plus_comm40,94,2026091094,126,48,4000
isiro_2012,enhanced_plus_comm40,95,2026091095,116,49,4000
isiro_2012,enhanced_plus_comm40,96,2026091096,97,38,4000
isiro_2012,enhanced_plus_comm40,97,2026091097,89,36,4000
isiro_2012,enhanced_plus_comm40,98,2026091098,86,39,4000
isiro_2012,enhanced_plus_comm40,99,2026091099,92,39,4000
isiro_2012,enhanced_plus_comm40,100,2026091100,78,31,4000
isiro_2012,enhanced_plus_comm40,101,2026091101,117,59,4000
isiro_2012,enhanced_plus_comm40,102,2026091102,132,61,4000
isiro_2012,enhanced_plus_comm40,103,2026091103,82,29,4000
isiro_2012,enhanced_plus_comm40,104,2026091104,125,56,4000
isiro_2012,enhanced_plus_comm40,105,2026091105,83,33,4000
isiro_2012,enhanced_plus_comm40,106,2026091106,110,49,4000
isiro_2012,enhanced_plus_comm40,107,2026091107,102,39,4000
isiro_2012,enhanced_plus_comm40,108,2026091108,107,48,4000
isiro_2012,enhanced_plus_comm40,109,2026091109,85,36,4000
isiro_2012,enhanced_plus_comm40,110,2026091110,117,45,4000
isiro_2012,enhanced_plus_comm40,111,2026091111,105,47,4000
isiro_2012,enhanced_plus_comm40,112,2026091112,90,40,4000
isiro_2012,enhanced_plus_comm40,113,2026091113,87,43,4000
isiro_2012,enhanced_plus_comm40,114,2026091114,77,36,4000
isiro_2012,enhanced_plus_comm40,115,2026091115,100,43,4000
isiro_2012,enhanced_plus_comm40,116,2026091116,125,49,4000
isiro_2012,enhanced_plus_comm40,117,2026091117,114,42,4000
isiro_2012,enhanced_plus_comm40,118,2026091118,76,33,4000
isiro_2012,enhanced_plus_comm40,119,2026091119,98,42,4000
isiro_2012,enhanced_plus_comm40,120,2026091120,95,52,4000
isiro_2012,enhanced_plus_comm40,121,2026091121,101,49,4000
isiro_2012,enhanced_plus_comm40,122,2026091122,86,37,4000
isiro_2012,enhanced_plus_comm40,123,2026091123,117,55,4000
isiro_2012,enhanced_plus_comm40,124,2026091124,96,43,4000
isiro_2012,enhanced_plus_comm40,125,2026091125,114,53,4000
isiro_2012,enhanced_plus_comm40,126,2026091126,88,41,4000
isiro_2012,enhanced_plus_comm40,127,2026091127,110,34,4000
isiro_2012,enhanced_plus_comm40,128,2026091128,131,57,4000
isiro_2012,enhanced_plus_comm40,129,2026091129,97,40,4000
isiro_2012,enhanced_plus_comm40,130,2026091130,89,45,4000
isiro_2012,enhanced_plus_comm40,131,2026091131,97,46,4000
isiro_2012,enhanced_plus_comm40,132,2026091132,111,42,4000
isiro_2012,enhanced_plus_comm40,133,2026091133,98,44,4000
isiro_2012,enhanced_plus_comm40,134,2026091134,72,38,4000
isiro_2012,enhanced_plus_comm40,135,2026091135,94,41,4000
isiro_2012,enhanced_plus_comm40,136,2026091136,112,42,4000
isiro_2012,enhanced_plus_comm40,137,2026091137,90,41,4000
isiro_2012,enhanced_plus_comm40,138,2026091138,81,37,4000
isiro_2012,enhanced_plus_comm40,139,2026091139,113,42,4000
isiro_2012,enhanced_plus_comm40,140,2026091140,103,40,4000
isiro_2012,enhanced_plus_comm40,141,2026091141,124,51,4000
isiro_2012,enhanced_plus_comm40,142,2026091142,153,63,4000
isiro_2012,enhanced_plus_comm40,143,2026091143,130,59,4000
isiro_2012,enhanced_plus_comm40,144,2026091144,127,61,4000
isiro_2012,enhanced_plus_comm40,145,2026091145,118,42,4000
isiro_2012,enhanced_plus_comm40,146,2026091146,109,45,4000
isiro_2012,enhanced_plus_comm40,147,2026091147,111,46,4000
isiro_2012,enhanced_plus_comm40,148,2026091148,99,41,4000
isiro_2012,enhanced_plus_comm40,149,2026091149,110,45,4000
isiro_2012,enhanced_plus_comm40,150,2026091150,121,58,4000
isiro_2012,enhanced_plus_comm40,151,2026091151,119,54,4000
isiro_2012,enhanced_plus_comm40,152,2026091152,83,34,4000
isiro_2012,enhanced_plus_comm40,153,2026091153,107,47,4000
isiro_2012,enhanced_plus_comm40,154,2026091154,121,52,4000
isiro_2012,enhanced_plus_comm40,155,2026091155,111,50,4000
isiro_2012,enhanced_plus_comm40,156,2026091156,110,49,4000
isiro_2012,enhanced_plus_comm40,157,2026091157,125,48,4000
isiro_2012,enhanced_plus_comm40,158,2026091158,114,48,4000
isiro_2012,enhanced_plus_comm40,159,2026091159,93,36,4000
isiro_2012,enhanced_plus_comm40,160,2026091160,97,40,4000
isiro_2012,enhanced_plus_comm40,161,2026091161,84,32,4000
isiro_2012,enhanced_plus_comm40,162,2026091162,122,59,4000
isiro_2012,enhanced_plus_comm40,163,2026091163,141,70,4000
isiro_2012,enhanced_plus_comm40,164,2026091164,125,56,4000
isiro_2012,enhanced_plus_comm40,165,2026091165,95,39,4000
isiro_2012,enhanced_plus_comm40,166,2026091166,87,39,4000
isiro_2012,enhanced_plus_comm40,167,2026091167,94,40,4000
isiro_2012,enhanced_plus_comm40,168,2026091168,130,58,4000
isiro_2012,enhanced_plus_comm40,169,2026091169,95,39,4000
isiro_2012,enhanced_plus_comm40,170,2026091170,121,55,4000
isiro_2012,enhanced_plus_comm40,171,2026091171,128,61,4000
isiro_2012,enhanced_plus_comm40,172,2026091172,190,93,4000
isiro_2012,enhanced_plus_comm40,173,2026091173,129,57,4000
isiro_2012,enhanced_plus_comm40,174,2026091174,141,64,4000
isiro_2012,enhanced_plus_comm40,175,2026091175,105,45,4000
isiro_2012,enhanced_plus_comm40,176,2026091176,100,41,4000
isiro_2012,enhanced_plus_comm40,177,2026091177,78,31,4000
isiro_2012,enhanced_plus_comm40,178,2026091178,78,32,4000
isiro_2012,enhanced_plus_comm40,179,2026091179,96,36,4000
isiro_2012,enhanced_plus_comm40,180,2026091180,85,32,4000
isiro_2012,enhanced_plus_comm40,181,2026091181,100,49,4000
isiro_2012,enhanced_plus_comm40,182,2026091182,89,39,4000
isiro_2012,enhanced_plus_comm40,183,2026091183,102,46,4000
isiro_2012,enhanced_plus_comm40,184,2026091184,111,49,4000
isiro_2012,enhanced_plus_comm40,185,2026091185,120,48,4000
isiro_2012,enhanced_plus_comm40,186,2026091186,112,50,4000
isiro_2012,enhanced_plus_comm40,187,2026091187,90,36,4000
isiro_2012,enhanced_plus_comm40,188,2026091188,97,37,4000
isiro_2012,enhanced_plus_comm40,189,2026091189,98,43,4000
isiro_2012,enhanced_plus_comm40,190,2026091190,110,46,4000
isiro_2012,enhanced_plus_comm40,191,2026091191,115,49,4000
isiro_2012,enhanced_plus_comm40,192,2026091192,111,61,4000
isiro_2012,enhanced_plus_comm40,193,2026091193,114,43,4000
isiro_2012,enhanced_plus_comm40,194,2026091194,147,68,4000
isiro_2012,enhanced_plus_comm40,195,2026091195,82,36,4000
isiro_2012,enhanced_plus_comm40,196,2026091196,108,42,4000
isiro_2012,enhanced_plus_comm40,197,2026091197,87,42,4000
isiro_2012,enhanced_plus_comm40,198,2026091198,118,51,4000
isiro_2012,enhanced_plus_comm40,199,2026091199,111,40,4000
isiro_2012,enhanced_plus_comm40,200,2026091200,102,45,4000
isiro_2012,enhanced_plus_comm40,201,2026091201,70,30,4000
isiro_2012,enhanced_plus_comm40,202,2026091202,97,43,4000
isiro_2012,enhanced_plus_comm40,203,2026091203,118,45,4000
isiro_2012,enhanced_plus_comm40,204,2026091204,121,50,4000
isiro_2012,enhanced_plus_comm40,205,2026091205,99,33,4000
isiro_2012,enhanced_plus_comm40,206,2026091206,73,42,4000
isiro_2012,enhanced_plus_comm40,207,2026091207,132,59,4000
isiro_2012,enhanced_plus_comm40,208,2026091208,119,52,4000
isiro_2012,enhanced_plus_comm40,209,2026091209,118,49,4000
isiro_2012,enhanced_plus_comm40,210,2026091210,92,42,4000
isiro_2012,enhanced_plus_comm40,211,2026091211,115,55,4000
isiro_2012,enhanced_plus_comm40,212,2026091212,105,53,4000
isiro_2012,enhanced_plus_comm40,213,2026091213,67,30,4000
isiro_2012,enhanced_plus_comm40,214,2026091214,108,34,4000
isiro_2012,enhanced_plus_comm40,215,2026091215,107,39,4000
isiro_2012,enhanced_plus_comm40,216,2026091216,94,37,4000
isiro_2012,enhanced_plus_comm40,217,2026091217,80,38,4000
isiro_2012,enhanced_plus_comm40,218,2026091218,77,38,4000
isiro_2012,enhanced_plus_comm40,219,2026091219,57,27,4000
isiro_2012,enhanced_plus_comm40,220,2026091220,104,49,4000
isiro_2012,enhanced_plus_comm40,221,2026091221,114,61,4000
isiro_2012,enhanced_plus_comm40,222,2026091222,106,49,4000
isiro_2012,enhanced_plus_comm40,223,2026091223,101,41,4000
isiro_2012,enhanced_plus_comm40,224,2026091224,121,53,4000
isiro_2012,enhanced_plus_comm40,225,2026091225,115,57,4000
isiro_2012,enhanced_plus_comm40,226,2026091226,103,40,4000
isiro_2012,enhanced_plus_comm40,227,2026091227,94,32,4000
isiro_2012,enhanced_plus_comm40,228,2026091228,96,30,4000
isiro_2012,enhanced_plus_comm40,229,2026091229,71,35,4000
isiro_2012,enhanced_plus_comm40,230,2026091230,89,43,4000
isiro_2012,enhanced_plus_comm40,231,2026091231,108,54,4000
isiro_2012,enhanced_plus_comm40,232,2026091232,126,62,4000
isiro_2012,enhanced_plus_comm40,233,2026091233,102,40,4000
isiro_2012,enhanced_plus_comm40,234,2026091234,107,43,4000
isiro_2012,enhanced_plus_comm40,235,2026091235,113,57,4000
isiro_2012,enhanced_plus_comm40,236,2026091236,137,69,4000
isiro_2012,enhanced_plus_comm40,237,2026091237,81,36,4000
isiro_2012,enhanced_plus_comm40,238,2026091238,88,39,4000
isiro_2012,enhanced_plus_comm40,239,2026091239,120,57,4000
isiro_2012,enhanced_plus_comm40,240,2026091240,87,36,4000
isiro_2012,enhanced_plus_comm40,241,2026091241,102,58,4000
isiro_2012,enhanced_plus_comm40,242,2026091242,110,47,4000
isiro_2012,enhanced_plus_comm40,243,2026091243,140,53,4000
isiro_2012,enhanced_plus_comm40,244,2026091244,99,41,4000
isiro_2012,enhanced_plus_comm40,245,2026091245,112,47,4000
isiro_2012,enhanced_plus_comm40,246,2026091246,96,49,4000
isiro_2012,enhanced_plus_comm40,247,2026091247,83,37,4000
isiro_2012,enhanced_plus_comm40,248,2026091248,83,35,4000
isiro_2012,enhanced_plus_comm40,249,2026091249,93,39,4000
isiro_2012,enhanced_plus_comm40,250,2026091250,99,41,4000
isiro_2012,enhanced_plus_comm40,251,2026091251,131,66,4000
isiro_2012,enhanced_plus_comm40,252,2026091252,115,50,4000
isiro_2012,enhanced_plus_comm40,253,2026091253,94,44,4000
isiro_2012,enhanced_plus_comm40,254,2026091254,125,58,4000
isiro_2012,enhanced_plus_comm40,255,2026091255,142,67,4000
isiro_2012,enhanced_plus_comm40,256,2026091256,81,42,4000
isiro_2012,enhanced_plus_comm40,257,2026091257,90,37,4000
isiro_2012,enhanced_plus_comm40,258,2026091258,97,40,4000
isiro_2012,enhanced_plus_comm40,259,2026091259,66,23,4000
isiro_2012,enhanced_plus_comm40,260,2026091260,114,53,4000
isiro_2012,enhanced_plus_comm40,261,2026091261,86,34,4000
isiro_2012,enhanced_plus_comm40,262,2026091262,109,50,4000
isiro_2012,enhanced_plus_comm40,263,2026091263,96,49,4000
isiro_2012,enhanced_plus_comm40,264,2026091264,100,40,4000
isiro_2012,enhanced_plus_comm40,265,2026091265,94,35,4000
isiro_2012,enhanced_plus_comm40,266,2026091266,95,41,4000
isiro_2012,enhanced_plus_comm40,267,2026091267,116,60,4000
isiro_2012,enhanced_plus_comm40,268,2026091268,118,46,4000
isiro_2012,enhanced_plus_comm40,269,2026091269,99,49,4000
isiro_2012,enhanced_plus_comm40,270,2026091270,100,44,4000
isiro_2012,enhanced_plus_comm40,271,2026091271,111,47,4000
isiro_2012,enhanced_plus_comm40,272,2026091272,132,51,4000
isiro_2012,enhanced_plus_comm40,273,2026091273,104,43,4000
isiro_2012,enhanced_plus_comm40,274,2026091274,105,51,4000
isiro_2012,enhanced_plus_comm40,275,2026091275,95,32,4000
isiro_2012,enhanced_plus_comm40,276,2026091276,141,67,4000
isiro_2012,enhanced_plus_comm40,277,2026091277,133,48,4000
isiro_2012,enhanced_plus_comm40,278,2026091278,101,50,4000
isiro_2012,enhanced_plus_comm40,279,2026091279,86,33,4000
isiro_2012,enhanced_plus_comm40,280,2026091280,119,48,4000
isiro_2012,enhanced_plus_comm40,281,2026091281,81,29,4000
isiro_2012,enhanced_plus_comm40,282,2026091282,149,63,4000
isiro_2012,enhanced_plus_comm40,283,2026091283,100,46,4000
isiro_2012,enhanced_plus_comm40,284,2026091284,115,48,4000
isiro_2012,enhanced_plus_comm40,285,2026091285,94,41,4000
isiro_2012,enhanced_plus_comm40,286,2026091286,93,38,4000
isiro_2012,enhanced_plus_comm40,287,2026091287,77,41,4000
isiro_2012,enhanced_plus_comm40,288,2026091288,113,50,4000
isiro_2012,enhanced_plus_comm40,289,2026091289,105,55,4000
isiro_2012,enhanced_plus_comm40,290,2026091290,79,41,4000
isiro_2012,enhanced_plus_comm40,291,2026091291,75,33,4000
isiro_2012,enhanced_plus_comm40,292,2026091292,99,46,4000
isiro_2012,enhanced_plus_comm40,293,2026091293,98,44,4000
isiro_2012,enhanced_plus_comm40,294,2026091294,82,33,4000
isiro_2012,enhanced_plus_comm40,295,2026091295,89,38,4000
isiro_2012,enhanced_plus_comm40,296,2026091296,99,37,4000
isiro_2012,enhanced_plus_comm40,297,2026091297,106,51,4000
isiro_2012,enhanced_plus_comm40,298,2026091298,97,42,4000
isiro_2012,enhanced_plus_comm40,299,2026091299,96,47,4000
isiro_2012,enhanced_plus_comm40,300,2026091300,95,41,4000
isiro_2012,enhanced_plus_comm40,301,2026091301,109,51,4000
isiro_2012,enhanced_plus_comm40,302,2026091302,78,33,4000
isiro_2012,enhanced_plus_comm40,303,2026091303,90,49,4000
isiro_2012,enhanced_plus_comm40,304,2026091304,120,51,4000
isiro_2012,enhanced_plus_comm40,305,2026091305,121,62,4000
isiro_2012,enhanced_plus_comm40,306,2026091306,69,31,4000
isiro_2012,enhanced_plus_comm40,307,2026091307,118,42,4000
isiro_2012,enhanced_plus_comm40,308,2026091308,72,29,4000
isiro_2012,enhanced_plus_comm40,309,2026091309,104,42,4000
isiro_2012,enhanced_plus_comm40,310,2026091310,80,32,4000
isiro_2012,enhanced_plus_comm40,311,2026091311,140,58,4000
isiro_2012,enhanced_plus_comm40,312,2026091312,143,63,4000
isiro_2012,enhanced_plus_comm40,313,2026091313,132,68,4000
isiro_2012,enhanced_plus_comm40,314,2026091314,92,43,4000
isiro_2012,enhanced_plus_comm40,315,2026091315,85,39,4000
isiro_2012,enhanced_plus_comm40,316,2026091316,96,44,4000
isiro_2012,enhanced_plus_comm40,317,2026091317,138,62,4000
isiro_2012,enhanced_plus_comm40,318,2026091318,99,48,4000
isiro_2012,enhanced_plus_comm40,319,2026091319,115,50,4000
isiro_2012,enhanced_plus_comm40,320,2026091320,96,34,4000
isiro_2012,enhanced_plus_comm40,321,2026091321,101,45,4000
isiro_2012,enhanced_plus_comm40,322,2026091322,80,31,4000
isiro_2012,enhanced_plus_comm40,323,2026091323,71,28,4000
isiro_2012,enhanced_plus_comm40,324,2026091324,82,33,4000
isiro_2012,enhanced_plus_comm40,325,2026091325,108,44,4000
isiro_2012,enhanced_plus_comm40,326,2026091326,99,47,4000
isiro_2012,enhanced_plus_comm40,327,2026091327,100,39,4000
isiro_2012,enhanced_plus_comm40,328,2026091328,100,45,4000
isiro_2012,enhanced_plus_comm40,329,2026091329,77,33,4000
isiro_2012,enhanced_plus_comm40,330,2026091330,121,57,4000
isiro_2012,enhanced_plus_comm40,331,2026091331,90,39,4000
isiro_2012,enhanced_plus_comm40,332,2026091332,80,35,4000
isiro_2012,enhanced_plus_comm40,333,2026091333,90,39,4000
isiro_2012,enhanced_plus_comm40,334,2026091334,85,34,4000
isiro_2012,enhanced_plus_comm40,335,2026091335,91,35,4000
isiro_2012,enhanced_plus_comm40,336,2026091336,126,52,4000
isiro_2012,enhanced_plus_comm40,337,2026091337,93,44,4000
isiro_2012,enhanced_plus_comm40,338,2026091338,84,34,4000
isiro_2012,enhanced_plus_comm40,339,2026091339,110,48,4000
isiro_2012,enhanced_plus_comm40,340,2026091340,97,42,4000
isiro_2012,enhanced_plus_comm40,341,2026091341,116,55,4000
isiro_2012,enhanced_plus_comm40,342,2026091342,67,32,4000
isiro_2012,enhanced_plus_comm40,343,2026091343,85,33,4000
isiro_2012,enhanced_plus_comm40,344,2026091344,116,48,4000
isiro_2012,enhanced_plus_comm40,345,2026091345,90,39,4000
isiro_2012,enhanced_plus_comm40,346,2026091346,99,41,4000
isiro_2012,enhanced_plus_comm40,347,2026091347,59,30,4000
isiro_2012,enhanced_plus_comm40,348,2026091348,80,30,4000
isiro_2012,enhanced_plus_comm40,349,2026091349,80,32,4000
isiro_2012,enhanced_plus_comm40,350,2026091350,104,44,4000
isiro_2012,enhanced_plus_comm40,351,2026091351,68,36,4000
isiro_2012,enhanced_plus_comm40,352,2026091352,79,37,4000
isiro_2012,enhanced_plus_comm40,353,2026091353,116,59,4000
isiro_2012,enhanced_plus_comm40,354,2026091354,99,54,4000
isiro_2012,enhanced_plus_comm40,355,2026091355,105,41,4000
isiro_2012,enhanced_plus_comm40,356,2026091356,81,36,4000
isiro_2012,enhanced_plus_comm40,357,2026091357,74,32,4000
isiro_2012,enhanced_plus_comm40,358,2026091358,81,36,4000
isiro_2012,enhanced_plus_comm40,359,2026091359,127,50,4000
isiro_2012,enhanced_plus_comm40,360,2026091360,121,51,4000
isiro_2012,enhanced_plus_comm40,361,2026091361,86,45,4000
isiro_2012,enhanced_plus_comm40,362,2026091362,80,17,4000
isiro_2012,enhanced_plus_comm40,363,2026091363,94,41,4000
isiro_2012,enhanced_plus_comm40,364,2026091364,86,38,4000
isiro_2012,enhanced_plus_comm40,365,2026091365,104,51,4000
isiro_2012,enhanced_plus_comm40,366,2026091366,84,31,4000
isiro_2012,enhanced_plus_comm40,367,2026091367,115,52,4000
isiro_2012,enhanced_plus_comm40,368,2026091368,109,45,4000
isiro_2012,enhanced_plus_comm40,369,2026091369,126,59,4000
isiro_2012,enhanced_plus_comm40,370,2026091370,125,57,4000
isiro_2012,enhanced_plus_comm40,371,2026091371,104,46,4000
isiro_2012,enhanced_plus_comm40,372,2026091372,97,35,4000
isiro_2012,enhanced_plus_comm40,373,2026091373,79,29,4000
isiro_2012,enhanced_plus_comm40,374,2026091374,102,35,4000
isiro_2012,enhanced_plus_comm40,375,2026091375,86,49,4000
isiro_2012,enhanced_plus_comm40,376,2026091376,81,30,4000
isiro_2012,enhanced_plus_comm40,377,2026091377,141,60,4000
isiro_2012,enhanced_plus_comm40,378,2026091378,92,40,4000
isiro_2012,enhanced_plus_comm40,379,2026091379,104,54,4000
isiro_2012,enhanced_plus_comm40,380,2026091380,123,45,4000
isiro_2012,enhanced_plus_comm40,381,2026091381,109,43,4000
isiro_2012,enhanced_plus_comm40,382,2026091382,73,34,4000
isiro_2012,enhanced_plus_comm40,383,2026091383,88,39,4000
isiro_2012,enhanced_plus_comm40,384,2026091384,73,21,4000
isiro_2012,enhanced_plus_comm40,385,2026091385,103,42,4000
isiro_2012,enhanced_plus_comm40,386,2026091386,113,51,4000
isiro_2012,enhanced_plus_comm40,387,2026091387,83,30,4000
isiro_2012,enhanced_plus_comm40,388,2026091388,86,39,4000
isiro_2012,enhanced_plus_comm40,389,2026091389,93,39,4000
isiro_2012,enhanced_plus_comm40,390,2026091390,94,44,4000
isiro_2012,enhanced_plus_comm40,391,2026091391,82,37,4000
isiro_2012,enhanced_plus_comm40,392,2026091392,98,43,4000
isiro_2012,enhanced_plus_comm40,393,2026091393,107,44,4000
isiro_2012,enhanced_plus_comm40,394,2026091394,109,48,4000
isiro_2012,enhanced_plus_comm40,395,2026091395,105,48,4000
isiro_2012,enhanced_plus_comm40,396,2026091396,106,50,4000
isiro_2012,enhanced_plus_comm40,397,2026091397,122,56,4000
isiro_2012,enhanced_plus_comm40,398,2026091398,143,58,4000
isiro_2012,enhanced_plus_comm40,399,2026091399,85,36,4000
isiro_2012,enhanced_plus_comm40,400,2026091400,82,39,4000
isiro_2012,enhanced_plus_comm40,401,2026091401,92,42,4000
isiro_2012,enhanced_plus_comm40,402,2026091402,102,47,4000
isiro_2012,enhanced_plus_comm40,403,2026091403,128,63,4000
isiro_2012,enhanced_plus_comm40,404,2026091404,102,44,4000
isiro_2012,enhanced_plus_comm40,405,2026091405,105,43,4000
isiro_2012,enhanced_plus_comm40,406,2026091406,116,56,4000
isiro_2012,enhanced_plus_comm40,407,2026091407,99,44,4000
isiro_2012,enhanced_plus_comm40,408,2026091408,97,51,4000
isiro_2012,enhanced_plus_comm40,409,2026091409,108,52,4000
isiro_2012,enhanced_plus_comm40,410,2026091410,105,45,4000
isiro_2012,enhanced_plus_comm40,411,2026091411,106,34,4000
isiro_2012,enhanced_plus_comm40,412,2026091412,103,34,4000
isiro_2012,enhanced_plus_comm40,413,2026091413,117,49,4000
isiro_2012,enhanced_plus_comm40,414,2026091414,129,58,4000
isiro_2012,enhanced_plus_comm40,415,2026091415,74,34,4000
isiro_2012,enhanced_plus_comm40,416,2026091416,82,32,4000
isiro_2012,enhanced_plus_comm40,417,2026091417,107,54,4000
isiro_2012,enhanced_plus_comm40,418,2026091418,98,38,4000
isiro_2012,enhanced_plus_comm40,419,2026091419,74,37,4000
isiro_2012,enhanced_plus_comm40,420,2026091420,98,42,4000
isiro_2012,enhanced_plus_comm40,421,2026091421,92,37,4000
isiro_2012,enhanced_plus_comm40,422,2026091422,109,43,4000
isiro_2012,enhanced_plus_comm40,423,2026091423,106,50,4000
isiro_2012,enhanced_plus_comm40,424,2026091424,89,39,4000
isiro_2012,enhanced_plus_comm40,425,2026091425,108,49,4000
isiro_2012,enhanced_plus_comm40,426,2026091426,81,37,4000
isiro_2012,enhanced_plus_comm40,427,2026091427,89,37,4000
isiro_2012,enhanced_plus_comm40,428,2026091428,75,31,4000
isiro_2012,enhanced_plus_comm40,429,2026091429,95,47,4000
isiro_2012,enhanced_plus_comm40,430,2026091430,78,30,4000
isiro_2012,enhanced_plus_comm40,431,2026091431,112,49,4000
isiro_2012,enhanced_plus_comm40,432,2026091432,78,34,4000
isiro_2012,enhanced_plus_comm40,433,2026091433,109,40,4000
isiro_2012,enhanced_plus_comm40,434,2026091434,122,55,4000
isiro_2012,enhanced_plus_comm40,435,2026091435,77,40,4000
isiro_2012,enhanced_plus_comm40,436,2026091436,101,56,4000
isiro_2012,enhanced_plus_comm40,437,2026091437,75,31,4000
isiro_2012,enhanced_plus_comm40,438,2026091438,98,37,4000
isiro_2012,enhanced_plus_comm40,439,2026091439,100,48,4000
isiro_2012,enhanced_plus_comm40,440,2026091440,91,42,4000
isiro_2012,enhanced_plus_comm40,441,2026091441,92,39,4000
isiro_2012,enhanced_plus_comm40,442,2026091442,63,29,4000
isiro_2012,enhanced_plus_comm40,443,2026091443,79,37,4000
isiro_2012,enhanced_plus_comm40,444,2026091444,121,62,4000
isiro_2012,enhanced_plus_comm40,445,2026091445,112,55,4000
isiro_2012,enhanced_plus_comm40,446,2026091446,98,40,4000
isiro_2012,enhanced_plus_comm40,447,2026091447,114,39,4000
isiro_2012,enhanced_plus_comm40,448,2026091448,92,45,4000
isiro_2012,enhanced_plus_comm40,449,2026091449,95,41,4000
isiro_2012,enhanced_plus_comm40,450,2026091450,108,45,4000
isiro_2012,enhanced_plus_comm40,451,2026091451,79,34,4000
isiro_2012,enhanced_plus_comm40,452,2026091452,74,33,4000
isiro_2012,enhanced_plus_comm40,453,2026091453,93,36,4000
isiro_2012,enhanced_plus_comm40,454,2026091454,116,46,4000
isiro_2012,enhanced_plus_comm40,455,2026091455,132,61,4000
isiro_2012,enhanced_plus_comm40,456,2026091456,88,33,4000
isiro_2012,enhanced_plus_comm40,457,2026091457,120,58,4000
isiro_2012,enhanced_plus_comm40,458,2026091458,93,42,4000
isiro_2012,enhanced_plus_comm40,459,2026091459,88,36,4000
isiro_2012,enhanced_plus_comm40,460,2026091460,96,44,4000
isiro_2012,enhanced_plus_comm40,461,2026091461,157,68,4000
isiro_2012,enhanced_plus_comm40,462,2026091462,89,45,4000
isiro_2012,enhanced_plus_comm40,463,2026091463,101,33,4000
isiro_2012,enhanced_plus_comm40,464,2026091464,123,55,4000
isiro_2012,enhanced_plus_comm40,465,2026091465,85,34,4000
isiro_2012,enhanced_plus_comm40,466,2026091466,86,42,4000
isiro_2012,enhanced_plus_comm40,467,2026091467,101,49,4000
isiro_2012,enhanced_plus_comm40,468,2026091468,66,27,4000
isiro_2012,enhanced_plus_comm40,469,2026091469,102,47,4000
isiro_2012,enhanced_plus_comm40,470,2026091470,109,39,4000
isiro_2012,enhanced_plus_comm40,471,2026091471,98,41,4000
isiro_2012,enhanced_plus_comm40,472,2026091472,96,39,4000
isiro_2012,enhanced_plus_comm40,473,2026091473,92,34,4000
isiro_2012,enhanced_plus_comm40,474,2026091474,80,33,4000
isiro_2012,enhanced_plus_comm40,475,2026091475,117,48,4000
isiro_2012,enhanced_plus_comm40,476,2026091476,91,38,4000
isiro_2012,enhanced_plus_comm40,477,2026091477,113,47,4000
isiro_2012,enhanced_plus_comm40,478,2026091478,139,54,4000
isiro_2012,enhanced_plus_comm40,479,2026091479,101,40,4000
isiro_2012,enhanced_plus_comm40,480,2026091480,115,47,4000
isiro_2012,enhanced_plus_comm40,481,2026091481,129,61,4000
isiro_2012,enhanced_plus_comm40,482,2026091482,95,44,4000
isiro_2012,enhanced_plus_comm40,483,2026091483,118,47,4000
isiro_2012,enhanced_plus_comm40,484,2026091484,108,42,4000
isiro_2012,enhanced_plus_comm40,485,2026091485,97,42,4000
isiro_2012,enhanced_plus_comm40,486,2026091486,111,44,4000
isiro_2012,enhanced_plus_comm40,487,2026091487,109,55,4000
isiro_2012,enhanced_plus_comm40,488,2026091488,99,44,4000
isiro_2012,enhanced_plus_comm40,489,2026091489,89,31,4000
isiro_2012,enhanced_plus_comm40,490,2026091490,110,53,4000
isiro_2012,enhanced_plus_comm40,491,2026091491,109,50,4000
isiro_2012,enhanced_plus_comm40,492,2026091492,102,48,4000
isiro_2012,enhanced_plus_comm40,493,2026091493,129,61,4000
isiro_2012,enhanced_plus_comm40,494,2026091494,107,46,4000
isiro_2012,enhanced_plus_comm40,495,2026091495,119,49,4000
isiro_2012,enhanced_plus_comm40,496,2026091496,116,52,4000
isiro_2012,enhanced_plus_comm40,497,2026091497,74,32,4000
isiro_2012,enhanced_plus_comm40,498,2026091498,109,35,4000
isiro_2012,enhanced_plus_comm40,499,2026091499,105,48,4000
isiro_2012,enhanced_plus_comm40,500,2026091500,130,44,4000
isiro_2012,enhanced_plus_comm40,501,2026091501,106,52,4000
isiro_2012,enhanced_plus_comm40,502,2026091502,112,58,4000
isiro_2012,enhanced_plus_comm40,503,2026091503,112,48,4000
isiro_2012,enhanced_plus_comm40,504,2026091504,71,31,4000
isiro_2012,enhanced_plus_comm40,505,2026091505,98,36,4000
isiro_2012,enhanced_plus_comm40,506,2026091506,83,30,4000
isiro_2012,enhanced_plus_comm40,507,2026091507,65,21,4000
isiro_2012,enhanced_plus_comm40,508,2026091508,136,63,4000
isiro_2012,enhanced_plus_comm40,509,2026091509,106,43,4000
isiro_2012,enhanced_plus_comm40,510,2026091510,70,28,4000
isiro_2012,enhanced_plus_comm40,511,2026091511,79,39,4000
isiro_2012,enhanced_plus_comm40,512,2026091512,87,39,4000
isiro_2012,enhanced_plus_comm40,513,2026091513,113,48,4000
isiro_2012,enhanced_plus_comm40,514,2026091514,81,34,4000
isiro_2012,enhanced_plus_comm40,515,2026091515,123,53,4000
isiro_2012,enhanced_plus_comm40,516,2026091516,124,62,4000
isiro_2012,enhanced_plus_comm40,517,2026091517,74,31,4000
isiro_2012,enhanced_plus_comm40,518,2026091518,107,48,4000
isiro_2012,enhanced_plus_comm40,519,2026091519,134,54,4000
isiro_2012,enhanced_plus_comm40,520,2026091520,79,31,4000
isiro_2012,enhanced_plus_comm40,521,2026091521,107,46,4000
isiro_2012,enhanced_plus_comm40,522,2026091522,121,52,4000
isiro_2012,enhanced_plus_comm40,523,2026091523,102,48,4000
isiro_2012,enhanced_plus_comm40,524,2026091524,121,51,4000
isiro_2012,enhanced_plus_comm40,525,2026091525,119,53,4000
isiro_2012,enhanced_plus_comm40,526,2026091526,97,43,4000
isiro_2012,enhanced_plus_comm40,527,2026091527,110,58,4000
isiro_2012,enhanced_plus_comm40,528,2026091528,84,28,4000
isiro_2012,enhanced_plus_comm40,529,2026091529,122,51,4000
isiro_2012,enhanced_plus_comm40,530,2026091530,89,44,4000
isiro_2012,enhanced_plus_comm40,531,2026091531,71,30,4000
isiro_2012,enhanced_plus_comm40,532,2026091532,97,47,4000
isiro_2012,enhanced_plus_comm40,533,2026091533,90,35,4000
isiro_2012,enhanced_plus_comm40,534,2026091534,102,43,4000
isiro_2012,enhanced_plus_comm40,535,2026091535,90,31,4000
isiro_2012,enhanced_plus_comm40,536,2026091536,84,38,4000
isiro_2012,enhanced_plus_comm40,537,2026091537,78,37,4000
isiro_2012,enhanced_plus_comm40,538,2026091538,127,57,4000
isiro_2012,enhanced_plus_comm40,539,2026091539,105,42,4000
isiro_2012,enhanced_plus_comm40,540,2026091540,115,48,4000
isiro_2012,enhanced_plus_comm40,541,2026091541,96,42,4000
isiro_2012,enhanced_plus_comm40,542,2026091542,94,41,4000
isiro_2012,enhanced_plus_comm40,543,2026091543,94,35,4000
isiro_2012,enhanced_plus_comm40,544,2026091544,118,49,4000
isiro_2012,enhanced_plus_comm40,545,2026091545,128,63,4000
isiro_2012,enhanced_plus_comm40,546,2026091546,113,47,4000
isiro_2012,enhanced_plus_comm40,547,2026091547,78,41,4000
isiro_2012,enhanced_plus_comm40,548,2026091548,96,40,4000
isiro_2012,enhanced_plus_comm40,549,2026091549,109,53,4000
isiro_2012,enhanced_plus_comm40,550,2026091550,128,52,4000
isiro_2012,enhanced_plus_comm40,551,2026091551,104,55,4000
isiro_2012,enhanced_plus_comm40,552,2026091552,55,27,4000
isiro_2012,enhanced_plus_comm40,553,2026091553,101,39,4000
isiro_2012,enhanced_plus_comm40,554,2026091554,109,38,4000
isiro_2012,enhanced_plus_comm40,555,2026091555,122,64,4000
isiro_2012,enhanced_plus_comm40,556,2026091556,85,29,4000
isiro_2012,enhanced_plus_comm40,557,2026091557,164,84,4000
isiro_2012,enhanced_plus_comm40,558,2026091558,83,42,4000
isiro_2012,enhanced_plus_comm40,559,2026091559,123,58,4000
isiro_2012,enhanced_plus_comm40,560,2026091560,109,48,4000
isiro_2012,enhanced_plus_comm40,561,2026091561,107,39,4000
isiro_2012,enhanced_plus_comm40,562,2026091562,83,37,4000
isiro_2012,enhanced_plus_comm40,563,2026091563,107,46,4000
isiro_2012,enhanced_plus_comm40,564,2026091564,91,31,4000
isiro_2012,enhanced_plus_comm40,565,2026091565,105,38,4000
isiro_2012,enhanced_plus_comm40,566,2026091566,72,31,4000
isiro_2012,enhanced_plus_comm40,567,2026091567,106,50,4000
isiro_2012,enhanced_plus_comm40,568,2026091568,99,37,4000
isiro_2012,enhanced_plus_comm40,569,2026091569,90,37,4000
isiro_2012,enhanced_plus_comm40,570,2026091570,100,35,4000
isiro_2012,enhanced_plus_comm40,571,2026091571,98,50,4000
isiro_2012,enhanced_plus_comm40,572,2026091572,88,42,4000
isiro_2012,enhanced_plus_comm40,573,2026091573,123,52,4000
isiro_2012,enhanced_plus_comm40,574,2026091574,112,49,4000
isiro_2012,enhanced_plus_comm40,575,2026091575,87,42,4000
isiro_2012,enhanced_plus_comm40,576,2026091576,64,23,4000
isiro_2012,enhanced_plus_comm40,577,2026091577,82,40,4000
isiro_2012,enhanced_plus_comm40,578,2026091578,107,45,4000
isiro_2012,enhanced_plus_comm40,579,2026091579,118,52,4000
isiro_2012,enhanced_plus_comm40,580,2026091580,88,36,4000
isiro_2012,enhanced_plus_comm40,581,2026091581,94,46,4000
isiro_2012,enhanced_plus_comm40,582,2026091582,79,36,4000
isiro_2012,enhanced_plus_comm40,583,2026091583,106,44,4000
isiro_2012,enhanced_plus_comm40,584,2026091584,78,38,4000
isiro_2012,enhanced_plus_comm40,585,2026091585,86,37,4000
isiro_2012,enhanced_plus_comm40,586,2026091586,86,46,4000
isiro_2012,enhanced_plus_comm40,587,2026091587,117,44,4000
isiro_2012,enhanced_plus_comm40,588,2026091588,95,31,4000
isiro_2012,enhanced_plus_comm40,589,2026091589,87,25,4000
isiro_2012,enhanced_plus_comm40,590,2026091590,144,60,4000
isiro_2012,enhanced_plus_comm40,591,2026091591,121,50,4000
isiro_2012,enhanced_plus_comm40,592,2026091592,110,51,4000
isiro_2012,enhanced_plus_comm40,593,2026091593,117,43,4000
isiro_2012,enhanced_plus_comm40,594,2026091594,75,33,4000
isiro_2012,enhanced_plus_comm40,595,2026091595,120,51,4000
isiro_2012,enhanced_plus_comm40,596,2026091596,79,33,4000
isiro_2012,enhanced_plus_comm40,597,2026091597,95,42,4000
isiro_2012,enhanced_plus_comm40,598,2026091598,101,49,4000
isiro_2012,enhanced_plus_comm40,599,2026091599,108,47,4000
isiro_2012,enhanced_plus_comm40,600,2026091600,132,52,4000
isiro_2012,enhanced_plus_comm40,601,2026091601,94,40,4000
isiro_2012,enhanced_plus_comm40,602,2026091602,84,36,4000
isiro_2012,enhanced_plus_comm40,603,2026091603,94,42,4000
isiro_2012,enhanced_plus_comm40,604,2026091604,117,53,4000
isiro_2012,enhanced_plus_comm40,605,2026091605,159,73,4000
isiro_2012,enhanced_plus_comm40,606,2026091606,78,26,4000
isiro_2012,enhanced_plus_comm40,607,2026091607,68,33,4000
isiro_2012,enhanced_plus_comm40,608,2026091608,80,34,4000
isiro_2012,enhanced_plus_comm40,609,2026091609,107,33,4000
isiro_2012,enhanced_plus_comm40,610,2026091610,93,48,4000
isiro_2012,enhanced_plus_comm40,611,2026091611,115,51,4000
isiro_2012,enhanced_plus_comm40,612,2026091612,116,54,4000
isiro_2012,enhanced_plus_comm40,613,2026091613,110,52,4000
isiro_2012,enhanced_plus_comm40,614,2026091614,111,51,4000
isiro_2012,enhanced_plus_comm40,615,2026091615,118,49,4000
isiro_2012,enhanced_plus_comm40,616,2026091616,59,25,4000
isiro_2012,enhanced_plus_comm40,617,2026091617,102,41,4000
isiro_2012,enhanced_plus_comm40,618,2026091618,92,49,4000
isiro_2012,enhanced_plus_comm40,619,2026091619,111,50,4000
isiro_2012,enhanced_plus_comm40,620,2026091620,125,48,4000
isiro_2012,enhanced_plus_comm40,621,2026091621,88,45,4000
isiro_2012,enhanced_plus_comm40,622,2026091622,109,44,4000
isiro_2012,enhanced_plus_comm40,623,2026091623,103,44,4000
isiro_2012,enhanced_plus_comm40,624,2026091624,101,35,4000
isiro_2012,enhanced_plus_ring2,0,2026091000,138,61,4993
isiro_2012,enhanced_plus_ring2,1,2026091001,144,57,4752
isiro_2012,enhanced_plus_ring2,2,2026091002,103,39,3849
isiro_2012,enhanced_plus_ring2,3,2026091003,110,54,4519
isiro_2012,enhanced_plus_ring2,4,2026091004,117,47,1966
isiro_2012,enhanced_plus_ring2,5,2026091005,96,41,3022
isiro_2012,enhanced_plus_ring2,6,2026091006,90,37,3704
isiro_2012,enhanced_plus_ring2,7,2026091007,105,43,4108
isiro_2012,enhanced_plus_ring2,8,2026091008,77,38,3296
isiro_2012,enhanced_plus_ring2,9,2026091009,124,58,5586
isiro_2012,enhanced_plus_ring2,10,2026091010,100,45,4179
isiro_2012,enhanced_plus_ring2,11,2026091011,96,39,4455
isiro_2012,enhanced_plus_ring2,12,2026091012,84,32,4222
isiro_2012,enhanced_plus_ring2,13,2026091013,92,32,4591
isiro_2012,enhanced_plus_ring2,14,2026091014,87,44,3724
isiro_2012,enhanced_plus_ring2,15,2026091015,96,46,3944
isiro_2012,enhanced_plus_ring2,16,2026091016,108,47,4174
isiro_2012,enhanced_plus_ring2,17,2026091017,95,40,3834
isiro_2012,enhanced_plus_ring2,18,2026091018,90,38,4230
isiro_2012,enhanced_plus_ring2,19,2026091019,101,43,4509
isiro_2012,enhanced_plus_ring2,20,2026091020,103,42,2605
isiro_2012,enhanced_plus_ring2,21,2026091021,102,47,3201
isiro_2012,enhanced_plus_ring2,22,2026091022,106,48,3883
isiro_2012,enhanced_plus_ring2,23,2026091023,124,59,3270
isiro_2012,enhanced_plus_ring2,24,2026091024,87,35,5037
isiro_2012,enhanced_plus_ring2,25,2026091025,103,44,3902
isiro_2012,enhanced_plus_ring2,26,2026091026,98,39,2721
isiro_2012,enhanced_plus_ring2,27,2026091027,113,60,5565
isiro_2012,enhanced_plus_ring2,28,2026091028,83,32,4299
isiro_2012,enhanced_plus_ring2,29,2026091029,121,45,6052
isiro_2012,enhanced_plus_ring2,30,2026091030,128,58,4974
isiro_2012,enhanced_plus_ring2,31,2026091031,110,50,3488
isiro_2012,enhanced_plus_ring2,32,2026091032,118,58,5100
isiro_2012,enhanced_plus_ring2,33,2026091033,134,62,5261
isiro_2012,enhanced_plus_ring2,34,2026091034,116,53,4902
isiro_2012,enhanced_plus_ring2,35,2026091035,93,41,4885
isiro_2012,enhanced_plus_ring2,36,2026091036,80,40,3160
isiro_2012,enhanced_plus_ring2,37,2026091037,85,38,2833
isiro_2012,enhanced_plus_ring2,38,2026091038,84,46,3493
isiro_2012,enhanced_plus_ring2,39,2026091039,103,53,5376
isiro_2012,enhanced_plus_ring2,40,2026091040,94,39,4107
isiro_2012,enhanced_plus_ring2,41,2026091041,138,74,4834
isiro_2012,enhanced_plus_ring2,42,2026091042,98,43,4757
isiro_2012,enhanced_plus_ring2,43,2026091043,162,66,4408
isiro_2012,enhanced_plus_ring2,44,2026091044,116,47,3601
isiro_2012,enhanced_plus_ring2,45,2026091045,147,69,4910
isiro_2012,enhanced_plus_ring2,46,2026091046,101,49,4973
isiro_2012,enhanced_plus_ring2,47,2026091047,114,47,4075
isiro_2012,enhanced_plus_ring2,48,2026091048,125,52,4356
isiro_2012,enhanced_plus_ring2,49,2026091049,147,54,5184
isiro_2012,enhanced_plus_ring2,50,2026091050,80,38,4813
isiro_2012,enhanced_plus_ring2,51,2026091051,109,43,3396
isiro_2012,enhanced_plus_ring2,52,2026091052,97,48,2612
isiro_2012,enhanced_plus_ring2,53,2026091053,143,66,5604
isiro_2012,enhanced_plus_ring2,54,2026091054,82,36,3726
isiro_2012,enhanced_plus_ring2,55,2026091055,137,60,5376
isiro_2012,enhanced_plus_ring2,56,2026091056,85,40,4455
isiro_2012,enhanced_plus_ring2,57,2026091057,111,54,3946
isiro_2012,enhanced_plus_ring2,58,2026091058,98,46,3092
isiro_2012,enhanced_plus_ring2,59,2026091059,94,41,4621
isiro_2012,enhanced_plus_ring2,60,2026091060,122,57,3906
isiro_2012,enhanced_plus_ring2,61,2026091061,89,43,4190
isiro_2012,enhanced_plus_ring2,62,2026091062,99,45,3743
isiro_2012,enhanced_plus_ring2,63,2026091063,123,52,4546
isiro_2012,enhanced_plus_ring2,64,2026091064,112,51,3675
isiro_2012,enhanced_plus_ring2,65,2026091065,79,36,4319
isiro_2012,enhanced_plus_ring2,66,2026091066,116,52,5570
isiro_2012,enhanced_plus_ring2,67,2026091067,96,41,3665
isiro_2012,enhanced_plus_ring2,68,2026091068,112,51,3096
isiro_2012,enhanced_plus_ring2,69,2026091069,145,58,4537
isiro_2012,enhanced_plus_ring2,70,2026091070,96,39,4680
isiro_2012,enhanced_plus_ring2,71,2026091071,113,56,3266
isiro_2012,enhanced_plus_ring2,72,2026091072,101,40,5175
isiro_2012,enhanced_plus_ring2,73,2026091073,109,46,3358
isiro_2012,enhanced_plus_ring2,74,2026091074,104,42,3607
isiro_2012,enhanced_plus_ring2,75,2026091075,113,45,4294
isiro_2012,enhanced_plus_ring2,76,2026091076,74,34,4009
isiro_2012,enhanced_plus_ring2,77,2026091077,142,63,3260
isiro_2012,enhanced_plus_ring2,78,2026091078,91,34,4428
isiro_2012,enhanced_plus_ring2,79,2026091079,130,67,3710
isiro_2012,enhanced_plus_ring2,80,2026091080,127,68,5838
isiro_2012,enhanced_plus_ring2,81,2026091081,116,44,5765
isiro_2012,enhanced_plus_ring2,82,2026091082,112,48,4261
isiro_2012,enhanced_plus_ring2,83,2026091083,115,52,3876
isiro_2012,enhanced_plus_ring2,84,2026091084,118,52,4193
isiro_2012,enhanced_plus_ring2,85,2026091085,93,36,4030
isiro_2012,enhanced_plus_ring2,86,2026091086,83,48,3140
isiro_2012,enhanced_plus_ring2,87,2026091087,84,43,2656
isiro_2012,enhanced_plus_ring2,88,2026091088,96,41,3451
isiro_2012,enhanced_plus_ring2,89,2026091089,101,49,4577
isiro_2012,enhanced_plus_ring2,90,2026091090,100,50,3254
isiro_2012,enhanced_plus_ring2,91,2026091091,65,35,2976
isiro_2012,enhanced_plus_ring2,92,2026091092,86,42,3359
isiro_2012,enhanced_plus_ring2,93,2026091093,88,43,2427
isiro_2012,enhanced_plus_ring2,94,2026091094,132,51,3991
isiro_2012,enhanced_plus_ring2,95,2026091095,134,54,3630
isiro_2012,enhanced_plus_ring2,96,2026091096,98,38,3941
isiro_2012,enhanced_plus_ring2,97,2026091097,95,39,4613
isiro_2012,enhanced_plus_ring2,98,2026091098,89,40,4072
isiro_2012,enhanced_plus_ring2,99,2026091099,85,35,4129
isiro_2012,enhanced_plus_ring2,100,2026091100,97,41,2832
isiro_2012,enhanced_plus_ring2,101,2026091101,165,71,5950
isiro_2012,enhanced_plus_ring2,102,2026091102,166,77,5955
isiro_2012,enhanced_plus_ring2,103,2026091103,109,39,6153
isiro_2012,enhanced_plus_ring2,104,2026091104,137,62,5350
isiro_2012,enhanced_plus_ring2,105,2026091105,93,36,3464
isiro_2012,enhanced_plus_ring2,106,2026091106,104,48,4426
isiro_2012,enhanced_plus_ring2,107,2026091107,112,47,4439
isiro_2012,enhanced_plus_ring2,108,2026091108,136,58,5218
isiro_2012,enhanced_plus_ring2,109,2026091109,89,41,5512
isiro_2012,enhanced_plus_ring2,110,2026091110,132,53,3347
isiro_2012,enhanced_plus_ring2,111,2026091111,99,43,3951
isiro_2012,enhanced_plus_ring2,112,2026091112,110,49,4951
isiro_2012,enhanced_plus_ring2,113,2026091113,88,44,3322
isiro_2012,enhanced_plus_ring2,114,2026091114,77,38,3814
isiro_2012,enhanced_plus_ring2,115,2026091115,100,40,4151
isiro_2012,enhanced_plus_ring2,116,2026091116,139,55,4853
isiro_2012,enhanced_plus_ring2,117,2026091117,113,42,5217
isiro_2012,enhanced_plus_ring2,118,2026091118,117,45,3796
isiro_2012,enhanced_plus_ring2,119,2026091119,93,39,4602
isiro_2012,enhanced_plus_ring2,120,2026091120,136,72,3980
isiro_2012,enhanced_plus_ring2,121,2026091121,102,52,2670
isiro_2012,enhanced_plus_ring2,122,2026091122,88,40,3112
isiro_2012,enhanced_plus_ring2,123,2026091123,139,63,6167
isiro_2012,enhanced_plus_ring2,124,2026091124,84,41,3081
isiro_2012,enhanced_plus_ring2,125,2026091125,114,53,5955
isiro_2012,enhanced_plus_ring2,126,2026091126,105,45,4732
isiro_2012,enhanced_plus_ring2,127,2026091127,130,41,5489
isiro_2012,enhanced_plus_ring2,128,2026091128,131,60,4462
isiro_2012,enhanced_plus_ring2,129,2026091129,87,36,3972
isiro_2012,enhanced_plus_ring2,130,2026091130,104,49,2888
isiro_2012,enhanced_plus_ring2,131,2026091131,98,46,5894
isiro_2012,enhanced_plus_ring2,132,2026091132,101,40,4772
isiro_2012,enhanced_plus_ring2,133,2026091133,112,52,4666
isiro_2012,enhanced_plus_ring2,134,2026091134,82,46,2995
isiro_2012,enhanced_plus_ring2,135,2026091135,94,43,3366
isiro_2012,enhanced_plus_ring2,136,2026091136,98,37,3756
isiro_2012,enhanced_plus_ring2,137,2026091137,114,50,4670
isiro_2012,enhanced_plus_ring2,138,2026091138,109,51,4341
isiro_2012,enhanced_plus_ring2,139,2026091139,135,51,5564
isiro_2012,enhanced_plus_ring2,140,2026091140,130,49,3804
isiro_2012,enhanced_plus_ring2,141,2026091141,112,47,5550
isiro_2012,enhanced_plus_ring2,142,2026091142,145,61,6571
isiro_2012,enhanced_plus_ring2,143,2026091143,147,71,5002
isiro_2012,enhanced_plus_ring2,144,2026091144,120,62,4849
isiro_2012,enhanced_plus_ring2,145,2026091145,134,51,4892
isiro_2012,enhanced_plus_ring2,146,2026091146,110,48,5200
isiro_2012,enhanced_plus_ring2,147,2026091147,119,50,4720
isiro_2012,enhanced_plus_ring2,148,2026091148,112,49,5287
isiro_2012,enhanced_plus_ring2,149,2026091149,109,47,5429
isiro_2012,enhanced_plus_ring2,150,2026091150,124,62,5544
isiro_2012,enhanced_plus_ring2,151,2026091151,108,51,5160
isiro_2012,enhanced_plus_ring2,152,2026091152,82,32,4657
isiro_2012,enhanced_plus_ring2,153,2026091153,129,63,4087
isiro_2012,enhanced_plus_ring2,154,2026091154,124,56,2963
isiro_2012,enhanced_plus_ring2,155,2026091155,106,50,4554
isiro_2012,enhanced_plus_ring2,156,2026091156,100,43,3366
isiro_2012,enhanced_plus_ring2,157,2026091157,125,50,3437
isiro_2012,enhanced_plus_ring2,158,2026091158,132,59,3740
isiro_2012,enhanced_plus_ring2,159,2026091159,105,41,4811
isiro_2012,enhanced_plus_ring2,160,2026091160,113,50,4131
isiro_2012,enhanced_plus_ring2,161,2026091161,86,31,4588
isiro_2012,enhanced_plus_ring2,162,2026091162,99,48,4792
isiro_2012,enhanced_plus_ring2,163,2026091163,148,75,4557
isiro_2012,enhanced_plus_ring2,164,2026091164,95,45,4964
isiro_2012,enhanced_plus_ring2,165,2026091165,97,40,2358
isiro_2012,enhanced_plus_ring2,166,2026091166,76,33,2334
isiro_2012,enhanced_plus_ring2,167,2026091167,107,44,3174
isiro_2012,enhanced_plus_ring2,168,2026091168,121,59,4285
isiro_2012,enhanced_plus_ring2,169,2026091169,108,45,3079
isiro_2012,enhanced_plus_ring2,170,2026091170,118,51,3731
isiro_2012,enhanced_plus_ring2,171,2026091171,151,66,3126
isiro_2012,enhanced_plus_ring2,172,2026091172,156,81,4947
isiro_2012,enhanced_plus_ring2,173,2026091173,153,67,5689
isiro_2012,enhanced_plus_ring2,174,2026091174,147,70,5763
isiro_2012,enhanced_plus_ring2,175,2026091175,96,39,3234
isiro_2012,enhanced_plus_ring2,176,2026091176,108,45,4248
isiro_2012,enhanced_plus_ring2,177,2026091177,94,38,3542
isiro_2012,enhanced_plus_ring2,178,2026091178,78,34,2228
isiro_2012,enhanced_plus_ring2,179,2026091179,97,40,2877
isiro_2012,enhanced_plus_ring2,180,2026091180,90,35,4071
isiro_2012,enhanced_plus_ring2,181,2026091181,87,42,4524
isiro_2012,enhanced_plus_ring2,182,2026091182,132,65,4777
isiro_2012,enhanced_plus_ring2,183,2026091183,114,56,3512
isiro_2012,enhanced_plus_ring2,184,2026091184,112,52,5115
isiro_2012,enhanced_plus_ring2,185,2026091185,122,49,5103
isiro_2012,enhanced_plus_ring2,186,2026091186,105,46,5416
isiro_2012,enhanced_plus_ring2,187,2026091187,104,42,4715
isiro_2012,enhanced_plus_ring2,188,2026091188,103,40,3440
isiro_2012,enhanced_plus_ring2,189,2026091189,93,40,3781
isiro_2012,enhanced_plus_ring2,190,2026091190,118,55,5727
isiro_2012,enhanced_plus_ring2,191,2026091191,146,64,5130
isiro_2012,enhanced_plus_ring2,192,2026091192,131,72,3637
isiro_2012,enhanced_plus_ring2,193,2026091193,122,47,3321
isiro_2012,enhanced_plus_ring2,194,2026091194,125,63,2726
isiro_2012,enhanced_plus_ring2,195,2026091195,87,41,4654
isiro_2012,enhanced_plus_ring2,196,2026091196,119,48,4815
isiro_2012,enhanced_plus_ring2,197,2026091197,88,42,3279
isiro_2012,enhanced_plus_ring2,198,2026091198,155,67,5762
isiro_2012,enhanced_plus_ring2,199,2026091199,103,38,2958
isiro_2012,enhanced_plus_ring2,200,2026091200,115,51,4199
isiro_2012,enhanced_plus_ring2,201,2026091201,72,32,4228
isiro_2012,enhanced_plus_ring2,202,2026091202,103,44,4844
isiro_2012,enhanced_plus_ring2,203,2026091203,113,46,4500
isiro_2012,enhanced_plus_ring2,204,2026091204,115,46,5162
isiro_2012,enhanced_plus_ring2,205,2026091205,106,40,5445
isiro_2012,enhanced_plus_ring2,206,2026091206,86,44,2852
isiro_2012,enhanced_plus_ring2,207,2026091207,131,60,5251
isiro_2012,enhanced_plus_ring2,208,2026091208,108,46,2857
isiro_2012,enhanced_plus_ring2,209,2026091209,126,53,5950
isiro_2012,enhanced_plus_ring2,210,2026091210,95,43,3947
isiro_2012,enhanced_plus_ring2,211,2026091211,114,59,4815
isiro_2012,enhanced_plus_ring2,212,2026091212,122,60,3946
isiro_2012,enhanced_plus_ring2,213,2026091213,109,51,3169
isiro_2012,enhanced_plus_ring2,214,2026091214,138,49,3911
isiro_2012,enhanced_plus_ring2,215,2026091215,107,45,4750
isiro_2012,enhanced_plus_ring2,216,2026091216,102,45,3832
isiro_2012,enhanced_plus_ring2,217,2026091217,98,41,4042
isiro_2012,enhanced_plus_ring2,218,2026091218,82,41,3851
isiro_2012,enhanced_plus_ring2,219,2026091219,74,34,3383
isiro_2012,enhanced_plus_ring2,220,2026091220,95,43,3208
isiro_2012,enhanced_plus_ring2,221,2026091221,93,47,5149
isiro_2012,enhanced_plus_ring2,222,2026091222,98,47,3683
isiro_2012,enhanced_plus_ring2,223,2026091223,111,41,3760
isiro_2012,enhanced_plus_ring2,224,2026091224,127,60,5178
isiro_2012,enhanced_plus_ring2,225,2026091225,114,58,2943
isiro_2012,enhanced_plus_ring2,226,2026091226,97,35,4368
isiro_2012,enhanced_plus_ring2,227,2026091227,93,33,3043
isiro_2012,enhanced_plus_ring2,228,2026091228,103,34,4014
isiro_2012,enhanced_plus_ring2,229,2026091229,71,37,3317
isiro_2012,enhanced_plus_ring2,230,2026091230,94,46,5065
isiro_2012,enhanced_plus_ring2,231,2026091231,102,54,4982
isiro_2012,enhanced_plus_ring2,232,2026091232,151,75,5649
isiro_2012,enhanced_plus_ring2,233,2026091233,110,41,4648
isiro_2012,enhanced_plus_ring2,234,2026091234,118,51,3613
isiro_2012,enhanced_plus_ring2,235,2026091235,129,66,5019
isiro_2012,enhanced_plus_ring2,236,2026091236,166,84,4506
isiro_2012,enhanced_plus_ring2,237,2026091237,89,39,3848
isiro_2012,enhanced_plus_ring2,238,2026091238,102,45,4237
isiro_2012,enhanced_plus_ring2,239,2026091239,143,67,5103
isiro_2012,enhanced_plus_ring2,240,2026091240,96,38,3758
isiro_2012,enhanced_plus_ring2,241,2026091241,124,66,4385
isiro_2012,enhanced_plus_ring2,242,2026091242,128,50,5948
isiro_2012,enhanced_plus_ring2,243,2026091243,124,46,5484
isiro_2012,enhanced_plus_ring2,244,2026091244,110,46,4569
isiro_2012,enhanced_plus_ring2,245,2026091245,115,47,3859
isiro_2012,enhanced_plus_ring2,246,2026091246,126,63,6458
isiro_2012,enhanced_plus_ring2,247,2026091247,100,45,4066
isiro_2012,enhanced_plus_ring2,248,2026091248,95,39,4675
isiro_2012,enhanced_plus_ring2,249,2026091249,92,39,3502
isiro_2012,enhanced_plus_ring2,250,2026091250,97,41,4660
isiro_2012,enhanced_plus_ring2,251,2026091251,154,79,5000
isiro_2012,enhanced_plus_ring2,252,2026091252,108,46,3693
isiro_2012,enhanced_plus_ring2,253,2026091253,102,46,4934
isiro_2012,enhanced_plus_ring2,254,2026091254,143,65,5492
isiro_2012,enhanced_plus_ring2,255,2026091255,116,55,5806
isiro_2012,enhanced_plus_ring2,256,2026091256,79,43,3352
isiro_2012,enhanced_plus_ring2,257,2026091257,127,55,4149
isiro_2012,enhanced_plus_ring2,258,2026091258,107,43,5068
isiro_2012,enhanced_plus_ring2,259,2026091259,69,23,3009
isiro_2012,enhanced_plus_ring2,260,2026091260,134,59,5388
isiro_2012,enhanced_plus_ring2,261,2026091261,87,36,4784
isiro_2012,enhanced_plus_ring2,262,2026091262,127,57,4136
isiro_2012,enhanced_plus_ring2,263,2026091263,105,52,3963
isiro_2012,enhanced_plus_ring2,264,2026091264,95,36,2777
isiro_2012,enhanced_plus_ring2,265,2026091265,91,36,3852
isiro_2012,enhanced_plus_ring2,266,2026091266,96,41,4012
isiro_2012,enhanced_plus_ring2,267,2026091267,104,56,2815
isiro_2012,enhanced_plus_ring2,268,2026091268,123,47,5263
isiro_2012,enhanced_plus_ring2,269,2026091269,106,51,4049
isiro_2012,enhanced_plus_ring2,270,2026091270,108,46,3688
isiro_2012,enhanced_plus_ring2,271,2026091271,118,44,4072
isiro_2012,enhanced_plus_ring2,272,2026091272,146,58,5962
isiro_2012,enhanced_plus_ring2,273,2026091273,101,41,4519
isiro_2012,enhanced_plus_ring2,274,2026091274,113,52,3643
isiro_2012,enhanced_plus_ring2,275,2026091275,100,35,4019
isiro_2012,enhanced_plus_ring2,276,2026091276,147,63,4957
isiro_2012,enhanced_plus_ring2,277,2026091277,89,33,5027
isiro_2012,enhanced_plus_ring2,278,2026091278,127,56,4696
isiro_2012,enhanced_plus_ring2,279,2026091279,91,39,5015
isiro_2012,enhanced_plus_ring2,280,2026091280,118,45,5319
isiro_2012,enhanced_plus_ring2,281,2026091281,98,38,4247
isiro_2012,enhanced_plus_ring2,282,2026091282,129,53,4272
isiro_2012,enhanced_plus_ring2,283,2026091283,117,52,5614
isiro_2012,enhanced_plus_ring2,284,2026091284,119,52,5582
isiro_2012,enhanced_plus_ring2,285,2026091285,104,48,3563
isiro_2012,enhanced_plus_ring2,286,2026091286,126,47,4609
isiro_2012,enhanced_plus_ring2,287,2026091287,96,51,3006
isiro_2012,enhanced_plus_ring2,288,2026091288,140,56,5888
isiro_2012,enhanced_plus_ring2,289,2026091289,111,58,5062
isiro_2012,enhanced_plus_ring2,290,2026091290,75,40,2965
isiro_2012,enhanced_plus_ring2,291,2026091291,124,53,4734
isiro_2012,enhanced_plus_ring2,292,2026091292,88,42,1645
isiro_2012,enhanced_plus_ring2,293,2026091293,106,45,5087
isiro_2012,enhanced_plus_ring2,294,2026091294,105,42,4041
isiro_2012,enhanced_plus_ring2,295,2026091295,115,50,5036
isiro_2012,enhanced_plus_ring2,296,2026091296,96,37,3640
isiro_2012,enhanced_plus_ring2,297,2026091297,109,50,4503
isiro_2012,enhanced_plus_ring2,298,2026091298,101,44,2984
isiro_2012,enhanced_plus_ring2,299,2026091299,137,62,4266
isiro_2012,enhanced_plus_ring2,300,2026091300,96,42,5161
isiro_2012,enhanced_plus_ring2,301,2026091301,119,55,5276
isiro_2012,enhanced_plus_ring2,302,2026091302,71,27,4030
isiro_2012,enhanced_plus_ring2,303,2026091303,89,49,2971
isiro_2012,enhanced_plus_ring2,304,2026091304,132,56,4148
isiro_2012,enhanced_plus_ring2,305,2026091305,137,65,5397
isiro_2012,enhanced_plus_ring2,306,2026091306,106,49,3597
isiro_2012,enhanced_plus_ring2,307,2026091307,122,47,3867
isiro_2012,enhanced_plus_ring2,308,2026091308,88,37,2263
isiro_2012,enhanced_plus_ring2,309,2026091309,95,40,4952
isiro_2012,enhanced_plus_ring2,310,2026091310,81,33,4107
isiro_2012,enhanced_plus_ring2,311,2026091311,135,55,4815
isiro_2012,enhanced_plus_ring2,312,2026091312,130,61,4644
isiro_2012,enhanced_plus_ring2,313,2026091313,143,70,5733
isiro_2012,enhanced_plus_ring2,314,2026091314,100,42,5458
isiro_2012,enhanced_plus_ring2,315,2026091315,101,46,4938
isiro_2012,enhanced_plus_ring2,316,2026091316,96,47,3487
isiro_2012,enhanced_plus_ring2,317,2026091317,144,66,4370
isiro_2012,enhanced_plus_ring2,318,2026091318,133,59,4844
isiro_2012,enhanced_plus_ring2,319,2026091319,108,48,4605
isiro_2012,enhanced_plus_ring2,320,2026091320,130,51,4050
isiro_2012,enhanced_plus_ring2,321,2026091321,86,38,5310
isiro_2012,enhanced_plus_ring2,322,2026091322,87,34,4930
isiro_2012,enhanced_plus_ring2,323,2026091323,95,41,3106
isiro_2012,enhanced_plus_ring2,324,2026091324,92,39,5218
isiro_2012,enhanced_plus_ring2,325,2026091325,98,43,3937
isiro_2012,enhanced_plus_ring2,326,2026091326,90,44,4616
isiro_2012,enhanced_plus_ring2,327,2026091327,105,41,4223
isiro_2012,enhanced_plus_ring2,328,2026091328,121,55,4509
isiro_2012,enhanced_plus_ring2,329,2026091329,91,40,5016
isiro_2012,enhanced_plus_ring2,330,2026091330,114,53,3296
isiro_2012,enhanced_plus_ring2,331,2026091331,80,39,4085
isiro_2012,enhanced_plus_ring2,332,2026091332,99,45,3366
isiro_2012,enhanced_plus_ring2,333,2026091333,105,41,5095
isiro_2012,enhanced_plus_ring2,334,2026091334,93,40,4932
isiro_2012,enhanced_plus_ring2,335,2026091335,109,42,4084
isiro_2012,enhanced_plus_ring2,336,2026091336,120,49,4280
isiro_2012,enhanced_plus_ring2,337,2026091337,96,46,3694
isiro_2012,enhanced_plus_ring2,338,2026091338,86,33,2035
isiro_2012,enhanced_plus_ring2,339,2026091339,118,54,4488
isiro_2012,enhanced_plus_ring2,340,2026091340,106,49,4584
isiro_2012,enhanced_plus_ring2,341,2026091341,131,60,5183
isiro_2012,enhanced_plus_ring2,342,2026091342,81,39,3705
isiro_2012,enhanced_plus_ring2,343,2026091343,81,28,2214
isiro_2012,enhanced_plus_ring2,344,2026091344,120,52,4333
isiro_2012,enhanced_plus_ring2,345,2026091345,118,51,5808
isiro_2012,enhanced_plus_ring2,346,2026091346,104,42,4823
isiro_2012,enhanced_plus_ring2,347,2026091347,60,30,3696
isiro_2012,enhanced_plus_ring2,348,2026091348,99,37,5149
isiro_2012,enhanced_plus_ring2,349,2026091349,113,46,3771
isiro_2012,enhanced_plus_ring2,350,2026091350,114,46,4673
isiro_2012,enhanced_plus_ring2,351,2026091351,83,44,4008
isiro_2012,enhanced_plus_ring2,352,2026091352,93,39,3709
isiro_2012,enhanced_plus_ring2,353,2026091353,122,62,4138
isiro_2012,enhanced_plus_ring2,354,2026091354,105,56,3494
isiro_2012,enhanced_plus_ring2,355,2026091355,112,46,4590
isiro_2012,enhanced_plus_ring2,356,2026091356,103,47,3640
isiro_2012,enhanced_plus_ring2,357,2026091357,92,38,4503
isiro_2012,enhanced_plus_ring2,358,2026091358,111,45,4088
isiro_2012,enhanced_plus_ring2,359,2026091359,116,49,3681
isiro_2012,enhanced_plus_ring2,360,2026091360,102,39,3594
isiro_2012,enhanced_plus_ring2,361,2026091361,105,52,4265
isiro_2012,enhanced_plus_ring2,362,2026091362,87,19,3163
isiro_2012,enhanced_plus_ring2,363,2026091363,90,41,3002
isiro_2012,enhanced_plus_ring2,364,2026091364,127,48,5058
isiro_2012,enhanced_plus_ring2,365,2026091365,88,44,3103
isiro_2012,enhanced_plus_ring2,366,2026091366,95,33,4039
isiro_2012,enhanced_plus_ring2,367,2026091367,129,55,5436
isiro_2012,enhanced_plus_ring2,368,2026091368,110,45,4397
isiro_2012,enhanced_plus_ring2,369,2026091369,133,63,4061
isiro_2012,enhanced_plus_ring2,370,2026091370,124,59,6128
isiro_2012,enhanced_plus_ring2,371,2026091371,125,51,5246
isiro_2012,enhanced_plus_ring2,372,2026091372,109,45,4877
isiro_2012,enhanced_plus_ring2,373,2026091373,85,30,4504
isiro_2012,enhanced_plus_ring2,374,2026091374,118,46,4741
isiro_2012,enhanced_plus_ring2,375,2026091375,77,42,4172
isiro_2012,enhanced_plus_ring2,376,2026091376,95,39,4181
isiro_2012,enhanced_plus_ring2,377,2026091377,103,46,3795
isiro_2012,enhanced_plus_ring2,378,2026091378,101,44,4150
isiro_2012,enhanced_plus_ring2,379,2026091379,93,49,4369
isiro_2012,enhanced_plus_ring2,380,2026091380,139,51,3268
isiro_2012,enhanced_plus_ring2,381,2026091381,109,41,3735
isiro_2012,enhanced_plus_ring2,382,2026091382,90,41,3335
isiro_2012,enhanced_plus_ring2,383,2026091383,82,38,3193
isiro_2012,enhanced_plus_ring2,384,2026091384,101,33,4036
isiro_2012,enhanced_plus_ring2,385,2026091385,95,37,3465
isiro_2012,enhanced_plus_ring2,386,2026091386,105,48,4552
isiro_2012,enhanced_plus_ring2,387,2026091387,93,32,5633
isiro_2012,enhanced_plus_ring2,388,2026091388,111,50,4676
isiro_2012,enhanced_plus_ring2,389,2026091389,89,38,2321
isiro_2012,enhanced_plus_ring2,390,2026091390,97,47,5437
isiro_2012,enhanced_plus_ring2,391,2026091391,91,38,3710
isiro_2012,enhanced_plus_ring2,392,2026091392,110,51,4238
isiro_2012,enhanced_plus_ring2,393,2026091393,114,44,4260
isiro_2012,enhanced_plus_ring2,394,2026091394,118,50,4670
isiro_2012,enhanced_plus_ring2,395,2026091395,156,68,5088
isiro_2012,enhanced_plus_ring2,396,2026091396,108,51,3403
isiro_2012,enhanced_plus_ring2,397,2026091397,135,62,5155
isiro_2012,enhanced_plus_ring2,398,2026091398,148,59,5229
isiro_2012,enhanced_plus_ring2,399,2026091399,104,40,4509
isiro_2012,enhanced_plus_ring2,400,2026091400,88,42,4221
isiro_2012,enhanced_plus_ring2,401,2026091401,95,45,4625
isiro_2012,enhanced_plus_ring2,402,2026091402,134,61,3752
isiro_2012,enhanced_plus_ring2,403,2026091403,120,59,5530
isiro_2012,enhanced_plus_ring2,404,2026091404,125,56,5248
isiro_2012,enhanced_plus_ring2,405,2026091405,106,43,4020
isiro_2012,enhanced_plus_ring2,406,2026091406,102,48,3937
isiro_2012,enhanced_plus_ring2,407,2026091407,90,42,4298
isiro_2012,enhanced_plus_ring2,408,2026091408,110,56,4422
isiro_2012,enhanced_plus_ring2,409,2026091409,127,56,5641
isiro_2012,enhanced_plus_ring2,410,2026091410,95,39,2757
isiro_2012,enhanced_plus_ring2,411,2026091411,105,36,4675
isiro_2012,enhanced_plus_ring2,412,2026091412,115,40,4029
isiro_2012,enhanced_plus_ring2,413,2026091413,96,41,3440
isiro_2012,enhanced_plus_ring2,414,2026091414,128,56,4121
isiro_2012,enhanced_plus_ring2,415,2026091415,112,53,3122
isiro_2012,enhanced_plus_ring2,416,2026091416,96,41,3248
isiro_2012,enhanced_plus_ring2,417,2026091417,92,45,4669
isiro_2012,enhanced_plus_ring2,418,2026091418,113,49,4501
isiro_2012,enhanced_plus_ring2,419,2026091419,88,46,3908
isiro_2012,enhanced_plus_ring2,420,2026091420,129,59,4512
isiro_2012,enhanced_plus_ring2,421,2026091421,121,51,3932
isiro_2012,enhanced_plus_ring2,422,2026091422,100,31,4143
isiro_2012,enhanced_plus_ring2,423,2026091423,107,54,4473
isiro_2012,enhanced_plus_ring2,424,2026091424,104,43,4564
isiro_2012,enhanced_plus_ring2,425,2026091425,104,48,2844
isiro_2012,enhanced_plus_ring2,426,2026091426,106,49,3637
isiro_2012,enhanced_plus_ring2,427,2026091427,127,55,4385
isiro_2012,enhanced_plus_ring2,428,2026091428,82,32,3884
isiro_2012,enhanced_plus_ring2,429,2026091429,118,55,5719
isiro_2012,enhanced_plus_ring2,430,2026091430,84,32,3713
isiro_2012,enhanced_plus_ring2,431,2026091431,112,47,4479
isiro_2012,enhanced_plus_ring2,432,2026091432,84,35,4071
isiro_2012,enhanced_plus_ring2,433,2026091433,122,39,4717
isiro_2012,enhanced_plus_ring2,434,2026091434,118,52,4572
isiro_2012,enhanced_plus_ring2,435,2026091435,83,43,3184
isiro_2012,enhanced_plus_ring2,436,2026091436,111,59,4841
isiro_2012,enhanced_plus_ring2,437,2026091437,78,35,2560
isiro_2012,enhanced_plus_ring2,438,2026091438,107,41,5845
isiro_2012,enhanced_plus_ring2,439,2026091439,102,48,5416
isiro_2012,enhanced_plus_ring2,440,2026091440,106,50,3948
isiro_2012,enhanced_plus_ring2,441,2026091441,118,51,5265
isiro_2012,enhanced_plus_ring2,442,2026091442,79,39,3171
isiro_2012,enhanced_plus_ring2,443,2026091443,86,40,3283
isiro_2012,enhanced_plus_ring2,444,2026091444,121,63,4102
isiro_2012,enhanced_plus_ring2,445,2026091445,94,46,3720
isiro_2012,enhanced_plus_ring2,446,2026091446,122,52,4250
isiro_2012,enhanced_plus_ring2,447,2026091447,117,40,4919
isiro_2012,enhanced_plus_ring2,448,2026091448,96,46,4875
isiro_2012,enhanced_plus_ring2,449,2026091449,86,36,3939
isiro_2012,enhanced_plus_ring2,450,2026091450,106,47,2425
isiro_2012,enhanced_plus_ring2,451,2026091451,94,46,4249
isiro_2012,enhanced_plus_ring2,452,2026091452,85,38,4331
isiro_2012,enhanced_plus_ring2,453,2026091453,92,39,5144
isiro_2012,enhanced_plus_ring2,454,2026091454,131,54,5252
isiro_2012,enhanced_plus_ring2,455,2026091455,159,72,4496
isiro_2012,enhanced_plus_ring2,456,2026091456,111,41,3869
isiro_2012,enhanced_plus_ring2,457,2026091457,123,59,4720
isiro_2012,enhanced_plus_ring2,458,2026091458,102,45,4147
isiro_2012,enhanced_plus_ring2,459,2026091459,87,37,3878
isiro_2012,enhanced_plus_ring2,460,2026091460,95,44,3128
isiro_2012,enhanced_plus_ring2,461,2026091461,140,63,5644
isiro_2012,enhanced_plus_ring2,462,2026091462,112,52,5019
isiro_2012,enhanced_plus_ring2,463,2026091463,93,28,3172
isiro_2012,enhanced_plus_ring2,464,2026091464,143,62,5050
isiro_2012,enhanced_plus_ring2,465,2026091465,106,44,4623
isiro_2012,enhanced_plus_ring2,466,2026091466,76,39,2044
isiro_2012,enhanced_plus_ring2,467,2026091467,123,62,4066
isiro_2012,enhanced_plus_ring2,468,2026091468,85,36,3758
isiro_2012,enhanced_plus_ring2,469,2026091469,98,42,2239
isiro_2012,enhanced_plus_ring2,470,2026091470,118,44,5406
isiro_2012,enhanced_plus_ring2,471,2026091471,97,40,3693
isiro_2012,enhanced_plus_ring2,472,2026091472,89,36,3883
isiro_2012,enhanced_plus_ring2,473,2026091473,108,42,2956
isiro_2012,enhanced_plus_ring2,474,2026091474,103,43,3783
isiro_2012,enhanced_plus_ring2,475,2026091475,137,56,5541
isiro_2012,enhanced_plus_ring2,476,2026091476,92,38,2899
isiro_2012,enhanced_plus_ring2,477,2026091477,98,46,2513
isiro_2012,enhanced_plus_ring2,478,2026091478,123,48,4805
isiro_2012,enhanced_plus_ring2,479,2026091479,131,53,6064
isiro_2012,enhanced_plus_ring2,480,2026091480,115,47,5387
isiro_2012,enhanced_plus_ring2,481,2026091481,106,51,5328
isiro_2012,enhanced_plus_ring2,482,2026091482,95,45,4759
isiro_2012,enhanced_plus_ring2,483,2026091483,127,47,4350
isiro_2012,enhanced_plus_ring2,484,2026091484,108,42,3202
isiro_2012,enhanced_plus_ring2,485,2026091485,103,42,3583
isiro_2012,enhanced_plus_ring2,486,2026091486,112,47,5583
isiro_2012,enhanced_plus_ring2,487,2026091487,106,52,3699
isiro_2012,enhanced_plus_ring2,488,2026091488,98,44,3023
isiro_2012,enhanced_plus_ring2,489,2026091489,119,45,4790
isiro_2012,enhanced_plus_ring2,490,2026091490,111,52,3764
isiro_2012,enhanced_plus_ring2,491,2026091491,122,58,4550
isiro_2012,enhanced_plus_ring2,492,2026091492,101,48,5799
isiro_2012,enhanced_plus_ring2,493,2026091493,123,63,4981
isiro_2012,enhanced_plus_ring2,494,2026091494,103,44,3539
isiro_2012,enhanced_plus_ring2,495,2026091495,130,55,5357
isiro_2012,enhanced_plus_ring2,496,2026091496,143,62,5535
isiro_2012,enhanced_plus_ring2,497,2026091497,79,35,3467
isiro_2012,enhanced_plus_ring2,498,2026091498,125,44,5029
isiro_2012,enhanced_plus_ring2,499,2026091499,113,51,5101
isiro_2012,enhanced_plus_ring2,500,2026091500,104,36,3642
isiro_2012,enhanced_plus_ring2,501,2026091501,116,59,5591
isiro_2012,enhanced_plus_ring2,502,2026091502,121,61,3218
isiro_2012,enhanced_plus_ring2,503,2026091503,119,48,4470
isiro_2012,enhanced_plus_ring2,504,2026091504,94,38,4001
isiro_2012,enhanced_plus_ring2,505,2026091505,103,40,4506
isiro_2012,enhanced_plus_ring2,506,2026091506,87,32,5109
isiro_2012,enhanced_plus_ring2,507,2026091507,64,22,2170
isiro_2012,enhanced_plus_ring2,508,2026091508,124,57,4630
isiro_2012,enhanced_plus_ring2,509,2026091509,131,55,5042
isiro_2012,enhanced_plus_ring2,510,2026091510,72,28,3202
isiro_2012,enhanced_plus_ring2,511,2026091511,93,45,5065
isiro_2012,enhanced_plus_ring2,512,2026091512,88,41,3842
isiro_2012,enhanced_plus_ring2,513,2026091513,125,54,5602
isiro_2012,enhanced_plus_ring2,514,2026091514,82,34,5273
isiro_2012,enhanced_plus_ring2,515,2026091515,142,58,4947
isiro_2012,enhanced_plus_ring2,516,2026091516,129,64,4707
isiro_2012,enhanced_plus_ring2,517,2026091517,70,28,3308
isiro_2012,enhanced_plus_ring2,518,2026091518,110,52,3849
isiro_2012,enhanced_plus_ring2,519,2026091519,141,59,4114
isiro_2012,enhanced_plus_ring2,520,2026091520,82,32,4313
isiro_2012,enhanced_plus_ring2,521,2026091521,102,45,4929
isiro_2012,enhanced_plus_ring2,522,2026091522,102,46,5697
isiro_2012,enhanced_plus_ring2,523,2026091523,113,54,4456
isiro_2012,enhanced_plus_ring2,524,2026091524,129,58,6285
isiro_2012,enhanced_plus_ring2,525,2026091525,118,52,2909
isiro_2012,enhanced_plus_ring2,526,2026091526,114,49,3947
isiro_2012,enhanced_plus_ring2,527,2026091527,102,57,4642
isiro_2012,enhanced_plus_ring2,528,2026091528,99,32,3480
isiro_2012,enhanced_plus_ring2,529,2026091529,127,55,4473
isiro_2012,enhanced_plus_ring2,530,2026091530,109,51,4581
isiro_2012,enhanced_plus_ring2,531,2026091531,92,42,2874
isiro_2012,enhanced_plus_ring2,532,2026091532,96,45,2718
isiro_2012,enhanced_plus_ring2,533,2026091533,96,38,5307
isiro_2012,enhanced_plus_ring2,534,2026091534,108,45,4765
isiro_2012,enhanced_plus_ring2,535,2026091535,97,36,4166
isiro_2012,enhanced_plus_ring2,536,2026091536,85,38,2967
isiro_2012,enhanced_plus_ring2,537,2026091537,79,37,3587
isiro_2012,enhanced_plus_ring2,538,2026091538,141,66,4369
isiro_2012,enhanced_plus_ring2,539,2026091539,100,42,5197
isiro_2012,enhanced_plus_ring2,540,2026091540,113,49,5643
isiro_2012,enhanced_plus_ring2,541,2026091541,91,40,3242
isiro_2012,enhanced_plus_ring2,542,2026091542,107,44,4299
isiro_2012,enhanced_plus_ring2,543,2026091543,106,43,3900
isiro_2012,enhanced_plus_ring2,544,2026091544,133,58,4332
isiro_2012,enhanced_plus_ring2,545,2026091545,140,72,5562
isiro_2012,enhanced_plus_ring2,546,2026091546,112,46,5037
isiro_2012,enhanced_plus_ring2,547,2026091547,82,43,5220
isiro_2012,enhanced_plus_ring2,548,2026091548,96,37,2887
isiro_2012,enhanced_plus_ring2,549,2026091549,114,57,4244
isiro_2012,enhanced_plus_ring2,550,2026091550,119,47,3778
isiro_2012,enhanced_plus_ring2,551,2026091551,109,59,4024
isiro_2012,enhanced_plus_ring2,552,2026091552,56,29,2459
isiro_2012,enhanced_plus_ring2,553,2026091553,102,42,3044
isiro_2012,enhanced_plus_ring2,554,2026091554,124,49,5025
isiro_2012,enhanced_plus_ring2,555,2026091555,139,71,5816
isiro_2012,enhanced_plus_ring2,556,2026091556,107,34,3564
isiro_2012,enhanced_plus_ring2,557,2026091557,178,89,5759
isiro_2012,enhanced_plus_ring2,558,2026091558,94,50,4677
isiro_2012,enhanced_plus_ring2,559,2026091559,117,54,3447
isiro_2012,enhanced_plus_ring2,560,2026091560,86,35,4287
isiro_2012,enhanced_plus_ring2,561,2026091561,132,49,5621
isiro_2012,enhanced_plus_ring2,562,2026091562,91,42,3551
isiro_2012,enhanced_plus_ring2,563,2026091563,95,42,2374
isiro_2012,enhanced_plus_ring2,564,2026091564,99,38,1979
isiro_2012,enhanced_plus_ring2,565,2026091565,99,38,4455
isiro_2012,enhanced_plus_ring2,566,2026091566,90,38,4118
isiro_2012,enhanced_plus_ring2,567,2026091567,101,48,3955
isiro_2012,enhanced_plus_ring2,568,2026091568,96,35,4901
isiro_2012,enhanced_plus_ring2,569,2026091569,87,38,4218
isiro_2012,enhanced_plus_ring2,570,2026091570,94,35,4189
isiro_2012,enhanced_plus_ring2,571,2026091571,114,63,4196
isiro_2012,enhanced_plus_ring2,572,2026091572,97,45,3061
isiro_2012,enhanced_plus_ring2,573,2026091573,133,53,5650
isiro_2012,enhanced_plus_ring2,574,2026091574,131,53,5342
isiro_2012,enhanced_plus_ring2,575,2026091575,96,45,3214
isiro_2012,enhanced_plus_ring2,576,2026091576,73,29,3778
isiro_2012,enhanced_plus_ring2,577,2026091577,112,56,4560
isiro_2012,enhanced_plus_ring2,578,2026091578,121,43,5410
isiro_2012,enhanced_plus_ring2,579,2026091579,118,52,4671
isiro_2012,enhanced_plus_ring2,580,2026091580,78,32,3321
isiro_2012,enhanced_plus_ring2,581,2026091581,90,46,3865
isiro_2012,enhanced_plus_ring2,582,2026091582,85,38,3370
isiro_2012,enhanced_plus_ring2,583,2026091583,108,48,6149
isiro_2012,enhanced_plus_ring2,584,2026091584,84,40,3749
isiro_2012,enhanced_plus_ring2,585,2026091585,110,49,4038
isiro_2012,enhanced_plus_ring2,586,2026091586,92,49,3407
isiro_2012,enhanced_plus_ring2,587,2026091587,113,43,5321
isiro_2012,enhanced_plus_ring2,588,2026091588,108,41,3245
isiro_2012,enhanced_plus_ring2,589,2026091589,107,32,5012
isiro_2012,enhanced_plus_ring2,590,2026091590,95,39,4432
isiro_2012,enhanced_plus_ring2,591,2026091591,131,49,5500
isiro_2012,enhanced_plus_ring2,592,2026091592,114,48,5097
isiro_2012,enhanced_plus_ring2,593,2026091593,111,37,4035
isiro_2012,enhanced_plus_ring2,594,2026091594,101,43,3371
isiro_2012,enhanced_plus_ring2,595,2026091595,143,61,5288
isiro_2012,enhanced_plus_ring2,596,2026091596,91,39,2629
isiro_2012,enhanced_plus_ring2,597,2026091597,102,45,3996
isiro_2012,enhanced_plus_ring2,598,2026091598,90,46,3292
isiro_2012,enhanced_plus_ring2,599,2026091599,110,47,3922
isiro_2012,enhanced_plus_ring2,600,2026091600,106,42,3088
isiro_2012,enhanced_plus_ring2,601,2026091601,103,45,4501
isiro_2012,enhanced_plus_ring2,602,2026091602,91,37,3516
isiro_2012,enhanced_plus_ring2,603,2026091603,96,43,3628
isiro_2012,enhanced_plus_ring2,604,2026091604,136,59,6383
isiro_2012,enhanced_plus_ring2,605,2026091605,126,54,5361
isiro_2012,enhanced_plus_ring2,606,2026091606,85,28,4113
isiro_2012,enhanced_plus_ring2,607,2026091607,96,49,4786
isiro_2012,enhanced_plus_ring2,608,2026091608,89,40,5764
isiro_2012,enhanced_plus_ring2,609,2026091609,121,38,5106
isiro_2012,enhanced_plus_ring2,610,2026091610,105,48,4139
isiro_2012,enhanced_plus_ring2,611,2026091611,144,60,6001
isiro_2012,enhanced_plus_ring2,612,2026091612,131,56,3895
isiro_2012,enhanced_plus_ring2,613,2026091613,129,58,3588
isiro_2012,enhanced_plus_ring2,614,2026091614,138,63,4431
isiro_2012,enhanced_plus_ring2,615,2026091615,118,50,3520
isiro_2012,enhanced_plus_ring2,616,2026091616,60,25,1344
isiro_2012,enhanced_plus_ring2,617,2026091617,101,41,4154
isiro_2012,enhanced_plus_ring2,618,2026091618,100,54,3139
isiro_2012,enhanced_plus_ring2,619,2026091619,113,51,3285
isiro_2012,enhanced_plus_ring2,620,2026091620,147,58,5409
isiro_2012,enhanced_plus_ring2,621,2026091621,88,45,2786
isiro_2012,enhanced_plus_ring2,622,2026091622,124,48,4316
isiro_2012,enhanced_plus_ring2,623,2026091623,124,51,5172
isiro_2012,enhanced_plus_ring2,624,2026091624,101,35,3905
