setting,strategy,replicate,seed,cases,deaths,doses
bundibugyo_2007,base_ops,0,2026081000,9841,4395,0
bundibugyo_2007,base_ops,1,2026081001,9989,4494,0
bundibugyo_2007,base_ops,2,2026081002,9974,4539,0
bundibugyo_2007,base_ops,3,2026081003,9987,4485,0
bundibugyo_2007,base_ops,4,2026081004,9991,4495,0
bundibugyo_2007,base_ops,5,2026081005,9982,4573,0
bundibugyo_2007,base_ops,6,2026081006,9981,4515,0
bundibugyo_2007,base_ops,7,2026081007,9975,4521,0
bundibugyo_2007,base_ops,8,2026081008,9928,4471,0
bundibugyo_2007,base_ops,9,2026081009,10000,4512,0
bundibugyo_2007,base_ops,10,2026081010,9987,4525,0
bundibugyo_2007,base_ops,11,2026081011,9966,4532,0
bundibugyo_2007,base_ops,12,2026081012,9779,4530,0
bundibugyo_2007,base_ops,13,2026081013,9764,4506,0
bundibugyo_2007,base_ops,14,2026081014,9991,4597,0
bundibugyo_2007,base_ops,15,2026081015,9989,4583,0
bundibugyo_2007,base_ops,16,2026081016,9995,4537,0
bundibugyo_2007,base_ops,17,2026081017,9987,4690,0
bundibugyo_2007,base_ops,18,2026081018,9981,4558,0
bundibugyo_2007,base_ops,19,2026081019,9986,4501,0
bundibugyo_2007,base_ops,20,2026081020,9995,4556,0
bundibugyo_2007,base_ops,21,2026081021,9982,4460,0
bundibugyo_2007,base_ops,22,2026081022,9992,4669,0
bundibugyo_2007,base_ops,23,2026081023,9993,4509,0
bundibugyo_2007,base_ops,24,2026081024,9996,4542,0
bundibugyo_2007,base_ops,25,2026081025,9981,4559,0
bundibugyo_2007,base_ops,26,2026081026,9870,4498,0
bundibugyo_2007,base_ops,27,2026081027,9983,4493,0
bundibugyo_2007,base_ops,28,2026081028,9978,4529,0
bundibugyo_2007,base_ops,29,2026081029,9983,4538,0
bundibugyo_2007,base_ops,30,2026081030,9986,4533,0
bundibugyo_2007,base_ops,31,2026081031,9978,4504,0
bundibugyo_2007,base_ops,32,2026081032,9919,4571,0
bundibugyo_2007,base_ops,33,2026081033,9988,4579,0
bundibugyo_2007,base_ops,34,2026081034,9994,4547,0
bundibugyo_2007,base_ops,35,2026081035,9978,4493,0
bundibugyo_2007,base_ops,36,2026081036,9612,4361,0
bundibugyo_2007,base_ops,37,2026081037,9990,4567,0
bundibugyo_2007,base_ops,38,2026081038,9922,4538,0
bundibugyo_2007,base_ops,39,2026081039,9998,4534,0
bundibugyo_2007,base_ops,40,2026081040,9972,4533,0
bundibugyo_2007,base_ops,41,2026081041,9430,4302,0
bundibugyo_2007,base_ops,42,2026081042,9989,4570,0
bundibugyo_2007,base_ops,43,2026081043,9992,4572,0
bundibugyo_2007,base_ops,44,2026081044,9966,4498,0
bundibugyo_2007,base_ops,45,2026081045,9995,4676,0
bundibugyo_2007,base_ops,46,2026081046,9986,4536,0
bundibugyo_2007,base_ops,47,2026081047,9921,4536,0
bundibugyo_2007,base_ops,48,2026081048,9947,4546,0
bundibugyo_2007,base_ops,49,2026081049,9983,4487,0
bundibugyo_2007,base_ops,50,2026081050,9939,4526,0
bundibugyo_2007,base_ops,51,2026081051,9980,4563,0
bundibugyo_2007,base_ops,52,2026081052,9965,4463,0
bundibugyo_2007,base_ops,53,2026081053,9964,4525,0
bundibugyo_2007,base_ops,54,2026081054,9984,4616,0
bundibugyo_2007,base_ops,55,2026081055,9989,4520,0
bundibugyo_2007,base_ops,56,2026081056,9920,4557,0
bundibugyo_2007,base_ops,57,2026081057,9990,4578,0
bundibugyo_2007,base_ops,58,2026081058,9992,4478,0
bundibugyo_2007,base_ops,59,2026081059,9969,4503,0
bundibugyo_2007,base_ops,60,2026081060,9960,4550,0
bundibugyo_2007,base_ops,61,2026081061,9814,4435,0
bundibugyo_2007,base_ops,62,2026081062,9972,4564,0
bundibugyo_2007,base_ops,63,2026081063,9961,4502,0
bundibugyo_2007,base_ops,64,2026081064,9977,4567,0
bundibugyo_2007,base_ops,65,2026081065,9980,4504,0
bundibugyo_2007,base_ops,66,2026081066,9978,4448,0
bundibugyo_2007,base_ops,67,2026081067,9910,4417,0
bundibugyo_2007,base_ops,68,2026081068,9969,4479,0
bundibugyo_2007,base_ops,69,2026081069,9989,4508,0
bundibugyo_2007,base_ops,70,2026081070,9986,4538,0
bundibugyo_2007,base_ops,71,2026081071,9990,4573,0
bundibugyo_2007,base_ops,72,2026081072,9961,4538,0
bundibugyo_2007,base_ops,73,2026081073,9992,4628,0
bundibugyo_2007,base_ops,74,2026081074,9991,4577,0
bundibugyo_2007,base_ops,75,2026081075,9977,4537,0
bundibugyo_2007,base_ops,76,2026081076,9985,4496,0
bundibugyo_2007,base_ops,77,2026081077,9883,4435,0
bundibugyo_2007,base_ops,78,2026081078,9995,4589,0
bundibugyo_2007,base_ops,79,2026081079,9991,4537,0
bundibugyo_2007,base_ops,80,2026081080,9970,4575,0
bundibugyo_2007,base_ops,81,2026081081,9524,4251,0
bundibugyo_2007,base_ops,82,2026081082,9984,4592,0
bundibugyo_2007,base_ops,83,2026081083,9879,4427,0
bundibugyo_2007,base_ops,84,2026081084,9991,4556,0
bundibugyo_2007,base_ops,85,2026081085,9986,4586,0
bundibugyo_2007,base_ops,86,2026081086,9994,4474,0
bundibugyo_2007,base_ops,87,2026081087,9986,4509,0
bundibugyo_2007,base_ops,88,2026081088,9988,4526,0
bundibugyo_2007,base_ops,89,2026081089,9989,4568,0
bundibugyo_2007,base_ops,90,2026081090,9993,4487,0
bundibugyo_2007,base_ops,91,2026081091,9997,4500,0
bundibugyo_2007,base_ops,92,2026081092,9974,4472,0
bundibugyo_2007,base_ops,93,2026081093,9977,4530,0
bundibugyo_2007,base_ops,94,2026081094,9981,4500,0
bundibugyo_2007,base_ops,95,2026081095,9988,4525,0
bundibugyo_2007,base_ops,96,2026081096,9995,4525,0
bundibugyo_2007,base_ops,97,2026081097,9989,4571,0
bundibugyo_2007,base_ops,98,2026081098,9977,4488,0
bundibugyo_2007,base_ops,99,2026081099,9975,4490,0
bundibugyo_2007,base_ops,100,2026081100,9739,4435,0
bundibugyo_2007,base_ops,101,2026081101,9973,4493,0
bundibugyo_2007,base_ops,102,2026081102,9860,4485,0
bundibugyo_2007,base_ops,103,2026081103,9971,4434,0
bundibugyo_2007,base_ops,104,2026081104,9983,4645,0
bundibugyo_2007,base_ops,105,2026081105,9987,4529,0
bundibugyo_2007,base_ops,106,2026081106,9989,4593,0
bundibugyo_2007,base_ops,107,2026081107,9994,4615,0
bundibugyo_2007,base_ops,108,2026081108,9989,4536,0
bundibugyo_2007,base_ops,109,2026081109,9993,4631,0
bundibugyo_2007,base_ops,110,2026081110,9979,4538,0
bundibugyo_2007,base_ops,111,2026081111,9845,4337,0
bundibugyo_2007,base_ops,112,2026081112,9865,4459,0
bundibugyo_2007,base_ops,113,2026081113,9942,4448,0
bundibugyo_2007,base_ops,114,2026081114,9989,4523,0
bundibugyo_2007,base_ops,115,2026081115,9960,4529,0
bundibugyo_2007,base_ops,116,2026081116,9989,4478,0
bundibugyo_2007,base_ops,117,2026081117,9978,4520,0
bundibugyo_2007,base_ops,118,2026081118,9989,4471,0
bundibugyo_2007,base_ops,119,2026081119,9987,4501,0
bundibugyo_2007,base_ops,120,2026081120,9978,4548,0
bundibugyo_2007,base_ops,121,2026081121,9997,4541,0
bundibugyo_2007,base_ops,122,2026081122,9987,4414,0
bundibugyo_2007,base_ops,123,2026081123,8547,3948,0
bundibugyo_2007,base_ops,124,2026081124,9977,4446,0
bundibugyo_2007,base_ops,125,2026081125,9994,4519,0
bundibugyo_2007,base_ops,126,2026081126,9630,4462,0
bundibugyo_2007,base_ops,127,2026081127,9992,4487,0
bundibugyo_2007,base_ops,128,2026081128,9973,4582,0
bundibugyo_2007,base_ops,129,2026081129,9994,4486,0
bundibugyo_2007,base_ops,130,2026081130,9982,4481,0
bundibugyo_2007,base_ops,131,2026081131,9973,4481,0
bundibugyo_2007,base_ops,132,2026081132,9908,4566,0
bundibugyo_2007,base_ops,133,2026081133,9979,4497,0
bundibugyo_2007,base_ops,134,2026081134,9975,4495,0
bundibugyo_2007,base_ops,135,2026081135,9985,4547,0
bundibugyo_2007,base_ops,136,2026081136,9947,4448,0
bundibugyo_2007,base_ops,137,2026081137,9943,4492,0
bundibugyo_2007,base_ops,138,2026081138,9968,4527,0
bundibugyo_2007,base_ops,139,2026081139,9960,4544,0
bundibugyo_2007,base_ops,140,2026081140,9990,4569,0
bundibugyo_2007,base_ops,141,2026081141,9983,4489,0
bundibugyo_2007,base_ops,142,2026081142,9983,4575,0
bundibugyo_2007,base_ops,143,2026081143,9954,4557,0
bundibugyo_2007,base_ops,144,2026081144,9907,4526,0
bundibugyo_2007,base_ops,145,2026081145,9977,4655,0
bundibugyo_2007,base_ops,146,2026081146,9982,4450,0
bundibugyo_2007,base_ops,147,2026081147,9989,4539,0
bundibugyo_2007,base_ops,148,2026081148,9984,4451,0
bundibugyo_2007,base_ops,149,2026081149,9656,4357,0
bundibugyo_2007,base_ops,150,2026081150,9979,4499,0
bundibugyo_2007,base_ops,151,2026081151,9981,4558,0
bundibugyo_2007,base_ops,152,2026081152,9975,4484,0
bundibugyo_2007,base_ops,153,2026081153,9742,4431,0
bundibugyo_2007,base_ops,154,2026081154,9993,4483,0
bundibugyo_2007,base_ops,155,2026081155,9984,4463,0
bundibugyo_2007,base_ops,156,2026081156,9992,4571,0
bundibugyo_2007,base_ops,157,2026081157,9983,4684,0
bundibugyo_2007,base_ops,158,2026081158,9970,4601,0
bundibugyo_2007,base_ops,159,2026081159,9991,4612,0
bundibugyo_2007,base_ops,160,2026081160,9978,4501,0
bundibugyo_2007,base_ops,161,2026081161,9951,4605,0
bundibugyo_2007,base_ops,162,2026081162,9928,4508,0
bundibugyo_2007,base_ops,163,2026081163,9986,4591,0
bundibugyo_2007,base_ops,164,2026081164,9972,4495,0
bundibugyo_2007,base_ops,165,2026081165,9752,4409,0
bundibugyo_2007,base_ops,166,2026081166,9963,4496,0
bundibugyo_2007,base_ops,167,2026081167,9997,4595,0
bundibugyo_2007,base_ops,168,2026081168,9987,4471,0
bundibugyo_2007,base_ops,169,2026081169,9974,4513,0
bundibugyo_2007,base_ops,170,2026081170,9941,4472,0
bundibugyo_2007,base_ops,171,2026081171,9987,4503,0
bundibugyo_2007,base_ops,172,2026081172,9981,4629,0
bundibugyo_2007,base_ops,173,2026081173,9988,4612,0
bundibugyo_2007,base_ops,174,2026081174,9920,4468,0
bundibugyo_2007,base_ops,175,2026081175,9995,4566,0
bundibugyo_2007,base_ops,176,2026081176,9959,4535,0
bundibugyo_2007,base_ops,177,2026081177,9997,4609,0
bundibugyo_2007,base_ops,178,2026081178,9889,4527,0
bundibugyo_2007,base_ops,179,2026081179,9996,4477,0
bundibugyo_2007,base_ops,180,2026081180,9979,4613,0
bundibugyo_2007,base_ops,181,2026081181,9982,4495,0
bundibugyo_2007,base_ops,182,2026081182,9984,4480,0
bundibugyo_2007,base_ops,183,2026081183,9991,4551,0
bundibugyo_2007,base_ops,184,2026081184,9989,4473,0
bundibugyo_2007,base_ops,185,2026081185,9801,4463,0
bundibugyo_2007,base_ops,186,2026081186,9992,4470,0
bundibugyo_2007,base_ops,187,2026081187,9995,4641,0
bundibugyo_2007,base_ops,188,2026081188,9996,4502,0
bundibugyo_2007,base_ops,189,2026081189,9994,4489,0
bundibugyo_2007,base_ops,190,2026081190,9923,4445,0
bundibugyo_2007,base_ops,191,2026081191,9988,4588,0
bundibugyo_2007,base_ops,192,2026081192,9947,4473,0
bundibugyo_2007,base_ops,193,2026081193,9794,4386,0
bundibugyo_2007,base_ops,194,2026081194,9982,4622,0
bundibugyo_2007,base_ops,195,2026081195,9992,4505,0
bundibugyo_2007,base_ops,196,2026081196,9984,4490,0
bundibugyo_2007,base_ops,197,2026081197,9992,4552,0
bundibugyo_2007,base_ops,198,2026081198,9996,4482,0
bundibugyo_2007,base_ops,199,2026081199,9987,4602,0
bundibugyo_2007,base_ops,200,2026081200,9924,4509,0
bundibugyo_2007,base_ops,201,2026081201,9994,4539,0
bundibugyo_2007,base_ops,202,2026081202,9997,4507,0
bundibugyo_2007,base_ops,203,2026081203,9886,4567,0
bundibugyo_2007,base_ops,204,2026081204,9987,4604,0
bundibugyo_2007,base_ops,205,2026081205,9991,4626,0
bundibugyo_2007,base_ops,206,2026081206,9975,4483,0
bundibugyo_2007,base_ops,207,2026081207,9971,4565,0
bundibugyo_2007,base_ops,208,2026081208,9865,4469,0
bundibugyo_2007,base_ops,209,2026081209,9993,4483,0
bundibugyo_2007,base_ops,210,2026081210,9979,4667,0
bundibugyo_2007,base_ops,211,2026081211,9981,4539,0
bundibugyo_2007,base_ops,212,2026081212,9975,4570,0
bundibugyo_2007,base_ops,213,2026081213,9893,4496,0
bundibugyo_2007,base_ops,214,2026081214,9985,4607,0
bundibugyo_2007,base_ops,215,2026081215,9995,4545,0
bundibugyo_2007,base_ops,216,2026081216,9961,4559,0
bundibugyo_2007,base_ops,217,2026081217,9974,4556,0
bundibugyo_2007,base_ops,218,2026081218,9976,4505,0
bundibugyo_2007,base_ops,219,2026081219,9993,4494,0
bundibugyo_2007,base_ops,220,2026081220,9887,4483,0
bundibugyo_2007,base_ops,221,2026081221,9922,4507,0
bundibugyo_2007,base_ops,222,2026081222,9981,4347,0
bundibugyo_2007,base_ops,223,2026081223,9983,4511,0
bundibugyo_2007,base_ops,224,2026081224,9987,4531,0
bundibugyo_2007,base_ops,225,2026081225,9992,4596,0
bundibugyo_2007,base_ops,226,2026081226,9992,4522,0
bundibugyo_2007,base_ops,227,2026081227,9981,4533,0
bundibugyo_2007,base_ops,228,2026081228,9993,4523,0
bundibugyo_2007,base_ops,229,2026081229,9994,4565,0
bundibugyo_2007,base_ops,230,2026081230,9979,4586,0
bundibugyo_2007,base_ops,231,2026081231,9978,4550,0
bundibugyo_2007,base_ops,232,2026081232,9985,4622,0
bundibugyo_2007,base_ops,233,2026081233,9991,4569,0
bundibugyo_2007,base_ops,234,2026081234,9983,4562,0
bundibugyo_2007,base_ops,235,2026081235,9932,4566,0
bundibugyo_2007,base_ops,236,2026081236,9942,4462,0
bundibugyo_2007,base_ops,237,2026081237,9966,4575,0
bundibugyo_2007,base_ops,238,2026081238,9960,4423,0
bundibugyo_2007,base_ops,239,2026081239,9951,4438,0
bundibugyo_2007,base_ops,240,2026081240,9985,4551,0
bundibugyo_2007,base_ops,241,2026081241,9998,4516,0
bundibugyo_2007,base_ops,242,2026081242,9984,4545,0
bundibugyo_2007,base_ops,243,2026081243,9987,4618,0
bundibugyo_2007,base_ops,244,2026081244,9992,4513,0
bundibugyo_2007,base_ops,245,2026081245,9972,4551,0
bundibugyo_2007,base_ops,246,2026081246,9974,4486,0
bundibugyo_2007,base_ops,247,2026081247,9958,4537,0
bundibugyo_2007,base_ops,248,2026081248,9983,4487,0
bundibugyo_2007,base_ops,249,2026081249,9944,4477,0
bundibugyo_2007,base_ops,250,2026081250,9972,4521,0
bundibugyo_2007,base_ops,251,2026081251,9985,4594,0
bundibugyo_2007,base_ops,252,2026081252,8985,4088,0
bundibugyo_2007,base_ops,253,2026081253,9988,4500,0
bundibugyo_2007,base_ops,254,2026081254,9980,4489,0
bundibugyo_2007,base_ops,255,2026081255,9960,4505,0
bundibugyo_2007,base_ops,256,2026081256,9966,4492,0
bundibugyo_2007,base_ops,257,2026081257,9988,4543,0
bundibugyo_2007,base_ops,258,2026081258,9969,4504,0
bundibugyo_2007,base_ops,259,2026081259,9415,4267,0
bundibugyo_2007,base_ops,260,2026081260,9841,4482,0
bundibugyo_2007,base_ops,261,2026081261,9983,4554,0
bundibugyo_2007,base_ops,262,2026081262,9980,4560,0
bundibugyo_2007,base_ops,263,2026081263,9957,4595,0
bundibugyo_2007,base_ops,264,2026081264,9967,4422,0
bundibugyo_2007,base_ops,265,2026081265,9753,4503,0
bundibugyo_2007,base_ops,266,2026081266,9932,4542,0
bundibugyo_2007,base_ops,267,2026081267,9977,4585,0
bundibugyo_2007,base_ops,268,2026081268,9996,4589,0
bundibugyo_2007,base_ops,269,2026081269,9991,4534,0
bundibugyo_2007,base_ops,270,2026081270,9965,4530,0
bundibugyo_2007,base_ops,271,2026081271,9993,4466,0
bundibugyo_2007,base_ops,272,2026081272,9923,4487,0
bundibugyo_2007,base_ops,273,2026081273,9984,4481,0
bundibugyo_2007,base_ops,274,2026081274,9953,4612,0
bundibugyo_2007,base_ops,275,2026081275,9861,4447,0
bundibugyo_2007,base_ops,276,2026081276,9978,4632,0
bundibugyo_2007,base_ops,277,2026081277,9965,4518,0
bundibugyo_2007,base_ops,278,2026081278,9988,4524,0
bundibugyo_2007,base_ops,279,2026081279,9969,4567,0
bundibugyo_2007,base_ops,280,2026081280,9983,4569,0
bundibugyo_2007,base_ops,281,2026081281,9764,4398,0
bundibugyo_2007,base_ops,282,2026081282,9988,4429,0
bundibugyo_2007,base_ops,283,2026081283,9865,4532,0
bundibugyo_2007,base_ops,284,2026081284,9981,4517,0
bundibugyo_2007,base_ops,285,2026081285,9990,4562,0
bundibugyo_2007,base_ops,286,2026081286,8335,3853,0
bundibugyo_2007,base_ops,287,2026081287,9985,4539,0
bundibugyo_2007,base_ops,288,2026081288,9990,4517,0
bundibugyo_2007,base_ops,289,2026081289,9996,4470,0
bundibugyo_2007,base_ops,290,2026081290,9958,4547,0
bundibugyo_2007,base_ops,291,2026081291,9982,4503,0
bundibugyo_2007,base_ops,292,2026081292,9995,4539,0
bundibugyo_2007,base_ops,293,2026081293,9991,4466,0
bundibugyo_2007,base_ops,294,2026081294,9942,4499,0
bundibugyo_2007,base_ops,295,2026081295,9970,4521,0
bundibugyo_2007,base_ops,296,2026081296,9994,4560,0
bundibugyo_2007,base_ops,297,2026081297,9833,4580,0
bundibugyo_2007,base_ops,298,2026081298,9988,4611,0
bundibugyo_2007,base_ops,299,2026081299,9994,4585,0
bundibugyo_2007,base_ops,300,2026081300,9980,4524,0
bundibugyo_2007,base_ops,301,2026081301,9828,4374,0
bundibugyo_2007,base_ops,302,2026081302,9891,4492,0
bundibugyo_2007,base_ops,303,2026081303,9956,4524,0
bundibugyo_2007,base_ops,304,2026081304,9987,4555,0
bundibugyo_2007,base_ops,305,2026081305,9979,4556,0
bundibugyo_2007,base_ops,306,2026081306,9957,4532,0
bundibugyo_2007,base_ops,307,2026081307,9986,4627,0
bundibugyo_2007,base_ops,308,2026081308,9991,4514,0
bundibugyo_2007,base_ops,309,2026081309,9872,4483,0
bundibugyo_2007,base_ops,310,2026081310,9960,4499,0
bundibugyo_2007,base_ops,311,2026081311,9996,4525,0
bundibugyo_2007,base_ops,312,2026081312,9968,4543,0
bundibugyo_2007,base_ops,313,2026081313,9976,4478,0
bundibugyo_2007,base_ops,314,2026081314,9949,4550,0
bundibugyo_2007,base_ops,315,2026081315,9979,4535,0
bundibugyo_2007,base_ops,316,2026081316,9529,4289,0
bundibugyo_2007,base_ops,317,2026081317,9987,4514,0
bundibugyo_2007,base_ops,318,2026081318,9942,4460,0
bundibugyo_2007,base_ops,319,2026081319,9966,4546,0
bundibugyo_2007,base_ops,320,2026081320,9964,4468,0
bundibugyo_2007,base_ops,321,2026081321,9992,4600,0
bundibugyo_2007,base_ops,322,2026081322,9846,4363,0
bundibugyo_2007,base_ops,323,2026081323,9991,4487,0
bundibugyo_2007,base_ops,324,2026081324,9977,4585,0
bundibugyo_2007,base_ops,325,2026081325,9989,4470,0
bundibugyo_2007,base_ops,326,2026081326,9988,4562,0
bundibugyo_2007,base_ops,327,2026081327,9996,4430,0
bundibugyo_2007,base_ops,328,2026081328,9993,4510,0
bundibugyo_2007,base_ops,329,2026081329,9986,4502,0
bundibugyo_2007,base_ops,330,2026081330,9874,4522,0
bundibugyo_2007,base_ops,331,2026081331,9987,4477,0
bundibugyo_2007,base_ops,332,2026081332,9904,4406,0
bundibugyo_2007,base_ops,333,2026081333,9995,4538,0
bundibugyo_2007,base_ops,334,2026081334,9993,4465,0
bundibugyo_2007,base_ops,335,2026081335,9994,4536,0
bundibugyo_2007,base_ops,336,2026081336,9994,4489,0
bundibugyo_2007,base_ops,337,2026081337,9988,4531,0
bundibugyo_2007,base_ops,338,2026081338,9942,4515,0
bundibugyo_2007,base_ops,339,2026081339,9994,4526,0
bundibugyo_2007,base_ops,340,2026081340,9989,4542,0
bundibugyo_2007,base_ops,341,2026081341,9987,4541,0
bundibugyo_2007,base_ops,342,2026081342,9169,4161,0
bundibugyo_2007,base_ops,343,2026081343,9927,4459,0
bundibugyo_2007,base_ops,344,2026081344,9930,4448,0
bundibugyo_2007,base_ops,345,2026081345,9983,4634,0
bundibugyo_2007,base_ops,346,2026081346,9600,4339,0
bundibugyo_2007,base_ops,347,2026081347,9979,4483,0
bundibugyo_2007,base_ops,348,2026081348,9955,4546,0
bundibugyo_2007,base_ops,349,2026081349,9984,4533,0
bundibugyo_2007,base_ops,350,2026081350,9909,4472,0
bundibugyo_2007,base_ops,351,2026081351,9845,4519,0
bundibugyo_2007,base_ops,352,2026081352,9928,4522,0
bundibugyo_2007,base_ops,353,2026081353,9997,4596,0
bundibugyo_2007,base_ops,354,2026081354,9967,4552,0
bundibugyo_2007,base_ops,355,2026081355,9993,4490,0
bundibugyo_2007,base_ops,356,2026081356,9989,4471,0
bundibugyo_2007,base_ops,357,2026081357,9988,4541,0
bundibugyo_2007,base_ops,358,2026081358,9990,4433,0
bundibugyo_2007,base_ops,359,2026081359,9986,4503,0
bundibugyo_2007,base_ops,360,2026081360,9987,4574,0
bundibugyo_2007,base_ops,361,2026081361,9974,4494,0
bundibugyo_2007,base_ops,362,2026081362,9987,4547,0
bundibugyo_2007,base_ops,363,2026081363,9991,4542,0
bundibugyo_2007,base_ops,364,2026081364,9946,4475,0
bundibugyo_2007,base_ops,365,2026081365,9954,4516,0
bundibugyo_2007,base_ops,366,2026081366,9922,4594,0
bundibugyo_2007,base_ops,367,2026081367,9985,4540,0
bundibugyo_2007,base_ops,368,2026081368,9997,4540,0
bundibugyo_2007,base_ops,369,2026081369,9978,4498,0
bundibugyo_2007,base_ops,370,2026081370,9961,4516,0
bundibugyo_2007,base_ops,371,2026081371,9976,4464,0
bundibugyo_2007,base_ops,372,2026081372,9994,4487,0
bundibugyo_2007,base_ops,373,2026081373,9854,4493,0
bundibugyo_2007,base_ops,374,2026081374,9967,4512,0
bundibugyo_2007,base_ops,375,2026081375,9986,4529,0
bundibugyo_2007,base_ops,376,2026081376,9985,4511,0
bundibugyo_2007,base_ops,377,2026081377,9904,4507,0
bundibugyo_2007,base_ops,378,2026081378,9992,4471,0
bundibugyo_2007,base_ops,379,2026081379,9993,4521,0
bundibugyo_2007,base_ops,380,2026081380,9989,4497,0
bundibugyo_2007,base_ops,381,2026081381,9992,4645,0
bundibugyo_2007,base_ops,382,2026081382,9978,4499,0
bundibugyo_2007,base_ops,383,2026081383,9924,4527,0
bundibugyo_2007,base_ops,384,2026081384,9975,4484,0
bundibugyo_2007,base_ops,385,2026081385,9989,4503,0
bundibugyo_2007,base_ops,386,2026081386,9990,4561,0
bundibugyo_2007,base_ops,387,2026081387,9974,4478,0
bundibugyo_2007,base_ops,388,2026081388,9957,4543,0
bundibugyo_2007,base_ops,389,2026081389,9997,4524,0
bundibugyo_2007,base_ops,390,2026081390,9990,4558,0
bundibugyo_2007,base_ops,391,2026081391,9983,4479,0
bundibugyo_2007,base_ops,392,2026081392,9992,4580,0
bundibugyo_2007,base_ops,393,2026081393,9985,4490,0
bundibugyo_2007,base_ops,394,2026081394,9993,4570,0
bundibugyo_2007,base_ops,395,2026081395,9999,4543,0
bundibugyo_2007,base_ops,396,2026081396,9990,4577,0
bundibugyo_2007,base_ops,397,2026081397,9995,4509,0
bundibugyo_2007,base_ops,398,2026081398,9976,4562,0
bundibugyo_2007,base_ops,399,2026081399,8929,4056,0
bundibugyo_2007,base_ops,400,2026081400,9978,4558,0
bundibugyo_2007,base_ops,401,2026081401,9945,4488,0
bundibugyo_2007,base_ops,402,2026081402,9857,4453,0
bundibugyo_2007,base_ops,403,2026081403,9995,4507,0
bundibugyo_2007,base_ops,404,2026081404,9940,4518,0
bundibugyo_2007,base_ops,405,2026081405,9974,4557,0
bundibugyo_2007,base_ops,406,2026081406,9990,4599,0
bundibugyo_2007,base_ops,407,2026081407,9995,4550,0
bundibugyo_2007,base_ops,408,2026081408,9980,4563,0
bundibugyo_2007,base_ops,409,2026081409,9994,4472,0
bundibugyo_2007,base_ops,410,2026081410,9981,4470,0
bundibugyo_2007,base_ops,411,2026081411,9984,4557,0
bundibugyo_2007,base_ops,412,2026081412,9862,4453,0
bundibugyo_2007,base_ops,413,2026081413,9995,4556,0
bundibugyo_2007,base_ops,414,2026081414,9987,4490,0
bundibugyo_2007,base_ops,415,2026081415,9994,4599,0
bundibugyo_2007,base_ops,416,2026081416,9986,4492,0
bundibugyo_2007,base_ops,417,2026081417,9532,4327,0
bundibugyo_2007,base_ops,418,2026081418,9986,4535,0
bundibugyo_2007,base_ops,419,2026081419,8228,3691,0
bundibugyo_2007,base_ops,420,2026081420,9892,4493,0
bundibugyo_2007,base_ops,421,2026081421,9996,4492,0
bundibugyo_2007,base_ops,422,2026081422,9973,4530,0
bundibugyo_2007,base_ops,423,2026081423,9997,4550,0
bundibugyo_2007,base_ops,424,2026081424,9990,4499,0
bundibugyo_2007,base_ops,425,2026081425,9975,4564,0
bundibugyo_2007,base_ops,426,2026081426,9986,4506,0
bundibugyo_2007,base_ops,427,2026081427,9966,4527,0
bundibugyo_2007,base_ops,428,2026081428,9964,4545,0
bundibugyo_2007,base_ops,429,2026081429,9964,4529,0
bundibugyo_2007,base_ops,430,2026081430,9991,4566,0
bundibugyo_2007,base_ops,431,2026081431,9982,4482,0
bundibugyo_2007,base_ops,432,2026081432,9286,4282,0
bundibugyo_2007,base_ops,433,2026081433,9502,4280,0
bundibugyo_2007,base_ops,434,2026081434,9997,4401,0
bundibugyo_2007,base_ops,435,2026081435,9965,4413,0
bundibugyo_2007,base_ops,436,2026081436,9988,4470,0
bundibugyo_2007,base_ops,437,2026081437,9928,4542,0
bundibugyo_2007,base_ops,438,2026081438,9994,4684,0
bundibugyo_2007,base_ops,439,2026081439,9993,4527,0
bundibugyo_2007,base_ops,440,2026081440,9990,4518,0
bundibugyo_2007,base_ops,441,2026081441,9980,4483,0
bundibugyo_2007,base_ops,442,2026081442,9992,4497,0
bundibugyo_2007,base_ops,443,2026081443,9987,4604,0
bundibugyo_2007,base_ops,444,2026081444,9993,4530,0
bundibugyo_2007,base_ops,445,2026081445,9952,4471,0
bundibugyo_2007,base_ops,446,2026081446,9958,4508,0
bundibugyo_2007,base_ops,447,2026081447,9980,4433,0
bundibugyo_2007,base_ops,448,2026081448,9867,4482,0
bundibugyo_2007,base_ops,449,2026081449,9877,4590,0
bundibugyo_2007,base_ops,450,2026081450,9996,4594,0
bundibugyo_2007,base_ops,451,2026081451,9990,4589,0
bundibugyo_2007,base_ops,452,2026081452,9994,4460,0
bundibugyo_2007,base_ops,453,2026081453,9915,4410,0
bundibugyo_2007,base_ops,454,2026081454,9974,4513,0
bundibugyo_2007,base_ops,455,2026081455,9859,4609,0
bundibugyo_2007,base_ops,456,2026081456,9938,4587,0
bundibugyo_2007,base_ops,457,2026081457,9749,4413,0
bundibugyo_2007,base_ops,458,2026081458,9996,4492,0
bundibugyo_2007,base_ops,459,2026081459,9982,4457,0
bundibugyo_2007,base_ops,460,2026081460,9912,4440,0
bundibugyo_2007,base_ops,461,2026081461,9814,4371,0
bundibugyo_2007,base_ops,462,2026081462,9991,4513,0
bundibugyo_2007,base_ops,463,2026081463,9974,4575,0
bundibugyo_2007,base_ops,464,2026081464,9987,4538,0
bundibugyo_2007,base_ops,465,2026081465,9982,4537,0
bundibugyo_2007,base_ops,466,2026081466,9972,4516,0
bundibugyo_2007,base_ops,467,2026081467,9987,4549,0
bundibugyo_2007,base_ops,468,2026081468,9990,4495,0
bundibugyo_2007,base_ops,469,2026081469,9923,4540,0
bundibugyo_2007,base_ops,470,2026081470,9971,4540,0
bundibugyo_2007,base_ops,471,2026081471,9989,4565,0
bundibugyo_2007,base_ops,472,2026081472,9964,4515,0
bundibugyo_2007,base_ops,473,2026081473,9693,4369,0
bundibugyo_2007,base_ops,474,2026081474,9845,4474,0
bundibugyo_2007,base_ops,475,2026081475,9933,4451,0
bundibugyo_2007,base_ops,476,2026081476,9988,4422,0
bundibugyo_2007,base_ops,477,2026081477,9945,4596,0
bundibugyo_2007,base_ops,478,2026081478,9984,4514,0
bundibugyo_2007,base_ops,479,2026081479,9980,4491,0
bundibugyo_2007,base_ops,480,2026081480,9812,4525,0
bundibugyo_2007,base_ops,481,2026081481,9984,4502,0
bundibugyo_2007,base_ops,482,2026081482,9970,4503,0
bundibugyo_2007,base_ops,483,2026081483,9993,4595,0
bundibugyo_2007,base_ops,484,2026081484,9870,4464,0
bundibugyo_2007,base_ops,485,2026081485,9974,4484,0
bundibugyo_2007,base_ops,486,2026081486,9944,4512,0
bundibugyo_2007,base_ops,487,2026081487,9959,4514,0
bundibugyo_2007,base_ops,488,2026081488,9974,4537,0
bundibugyo_2007,base_ops,489,2026081489,9993,4572,0
bundibugyo_2007,base_ops,490,2026081490,9989,4450,0
bundibugyo_2007,base_ops,491,2026081491,9990,4414,0
bundibugyo_2007,base_ops,492,2026081492,9958,4553,0
bundibugyo_2007,base_ops,493,2026081493,9889,4414,0
bundibugyo_2007,base_ops,494,2026081494,9993,4482,0
bundibugyo_2007,base_ops,495,2026081495,9931,4468,0
bundibugyo_2007,base_ops,496,2026081496,9966,4534,0
bundibugyo_2007,base_ops,497,2026081497,9973,4488,0
bundibugyo_2007,base_ops,498,2026081498,9986,4496,0
bundibugyo_2007,base_ops,499,2026081499,9996,4523,0
bundibugyo_2007,base_ops,500,2026081500,9992,4522,0
bundibugyo_2007,base_ops,501,2026081501,9633,4242,0
bundibugyo_2007,base_ops,502,2026081502,9971,4521,0
bundibugyo_2007,base_ops,503,2026081503,8165,3753,0
bundibugyo_2007,base_ops,504,2026081504,9982,4491,0
bundibugyo_2007,base_ops,505,2026081505,9992,4494,0
bundibugyo_2007,base_ops,506,2026081506,9990,4444,0
bundibugyo_2007,base_ops,507,2026081507,9985,4566,0
bundibugyo_2007,base_ops,508,2026081508,9943,4421,0
bundibugyo_2007,base_ops,509,2026081509,9989,4445,0
bundibugyo_2007,base_ops,510,2026081510,9989,4502,0
bundibugyo_2007,base_ops,511,2026081511,9985,4566,0
bundibugyo_2007,base_ops,512,2026081512,9982,4597,0
bundibugyo_2007,base_ops,513,2026081513,9912,4550,0
bundibugyo_2007,base_ops,514,2026081514,9979,4507,0
bundibugyo_2007,base_ops,515,2026081515,9519,4352,0
bundibugyo_2007,base_ops,516,2026081516,9987,4503,0
bundibugyo_2007,base_ops,517,2026081517,9996,4559,0
bundibugyo_2007,base_ops,518,2026081518,9277,4223,0
bundibugyo_2007,base_ops,519,2026081519,9988,4474,0
bundibugyo_2007,base_ops,520,2026081520,9910,4446,0
bundibugyo_2007,base_ops,521,2026081521,9976,4536,0
bundibugyo_2007,base_ops,522,2026081522,9989,4582,0
bundibugyo_2007,base_ops,523,2026081523,9953,4483,0
bundibugyo_2007,base_ops,524,2026081524,9993,4502,0
bundibugyo_2007,base_ops,525,2026081525,9976,4478,0
bundibugyo_2007,base_ops,526,2026081526,9960,4484,0
bundibugyo_2007,base_ops,527,2026081527,9977,4551,0
bundibugyo_2007,base_ops,528,2026081528,9962,4481,0
bundibugyo_2007,base_ops,529,2026081529,9741,4388,0
bundibugyo_2007,base_ops,530,2026081530,9926,4540,0
bundibugyo_2007,base_ops,531,2026081531,9993,4509,0
bundibugyo_2007,base_ops,532,2026081532,9989,4470,0
bundibugyo_2007,base_ops,533,2026081533,9983,4497,0
bundibugyo_2007,base_ops,534,2026081534,9982,4481,0
bundibugyo_2007,base_ops,535,2026081535,9888,4450,0
bundibugyo_2007,base_ops,536,2026081536,9987,4463,0
bundibugyo_2007,base_ops,537,2026081537,9974,4512,0
bundibugyo_2007,base_ops,538,2026081538,9988,4499,0
bundibugyo_2007,base_ops,539,2026081539,9926,4575,0
bundibugyo_2007,base_ops,540,2026081540,9987,4510,0
bundibugyo_2007,base_ops,541,2026081541,9959,4493,0
bundibugyo_2007,base_ops,542,2026081542,9965,4536,0
bundibugyo_2007,base_ops,543,2026081543,9980,4487,0
bundibugyo_2007,base_ops,544,2026081544,9960,4492,0
bundibugyo_2007,base_ops,545,2026081545,9988,4571,0
bundibugyo_2007,base_ops,546,2026081546,9916,4507,0
bundibugyo_2007,base_ops,547,2026081547,9994,4501,0
bundibugyo_2007,base_ops,548,2026081548,9879,4564,0
bundibugyo_2007,base_ops,549,2026081549,9990,4584,0
bundibugyo_2007,base_ops,550,2026081550,9978,4608,0
bundibugyo_2007,base_ops,551,2026081551,9984,4592,0
bundibugyo_2007,base_ops,552,2026081552,9986,4508,0
bundibugyo_2007,base_ops,553,2026081553,9985,4550,0
bundibugyo_2007,base_ops,554,2026081554,9993,4448,0
bundibugyo_2007,base_ops,555,2026081555,9988,4492,0
bundibugyo_2007,base_ops,556,2026081556,9986,4550,0
bundibugyo_2007,base_ops,557,2026081557,9990,4489,0
bundibugyo_2007,base_ops,558,2026081558,9974,4432,0
bundibugyo_2007,base_ops,559,2026081559,9999,4469,0
bundibugyo_2007,base_ops,560,2026081560,9983,4487,0
bundibugyo_2007,base_ops,561,2026081561,9973,4468,0
bundibugyo_2007,base_ops,562,2026081562,9989,4514,0
bundibugyo_2007,base_ops,563,2026081563,9954,4557,0
bundibugyo_2007,base_ops,564,2026081564,9974,4506,0
bundibugyo_2007,base_ops,565,2026081565,9974,4547,0
bundibugyo_2007,base_ops,566,2026081566,9989,4596,0
bundibugyo_2007,base_ops,567,2026081567,9978,4629,0
bundibugyo_2007,base_ops,568,2026081568,9952,4540,0
bundibugyo_2007,base_ops,569,2026081569,9895,4557,0
bundibugyo_2007,base_ops,570,2026081570,9970,4493,0
bundibugyo_2007,base_ops,571,2026081571,9993,4460,0
bundibugyo_2007,base_ops,572,2026081572,9938,4501,0
bundibugyo_2007,base_ops,573,2026081573,9872,4461,0
bundibugyo_2007,base_ops,574,2026081574,9975,4507,0
bundibugyo_2007,base_ops,575,2026081575,9986,4476,0
bundibugyo_2007,base_ops,576,2026081576,9990,4526,0
bundibugyo_2007,base_ops,577,2026081577,9978,4549,0
bundibugyo_2007,base_ops,578,2026081578,9953,4520,0
bundibugyo_2007,base_ops,579,2026081579,9995,4508,0
bundibugyo_2007,base_ops,580,2026081580,9979,4533,0
bundibugyo_2007,base_ops,581,2026081581,9991,4489,0
bundibugyo_2007,base_ops,582,2026081582,9990,4557,0
bundibugyo_2007,base_ops,583,2026081583,9990,4471,0
bundibugyo_2007,base_ops,584,2026081584,9990,4521,0
bundibugyo_2007,base_ops,585,2026081585,9991,4508,0
bundibugyo_2007,base_ops,586,2026081586,9993,4552,0
bundibugyo_2007,base_ops,587,2026081587,9988,4562,0
bundibugyo_2007,base_ops,588,2026081588,9994,4503,0
bundibugyo_2007,base_ops,589,2026081589,9982,4605,0
bundibugyo_2007,base_ops,590,2026081590,9990,4554,0
bundibugyo_2007,base_ops,591,2026081591,9733,4473,0
bundibugyo_2007,base_ops,592,2026081592,9993,4538,0
bundibugyo_2007,base_ops,593,2026081593,9923,4432,0
bundibugyo_2007,base_ops,594,2026081594,9972,4512,0
bundibugyo_2007,base_ops,595,2026081595,9907,4524,0
bundibugyo_2007,base_ops,596,2026081596,9979,4501,0
bundibugyo_2007,base_ops,597,2026081597,9964,4444,0
bundibugyo_2007,base_ops,598,2026081598,9985,4583,0
bundibugyo_2007,base_ops,599,2026081599,9988,4547,0
bundibugyo_2007,base_ops,600,2026081600,9989,4562,0
bundibugyo_2007,base_ops,601,2026081601,9777,4427,0
bundibugyo_2007,base_ops,602,2026081602,9640,4369,0
bundibugyo_2007,base_ops,603,2026081603,9799,4482,0
bundibugyo_2007,base_ops,604,2026081604,9996,4583,0
bundibugyo_2007,base_ops,605,2026081605,9991,4529,0
bundibugyo_2007,base_ops,606,2026081606,9976,4640,0
bundibugyo_2007,base_ops,607,2026081607,9993,4470,0
bundibugyo_2007,base_ops,608,2026081608,9701,4299,0
bundibugyo_2007,base_ops,609,2026081609,9991,4547,0
bundibugyo_2007,base_ops,610,2026081610,9960,4514,0
bundibugyo_2007,base_ops,611,2026081611,9994,4578,0
bundibugyo_2007,base_ops,612,2026081612,9990,4603,0
bundibugyo_2007,base_ops,613,2026081613,9939,4492,0
bundibugyo_2007,base_ops,614,2026081614,9986,4561,0
bundibugyo_2007,base_ops,615,2026081615,9993,4476,0
bundibugyo_2007,base_ops,616,2026081616,9987,4520,0
bundibugyo_2007,base_ops,617,2026081617,9972,4546,0
bundibugyo_2007,base_ops,618,2026081618,9914,4462,0
bundibugyo_2007,base_ops,619,2026081619,9977,4536,0
bundibugyo_2007,base_ops,620,2026081620,9548,4367,0
bundibugyo_2007,base_ops,621,2026081621,9976,4486,0
bundibugyo_2007,base_ops,622,2026081622,9957,4488,0
bundibugyo_2007,base_ops,623,2026081623,9959,4563,0
bundibugyo_2007,base_ops,624,2026081624,9963,4514,0
bundibugyo_2007,enhanced_ops,0,2026081000,365,158,0
bundibugyo_2007,enhanced_ops,1,2026081001,749,351,0
bundibugyo_2007,enhanced_ops,2,2026081002,391,166,0
bundibugyo_2007,enhanced_ops,3,2026081003,566,257,0
bundibugyo_2007,enhanced_ops,4,2026081004,544,225,0
bundibugyo_2007,enhanced_ops,5,2026081005,554,246,0
bundibugyo_2007,enhanced_ops,6,2026081006,513,258,0
bundibugyo_2007,enhanced_ops,7,2026081007,908,396,0
bundibugyo_2007,enhanced_ops,8,2026081008,703,330,0
bundibugyo_2007,enhanced_ops,9,2026081009,920,455,0
bundibugyo_2007,enhanced_ops,10,2026081010,680,314,0
bundibugyo_2007,enhanced_ops,11,2026081011,756,345,0
bundibugyo_2007,enhanced_ops,12,2026081012,571,266,0
bundibugyo_2007,enhanced_ops,13,2026081013,554,253,0
bundibugyo_2007,enhanced_ops,14,2026081014,802,373,0
bundibugyo_2007,enhanced_ops,15,2026081015,551,232,0
bundibugyo_2007,enhanced_ops,16,2026081016,814,375,0
bundibugyo_2007,enhanced_ops,17,2026081017,762,361,0
bundibugyo_2007,enhanced_ops,18,2026081018,541,268,0
bundibugyo_2007,enhanced_ops,19,2026081019,634,302,0
bundibugyo_2007,enhanced_ops,20,2026081020,841,385,0
bundibugyo_2007,enhanced_ops,21,2026081021,646,286,0
bundibugyo_2007,enhanced_ops,22,2026081022,599,274,0
bundibugyo_2007,enhanced_ops,23,2026081023,556,250,0
bundibugyo_2007,enhanced_ops,24,2026081024,1030,479,0
bundibugyo_2007,enhanced_ops,25,2026081025,440,189,0
bundibugyo_2007,enhanced_ops,26,2026081026,417,197,0
bundibugyo_2007,enhanced_ops,27,2026081027,808,370,0
bundibugyo_2007,enhanced_ops,28,2026081028,521,226,0
bundibugyo_2007,enhanced_ops,29,2026081029,887,405,0
bundibugyo_2007,enhanced_ops,30,2026081030,876,393,0
bundibugyo_2007,enhanced_ops,31,2026081031,549,251,0
bundibugyo_2007,enhanced_ops,32,2026081032,657,296,0
bundibugyo_2007,enhanced_ops,33,2026081033,588,277,0
bundibugyo_2007,enhanced_ops,34,2026081034,512,248,0
bundibugyo_2007,enhanced_ops,35,2026081035,567,241,0
bundibugyo_2007,enhanced_ops,36,2026081036,599,288,0
bundibugyo_2007,enhanced_ops,37,2026081037,669,294,0
bundibugyo_2007,enhanced_ops,38,2026081038,475,221,0
bundibugyo_2007,enhanced_ops,39,2026081039,745,329,0
bundibugyo_2007,enhanced_ops,40,2026081040,765,364,0
bundibugyo_2007,enhanced_ops,41,2026081041,995,474,0
bundibugyo_2007,enhanced_ops,42,2026081042,977,466,0
bundibugyo_2007,enhanced_ops,43,2026081043,516,237,0
bundibugyo_2007,enhanced_ops,44,2026081044,615,297,0
bundibugyo_2007,enhanced_ops,45,2026081045,498,234,0
bundibugyo_2007,enhanced_ops,46,2026081046,977,427,0
bundibugyo_2007,enhanced_ops,47,2026081047,566,245,0
bundibugyo_2007,enhanced_ops,48,2026081048,690,311,0
bundibugyo_2007,enhanced_ops,49,2026081049,469,193,0
bundibugyo_2007,enhanced_ops,50,2026081050,558,250,0
bundibugyo_2007,enhanced_ops,51,2026081051,413,191,0
bundibugyo_2007,enhanced_ops,52,2026081052,644,297,0
bundibugyo_2007,enhanced_ops,53,2026081053,544,233,0
bundibugyo_2007,enhanced_ops,54,2026081054,656,323,0
bundibugyo_2007,enhanced_ops,55,2026081055,399,199,0
bundibugyo_2007,enhanced_ops,56,2026081056,369,169,0
bundibugyo_2007,enhanced_ops,57,2026081057,873,409,0
bundibugyo_2007,enhanced_ops,58,2026081058,476,207,0
bundibugyo_2007,enhanced_ops,59,2026081059,802,334,0
bundibugyo_2007,enhanced_ops,60,2026081060,816,359,0
bundibugyo_2007,enhanced_ops,61,2026081061,412,204,0
bundibugyo_2007,enhanced_ops,62,2026081062,895,398,0
bundibugyo_2007,enhanced_ops,63,2026081063,437,214,0
bundibugyo_2007,enhanced_ops,64,2026081064,601,274,0
bundibugyo_2007,enhanced_ops,65,2026081065,454,206,0
bundibugyo_2007,enhanced_ops,66,2026081066,522,239,0
bundibugyo_2007,enhanced_ops,67,2026081067,612,284,0
bundibugyo_2007,enhanced_ops,68,2026081068,915,397,0
bundibugyo_2007,enhanced_ops,69,2026081069,1415,637,0
bundibugyo_2007,enhanced_ops,70,2026081070,343,171,0
bundibugyo_2007,enhanced_ops,71,2026081071,588,265,0
bundibugyo_2007,enhanced_ops,72,2026081072,506,243,0
bundibugyo_2007,enhanced_ops,73,2026081073,581,263,0
bundibugyo_2007,enhanced_ops,74,2026081074,902,417,0
bundibugyo_2007,enhanced_ops,75,2026081075,697,310,0
bundibugyo_2007,enhanced_ops,76,2026081076,525,227,0
bundibugyo_2007,enhanced_ops,77,2026081077,418,197,0
bundibugyo_2007,enhanced_ops,78,2026081078,622,282,0
bundibugyo_2007,enhanced_ops,79,2026081079,906,404,0
bundibugyo_2007,enhanced_ops,80,2026081080,740,328,0
bundibugyo_2007,enhanced_ops,81,2026081081,456,196,0
bundibugyo_2007,enhanced_ops,82,2026081082,485,241,0
bundibugyo_2007,enhanced_ops,83,2026081083,586,259,0
bundibugyo_2007,enhanced_ops,84,2026081084,974,427,0
bundibugyo_2007,enhanced_ops,85,2026081085,765,353,0
bundibugyo_2007,enhanced_ops,86,2026081086,626,276,0
bundibugyo_2007,enhanced_ops,87,2026081087,809,339,0
bundibugyo_2007,enhanced_ops,88,2026081088,699,321,0
bundibugyo_2007,enhanced_ops,89,2026081089,557,275,0
bundibugyo_2007,enhanced_ops,90,2026081090,741,323,0
bundibugyo_2007,enhanced_ops,91,2026081091,1415,654,0
bundibugyo_2007,enhanced_ops,92,2026081092,544,256,0
bundibugyo_2007,enhanced_ops,93,2026081093,612,289,0
bundibugyo_2007,enhanced_ops,94,2026081094,692,324,0
bundibugyo_2007,enhanced_ops,95,2026081095,484,219,0
bundibugyo_2007,enhanced_ops,96,2026081096,732,313,0
bundibugyo_2007,enhanced_ops,97,2026081097,844,373,0
bundibugyo_2007,enhanced_ops,98,2026081098,591,261,0
bundibugyo_2007,enhanced_ops,99,2026081099,1090,503,0
bundibugyo_2007,enhanced_ops,100,2026081100,405,187,0
bundibugyo_2007,enhanced_ops,101,2026081101,566,294,0
bundibugyo_2007,enhanced_ops,102,2026081102,779,333,0
bundibugyo_2007,enhanced_ops,103,2026081103,438,192,0
bundibugyo_2007,enhanced_ops,104,2026081104,702,326,0
bundibugyo_2007,enhanced_ops,105,2026081105,864,389,0
bundibugyo_2007,enhanced_ops,106,2026081106,616,274,0
bundibugyo_2007,enhanced_ops,107,2026081107,634,286,0
bundibugyo_2007,enhanced_ops,108,2026081108,966,448,0
bundibugyo_2007,enhanced_ops,109,2026081109,782,336,0
bundibugyo_2007,enhanced_ops,110,2026081110,493,237,0
bundibugyo_2007,enhanced_ops,111,2026081111,399,184,0
bundibugyo_2007,enhanced_ops,112,2026081112,709,311,0
bundibugyo_2007,enhanced_ops,113,2026081113,700,305,0
bundibugyo_2007,enhanced_ops,114,2026081114,436,212,0
bundibugyo_2007,enhanced_ops,115,2026081115,471,229,0
bundibugyo_2007,enhanced_ops,116,2026081116,745,344,0
bundibugyo_2007,enhanced_ops,117,2026081117,601,251,0
bundibugyo_2007,enhanced_ops,118,2026081118,1025,463,0
bundibugyo_2007,enhanced_ops,119,2026081119,717,326,0
bundibugyo_2007,enhanced_ops,120,2026081120,589,266,0
bundibugyo_2007,enhanced_ops,121,2026081121,795,395,0
bundibugyo_2007,enhanced_ops,122,2026081122,456,203,0
bundibugyo_2007,enhanced_ops,123,2026081123,709,332,0
bundibugyo_2007,enhanced_ops,124,2026081124,704,299,0
bundibugyo_2007,enhanced_ops,125,2026081125,754,346,0
bundibugyo_2007,enhanced_ops,126,2026081126,899,392,0
bundibugyo_2007,enhanced_ops,127,2026081127,432,198,0
bundibugyo_2007,enhanced_ops,128,2026081128,459,198,0
bundibugyo_2007,enhanced_ops,129,2026081129,1129,530,0
bundibugyo_2007,enhanced_ops,130,2026081130,525,248,0
bundibugyo_2007,enhanced_ops,131,2026081131,835,379,0
bundibugyo_2007,enhanced_ops,132,2026081132,626,307,0
bundibugyo_2007,enhanced_ops,133,2026081133,793,363,0
bundibugyo_2007,enhanced_ops,134,2026081134,469,211,0
bundibugyo_2007,enhanced_ops,135,2026081135,462,199,0
bundibugyo_2007,enhanced_ops,136,2026081136,669,287,0
bundibugyo_2007,enhanced_ops,137,2026081137,518,224,0
bundibugyo_2007,enhanced_ops,138,2026081138,925,439,0
bundibugyo_2007,enhanced_ops,139,2026081139,491,221,0
bundibugyo_2007,enhanced_ops,140,2026081140,785,357,0
bundibugyo_2007,enhanced_ops,141,2026081141,614,273,0
bundibugyo_2007,enhanced_ops,142,2026081142,692,305,0
bundibugyo_2007,enhanced_ops,143,2026081143,440,199,0
bundibugyo_2007,enhanced_ops,144,2026081144,659,295,0
bundibugyo_2007,enhanced_ops,145,2026081145,531,235,0
bundibugyo_2007,enhanced_ops,146,2026081146,857,391,0
bundibugyo_2007,enhanced_ops,147,2026081147,718,325,0
bundibugyo_2007,enhanced_ops,148,2026081148,487,207,0
bundibugyo_2007,enhanced_ops,149,2026081149,750,343,0
bundibugyo_2007,enhanced_ops,150,2026081150,787,345,0
bundibugyo_2007,enhanced_ops,151,2026081151,723,317,0
bundibugyo_2007,enhanced_ops,152,2026081152,539,219,0
bundibugyo_2007,enhanced_ops,153,2026081153,708,310,0
bundibugyo_2007,enhanced_ops,154,2026081154,564,260,0
bundibugyo_2007,enhanced_ops,155,2026081155,646,285,0
bundibugyo_2007,enhanced_ops,156,2026081156,741,351,0
bundibugyo_2007,enhanced_ops,157,2026081157,634,311,0
bundibugyo_2007,enhanced_ops,158,2026081158,532,251,0
bundibugyo_2007,enhanced_ops,159,2026081159,454,212,0
bundibugyo_2007,enhanced_ops,160,2026081160,912,401,0
bundibugyo_2007,enhanced_ops,161,2026081161,594,272,0
bundibugyo_2007,enhanced_ops,162,2026081162,1028,457,0
bundibugyo_2007,enhanced_ops,163,2026081163,700,326,0
bundibugyo_2007,enhanced_ops,164,2026081164,416,185,0
bundibugyo_2007,enhanced_ops,165,2026081165,249,115,0
bundibugyo_2007,enhanced_ops,166,2026081166,792,343,0
bundibugyo_2007,enhanced_ops,167,2026081167,611,291,0
bundibugyo_2007,enhanced_ops,168,2026081168,840,394,0
bundibugyo_2007,enhanced_ops,169,2026081169,699,323,0
bundibugyo_2007,enhanced_ops,170,2026081170,427,181,0
bundibugyo_2007,enhanced_ops,171,2026081171,926,407,0
bundibugyo_2007,enhanced_ops,172,2026081172,525,249,0
bundibugyo_2007,enhanced_ops,173,2026081173,488,244,0
bundibugyo_2007,enhanced_ops,174,2026081174,654,307,0
bundibugyo_2007,enhanced_ops,175,2026081175,598,269,0
bundibugyo_2007,enhanced_ops,176,2026081176,677,300,0
bundibugyo_2007,enhanced_ops,177,2026081177,722,347,0
bundibugyo_2007,enhanced_ops,178,2026081178,603,269,0
bundibugyo_2007,enhanced_ops,179,2026081179,675,323,0
bundibugyo_2007,enhanced_ops,180,2026081180,643,296,0
bundibugyo_2007,enhanced_ops,181,2026081181,864,376,0
bundibugyo_2007,enhanced_ops,182,2026081182,369,156,0
bundibugyo_2007,enhanced_ops,183,2026081183,680,310,0
bundibugyo_2007,enhanced_ops,184,2026081184,783,336,0
bundibugyo_2007,enhanced_ops,185,2026081185,609,259,0
bundibugyo_2007,enhanced_ops,186,2026081186,628,263,0
bundibugyo_2007,enhanced_ops,187,2026081187,739,334,0
bundibugyo_2007,enhanced_ops,188,2026081188,1097,474,0
bundibugyo_2007,enhanced_ops,189,2026081189,644,276,0
bundibugyo_2007,enhanced_ops,190,2026081190,759,373,0
bundibugyo_2007,enhanced_ops,191,2026081191,1159,540,0
bundibugyo_2007,enhanced_ops,192,2026081192,985,459,0
bundibugyo_2007,enhanced_ops,193,2026081193,760,351,0
bundibugyo_2007,enhanced_ops,194,2026081194,657,309,0
bundibugyo_2007,enhanced_ops,195,2026081195,835,367,0
bundibugyo_2007,enhanced_ops,196,2026081196,590,266,0
bundibugyo_2007,enhanced_ops,197,2026081197,646,298,0
bundibugyo_2007,enhanced_ops,198,2026081198,713,329,0
bundibugyo_2007,enhanced_ops,199,2026081199,443,199,0
bundibugyo_2007,enhanced_ops,200,2026081200,694,328,0
bundibugyo_2007,enhanced_ops,201,2026081201,999,462,0
bundibugyo_2007,enhanced_ops,202,2026081202,665,322,0
bundibugyo_2007,enhanced_ops,203,2026081203,536,243,0
bundibugyo_2007,enhanced_ops,204,2026081204,998,454,0
bundibugyo_2007,enhanced_ops,205,2026081205,615,291,0
bundibugyo_2007,enhanced_ops,206,2026081206,492,222,0
bundibugyo_2007,enhanced_ops,207,2026081207,750,331,0
bundibugyo_2007,enhanced_ops,208,2026081208,674,303,0
bundibugyo_2007,enhanced_ops,209,2026081209,601,266,0
bundibugyo_2007,enhanced_ops,210,2026081210,641,307,0
bundibugyo_2007,enhanced_ops,211,2026081211,636,301,0
bundibugyo_2007,enhanced_ops,212,2026081212,644,307,0
bundibugyo_2007,enhanced_ops,213,2026081213,469,221,0
bundibugyo_2007,enhanced_ops,214,2026081214,575,266,0
bundibugyo_2007,enhanced_ops,215,2026081215,1010,447,0
bundibugyo_2007,enhanced_ops,216,2026081216,856,414,0
bundibugyo_2007,enhanced_ops,217,2026081217,454,223,0
bundibugyo_2007,enhanced_ops,218,2026081218,1109,499,0
bundibugyo_2007,enhanced_ops,219,2026081219,1243,583,0
bundibugyo_2007,enhanced_ops,220,2026081220,783,361,0
bundibugyo_2007,enhanced_ops,221,2026081221,444,227,0
bundibugyo_2007,enhanced_ops,222,2026081222,851,387,0
bundibugyo_2007,enhanced_ops,223,2026081223,545,229,0
bundibugyo_2007,enhanced_ops,224,2026081224,942,456,0
bundibugyo_2007,enhanced_ops,225,2026081225,725,340,0
bundibugyo_2007,enhanced_ops,226,2026081226,660,309,0
bundibugyo_2007,enhanced_ops,227,2026081227,762,355,0
bundibugyo_2007,enhanced_ops,228,2026081228,898,423,0
bundibugyo_2007,enhanced_ops,229,2026081229,526,241,0
bundibugyo_2007,enhanced_ops,230,2026081230,707,322,0
bundibugyo_2007,enhanced_ops,231,2026081231,832,372,0
bundibugyo_2007,enhanced_ops,232,2026081232,696,311,0
bundibugyo_2007,enhanced_ops,233,2026081233,565,261,0
bundibugyo_2007,enhanced_ops,234,2026081234,873,403,0
bundibugyo_2007,enhanced_ops,235,2026081235,652,303,0
bundibugyo_2007,enhanced_ops,236,2026081236,568,245,0
bundibugyo_2007,enhanced_ops,237,2026081237,521,228,0
bundibugyo_2007,enhanced_ops,238,2026081238,502,225,0
bundibugyo_2007,enhanced_ops,239,2026081239,421,173,0
bundibugyo_2007,enhanced_ops,240,2026081240,756,337,0
bundibugyo_2007,enhanced_ops,241,2026081241,575,248,0
bundibugyo_2007,enhanced_ops,242,2026081242,581,275,0
bundibugyo_2007,enhanced_ops,243,2026081243,797,373,0
bundibugyo_2007,enhanced_ops,244,2026081244,765,359,0
bundibugyo_2007,enhanced_ops,245,2026081245,714,331,0
bundibugyo_2007,enhanced_ops,246,2026081246,635,265,0
bundibugyo_2007,enhanced_ops,247,2026081247,787,354,0
bundibugyo_2007,enhanced_ops,248,2026081248,849,386,0
bundibugyo_2007,enhanced_ops,249,2026081249,671,303,0
bundibugyo_2007,enhanced_ops,250,2026081250,747,342,0
bundibugyo_2007,enhanced_ops,251,2026081251,773,376,0
bundibugyo_2007,enhanced_ops,252,2026081252,443,205,0
bundibugyo_2007,enhanced_ops,253,2026081253,630,262,0
bundibugyo_2007,enhanced_ops,254,2026081254,523,233,0
bundibugyo_2007,enhanced_ops,255,2026081255,619,292,0
bundibugyo_2007,enhanced_ops,256,2026081256,1015,455,0
bundibugyo_2007,enhanced_ops,257,2026081257,1006,454,0
bundibugyo_2007,enhanced_ops,258,2026081258,542,251,0
bundibugyo_2007,enhanced_ops,259,2026081259,652,291,0
bundibugyo_2007,enhanced_ops,260,2026081260,713,324,0
bundibugyo_2007,enhanced_ops,261,2026081261,554,282,0
bundibugyo_2007,enhanced_ops,262,2026081262,737,325,0
bundibugyo_2007,enhanced_ops,263,2026081263,660,306,0
bundibugyo_2007,enhanced_ops,264,2026081264,526,274,0
bundibugyo_2007,enhanced_ops,265,2026081265,302,128,0
bundibugyo_2007,enhanced_ops,266,2026081266,565,246,0
bundibugyo_2007,enhanced_ops,267,2026081267,565,267,0
bundibugyo_2007,enhanced_ops,268,2026081268,611,306,0
bundibugyo_2007,enhanced_ops,269,2026081269,1006,471,0
bundibugyo_2007,enhanced_ops,270,2026081270,581,266,0
bundibugyo_2007,enhanced_ops,271,2026081271,779,332,0
bundibugyo_2007,enhanced_ops,272,2026081272,659,288,0
bundibugyo_2007,enhanced_ops,273,2026081273,408,180,0
bundibugyo_2007,enhanced_ops,274,2026081274,831,380,0
bundibugyo_2007,enhanced_ops,275,2026081275,694,313,0
bundibugyo_2007,enhanced_ops,276,2026081276,788,382,0
bundibugyo_2007,enhanced_ops,277,2026081277,579,249,0
bundibugyo_2007,enhanced_ops,278,2026081278,564,248,0
bundibugyo_2007,enhanced_ops,279,2026081279,482,223,0
bundibugyo_2007,enhanced_ops,280,2026081280,448,210,0
bundibugyo_2007,enhanced_ops,281,2026081281,682,323,0
bundibugyo_2007,enhanced_ops,282,2026081282,912,416,0
bundibugyo_2007,enhanced_ops,283,2026081283,657,316,0
bundibugyo_2007,enhanced_ops,284,2026081284,902,409,0
bundibugyo_2007,enhanced_ops,285,2026081285,918,412,0
bundibugyo_2007,enhanced_ops,286,2026081286,438,214,0
bundibugyo_2007,enhanced_ops,287,2026081287,789,388,0
bundibugyo_2007,enhanced_ops,288,2026081288,575,258,0
bundibugyo_2007,enhanced_ops,289,2026081289,384,174,0
bundibugyo_2007,enhanced_ops,290,2026081290,676,295,0
bundibugyo_2007,enhanced_ops,291,2026081291,695,316,0
bundibugyo_2007,enhanced_ops,292,2026081292,669,299,0
bundibugyo_2007,enhanced_ops,293,2026081293,763,345,0
bundibugyo_2007,enhanced_ops,294,2026081294,640,295,0
bundibugyo_2007,enhanced_ops,295,2026081295,439,208,0
bundibugyo_2007,enhanced_ops,296,2026081296,1088,507,0
bundibugyo_2007,enhanced_ops,297,2026081297,326,153,0
bundibugyo_2007,enhanced_ops,298,2026081298,1045,497,0
bundibugyo_2007,enhanced_ops,299,2026081299,675,322,0
bundibugyo_2007,enhanced_ops,300,2026081300,824,344,0
bundibugyo_2007,enhanced_ops,301,2026081301,718,325,0
bundibugyo_2007,enhanced_ops,302,2026081302,1081,481,0
bundibugyo_2007,enhanced_ops,303,2026081303,1191,528,0
bundibugyo_2007,enhanced_ops,304,2026081304,761,341,0
bundibugyo_2007,enhanced_ops,305,2026081305,596,248,0
bundibugyo_2007,enhanced_ops,306,2026081306,414,196,0
bundibugyo_2007,enhanced_ops,307,2026081307,795,368,0
bundibugyo_2007,enhanced_ops,308,2026081308,837,376,0
bundibugyo_2007,enhanced_ops,309,2026081309,399,185,0
bundibugyo_2007,enhanced_ops,310,2026081310,384,177,0
bundibugyo_2007,enhanced_ops,311,2026081311,1418,628,0
bundibugyo_2007,enhanced_ops,312,2026081312,734,332,0
bundibugyo_2007,enhanced_ops,313,2026081313,413,177,0
bundibugyo_2007,enhanced_ops,314,2026081314,826,361,0
bundibugyo_2007,enhanced_ops,315,2026081315,578,254,0
bundibugyo_2007,enhanced_ops,316,2026081316,598,245,0
bundibugyo_2007,enhanced_ops,317,2026081317,623,277,0
bundibugyo_2007,enhanced_ops,318,2026081318,786,366,0
bundibugyo_2007,enhanced_ops,319,2026081319,758,342,0
bundibugyo_2007,enhanced_ops,320,2026081320,477,201,0
bundibugyo_2007,enhanced_ops,321,2026081321,1035,476,0
bundibugyo_2007,enhanced_ops,322,2026081322,521,220,0
bundibugyo_2007,enhanced_ops,323,2026081323,640,288,0
bundibugyo_2007,enhanced_ops,324,2026081324,393,170,0
bundibugyo_2007,enhanced_ops,325,2026081325,606,283,0
bundibugyo_2007,enhanced_ops,326,2026081326,487,220,0
bundibugyo_2007,enhanced_ops,327,2026081327,683,306,0
bundibugyo_2007,enhanced_ops,328,2026081328,446,222,0
bundibugyo_2007,enhanced_ops,329,2026081329,643,300,0
bundibugyo_2007,enhanced_ops,330,2026081330,786,343,0
bundibugyo_2007,enhanced_ops,331,2026081331,427,185,0
bundibugyo_2007,enhanced_ops,332,2026081332,171,71,0
bundibugyo_2007,enhanced_ops,333,2026081333,606,282,0
bundibugyo_2007,enhanced_ops,334,2026081334,824,375,0
bundibugyo_2007,enhanced_ops,335,2026081335,592,269,0
bundibugyo_2007,enhanced_ops,336,2026081336,923,409,0
bundibugyo_2007,enhanced_ops,337,2026081337,797,348,0
bundibugyo_2007,enhanced_ops,338,2026081338,557,268,0
bundibugyo_2007,enhanced_ops,339,2026081339,773,342,0
bundibugyo_2007,enhanced_ops,340,2026081340,650,291,0
bundibugyo_2007,enhanced_ops,341,2026081341,665,314,0
bundibugyo_2007,enhanced_ops,342,2026081342,359,163,0
bundibugyo_2007,enhanced_ops,343,2026081343,765,342,0
bundibugyo_2007,enhanced_ops,344,2026081344,576,251,0
bundibugyo_2007,enhanced_ops,345,2026081345,742,362,0
bundibugyo_2007,enhanced_ops,346,2026081346,925,435,0
bundibugyo_2007,enhanced_ops,347,2026081347,654,315,0
bundibugyo_2007,enhanced_ops,348,2026081348,702,310,0
bundibugyo_2007,enhanced_ops,349,2026081349,1010,456,0
bundibugyo_2007,enhanced_ops,350,2026081350,609,278,0
bundibugyo_2007,enhanced_ops,351,2026081351,826,376,0
bundibugyo_2007,enhanced_ops,352,2026081352,852,395,0
bundibugyo_2007,enhanced_ops,353,2026081353,774,371,0
bundibugyo_2007,enhanced_ops,354,2026081354,700,334,0
bundibugyo_2007,enhanced_ops,355,2026081355,611,278,0
bundibugyo_2007,enhanced_ops,356,2026081356,928,384,0
bundibugyo_2007,enhanced_ops,357,2026081357,693,305,0
bundibugyo_2007,enhanced_ops,358,2026081358,916,399,0
bundibugyo_2007,enhanced_ops,359,2026081359,876,396,0
bundibugyo_2007,enhanced_ops,360,2026081360,639,294,0
bundibugyo_2007,enhanced_ops,361,2026081361,628,279,0
bundibugyo_2007,enhanced_ops,362,2026081362,1037,430,0
bundibugyo_2007,enhanced_ops,363,2026081363,1440,630,0
bundibugyo_2007,enhanced_ops,364,2026081364,670,305,0
bundibugyo_2007,enhanced_ops,365,2026081365,1004,444,0
bundibugyo_2007,enhanced_ops,366,2026081366,769,365,0
bundibugyo_2007,enhanced_ops,367,2026081367,1011,466,0
bundibugyo_2007,enhanced_ops,368,2026081368,1176,533,0
bundibugyo_2007,enhanced_ops,369,2026081369,567,261,0
bundibugyo_2007,enhanced_ops,370,2026081370,586,273,0
bundibugyo_2007,enhanced_ops,371,2026081371,841,359,0
bundibugyo_2007,enhanced_ops,372,2026081372,403,179,0
bundibugyo_2007,enhanced_ops,373,2026081373,770,338,0
bundibugyo_2007,enhanced_ops,374,2026081374,634,295,0
bundibugyo_2007,enhanced_ops,375,2026081375,406,170,0
bundibugyo_2007,enhanced_ops,376,2026081376,783,342,0
bundibugyo_2007,enhanced_ops,377,2026081377,740,352,0
bundibugyo_2007,enhanced_ops,378,2026081378,809,355,0
bundibugyo_2007,enhanced_ops,379,2026081379,715,329,0
bundibugyo_2007,enhanced_ops,380,2026081380,794,366,0
bundibugyo_2007,enhanced_ops,381,2026081381,715,348,0
bundibugyo_2007,enhanced_ops,382,2026081382,436,201,0
bundibugyo_2007,enhanced_ops,383,2026081383,692,311,0
bundibugyo_2007,enhanced_ops,384,2026081384,444,216,0
bundibugyo_2007,enhanced_ops,385,2026081385,742,351,0
bundibugyo_2007,enhanced_ops,386,2026081386,797,356,0
bundibugyo_2007,enhanced_ops,387,2026081387,915,419,0
bundibugyo_2007,enhanced_ops,388,2026081388,530,243,0
bundibugyo_2007,enhanced_ops,389,2026081389,604,294,0
bundibugyo_2007,enhanced_ops,390,2026081390,781,370,0
bundibugyo_2007,enhanced_ops,391,2026081391,578,278,0
bundibugyo_2007,enhanced_ops,392,2026081392,991,432,0
bundibugyo_2007,enhanced_ops,393,2026081393,433,183,0
bundibugyo_2007,enhanced_ops,394,2026081394,695,317,0
bundibugyo_2007,enhanced_ops,395,2026081395,896,425,0
bundibugyo_2007,enhanced_ops,396,2026081396,420,202,0
bundibugyo_2007,enhanced_ops,397,2026081397,757,336,0
bundibugyo_2007,enhanced_ops,398,2026081398,731,328,0
bundibugyo_2007,enhanced_ops,399,2026081399,553,230,0
bundibugyo_2007,enhanced_ops,400,2026081400,683,343,0
bundibugyo_2007,enhanced_ops,401,2026081401,746,333,0
bundibugyo_2007,enhanced_ops,402,2026081402,684,315,0
bundibugyo_2007,enhanced_ops,403,2026081403,794,370,0
bundibugyo_2007,enhanced_ops,404,2026081404,440,196,0
bundibugyo_2007,enhanced_ops,405,2026081405,404,194,0
bundibugyo_2007,enhanced_ops,406,2026081406,904,408,0
bundibugyo_2007,enhanced_ops,407,2026081407,788,349,0
bundibugyo_2007,enhanced_ops,408,2026081408,664,278,0
bundibugyo_2007,enhanced_ops,409,2026081409,775,350,0
bundibugyo_2007,enhanced_ops,410,2026081410,614,282,0
bundibugyo_2007,enhanced_ops,411,2026081411,729,329,0
bundibugyo_2007,enhanced_ops,412,2026081412,481,220,0
bundibugyo_2007,enhanced_ops,413,2026081413,567,256,0
bundibugyo_2007,enhanced_ops,414,2026081414,495,215,0
bundibugyo_2007,enhanced_ops,415,2026081415,424,197,0
bundibugyo_2007,enhanced_ops,416,2026081416,807,343,0
bundibugyo_2007,enhanced_ops,417,2026081417,409,174,0
bundibugyo_2007,enhanced_ops,418,2026081418,254,101,0
bundibugyo_2007,enhanced_ops,419,2026081419,465,222,0
bundibugyo_2007,enhanced_ops,420,2026081420,892,407,0
bundibugyo_2007,enhanced_ops,421,2026081421,647,287,0
bundibugyo_2007,enhanced_ops,422,2026081422,464,219,0
bundibugyo_2007,enhanced_ops,423,2026081423,904,427,0
bundibugyo_2007,enhanced_ops,424,2026081424,639,285,0
bundibugyo_2007,enhanced_ops,425,2026081425,687,293,0
bundibugyo_2007,enhanced_ops,426,2026081426,570,264,0
bundibugyo_2007,enhanced_ops,427,2026081427,673,317,0
bundibugyo_2007,enhanced_ops,428,2026081428,502,236,0
bundibugyo_2007,enhanced_ops,429,2026081429,558,258,0
bundibugyo_2007,enhanced_ops,430,2026081430,733,325,0
bundibugyo_2007,enhanced_ops,431,2026081431,763,327,0
bundibugyo_2007,enhanced_ops,432,2026081432,665,300,0
bundibugyo_2007,enhanced_ops,433,2026081433,344,155,0
bundibugyo_2007,enhanced_ops,434,2026081434,472,215,0
bundibugyo_2007,enhanced_ops,435,2026081435,681,296,0
bundibugyo_2007,enhanced_ops,436,2026081436,1056,484,0
bundibugyo_2007,enhanced_ops,437,2026081437,670,319,0
bundibugyo_2007,enhanced_ops,438,2026081438,625,291,0
bundibugyo_2007,enhanced_ops,439,2026081439,715,338,0
bundibugyo_2007,enhanced_ops,440,2026081440,655,340,0
bundibugyo_2007,enhanced_ops,441,2026081441,946,448,0
bundibugyo_2007,enhanced_ops,442,2026081442,934,419,0
bundibugyo_2007,enhanced_ops,443,2026081443,789,376,0
bundibugyo_2007,enhanced_ops,444,2026081444,1081,496,0
bundibugyo_2007,enhanced_ops,445,2026081445,937,420,0
bundibugyo_2007,enhanced_ops,446,2026081446,685,312,0
bundibugyo_2007,enhanced_ops,447,2026081447,1101,473,0
bundibugyo_2007,enhanced_ops,448,2026081448,808,365,0
bundibugyo_2007,enhanced_ops,449,2026081449,539,255,0
bundibugyo_2007,enhanced_ops,450,2026081450,764,344,0
bundibugyo_2007,enhanced_ops,451,2026081451,438,210,0
bundibugyo_2007,enhanced_ops,452,2026081452,706,288,0
bundibugyo_2007,enhanced_ops,453,2026081453,651,287,0
bundibugyo_2007,enhanced_ops,454,2026081454,967,422,0
bundibugyo_2007,enhanced_ops,455,2026081455,474,220,0
bundibugyo_2007,enhanced_ops,456,2026081456,773,354,0
bundibugyo_2007,enhanced_ops,457,2026081457,658,300,0
bundibugyo_2007,enhanced_ops,458,2026081458,716,320,0
bundibugyo_2007,enhanced_ops,459,2026081459,559,259,0
bundibugyo_2007,enhanced_ops,460,2026081460,485,221,0
bundibugyo_2007,enhanced_ops,461,2026081461,521,245,0
bundibugyo_2007,enhanced_ops,462,2026081462,906,405,0
bundibugyo_2007,enhanced_ops,463,2026081463,596,270,0
bundibugyo_2007,enhanced_ops,464,2026081464,569,238,0
bundibugyo_2007,enhanced_ops,465,2026081465,1397,657,0
bundibugyo_2007,enhanced_ops,466,2026081466,613,288,0
bundibugyo_2007,enhanced_ops,467,2026081467,969,458,0
bundibugyo_2007,enhanced_ops,468,2026081468,710,320,0
bundibugyo_2007,enhanced_ops,469,2026081469,457,196,0
bundibugyo_2007,enhanced_ops,470,2026081470,1018,463,0
bundibugyo_2007,enhanced_ops,471,2026081471,499,225,0
bundibugyo_2007,enhanced_ops,472,2026081472,537,254,0
bundibugyo_2007,enhanced_ops,473,2026081473,688,327,0
bundibugyo_2007,enhanced_ops,474,2026081474,683,297,0
bundibugyo_2007,enhanced_ops,475,2026081475,519,227,0
bundibugyo_2007,enhanced_ops,476,2026081476,934,414,0
bundibugyo_2007,enhanced_ops,477,2026081477,637,287,0
bundibugyo_2007,enhanced_ops,478,2026081478,814,368,0
bundibugyo_2007,enhanced_ops,479,2026081479,634,275,0
bundibugyo_2007,enhanced_ops,480,2026081480,390,170,0
bundibugyo_2007,enhanced_ops,481,2026081481,697,315,0
bundibugyo_2007,enhanced_ops,482,2026081482,647,303,0
bundibugyo_2007,enhanced_ops,483,2026081483,1134,499,0
bundibugyo_2007,enhanced_ops,484,2026081484,332,148,0
bundibugyo_2007,enhanced_ops,485,2026081485,505,227,0
bundibugyo_2007,enhanced_ops,486,2026081486,518,237,0
bundibugyo_2007,enhanced_ops,487,2026081487,617,285,0
bundibugyo_2007,enhanced_ops,488,2026081488,493,226,0
bundibugyo_2007,enhanced_ops,489,2026081489,946,451,0
bundibugyo_2007,enhanced_ops,490,2026081490,739,316,0
bundibugyo_2007,enhanced_ops,491,2026081491,449,193,0
bundibugyo_2007,enhanced_ops,492,2026081492,684,310,0
bundibugyo_2007,enhanced_ops,493,2026081493,550,253,0
bundibugyo_2007,enhanced_ops,494,2026081494,920,415,0
bundibugyo_2007,enhanced_ops,495,2026081495,736,317,0
bundibugyo_2007,enhanced_ops,496,2026081496,779,365,0
bundibugyo_2007,enhanced_ops,497,2026081497,828,361,0
bundibugyo_2007,enhanced_ops,498,2026081498,717,313,0
bundibugyo_2007,enhanced_ops,499,2026081499,741,316,0
bundibugyo_2007,enhanced_ops,500,2026081500,762,343,0
bundibugyo_2007,enhanced_ops,501,2026081501,456,208,0
bundibugyo_2007,enhanced_ops,502,2026081502,918,409,0
bundibugyo_2007,enhanced_ops,503,2026081503,572,253,0
bundibugyo_2007,enhanced_ops,504,2026081504,459,203,0
bundibugyo_2007,enhanced_ops,505,2026081505,533,245,0
bundibugyo_2007,enhanced_ops,506,2026081506,621,273,0
bundibugyo_2007,enhanced_ops,507,2026081507,644,293,0
bundibugyo_2007,enhanced_ops,508,2026081508,803,340,0
bundibugyo_2007,enhanced_ops,509,2026081509,782,357,0
bundibugyo_2007,enhanced_ops,510,2026081510,931,421,0
bundibugyo_2007,enhanced_ops,511,2026081511,646,304,0
bundibugyo_2007,enhanced_ops,512,2026081512,672,321,0
bundibugyo_2007,enhanced_ops,513,2026081513,778,368,0
bundibugyo_2007,enhanced_ops,514,2026081514,515,220,0
bundibugyo_2007,enhanced_ops,515,2026081515,548,263,0
bundibugyo_2007,enhanced_ops,516,2026081516,765,315,0
bundibugyo_2007,enhanced_ops,517,2026081517,685,311,0
bundibugyo_2007,enhanced_ops,518,2026081518,399,172,0
bundibugyo_2007,enhanced_ops,519,2026081519,599,259,0
bundibugyo_2007,enhanced_ops,520,2026081520,647,305,0
bundibugyo_2007,enhanced_ops,521,2026081521,636,279,0
bundibugyo_2007,enhanced_ops,522,2026081522,748,355,0
bundibugyo_2007,enhanced_ops,523,2026081523,1177,519,0
bundibugyo_2007,enhanced_ops,524,2026081524,575,248,0
bundibugyo_2007,enhanced_ops,525,2026081525,591,286,0
bundibugyo_2007,enhanced_ops,526,2026081526,521,229,0
bundibugyo_2007,enhanced_ops,527,2026081527,836,395,0
bundibugyo_2007,enhanced_ops,528,2026081528,1228,564,0
bundibugyo_2007,enhanced_ops,529,2026081529,796,353,0
bundibugyo_2007,enhanced_ops,530,2026081530,781,360,0
bundibugyo_2007,enhanced_ops,531,2026081531,813,357,0
bundibugyo_2007,enhanced_ops,532,2026081532,429,190,0
bundibugyo_2007,enhanced_ops,533,2026081533,878,378,0
bundibugyo_2007,enhanced_ops,534,2026081534,573,270,0
bundibugyo_2007,enhanced_ops,535,2026081535,734,310,0
bundibugyo_2007,enhanced_ops,536,2026081536,727,322,0
bundibugyo_2007,enhanced_ops,537,2026081537,649,300,0
bundibugyo_2007,enhanced_ops,538,2026081538,653,294,0
bundibugyo_2007,enhanced_ops,539,2026081539,1207,577,0
bundibugyo_2007,enhanced_ops,540,2026081540,919,424,0
bundibugyo_2007,enhanced_ops,541,2026081541,949,403,0
bundibugyo_2007,enhanced_ops,542,2026081542,707,310,0
bundibugyo_2007,enhanced_ops,543,2026081543,1069,472,0
bundibugyo_2007,enhanced_ops,544,2026081544,560,261,0
bundibugyo_2007,enhanced_ops,545,2026081545,565,248,0
bundibugyo_2007,enhanced_ops,546,2026081546,698,334,0
bundibugyo_2007,enhanced_ops,547,2026081547,759,325,0
bundibugyo_2007,enhanced_ops,548,2026081548,597,271,0
bundibugyo_2007,enhanced_ops,549,2026081549,931,435,0
bundibugyo_2007,enhanced_ops,550,2026081550,828,402,0
bundibugyo_2007,enhanced_ops,551,2026081551,637,282,0
bundibugyo_2007,enhanced_ops,552,2026081552,662,281,0
bundibugyo_2007,enhanced_ops,553,2026081553,889,408,0
bundibugyo_2007,enhanced_ops,554,2026081554,1000,448,0
bundibugyo_2007,enhanced_ops,555,2026081555,873,398,0
bundibugyo_2007,enhanced_ops,556,2026081556,840,383,0
bundibugyo_2007,enhanced_ops,557,2026081557,394,184,0
bundibugyo_2007,enhanced_ops,558,2026081558,711,321,0
bundibugyo_2007,enhanced_ops,559,2026081559,759,334,0
bundibugyo_2007,enhanced_ops,560,2026081560,698,303,0
bundibugyo_2007,enhanced_ops,561,2026081561,693,296,0
bundibugyo_2007,enhanced_ops,562,2026081562,819,373,0
bundibugyo_2007,enhanced_ops,563,2026081563,944,424,0
bundibugyo_2007,enhanced_ops,564,2026081564,771,335,0
bundibugyo_2007,enhanced_ops,565,2026081565,596,263,0
bundibugyo_2007,enhanced_ops,566,2026081566,806,394,0
bundibugyo_2007,enhanced_ops,567,2026081567,901,399,0
bundibugyo_2007,enhanced_ops,568,2026081568,423,211,0
bundibugyo_2007,enhanced_ops,569,2026081569,736,351,0
bundibugyo_2007,enhanced_ops,570,2026081570,388,165,0
bundibugyo_2007,enhanced_ops,571,2026081571,853,367,0
bundibugyo_2007,enhanced_ops,572,2026081572,709,317,0
bundibugyo_2007,enhanced_ops,573,2026081573,614,283,0
bundibugyo_2007,enhanced_ops,574,2026081574,1038,477,0
bundibugyo_2007,enhanced_ops,575,2026081575,563,249,0
bundibugyo_2007,enhanced_ops,576,2026081576,562,236,0
bundibugyo_2007,enhanced_ops,577,2026081577,453,193,0
bundibugyo_2007,enhanced_ops,578,2026081578,519,237,0
bundibugyo_2007,enhanced_ops,579,2026081579,664,301,0
bundibugyo_2007,enhanced_ops,580,2026081580,899,379,0
bundibugyo_2007,enhanced_ops,581,2026081581,906,400,0
bundibugyo_2007,enhanced_ops,582,2026081582,514,223,0
bundibugyo_2007,enhanced_ops,583,2026081583,785,331,0
bundibugyo_2007,enhanced_ops,584,2026081584,529,251,0
bundibugyo_2007,enhanced_ops,585,2026081585,648,274,0
bundibugyo_2007,enhanced_ops,586,2026081586,582,260,0
bundibugyo_2007,enhanced_ops,587,2026081587,419,194,0
bundibugyo_2007,enhanced_ops,588,2026081588,648,289,0
bundibugyo_2007,enhanced_ops,589,2026081589,758,374,0
bundibugyo_2007,enhanced_ops,590,2026081590,741,340,0
bundibugyo_2007,enhanced_ops,591,2026081591,388,173,0
bundibugyo_2007,enhanced_ops,592,2026081592,653,305,0
bundibugyo_2007,enhanced_ops,593,2026081593,709,343,0
bundibugyo_2007,enhanced_ops,594,2026081594,649,294,0
bundibugyo_2007,enhanced_ops,595,2026081595,551,243,0
bundibugyo_2007,enhanced_ops,596,2026081596,792,347,0
bundibugyo_2007,enhanced_ops,597,2026081597,815,381,0
bundibugyo_2007,enhanced_ops,598,2026081598,505,207,0
bundibugyo_2007,enhanced_ops,599,2026081599,577,259,0
bundibugyo_2007,enhanced_ops,600,2026081600,599,292,0
bundibugyo_2007,enhanced_ops,601,2026081601,738,351,0
bundibugyo_2007,enhanced_ops,602,2026081602,730,327,0
bundibugyo_2007,enhanced_ops,603,2026081603,548,227,0
bundibugyo_2007,enhanced_ops,604,2026081604,791,365,0
bundibugyo_2007,enhanced_ops,605,2026081605,792,331,0
bundibugyo_2007,enhanced_ops,606,2026081606,611,298,0
bundibugyo_2007,enhanced_ops,607,2026081607,838,373,0
bundibugyo_2007,enhanced_ops,608,2026081608,514,216,0
bundibugyo_2007,enhanced_ops,609,2026081609,616,280,0
bundibugyo_2007,enhanced_ops,610,2026081610,490,236,0
bundibugyo_2007,enhanced_ops,611,2026081611,777,369,0
bundibugyo_2007,enhanced_ops,612,2026081612,730,353,0
bundibugyo_2007,enhanced_ops,613,2026081613,692,301,0
bundibugyo_2007,enhanced_ops,614,2026081614,751,347,0
bundibugyo_2007,enhanced_ops,615,2026081615,670,308,0
bundibugyo_2007,enhanced_ops,616,2026081616,785,376,0
bundibugyo_2007,enhanced_ops,617,2026081617,679,310,0
bundibugyo_2007,enhanced_ops,618,2026081618,751,331,0
bundibugyo_2007,enhanced_ops,619,2026081619,535,245,0
bundibugyo_2007,enhanced_ops,620,2026081620,409,192,0
bundibugyo_2007,enhanced_ops,621,2026081621,748,343,0
bundibugyo_2007,enhanced_ops,622,2026081622,618,271,0
bundibugyo_2007,enhanced_ops,623,2026081623,575,267,0
bundibugyo_2007,enhanced_ops,624,2026081624,491,232,0
bundibugyo_2007,enhanced_plus_comm40,0,2026081000,216,98,4000
bundibugyo_2007,enhanced_plus_comm40,1,2026081001,366,170,4000
bundibugyo_2007,enhanced_plus_comm40,2,2026081002,293,112,4000
bundibugyo_2007,enhanced_plus_comm40,3,2026081003,324,137,4000
bundibugyo_2007,enhanced_plus_comm40,4,2026081004,310,125,4000
bundibugyo_2007,enhanced_plus_comm40,5,2026081005,296,126,4000
bundibugyo_2007,enhanced_plus_comm40,6,2026081006,202,102,4000
bundibugyo_2007,enhanced_plus_comm40,7,2026081007,368,152,4000
bundibugyo_2007,enhanced_plus_comm40,8,2026081008,344,161,4000
bundibugyo_2007,enhanced_plus_comm40,9,2026081009,474,222,4000
bundibugyo_2007,enhanced_plus_comm40,10,2026081010,344,149,4000
bundibugyo_2007,enhanced_plus_comm40,11,2026081011,353,168,4000
bundibugyo_2007,enhanced_plus_comm40,12,2026081012,357,165,4000
bundibugyo_2007,enhanced_plus_comm40,13,2026081013,258,101,4000
bundibugyo_2007,enhanced_plus_comm40,14,2026081014,305,118,4000
bundibugyo_2007,enhanced_plus_comm40,15,2026081015,407,157,4000
bundibugyo_2007,enhanced_plus_comm40,16,2026081016,357,146,4000
bundibugyo_2007,enhanced_plus_comm40,17,2026081017,260,117,4000
bundibugyo_2007,enhanced_plus_comm40,18,2026081018,212,110,4000
bundibugyo_2007,enhanced_plus_comm40,19,2026081019,390,180,4000
bundibugyo_2007,enhanced_plus_comm40,20,2026081020,256,114,4000
bundibugyo_2007,enhanced_plus_comm40,21,2026081021,374,151,4000
bundibugyo_2007,enhanced_plus_comm40,22,2026081022,228,99,4000
bundibugyo_2007,enhanced_plus_comm40,23,2026081023,234,99,4000
bundibugyo_2007,enhanced_plus_comm40,24,2026081024,313,136,4000
bundibugyo_2007,enhanced_plus_comm40,25,2026081025,209,76,4000
bundibugyo_2007,enhanced_plus_comm40,26,2026081026,334,141,4000
bundibugyo_2007,enhanced_plus_comm40,27,2026081027,405,179,4000
bundibugyo_2007,enhanced_plus_comm40,28,2026081028,285,109,4000
bundibugyo_2007,enhanced_plus_comm40,29,2026081029,306,137,4000
bundibugyo_2007,enhanced_plus_comm40,30,2026081030,242,108,4000
bundibugyo_2007,enhanced_plus_comm40,31,2026081031,238,111,4000
bundibugyo_2007,enhanced_plus_comm40,32,2026081032,413,169,4000
bundibugyo_2007,enhanced_plus_comm40,33,2026081033,274,121,4000
bundibugyo_2007,enhanced_plus_comm40,34,2026081034,454,205,4000
bundibugyo_2007,enhanced_plus_comm40,35,2026081035,366,133,4000
bundibugyo_2007,enhanced_plus_comm40,36,2026081036,271,131,4000
bundibugyo_2007,enhanced_plus_comm40,37,2026081037,219,87,4000
bundibugyo_2007,enhanced_plus_comm40,38,2026081038,299,134,4000
bundibugyo_2007,enhanced_plus_comm40,39,2026081039,292,121,4000
bundibugyo_2007,enhanced_plus_comm40,40,2026081040,444,193,4000
bundibugyo_2007,enhanced_plus_comm40,41,2026081041,439,180,4000
bundibugyo_2007,enhanced_plus_comm40,42,2026081042,405,177,4000
bundibugyo_2007,enhanced_plus_comm40,43,2026081043,232,95,4000
bundibugyo_2007,enhanced_plus_comm40,44,2026081044,185,77,4000
bundibugyo_2007,enhanced_plus_comm40,45,2026081045,346,157,4000
bundibugyo_2007,enhanced_plus_comm40,46,2026081046,291,132,4000
bundibugyo_2007,enhanced_plus_comm40,47,2026081047,319,122,4000
bundibugyo_2007,enhanced_plus_comm40,48,2026081048,340,151,4000
bundibugyo_2007,enhanced_plus_comm40,49,2026081049,327,121,4000
bundibugyo_2007,enhanced_plus_comm40,50,2026081050,310,118,4000
bundibugyo_2007,enhanced_plus_comm40,51,2026081051,270,109,4000
bundibugyo_2007,enhanced_plus_comm40,52,2026081052,280,120,4000
bundibugyo_2007,enhanced_plus_comm40,53,2026081053,265,110,4000
bundibugyo_2007,enhanced_plus_comm40,54,2026081054,334,161,4000
bundibugyo_2007,enhanced_plus_comm40,55,2026081055,251,126,4000
bundibugyo_2007,enhanced_plus_comm40,56,2026081056,277,120,4000
bundibugyo_2007,enhanced_plus_comm40,57,2026081057,489,194,4000
bundibugyo_2007,enhanced_plus_comm40,58,2026081058,226,99,4000
bundibugyo_2007,enhanced_plus_comm40,59,2026081059,348,132,4000
bundibugyo_2007,enhanced_plus_comm40,60,2026081060,381,155,4000
bundibugyo_2007,enhanced_plus_comm40,61,2026081061,340,155,4000
bundibugyo_2007,enhanced_plus_comm40,62,2026081062,309,120,4000
bundibugyo_2007,enhanced_plus_comm40,63,2026081063,288,136,4000
bundibugyo_2007,enhanced_plus_comm40,64,2026081064,233,96,4000
bundibugyo_2007,enhanced_plus_comm40,65,2026081065,262,119,4000
bundibugyo_2007,enhanced_plus_comm40,66,2026081066,293,121,4000
bundibugyo_2007,enhanced_plus_comm40,67,2026081067,269,118,4000
bundibugyo_2007,enhanced_plus_comm40,68,2026081068,384,164,4000
bundibugyo_2007,enhanced_plus_comm40,69,2026081069,322,128,4000
bundibugyo_2007,enhanced_plus_comm40,70,2026081070,275,127,4000
bundibugyo_2007,enhanced_plus_comm40,71,2026081071,280,120,4000
bundibugyo_2007,enhanced_plus_comm40,72,2026081072,392,181,4000
bundibugyo_2007,enhanced_plus_comm40,73,2026081073,300,127,4000
bundibugyo_2007,enhanced_plus_comm40,74,2026081074,375,170,4000
bundibugyo_2007,enhanced_plus_comm40,75,2026081075,396,170,4000
bundibugyo_2007,enhanced_plus_comm40,76,2026081076,477,193,4000
bundibugyo_2007,enhanced_plus_comm40,77,2026081077,348,148,4000
bundibugyo_2007,enhanced_plus_comm40,78,2026081078,263,124,4000
bundibugyo_2007,enhanced_plus_comm40,79,2026081079,354,146,4000
bundibugyo_2007,enhanced_plus_comm40,80,2026081080,260,106,4000
bundibugyo_2007,enhanced_plus_comm40,81,2026081081,231,99,4000
bundibugyo_2007,enhanced_plus_comm40,82,2026081082,358,162,4000
bundibugyo_2007,enhanced_plus_comm40,83,2026081083,379,159,4000
bundibugyo_2007,enhanced_plus_comm40,84,2026081084,405,162,4000
bundibugyo_2007,enhanced_plus_comm40,85,2026081085,421,183,4000
bundibugyo_2007,enhanced_plus_comm40,86,2026081086,370,154,4000
bundibugyo_2007,enhanced_plus_comm40,87,2026081087,352,139,4000
bundibugyo_2007,enhanced_plus_comm40,88,2026081088,398,168,4000
bundibugyo_2007,enhanced_plus_comm40,89,2026081089,263,133,4000
bundibugyo_2007,enhanced_plus_comm40,90,2026081090,354,143,4000
bundibugyo_2007,enhanced_plus_comm40,91,2026081091,459,200,4000
bundibugyo_2007,enhanced_plus_comm40,92,2026081092,197,83,4000
bundibugyo_2007,enhanced_plus_comm40,93,2026081093,225,99,4000
bundibugyo_2007,enhanced_plus_comm40,94,2026081094,440,197,4000
bundibugyo_2007,enhanced_plus_comm40,95,2026081095,280,112,4000
bundibugyo_2007,enhanced_plus_comm40,96,2026081096,302,124,4000
bundibugyo_2007,enhanced_plus_comm40,97,2026081097,345,149,4000
bundibugyo_2007,enhanced_plus_comm40,98,2026081098,345,141,4000
bundibugyo_2007,enhanced_plus_comm40,99,2026081099,463,191,4000
bundibugyo_2007,enhanced_plus_comm40,100,2026081100,307,133,4000
bundibugyo_2007,enhanced_plus_comm40,101,2026081101,303,148,4000
bundibugyo_2007,enhanced_plus_comm40,102,2026081102,366,142,4000
bundibugyo_2007,enhanced_plus_comm40,103,2026081103,267,116,4000
bundibugyo_2007,enhanced_plus_comm40,104,2026081104,267,109,4000
bundibugyo_2007,enhanced_plus_comm40,105,2026081105,259,98,4000
bundibugyo_2007,enhanced_plus_comm40,106,2026081106,244,100,4000
bundibugyo_2007,enhanced_plus_comm40,107,2026081107,372,162,4000
bundibugyo_2007,enhanced_plus_comm40,108,2026081108,314,135,4000
bundibugyo_2007,enhanced_plus_comm40,109,2026081109,376,146,4000
bundibugyo_2007,enhanced_plus_comm40,110,2026081110,232,103,4000
bundibugyo_2007,enhanced_plus_comm40,111,2026081111,250,107,4000
bundibugyo_2007,enhanced_plus_comm40,112,2026081112,274,116,4000
bundibugyo_2007,enhanced_plus_comm40,113,2026081113,207,84,4000
bundibugyo_2007,enhanced_plus_comm40,114,2026081114,217,104,4000
bundibugyo_2007,enhanced_plus_comm40,115,2026081115,260,125,4000
bundibugyo_2007,enhanced_plus_comm40,116,2026081116,492,215,4000
bundibugyo_2007,enhanced_plus_comm40,117,2026081117,363,142,4000
bundibugyo_2007,enhanced_plus_comm40,118,2026081118,363,154,4000
bundibugyo_2007,enhanced_plus_comm40,119,2026081119,252,106,4000
bundibugyo_2007,enhanced_plus_comm40,120,2026081120,336,141,4000
bundibugyo_2007,enhanced_plus_comm40,121,2026081121,228,102,4000
bundibugyo_2007,enhanced_plus_comm40,122,2026081122,401,162,4000
bundibugyo_2007,enhanced_plus_comm40,123,2026081123,233,108,4000
bundibugyo_2007,enhanced_plus_comm40,124,2026081124,334,138,4000
bundibugyo_2007,enhanced_plus_comm40,125,2026081125,381,167,4000
bundibugyo_2007,enhanced_plus_comm40,126,2026081126,323,135,4000
bundibugyo_2007,enhanced_plus_comm40,127,2026081127,391,168,4000
bundibugyo_2007,enhanced_plus_comm40,128,2026081128,237,92,4000
bundibugyo_2007,enhanced_plus_comm40,129,2026081129,435,194,4000
bundibugyo_2007,enhanced_plus_comm40,130,2026081130,263,124,4000
bundibugyo_2007,enhanced_plus_comm40,131,2026081131,362,140,4000
bundibugyo_2007,enhanced_plus_comm40,132,2026081132,273,132,4000
bundibugyo_2007,enhanced_plus_comm40,133,2026081133,315,124,4000
bundibugyo_2007,enhanced_plus_comm40,134,2026081134,277,114,4000
bundibugyo_2007,enhanced_plus_comm40,135,2026081135,253,98,4000
bundibugyo_2007,enhanced_plus_comm40,136,2026081136,338,131,4000
bundibugyo_2007,enhanced_plus_comm40,137,2026081137,316,128,4000
bundibugyo_2007,enhanced_plus_comm40,138,2026081138,357,162,4000
bundibugyo_2007,enhanced_plus_comm40,139,2026081139,360,146,4000
bundibugyo_2007,enhanced_plus_comm40,140,2026081140,342,150,4000
bundibugyo_2007,enhanced_plus_comm40,141,2026081141,367,153,4000
bundibugyo_2007,enhanced_plus_comm40,142,2026081142,353,146,4000
bundibugyo_2007,enhanced_plus_comm40,143,2026081143,209,86,4000
bundibugyo_2007,enhanced_plus_comm40,144,2026081144,315,125,4000
bundibugyo_2007,enhanced_plus_comm40,145,2026081145,237,95,4000
bundibugyo_2007,enhanced_plus_comm40,146,2026081146,392,156,4000
bundibugyo_2007,enhanced_plus_comm40,147,2026081147,314,132,4000
bundibugyo_2007,enhanced_plus_comm40,148,2026081148,284,113,4000
bundibugyo_2007,enhanced_plus_comm40,149,2026081149,287,123,4000
bundibugyo_2007,enhanced_plus_comm40,150,2026081150,264,121,4000
bundibugyo_2007,enhanced_plus_comm40,151,2026081151,270,118,4000
bundibugyo_2007,enhanced_plus_comm40,152,2026081152,324,120,4000
bundibugyo_2007,enhanced_plus_comm40,153,2026081153,263,112,4000
bundibugyo_2007,enhanced_plus_comm40,154,2026081154,212,93,4000
bundibugyo_2007,enhanced_plus_comm40,155,2026081155,430,186,4000
bundibugyo_2007,enhanced_plus_comm40,156,2026081156,422,180,4000
bundibugyo_2007,enhanced_plus_comm40,157,2026081157,317,146,4000
bundibugyo_2007,enhanced_plus_comm40,158,2026081158,435,196,4000
bundibugyo_2007,enhanced_plus_comm40,159,2026081159,415,186,4000
bundibugyo_2007,enhanced_plus_comm40,160,2026081160,296,113,4000
bundibugyo_2007,enhanced_plus_comm40,161,2026081161,311,134,4000
bundibugyo_2007,enhanced_plus_comm40,162,2026081162,528,214,4000
bundibugyo_2007,enhanced_plus_comm40,163,2026081163,410,184,4000
bundibugyo_2007,enhanced_plus_comm40,164,2026081164,227,88,4000
bundibugyo_2007,enhanced_plus_comm40,165,2026081165,219,95,4000
bundibugyo_2007,enhanced_plus_comm40,166,2026081166,292,114,4000
bundibugyo_2007,enhanced_plus_comm40,167,2026081167,286,123,4000
bundibugyo_2007,enhanced_plus_comm40,168,2026081168,379,157,4000
bundibugyo_2007,enhanced_plus_comm40,169,2026081169,281,113,4000
bundibugyo_2007,enhanced_plus_comm40,170,2026081170,242,96,4000
bundibugyo_2007,enhanced_plus_comm40,171,2026081171,378,144,4000
bundibugyo_2007,enhanced_plus_comm40,172,2026081172,402,173,4000
bundibugyo_2007,enhanced_plus_comm40,173,2026081173,287,132,4000
bundibugyo_2007,enhanced_plus_comm40,174,2026081174,322,141,4000
bundibugyo_2007,enhanced_plus_comm40,175,2026081175,415,184,4000
bundibugyo_2007,enhanced_plus_comm40,176,2026081176,225,97,4000
bundibugyo_2007,enhanced_plus_comm40,177,2026081177,309,118,4000
bundibugyo_2007,enhanced_plus_comm40,178,2026081178,270,120,4000
bundibugyo_2007,enhanced_plus_comm40,179,2026081179,211,99,4000
bundibugyo_2007,enhanced_plus_comm40,180,2026081180,312,137,4000
bundibugyo_2007,enhanced_plus_comm40,181,2026081181,429,179,4000
bundibugyo_2007,enhanced_plus_comm40,182,2026081182,428,173,4000
bundibugyo_2007,enhanced_plus_comm40,183,2026081183,321,135,4000
bundibugyo_2007,enhanced_plus_comm40,184,2026081184,338,126,4000
bundibugyo_2007,enhanced_plus_comm40,185,2026081185,315,124,4000
bundibugyo_2007,enhanced_plus_comm40,186,2026081186,315,121,4000
bundibugyo_2007,enhanced_plus_comm40,187,2026081187,457,188,4000
bundibugyo_2007,enhanced_plus_comm40,188,2026081188,392,159,4000
bundibugyo_2007,enhanced_plus_comm40,189,2026081189,312,115,4000
bundibugyo_2007,enhanced_plus_comm40,190,2026081190,186,91,4000
bundibugyo_2007,enhanced_plus_comm40,191,2026081191,389,159,4000
bundibugyo_2007,enhanced_plus_comm40,192,2026081192,370,152,4000
bundibugyo_2007,enhanced_plus_comm40,193,2026081193,345,159,4000
bundibugyo_2007,enhanced_plus_comm40,194,2026081194,245,111,4000
bundibugyo_2007,enhanced_plus_comm40,195,2026081195,395,151,4000
bundibugyo_2007,enhanced_plus_comm40,196,2026081196,336,153,4000
bundibugyo_2007,enhanced_plus_comm40,197,2026081197,335,138,4000
bundibugyo_2007,enhanced_plus_comm40,198,2026081198,219,105,4000
bundibugyo_2007,enhanced_plus_comm40,199,2026081199,238,98,4000
bundibugyo_2007,enhanced_plus_comm40,200,2026081200,348,142,4000
bundibugyo_2007,enhanced_plus_comm40,201,2026081201,378,158,4000
bundibugyo_2007,enhanced_plus_comm40,202,2026081202,305,144,4000
bundibugyo_2007,enhanced_plus_comm40,203,2026081203,366,158,4000
bundibugyo_2007,enhanced_plus_comm40,204,2026081204,321,135,4000
bundibugyo_2007,enhanced_plus_comm40,205,2026081205,307,130,4000
bundibugyo_2007,enhanced_plus_comm40,206,2026081206,227,100,4000
bundibugyo_2007,enhanced_plus_comm40,207,2026081207,318,129,4000
bundibugyo_2007,enhanced_plus_comm40,208,2026081208,232,94,4000
bundibugyo_2007,enhanced_plus_comm40,209,2026081209,330,136,4000
bundibugyo_2007,enhanced_plus_comm40,210,2026081210,302,137,4000
bundibugyo_2007,enhanced_plus_comm40,211,2026081211,223,100,4000
bundibugyo_2007,enhanced_plus_comm40,212,2026081212,360,158,4000
bundibugyo_2007,enhanced_plus_comm40,213,2026081213,141,66,4000
bundibugyo_2007,enhanced_plus_comm40,214,2026081214,247,97,4000
bundibugyo_2007,enhanced_plus_comm40,215,2026081215,395,166,4000
bundibugyo_2007,enhanced_plus_comm40,216,2026081216,298,128,4000
bundibugyo_2007,enhanced_plus_comm40,217,2026081217,260,108,4000
bundibugyo_2007,enhanced_plus_comm40,218,2026081218,318,127,4000
bundibugyo_2007,enhanced_plus_comm40,219,2026081219,300,131,4000
bundibugyo_2007,enhanced_plus_comm40,220,2026081220,242,108,4000
bundibugyo_2007,enhanced_plus_comm40,221,2026081221,218,96,4000
bundibugyo_2007,enhanced_plus_comm40,222,2026081222,334,141,4000
bundibugyo_2007,enhanced_plus_comm40,223,2026081223,427,156,4000
bundibugyo_2007,enhanced_plus_comm40,224,2026081224,447,193,4000
bundibugyo_2007,enhanced_plus_comm40,225,2026081225,272,120,4000
bundibugyo_2007,enhanced_plus_comm40,226,2026081226,392,171,4000
bundibugyo_2007,enhanced_plus_comm40,227,2026081227,307,134,4000
bundibugyo_2007,enhanced_plus_comm40,228,2026081228,334,142,4000
bundibugyo_2007,enhanced_plus_comm40,229,2026081229,269,123,4000
bundibugyo_2007,enhanced_plus_comm40,230,2026081230,299,136,4000
bundibugyo_2007,enhanced_plus_comm40,231,2026081231,316,132,4000
bundibugyo_2007,enhanced_plus_comm40,232,2026081232,270,113,4000
bundibugyo_2007,enhanced_plus_comm40,233,2026081233,335,140,4000
bundibugyo_2007,enhanced_plus_comm40,234,2026081234,332,137,4000
bundibugyo_2007,enhanced_plus_comm40,235,2026081235,299,126,4000
bundibugyo_2007,enhanced_plus_comm40,236,2026081236,393,162,4000
bundibugyo_2007,enhanced_plus_comm40,237,2026081237,175,78,4000
bundibugyo_2007,enhanced_plus_comm40,238,2026081238,203,84,4000
bundibugyo_2007,enhanced_plus_comm40,239,2026081239,275,101,4000
bundibugyo_2007,enhanced_plus_comm40,240,2026081240,298,134,4000
bundibugyo_2007,enhanced_plus_comm40,241,2026081241,309,119,4000
bundibugyo_2007,enhanced_plus_comm40,242,2026081242,173,76,4000
bundibugyo_2007,enhanced_plus_comm40,243,2026081243,421,181,4000
bundibugyo_2007,enhanced_plus_comm40,244,2026081244,331,147,4000
bundibugyo_2007,enhanced_plus_comm40,245,2026081245,313,130,4000
bundibugyo_2007,enhanced_plus_comm40,246,2026081246,310,107,4000
bundibugyo_2007,enhanced_plus_comm40,247,2026081247,162,78,4000
bundibugyo_2007,enhanced_plus_comm40,248,2026081248,383,141,4000
bundibugyo_2007,enhanced_plus_comm40,249,2026081249,180,82,4000
bundibugyo_2007,enhanced_plus_comm40,250,2026081250,293,132,4000
bundibugyo_2007,enhanced_plus_comm40,251,2026081251,413,198,4000
bundibugyo_2007,enhanced_plus_comm40,252,2026081252,362,157,4000
bundibugyo_2007,enhanced_plus_comm40,253,2026081253,350,139,4000
bundibugyo_2007,enhanced_plus_comm40,254,2026081254,264,109,4000
bundibugyo_2007,enhanced_plus_comm40,255,2026081255,183,83,4000
bundibugyo_2007,enhanced_plus_comm40,256,2026081256,323,141,4000
bundibugyo_2007,enhanced_plus_comm40,257,2026081257,319,138,4000
bundibugyo_2007,enhanced_plus_comm40,258,2026081258,301,115,4000
bundibugyo_2007,enhanced_plus_comm40,259,2026081259,319,143,4000
bundibugyo_2007,enhanced_plus_comm40,260,2026081260,246,109,4000
bundibugyo_2007,enhanced_plus_comm40,261,2026081261,299,139,4000
bundibugyo_2007,enhanced_plus_comm40,262,2026081262,308,132,4000
bundibugyo_2007,enhanced_plus_comm40,263,2026081263,247,100,4000
bundibugyo_2007,enhanced_plus_comm40,264,2026081264,216,102,4000
bundibugyo_2007,enhanced_plus_comm40,265,2026081265,239,92,4000
bundibugyo_2007,enhanced_plus_comm40,266,2026081266,249,100,4000
bundibugyo_2007,enhanced_plus_comm40,267,2026081267,434,193,4000
bundibugyo_2007,enhanced_plus_comm40,268,2026081268,332,158,4000
bundibugyo_2007,enhanced_plus_comm40,269,2026081269,417,180,4000
bundibugyo_2007,enhanced_plus_comm40,270,2026081270,310,137,4000
bundibugyo_2007,enhanced_plus_comm40,271,2026081271,367,147,4000
bundibugyo_2007,enhanced_plus_comm40,272,2026081272,318,133,4000
bundibugyo_2007,enhanced_plus_comm40,273,2026081273,197,80,4000
bundibugyo_2007,enhanced_plus_comm40,274,2026081274,352,137,4000
bundibugyo_2007,enhanced_plus_comm40,275,2026081275,342,144,4000
bundibugyo_2007,enhanced_plus_comm40,276,2026081276,369,164,4000
bundibugyo_2007,enhanced_plus_comm40,277,2026081277,257,109,4000
bundibugyo_2007,enhanced_plus_comm40,278,2026081278,256,99,4000
bundibugyo_2007,enhanced_plus_comm40,279,2026081279,328,145,4000
bundibugyo_2007,enhanced_plus_comm40,280,2026081280,241,107,4000
bundibugyo_2007,enhanced_plus_comm40,281,2026081281,262,122,4000
bundibugyo_2007,enhanced_plus_comm40,282,2026081282,390,157,4000
bundibugyo_2007,enhanced_plus_comm40,283,2026081283,281,121,4000
bundibugyo_2007,enhanced_plus_comm40,284,2026081284,367,153,4000
bundibugyo_2007,enhanced_plus_comm40,285,2026081285,320,126,4000
bundibugyo_2007,enhanced_plus_comm40,286,2026081286,279,121,4000
bundibugyo_2007,enhanced_plus_comm40,287,2026081287,234,103,4000
bundibugyo_2007,enhanced_plus_comm40,288,2026081288,352,140,4000
bundibugyo_2007,enhanced_plus_comm40,289,2026081289,430,186,4000
bundibugyo_2007,enhanced_plus_comm40,290,2026081290,188,80,4000
bundibugyo_2007,enhanced_plus_comm40,291,2026081291,398,156,4000
bundibugyo_2007,enhanced_plus_comm40,292,2026081292,284,122,4000
bundibugyo_2007,enhanced_plus_comm40,293,2026081293,488,203,4000
bundibugyo_2007,enhanced_plus_comm40,294,2026081294,337,152,4000
bundibugyo_2007,enhanced_plus_comm40,295,2026081295,247,106,4000
bundibugyo_2007,enhanced_plus_comm40,296,2026081296,489,212,4000
bundibugyo_2007,enhanced_plus_comm40,297,2026081297,234,103,4000
bundibugyo_2007,enhanced_plus_comm40,298,2026081298,345,138,4000
bundibugyo_2007,enhanced_plus_comm40,299,2026081299,281,128,4000
bundibugyo_2007,enhanced_plus_comm40,300,2026081300,278,111,4000
bundibugyo_2007,enhanced_plus_comm40,301,2026081301,312,130,4000
bundibugyo_2007,enhanced_plus_comm40,302,2026081302,320,141,4000
bundibugyo_2007,enhanced_plus_comm40,303,2026081303,285,132,4000
bundibugyo_2007,enhanced_plus_comm40,304,2026081304,448,180,4000
bundibugyo_2007,enhanced_plus_comm40,305,2026081305,336,132,4000
bundibugyo_2007,enhanced_plus_comm40,306,2026081306,223,92,4000
bundibugyo_2007,enhanced_plus_comm40,307,2026081307,304,114,4000
bundibugyo_2007,enhanced_plus_comm40,308,2026081308,360,153,4000
bundibugyo_2007,enhanced_plus_comm40,309,2026081309,359,157,4000
bundibugyo_2007,enhanced_plus_comm40,310,2026081310,277,126,4000
bundibugyo_2007,enhanced_plus_comm40,311,2026081311,514,220,4000
bundibugyo_2007,enhanced_plus_comm40,312,2026081312,284,129,4000
bundibugyo_2007,enhanced_plus_comm40,313,2026081313,301,112,4000
bundibugyo_2007,enhanced_plus_comm40,314,2026081314,315,136,4000
bundibugyo_2007,enhanced_plus_comm40,315,2026081315,280,122,4000
bundibugyo_2007,enhanced_plus_comm40,316,2026081316,313,116,4000
bundibugyo_2007,enhanced_plus_comm40,317,2026081317,308,129,4000
bundibugyo_2007,enhanced_plus_comm40,318,2026081318,314,138,4000
bundibugyo_2007,enhanced_plus_comm40,319,2026081319,311,132,4000
bundibugyo_2007,enhanced_plus_comm40,320,2026081320,301,134,4000
bundibugyo_2007,enhanced_plus_comm40,321,2026081321,340,140,4000
bundibugyo_2007,enhanced_plus_comm40,322,2026081322,288,121,4000
bundibugyo_2007,enhanced_plus_comm40,323,2026081323,309,141,4000
bundibugyo_2007,enhanced_plus_comm40,324,2026081324,243,104,4000
bundibugyo_2007,enhanced_plus_comm40,325,2026081325,347,142,4000
bundibugyo_2007,enhanced_plus_comm40,326,2026081326,314,125,4000
bundibugyo_2007,enhanced_plus_comm40,327,2026081327,374,151,4000
bundibugyo_2007,enhanced_plus_comm40,328,2026081328,340,150,4000
bundibugyo_2007,enhanced_plus_comm40,329,2026081329,429,187,4000
bundibugyo_2007,enhanced_plus_comm40,330,2026081330,285,106,4000
bundibugyo_2007,enhanced_plus_comm40,331,2026081331,267,110,4000
bundibugyo_2007,enhanced_plus_comm40,332,2026081332,148,59,4000
bundibugyo_2007,enhanced_plus_comm40,333,2026081333,340,150,4000
bundibugyo_2007,enhanced_plus_comm40,334,2026081334,281,134,4000
bundibugyo_2007,enhanced_plus_comm40,335,2026081335,330,139,4000
bundibugyo_2007,enhanced_plus_comm40,336,2026081336,319,125,4000
bundibugyo_2007,enhanced_plus_comm40,337,2026081337,314,136,4000
bundibugyo_2007,enhanced_plus_comm40,338,2026081338,272,133,4000
bundibugyo_2007,enhanced_plus_comm40,339,2026081339,266,109,4000
bundibugyo_2007,enhanced_plus_comm40,340,2026081340,373,155,4000
bundibugyo_2007,enhanced_plus_comm40,341,2026081341,237,108,4000
bundibugyo_2007,enhanced_plus_comm40,342,2026081342,132,61,4000
bundibugyo_2007,enhanced_plus_comm40,343,2026081343,289,125,4000
bundibugyo_2007,enhanced_plus_comm40,344,2026081344,335,137,4000
bundibugyo_2007,enhanced_plus_comm40,345,2026081345,342,154,4000
bundibugyo_2007,enhanced_plus_comm40,346,2026081346,297,134,4000
bundibugyo_2007,enhanced_plus_comm40,347,2026081347,308,140,4000
bundibugyo_2007,enhanced_plus_comm40,348,2026081348,206,91,4000
bundibugyo_2007,enhanced_plus_comm40,349,2026081349,277,122,4000
bundibugyo_2007,enhanced_plus_comm40,350,2026081350,216,101,4000
bundibugyo_2007,enhanced_plus_comm40,351,2026081351,438,179,4000
bundibugyo_2007,enhanced_plus_comm40,352,2026081352,279,116,4000
bundibugyo_2007,enhanced_plus_comm40,353,2026081353,437,190,4000
bundibugyo_2007,enhanced_plus_comm40,354,2026081354,320,146,4000
bundibugyo_2007,enhanced_plus_comm40,355,2026081355,292,124,4000
bundibugyo_2007,enhanced_plus_comm40,356,2026081356,341,132,4000
bundibugyo_2007,enhanced_plus_comm40,357,2026081357,198,92,4000
bundibugyo_2007,enhanced_plus_comm40,358,2026081358,357,149,4000
bundibugyo_2007,enhanced_plus_comm40,359,2026081359,399,164,4000
bundibugyo_2007,enhanced_plus_comm40,360,2026081360,476,200,4000
bundibugyo_2007,enhanced_plus_comm40,361,2026081361,247,107,4000
bundibugyo_2007,enhanced_plus_comm40,362,2026081362,281,110,4000
bundibugyo_2007,enhanced_plus_comm40,363,2026081363,464,172,4000
bundibugyo_2007,enhanced_plus_comm40,364,2026081364,279,129,4000
bundibugyo_2007,enhanced_plus_comm40,365,2026081365,337,128,4000
bundibugyo_2007,enhanced_plus_comm40,366,2026081366,292,135,4000
bundibugyo_2007,enhanced_plus_comm40,367,2026081367,260,102,4000
bundibugyo_2007,enhanced_plus_comm40,368,2026081368,230,110,4000
bundibugyo_2007,enhanced_plus_comm40,369,2026081369,367,165,4000
bundibugyo_2007,enhanced_plus_comm40,370,2026081370,350,148,4000
bundibugyo_2007,enhanced_plus_comm40,371,2026081371,337,137,4000
bundibugyo_2007,enhanced_plus_comm40,372,2026081372,300,125,4000
bundibugyo_2007,enhanced_plus_comm40,373,2026081373,283,113,4000
bundibugyo_2007,enhanced_plus_comm40,374,2026081374,274,127,4000
bundibugyo_2007,enhanced_plus_comm40,375,2026081375,341,134,4000
bundibugyo_2007,enhanced_plus_comm40,376,2026081376,340,139,4000
bundibugyo_2007,enhanced_plus_comm40,377,2026081377,242,120,4000
bundibugyo_2007,enhanced_plus_comm40,378,2026081378,362,151,4000
bundibugyo_2007,enhanced_plus_comm40,379,2026081379,272,123,4000
bundibugyo_2007,enhanced_plus_comm40,380,2026081380,329,140,4000
bundibugyo_2007,enhanced_plus_comm40,381,2026081381,304,136,4000
bundibugyo_2007,enhanced_plus_comm40,382,2026081382,199,95,4000
bundibugyo_2007,enhanced_plus_comm40,383,2026081383,490,204,4000
bundibugyo_2007,enhanced_plus_comm40,384,2026081384,318,152,4000
bundibugyo_2007,enhanced_plus_comm40,385,2026081385,246,107,4000
bundibugyo_2007,enhanced_plus_comm40,386,2026081386,443,177,4000
bundibugyo_2007,enhanced_plus_comm40,387,2026081387,462,209,4000
bundibugyo_2007,enhanced_plus_comm40,388,2026081388,271,115,4000
bundibugyo_2007,enhanced_plus_comm40,389,2026081389,244,112,4000
bundibugyo_2007,enhanced_plus_comm40,390,2026081390,321,141,4000
bundibugyo_2007,enhanced_plus_comm40,391,2026081391,206,94,4000
bundibugyo_2007,enhanced_plus_comm40,392,2026081392,319,138,4000
bundibugyo_2007,enhanced_plus_comm40,393,2026081393,215,82,4000
bundibugyo_2007,enhanced_plus_comm40,394,2026081394,332,133,4000
bundibugyo_2007,enhanced_plus_comm40,395,2026081395,330,156,4000
bundibugyo_2007,enhanced_plus_comm40,396,2026081396,216,94,4000
bundibugyo_2007,enhanced_plus_comm40,397,2026081397,266,110,4000
bundibugyo_2007,enhanced_plus_comm40,398,2026081398,385,161,4000
bundibugyo_2007,enhanced_plus_comm40,399,2026081399,204,89,4000
bundibugyo_2007,enhanced_plus_comm40,400,2026081400,212,104,4000
bundibugyo_2007,enhanced_plus_comm40,401,2026081401,325,125,4000
bundibugyo_2007,enhanced_plus_comm40,402,2026081402,269,115,4000
bundibugyo_2007,enhanced_plus_comm40,403,2026081403,332,138,4000
bundibugyo_2007,enhanced_plus_comm40,404,2026081404,250,99,4000
bundibugyo_2007,enhanced_plus_comm40,405,2026081405,237,121,4000
bundibugyo_2007,enhanced_plus_comm40,406,2026081406,377,152,4000
bundibugyo_2007,enhanced_plus_comm40,407,2026081407,322,129,4000
bundibugyo_2007,enhanced_plus_comm40,408,2026081408,394,154,4000
bundibugyo_2007,enhanced_plus_comm40,409,2026081409,393,154,4000
bundibugyo_2007,enhanced_plus_comm40,410,2026081410,289,113,4000
bundibugyo_2007,enhanced_plus_comm40,411,2026081411,357,165,4000
bundibugyo_2007,enhanced_plus_comm40,412,2026081412,365,156,4000
bundibugyo_2007,enhanced_plus_comm40,413,2026081413,253,116,4000
bundibugyo_2007,enhanced_plus_comm40,414,2026081414,226,102,4000
bundibugyo_2007,enhanced_plus_comm40,415,2026081415,350,153,4000
bundibugyo_2007,enhanced_plus_comm40,416,2026081416,324,123,4000
bundibugyo_2007,enhanced_plus_comm40,417,2026081417,162,67,4000
bundibugyo_2007,enhanced_plus_comm40,418,2026081418,297,113,4000
bundibugyo_2007,enhanced_plus_comm40,419,2026081419,343,144,4000
bundibugyo_2007,enhanced_plus_comm40,420,2026081420,252,108,4000
bundibugyo_2007,enhanced_plus_comm40,421,2026081421,244,106,4000
bundibugyo_2007,enhanced_plus_comm40,422,2026081422,261,121,4000
bundibugyo_2007,enhanced_plus_comm40,423,2026081423,368,151,4000
bundibugyo_2007,enhanced_plus_comm40,424,2026081424,271,115,4000
bundibugyo_2007,enhanced_plus_comm40,425,2026081425,185,68,4000
bundibugyo_2007,enhanced_plus_comm40,426,2026081426,286,125,4000
bundibugyo_2007,enhanced_plus_comm40,427,2026081427,213,93,4000
bundibugyo_2007,enhanced_plus_comm40,428,2026081428,292,123,4000
bundibugyo_2007,enhanced_plus_comm40,429,2026081429,232,98,4000
bundibugyo_2007,enhanced_plus_comm40,430,2026081430,290,117,4000
bundibugyo_2007,enhanced_plus_comm40,431,2026081431,320,133,4000
bundibugyo_2007,enhanced_plus_comm40,432,2026081432,171,85,4000
bundibugyo_2007,enhanced_plus_comm40,433,2026081433,275,112,4000
bundibugyo_2007,enhanced_plus_comm40,434,2026081434,320,133,4000
bundibugyo_2007,enhanced_plus_comm40,435,2026081435,306,121,4000
bundibugyo_2007,enhanced_plus_comm40,436,2026081436,366,170,4000
bundibugyo_2007,enhanced_plus_comm40,437,2026081437,356,149,4000
bundibugyo_2007,enhanced_plus_comm40,438,2026081438,252,115,4000
bundibugyo_2007,enhanced_plus_comm40,439,2026081439,327,141,4000
bundibugyo_2007,enhanced_plus_comm40,440,2026081440,520,260,4000
bundibugyo_2007,enhanced_plus_comm40,441,2026081441,335,155,4000
bundibugyo_2007,enhanced_plus_comm40,442,2026081442,193,82,4000
bundibugyo_2007,enhanced_plus_comm40,443,2026081443,416,183,4000
bundibugyo_2007,enhanced_plus_comm40,444,2026081444,363,154,4000
bundibugyo_2007,enhanced_plus_comm40,445,2026081445,393,172,4000
bundibugyo_2007,enhanced_plus_comm40,446,2026081446,262,120,4000
bundibugyo_2007,enhanced_plus_comm40,447,2026081447,407,168,4000
bundibugyo_2007,enhanced_plus_comm40,448,2026081448,230,95,4000
bundibugyo_2007,enhanced_plus_comm40,449,2026081449,181,83,4000
bundibugyo_2007,enhanced_plus_comm40,450,2026081450,264,115,4000
bundibugyo_2007,enhanced_plus_comm40,451,2026081451,410,178,4000
bundibugyo_2007,enhanced_plus_comm40,452,2026081452,205,76,4000
bundibugyo_2007,enhanced_plus_comm40,453,2026081453,197,83,4000
bundibugyo_2007,enhanced_plus_comm40,454,2026081454,298,121,4000
bundibugyo_2007,enhanced_plus_comm40,455,2026081455,385,165,4000
bundibugyo_2007,enhanced_plus_comm40,456,2026081456,263,124,4000
bundibugyo_2007,enhanced_plus_comm40,457,2026081457,260,112,4000
bundibugyo_2007,enhanced_plus_comm40,458,2026081458,281,118,4000
bundibugyo_2007,enhanced_plus_comm40,459,2026081459,251,113,4000
bundibugyo_2007,enhanced_plus_comm40,460,2026081460,377,153,4000
bundibugyo_2007,enhanced_plus_comm40,461,2026081461,189,93,4000
bundibugyo_2007,enhanced_plus_comm40,462,2026081462,324,143,4000
bundibugyo_2007,enhanced_plus_comm40,463,2026081463,311,126,4000
bundibugyo_2007,enhanced_plus_comm40,464,2026081464,339,133,4000
bundibugyo_2007,enhanced_plus_comm40,465,2026081465,408,178,4000
bundibugyo_2007,enhanced_plus_comm40,466,2026081466,383,172,4000
bundibugyo_2007,enhanced_plus_comm40,467,2026081467,318,137,4000
bundibugyo_2007,enhanced_plus_comm40,468,2026081468,346,152,4000
bundibugyo_2007,enhanced_plus_comm40,469,2026081469,237,88,4000
bundibugyo_2007,enhanced_plus_comm40,470,2026081470,428,198,4000
bundibugyo_2007,enhanced_plus_comm40,471,2026081471,201,78,4000
bundibugyo_2007,enhanced_plus_comm40,472,2026081472,239,96,4000
bundibugyo_2007,enhanced_plus_comm40,473,2026081473,388,174,4000
bundibugyo_2007,enhanced_plus_comm40,474,2026081474,314,122,4000
bundibugyo_2007,enhanced_plus_comm40,475,2026081475,249,110,4000
bundibugyo_2007,enhanced_plus_comm40,476,2026081476,332,139,4000
bundibugyo_2007,enhanced_plus_comm40,477,2026081477,378,157,4000
bundibugyo_2007,enhanced_plus_comm40,478,2026081478,335,150,4000
bundibugyo_2007,enhanced_plus_comm40,479,2026081479,228,93,4000
bundibugyo_2007,enhanced_plus_comm40,480,2026081480,213,92,4000
bundibugyo_2007,enhanced_plus_comm40,481,2026081481,299,122,4000
bundibugyo_2007,enhanced_plus_comm40,482,2026081482,229,101,4000
bundibugyo_2007,enhanced_plus_comm40,483,2026081483,336,129,4000
bundibugyo_2007,enhanced_plus_comm40,484,2026081484,229,99,4000
bundibugyo_2007,enhanced_plus_comm40,485,2026081485,305,127,4000
bundibugyo_2007,enhanced_plus_comm40,486,2026081486,246,107,4000
bundibugyo_2007,enhanced_plus_comm40,487,2026081487,225,93,4000
bundibugyo_2007,enhanced_plus_comm40,488,2026081488,227,102,4000
bundibugyo_2007,enhanced_plus_comm40,489,2026081489,309,138,4000
bundibugyo_2007,enhanced_plus_comm40,490,2026081490,323,129,4000
bundibugyo_2007,enhanced_plus_comm40,491,2026081491,262,111,4000
bundibugyo_2007,enhanced_plus_comm40,492,2026081492,158,61,4000
bundibugyo_2007,enhanced_plus_comm40,493,2026081493,256,108,4000
bundibugyo_2007,enhanced_plus_comm40,494,2026081494,331,120,4000
bundibugyo_2007,enhanced_plus_comm40,495,2026081495,364,143,4000
bundibugyo_2007,enhanced_plus_comm40,496,2026081496,311,143,4000
bundibugyo_2007,enhanced_plus_comm40,497,2026081497,280,119,4000
bundibugyo_2007,enhanced_plus_comm40,498,2026081498,357,136,4000
bundibugyo_2007,enhanced_plus_comm40,499,2026081499,419,181,4000
bundibugyo_2007,enhanced_plus_comm40,500,2026081500,263,116,4000
bundibugyo_2007,enhanced_plus_comm40,501,2026081501,233,102,4000
bundibugyo_2007,enhanced_plus_comm40,502,2026081502,395,184,4000
bundibugyo_2007,enhanced_plus_comm40,503,2026081503,277,115,4000
bundibugyo_2007,enhanced_plus_comm40,504,2026081504,311,141,4000
bundibugyo_2007,enhanced_plus_comm40,505,2026081505,254,116,4000
bundibugyo_2007,enhanced_plus_comm40,506,2026081506,275,105,4000
bundibugyo_2007,enhanced_plus_comm40,507,2026081507,305,126,4000
bundibugyo_2007,enhanced_plus_comm40,508,2026081508,377,139,4000
bundibugyo_2007,enhanced_plus_comm40,509,2026081509,277,107,4000
bundibugyo_2007,enhanced_plus_comm40,510,2026081510,500,206,4000
bundibugyo_2007,enhanced_plus_comm40,511,2026081511,320,141,4000
bundibugyo_2007,enhanced_plus_comm40,512,2026081512,389,184,4000
bundibugyo_2007,enhanced_plus_comm40,513,2026081513,292,132,4000
bundibugyo_2007,enhanced_plus_comm40,514,2026081514,402,167,4000
bundibugyo_2007,enhanced_plus_comm40,515,2026081515,221,96,4000
bundibugyo_2007,enhanced_plus_comm40,516,2026081516,302,111,4000
bundibugyo_2007,enhanced_plus_comm40,517,2026081517,354,149,4000
bundibugyo_2007,enhanced_plus_comm40,518,2026081518,168,68,4000
bundibugyo_2007,enhanced_plus_comm40,519,2026081519,282,113,4000
bundibugyo_2007,enhanced_plus_comm40,520,2026081520,467,197,4000
bundibugyo_2007,enhanced_plus_comm40,521,2026081521,407,178,4000
bundibugyo_2007,enhanced_plus_comm40,522,2026081522,336,152,4000
bundibugyo_2007,enhanced_plus_comm40,523,2026081523,341,138,4000
bundibugyo_2007,enhanced_plus_comm40,524,2026081524,307,135,4000
bundibugyo_2007,enhanced_plus_comm40,525,2026081525,295,137,4000
bundibugyo_2007,enhanced_plus_comm40,526,2026081526,193,74,4000
bundibugyo_2007,enhanced_plus_comm40,527,2026081527,253,107,4000
bundibugyo_2007,enhanced_plus_comm40,528,2026081528,415,188,4000
bundibugyo_2007,enhanced_plus_comm40,529,2026081529,305,110,4000
bundibugyo_2007,enhanced_plus_comm40,530,2026081530,347,145,4000
bundibugyo_2007,enhanced_plus_comm40,531,2026081531,339,144,4000
bundibugyo_2007,enhanced_plus_comm40,532,2026081532,182,76,4000
bundibugyo_2007,enhanced_plus_comm40,533,2026081533,323,136,4000
bundibugyo_2007,enhanced_plus_comm40,534,2026081534,291,130,4000
bundibugyo_2007,enhanced_plus_comm40,535,2026081535,369,138,4000
bundibugyo_2007,enhanced_plus_comm40,536,2026081536,360,153,4000
bundibugyo_2007,enhanced_plus_comm40,537,2026081537,383,174,4000
bundibugyo_2007,enhanced_plus_comm40,538,2026081538,265,121,4000
bundibugyo_2007,enhanced_plus_comm40,539,2026081539,324,132,4000
bundibugyo_2007,enhanced_plus_comm40,540,2026081540,369,160,4000
bundibugyo_2007,enhanced_plus_comm40,541,2026081541,240,102,4000
bundibugyo_2007,enhanced_plus_comm40,542,2026081542,189,80,4000
bundibugyo_2007,enhanced_plus_comm40,543,2026081543,468,191,4000
bundibugyo_2007,enhanced_plus_comm40,544,2026081544,293,128,4000
bundibugyo_2007,enhanced_plus_comm40,545,2026081545,314,133,4000
bundibugyo_2007,enhanced_plus_comm40,546,2026081546,236,111,4000
bundibugyo_2007,enhanced_plus_comm40,547,2026081547,460,180,4000
bundibugyo_2007,enhanced_plus_comm40,548,2026081548,264,107,4000
bundibugyo_2007,enhanced_plus_comm40,549,2026081549,467,197,4000
bundibugyo_2007,enhanced_plus_comm40,550,2026081550,450,211,4000
bundibugyo_2007,enhanced_plus_comm40,551,2026081551,365,149,4000
bundibugyo_2007,enhanced_plus_comm40,552,2026081552,272,111,4000
bundibugyo_2007,enhanced_plus_comm40,553,2026081553,405,162,4000
bundibugyo_2007,enhanced_plus_comm40,554,2026081554,392,178,4000
bundibugyo_2007,enhanced_plus_comm40,555,2026081555,351,155,4000
bundibugyo_2007,enhanced_plus_comm40,556,2026081556,374,156,4000
bundibugyo_2007,enhanced_plus_comm40,557,2026081557,205,86,4000
bundibugyo_2007,enhanced_plus_comm40,558,2026081558,342,145,4000
bundibugyo_2007,enhanced_plus_comm40,559,2026081559,321,136,4000
bundibugyo_2007,enhanced_plus_comm40,560,2026081560,464,190,4000
bundibugyo_2007,enhanced_plus_comm40,561,2026081561,327,132,4000
bundibugyo_2007,enhanced_plus_comm40,562,2026081562,402,178,4000
bundibugyo_2007,enhanced_plus_comm40,563,2026081563,335,144,4000
bundibugyo_2007,enhanced_plus_comm40,564,2026081564,219,92,4000
bundibugyo_2007,enhanced_plus_comm40,565,2026081565,265,111,4000
bundibugyo_2007,enhanced_plus_comm40,566,2026081566,322,137,4000
bundibugyo_2007,enhanced_plus_comm40,567,2026081567,358,136,4000
bundibugyo_2007,enhanced_plus_comm40,568,2026081568,349,158,4000
bundibugyo_2007,enhanced_plus_comm40,569,2026081569,308,137,4000
bundibugyo_2007,enhanced_plus_comm40,570,2026081570,241,114,4000
bundibugyo_2007,enhanced_plus_comm40,571,2026081571,331,144,4000
bundibugyo_2007,enhanced_plus_comm40,572,2026081572,376,146,4000
bundibugyo_2007,enhanced_plus_comm40,573,2026081573,320,146,4000
bundibugyo_2007,enhanced_plus_comm40,574,2026081574,267,120,4000
bundibugyo_2007,enhanced_plus_comm40,575,2026081575,201,82,4000
bundibugyo_2007,enhanced_plus_comm40,576,2026081576,279,106,4000
bundibugyo_2007,enhanced_plus_comm40,577,2026081577,195,76,4000
bundibugyo_2007,enhanced_plus_comm40,578,2026081578,306,142,4000
bundibugyo_2007,enhanced_plus_comm40,579,2026081579,339,152,4000
bundibugyo_2007,enhanced_plus_comm40,580,2026081580,342,142,4000
bundibugyo_2007,enhanced_plus_comm40,581,2026081581,371,152,4000
bundibugyo_2007,enhanced_plus_comm40,582,2026081582,249,103,4000
bundibugyo_2007,enhanced_plus_comm40,583,2026081583,258,99,4000
bundibugyo_2007,enhanced_plus_comm40,584,2026081584,475,210,4000
bundibugyo_2007,enhanced_plus_comm40,585,2026081585,327,126,4000
bundibugyo_2007,enhanced_plus_comm40,586,2026081586,354,148,4000
bundibugyo_2007,enhanced_plus_comm40,587,2026081587,174,78,4000
bundibugyo_2007,enhanced_plus_comm40,588,2026081588,394,170,4000
bundibugyo_2007,enhanced_plus_comm40,589,2026081589,369,163,4000
bundibugyo_2007,enhanced_plus_comm40,590,2026081590,374,148,4000
bundibugyo_2007,enhanced_plus_comm40,591,2026081591,217,96,4000
bundibugyo_2007,enhanced_plus_comm40,592,2026081592,300,125,4000
bundibugyo_2007,enhanced_plus_comm40,593,2026081593,291,119,4000
bundibugyo_2007,enhanced_plus_comm40,594,2026081594,271,120,4000
bundibugyo_2007,enhanced_plus_comm40,595,2026081595,334,136,4000
bundibugyo_2007,enhanced_plus_comm40,596,2026081596,309,122,4000
bundibugyo_2007,enhanced_plus_comm40,597,2026081597,296,125,4000
bundibugyo_2007,enhanced_plus_comm40,598,2026081598,220,89,4000
bundibugyo_2007,enhanced_plus_comm40,599,2026081599,431,187,4000
bundibugyo_2007,enhanced_plus_comm40,600,2026081600,403,192,4000
bundibugyo_2007,enhanced_plus_comm40,601,2026081601,220,109,4000
bundibugyo_2007,enhanced_plus_comm40,602,2026081602,272,120,4000
bundibugyo_2007,enhanced_plus_comm40,603,2026081603,265,101,4000
bundibugyo_2007,enhanced_plus_comm40,604,2026081604,233,106,4000
bundibugyo_2007,enhanced_plus_comm40,605,2026081605,347,139,4000
bundibugyo_2007,enhanced_plus_comm40,606,2026081606,303,143,4000
bundibugyo_2007,enhanced_plus_comm40,607,2026081607,465,187,4000
bundibugyo_2007,enhanced_plus_comm40,608,2026081608,304,119,4000
bundibugyo_2007,enhanced_plus_comm40,609,2026081609,317,135,4000
bundibugyo_2007,enhanced_plus_comm40,610,2026081610,266,118,4000
bundibugyo_2007,enhanced_plus_comm40,611,2026081611,390,166,4000
bundibugyo_2007,enhanced_plus_comm40,612,2026081612,210,95,4000
bundibugyo_2007,enhanced_plus_comm40,613,2026081613,395,164,4000
bundibugyo_2007,enhanced_plus_comm40,614,2026081614,245,99,4000
bundibugyo_2007,enhanced_plus_comm40,615,2026081615,387,156,4000
bundibugyo_2007,enhanced_plus_comm40,616,2026081616,352,145,4000
bundibugyo_2007,enhanced_plus_comm40,617,2026081617,252,102,4000
bundibugyo_2007,enhanced_plus_comm40,618,2026081618,243,103,4000
bundibugyo_2007,enhanced_plus_comm40,619,2026081619,291,130,4000
bundibugyo_2007,enhanced_plus_comm40,620,2026081620,332,149,4000
bundibugyo_2007,enhanced_plus_comm40,621,2026081621,280,116,4000
bundibugyo_2007,enhanced_plus_comm40,622,2026081622,412,167,4000
bundibugyo_2007,enhanced_plus_comm40,623,2026081623,254,111,4000
bundibugyo_2007,enhanced_plus_comm40,624,2026081624,363,159,4000
bundibugyo_2007,enhanced_plus_ring2,0,2026081000,235,101,8328
bundibugyo_2007,enhanced_plus_ring2,1,2026081001,540,254,7915
bundibugyo_2007,enhanced_plus_ring2,2,2026081002,505,196,8080
bundibugyo_2007,enhanced_plus_ring2,3,2026081003,500,208,8002
bundibugyo_2007,enhanced_plus_ring2,4,2026081004,549,216,8042
bundibugyo_2007,enhanced_plus_ring2,5,2026081005,459,193,8084
bundibugyo_2007,enhanced_plus_ring2,6,2026081006,366,175,8213
bundibugyo_2007,enhanced_plus_ring2,7,2026081007,380,156,8209
bundibugyo_2007,enhanced_plus_ring2,8,2026081008,358,170,7860
bundibugyo_2007,enhanced_plus_ring2,9,2026081009,546,255,8232
bundibugyo_2007,enhanced_plus_ring2,10,2026081010,348,150,8219
bundibugyo_2007,enhanced_plus_ring2,11,2026081011,421,190,7979
bundibugyo_2007,enhanced_plus_ring2,12,2026081012,417,195,8144
bundibugyo_2007,enhanced_plus_ring2,13,2026081013,335,138,8291
bundibugyo_2007,enhanced_plus_ring2,14,2026081014,368,159,8270
bundibugyo_2007,enhanced_plus_ring2,15,2026081015,327,121,8201
bundibugyo_2007,enhanced_plus_ring2,16,2026081016,544,236,8017
bundibugyo_2007,enhanced_plus_ring2,17,2026081017,408,189,8138
bundibugyo_2007,enhanced_plus_ring2,18,2026081018,376,182,7937
bundibugyo_2007,enhanced_plus_ring2,19,2026081019,427,184,8218
bundibugyo_2007,enhanced_plus_ring2,20,2026081020,274,125,8324
bundibugyo_2007,enhanced_plus_ring2,21,2026081021,330,140,8099
bundibugyo_2007,enhanced_plus_ring2,22,2026081022,287,131,8265
bundibugyo_2007,enhanced_plus_ring2,23,2026081023,308,136,8210
bundibugyo_2007,enhanced_plus_ring2,24,2026081024,562,258,8229
bundibugyo_2007,enhanced_plus_ring2,25,2026081025,264,98,8221
bundibugyo_2007,enhanced_plus_ring2,26,2026081026,408,175,8015
bundibugyo_2007,enhanced_plus_ring2,27,2026081027,412,188,8112
bundibugyo_2007,enhanced_plus_ring2,28,2026081028,347,133,8227
bundibugyo_2007,enhanced_plus_ring2,29,2026081029,488,215,7964
bundibugyo_2007,enhanced_plus_ring2,30,2026081030,322,144,7831
bundibugyo_2007,enhanced_plus_ring2,31,2026081031,327,148,8305
bundibugyo_2007,enhanced_plus_ring2,32,2026081032,423,183,8105
bundibugyo_2007,enhanced_plus_ring2,33,2026081033,313,139,8190
bundibugyo_2007,enhanced_plus_ring2,34,2026081034,443,207,8173
bundibugyo_2007,enhanced_plus_ring2,35,2026081035,530,211,7933
bundibugyo_2007,enhanced_plus_ring2,36,2026081036,270,135,8050
bundibugyo_2007,enhanced_plus_ring2,37,2026081037,252,102,8382
bundibugyo_2007,enhanced_plus_ring2,38,2026081038,395,178,8220
bundibugyo_2007,enhanced_plus_ring2,39,2026081039,437,189,7998
bundibugyo_2007,enhanced_plus_ring2,40,2026081040,504,213,8207
bundibugyo_2007,enhanced_plus_ring2,41,2026081041,438,185,8097
bundibugyo_2007,enhanced_plus_ring2,42,2026081042,529,236,7913
bundibugyo_2007,enhanced_plus_ring2,43,2026081043,341,149,7982
bundibugyo_2007,enhanced_plus_ring2,44,2026081044,221,96,8281
bundibugyo_2007,enhanced_plus_ring2,45,2026081045,376,174,8065
bundibugyo_2007,enhanced_plus_ring2,46,2026081046,424,190,8137
bundibugyo_2007,enhanced_plus_ring2,47,2026081047,437,175,8126
bundibugyo_2007,enhanced_plus_ring2,48,2026081048,503,208,8076
bundibugyo_2007,enhanced_plus_ring2,49,2026081049,387,146,8166
bundibugyo_2007,enhanced_plus_ring2,50,2026081050,344,138,8207
bundibugyo_2007,enhanced_plus_ring2,51,2026081051,426,186,7885
bundibugyo_2007,enhanced_plus_ring2,52,2026081052,373,166,8061
bundibugyo_2007,enhanced_plus_ring2,53,2026081053,306,129,8191
bundibugyo_2007,enhanced_plus_ring2,54,2026081054,406,193,8264
bundibugyo_2007,enhanced_plus_ring2,55,2026081055,514,236,8059
bundibugyo_2007,enhanced_plus_ring2,56,2026081056,302,128,8190
bundibugyo_2007,enhanced_plus_ring2,57,2026081057,445,176,8157
bundibugyo_2007,enhanced_plus_ring2,58,2026081058,291,120,8174
bundibugyo_2007,enhanced_plus_ring2,59,2026081059,401,158,7981
bundibugyo_2007,enhanced_plus_ring2,60,2026081060,533,213,8126
bundibugyo_2007,enhanced_plus_ring2,61,2026081061,427,201,8187
bundibugyo_2007,enhanced_plus_ring2,62,2026081062,496,198,7741
bundibugyo_2007,enhanced_plus_ring2,63,2026081063,188,87,8314
bundibugyo_2007,enhanced_plus_ring2,64,2026081064,326,135,8231
bundibugyo_2007,enhanced_plus_ring2,65,2026081065,398,170,8033
bundibugyo_2007,enhanced_plus_ring2,66,2026081066,418,179,7702
bundibugyo_2007,enhanced_plus_ring2,67,2026081067,434,176,8252
bundibugyo_2007,enhanced_plus_ring2,68,2026081068,389,165,8173
bundibugyo_2007,enhanced_plus_ring2,69,2026081069,413,172,7903
bundibugyo_2007,enhanced_plus_ring2,70,2026081070,404,197,8233
bundibugyo_2007,enhanced_plus_ring2,71,2026081071,527,216,8063
bundibugyo_2007,enhanced_plus_ring2,72,2026081072,457,215,8154
bundibugyo_2007,enhanced_plus_ring2,73,2026081073,346,142,8219
bundibugyo_2007,enhanced_plus_ring2,74,2026081074,573,258,7902
bundibugyo_2007,enhanced_plus_ring2,75,2026081075,448,186,8153
bundibugyo_2007,enhanced_plus_ring2,76,2026081076,537,222,8203
bundibugyo_2007,enhanced_plus_ring2,77,2026081077,347,147,8086
bundibugyo_2007,enhanced_plus_ring2,78,2026081078,382,170,8096
bundibugyo_2007,enhanced_plus_ring2,79,2026081079,581,240,7899
bundibugyo_2007,enhanced_plus_ring2,80,2026081080,551,228,7956
bundibugyo_2007,enhanced_plus_ring2,81,2026081081,336,139,8202
bundibugyo_2007,enhanced_plus_ring2,82,2026081082,330,147,8137
bundibugyo_2007,enhanced_plus_ring2,83,2026081083,431,190,8278
bundibugyo_2007,enhanced_plus_ring2,84,2026081084,551,226,8179
bundibugyo_2007,enhanced_plus_ring2,85,2026081085,443,198,7808
bundibugyo_2007,enhanced_plus_ring2,86,2026081086,302,130,8156
bundibugyo_2007,enhanced_plus_ring2,87,2026081087,270,110,8269
bundibugyo_2007,enhanced_plus_ring2,88,2026081088,597,254,7850
bundibugyo_2007,enhanced_plus_ring2,89,2026081089,300,150,8395
bundibugyo_2007,enhanced_plus_ring2,90,2026081090,324,121,8098
bundibugyo_2007,enhanced_plus_ring2,91,2026081091,590,255,7945
bundibugyo_2007,enhanced_plus_ring2,92,2026081092,365,148,8067
bundibugyo_2007,enhanced_plus_ring2,93,2026081093,401,179,8002
bundibugyo_2007,enhanced_plus_ring2,94,2026081094,532,234,8206
bundibugyo_2007,enhanced_plus_ring2,95,2026081095,476,205,8094
bundibugyo_2007,enhanced_plus_ring2,96,2026081096,466,183,8244
bundibugyo_2007,enhanced_plus_ring2,97,2026081097,358,155,8346
bundibugyo_2007,enhanced_plus_ring2,98,2026081098,450,199,8240
bundibugyo_2007,enhanced_plus_ring2,99,2026081099,423,174,8200
bundibugyo_2007,enhanced_plus_ring2,100,2026081100,349,149,8302
bundibugyo_2007,enhanced_plus_ring2,101,2026081101,359,182,8210
bundibugyo_2007,enhanced_plus_ring2,102,2026081102,480,190,8103
bundibugyo_2007,enhanced_plus_ring2,103,2026081103,353,145,8155
bundibugyo_2007,enhanced_plus_ring2,104,2026081104,316,134,8177
bundibugyo_2007,enhanced_plus_ring2,105,2026081105,325,133,8122
bundibugyo_2007,enhanced_plus_ring2,106,2026081106,466,201,8058
bundibugyo_2007,enhanced_plus_ring2,107,2026081107,542,227,8255
bundibugyo_2007,enhanced_plus_ring2,108,2026081108,435,180,8382
bundibugyo_2007,enhanced_plus_ring2,109,2026081109,490,197,8080
bundibugyo_2007,enhanced_plus_ring2,110,2026081110,340,149,8105
bundibugyo_2007,enhanced_plus_ring2,111,2026081111,362,157,7964
bundibugyo_2007,enhanced_plus_ring2,112,2026081112,361,151,8131
bundibugyo_2007,enhanced_plus_ring2,113,2026081113,324,131,8230
bundibugyo_2007,enhanced_plus_ring2,114,2026081114,333,144,8299
bundibugyo_2007,enhanced_plus_ring2,115,2026081115,373,172,8030
bundibugyo_2007,enhanced_plus_ring2,116,2026081116,655,294,8013
bundibugyo_2007,enhanced_plus_ring2,117,2026081117,471,184,8045
bundibugyo_2007,enhanced_plus_ring2,118,2026081118,424,181,7903
bundibugyo_2007,enhanced_plus_ring2,119,2026081119,261,111,8313
bundibugyo_2007,enhanced_plus_ring2,120,2026081120,424,186,8138
bundibugyo_2007,enhanced_plus_ring2,121,2026081121,313,151,8371
bundibugyo_2007,enhanced_plus_ring2,122,2026081122,446,186,8257
bundibugyo_2007,enhanced_plus_ring2,123,2026081123,306,145,7934
bundibugyo_2007,enhanced_plus_ring2,124,2026081124,326,138,8084
bundibugyo_2007,enhanced_plus_ring2,125,2026081125,458,205,7970
bundibugyo_2007,enhanced_plus_ring2,126,2026081126,407,171,8253
bundibugyo_2007,enhanced_plus_ring2,127,2026081127,477,205,7963
bundibugyo_2007,enhanced_plus_ring2,128,2026081128,225,89,8349
bundibugyo_2007,enhanced_plus_ring2,129,2026081129,566,249,8044
bundibugyo_2007,enhanced_plus_ring2,130,2026081130,343,160,8281
bundibugyo_2007,enhanced_plus_ring2,131,2026081131,340,137,8230
bundibugyo_2007,enhanced_plus_ring2,132,2026081132,370,183,8147
bundibugyo_2007,enhanced_plus_ring2,133,2026081133,431,174,8105
bundibugyo_2007,enhanced_plus_ring2,134,2026081134,309,133,8112
bundibugyo_2007,enhanced_plus_ring2,135,2026081135,276,109,8136
bundibugyo_2007,enhanced_plus_ring2,136,2026081136,477,193,8235
bundibugyo_2007,enhanced_plus_ring2,137,2026081137,523,215,7980
bundibugyo_2007,enhanced_plus_ring2,138,2026081138,506,225,8197
bundibugyo_2007,enhanced_plus_ring2,139,2026081139,391,171,7855
bundibugyo_2007,enhanced_plus_ring2,140,2026081140,332,139,8114
bundibugyo_2007,enhanced_plus_ring2,141,2026081141,410,176,8066
bundibugyo_2007,enhanced_plus_ring2,142,2026081142,340,148,8177
bundibugyo_2007,enhanced_plus_ring2,143,2026081143,282,116,8169
bundibugyo_2007,enhanced_plus_ring2,144,2026081144,392,156,8106
bundibugyo_2007,enhanced_plus_ring2,145,2026081145,268,111,8222
bundibugyo_2007,enhanced_plus_ring2,146,2026081146,350,142,8226
bundibugyo_2007,enhanced_plus_ring2,147,2026081147,473,202,8200
bundibugyo_2007,enhanced_plus_ring2,148,2026081148,335,137,8231
bundibugyo_2007,enhanced_plus_ring2,149,2026081149,514,227,8056
bundibugyo_2007,enhanced_plus_ring2,150,2026081150,278,131,8292
bundibugyo_2007,enhanced_plus_ring2,151,2026081151,271,122,8026
bundibugyo_2007,enhanced_plus_ring2,152,2026081152,324,123,8121
bundibugyo_2007,enhanced_plus_ring2,153,2026081153,294,124,8306
bundibugyo_2007,enhanced_plus_ring2,154,2026081154,307,129,8180
bundibugyo_2007,enhanced_plus_ring2,155,2026081155,422,183,8071
bundibugyo_2007,enhanced_plus_ring2,156,2026081156,454,205,8205
bundibugyo_2007,enhanced_plus_ring2,157,2026081157,510,239,7892
bundibugyo_2007,enhanced_plus_ring2,158,2026081158,474,210,8159
bundibugyo_2007,enhanced_plus_ring2,159,2026081159,467,201,8208
bundibugyo_2007,enhanced_plus_ring2,160,2026081160,525,220,7839
bundibugyo_2007,enhanced_plus_ring2,161,2026081161,382,167,8243
bundibugyo_2007,enhanced_plus_ring2,162,2026081162,578,220,8123
bundibugyo_2007,enhanced_plus_ring2,163,2026081163,484,222,7980
bundibugyo_2007,enhanced_plus_ring2,164,2026081164,249,106,8158
bundibugyo_2007,enhanced_plus_ring2,165,2026081165,283,119,8257
bundibugyo_2007,enhanced_plus_ring2,166,2026081166,443,180,8071
bundibugyo_2007,enhanced_plus_ring2,167,2026081167,408,178,8144
bundibugyo_2007,enhanced_plus_ring2,168,2026081168,402,166,8237
bundibugyo_2007,enhanced_plus_ring2,169,2026081169,371,149,8151
bundibugyo_2007,enhanced_plus_ring2,170,2026081170,312,127,8160
bundibugyo_2007,enhanced_plus_ring2,171,2026081171,518,212,8158
bundibugyo_2007,enhanced_plus_ring2,172,2026081172,353,155,8311
bundibugyo_2007,enhanced_plus_ring2,173,2026081173,469,221,8080
bundibugyo_2007,enhanced_plus_ring2,174,2026081174,318,143,7993
bundibugyo_2007,enhanced_plus_ring2,175,2026081175,407,182,8333
bundibugyo_2007,enhanced_plus_ring2,176,2026081176,432,180,8170
bundibugyo_2007,enhanced_plus_ring2,177,2026081177,517,224,8227
bundibugyo_2007,enhanced_plus_ring2,178,2026081178,434,192,8176
bundibugyo_2007,enhanced_plus_ring2,179,2026081179,324,144,8146
bundibugyo_2007,enhanced_plus_ring2,180,2026081180,372,163,8255
bundibugyo_2007,enhanced_plus_ring2,181,2026081181,441,187,8252
bundibugyo_2007,enhanced_plus_ring2,182,2026081182,489,201,8159
bundibugyo_2007,enhanced_plus_ring2,183,2026081183,464,198,8278
bundibugyo_2007,enhanced_plus_ring2,184,2026081184,485,195,8090
bundibugyo_2007,enhanced_plus_ring2,185,2026081185,388,157,8056
bundibugyo_2007,enhanced_plus_ring2,186,2026081186,408,164,8231
bundibugyo_2007,enhanced_plus_ring2,187,2026081187,490,209,8032
bundibugyo_2007,enhanced_plus_ring2,188,2026081188,422,178,8211
bundibugyo_2007,enhanced_plus_ring2,189,2026081189,521,201,8208
bundibugyo_2007,enhanced_plus_ring2,190,2026081190,312,147,8112
bundibugyo_2007,enhanced_plus_ring2,191,2026081191,699,292,7886
bundibugyo_2007,enhanced_plus_ring2,192,2026081192,416,169,8032
bundibugyo_2007,enhanced_plus_ring2,193,2026081193,574,252,8028
bundibugyo_2007,enhanced_plus_ring2,194,2026081194,341,145,8379
bundibugyo_2007,enhanced_plus_ring2,195,2026081195,634,257,8022
bundibugyo_2007,enhanced_plus_ring2,196,2026081196,330,147,8098
bundibugyo_2007,enhanced_plus_ring2,197,2026081197,375,154,8202
bundibugyo_2007,enhanced_plus_ring2,198,2026081198,225,105,8370
bundibugyo_2007,enhanced_plus_ring2,199,2026081199,258,109,8114
bundibugyo_2007,enhanced_plus_ring2,200,2026081200,621,282,8101
bundibugyo_2007,enhanced_plus_ring2,201,2026081201,650,277,8008
bundibugyo_2007,enhanced_plus_ring2,202,2026081202,342,157,8136
bundibugyo_2007,enhanced_plus_ring2,203,2026081203,343,149,8067
bundibugyo_2007,enhanced_plus_ring2,204,2026081204,474,209,8222
bundibugyo_2007,enhanced_plus_ring2,205,2026081205,400,172,8124
bundibugyo_2007,enhanced_plus_ring2,206,2026081206,237,102,8215
bundibugyo_2007,enhanced_plus_ring2,207,2026081207,326,134,8174
bundibugyo_2007,enhanced_plus_ring2,208,2026081208,343,144,8160
bundibugyo_2007,enhanced_plus_ring2,209,2026081209,422,185,8101
bundibugyo_2007,enhanced_plus_ring2,210,2026081210,472,209,8020
bundibugyo_2007,enhanced_plus_ring2,211,2026081211,333,146,8124
bundibugyo_2007,enhanced_plus_ring2,212,2026081212,401,175,8071
bundibugyo_2007,enhanced_plus_ring2,213,2026081213,239,105,8038
bundibugyo_2007,enhanced_plus_ring2,214,2026081214,461,196,8190
bundibugyo_2007,enhanced_plus_ring2,215,2026081215,575,234,8045
bundibugyo_2007,enhanced_plus_ring2,216,2026081216,367,159,8177
bundibugyo_2007,enhanced_plus_ring2,217,2026081217,242,109,8052
bundibugyo_2007,enhanced_plus_ring2,218,2026081218,490,208,7993
bundibugyo_2007,enhanced_plus_ring2,219,2026081219,484,223,8267
bundibugyo_2007,enhanced_plus_ring2,220,2026081220,317,134,8154
bundibugyo_2007,enhanced_plus_ring2,221,2026081221,328,147,8310
bundibugyo_2007,enhanced_plus_ring2,222,2026081222,444,185,8212
bundibugyo_2007,enhanced_plus_ring2,223,2026081223,478,189,8310
bundibugyo_2007,enhanced_plus_ring2,224,2026081224,569,267,7932
bundibugyo_2007,enhanced_plus_ring2,225,2026081225,364,158,8194
bundibugyo_2007,enhanced_plus_ring2,226,2026081226,630,275,8099
bundibugyo_2007,enhanced_plus_ring2,227,2026081227,323,136,8176
bundibugyo_2007,enhanced_plus_ring2,228,2026081228,381,164,8141
bundibugyo_2007,enhanced_plus_ring2,229,2026081229,314,138,8190
bundibugyo_2007,enhanced_plus_ring2,230,2026081230,335,154,8308
bundibugyo_2007,enhanced_plus_ring2,231,2026081231,463,202,7814
bundibugyo_2007,enhanced_plus_ring2,232,2026081232,375,156,8184
bundibugyo_2007,enhanced_plus_ring2,233,2026081233,448,195,8183
bundibugyo_2007,enhanced_plus_ring2,234,2026081234,366,162,7985
bundibugyo_2007,enhanced_plus_ring2,235,2026081235,238,107,8236
bundibugyo_2007,enhanced_plus_ring2,236,2026081236,458,191,8181
bundibugyo_2007,enhanced_plus_ring2,237,2026081237,318,134,8172
bundibugyo_2007,enhanced_plus_ring2,238,2026081238,212,91,8298
bundibugyo_2007,enhanced_plus_ring2,239,2026081239,345,129,8165
bundibugyo_2007,enhanced_plus_ring2,240,2026081240,325,140,8338
bundibugyo_2007,enhanced_plus_ring2,241,2026081241,356,134,8249
bundibugyo_2007,enhanced_plus_ring2,242,2026081242,392,161,8082
bundibugyo_2007,enhanced_plus_ring2,243,2026081243,417,194,8049
bundibugyo_2007,enhanced_plus_ring2,244,2026081244,586,261,8105
bundibugyo_2007,enhanced_plus_ring2,245,2026081245,467,199,8043
bundibugyo_2007,enhanced_plus_ring2,246,2026081246,352,134,8236
bundibugyo_2007,enhanced_plus_ring2,247,2026081247,297,121,8328
bundibugyo_2007,enhanced_plus_ring2,248,2026081248,337,128,8266
bundibugyo_2007,enhanced_plus_ring2,249,2026081249,304,139,8132
bundibugyo_2007,enhanced_plus_ring2,250,2026081250,416,192,8166
bundibugyo_2007,enhanced_plus_ring2,251,2026081251,385,186,8190
bundibugyo_2007,enhanced_plus_ring2,252,2026081252,317,149,8121
bundibugyo_2007,enhanced_plus_ring2,253,2026081253,392,152,8271
bundibugyo_2007,enhanced_plus_ring2,254,2026081254,361,151,8101
bundibugyo_2007,enhanced_plus_ring2,255,2026081255,239,103,8152
bundibugyo_2007,enhanced_plus_ring2,256,2026081256,365,159,7985
bundibugyo_2007,enhanced_plus_ring2,257,2026081257,354,162,8268
bundibugyo_2007,enhanced_plus_ring2,258,2026081258,284,120,7934
bundibugyo_2007,enhanced_plus_ring2,259,2026081259,333,149,8309
bundibugyo_2007,enhanced_plus_ring2,260,2026081260,235,111,8437
bundibugyo_2007,enhanced_plus_ring2,261,2026081261,563,271,8052
bundibugyo_2007,enhanced_plus_ring2,262,2026081262,426,183,8213
bundibugyo_2007,enhanced_plus_ring2,263,2026081263,360,148,7974
bundibugyo_2007,enhanced_plus_ring2,264,2026081264,476,237,7838
bundibugyo_2007,enhanced_plus_ring2,265,2026081265,324,130,8140
bundibugyo_2007,enhanced_plus_ring2,266,2026081266,329,139,8342
bundibugyo_2007,enhanced_plus_ring2,267,2026081267,298,131,8260
bundibugyo_2007,enhanced_plus_ring2,268,2026081268,419,201,7975
bundibugyo_2007,enhanced_plus_ring2,269,2026081269,544,229,8031
bundibugyo_2007,enhanced_plus_ring2,270,2026081270,511,220,8110
bundibugyo_2007,enhanced_plus_ring2,271,2026081271,460,187,8130
bundibugyo_2007,enhanced_plus_ring2,272,2026081272,290,127,8118
bundibugyo_2007,enhanced_plus_ring2,273,2026081273,415,179,8086
bundibugyo_2007,enhanced_plus_ring2,274,2026081274,414,169,8247
bundibugyo_2007,enhanced_plus_ring2,275,2026081275,343,143,8184
bundibugyo_2007,enhanced_plus_ring2,276,2026081276,475,219,8086
bundibugyo_2007,enhanced_plus_ring2,277,2026081277,295,125,8097
bundibugyo_2007,enhanced_plus_ring2,278,2026081278,305,127,8074
bundibugyo_2007,enhanced_plus_ring2,279,2026081279,320,132,8157
bundibugyo_2007,enhanced_plus_ring2,280,2026081280,268,115,8354
bundibugyo_2007,enhanced_plus_ring2,281,2026081281,324,148,8272
bundibugyo_2007,enhanced_plus_ring2,282,2026081282,562,228,8115
bundibugyo_2007,enhanced_plus_ring2,283,2026081283,315,136,8039
bundibugyo_2007,enhanced_plus_ring2,284,2026081284,456,200,8122
bundibugyo_2007,enhanced_plus_ring2,285,2026081285,241,94,8402
bundibugyo_2007,enhanced_plus_ring2,286,2026081286,327,153,7995
bundibugyo_2007,enhanced_plus_ring2,287,2026081287,435,187,8181
bundibugyo_2007,enhanced_plus_ring2,288,2026081288,305,125,8238
bundibugyo_2007,enhanced_plus_ring2,289,2026081289,295,130,8208
bundibugyo_2007,enhanced_plus_ring2,290,2026081290,264,114,8367
bundibugyo_2007,enhanced_plus_ring2,291,2026081291,377,157,8153
bundibugyo_2007,enhanced_plus_ring2,292,2026081292,374,159,8071
bundibugyo_2007,enhanced_plus_ring2,293,2026081293,392,163,8078
bundibugyo_2007,enhanced_plus_ring2,294,2026081294,375,173,8227
bundibugyo_2007,enhanced_plus_ring2,295,2026081295,364,159,8278
bundibugyo_2007,enhanced_plus_ring2,296,2026081296,679,301,8093
bundibugyo_2007,enhanced_plus_ring2,297,2026081297,288,129,8174
bundibugyo_2007,enhanced_plus_ring2,298,2026081298,498,212,8099
bundibugyo_2007,enhanced_plus_ring2,299,2026081299,513,231,8170
bundibugyo_2007,enhanced_plus_ring2,300,2026081300,351,148,8195
bundibugyo_2007,enhanced_plus_ring2,301,2026081301,382,157,8217
bundibugyo_2007,enhanced_plus_ring2,302,2026081302,540,241,8256
bundibugyo_2007,enhanced_plus_ring2,303,2026081303,406,189,7951
bundibugyo_2007,enhanced_plus_ring2,304,2026081304,502,206,7824
bundibugyo_2007,enhanced_plus_ring2,305,2026081305,461,180,8133
bundibugyo_2007,enhanced_plus_ring2,306,2026081306,369,165,8094
bundibugyo_2007,enhanced_plus_ring2,307,2026081307,414,171,7982
bundibugyo_2007,enhanced_plus_ring2,308,2026081308,550,233,8051
bundibugyo_2007,enhanced_plus_ring2,309,2026081309,308,138,8086
bundibugyo_2007,enhanced_plus_ring2,310,2026081310,237,103,8071
bundibugyo_2007,enhanced_plus_ring2,311,2026081311,470,198,8231
bundibugyo_2007,enhanced_plus_ring2,312,2026081312,544,231,7789
bundibugyo_2007,enhanced_plus_ring2,313,2026081313,360,140,8141
bundibugyo_2007,enhanced_plus_ring2,314,2026081314,308,134,8199
bundibugyo_2007,enhanced_plus_ring2,315,2026081315,455,191,8128
bundibugyo_2007,enhanced_plus_ring2,316,2026081316,406,150,7894
bundibugyo_2007,enhanced_plus_ring2,317,2026081317,337,142,8102
bundibugyo_2007,enhanced_plus_ring2,318,2026081318,316,138,8320
bundibugyo_2007,enhanced_plus_ring2,319,2026081319,430,186,8168
bundibugyo_2007,enhanced_plus_ring2,320,2026081320,295,127,8298
bundibugyo_2007,enhanced_plus_ring2,321,2026081321,560,249,8054
bundibugyo_2007,enhanced_plus_ring2,322,2026081322,401,164,8214
bundibugyo_2007,enhanced_plus_ring2,323,2026081323,562,238,8186
bundibugyo_2007,enhanced_plus_ring2,324,2026081324,419,172,8057
bundibugyo_2007,enhanced_plus_ring2,325,2026081325,377,161,8155
bundibugyo_2007,enhanced_plus_ring2,326,2026081326,331,136,8166
bundibugyo_2007,enhanced_plus_ring2,327,2026081327,328,138,8147
bundibugyo_2007,enhanced_plus_ring2,328,2026081328,284,132,8247
bundibugyo_2007,enhanced_plus_ring2,329,2026081329,370,167,8233
bundibugyo_2007,enhanced_plus_ring2,330,2026081330,370,141,8188
bundibugyo_2007,enhanced_plus_ring2,331,2026081331,357,151,8046
bundibugyo_2007,enhanced_plus_ring2,332,2026081332,184,78,8227
bundibugyo_2007,enhanced_plus_ring2,333,2026081333,498,221,8199
bundibugyo_2007,enhanced_plus_ring2,334,2026081334,409,186,8370
bundibugyo_2007,enhanced_plus_ring2,335,2026081335,408,186,8102
bundibugyo_2007,enhanced_plus_ring2,336,2026081336,464,183,8218
bundibugyo_2007,enhanced_plus_ring2,337,2026081337,489,208,8103
bundibugyo_2007,enhanced_plus_ring2,338,2026081338,404,188,8232
bundibugyo_2007,enhanced_plus_ring2,339,2026081339,363,140,8221
bundibugyo_2007,enhanced_plus_ring2,340,2026081340,436,185,8289
bundibugyo_2007,enhanced_plus_ring2,341,2026081341,432,188,8352
bundibugyo_2007,enhanced_plus_ring2,342,2026081342,321,142,8125
bundibugyo_2007,enhanced_plus_ring2,343,2026081343,339,141,8183
bundibugyo_2007,enhanced_plus_ring2,344,2026081344,477,200,7974
bundibugyo_2007,enhanced_plus_ring2,345,2026081345,377,173,8208
bundibugyo_2007,enhanced_plus_ring2,346,2026081346,460,202,8261
bundibugyo_2007,enhanced_plus_ring2,347,2026081347,377,173,8061
bundibugyo_2007,enhanced_plus_ring2,348,2026081348,518,215,8125
bundibugyo_2007,enhanced_plus_ring2,349,2026081349,463,197,8020
bundibugyo_2007,enhanced_plus_ring2,350,2026081350,230,109,8208
bundibugyo_2007,enhanced_plus_ring2,351,2026081351,411,172,8089
bundibugyo_2007,enhanced_plus_ring2,352,2026081352,372,167,8113
bundibugyo_2007,enhanced_plus_ring2,353,2026081353,516,225,8139
bundibugyo_2007,enhanced_plus_ring2,354,2026081354,356,163,8279
bundibugyo_2007,enhanced_plus_ring2,355,2026081355,344,148,8121
bundibugyo_2007,enhanced_plus_ring2,356,2026081356,610,256,8094
bundibugyo_2007,enhanced_plus_ring2,357,2026081357,477,200,8176
bundibugyo_2007,enhanced_plus_ring2,358,2026081358,439,180,8229
bundibugyo_2007,enhanced_plus_ring2,359,2026081359,481,208,8011
bundibugyo_2007,enhanced_plus_ring2,360,2026081360,317,134,8247
bundibugyo_2007,enhanced_plus_ring2,361,2026081361,247,109,8277
bundibugyo_2007,enhanced_plus_ring2,362,2026081362,396,150,8140
bundibugyo_2007,enhanced_plus_ring2,363,2026081363,576,225,8088
bundibugyo_2007,enhanced_plus_ring2,364,2026081364,444,202,7958
bundibugyo_2007,enhanced_plus_ring2,365,2026081365,418,161,8149
bundibugyo_2007,enhanced_plus_ring2,366,2026081366,415,194,8121
bundibugyo_2007,enhanced_plus_ring2,367,2026081367,373,154,8347
bundibugyo_2007,enhanced_plus_ring2,368,2026081368,449,201,7901
bundibugyo_2007,enhanced_plus_ring2,369,2026081369,377,173,8009
bundibugyo_2007,enhanced_plus_ring2,370,2026081370,392,165,8209
bundibugyo_2007,enhanced_plus_ring2,371,2026081371,504,199,8178
bundibugyo_2007,enhanced_plus_ring2,372,2026081372,359,148,8236
bundibugyo_2007,enhanced_plus_ring2,373,2026081373,468,191,8222
bundibugyo_2007,enhanced_plus_ring2,374,2026081374,322,150,8117
bundibugyo_2007,enhanced_plus_ring2,375,2026081375,394,160,8108
bundibugyo_2007,enhanced_plus_ring2,376,2026081376,550,221,8055
bundibugyo_2007,enhanced_plus_ring2,377,2026081377,447,198,7963
bundibugyo_2007,enhanced_plus_ring2,378,2026081378,367,156,8068
bundibugyo_2007,enhanced_plus_ring2,379,2026081379,414,183,8087
bundibugyo_2007,enhanced_plus_ring2,380,2026081380,500,220,7970
bundibugyo_2007,enhanced_plus_ring2,381,2026081381,429,198,8046
bundibugyo_2007,enhanced_plus_ring2,382,2026081382,266,123,8227
bundibugyo_2007,enhanced_plus_ring2,383,2026081383,357,147,7850
bundibugyo_2007,enhanced_plus_ring2,384,2026081384,407,195,8108
bundibugyo_2007,enhanced_plus_ring2,385,2026081385,432,197,8155
bundibugyo_2007,enhanced_plus_ring2,386,2026081386,597,244,7958
bundibugyo_2007,enhanced_plus_ring2,387,2026081387,437,194,8157
bundibugyo_2007,enhanced_plus_ring2,388,2026081388,244,108,8212
bundibugyo_2007,enhanced_plus_ring2,389,2026081389,360,164,8138
bundibugyo_2007,enhanced_plus_ring2,390,2026081390,375,173,7997
bundibugyo_2007,enhanced_plus_ring2,391,2026081391,487,214,8123
bundibugyo_2007,enhanced_plus_ring2,392,2026081392,558,234,7889
bundibugyo_2007,enhanced_plus_ring2,393,2026081393,287,111,8177
bundibugyo_2007,enhanced_plus_ring2,394,2026081394,529,221,8093
bundibugyo_2007,enhanced_plus_ring2,395,2026081395,425,191,8188
bundibugyo_2007,enhanced_plus_ring2,396,2026081396,408,186,8073
bundibugyo_2007,enhanced_plus_ring2,397,2026081397,390,155,8195
bundibugyo_2007,enhanced_plus_ring2,398,2026081398,405,165,8013
bundibugyo_2007,enhanced_plus_ring2,399,2026081399,190,85,8331
bundibugyo_2007,enhanced_plus_ring2,400,2026081400,510,242,7810
bundibugyo_2007,enhanced_plus_ring2,401,2026081401,466,192,7993
bundibugyo_2007,enhanced_plus_ring2,402,2026081402,283,122,8190
bundibugyo_2007,enhanced_plus_ring2,403,2026081403,470,199,8129
bundibugyo_2007,enhanced_plus_ring2,404,2026081404,389,165,8173
bundibugyo_2007,enhanced_plus_ring2,405,2026081405,332,157,8065
bundibugyo_2007,enhanced_plus_ring2,406,2026081406,442,175,8102
bundibugyo_2007,enhanced_plus_ring2,407,2026081407,508,204,8187
bundibugyo_2007,enhanced_plus_ring2,408,2026081408,274,105,8233
bundibugyo_2007,enhanced_plus_ring2,409,2026081409,448,180,8107
bundibugyo_2007,enhanced_plus_ring2,410,2026081410,500,205,8066
bundibugyo_2007,enhanced_plus_ring2,411,2026081411,443,201,8230
bundibugyo_2007,enhanced_plus_ring2,412,2026081412,351,156,8077
bundibugyo_2007,enhanced_plus_ring2,413,2026081413,360,163,8050
bundibugyo_2007,enhanced_plus_ring2,414,2026081414,353,150,8058
bundibugyo_2007,enhanced_plus_ring2,415,2026081415,470,202,7880
bundibugyo_2007,enhanced_plus_ring2,416,2026081416,455,177,8177
bundibugyo_2007,enhanced_plus_ring2,417,2026081417,284,117,8260
bundibugyo_2007,enhanced_plus_ring2,418,2026081418,314,123,8416
bundibugyo_2007,enhanced_plus_ring2,419,2026081419,596,269,7850
bundibugyo_2007,enhanced_plus_ring2,420,2026081420,300,137,8290
bundibugyo_2007,enhanced_plus_ring2,421,2026081421,400,172,7838
bundibugyo_2007,enhanced_plus_ring2,422,2026081422,329,157,8022
bundibugyo_2007,enhanced_plus_ring2,423,2026081423,441,188,8268
bundibugyo_2007,enhanced_plus_ring2,424,2026081424,368,158,8244
bundibugyo_2007,enhanced_plus_ring2,425,2026081425,429,180,7910
bundibugyo_2007,enhanced_plus_ring2,426,2026081426,391,177,7980
bundibugyo_2007,enhanced_plus_ring2,427,2026081427,404,180,8327
bundibugyo_2007,enhanced_plus_ring2,428,2026081428,336,146,8072
bundibugyo_2007,enhanced_plus_ring2,429,2026081429,340,152,8315
bundibugyo_2007,enhanced_plus_ring2,430,2026081430,384,159,8067
bundibugyo_2007,enhanced_plus_ring2,431,2026081431,393,161,8026
bundibugyo_2007,enhanced_plus_ring2,432,2026081432,364,161,8403
bundibugyo_2007,enhanced_plus_ring2,433,2026081433,268,113,8107
bundibugyo_2007,enhanced_plus_ring2,434,2026081434,394,164,8146
bundibugyo_2007,enhanced_plus_ring2,435,2026081435,475,179,8105
bundibugyo_2007,enhanced_plus_ring2,436,2026081436,460,205,8014
bundibugyo_2007,enhanced_plus_ring2,437,2026081437,378,159,8087
bundibugyo_2007,enhanced_plus_ring2,438,2026081438,363,161,8195
bundibugyo_2007,enhanced_plus_ring2,439,2026081439,364,158,8225
bundibugyo_2007,enhanced_plus_ring2,440,2026081440,329,164,8056
bundibugyo_2007,enhanced_plus_ring2,441,2026081441,390,186,8144
bundibugyo_2007,enhanced_plus_ring2,442,2026081442,335,138,8129
bundibugyo_2007,enhanced_plus_ring2,443,2026081443,559,244,8147
bundibugyo_2007,enhanced_plus_ring2,444,2026081444,468,204,8183
bundibugyo_2007,enhanced_plus_ring2,445,2026081445,419,185,8077
bundibugyo_2007,enhanced_plus_ring2,446,2026081446,424,186,8116
bundibugyo_2007,enhanced_plus_ring2,447,2026081447,421,170,8221
bundibugyo_2007,enhanced_plus_ring2,448,2026081448,392,167,8072
bundibugyo_2007,enhanced_plus_ring2,449,2026081449,229,112,8288
bundibugyo_2007,enhanced_plus_ring2,450,2026081450,386,162,8144
bundibugyo_2007,enhanced_plus_ring2,451,2026081451,318,152,8179
bundibugyo_2007,enhanced_plus_ring2,452,2026081452,370,142,8049
bundibugyo_2007,enhanced_plus_ring2,453,2026081453,379,164,8159
bundibugyo_2007,enhanced_plus_ring2,454,2026081454,573,239,8036
bundibugyo_2007,enhanced_plus_ring2,455,2026081455,449,203,8252
bundibugyo_2007,enhanced_plus_ring2,456,2026081456,457,214,8178
bundibugyo_2007,enhanced_plus_ring2,457,2026081457,413,183,8111
bundibugyo_2007,enhanced_plus_ring2,458,2026081458,395,166,8140
bundibugyo_2007,enhanced_plus_ring2,459,2026081459,326,143,8137
bundibugyo_2007,enhanced_plus_ring2,460,2026081460,407,171,8243
bundibugyo_2007,enhanced_plus_ring2,461,2026081461,327,151,8088
bundibugyo_2007,enhanced_plus_ring2,462,2026081462,371,168,8423
bundibugyo_2007,enhanced_plus_ring2,463,2026081463,240,94,8329
bundibugyo_2007,enhanced_plus_ring2,464,2026081464,355,141,8227
bundibugyo_2007,enhanced_plus_ring2,465,2026081465,650,288,8107
bundibugyo_2007,enhanced_plus_ring2,466,2026081466,357,158,8055
bundibugyo_2007,enhanced_plus_ring2,467,2026081467,622,273,7964
bundibugyo_2007,enhanced_plus_ring2,468,2026081468,453,199,8152
bundibugyo_2007,enhanced_plus_ring2,469,2026081469,298,118,8353
bundibugyo_2007,enhanced_plus_ring2,470,2026081470,562,258,8090
bundibugyo_2007,enhanced_plus_ring2,471,2026081471,270,111,8408
bundibugyo_2007,enhanced_plus_ring2,472,2026081472,340,147,8121
bundibugyo_2007,enhanced_plus_ring2,473,2026081473,397,183,8103
bundibugyo_2007,enhanced_plus_ring2,474,2026081474,338,138,8239
bundibugyo_2007,enhanced_plus_ring2,475,2026081475,299,125,8063
bundibugyo_2007,enhanced_plus_ring2,476,2026081476,533,220,8019
bundibugyo_2007,enhanced_plus_ring2,477,2026081477,325,134,8079
bundibugyo_2007,enhanced_plus_ring2,478,2026081478,428,187,8209
bundibugyo_2007,enhanced_plus_ring2,479,2026081479,380,157,8093
bundibugyo_2007,enhanced_plus_ring2,480,2026081480,305,122,8317
bundibugyo_2007,enhanced_plus_ring2,481,2026081481,444,187,7910
bundibugyo_2007,enhanced_plus_ring2,482,2026081482,314,142,8099
bundibugyo_2007,enhanced_plus_ring2,483,2026081483,380,144,8352
bundibugyo_2007,enhanced_plus_ring2,484,2026081484,375,157,8369
bundibugyo_2007,enhanced_plus_ring2,485,2026081485,441,197,8248
bundibugyo_2007,enhanced_plus_ring2,486,2026081486,362,159,8152
bundibugyo_2007,enhanced_plus_ring2,487,2026081487,437,190,8051
bundibugyo_2007,enhanced_plus_ring2,488,2026081488,282,126,8047
bundibugyo_2007,enhanced_plus_ring2,489,2026081489,362,172,8292
bundibugyo_2007,enhanced_plus_ring2,490,2026081490,435,168,8156
bundibugyo_2007,enhanced_plus_ring2,491,2026081491,354,137,8218
bundibugyo_2007,enhanced_plus_ring2,492,2026081492,396,160,8198
bundibugyo_2007,enhanced_plus_ring2,493,2026081493,450,200,7984
bundibugyo_2007,enhanced_plus_ring2,494,2026081494,526,220,7920
bundibugyo_2007,enhanced_plus_ring2,495,2026081495,264,104,8260
bundibugyo_2007,enhanced_plus_ring2,496,2026081496,391,172,8327
bundibugyo_2007,enhanced_plus_ring2,497,2026081497,360,150,7959
bundibugyo_2007,enhanced_plus_ring2,498,2026081498,424,176,8068
bundibugyo_2007,enhanced_plus_ring2,499,2026081499,446,184,8307
bundibugyo_2007,enhanced_plus_ring2,500,2026081500,454,186,8055
bundibugyo_2007,enhanced_plus_ring2,501,2026081501,309,141,8131
bundibugyo_2007,enhanced_plus_ring2,502,2026081502,568,245,7836
bundibugyo_2007,enhanced_plus_ring2,503,2026081503,274,114,8205
bundibugyo_2007,enhanced_plus_ring2,504,2026081504,342,151,8282
bundibugyo_2007,enhanced_plus_ring2,505,2026081505,387,172,8080
bundibugyo_2007,enhanced_plus_ring2,506,2026081506,415,161,8325
bundibugyo_2007,enhanced_plus_ring2,507,2026081507,420,187,8144
bundibugyo_2007,enhanced_plus_ring2,508,2026081508,394,155,8075
bundibugyo_2007,enhanced_plus_ring2,509,2026081509,340,147,8143
bundibugyo_2007,enhanced_plus_ring2,510,2026081510,489,213,8190
bundibugyo_2007,enhanced_plus_ring2,511,2026081511,454,199,8196
bundibugyo_2007,enhanced_plus_ring2,512,2026081512,372,177,8121
bundibugyo_2007,enhanced_plus_ring2,513,2026081513,413,187,8062
bundibugyo_2007,enhanced_plus_ring2,514,2026081514,462,192,8202
bundibugyo_2007,enhanced_plus_ring2,515,2026081515,493,218,8127
bundibugyo_2007,enhanced_plus_ring2,516,2026081516,401,157,8124
bundibugyo_2007,enhanced_plus_ring2,517,2026081517,440,186,8043
bundibugyo_2007,enhanced_plus_ring2,518,2026081518,212,90,8235
bundibugyo_2007,enhanced_plus_ring2,519,2026081519,325,137,8203
bundibugyo_2007,enhanced_plus_ring2,520,2026081520,492,207,8011
bundibugyo_2007,enhanced_plus_ring2,521,2026081521,605,239,7967
bundibugyo_2007,enhanced_plus_ring2,522,2026081522,499,224,8235
bundibugyo_2007,enhanced_plus_ring2,523,2026081523,351,143,8278
bundibugyo_2007,enhanced_plus_ring2,524,2026081524,392,164,8005
bundibugyo_2007,enhanced_plus_ring2,525,2026081525,392,188,8151
bundibugyo_2007,enhanced_plus_ring2,526,2026081526,406,164,8023
bundibugyo_2007,enhanced_plus_ring2,527,2026081527,465,201,8139
bundibugyo_2007,enhanced_plus_ring2,528,2026081528,545,243,8053
bundibugyo_2007,enhanced_plus_ring2,529,2026081529,469,186,8050
bundibugyo_2007,enhanced_plus_ring2,530,2026081530,396,164,8095
bundibugyo_2007,enhanced_plus_ring2,531,2026081531,420,184,8178
bundibugyo_2007,enhanced_plus_ring2,532,2026081532,234,101,8325
bundibugyo_2007,enhanced_plus_ring2,533,2026081533,336,143,8118
bundibugyo_2007,enhanced_plus_ring2,534,2026081534,461,210,8150
bundibugyo_2007,enhanced_plus_ring2,535,2026081535,444,169,8058
bundibugyo_2007,enhanced_plus_ring2,536,2026081536,385,164,7997
bundibugyo_2007,enhanced_plus_ring2,537,2026081537,422,182,8065
bundibugyo_2007,enhanced_plus_ring2,538,2026081538,283,128,8286
bundibugyo_2007,enhanced_plus_ring2,539,2026081539,573,241,8052
bundibugyo_2007,enhanced_plus_ring2,540,2026081540,463,192,8203
bundibugyo_2007,enhanced_plus_ring2,541,2026081541,404,169,8055
bundibugyo_2007,enhanced_plus_ring2,542,2026081542,322,132,8156
bundibugyo_2007,enhanced_plus_ring2,543,2026081543,529,216,8021
bundibugyo_2007,enhanced_plus_ring2,544,2026081544,365,167,7963
bundibugyo_2007,enhanced_plus_ring2,545,2026081545,387,168,8059
bundibugyo_2007,enhanced_plus_ring2,546,2026081546,472,212,8202
bundibugyo_2007,enhanced_plus_ring2,547,2026081547,481,192,8025
bundibugyo_2007,enhanced_plus_ring2,548,2026081548,402,170,8194
bundibugyo_2007,enhanced_plus_ring2,549,2026081549,574,247,8005
bundibugyo_2007,enhanced_plus_ring2,550,2026081550,475,226,8010
bundibugyo_2007,enhanced_plus_ring2,551,2026081551,339,135,8258
bundibugyo_2007,enhanced_plus_ring2,552,2026081552,319,129,8279
bundibugyo_2007,enhanced_plus_ring2,553,2026081553,514,208,8181
bundibugyo_2007,enhanced_plus_ring2,554,2026081554,422,196,8025
bundibugyo_2007,enhanced_plus_ring2,555,2026081555,501,228,7904
bundibugyo_2007,enhanced_plus_ring2,556,2026081556,542,238,8067
bundibugyo_2007,enhanced_plus_ring2,557,2026081557,279,123,8087
bundibugyo_2007,enhanced_plus_ring2,558,2026081558,437,181,8039
bundibugyo_2007,enhanced_plus_ring2,559,2026081559,442,192,8043
bundibugyo_2007,enhanced_plus_ring2,560,2026081560,417,170,8124
bundibugyo_2007,enhanced_plus_ring2,561,2026081561,448,178,8259
bundibugyo_2007,enhanced_plus_ring2,562,2026081562,493,215,8173
bundibugyo_2007,enhanced_plus_ring2,563,2026081563,539,235,8024
bundibugyo_2007,enhanced_plus_ring2,564,2026081564,422,172,8079
bundibugyo_2007,enhanced_plus_ring2,565,2026081565,308,125,8315
bundibugyo_2007,enhanced_plus_ring2,566,2026081566,455,202,8103
bundibugyo_2007,enhanced_plus_ring2,567,2026081567,600,251,7784
bundibugyo_2007,enhanced_plus_ring2,568,2026081568,349,161,8044
bundibugyo_2007,enhanced_plus_ring2,569,2026081569,443,201,8349
bundibugyo_2007,enhanced_plus_ring2,570,2026081570,331,143,8414
bundibugyo_2007,enhanced_plus_ring2,571,2026081571,436,187,8174
bundibugyo_2007,enhanced_plus_ring2,572,2026081572,286,117,8240
bundibugyo_2007,enhanced_plus_ring2,573,2026081573,386,166,8061
bundibugyo_2007,enhanced_plus_ring2,574,2026081574,479,208,8166
bundibugyo_2007,enhanced_plus_ring2,575,2026081575,273,122,8135
bundibugyo_2007,enhanced_plus_ring2,576,2026081576,437,167,8245
bundibugyo_2007,enhanced_plus_ring2,577,2026081577,311,128,8161
bundibugyo_2007,enhanced_plus_ring2,578,2026081578,368,164,8204
bundibugyo_2007,enhanced_plus_ring2,579,2026081579,358,161,8133
bundibugyo_2007,enhanced_plus_ring2,580,2026081580,537,217,8032
bundibugyo_2007,enhanced_plus_ring2,581,2026081581,406,174,8126
bundibugyo_2007,enhanced_plus_ring2,582,2026081582,267,106,8101
bundibugyo_2007,enhanced_plus_ring2,583,2026081583,503,201,8131
bundibugyo_2007,enhanced_plus_ring2,584,2026081584,548,244,7929
bundibugyo_2007,enhanced_plus_ring2,585,2026081585,433,160,8080
bundibugyo_2007,enhanced_plus_ring2,586,2026081586,428,185,8065
bundibugyo_2007,enhanced_plus_ring2,587,2026081587,321,140,8291
bundibugyo_2007,enhanced_plus_ring2,588,2026081588,409,177,8274
bundibugyo_2007,enhanced_plus_ring2,589,2026081589,583,270,8092
bundibugyo_2007,enhanced_plus_ring2,590,2026081590,504,199,7963
bundibugyo_2007,enhanced_plus_ring2,591,2026081591,362,154,8225
bundibugyo_2007,enhanced_plus_ring2,592,2026081592,498,210,7959
bundibugyo_2007,enhanced_plus_ring2,593,2026081593,376,167,7969
bundibugyo_2007,enhanced_plus_ring2,594,2026081594,282,130,8110
bundibugyo_2007,enhanced_plus_ring2,595,2026081595,405,155,8239
bundibugyo_2007,enhanced_plus_ring2,596,2026081596,459,196,8170
bundibugyo_2007,enhanced_plus_ring2,597,2026081597,392,170,8258
bundibugyo_2007,enhanced_plus_ring2,598,2026081598,290,116,8269
bundibugyo_2007,enhanced_plus_ring2,599,2026081599,479,205,8061
bundibugyo_2007,enhanced_plus_ring2,600,2026081600,500,235,8157
bundibugyo_2007,enhanced_plus_ring2,601,2026081601,350,161,8367
bundibugyo_2007,enhanced_plus_ring2,602,2026081602,282,123,8349
bundibugyo_2007,enhanced_plus_ring2,603,2026081603,335,134,8197
bundibugyo_2007,enhanced_plus_ring2,604,2026081604,288,129,8373
bundibugyo_2007,enhanced_plus_ring2,605,2026081605,438,177,8180
bundibugyo_2007,enhanced_plus_ring2,606,2026081606,403,189,8003
bundibugyo_2007,enhanced_plus_ring2,607,2026081607,541,227,8043
bundibugyo_2007,enhanced_plus_ring2,608,2026081608,432,175,8180
bundibugyo_2007,enhanced_plus_ring2,609,2026081609,341,145,8329
bundibugyo_2007,enhanced_plus_ring2,610,2026081610,278,124,8038
bundibugyo_2007,enhanced_plus_ring2,611,2026081611,479,209,8140
bundibugyo_2007,enhanced_plus_ring2,612,2026081612,318,150,8175
bundibugyo_2007,enhanced_plus_ring2,613,2026081613,477,195,7995
bundibugyo_2007,enhanced_plus_ring2,614,2026081614,362,142,8236
bundibugyo_2007,enhanced_plus_ring2,615,2026081615,437,185,8207
bundibugyo_2007,enhanced_plus_ring2,616,2026081616,370,155,8242
bundibugyo_2007,enhanced_plus_ring2,617,2026081617,368,153,8034
bundibugyo_2007,enhanced_plus_ring2,618,2026081618,440,183,8009
bundibugyo_2007,enhanced_plus_ring2,619,2026081619,364,164,8174
bundibugyo_2007,enhanced_plus_ring2,620,2026081620,359,172,8124
bundibugyo_2007,enhanced_plus_ring2,621,2026081621,383,164,8106
bundibugyo_2007,enhanced_plus_ring2,622,2026081622,562,233,8130
bundibugyo_2007,enhanced_plus_ring2,623,2026081623,270,121,8095
bundibugyo_2007,enhanced_plus_ring2,624,2026081624,400,173,8172
isiro_2012,base_ops,0,2026091000,605,266,0
isiro_2012,base_ops,1,2026091001,430,196,0
isiro_2012,base_ops,2,2026091002,399,170,0
isiro_2012,base_ops,3,2026091003,456,223,0
isiro_2012,base_ops,4,2026091004,473,194,0
isiro_2012,base_ops,5,2026091005,718,359,0
isiro_2012,base_ops,6,2026091006,565,244,0
isiro_2012,base_ops,7,2026091007,439,195,0
isiro_2012,base_ops,8,2026091008,534,252,0
isiro_2012,base_ops,9,2026091009,511,233,0
isiro_2012,base_ops,10,2026091010,573,252,0
isiro_2012,base_ops,11,2026091011,361,157,0
isiro_2012,base_ops,12,2026091012,475,200,0
isiro_2012,base_ops,13,2026091013,647,275,0
isiro_2012,base_ops,14,2026091014,407,205,0
isiro_2012,base_ops,15,2026091015,315,150,0
isiro_2012,base_ops,16,2026091016,644,301,0
isiro_2012,base_ops,17,2026091017,343,154,0
isiro_2012,base_ops,18,2026091018,499,236,0
isiro_2012,base_ops,19,2026091019,270,116,0
isiro_2012,base_ops,20,2026091020,487,226,0
isiro_2012,base_ops,21,2026091021,500,230,0
isiro_2012,base_ops,22,2026091022,543,250,0
isiro_2012,base_ops,23,2026091023,264,124,0
isiro_2012,base_ops,24,2026091024,500,240,0
isiro_2012,base_ops,25,2026091025,541,248,0
isiro_2012,base_ops,26,2026091026,291,119,0
isiro_2012,base_ops,27,2026091027,355,166,0
isiro_2012,base_ops,28,2026091028,487,239,0
isiro_2012,base_ops,29,2026091029,633,285,0
isiro_2012,base_ops,30,2026091030,735,346,0
isiro_2012,base_ops,31,2026091031,227,108,0
isiro_2012,base_ops,32,2026091032,608,301,0
isiro_2012,base_ops,33,2026091033,802,369,0
isiro_2012,base_ops,34,2026091034,429,185,0
isiro_2012,base_ops,35,2026091035,327,151,0
isiro_2012,base_ops,36,2026091036,482,226,0
isiro_2012,base_ops,37,2026091037,682,322,0
isiro_2012,base_ops,38,2026091038,403,202,0
isiro_2012,base_ops,39,2026091039,566,256,0
isiro_2012,base_ops,40,2026091040,602,267,0
isiro_2012,base_ops,41,2026091041,374,179,0
isiro_2012,base_ops,42,2026091042,407,191,0
isiro_2012,base_ops,43,2026091043,687,286,0
isiro_2012,base_ops,44,2026091044,406,189,0
isiro_2012,base_ops,45,2026091045,647,297,0
isiro_2012,base_ops,46,2026091046,464,216,0
isiro_2012,base_ops,47,2026091047,433,184,0
isiro_2012,base_ops,48,2026091048,258,118,0
isiro_2012,base_ops,49,2026091049,515,245,0
isiro_2012,base_ops,50,2026091050,753,343,0
isiro_2012,base_ops,51,2026091051,592,268,0
isiro_2012,base_ops,52,2026091052,604,289,0
isiro_2012,base_ops,53,2026091053,653,308,0
isiro_2012,base_ops,54,2026091054,511,240,0
isiro_2012,base_ops,55,2026091055,796,360,0
isiro_2012,base_ops,56,2026091056,742,330,0
isiro_2012,base_ops,57,2026091057,611,292,0
isiro_2012,base_ops,58,2026091058,577,257,0
isiro_2012,base_ops,59,2026091059,295,133,0
isiro_2012,base_ops,60,2026091060,950,462,0
isiro_2012,base_ops,61,2026091061,397,174,0
isiro_2012,base_ops,62,2026091062,537,239,0
isiro_2012,base_ops,63,2026091063,671,315,0
isiro_2012,base_ops,64,2026091064,577,254,0
isiro_2012,base_ops,65,2026091065,407,172,0
isiro_2012,base_ops,66,2026091066,338,162,0
isiro_2012,base_ops,67,2026091067,278,107,0
isiro_2012,base_ops,68,2026091068,562,249,0
isiro_2012,base_ops,69,2026091069,531,249,0
isiro_2012,base_ops,70,2026091070,846,405,0
isiro_2012,base_ops,71,2026091071,540,267,0
isiro_2012,base_ops,72,2026091072,540,238,0
isiro_2012,base_ops,73,2026091073,378,166,0
isiro_2012,base_ops,74,2026091074,532,251,0
isiro_2012,base_ops,75,2026091075,617,283,0
isiro_2012,base_ops,76,2026091076,606,284,0
isiro_2012,base_ops,77,2026091077,483,231,0
isiro_2012,base_ops,78,2026091078,192,78,0
isiro_2012,base_ops,79,2026091079,619,297,0
isiro_2012,base_ops,80,2026091080,334,157,0
isiro_2012,base_ops,81,2026091081,593,252,0
isiro_2012,base_ops,82,2026091082,382,190,0
isiro_2012,base_ops,83,2026091083,351,168,0
isiro_2012,base_ops,84,2026091084,494,215,0
isiro_2012,base_ops,85,2026091085,475,228,0
isiro_2012,base_ops,86,2026091086,513,241,0
isiro_2012,base_ops,87,2026091087,552,259,0
isiro_2012,base_ops,88,2026091088,469,204,0
isiro_2012,base_ops,89,2026091089,697,336,0
isiro_2012,base_ops,90,2026091090,548,251,0
isiro_2012,base_ops,91,2026091091,554,255,0
isiro_2012,base_ops,92,2026091092,520,260,0
isiro_2012,base_ops,93,2026091093,700,322,0
isiro_2012,base_ops,94,2026091094,485,216,0
isiro_2012,base_ops,95,2026091095,722,315,0
isiro_2012,base_ops,96,2026091096,431,192,0
isiro_2012,base_ops,97,2026091097,651,303,0
isiro_2012,base_ops,98,2026091098,722,323,0
isiro_2012,base_ops,99,2026091099,496,234,0
isiro_2012,base_ops,100,2026091100,388,174,0
isiro_2012,base_ops,101,2026091101,511,236,0
isiro_2012,base_ops,102,2026091102,464,217,0
isiro_2012,base_ops,103,2026091103,590,255,0
isiro_2012,base_ops,104,2026091104,568,246,0
isiro_2012,base_ops,105,2026091105,641,284,0
isiro_2012,base_ops,106,2026091106,591,264,0
isiro_2012,base_ops,107,2026091107,443,202,0
isiro_2012,base_ops,108,2026091108,365,182,0
isiro_2012,base_ops,109,2026091109,655,296,0
isiro_2012,base_ops,110,2026091110,576,234,0
isiro_2012,base_ops,111,2026091111,671,319,0
isiro_2012,base_ops,112,2026091112,961,423,0
isiro_2012,base_ops,113,2026091113,661,292,0
isiro_2012,base_ops,114,2026091114,626,278,0
isiro_2012,base_ops,115,2026091115,496,219,0
isiro_2012,base_ops,116,2026091116,271,115,0
isiro_2012,base_ops,117,2026091117,577,265,0
isiro_2012,base_ops,118,2026091118,491,220,0
isiro_2012,base_ops,119,2026091119,333,145,0
isiro_2012,base_ops,120,2026091120,623,318,0
isiro_2012,base_ops,121,2026091121,656,298,0
isiro_2012,base_ops,122,2026091122,540,223,0
isiro_2012,base_ops,123,2026091123,259,114,0
isiro_2012,base_ops,124,2026091124,284,126,0
isiro_2012,base_ops,125,2026091125,521,250,0
isiro_2012,base_ops,126,2026091126,321,138,0
isiro_2012,base_ops,127,2026091127,552,241,0
isiro_2012,base_ops,128,2026091128,454,201,0
isiro_2012,base_ops,129,2026091129,442,200,0
isiro_2012,base_ops,130,2026091130,396,193,0
isiro_2012,base_ops,131,2026091131,493,214,0
isiro_2012,base_ops,132,2026091132,699,307,0
isiro_2012,base_ops,133,2026091133,356,168,0
isiro_2012,base_ops,134,2026091134,598,275,0
isiro_2012,base_ops,135,2026091135,513,246,0
isiro_2012,base_ops,136,2026091136,495,231,0
isiro_2012,base_ops,137,2026091137,645,295,0
isiro_2012,base_ops,138,2026091138,621,295,0
isiro_2012,base_ops,139,2026091139,465,190,0
isiro_2012,base_ops,140,2026091140,613,284,0
isiro_2012,base_ops,141,2026091141,557,243,0
isiro_2012,base_ops,142,2026091142,639,292,0
isiro_2012,base_ops,143,2026091143,503,229,0
isiro_2012,base_ops,144,2026091144,480,244,0
isiro_2012,base_ops,145,2026091145,472,203,0
isiro_2012,base_ops,146,2026091146,558,250,0
isiro_2012,base_ops,147,2026091147,490,213,0
isiro_2012,base_ops,148,2026091148,513,241,0
isiro_2012,base_ops,149,2026091149,560,266,0
isiro_2012,base_ops,150,2026091150,398,180,0
isiro_2012,base_ops,151,2026091151,672,310,0
isiro_2012,base_ops,152,2026091152,486,217,0
isiro_2012,base_ops,153,2026091153,454,215,0
isiro_2012,base_ops,154,2026091154,695,332,0
isiro_2012,base_ops,155,2026091155,482,207,0
isiro_2012,base_ops,156,2026091156,740,344,0
isiro_2012,base_ops,157,2026091157,363,159,0
isiro_2012,base_ops,158,2026091158,498,227,0
isiro_2012,base_ops,159,2026091159,573,273,0
isiro_2012,base_ops,160,2026091160,585,262,0
isiro_2012,base_ops,161,2026091161,550,260,0
isiro_2012,base_ops,162,2026091162,370,177,0
isiro_2012,base_ops,163,2026091163,497,233,0
isiro_2012,base_ops,164,2026091164,298,137,0
isiro_2012,base_ops,165,2026091165,409,169,0
isiro_2012,base_ops,166,2026091166,510,230,0
isiro_2012,base_ops,167,2026091167,542,241,0
isiro_2012,base_ops,168,2026091168,525,236,0
isiro_2012,base_ops,169,2026091169,427,198,0
isiro_2012,base_ops,170,2026091170,716,321,0
isiro_2012,base_ops,171,2026091171,433,207,0
isiro_2012,base_ops,172,2026091172,523,249,0
isiro_2012,base_ops,173,2026091173,492,221,0
isiro_2012,base_ops,174,2026091174,507,229,0
isiro_2012,base_ops,175,2026091175,880,410,0
isiro_2012,base_ops,176,2026091176,401,178,0
isiro_2012,base_ops,177,2026091177,461,202,0
isiro_2012,base_ops,178,2026091178,426,195,0
isiro_2012,base_ops,179,2026091179,509,211,0
isiro_2012,base_ops,180,2026091180,584,262,0
isiro_2012,base_ops,181,2026091181,376,163,0
isiro_2012,base_ops,182,2026091182,429,194,0
isiro_2012,base_ops,183,2026091183,645,287,0
isiro_2012,base_ops,184,2026091184,476,213,0
isiro_2012,base_ops,185,2026091185,471,200,0
isiro_2012,base_ops,186,2026091186,396,178,0
isiro_2012,base_ops,187,2026091187,358,151,0
isiro_2012,base_ops,188,2026091188,563,258,0
isiro_2012,base_ops,189,2026091189,416,184,0
isiro_2012,base_ops,190,2026091190,560,249,0
isiro_2012,base_ops,191,2026091191,683,309,0
isiro_2012,base_ops,192,2026091192,480,240,0
isiro_2012,base_ops,193,2026091193,458,214,0
isiro_2012,base_ops,194,2026091194,381,188,0
isiro_2012,base_ops,195,2026091195,556,234,0
isiro_2012,base_ops,196,2026091196,557,246,0
isiro_2012,base_ops,197,2026091197,287,134,0
isiro_2012,base_ops,198,2026091198,618,279,0
isiro_2012,base_ops,199,2026091199,536,241,0
isiro_2012,base_ops,200,2026091200,686,311,0
isiro_2012,base_ops,201,2026091201,454,208,0
isiro_2012,base_ops,202,2026091202,733,340,0
isiro_2012,base_ops,203,2026091203,440,217,0
isiro_2012,base_ops,204,2026091204,509,237,0
isiro_2012,base_ops,205,2026091205,658,267,0
isiro_2012,base_ops,206,2026091206,519,235,0
isiro_2012,base_ops,207,2026091207,491,215,0
isiro_2012,base_ops,208,2026091208,598,279,0
isiro_2012,base_ops,209,2026091209,452,207,0
isiro_2012,base_ops,210,2026091210,385,176,0
isiro_2012,base_ops,211,2026091211,386,197,0
isiro_2012,base_ops,212,2026091212,224,110,0
isiro_2012,base_ops,213,2026091213,390,190,0
isiro_2012,base_ops,214,2026091214,762,340,0
isiro_2012,base_ops,215,2026091215,441,217,0
isiro_2012,base_ops,216,2026091216,723,322,0
isiro_2012,base_ops,217,2026091217,567,251,0
isiro_2012,base_ops,218,2026091218,560,247,0
isiro_2012,base_ops,219,2026091219,494,223,0
isiro_2012,base_ops,220,2026091220,711,339,0
isiro_2012,base_ops,221,2026091221,607,301,0
isiro_2012,base_ops,222,2026091222,289,142,0
isiro_2012,base_ops,223,2026091223,528,247,0
isiro_2012,base_ops,224,2026091224,475,222,0
isiro_2012,base_ops,225,2026091225,603,270,0
isiro_2012,base_ops,226,2026091226,376,167,0
isiro_2012,base_ops,227,2026091227,468,198,0
isiro_2012,base_ops,228,2026091228,464,172,0
isiro_2012,base_ops,229,2026091229,508,247,0
isiro_2012,base_ops,230,2026091230,727,334,0
isiro_2012,base_ops,231,2026091231,221,105,0
isiro_2012,base_ops,232,2026091232,524,260,0
isiro_2012,base_ops,233,2026091233,545,231,0
isiro_2012,base_ops,234,2026091234,403,183,0
isiro_2012,base_ops,235,2026091235,605,292,0
isiro_2012,base_ops,236,2026091236,483,229,0
isiro_2012,base_ops,237,2026091237,667,301,0
isiro_2012,base_ops,238,2026091238,660,279,0
isiro_2012,base_ops,239,2026091239,475,230,0
isiro_2012,base_ops,240,2026091240,439,170,0
isiro_2012,base_ops,241,2026091241,420,212,0
isiro_2012,base_ops,242,2026091242,832,390,0
isiro_2012,base_ops,243,2026091243,710,345,0
isiro_2012,base_ops,244,2026091244,406,193,0
isiro_2012,base_ops,245,2026091245,522,227,0
isiro_2012,base_ops,246,2026091246,551,237,0
isiro_2012,base_ops,247,2026091247,725,331,0
isiro_2012,base_ops,248,2026091248,679,292,0
isiro_2012,base_ops,249,2026091249,479,212,0
isiro_2012,base_ops,250,2026091250,683,303,0
isiro_2012,base_ops,251,2026091251,312,154,0
isiro_2012,base_ops,252,2026091252,563,251,0
isiro_2012,base_ops,253,2026091253,737,340,0
isiro_2012,base_ops,254,2026091254,553,255,0
isiro_2012,base_ops,255,2026091255,366,169,0
isiro_2012,base_ops,256,2026091256,474,219,0
isiro_2012,base_ops,257,2026091257,384,178,0
isiro_2012,base_ops,258,2026091258,549,234,0
isiro_2012,base_ops,259,2026091259,530,249,0
isiro_2012,base_ops,260,2026091260,489,224,0
isiro_2012,base_ops,261,2026091261,496,197,0
isiro_2012,base_ops,262,2026091262,429,199,0
isiro_2012,base_ops,263,2026091263,472,205,0
isiro_2012,base_ops,264,2026091264,473,216,0
isiro_2012,base_ops,265,2026091265,676,311,0
isiro_2012,base_ops,266,2026091266,377,174,0
isiro_2012,base_ops,267,2026091267,381,188,0
isiro_2012,base_ops,268,2026091268,479,212,0
isiro_2012,base_ops,269,2026091269,697,333,0
isiro_2012,base_ops,270,2026091270,528,223,0
isiro_2012,base_ops,271,2026091271,357,159,0
isiro_2012,base_ops,272,2026091272,633,282,0
isiro_2012,base_ops,273,2026091273,228,106,0
isiro_2012,base_ops,274,2026091274,445,206,0
isiro_2012,base_ops,275,2026091275,726,324,0
isiro_2012,base_ops,276,2026091276,369,166,0
isiro_2012,base_ops,277,2026091277,356,147,0
isiro_2012,base_ops,278,2026091278,639,297,0
isiro_2012,base_ops,279,2026091279,411,173,0
isiro_2012,base_ops,280,2026091280,738,324,0
isiro_2012,base_ops,281,2026091281,601,281,0
isiro_2012,base_ops,282,2026091282,570,255,0
isiro_2012,base_ops,283,2026091283,525,228,0
isiro_2012,base_ops,284,2026091284,369,161,0
isiro_2012,base_ops,285,2026091285,545,256,0
isiro_2012,base_ops,286,2026091286,581,237,0
isiro_2012,base_ops,287,2026091287,405,186,0
isiro_2012,base_ops,288,2026091288,319,134,0
isiro_2012,base_ops,289,2026091289,541,252,0
isiro_2012,base_ops,290,2026091290,520,237,0
isiro_2012,base_ops,291,2026091291,504,228,0
isiro_2012,base_ops,292,2026091292,604,271,0
isiro_2012,base_ops,293,2026091293,427,196,0
isiro_2012,base_ops,294,2026091294,410,207,0
isiro_2012,base_ops,295,2026091295,469,211,0
isiro_2012,base_ops,296,2026091296,766,323,0
isiro_2012,base_ops,297,2026091297,732,310,0
isiro_2012,base_ops,298,2026091298,484,221,0
isiro_2012,base_ops,299,2026091299,577,274,0
isiro_2012,base_ops,300,2026091300,223,94,0
isiro_2012,base_ops,301,2026091301,565,281,0
isiro_2012,base_ops,302,2026091302,344,153,0
isiro_2012,base_ops,303,2026091303,342,160,0
isiro_2012,base_ops,304,2026091304,464,218,0
isiro_2012,base_ops,305,2026091305,442,210,0
isiro_2012,base_ops,306,2026091306,351,154,0
isiro_2012,base_ops,307,2026091307,664,301,0
isiro_2012,base_ops,308,2026091308,555,249,0
isiro_2012,base_ops,309,2026091309,538,236,0
isiro_2012,base_ops,310,2026091310,487,225,0
isiro_2012,base_ops,311,2026091311,731,354,0
isiro_2012,base_ops,312,2026091312,372,171,0
isiro_2012,base_ops,313,2026091313,292,138,0
isiro_2012,base_ops,314,2026091314,670,295,0
isiro_2012,base_ops,315,2026091315,470,228,0
isiro_2012,base_ops,316,2026091316,417,199,0
isiro_2012,base_ops,317,2026091317,452,197,0
isiro_2012,base_ops,318,2026091318,508,223,0
isiro_2012,base_ops,319,2026091319,490,231,0
isiro_2012,base_ops,320,2026091320,288,119,0
isiro_2012,base_ops,321,2026091321,365,165,0
isiro_2012,base_ops,322,2026091322,452,190,0
isiro_2012,base_ops,323,2026091323,614,300,0
isiro_2012,base_ops,324,2026091324,409,187,0
isiro_2012,base_ops,325,2026091325,428,178,0
isiro_2012,base_ops,326,2026091326,513,235,0
isiro_2012,base_ops,327,2026091327,472,220,0
isiro_2012,base_ops,328,2026091328,730,319,0
isiro_2012,base_ops,329,2026091329,497,217,0
isiro_2012,base_ops,330,2026091330,517,250,0
isiro_2012,base_ops,331,2026091331,306,144,0
isiro_2012,base_ops,332,2026091332,417,196,0
isiro_2012,base_ops,333,2026091333,373,168,0
isiro_2012,base_ops,334,2026091334,445,191,0
isiro_2012,base_ops,335,2026091335,563,239,0
isiro_2012,base_ops,336,2026091336,994,496,0
isiro_2012,base_ops,337,2026091337,534,249,0
isiro_2012,base_ops,338,2026091338,268,126,0
isiro_2012,base_ops,339,2026091339,381,187,0
isiro_2012,base_ops,340,2026091340,372,170,0
isiro_2012,base_ops,341,2026091341,456,215,0
isiro_2012,base_ops,342,2026091342,382,157,0
isiro_2012,base_ops,343,2026091343,491,224,0
isiro_2012,base_ops,344,2026091344,408,222,0
isiro_2012,base_ops,345,2026091345,706,352,0
isiro_2012,base_ops,346,2026091346,252,111,0
isiro_2012,base_ops,347,2026091347,614,275,0
isiro_2012,base_ops,348,2026091348,859,400,0
isiro_2012,base_ops,349,2026091349,471,219,0
isiro_2012,base_ops,350,2026091350,520,235,0
isiro_2012,base_ops,351,2026091351,572,273,0
isiro_2012,base_ops,352,2026091352,370,155,0
isiro_2012,base_ops,353,2026091353,800,380,0
isiro_2012,base_ops,354,2026091354,440,218,0
isiro_2012,base_ops,355,2026091355,362,168,0
isiro_2012,base_ops,356,2026091356,657,273,0
isiro_2012,base_ops,357,2026091357,429,204,0
isiro_2012,base_ops,358,2026091358,716,321,0
isiro_2012,base_ops,359,2026091359,389,172,0
isiro_2012,base_ops,360,2026091360,640,275,0
isiro_2012,base_ops,361,2026091361,148,73,0
isiro_2012,base_ops,362,2026091362,245,87,0
isiro_2012,base_ops,363,2026091363,642,288,0
isiro_2012,base_ops,364,2026091364,414,181,0
isiro_2012,base_ops,365,2026091365,423,174,0
isiro_2012,base_ops,366,2026091366,670,287,0
isiro_2012,base_ops,367,2026091367,688,308,0
isiro_2012,base_ops,368,2026091368,532,248,0
isiro_2012,base_ops,369,2026091369,396,189,0
isiro_2012,base_ops,370,2026091370,471,217,0
isiro_2012,base_ops,371,2026091371,798,375,0
isiro_2012,base_ops,372,2026091372,394,187,0
isiro_2012,base_ops,373,2026091373,483,198,0
isiro_2012,base_ops,374,2026091374,494,227,0
isiro_2012,base_ops,375,2026091375,546,271,0
isiro_2012,base_ops,376,2026091376,514,226,0
isiro_2012,base_ops,377,2026091377,509,212,0
isiro_2012,base_ops,378,2026091378,355,152,0
isiro_2012,base_ops,379,2026091379,344,170,0
isiro_2012,base_ops,380,2026091380,434,196,0
isiro_2012,base_ops,381,2026091381,489,227,0
isiro_2012,base_ops,382,2026091382,500,229,0
isiro_2012,base_ops,383,2026091383,550,248,0
isiro_2012,base_ops,384,2026091384,328,133,0
isiro_2012,base_ops,385,2026091385,515,219,0
isiro_2012,base_ops,386,2026091386,443,229,0
isiro_2012,base_ops,387,2026091387,482,203,0
isiro_2012,base_ops,388,2026091388,671,301,0
isiro_2012,base_ops,389,2026091389,569,244,0
isiro_2012,base_ops,390,2026091390,787,354,0
isiro_2012,base_ops,391,2026091391,482,222,0
isiro_2012,base_ops,392,2026091392,313,150,0
isiro_2012,base_ops,393,2026091393,620,264,0
isiro_2012,base_ops,394,2026091394,518,229,0
isiro_2012,base_ops,395,2026091395,498,212,0
isiro_2012,base_ops,396,2026091396,542,250,0
isiro_2012,base_ops,397,2026091397,418,203,0
isiro_2012,base_ops,398,2026091398,658,287,0
isiro_2012,base_ops,399,2026091399,382,160,0
isiro_2012,base_ops,400,2026091400,559,271,0
isiro_2012,base_ops,401,2026091401,370,179,0
isiro_2012,base_ops,402,2026091402,617,278,0
isiro_2012,base_ops,403,2026091403,736,342,0
isiro_2012,base_ops,404,2026091404,611,269,0
isiro_2012,base_ops,405,2026091405,405,193,0
isiro_2012,base_ops,406,2026091406,636,302,0
isiro_2012,base_ops,407,2026091407,420,170,0
isiro_2012,base_ops,408,2026091408,557,267,0
isiro_2012,base_ops,409,2026091409,450,207,0
isiro_2012,base_ops,410,2026091410,515,223,0
isiro_2012,base_ops,411,2026091411,590,260,0
isiro_2012,base_ops,412,2026091412,306,138,0
isiro_2012,base_ops,413,2026091413,440,196,0
isiro_2012,base_ops,414,2026091414,766,342,0
isiro_2012,base_ops,415,2026091415,586,253,0
isiro_2012,base_ops,416,2026091416,940,423,0
isiro_2012,base_ops,417,2026091417,424,185,0
isiro_2012,base_ops,418,2026091418,576,258,0
isiro_2012,base_ops,419,2026091419,569,252,0
isiro_2012,base_ops,420,2026091420,858,375,0
isiro_2012,base_ops,421,2026091421,613,262,0
isiro_2012,base_ops,422,2026091422,866,381,0
isiro_2012,base_ops,423,2026091423,365,178,0
isiro_2012,base_ops,424,2026091424,341,156,0
isiro_2012,base_ops,425,2026091425,589,292,0
isiro_2012,base_ops,426,2026091426,728,329,0
isiro_2012,base_ops,427,2026091427,505,234,0
isiro_2012,base_ops,428,2026091428,531,243,0
isiro_2012,base_ops,429,2026091429,598,276,0
isiro_2012,base_ops,430,2026091430,414,177,0
isiro_2012,base_ops,431,2026091431,603,291,0
isiro_2012,base_ops,432,2026091432,367,168,0
isiro_2012,base_ops,433,2026091433,680,300,0
isiro_2012,base_ops,434,2026091434,273,127,0
isiro_2012,base_ops,435,2026091435,647,292,0
isiro_2012,base_ops,436,2026091436,549,259,0
isiro_2012,base_ops,437,2026091437,575,260,0
isiro_2012,base_ops,438,2026091438,499,224,0
isiro_2012,base_ops,439,2026091439,522,250,0
isiro_2012,base_ops,440,2026091440,706,322,0
isiro_2012,base_ops,441,2026091441,476,206,0
isiro_2012,base_ops,442,2026091442,646,282,0
isiro_2012,base_ops,443,2026091443,575,258,0
isiro_2012,base_ops,444,2026091444,622,295,0
isiro_2012,base_ops,445,2026091445,477,212,0
isiro_2012,base_ops,446,2026091446,284,122,0
isiro_2012,base_ops,447,2026091447,570,264,0
isiro_2012,base_ops,448,2026091448,709,329,0
isiro_2012,base_ops,449,2026091449,415,180,0
isiro_2012,base_ops,450,2026091450,524,242,0
isiro_2012,base_ops,451,2026091451,536,264,0
isiro_2012,base_ops,452,2026091452,341,151,0
isiro_2012,base_ops,453,2026091453,448,203,0
isiro_2012,base_ops,454,2026091454,414,185,0
isiro_2012,base_ops,455,2026091455,713,336,0
isiro_2012,base_ops,456,2026091456,733,339,0
isiro_2012,base_ops,457,2026091457,490,233,0
isiro_2012,base_ops,458,2026091458,573,263,0
isiro_2012,base_ops,459,2026091459,253,103,0
isiro_2012,base_ops,460,2026091460,248,112,0
isiro_2012,base_ops,461,2026091461,379,174,0
isiro_2012,base_ops,462,2026091462,494,217,0
isiro_2012,base_ops,463,2026091463,557,227,0
isiro_2012,base_ops,464,2026091464,473,225,0
isiro_2012,base_ops,465,2026091465,358,168,0
isiro_2012,base_ops,466,2026091466,258,126,0
isiro_2012,base_ops,467,2026091467,375,177,0
isiro_2012,base_ops,468,2026091468,355,157,0
isiro_2012,base_ops,469,2026091469,378,163,0
isiro_2012,base_ops,470,2026091470,689,318,0
isiro_2012,base_ops,471,2026091471,426,191,0
isiro_2012,base_ops,472,2026091472,517,208,0
isiro_2012,base_ops,473,2026091473,496,210,0
isiro_2012,base_ops,474,2026091474,419,184,0
isiro_2012,base_ops,475,2026091475,607,270,0
isiro_2012,base_ops,476,2026091476,454,208,0
isiro_2012,base_ops,477,2026091477,679,294,0
isiro_2012,base_ops,478,2026091478,684,297,0
isiro_2012,base_ops,479,2026091479,564,254,0
isiro_2012,base_ops,480,2026091480,415,191,0
isiro_2012,base_ops,481,2026091481,430,204,0
isiro_2012,base_ops,482,2026091482,741,327,0
isiro_2012,base_ops,483,2026091483,664,300,0
isiro_2012,base_ops,484,2026091484,636,286,0
isiro_2012,base_ops,485,2026091485,529,220,0
isiro_2012,base_ops,486,2026091486,817,353,0
isiro_2012,base_ops,487,2026091487,395,187,0
isiro_2012,base_ops,488,2026091488,520,222,0
isiro_2012,base_ops,489,2026091489,443,202,0
isiro_2012,base_ops,490,2026091490,571,256,0
isiro_2012,base_ops,491,2026091491,665,316,0
isiro_2012,base_ops,492,2026091492,595,262,0
isiro_2012,base_ops,493,2026091493,801,390,0
isiro_2012,base_ops,494,2026091494,539,256,0
isiro_2012,base_ops,495,2026091495,546,258,0
isiro_2012,base_ops,496,2026091496,549,247,0
isiro_2012,base_ops,497,2026091497,346,155,0
isiro_2012,base_ops,498,2026091498,722,304,0
isiro_2012,base_ops,499,2026091499,595,259,0
isiro_2012,base_ops,500,2026091500,390,163,0
isiro_2012,base_ops,501,2026091501,600,275,0
isiro_2012,base_ops,502,2026091502,564,282,0
isiro_2012,base_ops,503,2026091503,339,149,0
isiro_2012,base_ops,504,2026091504,393,179,0
isiro_2012,base_ops,505,2026091505,406,174,0
isiro_2012,base_ops,506,2026091506,552,231,0
isiro_2012,base_ops,507,2026091507,436,189,0
isiro_2012,base_ops,508,2026091508,427,195,0
isiro_2012,base_ops,509,2026091509,263,114,0
isiro_2012,base_ops,510,2026091510,395,162,0
isiro_2012,base_ops,511,2026091511,489,243,0
isiro_2012,base_ops,512,2026091512,396,180,0
isiro_2012,base_ops,513,2026091513,601,264,0
isiro_2012,base_ops,514,2026091514,370,165,0
isiro_2012,base_ops,515,2026091515,526,249,0
isiro_2012,base_ops,516,2026091516,387,177,0
isiro_2012,base_ops,517,2026091517,432,190,0
isiro_2012,base_ops,518,2026091518,628,301,0
isiro_2012,base_ops,519,2026091519,595,272,0
isiro_2012,base_ops,520,2026091520,584,259,0
isiro_2012,base_ops,521,2026091521,567,253,0
isiro_2012,base_ops,522,2026091522,357,148,0
isiro_2012,base_ops,523,2026091523,388,186,0
isiro_2012,base_ops,524,2026091524,500,235,0
isiro_2012,base_ops,525,2026091525,280,133,0
isiro_2012,base_ops,526,2026091526,795,366,0
isiro_2012,base_ops,527,2026091527,410,200,0
isiro_2012,base_ops,528,2026091528,478,214,0
isiro_2012,base_ops,529,2026091529,621,269,0
isiro_2012,base_ops,530,2026091530,582,263,0
isiro_2012,base_ops,531,2026091531,371,171,0
isiro_2012,base_ops,532,2026091532,591,274,0
isiro_2012,base_ops,533,2026091533,827,391,0
isiro_2012,base_ops,534,2026091534,454,201,0
isiro_2012,base_ops,535,2026091535,501,227,0
isiro_2012,base_ops,536,2026091536,313,134,0
isiro_2012,base_ops,537,2026091537,450,215,0
isiro_2012,base_ops,538,2026091538,465,202,0
isiro_2012,base_ops,539,2026091539,296,130,0
isiro_2012,base_ops,540,2026091540,395,158,0
isiro_2012,base_ops,541,2026091541,815,383,0
isiro_2012,base_ops,542,2026091542,528,226,0
isiro_2012,base_ops,543,2026091543,835,380,0
isiro_2012,base_ops,544,2026091544,501,229,0
isiro_2012,base_ops,545,2026091545,949,438,0
isiro_2012,base_ops,546,2026091546,647,306,0
isiro_2012,base_ops,547,2026091547,411,210,0
isiro_2012,base_ops,548,2026091548,300,147,0
isiro_2012,base_ops,549,2026091549,390,181,0
isiro_2012,base_ops,550,2026091550,555,242,0
isiro_2012,base_ops,551,2026091551,543,271,0
isiro_2012,base_ops,552,2026091552,538,240,0
isiro_2012,base_ops,553,2026091553,392,179,0
isiro_2012,base_ops,554,2026091554,684,316,0
isiro_2012,base_ops,555,2026091555,565,271,0
isiro_2012,base_ops,556,2026091556,525,229,0
isiro_2012,base_ops,557,2026091557,467,227,0
isiro_2012,base_ops,558,2026091558,458,201,0
isiro_2012,base_ops,559,2026091559,464,208,0
isiro_2012,base_ops,560,2026091560,494,223,0
isiro_2012,base_ops,561,2026091561,603,255,0
isiro_2012,base_ops,562,2026091562,596,279,0
isiro_2012,base_ops,563,2026091563,599,283,0
isiro_2012,base_ops,564,2026091564,596,261,0
isiro_2012,base_ops,565,2026091565,703,317,0
isiro_2012,base_ops,566,2026091566,905,407,0
isiro_2012,base_ops,567,2026091567,672,310,0
isiro_2012,base_ops,568,2026091568,651,295,0
isiro_2012,base_ops,569,2026091569,596,274,0
isiro_2012,base_ops,570,2026091570,399,178,0
isiro_2012,base_ops,571,2026091571,349,176,0
isiro_2012,base_ops,572,2026091572,454,221,0
isiro_2012,base_ops,573,2026091573,565,255,0
isiro_2012,base_ops,574,2026091574,587,270,0
isiro_2012,base_ops,575,2026091575,565,261,0
isiro_2012,base_ops,576,2026091576,455,200,0
isiro_2012,base_ops,577,2026091577,620,277,0
isiro_2012,base_ops,578,2026091578,430,189,0
isiro_2012,base_ops,579,2026091579,684,314,0
isiro_2012,base_ops,580,2026091580,395,187,0
isiro_2012,base_ops,581,2026091581,324,134,0
isiro_2012,base_ops,582,2026091582,726,321,0
isiro_2012,base_ops,583,2026091583,299,127,0
isiro_2012,base_ops,584,2026091584,474,234,0
isiro_2012,base_ops,585,2026091585,456,216,0
isiro_2012,base_ops,586,2026091586,549,268,0
isiro_2012,base_ops,587,2026091587,484,221,0
isiro_2012,base_ops,588,2026091588,573,245,0
isiro_2012,base_ops,589,2026091589,575,245,0
isiro_2012,base_ops,590,2026091590,749,352,0
isiro_2012,base_ops,591,2026091591,452,189,0
isiro_2012,base_ops,592,2026091592,554,253,0
isiro_2012,base_ops,593,2026091593,283,121,0
isiro_2012,base_ops,594,2026091594,418,188,0
isiro_2012,base_ops,595,2026091595,528,241,0
isiro_2012,base_ops,596,2026091596,275,134,0
isiro_2012,base_ops,597,2026091597,580,249,0
isiro_2012,base_ops,598,2026091598,691,317,0
isiro_2012,base_ops,599,2026091599,585,251,0
isiro_2012,base_ops,600,2026091600,487,221,0
isiro_2012,base_ops,601,2026091601,774,359,0
isiro_2012,base_ops,602,2026091602,417,199,0
isiro_2012,base_ops,603,2026091603,575,275,0
isiro_2012,base_ops,604,2026091604,888,393,0
isiro_2012,base_ops,605,2026091605,567,268,0
isiro_2012,base_ops,606,2026091606,450,186,0
isiro_2012,base_ops,607,2026091607,583,259,0
isiro_2012,base_ops,608,2026091608,564,259,0
isiro_2012,base_ops,609,2026091609,597,271,0
isiro_2012,base_ops,610,2026091610,410,190,0
isiro_2012,base_ops,611,2026091611,651,312,0
isiro_2012,base_ops,612,2026091612,500,231,0
isiro_2012,base_ops,613,2026091613,608,273,0
isiro_2012,base_ops,614,2026091614,640,290,0
isiro_2012,base_ops,615,2026091615,461,213,0
isiro_2012,base_ops,616,2026091616,442,200,0
isiro_2012,base_ops,617,2026091617,482,228,0
isiro_2012,base_ops,618,2026091618,430,219,0
isiro_2012,base_ops,619,2026091619,392,171,0
isiro_2012,base_ops,620,2026091620,352,149,0
isiro_2012,base_ops,621,2026091621,513,245,0
isiro_2012,base_ops,622,2026091622,686,279,0
isiro_2012,base_ops,623,2026091623,397,179,0
isiro_2012,base_ops,624,2026091624,577,289,0
isiro_2012,enhanced_ops,0,2026091000,143,64,0
isiro_2012,enhanced_ops,1,2026091001,114,50,0
isiro_2012,enhanced_ops,2,2026091002,122,44,0
isiro_2012,enhanced_ops,3,2026091003,81,38,0
isiro_2012,enhanced_ops,4,2026091004,134,54,0
isiro_2012,enhanced_ops,5,2026091005,134,62,0
isiro_2012,enhanced_ops,6,2026091006,123,46,0
isiro_2012,enhanced_ops,7,2026091007,110,44,0
isiro_2012,enhanced_ops,8,2026091008,103,50,0
isiro_2012,enhanced_ops,9,2026091009,175,85,0
isiro_2012,enhanced_ops,10,2026091010,169,77,0
isiro_2012,enhanced_ops,11,2026091011,109,47,0
isiro_2012,enhanced_ops,12,2026091012,141,57,0
isiro_2012,enhanced_ops,13,2026091013,140,50,0
isiro_2012,enhanced_ops,14,2026091014,107,54,0
isiro_2012,enhanced_ops,15,2026091015,153,80,0
isiro_2012,enhanced_ops,16,2026091016,143,60,0
isiro_2012,enhanced_ops,17,2026091017,80,35,0
isiro_2012,enhanced_ops,18,2026091018,120,54,0
isiro_2012,enhanced_ops,19,2026091019,167,77,0
isiro_2012,enhanced_ops,20,2026091020,90,40,0
isiro_2012,enhanced_ops,21,2026091021,137,62,0
isiro_2012,enhanced_ops,22,2026091022,126,58,0
isiro_2012,enhanced_ops,23,2026091023,120,60,0
isiro_2012,enhanced_ops,24,2026091024,127,55,0
isiro_2012,enhanced_ops,25,2026091025,158,73,0
isiro_2012,enhanced_ops,26,2026091026,109,43,0
isiro_2012,enhanced_ops,27,2026091027,115,64,0
isiro_2012,enhanced_ops,28,2026091028,97,43,0
isiro_2012,enhanced_ops,29,2026091029,124,48,0
isiro_2012,enhanced_ops,30,2026091030,95,42,0
isiro_2012,enhanced_ops,31,2026091031,99,46,0
isiro_2012,enhanced_ops,32,2026091032,125,61,0
isiro_2012,enhanced_ops,33,2026091033,112,52,0
isiro_2012,enhanced_ops,34,2026091034,158,73,0
isiro_2012,enhanced_ops,35,2026091035,141,69,0
isiro_2012,enhanced_ops,36,2026091036,70,34,0
isiro_2012,enhanced_ops,37,2026091037,147,68,0
isiro_2012,enhanced_ops,38,2026091038,98,50,0
isiro_2012,enhanced_ops,39,2026091039,99,51,0
isiro_2012,enhanced_ops,40,2026091040,133,50,0
isiro_2012,enhanced_ops,41,2026091041,187,102,0
isiro_2012,enhanced_ops,42,2026091042,93,48,0
isiro_2012,enhanced_ops,43,2026091043,147,68,0
isiro_2012,enhanced_ops,44,2026091044,117,53,0
isiro_2012,enhanced_ops,45,2026091045,139,70,0
isiro_2012,enhanced_ops,46,2026091046,92,45,0
isiro_2012,enhanced_ops,47,2026091047,112,47,0
isiro_2012,enhanced_ops,48,2026091048,108,46,0
isiro_2012,enhanced_ops,49,2026091049,228,93,0
isiro_2012,enhanced_ops,50,2026091050,126,59,0
isiro_2012,enhanced_ops,51,2026091051,174,70,0
isiro_2012,enhanced_ops,52,2026091052,84,44,0
isiro_2012,enhanced_ops,53,2026091053,119,54,0
isiro_2012,enhanced_ops,54,2026091054,135,63,0
isiro_2012,enhanced_ops,55,2026091055,201,93,0
isiro_2012,enhanced_ops,56,2026091056,154,71,0
isiro_2012,enhanced_ops,57,2026091057,112,58,0
isiro_2012,enhanced_ops,58,2026091058,163,74,0
isiro_2012,enhanced_ops,59,2026091059,103,46,0
isiro_2012,enhanced_ops,60,2026091060,121,60,0
isiro_2012,enhanced_ops,61,2026091061,112,55,0
isiro_2012,enhanced_ops,62,2026091062,132,62,0
isiro_2012,enhanced_ops,63,2026091063,142,65,0
isiro_2012,enhanced_ops,64,2026091064,140,65,0
isiro_2012,enhanced_ops,65,2026091065,175,74,0
isiro_2012,enhanced_ops,66,2026091066,127,59,0
isiro_2012,enhanced_ops,67,2026091067,107,44,0
isiro_2012,enhanced_ops,68,2026091068,126,61,0
isiro_2012,enhanced_ops,69,2026091069,136,60,0
isiro_2012,enhanced_ops,70,2026091070,160,67,0
isiro_2012,enhanced_ops,71,2026091071,105,52,0
isiro_2012,enhanced_ops,72,2026091072,118,47,0
isiro_2012,enhanced_ops,73,2026091073,118,49,0
isiro_2012,enhanced_ops,74,2026091074,185,83,0
isiro_2012,enhanced_ops,75,2026091075,124,50,0
isiro_2012,enhanced_ops,76,2026091076,99,47,0
isiro_2012,enhanced_ops,77,2026091077,89,38,0
isiro_2012,enhanced_ops,78,2026091078,119,45,0
isiro_2012,enhanced_ops,79,2026091079,137,73,0
isiro_2012,enhanced_ops,80,2026091080,92,51,0
isiro_2012,enhanced_ops,81,2026091081,110,45,0
isiro_2012,enhanced_ops,82,2026091082,100,46,0
isiro_2012,enhanced_ops,83,2026091083,114,56,0
isiro_2012,enhanced_ops,84,2026091084,164,71,0
isiro_2012,enhanced_ops,85,2026091085,95,41,0
isiro_2012,enhanced_ops,86,2026091086,129,64,0
isiro_2012,enhanced_ops,87,2026091087,128,63,0
isiro_2012,enhanced_ops,88,2026091088,101,44,0
isiro_2012,enhanced_ops,89,2026091089,117,55,0
isiro_2012,enhanced_ops,90,2026091090,138,66,0
isiro_2012,enhanced_ops,91,2026091091,88,46,0
isiro_2012,enhanced_ops,92,2026091092,165,76,0
isiro_2012,enhanced_ops,93,2026091093,109,52,0
isiro_2012,enhanced_ops,94,2026091094,152,64,0
isiro_2012,enhanced_ops,95,2026091095,145,59,0
isiro_2012,enhanced_ops,96,2026091096,105,46,0
isiro_2012,enhanced_ops,97,2026091097,129,54,0
isiro_2012,enhanced_ops,98,2026091098,117,58,0
isiro_2012,enhanced_ops,99,2026091099,111,47,0
isiro_2012,enhanced_ops,100,2026091100,115,52,0
isiro_2012,enhanced_ops,101,2026091101,129,65,0
isiro_2012,enhanced_ops,102,2026091102,90,45,0
isiro_2012,enhanced_ops,103,2026091103,119,48,0
isiro_2012,enhanced_ops,104,2026091104,146,65,0
isiro_2012,enhanced_ops,105,2026091105,109,46,0
isiro_2012,enhanced_ops,106,2026091106,69,32,0
isiro_2012,enhanced_ops,107,2026091107,86,36,0
isiro_2012,enhanced_ops,108,2026091108,104,47,0
isiro_2012,enhanced_ops,109,2026091109,117,55,0
isiro_2012,enhanced_ops,110,2026091110,132,56,0
isiro_2012,enhanced_ops,111,2026091111,114,48,0
isiro_2012,enhanced_ops,112,2026091112,128,55,0
isiro_2012,enhanced_ops,113,2026091113,81,42,0
isiro_2012,enhanced_ops,114,2026091114,138,64,0
isiro_2012,enhanced_ops,115,2026091115,125,58,0
isiro_2012,enhanced_ops,116,2026091116,136,54,0
isiro_2012,enhanced_ops,117,2026091117,111,42,0
isiro_2012,enhanced_ops,118,2026091118,153,62,0
isiro_2012,enhanced_ops,119,2026091119,136,57,0
isiro_2012,enhanced_ops,120,2026091120,133,70,0
isiro_2012,enhanced_ops,121,2026091121,107,56,0
isiro_2012,enhanced_ops,122,2026091122,170,76,0
isiro_2012,enhanced_ops,123,2026091123,162,75,0
isiro_2012,enhanced_ops,124,2026091124,118,55,0
isiro_2012,enhanced_ops,125,2026091125,115,54,0
isiro_2012,enhanced_ops,126,2026091126,98,42,0
isiro_2012,enhanced_ops,127,2026091127,109,36,0
isiro_2012,enhanced_ops,128,2026091128,144,67,0
isiro_2012,enhanced_ops,129,2026091129,112,49,0
isiro_2012,enhanced_ops,130,2026091130,119,58,0
isiro_2012,enhanced_ops,131,2026091131,108,53,0
isiro_2012,enhanced_ops,132,2026091132,116,45,0
isiro_2012,enhanced_ops,133,2026091133,150,67,0
isiro_2012,enhanced_ops,134,2026091134,149,78,0
isiro_2012,enhanced_ops,135,2026091135,117,56,0
isiro_2012,enhanced_ops,136,2026091136,134,57,0
isiro_2012,enhanced_ops,137,2026091137,210,98,0
isiro_2012,enhanced_ops,138,2026091138,178,84,0
isiro_2012,enhanced_ops,139,2026091139,122,50,0
isiro_2012,enhanced_ops,140,2026091140,133,54,0
isiro_2012,enhanced_ops,141,2026091141,116,49,0
isiro_2012,enhanced_ops,142,2026091142,147,63,0
isiro_2012,enhanced_ops,143,2026091143,155,76,0
isiro_2012,enhanced_ops,144,2026091144,105,56,0
isiro_2012,enhanced_ops,145,2026091145,137,54,0
isiro_2012,enhanced_ops,146,2026091146,107,47,0
isiro_2012,enhanced_ops,147,2026091147,133,56,0
isiro_2012,enhanced_ops,148,2026091148,136,63,0
isiro_2012,enhanced_ops,149,2026091149,152,65,0
isiro_2012,enhanced_ops,150,2026091150,118,60,0
isiro_2012,enhanced_ops,151,2026091151,108,52,0
isiro_2012,enhanced_ops,152,2026091152,121,48,0
isiro_2012,enhanced_ops,153,2026091153,107,49,0
isiro_2012,enhanced_ops,154,2026091154,123,57,0
isiro_2012,enhanced_ops,155,2026091155,107,51,0
isiro_2012,enhanced_ops,156,2026091156,200,87,0
isiro_2012,enhanced_ops,157,2026091157,131,53,0
isiro_2012,enhanced_ops,158,2026091158,138,63,0
isiro_2012,enhanced_ops,159,2026091159,111,47,0
isiro_2012,enhanced_ops,160,2026091160,86,37,0
isiro_2012,enhanced_ops,161,2026091161,107,43,0
isiro_2012,enhanced_ops,162,2026091162,141,68,0
isiro_2012,enhanced_ops,163,2026091163,191,95,0
isiro_2012,enhanced_ops,164,2026091164,77,40,0
isiro_2012,enhanced_ops,165,2026091165,163,72,0
isiro_2012,enhanced_ops,166,2026091166,134,62,0
isiro_2012,enhanced_ops,167,2026091167,112,46,0
isiro_2012,enhanced_ops,168,2026091168,129,60,0
isiro_2012,enhanced_ops,169,2026091169,98,42,0
isiro_2012,enhanced_ops,170,2026091170,137,64,0
isiro_2012,enhanced_ops,171,2026091171,170,83,0
isiro_2012,enhanced_ops,172,2026091172,178,93,0
isiro_2012,enhanced_ops,173,2026091173,125,60,0
isiro_2012,enhanced_ops,174,2026091174,112,53,0
isiro_2012,enhanced_ops,175,2026091175,148,71,0
isiro_2012,enhanced_ops,176,2026091176,91,42,0
isiro_2012,enhanced_ops,177,2026091177,98,42,0
isiro_2012,enhanced_ops,178,2026091178,176,84,0
isiro_2012,enhanced_ops,179,2026091179,136,56,0
isiro_2012,enhanced_ops,180,2026091180,131,57,0
isiro_2012,enhanced_ops,181,2026091181,88,44,0
isiro_2012,enhanced_ops,182,2026091182,96,48,0
isiro_2012,enhanced_ops,183,2026091183,115,58,0
isiro_2012,enhanced_ops,184,2026091184,97,45,0
isiro_2012,enhanced_ops,185,2026091185,157,62,0
isiro_2012,enhanced_ops,186,2026091186,99,45,0
isiro_2012,enhanced_ops,187,2026091187,141,60,0
isiro_2012,enhanced_ops,188,2026091188,163,73,0
isiro_2012,enhanced_ops,189,2026091189,134,61,0
isiro_2012,enhanced_ops,190,2026091190,156,69,0
isiro_2012,enhanced_ops,191,2026091191,120,54,0
isiro_2012,enhanced_ops,192,2026091192,126,74,0
isiro_2012,enhanced_ops,193,2026091193,123,51,0
isiro_2012,enhanced_ops,194,2026091194,88,44,0
isiro_2012,enhanced_ops,195,2026091195,120,55,0
isiro_2012,enhanced_ops,196,2026091196,140,56,0
isiro_2012,enhanced_ops,197,2026091197,141,70,0
isiro_2012,enhanced_ops,198,2026091198,130,60,0
isiro_2012,enhanced_ops,199,2026091199,125,44,0
isiro_2012,enhanced_ops,200,2026091200,151,70,0
isiro_2012,enhanced_ops,201,2026091201,125,57,0
isiro_2012,enhanced_ops,202,2026091202,108,47,0
isiro_2012,enhanced_ops,203,2026091203,82,35,0
isiro_2012,enhanced_ops,204,2026091204,102,43,0
isiro_2012,enhanced_ops,205,2026091205,107,41,0
isiro_2012,enhanced_ops,206,2026091206,120,61,0
isiro_2012,enhanced_ops,207,2026091207,118,55,0
isiro_2012,enhanced_ops,208,2026091208,115,54,0
isiro_2012,enhanced_ops,209,2026091209,205,96,0
isiro_2012,enhanced_ops,210,2026091210,102,49,0
isiro_2012,enhanced_ops,211,2026091211,99,51,0
isiro_2012,enhanced_ops,212,2026091212,99,49,0
isiro_2012,enhanced_ops,213,2026091213,117,58,0
isiro_2012,enhanced_ops,214,2026091214,128,45,0
isiro_2012,enhanced_ops,215,2026091215,83,36,0
isiro_2012,enhanced_ops,216,2026091216,184,81,0
isiro_2012,enhanced_ops,217,2026091217,169,77,0
isiro_2012,enhanced_ops,218,2026091218,117,60,0
isiro_2012,enhanced_ops,219,2026091219,92,44,0
isiro_2012,enhanced_ops,220,2026091220,119,57,0
isiro_2012,enhanced_ops,221,2026091221,101,56,0
isiro_2012,enhanced_ops,222,2026091222,89,44,0
isiro_2012,enhanced_ops,223,2026091223,127,51,0
isiro_2012,enhanced_ops,224,2026091224,79,40,0
isiro_2012,enhanced_ops,225,2026091225,131,65,0
isiro_2012,enhanced_ops,226,2026091226,110,42,0
isiro_2012,enhanced_ops,227,2026091227,135,51,0
isiro_2012,enhanced_ops,228,2026091228,94,31,0
isiro_2012,enhanced_ops,229,2026091229,119,57,0
isiro_2012,enhanced_ops,230,2026091230,73,36,0
isiro_2012,enhanced_ops,231,2026091231,145,73,0
isiro_2012,enhanced_ops,232,2026091232,180,91,0
isiro_2012,enhanced_ops,233,2026091233,99,41,0
isiro_2012,enhanced_ops,234,2026091234,124,56,0
isiro_2012,enhanced_ops,235,2026091235,173,86,0
isiro_2012,enhanced_ops,236,2026091236,125,69,0
isiro_2012,enhanced_ops,237,2026091237,126,54,0
isiro_2012,enhanced_ops,238,2026091238,84,38,0
isiro_2012,enhanced_ops,239,2026091239,137,71,0
isiro_2012,enhanced_ops,240,2026091240,144,55,0
isiro_2012,enhanced_ops,241,2026091241,133,74,0
isiro_2012,enhanced_ops,242,2026091242,113,47,0
isiro_2012,enhanced_ops,243,2026091243,118,46,0
isiro_2012,enhanced_ops,244,2026091244,151,71,0
isiro_2012,enhanced_ops,245,2026091245,120,54,0
isiro_2012,enhanced_ops,246,2026091246,81,45,0
isiro_2012,enhanced_ops,247,2026091247,158,70,0
isiro_2012,enhanced_ops,248,2026091248,100,40,0
isiro_2012,enhanced_ops,249,2026091249,100,43,0
isiro_2012,enhanced_ops,250,2026091250,126,54,0
isiro_2012,enhanced_ops,251,2026091251,127,68,0
isiro_2012,enhanced_ops,252,2026091252,124,56,0
isiro_2012,enhanced_ops,253,2026091253,104,49,0
isiro_2012,enhanced_ops,254,2026091254,133,63,0
isiro_2012,enhanced_ops,255,2026091255,166,83,0
isiro_2012,enhanced_ops,256,2026091256,87,47,0
isiro_2012,enhanced_ops,257,2026091257,114,53,0
isiro_2012,enhanced_ops,258,2026091258,124,54,0
isiro_2012,enhanced_ops,259,2026091259,133,54,0
isiro_2012,enhanced_ops,260,2026091260,140,67,0
isiro_2012,enhanced_ops,261,2026091261,137,57,0
isiro_2012,enhanced_ops,262,2026091262,110,51,0
isiro_2012,enhanced_ops,263,2026091263,147,75,0
isiro_2012,enhanced_ops,264,2026091264,116,48,0
isiro_2012,enhanced_ops,265,2026091265,110,47,0
isiro_2012,enhanced_ops,266,2026091266,100,44,0
isiro_2012,enhanced_ops,267,2026091267,132,72,0
isiro_2012,enhanced_ops,268,2026091268,133,52,0
isiro_2012,enhanced_ops,269,2026091269,131,62,0
isiro_2012,enhanced_ops,270,2026091270,145,65,0
isiro_2012,enhanced_ops,271,2026091271,111,47,0
isiro_2012,enhanced_ops,272,2026091272,154,66,0
isiro_2012,enhanced_ops,273,2026091273,96,41,0
isiro_2012,enhanced_ops,274,2026091274,184,83,0
isiro_2012,enhanced_ops,275,2026091275,86,34,0
isiro_2012,enhanced_ops,276,2026091276,108,55,0
isiro_2012,enhanced_ops,277,2026091277,170,65,0
isiro_2012,enhanced_ops,278,2026091278,99,50,0
isiro_2012,enhanced_ops,279,2026091279,113,47,0
isiro_2012,enhanced_ops,280,2026091280,155,67,0
isiro_2012,enhanced_ops,281,2026091281,132,51,0
isiro_2012,enhanced_ops,282,2026091282,109,46,0
isiro_2012,enhanced_ops,283,2026091283,116,54,0
isiro_2012,enhanced_ops,284,2026091284,85,39,0
isiro_2012,enhanced_ops,285,2026091285,133,64,0
isiro_2012,enhanced_ops,286,2026091286,98,41,0
isiro_2012,enhanced_ops,287,2026091287,128,67,0
isiro_2012,enhanced_ops,288,2026091288,164,71,0
isiro_2012,enhanced_ops,289,2026091289,115,64,0
isiro_2012,enhanced_ops,290,2026091290,113,56,0
isiro_2012,enhanced_ops,291,2026091291,111,52,0
isiro_2012,enhanced_ops,292,2026091292,113,56,0
isiro_2012,enhanced_ops,293,2026091293,109,50,0
isiro_2012,enhanced_ops,294,2026091294,81,34,0
isiro_2012,enhanced_ops,295,2026091295,106,48,0
isiro_2012,enhanced_ops,296,2026091296,130,53,0
isiro_2012,enhanced_ops,297,2026091297,128,58,0
isiro_2012,enhanced_ops,298,2026091298,151,69,0
isiro_2012,enhanced_ops,299,2026091299,183,90,0
isiro_2012,enhanced_ops,300,2026091300,132,57,0
isiro_2012,enhanced_ops,301,2026091301,110,53,0
isiro_2012,enhanced_ops,302,2026091302,121,49,0
isiro_2012,enhanced_ops,303,2026091303,89,49,0
isiro_2012,enhanced_ops,304,2026091304,154,72,0
isiro_2012,enhanced_ops,305,2026091305,143,69,0
isiro_2012,enhanced_ops,306,2026091306,99,48,0
isiro_2012,enhanced_ops,307,2026091307,136,55,0
isiro_2012,enhanced_ops,308,2026091308,120,51,0
isiro_2012,enhanced_ops,309,2026091309,136,58,0
isiro_2012,enhanced_ops,310,2026091310,111,47,0
isiro_2012,enhanced_ops,311,2026091311,185,77,0
isiro_2012,enhanced_ops,312,2026091312,134,65,0
isiro_2012,enhanced_ops,313,2026091313,114,62,0
isiro_2012,enhanced_ops,314,2026091314,110,48,0
isiro_2012,enhanced_ops,315,2026091315,124,61,0
isiro_2012,enhanced_ops,316,2026091316,119,54,0
isiro_2012,enhanced_ops,317,2026091317,130,59,0
isiro_2012,enhanced_ops,318,2026091318,126,56,0
isiro_2012,enhanced_ops,319,2026091319,118,52,0
isiro_2012,enhanced_ops,320,2026091320,138,56,0
isiro_2012,enhanced_ops,321,2026091321,124,60,0
isiro_2012,enhanced_ops,322,2026091322,96,41,0
isiro_2012,enhanced_ops,323,2026091323,111,51,0
isiro_2012,enhanced_ops,324,2026091324,86,36,0
isiro_2012,enhanced_ops,325,2026091325,158,65,0
isiro_2012,enhanced_ops,326,2026091326,128,66,0
isiro_2012,enhanced_ops,327,2026091327,144,59,0
isiro_2012,enhanced_ops,328,2026091328,133,61,0
isiro_2012,enhanced_ops,329,2026091329,117,55,0
isiro_2012,enhanced_ops,330,2026091330,150,72,0
isiro_2012,enhanced_ops,331,2026091331,142,71,0
isiro_2012,enhanced_ops,332,2026091332,100,47,0
isiro_2012,enhanced_ops,333,2026091333,126,62,0
isiro_2012,enhanced_ops,334,2026091334,92,40,0
isiro_2012,enhanced_ops,335,2026091335,113,45,0
isiro_2012,enhanced_ops,336,2026091336,176,80,0
isiro_2012,enhanced_ops,337,2026091337,104,52,0
isiro_2012,enhanced_ops,338,2026091338,117,53,0
isiro_2012,enhanced_ops,339,2026091339,133,60,0
isiro_2012,enhanced_ops,340,2026091340,101,47,0
isiro_2012,enhanced_ops,341,2026091341,140,70,0
isiro_2012,enhanced_ops,342,2026091342,172,76,0
isiro_2012,enhanced_ops,343,2026091343,141,63,0
isiro_2012,enhanced_ops,344,2026091344,102,44,0
isiro_2012,enhanced_ops,345,2026091345,106,48,0
isiro_2012,enhanced_ops,346,2026091346,133,55,0
isiro_2012,enhanced_ops,347,2026091347,119,55,0
isiro_2012,enhanced_ops,348,2026091348,97,39,0
isiro_2012,enhanced_ops,349,2026091349,153,66,0
isiro_2012,enhanced_ops,350,2026091350,147,63,0
isiro_2012,enhanced_ops,351,2026091351,114,58,0
isiro_2012,enhanced_ops,352,2026091352,107,51,0
isiro_2012,enhanced_ops,353,2026091353,174,93,0
isiro_2012,enhanced_ops,354,2026091354,98,56,0
isiro_2012,enhanced_ops,355,2026091355,70,27,0
isiro_2012,enhanced_ops,356,2026091356,146,64,0
isiro_2012,enhanced_ops,357,2026091357,160,71,0
isiro_2012,enhanced_ops,358,2026091358,133,56,0
isiro_2012,enhanced_ops,359,2026091359,156,66,0
isiro_2012,enhanced_ops,360,2026091360,137,57,0
isiro_2012,enhanced_ops,361,2026091361,110,54,0
isiro_2012,enhanced_ops,362,2026091362,79,19,0
isiro_2012,enhanced_ops,363,2026091363,98,45,0
isiro_2012,enhanced_ops,364,2026091364,103,44,0
isiro_2012,enhanced_ops,365,2026091365,91,47,0
isiro_2012,enhanced_ops,366,2026091366,98,35,0
isiro_2012,enhanced_ops,367,2026091367,104,48,0
isiro_2012,enhanced_ops,368,2026091368,95,42,0
isiro_2012,enhanced_ops,369,2026091369,113,56,0
isiro_2012,enhanced_ops,370,2026091370,118,60,0
isiro_2012,enhanced_ops,371,2026091371,151,68,0
isiro_2012,enhanced_ops,372,2026091372,125,56,0
isiro_2012,enhanced_ops,373,2026091373,117,43,0
isiro_2012,enhanced_ops,374,2026091374,106,41,0
isiro_2012,enhanced_ops,375,2026091375,105,62,0
isiro_2012,enhanced_ops,376,2026091376,124,49,0
isiro_2012,enhanced_ops,377,2026091377,166,74,0
isiro_2012,enhanced_ops,378,2026091378,111,49,0
isiro_2012,enhanced_ops,379,2026091379,107,57,0
isiro_2012,enhanced_ops,380,2026091380,130,52,0
isiro_2012,enhanced_ops,381,2026091381,127,53,0
isiro_2012,enhanced_ops,382,2026091382,145,74,0
isiro_2012,enhanced_ops,383,2026091383,168,81,0
isiro_2012,enhanced_ops,384,2026091384,88,30,0
isiro_2012,enhanced_ops,385,2026091385,101,42,0
isiro_2012,enhanced_ops,386,2026091386,120,57,0
isiro_2012,enhanced_ops,387,2026091387,111,42,0
isiro_2012,enhanced_ops,388,2026091388,158,76,0
isiro_2012,enhanced_ops,389,2026091389,107,48,0
isiro_2012,enhanced_ops,390,2026091390,97,47,0
isiro_2012,enhanced_ops,391,2026091391,161,71,0
isiro_2012,enhanced_ops,392,2026091392,183,81,0
isiro_2012,enhanced_ops,393,2026091393,120,48,0
isiro_2012,enhanced_ops,394,2026091394,155,72,0
isiro_2012,enhanced_ops,395,2026091395,122,56,0
isiro_2012,enhanced_ops,396,2026091396,124,63,0
isiro_2012,enhanced_ops,397,2026091397,136,68,0
isiro_2012,enhanced_ops,398,2026091398,161,66,0
isiro_2012,enhanced_ops,399,2026091399,104,40,0
isiro_2012,enhanced_ops,400,2026091400,165,83,0
isiro_2012,enhanced_ops,401,2026091401,131,63,0
isiro_2012,enhanced_ops,402,2026091402,144,70,0
isiro_2012,enhanced_ops,403,2026091403,86,44,0
isiro_2012,enhanced_ops,404,2026091404,124,58,0
isiro_2012,enhanced_ops,405,2026091405,113,52,0
isiro_2012,enhanced_ops,406,2026091406,138,68,0
isiro_2012,enhanced_ops,407,2026091407,123,61,0
isiro_2012,enhanced_ops,408,2026091408,141,71,0
isiro_2012,enhanced_ops,409,2026091409,124,60,0
isiro_2012,enhanced_ops,410,2026091410,141,64,0
isiro_2012,enhanced_ops,411,2026091411,110,40,0
isiro_2012,enhanced_ops,412,2026091412,91,35,0
isiro_2012,enhanced_ops,413,2026091413,173,79,0
isiro_2012,enhanced_ops,414,2026091414,149,70,0
isiro_2012,enhanced_ops,415,2026091415,100,50,0
isiro_2012,enhanced_ops,416,2026091416,116,52,0
isiro_2012,enhanced_ops,417,2026091417,114,56,0
isiro_2012,enhanced_ops,418,2026091418,81,34,0
isiro_2012,enhanced_ops,419,2026091419,132,68,0
isiro_2012,enhanced_ops,420,2026091420,154,73,0
isiro_2012,enhanced_ops,421,2026091421,119,53,0
isiro_2012,enhanced_ops,422,2026091422,97,35,0
isiro_2012,enhanced_ops,423,2026091423,108,55,0
isiro_2012,enhanced_ops,424,2026091424,125,55,0
isiro_2012,enhanced_ops,425,2026091425,85,40,0
isiro_2012,enhanced_ops,426,2026091426,141,70,0
isiro_2012,enhanced_ops,427,2026091427,146,64,0
isiro_2012,enhanced_ops,428,2026091428,150,62,0
isiro_2012,enhanced_ops,429,2026091429,135,70,0
isiro_2012,enhanced_ops,430,2026091430,68,25,0
isiro_2012,enhanced_ops,431,2026091431,188,94,0
isiro_2012,enhanced_ops,432,2026091432,102,45,0
isiro_2012,enhanced_ops,433,2026091433,173,62,0
isiro_2012,enhanced_ops,434,2026091434,99,43,0
isiro_2012,enhanced_ops,435,2026091435,116,60,0
isiro_2012,enhanced_ops,436,2026091436,135,70,0
isiro_2012,enhanced_ops,437,2026091437,117,54,0
isiro_2012,enhanced_ops,438,2026091438,108,43,0
isiro_2012,enhanced_ops,439,2026091439,188,88,0
isiro_2012,enhanced_ops,440,2026091440,116,56,0
isiro_2012,enhanced_ops,441,2026091441,149,67,0
isiro_2012,enhanced_ops,442,2026091442,104,50,0
isiro_2012,enhanced_ops,443,2026091443,119,54,0
isiro_2012,enhanced_ops,444,2026091444,179,89,0
isiro_2012,enhanced_ops,445,2026091445,97,49,0
isiro_2012,enhanced_ops,446,2026091446,79,36,0
isiro_2012,enhanced_ops,447,2026091447,77,25,0
isiro_2012,enhanced_ops,448,2026091448,95,46,0
isiro_2012,enhanced_ops,449,2026091449,103,44,0
isiro_2012,enhanced_ops,450,2026091450,103,46,0
isiro_2012,enhanced_ops,451,2026091451,161,81,0
isiro_2012,enhanced_ops,452,2026091452,106,49,0
isiro_2012,enhanced_ops,453,2026091453,85,39,0
isiro_2012,enhanced_ops,454,2026091454,105,47,0
isiro_2012,enhanced_ops,455,2026091455,166,76,0
isiro_2012,enhanced_ops,456,2026091456,120,48,0
isiro_2012,enhanced_ops,457,2026091457,137,67,0
isiro_2012,enhanced_ops,458,2026091458,164,81,0
isiro_2012,enhanced_ops,459,2026091459,123,52,0
isiro_2012,enhanced_ops,460,2026091460,135,61,0
isiro_2012,enhanced_ops,461,2026091461,136,64,0
isiro_2012,enhanced_ops,462,2026091462,122,61,0
isiro_2012,enhanced_ops,463,2026091463,174,60,0
isiro_2012,enhanced_ops,464,2026091464,165,76,0
isiro_2012,enhanced_ops,465,2026091465,188,82,0
isiro_2012,enhanced_ops,466,2026091466,115,54,0
isiro_2012,enhanced_ops,467,2026091467,99,52,0
isiro_2012,enhanced_ops,468,2026091468,108,44,0
isiro_2012,enhanced_ops,469,2026091469,124,55,0
isiro_2012,enhanced_ops,470,2026091470,117,48,0
isiro_2012,enhanced_ops,471,2026091471,118,51,0
isiro_2012,enhanced_ops,472,2026091472,131,61,0
isiro_2012,enhanced_ops,473,2026091473,126,52,0
isiro_2012,enhanced_ops,474,2026091474,86,37,0
isiro_2012,enhanced_ops,475,2026091475,139,56,0
isiro_2012,enhanced_ops,476,2026091476,95,42,0
isiro_2012,enhanced_ops,477,2026091477,104,48,0
isiro_2012,enhanced_ops,478,2026091478,121,50,0
isiro_2012,enhanced_ops,479,2026091479,132,56,0
isiro_2012,enhanced_ops,480,2026091480,123,51,0
isiro_2012,enhanced_ops,481,2026091481,112,56,0
isiro_2012,enhanced_ops,482,2026091482,185,84,0
isiro_2012,enhanced_ops,483,2026091483,164,67,0
isiro_2012,enhanced_ops,484,2026091484,134,61,0
isiro_2012,enhanced_ops,485,2026091485,149,60,0
isiro_2012,enhanced_ops,486,2026091486,170,70,0
isiro_2012,enhanced_ops,487,2026091487,154,81,0
isiro_2012,enhanced_ops,488,2026091488,128,59,0
isiro_2012,enhanced_ops,489,2026091489,157,62,0
isiro_2012,enhanced_ops,490,2026091490,103,49,0
isiro_2012,enhanced_ops,491,2026091491,98,48,0
isiro_2012,enhanced_ops,492,2026091492,133,61,0
isiro_2012,enhanced_ops,493,2026091493,137,71,0
isiro_2012,enhanced_ops,494,2026091494,116,52,0
isiro_2012,enhanced_ops,495,2026091495,132,58,0
isiro_2012,enhanced_ops,496,2026091496,133,60,0
isiro_2012,enhanced_ops,497,2026091497,135,59,0
isiro_2012,enhanced_ops,498,2026091498,151,60,0
isiro_2012,enhanced_ops,499,2026091499,146,60,0
isiro_2012,enhanced_ops,500,2026091500,136,50,0
isiro_2012,enhanced_ops,501,2026091501,132,71,0
isiro_2012,enhanced_ops,502,2026091502,162,88,0
isiro_2012,enhanced_ops,503,2026091503,98,41,0
isiro_2012,enhanced_ops,504,2026091504,173,75,0
isiro_2012,enhanced_ops,505,2026091505,110,44,0
isiro_2012,enhanced_ops,506,2026091506,104,37,0
isiro_2012,enhanced_ops,507,2026091507,123,44,0
isiro_2012,enhanced_ops,508,2026091508,136,65,0
isiro_2012,enhanced_ops,509,2026091509,148,68,0
isiro_2012,enhanced_ops,510,2026091510,113,46,0
isiro_2012,enhanced_ops,511,2026091511,125,64,0
isiro_2012,enhanced_ops,512,2026091512,87,41,0
isiro_2012,enhanced_ops,513,2026091513,125,55,0
isiro_2012,enhanced_ops,514,2026091514,102,45,0
isiro_2012,enhanced_ops,515,2026091515,153,67,0
isiro_2012,enhanced_ops,516,2026091516,121,62,0
isiro_2012,enhanced_ops,517,2026091517,126,55,0
isiro_2012,enhanced_ops,518,2026091518,97,46,0
isiro_2012,enhanced_ops,519,2026091519,124,54,0
isiro_2012,enhanced_ops,520,2026091520,89,38,0
isiro_2012,enhanced_ops,521,2026091521,132,63,0
isiro_2012,enhanced_ops,522,2026091522,102,47,0
isiro_2012,enhanced_ops,523,2026091523,116,60,0
isiro_2012,enhanced_ops,524,2026091524,152,71,0
isiro_2012,enhanced_ops,525,2026091525,86,37,0
isiro_2012,enhanced_ops,526,2026091526,100,46,0
isiro_2012,enhanced_ops,527,2026091527,76,46,0
isiro_2012,enhanced_ops,528,2026091528,116,42,0
isiro_2012,enhanced_ops,529,2026091529,100,40,0
isiro_2012,enhanced_ops,530,2026091530,142,63,0
isiro_2012,enhanced_ops,531,2026091531,95,43,0
isiro_2012,enhanced_ops,532,2026091532,97,47,0
isiro_2012,enhanced_ops,533,2026091533,107,44,0
isiro_2012,enhanced_ops,534,2026091534,137,67,0
isiro_2012,enhanced_ops,535,2026091535,101,39,0
isiro_2012,enhanced_ops,536,2026091536,111,48,0
isiro_2012,enhanced_ops,537,2026091537,87,45,0
isiro_2012,enhanced_ops,538,2026091538,115,53,0
isiro_2012,enhanced_ops,539,2026091539,83,33,0
isiro_2012,enhanced_ops,540,2026091540,110,49,0
isiro_2012,enhanced_ops,541,2026091541,128,60,0
isiro_2012,enhanced_ops,542,2026091542,111,46,0
isiro_2012,enhanced_ops,543,2026091543,101,43,0
isiro_2012,enhanced_ops,544,2026091544,124,57,0
isiro_2012,enhanced_ops,545,2026091545,168,84,0
isiro_2012,enhanced_ops,546,2026091546,179,87,0
isiro_2012,enhanced_ops,547,2026091547,93,49,0
isiro_2012,enhanced_ops,548,2026091548,112,51,0
isiro_2012,enhanced_ops,549,2026091549,144,73,0
isiro_2012,enhanced_ops,550,2026091550,114,47,0
isiro_2012,enhanced_ops,551,2026091551,102,57,0
isiro_2012,enhanced_ops,552,2026091552,137,64,0
isiro_2012,enhanced_ops,553,2026091553,120,53,0
isiro_2012,enhanced_ops,554,2026091554,116,45,0
isiro_2012,enhanced_ops,555,2026091555,121,66,0
isiro_2012,enhanced_ops,556,2026091556,111,39,0
isiro_2012,enhanced_ops,557,2026091557,150,80,0
isiro_2012,enhanced_ops,558,2026091558,89,50,0
isiro_2012,enhanced_ops,559,2026091559,139,64,0
isiro_2012,enhanced_ops,560,2026091560,132,60,0
isiro_2012,enhanced_ops,561,2026091561,98,39,0
isiro_2012,enhanced_ops,562,2026091562,84,40,0
isiro_2012,enhanced_ops,563,2026091563,158,69,0
isiro_2012,enhanced_ops,564,2026091564,141,61,0
isiro_2012,enhanced_ops,565,2026091565,138,55,0
isiro_2012,enhanced_ops,566,2026091566,109,50,0
isiro_2012,enhanced_ops,567,2026091567,173,82,0
isiro_2012,enhanced_ops,568,2026091568,137,55,0
isiro_2012,enhanced_ops,569,2026091569,118,50,0
isiro_2012,enhanced_ops,570,2026091570,127,51,0
isiro_2012,enhanced_ops,571,2026091571,108,58,0
isiro_2012,enhanced_ops,572,2026091572,105,50,0
isiro_2012,enhanced_ops,573,2026091573,85,41,0
isiro_2012,enhanced_ops,574,2026091574,114,54,0
isiro_2012,enhanced_ops,575,2026091575,114,54,0
isiro_2012,enhanced_ops,576,2026091576,117,49,0
isiro_2012,enhanced_ops,577,2026091577,91,44,0
isiro_2012,enhanced_ops,578,2026091578,103,47,0
isiro_2012,enhanced_ops,579,2026091579,131,62,0
isiro_2012,enhanced_ops,580,2026091580,114,49,0
isiro_2012,enhanced_ops,581,2026091581,106,57,0
isiro_2012,enhanced_ops,582,2026091582,86,38,0
isiro_2012,enhanced_ops,583,2026091583,141,56,0
isiro_2012,enhanced_ops,584,2026091584,105,48,0
isiro_2012,enhanced_ops,585,2026091585,80,33,0
isiro_2012,enhanced_ops,586,2026091586,111,57,0
isiro_2012,enhanced_ops,587,2026091587,96,37,0
isiro_2012,enhanced_ops,588,2026091588,135,55,0
isiro_2012,enhanced_ops,589,2026091589,92,28,0
isiro_2012,enhanced_ops,590,2026091590,150,69,0
isiro_2012,enhanced_ops,591,2026091591,92,43,0
isiro_2012,enhanced_ops,592,2026091592,112,51,0
isiro_2012,enhanced_ops,593,2026091593,133,55,0
isiro_2012,enhanced_ops,594,2026091594,109,51,0
isiro_2012,enhanced_ops,595,2026091595,108,48,0
isiro_2012,enhanced_ops,596,2026091596,99,44,0
isiro_2012,enhanced_ops,597,2026091597,113,47,0
isiro_2012,enhanced_ops,598,2026091598,139,67,0
isiro_2012,enhanced_ops,599,2026091599,65,26,0
isiro_2012,enhanced_ops,600,2026091600,118,51,0
isiro_2012,enhanced_ops,601,2026091601,129,61,0
isiro_2012,enhanced_ops,602,2026091602,100,45,0
isiro_2012,enhanced_ops,603,2026091603,95,44,0
isiro_2012,enhanced_ops,604,2026091604,102,46,0
isiro_2012,enhanced_ops,605,2026091605,89,35,0
isiro_2012,enhanced_ops,606,2026091606,143,58,0
isiro_2012,enhanced_ops,607,2026091607,126,56,0
isiro_2012,enhanced_ops,608,2026091608,135,60,0
isiro_2012,enhanced_ops,609,2026091609,112,37,0
isiro_2012,enhanced_ops,610,2026091610,93,48,0
isiro_2012,enhanced_ops,611,2026091611,128,55,0
isiro_2012,enhanced_ops,612,2026091612,84,40,0
isiro_2012,enhanced_ops,613,2026091613,205,91,0
isiro_2012,enhanced_ops,614,2026091614,136,65,0
isiro_2012,enhanced_ops,615,2026091615,117,51,0
isiro_2012,enhanced_ops,616,2026091616,159,69,0
isiro_2012,enhanced_ops,617,2026091617,97,40,0
isiro_2012,enhanced_ops,618,2026091618,136,75,0
isiro_2012,enhanced_ops,619,2026091619,90,39,0
isiro_2012,enhanced_ops,620,2026091620,116,47,0
isiro_2012,enhanced_ops,621,2026091621,91,48,0
isiro_2012,enhanced_ops,622,2026091622,141,55,0
isiro_2012,enhanced_ops,623,2026091623,154,67,0
isiro_2012,enhanced_ops,624,2026091624,136,60,0
isiro_2012,enhanced_plus_comm40,0,2026091000,118,49,4000
isiro_2012,enhanced_plus_comm40,1,2026091001,99,42,4000
isiro_2012,enhanced_plus_comm40,2,2026091002,122,42,4000
isiro_2012,enhanced_plus_comm40,3,2026091003,102,51,4000
isiro_2012,enhanced_plus_comm40,4,2026091004,90,36,4000
isiro_2012,enhanced_plus_comm40,5,2026091005,66,28,4000
isiro_2012,enhanced_plus_comm40,6,2026091006,112,39,4000
isiro_2012,enhanced_plus_comm40,7,2026091007,108,39,4000
isiro_2012,enhanced_plus_comm40,8,2026091008,101,48,4000
isiro_2012,enhanced_plus_comm40,9,2026091009,129,58,4000
isiro_2012,enhanced_plus_comm40,10,2026091010,119,53,4000
isiro_2012,enhanced_plus_comm40,11,2026091011,93,37,4000
isiro_2012,enhanced_plus_comm40,12,2026091012,136,54,4000
isiro_2012,enhanced_plus_comm40,13,2026091013,92,32,4000
isiro_2012,enhanced_plus_comm40,14,2026091014,87,44,4000
isiro_2012,enhanced_plus_comm40,15,2026091015,96,43,4000
isiro_2012,enhanced_plus_comm40,16,2026091016,124,50,4000
isiro_2012,enhanced_plus_comm40,17,2026091017,100,43,4000
isiro_2012,enhanced_plus_comm40,18,2026091018,93,40,4000
isiro_2012,enhanced_plus_comm40,19,2026091019,95,42,4000
isiro_2012,enhanced_plus_comm40,20,2026091020,120,55,4000
isiro_2012,enhanced_plus_comm40,21,2026091021,111,48,4000
isiro_2012,enhanced_plus_comm40,22,2026091022,84,38,4000
isiro_2012,enhanced_plus_comm40,23,2026091023,75,32,4000
isiro_2012,enhanced_plus_comm40,24,2026091024,90,35,4000
isiro_2012,enhanced_plus_comm40,25,2026091025,101,43,4000
isiro_2012,enhanced_plus_comm40,26,2026091026,84,34,4000
isiro_2012,enhanced_plus_comm40,27,2026091027,127,62,4000
isiro_2012,enhanced_plus_comm40,28,2026091028,84,31,4000
isiro_2012,enhanced_plus_comm40,29,2026091029,72,26,4000
isiro_2012,enhanced_plus_comm40,30,2026091030,101,42,4000
isiro_2012,enhanced_plus_comm40,31,2026091031,73,33,4000
isiro_2012,enhanced_plus_comm40,32,2026091032,111,53,4000
isiro_2012,enhanced_plus_comm40,33,2026091033,92,41,4000
isiro_2012,enhanced_plus_comm40,34,2026091034,110,51,4000
isiro_2012,enhanced_plus_comm40,35,2026091035,144,67,4000
isiro_2012,enhanced_plus_comm40,36,2026091036,89,42,4000
isiro_2012,enhanced_plus_comm40,37,2026091037,110,52,4000
isiro_2012,enhanced_plus_comm40,38,2026091038,82,43,4000
isiro_2012,enhanced_plus_comm40,39,2026091039,93,45,4000
isiro_2012,enhanced_plus_comm40,40,2026091040,98,37,4000
isiro_2012,enhanced_plus_comm40,41,2026091041,130,67,4000
isiro_2012,enhanced_plus_comm40,42,2026091042,77,36,4000
isiro_2012,enhanced_plus_comm40,43,2026091043,101,49,4000
isiro_2012,enhanced_plus_comm40,44,2026091044,99,45,4000
isiro_2012,enhanced_plus_comm40,45,2026091045,107,53,4000
isiro_2012,enhanced_plus_comm40,46,2026091046,98,49,4000
isiro_2012,enhanced_plus_comm40,47,2026091047,98,41,4000
isiro_2012,enhanced_plus_comm40,48,2026091048,80,37,4000
isiro_2012,enhanced_plus_comm40,49,2026091049,100,33,4000
isiro_2012,enhanced_plus_comm40,50,2026091050,78,37,4000
isiro_2012,enhanced_plus_comm40,51,2026091051,89,37,4000
isiro_2012,enhanced_plus_comm40,52,2026091052,69,38,4000
isiro_2012,enhanced_plus_comm40,53,2026091053,106,46,4000
isiro_2012,enhanced_plus_comm40,54,2026091054,105,48,4000
isiro_2012,enhanced_plus_comm40,55,2026091055,112,45,4000
isiro_2012,enhanced_plus_comm40,56,2026091056,118,53,4000
isiro_2012,enhanced_plus_comm40,57,2026091057,108,53,4000
isiro_2012,enhanced_plus_comm40,58,2026091058,125,56,4000
isiro_2012,enhanced_plus_comm40,59,2026091059,82,38,4000
isiro_2012,enhanced_plus_comm40,60,2026091060,105,47,4000
isiro_2012,enhanced_plus_comm40,61,2026091061,87,40,4000
isiro_2012,enhanced_plus_comm40,62,2026091062,139,62,4000
isiro_2012,enhanced_plus_comm40,63,2026091063,100,45,4000
isiro_2012,enhanced_plus_comm40,64,2026091064,123,59,4000
isiro_2012,enhanced_plus_comm40,65,2026091065,133,56,4000
isiro_2012,enhanced_plus_comm40,66,2026091066,86,39,4000
isiro_2012,enhanced_plus_comm40,67,2026091067,80,30,4000
isiro_2012,enhanced_plus_comm40,68,2026091068,89,40,4000
isiro_2012,enhanced_plus_comm40,69,2026091069,111,45,4000
isiro_2012,enhanced_plus_comm40,70,2026091070,106,44,4000
isiro_2012,enhanced_plus_comm40,71,2026091071,88,44,4000
isiro_2012,enhanced_plus_comm40,72,2026091072,92,41,4000
isiro_2012,enhanced_plus_comm40,73,2026091073,94,41,4000
isiro_2012,enhanced_plus_comm40,74,2026091074,93,41,4000
isiro_2012,enhanced_plus_comm40,75,2026091075,98,40,4000
isiro_2012,enhanced_plus_comm40,76,2026091076,100,44,4000
isiro_2012,enhanced_plus_comm40,77,2026091077,110,46,4000
isiro_2012,enhanced_plus_comm40,78,2026091078,87,32,4000
isiro_2012,enhanced_plus_comm40,79,2026091079,104,56,4000
isiro_2012,enhanced_plus_comm40,80,2026091080,82,46,4000
isiro_2012,enhanced_plus_comm40,81,2026091081,129,52,4000
isiro_2012,enhanced_plus_comm40,82,2026091082,106,45,4000
isiro_2012,enhanced_plus_comm40,83,2026091083,66,30,4000
isiro_2012,enhanced_plus_comm40,84,2026091084,79,32,4000
isiro_2012,enhanced_plus_comm40,85,2026091085,93,38,4000
isiro_2012,enhanced_plus_comm40,86,2026091086,72,41,4000
isiro_2012,enhanced_plus_comm40,87,2026091087,91,47,4000
isiro_2012,enhanced_plus_comm40,88,2026091088,90,39,4000
isiro_2012,enhanced_plus_comm40,89,2026091089,101,46,4000
isiro_2012,enhanced_plus_comm40,90,2026091090,94,43,4000
isiro_2012,enhanced_plus_comm40,91,2026091091,73,40,4000
isiro_2012,enhanced_plus_comm40,92,2026091092,135,62,4000
isiro_2012,enhanced_plus_comm40,93,2026091093,103,48,4000
isiro_2012,enhanced_plus_comm40,94,2026091094,108,40,4000
isiro_2012,enhanced_plus_comm40,95,2026091095,103,42,4000
isiro_2012,enhanced_plus_comm40,96,2026091096,110,43,4000
isiro_2012,enhanced_plus_comm40,97,2026091097,117,46,4000
isiro_2012,enhanced_plus_comm40,98,2026091098,86,39,4000
isiro_2012,enhanced_plus_comm40,99,2026091099,101,42,4000
isiro_2012,enhanced_plus_comm40,100,2026091100,117,50,4000
isiro_2012,enhanced_plus_comm40,101,2026091101,104,50,4000
isiro_2012,enhanced_plus_comm40,102,2026091102,104,50,4000
isiro_2012,enhanced_plus_comm40,103,2026091103,96,35,4000
isiro_2012,enhanced_plus_comm40,104,2026091104,125,59,4000
isiro_2012,enhanced_plus_comm40,105,2026091105,78,30,4000
isiro_2012,enhanced_plus_comm40,106,2026091106,52,24,4000
isiro_2012,enhanced_plus_comm40,107,2026091107,81,32,4000
isiro_2012,enhanced_plus_comm40,108,2026091108,61,28,4000
isiro_2012,enhanced_plus_comm40,109,2026091109,110,51,4000
isiro_2012,enhanced_plus_comm40,110,2026091110,126,51,4000
isiro_2012,enhanced_plus_comm40,111,2026091111,125,53,4000
isiro_2012,enhanced_plus_comm40,112,2026091112,108,50,4000
isiro_2012,enhanced_plus_comm40,113,2026091113,101,55,4000
isiro_2012,enhanced_plus_comm40,114,2026091114,88,40,4000
isiro_2012,enhanced_plus_comm40,115,2026091115,93,40,4000
isiro_2012,enhanced_plus_comm40,116,2026091116,114,46,4000
isiro_2012,enhanced_plus_comm40,117,2026091117,81,28,4000
isiro_2012,enhanced_plus_comm40,118,2026091118,89,38,4000
isiro_2012,enhanced_plus_comm40,119,2026091119,106,46,4000
isiro_2012,enhanced_plus_comm40,120,2026091120,119,64,4000
isiro_2012,enhanced_plus_comm40,121,2026091121,83,42,4000
isiro_2012,enhanced_plus_comm40,122,2026091122,124,54,4000
isiro_2012,enhanced_plus_comm40,123,2026091123,115,56,4000
isiro_2012,enhanced_plus_comm40,124,2026091124,70,35,4000
isiro_2012,enhanced_plus_comm40,125,2026091125,88,42,4000
isiro_2012,enhanced_plus_comm40,126,2026091126,89,42,4000
isiro_2012,enhanced_plus_comm40,127,2026091127,90,28,4000
isiro_2012,enhanced_plus_comm40,128,2026091128,61,29,4000
isiro_2012,enhanced_plus_comm40,129,2026091129,88,35,4000
isiro_2012,enhanced_plus_comm40,130,2026091130,94,48,4000
isiro_2012,enhanced_plus_comm40,131,2026091131,107,50,4000
isiro_2012,enhanced_plus_comm40,132,2026091132,84,34,4000
isiro_2012,enhanced_plus_comm40,133,2026091133,98,44,4000
isiro_2012,enhanced_plus_comm40,134,2026091134,124,61,4000
isiro_2012,enhanced_plus_comm40,135,2026091135,101,45,4000
isiro_2012,enhanced_plus_comm40,136,2026091136,123,49,4000
isiro_2012,enhanced_plus_comm40,137,2026091137,94,43,4000
isiro_2012,enhanced_plus_comm40,138,2026091138,115,53,4000
isiro_2012,enhanced_plus_comm40,139,2026091139,83,33,4000
isiro_2012,enhanced_plus_comm40,140,2026091140,127,47,4000
isiro_2012,enhanced_plus_comm40,141,2026091141,96,41,4000
isiro_2012,enhanced_plus_comm40,142,2026091142,104,41,4000
isiro_2012,enhanced_plus_comm40,143,2026091143,102,46,4000
isiro_2012,enhanced_plus_comm40,144,2026091144,103,53,4000
isiro_2012,enhanced_plus_comm40,145,2026091145,101,37,4000
isiro_2012,enhanced_plus_comm40,146,2026091146,100,43,4000
isiro_2012,enhanced_plus_comm40,147,2026091147,77,29,4000
isiro_2012,enhanced_plus_comm40,148,2026091148,74,31,4000
isiro_2012,enhanced_plus_comm40,149,2026091149,112,48,4000
isiro_2012,enhanced_plus_comm40,150,2026091150,85,40,4000
isiro_2012,enhanced_plus_comm40,151,2026091151,84,39,4000
isiro_2012,enhanced_plus_comm40,152,2026091152,90,35,4000
isiro_2012,enhanced_plus_comm40,153,2026091153,109,48,4000
isiro_2012,enhanced_plus_comm40,154,2026091154,121,56,4000
isiro_2012,enhanced_plus_comm40,155,2026091155,94,44,4000
isiro_2012,enhanced_plus_comm40,156,2026091156,120,56,4000
isiro_2012,enhanced_plus_comm40,157,2026091157,96,38,4000
isiro_2012,enhanced_plus_comm40,158,2026091158,86,33,4000
isiro_2012,enhanced_plus_comm40,159,2026091159,100,38,4000
isiro_2012,enhanced_plus_comm40,160,2026091160,81,32,4000
isiro_2012,enhanced_plus_comm40,161,2026091161,86,32,4000
isiro_2012,enhanced_plus_comm40,162,2026091162,94,44,4000
isiro_2012,enhanced_plus_comm40,163,2026091163,122,61,4000
isiro_2012,enhanced_plus_comm40,164,2026091164,64,33,4000
isiro_2012,enhanced_plus_comm40,165,2026091165,107,43,4000
isiro_2012,enhanced_plus_comm40,166,2026091166,88,42,4000
isiro_2012,enhanced_plus_comm40,167,2026091167,87,37,4000
isiro_2012,enhanced_plus_comm40,168,2026091168,107,48,4000
isiro_2012,enhanced_plus_comm40,169,2026091169,92,37,4000
isiro_2012,enhanced_plus_comm40,170,2026091170,94,44,4000
isiro_2012,enhanced_plus_comm40,171,2026091171,151,70,4000
isiro_2012,enhanced_plus_comm40,172,2026091172,120,65,4000
isiro_2012,enhanced_plus_comm40,173,2026091173,118,55,4000
isiro_2012,enhanced_plus_comm40,174,2026091174,80,38,4000
isiro_2012,enhanced_plus_comm40,175,2026091175,108,48,4000
isiro_2012,enhanced_plus_comm40,176,2026091176,85,36,4000
isiro_2012,enhanced_plus_comm40,177,2026091177,95,41,4000
isiro_2012,enhanced_plus_comm40,178,2026091178,98,42,4000
isiro_2012,enhanced_plus_comm40,179,2026091179,97,40,4000
isiro_2012,enhanced_plus_comm40,180,2026091180,84,32,4000
isiro_2012,enhanced_plus_comm40,181,2026091181,72,39,4000
isiro_2012,enhanced_plus_comm40,182,2026091182,113,58,4000
isiro_2012,enhanced_plus_comm40,183,2026091183,113,52,4000
isiro_2012,enhanced_plus_comm40,184,2026091184,82,38,4000
isiro_2012,enhanced_plus_comm40,185,2026091185,126,49,4000
isiro_2012,enhanced_plus_comm40,186,2026091186,76,38,4000
isiro_2012,enhanced_plus_comm40,187,2026091187,83,33,4000
isiro_2012,enhanced_plus_comm40,188,2026091188,107,44,4000
isiro_2012,enhanced_plus_comm40,189,2026091189,94,42,4000
isiro_2012,enhanced_plus_comm40,190,2026091190,111,51,4000
isiro_2012,enhanced_plus_comm40,191,2026091191,97,41,4000
isiro_2012,enhanced_plus_comm40,192,2026091192,110,63,4000
isiro_2012,enhanced_plus_comm40,193,2026091193,76,31,4000
isiro_2012,enhanced_plus_comm40,194,2026091194,130,65,4000
isiro_2012,enhanced_plus_comm40,195,2026091195,111,50,4000
isiro_2012,enhanced_plus_comm40,196,2026091196,93,39,4000
isiro_2012,enhanced_plus_comm40,197,2026091197,84,38,4000
isiro_2012,enhanced_plus_comm40,198,2026091198,79,39,4000
isiro_2012,enhanced_plus_comm40,199,2026091199,98,36,4000
isiro_2012,enhanced_plus_comm40,200,2026091200,90,42,4000
isiro_2012,enhanced_plus_comm40,201,2026091201,99,46,4000
isiro_2012,enhanced_plus_comm40,202,2026091202,92,42,4000
isiro_2012,enhanced_plus_comm40,203,2026091203,66,25,4000
isiro_2012,enhanced_plus_comm40,204,2026091204,68,26,4000
isiro_2012,enhanced_plus_comm40,205,2026091205,86,28,4000
isiro_2012,enhanced_plus_comm40,206,2026091206,71,38,4000
isiro_2012,enhanced_plus_comm40,207,2026091207,127,54,4000
isiro_2012,enhanced_plus_comm40,208,2026091208,108,48,4000
isiro_2012,enhanced_plus_comm40,209,2026091209,95,38,4000
isiro_2012,enhanced_plus_comm40,210,2026091210,89,40,4000
isiro_2012,enhanced_plus_comm40,211,2026091211,98,43,4000
isiro_2012,enhanced_plus_comm40,212,2026091212,90,45,4000
isiro_2012,enhanced_plus_comm40,213,2026091213,75,35,4000
isiro_2012,enhanced_plus_comm40,214,2026091214,111,38,4000
isiro_2012,enhanced_plus_comm40,215,2026091215,69,27,4000
isiro_2012,enhanced_plus_comm40,216,2026091216,87,33,4000
isiro_2012,enhanced_plus_comm40,217,2026091217,115,51,4000
isiro_2012,enhanced_plus_comm40,218,2026091218,95,48,4000
isiro_2012,enhanced_plus_comm40,219,2026091219,96,43,4000
isiro_2012,enhanced_plus_comm40,220,2026091220,104,49,4000
isiro_2012,enhanced_plus_comm40,221,2026091221,83,41,4000
isiro_2012,enhanced_plus_comm40,222,2026091222,87,40,4000
isiro_2012,enhanced_plus_comm40,223,2026091223,100,37,4000
isiro_2012,enhanced_plus_comm40,224,2026091224,80,39,4000
isiro_2012,enhanced_plus_comm40,225,2026091225,131,63,4000
isiro_2012,enhanced_plus_comm40,226,2026091226,80,29,4000
isiro_2012,enhanced_plus_comm40,227,2026091227,103,34,4000
isiro_2012,enhanced_plus_comm40,228,2026091228,104,32,4000
isiro_2012,enhanced_plus_comm40,229,2026091229,99,50,4000
isiro_2012,enhanced_plus_comm40,230,2026091230,91,43,4000
isiro_2012,enhanced_plus_comm40,231,2026091231,121,61,4000
isiro_2012,enhanced_plus_comm40,232,2026091232,107,48,4000
isiro_2012,enhanced_plus_comm40,233,2026091233,60,28,4000
isiro_2012,enhanced_plus_comm40,234,2026091234,126,56,4000
isiro_2012,enhanced_plus_comm40,235,2026091235,94,46,4000
isiro_2012,enhanced_plus_comm40,236,2026091236,82,42,4000
isiro_2012,enhanced_plus_comm40,237,2026091237,80,38,4000
isiro_2012,enhanced_plus_comm40,238,2026091238,90,40,4000
isiro_2012,enhanced_plus_comm40,239,2026091239,93,47,4000
isiro_2012,enhanced_plus_comm40,240,2026091240,93,36,4000
isiro_2012,enhanced_plus_comm40,241,2026091241,139,72,4000
isiro_2012,enhanced_plus_comm40,242,2026091242,95,39,4000
isiro_2012,enhanced_plus_comm40,243,2026091243,91,32,4000
isiro_2012,enhanced_plus_comm40,244,2026091244,113,44,4000
isiro_2012,enhanced_plus_comm40,245,2026091245,118,46,4000
isiro_2012,enhanced_plus_comm40,246,2026091246,77,43,4000
isiro_2012,enhanced_plus_comm40,247,2026091247,75,35,4000
isiro_2012,enhanced_plus_comm40,248,2026091248,86,35,4000
isiro_2012,enhanced_plus_comm40,249,2026091249,96,40,4000
isiro_2012,enhanced_plus_comm40,250,2026091250,112,48,4000
isiro_2012,enhanced_plus_comm40,251,2026091251,78,45,4000
isiro_2012,enhanced_plus_comm40,252,2026091252,100,42,4000
isiro_2012,enhanced_plus_comm40,253,2026091253,76,38,4000
isiro_2012,enhanced_plus_comm40,254,2026091254,81,41,4000
isiro_2012,enhanced_plus_comm40,255,2026091255,87,43,4000
isiro_2012,enhanced_plus_comm40,256,2026091256,78,41,4000
isiro_2012,enhanced_plus_comm40,257,2026091257,130,54,4000
isiro_2012,enhanced_plus_comm40,258,2026091258,79,35,4000
isiro_2012,enhanced_plus_comm40,259,2026091259,96,35,4000
isiro_2012,enhanced_plus_comm40,260,2026091260,128,60,4000
isiro_2012,enhanced_plus_comm40,261,2026091261,93,37,4000
isiro_2012,enhanced_plus_comm40,262,2026091262,83,39,4000
isiro_2012,enhanced_plus_comm40,263,2026091263,74,31,4000
isiro_2012,enhanced_plus_comm40,264,2026091264,96,38,4000
isiro_2012,enhanced_plus_comm40,265,2026091265,93,35,4000
isiro_2012,enhanced_plus_comm40,266,2026091266,75,32,4000
isiro_2012,enhanced_plus_comm40,267,2026091267,77,40,4000
isiro_2012,enhanced_plus_comm40,268,2026091268,80,33,4000
isiro_2012,enhanced_plus_comm40,269,2026091269,133,59,4000
isiro_2012,enhanced_plus_comm40,270,2026091270,91,42,4000
isiro_2012,enhanced_plus_comm40,271,2026091271,88,34,4000
isiro_2012,enhanced_plus_comm40,272,2026091272,101,40,4000
isiro_2012,enhanced_plus_comm40,273,2026091273,140,58,4000
isiro_2012,enhanced_plus_comm40,274,2026091274,111,52,4000
isiro_2012,enhanced_plus_comm40,275,2026091275,77,31,4000
isiro_2012,enhanced_plus_comm40,276,2026091276,81,36,4000
isiro_2012,enhanced_plus_comm40,277,2026091277,93,33,4000
isiro_2012,enhanced_plus_comm40,278,2026091278,78,39,4000
isiro_2012,enhanced_plus_comm40,279,2026091279,106,42,4000
isiro_2012,enhanced_plus_comm40,280,2026091280,113,48,4000
isiro_2012,enhanced_plus_comm40,281,2026091281,79,27,4000
isiro_2012,enhanced_plus_comm40,282,2026091282,92,35,4000
isiro_2012,enhanced_plus_comm40,283,2026091283,80,34,4000
isiro_2012,enhanced_plus_comm40,284,2026091284,90,39,4000
isiro_2012,enhanced_plus_comm40,285,2026091285,113,52,4000
isiro_2012,enhanced_plus_comm40,286,2026091286,76,31,4000
isiro_2012,enhanced_plus_comm40,287,2026091287,105,51,4000
isiro_2012,enhanced_plus_comm40,288,2026091288,124,51,4000
isiro_2012,enhanced_plus_comm40,289,2026091289,94,50,4000
isiro_2012,enhanced_plus_comm40,290,2026091290,87,42,4000
isiro_2012,enhanced_plus_comm40,291,2026091291,102,44,4000
isiro_2012,enhanced_plus_comm40,292,2026091292,86,39,4000
isiro_2012,enhanced_plus_comm40,293,2026091293,82,35,4000
isiro_2012,enhanced_plus_comm40,294,2026091294,72,27,4000
isiro_2012,enhanced_plus_comm40,295,2026091295,87,37,4000
isiro_2012,enhanced_plus_comm40,296,2026091296,104,39,4000
isiro_2012,enhanced_plus_comm40,297,2026091297,138,59,4000
isiro_2012,enhanced_plus_comm40,298,2026091298,127,54,4000
isiro_2012,enhanced_plus_comm40,299,2026091299,134,63,4000
isiro_2012,enhanced_plus_comm40,300,2026091300,138,59,4000
isiro_2012,enhanced_plus_comm40,301,2026091301,94,42,4000
isiro_2012,enhanced_plus_comm40,302,2026091302,90,36,4000
isiro_2012,enhanced_plus_comm40,303,2026091303,93,49,4000
isiro_2012,enhanced_plus_comm40,304,2026091304,122,53,4000
isiro_2012,enhanced_plus_comm40,305,2026091305,89,46,4000
isiro_2012,enhanced_plus_comm40,306,2026091306,81,37,4000
isiro_2012,enhanced_plus_comm40,307,2026091307,102,38,4000
isiro_2012,enhanced_plus_comm40,308,2026091308,107,45,4000
isiro_2012,enhanced_plus_comm40,309,2026091309,104,46,4000
isiro_2012,enhanced_plus_comm40,310,2026091310,90,39,4000
isiro_2012,enhanced_plus_comm40,311,2026091311,129,53,4000
isiro_2012,enhanced_plus_comm40,312,2026091312,68,35,4000
isiro_2012,enhanced_plus_comm40,313,2026091313,93,48,4000
isiro_2012,enhanced_plus_comm40,314,2026091314,108,45,4000
isiro_2012,enhanced_plus_comm40,315,2026091315,94,41,4000
isiro_2012,enhanced_plus_comm40,316,2026091316,78,37,4000
isiro_2012,enhanced_plus_comm40,317,2026091317,90,38,4000
isiro_2012,enhanced_plus_comm40,318,2026091318,99,49,4000
isiro_2012,enhanced_plus_comm40,319,2026091319,107,46,4000
isiro_2012,enhanced_plus_comm40,320,2026091320,78,29,4000
isiro_2012,enhanced_plus_comm40,321,2026091321,75,33,4000
isiro_2012,enhanced_plus_comm40,322,2026091322,78,31,4000
isiro_2012,enhanced_plus_comm40,323,2026091323,86,33,4000
isiro_2012,enhanced_plus_comm40,324,2026091324,68,25,4000
isiro_2012,enhanced_plus_comm40,325,2026091325,102,41,4000
isiro_2012,enhanced_plus_comm40,326,2026091326,101,49,4000
isiro_2012,enhanced_plus_comm40,327,2026091327,90,35,4000
isiro_2012,enhanced_plus_comm40,328,2026091328,119,52,4000
isiro_2012,enhanced_plus_comm40,329,2026091329,110,53,4000
isiro_2012,enhanced_plus_comm40,330,2026091330,118,53,4000
isiro_2012,enhanced_plus_comm40,331,2026091331,75,37,4000
isiro_2012,enhanced_plus_comm40,332,2026091332,87,40,4000
isiro_2012,enhanced_plus_comm40,333,2026091333,102,45,4000
isiro_2012,enhanced_plus_comm40,334,2026091334,73,30,4000
isiro_2012,enhanced_plus_comm40,335,2026091335,82,31,4000
isiro_2012,enhanced_plus_comm40,336,2026091336,126,55,4000
isiro_2012,enhanced_plus_comm40,337,2026091337,122,58,4000
isiro_2012,enhanced_plus_comm40,338,2026091338,89,36,4000
isiro_2012,enhanced_plus_comm40,339,2026091339,86,37,4000
isiro_2012,enhanced_plus_comm40,340,2026091340,138,63,4000
isiro_2012,enhanced_plus_comm40,341,2026091341,94,46,4000
isiro_2012,enhanced_plus_comm40,342,2026091342,90,43,4000
isiro_2012,enhanced_plus_comm40,343,2026091343,103,46,4000
isiro_2012,enhanced_plus_comm40,344,2026091344,111,47,4000
isiro_2012,enhanced_plus_comm40,345,2026091345,99,41,4000
isiro_2012,enhanced_plus_comm40,346,2026091346,78,36,4000
isiro_2012,enhanced_plus_comm40,347,2026091347,109,51,4000
isiro_2012,enhanced_plus_comm40,348,2026091348,116,44,4000
isiro_2012,enhanced_plus_comm40,349,2026091349,127,53,4000
isiro_2012,enhanced_plus_comm40,350,2026091350,124,51,4000
isiro_2012,enhanced_plus_comm40,351,2026091351,84,43,4000
isiro_2012,enhanced_plus_comm40,352,2026091352,105,50,4000
isiro_2012,enhanced_plus_comm40,353,2026091353,87,43,4000
isiro_2012,enhanced_plus_comm40,354,2026091354,84,44,4000
isiro_2012,enhanced_plus_comm40,355,2026091355,56,19,4000
isiro_2012,enhanced_plus_comm40,356,2026091356,109,48,4000
isiro_2012,enhanced_plus_comm40,357,2026091357,104,44,4000
isiro_2012,enhanced_plus_comm40,358,2026091358,75,34,4000
isiro_2012,enhanced_plus_comm40,359,2026091359,113,47,4000
isiro_2012,enhanced_plus_comm40,360,2026091360,85,30,4000
isiro_2012,enhanced_plus_comm40,361,2026091361,87,43,4000
isiro_2012,enhanced_plus_comm40,362,2026091362,80,19,4000
isiro_2012,enhanced_plus_comm40,363,2026091363,113,51,4000
isiro_2012,enhanced_plus_comm40,364,2026091364,93,40,4000
isiro_2012,enhanced_plus_comm40,365,2026091365,72,36,4000
isiro_2012,enhanced_plus_comm40,366,2026091366,99,34,4000
isiro_2012,enhanced_plus_comm40,367,2026091367,105,47,4000
isiro_2012,enhanced_plus_comm40,368,2026091368,63,27,4000
isiro_2012,enhanced_plus_comm40,369,2026091369,127,60,4000
isiro_2012,enhanced_plus_comm40,370,2026091370,118,58,4000
isiro_2012,enhanced_plus_comm40,371,2026091371,102,45,4000
isiro_2012,enhanced_plus_comm40,372,2026091372,113,45,4000
isiro_2012,enhanced_plus_comm40,373,2026091373,79,29,4000
isiro_2012,enhanced_plus_comm40,374,2026091374,104,38,4000
isiro_2012,enhanced_plus_comm40,375,2026091375,101,56,4000
isiro_2012,enhanced_plus_comm40,376,2026091376,64,21,4000
isiro_2012,enhanced_plus_comm40,377,2026091377,94,44,4000
isiro_2012,enhanced_plus_comm40,378,2026091378,81,37,4000
isiro_2012,enhanced_plus_comm40,379,2026091379,91,46,4000
isiro_2012,enhanced_plus_comm40,380,2026091380,87,36,4000
isiro_2012,enhanced_plus_comm40,381,2026091381,101,36,4000
isiro_2012,enhanced_plus_comm40,382,2026091382,109,53,4000
isiro_2012,enhanced_plus_comm40,383,2026091383,153,72,4000
isiro_2012,enhanced_plus_comm40,384,2026091384,81,23,4000
isiro_2012,enhanced_plus_comm40,385,2026091385,112,44,4000
isiro_2012,enhanced_plus_comm40,386,2026091386,100,47,4000
isiro_2012,enhanced_plus_comm40,387,2026091387,101,35,4000
isiro_2012,enhanced_plus_comm40,388,2026091388,103,44,4000
isiro_2012,enhanced_plus_comm40,389,2026091389,108,45,4000
isiro_2012,enhanced_plus_comm40,390,2026091390,106,53,4000
isiro_2012,enhanced_plus_comm40,391,2026091391,98,38,4000
isiro_2012,enhanced_plus_comm40,392,2026091392,99,44,4000
isiro_2012,enhanced_plus_comm40,393,2026091393,99,36,4000
isiro_2012,enhanced_plus_comm40,394,2026091394,117,51,4000
isiro_2012,enhanced_plus_comm40,395,2026091395,111,49,4000
isiro_2012,enhanced_plus_comm40,396,2026091396,115,52,4000
isiro_2012,enhanced_plus_comm40,397,2026091397,120,54,4000
isiro_2012,enhanced_plus_comm40,398,2026091398,89,40,4000
isiro_2012,enhanced_plus_comm40,399,2026091399,103,38,4000
isiro_2012,enhanced_plus_comm40,400,2026091400,96,40,4000
isiro_2012,enhanced_plus_comm40,401,2026091401,91,44,4000
isiro_2012,enhanced_plus_comm40,402,2026091402,99,45,4000
isiro_2012,enhanced_plus_comm40,403,2026091403,102,49,4000
isiro_2012,enhanced_plus_comm40,404,2026091404,108,47,4000
isiro_2012,enhanced_plus_comm40,405,2026091405,78,29,4000
isiro_2012,enhanced_plus_comm40,406,2026091406,100,46,4000
isiro_2012,enhanced_plus_comm40,407,2026091407,92,38,4000
isiro_2012,enhanced_plus_comm40,408,2026091408,108,53,4000
isiro_2012,enhanced_plus_comm40,409,2026091409,102,50,4000
isiro_2012,enhanced_plus_comm40,410,2026091410,106,44,4000
isiro_2012,enhanced_plus_comm40,411,2026091411,67,20,4000
isiro_2012,enhanced_plus_comm40,412,2026091412,92,33,4000
isiro_2012,enhanced_plus_comm40,413,2026091413,102,45,4000
isiro_2012,enhanced_plus_comm40,414,2026091414,129,57,4000
isiro_2012,enhanced_plus_comm40,415,2026091415,90,42,4000
isiro_2012,enhanced_plus_comm40,416,2026091416,103,41,4000
isiro_2012,enhanced_plus_comm40,417,2026091417,73,38,4000
isiro_2012,enhanced_plus_comm40,418,2026091418,90,37,4000
isiro_2012,enhanced_plus_comm40,419,2026091419,104,50,4000
isiro_2012,enhanced_plus_comm40,420,2026091420,98,40,4000
isiro_2012,enhanced_plus_comm40,421,2026091421,109,49,4000
isiro_2012,enhanced_plus_comm40,422,2026091422,108,41,4000
isiro_2012,enhanced_plus_comm40,423,2026091423,120,49,4000
isiro_2012,enhanced_plus_comm40,424,2026091424,87,37,4000
isiro_2012,enhanced_plus_comm40,425,2026091425,88,40,4000
isiro_2012,enhanced_plus_comm40,426,2026091426,162,73,4000
isiro_2012,enhanced_plus_comm40,427,2026091427,114,48,4000
isiro_2012,enhanced_plus_comm40,428,2026091428,119,47,4000
isiro_2012,enhanced_plus_comm40,429,2026091429,120,58,4000
isiro_2012,enhanced_plus_comm40,430,2026091430,98,38,4000
isiro_2012,enhanced_plus_comm40,431,2026091431,93,44,4000
isiro_2012,enhanced_plus_comm40,432,2026091432,72,29,4000
isiro_2012,enhanced_plus_comm40,433,2026091433,86,32,4000
isiro_2012,enhanced_plus_comm40,434,2026091434,99,40,4000
isiro_2012,enhanced_plus_comm40,435,2026091435,101,50,4000
isiro_2012,enhanced_plus_comm40,436,2026091436,118,59,4000
isiro_2012,enhanced_plus_comm40,437,2026091437,96,43,4000
isiro_2012,enhanced_plus_comm40,438,2026091438,96,36,4000
isiro_2012,enhanced_plus_comm40,439,2026091439,132,57,4000
isiro_2012,enhanced_plus_comm40,440,2026091440,107,51,4000
isiro_2012,enhanced_plus_comm40,441,2026091441,126,53,4000
isiro_2012,enhanced_plus_comm40,442,2026091442,80,40,4000
isiro_2012,enhanced_plus_comm40,443,2026091443,83,37,4000
isiro_2012,enhanced_plus_comm40,444,2026091444,125,64,4000
isiro_2012,enhanced_plus_comm40,445,2026091445,96,45,4000
isiro_2012,enhanced_plus_comm40,446,2026091446,70,30,4000
isiro_2012,enhanced_plus_comm40,447,2026091447,80,23,4000
isiro_2012,enhanced_plus_comm40,448,2026091448,66,32,4000
isiro_2012,enhanced_plus_comm40,449,2026091449,86,36,4000
isiro_2012,enhanced_plus_comm40,450,2026091450,92,41,4000
isiro_2012,enhanced_plus_comm40,451,2026091451,84,38,4000
isiro_2012,enhanced_plus_comm40,452,2026091452,89,41,4000
isiro_2012,enhanced_plus_comm40,453,2026091453,91,36,4000
isiro_2012,enhanced_plus_comm40,454,2026091454,140,53,4000
isiro_2012,enhanced_plus_comm40,455,2026091455,131,61,4000
isiro_2012,enhanced_plus_comm40,456,2026091456,107,43,4000
isiro_2012,enhanced_plus_comm40,457,2026091457,124,61,4000
isiro_2012,enhanced_plus_comm40,458,2026091458,118,54,4000
isiro_2012,enhanced_plus_comm40,459,2026091459,114,46,4000
isiro_2012,enhanced_plus_comm40,460,2026091460,97,47,4000
isiro_2012,enhanced_plus_comm40,461,2026091461,134,62,4000
isiro_2012,enhanced_plus_comm40,462,2026091462,82,39,4000
isiro_2012,enhanced_plus_comm40,463,2026091463,93,26,4000
isiro_2012,enhanced_plus_comm40,464,2026091464,160,69,4000
isiro_2012,enhanced_plus_comm40,465,2026091465,82,33,4000
isiro_2012,enhanced_plus_comm40,466,2026091466,99,45,4000
isiro_2012,enhanced_plus_comm40,467,2026091467,100,48,4000
isiro_2012,enhanced_plus_comm40,468,2026091468,65,27,4000
isiro_2012,enhanced_plus_comm40,469,2026091469,70,32,4000
isiro_2012,enhanced_plus_comm40,470,2026091470,91,32,4000
isiro_2012,enhanced_plus_comm40,471,2026091471,113,48,4000
isiro_2012,enhanced_plus_comm40,472,2026091472,125,55,4000
isiro_2012,enhanced_plus_comm40,473,2026091473,98,37,4000
isiro_2012,enhanced_plus_comm40,474,2026091474,86,37,4000
isiro_2012,enhanced_plus_comm40,475,2026091475,118,47,4000
isiro_2012,enhanced_plus_comm40,476,2026091476,72,32,4000
isiro_2012,enhanced_plus_comm40,477,2026091477,103,43,4000
isiro_2012,enhanced_plus_comm40,478,2026091478,100,40,4000
isiro_2012,enhanced_plus_comm40,479,2026091479,115,48,4000
isiro_2012,enhanced_plus_comm40,480,2026091480,98,38,4000
isiro_2012,enhanced_plus_comm40,481,2026091481,79,38,4000
isiro_2012,enhanced_plus_comm40,482,2026091482,107,48,4000
isiro_2012,enhanced_plus_comm40,483,2026091483,131,48,4000
isiro_2012,enhanced_plus_comm40,484,2026091484,140,59,4000
isiro_2012,enhanced_plus_comm40,485,2026091485,121,50,4000
isiro_2012,enhanced_plus_comm40,486,2026091486,110,45,4000
isiro_2012,enhanced_plus_comm40,487,2026091487,98,47,4000
isiro_2012,enhanced_plus_comm40,488,2026091488,103,47,4000
isiro_2012,enhanced_plus_comm40,489,2026091489,129,49,4000
isiro_2012,enhanced_plus_comm40,490,2026091490,104,49,4000
isiro_2012,enhanced_plus_comm40,491,2026091491,85,42,4000
isiro_2012,enhanced_plus_comm40,492,2026091492,106,49,4000
isiro_2012,enhanced_plus_comm40,493,2026091493,108,52,4000
isiro_2012,enhanced_plus_comm40,494,2026091494,80,37,4000
isiro_2012,enhanced_plus_comm40,495,2026091495,105,45,4000
isiro_2012,enhanced_plus_comm40,496,2026091496,105,48,4000
isiro_2012,enhanced_plus_comm40,497,2026091497,113,49,4000
isiro_2012,enhanced_plus_comm40,498,2026091498,111,38,4000
isiro_2012,enhanced_plus_comm40,499,2026091499,96,43,4000
isiro_2012,enhanced_plus_comm40,500,2026091500,73,24,4000
isiro_2012,enhanced_plus_comm40,501,2026091501,99,49,4000
isiro_2012,enhanced_plus_comm40,502,2026091502,106,53,4000
isiro_2012,enhanced_plus_comm40,503,2026091503,93,36,4000
isiro_2012,enhanced_plus_comm40,504,2026091504,108,48,4000
isiro_2012,enhanced_plus_comm40,505,2026091505,90,33,4000
isiro_2012,enhanced_plus_comm40,506,2026091506,89,32,4000
isiro_2012,enhanced_plus_comm40,507,2026091507,112,39,4000
isiro_2012,enhanced_plus_comm40,508,2026091508,124,59,4000
isiro_2012,enhanced_plus_comm40,509,2026091509,88,37,4000
isiro_2012,enhanced_plus_comm40,510,2026091510,68,28,4000
isiro_2012,enhanced_plus_comm40,511,2026091511,103,49,4000
isiro_2012,enhanced_plus_comm40,512,2026091512,102,47,4000
isiro_2012,enhanced_plus_comm40,513,2026091513,106,42,4000
isiro_2012,enhanced_plus_comm40,514,2026091514,72,27,4000
isiro_2012,enhanced_plus_comm40,515,2026091515,114,49,4000
isiro_2012,enhanced_plus_comm40,516,2026091516,108,52,4000
isiro_2012,enhanced_plus_comm40,517,2026091517,99,39,4000
isiro_2012,enhanced_plus_comm40,518,2026091518,124,60,4000
isiro_2012,enhanced_plus_comm40,519,2026091519,95,41,4000
isiro_2012,enhanced_plus_comm40,520,2026091520,86,33,4000
isiro_2012,enhanced_plus_comm40,521,2026091521,64,27,4000
isiro_2012,enhanced_plus_comm40,522,2026091522,71,33,4000
isiro_2012,enhanced_plus_comm40,523,2026091523,69,35,4000
isiro_2012,enhanced_plus_comm40,524,2026091524,99,47,4000
isiro_2012,enhanced_plus_comm40,525,2026091525,83,33,4000
isiro_2012,enhanced_plus_comm40,526,2026091526,92,42,4000
isiro_2012,enhanced_plus_comm40,527,2026091527,69,40,4000
isiro_2012,enhanced_plus_comm40,528,2026091528,90,31,4000
isiro_2012,enhanced_plus_comm40,529,2026091529,99,37,4000
isiro_2012,enhanced_plus_comm40,530,2026091530,96,47,4000
isiro_2012,enhanced_plus_comm40,531,2026091531,83,38,4000
isiro_2012,enhanced_plus_comm40,532,2026091532,116,53,4000
isiro_2012,enhanced_plus_comm40,533,2026091533,108,43,4000
isiro_2012,enhanced_plus_comm40,534,2026091534,102,42,4000
isiro_2012,enhanced_plus_comm40,535,2026091535,82,29,4000
isiro_2012,enhanced_plus_comm40,536,2026091536,105,44,4000
isiro_2012,enhanced_plus_comm40,537,2026091537,108,55,4000
isiro_2012,enhanced_plus_comm40,538,2026091538,116,49,4000
isiro_2012,enhanced_plus_comm40,539,2026091539,97,39,4000
isiro_2012,enhanced_plus_comm40,540,2026091540,76,29,4000
isiro_2012,enhanced_plus_comm40,541,2026091541,103,49,4000
isiro_2012,enhanced_plus_comm40,542,2026091542,56,23,4000
isiro_2012,enhanced_plus_comm40,543,2026091543,87,34,4000
isiro_2012,enhanced_plus_comm40,544,2026091544,108,49,4000
isiro_2012,enhanced_plus_comm40,545,2026091545,98,49,4000
isiro_2012,enhanced_plus_comm40,546,2026091546,89,43,4000
isiro_2012,enhanced_plus_comm40,547,2026091547,76,40,4000
isiro_2012,enhanced_plus_comm40,548,2026091548,96,39,4000
isiro_2012,enhanced_plus_comm40,549,2026091549,95,48,4000
isiro_2012,enhanced_plus_comm40,550,2026091550,148,57,4000
isiro_2012,enhanced_plus_comm40,551,2026091551,58,29,4000
isiro_2012,enhanced_plus_comm40,552,2026091552,105,50,4000
isiro_2012,enhanced_plus_comm40,553,2026091553,82,30,4000
isiro_2012,enhanced_plus_comm40,554,2026091554,117,39,4000
isiro_2012,enhanced_plus_comm40,555,2026091555,102,51,4000
isiro_2012,enhanced_plus_comm40,556,2026091556,81,28,4000
isiro_2012,enhanced_plus_comm40,557,2026091557,108,57,4000
isiro_2012,enhanced_plus_comm40,558,2026091558,90,47,4000
isiro_2012,enhanced_plus_comm40,559,2026091559,118,54,4000
isiro_2012,enhanced_plus_comm40,560,2026091560,124,52,4000
isiro_2012,enhanced_plus_comm40,561,2026091561,102,37,4000
isiro_2012,enhanced_plus_comm40,562,2026091562,98,40,4000
isiro_2012,enhanced_plus_comm40,563,2026091563,113,48,4000
isiro_2012,enhanced_plus_comm40,564,2026091564,101,39,4000
isiro_2012,enhanced_plus_comm40,565,2026091565,107,38,4000
isiro_2012,enhanced_plus_comm40,566,2026091566,100,43,4000
isiro_2012,enhanced_plus_comm40,567,2026091567,137,60,4000
isiro_2012,enhanced_plus_comm40,568,2026091568,130,47,4000
isiro_2012,enhanced_plus_comm40,569,2026091569,91,39,4000
isiro_2012,enhanced_plus_comm40,570,2026091570,126,47,4000
isiro_2012,enhanced_plus_comm40,571,2026091571,65,36,4000
isiro_2012,enhanced_plus_comm40,572,2026091572,107,51,4000
isiro_2012,enhanced_plus_comm40,573,2026091573,92,40,4000
isiro_2012,enhanced_plus_comm40,574,2026091574,116,49,4000
isiro_2012,enhanced_plus_comm40,575,2026091575,91,42,4000
isiro_2012,enhanced_plus_comm40,576,2026091576,77,29,4000
isiro_2012,enhanced_plus_comm40,577,2026091577,77,35,4000
isiro_2012,enhanced_plus_comm40,578,2026091578,85,39,4000
isiro_2012,enhanced_plus_comm40,579,2026091579,90,37,4000
isiro_2012,enhanced_plus_comm40,580,2026091580,87,35,4000
isiro_2012,enhanced_plus_comm40,581,2026091581,83,45,4000
isiro_2012,enhanced_plus_comm40,582,2026091582,113,50,4000
isiro_2012,enhanced_plus_comm40,583,2026091583,91,37,4000
isiro_2012,enhanced_plus_comm40,584,2026091584,81,38,4000
isiro_2012,enhanced_plus_comm40,585,2026091585,84,35,4000
isiro_2012,enhanced_plus_comm40,586,2026091586,89,47,4000
isiro_2012,enhanced_plus_comm40,587,2026091587,67,20,4000
isiro_2012,enhanced_plus_comm40,588,2026091588,125,43,4000
isiro_2012,enhanced_plus_comm40,589,2026091589,115,36,4000
isiro_2012,enhanced_plus_comm40,590,2026091590,86,34,4000
isiro_2012,enhanced_plus_comm40,591,2026091591,92,41,4000
isiro_2012,enhanced_plus_comm40,592,2026091592,127,57,4000
isiro_2012,enhanced_plus_comm40,593,2026091593,143,57,4000
isiro_2012,enhanced_plus_comm40,594,2026091594,106,47,4000
isiro_2012,enhanced_plus_comm40,595,2026091595,115,49,4000
isiro_2012,enhanced_plus_comm40,596,2026091596,72,29,4000
isiro_2012,enhanced_plus_comm40,597,2026091597,146,57,4000
isiro_2012,enhanced_plus_comm40,598,2026091598,89,46,4000
isiro_2012,enhanced_plus_comm40,599,2026091599,95,38,4000
isiro_2012,enhanced_plus_comm40,600,2026091600,88,37,4000
isiro_2012,enhanced_plus_comm40,601,2026091601,89,36,4000
isiro_2012,enhanced_plus_comm40,602,2026091602,93,38,4000
isiro_2012,enhanced_plus_comm40,603,2026091603,87,37,4000
isiro_2012,enhanced_plus_comm40,604,2026091604,118,54,4000
isiro_2012,enhanced_plus_comm40,605,2026091605,97,39,4000
isiro_2012,enhanced_plus_comm40,606,2026091606,99,35,4000
isiro_2012,enhanced_plus_comm40,607,2026091607,115,51,4000
isiro_2012,enhanced_plus_comm40,608,2026091608,98,44,4000
isiro_2012,enhanced_plus_comm40,609,2026091609,102,33,4000
isiro_2012,enhanced_plus_comm40,610,2026091610,82,40,4000
isiro_2012,enhanced_plus_comm40,611,2026091611,113,51,4000
isiro_2012,enhanced_plus_comm40,612,2026091612,97,45,4000
isiro_2012,enhanced_plus_comm40,613,2026091613,101,47,4000
isiro_2012,enhanced_plus_comm40,614,2026091614,113,53,4000
isiro_2012,enhanced_plus_comm40,615,2026091615,101,43,4000
isiro_2012,enhanced_plus_comm40,616,2026091616,59,25,4000
isiro_2012,enhanced_plus_comm40,617,2026091617,97,40,4000
isiro_2012,enhanced_plus_comm40,618,2026091618,104,55,4000
isiro_2012,enhanced_plus_comm40,619,2026091619,92,39,4000
isiro_2012,enhanced_plus_comm40,620,2026091620,98,35,4000
isiro_2012,enhanced_plus_comm40,621,2026091621,99,48,4000
isiro_2012,enhanced_plus_comm40,622,2026091622,81,33,4000
isiro_2012,enhanced_plus_comm40,623,2026091623,68,29,4000
isiro_2012,enhanced_plus_comm40,624,2026091624,88,29,4000
isiro_2012,enhanced_plus_ring2,0,2026091000,116,50,8515
isiro_2012,enhanced_plus_ring2,1,2026091001,94,40,8241
isiro_2012,enhanced_plus_ring2,2,2026091002,115,42,8294
isiro_2012,enhanced_plus_ring2,3,2026091003,130,64,8257
isiro_2012,enhanced_plus_ring2,4,2026091004,127,50,7904
isiro_2012,enhanced_plus_ring2,5,2026091005,79,33,8211
isiro_2012,enhanced_plus_ring2,6,2026091006,86,35,8302
isiro_2012,enhanced_plus_ring2,7,2026091007,99,40,8221
isiro_2012,enhanced_plus_ring2,8,2026091008,131,63,7712
isiro_2012,enhanced_plus_ring2,9,2026091009,105,48,8306
isiro_2012,enhanced_plus_ring2,10,2026091010,131,61,8118
isiro_2012,enhanced_plus_ring2,11,2026091011,137,56,8237
isiro_2012,enhanced_plus_ring2,12,2026091012,111,46,8267
isiro_2012,enhanced_plus_ring2,13,2026091013,139,49,8129
isiro_2012,enhanced_plus_ring2,14,2026091014,90,47,8479
isiro_2012,enhanced_plus_ring2,15,2026091015,114,52,8266
isiro_2012,enhanced_plus_ring2,16,2026091016,130,54,8254
isiro_2012,enhanced_plus_ring2,17,2026091017,109,48,8440
isiro_2012,enhanced_plus_ring2,18,2026091018,117,51,8313
isiro_2012,enhanced_plus_ring2,19,2026091019,107,49,8339
isiro_2012,enhanced_plus_ring2,20,2026091020,88,38,8192
isiro_2012,enhanced_plus_ring2,21,2026091021,105,46,8284
isiro_2012,enhanced_plus_ring2,22,2026091022,119,56,8167
isiro_2012,enhanced_plus_ring2,23,2026091023,78,37,8379
isiro_2012,enhanced_plus_ring2,24,2026091024,138,59,8284
isiro_2012,enhanced_plus_ring2,25,2026091025,108,46,8311
isiro_2012,enhanced_plus_ring2,26,2026091026,118,44,8320
isiro_2012,enhanced_plus_ring2,27,2026091027,124,63,8308
isiro_2012,enhanced_plus_ring2,28,2026091028,88,35,8203
isiro_2012,enhanced_plus_ring2,29,2026091029,84,33,8260
isiro_2012,enhanced_plus_ring2,30,2026091030,128,58,8255
isiro_2012,enhanced_plus_ring2,31,2026091031,107,48,8329
isiro_2012,enhanced_plus_ring2,32,2026091032,110,55,8325
isiro_2012,enhanced_plus_ring2,33,2026091033,102,47,8056
isiro_2012,enhanced_plus_ring2,34,2026091034,105,50,8368
isiro_2012,enhanced_plus_ring2,35,2026091035,99,46,8265
isiro_2012,enhanced_plus_ring2,36,2026091036,83,42,8254
isiro_2012,enhanced_plus_ring2,37,2026091037,116,56,8108
isiro_2012,enhanced_plus_ring2,38,2026091038,81,44,8281
isiro_2012,enhanced_plus_ring2,39,2026091039,94,48,8287
isiro_2012,enhanced_plus_ring2,40,2026091040,118,44,8197
isiro_2012,enhanced_plus_ring2,41,2026091041,143,81,8020
isiro_2012,enhanced_plus_ring2,42,2026091042,90,45,8248
isiro_2012,enhanced_plus_ring2,43,2026091043,142,61,8203
isiro_2012,enhanced_plus_ring2,44,2026091044,124,58,8201
isiro_2012,enhanced_plus_ring2,45,2026091045,133,66,8047
isiro_2012,enhanced_plus_ring2,46,2026091046,87,43,8084
isiro_2012,enhanced_plus_ring2,47,2026091047,74,30,8436
isiro_2012,enhanced_plus_ring2,48,2026091048,88,40,8181
isiro_2012,enhanced_plus_ring2,49,2026091049,150,54,8246
isiro_2012,enhanced_plus_ring2,50,2026091050,119,56,8253
isiro_2012,enhanced_plus_ring2,51,2026091051,112,40,8501
isiro_2012,enhanced_plus_ring2,52,2026091052,118,61,8170
isiro_2012,enhanced_plus_ring2,53,2026091053,131,56,8248
isiro_2012,enhanced_plus_ring2,54,2026091054,112,54,8445
isiro_2012,enhanced_plus_ring2,55,2026091055,152,69,8452
isiro_2012,enhanced_plus_ring2,56,2026091056,117,53,8354
isiro_2012,enhanced_plus_ring2,57,2026091057,134,68,8075
isiro_2012,enhanced_plus_ring2,58,2026091058,149,64,8108
isiro_2012,enhanced_plus_ring2,59,2026091059,108,48,8386
isiro_2012,enhanced_plus_ring2,60,2026091060,128,62,8075
isiro_2012,enhanced_plus_ring2,61,2026091061,97,45,8440
isiro_2012,enhanced_plus_ring2,62,2026091062,121,57,8034
isiro_2012,enhanced_plus_ring2,63,2026091063,108,49,8209
isiro_2012,enhanced_plus_ring2,64,2026091064,123,59,8241
isiro_2012,enhanced_plus_ring2,65,2026091065,134,58,8237
isiro_2012,enhanced_plus_ring2,66,2026091066,105,47,8222
isiro_2012,enhanced_plus_ring2,67,2026091067,100,42,8377
isiro_2012,enhanced_plus_ring2,68,2026091068,98,47,8290
isiro_2012,enhanced_plus_ring2,69,2026091069,154,66,8085
isiro_2012,enhanced_plus_ring2,70,2026091070,92,39,8257
isiro_2012,enhanced_plus_ring2,71,2026091071,100,49,8226
isiro_2012,enhanced_plus_ring2,72,2026091072,111,45,8222
isiro_2012,enhanced_plus_ring2,73,2026091073,102,46,7960
isiro_2012,enhanced_plus_ring2,74,2026091074,114,51,8232
isiro_2012,enhanced_plus_ring2,75,2026091075,116,49,8225
isiro_2012,enhanced_plus_ring2,76,2026091076,120,53,8163
isiro_2012,enhanced_plus_ring2,77,2026091077,117,49,8314
isiro_2012,enhanced_plus_ring2,78,2026091078,97,38,8306
isiro_2012,enhanced_plus_ring2,79,2026091079,126,67,7860
isiro_2012,enhanced_plus_ring2,80,2026091080,99,56,8551
isiro_2012,enhanced_plus_ring2,81,2026091081,150,60,8518
isiro_2012,enhanced_plus_ring2,82,2026091082,117,49,8329
isiro_2012,enhanced_plus_ring2,83,2026091083,73,35,8099
isiro_2012,enhanced_plus_ring2,84,2026091084,102,44,8260
isiro_2012,enhanced_plus_ring2,85,2026091085,88,36,8302
isiro_2012,enhanced_plus_ring2,86,2026091086,91,53,8397
isiro_2012,enhanced_plus_ring2,87,2026091087,106,52,8117
isiro_2012,enhanced_plus_ring2,88,2026091088,108,45,8251
isiro_2012,enhanced_plus_ring2,89,2026091089,134,61,8349
isiro_2012,enhanced_plus_ring2,90,2026091090,112,54,8131
isiro_2012,enhanced_plus_ring2,91,2026091091,79,41,8089
isiro_2012,enhanced_plus_ring2,92,2026091092,158,71,8269
isiro_2012,enhanced_plus_ring2,93,2026091093,128,62,8394
isiro_2012,enhanced_plus_ring2,94,2026091094,133,54,8338
isiro_2012,enhanced_plus_ring2,95,2026091095,124,52,8110
isiro_2012,enhanced_plus_ring2,96,2026091096,140,64,8240
isiro_2012,enhanced_plus_ring2,97,2026091097,133,54,8138
isiro_2012,enhanced_plus_ring2,98,2026091098,103,48,8240
isiro_2012,enhanced_plus_ring2,99,2026091099,111,47,8303
isiro_2012,enhanced_plus_ring2,100,2026091100,88,35,8502
isiro_2012,enhanced_plus_ring2,101,2026091101,117,59,8158
isiro_2012,enhanced_plus_ring2,102,2026091102,113,50,8305
isiro_2012,enhanced_plus_ring2,103,2026091103,93,36,8450
isiro_2012,enhanced_plus_ring2,104,2026091104,143,63,8067
isiro_2012,enhanced_plus_ring2,105,2026091105,126,49,8405
isiro_2012,enhanced_plus_ring2,106,2026091106,83,37,8258
isiro_2012,enhanced_plus_ring2,107,2026091107,101,45,8242
isiro_2012,enhanced_plus_ring2,108,2026091108,117,51,8173
isiro_2012,enhanced_plus_ring2,109,2026091109,100,43,8189
isiro_2012,enhanced_plus_ring2,110,2026091110,115,44,8284
isiro_2012,enhanced_plus_ring2,111,2026091111,144,62,8230
isiro_2012,enhanced_plus_ring2,112,2026091112,109,50,8238
isiro_2012,enhanced_plus_ring2,113,2026091113,102,54,8280
isiro_2012,enhanced_plus_ring2,114,2026091114,104,46,8310
isiro_2012,enhanced_plus_ring2,115,2026091115,119,55,8101
isiro_2012,enhanced_plus_ring2,116,2026091116,102,41,8251
isiro_2012,enhanced_plus_ring2,117,2026091117,98,36,7988
isiro_2012,enhanced_plus_ring2,118,2026091118,86,36,8197
isiro_2012,enhanced_plus_ring2,119,2026091119,89,38,8341
isiro_2012,enhanced_plus_ring2,120,2026091120,139,73,8164
isiro_2012,enhanced_plus_ring2,121,2026091121,109,57,8290
isiro_2012,enhanced_plus_ring2,122,2026091122,155,68,8270
isiro_2012,enhanced_plus_ring2,123,2026091123,131,59,8245
isiro_2012,enhanced_plus_ring2,124,2026091124,97,45,8525
isiro_2012,enhanced_plus_ring2,125,2026091125,137,63,8236
isiro_2012,enhanced_plus_ring2,126,2026091126,85,39,8282
isiro_2012,enhanced_plus_ring2,127,2026091127,123,41,8062
isiro_2012,enhanced_plus_ring2,128,2026091128,104,49,8200
isiro_2012,enhanced_plus_ring2,129,2026091129,108,44,8227
isiro_2012,enhanced_plus_ring2,130,2026091130,111,56,8370
isiro_2012,enhanced_plus_ring2,131,2026091131,93,44,7975
isiro_2012,enhanced_plus_ring2,132,2026091132,131,50,8215
isiro_2012,enhanced_plus_ring2,133,2026091133,127,56,8151
isiro_2012,enhanced_plus_ring2,134,2026091134,112,53,8281
isiro_2012,enhanced_plus_ring2,135,2026091135,105,45,8232
isiro_2012,enhanced_plus_ring2,136,2026091136,117,47,8329
isiro_2012,enhanced_plus_ring2,137,2026091137,137,57,7886
isiro_2012,enhanced_plus_ring2,138,2026091138,111,51,8167
isiro_2012,enhanced_plus_ring2,139,2026091139,104,41,8092
isiro_2012,enhanced_plus_ring2,140,2026091140,151,65,8505
isiro_2012,enhanced_plus_ring2,141,2026091141,115,49,8049
isiro_2012,enhanced_plus_ring2,142,2026091142,118,50,8389
isiro_2012,enhanced_plus_ring2,143,2026091143,96,45,8172
isiro_2012,enhanced_plus_ring2,144,2026091144,109,57,8465
isiro_2012,enhanced_plus_ring2,145,2026091145,129,50,8196
isiro_2012,enhanced_plus_ring2,146,2026091146,90,39,8057
isiro_2012,enhanced_plus_ring2,147,2026091147,114,47,8007
isiro_2012,enhanced_plus_ring2,148,2026091148,110,49,8354
isiro_2012,enhanced_plus_ring2,149,2026091149,112,49,8129
isiro_2012,enhanced_plus_ring2,150,2026091150,114,57,8157
isiro_2012,enhanced_plus_ring2,151,2026091151,117,54,8285
isiro_2012,enhanced_plus_ring2,152,2026091152,83,33,8252
isiro_2012,enhanced_plus_ring2,153,2026091153,102,46,8246
isiro_2012,enhanced_plus_ring2,154,2026091154,132,60,8087
isiro_2012,enhanced_plus_ring2,155,2026091155,109,50,8263
isiro_2012,enhanced_plus_ring2,156,2026091156,137,57,8203
isiro_2012,enhanced_plus_ring2,157,2026091157,96,41,8115
isiro_2012,enhanced_plus_ring2,158,2026091158,95,40,8148
isiro_2012,enhanced_plus_ring2,159,2026091159,116,46,8396
isiro_2012,enhanced_plus_ring2,160,2026091160,115,48,8114
isiro_2012,enhanced_plus_ring2,161,2026091161,87,33,8042
isiro_2012,enhanced_plus_ring2,162,2026091162,119,60,8186
isiro_2012,enhanced_plus_ring2,163,2026091163,109,57,8220
isiro_2012,enhanced_plus_ring2,164,2026091164,76,39,8181
isiro_2012,enhanced_plus_ring2,165,2026091165,117,47,8278
isiro_2012,enhanced_plus_ring2,166,2026091166,119,54,8134
isiro_2012,enhanced_plus_ring2,167,2026091167,104,42,8179
isiro_2012,enhanced_plus_ring2,168,2026091168,94,44,8235
isiro_2012,enhanced_plus_ring2,169,2026091169,140,64,8202
isiro_2012,enhanced_plus_ring2,170,2026091170,92,42,8199
isiro_2012,enhanced_plus_ring2,171,2026091171,140,67,8247
isiro_2012,enhanced_plus_ring2,172,2026091172,156,81,8362
isiro_2012,enhanced_plus_ring2,173,2026091173,146,68,8274
isiro_2012,enhanced_plus_ring2,174,2026091174,68,35,8142
isiro_2012,enhanced_plus_ring2,175,2026091175,148,69,8501
isiro_2012,enhanced_plus_ring2,176,2026091176,106,46,8256
isiro_2012,enhanced_plus_ring2,177,2026091177,101,41,8507
isiro_2012,enhanced_plus_ring2,178,2026091178,118,54,8150
isiro_2012,enhanced_plus_ring2,179,2026091179,102,42,8248
isiro_2012,enhanced_plus_ring2,180,2026091180,135,59,8393
isiro_2012,enhanced_plus_ring2,181,2026091181,77,40,8389
isiro_2012,enhanced_plus_ring2,182,2026091182,121,59,8255
isiro_2012,enhanced_plus_ring2,183,2026091183,142,70,8143
isiro_2012,enhanced_plus_ring2,184,2026091184,90,41,8489
isiro_2012,enhanced_plus_ring2,185,2026091185,145,56,8236
isiro_2012,enhanced_plus_ring2,186,2026091186,100,45,8332
isiro_2012,enhanced_plus_ring2,187,2026091187,93,39,8325
isiro_2012,enhanced_plus_ring2,188,2026091188,97,38,8225
isiro_2012,enhanced_plus_ring2,189,2026091189,86,36,8143
isiro_2012,enhanced_plus_ring2,190,2026091190,110,53,8341
isiro_2012,enhanced_plus_ring2,191,2026091191,107,44,8334
isiro_2012,enhanced_plus_ring2,192,2026091192,141,75,8231
isiro_2012,enhanced_plus_ring2,193,2026091193,116,46,8224
isiro_2012,enhanced_plus_ring2,194,2026091194,141,70,8470
isiro_2012,enhanced_plus_ring2,195,2026091195,94,44,8339
isiro_2012,enhanced_plus_ring2,196,2026091196,139,56,8069
isiro_2012,enhanced_plus_ring2,197,2026091197,88,42,8238
isiro_2012,enhanced_plus_ring2,198,2026091198,100,47,8059
isiro_2012,enhanced_plus_ring2,199,2026091199,113,40,8196
isiro_2012,enhanced_plus_ring2,200,2026091200,117,52,8347
isiro_2012,enhanced_plus_ring2,201,2026091201,95,44,8264
isiro_2012,enhanced_plus_ring2,202,2026091202,115,50,8392
isiro_2012,enhanced_plus_ring2,203,2026091203,121,50,8001
isiro_2012,enhanced_plus_ring2,204,2026091204,99,39,8401
isiro_2012,enhanced_plus_ring2,205,2026091205,138,52,8064
isiro_2012,enhanced_plus_ring2,206,2026091206,86,47,8455
isiro_2012,enhanced_plus_ring2,207,2026091207,104,46,8096
isiro_2012,enhanced_plus_ring2,208,2026091208,124,57,8168
isiro_2012,enhanced_plus_ring2,209,2026091209,133,56,8298
isiro_2012,enhanced_plus_ring2,210,2026091210,137,59,8400
isiro_2012,enhanced_plus_ring2,211,2026091211,119,59,8014
isiro_2012,enhanced_plus_ring2,212,2026091212,121,59,8150
isiro_2012,enhanced_plus_ring2,213,2026091213,131,64,8080
isiro_2012,enhanced_plus_ring2,214,2026091214,128,45,8151
isiro_2012,enhanced_plus_ring2,215,2026091215,80,34,8289
isiro_2012,enhanced_plus_ring2,216,2026091216,112,52,8433
isiro_2012,enhanced_plus_ring2,217,2026091217,105,48,8291
isiro_2012,enhanced_plus_ring2,218,2026091218,99,52,8093
isiro_2012,enhanced_plus_ring2,219,2026091219,126,60,8113
isiro_2012,enhanced_plus_ring2,220,2026091220,96,44,8207
isiro_2012,enhanced_plus_ring2,221,2026091221,96,52,8045
isiro_2012,enhanced_plus_ring2,222,2026091222,96,44,8418
isiro_2012,enhanced_plus_ring2,223,2026091223,109,41,8311
isiro_2012,enhanced_plus_ring2,224,2026091224,89,43,8249
isiro_2012,enhanced_plus_ring2,225,2026091225,144,68,8120
isiro_2012,enhanced_plus_ring2,226,2026091226,71,28,8283
isiro_2012,enhanced_plus_ring2,227,2026091227,110,36,8397
isiro_2012,enhanced_plus_ring2,228,2026091228,90,30,8072
isiro_2012,enhanced_plus_ring2,229,2026091229,117,54,8047
isiro_2012,enhanced_plus_ring2,230,2026091230,88,43,8423
isiro_2012,enhanced_plus_ring2,231,2026091231,138,72,8054
isiro_2012,enhanced_plus_ring2,232,2026091232,128,65,8292
isiro_2012,enhanced_plus_ring2,233,2026091233,102,40,8133
isiro_2012,enhanced_plus_ring2,234,2026091234,140,63,8164
isiro_2012,enhanced_plus_ring2,235,2026091235,131,66,8176
isiro_2012,enhanced_plus_ring2,236,2026091236,128,69,8361
isiro_2012,enhanced_plus_ring2,237,2026091237,102,43,8248
isiro_2012,enhanced_plus_ring2,238,2026091238,123,49,8260
isiro_2012,enhanced_plus_ring2,239,2026091239,134,68,7913
isiro_2012,enhanced_plus_ring2,240,2026091240,107,40,8276
isiro_2012,enhanced_plus_ring2,241,2026091241,84,50,8064
isiro_2012,enhanced_plus_ring2,242,2026091242,98,39,8430
isiro_2012,enhanced_plus_ring2,243,2026091243,125,47,8105
isiro_2012,enhanced_plus_ring2,244,2026091244,109,46,8454
isiro_2012,enhanced_plus_ring2,245,2026091245,108,44,8382
isiro_2012,enhanced_plus_ring2,246,2026091246,109,54,8454
isiro_2012,enhanced_plus_ring2,247,2026091247,117,51,8478
isiro_2012,enhanced_plus_ring2,248,2026091248,111,44,8172
isiro_2012,enhanced_plus_ring2,249,2026091249,111,47,8116
isiro_2012,enhanced_plus_ring2,250,2026091250,150,66,8205
isiro_2012,enhanced_plus_ring2,251,2026091251,91,52,7879
isiro_2012,enhanced_plus_ring2,252,2026091252,150,62,8119
isiro_2012,enhanced_plus_ring2,253,2026091253,92,44,8272
isiro_2012,enhanced_plus_ring2,254,2026091254,98,48,8325
isiro_2012,enhanced_plus_ring2,255,2026091255,117,57,8087
isiro_2012,enhanced_plus_ring2,256,2026091256,89,47,8257
isiro_2012,enhanced_plus_ring2,257,2026091257,126,54,8276
isiro_2012,enhanced_plus_ring2,258,2026091258,105,40,8119
isiro_2012,enhanced_plus_ring2,259,2026091259,115,44,8168
isiro_2012,enhanced_plus_ring2,260,2026091260,132,64,8065
isiro_2012,enhanced_plus_ring2,261,2026091261,104,43,8245
isiro_2012,enhanced_plus_ring2,262,2026091262,95,45,8339
isiro_2012,enhanced_plus_ring2,263,2026091263,126,64,8018
isiro_2012,enhanced_plus_ring2,264,2026091264,125,53,7940
isiro_2012,enhanced_plus_ring2,265,2026091265,104,42,8081
isiro_2012,enhanced_plus_ring2,266,2026091266,74,32,8045
isiro_2012,enhanced_plus_ring2,267,2026091267,100,54,8197
isiro_2012,enhanced_plus_ring2,268,2026091268,87,37,7817
isiro_2012,enhanced_plus_ring2,269,2026091269,139,66,8340
isiro_2012,enhanced_plus_ring2,270,2026091270,103,46,8281
isiro_2012,enhanced_plus_ring2,271,2026091271,96,38,8358
isiro_2012,enhanced_plus_ring2,272,2026091272,140,55,8063
isiro_2012,enhanced_plus_ring2,273,2026091273,138,61,8274
isiro_2012,enhanced_plus_ring2,274,2026091274,126,57,7975
isiro_2012,enhanced_plus_ring2,275,2026091275,127,44,8296
isiro_2012,enhanced_plus_ring2,276,2026091276,88,42,8269
isiro_2012,enhanced_plus_ring2,277,2026091277,110,40,8232
isiro_2012,enhanced_plus_ring2,278,2026091278,84,43,8512
isiro_2012,enhanced_plus_ring2,279,2026091279,93,39,8450
isiro_2012,enhanced_plus_ring2,280,2026091280,126,53,8136
isiro_2012,enhanced_plus_ring2,281,2026091281,130,47,8336
isiro_2012,enhanced_plus_ring2,282,2026091282,100,39,8258
isiro_2012,enhanced_plus_ring2,283,2026091283,102,49,8124
isiro_2012,enhanced_plus_ring2,284,2026091284,115,49,8281
isiro_2012,enhanced_plus_ring2,285,2026091285,124,56,8259
isiro_2012,enhanced_plus_ring2,286,2026091286,109,43,8174
isiro_2012,enhanced_plus_ring2,287,2026091287,104,53,7936
isiro_2012,enhanced_plus_ring2,288,2026091288,93,41,8451
isiro_2012,enhanced_plus_ring2,289,2026091289,142,74,8280
isiro_2012,enhanced_plus_ring2,290,2026091290,75,41,8173
isiro_2012,enhanced_plus_ring2,291,2026091291,66,29,7799
isiro_2012,enhanced_plus_ring2,292,2026091292,94,43,8463
isiro_2012,enhanced_plus_ring2,293,2026091293,75,36,8111
isiro_2012,enhanced_plus_ring2,294,2026091294,83,34,7999
isiro_2012,enhanced_plus_ring2,295,2026091295,114,48,8021
isiro_2012,enhanced_plus_ring2,296,2026091296,117,47,7928
isiro_2012,enhanced_plus_ring2,297,2026091297,126,57,8076
isiro_2012,enhanced_plus_ring2,298,2026091298,141,63,8128
isiro_2012,enhanced_plus_ring2,299,2026091299,103,51,8146
isiro_2012,enhanced_plus_ring2,300,2026091300,105,47,8379
isiro_2012,enhanced_plus_ring2,301,2026091301,110,53,8209
isiro_2012,enhanced_plus_ring2,302,2026091302,132,51,8340
isiro_2012,enhanced_plus_ring2,303,2026091303,113,58,8112
isiro_2012,enhanced_plus_ring2,304,2026091304,111,51,8322
isiro_2012,enhanced_plus_ring2,305,2026091305,112,59,8319
isiro_2012,enhanced_plus_ring2,306,2026091306,94,45,8313
isiro_2012,enhanced_plus_ring2,307,2026091307,101,39,8356
isiro_2012,enhanced_plus_ring2,308,2026091308,113,48,8360
isiro_2012,enhanced_plus_ring2,309,2026091309,103,45,8232
isiro_2012,enhanced_plus_ring2,310,2026091310,85,33,8331
isiro_2012,enhanced_plus_ring2,311,2026091311,162,66,8237
isiro_2012,enhanced_plus_ring2,312,2026091312,130,62,8100
isiro_2012,enhanced_plus_ring2,313,2026091313,98,50,8276
isiro_2012,enhanced_plus_ring2,314,2026091314,73,36,8190
isiro_2012,enhanced_plus_ring2,315,2026091315,125,60,8148
isiro_2012,enhanced_plus_ring2,316,2026091316,75,39,8403
isiro_2012,enhanced_plus_ring2,317,2026091317,89,40,8339
isiro_2012,enhanced_plus_ring2,318,2026091318,112,52,8360
isiro_2012,enhanced_plus_ring2,319,2026091319,128,58,8252
isiro_2012,enhanced_plus_ring2,320,2026091320,99,38,8358
isiro_2012,enhanced_plus_ring2,321,2026091321,115,54,8280
isiro_2012,enhanced_plus_ring2,322,2026091322,113,50,8034
isiro_2012,enhanced_plus_ring2,323,2026091323,125,58,8234
isiro_2012,enhanced_plus_ring2,324,2026091324,90,38,8396
isiro_2012,enhanced_plus_ring2,325,2026091325,97,42,8358
isiro_2012,enhanced_plus_ring2,326,2026091326,94,48,8189
isiro_2012,enhanced_plus_ring2,327,2026091327,90,36,8131
isiro_2012,enhanced_plus_ring2,328,2026091328,163,74,8100
isiro_2012,enhanced_plus_ring2,329,2026091329,101,46,8412
isiro_2012,enhanced_plus_ring2,330,2026091330,143,67,8183
isiro_2012,enhanced_plus_ring2,331,2026091331,88,42,8233
isiro_2012,enhanced_plus_ring2,332,2026091332,93,44,8384
isiro_2012,enhanced_plus_ring2,333,2026091333,143,75,8349
isiro_2012,enhanced_plus_ring2,334,2026091334,66,28,8321
isiro_2012,enhanced_plus_ring2,335,2026091335,124,47,8258
isiro_2012,enhanced_plus_ring2,336,2026091336,141,61,8389
isiro_2012,enhanced_plus_ring2,337,2026091337,98,47,8357
isiro_2012,enhanced_plus_ring2,338,2026091338,75,32,8430
isiro_2012,enhanced_plus_ring2,339,2026091339,130,55,8234
isiro_2012,enhanced_plus_ring2,340,2026091340,93,41,8151
isiro_2012,enhanced_plus_ring2,341,2026091341,123,59,8168
isiro_2012,enhanced_plus_ring2,342,2026091342,118,51,8426
isiro_2012,enhanced_plus_ring2,343,2026091343,95,40,8383
isiro_2012,enhanced_plus_ring2,344,2026091344,133,62,8224
isiro_2012,enhanced_plus_ring2,345,2026091345,107,47,8139
isiro_2012,enhanced_plus_ring2,346,2026091346,99,42,8146
isiro_2012,enhanced_plus_ring2,347,2026091347,121,55,8386
isiro_2012,enhanced_plus_ring2,348,2026091348,91,35,8032
isiro_2012,enhanced_plus_ring2,349,2026091349,100,41,8322
isiro_2012,enhanced_plus_ring2,350,2026091350,124,55,8270
isiro_2012,enhanced_plus_ring2,351,2026091351,98,52,8188
isiro_2012,enhanced_plus_ring2,352,2026091352,124,54,8314
isiro_2012,enhanced_plus_ring2,353,2026091353,122,63,8350
isiro_2012,enhanced_plus_ring2,354,2026091354,97,53,8386
isiro_2012,enhanced_plus_ring2,355,2026091355,67,25,8292
isiro_2012,enhanced_plus_ring2,356,2026091356,108,49,8240
isiro_2012,enhanced_plus_ring2,357,2026091357,115,50,8353
isiro_2012,enhanced_plus_ring2,358,2026091358,91,40,8195
isiro_2012,enhanced_plus_ring2,359,2026091359,147,61,8502
isiro_2012,enhanced_plus_ring2,360,2026091360,105,41,8334
isiro_2012,enhanced_plus_ring2,361,2026091361,97,50,8197
isiro_2012,enhanced_plus_ring2,362,2026091362,81,20,8239
isiro_2012,enhanced_plus_ring2,363,2026091363,117,53,8325
isiro_2012,enhanced_plus_ring2,364,2026091364,105,44,8166
isiro_2012,enhanced_plus_ring2,365,2026091365,76,39,8232
isiro_2012,enhanced_plus_ring2,366,2026091366,117,43,8245
isiro_2012,enhanced_plus_ring2,367,2026091367,91,40,8444
isiro_2012,enhanced_plus_ring2,368,2026091368,73,31,8286
isiro_2012,enhanced_plus_ring2,369,2026091369,143,68,8182
isiro_2012,enhanced_plus_ring2,370,2026091370,127,59,8398
isiro_2012,enhanced_plus_ring2,371,2026091371,112,49,8232
isiro_2012,enhanced_plus_ring2,372,2026091372,97,39,8458
isiro_2012,enhanced_plus_ring2,373,2026091373,84,30,8446
isiro_2012,enhanced_plus_ring2,374,2026091374,131,52,7688
isiro_2012,enhanced_plus_ring2,375,2026091375,95,54,8071
isiro_2012,enhanced_plus_ring2,376,2026091376,107,43,8166
isiro_2012,enhanced_plus_ring2,377,2026091377,119,53,8359
isiro_2012,enhanced_plus_ring2,378,2026091378,74,33,8164
isiro_2012,enhanced_plus_ring2,379,2026091379,115,58,7977
isiro_2012,enhanced_plus_ring2,380,2026091380,122,46,7968
isiro_2012,enhanced_plus_ring2,381,2026091381,145,57,8361
isiro_2012,enhanced_plus_ring2,382,2026091382,130,62,8245
isiro_2012,enhanced_plus_ring2,383,2026091383,166,81,8208
isiro_2012,enhanced_plus_ring2,384,2026091384,82,25,8295
isiro_2012,enhanced_plus_ring2,385,2026091385,125,48,8207
isiro_2012,enhanced_plus_ring2,386,2026091386,91,42,7917
isiro_2012,enhanced_plus_ring2,387,2026091387,76,28,8109
isiro_2012,enhanced_plus_ring2,388,2026091388,140,62,8232
isiro_2012,enhanced_plus_ring2,389,2026091389,113,49,8450
isiro_2012,enhanced_plus_ring2,390,2026091390,96,46,8343
isiro_2012,enhanced_plus_ring2,391,2026091391,81,36,8336
isiro_2012,enhanced_plus_ring2,392,2026091392,91,42,8323
isiro_2012,enhanced_plus_ring2,393,2026091393,104,42,8272
isiro_2012,enhanced_plus_ring2,394,2026091394,127,55,8023
isiro_2012,enhanced_plus_ring2,395,2026091395,109,49,8155
isiro_2012,enhanced_plus_ring2,396,2026091396,133,65,8153
isiro_2012,enhanced_plus_ring2,397,2026091397,106,54,8398
isiro_2012,enhanced_plus_ring2,398,2026091398,108,44,8411
isiro_2012,enhanced_plus_ring2,399,2026091399,85,36,8193
isiro_2012,enhanced_plus_ring2,400,2026091400,89,43,8244
isiro_2012,enhanced_plus_ring2,401,2026091401,97,47,8384
isiro_2012,enhanced_plus_ring2,402,2026091402,148,71,8178
isiro_2012,enhanced_plus_ring2,403,2026091403,87,44,8022
isiro_2012,enhanced_plus_ring2,404,2026091404,116,53,8163
isiro_2012,enhanced_plus_ring2,405,2026091405,71,29,8193
isiro_2012,enhanced_plus_ring2,406,2026091406,136,67,8230
isiro_2012,enhanced_plus_ring2,407,2026091407,126,60,8143
isiro_2012,enhanced_plus_ring2,408,2026091408,122,63,8386
isiro_2012,enhanced_plus_ring2,409,2026091409,114,57,8150
isiro_2012,enhanced_plus_ring2,410,2026091410,104,44,8273
isiro_2012,enhanced_plus_ring2,411,2026091411,115,39,8175
isiro_2012,enhanced_plus_ring2,412,2026091412,113,39,8331
isiro_2012,enhanced_plus_ring2,413,2026091413,98,42,8142
isiro_2012,enhanced_plus_ring2,414,2026091414,140,65,8341
isiro_2012,enhanced_plus_ring2,415,2026091415,112,56,8320
isiro_2012,enhanced_plus_ring2,416,2026091416,103,41,8239
isiro_2012,enhanced_plus_ring2,417,2026091417,82,42,8314
isiro_2012,enhanced_plus_ring2,418,2026091418,119,53,8490
isiro_2012,enhanced_plus_ring2,419,2026091419,130,65,8244
isiro_2012,enhanced_plus_ring2,420,2026091420,123,57,8386
isiro_2012,enhanced_plus_ring2,421,2026091421,134,60,8230
isiro_2012,enhanced_plus_ring2,422,2026091422,116,45,8371
isiro_2012,enhanced_plus_ring2,423,2026091423,112,54,8220
isiro_2012,enhanced_plus_ring2,424,2026091424,136,60,8286
isiro_2012,enhanced_plus_ring2,425,2026091425,74,33,8176
isiro_2012,enhanced_plus_ring2,426,2026091426,103,51,8438
isiro_2012,enhanced_plus_ring2,427,2026091427,90,39,8292
isiro_2012,enhanced_plus_ring2,428,2026091428,98,41,8322
isiro_2012,enhanced_plus_ring2,429,2026091429,156,79,8287
isiro_2012,enhanced_plus_ring2,430,2026091430,94,37,8181
isiro_2012,enhanced_plus_ring2,431,2026091431,116,53,8068
isiro_2012,enhanced_plus_ring2,432,2026091432,105,45,8350
isiro_2012,enhanced_plus_ring2,433,2026091433,106,41,8538
isiro_2012,enhanced_plus_ring2,434,2026091434,85,38,8460
isiro_2012,enhanced_plus_ring2,435,2026091435,95,46,8520
isiro_2012,enhanced_plus_ring2,436,2026091436,131,68,8290
isiro_2012,enhanced_plus_ring2,437,2026091437,140,60,8069
isiro_2012,enhanced_plus_ring2,438,2026091438,106,41,8341
isiro_2012,enhanced_plus_ring2,439,2026091439,99,48,8422
isiro_2012,enhanced_plus_ring2,440,2026091440,108,53,8466
isiro_2012,enhanced_plus_ring2,441,2026091441,107,50,8141
isiro_2012,enhanced_plus_ring2,442,2026091442,103,50,8391
isiro_2012,enhanced_plus_ring2,443,2026091443,103,46,8241
isiro_2012,enhanced_plus_ring2,444,2026091444,137,69,8245
isiro_2012,enhanced_plus_ring2,445,2026091445,116,57,8329
isiro_2012,enhanced_plus_ring2,446,2026091446,123,50,7965
isiro_2012,enhanced_plus_ring2,447,2026091447,85,27,8206
isiro_2012,enhanced_plus_ring2,448,2026091448,91,44,8148
isiro_2012,enhanced_plus_ring2,449,2026091449,112,47,7980
isiro_2012,enhanced_plus_ring2,450,2026091450,90,41,8434
isiro_2012,enhanced_plus_ring2,451,2026091451,110,50,8270
isiro_2012,enhanced_plus_ring2,452,2026091452,132,59,8057
isiro_2012,enhanced_plus_ring2,453,2026091453,124,50,8199
isiro_2012,enhanced_plus_ring2,454,2026091454,119,50,8250
isiro_2012,enhanced_plus_ring2,455,2026091455,131,61,7749
isiro_2012,enhanced_plus_ring2,456,2026091456,154,60,8199
isiro_2012,enhanced_plus_ring2,457,2026091457,108,55,8258
isiro_2012,enhanced_plus_ring2,458,2026091458,114,54,8198
isiro_2012,enhanced_plus_ring2,459,2026091459,115,50,8019
isiro_2012,enhanced_plus_ring2,460,2026091460,101,48,8335
isiro_2012,enhanced_plus_ring2,461,2026091461,142,65,8331
isiro_2012,enhanced_plus_ring2,462,2026091462,114,55,8255
isiro_2012,enhanced_plus_ring2,463,2026091463,110,35,8343
isiro_2012,enhanced_plus_ring2,464,2026091464,135,62,8178
isiro_2012,enhanced_plus_ring2,465,2026091465,100,45,8400
isiro_2012,enhanced_plus_ring2,466,2026091466,80,43,8237
isiro_2012,enhanced_plus_ring2,467,2026091467,107,55,8257
isiro_2012,enhanced_plus_ring2,468,2026091468,78,32,8340
isiro_2012,enhanced_plus_ring2,469,2026091469,149,62,8338
isiro_2012,enhanced_plus_ring2,470,2026091470,151,63,8259
isiro_2012,enhanced_plus_ring2,471,2026091471,105,44,8468
isiro_2012,enhanced_plus_ring2,472,2026091472,113,50,8167
isiro_2012,enhanced_plus_ring2,473,2026091473,99,37,8332
isiro_2012,enhanced_plus_ring2,474,2026091474,106,45,8060
isiro_2012,enhanced_plus_ring2,475,2026091475,148,59,8301
isiro_2012,enhanced_plus_ring2,476,2026091476,80,37,8156
isiro_2012,enhanced_plus_ring2,477,2026091477,101,47,8360
isiro_2012,enhanced_plus_ring2,478,2026091478,88,36,8145
isiro_2012,enhanced_plus_ring2,479,2026091479,139,56,8415
isiro_2012,enhanced_plus_ring2,480,2026091480,110,44,8135
isiro_2012,enhanced_plus_ring2,481,2026091481,127,60,8443
isiro_2012,enhanced_plus_ring2,482,2026091482,154,64,8422
isiro_2012,enhanced_plus_ring2,483,2026091483,110,45,8414
isiro_2012,enhanced_plus_ring2,484,2026091484,118,46,8439
isiro_2012,enhanced_plus_ring2,485,2026091485,137,57,8424
isiro_2012,enhanced_plus_ring2,486,2026091486,89,38,8347
isiro_2012,enhanced_plus_ring2,487,2026091487,144,74,8305
isiro_2012,enhanced_plus_ring2,488,2026091488,133,59,8316
isiro_2012,enhanced_plus_ring2,489,2026091489,108,41,8447
isiro_2012,enhanced_plus_ring2,490,2026091490,96,45,8253
isiro_2012,enhanced_plus_ring2,491,2026091491,92,43,8272
isiro_2012,enhanced_plus_ring2,492,2026091492,114,51,8428
isiro_2012,enhanced_plus_ring2,493,2026091493,101,53,8332
isiro_2012,enhanced_plus_ring2,494,2026091494,132,59,8453
isiro_2012,enhanced_plus_ring2,495,2026091495,102,44,8143
isiro_2012,enhanced_plus_ring2,496,2026091496,148,66,8095
isiro_2012,enhanced_plus_ring2,497,2026091497,122,54,8123
isiro_2012,enhanced_plus_ring2,498,2026091498,106,33,8452
isiro_2012,enhanced_plus_ring2,499,2026091499,102,47,8124
isiro_2012,enhanced_plus_ring2,500,2026091500,88,28,8527
isiro_2012,enhanced_plus_ring2,501,2026091501,114,56,8237
isiro_2012,enhanced_plus_ring2,502,2026091502,124,66,8147
isiro_2012,enhanced_plus_ring2,503,2026091503,85,30,8390
isiro_2012,enhanced_plus_ring2,504,2026091504,93,39,8430
isiro_2012,enhanced_plus_ring2,505,2026091505,115,44,7749
isiro_2012,enhanced_plus_ring2,506,2026091506,85,31,8374
isiro_2012,enhanced_plus_ring2,507,2026091507,84,29,8143
isiro_2012,enhanced_plus_ring2,508,2026091508,135,61,8273
isiro_2012,enhanced_plus_ring2,509,2026091509,119,49,8304
isiro_2012,enhanced_plus_ring2,510,2026091510,125,50,8095
isiro_2012,enhanced_plus_ring2,511,2026091511,122,62,8142
isiro_2012,enhanced_plus_ring2,512,2026091512,81,36,8205
isiro_2012,enhanced_plus_ring2,513,2026091513,136,58,8383
isiro_2012,enhanced_plus_ring2,514,2026091514,107,45,8360
isiro_2012,enhanced_plus_ring2,515,2026091515,119,51,8420
isiro_2012,enhanced_plus_ring2,516,2026091516,120,58,8301
isiro_2012,enhanced_plus_ring2,517,2026091517,125,52,8396
isiro_2012,enhanced_plus_ring2,518,2026091518,115,55,8245
isiro_2012,enhanced_plus_ring2,519,2026091519,107,49,8131
isiro_2012,enhanced_plus_ring2,520,2026091520,96,40,8364
isiro_2012,enhanced_plus_ring2,521,2026091521,117,54,8127
isiro_2012,enhanced_plus_ring2,522,2026091522,113,51,8192
isiro_2012,enhanced_plus_ring2,523,2026091523,121,59,8169
isiro_2012,enhanced_plus_ring2,524,2026091524,108,52,8079
isiro_2012,enhanced_plus_ring2,525,2026091525,94,42,8322
isiro_2012,enhanced_plus_ring2,526,2026091526,140,71,8287
isiro_2012,enhanced_plus_ring2,527,2026091527,110,61,8462
isiro_2012,enhanced_plus_ring2,528,2026091528,102,35,8208
isiro_2012,enhanced_plus_ring2,529,2026091529,135,59,8022
isiro_2012,enhanced_plus_ring2,530,2026091530,112,52,8009
isiro_2012,enhanced_plus_ring2,531,2026091531,88,40,8285
isiro_2012,enhanced_plus_ring2,532,2026091532,130,62,8058
isiro_2012,enhanced_plus_ring2,533,2026091533,102,42,8178
isiro_2012,enhanced_plus_ring2,534,2026091534,81,39,8374
isiro_2012,enhanced_plus_ring2,535,2026091535,105,39,8380
isiro_2012,enhanced_plus_ring2,536,2026091536,78,36,8325
isiro_2012,enhanced_plus_ring2,537,2026091537,110,56,8379
isiro_2012,enhanced_plus_ring2,538,2026091538,101,45,8290
isiro_2012,enhanced_plus_ring2,539,2026091539,102,44,7936
isiro_2012,enhanced_plus_ring2,540,2026091540,82,35,8316
isiro_2012,enhanced_plus_ring2,541,2026091541,155,69,8345
isiro_2012,enhanced_plus_ring2,542,2026091542,80,37,8101
isiro_2012,enhanced_plus_ring2,543,2026091543,104,41,8535
isiro_2012,enhanced_plus_ring2,544,2026091544,130,59,8323
isiro_2012,enhanced_plus_ring2,545,2026091545,133,71,8381
isiro_2012,enhanced_plus_ring2,546,2026091546,138,60,8134
isiro_2012,enhanced_plus_ring2,547,2026091547,70,40,8275
isiro_2012,enhanced_plus_ring2,548,2026091548,116,50,8295
isiro_2012,enhanced_plus_ring2,549,2026091549,106,53,8279
isiro_2012,enhanced_plus_ring2,550,2026091550,138,57,8331
isiro_2012,enhanced_plus_ring2,551,2026091551,73,36,8190
isiro_2012,enhanced_plus_ring2,552,2026091552,126,55,8334
isiro_2012,enhanced_plus_ring2,553,2026091553,102,43,8265
isiro_2012,enhanced_plus_ring2,554,2026091554,143,55,8141
isiro_2012,enhanced_plus_ring2,555,2026091555,123,66,8214
isiro_2012,enhanced_plus_ring2,556,2026091556,83,27,8537
isiro_2012,enhanced_plus_ring2,557,2026091557,134,73,7935
isiro_2012,enhanced_plus_ring2,558,2026091558,90,50,8370
isiro_2012,enhanced_plus_ring2,559,2026091559,116,54,8248
isiro_2012,enhanced_plus_ring2,560,2026091560,165,66,8167
isiro_2012,enhanced_plus_ring2,561,2026091561,93,35,8340
isiro_2012,enhanced_plus_ring2,562,2026091562,108,45,8305
isiro_2012,enhanced_plus_ring2,563,2026091563,133,55,8197
isiro_2012,enhanced_plus_ring2,564,2026091564,121,47,7899
isiro_2012,enhanced_plus_ring2,565,2026091565,175,72,8003
isiro_2012,enhanced_plus_ring2,566,2026091566,131,62,7954
isiro_2012,enhanced_plus_ring2,567,2026091567,138,66,8234
isiro_2012,enhanced_plus_ring2,568,2026091568,154,62,8197
isiro_2012,enhanced_plus_ring2,569,2026091569,108,46,8136
isiro_2012,enhanced_plus_ring2,570,2026091570,139,54,8293
isiro_2012,enhanced_plus_ring2,571,2026091571,74,42,8384
isiro_2012,enhanced_plus_ring2,572,2026091572,88,43,8455
isiro_2012,enhanced_plus_ring2,573,2026091573,109,48,8437
isiro_2012,enhanced_plus_ring2,574,2026091574,128,58,8017
isiro_2012,enhanced_plus_ring2,575,2026091575,91,44,8216
isiro_2012,enhanced_plus_ring2,576,2026091576,102,41,8190
isiro_2012,enhanced_plus_ring2,577,2026091577,85,41,8235
isiro_2012,enhanced_plus_ring2,578,2026091578,97,44,8265
isiro_2012,enhanced_plus_ring2,579,2026091579,121,53,8249
isiro_2012,enhanced_plus_ring2,580,2026091580,104,44,8337
isiro_2012,enhanced_plus_ring2,581,2026091581,102,55,8380
isiro_2012,enhanced_plus_ring2,582,2026091582,84,38,8335
isiro_2012,enhanced_plus_ring2,583,2026091583,143,57,8124
isiro_2012,enhanced_plus_ring2,584,2026091584,93,43,8245
isiro_2012,enhanced_plus_ring2,585,2026091585,76,31,8473
isiro_2012,enhanced_plus_ring2,586,2026091586,102,51,8310
isiro_2012,enhanced_plus_ring2,587,2026091587,97,36,8337
isiro_2012,enhanced_plus_ring2,588,2026091588,125,48,8304
isiro_2012,enhanced_plus_ring2,589,2026091589,96,30,8334
isiro_2012,enhanced_plus_ring2,590,2026091590,144,64,7692
isiro_2012,enhanced_plus_ring2,591,2026091591,100,45,8489
isiro_2012,enhanced_plus_ring2,592,2026091592,96,45,8244
isiro_2012,enhanced_plus_ring2,593,2026091593,123,49,8045
isiro_2012,enhanced_plus_ring2,594,2026091594,107,49,8275
isiro_2012,enhanced_plus_ring2,595,2026091595,107,46,8248
isiro_2012,enhanced_plus_ring2,596,2026091596,98,43,8239
isiro_2012,enhanced_plus_ring2,597,2026091597,106,45,8314
isiro_2012,enhanced_plus_ring2,598,2026091598,128,61,8135
isiro_2012,enhanced_plus_ring2,599,2026091599,63,26,8079
isiro_2012,enhanced_plus_ring2,600,2026091600,101,43,8210
isiro_2012,enhanced_plus_ring2,601,2026091601,107,48,8082
isiro_2012,enhanced_plus_ring2,602,2026091602,89,37,8324
isiro_2012,enhanced_plus_ring2,603,2026091603,93,43,8332
isiro_2012,enhanced_plus_ring2,604,2026091604,111,52,8402
isiro_2012,enhanced_plus_ring2,605,2026091605,88,34,8359
isiro_2012,enhanced_plus_ring2,606,2026091606,133,52,8336
isiro_2012,enhanced_plus_ring2,607,2026091607,108,50,8488
isiro_2012,enhanced_plus_ring2,608,2026091608,133,59,8102
isiro_2012,enhanced_plus_ring2,609,2026091609,106,34,8257
isiro_2012,enhanced_plus_ring2,610,2026091610,83,43,8383
isiro_2012,enhanced_plus_ring2,611,2026091611,131,56,8466
isiro_2012,enhanced_plus_ring2,612,2026091612,109,50,8366
isiro_2012,enhanced_plus_ring2,613,2026091613,120,57,8349
isiro_2012,enhanced_plus_ring2,614,2026091614,154,70,8280
isiro_2012,enhanced_plus_ring2,615,2026091615,129,55,8178
isiro_2012,enhanced_plus_ring2,616,2026091616,82,32,8089
isiro_2012,enhanced_plus_ring2,617,2026091617,102,42,8156
isiro_2012,enhanced_plus_ring2,618,2026091618,114,65,8107
isiro_2012,enhanced_plus_ring2,619,2026091619,88,38,8350
isiro_2012,enhanced_plus_ring2,620,2026091620,74,29,8288
isiro_2012,enhanced_plus_ring2,621,2026091621,102,54,8125
isiro_2012,enhanced_plus_ring2,622,2026091622,95,41,8244
isiro_2012,enhanced_plus_ring2,623,2026091623,109,49,8274
isiro_2012,enhanced_plus_ring2,624,2026091624,125,51,8105
