analysis,base_deaths,coverage,det,max_vaccines,mortality_reduction_pct,replicate,scenario_deaths,seed,trace,ve
fig3_community_ve,780.0,0.0,0.3,0,0.0,0,780.0,2026421000,0.3,0.0
fig3_community_ve,664.0,0.0,0.3,0,0.0,1,664.0,2026421001,0.3,0.0
fig3_community_ve,1070.0,0.0,0.3,0,0.0,2,1070.0,2026421002,0.3,0.0
fig3_community_ve,980.9999999999999,0.0,0.3,0,0.0,3,980.9999999999999,2026421003,0.3,0.0
fig3_community_ve,813.0,0.0,0.3,0,0.0,4,813.0,2026421004,0.3,0.0
fig3_community_ve,641.0,0.0,0.3,0,0.0,5,641.0,2026421005,0.3,0.0
fig3_community_ve,844.9999999999999,0.0,0.3,0,0.0,6,844.9999999999999,2026421006,0.3,0.0
fig3_community_ve,1180.0,0.0,0.3,0,0.0,7,1180.0,2026421007,0.3,0.0
fig3_community_ve,855.0,0.0,0.3,0,0.0,8,855.0,2026421008,0.3,0.0
fig3_community_ve,747.0,0.0,0.3,0,0.0,9,747.0,2026421009,0.3,0.0
fig3_community_ve,855.0,0.0,0.3,0,0.0,10,855.0,2026421010,0.3,0.0
fig3_community_ve,679.0,0.0,0.3,0,0.0,11,679.0,2026421011,0.3,0.0
fig3_community_ve,1199.0,0.0,0.3,0,0.0,12,1199.0,2026421012,0.3,0.0
fig3_community_ve,962.0,0.0,0.3,0,0.0,13,962.0,2026421013,0.3,0.0
fig3_community_ve,807.0000000000001,0.0,0.3,0,0.0,14,807.0000000000001,2026421014,0.3,0.0
fig3_community_ve,899.9999999999999,0.0,0.3,0,0.0,15,899.9999999999999,2026421015,0.3,0.0
fig3_community_ve,1309.0,0.0,0.3,0,0.0,16,1309.0,2026421016,0.3,0.0
fig3_community_ve,983.0,0.0,0.3,0,0.0,17,983.0,2026421017,0.3,0.0
fig3_community_ve,953.0,0.0,0.3,0,0.0,18,953.0,2026421018,0.3,0.0
fig3_community_ve,982.0000000000001,0.0,0.3,0,0.0,19,982.0000000000001,2026421019,0.3,0.0
fig3_community_ve,932.0,0.0,0.3,0,0.0,20,932.0,2026421020,0.3,0.0
fig3_community_ve,1224.0,0.0,0.3,0,0.0,21,1224.0,2026421021,0.3,0.0
fig3_community_ve,905.0000000000001,0.0,0.3,0,0.0,22,905.0000000000001,2026421022,0.3,0.0
fig3_community_ve,922.0000000000001,0.0,0.3,0,0.0,23,922.0000000000001,2026421023,0.3,0.0
fig3_community_ve,929.9999999999999,0.0,0.3,0,0.0,24,929.9999999999999,2026421024,0.3,0.0
fig3_community_ve,899.0,0.0,0.3,0,0.0,25,899.0,2026421025,0.3,0.0
fig3_community_ve,935.0000000000001,0.0,0.3,0,0.0,26,935.0000000000001,2026421026,0.3,0.0
fig3_community_ve,586.0,0.0,0.3,0,0.0,27,586.0,2026421027,0.3,0.0
fig3_community_ve,413.0,0.0,0.3,0,0.0,28,413.0,2026421028,0.3,0.0
fig3_community_ve,909.0000000000001,0.0,0.3,0,0.0,29,909.0000000000001,2026421029,0.3,0.0
fig3_community_ve,1350.0,0.0,0.3,0,0.0,30,1350.0,2026421030,0.3,0.0
fig3_community_ve,1045.0,0.0,0.3,0,0.0,31,1045.0,2026421031,0.3,0.0
fig3_community_ve,626.0,0.0,0.3,0,0.0,32,626.0,2026421032,0.3,0.0
fig3_community_ve,835.9999999999999,0.0,0.3,0,0.0,33,835.9999999999999,2026421033,0.3,0.0
fig3_community_ve,1146.0,0.0,0.3,0,0.0,34,1146.0,2026421034,0.3,0.0
fig3_community_ve,442.00000000000006,0.0,0.3,0,0.0,35,442.00000000000006,2026421035,0.3,0.0
fig3_community_ve,838.0,0.0,0.3,0,0.0,36,838.0,2026421036,0.3,0.0
fig3_community_ve,594.0,0.0,0.3,0,0.0,37,594.0,2026421037,0.3,0.0
fig3_community_ve,751.0,0.0,0.3,0,0.0,38,751.0,2026421038,0.3,0.0
fig3_community_ve,1166.0,0.0,0.3,0,0.0,39,1166.0,2026421039,0.3,0.0
fig3_community_ve,875.0000000000001,0.0,0.3,0,0.0,40,875.0000000000001,2026421040,0.3,0.0
fig3_community_ve,950.9999999999999,0.0,0.3,0,0.0,41,950.9999999999999,2026421041,0.3,0.0
fig3_community_ve,653.0,0.0,0.3,0,0.0,42,653.0,2026421042,0.3,0.0
fig3_community_ve,942.9999999999999,0.0,0.3,0,0.0,43,942.9999999999999,2026421043,0.3,0.0
fig3_community_ve,928.0,0.0,0.3,0,0.0,44,928.0,2026421044,0.3,0.0
fig3_community_ve,1046.0,0.0,0.3,0,0.0,45,1046.0,2026421045,0.3,0.0
fig3_community_ve,700.0,0.0,0.3,0,0.0,46,700.0,2026421046,0.3,0.0
fig3_community_ve,914.0,0.0,0.3,0,0.0,47,914.0,2026421047,0.3,0.0
fig3_community_ve,1195.0,0.0,0.3,0,0.0,48,1195.0,2026421048,0.3,0.0
fig3_community_ve,696.0,0.0,0.3,0,0.0,49,696.0,2026421049,0.3,0.0
fig3_community_ve,1211.0,0.0,0.3,0,0.0,50,1211.0,2026421050,0.3,0.0
fig3_community_ve,902.0,0.0,0.3,0,0.0,51,902.0,2026421051,0.3,0.0
fig3_community_ve,781.0,0.0,0.3,0,0.0,52,781.0,2026421052,0.3,0.0
fig3_community_ve,691.0,0.0,0.3,0,0.0,53,691.0,2026421053,0.3,0.0
fig3_community_ve,679.0,0.0,0.3,0,0.0,54,679.0,2026421054,0.3,0.0
fig3_community_ve,963.0,0.0,0.3,0,0.0,55,963.0,2026421055,0.3,0.0
fig3_community_ve,814.0,0.0,0.3,0,0.0,56,814.0,2026421056,0.3,0.0
fig3_community_ve,1071.0,0.0,0.3,0,0.0,57,1071.0,2026421057,0.3,0.0
fig3_community_ve,854.0000000000001,0.0,0.3,0,0.0,58,854.0000000000001,2026421058,0.3,0.0
fig3_community_ve,826.0,0.0,0.3,0,0.0,59,826.0,2026421059,0.3,0.0
fig3_community_ve,733.0,0.0,0.3,0,0.0,60,733.0,2026421060,0.3,0.0
fig3_community_ve,793.9999999999999,0.0,0.3,0,0.0,61,793.9999999999999,2026421061,0.3,0.0
fig3_community_ve,736.0,0.0,0.3,0,0.0,62,736.0,2026421062,0.3,0.0
fig3_community_ve,1178.0,0.0,0.3,0,0.0,63,1178.0,2026421063,0.3,0.0
fig3_community_ve,938.0,0.0,0.3,0,0.0,64,938.0,2026421064,0.3,0.0
fig3_community_ve,830.0,0.0,0.3,0,0.0,65,830.0,2026421065,0.3,0.0
fig3_community_ve,818.9999999999999,0.0,0.3,0,0.0,66,818.9999999999999,2026421066,0.3,0.0
fig3_community_ve,903.9999999999999,0.0,0.3,0,0.0,67,903.9999999999999,2026421067,0.3,0.0
fig3_community_ve,920.0,0.0,0.3,0,0.0,68,920.0,2026421068,0.3,0.0
fig3_community_ve,763.0,0.0,0.3,0,0.0,69,763.0,2026421069,0.3,0.0
fig3_community_ve,829.0,0.0,0.3,0,0.0,70,829.0,2026421070,0.3,0.0
fig3_community_ve,667.0,0.0,0.3,0,0.0,71,667.0,2026421071,0.3,0.0
fig3_community_ve,818.0,0.0,0.3,0,0.0,72,818.0,2026421072,0.3,0.0
fig3_community_ve,765.0,0.0,0.3,0,0.0,73,765.0,2026421073,0.3,0.0
fig3_community_ve,993.9999999999999,0.0,0.3,0,0.0,74,993.9999999999999,2026421074,0.3,0.0
fig3_community_ve,1105.0,0.0,0.3,0,0.0,75,1105.0,2026421075,0.3,0.0
fig3_community_ve,662.0,0.0,0.3,0,0.0,76,662.0,2026421076,0.3,0.0
fig3_community_ve,1145.0,0.0,0.3,0,0.0,77,1145.0,2026421077,0.3,0.0
fig3_community_ve,1091.0,0.0,0.3,0,0.0,78,1091.0,2026421078,0.3,0.0
fig3_community_ve,771.0,0.0,0.3,0,0.0,79,771.0,2026421079,0.3,0.0
fig3_community_ve,938.0,0.0,0.3,0,0.0,80,938.0,2026421080,0.3,0.0
fig3_community_ve,638.0,0.0,0.3,0,0.0,81,638.0,2026421081,0.3,0.0
fig3_community_ve,602.0,0.0,0.3,0,0.0,82,602.0,2026421082,0.3,0.0
fig3_community_ve,771.0,0.0,0.3,0,0.0,83,771.0,2026421083,0.3,0.0
fig3_community_ve,616.0,0.0,0.3,0,0.0,84,616.0,2026421084,0.3,0.0
fig3_community_ve,754.0,0.0,0.3,0,0.0,85,754.0,2026421085,0.3,0.0
fig3_community_ve,854.0000000000001,0.0,0.3,0,0.0,86,854.0000000000001,2026421086,0.3,0.0
fig3_community_ve,1120.0,0.0,0.3,0,0.0,87,1120.0,2026421087,0.3,0.0
fig3_community_ve,793.0,0.0,0.3,0,0.0,88,793.0,2026421088,0.3,0.0
fig3_community_ve,657.0,0.0,0.3,0,0.0,89,657.0,2026421089,0.3,0.0
fig3_community_ve,949.0,0.0,0.3,0,0.0,90,949.0,2026421090,0.3,0.0
fig3_community_ve,831.9999999999999,0.0,0.3,0,0.0,91,831.9999999999999,2026421091,0.3,0.0
fig3_community_ve,714.0,0.0,0.3,0,0.0,92,714.0,2026421092,0.3,0.0
fig3_community_ve,789.0,0.0,0.3,0,0.0,93,789.0,2026421093,0.3,0.0
fig3_community_ve,1374.0,0.0,0.3,0,0.0,94,1374.0,2026421094,0.3,0.0
fig3_community_ve,842.0,0.0,0.3,0,0.0,95,842.0,2026421095,0.3,0.0
fig3_community_ve,500.99999999999994,0.0,0.3,0,0.0,96,500.99999999999994,2026421096,0.3,0.0
fig3_community_ve,848.0,0.0,0.3,0,0.0,97,848.0,2026421097,0.3,0.0
fig3_community_ve,762.0,0.0,0.3,0,0.0,98,762.0,2026421098,0.3,0.0
fig3_community_ve,644.0,0.0,0.3,0,0.0,99,644.0,2026421099,0.3,0.0
fig3_community_ve,679.0,0.0,0.3,0,0.0,0,679.0,2026422000,0.3,0.15
fig3_community_ve,754.0,0.0,0.3,0,0.0,1,754.0,2026422001,0.3,0.15
fig3_community_ve,963.0,0.0,0.3,0,0.0,2,963.0,2026422002,0.3,0.15
fig3_community_ve,839.0,0.0,0.3,0,0.0,3,839.0,2026422003,0.3,0.15
fig3_community_ve,813.0,0.0,0.3,0,0.0,4,813.0,2026422004,0.3,0.15
fig3_community_ve,971.0,0.0,0.3,0,0.0,5,971.0,2026422005,0.3,0.15
fig3_community_ve,860.0,0.0,0.3,0,0.0,6,860.0,2026422006,0.3,0.15
fig3_community_ve,748.0,0.0,0.3,0,0.0,7,748.0,2026422007,0.3,0.15
fig3_community_ve,882.0,0.0,0.3,0,0.0,8,882.0,2026422008,0.3,0.15
fig3_community_ve,703.0,0.0,0.3,0,0.0,9,703.0,2026422009,0.3,0.15
fig3_community_ve,814.0,0.0,0.3,0,0.0,10,814.0,2026422010,0.3,0.15
fig3_community_ve,754.0,0.0,0.3,0,0.0,11,754.0,2026422011,0.3,0.15
fig3_community_ve,810.9999999999999,0.0,0.3,0,0.0,12,810.9999999999999,2026422012,0.3,0.15
fig3_community_ve,520.0,0.0,0.3,0,0.0,13,520.0,2026422013,0.3,0.15
fig3_community_ve,932.0,0.0,0.3,0,0.0,14,932.0,2026422014,0.3,0.15
fig3_community_ve,914.0,0.0,0.3,0,0.0,15,914.0,2026422015,0.3,0.15
fig3_community_ve,939.0000000000001,0.0,0.3,0,0.0,16,939.0000000000001,2026422016,0.3,0.15
fig3_community_ve,601.0,0.0,0.3,0,0.0,17,601.0,2026422017,0.3,0.15
fig3_community_ve,1010.9999999999999,0.0,0.3,0,0.0,18,1010.9999999999999,2026422018,0.3,0.15
fig3_community_ve,684.0,0.0,0.3,0,0.0,19,684.0,2026422019,0.3,0.15
fig3_community_ve,955.0,0.0,0.3,0,0.0,20,955.0,2026422020,0.3,0.15
fig3_community_ve,498.99999999999994,0.0,0.3,0,0.0,21,498.99999999999994,2026422021,0.3,0.15
fig3_community_ve,957.0,0.0,0.3,0,0.0,22,957.0,2026422022,0.3,0.15
fig3_community_ve,830.0,0.0,0.3,0,0.0,23,830.0,2026422023,0.3,0.15
fig3_community_ve,492.0,0.0,0.3,0,0.0,24,492.0,2026422024,0.3,0.15
fig3_community_ve,1341.0,0.0,0.3,0,0.0,25,1341.0,2026422025,0.3,0.15
fig3_community_ve,818.0,0.0,0.3,0,0.0,26,818.0,2026422026,0.3,0.15
fig3_community_ve,759.0,0.0,0.3,0,0.0,27,759.0,2026422027,0.3,0.15
fig3_community_ve,1177.0,0.0,0.3,0,0.0,28,1177.0,2026422028,0.3,0.15
fig3_community_ve,771.0,0.0,0.3,0,0.0,29,771.0,2026422029,0.3,0.15
fig3_community_ve,991.0,0.0,0.3,0,0.0,30,991.0,2026422030,0.3,0.15
fig3_community_ve,611.0,0.0,0.3,0,0.0,31,611.0,2026422031,0.3,0.15
fig3_community_ve,602.0,0.0,0.3,0,0.0,32,602.0,2026422032,0.3,0.15
fig3_community_ve,1075.0,0.0,0.3,0,0.0,33,1075.0,2026422033,0.3,0.15
fig3_community_ve,759.0,0.0,0.3,0,0.0,34,759.0,2026422034,0.3,0.15
fig3_community_ve,682.0,0.0,0.3,0,0.0,35,682.0,2026422035,0.3,0.15
fig3_community_ve,1243.0,0.0,0.3,0,0.0,36,1243.0,2026422036,0.3,0.15
fig3_community_ve,962.0,0.0,0.3,0,0.0,37,962.0,2026422037,0.3,0.15
fig3_community_ve,835.0,0.0,0.3,0,0.0,38,835.0,2026422038,0.3,0.15
fig3_community_ve,708.0,0.0,0.3,0,0.0,39,708.0,2026422039,0.3,0.15
fig3_community_ve,1067.0,0.0,0.3,0,0.0,40,1067.0,2026422040,0.3,0.15
fig3_community_ve,824.0000000000001,0.0,0.3,0,0.0,41,824.0000000000001,2026422041,0.3,0.15
fig3_community_ve,620.0,0.0,0.3,0,0.0,42,620.0,2026422042,0.3,0.15
fig3_community_ve,840.0,0.0,0.3,0,0.0,43,840.0,2026422043,0.3,0.15
fig3_community_ve,706.0,0.0,0.3,0,0.0,44,706.0,2026422044,0.3,0.15
fig3_community_ve,607.0,0.0,0.3,0,0.0,45,607.0,2026422045,0.3,0.15
fig3_community_ve,613.0,0.0,0.3,0,0.0,46,613.0,2026422046,0.3,0.15
fig3_community_ve,971.0,0.0,0.3,0,0.0,47,971.0,2026422047,0.3,0.15
fig3_community_ve,923.0,0.0,0.3,0,0.0,48,923.0,2026422048,0.3,0.15
fig3_community_ve,738.0,0.0,0.3,0,0.0,49,738.0,2026422049,0.3,0.15
fig3_community_ve,1062.0,0.0,0.3,0,0.0,50,1062.0,2026422050,0.3,0.15
fig3_community_ve,1071.0,0.0,0.3,0,0.0,51,1071.0,2026422051,0.3,0.15
fig3_community_ve,649.0,0.0,0.3,0,0.0,52,649.0,2026422052,0.3,0.15
fig3_community_ve,783.0,0.0,0.3,0,0.0,53,783.0,2026422053,0.3,0.15
fig3_community_ve,928.0,0.0,0.3,0,0.0,54,928.0,2026422054,0.3,0.15
fig3_community_ve,899.9999999999999,0.0,0.3,0,0.0,55,899.9999999999999,2026422055,0.3,0.15
fig3_community_ve,919.0,0.0,0.3,0,0.0,56,919.0,2026422056,0.3,0.15
fig3_community_ve,797.0,0.0,0.3,0,0.0,57,797.0,2026422057,0.3,0.15
fig3_community_ve,852.0,0.0,0.3,0,0.0,58,852.0,2026422058,0.3,0.15
fig3_community_ve,1064.0,0.0,0.3,0,0.0,59,1064.0,2026422059,0.3,0.15
fig3_community_ve,916.9999999999999,0.0,0.3,0,0.0,60,916.9999999999999,2026422060,0.3,0.15
fig3_community_ve,1059.0,0.0,0.3,0,0.0,61,1059.0,2026422061,0.3,0.15
fig3_community_ve,632.0,0.0,0.3,0,0.0,62,632.0,2026422062,0.3,0.15
fig3_community_ve,611.0,0.0,0.3,0,0.0,63,611.0,2026422063,0.3,0.15
fig3_community_ve,884.0000000000001,0.0,0.3,0,0.0,64,884.0000000000001,2026422064,0.3,0.15
fig3_community_ve,1059.0,0.0,0.3,0,0.0,65,1059.0,2026422065,0.3,0.15
fig3_community_ve,1016.0000000000001,0.0,0.3,0,0.0,66,1016.0000000000001,2026422066,0.3,0.15
fig3_community_ve,696.0,0.0,0.3,0,0.0,67,696.0,2026422067,0.3,0.15
fig3_community_ve,1190.0,0.0,0.3,0,0.0,68,1190.0,2026422068,0.3,0.15
fig3_community_ve,648.0,0.0,0.3,0,0.0,69,648.0,2026422069,0.3,0.15
fig3_community_ve,801.0,0.0,0.3,0,0.0,70,801.0,2026422070,0.3,0.15
fig3_community_ve,675.0,0.0,0.3,0,0.0,71,675.0,2026422071,0.3,0.15
fig3_community_ve,852.9999999999999,0.0,0.3,0,0.0,72,852.9999999999999,2026422072,0.3,0.15
fig3_community_ve,711.0,0.0,0.3,0,0.0,73,711.0,2026422073,0.3,0.15
fig3_community_ve,787.0,0.0,0.3,0,0.0,74,787.0,2026422074,0.3,0.15
fig3_community_ve,741.0,0.0,0.3,0,0.0,75,741.0,2026422075,0.3,0.15
fig3_community_ve,756.0,0.0,0.3,0,0.0,76,756.0,2026422076,0.3,0.15
fig3_community_ve,776.0,0.0,0.3,0,0.0,77,776.0,2026422077,0.3,0.15
fig3_community_ve,881.0,0.0,0.3,0,0.0,78,881.0,2026422078,0.3,0.15
fig3_community_ve,831.0,0.0,0.3,0,0.0,79,831.0,2026422079,0.3,0.15
fig3_community_ve,941.0,0.0,0.3,0,0.0,80,941.0,2026422080,0.3,0.15
fig3_community_ve,692.0,0.0,0.3,0,0.0,81,692.0,2026422081,0.3,0.15
fig3_community_ve,888.0000000000001,0.0,0.3,0,0.0,82,888.0000000000001,2026422082,0.3,0.15
fig3_community_ve,1188.0,0.0,0.3,0,0.0,83,1188.0,2026422083,0.3,0.15
fig3_community_ve,967.0,0.0,0.3,0,0.0,84,967.0,2026422084,0.3,0.15
fig3_community_ve,850.0000000000001,0.0,0.3,0,0.0,85,850.0000000000001,2026422085,0.3,0.15
fig3_community_ve,893.0,0.0,0.3,0,0.0,86,893.0,2026422086,0.3,0.15
fig3_community_ve,757.0,0.0,0.3,0,0.0,87,757.0,2026422087,0.3,0.15
fig3_community_ve,548.0,0.0,0.3,0,0.0,88,548.0,2026422088,0.3,0.15
fig3_community_ve,778.0,0.0,0.3,0,0.0,89,778.0,2026422089,0.3,0.15
fig3_community_ve,769.0,0.0,0.3,0,0.0,90,769.0,2026422090,0.3,0.15
fig3_community_ve,695.0,0.0,0.3,0,0.0,91,695.0,2026422091,0.3,0.15
fig3_community_ve,725.0,0.0,0.3,0,0.0,92,725.0,2026422092,0.3,0.15
fig3_community_ve,754.0,0.0,0.3,0,0.0,93,754.0,2026422093,0.3,0.15
fig3_community_ve,826.0,0.0,0.3,0,0.0,94,826.0,2026422094,0.3,0.15
fig3_community_ve,880.0,0.0,0.3,0,0.0,95,880.0,2026422095,0.3,0.15
fig3_community_ve,657.0,0.0,0.3,0,0.0,96,657.0,2026422096,0.3,0.15
fig3_community_ve,767.0,0.0,0.3,0,0.0,97,767.0,2026422097,0.3,0.15
fig3_community_ve,496.0,0.0,0.3,0,0.0,98,496.0,2026422098,0.3,0.15
fig3_community_ve,753.0,0.0,0.3,0,0.0,99,753.0,2026422099,0.3,0.15
fig3_community_ve,755.0,0.0,0.3,0,0.0,0,755.0,2026423000,0.3,0.3
fig3_community_ve,664.0,0.0,0.3,0,0.0,1,664.0,2026423001,0.3,0.3
fig3_community_ve,908.0,0.0,0.3,0,0.0,2,908.0,2026423002,0.3,0.3
fig3_community_ve,851.0,0.0,0.3,0,0.0,3,851.0,2026423003,0.3,0.3
fig3_community_ve,577.0,0.0,0.3,0,0.0,4,577.0,2026423004,0.3,0.3
fig3_community_ve,734.0,0.0,0.3,0,0.0,5,734.0,2026423005,0.3,0.3
fig3_community_ve,519.0,0.0,0.3,0,0.0,6,519.0,2026423006,0.3,0.3
fig3_community_ve,929.9999999999999,0.0,0.3,0,0.0,7,929.9999999999999,2026423007,0.3,0.3
fig3_community_ve,909.0000000000001,0.0,0.3,0,0.0,8,909.0000000000001,2026423008,0.3,0.3
fig3_community_ve,1066.0,0.0,0.3,0,0.0,9,1066.0,2026423009,0.3,0.3
fig3_community_ve,814.0,0.0,0.3,0,0.0,10,814.0,2026423010,0.3,0.3
fig3_community_ve,676.0,0.0,0.3,0,0.0,11,676.0,2026423011,0.3,0.3
fig3_community_ve,1066.0,0.0,0.3,0,0.0,12,1066.0,2026423012,0.3,0.3
fig3_community_ve,673.0,0.0,0.3,0,0.0,13,673.0,2026423013,0.3,0.3
fig3_community_ve,885.0,0.0,0.3,0,0.0,14,885.0,2026423014,0.3,0.3
fig3_community_ve,774.0,0.0,0.3,0,0.0,15,774.0,2026423015,0.3,0.3
fig3_community_ve,840.0,0.0,0.3,0,0.0,16,840.0,2026423016,0.3,0.3
fig3_community_ve,813.0,0.0,0.3,0,0.0,17,813.0,2026423017,0.3,0.3
fig3_community_ve,1225.0,0.0,0.3,0,0.0,18,1225.0,2026423018,0.3,0.3
fig3_community_ve,743.0,0.0,0.3,0,0.0,19,743.0,2026423019,0.3,0.3
fig3_community_ve,672.0,0.0,0.3,0,0.0,20,672.0,2026423020,0.3,0.3
fig3_community_ve,923.0,0.0,0.3,0,0.0,21,923.0,2026423021,0.3,0.3
fig3_community_ve,824.0000000000001,0.0,0.3,0,0.0,22,824.0000000000001,2026423022,0.3,0.3
fig3_community_ve,535.0,0.0,0.3,0,0.0,23,535.0,2026423023,0.3,0.3
fig3_community_ve,710.0,0.0,0.3,0,0.0,24,710.0,2026423024,0.3,0.3
fig3_community_ve,1166.0,0.0,0.3,0,0.0,25,1166.0,2026423025,0.3,0.3
fig3_community_ve,948.0000000000001,0.0,0.3,0,0.0,26,948.0000000000001,2026423026,0.3,0.3
fig3_community_ve,928.0,0.0,0.3,0,0.0,27,928.0,2026423027,0.3,0.3
fig3_community_ve,991.0,0.0,0.3,0,0.0,28,991.0,2026423028,0.3,0.3
fig3_community_ve,810.9999999999999,0.0,0.3,0,0.0,29,810.9999999999999,2026423029,0.3,0.3
fig3_community_ve,779.0,0.0,0.3,0,0.0,30,779.0,2026423030,0.3,0.3
fig3_community_ve,945.0,0.0,0.3,0,0.0,31,945.0,2026423031,0.3,0.3
fig3_community_ve,749.0,0.0,0.3,0,0.0,32,749.0,2026423032,0.3,0.3
fig3_community_ve,1045.0,0.0,0.3,0,0.0,33,1045.0,2026423033,0.3,0.3
fig3_community_ve,650.0,0.0,0.3,0,0.0,34,650.0,2026423034,0.3,0.3
fig3_community_ve,915.0,0.0,0.3,0,0.0,35,915.0,2026423035,0.3,0.3
fig3_community_ve,1001.0,0.0,0.3,0,0.0,36,1001.0,2026423036,0.3,0.3
fig3_community_ve,867.0000000000001,0.0,0.3,0,0.0,37,867.0000000000001,2026423037,0.3,0.3
fig3_community_ve,466.99999999999994,0.0,0.3,0,0.0,38,466.99999999999994,2026423038,0.3,0.3
fig3_community_ve,1021.0,0.0,0.3,0,0.0,39,1021.0,2026423039,0.3,0.3
fig3_community_ve,855.0,0.0,0.3,0,0.0,40,855.0,2026423040,0.3,0.3
fig3_community_ve,1023.0,0.0,0.3,0,0.0,41,1023.0,2026423041,0.3,0.3
fig3_community_ve,789.0,0.0,0.3,0,0.0,42,789.0,2026423042,0.3,0.3
fig3_community_ve,645.0,0.0,0.3,0,0.0,43,645.0,2026423043,0.3,0.3
fig3_community_ve,739.0,0.0,0.3,0,0.0,44,739.0,2026423044,0.3,0.3
fig3_community_ve,773.0,0.0,0.3,0,0.0,45,773.0,2026423045,0.3,0.3
fig3_community_ve,771.0,0.0,0.3,0,0.0,46,771.0,2026423046,0.3,0.3
fig3_community_ve,517.0,0.0,0.3,0,0.0,47,517.0,2026423047,0.3,0.3
fig3_community_ve,631.0,0.0,0.3,0,0.0,48,631.0,2026423048,0.3,0.3
fig3_community_ve,839.0,0.0,0.3,0,0.0,49,839.0,2026423049,0.3,0.3
fig3_community_ve,822.0,0.0,0.3,0,0.0,50,822.0,2026423050,0.3,0.3
fig3_community_ve,826.0,0.0,0.3,0,0.0,51,826.0,2026423051,0.3,0.3
fig3_community_ve,991.0,0.0,0.3,0,0.0,52,991.0,2026423052,0.3,0.3
fig3_community_ve,1115.0,0.0,0.3,0,0.0,53,1115.0,2026423053,0.3,0.3
fig3_community_ve,698.0,0.0,0.3,0,0.0,54,698.0,2026423054,0.3,0.3
fig3_community_ve,919.0,0.0,0.3,0,0.0,55,919.0,2026423055,0.3,0.3
fig3_community_ve,854.0000000000001,0.0,0.3,0,0.0,56,854.0000000000001,2026423056,0.3,0.3
fig3_community_ve,576.0,0.0,0.3,0,0.0,57,576.0,2026423057,0.3,0.3
fig3_community_ve,941.0,0.0,0.3,0,0.0,58,941.0,2026423058,0.3,0.3
fig3_community_ve,933.0,0.0,0.3,0,0.0,59,933.0,2026423059,0.3,0.3
fig3_community_ve,744.0,0.0,0.3,0,0.0,60,744.0,2026423060,0.3,0.3
fig3_community_ve,581.0,0.0,0.3,0,0.0,61,581.0,2026423061,0.3,0.3
fig3_community_ve,839.0,0.0,0.3,0,0.0,62,839.0,2026423062,0.3,0.3
fig3_community_ve,784.0,0.0,0.3,0,0.0,63,784.0,2026423063,0.3,0.3
fig3_community_ve,882.0,0.0,0.3,0,0.0,64,882.0,2026423064,0.3,0.3
fig3_community_ve,757.0,0.0,0.3,0,0.0,65,757.0,2026423065,0.3,0.3
fig3_community_ve,993.9999999999999,0.0,0.3,0,0.0,66,993.9999999999999,2026423066,0.3,0.3
fig3_community_ve,971.0,0.0,0.3,0,0.0,67,971.0,2026423067,0.3,0.3
fig3_community_ve,966.0,0.0,0.3,0,0.0,68,966.0,2026423068,0.3,0.3
fig3_community_ve,782.0,0.0,0.3,0,0.0,69,782.0,2026423069,0.3,0.3
fig3_community_ve,863.0,0.0,0.3,0,0.0,70,863.0,2026423070,0.3,0.3
fig3_community_ve,795.0,0.0,0.3,0,0.0,71,795.0,2026423071,0.3,0.3
fig3_community_ve,733.0,0.0,0.3,0,0.0,72,733.0,2026423072,0.3,0.3
fig3_community_ve,696.0,0.0,0.3,0,0.0,73,696.0,2026423073,0.3,0.3
fig3_community_ve,660.0,0.0,0.3,0,0.0,74,660.0,2026423074,0.3,0.3
fig3_community_ve,925.9999999999999,0.0,0.3,0,0.0,75,925.9999999999999,2026423075,0.3,0.3
fig3_community_ve,687.0,0.0,0.3,0,0.0,76,687.0,2026423076,0.3,0.3
fig3_community_ve,852.9999999999999,0.0,0.3,0,0.0,77,852.9999999999999,2026423077,0.3,0.3
fig3_community_ve,502.0,0.0,0.3,0,0.0,78,502.0,2026423078,0.3,0.3
fig3_community_ve,737.0,0.0,0.3,0,0.0,79,737.0,2026423079,0.3,0.3
fig3_community_ve,733.0,0.0,0.3,0,0.0,80,733.0,2026423080,0.3,0.3
fig3_community_ve,740.0,0.0,0.3,0,0.0,81,740.0,2026423081,0.3,0.3
fig3_community_ve,901.0000000000001,0.0,0.3,0,0.0,82,901.0000000000001,2026423082,0.3,0.3
fig3_community_ve,680.0,0.0,0.3,0,0.0,83,680.0,2026423083,0.3,0.3
fig3_community_ve,1090.0,0.0,0.3,0,0.0,84,1090.0,2026423084,0.3,0.3
fig3_community_ve,909.0000000000001,0.0,0.3,0,0.0,85,909.0000000000001,2026423085,0.3,0.3
fig3_community_ve,899.0,0.0,0.3,0,0.0,86,899.0,2026423086,0.3,0.3
fig3_community_ve,628.0,0.0,0.3,0,0.0,87,628.0,2026423087,0.3,0.3
fig3_community_ve,486.0,0.0,0.3,0,0.0,88,486.0,2026423088,0.3,0.3
fig3_community_ve,714.0,0.0,0.3,0,0.0,89,714.0,2026423089,0.3,0.3
fig3_community_ve,906.0,0.0,0.3,0,0.0,90,906.0,2026423090,0.3,0.3
fig3_community_ve,719.0,0.0,0.3,0,0.0,91,719.0,2026423091,0.3,0.3
fig3_community_ve,855.0,0.0,0.3,0,0.0,92,855.0,2026423092,0.3,0.3
fig3_community_ve,756.0,0.0,0.3,0,0.0,93,756.0,2026423093,0.3,0.3
fig3_community_ve,567.0,0.0,0.3,0,0.0,94,567.0,2026423094,0.3,0.3
fig3_community_ve,604.0,0.0,0.3,0,0.0,95,604.0,2026423095,0.3,0.3
fig3_community_ve,825.0,0.0,0.3,0,0.0,96,825.0,2026423096,0.3,0.3
fig3_community_ve,869.0,0.0,0.3,0,0.0,97,869.0,2026423097,0.3,0.3
fig3_community_ve,737.0,0.0,0.3,0,0.0,98,737.0,2026423098,0.3,0.3
fig3_community_ve,810.9999999999999,0.0,0.3,0,0.0,99,810.9999999999999,2026423099,0.3,0.3
fig3_community_ve,1209.0,0.0,0.3,0,0.0,0,1209.0,2026424000,0.3,0.44999999999999996
fig3_community_ve,1005.0,0.0,0.3,0,0.0,1,1005.0,2026424001,0.3,0.44999999999999996
fig3_community_ve,747.0,0.0,0.3,0,0.0,2,747.0,2026424002,0.3,0.44999999999999996
fig3_community_ve,641.0,0.0,0.3,0,0.0,3,641.0,2026424003,0.3,0.44999999999999996
fig3_community_ve,1193.0,0.0,0.3,0,0.0,4,1193.0,2026424004,0.3,0.44999999999999996
fig3_community_ve,975.0,0.0,0.3,0,0.0,5,975.0,2026424005,0.3,0.44999999999999996
fig3_community_ve,633.0,0.0,0.3,0,0.0,6,633.0,2026424006,0.3,0.44999999999999996
fig3_community_ve,700.0,0.0,0.3,0,0.0,7,700.0,2026424007,0.3,0.44999999999999996
fig3_community_ve,925.0,0.0,0.3,0,0.0,8,925.0,2026424008,0.3,0.44999999999999996
fig3_community_ve,761.0,0.0,0.3,0,0.0,9,761.0,2026424009,0.3,0.44999999999999996
fig3_community_ve,605.0,0.0,0.3,0,0.0,10,605.0,2026424010,0.3,0.44999999999999996
fig3_community_ve,1089.0,0.0,0.3,0,0.0,11,1089.0,2026424011,0.3,0.44999999999999996
fig3_community_ve,466.0,0.0,0.3,0,0.0,12,466.0,2026424012,0.3,0.44999999999999996
fig3_community_ve,786.0000000000001,0.0,0.3,0,0.0,13,786.0000000000001,2026424013,0.3,0.44999999999999996
fig3_community_ve,1050.0,0.0,0.3,0,0.0,14,1050.0,2026424014,0.3,0.44999999999999996
fig3_community_ve,1036.0,0.0,0.3,0,0.0,15,1036.0,2026424015,0.3,0.44999999999999996
fig3_community_ve,1097.0,0.0,0.3,0,0.0,16,1097.0,2026424016,0.3,0.44999999999999996
fig3_community_ve,792.0,0.0,0.3,0,0.0,17,792.0,2026424017,0.3,0.44999999999999996
fig3_community_ve,1074.0,0.0,0.3,0,0.0,18,1074.0,2026424018,0.3,0.44999999999999996
fig3_community_ve,918.0000000000001,0.0,0.3,0,0.0,19,918.0000000000001,2026424019,0.3,0.44999999999999996
fig3_community_ve,700.0,0.0,0.3,0,0.0,20,700.0,2026424020,0.3,0.44999999999999996
fig3_community_ve,1092.0,0.0,0.3,0,0.0,21,1092.0,2026424021,0.3,0.44999999999999996
fig3_community_ve,752.0,0.0,0.3,0,0.0,22,752.0,2026424022,0.3,0.44999999999999996
fig3_community_ve,895.9999999999999,0.0,0.3,0,0.0,23,895.9999999999999,2026424023,0.3,0.44999999999999996
fig3_community_ve,1062.0,0.0,0.3,0,0.0,24,1062.0,2026424024,0.3,0.44999999999999996
fig3_community_ve,905.0000000000001,0.0,0.3,0,0.0,25,905.0000000000001,2026424025,0.3,0.44999999999999996
fig3_community_ve,810.9999999999999,0.0,0.3,0,0.0,26,810.9999999999999,2026424026,0.3,0.44999999999999996
fig3_community_ve,707.0,0.0,0.3,0,0.0,27,707.0,2026424027,0.3,0.44999999999999996
fig3_community_ve,728.0,0.0,0.3,0,0.0,28,728.0,2026424028,0.3,0.44999999999999996
fig3_community_ve,743.0,0.0,0.3,0,0.0,29,743.0,2026424029,0.3,0.44999999999999996
fig3_community_ve,1043.0,0.0,0.3,0,0.0,30,1043.0,2026424030,0.3,0.44999999999999996
fig3_community_ve,899.9999999999999,0.0,0.3,0,0.0,31,899.9999999999999,2026424031,0.3,0.44999999999999996
fig3_community_ve,797.9999999999999,0.0,0.3,0,0.0,32,797.9999999999999,2026424032,0.3,0.44999999999999996
fig3_community_ve,582.0,0.0,0.3,0,0.0,33,582.0,2026424033,0.3,0.44999999999999996
fig3_community_ve,788.0,0.0,0.3,0,0.0,34,788.0,2026424034,0.3,0.44999999999999996
fig3_community_ve,875.0000000000001,0.0,0.3,0,0.0,35,875.0000000000001,2026424035,0.3,0.44999999999999996
fig3_community_ve,683.0,0.0,0.3,0,0.0,36,683.0,2026424036,0.3,0.44999999999999996
fig3_community_ve,824.0000000000001,0.0,0.3,0,0.0,37,824.0000000000001,2026424037,0.3,0.44999999999999996
fig3_community_ve,876.0,0.0,0.3,0,0.0,38,876.0,2026424038,0.3,0.44999999999999996
fig3_community_ve,937.0,0.0,0.3,0,0.0,39,937.0,2026424039,0.3,0.44999999999999996
fig3_community_ve,790.0000000000001,0.0,0.3,0,0.0,40,790.0000000000001,2026424040,0.3,0.44999999999999996
fig3_community_ve,958.0,0.0,0.3,0,0.0,41,958.0,2026424041,0.3,0.44999999999999996
fig3_community_ve,945.0,0.0,0.3,0,0.0,42,945.0,2026424042,0.3,0.44999999999999996
fig3_community_ve,834.0,0.0,0.3,0,0.0,43,834.0,2026424043,0.3,0.44999999999999996
fig3_community_ve,1012.0,0.0,0.3,0,0.0,44,1012.0,2026424044,0.3,0.44999999999999996
fig3_community_ve,1025.0,0.0,0.3,0,0.0,45,1025.0,2026424045,0.3,0.44999999999999996
fig3_community_ve,914.0,0.0,0.3,0,0.0,46,914.0,2026424046,0.3,0.44999999999999996
fig3_community_ve,996.0,0.0,0.3,0,0.0,47,996.0,2026424047,0.3,0.44999999999999996
fig3_community_ve,689.0,0.0,0.3,0,0.0,48,689.0,2026424048,0.3,0.44999999999999996
fig3_community_ve,730.0,0.0,0.3,0,0.0,49,730.0,2026424049,0.3,0.44999999999999996
fig3_community_ve,1101.0,0.0,0.3,0,0.0,50,1101.0,2026424050,0.3,0.44999999999999996
fig3_community_ve,1037.0,0.0,0.3,0,0.0,51,1037.0,2026424051,0.3,0.44999999999999996
fig3_community_ve,715.0,0.0,0.3,0,0.0,52,715.0,2026424052,0.3,0.44999999999999996
fig3_community_ve,677.0,0.0,0.3,0,0.0,53,677.0,2026424053,0.3,0.44999999999999996
fig3_community_ve,803.0000000000001,0.0,0.3,0,0.0,54,803.0000000000001,2026424054,0.3,0.44999999999999996
fig3_community_ve,1136.0,0.0,0.3,0,0.0,55,1136.0,2026424055,0.3,0.44999999999999996
fig3_community_ve,1042.0,0.0,0.3,0,0.0,56,1042.0,2026424056,0.3,0.44999999999999996
fig3_community_ve,867.0000000000001,0.0,0.3,0,0.0,57,867.0000000000001,2026424057,0.3,0.44999999999999996
fig3_community_ve,558.0,0.0,0.3,0,0.0,58,558.0,2026424058,0.3,0.44999999999999996
fig3_community_ve,816.0000000000001,0.0,0.3,0,0.0,59,816.0000000000001,2026424059,0.3,0.44999999999999996
fig3_community_ve,766.0,0.0,0.3,0,0.0,60,766.0,2026424060,0.3,0.44999999999999996
fig3_community_ve,844.9999999999999,0.0,0.3,0,0.0,61,844.9999999999999,2026424061,0.3,0.44999999999999996
fig3_community_ve,935.0000000000001,0.0,0.3,0,0.0,62,935.0000000000001,2026424062,0.3,0.44999999999999996
fig3_community_ve,733.0,0.0,0.3,0,0.0,63,733.0,2026424063,0.3,0.44999999999999996
fig3_community_ve,598.0,0.0,0.3,0,0.0,64,598.0,2026424064,0.3,0.44999999999999996
fig3_community_ve,861.9999999999999,0.0,0.3,0,0.0,65,861.9999999999999,2026424065,0.3,0.44999999999999996
fig3_community_ve,966.0,0.0,0.3,0,0.0,66,966.0,2026424066,0.3,0.44999999999999996
fig3_community_ve,1026.0,0.0,0.3,0,0.0,67,1026.0,2026424067,0.3,0.44999999999999996
fig3_community_ve,882.9999999999999,0.0,0.3,0,0.0,68,882.9999999999999,2026424068,0.3,0.44999999999999996
fig3_community_ve,801.0,0.0,0.3,0,0.0,69,801.0,2026424069,0.3,0.44999999999999996
fig3_community_ve,1007.0000000000001,0.0,0.3,0,0.0,70,1007.0000000000001,2026424070,0.3,0.44999999999999996
fig3_community_ve,709.0,0.0,0.3,0,0.0,71,709.0,2026424071,0.3,0.44999999999999996
fig3_community_ve,859.0,0.0,0.3,0,0.0,72,859.0,2026424072,0.3,0.44999999999999996
fig3_community_ve,681.0,0.0,0.3,0,0.0,73,681.0,2026424073,0.3,0.44999999999999996
fig3_community_ve,949.0,0.0,0.3,0,0.0,74,949.0,2026424074,0.3,0.44999999999999996
fig3_community_ve,860.0,0.0,0.3,0,0.0,75,860.0,2026424075,0.3,0.44999999999999996
fig3_community_ve,890.0,0.0,0.3,0,0.0,76,890.0,2026424076,0.3,0.44999999999999996
fig3_community_ve,812.0,0.0,0.3,0,0.0,77,812.0,2026424077,0.3,0.44999999999999996
fig3_community_ve,1036.0,0.0,0.3,0,0.0,78,1036.0,2026424078,0.3,0.44999999999999996
fig3_community_ve,1025.0,0.0,0.3,0,0.0,79,1025.0,2026424079,0.3,0.44999999999999996
fig3_community_ve,1000.0,0.0,0.3,0,0.0,80,1000.0,2026424080,0.3,0.44999999999999996
fig3_community_ve,901.0000000000001,0.0,0.3,0,0.0,81,901.0000000000001,2026424081,0.3,0.44999999999999996
fig3_community_ve,783.0,0.0,0.3,0,0.0,82,783.0,2026424082,0.3,0.44999999999999996
fig3_community_ve,686.0,0.0,0.3,0,0.0,83,686.0,2026424083,0.3,0.44999999999999996
fig3_community_ve,678.0,0.0,0.3,0,0.0,84,678.0,2026424084,0.3,0.44999999999999996
fig3_community_ve,704.0,0.0,0.3,0,0.0,85,704.0,2026424085,0.3,0.44999999999999996
fig3_community_ve,967.0,0.0,0.3,0,0.0,86,967.0,2026424086,0.3,0.44999999999999996
fig3_community_ve,848.9999999999999,0.0,0.3,0,0.0,87,848.9999999999999,2026424087,0.3,0.44999999999999996
fig3_community_ve,742.0,0.0,0.3,0,0.0,88,742.0,2026424088,0.3,0.44999999999999996
fig3_community_ve,824.0000000000001,0.0,0.3,0,0.0,89,824.0000000000001,2026424089,0.3,0.44999999999999996
fig3_community_ve,837.0000000000001,0.0,0.3,0,0.0,90,837.0000000000001,2026424090,0.3,0.44999999999999996
fig3_community_ve,1070.0,0.0,0.3,0,0.0,91,1070.0,2026424091,0.3,0.44999999999999996
fig3_community_ve,630.0,0.0,0.3,0,0.0,92,630.0,2026424092,0.3,0.44999999999999996
fig3_community_ve,538.0,0.0,0.3,0,0.0,93,538.0,2026424093,0.3,0.44999999999999996
fig3_community_ve,931.0,0.0,0.3,0,0.0,94,931.0,2026424094,0.3,0.44999999999999996
fig3_community_ve,942.0,0.0,0.3,0,0.0,95,942.0,2026424095,0.3,0.44999999999999996
fig3_community_ve,816.0000000000001,0.0,0.3,0,0.0,96,816.0000000000001,2026424096,0.3,0.44999999999999996
fig3_community_ve,1024.0,0.0,0.3,0,0.0,97,1024.0,2026424097,0.3,0.44999999999999996
fig3_community_ve,937.0,0.0,0.3,0,0.0,98,937.0,2026424098,0.3,0.44999999999999996
fig3_community_ve,840.0,0.0,0.3,0,0.0,99,840.0,2026424099,0.3,0.44999999999999996
fig3_community_ve,677.0,0.0,0.3,0,0.0,0,677.0,2026425000,0.3,0.6
fig3_community_ve,748.0,0.0,0.3,0,0.0,1,748.0,2026425001,0.3,0.6
fig3_community_ve,842.0,0.0,0.3,0,0.0,2,842.0,2026425002,0.3,0.6
fig3_community_ve,781.0,0.0,0.3,0,0.0,3,781.0,2026425003,0.3,0.6
fig3_community_ve,792.0,0.0,0.3,0,0.0,4,792.0,2026425004,0.3,0.6
fig3_community_ve,967.9999999999999,0.0,0.3,0,0.0,5,967.9999999999999,2026425005,0.3,0.6
fig3_community_ve,483.99999999999994,0.0,0.3,0,0.0,6,483.99999999999994,2026425006,0.3,0.6
fig3_community_ve,884.0000000000001,0.0,0.3,0,0.0,7,884.0000000000001,2026425007,0.3,0.6
fig3_community_ve,970.0,0.0,0.3,0,0.0,8,970.0,2026425008,0.3,0.6
fig3_community_ve,784.0,0.0,0.3,0,0.0,9,784.0,2026425009,0.3,0.6
fig3_community_ve,780.0,0.0,0.3,0,0.0,10,780.0,2026425010,0.3,0.6
fig3_community_ve,698.0,0.0,0.3,0,0.0,11,698.0,2026425011,0.3,0.6
fig3_community_ve,956.0000000000001,0.0,0.3,0,0.0,12,956.0000000000001,2026425012,0.3,0.6
fig3_community_ve,861.9999999999999,0.0,0.3,0,0.0,13,861.9999999999999,2026425013,0.3,0.6
fig3_community_ve,936.0,0.0,0.3,0,0.0,14,936.0,2026425014,0.3,0.6
fig3_community_ve,744.0,0.0,0.3,0,0.0,15,744.0,2026425015,0.3,0.6
fig3_community_ve,850.0000000000001,0.0,0.3,0,0.0,16,850.0000000000001,2026425016,0.3,0.6
fig3_community_ve,715.0,0.0,0.3,0,0.0,17,715.0,2026425017,0.3,0.6
fig3_community_ve,946.9999999999999,0.0,0.3,0,0.0,18,946.9999999999999,2026425018,0.3,0.6
fig3_community_ve,939.0000000000001,0.0,0.3,0,0.0,19,939.0000000000001,2026425019,0.3,0.6
fig3_community_ve,933.0,0.0,0.3,0,0.0,20,933.0,2026425020,0.3,0.6
fig3_community_ve,980.9999999999999,0.0,0.3,0,0.0,21,980.9999999999999,2026425021,0.3,0.6
fig3_community_ve,1059.0,0.0,0.3,0,0.0,22,1059.0,2026425022,0.3,0.6
fig3_community_ve,633.0,0.0,0.3,0,0.0,23,633.0,2026425023,0.3,0.6
fig3_community_ve,638.0,0.0,0.3,0,0.0,24,638.0,2026425024,0.3,0.6
fig3_community_ve,696.0,0.0,0.3,0,0.0,25,696.0,2026425025,0.3,0.6
fig3_community_ve,714.0,0.0,0.3,0,0.0,26,714.0,2026425026,0.3,0.6
fig3_community_ve,787.0,0.0,0.3,0,0.0,27,787.0,2026425027,0.3,0.6
fig3_community_ve,1158.0,0.0,0.3,0,0.0,28,1158.0,2026425028,0.3,0.6
fig3_community_ve,729.0,0.0,0.3,0,0.0,29,729.0,2026425029,0.3,0.6
fig3_community_ve,651.0,0.0,0.3,0,0.0,30,651.0,2026425030,0.3,0.6
fig3_community_ve,606.0,0.0,0.3,0,0.0,31,606.0,2026425031,0.3,0.6
fig3_community_ve,680.0,0.0,0.3,0,0.0,32,680.0,2026425032,0.3,0.6
fig3_community_ve,731.0,0.0,0.3,0,0.0,33,731.0,2026425033,0.3,0.6
fig3_community_ve,986.0000000000001,0.0,0.3,0,0.0,34,986.0000000000001,2026425034,0.3,0.6
fig3_community_ve,938.0,0.0,0.3,0,0.0,35,938.0,2026425035,0.3,0.6
fig3_community_ve,544.0,0.0,0.3,0,0.0,36,544.0,2026425036,0.3,0.6
fig3_community_ve,971.0,0.0,0.3,0,0.0,37,971.0,2026425037,0.3,0.6
fig3_community_ve,1082.0,0.0,0.3,0,0.0,38,1082.0,2026425038,0.3,0.6
fig3_community_ve,782.0,0.0,0.3,0,0.0,39,782.0,2026425039,0.3,0.6
fig3_community_ve,534.0,0.0,0.3,0,0.0,40,534.0,2026425040,0.3,0.6
fig3_community_ve,720.0,0.0,0.3,0,0.0,41,720.0,2026425041,0.3,0.6
fig3_community_ve,784.9999999999999,0.0,0.3,0,0.0,42,784.9999999999999,2026425042,0.3,0.6
fig3_community_ve,818.0,0.0,0.3,0,0.0,43,818.0,2026425043,0.3,0.6
fig3_community_ve,894.0,0.0,0.3,0,0.0,44,894.0,2026425044,0.3,0.6
fig3_community_ve,682.0,0.0,0.3,0,0.0,45,682.0,2026425045,0.3,0.6
fig3_community_ve,872.0,0.0,0.3,0,0.0,46,872.0,2026425046,0.3,0.6
fig3_community_ve,1028.0,0.0,0.3,0,0.0,47,1028.0,2026425047,0.3,0.6
fig3_community_ve,992.0,0.0,0.3,0,0.0,48,992.0,2026425048,0.3,0.6
fig3_community_ve,754.0,0.0,0.3,0,0.0,49,754.0,2026425049,0.3,0.6
fig3_community_ve,793.0,0.0,0.3,0,0.0,50,793.0,2026425050,0.3,0.6
fig3_community_ve,649.0,0.0,0.3,0,0.0,51,649.0,2026425051,0.3,0.6
fig3_community_ve,643.0,0.0,0.3,0,0.0,52,643.0,2026425052,0.3,0.6
fig3_community_ve,942.9999999999999,0.0,0.3,0,0.0,53,942.9999999999999,2026425053,0.3,0.6
fig3_community_ve,603.0,0.0,0.3,0,0.0,54,603.0,2026425054,0.3,0.6
fig3_community_ve,766.0,0.0,0.3,0,0.0,55,766.0,2026425055,0.3,0.6
fig3_community_ve,834.0,0.0,0.3,0,0.0,56,834.0,2026425056,0.3,0.6
fig3_community_ve,694.0,0.0,0.3,0,0.0,57,694.0,2026425057,0.3,0.6
fig3_community_ve,1146.0,0.0,0.3,0,0.0,58,1146.0,2026425058,0.3,0.6
fig3_community_ve,649.0,0.0,0.3,0,0.0,59,649.0,2026425059,0.3,0.6
fig3_community_ve,956.0000000000001,0.0,0.3,0,0.0,60,956.0000000000001,2026425060,0.3,0.6
fig3_community_ve,674.0,0.0,0.3,0,0.0,61,674.0,2026425061,0.3,0.6
fig3_community_ve,901.0000000000001,0.0,0.3,0,0.0,62,901.0000000000001,2026425062,0.3,0.6
fig3_community_ve,829.0,0.0,0.3,0,0.0,63,829.0,2026425063,0.3,0.6
fig3_community_ve,875.0000000000001,0.0,0.3,0,0.0,64,875.0000000000001,2026425064,0.3,0.6
fig3_community_ve,970.0,0.0,0.3,0,0.0,65,970.0,2026425065,0.3,0.6
fig3_community_ve,928.0,0.0,0.3,0,0.0,66,928.0,2026425066,0.3,0.6
fig3_community_ve,937.0,0.0,0.3,0,0.0,67,937.0,2026425067,0.3,0.6
fig3_community_ve,898.0,0.0,0.3,0,0.0,68,898.0,2026425068,0.3,0.6
fig3_community_ve,609.0,0.0,0.3,0,0.0,69,609.0,2026425069,0.3,0.6
fig3_community_ve,767.0,0.0,0.3,0,0.0,70,767.0,2026425070,0.3,0.6
fig3_community_ve,694.0,0.0,0.3,0,0.0,71,694.0,2026425071,0.3,0.6
fig3_community_ve,770.0,0.0,0.3,0,0.0,72,770.0,2026425072,0.3,0.6
fig3_community_ve,814.0,0.0,0.3,0,0.0,73,814.0,2026425073,0.3,0.6
fig3_community_ve,831.0,0.0,0.3,0,0.0,74,831.0,2026425074,0.3,0.6
fig3_community_ve,1197.0,0.0,0.3,0,0.0,75,1197.0,2026425075,0.3,0.6
fig3_community_ve,907.0,0.0,0.3,0,0.0,76,907.0,2026425076,0.3,0.6
fig3_community_ve,882.0,0.0,0.3,0,0.0,77,882.0,2026425077,0.3,0.6
fig3_community_ve,1014.9999999999999,0.0,0.3,0,0.0,78,1014.9999999999999,2026425078,0.3,0.6
fig3_community_ve,967.0,0.0,0.3,0,0.0,79,967.0,2026425079,0.3,0.6
fig3_community_ve,621.0,0.0,0.3,0,0.0,80,621.0,2026425080,0.3,0.6
fig3_community_ve,703.0,0.0,0.3,0,0.0,81,703.0,2026425081,0.3,0.6
fig3_community_ve,895.0,0.0,0.3,0,0.0,82,895.0,2026425082,0.3,0.6
fig3_community_ve,779.0,0.0,0.3,0,0.0,83,779.0,2026425083,0.3,0.6
fig3_community_ve,710.0,0.0,0.3,0,0.0,84,710.0,2026425084,0.3,0.6
fig3_community_ve,816.0000000000001,0.0,0.3,0,0.0,85,816.0000000000001,2026425085,0.3,0.6
fig3_community_ve,754.0,0.0,0.3,0,0.0,86,754.0,2026425086,0.3,0.6
fig3_community_ve,692.0,0.0,0.3,0,0.0,87,692.0,2026425087,0.3,0.6
fig3_community_ve,848.9999999999999,0.0,0.3,0,0.0,88,848.9999999999999,2026425088,0.3,0.6
fig3_community_ve,1356.0,0.0,0.3,0,0.0,89,1356.0,2026425089,0.3,0.6
fig3_community_ve,844.0,0.0,0.3,0,0.0,90,844.0,2026425090,0.3,0.6
fig3_community_ve,963.0,0.0,0.3,0,0.0,91,963.0,2026425091,0.3,0.6
fig3_community_ve,1324.0,0.0,0.3,0,0.0,92,1324.0,2026425092,0.3,0.6
fig3_community_ve,1038.0,0.0,0.3,0,0.0,93,1038.0,2026425093,0.3,0.6
fig3_community_ve,732.0,0.0,0.3,0,0.0,94,732.0,2026425094,0.3,0.6
fig3_community_ve,744.0,0.0,0.3,0,0.0,95,744.0,2026425095,0.3,0.6
fig3_community_ve,888.0000000000001,0.0,0.3,0,0.0,96,888.0000000000001,2026425096,0.3,0.6
fig3_community_ve,596.0,0.0,0.3,0,0.0,97,596.0,2026425097,0.3,0.6
fig3_community_ve,946.0,0.0,0.3,0,0.0,98,946.0,2026425098,0.3,0.6
fig3_community_ve,954.0,0.0,0.3,0,0.0,99,954.0,2026425099,0.3,0.6
fig3_community_ve,876.0,0.0,0.3,0,0.0,0,876.0,2026426000,0.3,0.75
fig3_community_ve,710.0,0.0,0.3,0,0.0,1,710.0,2026426001,0.3,0.75
fig3_community_ve,609.0,0.0,0.3,0,0.0,2,609.0,2026426002,0.3,0.75
fig3_community_ve,907.0,0.0,0.3,0,0.0,3,907.0,2026426003,0.3,0.75
fig3_community_ve,983.0,0.0,0.3,0,0.0,4,983.0,2026426004,0.3,0.75
fig3_community_ve,982.0000000000001,0.0,0.3,0,0.0,5,982.0000000000001,2026426005,0.3,0.75
fig3_community_ve,718.0,0.0,0.3,0,0.0,6,718.0,2026426006,0.3,0.75
fig3_community_ve,965.0000000000001,0.0,0.3,0,0.0,7,965.0000000000001,2026426007,0.3,0.75
fig3_community_ve,713.0,0.0,0.3,0,0.0,8,713.0,2026426008,0.3,0.75
fig3_community_ve,693.0,0.0,0.3,0,0.0,9,693.0,2026426009,0.3,0.75
fig3_community_ve,843.0,0.0,0.3,0,0.0,10,843.0,2026426010,0.3,0.75
fig3_community_ve,830.0,0.0,0.3,0,0.0,11,830.0,2026426011,0.3,0.75
fig3_community_ve,702.0,0.0,0.3,0,0.0,12,702.0,2026426012,0.3,0.75
fig3_community_ve,688.0,0.0,0.3,0,0.0,13,688.0,2026426013,0.3,0.75
fig3_community_ve,769.0,0.0,0.3,0,0.0,14,769.0,2026426014,0.3,0.75
fig3_community_ve,1174.0,0.0,0.3,0,0.0,15,1174.0,2026426015,0.3,0.75
fig3_community_ve,726.0,0.0,0.3,0,0.0,16,726.0,2026426016,0.3,0.75
fig3_community_ve,719.0,0.0,0.3,0,0.0,17,719.0,2026426017,0.3,0.75
fig3_community_ve,793.0,0.0,0.3,0,0.0,18,793.0,2026426018,0.3,0.75
fig3_community_ve,890.0,0.0,0.3,0,0.0,19,890.0,2026426019,0.3,0.75
fig3_community_ve,689.0,0.0,0.3,0,0.0,20,689.0,2026426020,0.3,0.75
fig3_community_ve,898.0,0.0,0.3,0,0.0,21,898.0,2026426021,0.3,0.75
fig3_community_ve,882.9999999999999,0.0,0.3,0,0.0,22,882.9999999999999,2026426022,0.3,0.75
fig3_community_ve,375.0,0.0,0.3,0,0.0,23,375.0,2026426023,0.3,0.75
fig3_community_ve,954.0,0.0,0.3,0,0.0,24,954.0,2026426024,0.3,0.75
fig3_community_ve,911.0,0.0,0.3,0,0.0,25,911.0,2026426025,0.3,0.75
fig3_community_ve,837.0000000000001,0.0,0.3,0,0.0,26,837.0000000000001,2026426026,0.3,0.75
fig3_community_ve,738.0,0.0,0.3,0,0.0,27,738.0,2026426027,0.3,0.75
fig3_community_ve,765.0,0.0,0.3,0,0.0,28,765.0,2026426028,0.3,0.75
fig3_community_ve,1013.0,0.0,0.3,0,0.0,29,1013.0,2026426029,0.3,0.75
fig3_community_ve,842.0,0.0,0.3,0,0.0,30,842.0,2026426030,0.3,0.75
fig3_community_ve,1106.0,0.0,0.3,0,0.0,31,1106.0,2026426031,0.3,0.75
fig3_community_ve,774.0,0.0,0.3,0,0.0,32,774.0,2026426032,0.3,0.75
fig3_community_ve,825.0,0.0,0.3,0,0.0,33,825.0,2026426033,0.3,0.75
fig3_community_ve,547.0,0.0,0.3,0,0.0,34,547.0,2026426034,0.3,0.75
fig3_community_ve,1111.0,0.0,0.3,0,0.0,35,1111.0,2026426035,0.3,0.75
fig3_community_ve,1121.0,0.0,0.3,0,0.0,36,1121.0,2026426036,0.3,0.75
fig3_community_ve,905.0000000000001,0.0,0.3,0,0.0,37,905.0000000000001,2026426037,0.3,0.75
fig3_community_ve,957.0,0.0,0.3,0,0.0,38,957.0,2026426038,0.3,0.75
fig3_community_ve,1103.0,0.0,0.3,0,0.0,39,1103.0,2026426039,0.3,0.75
fig3_community_ve,872.0,0.0,0.3,0,0.0,40,872.0,2026426040,0.3,0.75
fig3_community_ve,748.0,0.0,0.3,0,0.0,41,748.0,2026426041,0.3,0.75
fig3_community_ve,609.0,0.0,0.3,0,0.0,42,609.0,2026426042,0.3,0.75
fig3_community_ve,781.0,0.0,0.3,0,0.0,43,781.0,2026426043,0.3,0.75
fig3_community_ve,1044.0,0.0,0.3,0,0.0,44,1044.0,2026426044,0.3,0.75
fig3_community_ve,743.0,0.0,0.3,0,0.0,45,743.0,2026426045,0.3,0.75
fig3_community_ve,732.0,0.0,0.3,0,0.0,46,732.0,2026426046,0.3,0.75
fig3_community_ve,690.0,0.0,0.3,0,0.0,47,690.0,2026426047,0.3,0.75
fig3_community_ve,859.0,0.0,0.3,0,0.0,48,859.0,2026426048,0.3,0.75
fig3_community_ve,1024.0,0.0,0.3,0,0.0,49,1024.0,2026426049,0.3,0.75
fig3_community_ve,912.0,0.0,0.3,0,0.0,50,912.0,2026426050,0.3,0.75
fig3_community_ve,844.0,0.0,0.3,0,0.0,51,844.0,2026426051,0.3,0.75
fig3_community_ve,1047.0,0.0,0.3,0,0.0,52,1047.0,2026426052,0.3,0.75
fig3_community_ve,717.0,0.0,0.3,0,0.0,53,717.0,2026426053,0.3,0.75
fig3_community_ve,1071.0,0.0,0.3,0,0.0,54,1071.0,2026426054,0.3,0.75
fig3_community_ve,1068.0,0.0,0.3,0,0.0,55,1068.0,2026426055,0.3,0.75
fig3_community_ve,865.9999999999999,0.0,0.3,0,0.0,56,865.9999999999999,2026426056,0.3,0.75
fig3_community_ve,751.0,0.0,0.3,0,0.0,57,751.0,2026426057,0.3,0.75
fig3_community_ve,813.0,0.0,0.3,0,0.0,58,813.0,2026426058,0.3,0.75
fig3_community_ve,546.0,0.0,0.3,0,0.0,59,546.0,2026426059,0.3,0.75
fig3_community_ve,1260.0,0.0,0.3,0,0.0,60,1260.0,2026426060,0.3,0.75
fig3_community_ve,1007.0000000000001,0.0,0.3,0,0.0,61,1007.0000000000001,2026426061,0.3,0.75
fig3_community_ve,578.0,0.0,0.3,0,0.0,62,578.0,2026426062,0.3,0.75
fig3_community_ve,860.0,0.0,0.3,0,0.0,63,860.0,2026426063,0.3,0.75
fig3_community_ve,814.0,0.0,0.3,0,0.0,64,814.0,2026426064,0.3,0.75
fig3_community_ve,641.0,0.0,0.3,0,0.0,65,641.0,2026426065,0.3,0.75
fig3_community_ve,963.9999999999999,0.0,0.3,0,0.0,66,963.9999999999999,2026426066,0.3,0.75
fig3_community_ve,715.0,0.0,0.3,0,0.0,67,715.0,2026426067,0.3,0.75
fig3_community_ve,893.0,0.0,0.3,0,0.0,68,893.0,2026426068,0.3,0.75
fig3_community_ve,1026.0,0.0,0.3,0,0.0,69,1026.0,2026426069,0.3,0.75
fig3_community_ve,915.0,0.0,0.3,0,0.0,70,915.0,2026426070,0.3,0.75
fig3_community_ve,1038.0,0.0,0.3,0,0.0,71,1038.0,2026426071,0.3,0.75
fig3_community_ve,1045.0,0.0,0.3,0,0.0,72,1045.0,2026426072,0.3,0.75
fig3_community_ve,971.0,0.0,0.3,0,0.0,73,971.0,2026426073,0.3,0.75
fig3_community_ve,877.0,0.0,0.3,0,0.0,74,877.0,2026426074,0.3,0.75
fig3_community_ve,696.0,0.0,0.3,0,0.0,75,696.0,2026426075,0.3,0.75
fig3_community_ve,987.0,0.0,0.3,0,0.0,76,987.0,2026426076,0.3,0.75
fig3_community_ve,923.0,0.0,0.3,0,0.0,77,923.0,2026426077,0.3,0.75
fig3_community_ve,821.0,0.0,0.3,0,0.0,78,821.0,2026426078,0.3,0.75
fig3_community_ve,1012.0,0.0,0.3,0,0.0,79,1012.0,2026426079,0.3,0.75
fig3_community_ve,957.0,0.0,0.3,0,0.0,80,957.0,2026426080,0.3,0.75
fig3_community_ve,569.0,0.0,0.3,0,0.0,81,569.0,2026426081,0.3,0.75
fig3_community_ve,745.0,0.0,0.3,0,0.0,82,745.0,2026426082,0.3,0.75
fig3_community_ve,825.0,0.0,0.3,0,0.0,83,825.0,2026426083,0.3,0.75
fig3_community_ve,804.0,0.0,0.3,0,0.0,84,804.0,2026426084,0.3,0.75
fig3_community_ve,912.0,0.0,0.3,0,0.0,85,912.0,2026426085,0.3,0.75
fig3_community_ve,1004.0,0.0,0.3,0,0.0,86,1004.0,2026426086,0.3,0.75
fig3_community_ve,1100.0,0.0,0.3,0,0.0,87,1100.0,2026426087,0.3,0.75
fig3_community_ve,910.0,0.0,0.3,0,0.0,88,910.0,2026426088,0.3,0.75
fig3_community_ve,813.0,0.0,0.3,0,0.0,89,813.0,2026426089,0.3,0.75
fig3_community_ve,746.0,0.0,0.3,0,0.0,90,746.0,2026426090,0.3,0.75
fig3_community_ve,737.0,0.0,0.3,0,0.0,91,737.0,2026426091,0.3,0.75
fig3_community_ve,1033.0,0.0,0.3,0,0.0,92,1033.0,2026426092,0.3,0.75
fig3_community_ve,1031.0,0.0,0.3,0,0.0,93,1031.0,2026426093,0.3,0.75
fig3_community_ve,603.0,0.0,0.3,0,0.0,94,603.0,2026426094,0.3,0.75
fig3_community_ve,714.0,0.0,0.3,0,0.0,95,714.0,2026426095,0.3,0.75
fig3_community_ve,999.0000000000001,0.0,0.3,0,0.0,96,999.0000000000001,2026426096,0.3,0.75
fig3_community_ve,801.0,0.0,0.3,0,0.0,97,801.0,2026426097,0.3,0.75
fig3_community_ve,1318.0,0.0,0.3,0,0.0,98,1318.0,2026426098,0.3,0.75
fig3_community_ve,660.0,0.0,0.3,0,0.0,99,660.0,2026426099,0.3,0.75
fig3_community_ve,1110.0,0.0,0.3,0,0.0,0,1110.0,2026427000,0.3,0.9
fig3_community_ve,786.0000000000001,0.0,0.3,0,0.0,1,786.0000000000001,2026427001,0.3,0.9
fig3_community_ve,792.0,0.0,0.3,0,0.0,2,792.0,2026427002,0.3,0.9
fig3_community_ve,1086.0,0.0,0.3,0,0.0,3,1086.0,2026427003,0.3,0.9
fig3_community_ve,813.0,0.0,0.3,0,0.0,4,813.0,2026427004,0.3,0.9
fig3_community_ve,746.0,0.0,0.3,0,0.0,5,746.0,2026427005,0.3,0.9
fig3_community_ve,787.0,0.0,0.3,0,0.0,6,787.0,2026427006,0.3,0.9
fig3_community_ve,658.0,0.0,0.3,0,0.0,7,658.0,2026427007,0.3,0.9
fig3_community_ve,810.0,0.0,0.3,0,0.0,8,810.0,2026427008,0.3,0.9
fig3_community_ve,906.0,0.0,0.3,0,0.0,9,906.0,2026427009,0.3,0.9
fig3_community_ve,838.0,0.0,0.3,0,0.0,10,838.0,2026427010,0.3,0.9
fig3_community_ve,694.0,0.0,0.3,0,0.0,11,694.0,2026427011,0.3,0.9
fig3_community_ve,621.0,0.0,0.3,0,0.0,12,621.0,2026427012,0.3,0.9
fig3_community_ve,993.0,0.0,0.3,0,0.0,13,993.0,2026427013,0.3,0.9
fig3_community_ve,963.9999999999999,0.0,0.3,0,0.0,14,963.9999999999999,2026427014,0.3,0.9
fig3_community_ve,588.0,0.0,0.3,0,0.0,15,588.0,2026427015,0.3,0.9
fig3_community_ve,694.0,0.0,0.3,0,0.0,16,694.0,2026427016,0.3,0.9
fig3_community_ve,472.0,0.0,0.3,0,0.0,17,472.0,2026427017,0.3,0.9
fig3_community_ve,1074.0,0.0,0.3,0,0.0,18,1074.0,2026427018,0.3,0.9
fig3_community_ve,817.0,0.0,0.3,0,0.0,19,817.0,2026427019,0.3,0.9
fig3_community_ve,1229.0,0.0,0.3,0,0.0,20,1229.0,2026427020,0.3,0.9
fig3_community_ve,760.0,0.0,0.3,0,0.0,21,760.0,2026427021,0.3,0.9
fig3_community_ve,685.0,0.0,0.3,0,0.0,22,685.0,2026427022,0.3,0.9
fig3_community_ve,912.9999999999999,0.0,0.3,0,0.0,23,912.9999999999999,2026427023,0.3,0.9
fig3_community_ve,946.9999999999999,0.0,0.3,0,0.0,24,946.9999999999999,2026427024,0.3,0.9
fig3_community_ve,761.0,0.0,0.3,0,0.0,25,761.0,2026427025,0.3,0.9
fig3_community_ve,868.0,0.0,0.3,0,0.0,26,868.0,2026427026,0.3,0.9
fig3_community_ve,1000.0,0.0,0.3,0,0.0,27,1000.0,2026427027,0.3,0.9
fig3_community_ve,702.0,0.0,0.3,0,0.0,28,702.0,2026427028,0.3,0.9
fig3_community_ve,835.0,0.0,0.3,0,0.0,29,835.0,2026427029,0.3,0.9
fig3_community_ve,709.0,0.0,0.3,0,0.0,30,709.0,2026427030,0.3,0.9
fig3_community_ve,644.0,0.0,0.3,0,0.0,31,644.0,2026427031,0.3,0.9
fig3_community_ve,824.0000000000001,0.0,0.3,0,0.0,32,824.0000000000001,2026427032,0.3,0.9
fig3_community_ve,561.0,0.0,0.3,0,0.0,33,561.0,2026427033,0.3,0.9
fig3_community_ve,903.9999999999999,0.0,0.3,0,0.0,34,903.9999999999999,2026427034,0.3,0.9
fig3_community_ve,665.0,0.0,0.3,0,0.0,35,665.0,2026427035,0.3,0.9
fig3_community_ve,1192.0,0.0,0.3,0,0.0,36,1192.0,2026427036,0.3,0.9
fig3_community_ve,1025.0,0.0,0.3,0,0.0,37,1025.0,2026427037,0.3,0.9
fig3_community_ve,713.0,0.0,0.3,0,0.0,38,713.0,2026427038,0.3,0.9
fig3_community_ve,1018.0,0.0,0.3,0,0.0,39,1018.0,2026427039,0.3,0.9
fig3_community_ve,876.0,0.0,0.3,0,0.0,40,876.0,2026427040,0.3,0.9
fig3_community_ve,922.0000000000001,0.0,0.3,0,0.0,41,922.0000000000001,2026427041,0.3,0.9
fig3_community_ve,1051.0,0.0,0.3,0,0.0,42,1051.0,2026427042,0.3,0.9
fig3_community_ve,945.0,0.0,0.3,0,0.0,43,945.0,2026427043,0.3,0.9
fig3_community_ve,756.0,0.0,0.3,0,0.0,44,756.0,2026427044,0.3,0.9
fig3_community_ve,784.0,0.0,0.3,0,0.0,45,784.0,2026427045,0.3,0.9
fig3_community_ve,572.0,0.0,0.3,0,0.0,46,572.0,2026427046,0.3,0.9
fig3_community_ve,861.0,0.0,0.3,0,0.0,47,861.0,2026427047,0.3,0.9
fig3_community_ve,1093.0,0.0,0.3,0,0.0,48,1093.0,2026427048,0.3,0.9
fig3_community_ve,1047.0,0.0,0.3,0,0.0,49,1047.0,2026427049,0.3,0.9
fig3_community_ve,793.0,0.0,0.3,0,0.0,50,793.0,2026427050,0.3,0.9
fig3_community_ve,923.0,0.0,0.3,0,0.0,51,923.0,2026427051,0.3,0.9
fig3_community_ve,810.0,0.0,0.3,0,0.0,52,810.0,2026427052,0.3,0.9
fig3_community_ve,611.0,0.0,0.3,0,0.0,53,611.0,2026427053,0.3,0.9
fig3_community_ve,861.9999999999999,0.0,0.3,0,0.0,54,861.9999999999999,2026427054,0.3,0.9
fig3_community_ve,779.0,0.0,0.3,0,0.0,55,779.0,2026427055,0.3,0.9
fig3_community_ve,966.0,0.0,0.3,0,0.0,56,966.0,2026427056,0.3,0.9
fig3_community_ve,993.0,0.0,0.3,0,0.0,57,993.0,2026427057,0.3,0.9
fig3_community_ve,909.0000000000001,0.0,0.3,0,0.0,58,909.0000000000001,2026427058,0.3,0.9
fig3_community_ve,936.0,0.0,0.3,0,0.0,59,936.0,2026427059,0.3,0.9
fig3_community_ve,739.0,0.0,0.3,0,0.0,60,739.0,2026427060,0.3,0.9
fig3_community_ve,747.0,0.0,0.3,0,0.0,61,747.0,2026427061,0.3,0.9
fig3_community_ve,1045.0,0.0,0.3,0,0.0,62,1045.0,2026427062,0.3,0.9
fig3_community_ve,967.9999999999999,0.0,0.3,0,0.0,63,967.9999999999999,2026427063,0.3,0.9
fig3_community_ve,882.0,0.0,0.3,0,0.0,64,882.0,2026427064,0.3,0.9
fig3_community_ve,723.0,0.0,0.3,0,0.0,65,723.0,2026427065,0.3,0.9
fig3_community_ve,884.0000000000001,0.0,0.3,0,0.0,66,884.0000000000001,2026427066,0.3,0.9
fig3_community_ve,909.0000000000001,0.0,0.3,0,0.0,67,909.0000000000001,2026427067,0.3,0.9
fig3_community_ve,1036.0,0.0,0.3,0,0.0,68,1036.0,2026427068,0.3,0.9
fig3_community_ve,754.0,0.0,0.3,0,0.0,69,754.0,2026427069,0.3,0.9
fig3_community_ve,882.9999999999999,0.0,0.3,0,0.0,70,882.9999999999999,2026427070,0.3,0.9
fig3_community_ve,1023.0,0.0,0.3,0,0.0,71,1023.0,2026427071,0.3,0.9
fig3_community_ve,674.0,0.0,0.3,0,0.0,72,674.0,2026427072,0.3,0.9
fig3_community_ve,839.0,0.0,0.3,0,0.0,73,839.0,2026427073,0.3,0.9
fig3_community_ve,423.0,0.0,0.3,0,0.0,74,423.0,2026427074,0.3,0.9
fig3_community_ve,967.9999999999999,0.0,0.3,0,0.0,75,967.9999999999999,2026427075,0.3,0.9
fig3_community_ve,783.0,0.0,0.3,0,0.0,76,783.0,2026427076,0.3,0.9
fig3_community_ve,1135.0,0.0,0.3,0,0.0,77,1135.0,2026427077,0.3,0.9
fig3_community_ve,973.0000000000001,0.0,0.3,0,0.0,78,973.0000000000001,2026427078,0.3,0.9
fig3_community_ve,895.9999999999999,0.0,0.3,0,0.0,79,895.9999999999999,2026427079,0.3,0.9
fig3_community_ve,888.0000000000001,0.0,0.3,0,0.0,80,888.0000000000001,2026427080,0.3,0.9
fig3_community_ve,974.0,0.0,0.3,0,0.0,81,974.0,2026427081,0.3,0.9
fig3_community_ve,835.9999999999999,0.0,0.3,0,0.0,82,835.9999999999999,2026427082,0.3,0.9
fig3_community_ve,667.0,0.0,0.3,0,0.0,83,667.0,2026427083,0.3,0.9
fig3_community_ve,894.0,0.0,0.3,0,0.0,84,894.0,2026427084,0.3,0.9
fig3_community_ve,736.0,0.0,0.3,0,0.0,85,736.0,2026427085,0.3,0.9
fig3_community_ve,568.0,0.0,0.3,0,0.0,86,568.0,2026427086,0.3,0.9
fig3_community_ve,953.0,0.0,0.3,0,0.0,87,953.0,2026427087,0.3,0.9
fig3_community_ve,651.0,0.0,0.3,0,0.0,88,651.0,2026427088,0.3,0.9
fig3_community_ve,1021.0,0.0,0.3,0,0.0,89,1021.0,2026427089,0.3,0.9
fig3_community_ve,592.0,0.0,0.3,0,0.0,90,592.0,2026427090,0.3,0.9
fig3_community_ve,636.0,0.0,0.3,0,0.0,91,636.0,2026427091,0.3,0.9
fig3_community_ve,589.0,0.0,0.3,0,0.0,92,589.0,2026427092,0.3,0.9
fig3_community_ve,915.0,0.0,0.3,0,0.0,93,915.0,2026427093,0.3,0.9
fig3_community_ve,640.0,0.0,0.3,0,0.0,94,640.0,2026427094,0.3,0.9
fig3_community_ve,1027.0,0.0,0.3,0,0.0,95,1027.0,2026427095,0.3,0.9
fig3_community_ve,642.0,0.0,0.3,0,0.0,96,642.0,2026427096,0.3,0.9
fig3_community_ve,753.0,0.0,0.3,0,0.0,97,753.0,2026427097,0.3,0.9
fig3_community_ve,1014.0,0.0,0.3,0,0.0,98,1014.0,2026427098,0.3,0.9
fig3_community_ve,799.0000000000001,0.0,0.3,0,0.0,99,799.0000000000001,2026427099,0.3,0.9
fig3_community_ve,792.0,0.1,0.3,0,0.0,0,792.0,2026428000,0.3,0.0
fig3_community_ve,768.0,0.1,0.3,0,0.0,1,768.0,2026428001,0.3,0.0
fig3_community_ve,1079.0,0.1,0.3,0,0.0,2,1079.0,2026428002,0.3,0.0
fig3_community_ve,831.0,0.1,0.3,0,0.0,3,831.0,2026428003,0.3,0.0
fig3_community_ve,616.0,0.1,0.3,0,0.0,4,616.0,2026428004,0.3,0.0
fig3_community_ve,505.0,0.1,0.3,0,0.0,5,505.0,2026428005,0.3,0.0
fig3_community_ve,818.0,0.1,0.3,0,0.0,6,818.0,2026428006,0.3,0.0
fig3_community_ve,792.0,0.1,0.3,0,0.0,7,792.0,2026428007,0.3,0.0
fig3_community_ve,885.0,0.1,0.3,0,0.0,8,885.0,2026428008,0.3,0.0
fig3_community_ve,912.9999999999999,0.1,0.3,0,0.0,9,912.9999999999999,2026428009,0.3,0.0
fig3_community_ve,757.0,0.1,0.3,0,0.0,10,757.0,2026428010,0.3,0.0
fig3_community_ve,944.0,0.1,0.3,0,0.0,11,944.0,2026428011,0.3,0.0
fig3_community_ve,919.0,0.1,0.3,0,0.0,12,919.0,2026428012,0.3,0.0
fig3_community_ve,737.0,0.1,0.3,0,0.0,13,737.0,2026428013,0.3,0.0
fig3_community_ve,1084.0,0.1,0.3,0,0.0,14,1084.0,2026428014,0.3,0.0
fig3_community_ve,784.9999999999999,0.1,0.3,0,0.0,15,784.9999999999999,2026428015,0.3,0.0
fig3_community_ve,905.0000000000001,0.1,0.3,0,0.0,16,905.0000000000001,2026428016,0.3,0.0
fig3_community_ve,403.0,0.1,0.3,0,0.0,17,403.0,2026428017,0.3,0.0
fig3_community_ve,665.0,0.1,0.3,0,0.0,18,665.0,2026428018,0.3,0.0
fig3_community_ve,941.0,0.1,0.3,0,0.0,19,941.0,2026428019,0.3,0.0
fig3_community_ve,718.0,0.1,0.3,0,0.0,20,718.0,2026428020,0.3,0.0
fig3_community_ve,1463.0,0.1,0.3,0,0.0,21,1463.0,2026428021,0.3,0.0
fig3_community_ve,1106.0,0.1,0.3,0,0.0,22,1106.0,2026428022,0.3,0.0
fig3_community_ve,603.0,0.1,0.3,0,0.0,23,603.0,2026428023,0.3,0.0
fig3_community_ve,695.0,0.1,0.3,0,0.0,24,695.0,2026428024,0.3,0.0
fig3_community_ve,877.0,0.1,0.3,0,0.0,25,877.0,2026428025,0.3,0.0
fig3_community_ve,639.0,0.1,0.3,0,0.0,26,639.0,2026428026,0.3,0.0
fig3_community_ve,755.0,0.1,0.3,0,0.0,27,755.0,2026428027,0.3,0.0
fig3_community_ve,723.0,0.1,0.3,0,0.0,28,723.0,2026428028,0.3,0.0
fig3_community_ve,641.0,0.1,0.3,0,0.0,29,641.0,2026428029,0.3,0.0
fig3_community_ve,1272.0,0.1,0.3,0,0.0,30,1272.0,2026428030,0.3,0.0
fig3_community_ve,653.0,0.1,0.3,0,0.0,31,653.0,2026428031,0.3,0.0
fig3_community_ve,971.0,0.1,0.3,0,0.0,32,971.0,2026428032,0.3,0.0
fig3_community_ve,1055.0,0.1,0.3,0,0.0,33,1055.0,2026428033,0.3,0.0
fig3_community_ve,1081.0,0.1,0.3,0,0.0,34,1081.0,2026428034,0.3,0.0
fig3_community_ve,835.9999999999999,0.1,0.3,0,0.0,35,835.9999999999999,2026428035,0.3,0.0
fig3_community_ve,1050.0,0.1,0.3,0,0.0,36,1050.0,2026428036,0.3,0.0
fig3_community_ve,1265.0,0.1,0.3,0,0.0,37,1265.0,2026428037,0.3,0.0
fig3_community_ve,738.0,0.1,0.3,0,0.0,38,738.0,2026428038,0.3,0.0
fig3_community_ve,894.0,0.1,0.3,0,0.0,39,894.0,2026428039,0.3,0.0
fig3_community_ve,744.0,0.1,0.3,0,0.0,40,744.0,2026428040,0.3,0.0
fig3_community_ve,586.0,0.1,0.3,0,0.0,41,586.0,2026428041,0.3,0.0
fig3_community_ve,918.0000000000001,0.1,0.3,0,0.0,42,918.0000000000001,2026428042,0.3,0.0
fig3_community_ve,1147.0,0.1,0.3,0,0.0,43,1147.0,2026428043,0.3,0.0
fig3_community_ve,1022.0,0.1,0.3,0,0.0,44,1022.0,2026428044,0.3,0.0
fig3_community_ve,576.0,0.1,0.3,0,0.0,45,576.0,2026428045,0.3,0.0
fig3_community_ve,996.0,0.1,0.3,0,0.0,46,996.0,2026428046,0.3,0.0
fig3_community_ve,804.0,0.1,0.3,0,0.0,47,804.0,2026428047,0.3,0.0
fig3_community_ve,920.0,0.1,0.3,0,0.0,48,920.0,2026428048,0.3,0.0
fig3_community_ve,942.9999999999999,0.1,0.3,0,0.0,49,942.9999999999999,2026428049,0.3,0.0
fig3_community_ve,643.0,0.1,0.3,0,0.0,50,643.0,2026428050,0.3,0.0
fig3_community_ve,715.0,0.1,0.3,0,0.0,51,715.0,2026428051,0.3,0.0
fig3_community_ve,1014.9999999999999,0.1,0.3,0,0.0,52,1014.9999999999999,2026428052,0.3,0.0
fig3_community_ve,763.0,0.1,0.3,0,0.0,53,763.0,2026428053,0.3,0.0
fig3_community_ve,660.0,0.1,0.3,0,0.0,54,660.0,2026428054,0.3,0.0
fig3_community_ve,645.0,0.1,0.3,0,0.0,55,645.0,2026428055,0.3,0.0
fig3_community_ve,835.0,0.1,0.3,0,0.0,56,835.0,2026428056,0.3,0.0
fig3_community_ve,644.0,0.1,0.3,0,0.0,57,644.0,2026428057,0.3,0.0
fig3_community_ve,941.0,0.1,0.3,0,0.0,58,941.0,2026428058,0.3,0.0
fig3_community_ve,571.0,0.1,0.3,0,0.0,59,571.0,2026428059,0.3,0.0
fig3_community_ve,953.0,0.1,0.3,0,0.0,60,953.0,2026428060,0.3,0.0
fig3_community_ve,563.0,0.1,0.3,0,0.0,61,563.0,2026428061,0.3,0.0
fig3_community_ve,709.0,0.1,0.3,0,0.0,62,709.0,2026428062,0.3,0.0
fig3_community_ve,915.0,0.1,0.3,0,0.0,63,915.0,2026428063,0.3,0.0
fig3_community_ve,842.0,0.1,0.3,0,0.0,64,842.0,2026428064,0.3,0.0
fig3_community_ve,925.0,0.1,0.3,0,0.0,65,925.0,2026428065,0.3,0.0
fig3_community_ve,661.0,0.1,0.3,0,0.0,66,661.0,2026428066,0.3,0.0
fig3_community_ve,905.0000000000001,0.1,0.3,0,0.0,67,905.0000000000001,2026428067,0.3,0.0
fig3_community_ve,442.00000000000006,0.1,0.3,0,0.0,68,442.00000000000006,2026428068,0.3,0.0
fig3_community_ve,683.0,0.1,0.3,0,0.0,69,683.0,2026428069,0.3,0.0
fig3_community_ve,852.0,0.1,0.3,0,0.0,70,852.0,2026428070,0.3,0.0
fig3_community_ve,869.0,0.1,0.3,0,0.0,71,869.0,2026428071,0.3,0.0
fig3_community_ve,890.0,0.1,0.3,0,0.0,72,890.0,2026428072,0.3,0.0
fig3_community_ve,992.0,0.1,0.3,0,0.0,73,992.0,2026428073,0.3,0.0
fig3_community_ve,880.0,0.1,0.3,0,0.0,74,880.0,2026428074,0.3,0.0
fig3_community_ve,923.0,0.1,0.3,0,0.0,75,923.0,2026428075,0.3,0.0
fig3_community_ve,884.0000000000001,0.1,0.3,0,0.0,76,884.0000000000001,2026428076,0.3,0.0
fig3_community_ve,827.0,0.1,0.3,0,0.0,77,827.0,2026428077,0.3,0.0
fig3_community_ve,830.0,0.1,0.3,0,0.0,78,830.0,2026428078,0.3,0.0
fig3_community_ve,1021.0,0.1,0.3,0,0.0,79,1021.0,2026428079,0.3,0.0
fig3_community_ve,976.9999999999999,0.1,0.3,0,0.0,80,976.9999999999999,2026428080,0.3,0.0
fig3_community_ve,790.0000000000001,0.1,0.3,0,0.0,81,790.0000000000001,2026428081,0.3,0.0
fig3_community_ve,744.0,0.1,0.3,0,0.0,82,744.0,2026428082,0.3,0.0
fig3_community_ve,739.0,0.1,0.3,0,0.0,83,739.0,2026428083,0.3,0.0
fig3_community_ve,816.0000000000001,0.1,0.3,0,0.0,84,816.0000000000001,2026428084,0.3,0.0
fig3_community_ve,623.0,0.1,0.3,0,0.0,85,623.0,2026428085,0.3,0.0
fig3_community_ve,731.0,0.1,0.3,0,0.0,86,731.0,2026428086,0.3,0.0
fig3_community_ve,721.0,0.1,0.3,0,0.0,87,721.0,2026428087,0.3,0.0
fig3_community_ve,1046.0,0.1,0.3,0,0.0,88,1046.0,2026428088,0.3,0.0
fig3_community_ve,607.0,0.1,0.3,0,0.0,89,607.0,2026428089,0.3,0.0
fig3_community_ve,660.0,0.1,0.3,0,0.0,90,660.0,2026428090,0.3,0.0
fig3_community_ve,1027.0,0.1,0.3,0,0.0,91,1027.0,2026428091,0.3,0.0
fig3_community_ve,889.0,0.1,0.3,0,0.0,92,889.0,2026428092,0.3,0.0
fig3_community_ve,717.0,0.1,0.3,0,0.0,93,717.0,2026428093,0.3,0.0
fig3_community_ve,950.0,0.1,0.3,0,0.0,94,950.0,2026428094,0.3,0.0
fig3_community_ve,925.9999999999999,0.1,0.3,0,0.0,95,925.9999999999999,2026428095,0.3,0.0
fig3_community_ve,976.9999999999999,0.1,0.3,0,0.0,96,976.9999999999999,2026428096,0.3,0.0
fig3_community_ve,1047.0,0.1,0.3,0,0.0,97,1047.0,2026428097,0.3,0.0
fig3_community_ve,902.0,0.1,0.3,0,0.0,98,902.0,2026428098,0.3,0.0
fig3_community_ve,1005.0,0.1,0.3,0,0.0,99,1005.0,2026428099,0.3,0.0
fig3_community_ve,818.9999999999999,0.1,0.3,0,3.4188034188034053,0,791.0,2026429000,0.3,0.15
fig3_community_ve,948.0000000000001,0.1,0.3,0,10.021097046413525,1,852.9999999999999,2026429001,0.3,0.15
fig3_community_ve,708.0,0.1,0.3,0,2.542372881355932,2,690.0,2026429002,0.3,0.15
fig3_community_ve,979.0,0.1,0.3,0,1.7364657814096016,3,962.0,2026429003,0.3,0.15
fig3_community_ve,665.0,0.1,0.3,0,-30.827067669172916,4,869.9999999999999,2026429004,0.3,0.15
fig3_community_ve,752.0,0.1,0.3,0,21.54255319148936,5,590.0,2026429005,0.3,0.15
fig3_community_ve,783.0,0.1,0.3,0,0.3831417624521073,6,780.0,2026429006,0.3,0.15
fig3_community_ve,1044.0,0.1,0.3,0,-2.0114942528735633,7,1065.0,2026429007,0.3,0.15
fig3_community_ve,921.0,0.1,0.3,0,30.293159609120522,8,642.0,2026429008,0.3,0.15
fig3_community_ve,982.0000000000001,0.1,0.3,0,26.069246435845223,9,726.0,2026429009,0.3,0.15
fig3_community_ve,750.0,0.1,0.3,0,3.8666666666666667,10,721.0,2026429010,0.3,0.15
fig3_community_ve,1411.0,0.1,0.3,0,30.120481927710834,11,986.0000000000001,2026429011,0.3,0.15
fig3_community_ve,906.0,0.1,0.3,0,12.030905077262693,12,797.0,2026429012,0.3,0.15
fig3_community_ve,766.0,0.1,0.3,0,-12.140992167101828,13,859.0,2026429013,0.3,0.15
fig3_community_ve,949.0,0.1,0.3,0,28.556375131717598,14,678.0,2026429014,0.3,0.15
fig3_community_ve,509.0,0.1,0.3,0,2.7504911591355485,15,495.00000000000006,2026429015,0.3,0.15
fig3_community_ve,692.0,0.1,0.3,0,-5.057803468208093,16,727.0,2026429016,0.3,0.15
fig3_community_ve,844.9999999999999,0.1,0.3,0,17.396449704142,17,698.0,2026429017,0.3,0.15
fig3_community_ve,1062.0,0.1,0.3,0,21.468926553672315,18,834.0,2026429018,0.3,0.15
fig3_community_ve,774.0,0.1,0.3,0,17.700258397932817,19,637.0,2026429019,0.3,0.15
fig3_community_ve,745.0,0.1,0.3,0,21.34228187919463,20,586.0,2026429020,0.3,0.15
fig3_community_ve,851.0,0.1,0.3,0,20.681551116333726,21,675.0,2026429021,0.3,0.15
fig3_community_ve,677.0,0.1,0.3,0,7.385524372230428,22,627.0,2026429022,0.3,0.15
fig3_community_ve,980.0,0.1,0.3,0,-15.816326530612244,23,1135.0,2026429023,0.3,0.15
fig3_community_ve,1377.0,0.1,0.3,0,30.501089324618736,24,957.0,2026429024,0.3,0.15
fig3_community_ve,882.0,0.1,0.3,0,8.049886621315204,25,810.9999999999999,2026429025,0.3,0.15
fig3_community_ve,766.0,0.1,0.3,0,1.8276762402088773,26,752.0,2026429026,0.3,0.15
fig3_community_ve,1013.0,0.1,0.3,0,9.772951628825272,27,914.0,2026429027,0.3,0.15
fig3_community_ve,755.0,0.1,0.3,0,0.5298013245033113,28,751.0,2026429028,0.3,0.15
fig3_community_ve,766.0,0.1,0.3,0,2.8720626631853787,29,744.0,2026429029,0.3,0.15
fig3_community_ve,955.0,0.1,0.3,0,20.6282722513089,30,758.0,2026429030,0.3,0.15
fig3_community_ve,889.0,0.1,0.3,0,16.985376827896513,31,738.0,2026429031,0.3,0.15
fig3_community_ve,920.0,0.1,0.3,0,17.934782608695652,32,755.0,2026429032,0.3,0.15
fig3_community_ve,661.0,0.1,0.3,0,21.482602118003026,33,519.0,2026429033,0.3,0.15
fig3_community_ve,952.0000000000001,0.1,0.3,0,7.66806722689078,34,878.9999999999999,2026429034,0.3,0.15
fig3_community_ve,824.0000000000001,0.1,0.3,0,9.830097087378652,35,743.0,2026429035,0.3,0.15
fig3_community_ve,773.0,0.1,0.3,0,-9.44372574385511,36,846.0,2026429036,0.3,0.15
fig3_community_ve,810.0,0.1,0.3,0,3.086419753086434,37,784.9999999999999,2026429037,0.3,0.15
fig3_community_ve,1066.0,0.1,0.3,0,8.25515947467167,38,978.0,2026429038,0.3,0.15
fig3_community_ve,804.0,0.1,0.3,0,5.597014925373134,39,759.0,2026429039,0.3,0.15
fig3_community_ve,1098.0,0.1,0.3,0,24.681238615664846,40,827.0,2026429040,0.3,0.15
fig3_community_ve,839.0,0.1,0.3,0,17.044100119189512,41,696.0,2026429041,0.3,0.15
fig3_community_ve,1058.0,0.1,0.3,0,37.33459357277883,42,663.0,2026429042,0.3,0.15
fig3_community_ve,909.0000000000001,0.1,0.3,0,3.1903190319032024,43,880.0,2026429043,0.3,0.15
fig3_community_ve,760.0,0.1,0.3,0,4.7368421052631575,44,724.0,2026429044,0.3,0.15
fig3_community_ve,805.0,0.1,0.3,0,6.459627329192546,45,753.0,2026429045,0.3,0.15
fig3_community_ve,588.0,0.1,0.3,0,-14.795918367346939,46,675.0,2026429046,0.3,0.15
fig3_community_ve,641.0,0.1,0.3,0,-5.928237129485179,47,679.0,2026429047,0.3,0.15
fig3_community_ve,945.0,0.1,0.3,0,-4.33862433862435,48,986.0000000000001,2026429048,0.3,0.15
fig3_community_ve,889.0,0.1,0.3,0,2.587176602924647,49,865.9999999999999,2026429049,0.3,0.15
fig3_community_ve,604.0,0.1,0.3,0,-16.05960264900662,50,701.0,2026429050,0.3,0.15
fig3_community_ve,1023.0,0.1,0.3,0,23.949169110459433,51,778.0,2026429051,0.3,0.15
fig3_community_ve,1074.0,0.1,0.3,0,41.80633147113594,52,625.0,2026429052,0.3,0.15
fig3_community_ve,728.0,0.1,0.3,0,16.346153846153847,53,609.0,2026429053,0.3,0.15
fig3_community_ve,1043.0,0.1,0.3,0,-1.0546500479386385,54,1054.0,2026429054,0.3,0.15
fig3_community_ve,755.0,0.1,0.3,0,11.390728476821192,55,669.0,2026429055,0.3,0.15
fig3_community_ve,639.0,0.1,0.3,0,38.810641627543035,56,391.0,2026429056,0.3,0.15
fig3_community_ve,869.9999999999999,0.1,0.3,0,5.172413793103436,57,825.0,2026429057,0.3,0.15
fig3_community_ve,830.0,0.1,0.3,0,8.55421686746988,58,759.0,2026429058,0.3,0.15
fig3_community_ve,859.0,0.1,0.3,0,5.820721769499418,59,809.0,2026429059,0.3,0.15
fig3_community_ve,848.0,0.1,0.3,0,6.721698113207547,60,791.0,2026429060,0.3,0.15
fig3_community_ve,856.0,0.1,0.3,0,-0.5841121495327103,61,861.0,2026429061,0.3,0.15
fig3_community_ve,848.0,0.1,0.3,0,8.13679245283019,62,779.0,2026429062,0.3,0.15
fig3_community_ve,846.0,0.1,0.3,0,14.184397163120567,63,726.0,2026429063,0.3,0.15
fig3_community_ve,769.0,0.1,0.3,0,4.9414824447334205,64,731.0,2026429064,0.3,0.15
fig3_community_ve,855.0,0.1,0.3,0,19.53216374269006,65,688.0,2026429065,0.3,0.15
fig3_community_ve,942.0,0.1,0.3,0,17.515923566878982,66,777.0,2026429066,0.3,0.15
fig3_community_ve,841.0000000000001,0.1,0.3,0,20.09512485136743,67,672.0,2026429067,0.3,0.15
fig3_community_ve,718.0,0.1,0.3,0,5.2924791086350975,68,680.0,2026429068,0.3,0.15
fig3_community_ve,959.9999999999999,0.1,0.3,0,9.583333333333323,69,868.0,2026429069,0.3,0.15
fig3_community_ve,805.0,0.1,0.3,0,16.770186335403725,70,670.0,2026429070,0.3,0.15
fig3_community_ve,959.0,0.1,0.3,0,11.261730969760167,71,851.0,2026429071,0.3,0.15
fig3_community_ve,906.0,0.1,0.3,0,8.498896247240618,72,829.0,2026429072,0.3,0.15
fig3_community_ve,984.0,0.1,0.3,0,21.443089430894307,73,773.0,2026429073,0.3,0.15
fig3_community_ve,843.0,0.1,0.3,0,21.58956109134045,74,661.0,2026429074,0.3,0.15
fig3_community_ve,844.9999999999999,0.1,0.3,0,24.023668639053245,75,642.0,2026429075,0.3,0.15
fig3_community_ve,649.0,0.1,0.3,0,6.933744221879815,76,604.0,2026429076,0.3,0.15
fig3_community_ve,659.0,0.1,0.3,0,41.88163884673748,77,383.0,2026429077,0.3,0.15
fig3_community_ve,489.0,0.1,0.3,0,-46.625766871165645,78,717.0,2026429078,0.3,0.15
fig3_community_ve,864.0,0.1,0.3,0,7.407407407407407,79,800.0,2026429079,0.3,0.15
fig3_community_ve,543.0,0.1,0.3,0,13.812154696132596,80,468.0,2026429080,0.3,0.15
fig3_community_ve,773.0,0.1,0.3,0,5.304010349288486,81,732.0,2026429081,0.3,0.15
fig3_community_ve,560.0,0.1,0.3,0,-38.214285714285715,82,774.0,2026429082,0.3,0.15
fig3_community_ve,955.0,0.1,0.3,0,-1.4659685863874465,83,969.0000000000001,2026429083,0.3,0.15
fig3_community_ve,847.0,0.1,0.3,0,8.382526564344746,84,776.0,2026429084,0.3,0.15
fig3_community_ve,806.0,0.1,0.3,0,18.734491315136477,85,655.0,2026429085,0.3,0.15
fig3_community_ve,1198.0,0.1,0.3,0,15.358931552587647,86,1014.0,2026429086,0.3,0.15
fig3_community_ve,728.0,0.1,0.3,0,14.148351648351648,87,625.0,2026429087,0.3,0.15
fig3_community_ve,736.0,0.1,0.3,0,14.130434782608695,88,632.0,2026429088,0.3,0.15
fig3_community_ve,573.0,0.1,0.3,0,-42.582897033158815,89,817.0,2026429089,0.3,0.15
fig3_community_ve,1043.0,0.1,0.3,0,10.258868648130393,90,936.0,2026429090,0.3,0.15
fig3_community_ve,945.0,0.1,0.3,0,21.058201058201057,91,746.0,2026429091,0.3,0.15
fig3_community_ve,991.0,0.1,0.3,0,-6.357214934409687,92,1054.0,2026429092,0.3,0.15
fig3_community_ve,695.0,0.1,0.3,0,5.611510791366906,93,656.0,2026429093,0.3,0.15
fig3_community_ve,840.0,0.1,0.3,0,13.80952380952381,94,724.0,2026429094,0.3,0.15
fig3_community_ve,691.0,0.1,0.3,0,5.499276410998553,95,653.0,2026429095,0.3,0.15
fig3_community_ve,1042.0,0.1,0.3,0,34.93282149712092,96,678.0,2026429096,0.3,0.15
fig3_community_ve,733.0,0.1,0.3,0,23.73806275579809,97,559.0,2026429097,0.3,0.15
fig3_community_ve,706.0,0.1,0.3,0,10.19830028328612,98,634.0,2026429098,0.3,0.15
fig3_community_ve,1003.0000000000001,0.1,0.3,0,4.2871385842472804,99,959.9999999999999,2026429099,0.3,0.15
fig3_community_ve,728.0,0.1,0.3,0,16.346153846153847,0,609.0,2026430000,0.3,0.3
fig3_community_ve,805.0,0.1,0.3,0,15.403726708074535,1,681.0,2026430001,0.3,0.3
fig3_community_ve,1150.0,0.1,0.3,0,39.82608695652174,2,692.0,2026430002,0.3,0.3
fig3_community_ve,701.0,0.1,0.3,0,33.666191155492164,3,464.99999999999994,2026430003,0.3,0.3
fig3_community_ve,561.0,0.1,0.3,0,19.964349376114082,4,449.0,2026430004,0.3,0.3
fig3_community_ve,1022.0,0.1,0.3,0,28.962818003913895,5,726.0,2026430005,0.3,0.3
fig3_community_ve,895.9999999999999,0.1,0.3,0,37.61160714285713,6,559.0,2026430006,0.3,0.3
fig3_community_ve,766.0,0.1,0.3,0,19.712793733681462,7,615.0,2026430007,0.3,0.3
fig3_community_ve,878.0,0.1,0.3,0,11.731207289293849,8,775.0,2026430008,0.3,0.3
fig3_community_ve,695.0,0.1,0.3,0,14.244604316546763,9,596.0,2026430009,0.3,0.3
fig3_community_ve,664.0,0.1,0.3,0,17.018072289156628,10,551.0,2026430010,0.3,0.3
fig3_community_ve,760.0,0.1,0.3,0,-23.81578947368421,11,941.0,2026430011,0.3,0.3
fig3_community_ve,958.0,0.1,0.3,0,18.997912317327767,12,776.0,2026430012,0.3,0.3
fig3_community_ve,1142.0,0.1,0.3,0,39.754816112084065,13,688.0,2026430013,0.3,0.3
fig3_community_ve,666.0,0.1,0.3,0,7.5075075075075075,14,616.0,2026430014,0.3,0.3
fig3_community_ve,829.0,0.1,0.3,0,35.70566948130278,15,533.0,2026430015,0.3,0.3
fig3_community_ve,718.0,0.1,0.3,0,40.11142061281337,16,430.0,2026430016,0.3,0.3
fig3_community_ve,894.0,0.1,0.3,0,21.364653243847876,17,703.0,2026430017,0.3,0.3
fig3_community_ve,974.0,0.1,0.3,0,32.54620123203286,18,657.0,2026430018,0.3,0.3
fig3_community_ve,946.9999999999999,0.1,0.3,0,29.567053854276654,19,667.0,2026430019,0.3,0.3
fig3_community_ve,631.0,0.1,0.3,0,13.47068145800317,20,546.0,2026430020,0.3,0.3
fig3_community_ve,715.0,0.1,0.3,0,11.888111888111888,21,630.0,2026430021,0.3,0.3
fig3_community_ve,984.9999999999999,0.1,0.3,0,35.83756345177664,22,632.0,2026430022,0.3,0.3
fig3_community_ve,846.0,0.1,0.3,0,20.56737588652482,23,672.0,2026430023,0.3,0.3
fig3_community_ve,793.9999999999999,0.1,0.3,0,6.171284634760692,24,745.0,2026430024,0.3,0.3
fig3_community_ve,797.0,0.1,0.3,0,16.4366373902133,25,666.0,2026430025,0.3,0.3
fig3_community_ve,1012.0,0.1,0.3,0,11.462450592885386,26,895.9999999999999,2026430026,0.3,0.3
fig3_community_ve,759.0,0.1,0.3,0,15.41501976284585,27,642.0,2026430027,0.3,0.3
fig3_community_ve,905.0000000000001,0.1,0.3,0,32.044198895027634,28,615.0,2026430028,0.3,0.3
fig3_community_ve,821.0,0.1,0.3,0,25.33495736906212,29,613.0,2026430029,0.3,0.3
fig3_community_ve,858.0000000000001,0.1,0.3,0,8.041958041958054,30,789.0,2026430030,0.3,0.3
fig3_community_ve,799.0000000000001,0.1,0.3,0,29.53692115143931,31,563.0,2026430031,0.3,0.3
fig3_community_ve,760.0,0.1,0.3,0,11.973684210526315,32,669.0,2026430032,0.3,0.3
fig3_community_ve,1218.0,0.1,0.3,0,25.451559934318556,33,908.0,2026430033,0.3,0.3
fig3_community_ve,952.0000000000001,0.1,0.3,0,2.521008403361356,34,928.0,2026430034,0.3,0.3
fig3_community_ve,812.0,0.1,0.3,0,27.216748768472907,35,591.0,2026430035,0.3,0.3
fig3_community_ve,874.0,0.1,0.3,0,21.96796338672769,36,682.0,2026430036,0.3,0.3
fig3_community_ve,847.0,0.1,0.3,0,12.632821723730814,37,740.0,2026430037,0.3,0.3
fig3_community_ve,956.0000000000001,0.1,0.3,0,29.2887029288703,38,676.0,2026430038,0.3,0.3
fig3_community_ve,841.0000000000001,0.1,0.3,0,12.485136741973852,39,736.0,2026430039,0.3,0.3
fig3_community_ve,942.0,0.1,0.3,0,32.696390658174096,40,634.0,2026430040,0.3,0.3
fig3_community_ve,1056.0,0.1,0.3,0,48.20075757575758,41,547.0,2026430041,0.3,0.3
fig3_community_ve,769.0,0.1,0.3,0,9.882964889466841,42,693.0,2026430042,0.3,0.3
fig3_community_ve,933.0,0.1,0.3,0,13.39764201500536,43,808.0,2026430043,0.3,0.3
fig3_community_ve,963.9999999999999,0.1,0.3,0,17.219917012448136,44,797.9999999999999,2026430044,0.3,0.3
fig3_community_ve,656.0,0.1,0.3,0,-0.9146341463414634,45,662.0,2026430045,0.3,0.3
fig3_community_ve,959.9999999999999,0.1,0.3,0,31.458333333333325,46,658.0,2026430046,0.3,0.3
fig3_community_ve,908.0,0.1,0.3,0,-1.982378854625538,47,925.9999999999999,2026430047,0.3,0.3
fig3_community_ve,1175.0,0.1,0.3,0,24.51063829787235,48,886.9999999999999,2026430048,0.3,0.3
fig3_community_ve,1159.0,0.1,0.3,0,21.570319240724753,49,909.0000000000001,2026430049,0.3,0.3
fig3_community_ve,929.9999999999999,0.1,0.3,0,24.301075268817197,50,704.0,2026430050,0.3,0.3
fig3_community_ve,585.0,0.1,0.3,0,-25.811965811965813,51,736.0,2026430051,0.3,0.3
fig3_community_ve,1039.0,0.1,0.3,0,13.474494706448509,52,899.0,2026430052,0.3,0.3
fig3_community_ve,965.0000000000001,0.1,0.3,0,13.88601036269431,53,831.0,2026430053,0.3,0.3
fig3_community_ve,729.0,0.1,0.3,0,25.78875171467764,54,541.0,2026430054,0.3,0.3
fig3_community_ve,603.0,0.1,0.3,0,-2.155887230514096,55,616.0,2026430055,0.3,0.3
fig3_community_ve,780.0,0.1,0.3,0,6.538461538461538,56,729.0,2026430056,0.3,0.3
fig3_community_ve,658.0,0.1,0.3,0,10.33434650455927,57,590.0,2026430057,0.3,0.3
fig3_community_ve,1110.0,0.1,0.3,0,42.252252252252255,58,641.0,2026430058,0.3,0.3
fig3_community_ve,768.0,0.1,0.3,0,19.791666666666668,59,616.0,2026430059,0.3,0.3
fig3_community_ve,868.0,0.1,0.3,0,30.52995391705069,60,603.0,2026430060,0.3,0.3
fig3_community_ve,1183.0,0.1,0.3,0,38.46153846153846,61,728.0,2026430061,0.3,0.3
fig3_community_ve,816.0000000000001,0.1,0.3,0,38.84803921568629,62,498.99999999999994,2026430062,0.3,0.3
fig3_community_ve,961.0,0.1,0.3,0,4.786680541103018,63,915.0,2026430063,0.3,0.3
fig3_community_ve,803.0000000000001,0.1,0.3,0,24.78206724782068,64,604.0,2026430064,0.3,0.3
fig3_community_ve,590.0,0.1,0.3,0,-5.423728813559322,65,622.0,2026430065,0.3,0.3
fig3_community_ve,741.0,0.1,0.3,0,10.796221322537113,66,661.0,2026430066,0.3,0.3
fig3_community_ve,790.0000000000001,0.1,0.3,0,23.544303797468366,67,604.0,2026430067,0.3,0.3
fig3_community_ve,732.0,0.1,0.3,0,-14.344262295081982,68,837.0000000000001,2026430068,0.3,0.3
fig3_community_ve,680.0,0.1,0.3,0,-0.29411764705882354,69,682.0,2026430069,0.3,0.3
fig3_community_ve,787.0,0.1,0.3,0,16.518424396442185,70,657.0,2026430070,0.3,0.3
fig3_community_ve,954.0,0.1,0.3,0,35.744234800838576,71,613.0,2026430071,0.3,0.3
fig3_community_ve,821.0,0.1,0.3,0,-1.0962241169305724,72,830.0,2026430072,0.3,0.3
fig3_community_ve,997.9999999999999,0.1,0.3,0,10.02004008016031,73,898.0,2026430073,0.3,0.3
fig3_community_ve,932.0,0.1,0.3,0,35.51502145922747,74,601.0,2026430074,0.3,0.3
fig3_community_ve,874.0,0.1,0.3,0,-3.089244851258594,75,901.0000000000001,2026430075,0.3,0.3
fig3_community_ve,929.0,0.1,0.3,0,31.646932185145317,76,635.0,2026430076,0.3,0.3
fig3_community_ve,669.0,0.1,0.3,0,20.328849028400597,77,533.0,2026430077,0.3,0.3
fig3_community_ve,864.0,0.1,0.3,0,21.875,78,675.0,2026430078,0.3,0.3
fig3_community_ve,668.0,0.1,0.3,0,32.48502994011976,79,451.0,2026430079,0.3,0.3
fig3_community_ve,632.0,0.1,0.3,0,-3.1645569620253164,80,652.0,2026430080,0.3,0.3
fig3_community_ve,1141.0,0.1,0.3,0,43.12007011393514,81,649.0,2026430081,0.3,0.3
fig3_community_ve,830.0,0.1,0.3,0,11.325301204819278,82,736.0,2026430082,0.3,0.3
fig3_community_ve,812.0,0.1,0.3,0,19.82758620689655,83,651.0,2026430083,0.3,0.3
fig3_community_ve,826.0,0.1,0.3,0,-2.9055690072639364,84,850.0000000000001,2026430084,0.3,0.3
fig3_community_ve,905.0000000000001,0.1,0.3,0,14.143646408839789,85,777.0,2026430085,0.3,0.3
fig3_community_ve,753.0,0.1,0.3,0,17.662682602921645,86,620.0,2026430086,0.3,0.3
fig3_community_ve,801.9999999999999,0.1,0.3,0,39.65087281795511,87,483.99999999999994,2026430087,0.3,0.3
fig3_community_ve,564.0,0.1,0.3,0,8.687943262411348,88,515.0,2026430088,0.3,0.3
fig3_community_ve,810.9999999999999,0.1,0.3,0,31.072749691738586,89,559.0,2026430089,0.3,0.3
fig3_community_ve,942.9999999999999,0.1,0.3,0,33.934252386002115,90,623.0,2026430090,0.3,0.3
fig3_community_ve,854.0000000000001,0.1,0.3,0,-2.810304449648698,91,878.0,2026430091,0.3,0.3
fig3_community_ve,949.0,0.1,0.3,0,9.5890410958904,92,858.0000000000001,2026430092,0.3,0.3
fig3_community_ve,1029.0,0.1,0.3,0,22.448979591836746,93,797.9999999999999,2026430093,0.3,0.3
fig3_community_ve,963.9999999999999,0.1,0.3,0,56.84647302904565,94,415.99999999999994,2026430094,0.3,0.3
fig3_community_ve,897.0,0.1,0.3,0,27.759197324414714,95,648.0,2026430095,0.3,0.3
fig3_community_ve,894.0,0.1,0.3,0,24.161073825503355,96,678.0,2026430096,0.3,0.3
fig3_community_ve,728.0,0.1,0.3,0,20.192307692307693,97,581.0,2026430097,0.3,0.3
fig3_community_ve,902.0,0.1,0.3,0,23.725055432372507,98,688.0,2026430098,0.3,0.3
fig3_community_ve,721.0,0.1,0.3,0,22.05270457697642,99,562.0,2026430099,0.3,0.3
fig3_community_ve,1095.0,0.1,0.3,0,44.018264840182646,0,613.0,2026431000,0.3,0.44999999999999996
fig3_community_ve,790.0000000000001,0.1,0.3,0,5.443037974683557,1,747.0,2026431001,0.3,0.44999999999999996
fig3_community_ve,599.0,0.1,0.3,0,14.023372287145243,2,515.0,2026431002,0.3,0.44999999999999996
fig3_community_ve,694.0,0.1,0.3,0,21.75792507204611,3,543.0,2026431003,0.3,0.44999999999999996
fig3_community_ve,508.00000000000006,0.1,0.3,0,-13.976377952755893,4,579.0,2026431004,0.3,0.44999999999999996
fig3_community_ve,703.0,0.1,0.3,0,20.056899004267425,5,562.0,2026431005,0.3,0.44999999999999996
fig3_community_ve,1166.0,0.1,0.3,0,35.506003430531734,6,752.0,2026431006,0.3,0.44999999999999996
fig3_community_ve,1383.0,0.1,0.3,0,35.71945046999277,7,889.0,2026431007,0.3,0.44999999999999996
fig3_community_ve,685.0,0.1,0.3,0,9.197080291970803,8,622.0,2026431008,0.3,0.44999999999999996
fig3_community_ve,868.0,0.1,0.3,0,28.68663594470046,9,619.0,2026431009,0.3,0.44999999999999996
fig3_community_ve,690.0,0.1,0.3,0,15.217391304347826,10,585.0,2026431010,0.3,0.44999999999999996
fig3_community_ve,750.0,0.1,0.3,0,34.26666666666666,11,493.00000000000006,2026431011,0.3,0.44999999999999996
fig3_community_ve,1242.0,0.1,0.3,0,36.07085346215782,12,793.9999999999999,2026431012,0.3,0.44999999999999996
fig3_community_ve,625.0,0.1,0.3,0,3.04,13,606.0,2026431013,0.3,0.44999999999999996
fig3_community_ve,648.0,0.1,0.3,0,-15.74074074074074,14,750.0,2026431014,0.3,0.44999999999999996
fig3_community_ve,1005.0,0.1,0.3,0,0.1990049751243668,15,1003.0000000000001,2026431015,0.3,0.44999999999999996
fig3_community_ve,729.0,0.1,0.3,0,38.40877914951989,16,449.0,2026431016,0.3,0.44999999999999996
fig3_community_ve,818.9999999999999,0.1,0.3,0,27.83882783882783,17,591.0,2026431017,0.3,0.44999999999999996
fig3_community_ve,797.9999999999999,0.1,0.3,0,15.037593984962394,18,678.0,2026431018,0.3,0.44999999999999996
fig3_community_ve,748.0,0.1,0.3,0,9.759358288770054,19,675.0,2026431019,0.3,0.44999999999999996
fig3_community_ve,882.0,0.1,0.3,0,21.08843537414966,20,696.0,2026431020,0.3,0.44999999999999996
fig3_community_ve,1085.0,0.1,0.3,0,19.35483870967741,21,875.0000000000001,2026431021,0.3,0.44999999999999996
fig3_community_ve,647.0,0.1,0.3,0,26.27511591962906,22,477.0,2026431022,0.3,0.44999999999999996
fig3_community_ve,755.0,0.1,0.3,0,10.860927152317881,23,673.0,2026431023,0.3,0.44999999999999996
fig3_community_ve,1017.0,0.1,0.3,0,29.891838741396263,24,713.0,2026431024,0.3,0.44999999999999996
fig3_community_ve,703.0,0.1,0.3,0,-0.1422475106685633,25,704.0,2026431025,0.3,0.44999999999999996
fig3_community_ve,777.0,0.1,0.3,0,9.00900900900901,26,707.0,2026431026,0.3,0.44999999999999996
fig3_community_ve,831.9999999999999,0.1,0.3,0,-1.3221153846153986,27,843.0,2026431027,0.3,0.44999999999999996
fig3_community_ve,820.0000000000001,0.1,0.3,0,22.07317073170733,28,639.0,2026431028,0.3,0.44999999999999996
fig3_community_ve,792.0,0.1,0.3,0,26.136363636363637,29,585.0,2026431029,0.3,0.44999999999999996
fig3_community_ve,830.0,0.1,0.3,0,27.10843373493976,30,605.0,2026431030,0.3,0.44999999999999996
fig3_community_ve,728.0,0.1,0.3,0,19.917582417582416,31,583.0,2026431031,0.3,0.44999999999999996
fig3_community_ve,852.9999999999999,0.1,0.3,0,21.805392731535747,32,667.0,2026431032,0.3,0.44999999999999996
fig3_community_ve,693.0,0.1,0.3,0,16.450216450216452,33,579.0,2026431033,0.3,0.44999999999999996
fig3_community_ve,493.00000000000006,0.1,0.3,0,22.718052738336723,34,381.0,2026431034,0.3,0.44999999999999996
fig3_community_ve,732.0,0.1,0.3,0,24.453551912568305,35,553.0,2026431035,0.3,0.44999999999999996
fig3_community_ve,962.0,0.1,0.3,0,38.565488565488565,36,591.0,2026431036,0.3,0.44999999999999996
fig3_community_ve,1069.0,0.1,0.3,0,32.834424695977546,37,718.0,2026431037,0.3,0.44999999999999996
fig3_community_ve,825.0,0.1,0.3,0,7.2727272727272725,38,765.0,2026431038,0.3,0.44999999999999996
fig3_community_ve,840.0,0.1,0.3,0,23.571428571428573,39,642.0,2026431039,0.3,0.44999999999999996
fig3_community_ve,775.0,0.1,0.3,0,18.193548387096776,40,634.0,2026431040,0.3,0.44999999999999996
fig3_community_ve,648.0,0.1,0.3,0,21.450617283950617,41,509.0,2026431041,0.3,0.44999999999999996
fig3_community_ve,647.0,0.1,0.3,0,8.0370942812983,42,595.0,2026431042,0.3,0.44999999999999996
fig3_community_ve,535.0,0.1,0.3,0,9.532710280373841,43,483.99999999999994,2026431043,0.3,0.44999999999999996
fig3_community_ve,1344.0,0.1,0.3,0,50.07440476190476,44,671.0,2026431044,0.3,0.44999999999999996
fig3_community_ve,742.0,0.1,0.3,0,18.733153638814017,45,603.0,2026431045,0.3,0.44999999999999996
fig3_community_ve,1047.0,0.1,0.3,0,32.85577841451767,46,703.0,2026431046,0.3,0.44999999999999996
fig3_community_ve,750.0,0.1,0.3,0,11.866666666666667,47,661.0,2026431047,0.3,0.44999999999999996
fig3_community_ve,731.0,0.1,0.3,0,19.288645690834475,48,590.0,2026431048,0.3,0.44999999999999996
fig3_community_ve,775.0,0.1,0.3,0,15.225806451612904,49,657.0,2026431049,0.3,0.44999999999999996
fig3_community_ve,868.0,0.1,0.3,0,15.783410138248849,50,731.0,2026431050,0.3,0.44999999999999996
fig3_community_ve,646.0,0.1,0.3,0,22.13622291021672,51,503.0,2026431051,0.3,0.44999999999999996
fig3_community_ve,639.0,0.1,0.3,0,44.44444444444444,52,355.0,2026431052,0.3,0.44999999999999996
fig3_community_ve,829.0,0.1,0.3,0,28.10615199034982,53,596.0,2026431053,0.3,0.44999999999999996
fig3_community_ve,793.0,0.1,0.3,0,27.868852459016395,54,572.0,2026431054,0.3,0.44999999999999996
fig3_community_ve,973.0000000000001,0.1,0.3,0,27.64645426515931,55,704.0,2026431055,0.3,0.44999999999999996
fig3_community_ve,514.0,0.1,0.3,0,-17.898832684824903,56,606.0,2026431056,0.3,0.44999999999999996
fig3_community_ve,748.0,0.1,0.3,0,2.9411764705882355,57,726.0,2026431057,0.3,0.44999999999999996
fig3_community_ve,782.0,0.1,0.3,0,31.9693094629156,58,532.0,2026431058,0.3,0.44999999999999996
fig3_community_ve,886.9999999999999,0.1,0.3,0,27.282976324689958,59,645.0,2026431059,0.3,0.44999999999999996
fig3_community_ve,1295.0,0.1,0.3,0,26.1003861003861,60,957.0,2026431060,0.3,0.44999999999999996
fig3_community_ve,586.0,0.1,0.3,0,-10.580204778156997,61,648.0,2026431061,0.3,0.44999999999999996
fig3_community_ve,1042.0,0.1,0.3,0,48.56046065259117,62,536.0,2026431062,0.3,0.44999999999999996
fig3_community_ve,1154.0,0.1,0.3,0,43.41421143847487,63,653.0,2026431063,0.3,0.44999999999999996
fig3_community_ve,732.0,0.1,0.3,0,27.049180327868854,64,534.0,2026431064,0.3,0.44999999999999996
fig3_community_ve,928.0,0.1,0.3,0,30.280172413793103,65,647.0,2026431065,0.3,0.44999999999999996
fig3_community_ve,616.0,0.1,0.3,0,28.733766233766232,66,439.0,2026431066,0.3,0.44999999999999996
fig3_community_ve,1078.0,0.1,0.3,0,11.50278293135436,67,954.0,2026431067,0.3,0.44999999999999996
fig3_community_ve,580.0,0.1,0.3,0,3.4482758620689653,68,560.0,2026431068,0.3,0.44999999999999996
fig3_community_ve,984.9999999999999,0.1,0.3,0,47.71573604060913,69,515.0,2026431069,0.3,0.44999999999999996
fig3_community_ve,863.0,0.1,0.3,0,3.1286210892236515,70,835.9999999999999,2026431070,0.3,0.44999999999999996
fig3_community_ve,547.0,0.1,0.3,0,19.744058500914075,71,439.0,2026431071,0.3,0.44999999999999996
fig3_community_ve,582.0,0.1,0.3,0,12.199312714776632,72,511.0,2026431072,0.3,0.44999999999999996
fig3_community_ve,606.0,0.1,0.3,0,8.745874587458745,73,553.0,2026431073,0.3,0.44999999999999996
fig3_community_ve,1084.0,0.1,0.3,0,38.284132841328415,74,669.0,2026431074,0.3,0.44999999999999996
fig3_community_ve,851.0,0.1,0.3,0,38.54289071680376,75,523.0,2026431075,0.3,0.44999999999999996
fig3_community_ve,1044.0,0.1,0.3,0,33.23754789272031,76,697.0,2026431076,0.3,0.44999999999999996
fig3_community_ve,611.0,0.1,0.3,0,-0.16366612111292964,77,612.0,2026431077,0.3,0.44999999999999996
fig3_community_ve,429.00000000000006,0.1,0.3,0,-23.076923076923062,78,528.0,2026431078,0.3,0.44999999999999996
fig3_community_ve,701.0,0.1,0.3,0,31.811697574893,79,478.00000000000006,2026431079,0.3,0.44999999999999996
fig3_community_ve,653.0,0.1,0.3,0,19.142419601837673,80,528.0,2026431080,0.3,0.44999999999999996
fig3_community_ve,840.0,0.1,0.3,0,22.142857142857142,81,654.0,2026431081,0.3,0.44999999999999996
fig3_community_ve,810.9999999999999,0.1,0.3,0,18.988902589395796,82,657.0,2026431082,0.3,0.44999999999999996
fig3_community_ve,593.0,0.1,0.3,0,33.72681281618886,83,393.00000000000006,2026431083,0.3,0.44999999999999996
fig3_community_ve,995.0,0.1,0.3,0,34.77386934673367,84,649.0,2026431084,0.3,0.44999999999999996
fig3_community_ve,916.9999999999999,0.1,0.3,0,29.98909487459105,85,642.0,2026431085,0.3,0.44999999999999996
fig3_community_ve,1090.0,0.1,0.3,0,50.642201834862384,86,538.0,2026431086,0.3,0.44999999999999996
fig3_community_ve,586.0,0.1,0.3,0,26.621160409556314,87,430.0,2026431087,0.3,0.44999999999999996
fig3_community_ve,649.0,0.1,0.3,0,9.70724191063174,88,586.0,2026431088,0.3,0.44999999999999996
fig3_community_ve,850.0000000000001,0.1,0.3,0,31.52941176470589,89,582.0,2026431089,0.3,0.44999999999999996
fig3_community_ve,982.0000000000001,0.1,0.3,0,41.03869653767822,90,579.0,2026431090,0.3,0.44999999999999996
fig3_community_ve,761.0,0.1,0.3,0,30.749014454664916,91,527.0,2026431091,0.3,0.44999999999999996
fig3_community_ve,712.0,0.1,0.3,0,18.820224719101123,92,578.0,2026431092,0.3,0.44999999999999996
fig3_community_ve,520.0,0.1,0.3,0,5.384615384615385,93,492.0,2026431093,0.3,0.44999999999999996
fig3_community_ve,1023.0,0.1,0.3,0,22.873900293255133,94,789.0,2026431094,0.3,0.44999999999999996
fig3_community_ve,1012.0,0.1,0.3,0,26.877470355731226,95,740.0,2026431095,0.3,0.44999999999999996
fig3_community_ve,1052.0,0.1,0.3,0,25.665399239543728,96,782.0,2026431096,0.3,0.44999999999999996
fig3_community_ve,603.0,0.1,0.3,0,38.97180762852405,97,368.0,2026431097,0.3,0.44999999999999996
fig3_community_ve,623.0,0.1,0.3,0,35.15248796147672,98,404.0,2026431098,0.3,0.44999999999999996
fig3_community_ve,707.0,0.1,0.3,0,24.611032531824613,99,533.0,2026431099,0.3,0.44999999999999996
fig3_community_ve,810.0,0.1,0.3,0,20.493827160493826,0,644.0,2026432000,0.3,0.6
fig3_community_ve,953.0,0.1,0.3,0,29.590766002098636,1,671.0,2026432001,0.3,0.6
fig3_community_ve,1228.0,0.1,0.3,0,48.127035830618894,2,637.0,2026432002,0.3,0.6
fig3_community_ve,953.0,0.1,0.3,0,39.24449108079748,3,579.0,2026432003,0.3,0.6
fig3_community_ve,755.0,0.1,0.3,0,19.337748344370862,4,609.0,2026432004,0.3,0.6
fig3_community_ve,909.0000000000001,0.1,0.3,0,36.413641364136424,5,578.0,2026432005,0.3,0.6
fig3_community_ve,831.9999999999999,0.1,0.3,0,7.572115384615373,6,769.0,2026432006,0.3,0.6
fig3_community_ve,958.0,0.1,0.3,0,23.48643006263048,7,733.0,2026432007,0.3,0.6
fig3_community_ve,972.0,0.1,0.3,0,45.267489711934154,8,532.0,2026432008,0.3,0.6
fig3_community_ve,671.0,0.1,0.3,0,33.532041728763026,9,446.00000000000006,2026432009,0.3,0.6
fig3_community_ve,924.0,0.1,0.3,0,46.42857142857142,10,495.00000000000006,2026432010,0.3,0.6
fig3_community_ve,1185.0,0.1,0.3,0,18.143459915611814,11,970.0,2026432011,0.3,0.6
fig3_community_ve,895.9999999999999,0.1,0.3,0,41.1830357142857,12,527.0,2026432012,0.3,0.6
fig3_community_ve,603.0,0.1,0.3,0,59.03814262023217,13,247.0,2026432013,0.3,0.6
fig3_community_ve,1103.0,0.1,0.3,0,42.15775158658205,14,638.0,2026432014,0.3,0.6
fig3_community_ve,818.9999999999999,0.1,0.3,0,35.77533577533577,15,526.0,2026432015,0.3,0.6
fig3_community_ve,720.0,0.1,0.3,0,8.055555555555555,16,662.0,2026432016,0.3,0.6
fig3_community_ve,969.0000000000001,0.1,0.3,0,41.89886480908154,17,563.0,2026432017,0.3,0.6
fig3_community_ve,841.0000000000001,0.1,0.3,0,42.56837098692034,18,483.0,2026432018,0.3,0.6
fig3_community_ve,881.0,0.1,0.3,0,37.457434733257664,19,551.0,2026432019,0.3,0.6
fig3_community_ve,1003.0000000000001,0.1,0.3,0,35.19441674975076,20,650.0,2026432020,0.3,0.6
fig3_community_ve,920.0,0.1,0.3,0,7.065217391304348,21,855.0,2026432021,0.3,0.6
fig3_community_ve,842.0,0.1,0.3,0,36.81710213776722,22,532.0,2026432022,0.3,0.6
fig3_community_ve,858.0000000000001,0.1,0.3,0,31.70163170163171,23,586.0,2026432023,0.3,0.6
fig3_community_ve,1001.9999999999999,0.1,0.3,0,39.82035928143711,24,603.0,2026432024,0.3,0.6
fig3_community_ve,825.0,0.1,0.3,0,29.696969696969695,25,580.0,2026432025,0.3,0.6
fig3_community_ve,789.0,0.1,0.3,0,33.58681875792142,26,524.0,2026432026,0.3,0.6
fig3_community_ve,685.0,0.1,0.3,0,35.76642335766423,27,440.0,2026432027,0.3,0.6
fig3_community_ve,671.0,0.1,0.3,0,43.21907600596125,28,381.0,2026432028,0.3,0.6
fig3_community_ve,669.0,0.1,0.3,0,38.56502242152467,29,411.0,2026432029,0.3,0.6
fig3_community_ve,899.9999999999999,0.1,0.3,0,24.444444444444436,30,680.0,2026432030,0.3,0.6
fig3_community_ve,899.0,0.1,0.3,0,31.145717463848722,31,619.0,2026432031,0.3,0.6
fig3_community_ve,967.0,0.1,0.3,0,25.749741468459153,32,718.0,2026432032,0.3,0.6
fig3_community_ve,783.0,0.1,0.3,0,40.74074074074074,33,464.0,2026432033,0.3,0.6
fig3_community_ve,1028.0,0.1,0.3,0,34.04669260700389,34,678.0,2026432034,0.3,0.6
fig3_community_ve,735.0,0.1,0.3,0,25.034013605442176,35,551.0,2026432035,0.3,0.6
fig3_community_ve,543.0,0.1,0.3,0,30.570902394106813,36,377.0,2026432036,0.3,0.6
fig3_community_ve,807.0000000000001,0.1,0.3,0,37.050805452292444,37,508.00000000000006,2026432037,0.3,0.6
fig3_community_ve,735.0,0.1,0.3,0,34.5578231292517,38,481.0,2026432038,0.3,0.6
fig3_community_ve,902.0,0.1,0.3,0,17.405764966740577,39,745.0,2026432039,0.3,0.6
fig3_community_ve,1103.0,0.1,0.3,0,11.242067089755214,40,979.0,2026432040,0.3,0.6
fig3_community_ve,996.0,0.1,0.3,0,47.59036144578313,41,522.0,2026432041,0.3,0.6
fig3_community_ve,801.0,0.1,0.3,0,24.094881398252184,42,608.0,2026432042,0.3,0.6
fig3_community_ve,750.0,0.1,0.3,0,27.466666666666665,43,544.0,2026432043,0.3,0.6
fig3_community_ve,949.0,0.1,0.3,0,34.66807165437302,44,620.0,2026432044,0.3,0.6
fig3_community_ve,686.0,0.1,0.3,0,42.857142857142854,45,392.0,2026432045,0.3,0.6
fig3_community_ve,933.9999999999999,0.1,0.3,0,32.119914346895065,46,634.0,2026432046,0.3,0.6
fig3_community_ve,500.99999999999994,0.1,0.3,0,8.183632734530928,47,460.0,2026432047,0.3,0.6
fig3_community_ve,588.0,0.1,0.3,0,13.775510204081632,48,507.0,2026432048,0.3,0.6
fig3_community_ve,762.0,0.1,0.3,0,20.73490813648294,49,604.0,2026432049,0.3,0.6
fig3_community_ve,1128.0,0.1,0.3,0,49.55673758865248,50,569.0,2026432050,0.3,0.6
fig3_community_ve,869.0,0.1,0.3,0,38.204833141542004,51,537.0,2026432051,0.3,0.6
fig3_community_ve,864.0,0.1,0.3,0,37.5,52,540.0,2026432052,0.3,0.6
fig3_community_ve,912.9999999999999,0.1,0.3,0,28.806133625410727,53,650.0,2026432053,0.3,0.6
fig3_community_ve,925.9999999999999,0.1,0.3,0,12.63498920086392,54,809.0,2026432054,0.3,0.6
fig3_community_ve,439.0,0.1,0.3,0,-13.439635535307517,55,498.0,2026432055,0.3,0.6
fig3_community_ve,1048.0,0.1,0.3,0,41.12595419847328,56,617.0,2026432056,0.3,0.6
fig3_community_ve,694.0,0.1,0.3,0,23.77521613832853,57,529.0,2026432057,0.3,0.6
fig3_community_ve,931.0,0.1,0.3,0,46.18689581095597,58,500.99999999999994,2026432058,0.3,0.6
fig3_community_ve,620.0,0.1,0.3,0,24.193548387096776,59,470.0,2026432059,0.3,0.6
fig3_community_ve,962.0,0.1,0.3,0,26.715176715176714,60,705.0,2026432060,0.3,0.6
fig3_community_ve,814.9999999999999,0.1,0.3,0,24.417177914110418,61,616.0,2026432061,0.3,0.6
fig3_community_ve,927.0,0.1,0.3,0,23.8403451995685,62,706.0,2026432062,0.3,0.6
fig3_community_ve,1010.9999999999999,0.1,0.3,0,30.36597428288822,63,704.0,2026432063,0.3,0.6
fig3_community_ve,946.0,0.1,0.3,0,-6.659619450317125,64,1009.0,2026432064,0.3,0.6
fig3_community_ve,873.0,0.1,0.3,0,24.169530355097365,65,662.0,2026432065,0.3,0.6
fig3_community_ve,840.0,0.1,0.3,0,21.547619047619047,66,659.0,2026432066,0.3,0.6
fig3_community_ve,718.0,0.1,0.3,0,47.910863509749305,67,374.0,2026432067,0.3,0.6
fig3_community_ve,680.0,0.1,0.3,0,20.441176470588236,68,541.0,2026432068,0.3,0.6
fig3_community_ve,965.0000000000001,0.1,0.3,0,40.82901554404146,69,571.0,2026432069,0.3,0.6
fig3_community_ve,724.0,0.1,0.3,0,10.220994475138122,70,650.0,2026432070,0.3,0.6
fig3_community_ve,919.0,0.1,0.3,0,21.653971708378673,71,720.0,2026432071,0.3,0.6
fig3_community_ve,839.0,0.1,0.3,0,26.221692491060786,72,619.0,2026432072,0.3,0.6
fig3_community_ve,784.0,0.1,0.3,0,35.45918367346939,73,506.0,2026432073,0.3,0.6
fig3_community_ve,795.0,0.1,0.3,0,24.27672955974843,74,602.0,2026432074,0.3,0.6
fig3_community_ve,988.0,0.1,0.3,0,29.858299595141702,75,693.0,2026432075,0.3,0.6
fig3_community_ve,680.0,0.1,0.3,0,25.88235294117647,76,504.0,2026432076,0.3,0.6
fig3_community_ve,967.9999999999999,0.1,0.3,0,41.322314049586765,77,568.0,2026432077,0.3,0.6
fig3_community_ve,780.0,0.1,0.3,0,27.94871794871795,78,562.0,2026432078,0.3,0.6
fig3_community_ve,861.0,0.1,0.3,0,19.97677119628339,79,689.0,2026432079,0.3,0.6
fig3_community_ve,1109.0,0.1,0.3,0,41.8394950405771,80,645.0,2026432080,0.3,0.6
fig3_community_ve,999.0000000000001,0.1,0.3,0,39.63963963963965,81,603.0,2026432081,0.3,0.6
fig3_community_ve,803.0000000000001,0.1,0.3,0,27.272727272727284,82,584.0,2026432082,0.3,0.6
fig3_community_ve,874.0,0.1,0.3,0,27.57437070938215,83,633.0,2026432083,0.3,0.6
fig3_community_ve,873.0,0.1,0.3,0,30.011454753722795,84,611.0,2026432084,0.3,0.6
fig3_community_ve,745.0,0.1,0.3,0,28.456375838926174,85,533.0,2026432085,0.3,0.6
fig3_community_ve,632.0,0.1,0.3,0,59.177215189873415,86,258.0,2026432086,0.3,0.6
fig3_community_ve,674.0,0.1,0.3,0,40.94955489614243,87,398.0,2026432087,0.3,0.6
fig3_community_ve,1336.0,0.1,0.3,0,34.88023952095809,88,869.9999999999999,2026432088,0.3,0.6
fig3_community_ve,891.0,0.1,0.3,0,41.63860830527497,89,520.0,2026432089,0.3,0.6
fig3_community_ve,655.0,0.1,0.3,0,0.15267175572519084,90,654.0,2026432090,0.3,0.6
fig3_community_ve,858.0000000000001,0.1,0.3,0,31.00233100233101,91,592.0,2026432091,0.3,0.6
fig3_community_ve,632.0,0.1,0.3,0,43.9873417721519,92,354.0,2026432092,0.3,0.6
fig3_community_ve,702.0,0.1,0.3,0,27.492877492877493,93,509.0,2026432093,0.3,0.6
fig3_community_ve,812.0,0.1,0.3,0,21.305418719211822,94,639.0,2026432094,0.3,0.6
fig3_community_ve,918.0000000000001,0.1,0.3,0,36.16557734204794,95,586.0,2026432095,0.3,0.6
fig3_community_ve,583.0,0.1,0.3,0,36.53516295025729,96,370.0,2026432096,0.3,0.6
fig3_community_ve,437.0,0.1,0.3,0,14.874141876430206,97,372.0,2026432097,0.3,0.6
fig3_community_ve,722.0,0.1,0.3,0,42.10526315789475,98,417.99999999999994,2026432098,0.3,0.6
fig3_community_ve,726.0,0.1,0.3,0,14.049586776859504,99,624.0,2026432099,0.3,0.6
fig3_community_ve,615.0,0.1,0.3,0,11.707317073170731,0,543.0,2026433000,0.3,0.75
fig3_community_ve,732.0,0.1,0.3,0,6.284153005464481,1,686.0,2026433001,0.3,0.75
fig3_community_ve,876.0,0.1,0.3,0,29.680365296803654,2,616.0,2026433002,0.3,0.75
fig3_community_ve,993.0,0.1,0.3,0,43.3031218529708,3,563.0,2026433003,0.3,0.75
fig3_community_ve,818.0,0.1,0.3,0,35.57457212713936,4,527.0,2026433004,0.3,0.75
fig3_community_ve,818.9999999999999,0.1,0.3,0,38.21733821733821,5,506.0,2026433005,0.3,0.75
fig3_community_ve,1038.0,0.1,0.3,0,42.00385356454721,6,602.0,2026433006,0.3,0.75
fig3_community_ve,801.9999999999999,0.1,0.3,0,27.805486284289266,7,579.0,2026433007,0.3,0.75
fig3_community_ve,936.0,0.1,0.3,0,32.47863247863248,8,632.0,2026433008,0.3,0.75
fig3_community_ve,722.0,0.1,0.3,0,34.62603878116344,9,472.0,2026433009,0.3,0.75
fig3_community_ve,500.99999999999994,0.1,0.3,0,-9.980039920159692,10,551.0,2026433010,0.3,0.75
fig3_community_ve,661.0,0.1,0.3,0,18.759455370650528,11,537.0,2026433011,0.3,0.75
fig3_community_ve,831.0,0.1,0.3,0,47.89410348977137,12,432.99999999999994,2026433012,0.3,0.75
fig3_community_ve,963.9999999999999,0.1,0.3,0,34.02489626556015,13,636.0,2026433013,0.3,0.75
fig3_community_ve,662.0,0.1,0.3,0,23.41389728096677,14,507.0,2026433014,0.3,0.75
fig3_community_ve,959.0,0.1,0.3,0,27.111574556830032,15,699.0,2026433015,0.3,0.75
fig3_community_ve,989.0,0.1,0.3,0,14.762386248736098,16,843.0,2026433016,0.3,0.75
fig3_community_ve,835.9999999999999,0.1,0.3,0,18.779904306220086,17,679.0,2026433017,0.3,0.75
fig3_community_ve,963.0,0.1,0.3,0,36.24091381100727,18,614.0,2026433018,0.3,0.75
fig3_community_ve,820.0000000000001,0.1,0.3,0,35.243902439024396,19,531.0,2026433019,0.3,0.75
fig3_community_ve,1163.0,0.1,0.3,0,38.865004299226136,20,711.0,2026433020,0.3,0.75
fig3_community_ve,888.0000000000001,0.1,0.3,0,30.180180180180187,21,620.0,2026433021,0.3,0.75
fig3_community_ve,759.0,0.1,0.3,0,45.981554677206844,22,410.00000000000006,2026433022,0.3,0.75
fig3_community_ve,932.0,0.1,0.3,0,50.321888412017174,23,462.99999999999994,2026433023,0.3,0.75
fig3_community_ve,803.0000000000001,0.1,0.3,0,41.469489414694905,24,470.0,2026433024,0.3,0.75
fig3_community_ve,478.00000000000006,0.1,0.3,0,32.426778242677834,25,323.0,2026433025,0.3,0.75
fig3_community_ve,859.0,0.1,0.3,0,26.30966239813737,26,633.0,2026433026,0.3,0.75
fig3_community_ve,617.0,0.1,0.3,0,16.369529983792546,27,516.0,2026433027,0.3,0.75
fig3_community_ve,696.0,0.1,0.3,0,37.21264367816092,28,437.0,2026433028,0.3,0.75
fig3_community_ve,710.0,0.1,0.3,0,24.507042253521128,29,536.0,2026433029,0.3,0.75
fig3_community_ve,995.0,0.1,0.3,0,46.33165829145729,30,534.0,2026433030,0.3,0.75
fig3_community_ve,556.0,0.1,0.3,0,19.424460431654687,31,447.99999999999994,2026433031,0.3,0.75
fig3_community_ve,965.0000000000001,0.1,0.3,0,48.49740932642488,32,496.99999999999994,2026433032,0.3,0.75
fig3_community_ve,897.0,0.1,0.3,0,42.25195094760312,33,518.0,2026433033,0.3,0.75
fig3_community_ve,1043.0,0.1,0.3,0,49.66442953020134,34,525.0,2026433034,0.3,0.75
fig3_community_ve,868.0,0.1,0.3,0,42.741935483870975,35,496.99999999999994,2026433035,0.3,0.75
fig3_community_ve,1128.0,0.1,0.3,0,37.765957446808514,36,702.0,2026433036,0.3,0.75
fig3_community_ve,898.0,0.1,0.3,0,24.72160356347439,37,676.0,2026433037,0.3,0.75
fig3_community_ve,878.0,0.1,0.3,0,49.43052391799544,38,444.00000000000006,2026433038,0.3,0.75
fig3_community_ve,1001.0,0.1,0.3,0,25.874125874125873,39,742.0,2026433039,0.3,0.75
fig3_community_ve,810.0,0.1,0.3,0,47.03703703703703,40,429.00000000000006,2026433040,0.3,0.75
fig3_community_ve,1221.0,0.1,0.3,0,52.90745290745291,41,575.0,2026433041,0.3,0.75
fig3_community_ve,903.9999999999999,0.1,0.3,0,34.070796460176986,42,596.0,2026433042,0.3,0.75
fig3_community_ve,679.0,0.1,0.3,0,7.069219440353461,43,631.0,2026433043,0.3,0.75
fig3_community_ve,892.0000000000001,0.1,0.3,0,41.14349775784754,44,525.0,2026433044,0.3,0.75
fig3_community_ve,671.0,0.1,0.3,0,19.374068554396423,45,541.0,2026433045,0.3,0.75
fig3_community_ve,554.0,0.1,0.3,0,28.51985559566787,46,396.0,2026433046,0.3,0.75
fig3_community_ve,1024.0,0.1,0.3,0,41.015625,47,604.0,2026433047,0.3,0.75
fig3_community_ve,835.0,0.1,0.3,0,30.538922155688624,48,580.0,2026433048,0.3,0.75
fig3_community_ve,683.0,0.1,0.3,0,25.47584187408492,49,509.0,2026433049,0.3,0.75
fig3_community_ve,659.0,0.1,0.3,0,26.403641881638848,50,485.0,2026433050,0.3,0.75
fig3_community_ve,629.0,0.1,0.3,0,24.96025437201908,51,472.0,2026433051,0.3,0.75
fig3_community_ve,797.0,0.1,0.3,0,11.91969887076537,52,702.0,2026433052,0.3,0.75
fig3_community_ve,696.0,0.1,0.3,0,39.367816091954026,53,422.0,2026433053,0.3,0.75
fig3_community_ve,889.0,0.1,0.3,0,46.344206974128234,54,477.0,2026433054,0.3,0.75
fig3_community_ve,1100.0,0.1,0.3,0,38.36363636363637,55,678.0,2026433055,0.3,0.75
fig3_community_ve,716.0,0.1,0.3,0,34.21787709497207,56,471.0,2026433056,0.3,0.75
fig3_community_ve,635.0,0.1,0.3,0,35.59055118110236,57,409.0,2026433057,0.3,0.75
fig3_community_ve,916.0,0.1,0.3,0,38.646288209606986,58,562.0,2026433058,0.3,0.75
fig3_community_ve,588.0,0.1,0.3,0,30.952380952380953,59,406.0,2026433059,0.3,0.75
fig3_community_ve,1058.0,0.1,0.3,0,29.300567107750474,60,748.0,2026433060,0.3,0.75
fig3_community_ve,720.0,0.1,0.3,0,16.25,61,603.0,2026433061,0.3,0.75
fig3_community_ve,805.0,0.1,0.3,0,16.52173913043478,62,672.0,2026433062,0.3,0.75
fig3_community_ve,914.0,0.1,0.3,0,34.68271334792122,63,597.0,2026433063,0.3,0.75
fig3_community_ve,924.0,0.1,0.3,0,41.34199134199134,64,542.0,2026433064,0.3,0.75
fig3_community_ve,895.0,0.1,0.3,0,33.74301675977654,65,593.0,2026433065,0.3,0.75
fig3_community_ve,959.0,0.1,0.3,0,52.033368091762256,66,460.0,2026433066,0.3,0.75
fig3_community_ve,1122.0,0.1,0.3,0,43.31550802139037,67,636.0,2026433067,0.3,0.75
fig3_community_ve,667.0,0.1,0.3,0,24.737631184407796,68,502.0,2026433068,0.3,0.75
fig3_community_ve,727.0,0.1,0.3,0,31.636863823933986,69,496.99999999999994,2026433069,0.3,0.75
fig3_community_ve,889.0,0.1,0.3,0,21.147356580427445,70,701.0,2026433070,0.3,0.75
fig3_community_ve,1119.0,0.1,0.3,0,37.622877569258264,71,698.0,2026433071,0.3,0.75
fig3_community_ve,1118.0,0.1,0.3,0,47.674418604651166,72,585.0,2026433072,0.3,0.75
fig3_community_ve,875.0000000000001,0.1,0.3,0,32.34285714285715,73,592.0,2026433073,0.3,0.75
fig3_community_ve,946.0,0.1,0.3,0,34.038054968287526,74,624.0,2026433074,0.3,0.75
fig3_community_ve,658.0,0.1,0.3,0,24.772036474164125,75,495.00000000000006,2026433075,0.3,0.75
fig3_community_ve,1239.0,0.1,0.3,0,45.60129136400323,76,674.0,2026433076,0.3,0.75
fig3_community_ve,745.0,0.1,0.3,0,45.369127516778526,77,407.0,2026433077,0.3,0.75
fig3_community_ve,781.0,0.1,0.3,0,26.12035851472471,78,577.0,2026433078,0.3,0.75
fig3_community_ve,850.0000000000001,0.1,0.3,0,38.58823529411766,79,522.0,2026433079,0.3,0.75
fig3_community_ve,604.0,0.1,0.3,0,39.0728476821192,80,368.0,2026433080,0.3,0.75
fig3_community_ve,914.0,0.1,0.3,0,45.951859956236326,81,494.0,2026433081,0.3,0.75
fig3_community_ve,865.0,0.1,0.3,0,22.08092485549133,82,674.0,2026433082,0.3,0.75
fig3_community_ve,655.0,0.1,0.3,0,40.916030534351144,83,387.0,2026433083,0.3,0.75
fig3_community_ve,735.0,0.1,0.3,0,24.625850340136054,84,554.0,2026433084,0.3,0.75
fig3_community_ve,818.9999999999999,0.1,0.3,0,48.59584859584859,85,421.0,2026433085,0.3,0.75
fig3_community_ve,944.0,0.1,0.3,0,22.88135593220339,86,728.0,2026433086,0.3,0.75
fig3_community_ve,440.0,0.1,0.3,0,5.909090909090922,87,413.99999999999994,2026433087,0.3,0.75
fig3_community_ve,1159.0,0.1,0.3,0,36.5832614322692,88,735.0,2026433088,0.3,0.75
fig3_community_ve,764.0,0.1,0.3,0,36.38743455497382,89,486.0,2026433089,0.3,0.75
fig3_community_ve,772.0,0.1,0.3,0,12.694300518134716,90,674.0,2026433090,0.3,0.75
fig3_community_ve,1092.0,0.1,0.3,0,52.1978021978022,91,522.0,2026433091,0.3,0.75
fig3_community_ve,990.0000000000001,0.1,0.3,0,42.424242424242436,92,570.0,2026433092,0.3,0.75
fig3_community_ve,801.0,0.1,0.3,0,41.94756554307117,93,464.99999999999994,2026433093,0.3,0.75
fig3_community_ve,924.0,0.1,0.3,0,48.26839826839826,94,478.00000000000006,2026433094,0.3,0.75
fig3_community_ve,656.0,0.1,0.3,0,25.304878048780488,95,490.0,2026433095,0.3,0.75
fig3_community_ve,993.9999999999999,0.1,0.3,0,33.60160965794768,96,660.0,2026433096,0.3,0.75
fig3_community_ve,1169.0,0.1,0.3,0,43.455945252352436,97,661.0,2026433097,0.3,0.75
fig3_community_ve,658.0,0.1,0.3,0,41.641337386018236,98,384.0,2026433098,0.3,0.75
fig3_community_ve,875.0000000000001,0.1,0.3,0,36.00000000000001,99,560.0,2026433099,0.3,0.75
fig3_community_ve,795.0,0.1,0.3,0,43.89937106918238,0,446.00000000000006,2026434000,0.3,0.9
fig3_community_ve,782.0,0.1,0.3,0,7.289002557544757,1,725.0,2026434001,0.3,0.9
fig3_community_ve,850.0000000000001,0.1,0.3,0,50.47058823529413,2,421.0,2026434002,0.3,0.9
fig3_community_ve,491.00000000000006,0.1,0.3,0,1.4256619144603082,3,483.99999999999994,2026434003,0.3,0.9
fig3_community_ve,859.0,0.1,0.3,0,37.019790454016295,4,541.0,2026434004,0.3,0.9
fig3_community_ve,705.0,0.1,0.3,0,-13.049645390070921,5,797.0,2026434005,0.3,0.9
fig3_community_ve,1081.0,0.1,0.3,0,46.160962072155414,6,582.0,2026434006,0.3,0.9
fig3_community_ve,629.0,0.1,0.3,0,33.70429252782194,7,417.0,2026434007,0.3,0.9
fig3_community_ve,1137.0,0.1,0.3,0,42.040457343887425,8,659.0,2026434008,0.3,0.9
fig3_community_ve,821.0,0.1,0.3,0,18.270401948842874,9,671.0,2026434009,0.3,0.9
fig3_community_ve,777.0,0.1,0.3,0,45.43114543114543,10,424.0,2026434010,0.3,0.9
fig3_community_ve,726.0,0.1,0.3,0,36.08815426997245,11,464.0,2026434011,0.3,0.9
fig3_community_ve,927.0,0.1,0.3,0,28.37108953613808,12,664.0,2026434012,0.3,0.9
fig3_community_ve,808.0,0.1,0.3,0,25.61881188118812,13,601.0,2026434013,0.3,0.9
fig3_community_ve,687.0,0.1,0.3,0,33.47889374090247,14,457.0,2026434014,0.3,0.9
fig3_community_ve,1258.0,0.1,0.3,0,51.033386327503976,15,616.0,2026434015,0.3,0.9
fig3_community_ve,1103.0,0.1,0.3,0,40.16319129646419,16,660.0,2026434016,0.3,0.9
fig3_community_ve,1060.0,0.1,0.3,0,44.15094339622642,17,592.0,2026434017,0.3,0.9
fig3_community_ve,1017.0,0.1,0.3,0,35.004916420845625,18,661.0,2026434018,0.3,0.9
fig3_community_ve,366.0,0.1,0.3,0,44.2622950819672,19,204.00000000000003,2026434019,0.3,0.9
fig3_community_ve,774.0,0.1,0.3,0,36.3049095607235,20,493.00000000000006,2026434020,0.3,0.9
fig3_community_ve,810.0,0.1,0.3,0,40.123456790123456,21,485.0,2026434021,0.3,0.9
fig3_community_ve,801.9999999999999,0.1,0.3,0,17.705735660847868,22,660.0,2026434022,0.3,0.9
fig3_community_ve,909.0000000000001,0.1,0.3,0,53.90539053905391,23,419.0,2026434023,0.3,0.9
fig3_community_ve,854.0000000000001,0.1,0.3,0,10.88992974238877,24,761.0,2026434024,0.3,0.9
fig3_community_ve,997.0,0.1,0.3,0,44.33299899699097,25,555.0,2026434025,0.3,0.9
fig3_community_ve,1008.0,0.1,0.3,0,50.79365079365079,26,496.0,2026434026,0.3,0.9
fig3_community_ve,805.0,0.1,0.3,0,41.49068322981366,27,471.0,2026434027,0.3,0.9
fig3_community_ve,851.0,0.1,0.3,0,35.370152761457106,28,550.0,2026434028,0.3,0.9
fig3_community_ve,602.0,0.1,0.3,0,30.398671096345517,29,419.0,2026434029,0.3,0.9
fig3_community_ve,759.0,0.1,0.3,0,36.62714097496706,30,481.0,2026434030,0.3,0.9
fig3_community_ve,806.0,0.1,0.3,0,24.81389578163772,31,606.0,2026434031,0.3,0.9
fig3_community_ve,966.0,0.1,0.3,0,44.51345755693582,32,536.0,2026434032,0.3,0.9
fig3_community_ve,1139.0,0.1,0.3,0,33.187006145741876,33,761.0,2026434033,0.3,0.9
fig3_community_ve,796.0,0.1,0.3,0,21.482412060301506,34,625.0,2026434034,0.3,0.9
fig3_community_ve,573.0,0.1,0.3,0,14.485165794066317,35,490.0,2026434035,0.3,0.9
fig3_community_ve,940.0,0.1,0.3,0,25.0,36,705.0,2026434036,0.3,0.9
fig3_community_ve,722.0,0.1,0.3,0,43.905817174515235,37,405.0,2026434037,0.3,0.9
fig3_community_ve,958.0,0.1,0.3,0,43.84133611691023,38,538.0,2026434038,0.3,0.9
fig3_community_ve,865.9999999999999,0.1,0.3,0,32.678983833718235,39,583.0,2026434039,0.3,0.9
fig3_community_ve,1064.0,0.1,0.3,0,53.57142857142857,40,494.0,2026434040,0.3,0.9
fig3_community_ve,955.0,0.1,0.3,0,43.97905759162304,41,535.0,2026434041,0.3,0.9
fig3_community_ve,1165.0,0.1,0.3,0,34.84978540772532,42,759.0,2026434042,0.3,0.9
fig3_community_ve,1024.0,0.1,0.3,0,36.62109375,43,649.0,2026434043,0.3,0.9
fig3_community_ve,980.0,0.1,0.3,0,38.673469387755105,44,601.0,2026434044,0.3,0.9
fig3_community_ve,650.0,0.1,0.3,0,44.46153846153846,45,361.0,2026434045,0.3,0.9
fig3_community_ve,876.0,0.1,0.3,0,43.37899543378995,46,496.0,2026434046,0.3,0.9
fig3_community_ve,872.0,0.1,0.3,0,44.15137614678899,47,487.0,2026434047,0.3,0.9
fig3_community_ve,797.9999999999999,0.1,0.3,0,42.481203007518786,48,459.00000000000006,2026434048,0.3,0.9
fig3_community_ve,835.9999999999999,0.1,0.3,0,39.11483253588516,49,509.0,2026434049,0.3,0.9
fig3_community_ve,694.0,0.1,0.3,0,25.072046109510087,50,520.0,2026434050,0.3,0.9
fig3_community_ve,1060.0,0.1,0.3,0,30.754716981132077,51,734.0,2026434051,0.3,0.9
fig3_community_ve,1084.0,0.1,0.3,0,29.981549815498155,52,759.0,2026434052,0.3,0.9
fig3_community_ve,631.0,0.1,0.3,0,26.624405705229805,53,462.99999999999994,2026434053,0.3,0.9
fig3_community_ve,693.0,0.1,0.3,0,37.085137085137085,54,436.0,2026434054,0.3,0.9
fig3_community_ve,932.0,0.1,0.3,0,31.759656652360515,55,636.0,2026434055,0.3,0.9
fig3_community_ve,635.0,0.1,0.3,0,37.95275590551181,56,394.0,2026434056,0.3,0.9
fig3_community_ve,946.0,0.1,0.3,0,29.281183932346725,57,669.0,2026434057,0.3,0.9
fig3_community_ve,844.0,0.1,0.3,0,31.872037914691944,58,575.0,2026434058,0.3,0.9
fig3_community_ve,912.9999999999999,0.1,0.3,0,33.187294633077755,59,610.0,2026434059,0.3,0.9
fig3_community_ve,1086.0,0.1,0.3,0,50.0,60,543.0,2026434060,0.3,0.9
fig3_community_ve,624.0,0.1,0.3,0,-0.8012820512820513,61,629.0,2026434061,0.3,0.9
fig3_community_ve,629.0,0.1,0.3,0,4.133545310015898,62,603.0,2026434062,0.3,0.9
fig3_community_ve,777.0,0.1,0.3,0,36.67953667953668,63,492.0,2026434063,0.3,0.9
fig3_community_ve,747.0,0.1,0.3,0,31.726907630522078,64,510.00000000000006,2026434064,0.3,0.9
fig3_community_ve,737.0,0.1,0.3,0,25.64450474898236,65,548.0,2026434065,0.3,0.9
fig3_community_ve,875.0000000000001,0.1,0.3,0,43.77142857142858,66,492.0,2026434066,0.3,0.9
fig3_community_ve,652.0,0.1,0.3,0,42.63803680981595,67,374.0,2026434067,0.3,0.9
fig3_community_ve,949.0,0.1,0.3,0,37.72391991570074,68,591.0,2026434068,0.3,0.9
fig3_community_ve,343.0,0.1,0.3,0,9.329446064139942,69,311.0,2026434069,0.3,0.9
fig3_community_ve,589.0,0.1,0.3,0,23.25976230899831,70,451.99999999999994,2026434070,0.3,0.9
fig3_community_ve,877.0,0.1,0.3,0,23.3751425313569,71,672.0,2026434071,0.3,0.9
fig3_community_ve,1013.0,0.1,0.3,0,50.8390918065153,72,498.0,2026434072,0.3,0.9
fig3_community_ve,885.0,0.1,0.3,0,28.70056497175141,73,631.0,2026434073,0.3,0.9
fig3_community_ve,767.0,0.1,0.3,0,25.684485006518905,74,570.0,2026434074,0.3,0.9
fig3_community_ve,599.0,0.1,0.3,0,25.54257095158597,75,446.00000000000006,2026434075,0.3,0.9
fig3_community_ve,1071.0,0.1,0.3,0,34.08029878618114,76,706.0,2026434076,0.3,0.9
fig3_community_ve,1067.0,0.1,0.3,0,40.299906279287725,77,637.0,2026434077,0.3,0.9
fig3_community_ve,809.0,0.1,0.3,0,44.870210135970325,78,446.00000000000006,2026434078,0.3,0.9
fig3_community_ve,1102.0,0.1,0.3,0,45.5535390199637,79,600.0,2026434079,0.3,0.9
fig3_community_ve,816.0000000000001,0.1,0.3,0,46.20098039215687,80,439.0,2026434080,0.3,0.9
fig3_community_ve,869.0,0.1,0.3,0,23.590333716915996,81,664.0,2026434081,0.3,0.9
fig3_community_ve,967.9999999999999,0.1,0.3,0,45.04132231404958,82,532.0,2026434082,0.3,0.9
fig3_community_ve,827.0,0.1,0.3,0,48.36759371221281,83,427.00000000000006,2026434083,0.3,0.9
fig3_community_ve,772.0,0.1,0.3,0,42.09844559585492,84,447.0,2026434084,0.3,0.9
fig3_community_ve,1063.0,0.1,0.3,0,48.63593603010348,85,546.0,2026434085,0.3,0.9
fig3_community_ve,713.0,0.1,0.3,0,33.23983169705469,86,476.00000000000006,2026434086,0.3,0.9
fig3_community_ve,918.0000000000001,0.1,0.3,0,28.75816993464053,87,654.0,2026434087,0.3,0.9
fig3_community_ve,1110.0,0.1,0.3,0,42.972972972972975,88,633.0,2026434088,0.3,0.9
fig3_community_ve,485.0,0.1,0.3,0,14.43298969072165,89,415.0,2026434089,0.3,0.9
fig3_community_ve,770.0,0.1,0.3,0,39.87012987012988,90,462.99999999999994,2026434090,0.3,0.9
fig3_community_ve,1151.0,0.1,0.3,0,40.05212858384014,91,690.0,2026434091,0.3,0.9
fig3_community_ve,987.0,0.1,0.3,0,36.474164133738604,92,627.0,2026434092,0.3,0.9
fig3_community_ve,515.0,0.1,0.3,0,27.961165048543688,93,371.0,2026434093,0.3,0.9
fig3_community_ve,1141.0,0.1,0.3,0,45.04820333041192,94,627.0,2026434094,0.3,0.9
fig3_community_ve,1042.0,0.1,0.3,0,46.449136276391556,95,558.0,2026434095,0.3,0.9
fig3_community_ve,766.0,0.1,0.3,0,43.99477806788511,96,429.00000000000006,2026434096,0.3,0.9
fig3_community_ve,587.0,0.1,0.3,0,36.11584327086882,97,375.0,2026434097,0.3,0.9
fig3_community_ve,935.0000000000001,0.1,0.3,0,48.128342245989316,98,485.0,2026434098,0.3,0.9
fig3_community_ve,723.0,0.1,0.3,0,39.55739972337483,99,437.0,2026434099,0.3,0.9
fig3_community_ve,1266.0,0.2,0.3,0,0.0,0,1266.0,2026435000,0.3,0.0
fig3_community_ve,966.0,0.2,0.3,0,0.0,1,966.0,2026435001,0.3,0.0
fig3_community_ve,611.0,0.2,0.3,0,0.0,2,611.0,2026435002,0.3,0.0
fig3_community_ve,747.0,0.2,0.3,0,0.0,3,747.0,2026435003,0.3,0.0
fig3_community_ve,1070.0,0.2,0.3,0,0.0,4,1070.0,2026435004,0.3,0.0
fig3_community_ve,868.0,0.2,0.3,0,0.0,5,868.0,2026435005,0.3,0.0
fig3_community_ve,888.0000000000001,0.2,0.3,0,0.0,6,888.0000000000001,2026435006,0.3,0.0
fig3_community_ve,910.0,0.2,0.3,0,0.0,7,910.0,2026435007,0.3,0.0
fig3_community_ve,578.0,0.2,0.3,0,0.0,8,578.0,2026435008,0.3,0.0
fig3_community_ve,784.9999999999999,0.2,0.3,0,0.0,9,784.9999999999999,2026435009,0.3,0.0
fig3_community_ve,625.0,0.2,0.3,0,0.0,10,625.0,2026435010,0.3,0.0
fig3_community_ve,797.0,0.2,0.3,0,0.0,11,797.0,2026435011,0.3,0.0
fig3_community_ve,850.0000000000001,0.2,0.3,0,0.0,12,850.0000000000001,2026435012,0.3,0.0
fig3_community_ve,625.0,0.2,0.3,0,0.0,13,625.0,2026435013,0.3,0.0
fig3_community_ve,881.0,0.2,0.3,0,0.0,14,881.0,2026435014,0.3,0.0
fig3_community_ve,957.0,0.2,0.3,0,0.0,15,957.0,2026435015,0.3,0.0
fig3_community_ve,944.0,0.2,0.3,0,0.0,16,944.0,2026435016,0.3,0.0
fig3_community_ve,475.0,0.2,0.3,0,0.0,17,475.0,2026435017,0.3,0.0
fig3_community_ve,1014.0,0.2,0.3,0,0.0,18,1014.0,2026435018,0.3,0.0
fig3_community_ve,1031.0,0.2,0.3,0,0.0,19,1031.0,2026435019,0.3,0.0
fig3_community_ve,1077.0,0.2,0.3,0,0.0,20,1077.0,2026435020,0.3,0.0
fig3_community_ve,889.0,0.2,0.3,0,0.0,21,889.0,2026435021,0.3,0.0
fig3_community_ve,663.0,0.2,0.3,0,0.0,22,663.0,2026435022,0.3,0.0
fig3_community_ve,830.0,0.2,0.3,0,0.0,23,830.0,2026435023,0.3,0.0
fig3_community_ve,661.0,0.2,0.3,0,0.0,24,661.0,2026435024,0.3,0.0
fig3_community_ve,733.0,0.2,0.3,0,0.0,25,733.0,2026435025,0.3,0.0
fig3_community_ve,741.0,0.2,0.3,0,0.0,26,741.0,2026435026,0.3,0.0
fig3_community_ve,549.0,0.2,0.3,0,0.0,27,549.0,2026435027,0.3,0.0
fig3_community_ve,759.0,0.2,0.3,0,0.0,28,759.0,2026435028,0.3,0.0
fig3_community_ve,755.0,0.2,0.3,0,0.0,29,755.0,2026435029,0.3,0.0
fig3_community_ve,1175.0,0.2,0.3,0,0.0,30,1175.0,2026435030,0.3,0.0
fig3_community_ve,861.9999999999999,0.2,0.3,0,0.0,31,861.9999999999999,2026435031,0.3,0.0
fig3_community_ve,997.9999999999999,0.2,0.3,0,0.0,32,997.9999999999999,2026435032,0.3,0.0
fig3_community_ve,921.0,0.2,0.3,0,0.0,33,921.0,2026435033,0.3,0.0
fig3_community_ve,702.0,0.2,0.3,0,0.0,34,702.0,2026435034,0.3,0.0
fig3_community_ve,768.0,0.2,0.3,0,0.0,35,768.0,2026435035,0.3,0.0
fig3_community_ve,805.0,0.2,0.3,0,0.0,36,805.0,2026435036,0.3,0.0
fig3_community_ve,1001.0,0.2,0.3,0,0.0,37,1001.0,2026435037,0.3,0.0
fig3_community_ve,966.0,0.2,0.3,0,0.0,38,966.0,2026435038,0.3,0.0
fig3_community_ve,744.0,0.2,0.3,0,0.0,39,744.0,2026435039,0.3,0.0
fig3_community_ve,901.0000000000001,0.2,0.3,0,0.0,40,901.0000000000001,2026435040,0.3,0.0
fig3_community_ve,910.0,0.2,0.3,0,0.0,41,910.0,2026435041,0.3,0.0
fig3_community_ve,956.0000000000001,0.2,0.3,0,0.0,42,956.0000000000001,2026435042,0.3,0.0
fig3_community_ve,895.9999999999999,0.2,0.3,0,0.0,43,895.9999999999999,2026435043,0.3,0.0
fig3_community_ve,950.9999999999999,0.2,0.3,0,0.0,44,950.9999999999999,2026435044,0.3,0.0
fig3_community_ve,803.0000000000001,0.2,0.3,0,0.0,45,803.0000000000001,2026435045,0.3,0.0
fig3_community_ve,732.0,0.2,0.3,0,0.0,46,732.0,2026435046,0.3,0.0
fig3_community_ve,899.9999999999999,0.2,0.3,0,0.0,47,899.9999999999999,2026435047,0.3,0.0
fig3_community_ve,1122.0,0.2,0.3,0,0.0,48,1122.0,2026435048,0.3,0.0
fig3_community_ve,1223.0,0.2,0.3,0,0.0,49,1223.0,2026435049,0.3,0.0
fig3_community_ve,877.0,0.2,0.3,0,0.0,50,877.0,2026435050,0.3,0.0
fig3_community_ve,1186.0,0.2,0.3,0,0.0,51,1186.0,2026435051,0.3,0.0
fig3_community_ve,922.0000000000001,0.2,0.3,0,0.0,52,922.0000000000001,2026435052,0.3,0.0
fig3_community_ve,1078.0,0.2,0.3,0,0.0,53,1078.0,2026435053,0.3,0.0
fig3_community_ve,783.0,0.2,0.3,0,0.0,54,783.0,2026435054,0.3,0.0
fig3_community_ve,617.0,0.2,0.3,0,0.0,55,617.0,2026435055,0.3,0.0
fig3_community_ve,625.0,0.2,0.3,0,0.0,56,625.0,2026435056,0.3,0.0
fig3_community_ve,663.0,0.2,0.3,0,0.0,57,663.0,2026435057,0.3,0.0
fig3_community_ve,963.9999999999999,0.2,0.3,0,0.0,58,963.9999999999999,2026435058,0.3,0.0
fig3_community_ve,681.0,0.2,0.3,0,0.0,59,681.0,2026435059,0.3,0.0
fig3_community_ve,776.0,0.2,0.3,0,0.0,60,776.0,2026435060,0.3,0.0
fig3_community_ve,786.0000000000001,0.2,0.3,0,0.0,61,786.0000000000001,2026435061,0.3,0.0
fig3_community_ve,750.0,0.2,0.3,0,0.0,62,750.0,2026435062,0.3,0.0
fig3_community_ve,929.9999999999999,0.2,0.3,0,0.0,63,929.9999999999999,2026435063,0.3,0.0
fig3_community_ve,1182.0,0.2,0.3,0,0.0,64,1182.0,2026435064,0.3,0.0
fig3_community_ve,953.0,0.2,0.3,0,0.0,65,953.0,2026435065,0.3,0.0
fig3_community_ve,932.0,0.2,0.3,0,0.0,66,932.0,2026435066,0.3,0.0
fig3_community_ve,660.0,0.2,0.3,0,0.0,67,660.0,2026435067,0.3,0.0
fig3_community_ve,649.0,0.2,0.3,0,0.0,68,649.0,2026435068,0.3,0.0
fig3_community_ve,1080.0,0.2,0.3,0,0.0,69,1080.0,2026435069,0.3,0.0
fig3_community_ve,890.0,0.2,0.3,0,0.0,70,890.0,2026435070,0.3,0.0
fig3_community_ve,634.0,0.2,0.3,0,0.0,71,634.0,2026435071,0.3,0.0
fig3_community_ve,1150.0,0.2,0.3,0,0.0,72,1150.0,2026435072,0.3,0.0
fig3_community_ve,748.0,0.2,0.3,0,0.0,73,748.0,2026435073,0.3,0.0
fig3_community_ve,742.0,0.2,0.3,0,0.0,74,742.0,2026435074,0.3,0.0
fig3_community_ve,658.0,0.2,0.3,0,0.0,75,658.0,2026435075,0.3,0.0
fig3_community_ve,888.0000000000001,0.2,0.3,0,0.0,76,888.0000000000001,2026435076,0.3,0.0
fig3_community_ve,957.0,0.2,0.3,0,0.0,77,957.0,2026435077,0.3,0.0
fig3_community_ve,760.0,0.2,0.3,0,0.0,78,760.0,2026435078,0.3,0.0
fig3_community_ve,834.0,0.2,0.3,0,0.0,79,834.0,2026435079,0.3,0.0
fig3_community_ve,1221.0,0.2,0.3,0,0.0,80,1221.0,2026435080,0.3,0.0
fig3_community_ve,1029.0,0.2,0.3,0,0.0,81,1029.0,2026435081,0.3,0.0
fig3_community_ve,823.0,0.2,0.3,0,0.0,82,823.0,2026435082,0.3,0.0
fig3_community_ve,678.0,0.2,0.3,0,0.0,83,678.0,2026435083,0.3,0.0
fig3_community_ve,569.0,0.2,0.3,0,0.0,84,569.0,2026435084,0.3,0.0
fig3_community_ve,694.0,0.2,0.3,0,0.0,85,694.0,2026435085,0.3,0.0
fig3_community_ve,781.0,0.2,0.3,0,0.0,86,781.0,2026435086,0.3,0.0
fig3_community_ve,1175.0,0.2,0.3,0,0.0,87,1175.0,2026435087,0.3,0.0
fig3_community_ve,1009.0,0.2,0.3,0,0.0,88,1009.0,2026435088,0.3,0.0
fig3_community_ve,1085.0,0.2,0.3,0,0.0,89,1085.0,2026435089,0.3,0.0
fig3_community_ve,616.0,0.2,0.3,0,0.0,90,616.0,2026435090,0.3,0.0
fig3_community_ve,975.0,0.2,0.3,0,0.0,91,975.0,2026435091,0.3,0.0
fig3_community_ve,773.0,0.2,0.3,0,0.0,92,773.0,2026435092,0.3,0.0
fig3_community_ve,973.0000000000001,0.2,0.3,0,0.0,93,973.0000000000001,2026435093,0.3,0.0
fig3_community_ve,508.00000000000006,0.2,0.3,0,0.0,94,508.00000000000006,2026435094,0.3,0.0
fig3_community_ve,925.9999999999999,0.2,0.3,0,0.0,95,925.9999999999999,2026435095,0.3,0.0
fig3_community_ve,834.0,0.2,0.3,0,0.0,96,834.0,2026435096,0.3,0.0
fig3_community_ve,850.0000000000001,0.2,0.3,0,0.0,97,850.0000000000001,2026435097,0.3,0.0
fig3_community_ve,792.0,0.2,0.3,0,0.0,98,792.0,2026435098,0.3,0.0
fig3_community_ve,541.0,0.2,0.3,0,0.0,99,541.0,2026435099,0.3,0.0
fig3_community_ve,681.0,0.2,0.3,0,15.712187958883995,0,574.0,2026436000,0.3,0.15
fig3_community_ve,670.0,0.2,0.3,0,23.134328358208954,1,515.0,2026436001,0.3,0.15
fig3_community_ve,797.9999999999999,0.2,0.3,0,31.328320802005003,2,548.0,2026436002,0.3,0.15
fig3_community_ve,903.9999999999999,0.2,0.3,0,5.75221238938052,3,852.0,2026436003,0.3,0.15
fig3_community_ve,963.9999999999999,0.2,0.3,0,27.593360995850613,4,698.0,2026436004,0.3,0.15
fig3_community_ve,608.0,0.2,0.3,0,7.401315789473684,5,563.0,2026436005,0.3,0.15
fig3_community_ve,754.0,0.2,0.3,0,15.119363395225465,6,640.0,2026436006,0.3,0.15
fig3_community_ve,645.0,0.2,0.3,0,-36.74418604651163,7,882.0,2026436007,0.3,0.15
fig3_community_ve,869.0,0.2,0.3,0,20.48331415420023,8,691.0,2026436008,0.3,0.15
fig3_community_ve,1041.0,0.2,0.3,0,8.837656099903938,9,949.0,2026436009,0.3,0.15
fig3_community_ve,692.0,0.2,0.3,0,4.479768786127168,10,661.0,2026436010,0.3,0.15
fig3_community_ve,801.0,0.2,0.3,0,23.970037453183522,11,609.0,2026436011,0.3,0.15
fig3_community_ve,874.0,0.2,0.3,0,26.08695652173913,12,646.0,2026436012,0.3,0.15
fig3_community_ve,852.0,0.2,0.3,0,35.2112676056338,13,552.0,2026436013,0.3,0.15
fig3_community_ve,793.0,0.2,0.3,0,23.707440100882724,14,605.0,2026436014,0.3,0.15
fig3_community_ve,980.0,0.2,0.3,0,6.4285714285714395,15,916.9999999999999,2026436015,0.3,0.15
fig3_community_ve,978.0,0.2,0.3,0,35.173824130879346,16,634.0,2026436016,0.3,0.15
fig3_community_ve,1139.0,0.2,0.3,0,25.548726953467956,17,848.0,2026436017,0.3,0.15
fig3_community_ve,852.0,0.2,0.3,0,33.21596244131455,18,569.0,2026436018,0.3,0.15
fig3_community_ve,684.0,0.2,0.3,0,12.719298245614034,19,597.0,2026436019,0.3,0.15
fig3_community_ve,684.0,0.2,0.3,0,-4.970760233918129,20,718.0,2026436020,0.3,0.15
fig3_community_ve,846.0,0.2,0.3,0,24.113475177304963,21,642.0,2026436021,0.3,0.15
fig3_community_ve,784.9999999999999,0.2,0.3,0,38.853503184713375,22,479.99999999999994,2026436022,0.3,0.15
fig3_community_ve,1289.0,0.2,0.3,0,35.29868114817688,23,834.0,2026436023,0.3,0.15
fig3_community_ve,915.0,0.2,0.3,0,19.89071038251366,24,733.0,2026436024,0.3,0.15
fig3_community_ve,579.0,0.2,0.3,0,-5.526770293609672,25,611.0,2026436025,0.3,0.15
fig3_community_ve,600.0,0.2,0.3,0,23.49999999999999,26,459.00000000000006,2026436026,0.3,0.15
fig3_community_ve,854.0000000000001,0.2,0.3,0,15.57377049180329,27,721.0,2026436027,0.3,0.15
fig3_community_ve,792.0,0.2,0.3,0,20.454545454545453,28,630.0,2026436028,0.3,0.15
fig3_community_ve,1155.0,0.2,0.3,0,45.54112554112554,29,629.0,2026436029,0.3,0.15
fig3_community_ve,610.0,0.2,0.3,0,14.918032786885245,30,519.0,2026436030,0.3,0.15
fig3_community_ve,721.0,0.2,0.3,0,-1.1095700416088765,31,729.0,2026436031,0.3,0.15
fig3_community_ve,1057.0,0.2,0.3,0,27.341532639545886,32,768.0,2026436032,0.3,0.15
fig3_community_ve,703.0,0.2,0.3,0,23.186344238975817,33,540.0,2026436033,0.3,0.15
fig3_community_ve,927.0,0.2,0.3,0,22.869471413160735,34,715.0,2026436034,0.3,0.15
fig3_community_ve,886.9999999999999,0.2,0.3,0,11.837655016910926,35,782.0,2026436035,0.3,0.15
fig3_community_ve,973.0000000000001,0.2,0.3,0,12.127440904419332,36,855.0,2026436036,0.3,0.15
fig3_community_ve,810.9999999999999,0.2,0.3,0,31.565967940813803,37,555.0,2026436037,0.3,0.15
fig3_community_ve,801.0,0.2,0.3,0,16.22971285892634,38,671.0,2026436038,0.3,0.15
fig3_community_ve,800.0,0.2,0.3,0,14.125,39,687.0,2026436039,0.3,0.15
fig3_community_ve,937.0,0.2,0.3,0,38.740661686232656,40,574.0,2026436040,0.3,0.15
fig3_community_ve,750.0,0.2,0.3,0,21.6,41,588.0,2026436041,0.3,0.15
fig3_community_ve,915.0,0.2,0.3,0,22.404371584699454,42,710.0,2026436042,0.3,0.15
fig3_community_ve,792.0,0.2,0.3,0,35.47979797979798,43,511.0,2026436043,0.3,0.15
fig3_community_ve,530.0,0.2,0.3,0,-0.9433962264150944,44,535.0,2026436044,0.3,0.15
fig3_community_ve,837.0000000000001,0.2,0.3,0,12.783751493428925,45,730.0,2026436045,0.3,0.15
fig3_community_ve,938.0,0.2,0.3,0,16.844349680170577,46,780.0,2026436046,0.3,0.15
fig3_community_ve,956.0000000000001,0.2,0.3,0,19.560669456066954,47,769.0,2026436047,0.3,0.15
fig3_community_ve,784.9999999999999,0.2,0.3,0,43.31210191082801,48,445.0,2026436048,0.3,0.15
fig3_community_ve,874.0,0.2,0.3,0,41.075514874141874,49,515.0,2026436049,0.3,0.15
fig3_community_ve,542.0,0.2,0.3,0,-15.129151291512915,50,624.0,2026436050,0.3,0.15
fig3_community_ve,1030.0,0.2,0.3,0,41.84466019417476,51,599.0,2026436051,0.3,0.15
fig3_community_ve,1098.0,0.2,0.3,0,8.287795992714015,52,1007.0000000000001,2026436052,0.3,0.15
fig3_community_ve,714.0,0.2,0.3,0,2.380952380952381,53,697.0,2026436053,0.3,0.15
fig3_community_ve,818.0,0.2,0.3,0,4.400977995110025,54,782.0,2026436054,0.3,0.15
fig3_community_ve,1046.0,0.2,0.3,0,20.076481835564064,55,835.9999999999999,2026436055,0.3,0.15
fig3_community_ve,1111.0,0.2,0.3,0,39.423942394239425,56,673.0,2026436056,0.3,0.15
fig3_community_ve,857.0,0.2,0.3,0,27.537922987164528,57,621.0,2026436057,0.3,0.15
fig3_community_ve,775.0,0.2,0.3,0,19.612903225806452,58,623.0,2026436058,0.3,0.15
fig3_community_ve,1089.0,0.2,0.3,0,32.231404958677686,59,738.0,2026436059,0.3,0.15
fig3_community_ve,593.0,0.2,0.3,0,7.419898819561552,60,549.0,2026436060,0.3,0.15
fig3_community_ve,822.0,0.2,0.3,0,21.65450121654501,61,644.0,2026436061,0.3,0.15
fig3_community_ve,494.0,0.2,0.3,0,-6.275303643724697,62,525.0,2026436062,0.3,0.15
fig3_community_ve,479.99999999999994,0.2,0.3,0,16.041666666666657,63,403.0,2026436063,0.3,0.15
fig3_community_ve,920.0,0.2,0.3,0,13.043478260869565,64,800.0,2026436064,0.3,0.15
fig3_community_ve,784.0,0.2,0.3,0,30.994897959183675,65,541.0,2026436065,0.3,0.15
fig3_community_ve,1100.0,0.2,0.3,0,34.27272727272727,66,723.0,2026436066,0.3,0.15
fig3_community_ve,561.0,0.2,0.3,0,19.073083778966133,67,454.0,2026436067,0.3,0.15
fig3_community_ve,925.9999999999999,0.2,0.3,0,15.766738660907118,68,780.0,2026436068,0.3,0.15
fig3_community_ve,581.0,0.2,0.3,0,13.769363166953537,69,500.99999999999994,2026436069,0.3,0.15
fig3_community_ve,931.0,0.2,0.3,0,19.226638023630503,70,752.0,2026436070,0.3,0.15
fig3_community_ve,908.0,0.2,0.3,0,50.66079295154186,71,447.99999999999994,2026436071,0.3,0.15
fig3_community_ve,816.0000000000001,0.2,0.3,0,23.77450980392158,72,622.0,2026436072,0.3,0.15
fig3_community_ve,835.0,0.2,0.3,0,11.377245508982035,73,740.0,2026436073,0.3,0.15
fig3_community_ve,1009.0,0.2,0.3,0,23.389494549058472,74,773.0,2026436074,0.3,0.15
fig3_community_ve,671.0,0.2,0.3,0,5.216095380029806,75,636.0,2026436075,0.3,0.15
fig3_community_ve,987.0,0.2,0.3,0,33.333333333333336,76,658.0,2026436076,0.3,0.15
fig3_community_ve,540.0,0.2,0.3,0,12.407407407407407,77,473.0,2026436077,0.3,0.15
fig3_community_ve,910.0,0.2,0.3,0,18.13186813186813,78,745.0,2026436078,0.3,0.15
fig3_community_ve,764.0,0.2,0.3,0,-2.094240837696335,79,780.0,2026436079,0.3,0.15
fig3_community_ve,1241.0,0.2,0.3,0,16.921837228041902,80,1031.0,2026436080,0.3,0.15
fig3_community_ve,714.0,0.2,0.3,0,7.42296918767507,81,661.0,2026436081,0.3,0.15
fig3_community_ve,790.0000000000001,0.2,0.3,0,30.886075949367097,82,546.0,2026436082,0.3,0.15
fig3_community_ve,654.0,0.2,0.3,0,20.03058103975535,83,523.0,2026436083,0.3,0.15
fig3_community_ve,933.0,0.2,0.3,0,39.12111468381565,84,568.0,2026436084,0.3,0.15
fig3_community_ve,1168.0,0.2,0.3,0,34.332191780821915,85,767.0,2026436085,0.3,0.15
fig3_community_ve,745.0,0.2,0.3,0,35.03355704697987,86,483.99999999999994,2026436086,0.3,0.15
fig3_community_ve,857.0,0.2,0.3,0,-9.568261376896162,87,939.0000000000001,2026436087,0.3,0.15
fig3_community_ve,833.0000000000001,0.2,0.3,0,17.52701080432174,88,687.0,2026436088,0.3,0.15
fig3_community_ve,576.0,0.2,0.3,0,-1.3888888888888888,89,584.0,2026436089,0.3,0.15
fig3_community_ve,772.0,0.2,0.3,0,51.943005181347154,90,371.0,2026436090,0.3,0.15
fig3_community_ve,1172.0,0.2,0.3,0,43.1740614334471,91,666.0,2026436091,0.3,0.15
fig3_community_ve,697.0,0.2,0.3,0,24.53371592539455,92,526.0,2026436092,0.3,0.15
fig3_community_ve,745.0,0.2,0.3,0,22.684563758389263,93,576.0,2026436093,0.3,0.15
fig3_community_ve,1061.0,0.2,0.3,0,18.2846371347785,94,867.0000000000001,2026436094,0.3,0.15
fig3_community_ve,592.0,0.2,0.3,0,9.966216216216216,95,533.0,2026436095,0.3,0.15
fig3_community_ve,931.0,0.2,0.3,0,-5.048335123523094,96,978.0,2026436096,0.3,0.15
fig3_community_ve,553.0,0.2,0.3,0,28.028933092224232,97,398.0,2026436097,0.3,0.15
fig3_community_ve,792.0,0.2,0.3,0,4.41919191919192,98,757.0,2026436098,0.3,0.15
fig3_community_ve,758.0,0.2,0.3,0,31.926121372031663,99,516.0,2026436099,0.3,0.15
fig3_community_ve,1157.0,0.2,0.3,0,42.17804667242869,0,669.0,2026437000,0.3,0.3
fig3_community_ve,689.0,0.2,0.3,0,38.89695210449928,1,421.0,2026437001,0.3,0.3
fig3_community_ve,937.0,0.2,0.3,0,23.372465314834578,2,718.0,2026437002,0.3,0.3
fig3_community_ve,835.0,0.2,0.3,0,30.538922155688624,3,580.0,2026437003,0.3,0.3
fig3_community_ve,667.0,0.2,0.3,0,47.82608695652174,4,348.0,2026437004,0.3,0.3
fig3_community_ve,1033.0,0.2,0.3,0,43.368828654404645,5,585.0,2026437005,0.3,0.3
fig3_community_ve,662.0,0.2,0.3,0,42.29607250755287,6,382.0,2026437006,0.3,0.3
fig3_community_ve,706.0,0.2,0.3,0,45.609065155807365,7,384.0,2026437007,0.3,0.3
fig3_community_ve,829.0,0.2,0.3,0,40.651387213510255,8,492.0,2026437008,0.3,0.3
fig3_community_ve,869.0,0.2,0.3,0,32.79631760644419,9,584.0,2026437009,0.3,0.3
fig3_community_ve,1241.0,0.2,0.3,0,40.531829170024174,10,738.0,2026437010,0.3,0.3
fig3_community_ve,1255.0,0.2,0.3,0,32.11155378486056,11,852.0,2026437011,0.3,0.3
fig3_community_ve,771.0,0.2,0.3,0,41.634241245136195,12,449.99999999999994,2026437012,0.3,0.3
fig3_community_ve,789.0,0.2,0.3,0,51.20405576679341,13,385.0,2026437013,0.3,0.3
fig3_community_ve,831.9999999999999,0.2,0.3,0,51.44230769230768,14,404.0,2026437014,0.3,0.3
fig3_community_ve,650.0,0.2,0.3,0,17.846153846153847,15,534.0,2026437015,0.3,0.3
fig3_community_ve,1083.0,0.2,0.3,0,48.29178208679594,16,560.0,2026437016,0.3,0.3
fig3_community_ve,743.0,0.2,0.3,0,12.516823687752355,17,650.0,2026437017,0.3,0.3
fig3_community_ve,1119.0,0.2,0.3,0,31.456657730116174,18,767.0,2026437018,0.3,0.3
fig3_community_ve,605.0,0.2,0.3,0,35.53719008264463,19,390.0,2026437019,0.3,0.3
fig3_community_ve,823.0,0.2,0.3,0,42.04131227217497,20,477.0,2026437020,0.3,0.3
fig3_community_ve,936.0,0.2,0.3,0,28.418803418803417,21,670.0,2026437021,0.3,0.3
fig3_community_ve,729.0,0.2,0.3,0,31.96159122085048,22,496.0,2026437022,0.3,0.3
fig3_community_ve,993.9999999999999,0.2,0.3,0,37.52515090543258,23,621.0,2026437023,0.3,0.3
fig3_community_ve,603.0,0.2,0.3,0,29.35323383084577,24,426.0,2026437024,0.3,0.3
fig3_community_ve,822.0,0.2,0.3,0,26.277372262773724,25,606.0,2026437025,0.3,0.3
fig3_community_ve,575.0,0.2,0.3,0,14.08695652173913,26,494.0,2026437026,0.3,0.3
fig3_community_ve,824.0000000000001,0.2,0.3,0,15.412621359223312,27,697.0,2026437027,0.3,0.3
fig3_community_ve,940.0,0.2,0.3,0,46.06382978723404,28,507.0,2026437028,0.3,0.3
fig3_community_ve,939.0000000000001,0.2,0.3,0,37.38019169329075,29,588.0,2026437029,0.3,0.3
fig3_community_ve,953.0,0.2,0.3,0,55.82371458551941,30,421.0,2026437030,0.3,0.3
fig3_community_ve,592.0,0.2,0.3,0,10.304054054054054,31,531.0,2026437031,0.3,0.3
fig3_community_ve,886.9999999999999,0.2,0.3,0,40.3607666290868,32,529.0,2026437032,0.3,0.3
fig3_community_ve,746.0,0.2,0.3,0,30.29490616621984,33,520.0,2026437033,0.3,0.3
fig3_community_ve,987.0,0.2,0.3,0,36.57548125633232,34,626.0,2026437034,0.3,0.3
fig3_community_ve,963.0,0.2,0.3,0,45.482866043613704,35,525.0,2026437035,0.3,0.3
fig3_community_ve,959.0,0.2,0.3,0,49.73931178310741,36,481.99999999999994,2026437036,0.3,0.3
fig3_community_ve,1061.0,0.2,0.3,0,41.2818096135721,37,623.0,2026437037,0.3,0.3
fig3_community_ve,976.9999999999999,0.2,0.3,0,42.7840327533265,38,559.0,2026437038,0.3,0.3
fig3_community_ve,868.0,0.2,0.3,0,34.33179723502304,39,570.0,2026437039,0.3,0.3
fig3_community_ve,899.9999999999999,0.2,0.3,0,32.33333333333333,40,609.0,2026437040,0.3,0.3
fig3_community_ve,810.9999999999999,0.2,0.3,0,46.8557336621455,41,430.99999999999994,2026437041,0.3,0.3
fig3_community_ve,718.0,0.2,0.3,0,9.88857938718663,42,647.0,2026437042,0.3,0.3
fig3_community_ve,747.0,0.2,0.3,0,15.127175368139223,43,634.0,2026437043,0.3,0.3
fig3_community_ve,711.0,0.2,0.3,0,27.848101265822784,44,513.0,2026437044,0.3,0.3
fig3_community_ve,865.9999999999999,0.2,0.3,0,31.755196304849875,45,591.0,2026437045,0.3,0.3
fig3_community_ve,1154.0,0.2,0.3,0,47.400346620450605,46,607.0,2026437046,0.3,0.3
fig3_community_ve,873.0,0.2,0.3,0,42.0389461626575,47,506.0,2026437047,0.3,0.3
fig3_community_ve,777.0,0.2,0.3,0,43.758043758043755,48,437.0,2026437048,0.3,0.3
fig3_community_ve,734.0,0.2,0.3,0,28.065395095367847,49,528.0,2026437049,0.3,0.3
fig3_community_ve,578.0,0.2,0.3,0,18.5121107266436,50,471.0,2026437050,0.3,0.3
fig3_community_ve,966.0,0.2,0.3,0,31.469979296066253,51,662.0,2026437051,0.3,0.3
fig3_community_ve,682.0,0.2,0.3,0,39.58944281524926,52,412.00000000000006,2026437052,0.3,0.3
fig3_community_ve,1222.0,0.2,0.3,0,43.86252045826514,53,686.0,2026437053,0.3,0.3
fig3_community_ve,856.0,0.2,0.3,0,38.78504672897196,54,524.0,2026437054,0.3,0.3
fig3_community_ve,534.0,0.2,0.3,0,31.273408239700373,55,367.0,2026437055,0.3,0.3
fig3_community_ve,699.0,0.2,0.3,0,17.739628040057223,56,575.0,2026437056,0.3,0.3
fig3_community_ve,657.0,0.2,0.3,0,36.529680365296805,57,417.0,2026437057,0.3,0.3
fig3_community_ve,748.0,0.2,0.3,0,49.73262032085562,58,376.0,2026437058,0.3,0.3
fig3_community_ve,1073.0,0.2,0.3,0,41.658900279589936,59,626.0,2026437059,0.3,0.3
fig3_community_ve,1050.0,0.2,0.3,0,44.76190476190476,60,580.0,2026437060,0.3,0.3
fig3_community_ve,1067.0,0.2,0.3,0,48.547328959700096,61,549.0,2026437061,0.3,0.3
fig3_community_ve,720.0,0.2,0.3,0,15.555555555555555,62,608.0,2026437062,0.3,0.3
fig3_community_ve,912.9999999999999,0.2,0.3,0,48.52135815991237,63,470.0,2026437063,0.3,0.3
fig3_community_ve,700.0,0.2,0.3,0,36.714285714285715,64,443.0,2026437064,0.3,0.3
fig3_community_ve,692.0,0.2,0.3,0,43.93063583815029,65,388.0,2026437065,0.3,0.3
fig3_community_ve,797.9999999999999,0.2,0.3,0,36.71679197994987,66,505.0,2026437066,0.3,0.3
fig3_community_ve,618.0,0.2,0.3,0,19.579288025889976,67,496.99999999999994,2026437067,0.3,0.3
fig3_community_ve,1185.0,0.2,0.3,0,44.30379746835443,68,660.0,2026437068,0.3,0.3
fig3_community_ve,898.0,0.2,0.3,0,42.98440979955456,69,512.0,2026437069,0.3,0.3
fig3_community_ve,888.0000000000001,0.2,0.3,0,36.26126126126127,70,566.0,2026437070,0.3,0.3
fig3_community_ve,1032.0,0.2,0.3,0,26.550387596899224,71,758.0,2026437071,0.3,0.3
fig3_community_ve,772.0,0.2,0.3,0,36.78756476683938,72,488.0,2026437072,0.3,0.3
fig3_community_ve,1068.0,0.2,0.3,0,22.65917602996255,73,826.0,2026437073,0.3,0.3
fig3_community_ve,912.9999999999999,0.2,0.3,0,30.120481927710834,74,638.0,2026437074,0.3,0.3
fig3_community_ve,796.0,0.2,0.3,0,23.115577889447238,75,612.0,2026437075,0.3,0.3
fig3_community_ve,763.0,0.2,0.3,0,36.435124508519,76,485.0,2026437076,0.3,0.3
fig3_community_ve,1139.0,0.2,0.3,0,34.416154521510094,77,747.0,2026437077,0.3,0.3
fig3_community_ve,689.0,0.2,0.3,0,35.41364296081277,78,445.0,2026437078,0.3,0.3
fig3_community_ve,894.0,0.2,0.3,0,32.997762863534675,79,599.0,2026437079,0.3,0.3
fig3_community_ve,775.0,0.2,0.3,0,43.74193548387097,80,436.0,2026437080,0.3,0.3
fig3_community_ve,831.0,0.2,0.3,0,34.89771359807461,81,541.0,2026437081,0.3,0.3
fig3_community_ve,937.0,0.2,0.3,0,37.13980789754536,82,589.0,2026437082,0.3,0.3
fig3_community_ve,839.0,0.2,0.3,0,47.19904648390941,83,443.0,2026437083,0.3,0.3
fig3_community_ve,498.0,0.2,0.3,0,26.907630522088354,84,364.0,2026437084,0.3,0.3
fig3_community_ve,768.0,0.2,0.3,0,47.005208333333336,85,407.0,2026437085,0.3,0.3
fig3_community_ve,901.0000000000001,0.2,0.3,0,32.630410654827976,86,607.0,2026437086,0.3,0.3
fig3_community_ve,733.0,0.2,0.3,0,47.61255115961801,87,384.0,2026437087,0.3,0.3
fig3_community_ve,851.0,0.2,0.3,0,45.12338425381905,88,466.99999999999994,2026437088,0.3,0.3
fig3_community_ve,857.0,0.2,0.3,0,12.252042007001167,89,752.0,2026437089,0.3,0.3
fig3_community_ve,1114.0,0.2,0.3,0,38.240574506283664,90,688.0,2026437090,0.3,0.3
fig3_community_ve,717.0,0.2,0.3,0,25.10460251046025,91,537.0,2026437091,0.3,0.3
fig3_community_ve,903.0,0.2,0.3,0,38.31672203765227,92,557.0,2026437092,0.3,0.3
fig3_community_ve,952.0000000000001,0.2,0.3,0,36.55462184873951,93,604.0,2026437093,0.3,0.3
fig3_community_ve,1049.0,0.2,0.3,0,45.3765490943756,94,573.0,2026437094,0.3,0.3
fig3_community_ve,1176.0,0.2,0.3,0,44.72789115646258,95,650.0,2026437095,0.3,0.3
fig3_community_ve,833.0000000000001,0.2,0.3,0,34.21368547418968,96,548.0,2026437096,0.3,0.3
fig3_community_ve,711.0,0.2,0.3,0,25.87904360056259,97,527.0,2026437097,0.3,0.3
fig3_community_ve,942.0,0.2,0.3,0,35.56263269639066,98,607.0,2026437098,0.3,0.3
fig3_community_ve,715.0,0.2,0.3,0,2.6573426573426575,99,696.0,2026437099,0.3,0.3
fig3_community_ve,935.0000000000001,0.2,0.3,0,50.802139037433165,0,460.0,2026439000,0.3,0.6
fig3_community_ve,1036.0,0.2,0.3,0,53.47490347490348,1,481.99999999999994,2026439001,0.3,0.6
fig3_community_ve,665.0,0.2,0.3,0,38.04511278195488,2,412.00000000000006,2026439002,0.3,0.6
fig3_community_ve,889.0,0.2,0.3,0,49.04386951631046,3,453.0,2026439003,0.3,0.6
fig3_community_ve,792.0,0.2,0.3,0,55.42929292929293,4,353.0,2026439004,0.3,0.6
fig3_community_ve,929.9999999999999,0.2,0.3,0,58.06451612903225,5,390.0,2026439005,0.3,0.6
fig3_community_ve,1017.0,0.2,0.3,0,56.04719764011799,6,447.0,2026439006,0.3,0.6
fig3_community_ve,691.0,0.2,0.3,0,56.150506512301014,7,303.0,2026439007,0.3,0.6
fig3_community_ve,844.0,0.2,0.3,0,58.53080568720379,8,350.0,2026439008,0.3,0.6
fig3_community_ve,797.0,0.2,0.3,0,58.72020075282309,9,329.0,2026439009,0.3,0.6
fig3_community_ve,758.0,0.2,0.3,0,52.37467018469657,10,361.0,2026439010,0.3,0.6
fig3_community_ve,652.0,0.2,0.3,0,52.91411042944785,11,307.0,2026439011,0.3,0.6
fig3_community_ve,788.0,0.2,0.3,0,49.23857868020305,12,400.0,2026439012,0.3,0.6
fig3_community_ve,784.9999999999999,0.2,0.3,0,54.777070063694254,13,355.0,2026439013,0.3,0.6
fig3_community_ve,991.0,0.2,0.3,0,48.63773965691221,14,509.0,2026439014,0.3,0.6
fig3_community_ve,916.9999999999999,0.2,0.3,0,39.80370774263903,15,552.0,2026439015,0.3,0.6
fig3_community_ve,714.0,0.2,0.3,0,35.99439775910364,16,457.0,2026439016,0.3,0.6
fig3_community_ve,668.0,0.2,0.3,0,49.40119760479042,17,338.0,2026439017,0.3,0.6
fig3_community_ve,663.0,0.2,0.3,0,45.70135746606335,18,360.0,2026439018,0.3,0.6
fig3_community_ve,903.0,0.2,0.3,0,51.827242524916954,19,434.99999999999994,2026439019,0.3,0.6
fig3_community_ve,916.9999999999999,0.2,0.3,0,42.20283533260631,20,530.0,2026439020,0.3,0.6
fig3_community_ve,885.0,0.2,0.3,0,51.86440677966102,21,426.0,2026439021,0.3,0.6
fig3_community_ve,873.0,0.2,0.3,0,63.57388316151203,22,318.0,2026439022,0.3,0.6
fig3_community_ve,766.0,0.2,0.3,0,34.59530026109662,23,500.99999999999994,2026439023,0.3,0.6
fig3_community_ve,972.0,0.2,0.3,0,49.17695473251029,24,494.0,2026439024,0.3,0.6
fig3_community_ve,1057.0,0.2,0.3,0,65.279091769158,25,367.0,2026439025,0.3,0.6
fig3_community_ve,737.0,0.2,0.3,0,31.207598371777475,26,507.0,2026439026,0.3,0.6
fig3_community_ve,578.0,0.2,0.3,0,38.062283737024224,27,358.0,2026439027,0.3,0.6
fig3_community_ve,608.0,0.2,0.3,0,49.83552631578947,28,305.0,2026439028,0.3,0.6
fig3_community_ve,706.0,0.2,0.3,0,59.91501416430595,29,283.0,2026439029,0.3,0.6
fig3_community_ve,570.0,0.2,0.3,0,37.89473684210526,30,354.0,2026439030,0.3,0.6
fig3_community_ve,988.0,0.2,0.3,0,59.412955465587046,31,400.99999999999994,2026439031,0.3,0.6
fig3_community_ve,655.0,0.2,0.3,0,55.41984732824427,32,292.0,2026439032,0.3,0.6
fig3_community_ve,703.0,0.2,0.3,0,37.69559032716928,33,438.0,2026439033,0.3,0.6
fig3_community_ve,914.0,0.2,0.3,0,46.93654266958424,34,485.0,2026439034,0.3,0.6
fig3_community_ve,1056.0,0.2,0.3,0,46.59090909090909,35,564.0,2026439035,0.3,0.6
fig3_community_ve,948.0000000000001,0.2,0.3,0,38.50210970464136,36,583.0,2026439036,0.3,0.6
fig3_community_ve,935.0000000000001,0.2,0.3,0,66.73796791443851,37,311.0,2026439037,0.3,0.6
fig3_community_ve,1111.0,0.2,0.3,0,69.03690369036903,38,344.0,2026439038,0.3,0.6
fig3_community_ve,1120.0,0.2,0.3,0,61.339285714285715,39,432.99999999999994,2026439039,0.3,0.6
fig3_community_ve,679.0,0.2,0.3,0,44.18262150220913,40,379.0,2026439040,0.3,0.6
fig3_community_ve,1036.0,0.2,0.3,0,55.98455598455598,41,456.0,2026439041,0.3,0.6
fig3_community_ve,924.0,0.2,0.3,0,54.65367965367965,42,419.0,2026439042,0.3,0.6
fig3_community_ve,1272.0,0.2,0.3,0,54.088050314465406,43,584.0,2026439043,0.3,0.6
fig3_community_ve,763.0,0.2,0.3,0,65.66186107470512,44,262.0,2026439044,0.3,0.6
fig3_community_ve,782.0,0.2,0.3,0,53.96419437340153,45,360.0,2026439045,0.3,0.6
fig3_community_ve,906.0,0.2,0.3,0,52.42825607064019,46,430.99999999999994,2026439046,0.3,0.6
fig3_community_ve,758.0,0.2,0.3,0,44.32717678100264,47,422.0,2026439047,0.3,0.6
fig3_community_ve,739.0,0.2,0.3,0,43.301759133964815,48,419.0,2026439048,0.3,0.6
fig3_community_ve,915.0,0.2,0.3,0,54.6448087431694,49,415.0,2026439049,0.3,0.6
fig3_community_ve,939.0000000000001,0.2,0.3,0,47.60383386581471,50,492.0,2026439050,0.3,0.6
fig3_community_ve,1007.0000000000001,0.2,0.3,0,55.710029791459775,51,446.00000000000006,2026439051,0.3,0.6
fig3_community_ve,861.9999999999999,0.2,0.3,0,46.51972157772621,52,461.00000000000006,2026439052,0.3,0.6
fig3_community_ve,860.0,0.2,0.3,0,56.04651162790697,53,378.0,2026439053,0.3,0.6
fig3_community_ve,1010.0,0.2,0.3,0,63.06930693069307,54,373.0,2026439054,0.3,0.6
fig3_community_ve,1121.0,0.2,0.3,0,62.355040142729706,55,422.0,2026439055,0.3,0.6
fig3_community_ve,874.0,0.2,0.3,0,49.77116704805492,56,439.0,2026439056,0.3,0.6
fig3_community_ve,629.0,0.2,0.3,0,38.63275039745628,57,386.0,2026439057,0.3,0.6
fig3_community_ve,689.0,0.2,0.3,0,42.23512336719884,58,398.0,2026439058,0.3,0.6
fig3_community_ve,893.0,0.2,0.3,0,55.87905935050392,59,394.0,2026439059,0.3,0.6
fig3_community_ve,513.0,0.2,0.3,0,41.52046783625731,60,300.0,2026439060,0.3,0.6
fig3_community_ve,538.0,0.2,0.3,0,24.907063197026023,61,404.0,2026439061,0.3,0.6
fig3_community_ve,939.0000000000001,0.2,0.3,0,55.37806176783813,62,419.0,2026439062,0.3,0.6
fig3_community_ve,868.0,0.2,0.3,0,46.42857142857144,63,464.99999999999994,2026439063,0.3,0.6
fig3_community_ve,931.0,0.2,0.3,0,62.29860365198711,64,351.0,2026439064,0.3,0.6
fig3_community_ve,464.0,0.2,0.3,0,42.241379310344826,65,268.0,2026439065,0.3,0.6
fig3_community_ve,566.0,0.2,0.3,0,48.409893992932865,66,292.0,2026439066,0.3,0.6
fig3_community_ve,976.9999999999999,0.2,0.3,0,54.35005117707266,67,446.00000000000006,2026439067,0.3,0.6
fig3_community_ve,766.0,0.2,0.3,0,50.52219321148825,68,379.0,2026439068,0.3,0.6
fig3_community_ve,692.0,0.2,0.3,0,35.83815028901733,69,444.00000000000006,2026439069,0.3,0.6
fig3_community_ve,855.0,0.2,0.3,0,54.97076023391813,70,385.0,2026439070,0.3,0.6
fig3_community_ve,830.0,0.2,0.3,0,40.843373493975896,71,491.00000000000006,2026439071,0.3,0.6
fig3_community_ve,1023.0,0.2,0.3,0,57.67350928641251,72,432.99999999999994,2026439072,0.3,0.6
fig3_community_ve,807.0000000000001,0.2,0.3,0,51.796778190830246,73,389.0,2026439073,0.3,0.6
fig3_community_ve,693.0,0.2,0.3,0,45.45454545454545,74,378.0,2026439074,0.3,0.6
fig3_community_ve,1032.0,0.2,0.3,0,67.34496124031008,75,337.0,2026439075,0.3,0.6
fig3_community_ve,686.0,0.2,0.3,0,39.21282798833819,76,417.0,2026439076,0.3,0.6
fig3_community_ve,848.9999999999999,0.2,0.3,0,58.42167255594816,77,353.0,2026439077,0.3,0.6
fig3_community_ve,829.0,0.2,0.3,0,69.48130277442702,78,253.0,2026439078,0.3,0.6
fig3_community_ve,668.0,0.2,0.3,0,44.01197604790419,79,374.0,2026439079,0.3,0.6
fig3_community_ve,956.0000000000001,0.2,0.3,0,53.451882845188294,80,445.0,2026439080,0.3,0.6
fig3_community_ve,1083.0,0.2,0.3,0,50.7848568790397,81,533.0,2026439081,0.3,0.6
fig3_community_ve,758.0,0.2,0.3,0,35.48812664907652,82,489.0,2026439082,0.3,0.6
fig3_community_ve,997.0,0.2,0.3,0,44.433299899699094,83,554.0,2026439083,0.3,0.6
fig3_community_ve,941.0,0.2,0.3,0,49.62805526036131,84,474.00000000000006,2026439084,0.3,0.6
fig3_community_ve,1102.0,0.2,0.3,0,54.990925589836664,85,496.0,2026439085,0.3,0.6
fig3_community_ve,830.0,0.2,0.3,0,18.674698795180724,86,675.0,2026439086,0.3,0.6
fig3_community_ve,1151.0,0.2,0.3,0,57.25456125108601,87,492.0,2026439087,0.3,0.6
fig3_community_ve,721.0,0.2,0.3,0,61.16504854368932,88,280.0,2026439088,0.3,0.6
fig3_community_ve,780.0,0.2,0.3,0,46.282051282051285,89,419.0,2026439089,0.3,0.6
fig3_community_ve,799.0000000000001,0.2,0.3,0,60.9511889862328,90,312.0,2026439090,0.3,0.6
fig3_community_ve,759.0,0.2,0.3,0,50.06587615283267,91,379.0,2026439091,0.3,0.6
fig3_community_ve,702.0,0.2,0.3,0,38.74643874643875,92,430.0,2026439092,0.3,0.6
fig3_community_ve,545.0,0.2,0.3,0,45.5045871559633,93,297.0,2026439093,0.3,0.6
fig3_community_ve,1189.0,0.2,0.3,0,58.20016820857864,94,496.99999999999994,2026439094,0.3,0.6
fig3_community_ve,601.0,0.2,0.3,0,38.60232945091514,95,369.0,2026439095,0.3,0.6
fig3_community_ve,1053.0,0.2,0.3,0,62.20322886989554,96,398.0,2026439096,0.3,0.6
fig3_community_ve,929.0,0.2,0.3,0,54.68245425188375,97,421.0,2026439097,0.3,0.6
fig3_community_ve,1069.0,0.2,0.3,0,63.704396632366695,98,388.0,2026439098,0.3,0.6
fig3_community_ve,1028.0,0.2,0.3,0,54.961089494163424,99,462.99999999999994,2026439099,0.3,0.6
fig3_community_ve,1097.0,0.2,0.3,0,67.27438468550592,0,359.0,2026438000,0.3,0.44999999999999996
fig3_community_ve,710.0,0.2,0.3,0,37.464788732394354,1,444.00000000000006,2026438001,0.3,0.44999999999999996
fig3_community_ve,778.0,0.2,0.3,0,41.90231362467867,2,451.99999999999994,2026438002,0.3,0.44999999999999996
fig3_community_ve,659.0,0.2,0.3,0,53.566009104704094,3,306.0,2026438003,0.3,0.44999999999999996
fig3_community_ve,797.0,0.2,0.3,0,23.462986198243414,4,610.0,2026438004,0.3,0.44999999999999996
fig3_community_ve,789.0,0.2,0.3,0,51.964512040557665,5,379.0,2026438005,0.3,0.44999999999999996
fig3_community_ve,673.0,0.2,0.3,0,35.36404160475484,6,434.99999999999994,2026438006,0.3,0.44999999999999996
fig3_community_ve,858.0000000000001,0.2,0.3,0,58.62470862470863,7,355.0,2026438007,0.3,0.44999999999999996
fig3_community_ve,780.0,0.2,0.3,0,46.02564102564103,8,421.0,2026438008,0.3,0.44999999999999996
fig3_community_ve,807.0000000000001,0.2,0.3,0,52.29244114002479,9,385.0,2026438009,0.3,0.44999999999999996
fig3_community_ve,730.0,0.2,0.3,0,24.931506849315067,10,548.0,2026438010,0.3,0.44999999999999996
fig3_community_ve,1552.0,0.2,0.3,0,64.62628865979381,11,549.0,2026438011,0.3,0.44999999999999996
fig3_community_ve,1026.0,0.2,0.3,0,53.801169590643276,12,474.00000000000006,2026438012,0.3,0.44999999999999996
fig3_community_ve,888.0000000000001,0.2,0.3,0,50.45045045045046,13,440.0,2026438013,0.3,0.44999999999999996
fig3_community_ve,775.0,0.2,0.3,0,40.51612903225806,14,461.00000000000006,2026438014,0.3,0.44999999999999996
fig3_community_ve,946.9999999999999,0.2,0.3,0,51.63674762407602,15,458.0,2026438015,0.3,0.44999999999999996
fig3_community_ve,804.0,0.2,0.3,0,51.119402985074615,16,393.00000000000006,2026438016,0.3,0.44999999999999996
fig3_community_ve,999.0000000000001,0.2,0.3,0,51.75175175175177,17,481.99999999999994,2026438017,0.3,0.44999999999999996
fig3_community_ve,1021.0,0.2,0.3,0,56.31733594515181,18,446.00000000000006,2026438018,0.3,0.44999999999999996
fig3_community_ve,505.0,0.2,0.3,0,18.019801980198032,19,413.99999999999994,2026438019,0.3,0.44999999999999996
fig3_community_ve,739.0,0.2,0.3,0,42.895805142083894,20,422.0,2026438020,0.3,0.44999999999999996
fig3_community_ve,644.0,0.2,0.3,0,48.13664596273292,21,334.0,2026438021,0.3,0.44999999999999996
fig3_community_ve,892.0000000000001,0.2,0.3,0,29.59641255605382,22,628.0,2026438022,0.3,0.44999999999999996
fig3_community_ve,847.0,0.2,0.3,0,45.33648170011807,23,462.99999999999994,2026438023,0.3,0.44999999999999996
fig3_community_ve,767.0,0.2,0.3,0,40.547588005215125,24,456.0,2026438024,0.3,0.44999999999999996
fig3_community_ve,812.0,0.2,0.3,0,40.64039408866996,25,481.99999999999994,2026438025,0.3,0.44999999999999996
fig3_community_ve,1127.0,0.2,0.3,0,47.29370008873114,26,594.0,2026438026,0.3,0.44999999999999996
fig3_community_ve,872.0,0.2,0.3,0,39.10550458715596,27,531.0,2026438027,0.3,0.44999999999999996
fig3_community_ve,814.0,0.2,0.3,0,57.616707616707615,28,345.0,2026438028,0.3,0.44999999999999996
fig3_community_ve,750.0,0.2,0.3,0,36.00000000000001,29,479.99999999999994,2026438029,0.3,0.44999999999999996
fig3_community_ve,909.0000000000001,0.2,0.3,0,55.665566556655676,30,403.0,2026438030,0.3,0.44999999999999996
fig3_community_ve,1143.0,0.2,0.3,0,46.45669291338583,31,612.0,2026438031,0.3,0.44999999999999996
fig3_community_ve,784.9999999999999,0.2,0.3,0,51.84713375796177,32,378.0,2026438032,0.3,0.44999999999999996
fig3_community_ve,635.0,0.2,0.3,0,19.37007874015748,33,512.0,2026438033,0.3,0.44999999999999996
fig3_community_ve,748.0,0.2,0.3,0,22.192513368983956,34,582.0,2026438034,0.3,0.44999999999999996
fig3_community_ve,695.0,0.2,0.3,0,41.43884892086331,35,407.0,2026438035,0.3,0.44999999999999996
fig3_community_ve,1141.0,0.2,0.3,0,49.693251533742334,36,574.0,2026438036,0.3,0.44999999999999996
fig3_community_ve,814.9999999999999,0.2,0.3,0,46.625766871165645,37,434.99999999999994,2026438037,0.3,0.44999999999999996
fig3_community_ve,957.0,0.2,0.3,0,59.3521421107628,38,389.0,2026438038,0.3,0.44999999999999996
fig3_community_ve,768.0,0.2,0.3,0,36.97916666666668,39,483.99999999999994,2026438039,0.3,0.44999999999999996
fig3_community_ve,1245.0,0.2,0.3,0,45.863453815261046,40,674.0,2026438040,0.3,0.44999999999999996
fig3_community_ve,779.0,0.2,0.3,0,39.79460847240051,41,469.0,2026438041,0.3,0.44999999999999996
fig3_community_ve,962.0,0.2,0.3,0,40.74844074844075,42,570.0,2026438042,0.3,0.44999999999999996
fig3_community_ve,1301.0,0.2,0.3,0,50.57647963105303,43,643.0,2026438043,0.3,0.44999999999999996
fig3_community_ve,371.0,0.2,0.3,0,15.36388140161725,44,314.0,2026438044,0.3,0.44999999999999996
fig3_community_ve,973.0000000000001,0.2,0.3,0,54.676258992805764,45,441.0,2026438045,0.3,0.44999999999999996
fig3_community_ve,686.0,0.2,0.3,0,46.93877551020408,46,364.0,2026438046,0.3,0.44999999999999996
fig3_community_ve,663.0,0.2,0.3,0,43.89140271493213,47,372.0,2026438047,0.3,0.44999999999999996
fig3_community_ve,820.0000000000001,0.2,0.3,0,53.17073170731708,48,384.0,2026438048,0.3,0.44999999999999996
fig3_community_ve,889.0,0.2,0.3,0,47.69403824521935,49,464.99999999999994,2026438049,0.3,0.44999999999999996
fig3_community_ve,935.0000000000001,0.2,0.3,0,36.14973262032087,50,597.0,2026438050,0.3,0.44999999999999996
fig3_community_ve,780.0,0.2,0.3,0,58.58974358974359,51,323.0,2026438051,0.3,0.44999999999999996
fig3_community_ve,689.0,0.2,0.3,0,47.46008708272859,52,362.0,2026438052,0.3,0.44999999999999996
fig3_community_ve,820.0000000000001,0.2,0.3,0,49.14634146341464,53,417.0,2026438053,0.3,0.44999999999999996
fig3_community_ve,1194.0,0.2,0.3,0,45.22613065326633,54,654.0,2026438054,0.3,0.44999999999999996
fig3_community_ve,888.0000000000001,0.2,0.3,0,48.87387387387388,55,454.0,2026438055,0.3,0.44999999999999996
fig3_community_ve,916.0,0.2,0.3,0,50.76419213973799,56,451.0,2026438056,0.3,0.44999999999999996
fig3_community_ve,737.0,0.2,0.3,0,51.69606512890095,57,356.0,2026438057,0.3,0.44999999999999996
fig3_community_ve,603.0,0.2,0.3,0,44.27860696517413,58,336.0,2026438058,0.3,0.44999999999999996
fig3_community_ve,713.0,0.2,0.3,0,48.38709677419355,59,368.0,2026438059,0.3,0.44999999999999996
fig3_community_ve,800.0,0.2,0.3,0,43.50000000000001,60,451.99999999999994,2026438060,0.3,0.44999999999999996
fig3_community_ve,955.0,0.2,0.3,0,42.82722513089005,61,546.0,2026438061,0.3,0.44999999999999996
fig3_community_ve,997.9999999999999,0.2,0.3,0,59.218436873747486,62,407.0,2026438062,0.3,0.44999999999999996
fig3_community_ve,907.0,0.2,0.3,0,40.79382579933848,63,537.0,2026438063,0.3,0.44999999999999996
fig3_community_ve,1334.0,0.2,0.3,0,44.00299850074963,64,747.0,2026438064,0.3,0.44999999999999996
fig3_community_ve,837.0000000000001,0.2,0.3,0,35.84229390681004,65,537.0,2026438065,0.3,0.44999999999999996
fig3_community_ve,575.0,0.2,0.3,0,33.73913043478261,66,381.0,2026438066,0.3,0.44999999999999996
fig3_community_ve,924.0,0.2,0.3,0,50.0,67,462.0,2026438067,0.3,0.44999999999999996
fig3_community_ve,719.0,0.2,0.3,0,41.44645340751043,68,421.0,2026438068,0.3,0.44999999999999996
fig3_community_ve,953.0,0.2,0.3,0,37.04092339979014,69,600.0,2026438069,0.3,0.44999999999999996
fig3_community_ve,1182.0,0.2,0.3,0,47.2927241962775,70,623.0,2026438070,0.3,0.44999999999999996
fig3_community_ve,962.0,0.2,0.3,0,63.2016632016632,71,354.0,2026438071,0.3,0.44999999999999996
fig3_community_ve,764.0,0.2,0.3,0,29.842931937172775,72,536.0,2026438072,0.3,0.44999999999999996
fig3_community_ve,1087.0,0.2,0.3,0,61.361545538178476,73,420.0,2026438073,0.3,0.44999999999999996
fig3_community_ve,1029.0,0.2,0.3,0,39.74732750242954,74,620.0,2026438074,0.3,0.44999999999999996
fig3_community_ve,736.0,0.2,0.3,0,33.42391304347826,75,490.0,2026438075,0.3,0.44999999999999996
fig3_community_ve,578.0,0.2,0.3,0,45.155709342560556,76,317.0,2026438076,0.3,0.44999999999999996
fig3_community_ve,1025.0,0.2,0.3,0,49.26829268292683,77,520.0,2026438077,0.3,0.44999999999999996
fig3_community_ve,803.0000000000001,0.2,0.3,0,47.571606475716074,78,421.0,2026438078,0.3,0.44999999999999996
fig3_community_ve,942.0,0.2,0.3,0,53.71549893842887,79,436.0,2026438079,0.3,0.44999999999999996
fig3_community_ve,562.0,0.2,0.3,0,48.04270462633452,80,292.0,2026438080,0.3,0.44999999999999996
fig3_community_ve,1053.0,0.2,0.3,0,47.38841405508072,81,554.0,2026438081,0.3,0.44999999999999996
fig3_community_ve,709.0,0.2,0.3,0,46.5444287729196,82,379.0,2026438082,0.3,0.44999999999999996
fig3_community_ve,663.0,0.2,0.3,0,27.601809954751143,83,479.99999999999994,2026438083,0.3,0.44999999999999996
fig3_community_ve,861.0,0.2,0.3,0,46.22531939605111,84,462.99999999999994,2026438084,0.3,0.44999999999999996
fig3_community_ve,784.9999999999999,0.2,0.3,0,40.25477707006369,85,469.0,2026438085,0.3,0.44999999999999996
fig3_community_ve,432.0,0.2,0.3,0,4.861111111111111,86,411.0,2026438086,0.3,0.44999999999999996
fig3_community_ve,758.0,0.2,0.3,0,35.88390501319261,87,486.0,2026438087,0.3,0.44999999999999996
fig3_community_ve,897.0,0.2,0.3,0,52.062430323299886,88,430.0,2026438088,0.3,0.44999999999999996
fig3_community_ve,929.0,0.2,0.3,0,48.762109795479,89,476.00000000000006,2026438089,0.3,0.44999999999999996
fig3_community_ve,1021.0,0.2,0.3,0,56.70910871694417,90,442.00000000000006,2026438090,0.3,0.44999999999999996
fig3_community_ve,850.0000000000001,0.2,0.3,0,53.529411764705884,91,395.00000000000006,2026438091,0.3,0.44999999999999996
fig3_community_ve,869.0,0.2,0.3,0,43.153049482163404,92,494.0,2026438092,0.3,0.44999999999999996
fig3_community_ve,693.0,0.2,0.3,0,36.65223665223665,93,439.0,2026438093,0.3,0.44999999999999996
fig3_community_ve,885.0,0.2,0.3,0,36.836158192090394,94,559.0,2026438094,0.3,0.44999999999999996
fig3_community_ve,850.0000000000001,0.2,0.3,0,38.47058823529412,95,523.0,2026438095,0.3,0.44999999999999996
fig3_community_ve,766.0,0.2,0.3,0,41.77545691906004,96,446.00000000000006,2026438096,0.3,0.44999999999999996
fig3_community_ve,1066.0,0.2,0.3,0,50.93808630393996,97,523.0,2026438097,0.3,0.44999999999999996
fig3_community_ve,786.0000000000001,0.2,0.3,0,31.93384223918576,98,535.0,2026438098,0.3,0.44999999999999996
fig3_community_ve,678.0,0.2,0.3,0,43.51032448377581,99,383.0,2026438099,0.3,0.44999999999999996
fig3_community_ve,1076.0,0.2,0.3,0,65.70631970260223,0,369.0,2026441000,0.3,0.9
fig3_community_ve,776.0,0.2,0.3,0,54.63917525773196,1,352.0,2026441001,0.3,0.9
fig3_community_ve,585.0,0.2,0.3,0,34.7008547008547,2,382.0,2026441002,0.3,0.9
fig3_community_ve,775.0,0.2,0.3,0,60.0,3,310.0,2026441003,0.3,0.9
fig3_community_ve,799.0000000000001,0.2,0.3,0,58.197747183979985,4,334.0,2026441004,0.3,0.9
fig3_community_ve,581.0,0.2,0.3,0,44.06196213425129,5,325.0,2026441005,0.3,0.9
fig3_community_ve,701.0,0.2,0.3,0,51.06990014265335,6,343.0,2026441006,0.3,0.9
fig3_community_ve,1110.0,0.2,0.3,0,57.027027027027025,7,477.0,2026441007,0.3,0.9
fig3_community_ve,563.0,0.2,0.3,0,56.48312611012433,8,245.0,2026441008,0.3,0.9
fig3_community_ve,885.0,0.2,0.3,0,63.61581920903955,9,322.0,2026441009,0.3,0.9
fig3_community_ve,676.0,0.2,0.3,0,53.25443786982248,10,316.0,2026441010,0.3,0.9
fig3_community_ve,657.0,0.2,0.3,0,59.208523592085236,11,268.0,2026441011,0.3,0.9
fig3_community_ve,1115.0,0.2,0.3,0,63.408071748878925,12,408.00000000000006,2026441012,0.3,0.9
fig3_community_ve,789.0,0.2,0.3,0,54.626108998732576,13,358.0,2026441013,0.3,0.9
fig3_community_ve,770.0,0.2,0.3,0,57.4025974025974,14,328.0,2026441014,0.3,0.9
fig3_community_ve,867.0000000000001,0.2,0.3,0,37.60092272203,15,541.0,2026441015,0.3,0.9
fig3_community_ve,1142.0,0.2,0.3,0,57.35551663747811,16,487.0,2026441016,0.3,0.9
fig3_community_ve,738.0,0.2,0.3,0,58.80758807588076,17,304.0,2026441017,0.3,0.9
fig3_community_ve,946.0,0.2,0.3,0,58.245243128964056,18,395.00000000000006,2026441018,0.3,0.9
fig3_community_ve,793.9999999999999,0.2,0.3,0,61.71284634760704,19,304.0,2026441019,0.3,0.9
fig3_community_ve,697.0,0.2,0.3,0,52.22381635581062,20,333.0,2026441020,0.3,0.9
fig3_community_ve,1224.0,0.2,0.3,0,60.45751633986928,21,483.99999999999994,2026441021,0.3,0.9
fig3_community_ve,790.0000000000001,0.2,0.3,0,54.81012658227849,22,357.0,2026441022,0.3,0.9
fig3_community_ve,679.0,0.2,0.3,0,54.93372606774668,23,306.0,2026441023,0.3,0.9
fig3_community_ve,647.0,0.2,0.3,0,43.276661514683155,24,367.0,2026441024,0.3,0.9
fig3_community_ve,839.0,0.2,0.3,0,54.82717520858164,25,379.0,2026441025,0.3,0.9
fig3_community_ve,745.0,0.2,0.3,0,55.97315436241611,26,328.0,2026441026,0.3,0.9
fig3_community_ve,920.0,0.2,0.3,0,73.69565217391305,27,241.99999999999997,2026441027,0.3,0.9
fig3_community_ve,1284.0,0.2,0.3,0,69.78193146417445,28,388.0,2026441028,0.3,0.9
fig3_community_ve,561.0,0.2,0.3,0,49.376114081996434,29,284.0,2026441029,0.3,0.9
fig3_community_ve,690.0,0.2,0.3,0,61.01449275362319,30,269.0,2026441030,0.3,0.9
fig3_community_ve,838.0,0.2,0.3,0,72.43436754176611,31,231.0,2026441031,0.3,0.9
fig3_community_ve,1066.0,0.2,0.3,0,65.57223264540337,32,367.0,2026441032,0.3,0.9
fig3_community_ve,759.0,0.2,0.3,0,51.25164690382082,33,370.0,2026441033,0.3,0.9
fig3_community_ve,1033.0,0.2,0.3,0,70.66795740561471,34,303.0,2026441034,0.3,0.9
fig3_community_ve,876.0,0.2,0.3,0,58.10502283105023,35,367.0,2026441035,0.3,0.9
fig3_community_ve,882.0,0.2,0.3,0,58.39002267573696,36,367.0,2026441036,0.3,0.9
fig3_community_ve,1004.0,0.2,0.3,0,62.25099601593625,37,379.0,2026441037,0.3,0.9
fig3_community_ve,748.0,0.2,0.3,0,61.898395721925134,38,285.0,2026441038,0.3,0.9
fig3_community_ve,932.0,0.2,0.3,0,75.32188841201717,39,230.0,2026441039,0.3,0.9
fig3_community_ve,778.0,0.2,0.3,0,58.354755784061695,40,324.0,2026441040,0.3,0.9
fig3_community_ve,604.0,0.2,0.3,0,40.728476821192054,41,358.0,2026441041,0.3,0.9
fig3_community_ve,779.0,0.2,0.3,0,62.90115532734275,42,289.0,2026441042,0.3,0.9
fig3_community_ve,915.0,0.2,0.3,0,49.07103825136612,43,466.0,2026441043,0.3,0.9
fig3_community_ve,967.0,0.2,0.3,0,52.430196483971045,44,460.0,2026441044,0.3,0.9
fig3_community_ve,1010.0,0.2,0.3,0,52.277227722772274,45,481.99999999999994,2026441045,0.3,0.9
fig3_community_ve,833.0000000000001,0.2,0.3,0,48.85954381752702,46,426.0,2026441046,0.3,0.9
fig3_community_ve,878.0,0.2,0.3,0,64.80637813211845,47,309.0,2026441047,0.3,0.9
fig3_community_ve,910.0,0.2,0.3,0,57.69230769230769,48,385.0,2026441048,0.3,0.9
fig3_community_ve,628.0,0.2,0.3,0,48.2484076433121,49,325.0,2026441049,0.3,0.9
fig3_community_ve,865.9999999999999,0.2,0.3,0,63.510392609699764,50,316.0,2026441050,0.3,0.9
fig3_community_ve,1244.0,0.2,0.3,0,60.12861736334405,51,496.0,2026441051,0.3,0.9
fig3_community_ve,944.0,0.2,0.3,0,70.97457627118644,52,274.0,2026441052,0.3,0.9
fig3_community_ve,1080.0,0.2,0.3,0,65.0,53,378.0,2026441053,0.3,0.9
fig3_community_ve,693.0,0.2,0.3,0,62.914862914862915,54,257.0,2026441054,0.3,0.9
fig3_community_ve,1004.0,0.2,0.3,0,66.13545816733068,55,340.0,2026441055,0.3,0.9
fig3_community_ve,909.0000000000001,0.2,0.3,0,49.504950495049506,56,459.00000000000006,2026441056,0.3,0.9
fig3_community_ve,919.0,0.2,0.3,0,48.63982589771491,57,472.0,2026441057,0.3,0.9
fig3_community_ve,1063.0,0.2,0.3,0,67.82690498588899,58,342.0,2026441058,0.3,0.9
fig3_community_ve,907.0,0.2,0.3,0,60.308710033076075,59,360.0,2026441059,0.3,0.9
fig3_community_ve,1153.0,0.2,0.3,0,64.35385949696445,60,411.0,2026441060,0.3,0.9
fig3_community_ve,673.0,0.2,0.3,0,61.2184249628529,61,261.0,2026441061,0.3,0.9
fig3_community_ve,766.0,0.2,0.3,0,38.12010443864229,62,474.00000000000006,2026441062,0.3,0.9
fig3_community_ve,941.0,0.2,0.3,0,53.560042507970245,63,437.0,2026441063,0.3,0.9
fig3_community_ve,796.0,0.2,0.3,0,41.70854271356784,64,464.0,2026441064,0.3,0.9
fig3_community_ve,587.0,0.2,0.3,0,48.21124361158433,65,304.0,2026441065,0.3,0.9
fig3_community_ve,534.0,0.2,0.3,0,43.258426966292134,66,303.0,2026441066,0.3,0.9
fig3_community_ve,753.0,0.2,0.3,0,50.46480743691899,67,373.0,2026441067,0.3,0.9
fig3_community_ve,742.0,0.2,0.3,0,50.40431266846361,68,368.0,2026441068,0.3,0.9
fig3_community_ve,933.9999999999999,0.2,0.3,0,60.06423982869378,69,373.0,2026441069,0.3,0.9
fig3_community_ve,822.0,0.2,0.3,0,48.29683698296836,70,425.00000000000006,2026441070,0.3,0.9
fig3_community_ve,764.0,0.2,0.3,0,60.99476439790576,71,298.0,2026441071,0.3,0.9
fig3_community_ve,831.0,0.2,0.3,0,50.06016847172082,72,415.0,2026441072,0.3,0.9
fig3_community_ve,864.0,0.2,0.3,0,60.648148148148145,73,340.0,2026441073,0.3,0.9
fig3_community_ve,950.0,0.2,0.3,0,61.578947368421055,74,365.0,2026441074,0.3,0.9
fig3_community_ve,790.0000000000001,0.2,0.3,0,52.02531645569621,75,379.0,2026441075,0.3,0.9
fig3_community_ve,864.0,0.2,0.3,0,53.47222222222222,76,402.0,2026441076,0.3,0.9
fig3_community_ve,909.0000000000001,0.2,0.3,0,62.046204620462056,77,345.0,2026441077,0.3,0.9
fig3_community_ve,965.0000000000001,0.2,0.3,0,59.792746113989644,78,388.0,2026441078,0.3,0.9
fig3_community_ve,863.0,0.2,0.3,0,40.32444959443801,79,515.0,2026441079,0.3,0.9
fig3_community_ve,765.0,0.2,0.3,0,50.326797385620914,80,380.0,2026441080,0.3,0.9
fig3_community_ve,693.0,0.2,0.3,0,51.37085137085137,81,337.0,2026441081,0.3,0.9
fig3_community_ve,1058.0,0.2,0.3,0,49.054820415879014,82,539.0,2026441082,0.3,0.9
fig3_community_ve,675.0,0.2,0.3,0,48.0,83,351.0,2026441083,0.3,0.9
fig3_community_ve,950.9999999999999,0.2,0.3,0,53.73291272344899,84,440.0,2026441084,0.3,0.9
fig3_community_ve,796.0,0.2,0.3,0,40.07537688442211,85,477.0,2026441085,0.3,0.9
fig3_community_ve,831.9999999999999,0.2,0.3,0,53.48557692307691,86,387.0,2026441086,0.3,0.9
fig3_community_ve,657.0,0.2,0.3,0,51.44596651445966,87,319.0,2026441087,0.3,0.9
fig3_community_ve,970.0,0.2,0.3,0,57.31958762886598,88,413.99999999999994,2026441088,0.3,0.9
fig3_community_ve,1058.0,0.2,0.3,0,60.30245746691872,89,420.0,2026441089,0.3,0.9
fig3_community_ve,1045.0,0.2,0.3,0,58.27751196172249,90,436.0,2026441090,0.3,0.9
fig3_community_ve,732.0,0.2,0.3,0,55.73770491803279,91,324.0,2026441091,0.3,0.9
fig3_community_ve,748.0,0.2,0.3,0,64.83957219251337,92,263.0,2026441092,0.3,0.9
fig3_community_ve,700.0,0.2,0.3,0,46.42857142857143,93,375.0,2026441093,0.3,0.9
fig3_community_ve,838.0,0.2,0.3,0,52.147971360381874,94,400.99999999999994,2026441094,0.3,0.9
fig3_community_ve,624.0,0.2,0.3,0,61.05769230769231,95,243.0,2026441095,0.3,0.9
fig3_community_ve,970.0,0.2,0.3,0,61.23711340206186,96,376.0,2026441096,0.3,0.9
fig3_community_ve,844.0,0.2,0.3,0,35.18957345971564,97,547.0,2026441097,0.3,0.9
fig3_community_ve,791.0,0.2,0.3,0,54.48798988621998,98,360.0,2026441098,0.3,0.9
fig3_community_ve,842.0,0.2,0.3,0,52.73159144893112,99,398.0,2026441099,0.3,0.9
fig3_community_ve,758.0,0.2,0.3,0,44.72295514511873,0,419.0,2026440000,0.3,0.75
fig3_community_ve,691.0,0.2,0.3,0,53.2561505065123,1,323.0,2026440001,0.3,0.75
fig3_community_ve,789.0,0.2,0.3,0,44.740177439797215,2,436.0,2026440002,0.3,0.75
fig3_community_ve,753.0,0.2,0.3,0,47.67596281540504,3,394.0,2026440003,0.3,0.75
fig3_community_ve,623.0,0.2,0.3,0,30.658105939004816,4,432.0,2026440004,0.3,0.75
fig3_community_ve,729.0,0.2,0.3,0,52.81207133058985,5,344.0,2026440005,0.3,0.75
fig3_community_ve,729.0,0.2,0.3,0,48.69684499314129,6,374.0,2026440006,0.3,0.75
fig3_community_ve,1377.0,0.2,0.3,0,71.67755991285404,7,390.0,2026440007,0.3,0.75
fig3_community_ve,1013.0,0.2,0.3,0,69.00296150049358,8,314.0,2026440008,0.3,0.75
fig3_community_ve,641.0,0.2,0.3,0,51.950078003120126,9,308.0,2026440009,0.3,0.75
fig3_community_ve,838.0,0.2,0.3,0,58.114558472553696,10,351.0,2026440010,0.3,0.75
fig3_community_ve,705.0,0.2,0.3,0,51.773049645390074,11,340.0,2026440011,0.3,0.75
fig3_community_ve,1198.0,0.2,0.3,0,64.9415692821369,12,420.0,2026440012,0.3,0.75
fig3_community_ve,844.0,0.2,0.3,0,61.96682464454976,13,321.0,2026440013,0.3,0.75
fig3_community_ve,706.0,0.2,0.3,0,55.94900849858357,14,311.0,2026440014,0.3,0.75
fig3_community_ve,760.0,0.2,0.3,0,58.55263157894737,15,315.0,2026440015,0.3,0.75
fig3_community_ve,908.0,0.2,0.3,0,57.709251101321584,16,384.0,2026440016,0.3,0.75
fig3_community_ve,1050.0,0.2,0.3,0,64.38095238095238,17,374.0,2026440017,0.3,0.75
fig3_community_ve,717.0,0.2,0.3,0,49.5118549511855,18,362.0,2026440018,0.3,0.75
fig3_community_ve,1210.0,0.2,0.3,0,50.49586776859504,19,599.0,2026440019,0.3,0.75
fig3_community_ve,950.0,0.2,0.3,0,70.21052631578948,20,283.0,2026440020,0.3,0.75
fig3_community_ve,891.0,0.2,0.3,0,61.27946127946128,21,345.0,2026440021,0.3,0.75
fig3_community_ve,510.00000000000006,0.2,0.3,0,38.23529411764707,22,315.0,2026440022,0.3,0.75
fig3_community_ve,961.0,0.2,0.3,0,39.125910509885536,23,585.0,2026440023,0.3,0.75
fig3_community_ve,1111.0,0.2,0.3,0,65.07650765076508,24,388.0,2026440024,0.3,0.75
fig3_community_ve,816.0000000000001,0.2,0.3,0,58.578431372549026,25,338.0,2026440025,0.3,0.75
fig3_community_ve,689.0,0.2,0.3,0,57.18432510885341,26,295.0,2026440026,0.3,0.75
fig3_community_ve,1040.0,0.2,0.3,0,59.03846153846154,27,426.0,2026440027,0.3,0.75
fig3_community_ve,658.0,0.2,0.3,0,54.7112462006079,28,298.0,2026440028,0.3,0.75
fig3_community_ve,858.0000000000001,0.2,0.3,0,57.342657342657354,29,366.0,2026440029,0.3,0.75
fig3_community_ve,736.0,0.2,0.3,0,57.608695652173914,30,312.0,2026440030,0.3,0.75
fig3_community_ve,1135.0,0.2,0.3,0,53.92070484581498,31,523.0,2026440031,0.3,0.75
fig3_community_ve,1174.0,0.2,0.3,0,50.08517887563884,32,586.0,2026440032,0.3,0.75
fig3_community_ve,758.0,0.2,0.3,0,46.306068601583114,33,407.0,2026440033,0.3,0.75
fig3_community_ve,838.0,0.2,0.3,0,42.124105011933175,34,485.0,2026440034,0.3,0.75
fig3_community_ve,948.0000000000001,0.2,0.3,0,54.852320675105496,35,428.0,2026440035,0.3,0.75
fig3_community_ve,611.0,0.2,0.3,0,35.18821603927987,36,396.0,2026440036,0.3,0.75
fig3_community_ve,672.0,0.2,0.3,0,61.75595238095238,37,257.0,2026440037,0.3,0.75
fig3_community_ve,555.0,0.2,0.3,0,52.972972972972975,38,261.0,2026440038,0.3,0.75
fig3_community_ve,628.0,0.2,0.3,0,59.23566878980892,39,256.0,2026440039,0.3,0.75
fig3_community_ve,1143.0,0.2,0.3,0,53.10586176727909,40,536.0,2026440040,0.3,0.75
fig3_community_ve,971.0,0.2,0.3,0,61.79196704428424,41,371.0,2026440041,0.3,0.75
fig3_community_ve,1261.0,0.2,0.3,0,55.27359238699445,42,564.0,2026440042,0.3,0.75
fig3_community_ve,929.9999999999999,0.2,0.3,0,58.49462365591397,43,386.0,2026440043,0.3,0.75
fig3_community_ve,908.0,0.2,0.3,0,54.84581497797356,44,410.00000000000006,2026440044,0.3,0.75
fig3_community_ve,1310.0,0.2,0.3,0,63.587786259541986,45,477.0,2026440045,0.3,0.75
fig3_community_ve,970.0,0.2,0.3,0,58.45360824742268,46,403.0,2026440046,0.3,0.75
fig3_community_ve,658.0,0.2,0.3,0,47.264437689969604,47,347.0,2026440047,0.3,0.75
fig3_community_ve,688.0,0.2,0.3,0,49.56395348837209,48,347.0,2026440048,0.3,0.75
fig3_community_ve,707.0,0.2,0.3,0,62.37623762376238,49,266.0,2026440049,0.3,0.75
fig3_community_ve,1139.0,0.2,0.3,0,54.17032484635645,50,522.0,2026440050,0.3,0.75
fig3_community_ve,912.0,0.2,0.3,0,52.63157894736842,51,432.0,2026440051,0.3,0.75
fig3_community_ve,786.0000000000001,0.2,0.3,0,55.21628498727736,52,352.0,2026440052,0.3,0.75
fig3_community_ve,724.0,0.2,0.3,0,57.18232044198895,53,310.0,2026440053,0.3,0.75
fig3_community_ve,830.0,0.2,0.3,0,65.90361445783132,54,283.0,2026440054,0.3,0.75
fig3_community_ve,963.0,0.2,0.3,0,50.05192107995846,55,481.0,2026440055,0.3,0.75
fig3_community_ve,818.9999999999999,0.2,0.3,0,53.357753357753346,56,382.0,2026440056,0.3,0.75
fig3_community_ve,833.0000000000001,0.2,0.3,0,54.86194477791118,57,376.0,2026440057,0.3,0.75
fig3_community_ve,881.0,0.2,0.3,0,61.407491486946654,58,340.0,2026440058,0.3,0.75
fig3_community_ve,1109.0,0.2,0.3,0,60.05410279531109,59,443.0,2026440059,0.3,0.75
fig3_community_ve,500.0,0.2,0.3,0,31.2,60,344.0,2026440060,0.3,0.75
fig3_community_ve,619.0,0.2,0.3,0,41.033925686591274,61,365.0,2026440061,0.3,0.75
fig3_community_ve,777.0,0.2,0.3,0,56.4993564993565,62,338.0,2026440062,0.3,0.75
fig3_community_ve,659.0,0.2,0.3,0,54.628224582701066,63,299.0,2026440063,0.3,0.75
fig3_community_ve,748.0,0.2,0.3,0,48.93048128342246,64,382.0,2026440064,0.3,0.75
fig3_community_ve,1052.0,0.2,0.3,0,55.133079847908746,65,472.0,2026440065,0.3,0.75
fig3_community_ve,863.0,0.2,0.3,0,47.740440324449594,66,451.0,2026440066,0.3,0.75
fig3_community_ve,1226.0,0.2,0.3,0,58.97226753670473,67,503.0,2026440067,0.3,0.75
fig3_community_ve,606.0,0.2,0.3,0,40.59405940594059,68,360.0,2026440068,0.3,0.75
fig3_community_ve,856.0,0.2,0.3,0,58.52803738317757,69,355.0,2026440069,0.3,0.75
fig3_community_ve,1043.0,0.2,0.3,0,51.77372962607862,70,503.0,2026440070,0.3,0.75
fig3_community_ve,920.0,0.2,0.3,0,50.86956521739131,71,451.99999999999994,2026440071,0.3,0.75
fig3_community_ve,963.0,0.2,0.3,0,55.347871235721705,72,430.0,2026440072,0.3,0.75
fig3_community_ve,914.0,0.2,0.3,0,53.063457330415744,73,429.00000000000006,2026440073,0.3,0.75
fig3_community_ve,692.0,0.2,0.3,0,49.421965317919074,74,350.0,2026440074,0.3,0.75
fig3_community_ve,799.0000000000001,0.2,0.3,0,43.304130162703395,75,453.0,2026440075,0.3,0.75
fig3_community_ve,650.0,0.2,0.3,0,36.615384615384606,76,412.00000000000006,2026440076,0.3,0.75
fig3_community_ve,905.0000000000001,0.2,0.3,0,63.64640883977901,77,329.0,2026440077,0.3,0.75
fig3_community_ve,695.0,0.2,0.3,0,42.44604316546763,78,400.0,2026440078,0.3,0.75
fig3_community_ve,827.9999999999999,0.2,0.3,0,61.47342995169081,79,319.0,2026440079,0.3,0.75
fig3_community_ve,769.0,0.2,0.3,0,41.612483745123534,80,449.0,2026440080,0.3,0.75
fig3_community_ve,818.9999999999999,0.2,0.3,0,42.12454212454211,81,474.00000000000006,2026440081,0.3,0.75
fig3_community_ve,929.0,0.2,0.3,0,62.43272335844995,82,349.0,2026440082,0.3,0.75
fig3_community_ve,1064.0,0.2,0.3,0,58.08270676691729,83,446.00000000000006,2026440083,0.3,0.75
fig3_community_ve,746.0,0.2,0.3,0,54.55764075067024,84,339.0,2026440084,0.3,0.75
fig3_community_ve,932.0,0.2,0.3,0,44.84978540772532,85,514.0,2026440085,0.3,0.75
fig3_community_ve,632.0,0.2,0.3,0,39.71518987341772,86,381.0,2026440086,0.3,0.75
fig3_community_ve,655.0,0.2,0.3,0,61.98473282442748,87,249.0,2026440087,0.3,0.75
fig3_community_ve,1032.0,0.2,0.3,0,54.748062015503876,88,466.99999999999994,2026440088,0.3,0.75
fig3_community_ve,835.0,0.2,0.3,0,35.32934131736527,89,540.0,2026440089,0.3,0.75
fig3_community_ve,857.0,0.2,0.3,0,58.92648774795799,90,352.0,2026440090,0.3,0.75
fig3_community_ve,737.0,0.2,0.3,0,44.91180461329715,91,406.0,2026440091,0.3,0.75
fig3_community_ve,768.0,0.2,0.3,0,53.90625,92,354.0,2026440092,0.3,0.75
fig3_community_ve,933.0,0.2,0.3,0,49.41050375133977,93,472.0,2026440093,0.3,0.75
fig3_community_ve,884.0000000000001,0.2,0.3,0,55.429864253393674,94,394.0,2026440094,0.3,0.75
fig3_community_ve,950.9999999999999,0.2,0.3,0,55.20504731861198,95,426.0,2026440095,0.3,0.75
fig3_community_ve,1070.0,0.2,0.3,0,50.0,96,535.0,2026440096,0.3,0.75
fig3_community_ve,842.0,0.2,0.3,0,60.57007125890736,97,332.0,2026440097,0.3,0.75
fig3_community_ve,693.0,0.2,0.3,0,44.58874458874459,98,384.0,2026440098,0.3,0.75
fig3_community_ve,1329.0,0.2,0.3,0,68.32204665161775,99,421.0,2026440099,0.3,0.75
fig3_community_ve,758.0,0.30000000000000004,0.3,0,0.0,0,758.0,2026442000,0.3,0.0
fig3_community_ve,773.0,0.30000000000000004,0.3,0,0.0,1,773.0,2026442001,0.3,0.0
fig3_community_ve,865.9999999999999,0.30000000000000004,0.3,0,0.0,2,865.9999999999999,2026442002,0.3,0.0
fig3_community_ve,746.0,0.30000000000000004,0.3,0,0.0,3,746.0,2026442003,0.3,0.0
fig3_community_ve,869.0,0.30000000000000004,0.3,0,0.0,4,869.0,2026442004,0.3,0.0
fig3_community_ve,760.0,0.30000000000000004,0.3,0,0.0,5,760.0,2026442005,0.3,0.0
fig3_community_ve,767.0,0.30000000000000004,0.3,0,0.0,6,767.0,2026442006,0.3,0.0
fig3_community_ve,878.0,0.30000000000000004,0.3,0,0.0,7,878.0,2026442007,0.3,0.0
fig3_community_ve,1065.0,0.30000000000000004,0.3,0,0.0,8,1065.0,2026442008,0.3,0.0
fig3_community_ve,914.0,0.30000000000000004,0.3,0,0.0,9,914.0,2026442009,0.3,0.0
fig3_community_ve,635.0,0.30000000000000004,0.3,0,0.0,10,635.0,2026442010,0.3,0.0
fig3_community_ve,779.0,0.30000000000000004,0.3,0,0.0,11,779.0,2026442011,0.3,0.0
fig3_community_ve,923.0,0.30000000000000004,0.3,0,0.0,12,923.0,2026442012,0.3,0.0
fig3_community_ve,999.0000000000001,0.30000000000000004,0.3,0,0.0,13,999.0000000000001,2026442013,0.3,0.0
fig3_community_ve,626.0,0.30000000000000004,0.3,0,0.0,14,626.0,2026442014,0.3,0.0
fig3_community_ve,1050.0,0.30000000000000004,0.3,0,0.0,15,1050.0,2026442015,0.3,0.0
fig3_community_ve,872.0,0.30000000000000004,0.3,0,0.0,16,872.0,2026442016,0.3,0.0
fig3_community_ve,737.0,0.30000000000000004,0.3,0,0.0,17,737.0,2026442017,0.3,0.0
fig3_community_ve,616.0,0.30000000000000004,0.3,0,0.0,18,616.0,2026442018,0.3,0.0
fig3_community_ve,1090.0,0.30000000000000004,0.3,0,0.0,19,1090.0,2026442019,0.3,0.0
fig3_community_ve,765.0,0.30000000000000004,0.3,0,0.0,20,765.0,2026442020,0.3,0.0
fig3_community_ve,864.0,0.30000000000000004,0.3,0,0.0,21,864.0,2026442021,0.3,0.0
fig3_community_ve,814.0,0.30000000000000004,0.3,0,0.0,22,814.0,2026442022,0.3,0.0
fig3_community_ve,1040.0,0.30000000000000004,0.3,0,0.0,23,1040.0,2026442023,0.3,0.0
fig3_community_ve,1108.0,0.30000000000000004,0.3,0,0.0,24,1108.0,2026442024,0.3,0.0
fig3_community_ve,489.0,0.30000000000000004,0.3,0,0.0,25,489.0,2026442025,0.3,0.0
fig3_community_ve,912.9999999999999,0.30000000000000004,0.3,0,0.0,26,912.9999999999999,2026442026,0.3,0.0
fig3_community_ve,888.0000000000001,0.30000000000000004,0.3,0,0.0,27,888.0000000000001,2026442027,0.3,0.0
fig3_community_ve,871.0000000000001,0.30000000000000004,0.3,0,0.0,28,871.0000000000001,2026442028,0.3,0.0
fig3_community_ve,793.0,0.30000000000000004,0.3,0,0.0,29,793.0,2026442029,0.3,0.0
fig3_community_ve,919.0,0.30000000000000004,0.3,0,0.0,30,919.0,2026442030,0.3,0.0
fig3_community_ve,932.0,0.30000000000000004,0.3,0,0.0,31,932.0,2026442031,0.3,0.0
fig3_community_ve,680.0,0.30000000000000004,0.3,0,0.0,32,680.0,2026442032,0.3,0.0
fig3_community_ve,814.0,0.30000000000000004,0.3,0,0.0,33,814.0,2026442033,0.3,0.0
fig3_community_ve,791.0,0.30000000000000004,0.3,0,0.0,34,791.0,2026442034,0.3,0.0
fig3_community_ve,1031.0,0.30000000000000004,0.3,0,0.0,35,1031.0,2026442035,0.3,0.0
fig3_community_ve,783.0,0.30000000000000004,0.3,0,0.0,36,783.0,2026442036,0.3,0.0
fig3_community_ve,923.0,0.30000000000000004,0.3,0,0.0,37,923.0,2026442037,0.3,0.0
fig3_community_ve,855.0,0.30000000000000004,0.3,0,0.0,38,855.0,2026442038,0.3,0.0
fig3_community_ve,838.0,0.30000000000000004,0.3,0,0.0,39,838.0,2026442039,0.3,0.0
fig3_community_ve,823.0,0.30000000000000004,0.3,0,0.0,40,823.0,2026442040,0.3,0.0
fig3_community_ve,810.9999999999999,0.30000000000000004,0.3,0,0.0,41,810.9999999999999,2026442041,0.3,0.0
fig3_community_ve,665.0,0.30000000000000004,0.3,0,0.0,42,665.0,2026442042,0.3,0.0
fig3_community_ve,1150.0,0.30000000000000004,0.3,0,0.0,43,1150.0,2026442043,0.3,0.0
fig3_community_ve,776.0,0.30000000000000004,0.3,0,0.0,44,776.0,2026442044,0.3,0.0
fig3_community_ve,882.0,0.30000000000000004,0.3,0,0.0,45,882.0,2026442045,0.3,0.0
fig3_community_ve,1157.0,0.30000000000000004,0.3,0,0.0,46,1157.0,2026442046,0.3,0.0
fig3_community_ve,747.0,0.30000000000000004,0.3,0,0.0,47,747.0,2026442047,0.3,0.0
fig3_community_ve,877.0,0.30000000000000004,0.3,0,0.0,48,877.0,2026442048,0.3,0.0
fig3_community_ve,1190.0,0.30000000000000004,0.3,0,0.0,49,1190.0,2026442049,0.3,0.0
fig3_community_ve,915.0,0.30000000000000004,0.3,0,0.0,50,915.0,2026442050,0.3,0.0
fig3_community_ve,979.0,0.30000000000000004,0.3,0,0.0,51,979.0,2026442051,0.3,0.0
fig3_community_ve,662.0,0.30000000000000004,0.3,0,0.0,52,662.0,2026442052,0.3,0.0
fig3_community_ve,793.0,0.30000000000000004,0.3,0,0.0,53,793.0,2026442053,0.3,0.0
fig3_community_ve,1013.0,0.30000000000000004,0.3,0,0.0,54,1013.0,2026442054,0.3,0.0
fig3_community_ve,855.0,0.30000000000000004,0.3,0,0.0,55,855.0,2026442055,0.3,0.0
fig3_community_ve,827.0,0.30000000000000004,0.3,0,0.0,56,827.0,2026442056,0.3,0.0
fig3_community_ve,914.0,0.30000000000000004,0.3,0,0.0,57,914.0,2026442057,0.3,0.0
fig3_community_ve,807.0000000000001,0.30000000000000004,0.3,0,0.0,58,807.0000000000001,2026442058,0.3,0.0
fig3_community_ve,584.0,0.30000000000000004,0.3,0,0.0,59,584.0,2026442059,0.3,0.0
fig3_community_ve,1062.0,0.30000000000000004,0.3,0,0.0,60,1062.0,2026442060,0.3,0.0
fig3_community_ve,763.0,0.30000000000000004,0.3,0,0.0,61,763.0,2026442061,0.3,0.0
fig3_community_ve,679.0,0.30000000000000004,0.3,0,0.0,62,679.0,2026442062,0.3,0.0
fig3_community_ve,957.0,0.30000000000000004,0.3,0,0.0,63,957.0,2026442063,0.3,0.0
fig3_community_ve,731.0,0.30000000000000004,0.3,0,0.0,64,731.0,2026442064,0.3,0.0
fig3_community_ve,745.0,0.30000000000000004,0.3,0,0.0,65,745.0,2026442065,0.3,0.0
fig3_community_ve,704.0,0.30000000000000004,0.3,0,0.0,66,704.0,2026442066,0.3,0.0
fig3_community_ve,1248.0,0.30000000000000004,0.3,0,0.0,67,1248.0,2026442067,0.3,0.0
fig3_community_ve,1109.0,0.30000000000000004,0.3,0,0.0,68,1109.0,2026442068,0.3,0.0
fig3_community_ve,824.0000000000001,0.30000000000000004,0.3,0,0.0,69,824.0000000000001,2026442069,0.3,0.0
fig3_community_ve,1022.0,0.30000000000000004,0.3,0,0.0,70,1022.0,2026442070,0.3,0.0
fig3_community_ve,793.0,0.30000000000000004,0.3,0,0.0,71,793.0,2026442071,0.3,0.0
fig3_community_ve,924.0,0.30000000000000004,0.3,0,0.0,72,924.0,2026442072,0.3,0.0
fig3_community_ve,617.0,0.30000000000000004,0.3,0,0.0,73,617.0,2026442073,0.3,0.0
fig3_community_ve,675.0,0.30000000000000004,0.3,0,0.0,74,675.0,2026442074,0.3,0.0
fig3_community_ve,536.0,0.30000000000000004,0.3,0,0.0,75,536.0,2026442075,0.3,0.0
fig3_community_ve,599.0,0.30000000000000004,0.3,0,0.0,76,599.0,2026442076,0.3,0.0
fig3_community_ve,1272.0,0.30000000000000004,0.3,0,0.0,77,1272.0,2026442077,0.3,0.0
fig3_community_ve,580.0,0.30000000000000004,0.3,0,0.0,78,580.0,2026442078,0.3,0.0
fig3_community_ve,545.0,0.30000000000000004,0.3,0,0.0,79,545.0,2026442079,0.3,0.0
fig3_community_ve,747.0,0.30000000000000004,0.3,0,0.0,80,747.0,2026442080,0.3,0.0
fig3_community_ve,572.0,0.30000000000000004,0.3,0,0.0,81,572.0,2026442081,0.3,0.0
fig3_community_ve,531.0,0.30000000000000004,0.3,0,0.0,82,531.0,2026442082,0.3,0.0
fig3_community_ve,837.0000000000001,0.30000000000000004,0.3,0,0.0,83,837.0000000000001,2026442083,0.3,0.0
fig3_community_ve,783.0,0.30000000000000004,0.3,0,0.0,84,783.0,2026442084,0.3,0.0
fig3_community_ve,940.0,0.30000000000000004,0.3,0,0.0,85,940.0,2026442085,0.3,0.0
fig3_community_ve,841.0000000000001,0.30000000000000004,0.3,0,0.0,86,841.0000000000001,2026442086,0.3,0.0
fig3_community_ve,829.0,0.30000000000000004,0.3,0,0.0,87,829.0,2026442087,0.3,0.0
fig3_community_ve,1117.0,0.30000000000000004,0.3,0,0.0,88,1117.0,2026442088,0.3,0.0
fig3_community_ve,756.0,0.30000000000000004,0.3,0,0.0,89,756.0,2026442089,0.3,0.0
fig3_community_ve,1196.0,0.30000000000000004,0.3,0,0.0,90,1196.0,2026442090,0.3,0.0
fig3_community_ve,846.0,0.30000000000000004,0.3,0,0.0,91,846.0,2026442091,0.3,0.0
fig3_community_ve,923.0,0.30000000000000004,0.3,0,0.0,92,923.0,2026442092,0.3,0.0
fig3_community_ve,936.0,0.30000000000000004,0.3,0,0.0,93,936.0,2026442093,0.3,0.0
fig3_community_ve,1049.0,0.30000000000000004,0.3,0,0.0,94,1049.0,2026442094,0.3,0.0
fig3_community_ve,878.9999999999999,0.30000000000000004,0.3,0,0.0,95,878.9999999999999,2026442095,0.3,0.0
fig3_community_ve,784.0,0.30000000000000004,0.3,0,0.0,96,784.0,2026442096,0.3,0.0
fig3_community_ve,644.0,0.30000000000000004,0.3,0,0.0,97,644.0,2026442097,0.3,0.0
fig3_community_ve,810.0,0.30000000000000004,0.3,0,0.0,98,810.0,2026442098,0.3,0.0
fig3_community_ve,855.0,0.30000000000000004,0.3,0,0.0,99,855.0,2026442099,0.3,0.0
fig3_community_ve,1090.0,0.30000000000000004,0.3,0,44.4954128440367,0,605.0,2026443000,0.3,0.15
fig3_community_ve,757.0,0.30000000000000004,0.3,0,25.09907529722589,1,567.0,2026443001,0.3,0.15
fig3_community_ve,666.0,0.30000000000000004,0.3,0,25.225225225225227,2,498.0,2026443002,0.3,0.15
fig3_community_ve,961.0,0.30000000000000004,0.3,0,21.331945889698233,3,756.0,2026443003,0.3,0.15
fig3_community_ve,768.0,0.30000000000000004,0.3,0,34.635416666666664,4,502.0,2026443004,0.3,0.15
fig3_community_ve,539.0,0.30000000000000004,0.3,0,32.28200371057514,5,365.0,2026443005,0.3,0.15
fig3_community_ve,1009.0,0.30000000000000004,0.3,0,25.27254707631318,6,754.0,2026443006,0.3,0.15
fig3_community_ve,944.0,0.30000000000000004,0.3,0,50.953389830508485,7,462.99999999999994,2026443007,0.3,0.15
fig3_community_ve,808.0,0.30000000000000004,0.3,0,32.92079207920792,8,542.0,2026443008,0.3,0.15
fig3_community_ve,869.9999999999999,0.30000000000000004,0.3,0,39.999999999999986,9,522.0,2026443009,0.3,0.15
fig3_community_ve,749.0,0.30000000000000004,0.3,0,23.364485981308412,10,574.0,2026443010,0.3,0.15
fig3_community_ve,708.0,0.30000000000000004,0.3,0,27.11864406779661,11,516.0,2026443011,0.3,0.15
fig3_community_ve,881.0,0.30000000000000004,0.3,0,34.16572077185017,12,580.0,2026443012,0.3,0.15
fig3_community_ve,855.0,0.30000000000000004,0.3,0,30.4093567251462,13,595.0,2026443013,0.3,0.15
fig3_community_ve,782.0,0.30000000000000004,0.3,0,23.145780051150894,14,601.0,2026443014,0.3,0.15
fig3_community_ve,924.0,0.30000000000000004,0.3,0,33.116883116883116,15,618.0,2026443015,0.3,0.15
fig3_community_ve,907.0,0.30000000000000004,0.3,0,32.30429988974642,16,614.0,2026443016,0.3,0.15
fig3_community_ve,768.0,0.30000000000000004,0.3,0,20.703125,17,609.0,2026443017,0.3,0.15
fig3_community_ve,942.9999999999999,0.30000000000000004,0.3,0,23.117709437963935,18,725.0,2026443018,0.3,0.15
fig3_community_ve,451.99999999999994,0.30000000000000004,0.3,0,19.247787610619458,19,365.0,2026443019,0.3,0.15
fig3_community_ve,952.0000000000001,0.30000000000000004,0.3,0,25.84033613445379,20,706.0,2026443020,0.3,0.15
fig3_community_ve,1023.0,0.30000000000000004,0.3,0,27.85923753665689,21,738.0,2026443021,0.3,0.15
fig3_community_ve,1017.0,0.30000000000000004,0.3,0,28.023598820058996,22,732.0,2026443022,0.3,0.15
fig3_community_ve,661.0,0.30000000000000004,0.3,0,42.511346444780635,23,380.0,2026443023,0.3,0.15
fig3_community_ve,771.0,0.30000000000000004,0.3,0,30.220492866407263,24,538.0,2026443024,0.3,0.15
fig3_community_ve,808.0,0.30000000000000004,0.3,0,15.099009900990099,25,686.0,2026443025,0.3,0.15
fig3_community_ve,827.9999999999999,0.30000000000000004,0.3,0,41.787439613526566,26,481.99999999999994,2026443026,0.3,0.15
fig3_community_ve,731.0,0.30000000000000004,0.3,0,31.874145006839946,27,498.0,2026443027,0.3,0.15
fig3_community_ve,662.0,0.30000000000000004,0.3,0,23.41389728096677,28,507.0,2026443028,0.3,0.15
fig3_community_ve,639.0,0.30000000000000004,0.3,0,18.309859154929576,29,522.0,2026443029,0.3,0.15
fig3_community_ve,984.9999999999999,0.30000000000000004,0.3,0,34.8223350253807,30,642.0,2026443030,0.3,0.15
fig3_community_ve,500.0,0.30000000000000004,0.3,0,20.600000000000012,31,396.99999999999994,2026443031,0.3,0.15
fig3_community_ve,1195.0,0.30000000000000004,0.3,0,42.84518828451883,32,683.0,2026443032,0.3,0.15
fig3_community_ve,620.0,0.30000000000000004,0.3,0,17.903225806451612,33,509.0,2026443033,0.3,0.15
fig3_community_ve,1268.0,0.30000000000000004,0.3,0,53.47003154574133,34,590.0,2026443034,0.3,0.15
fig3_community_ve,686.0,0.30000000000000004,0.3,0,27.259475218658903,35,498.99999999999994,2026443035,0.3,0.15
fig3_community_ve,954.0,0.30000000000000004,0.3,0,39.727463312368975,36,575.0,2026443036,0.3,0.15
fig3_community_ve,855.0,0.30000000000000004,0.3,0,17.894736842105264,37,702.0,2026443037,0.3,0.15
fig3_community_ve,933.0,0.30000000000000004,0.3,0,29.689174705251876,38,656.0,2026443038,0.3,0.15
fig3_community_ve,1023.0,0.30000000000000004,0.3,0,37.04789833822092,39,644.0,2026443039,0.3,0.15
fig3_community_ve,657.0,0.30000000000000004,0.3,0,32.57229832572298,40,443.0,2026443040,0.3,0.15
fig3_community_ve,940.0,0.30000000000000004,0.3,0,36.48936170212766,41,597.0,2026443041,0.3,0.15
fig3_community_ve,562.0,0.30000000000000004,0.3,0,41.81494661921708,42,327.0,2026443042,0.3,0.15
fig3_community_ve,851.0,0.30000000000000004,0.3,0,19.623971797884842,43,684.0,2026443043,0.3,0.15
fig3_community_ve,714.0,0.30000000000000004,0.3,0,35.0140056022409,44,464.0,2026443044,0.3,0.15
fig3_community_ve,843.0,0.30000000000000004,0.3,0,32.50296559905101,45,569.0,2026443045,0.3,0.15
fig3_community_ve,993.0,0.30000000000000004,0.3,0,7.754279959718026,46,916.0,2026443046,0.3,0.15
fig3_community_ve,756.0,0.30000000000000004,0.3,0,27.116402116402117,47,551.0,2026443047,0.3,0.15
fig3_community_ve,1041.0,0.30000000000000004,0.3,0,31.316042267050914,48,715.0,2026443048,0.3,0.15
fig3_community_ve,1115.0,0.30000000000000004,0.3,0,21.793721973094172,49,872.0,2026443049,0.3,0.15
fig3_community_ve,454.0,0.30000000000000004,0.3,0,5.066079295154197,50,430.99999999999994,2026443050,0.3,0.15
fig3_community_ve,1005.0,0.30000000000000004,0.3,0,33.333333333333336,51,670.0,2026443051,0.3,0.15
fig3_community_ve,1206.0,0.30000000000000004,0.3,0,33.74792703150911,52,799.0000000000001,2026443052,0.3,0.15
fig3_community_ve,846.0,0.30000000000000004,0.3,0,36.87943262411348,53,534.0,2026443053,0.3,0.15
fig3_community_ve,744.0,0.30000000000000004,0.3,0,25.134408602150536,54,557.0,2026443054,0.3,0.15
fig3_community_ve,1133.0,0.30000000000000004,0.3,0,35.48102383053839,55,731.0,2026443055,0.3,0.15
fig3_community_ve,1010.9999999999999,0.30000000000000004,0.3,0,53.80811078140456,56,466.99999999999994,2026443056,0.3,0.15
fig3_community_ve,946.9999999999999,0.30000000000000004,0.3,0,41.288278775079185,57,556.0,2026443057,0.3,0.15
fig3_community_ve,741.0,0.30000000000000004,0.3,0,33.19838056680161,58,495.00000000000006,2026443058,0.3,0.15
fig3_community_ve,936.0,0.30000000000000004,0.3,0,36.004273504273506,59,599.0,2026443059,0.3,0.15
fig3_community_ve,955.0,0.30000000000000004,0.3,0,36.230366492146594,60,609.0,2026443060,0.3,0.15
fig3_community_ve,882.9999999999999,0.30000000000000004,0.3,0,22.31030577576443,61,686.0,2026443061,0.3,0.15
fig3_community_ve,807.0000000000001,0.30000000000000004,0.3,0,21.31350681536556,62,635.0,2026443062,0.3,0.15
fig3_community_ve,706.0,0.30000000000000004,0.3,0,24.64589235127479,63,532.0,2026443063,0.3,0.15
fig3_community_ve,952.0000000000001,0.30000000000000004,0.3,0,38.44537815126051,64,586.0,2026443064,0.3,0.15
fig3_community_ve,723.0,0.30000000000000004,0.3,0,23.51313969571231,65,553.0,2026443065,0.3,0.15
fig3_community_ve,711.0,0.30000000000000004,0.3,0,27.426160337552744,66,516.0,2026443066,0.3,0.15
fig3_community_ve,950.9999999999999,0.30000000000000004,0.3,0,59.411146161934795,67,386.0,2026443067,0.3,0.15
fig3_community_ve,610.0,0.30000000000000004,0.3,0,9.180327868852459,68,554.0,2026443068,0.3,0.15
fig3_community_ve,611.0,0.30000000000000004,0.3,0,26.35024549918168,69,449.99999999999994,2026443069,0.3,0.15
fig3_community_ve,1048.0,0.30000000000000004,0.3,0,16.50763358778625,70,875.0000000000001,2026443070,0.3,0.15
fig3_community_ve,892.0000000000001,0.30000000000000004,0.3,0,34.86547085201794,71,581.0,2026443071,0.3,0.15
fig3_community_ve,695.0,0.30000000000000004,0.3,0,15.971223021582734,72,584.0,2026443072,0.3,0.15
fig3_community_ve,654.0,0.30000000000000004,0.3,0,22.93577981651376,73,504.0,2026443073,0.3,0.15
fig3_community_ve,1276.0,0.30000000000000004,0.3,0,33.62068965517241,74,847.0,2026443074,0.3,0.15
fig3_community_ve,720.0,0.30000000000000004,0.3,0,36.80555555555556,75,455.0,2026443075,0.3,0.15
fig3_community_ve,1064.0,0.30000000000000004,0.3,0,27.161654135338345,76,775.0,2026443076,0.3,0.15
fig3_community_ve,1219.0,0.30000000000000004,0.3,0,37.07957342083675,77,767.0,2026443077,0.3,0.15
fig3_community_ve,919.0,0.30000000000000004,0.3,0,47.986942328618056,78,478.00000000000006,2026443078,0.3,0.15
fig3_community_ve,864.0,0.30000000000000004,0.3,0,43.17129629629629,79,491.00000000000006,2026443079,0.3,0.15
fig3_community_ve,636.0,0.30000000000000004,0.3,0,34.27672955974844,80,417.99999999999994,2026443080,0.3,0.15
fig3_community_ve,1093.0,0.30000000000000004,0.3,0,36.77950594693504,81,691.0,2026443081,0.3,0.15
fig3_community_ve,906.0,0.30000000000000004,0.3,0,38.962472406181014,82,553.0,2026443082,0.3,0.15
fig3_community_ve,880.0,0.30000000000000004,0.3,0,36.02272727272727,83,563.0,2026443083,0.3,0.15
fig3_community_ve,628.0,0.30000000000000004,0.3,0,28.18471337579618,84,451.0,2026443084,0.3,0.15
fig3_community_ve,939.0000000000001,0.30000000000000004,0.3,0,22.68370607028755,85,726.0,2026443085,0.3,0.15
fig3_community_ve,969.0000000000001,0.30000000000000004,0.3,0,39.73168214654284,86,584.0,2026443086,0.3,0.15
fig3_community_ve,1018.9999999999999,0.30000000000000004,0.3,0,31.697742885181544,87,696.0,2026443087,0.3,0.15
fig3_community_ve,901.0000000000001,0.30000000000000004,0.3,0,24.528301886792462,88,680.0,2026443088,0.3,0.15
fig3_community_ve,929.0,0.30000000000000004,0.3,0,36.06027987082885,89,594.0,2026443089,0.3,0.15
fig3_community_ve,946.0,0.30000000000000004,0.3,0,30.126849894291755,90,661.0,2026443090,0.3,0.15
fig3_community_ve,1199.0,0.30000000000000004,0.3,0,56.63052543786489,91,520.0,2026443091,0.3,0.15
fig3_community_ve,909.0000000000001,0.30000000000000004,0.3,0,34.43344334433444,92,596.0,2026443092,0.3,0.15
fig3_community_ve,644.0,0.30000000000000004,0.3,0,11.335403726708075,93,571.0,2026443093,0.3,0.15
fig3_community_ve,579.0,0.30000000000000004,0.3,0,13.471502590673584,94,500.99999999999994,2026443094,0.3,0.15
fig3_community_ve,1355.0,0.30000000000000004,0.3,0,29.29889298892989,95,958.0,2026443095,0.3,0.15
fig3_community_ve,864.0,0.30000000000000004,0.3,0,28.703703703703702,96,616.0,2026443096,0.3,0.15
fig3_community_ve,1127.0,0.30000000000000004,0.3,0,50.84294587400178,97,554.0,2026443097,0.3,0.15
fig3_community_ve,731.0,0.30000000000000004,0.3,0,17.09986320109439,98,606.0,2026443098,0.3,0.15
fig3_community_ve,837.0000000000001,0.30000000000000004,0.3,0,33.45280764635604,99,557.0,2026443099,0.3,0.15
fig3_community_ve,533.0,0.30000000000000004,0.3,0,32.08255159474672,0,362.0,2026444000,0.3,0.3
fig3_community_ve,991.0,0.30000000000000004,0.3,0,53.17860746720484,1,464.0,2026444001,0.3,0.3
fig3_community_ve,649.0,0.30000000000000004,0.3,0,39.291217257318955,2,394.0,2026444002,0.3,0.3
fig3_community_ve,933.9999999999999,0.30000000000000004,0.3,0,43.04068522483939,3,532.0,2026444003,0.3,0.3
fig3_community_ve,666.0,0.30000000000000004,0.3,0,53.9039039039039,4,307.0,2026444004,0.3,0.3
fig3_community_ve,732.0,0.30000000000000004,0.3,0,44.12568306010929,5,409.0,2026444005,0.3,0.3
fig3_community_ve,693.0,0.30000000000000004,0.3,0,53.102453102453104,6,325.0,2026444006,0.3,0.3
fig3_community_ve,955.0,0.30000000000000004,0.3,0,59.89528795811518,7,383.0,2026444007,0.3,0.3
fig3_community_ve,595.0,0.30000000000000004,0.3,0,46.38655462184874,8,319.0,2026444008,0.3,0.3
fig3_community_ve,864.0,0.30000000000000004,0.3,0,46.52777777777778,9,462.0,2026444009,0.3,0.3
fig3_community_ve,990.0000000000001,0.30000000000000004,0.3,0,53.434343434343425,10,461.00000000000006,2026444010,0.3,0.3
fig3_community_ve,570.0,0.30000000000000004,0.3,0,29.649122807017555,11,400.99999999999994,2026444011,0.3,0.3
fig3_community_ve,636.0,0.30000000000000004,0.3,0,41.666666666666664,12,371.0,2026444012,0.3,0.3
fig3_community_ve,925.0,0.30000000000000004,0.3,0,57.513513513513516,13,393.00000000000006,2026444013,0.3,0.3
fig3_community_ve,755.0,0.30000000000000004,0.3,0,52.58278145695364,14,358.0,2026444014,0.3,0.3
fig3_community_ve,924.0,0.30000000000000004,0.3,0,47.943722943722946,15,481.0,2026444015,0.3,0.3
fig3_community_ve,766.0,0.30000000000000004,0.3,0,52.61096605744125,16,363.0,2026444016,0.3,0.3
fig3_community_ve,812.0,0.30000000000000004,0.3,0,50.49261083743843,17,402.0,2026444017,0.3,0.3
fig3_community_ve,971.0,0.30000000000000004,0.3,0,50.36045314109167,18,481.99999999999994,2026444018,0.3,0.3
fig3_community_ve,743.0,0.30000000000000004,0.3,0,46.029609690444154,19,400.99999999999994,2026444019,0.3,0.3
fig3_community_ve,583.0,0.30000000000000004,0.3,0,41.852487135506,20,339.0,2026444020,0.3,0.3
fig3_community_ve,878.0,0.30000000000000004,0.3,0,52.50569476082005,21,417.0,2026444021,0.3,0.3
fig3_community_ve,630.0,0.30000000000000004,0.3,0,42.38095238095238,22,363.0,2026444022,0.3,0.3
fig3_community_ve,701.0,0.30000000000000004,0.3,0,42.368045649072755,23,404.0,2026444023,0.3,0.3
fig3_community_ve,875.0000000000001,0.30000000000000004,0.3,0,58.400000000000006,24,364.0,2026444024,0.3,0.3
fig3_community_ve,712.0,0.30000000000000004,0.3,0,41.99438202247191,25,413.0,2026444025,0.3,0.3
fig3_community_ve,835.9999999999999,0.30000000000000004,0.3,0,44.01913875598085,26,468.0,2026444026,0.3,0.3
fig3_community_ve,1000.0,0.30000000000000004,0.3,0,42.2,27,578.0,2026444027,0.3,0.3
fig3_community_ve,820.0000000000001,0.30000000000000004,0.3,0,57.92682926829269,28,345.0,2026444028,0.3,0.3
fig3_community_ve,975.0,0.30000000000000004,0.3,0,50.666666666666664,29,481.0,2026444029,0.3,0.3
fig3_community_ve,1064.0,0.30000000000000004,0.3,0,46.71052631578947,30,567.0,2026444030,0.3,0.3
fig3_community_ve,779.0,0.30000000000000004,0.3,0,39.15275994865211,31,474.00000000000006,2026444031,0.3,0.3
fig3_community_ve,742.0,0.30000000000000004,0.3,0,35.57951482479783,32,478.00000000000006,2026444032,0.3,0.3
fig3_community_ve,973.0000000000001,0.30000000000000004,0.3,0,45.837615621788295,33,527.0,2026444033,0.3,0.3
fig3_community_ve,1004.0,0.30000000000000004,0.3,0,49.20318725099601,34,510.00000000000006,2026444034,0.3,0.3
fig3_community_ve,709.0,0.30000000000000004,0.3,0,41.46685472496474,35,415.0,2026444035,0.3,0.3
fig3_community_ve,806.0,0.30000000000000004,0.3,0,52.48138957816377,36,383.0,2026444036,0.3,0.3
fig3_community_ve,949.0,0.30000000000000004,0.3,0,55.74288724973656,37,420.0,2026444037,0.3,0.3
fig3_community_ve,698.0,0.30000000000000004,0.3,0,30.229226361031518,38,487.0,2026444038,0.3,0.3
fig3_community_ve,705.0,0.30000000000000004,0.3,0,46.666666666666664,39,376.0,2026444039,0.3,0.3
fig3_community_ve,808.0,0.30000000000000004,0.3,0,42.94554455445544,40,461.00000000000006,2026444040,0.3,0.3
fig3_community_ve,890.0,0.30000000000000004,0.3,0,49.10112359550562,41,453.0,2026444041,0.3,0.3
fig3_community_ve,890.0,0.30000000000000004,0.3,0,42.359550561797754,42,513.0,2026444042,0.3,0.3
fig3_community_ve,653.0,0.30000000000000004,0.3,0,57.12098009188362,43,280.0,2026444043,0.3,0.3
fig3_community_ve,729.0,0.30000000000000004,0.3,0,43.62139917695473,44,411.0,2026444044,0.3,0.3
fig3_community_ve,722.0,0.30000000000000004,0.3,0,44.04432132963989,45,404.0,2026444045,0.3,0.3
fig3_community_ve,664.0,0.30000000000000004,0.3,0,51.80722891566265,46,320.0,2026444046,0.3,0.3
fig3_community_ve,716.0,0.30000000000000004,0.3,0,57.68156424581006,47,303.0,2026444047,0.3,0.3
fig3_community_ve,874.0,0.30000000000000004,0.3,0,25.28604118993135,48,653.0,2026444048,0.3,0.3
fig3_community_ve,892.0000000000001,0.30000000000000004,0.3,0,55.269058295964136,49,398.99999999999994,2026444049,0.3,0.3
fig3_community_ve,1158.0,0.30000000000000004,0.3,0,58.894645941278064,50,476.00000000000006,2026444050,0.3,0.3
fig3_community_ve,759.0,0.30000000000000004,0.3,0,45.586297760210805,51,413.0,2026444051,0.3,0.3
fig3_community_ve,1056.0,0.30000000000000004,0.3,0,47.821969696969695,52,551.0,2026444052,0.3,0.3
fig3_community_ve,847.0,0.30000000000000004,0.3,0,43.801652892561975,53,476.00000000000006,2026444053,0.3,0.3
fig3_community_ve,782.0,0.30000000000000004,0.3,0,69.0537084398977,54,241.99999999999997,2026444054,0.3,0.3
fig3_community_ve,1269.0,0.30000000000000004,0.3,0,38.69188337273444,55,778.0,2026444055,0.3,0.3
fig3_community_ve,775.0,0.30000000000000004,0.3,0,48.0,56,403.0,2026444056,0.3,0.3
fig3_community_ve,553.0,0.30000000000000004,0.3,0,45.56962025316456,57,301.0,2026444057,0.3,0.3
fig3_community_ve,781.0,0.30000000000000004,0.3,0,50.960307298335465,58,383.0,2026444058,0.3,0.3
fig3_community_ve,861.9999999999999,0.30000000000000004,0.3,0,46.40371229698375,59,462.0,2026444059,0.3,0.3
fig3_community_ve,768.0,0.30000000000000004,0.3,0,43.229166666666664,60,436.0,2026444060,0.3,0.3
fig3_community_ve,850.0000000000001,0.30000000000000004,0.3,0,50.0,61,425.00000000000006,2026444061,0.3,0.3
fig3_community_ve,963.9999999999999,0.30000000000000004,0.3,0,68.7759336099585,62,301.0,2026444062,0.3,0.3
fig3_community_ve,976.0,0.30000000000000004,0.3,0,50.717213114754095,63,481.0,2026444063,0.3,0.3
fig3_community_ve,929.0,0.30000000000000004,0.3,0,49.515608180839614,64,469.0,2026444064,0.3,0.3
fig3_community_ve,760.0,0.30000000000000004,0.3,0,45.6578947368421,65,413.0,2026444065,0.3,0.3
fig3_community_ve,979.0,0.30000000000000004,0.3,0,61.08273748723187,66,381.0,2026444066,0.3,0.3
fig3_community_ve,644.0,0.30000000000000004,0.3,0,47.98136645962733,67,335.0,2026444067,0.3,0.3
fig3_community_ve,690.0,0.30000000000000004,0.3,0,52.17391304347826,68,330.0,2026444068,0.3,0.3
fig3_community_ve,599.0,0.30000000000000004,0.3,0,43.07178631051753,69,341.0,2026444069,0.3,0.3
fig3_community_ve,581.0,0.30000000000000004,0.3,0,49.225473321858864,70,295.0,2026444070,0.3,0.3
fig3_community_ve,929.9999999999999,0.30000000000000004,0.3,0,57.09677419354839,71,398.99999999999994,2026444071,0.3,0.3
fig3_community_ve,705.0,0.30000000000000004,0.3,0,37.163120567375884,72,443.0,2026444072,0.3,0.3
fig3_community_ve,1112.0,0.30000000000000004,0.3,0,46.85251798561151,73,591.0,2026444073,0.3,0.3
fig3_community_ve,927.0,0.30000000000000004,0.3,0,42.71844660194175,74,531.0,2026444074,0.3,0.3
fig3_community_ve,1158.0,0.30000000000000004,0.3,0,48.53195164075993,75,596.0,2026444075,0.3,0.3
fig3_community_ve,652.0,0.30000000000000004,0.3,0,40.1840490797546,76,390.0,2026444076,0.3,0.3
fig3_community_ve,1243.0,0.30000000000000004,0.3,0,39.018503620273535,77,758.0,2026444077,0.3,0.3
fig3_community_ve,848.9999999999999,0.30000000000000004,0.3,0,50.29446407538279,78,422.0,2026444078,0.3,0.3
fig3_community_ve,766.0,0.30000000000000004,0.3,0,55.61357702349869,79,340.0,2026444079,0.3,0.3
fig3_community_ve,844.9999999999999,0.30000000000000004,0.3,0,41.183431952662716,80,496.99999999999994,2026444080,0.3,0.3
fig3_community_ve,885.0,0.30000000000000004,0.3,0,35.932203389830505,81,567.0,2026444081,0.3,0.3
fig3_community_ve,891.0,0.30000000000000004,0.3,0,44.10774410774411,82,498.0,2026444082,0.3,0.3
fig3_community_ve,869.0,0.30000000000000004,0.3,0,43.0379746835443,83,495.00000000000006,2026444083,0.3,0.3
fig3_community_ve,786.0000000000001,0.30000000000000004,0.3,0,50.254452926208664,84,391.0,2026444084,0.3,0.3
fig3_community_ve,950.9999999999999,0.30000000000000004,0.3,0,60.25236593059936,85,378.0,2026444085,0.3,0.3
fig3_community_ve,780.0,0.30000000000000004,0.3,0,41.282051282051285,86,458.0,2026444086,0.3,0.3
fig3_community_ve,696.0,0.30000000000000004,0.3,0,51.867816091954026,87,335.0,2026444087,0.3,0.3
fig3_community_ve,1230.0,0.30000000000000004,0.3,0,43.577235772357724,88,694.0,2026444088,0.3,0.3
fig3_community_ve,982.0000000000001,0.30000000000000004,0.3,0,54.480651731160904,89,447.0,2026444089,0.3,0.3
fig3_community_ve,899.0,0.30000000000000004,0.3,0,51.50166852057842,90,436.0,2026444090,0.3,0.3
fig3_community_ve,971.0,0.30000000000000004,0.3,0,50.257466529351184,91,483.0,2026444091,0.3,0.3
fig3_community_ve,1075.0,0.30000000000000004,0.3,0,63.627906976744185,92,391.0,2026444092,0.3,0.3
fig3_community_ve,789.0,0.30000000000000004,0.3,0,56.40050697084918,93,344.0,2026444093,0.3,0.3
fig3_community_ve,633.0,0.30000000000000004,0.3,0,41.23222748815166,94,372.0,2026444094,0.3,0.3
fig3_community_ve,760.0,0.30000000000000004,0.3,0,26.44736842105263,95,559.0,2026444095,0.3,0.3
fig3_community_ve,745.0,0.30000000000000004,0.3,0,44.83221476510067,96,411.0,2026444096,0.3,0.3
fig3_community_ve,829.0,0.30000000000000004,0.3,0,45.83835946924005,97,449.0,2026444097,0.3,0.3
fig3_community_ve,1078.0,0.30000000000000004,0.3,0,50.55658627087198,98,533.0,2026444098,0.3,0.3
fig3_community_ve,694.0,0.30000000000000004,0.3,0,41.930835734870314,99,403.0,2026444099,0.3,0.3
fig3_community_ve,627.0,0.30000000000000004,0.3,0,46.09250398724083,0,338.0,2026446000,0.3,0.6
fig3_community_ve,1143.0,0.30000000000000004,0.3,0,68.9413823272091,1,355.0,2026446001,0.3,0.6
fig3_community_ve,1053.0,0.30000000000000004,0.3,0,55.93542260208927,2,464.0,2026446002,0.3,0.6
fig3_community_ve,984.0,0.30000000000000004,0.3,0,68.08943089430895,3,314.0,2026446003,0.3,0.6
fig3_community_ve,912.9999999999999,0.30000000000000004,0.3,0,65.27929901423876,4,317.0,2026446004,0.3,0.6
fig3_community_ve,723.0,0.30000000000000004,0.3,0,55.87828492392808,5,319.0,2026446005,0.3,0.6
fig3_community_ve,1008.0,0.30000000000000004,0.3,0,58.035714285714285,6,423.0,2026446006,0.3,0.6
fig3_community_ve,903.0,0.30000000000000004,0.3,0,64.23034330011075,7,323.0,2026446007,0.3,0.6
fig3_community_ve,1098.0,0.30000000000000004,0.3,0,70.30965391621129,8,326.0,2026446008,0.3,0.6
fig3_community_ve,1054.0,0.30000000000000004,0.3,0,72.29601518026566,9,292.0,2026446009,0.3,0.6
fig3_community_ve,791.0,0.30000000000000004,0.3,0,73.19848293299621,10,212.0,2026446010,0.3,0.6
fig3_community_ve,860.0,0.30000000000000004,0.3,0,43.953488372093034,11,481.99999999999994,2026446011,0.3,0.6
fig3_community_ve,689.0,0.30000000000000004,0.3,0,63.13497822931785,12,254.00000000000003,2026446012,0.3,0.6
fig3_community_ve,557.0,0.30000000000000004,0.3,0,51.34649910233393,13,271.0,2026446013,0.3,0.6
fig3_community_ve,869.9999999999999,0.30000000000000004,0.3,0,71.95402298850574,14,244.0,2026446014,0.3,0.6
fig3_community_ve,458.0,0.30000000000000004,0.3,0,47.37991266375547,15,240.99999999999997,2026446015,0.3,0.6
fig3_community_ve,874.0,0.30000000000000004,0.3,0,61.441647597254004,16,337.0,2026446016,0.3,0.6
fig3_community_ve,741.0,0.30000000000000004,0.3,0,51.956815114709855,17,356.0,2026446017,0.3,0.6
fig3_community_ve,1090.0,0.30000000000000004,0.3,0,67.88990825688073,18,350.0,2026446018,0.3,0.6
fig3_community_ve,821.0,0.30000000000000004,0.3,0,66.26065773447016,19,277.0,2026446019,0.3,0.6
fig3_community_ve,856.0,0.30000000000000004,0.3,0,68.3411214953271,20,271.0,2026446020,0.3,0.6
fig3_community_ve,877.0,0.30000000000000004,0.3,0,58.49486887115165,21,364.0,2026446021,0.3,0.6
fig3_community_ve,899.0,0.30000000000000004,0.3,0,70.18909899888766,22,268.0,2026446022,0.3,0.6
fig3_community_ve,1074.0,0.30000000000000004,0.3,0,69.92551210428306,23,323.0,2026446023,0.3,0.6
fig3_community_ve,726.0,0.30000000000000004,0.3,0,62.94765840220386,24,269.0,2026446024,0.3,0.6
fig3_community_ve,1152.0,0.30000000000000004,0.3,0,72.56944444444444,25,316.0,2026446025,0.3,0.6
fig3_community_ve,970.0,0.30000000000000004,0.3,0,59.48453608247423,26,393.00000000000006,2026446026,0.3,0.6
fig3_community_ve,978.0,0.30000000000000004,0.3,0,63.0879345603272,27,361.0,2026446027,0.3,0.6
fig3_community_ve,767.0,0.30000000000000004,0.3,0,53.71577574967405,28,355.0,2026446028,0.3,0.6
fig3_community_ve,728.0,0.30000000000000004,0.3,0,65.10989010989012,29,254.00000000000003,2026446029,0.3,0.6
fig3_community_ve,673.0,0.30000000000000004,0.3,0,60.475482912332836,30,266.0,2026446030,0.3,0.6
fig3_community_ve,616.0,0.30000000000000004,0.3,0,52.27272727272727,31,294.0,2026446031,0.3,0.6
fig3_community_ve,1229.0,0.30000000000000004,0.3,0,63.38486574450773,32,449.99999999999994,2026446032,0.3,0.6
fig3_community_ve,583.0,0.30000000000000004,0.3,0,50.943396226415096,33,286.0,2026446033,0.3,0.6
fig3_community_ve,733.0,0.30000000000000004,0.3,0,63.43792633015007,34,268.0,2026446034,0.3,0.6
fig3_community_ve,834.0,0.30000000000000004,0.3,0,55.39568345323741,35,372.0,2026446035,0.3,0.6
fig3_community_ve,573.0,0.30000000000000004,0.3,0,60.20942408376963,36,228.0,2026446036,0.3,0.6
fig3_community_ve,1047.0,0.30000000000000004,0.3,0,72.20630372492836,37,291.0,2026446037,0.3,0.6
fig3_community_ve,861.0,0.30000000000000004,0.3,0,60.16260162601626,38,343.0,2026446038,0.3,0.6
fig3_community_ve,1138.0,0.30000000000000004,0.3,0,67.48681898066783,39,370.0,2026446039,0.3,0.6
fig3_community_ve,783.0,0.30000000000000004,0.3,0,57.59897828863346,40,332.0,2026446040,0.3,0.6
fig3_community_ve,889.0,0.30000000000000004,0.3,0,64.1169853768279,41,319.0,2026446041,0.3,0.6
fig3_community_ve,867.0000000000001,0.30000000000000004,0.3,0,59.51557093425606,42,351.0,2026446042,0.3,0.6
fig3_community_ve,581.0,0.30000000000000004,0.3,0,50.4302925989673,43,288.0,2026446043,0.3,0.6
fig3_community_ve,682.0,0.30000000000000004,0.3,0,61.58357771260997,44,262.0,2026446044,0.3,0.6
fig3_community_ve,1095.0,0.30000000000000004,0.3,0,57.80821917808219,45,462.0,2026446045,0.3,0.6
fig3_community_ve,615.0,0.30000000000000004,0.3,0,52.357723577235774,46,293.0,2026446046,0.3,0.6
fig3_community_ve,610.0,0.30000000000000004,0.3,0,55.57377049180328,47,271.0,2026446047,0.3,0.6
fig3_community_ve,906.0,0.30000000000000004,0.3,0,70.08830022075055,48,271.0,2026446048,0.3,0.6
fig3_community_ve,860.0,0.30000000000000004,0.3,0,68.95348837209302,49,267.0,2026446049,0.3,0.6
fig3_community_ve,782.0,0.30000000000000004,0.3,0,64.83375959079284,50,275.0,2026446050,0.3,0.6
fig3_community_ve,842.0,0.30000000000000004,0.3,0,66.3895486935867,51,283.0,2026446051,0.3,0.6
fig3_community_ve,903.0,0.30000000000000004,0.3,0,60.57585825027685,52,356.0,2026446052,0.3,0.6
fig3_community_ve,1255.0,0.30000000000000004,0.3,0,71.79282868525897,53,354.0,2026446053,0.3,0.6
fig3_community_ve,924.0,0.30000000000000004,0.3,0,62.878787878787875,54,343.0,2026446054,0.3,0.6
fig3_community_ve,1018.9999999999999,0.30000000000000004,0.3,0,63.395485770363095,55,373.0,2026446055,0.3,0.6
fig3_community_ve,801.9999999999999,0.30000000000000004,0.3,0,67.45635910224438,56,261.0,2026446056,0.3,0.6
fig3_community_ve,639.0,0.30000000000000004,0.3,0,57.27699530516432,57,273.0,2026446057,0.3,0.6
fig3_community_ve,911.0,0.30000000000000004,0.3,0,73.10647639956092,58,245.0,2026446058,0.3,0.6
fig3_community_ve,829.0,0.30000000000000004,0.3,0,56.815440289505425,59,358.0,2026446059,0.3,0.6
fig3_community_ve,891.0,0.30000000000000004,0.3,0,63.86083052749719,60,322.0,2026446060,0.3,0.6
fig3_community_ve,955.0,0.30000000000000004,0.3,0,65.86387434554973,61,326.0,2026446061,0.3,0.6
fig3_community_ve,498.99999999999994,0.30000000000000004,0.3,0,61.32264529058116,62,193.0,2026446062,0.3,0.6
fig3_community_ve,657.0,0.30000000000000004,0.3,0,48.55403348554034,63,338.0,2026446063,0.3,0.6
fig3_community_ve,764.0,0.30000000000000004,0.3,0,57.068062827225134,64,328.0,2026446064,0.3,0.6
fig3_community_ve,1297.0,0.30000000000000004,0.3,0,69.46800308404009,65,396.0,2026446065,0.3,0.6
fig3_community_ve,865.9999999999999,0.30000000000000004,0.3,0,67.32101616628175,66,283.0,2026446066,0.3,0.6
fig3_community_ve,1004.0,0.30000000000000004,0.3,0,74.800796812749,67,253.0,2026446067,0.3,0.6
fig3_community_ve,766.0,0.30000000000000004,0.3,0,71.14882506527415,68,221.00000000000003,2026446068,0.3,0.6
fig3_community_ve,825.0,0.30000000000000004,0.3,0,66.9090909090909,69,273.0,2026446069,0.3,0.6
fig3_community_ve,678.0,0.30000000000000004,0.3,0,55.6047197640118,70,301.0,2026446070,0.3,0.6
fig3_community_ve,774.0,0.30000000000000004,0.3,0,64.59948320413437,71,274.0,2026446071,0.3,0.6
fig3_community_ve,953.0,0.30000000000000004,0.3,0,62.329485834207766,72,359.0,2026446072,0.3,0.6
fig3_community_ve,950.0,0.30000000000000004,0.3,0,76.63157894736842,73,222.00000000000003,2026446073,0.3,0.6
fig3_community_ve,942.0,0.30000000000000004,0.3,0,59.97876857749469,74,377.0,2026446074,0.3,0.6
fig3_community_ve,1035.0,0.30000000000000004,0.3,0,68.30917874396135,75,328.0,2026446075,0.3,0.6
fig3_community_ve,689.0,0.30000000000000004,0.3,0,54.13642960812772,76,316.0,2026446076,0.3,0.6
fig3_community_ve,1088.0,0.30000000000000004,0.3,0,59.83455882352941,77,437.0,2026446077,0.3,0.6
fig3_community_ve,1114.0,0.30000000000000004,0.3,0,66.78635547576302,78,370.0,2026446078,0.3,0.6
fig3_community_ve,1035.0,0.30000000000000004,0.3,0,76.32850241545894,79,245.0,2026446079,0.3,0.6
fig3_community_ve,804.0,0.30000000000000004,0.3,0,70.64676616915423,80,236.0,2026446080,0.3,0.6
fig3_community_ve,997.0,0.30000000000000004,0.3,0,67.1013039117352,81,328.0,2026446081,0.3,0.6
fig3_community_ve,781.0,0.30000000000000004,0.3,0,64.404609475032,82,278.0,2026446082,0.3,0.6
fig3_community_ve,827.9999999999999,0.30000000000000004,0.3,0,68.84057971014492,83,258.0,2026446083,0.3,0.6
fig3_community_ve,698.0,0.30000000000000004,0.3,0,63.03724928366762,84,258.0,2026446084,0.3,0.6
fig3_community_ve,817.0,0.30000000000000004,0.3,0,57.89473684210526,85,344.0,2026446085,0.3,0.6
fig3_community_ve,967.0,0.30000000000000004,0.3,0,68.35573940020683,86,306.0,2026446086,0.3,0.6
fig3_community_ve,867.0000000000001,0.30000000000000004,0.3,0,68.62745098039217,87,272.0,2026446087,0.3,0.6
fig3_community_ve,848.9999999999999,0.30000000000000004,0.3,0,68.31566548881035,88,269.0,2026446088,0.3,0.6
fig3_community_ve,679.0,0.30000000000000004,0.3,0,60.08836524300442,89,271.0,2026446089,0.3,0.6
fig3_community_ve,1103.0,0.30000000000000004,0.3,0,73.25475974614687,90,295.0,2026446090,0.3,0.6
fig3_community_ve,706.0,0.30000000000000004,0.3,0,56.94050991501416,91,304.0,2026446091,0.3,0.6
fig3_community_ve,1207.0,0.30000000000000004,0.3,0,64.70588235294117,92,426.0,2026446092,0.3,0.6
fig3_community_ve,677.0,0.30000000000000004,0.3,0,63.220088626292466,93,249.0,2026446093,0.3,0.6
fig3_community_ve,686.0,0.30000000000000004,0.3,0,54.373177842565596,94,313.0,2026446094,0.3,0.6
fig3_community_ve,758.0,0.30000000000000004,0.3,0,63.19261213720316,95,279.0,2026446095,0.3,0.6
fig3_community_ve,1103.0,0.30000000000000004,0.3,0,65.82048957388939,96,377.0,2026446096,0.3,0.6
fig3_community_ve,627.0,0.30000000000000004,0.3,0,64.5933014354067,97,222.00000000000003,2026446097,0.3,0.6
fig3_community_ve,973.0000000000001,0.30000000000000004,0.3,0,71.32579650565263,98,279.0,2026446098,0.3,0.6
fig3_community_ve,672.0,0.30000000000000004,0.3,0,72.4702380952381,99,185.0,2026446099,0.3,0.6
fig3_community_ve,916.9999999999999,0.30000000000000004,0.3,0,75.89967284623772,0,221.00000000000003,2026447000,0.3,0.75
fig3_community_ve,1062.0,0.30000000000000004,0.3,0,69.77401129943503,1,321.0,2026447001,0.3,0.75
fig3_community_ve,793.9999999999999,0.30000000000000004,0.3,0,71.53652392947103,2,225.99999999999997,2026447002,0.3,0.75
fig3_community_ve,854.0000000000001,0.30000000000000004,0.3,0,67.68149882903982,3,276.0,2026447003,0.3,0.75
fig3_community_ve,557.0,0.30000000000000004,0.3,0,54.937163375224415,4,251.0,2026447004,0.3,0.75
fig3_community_ve,635.0,0.30000000000000004,0.3,0,60.47244094488189,5,251.0,2026447005,0.3,0.75
fig3_community_ve,873.0,0.30000000000000004,0.3,0,63.00114547537228,6,323.0,2026447006,0.3,0.75
fig3_community_ve,1256.0,0.30000000000000004,0.3,0,73.1687898089172,7,337.0,2026447007,0.3,0.75
fig3_community_ve,974.0,0.30000000000000004,0.3,0,61.90965092402464,8,371.0,2026447008,0.3,0.75
fig3_community_ve,945.0,0.30000000000000004,0.3,0,69.84126984126983,9,285.0,2026447009,0.3,0.75
fig3_community_ve,865.9999999999999,0.30000000000000004,0.3,0,74.82678983833718,10,218.0,2026447010,0.3,0.75
fig3_community_ve,736.0,0.30000000000000004,0.3,0,66.16847826086956,11,249.0,2026447011,0.3,0.75
fig3_community_ve,763.0,0.30000000000000004,0.3,0,58.58453473132372,12,316.0,2026447012,0.3,0.75
fig3_community_ve,653.0,0.30000000000000004,0.3,0,67.3813169984686,13,213.0,2026447013,0.3,0.75
fig3_community_ve,739.0,0.30000000000000004,0.3,0,75.3721244925575,14,182.0,2026447014,0.3,0.75
fig3_community_ve,837.0000000000001,0.30000000000000004,0.3,0,71.80406212664278,15,236.0,2026447015,0.3,0.75
fig3_community_ve,971.0,0.30000000000000004,0.3,0,70.03089598352214,16,291.0,2026447016,0.3,0.75
fig3_community_ve,623.0,0.30000000000000004,0.3,0,71.58908507223114,17,177.0,2026447017,0.3,0.75
fig3_community_ve,559.0,0.30000000000000004,0.3,0,63.864042933810374,18,202.0,2026447018,0.3,0.75
fig3_community_ve,1031.0,0.30000000000000004,0.3,0,73.22987390882638,19,276.0,2026447019,0.3,0.75
fig3_community_ve,1117.0,0.30000000000000004,0.3,0,74.93285586392122,20,280.0,2026447020,0.3,0.75
fig3_community_ve,816.0000000000001,0.30000000000000004,0.3,0,67.64705882352942,21,264.0,2026447021,0.3,0.75
fig3_community_ve,903.9999999999999,0.30000000000000004,0.3,0,76.76991150442477,22,210.0,2026447022,0.3,0.75
fig3_community_ve,916.0,0.30000000000000004,0.3,0,65.28384279475982,23,318.0,2026447023,0.3,0.75
fig3_community_ve,742.0,0.30000000000000004,0.3,0,72.37196765498652,24,205.00000000000003,2026447024,0.3,0.75
fig3_community_ve,780.0,0.30000000000000004,0.3,0,60.12820512820513,25,311.0,2026447025,0.3,0.75
fig3_community_ve,911.0,0.30000000000000004,0.3,0,68.71569703622393,26,285.0,2026447026,0.3,0.75
fig3_community_ve,1051.0,0.30000000000000004,0.3,0,57.75451950523311,27,444.00000000000006,2026447027,0.3,0.75
fig3_community_ve,607.0,0.30000000000000004,0.3,0,70.18121911037892,28,181.0,2026447028,0.3,0.75
fig3_community_ve,790.0000000000001,0.30000000000000004,0.3,0,69.24050632911393,29,243.0,2026447029,0.3,0.75
fig3_community_ve,876.0,0.30000000000000004,0.3,0,59.58904109589041,30,354.0,2026447030,0.3,0.75
fig3_community_ve,1203.0,0.30000000000000004,0.3,0,67.41479634247715,31,392.0,2026447031,0.3,0.75
fig3_community_ve,1119.0,0.30000000000000004,0.3,0,72.92225201072387,32,303.0,2026447032,0.3,0.75
fig3_community_ve,864.0,0.30000000000000004,0.3,0,66.66666666666667,33,288.0,2026447033,0.3,0.75
fig3_community_ve,1243.0,0.30000000000000004,0.3,0,71.44006436041835,34,355.0,2026447034,0.3,0.75
fig3_community_ve,840.0,0.30000000000000004,0.3,0,73.21428571428571,35,224.99999999999997,2026447035,0.3,0.75
fig3_community_ve,907.0,0.30000000000000004,0.3,0,76.62624035281146,36,212.0,2026447036,0.3,0.75
fig3_community_ve,1040.0,0.30000000000000004,0.3,0,67.3076923076923,37,340.0,2026447037,0.3,0.75
fig3_community_ve,634.0,0.30000000000000004,0.3,0,61.51419558359621,38,244.0,2026447038,0.3,0.75
fig3_community_ve,734.0,0.30000000000000004,0.3,0,67.3024523160763,39,239.99999999999997,2026447039,0.3,0.75
fig3_community_ve,956.0000000000001,0.30000000000000004,0.3,0,73.43096234309624,40,254.00000000000003,2026447040,0.3,0.75
fig3_community_ve,990.0000000000001,0.30000000000000004,0.3,0,72.12121212121212,41,276.0,2026447041,0.3,0.75
fig3_community_ve,842.0,0.30000000000000004,0.3,0,77.43467933491686,42,190.0,2026447042,0.3,0.75
fig3_community_ve,787.0,0.30000000000000004,0.3,0,61.753494282083864,43,301.0,2026447043,0.3,0.75
fig3_community_ve,1039.0,0.30000000000000004,0.3,0,65.92877767083735,44,354.0,2026447044,0.3,0.75
fig3_community_ve,718.0,0.30000000000000004,0.3,0,55.98885793871866,45,316.0,2026447045,0.3,0.75
fig3_community_ve,1043.0,0.30000000000000004,0.3,0,67.88111217641419,46,335.0,2026447046,0.3,0.75
fig3_community_ve,718.0,0.30000000000000004,0.3,0,64.20612813370474,47,257.0,2026447047,0.3,0.75
fig3_community_ve,761.0,0.30000000000000004,0.3,0,72.27332457293035,48,211.0,2026447048,0.3,0.75
fig3_community_ve,590.0,0.30000000000000004,0.3,0,67.45762711864407,49,192.0,2026447049,0.3,0.75
fig3_community_ve,689.0,0.30000000000000004,0.3,0,64.15094339622641,50,247.0,2026447050,0.3,0.75
fig3_community_ve,941.0,0.30000000000000004,0.3,0,69.50053134962806,51,287.0,2026447051,0.3,0.75
fig3_community_ve,591.0,0.30000000000000004,0.3,0,66.1590524534687,52,200.0,2026447052,0.3,0.75
fig3_community_ve,658.0,0.30000000000000004,0.3,0,61.09422492401216,53,256.0,2026447053,0.3,0.75
fig3_community_ve,1093.0,0.30000000000000004,0.3,0,63.12900274473925,54,403.0,2026447054,0.3,0.75
fig3_community_ve,686.0,0.30000000000000004,0.3,0,60.204081632653065,55,273.0,2026447055,0.3,0.75
fig3_community_ve,1052.0,0.30000000000000004,0.3,0,69.3916349809886,56,322.0,2026447056,0.3,0.75
fig3_community_ve,1061.0,0.30000000000000004,0.3,0,71.06503298774741,57,307.0,2026447057,0.3,0.75
fig3_community_ve,631.0,0.30000000000000004,0.3,0,59.90491283676704,58,253.0,2026447058,0.3,0.75
fig3_community_ve,746.0,0.30000000000000004,0.3,0,65.8176943699732,59,255.00000000000003,2026447059,0.3,0.75
fig3_community_ve,865.0,0.30000000000000004,0.3,0,72.02312138728324,60,241.99999999999997,2026447060,0.3,0.75
fig3_community_ve,755.0,0.30000000000000004,0.3,0,69.93377483443709,61,227.0,2026447061,0.3,0.75
fig3_community_ve,712.0,0.30000000000000004,0.3,0,66.85393258426966,62,236.0,2026447062,0.3,0.75
fig3_community_ve,897.0,0.30000000000000004,0.3,0,67.3355629877369,63,293.0,2026447063,0.3,0.75
fig3_community_ve,619.0,0.30000000000000004,0.3,0,77.7059773828756,64,138.0,2026447064,0.3,0.75
fig3_community_ve,859.0,0.30000000000000004,0.3,0,71.12922002328288,65,248.0,2026447065,0.3,0.75
fig3_community_ve,925.9999999999999,0.30000000000000004,0.3,0,78.40172786177105,66,200.0,2026447066,0.3,0.75
fig3_community_ve,856.0,0.30000000000000004,0.3,0,64.1355140186916,67,307.0,2026447067,0.3,0.75
fig3_community_ve,933.0,0.30000000000000004,0.3,0,72.9903536977492,68,252.0,2026447068,0.3,0.75
fig3_community_ve,758.0,0.30000000000000004,0.3,0,59.10290237467019,69,310.0,2026447069,0.3,0.75
fig3_community_ve,730.0,0.30000000000000004,0.3,0,62.87671232876713,70,271.0,2026447070,0.3,0.75
fig3_community_ve,766.0,0.30000000000000004,0.3,0,64.75195822454307,71,270.0,2026447071,0.3,0.75
fig3_community_ve,899.9999999999999,0.30000000000000004,0.3,0,74.55555555555554,72,229.0,2026447072,0.3,0.75
fig3_community_ve,959.0,0.30000000000000004,0.3,0,62.35662148070907,73,361.0,2026447073,0.3,0.75
fig3_community_ve,709.0,0.30000000000000004,0.3,0,65.86741889985896,74,241.99999999999997,2026447074,0.3,0.75
fig3_community_ve,703.0,0.30000000000000004,0.3,0,59.74395448079659,75,283.0,2026447075,0.3,0.75
fig3_community_ve,895.9999999999999,0.30000000000000004,0.3,0,66.51785714285714,76,300.0,2026447076,0.3,0.75
fig3_community_ve,826.0,0.30000000000000004,0.3,0,56.17433414043583,77,362.0,2026447077,0.3,0.75
fig3_community_ve,524.0,0.30000000000000004,0.3,0,61.83206106870229,78,200.0,2026447078,0.3,0.75
fig3_community_ve,792.0,0.30000000000000004,0.3,0,67.55050505050505,79,257.0,2026447079,0.3,0.75
fig3_community_ve,652.0,0.30000000000000004,0.3,0,65.6441717791411,80,223.99999999999997,2026447080,0.3,0.75
fig3_community_ve,1082.0,0.30000000000000004,0.3,0,75.32347504621072,81,267.0,2026447081,0.3,0.75
fig3_community_ve,711.0,0.30000000000000004,0.3,0,70.46413502109705,82,210.0,2026447082,0.3,0.75
fig3_community_ve,1018.0,0.30000000000000004,0.3,0,73.28094302554028,83,272.0,2026447083,0.3,0.75
fig3_community_ve,610.0,0.30000000000000004,0.3,0,57.21311475409836,84,261.0,2026447084,0.3,0.75
fig3_community_ve,1064.0,0.30000000000000004,0.3,0,75.46992481203007,85,261.0,2026447085,0.3,0.75
fig3_community_ve,955.0,0.30000000000000004,0.3,0,70.15706806282722,86,285.0,2026447086,0.3,0.75
fig3_community_ve,775.0,0.30000000000000004,0.3,0,75.2258064516129,87,192.0,2026447087,0.3,0.75
fig3_community_ve,688.0,0.30000000000000004,0.3,0,59.44767441860465,88,279.0,2026447088,0.3,0.75
fig3_community_ve,920.0,0.30000000000000004,0.3,0,70.54347826086956,89,271.0,2026447089,0.3,0.75
fig3_community_ve,1106.0,0.30000000000000004,0.3,0,70.07233273056057,90,331.0,2026447090,0.3,0.75
fig3_community_ve,872.0,0.30000000000000004,0.3,0,70.87155963302752,91,254.00000000000003,2026447091,0.3,0.75
fig3_community_ve,652.0,0.30000000000000004,0.3,0,60.122699386503065,92,260.0,2026447092,0.3,0.75
fig3_community_ve,955.0,0.30000000000000004,0.3,0,70.89005235602095,93,278.0,2026447093,0.3,0.75
fig3_community_ve,901.0000000000001,0.30000000000000004,0.3,0,68.47946725860156,94,284.0,2026447094,0.3,0.75
fig3_community_ve,949.0,0.30000000000000004,0.3,0,76.92307692307692,95,219.0,2026447095,0.3,0.75
fig3_community_ve,1033.0,0.30000000000000004,0.3,0,64.76282671829622,96,364.0,2026447096,0.3,0.75
fig3_community_ve,940.0,0.30000000000000004,0.3,0,70.0,97,282.0,2026447097,0.3,0.75
fig3_community_ve,775.0,0.30000000000000004,0.3,0,67.35483870967742,98,253.0,2026447098,0.3,0.75
fig3_community_ve,700.0,0.30000000000000004,0.3,0,65.71428571428571,99,239.99999999999997,2026447099,0.3,0.75
fig3_community_ve,871.0000000000001,0.30000000000000004,0.3,0,65.21239954075776,0,303.0,2026445000,0.3,0.44999999999999996
fig3_community_ve,784.0,0.30000000000000004,0.3,0,58.92857142857143,1,322.0,2026445001,0.3,0.44999999999999996
fig3_community_ve,744.0,0.30000000000000004,0.3,0,47.8494623655914,2,388.0,2026445002,0.3,0.44999999999999996
fig3_community_ve,955.0,0.30000000000000004,0.3,0,61.46596858638743,3,368.0,2026445003,0.3,0.44999999999999996
fig3_community_ve,797.9999999999999,0.30000000000000004,0.3,0,54.511278195488714,4,363.0,2026445004,0.3,0.44999999999999996
fig3_community_ve,736.0,0.30000000000000004,0.3,0,33.15217391304348,5,492.0,2026445005,0.3,0.44999999999999996
fig3_community_ve,1039.0,0.30000000000000004,0.3,0,64.58132820019249,6,368.0,2026445006,0.3,0.44999999999999996
fig3_community_ve,1199.0,0.30000000000000004,0.3,0,73.97831526271894,7,312.0,2026445007,0.3,0.44999999999999996
fig3_community_ve,1048.0,0.30000000000000004,0.3,0,60.97328244274809,8,409.0,2026445008,0.3,0.44999999999999996
fig3_community_ve,613.0,0.30000000000000004,0.3,0,56.443719412724306,9,267.0,2026445009,0.3,0.44999999999999996
fig3_community_ve,1040.0,0.30000000000000004,0.3,0,63.36538461538461,10,381.0,2026445010,0.3,0.44999999999999996
fig3_community_ve,901.0000000000001,0.30000000000000004,0.3,0,59.71143174250833,11,363.0,2026445011,0.3,0.44999999999999996
fig3_community_ve,839.0,0.30000000000000004,0.3,0,57.091775923718714,12,360.0,2026445012,0.3,0.44999999999999996
fig3_community_ve,654.0,0.30000000000000004,0.3,0,57.79816513761468,13,276.0,2026445013,0.3,0.44999999999999996
fig3_community_ve,905.0000000000001,0.30000000000000004,0.3,0,66.96132596685084,14,299.0,2026445014,0.3,0.44999999999999996
fig3_community_ve,710.0,0.30000000000000004,0.3,0,47.04225352112676,15,376.0,2026445015,0.3,0.44999999999999996
fig3_community_ve,787.0,0.30000000000000004,0.3,0,62.00762388818298,16,299.0,2026445016,0.3,0.44999999999999996
fig3_community_ve,525.0,0.30000000000000004,0.3,0,39.61904761904762,17,317.0,2026445017,0.3,0.44999999999999996
fig3_community_ve,528.0,0.30000000000000004,0.3,0,46.78030303030303,18,281.0,2026445018,0.3,0.44999999999999996
fig3_community_ve,1101.0,0.30000000000000004,0.3,0,55.858310626702995,19,486.0,2026445019,0.3,0.44999999999999996
fig3_community_ve,826.0,0.30000000000000004,0.3,0,52.05811138014528,20,396.0,2026445020,0.3,0.44999999999999996
fig3_community_ve,817.0,0.30000000000000004,0.3,0,67.80905752753978,21,263.0,2026445021,0.3,0.44999999999999996
fig3_community_ve,698.0,0.30000000000000004,0.3,0,60.88825214899713,22,273.0,2026445022,0.3,0.44999999999999996
fig3_community_ve,643.0,0.30000000000000004,0.3,0,45.10108864696734,23,353.0,2026445023,0.3,0.44999999999999996
fig3_community_ve,1058.0,0.30000000000000004,0.3,0,70.32136105860114,24,314.0,2026445024,0.3,0.44999999999999996
fig3_community_ve,690.0,0.30000000000000004,0.3,0,68.84057971014492,25,215.0,2026445025,0.3,0.44999999999999996
fig3_community_ve,1035.0,0.30000000000000004,0.3,0,57.8743961352657,26,436.0,2026445026,0.3,0.44999999999999996
fig3_community_ve,986.0000000000001,0.30000000000000004,0.3,0,62.880324543610556,27,366.0,2026445027,0.3,0.44999999999999996
fig3_community_ve,1054.0,0.30000000000000004,0.3,0,64.32637571157495,28,376.0,2026445028,0.3,0.44999999999999996
fig3_community_ve,644.0,0.30000000000000004,0.3,0,58.54037267080745,29,267.0,2026445029,0.3,0.44999999999999996
fig3_community_ve,1128.0,0.30000000000000004,0.3,0,67.02127659574468,30,372.0,2026445030,0.3,0.44999999999999996
fig3_community_ve,907.0,0.30000000000000004,0.3,0,60.749724366041896,31,356.0,2026445031,0.3,0.44999999999999996
fig3_community_ve,997.0,0.30000000000000004,0.3,0,60.98294884653962,32,389.0,2026445032,0.3,0.44999999999999996
fig3_community_ve,1075.0,0.30000000000000004,0.3,0,42.04651162790697,33,623.0,2026445033,0.3,0.44999999999999996
fig3_community_ve,1170.0,0.30000000000000004,0.3,0,73.24786324786325,34,313.0,2026445034,0.3,0.44999999999999996
fig3_community_ve,744.0,0.30000000000000004,0.3,0,60.215053763440864,35,296.0,2026445035,0.3,0.44999999999999996
fig3_community_ve,1382.0,0.30000000000000004,0.3,0,61.14327062228654,36,537.0,2026445036,0.3,0.44999999999999996
fig3_community_ve,1122.0,0.30000000000000004,0.3,0,59.09090909090909,37,459.00000000000006,2026445037,0.3,0.44999999999999996
fig3_community_ve,892.0000000000001,0.30000000000000004,0.3,0,58.632286995515706,38,369.0,2026445038,0.3,0.44999999999999996
fig3_community_ve,576.0,0.30000000000000004,0.3,0,48.78472222222222,39,295.0,2026445039,0.3,0.44999999999999996
fig3_community_ve,599.0,0.30000000000000004,0.3,0,59.59933222036728,40,241.99999999999997,2026445040,0.3,0.44999999999999996
fig3_community_ve,868.0,0.30000000000000004,0.3,0,55.184331797235025,41,389.0,2026445041,0.3,0.44999999999999996
fig3_community_ve,1140.0,0.30000000000000004,0.3,0,70.0,42,342.0,2026445042,0.3,0.44999999999999996
fig3_community_ve,925.0,0.30000000000000004,0.3,0,62.270270270270274,43,349.0,2026445043,0.3,0.44999999999999996
fig3_community_ve,933.0,0.30000000000000004,0.3,0,58.09217577706324,44,391.0,2026445044,0.3,0.44999999999999996
fig3_community_ve,498.99999999999994,0.30000000000000004,0.3,0,50.3006012024048,45,248.0,2026445045,0.3,0.44999999999999996
fig3_community_ve,1005.0,0.30000000000000004,0.3,0,71.44278606965175,46,287.0,2026445046,0.3,0.44999999999999996
fig3_community_ve,767.0,0.30000000000000004,0.3,0,55.80182529335072,47,339.0,2026445047,0.3,0.44999999999999996
fig3_community_ve,567.0,0.30000000000000004,0.3,0,35.80246913580247,48,364.0,2026445048,0.3,0.44999999999999996
fig3_community_ve,555.0,0.30000000000000004,0.3,0,41.08108108108108,49,327.0,2026445049,0.3,0.44999999999999996
fig3_community_ve,1094.0,0.30000000000000004,0.3,0,70.6581352833638,50,321.0,2026445050,0.3,0.44999999999999996
fig3_community_ve,706.0,0.30000000000000004,0.3,0,59.065155807365436,51,289.0,2026445051,0.3,0.44999999999999996
fig3_community_ve,827.9999999999999,0.30000000000000004,0.3,0,65.09661835748791,52,289.0,2026445052,0.3,0.44999999999999996
fig3_community_ve,820.0000000000001,0.30000000000000004,0.3,0,63.658536585365866,53,298.0,2026445053,0.3,0.44999999999999996
fig3_community_ve,804.0,0.30000000000000004,0.3,0,46.89054726368158,54,427.00000000000006,2026445054,0.3,0.44999999999999996
fig3_community_ve,754.0,0.30000000000000004,0.3,0,56.49867374005305,55,328.0,2026445055,0.3,0.44999999999999996
fig3_community_ve,839.0,0.30000000000000004,0.3,0,55.66150178784267,56,372.0,2026445056,0.3,0.44999999999999996
fig3_community_ve,833.0000000000001,0.30000000000000004,0.3,0,57.623049219687886,57,353.0,2026445057,0.3,0.44999999999999996
fig3_community_ve,807.0000000000001,0.30000000000000004,0.3,0,58.61214374225528,58,334.0,2026445058,0.3,0.44999999999999996
fig3_community_ve,696.0,0.30000000000000004,0.3,0,51.58045977011494,59,337.0,2026445059,0.3,0.44999999999999996
fig3_community_ve,793.0,0.30000000000000004,0.3,0,66.33039092055486,60,267.0,2026445060,0.3,0.44999999999999996
fig3_community_ve,590.0,0.30000000000000004,0.3,0,49.152542372881356,61,300.0,2026445061,0.3,0.44999999999999996
fig3_community_ve,1115.0,0.30000000000000004,0.3,0,63.408071748878925,62,408.00000000000006,2026445062,0.3,0.44999999999999996
fig3_community_ve,543.0,0.30000000000000004,0.3,0,53.40699815837937,63,253.0,2026445063,0.3,0.44999999999999996
fig3_community_ve,787.0,0.30000000000000004,0.3,0,49.68233799237611,64,396.0,2026445064,0.3,0.44999999999999996
fig3_community_ve,1074.0,0.30000000000000004,0.3,0,54.09683426443203,65,493.00000000000006,2026445065,0.3,0.44999999999999996
fig3_community_ve,861.9999999999999,0.30000000000000004,0.3,0,57.77262180974477,66,364.0,2026445066,0.3,0.44999999999999996
fig3_community_ve,651.0,0.30000000000000004,0.3,0,50.23041474654378,67,324.0,2026445067,0.3,0.44999999999999996
fig3_community_ve,793.0,0.30000000000000004,0.3,0,50.81967213114754,68,390.0,2026445068,0.3,0.44999999999999996
fig3_community_ve,1156.0,0.30000000000000004,0.3,0,67.1280276816609,69,380.0,2026445069,0.3,0.44999999999999996
fig3_community_ve,869.9999999999999,0.30000000000000004,0.3,0,56.89655172413792,70,375.0,2026445070,0.3,0.44999999999999996
fig3_community_ve,695.0,0.30000000000000004,0.3,0,57.26618705035971,71,297.0,2026445071,0.3,0.44999999999999996
fig3_community_ve,915.0,0.30000000000000004,0.3,0,62.950819672131146,72,339.0,2026445072,0.3,0.44999999999999996
fig3_community_ve,781.0,0.30000000000000004,0.3,0,46.60691421254801,73,417.0,2026445073,0.3,0.44999999999999996
fig3_community_ve,923.0,0.30000000000000004,0.3,0,59.0465872156013,74,378.0,2026445074,0.3,0.44999999999999996
fig3_community_ve,788.0,0.30000000000000004,0.3,0,65.22842639593908,75,274.0,2026445075,0.3,0.44999999999999996
fig3_community_ve,865.9999999999999,0.30000000000000004,0.3,0,56.58198614318706,76,376.0,2026445076,0.3,0.44999999999999996
fig3_community_ve,735.0,0.30000000000000004,0.3,0,59.183673469387756,77,300.0,2026445077,0.3,0.44999999999999996
fig3_community_ve,700.0,0.30000000000000004,0.3,0,45.0,78,385.0,2026445078,0.3,0.44999999999999996
fig3_community_ve,639.0,0.30000000000000004,0.3,0,35.68075117370892,79,411.0,2026445079,0.3,0.44999999999999996
fig3_community_ve,778.0,0.30000000000000004,0.3,0,57.326478149100254,80,332.0,2026445080,0.3,0.44999999999999996
fig3_community_ve,1227.0,0.30000000000000004,0.3,0,59.90220048899756,81,492.0,2026445081,0.3,0.44999999999999996
fig3_community_ve,937.0,0.30000000000000004,0.3,0,67.76947705442903,82,302.0,2026445082,0.3,0.44999999999999996
fig3_community_ve,670.0,0.30000000000000004,0.3,0,39.850746268656714,83,403.0,2026445083,0.3,0.44999999999999996
fig3_community_ve,685.0,0.30000000000000004,0.3,0,57.08029197080292,84,294.0,2026445084,0.3,0.44999999999999996
fig3_community_ve,888.0000000000001,0.30000000000000004,0.3,0,62.3873873873874,85,334.0,2026445085,0.3,0.44999999999999996
fig3_community_ve,1092.0,0.30000000000000004,0.3,0,53.02197802197802,86,513.0,2026445086,0.3,0.44999999999999996
fig3_community_ve,829.0,0.30000000000000004,0.3,0,58.142340168878164,87,347.0,2026445087,0.3,0.44999999999999996
fig3_community_ve,999.0000000000001,0.30000000000000004,0.3,0,55.455455455455464,88,445.0,2026445088,0.3,0.44999999999999996
fig3_community_ve,758.0,0.30000000000000004,0.3,0,64.90765171503958,89,266.0,2026445089,0.3,0.44999999999999996
fig3_community_ve,1164.0,0.30000000000000004,0.3,0,59.450171821305844,90,472.0,2026445090,0.3,0.44999999999999996
fig3_community_ve,766.0,0.30000000000000004,0.3,0,57.180156657963444,91,328.0,2026445091,0.3,0.44999999999999996
fig3_community_ve,764.0,0.30000000000000004,0.3,0,51.70157068062827,92,369.0,2026445092,0.3,0.44999999999999996
fig3_community_ve,1057.0,0.30000000000000004,0.3,0,69.06338694418164,93,327.0,2026445093,0.3,0.44999999999999996
fig3_community_ve,1217.0,0.30000000000000004,0.3,0,65.32456861133936,94,422.0,2026445094,0.3,0.44999999999999996
fig3_community_ve,544.0,0.30000000000000004,0.3,0,60.11029411764706,95,217.0,2026445095,0.3,0.44999999999999996
fig3_community_ve,937.0,0.30000000000000004,0.3,0,50.37353255069371,96,464.99999999999994,2026445096,0.3,0.44999999999999996
fig3_community_ve,705.0,0.30000000000000004,0.3,0,30.49645390070922,97,490.0,2026445097,0.3,0.44999999999999996
fig3_community_ve,810.0,0.30000000000000004,0.3,0,55.55555555555556,98,360.0,2026445098,0.3,0.44999999999999996
fig3_community_ve,742.0,0.30000000000000004,0.3,0,65.22911051212938,99,258.0,2026445099,0.3,0.44999999999999996
fig3_community_ve,1121.0,0.30000000000000004,0.3,0,76.18198037466547,0,267.0,2026448000,0.3,0.9
fig3_community_ve,749.0,0.30000000000000004,0.3,0,62.88384512683578,1,278.0,2026448001,0.3,0.9
fig3_community_ve,721.0,0.30000000000000004,0.3,0,78.08599167822469,2,158.0,2026448002,0.3,0.9
fig3_community_ve,754.0,0.30000000000000004,0.3,0,70.6896551724138,3,221.00000000000003,2026448003,0.3,0.9
fig3_community_ve,721.0,0.30000000000000004,0.3,0,64.35506241331484,4,257.0,2026448004,0.3,0.9
fig3_community_ve,657.0,0.30000000000000004,0.3,0,66.66666666666667,5,219.0,2026448005,0.3,0.9
fig3_community_ve,988.0,0.30000000000000004,0.3,0,72.46963562753037,6,272.0,2026448006,0.3,0.9
fig3_community_ve,899.9999999999999,0.30000000000000004,0.3,0,65.22222222222221,7,313.0,2026448007,0.3,0.9
fig3_community_ve,886.0,0.30000000000000004,0.3,0,64.33408577878104,8,316.0,2026448008,0.3,0.9
fig3_community_ve,591.0,0.30000000000000004,0.3,0,60.23688663282572,9,235.0,2026448009,0.3,0.9
fig3_community_ve,704.0,0.30000000000000004,0.3,0,68.18181818181819,10,223.99999999999997,2026448010,0.3,0.9
fig3_community_ve,1012.0,0.30000000000000004,0.3,0,72.5296442687747,11,278.0,2026448011,0.3,0.9
fig3_community_ve,715.0,0.30000000000000004,0.3,0,62.0979020979021,12,271.0,2026448012,0.3,0.9
fig3_community_ve,1029.0,0.30000000000000004,0.3,0,62.779397473275026,13,383.0,2026448013,0.3,0.9
fig3_community_ve,1089.0,0.30000000000000004,0.3,0,74.83930211202939,14,274.0,2026448014,0.3,0.9
fig3_community_ve,851.0,0.30000000000000004,0.3,0,73.79553466509988,15,223.00000000000003,2026448015,0.3,0.9
fig3_community_ve,864.0,0.30000000000000004,0.3,0,70.13888888888889,16,258.0,2026448016,0.3,0.9
fig3_community_ve,686.0,0.30000000000000004,0.3,0,61.9533527696793,17,261.0,2026448017,0.3,0.9
fig3_community_ve,821.0,0.30000000000000004,0.3,0,66.38246041412911,18,276.0,2026448018,0.3,0.9
fig3_community_ve,793.9999999999999,0.30000000000000004,0.3,0,64.60957178841309,19,281.0,2026448019,0.3,0.9
fig3_community_ve,789.0,0.30000000000000004,0.3,0,62.48415716096324,20,296.0,2026448020,0.3,0.9
fig3_community_ve,807.0000000000001,0.30000000000000004,0.3,0,74.59727385377944,21,205.00000000000003,2026448021,0.3,0.9
fig3_community_ve,716.0,0.30000000000000004,0.3,0,73.88268156424581,22,187.0,2026448022,0.3,0.9
fig3_community_ve,1062.0,0.30000000000000004,0.3,0,62.24105461393597,23,400.99999999999994,2026448023,0.3,0.9
fig3_community_ve,986.0000000000001,0.30000000000000004,0.3,0,74.34077079107506,24,253.0,2026448024,0.3,0.9
fig3_community_ve,842.0,0.30000000000000004,0.3,0,64.72684085510689,25,297.0,2026448025,0.3,0.9
fig3_community_ve,878.9999999999999,0.30000000000000004,0.3,0,73.72013651877133,26,231.0,2026448026,0.3,0.9
fig3_community_ve,848.9999999999999,0.30000000000000004,0.3,0,66.66666666666666,27,283.0,2026448027,0.3,0.9
fig3_community_ve,910.0,0.30000000000000004,0.3,0,74.83516483516483,28,229.0,2026448028,0.3,0.9
fig3_community_ve,647.0,0.30000000000000004,0.3,0,64.2967542503864,29,231.0,2026448029,0.3,0.9
fig3_community_ve,776.0,0.30000000000000004,0.3,0,62.628865979381445,30,290.0,2026448030,0.3,0.9
fig3_community_ve,766.0,0.30000000000000004,0.3,0,69.84334203655352,31,231.0,2026448031,0.3,0.9
fig3_community_ve,590.0,0.30000000000000004,0.3,0,56.440677966101696,32,257.0,2026448032,0.3,0.9
fig3_community_ve,1125.0,0.30000000000000004,0.3,0,70.84444444444445,33,328.0,2026448033,0.3,0.9
fig3_community_ve,886.9999999999999,0.30000000000000004,0.3,0,63.02142051860202,34,328.0,2026448034,0.3,0.9
fig3_community_ve,813.0,0.30000000000000004,0.3,0,70.23370233702337,35,241.99999999999997,2026448035,0.3,0.9
fig3_community_ve,671.0,0.30000000000000004,0.3,0,66.46795827123697,36,224.99999999999997,2026448036,0.3,0.9
fig3_community_ve,590.0,0.30000000000000004,0.3,0,64.91525423728814,37,206.99999999999997,2026448037,0.3,0.9
fig3_community_ve,848.0,0.30000000000000004,0.3,0,74.1745283018868,38,219.0,2026448038,0.3,0.9
fig3_community_ve,801.9999999999999,0.30000000000000004,0.3,0,67.33167082294264,39,262.0,2026448039,0.3,0.9
fig3_community_ve,1221.0,0.30000000000000004,0.3,0,77.72317772317773,40,272.0,2026448040,0.3,0.9
fig3_community_ve,579.0,0.30000000000000004,0.3,0,74.61139896373057,41,147.0,2026448041,0.3,0.9
fig3_community_ve,810.9999999999999,0.30000000000000004,0.3,0,76.94204685573365,42,187.0,2026448042,0.3,0.9
fig3_community_ve,1191.0,0.30000000000000004,0.3,0,76.74223341729639,43,277.0,2026448043,0.3,0.9
fig3_community_ve,975.0,0.30000000000000004,0.3,0,65.84615384615384,44,333.0,2026448044,0.3,0.9
fig3_community_ve,1082.0,0.30000000000000004,0.3,0,62.38447319778189,45,407.0,2026448045,0.3,0.9
fig3_community_ve,657.0,0.30000000000000004,0.3,0,62.55707762557078,46,246.0,2026448046,0.3,0.9
fig3_community_ve,1107.0,0.30000000000000004,0.3,0,74.52574525745257,47,282.0,2026448047,0.3,0.9
fig3_community_ve,453.0,0.30000000000000004,0.3,0,50.55187637969096,48,223.99999999999997,2026448048,0.3,0.9
fig3_community_ve,950.9999999999999,0.30000000000000004,0.3,0,74.65825446898002,49,240.99999999999997,2026448049,0.3,0.9
fig3_community_ve,884.0000000000001,0.30000000000000004,0.3,0,69.45701357466064,50,270.0,2026448050,0.3,0.9
fig3_community_ve,564.0,0.30000000000000004,0.3,0,62.234042553191486,51,213.0,2026448051,0.3,0.9
fig3_community_ve,1010.9999999999999,0.30000000000000004,0.3,0,74.28288822947576,52,260.0,2026448052,0.3,0.9
fig3_community_ve,980.9999999999999,0.30000000000000004,0.3,0,74.92354740061161,53,246.0,2026448053,0.3,0.9
fig3_community_ve,1014.0,0.30000000000000004,0.3,0,69.92110453648915,54,305.0,2026448054,0.3,0.9
fig3_community_ve,773.0,0.30000000000000004,0.3,0,64.42432082794308,55,275.0,2026448055,0.3,0.9
fig3_community_ve,839.0,0.30000000000000004,0.3,0,79.9761620977354,56,168.0,2026448056,0.3,0.9
fig3_community_ve,623.0,0.30000000000000004,0.3,0,56.82182985553772,57,269.0,2026448057,0.3,0.9
fig3_community_ve,666.0,0.30000000000000004,0.3,0,72.37237237237237,58,184.0,2026448058,0.3,0.9
fig3_community_ve,692.0,0.30000000000000004,0.3,0,73.26589595375722,59,185.0,2026448059,0.3,0.9
fig3_community_ve,1058.0,0.30000000000000004,0.3,0,67.2022684310019,60,347.0,2026448060,0.3,0.9
fig3_community_ve,807.0000000000001,0.30000000000000004,0.3,0,76.20817843866172,61,192.0,2026448061,0.3,0.9
fig3_community_ve,723.0,0.30000000000000004,0.3,0,61.13416320885201,62,281.0,2026448062,0.3,0.9
fig3_community_ve,846.0,0.30000000000000004,0.3,0,70.44917257683215,63,250.0,2026448063,0.3,0.9
fig3_community_ve,827.9999999999999,0.30000000000000004,0.3,0,82.3671497584541,64,146.0,2026448064,0.3,0.9
fig3_community_ve,1145.0,0.30000000000000004,0.3,0,77.117903930131,65,262.0,2026448065,0.3,0.9
fig3_community_ve,837.0000000000001,0.30000000000000004,0.3,0,63.08243727598567,66,309.0,2026448066,0.3,0.9
fig3_community_ve,882.0,0.30000000000000004,0.3,0,65.87301587301587,67,301.0,2026448067,0.3,0.9
fig3_community_ve,705.0,0.30000000000000004,0.3,0,52.340425531914896,68,336.0,2026448068,0.3,0.9
fig3_community_ve,1014.0,0.30000000000000004,0.3,0,71.69625246548324,69,287.0,2026448069,0.3,0.9
fig3_community_ve,598.0,0.30000000000000004,0.3,0,60.869565217391305,70,234.0,2026448070,0.3,0.9
fig3_community_ve,1345.0,0.30000000000000004,0.3,0,66.61710037174721,71,449.0,2026448071,0.3,0.9
fig3_community_ve,975.0,0.30000000000000004,0.3,0,71.48717948717949,72,278.0,2026448072,0.3,0.9
fig3_community_ve,656.0,0.30000000000000004,0.3,0,60.97560975609756,73,256.0,2026448073,0.3,0.9
fig3_community_ve,626.0,0.30000000000000004,0.3,0,53.83386581469649,74,289.0,2026448074,0.3,0.9
fig3_community_ve,767.0,0.30000000000000004,0.3,0,68.3181225554107,75,243.0,2026448075,0.3,0.9
fig3_community_ve,1013.0,0.30000000000000004,0.3,0,62.882527147087856,76,376.0,2026448076,0.3,0.9
fig3_community_ve,1101.0,0.30000000000000004,0.3,0,73.93278837420527,77,287.0,2026448077,0.3,0.9
fig3_community_ve,461.00000000000006,0.30000000000000004,0.3,0,52.494577006507605,78,219.0,2026448078,0.3,0.9
fig3_community_ve,775.0,0.30000000000000004,0.3,0,72.7741935483871,79,211.0,2026448079,0.3,0.9
fig3_community_ve,751.0,0.30000000000000004,0.3,0,62.050599201065246,80,285.0,2026448080,0.3,0.9
fig3_community_ve,665.0,0.30000000000000004,0.3,0,56.090225563909776,81,292.0,2026448081,0.3,0.9
fig3_community_ve,801.9999999999999,0.30000000000000004,0.3,0,70.44887780548628,82,237.00000000000003,2026448082,0.3,0.9
fig3_community_ve,752.0,0.30000000000000004,0.3,0,69.54787234042553,83,229.0,2026448083,0.3,0.9
fig3_community_ve,889.0,0.30000000000000004,0.3,0,67.1541057367829,84,292.0,2026448084,0.3,0.9
fig3_community_ve,1062.0,0.30000000000000004,0.3,0,70.4331450094162,85,314.0,2026448085,0.3,0.9
fig3_community_ve,963.9999999999999,0.30000000000000004,0.3,0,71.36929460580912,86,276.0,2026448086,0.3,0.9
fig3_community_ve,859.0,0.30000000000000004,0.3,0,72.17694994179278,87,239.00000000000003,2026448087,0.3,0.9
fig3_community_ve,616.0,0.30000000000000004,0.3,0,66.23376623376623,88,207.99999999999997,2026448088,0.3,0.9
fig3_community_ve,1210.0,0.30000000000000004,0.3,0,75.53719008264463,89,296.0,2026448089,0.3,0.9
fig3_community_ve,856.0,0.30000000000000004,0.3,0,70.91121495327103,90,249.0,2026448090,0.3,0.9
fig3_community_ve,886.0,0.30000000000000004,0.3,0,76.86230248306998,91,205.00000000000003,2026448091,0.3,0.9
fig3_community_ve,1118.0,0.30000000000000004,0.3,0,71.28801431127013,92,321.0,2026448092,0.3,0.9
fig3_community_ve,1157.0,0.30000000000000004,0.3,0,73.29299913569577,93,309.0,2026448093,0.3,0.9
fig3_community_ve,1156.0,0.30000000000000004,0.3,0,82.17993079584775,94,206.00000000000003,2026448094,0.3,0.9
fig3_community_ve,886.0,0.30000000000000004,0.3,0,70.42889390519187,95,262.0,2026448095,0.3,0.9
fig3_community_ve,1024.0,0.30000000000000004,0.3,0,69.7265625,96,310.0,2026448096,0.3,0.9
fig3_community_ve,1139.0,0.30000000000000004,0.3,0,81.12379280070238,97,215.0,2026448097,0.3,0.9
fig3_community_ve,703.0,0.30000000000000004,0.3,0,61.59317211948791,98,270.0,2026448098,0.3,0.9
fig3_community_ve,1027.0,0.30000000000000004,0.3,0,69.81499513145083,99,310.0,2026448099,0.3,0.9
fig3_community_ve,692.0,0.4,0.3,0,0.0,0,692.0,2026449000,0.3,0.0
fig3_community_ve,1298.0,0.4,0.3,0,0.0,1,1298.0,2026449001,0.3,0.0
fig3_community_ve,801.9999999999999,0.4,0.3,0,0.0,2,801.9999999999999,2026449002,0.3,0.0
fig3_community_ve,850.0000000000001,0.4,0.3,0,0.0,3,850.0000000000001,2026449003,0.3,0.0
fig3_community_ve,953.0,0.4,0.3,0,0.0,4,953.0,2026449004,0.3,0.0
fig3_community_ve,869.9999999999999,0.4,0.3,0,0.0,5,869.9999999999999,2026449005,0.3,0.0
fig3_community_ve,738.0,0.4,0.3,0,0.0,6,738.0,2026449006,0.3,0.0
fig3_community_ve,747.0,0.4,0.3,0,0.0,7,747.0,2026449007,0.3,0.0
fig3_community_ve,884.0000000000001,0.4,0.3,0,0.0,8,884.0000000000001,2026449008,0.3,0.0
fig3_community_ve,762.0,0.4,0.3,0,0.0,9,762.0,2026449009,0.3,0.0
fig3_community_ve,680.0,0.4,0.3,0,0.0,10,680.0,2026449010,0.3,0.0
fig3_community_ve,957.0,0.4,0.3,0,0.0,11,957.0,2026449011,0.3,0.0
fig3_community_ve,708.0,0.4,0.3,0,0.0,12,708.0,2026449012,0.3,0.0
fig3_community_ve,1063.0,0.4,0.3,0,0.0,13,1063.0,2026449013,0.3,0.0
fig3_community_ve,748.0,0.4,0.3,0,0.0,14,748.0,2026449014,0.3,0.0
fig3_community_ve,936.0,0.4,0.3,0,0.0,15,936.0,2026449015,0.3,0.0
fig3_community_ve,542.0,0.4,0.3,0,0.0,16,542.0,2026449016,0.3,0.0
fig3_community_ve,763.0,0.4,0.3,0,0.0,17,763.0,2026449017,0.3,0.0
fig3_community_ve,1040.0,0.4,0.3,0,0.0,18,1040.0,2026449018,0.3,0.0
fig3_community_ve,667.0,0.4,0.3,0,0.0,19,667.0,2026449019,0.3,0.0
fig3_community_ve,925.0,0.4,0.3,0,0.0,20,925.0,2026449020,0.3,0.0
fig3_community_ve,928.0,0.4,0.3,0,0.0,21,928.0,2026449021,0.3,0.0
fig3_community_ve,657.0,0.4,0.3,0,0.0,22,657.0,2026449022,0.3,0.0
fig3_community_ve,952.0000000000001,0.4,0.3,0,0.0,23,952.0000000000001,2026449023,0.3,0.0
fig3_community_ve,743.0,0.4,0.3,0,0.0,24,743.0,2026449024,0.3,0.0
fig3_community_ve,725.0,0.4,0.3,0,0.0,25,725.0,2026449025,0.3,0.0
fig3_community_ve,928.0,0.4,0.3,0,0.0,26,928.0,2026449026,0.3,0.0
fig3_community_ve,906.0,0.4,0.3,0,0.0,27,906.0,2026449027,0.3,0.0
fig3_community_ve,675.0,0.4,0.3,0,0.0,28,675.0,2026449028,0.3,0.0
fig3_community_ve,889.0,0.4,0.3,0,0.0,29,889.0,2026449029,0.3,0.0
fig3_community_ve,684.0,0.4,0.3,0,0.0,30,684.0,2026449030,0.3,0.0
fig3_community_ve,738.0,0.4,0.3,0,0.0,31,738.0,2026449031,0.3,0.0
fig3_community_ve,997.0,0.4,0.3,0,0.0,32,997.0,2026449032,0.3,0.0
fig3_community_ve,658.0,0.4,0.3,0,0.0,33,658.0,2026449033,0.3,0.0
fig3_community_ve,731.0,0.4,0.3,0,0.0,34,731.0,2026449034,0.3,0.0
fig3_community_ve,670.0,0.4,0.3,0,0.0,35,670.0,2026449035,0.3,0.0
fig3_community_ve,829.0,0.4,0.3,0,0.0,36,829.0,2026449036,0.3,0.0
fig3_community_ve,694.0,0.4,0.3,0,0.0,37,694.0,2026449037,0.3,0.0
fig3_community_ve,556.0,0.4,0.3,0,0.0,38,556.0,2026449038,0.3,0.0
fig3_community_ve,942.9999999999999,0.4,0.3,0,0.0,39,942.9999999999999,2026449039,0.3,0.0
fig3_community_ve,643.0,0.4,0.3,0,0.0,40,643.0,2026449040,0.3,0.0
fig3_community_ve,654.0,0.4,0.3,0,0.0,41,654.0,2026449041,0.3,0.0
fig3_community_ve,840.0,0.4,0.3,0,0.0,42,840.0,2026449042,0.3,0.0
fig3_community_ve,1128.0,0.4,0.3,0,0.0,43,1128.0,2026449043,0.3,0.0
fig3_community_ve,889.0,0.4,0.3,0,0.0,44,889.0,2026449044,0.3,0.0
fig3_community_ve,712.0,0.4,0.3,0,0.0,45,712.0,2026449045,0.3,0.0
fig3_community_ve,825.0,0.4,0.3,0,0.0,46,825.0,2026449046,0.3,0.0
fig3_community_ve,831.0,0.4,0.3,0,0.0,47,831.0,2026449047,0.3,0.0
fig3_community_ve,996.0,0.4,0.3,0,0.0,48,996.0,2026449048,0.3,0.0
fig3_community_ve,958.0,0.4,0.3,0,0.0,49,958.0,2026449049,0.3,0.0
fig3_community_ve,826.0,0.4,0.3,0,0.0,50,826.0,2026449050,0.3,0.0
fig3_community_ve,852.0,0.4,0.3,0,0.0,51,852.0,2026449051,0.3,0.0
fig3_community_ve,873.0,0.4,0.3,0,0.0,52,873.0,2026449052,0.3,0.0
fig3_community_ve,835.9999999999999,0.4,0.3,0,0.0,53,835.9999999999999,2026449053,0.3,0.0
fig3_community_ve,997.9999999999999,0.4,0.3,0,0.0,54,997.9999999999999,2026449054,0.3,0.0
fig3_community_ve,1101.0,0.4,0.3,0,0.0,55,1101.0,2026449055,0.3,0.0
fig3_community_ve,742.0,0.4,0.3,0,0.0,56,742.0,2026449056,0.3,0.0
fig3_community_ve,646.0,0.4,0.3,0,0.0,57,646.0,2026449057,0.3,0.0
fig3_community_ve,806.0,0.4,0.3,0,0.0,58,806.0,2026449058,0.3,0.0
fig3_community_ve,754.0,0.4,0.3,0,0.0,59,754.0,2026449059,0.3,0.0
fig3_community_ve,990.0000000000001,0.4,0.3,0,0.0,60,990.0000000000001,2026449060,0.3,0.0
fig3_community_ve,928.0,0.4,0.3,0,0.0,61,928.0,2026449061,0.3,0.0
fig3_community_ve,687.0,0.4,0.3,0,0.0,62,687.0,2026449062,0.3,0.0
fig3_community_ve,1084.0,0.4,0.3,0,0.0,63,1084.0,2026449063,0.3,0.0
fig3_community_ve,823.0,0.4,0.3,0,0.0,64,823.0,2026449064,0.3,0.0
fig3_community_ve,818.0,0.4,0.3,0,0.0,65,818.0,2026449065,0.3,0.0
fig3_community_ve,973.0000000000001,0.4,0.3,0,0.0,66,973.0000000000001,2026449066,0.3,0.0
fig3_community_ve,797.0,0.4,0.3,0,0.0,67,797.0,2026449067,0.3,0.0
fig3_community_ve,626.0,0.4,0.3,0,0.0,68,626.0,2026449068,0.3,0.0
fig3_community_ve,1113.0,0.4,0.3,0,0.0,69,1113.0,2026449069,0.3,0.0
fig3_community_ve,992.0,0.4,0.3,0,0.0,70,992.0,2026449070,0.3,0.0
fig3_community_ve,646.0,0.4,0.3,0,0.0,71,646.0,2026449071,0.3,0.0
fig3_community_ve,920.0,0.4,0.3,0,0.0,72,920.0,2026449072,0.3,0.0
fig3_community_ve,804.0,0.4,0.3,0,0.0,73,804.0,2026449073,0.3,0.0
fig3_community_ve,559.0,0.4,0.3,0,0.0,74,559.0,2026449074,0.3,0.0
fig3_community_ve,714.0,0.4,0.3,0,0.0,75,714.0,2026449075,0.3,0.0
fig3_community_ve,972.0,0.4,0.3,0,0.0,76,972.0,2026449076,0.3,0.0
fig3_community_ve,689.0,0.4,0.3,0,0.0,77,689.0,2026449077,0.3,0.0
fig3_community_ve,1112.0,0.4,0.3,0,0.0,78,1112.0,2026449078,0.3,0.0
fig3_community_ve,1047.0,0.4,0.3,0,0.0,79,1047.0,2026449079,0.3,0.0
fig3_community_ve,927.0,0.4,0.3,0,0.0,80,927.0,2026449080,0.3,0.0
fig3_community_ve,772.0,0.4,0.3,0,0.0,81,772.0,2026449081,0.3,0.0
fig3_community_ve,844.0,0.4,0.3,0,0.0,82,844.0,2026449082,0.3,0.0
fig3_community_ve,1113.0,0.4,0.3,0,0.0,83,1113.0,2026449083,0.3,0.0
fig3_community_ve,851.0,0.4,0.3,0,0.0,84,851.0,2026449084,0.3,0.0
fig3_community_ve,447.0,0.4,0.3,0,0.0,85,447.0,2026449085,0.3,0.0
fig3_community_ve,656.0,0.4,0.3,0,0.0,86,656.0,2026449086,0.3,0.0
fig3_community_ve,912.0,0.4,0.3,0,0.0,87,912.0,2026449087,0.3,0.0
fig3_community_ve,729.0,0.4,0.3,0,0.0,88,729.0,2026449088,0.3,0.0
fig3_community_ve,1004.0,0.4,0.3,0,0.0,89,1004.0,2026449089,0.3,0.0
fig3_community_ve,740.0,0.4,0.3,0,0.0,90,740.0,2026449090,0.3,0.0
fig3_community_ve,715.0,0.4,0.3,0,0.0,91,715.0,2026449091,0.3,0.0
fig3_community_ve,1001.0,0.4,0.3,0,0.0,92,1001.0,2026449092,0.3,0.0
fig3_community_ve,922.0000000000001,0.4,0.3,0,0.0,93,922.0000000000001,2026449093,0.3,0.0
fig3_community_ve,897.0,0.4,0.3,0,0.0,94,897.0,2026449094,0.3,0.0
fig3_community_ve,740.0,0.4,0.3,0,0.0,95,740.0,2026449095,0.3,0.0
fig3_community_ve,973.0000000000001,0.4,0.3,0,0.0,96,973.0000000000001,2026449096,0.3,0.0
fig3_community_ve,984.0,0.4,0.3,0,0.0,97,984.0,2026449097,0.3,0.0
fig3_community_ve,813.0,0.4,0.3,0,0.0,98,813.0,2026449098,0.3,0.0
fig3_community_ve,1238.0,0.4,0.3,0,0.0,99,1238.0,2026449099,0.3,0.0
fig3_community_ve,730.0,0.4,0.3,0,10.684931506849315,0,652.0,2026450000,0.3,0.15
fig3_community_ve,598.0,0.4,0.3,0,12.54180602006689,1,523.0,2026450001,0.3,0.15
fig3_community_ve,756.0,0.4,0.3,0,42.06349206349206,2,438.0,2026450002,0.3,0.15
fig3_community_ve,629.0,0.4,0.3,0,30.365659777424483,3,438.0,2026450003,0.3,0.15
fig3_community_ve,822.0,0.4,0.3,0,39.29440389294405,4,498.99999999999994,2026450004,0.3,0.15
fig3_community_ve,788.0,0.4,0.3,0,25.507614213197968,5,587.0,2026450005,0.3,0.15
fig3_community_ve,753.0,0.4,0.3,0,37.05179282868525,6,474.00000000000006,2026450006,0.3,0.15
fig3_community_ve,595.0,0.4,0.3,0,34.11764705882353,7,392.0,2026450007,0.3,0.15
fig3_community_ve,753.0,0.4,0.3,0,26.56042496679947,8,553.0,2026450008,0.3,0.15
fig3_community_ve,587.0,0.4,0.3,0,19.420783645655877,9,473.0,2026450009,0.3,0.15
fig3_community_ve,1204.0,0.4,0.3,0,49.08637873754153,10,613.0,2026450010,0.3,0.15
fig3_community_ve,858.0000000000001,0.4,0.3,0,46.037296037296045,11,462.99999999999994,2026450011,0.3,0.15
fig3_community_ve,1018.9999999999999,0.4,0.3,0,40.82433758586849,12,603.0,2026450012,0.3,0.15
fig3_community_ve,957.0,0.4,0.3,0,47.12643678160919,13,506.0,2026450013,0.3,0.15
fig3_community_ve,1039.0,0.4,0.3,0,41.38594802694899,14,609.0,2026450014,0.3,0.15
fig3_community_ve,854.0000000000001,0.4,0.3,0,29.39110070257612,15,603.0,2026450015,0.3,0.15
fig3_community_ve,865.0,0.4,0.3,0,28.32369942196532,16,620.0,2026450016,0.3,0.15
fig3_community_ve,928.0,0.4,0.3,0,30.17241379310345,17,648.0,2026450017,0.3,0.15
fig3_community_ve,958.0,0.4,0.3,0,53.96659707724426,18,441.0,2026450018,0.3,0.15
fig3_community_ve,1014.9999999999999,0.4,0.3,0,49.06403940886699,19,517.0,2026450019,0.3,0.15
fig3_community_ve,1028.0,0.4,0.3,0,36.96498054474708,20,648.0,2026450020,0.3,0.15
fig3_community_ve,604.0,0.4,0.3,0,47.847682119205295,21,315.0,2026450021,0.3,0.15
fig3_community_ve,854.0000000000001,0.4,0.3,0,37.470725995316165,22,534.0,2026450022,0.3,0.15
fig3_community_ve,902.0,0.4,0.3,0,47.78270509977827,23,471.0,2026450023,0.3,0.15
fig3_community_ve,559.0,0.4,0.3,0,27.191413237924866,24,407.0,2026450024,0.3,0.15
fig3_community_ve,763.0,0.4,0.3,0,27.78505897771953,25,551.0,2026450025,0.3,0.15
fig3_community_ve,680.0,0.4,0.3,0,46.1764705882353,26,366.0,2026450026,0.3,0.15
fig3_community_ve,850.0000000000001,0.4,0.3,0,53.29411764705883,27,396.99999999999994,2026450027,0.3,0.15
fig3_community_ve,765.0,0.4,0.3,0,42.61437908496732,28,439.0,2026450028,0.3,0.15
fig3_community_ve,873.0,0.4,0.3,0,36.88430698739977,29,551.0,2026450029,0.3,0.15
fig3_community_ve,774.0,0.4,0.3,0,49.6124031007752,30,390.0,2026450030,0.3,0.15
fig3_community_ve,863.0,0.4,0.3,0,34.64658169177289,31,564.0,2026450031,0.3,0.15
fig3_community_ve,617.0,0.4,0.3,0,30.14586709886549,32,430.99999999999994,2026450032,0.3,0.15
fig3_community_ve,916.0,0.4,0.3,0,51.85589519650655,33,441.0,2026450033,0.3,0.15
fig3_community_ve,909.0000000000001,0.4,0.3,0,36.63366336633665,34,576.0,2026450034,0.3,0.15
fig3_community_ve,852.9999999999999,0.4,0.3,0,38.68698710433762,35,523.0,2026450035,0.3,0.15
fig3_community_ve,852.9999999999999,0.4,0.3,0,45.25205158264947,36,466.99999999999994,2026450036,0.3,0.15
fig3_community_ve,766.0,0.4,0.3,0,32.76762402088773,37,515.0,2026450037,0.3,0.15
fig3_community_ve,927.0,0.4,0.3,0,30.74433656957929,38,642.0,2026450038,0.3,0.15
fig3_community_ve,856.0,0.4,0.3,0,20.677570093457945,39,679.0,2026450039,0.3,0.15
fig3_community_ve,649.0,0.4,0.3,0,23.882896764252695,40,494.0,2026450040,0.3,0.15
fig3_community_ve,838.0,0.4,0.3,0,61.575178997613364,41,322.0,2026450041,0.3,0.15
fig3_community_ve,831.9999999999999,0.4,0.3,0,54.56730769230768,42,378.0,2026450042,0.3,0.15
fig3_community_ve,722.0,0.4,0.3,0,36.98060941828255,43,455.0,2026450043,0.3,0.15
fig3_community_ve,473.0,0.4,0.3,0,17.758985200845665,44,389.0,2026450044,0.3,0.15
fig3_community_ve,650.0,0.4,0.3,0,35.6923076923077,45,417.99999999999994,2026450045,0.3,0.15
fig3_community_ve,486.0,0.4,0.3,0,39.50617283950617,46,294.0,2026450046,0.3,0.15
fig3_community_ve,759.0,0.4,0.3,0,47.56258234519104,47,398.0,2026450047,0.3,0.15
fig3_community_ve,827.0,0.4,0.3,0,44.98186215235792,48,455.0,2026450048,0.3,0.15
fig3_community_ve,619.0,0.4,0.3,0,18.578352180936996,49,504.0,2026450049,0.3,0.15
fig3_community_ve,758.0,0.4,0.3,0,44.32717678100264,50,422.0,2026450050,0.3,0.15
fig3_community_ve,695.0,0.4,0.3,0,42.15827338129496,51,402.0,2026450051,0.3,0.15
fig3_community_ve,1030.0,0.4,0.3,0,44.36893203883495,52,573.0,2026450052,0.3,0.15
fig3_community_ve,855.0,0.4,0.3,0,31.695906432748536,53,584.0,2026450053,0.3,0.15
fig3_community_ve,1023.0,0.4,0.3,0,39.19843597262952,54,622.0,2026450054,0.3,0.15
fig3_community_ve,1066.0,0.4,0.3,0,53.00187617260788,55,500.99999999999994,2026450055,0.3,0.15
fig3_community_ve,902.0,0.4,0.3,0,23.392461197339244,56,691.0,2026450056,0.3,0.15
fig3_community_ve,855.0,0.4,0.3,0,35.2046783625731,57,554.0,2026450057,0.3,0.15
fig3_community_ve,1091.0,0.4,0.3,0,44.546287809349224,58,605.0,2026450058,0.3,0.15
fig3_community_ve,1114.0,0.4,0.3,0,34.91921005385996,59,725.0,2026450059,0.3,0.15
fig3_community_ve,705.0,0.4,0.3,0,31.48936170212766,60,483.0,2026450060,0.3,0.15
fig3_community_ve,706.0,0.4,0.3,0,40.226628895184135,61,422.0,2026450061,0.3,0.15
fig3_community_ve,984.0,0.4,0.3,0,36.78861788617886,62,622.0,2026450062,0.3,0.15
fig3_community_ve,1357.0,0.4,0.3,0,57.6271186440678,63,575.0,2026450063,0.3,0.15
fig3_community_ve,809.0,0.4,0.3,0,51.421508034610625,64,393.00000000000006,2026450064,0.3,0.15
fig3_community_ve,733.0,0.4,0.3,0,35.60709413369713,65,472.0,2026450065,0.3,0.15
fig3_community_ve,1438.0,0.4,0.3,0,38.17802503477051,66,889.0,2026450066,0.3,0.15
fig3_community_ve,941.0,0.4,0.3,0,45.48352816153029,67,513.0,2026450067,0.3,0.15
fig3_community_ve,1069.0,0.4,0.3,0,42.282507015902716,68,617.0,2026450068,0.3,0.15
fig3_community_ve,791.0,0.4,0.3,0,33.37547408343868,69,527.0,2026450069,0.3,0.15
fig3_community_ve,830.0,0.4,0.3,0,46.86746987951807,70,441.0,2026450070,0.3,0.15
fig3_community_ve,927.0,0.4,0.3,0,30.312837108953612,71,646.0,2026450071,0.3,0.15
fig3_community_ve,769.0,0.4,0.3,0,36.150845253576065,72,491.00000000000006,2026450072,0.3,0.15
fig3_community_ve,733.0,0.4,0.3,0,28.649386084583902,73,523.0,2026450073,0.3,0.15
fig3_community_ve,674.0,0.4,0.3,0,28.635014836795254,74,481.0,2026450074,0.3,0.15
fig3_community_ve,562.0,0.4,0.3,0,25.08896797153025,75,421.0,2026450075,0.3,0.15
fig3_community_ve,884.0000000000001,0.4,0.3,0,45.36199095022626,76,483.0,2026450076,0.3,0.15
fig3_community_ve,814.0,0.4,0.3,0,30.71253071253071,77,564.0,2026450077,0.3,0.15
fig3_community_ve,1152.0,0.4,0.3,0,36.28472222222222,78,734.0,2026450078,0.3,0.15
fig3_community_ve,672.0,0.4,0.3,0,42.26190476190476,79,388.0,2026450079,0.3,0.15
fig3_community_ve,788.0,0.4,0.3,0,41.11675126903553,80,464.0,2026450080,0.3,0.15
fig3_community_ve,1244.0,0.4,0.3,0,30.466237942122188,81,865.0,2026450081,0.3,0.15
fig3_community_ve,760.0,0.4,0.3,0,25.789473684210527,82,564.0,2026450082,0.3,0.15
fig3_community_ve,902.0,0.4,0.3,0,70.39911308203992,83,267.0,2026450083,0.3,0.15
fig3_community_ve,496.0,0.4,0.3,0,30.846774193548388,84,343.0,2026450084,0.3,0.15
fig3_community_ve,629.0,0.4,0.3,0,28.457869634340234,85,449.99999999999994,2026450085,0.3,0.15
fig3_community_ve,854.0000000000001,0.4,0.3,0,34.77751756440282,86,557.0,2026450086,0.3,0.15
fig3_community_ve,564.0,0.4,0.3,0,4.787234042553192,87,537.0,2026450087,0.3,0.15
fig3_community_ve,814.0,0.4,0.3,0,36.977886977886975,88,513.0,2026450088,0.3,0.15
fig3_community_ve,767.0,0.4,0.3,0,50.97783572359844,89,376.0,2026450089,0.3,0.15
fig3_community_ve,787.0,0.4,0.3,0,25.667090216010166,90,585.0,2026450090,0.3,0.15
fig3_community_ve,1120.0,0.4,0.3,0,41.785714285714285,91,652.0,2026450091,0.3,0.15
fig3_community_ve,1213.0,0.4,0.3,0,42.37427864798021,92,699.0,2026450092,0.3,0.15
fig3_community_ve,931.0,0.4,0.3,0,36.94951664876477,93,587.0,2026450093,0.3,0.15
fig3_community_ve,594.0,0.4,0.3,0,29.96632996632998,94,415.99999999999994,2026450094,0.3,0.15
fig3_community_ve,1256.0,0.4,0.3,0,32.1656050955414,95,852.0,2026450095,0.3,0.15
fig3_community_ve,886.0,0.4,0.3,0,40.40632054176072,96,528.0,2026450096,0.3,0.15
fig3_community_ve,814.9999999999999,0.4,0.3,0,35.95092024539876,97,522.0,2026450097,0.3,0.15
fig3_community_ve,1000.0,0.4,0.3,0,40.0,98,600.0,2026450098,0.3,0.15
fig3_community_ve,1067.0,0.4,0.3,0,32.146204311152765,99,724.0,2026450099,0.3,0.15
fig3_community_ve,1043.0,0.4,0.3,0,70.18216682646212,0,311.0,2026451000,0.3,0.3
fig3_community_ve,835.9999999999999,0.4,0.3,0,50.83732057416267,1,411.0,2026451001,0.3,0.3
fig3_community_ve,928.0,0.4,0.3,0,64.11637931034483,2,333.0,2026451002,0.3,0.3
fig3_community_ve,503.0,0.4,0.3,0,34.1948310139165,3,331.0,2026451003,0.3,0.3
fig3_community_ve,1042.0,0.4,0.3,0,55.758157389635315,4,461.00000000000006,2026451004,0.3,0.3
fig3_community_ve,772.0,0.4,0.3,0,51.943005181347154,5,371.0,2026451005,0.3,0.3
fig3_community_ve,800.0,0.4,0.3,0,67.5,6,260.0,2026451006,0.3,0.3
fig3_community_ve,834.0,0.4,0.3,0,54.196642685851316,7,382.0,2026451007,0.3,0.3
fig3_community_ve,634.0,0.4,0.3,0,44.16403785488959,8,354.0,2026451008,0.3,0.3
fig3_community_ve,1305.0,0.4,0.3,0,60.91954022988506,9,510.00000000000006,2026451009,0.3,0.3
fig3_community_ve,1035.0,0.4,0.3,0,73.91304347826087,10,270.0,2026451010,0.3,0.3
fig3_community_ve,925.9999999999999,0.4,0.3,0,61.55507559395247,11,356.0,2026451011,0.3,0.3
fig3_community_ve,983.0,0.4,0.3,0,58.69786368260427,12,406.0,2026451012,0.3,0.3
fig3_community_ve,812.0,0.4,0.3,0,46.55172413793103,13,434.0,2026451013,0.3,0.3
fig3_community_ve,472.0,0.4,0.3,0,61.228813559322035,14,183.0,2026451014,0.3,0.3
fig3_community_ve,933.9999999999999,0.4,0.3,0,57.28051391862956,15,398.99999999999994,2026451015,0.3,0.3
fig3_community_ve,737.0,0.4,0.3,0,60.10854816824966,16,294.0,2026451016,0.3,0.3
fig3_community_ve,1432.0,0.4,0.3,0,64.87430167597765,17,503.0,2026451017,0.3,0.3
fig3_community_ve,718.0,0.4,0.3,0,67.40947075208913,18,234.0,2026451018,0.3,0.3
fig3_community_ve,910.0,0.4,0.3,0,58.24175824175824,19,380.0,2026451019,0.3,0.3
fig3_community_ve,878.0,0.4,0.3,0,58.76993166287016,20,362.0,2026451020,0.3,0.3
fig3_community_ve,1062.0,0.4,0.3,0,62.335216572504706,21,400.0,2026451021,0.3,0.3
fig3_community_ve,738.0,0.4,0.3,0,58.40108401084011,22,307.0,2026451022,0.3,0.3
fig3_community_ve,661.0,0.4,0.3,0,61.57337367624811,23,254.00000000000003,2026451023,0.3,0.3
fig3_community_ve,603.0,0.4,0.3,0,45.60530679933665,24,328.0,2026451024,0.3,0.3
fig3_community_ve,684.0,0.4,0.3,0,48.68421052631579,25,351.0,2026451025,0.3,0.3
fig3_community_ve,880.0,0.4,0.3,0,45.227272727272734,26,481.99999999999994,2026451026,0.3,0.3
fig3_community_ve,791.0,0.4,0.3,0,61.441213653603036,27,305.0,2026451027,0.3,0.3
fig3_community_ve,814.9999999999999,0.4,0.3,0,59.99999999999999,28,326.0,2026451028,0.3,0.3
fig3_community_ve,754.0,0.4,0.3,0,47.612732095490706,29,395.00000000000006,2026451029,0.3,0.3
fig3_community_ve,687.0,0.4,0.3,0,39.01018922852984,30,419.0,2026451030,0.3,0.3
fig3_community_ve,1061.0,0.4,0.3,0,68.70876531573987,31,332.0,2026451031,0.3,0.3
fig3_community_ve,1017.0,0.4,0.3,0,62.733529990167156,32,379.0,2026451032,0.3,0.3
fig3_community_ve,786.0000000000001,0.4,0.3,0,50.63613231552164,33,388.0,2026451033,0.3,0.3
fig3_community_ve,671.0,0.4,0.3,0,49.92548435171386,34,336.0,2026451034,0.3,0.3
fig3_community_ve,592.0,0.4,0.3,0,57.770270270270274,35,250.0,2026451035,0.3,0.3
fig3_community_ve,842.0,0.4,0.3,0,54.03800475059382,36,387.0,2026451036,0.3,0.3
fig3_community_ve,1292.0,0.4,0.3,0,65.015479876161,37,451.99999999999994,2026451037,0.3,0.3
fig3_community_ve,1025.0,0.4,0.3,0,56.68292682926829,38,444.00000000000006,2026451038,0.3,0.3
fig3_community_ve,950.0,0.4,0.3,0,65.26315789473684,39,330.0,2026451039,0.3,0.3
fig3_community_ve,854.0000000000001,0.4,0.3,0,71.66276346604216,40,241.99999999999997,2026451040,0.3,0.3
fig3_community_ve,766.0,0.4,0.3,0,54.177545691906005,41,351.0,2026451041,0.3,0.3
fig3_community_ve,897.0,0.4,0.3,0,53.06577480490524,42,421.0,2026451042,0.3,0.3
fig3_community_ve,750.0,0.4,0.3,0,58.666666666666664,43,310.0,2026451043,0.3,0.3
fig3_community_ve,767.0,0.4,0.3,0,64.66753585397653,44,271.0,2026451044,0.3,0.3
fig3_community_ve,871.0000000000001,0.4,0.3,0,57.520091848450065,45,370.0,2026451045,0.3,0.3
fig3_community_ve,768.0,0.4,0.3,0,59.635416666666664,46,310.0,2026451046,0.3,0.3
fig3_community_ve,534.0,0.4,0.3,0,45.88014981273408,47,289.0,2026451047,0.3,0.3
fig3_community_ve,725.0,0.4,0.3,0,61.241379310344826,48,281.0,2026451048,0.3,0.3
fig3_community_ve,893.0,0.4,0.3,0,67.41321388577828,49,291.0,2026451049,0.3,0.3
fig3_community_ve,693.0,0.4,0.3,0,62.77056277056277,50,258.0,2026451050,0.3,0.3
fig3_community_ve,814.9999999999999,0.4,0.3,0,59.87730061349692,51,327.0,2026451051,0.3,0.3
fig3_community_ve,812.0,0.4,0.3,0,73.27586206896552,52,217.0,2026451052,0.3,0.3
fig3_community_ve,540.0,0.4,0.3,0,61.666666666666664,53,206.99999999999997,2026451053,0.3,0.3
fig3_community_ve,711.0,0.4,0.3,0,29.676511954992968,54,500.0,2026451054,0.3,0.3
fig3_community_ve,1233.0,0.4,0.3,0,73.07380373073804,55,332.0,2026451055,0.3,0.3
fig3_community_ve,882.9999999999999,0.4,0.3,0,59.90939977349942,56,354.0,2026451056,0.3,0.3
fig3_community_ve,681.0,0.4,0.3,0,53.45080763582966,57,317.0,2026451057,0.3,0.3
fig3_community_ve,595.0,0.4,0.3,0,61.1764705882353,58,231.0,2026451058,0.3,0.3
fig3_community_ve,781.0,0.4,0.3,0,49.42381562099871,59,395.00000000000006,2026451059,0.3,0.3
fig3_community_ve,865.0,0.4,0.3,0,52.947976878612714,60,407.0,2026451060,0.3,0.3
fig3_community_ve,827.0,0.4,0.3,0,57.194679564691654,61,354.0,2026451061,0.3,0.3
fig3_community_ve,1197.0,0.4,0.3,0,58.563074352548036,62,496.0,2026451062,0.3,0.3
fig3_community_ve,859.0,0.4,0.3,0,55.529685681024446,63,382.0,2026451063,0.3,0.3
fig3_community_ve,599.0,0.4,0.3,0,60.10016694490818,64,239.00000000000003,2026451064,0.3,0.3
fig3_community_ve,844.0,0.4,0.3,0,60.308056872037916,65,335.0,2026451065,0.3,0.3
fig3_community_ve,1154.0,0.4,0.3,0,69.15077989601386,66,356.0,2026451066,0.3,0.3
fig3_community_ve,825.0,0.4,0.3,0,60.72727272727273,67,324.0,2026451067,0.3,0.3
fig3_community_ve,790.0000000000001,0.4,0.3,0,47.59493670886077,68,413.99999999999994,2026451068,0.3,0.3
fig3_community_ve,988.0,0.4,0.3,0,58.097165991902834,69,413.99999999999994,2026451069,0.3,0.3
fig3_community_ve,893.0,0.4,0.3,0,64.27771556550952,70,319.0,2026451070,0.3,0.3
fig3_community_ve,769.0,0.4,0.3,0,65.53966189856958,71,265.0,2026451071,0.3,0.3
fig3_community_ve,891.0,0.4,0.3,0,66.77890011223344,72,296.0,2026451072,0.3,0.3
fig3_community_ve,909.0000000000001,0.4,0.3,0,56.10561056105612,73,398.99999999999994,2026451073,0.3,0.3
fig3_community_ve,834.0,0.4,0.3,0,51.798561151079134,74,402.0,2026451074,0.3,0.3
fig3_community_ve,618.0,0.4,0.3,0,55.98705501618123,75,272.0,2026451075,0.3,0.3
fig3_community_ve,962.0,0.4,0.3,0,58.731808731808734,76,396.99999999999994,2026451076,0.3,0.3
fig3_community_ve,997.9999999999999,0.4,0.3,0,67.63527054108216,77,323.0,2026451077,0.3,0.3
fig3_community_ve,797.9999999999999,0.4,0.3,0,61.27819548872179,78,309.0,2026451078,0.3,0.3
fig3_community_ve,847.0,0.4,0.3,0,59.149940968122785,79,346.0,2026451079,0.3,0.3
fig3_community_ve,922.0000000000001,0.4,0.3,0,54.880694143167034,80,415.99999999999994,2026451080,0.3,0.3
fig3_community_ve,770.0,0.4,0.3,0,59.74025974025974,81,310.0,2026451081,0.3,0.3
fig3_community_ve,831.9999999999999,0.4,0.3,0,57.091346153846146,82,357.0,2026451082,0.3,0.3
fig3_community_ve,1077.0,0.4,0.3,0,60.44568245125348,83,426.0,2026451083,0.3,0.3
fig3_community_ve,552.0,0.4,0.3,0,60.14492753623188,84,220.0,2026451084,0.3,0.3
fig3_community_ve,816.0000000000001,0.4,0.3,0,65.68627450980394,85,280.0,2026451085,0.3,0.3
fig3_community_ve,789.0,0.4,0.3,0,55.893536121673,86,348.0,2026451086,0.3,0.3
fig3_community_ve,655.0,0.4,0.3,0,42.13740458015267,87,379.0,2026451087,0.3,0.3
fig3_community_ve,771.0,0.4,0.3,0,48.63813229571984,88,396.0,2026451088,0.3,0.3
fig3_community_ve,1040.0,0.4,0.3,0,67.98076923076923,89,333.0,2026451089,0.3,0.3
fig3_community_ve,742.0,0.4,0.3,0,57.00808625336927,90,319.0,2026451090,0.3,0.3
fig3_community_ve,587.0,0.4,0.3,0,45.4855195911414,91,320.0,2026451091,0.3,0.3
fig3_community_ve,592.0,0.4,0.3,0,43.58108108108108,92,334.0,2026451092,0.3,0.3
fig3_community_ve,899.9999999999999,0.4,0.3,0,58.33333333333332,93,375.0,2026451093,0.3,0.3
fig3_community_ve,643.0,0.4,0.3,0,55.67651632970451,94,285.0,2026451094,0.3,0.3
fig3_community_ve,927.0,0.4,0.3,0,52.750809061488674,95,438.0,2026451095,0.3,0.3
fig3_community_ve,881.0,0.4,0.3,0,64.472190692395,96,313.0,2026451096,0.3,0.3
fig3_community_ve,916.0,0.4,0.3,0,48.253275109170296,97,474.00000000000006,2026451097,0.3,0.3
fig3_community_ve,1093.0,0.4,0.3,0,58.18847209515096,98,457.0,2026451098,0.3,0.3
fig3_community_ve,809.0,0.4,0.3,0,55.3770086526576,99,361.0,2026451099,0.3,0.3
fig3_community_ve,666.0,0.4,0.3,0,62.312312312312315,0,251.0,2026452000,0.3,0.44999999999999996
fig3_community_ve,984.9999999999999,0.4,0.3,0,64.67005076142131,1,348.0,2026452001,0.3,0.44999999999999996
fig3_community_ve,921.0,0.4,0.3,0,70.57546145494028,2,271.0,2026452002,0.3,0.44999999999999996
fig3_community_ve,810.9999999999999,0.4,0.3,0,74.59926017262637,3,206.00000000000003,2026452003,0.3,0.44999999999999996
fig3_community_ve,768.0,0.4,0.3,0,68.75,4,239.99999999999997,2026452004,0.3,0.44999999999999996
fig3_community_ve,905.0000000000001,0.4,0.3,0,62.20994475138122,5,342.0,2026452005,0.3,0.44999999999999996
fig3_community_ve,1025.0,0.4,0.3,0,73.65853658536585,6,270.0,2026452006,0.3,0.44999999999999996
fig3_community_ve,743.0,0.4,0.3,0,67.6985195154778,7,239.99999999999997,2026452007,0.3,0.44999999999999996
fig3_community_ve,1005.0,0.4,0.3,0,71.64179104477611,8,285.0,2026452008,0.3,0.44999999999999996
fig3_community_ve,806.0,0.4,0.3,0,61.9106699751861,9,307.0,2026452009,0.3,0.44999999999999996
fig3_community_ve,852.9999999999999,0.4,0.3,0,72.09847596717466,10,238.00000000000003,2026452010,0.3,0.44999999999999996
fig3_community_ve,1003.0000000000001,0.4,0.3,0,72.58225324027917,11,275.0,2026452011,0.3,0.44999999999999996
fig3_community_ve,1193.0,0.4,0.3,0,77.53562447611064,12,268.0,2026452012,0.3,0.44999999999999996
fig3_community_ve,630.0,0.4,0.3,0,64.12698412698413,13,225.99999999999997,2026452013,0.3,0.44999999999999996
fig3_community_ve,928.0,0.4,0.3,0,73.49137931034483,14,246.0,2026452014,0.3,0.44999999999999996
fig3_community_ve,933.9999999999999,0.4,0.3,0,70.12847965738757,15,279.0,2026452015,0.3,0.44999999999999996
fig3_community_ve,1100.0,0.4,0.3,0,76.72727272727273,16,256.0,2026452016,0.3,0.44999999999999996
fig3_community_ve,768.0,0.4,0.3,0,72.265625,17,213.0,2026452017,0.3,0.44999999999999996
fig3_community_ve,650.0,0.4,0.3,0,61.07692307692308,18,253.0,2026452018,0.3,0.44999999999999996
fig3_community_ve,1055.0,0.4,0.3,0,69.00473933649289,19,327.0,2026452019,0.3,0.44999999999999996
fig3_community_ve,865.0,0.4,0.3,0,65.3179190751445,20,300.0,2026452020,0.3,0.44999999999999996
fig3_community_ve,878.9999999999999,0.4,0.3,0,64.84641638225256,21,309.0,2026452021,0.3,0.44999999999999996
fig3_community_ve,1001.0,0.4,0.3,0,72.62737262737262,22,274.0,2026452022,0.3,0.44999999999999996
fig3_community_ve,628.0,0.4,0.3,0,74.04458598726114,23,163.0,2026452023,0.3,0.44999999999999996
fig3_community_ve,743.0,0.4,0.3,0,71.60161507402422,24,211.0,2026452024,0.3,0.44999999999999996
fig3_community_ve,669.0,0.4,0.3,0,66.96562032884903,25,221.00000000000003,2026452025,0.3,0.44999999999999996
fig3_community_ve,784.9999999999999,0.4,0.3,0,62.42038216560508,26,295.0,2026452026,0.3,0.44999999999999996
fig3_community_ve,563.0,0.4,0.3,0,66.07460035523978,27,191.0,2026452027,0.3,0.44999999999999996
fig3_community_ve,880.0,0.4,0.3,0,76.36363636363636,28,207.99999999999997,2026452028,0.3,0.44999999999999996
fig3_community_ve,662.0,0.4,0.3,0,57.55287009063444,29,281.0,2026452029,0.3,0.44999999999999996
fig3_community_ve,690.0,0.4,0.3,0,73.33333333333333,30,184.0,2026452030,0.3,0.44999999999999996
fig3_community_ve,822.0,0.4,0.3,0,66.05839416058394,31,279.0,2026452031,0.3,0.44999999999999996
fig3_community_ve,1027.0,0.4,0.3,0,70.98344693281402,32,298.0,2026452032,0.3,0.44999999999999996
fig3_community_ve,882.0,0.4,0.3,0,65.3061224489796,33,306.0,2026452033,0.3,0.44999999999999996
fig3_community_ve,1109.0,0.4,0.3,0,75.56357078449054,34,271.0,2026452034,0.3,0.44999999999999996
fig3_community_ve,1034.0,0.4,0.3,0,77.17601547388782,35,236.0,2026452035,0.3,0.44999999999999996
fig3_community_ve,646.0,0.4,0.3,0,71.36222910216718,36,185.0,2026452036,0.3,0.44999999999999996
fig3_community_ve,700.0,0.4,0.3,0,69.71428571428571,37,212.0,2026452037,0.3,0.44999999999999996
fig3_community_ve,686.0,0.4,0.3,0,73.17784256559767,38,184.0,2026452038,0.3,0.44999999999999996
fig3_community_ve,694.0,0.4,0.3,0,59.07780979827089,39,284.0,2026452039,0.3,0.44999999999999996
fig3_community_ve,1169.0,0.4,0.3,0,67.15141146278872,40,384.0,2026452040,0.3,0.44999999999999996
fig3_community_ve,906.0,0.4,0.3,0,71.63355408388522,41,257.0,2026452041,0.3,0.44999999999999996
fig3_community_ve,1099.0,0.4,0.3,0,72.1565059144677,42,306.0,2026452042,0.3,0.44999999999999996
fig3_community_ve,714.0,0.4,0.3,0,77.17086834733894,43,163.0,2026452043,0.3,0.44999999999999996
fig3_community_ve,1020.0000000000001,0.4,0.3,0,61.47058823529411,44,393.00000000000006,2026452044,0.3,0.44999999999999996
fig3_community_ve,872.0,0.4,0.3,0,72.36238532110092,45,240.99999999999997,2026452045,0.3,0.44999999999999996
fig3_community_ve,792.0,0.4,0.3,0,67.92929292929293,46,254.00000000000003,2026452046,0.3,0.44999999999999996
fig3_community_ve,882.0,0.4,0.3,0,70.06802721088435,47,264.0,2026452047,0.3,0.44999999999999996
fig3_community_ve,1014.0,0.4,0.3,0,68.34319526627219,48,321.0,2026452048,0.3,0.44999999999999996
fig3_community_ve,1003.0000000000001,0.4,0.3,0,69.79062811565305,49,303.0,2026452049,0.3,0.44999999999999996
fig3_community_ve,1009.0,0.4,0.3,0,63.429137760158575,50,369.0,2026452050,0.3,0.44999999999999996
fig3_community_ve,648.0,0.4,0.3,0,67.12962962962963,51,213.0,2026452051,0.3,0.44999999999999996
fig3_community_ve,911.0,0.4,0.3,0,75.74094401756312,52,221.00000000000003,2026452052,0.3,0.44999999999999996
fig3_community_ve,586.0,0.4,0.3,0,65.18771331058021,53,204.00000000000003,2026452053,0.3,0.44999999999999996
fig3_community_ve,812.0,0.4,0.3,0,66.37931034482759,54,273.0,2026452054,0.3,0.44999999999999996
fig3_community_ve,775.0,0.4,0.3,0,72.25806451612904,55,215.0,2026452055,0.3,0.44999999999999996
fig3_community_ve,874.0,0.4,0.3,0,68.53546910755149,56,275.0,2026452056,0.3,0.44999999999999996
fig3_community_ve,1366.0,0.4,0.3,0,78.7701317715959,57,290.0,2026452057,0.3,0.44999999999999996
fig3_community_ve,1135.0,0.4,0.3,0,69.51541850220265,58,346.0,2026452058,0.3,0.44999999999999996
fig3_community_ve,982.0000000000001,0.4,0.3,0,76.68024439918534,59,229.0,2026452059,0.3,0.44999999999999996
fig3_community_ve,1128.0,0.4,0.3,0,74.73404255319149,60,285.0,2026452060,0.3,0.44999999999999996
fig3_community_ve,1163.0,0.4,0.3,0,73.94668959587274,61,303.0,2026452061,0.3,0.44999999999999996
fig3_community_ve,942.9999999999999,0.4,0.3,0,76.77624602332979,62,219.0,2026452062,0.3,0.44999999999999996
fig3_community_ve,618.0,0.4,0.3,0,75.40453074433657,63,152.0,2026452063,0.3,0.44999999999999996
fig3_community_ve,649.0,0.4,0.3,0,75.96302003081664,64,156.0,2026452064,0.3,0.44999999999999996
fig3_community_ve,683.0,0.4,0.3,0,69.69253294289898,65,206.99999999999997,2026452065,0.3,0.44999999999999996
fig3_community_ve,1037.0,0.4,0.3,0,72.90260366441659,66,281.0,2026452066,0.3,0.44999999999999996
fig3_community_ve,675.0,0.4,0.3,0,60.148148148148145,67,269.0,2026452067,0.3,0.44999999999999996
fig3_community_ve,1040.0,0.4,0.3,0,72.11538461538461,68,290.0,2026452068,0.3,0.44999999999999996
fig3_community_ve,583.0,0.4,0.3,0,64.15094339622641,69,208.99999999999997,2026452069,0.3,0.44999999999999996
fig3_community_ve,557.0,0.4,0.3,0,63.016157989228006,70,206.00000000000003,2026452070,0.3,0.44999999999999996
fig3_community_ve,1129.0,0.4,0.3,0,68.29052258635961,71,358.0,2026452071,0.3,0.44999999999999996
fig3_community_ve,795.0,0.4,0.3,0,64.0251572327044,72,286.0,2026452072,0.3,0.44999999999999996
fig3_community_ve,727.0,0.4,0.3,0,70.2888583218707,73,216.0,2026452073,0.3,0.44999999999999996
fig3_community_ve,769.0,0.4,0.3,0,71.13133940182054,74,222.00000000000003,2026452074,0.3,0.44999999999999996
fig3_community_ve,777.0,0.4,0.3,0,59.84555984555985,75,312.0,2026452075,0.3,0.44999999999999996
fig3_community_ve,878.0,0.4,0.3,0,71.5261958997722,76,250.0,2026452076,0.3,0.44999999999999996
fig3_community_ve,938.0,0.4,0.3,0,71.32196162046908,77,269.0,2026452077,0.3,0.44999999999999996
fig3_community_ve,946.9999999999999,0.4,0.3,0,65.8922914466737,78,323.0,2026452078,0.3,0.44999999999999996
fig3_community_ve,848.9999999999999,0.4,0.3,0,74.44051825677266,79,217.0,2026452079,0.3,0.44999999999999996
fig3_community_ve,730.0,0.4,0.3,0,60.0,80,292.0,2026452080,0.3,0.44999999999999996
fig3_community_ve,621.0,0.4,0.3,0,58.93719806763285,81,255.00000000000003,2026452081,0.3,0.44999999999999996
fig3_community_ve,971.0,0.4,0.3,0,68.69207003089598,82,304.0,2026452082,0.3,0.44999999999999996
fig3_community_ve,848.9999999999999,0.4,0.3,0,61.48409893992932,83,327.0,2026452083,0.3,0.44999999999999996
fig3_community_ve,835.9999999999999,0.4,0.3,0,67.82296650717703,84,269.0,2026452084,0.3,0.44999999999999996
fig3_community_ve,909.0000000000001,0.4,0.3,0,70.84708470847086,85,265.0,2026452085,0.3,0.44999999999999996
fig3_community_ve,668.0,0.4,0.3,0,55.98802395209581,86,294.0,2026452086,0.3,0.44999999999999996
fig3_community_ve,959.0,0.4,0.3,0,66.42335766423358,87,322.0,2026452087,0.3,0.44999999999999996
fig3_community_ve,783.0,0.4,0.3,0,70.62579821200511,88,230.0,2026452088,0.3,0.44999999999999996
fig3_community_ve,837.0000000000001,0.4,0.3,0,60.57347670250897,89,330.0,2026452089,0.3,0.44999999999999996
fig3_community_ve,1026.0,0.4,0.3,0,70.37037037037037,90,304.0,2026452090,0.3,0.44999999999999996
fig3_community_ve,578.0,0.4,0.3,0,61.07266435986159,91,224.99999999999997,2026452091,0.3,0.44999999999999996
fig3_community_ve,584.0,0.4,0.3,0,59.07534246575342,92,239.00000000000003,2026452092,0.3,0.44999999999999996
fig3_community_ve,758.0,0.4,0.3,0,62.13720316622691,93,287.0,2026452093,0.3,0.44999999999999996
fig3_community_ve,805.0,0.4,0.3,0,68.81987577639751,94,251.0,2026452094,0.3,0.44999999999999996
fig3_community_ve,711.0,0.4,0.3,0,62.728551336146275,95,265.0,2026452095,0.3,0.44999999999999996
fig3_community_ve,884.0000000000001,0.4,0.3,0,71.26696832579186,96,254.00000000000003,2026452096,0.3,0.44999999999999996
fig3_community_ve,826.0,0.4,0.3,0,67.79661016949153,97,266.0,2026452097,0.3,0.44999999999999996
fig3_community_ve,671.0,0.4,0.3,0,61.99701937406856,98,255.00000000000003,2026452098,0.3,0.44999999999999996
fig3_community_ve,1083.0,0.4,0.3,0,73.31486611265005,99,289.0,2026452099,0.3,0.44999999999999996
fig3_community_ve,604.0,0.4,0.3,0,65.39735099337749,0,208.99999999999997,2026455000,0.3,0.9
fig3_community_ve,933.0,0.4,0.3,0,75.56270096463022,1,228.0,2026455001,0.3,0.9
fig3_community_ve,780.0,0.4,0.3,0,78.58974358974359,2,167.0,2026455002,0.3,0.9
fig3_community_ve,837.0000000000001,0.4,0.3,0,75.98566308243728,3,201.0,2026455003,0.3,0.9
fig3_community_ve,797.9999999999999,0.4,0.3,0,74.06015037593984,4,206.99999999999997,2026455004,0.3,0.9
fig3_community_ve,1190.0,0.4,0.3,0,84.2016806722689,5,188.0,2026455005,0.3,0.9
fig3_community_ve,855.0,0.4,0.3,0,78.01169590643275,6,188.0,2026455006,0.3,0.9
fig3_community_ve,762.0,0.4,0.3,0,75.59055118110236,7,186.0,2026455007,0.3,0.9
fig3_community_ve,841.0000000000001,0.4,0.3,0,74.91082045184305,8,211.0,2026455008,0.3,0.9
fig3_community_ve,790.0000000000001,0.4,0.3,0,75.56962025316456,9,193.0,2026455009,0.3,0.9
fig3_community_ve,388.0,0.4,0.3,0,74.22680412371135,10,100.0,2026455010,0.3,0.9
fig3_community_ve,599.0,0.4,0.3,0,69.44908180300501,11,183.0,2026455011,0.3,0.9
fig3_community_ve,1001.0,0.4,0.3,0,68.63136863136863,12,314.0,2026455012,0.3,0.9
fig3_community_ve,725.0,0.4,0.3,0,83.86206896551724,13,117.0,2026455013,0.3,0.9
fig3_community_ve,583.0,0.4,0.3,0,81.47512864493997,14,108.0,2026455014,0.3,0.9
fig3_community_ve,590.0,0.4,0.3,0,75.76271186440678,15,143.0,2026455015,0.3,0.9
fig3_community_ve,942.0,0.4,0.3,0,83.2271762208068,16,158.0,2026455016,0.3,0.9
fig3_community_ve,983.0,0.4,0.3,0,75.38148524923703,17,241.99999999999997,2026455017,0.3,0.9
fig3_community_ve,846.0,0.4,0.3,0,76.00472813238771,18,203.0,2026455018,0.3,0.9
fig3_community_ve,640.0,0.4,0.3,0,77.96875,19,141.0,2026455019,0.3,0.9
fig3_community_ve,859.0,0.4,0.3,0,73.57392316647264,20,227.0,2026455020,0.3,0.9
fig3_community_ve,1001.9999999999999,0.4,0.3,0,76.24750499001995,21,238.00000000000003,2026455021,0.3,0.9
fig3_community_ve,976.9999999999999,0.4,0.3,0,82.39508700102354,22,172.0,2026455022,0.3,0.9
fig3_community_ve,852.9999999999999,0.4,0.3,0,76.78780773739742,23,198.0,2026455023,0.3,0.9
fig3_community_ve,899.0,0.4,0.3,0,76.64071190211347,24,210.0,2026455024,0.3,0.9
fig3_community_ve,852.0,0.4,0.3,0,77.8169014084507,25,189.0,2026455025,0.3,0.9
fig3_community_ve,1099.0,0.4,0.3,0,83.71246587807097,26,179.0,2026455026,0.3,0.9
fig3_community_ve,674.0,0.4,0.3,0,83.82789317507418,27,109.0,2026455027,0.3,0.9
fig3_community_ve,791.0,0.4,0.3,0,79.519595448799,28,162.0,2026455028,0.3,0.9
fig3_community_ve,1114.0,0.4,0.3,0,84.38061041292639,29,174.0,2026455029,0.3,0.9
fig3_community_ve,814.9999999999999,0.4,0.3,0,79.87730061349693,30,164.0,2026455030,0.3,0.9
fig3_community_ve,868.0,0.4,0.3,0,81.91244239631337,31,157.0,2026455031,0.3,0.9
fig3_community_ve,1003.0000000000001,0.4,0.3,0,76.37088733798605,32,237.00000000000003,2026455032,0.3,0.9
fig3_community_ve,831.0,0.4,0.3,0,77.61732851985559,33,186.0,2026455033,0.3,0.9
fig3_community_ve,999.0000000000001,0.4,0.3,0,82.08208208208208,34,179.0,2026455034,0.3,0.9
fig3_community_ve,989.0,0.4,0.3,0,71.68857431749241,35,280.0,2026455035,0.3,0.9
fig3_community_ve,797.0,0.4,0.3,0,82.43412797992472,36,140.0,2026455036,0.3,0.9
fig3_community_ve,822.0,0.4,0.3,0,77.85888077858881,37,182.0,2026455037,0.3,0.9
fig3_community_ve,692.0,0.4,0.3,0,75.14450867052022,38,172.0,2026455038,0.3,0.9
fig3_community_ve,454.0,0.4,0.3,0,74.8898678414097,39,114.0,2026455039,0.3,0.9
fig3_community_ve,1168.0,0.4,0.3,0,85.53082191780823,40,169.0,2026455040,0.3,0.9
fig3_community_ve,608.0,0.4,0.3,0,75.49342105263158,41,149.0,2026455041,0.3,0.9
fig3_community_ve,932.0,0.4,0.3,0,76.28755364806867,42,221.00000000000003,2026455042,0.3,0.9
fig3_community_ve,398.0,0.4,0.3,0,77.1356783919598,43,91.0,2026455043,0.3,0.9
fig3_community_ve,1070.0,0.4,0.3,0,76.16822429906541,44,255.00000000000003,2026455044,0.3,0.9
fig3_community_ve,834.0,0.4,0.3,0,71.1031175059952,45,240.99999999999997,2026455045,0.3,0.9
fig3_community_ve,795.0,0.4,0.3,0,77.10691823899371,46,182.0,2026455046,0.3,0.9
fig3_community_ve,795.0,0.4,0.3,0,71.9496855345912,47,223.00000000000003,2026455047,0.3,0.9
fig3_community_ve,818.0,0.4,0.3,0,79.70660146699267,48,166.0,2026455048,0.3,0.9
fig3_community_ve,722.0,0.4,0.3,0,73.54570637119113,49,191.0,2026455049,0.3,0.9
fig3_community_ve,808.0,0.4,0.3,0,73.76237623762377,50,212.0,2026455050,0.3,0.9
fig3_community_ve,835.9999999999999,0.4,0.3,0,74.40191387559808,51,214.0,2026455051,0.3,0.9
fig3_community_ve,865.9999999999999,0.4,0.3,0,76.55889145496535,52,203.0,2026455052,0.3,0.9
fig3_community_ve,1419.0,0.4,0.3,0,84.14376321353066,53,224.99999999999997,2026455053,0.3,0.9
fig3_community_ve,788.0,0.4,0.3,0,77.79187817258884,54,175.0,2026455054,0.3,0.9
fig3_community_ve,648.0,0.4,0.3,0,72.68518518518519,55,177.0,2026455055,0.3,0.9
fig3_community_ve,494.0,0.4,0.3,0,70.04048582995951,56,148.0,2026455056,0.3,0.9
fig3_community_ve,997.9999999999999,0.4,0.3,0,78.55711422845691,57,214.0,2026455057,0.3,0.9
fig3_community_ve,847.0,0.4,0.3,0,83.3530106257379,58,141.0,2026455058,0.3,0.9
fig3_community_ve,851.0,0.4,0.3,0,82.96122209165688,59,145.0,2026455059,0.3,0.9
fig3_community_ve,944.0,0.4,0.3,0,78.60169491525424,60,202.0,2026455060,0.3,0.9
fig3_community_ve,851.0,0.4,0.3,0,78.26086956521739,61,185.0,2026455061,0.3,0.9
fig3_community_ve,936.0,0.4,0.3,0,75.53418803418803,62,229.0,2026455062,0.3,0.9
fig3_community_ve,954.0,0.4,0.3,0,81.86582809224319,63,173.0,2026455063,0.3,0.9
fig3_community_ve,647.0,0.4,0.3,0,70.32457496136013,64,192.0,2026455064,0.3,0.9
fig3_community_ve,635.0,0.4,0.3,0,69.13385826771653,65,196.0,2026455065,0.3,0.9
fig3_community_ve,1057.0,0.4,0.3,0,80.88930936613056,66,202.0,2026455066,0.3,0.9
fig3_community_ve,808.0,0.4,0.3,0,78.83663366336634,67,171.0,2026455067,0.3,0.9
fig3_community_ve,895.0,0.4,0.3,0,83.35195530726257,68,149.0,2026455068,0.3,0.9
fig3_community_ve,733.0,0.4,0.3,0,74.07912687585267,69,190.0,2026455069,0.3,0.9
fig3_community_ve,464.99999999999994,0.4,0.3,0,58.70967741935483,70,192.0,2026455070,0.3,0.9
fig3_community_ve,755.0,0.4,0.3,0,81.58940397350993,71,139.0,2026455071,0.3,0.9
fig3_community_ve,878.9999999999999,0.4,0.3,0,81.00113765642776,72,167.0,2026455072,0.3,0.9
fig3_community_ve,791.0,0.4,0.3,0,75.34766118836916,73,195.0,2026455073,0.3,0.9
fig3_community_ve,740.0,0.4,0.3,0,66.48648648648648,74,248.0,2026455074,0.3,0.9
fig3_community_ve,1108.0,0.4,0.3,0,83.03249097472924,75,188.0,2026455075,0.3,0.9
fig3_community_ve,805.0,0.4,0.3,0,73.54037267080746,76,213.0,2026455076,0.3,0.9
fig3_community_ve,1038.0,0.4,0.3,0,82.3699421965318,77,183.0,2026455077,0.3,0.9
fig3_community_ve,831.9999999999999,0.4,0.3,0,80.16826923076923,78,165.0,2026455078,0.3,0.9
fig3_community_ve,609.0,0.4,0.3,0,71.5927750410509,79,173.0,2026455079,0.3,0.9
fig3_community_ve,1055.0,0.4,0.3,0,82.27488151658768,80,187.0,2026455080,0.3,0.9
fig3_community_ve,649.0,0.4,0.3,0,78.12018489984591,81,142.0,2026455081,0.3,0.9
fig3_community_ve,584.0,0.4,0.3,0,76.88356164383562,82,135.0,2026455082,0.3,0.9
fig3_community_ve,922.0000000000001,0.4,0.3,0,79.60954446854664,83,188.0,2026455083,0.3,0.9
fig3_community_ve,784.0,0.4,0.3,0,86.98979591836735,84,102.00000000000001,2026455084,0.3,0.9
fig3_community_ve,894.0,0.4,0.3,0,83.7807606263982,85,145.0,2026455085,0.3,0.9
fig3_community_ve,1003.0000000000001,0.4,0.3,0,81.05682951146561,86,190.0,2026455086,0.3,0.9
fig3_community_ve,793.0,0.4,0.3,0,67.08701134930644,87,261.0,2026455087,0.3,0.9
fig3_community_ve,575.0,0.4,0.3,0,60.0,88,230.0,2026455088,0.3,0.9
fig3_community_ve,944.0,0.4,0.3,0,77.64830508474576,89,211.0,2026455089,0.3,0.9
fig3_community_ve,903.0,0.4,0.3,0,79.51273532668881,90,185.0,2026455090,0.3,0.9
fig3_community_ve,999.0000000000001,0.4,0.3,0,82.78278278278279,91,172.0,2026455091,0.3,0.9
fig3_community_ve,694.0,0.4,0.3,0,75.50432276657061,92,170.0,2026455092,0.3,0.9
fig3_community_ve,921.0,0.4,0.3,0,77.85016286644951,93,204.00000000000003,2026455093,0.3,0.9
fig3_community_ve,857.0,0.4,0.3,0,80.16336056009335,94,170.0,2026455094,0.3,0.9
fig3_community_ve,1072.0,0.4,0.3,0,83.95522388059702,95,172.0,2026455095,0.3,0.9
fig3_community_ve,559.0,0.4,0.3,0,80.50089445438283,96,109.0,2026455096,0.3,0.9
fig3_community_ve,595.0,0.4,0.3,0,75.63025210084034,97,145.0,2026455097,0.3,0.9
fig3_community_ve,758.0,0.4,0.3,0,74.67018469656992,98,192.0,2026455098,0.3,0.9
fig3_community_ve,843.0,0.4,0.3,0,76.0379596678529,99,202.0,2026455099,0.3,0.9
fig3_community_ve,690.0,0.4,0.3,0,71.59420289855072,0,196.0,2026453000,0.3,0.6
fig3_community_ve,1009.0,0.4,0.3,0,76.21407333994054,1,239.99999999999997,2026453001,0.3,0.6
fig3_community_ve,933.0,0.4,0.3,0,78.2422293676313,2,203.0,2026453002,0.3,0.6
fig3_community_ve,942.0,0.4,0.3,0,78.45010615711253,3,203.0,2026453003,0.3,0.6
fig3_community_ve,813.0,0.4,0.3,0,71.83271832718327,4,229.0,2026453004,0.3,0.6
fig3_community_ve,773.0,0.4,0.3,0,74.77360931435963,5,195.0,2026453005,0.3,0.6
fig3_community_ve,758.0,0.4,0.3,0,79.28759894459102,6,157.0,2026453006,0.3,0.6
fig3_community_ve,962.0,0.4,0.3,0,77.23492723492724,7,219.0,2026453007,0.3,0.6
fig3_community_ve,672.0,0.4,0.3,0,70.53571428571429,8,198.0,2026453008,0.3,0.6
fig3_community_ve,912.0,0.4,0.3,0,77.41228070175438,9,206.00000000000003,2026453009,0.3,0.6
fig3_community_ve,591.0,0.4,0.3,0,73.9424703891709,10,154.0,2026453010,0.3,0.6
fig3_community_ve,757.0,0.4,0.3,0,72.5231175693527,11,207.99999999999997,2026453011,0.3,0.6
fig3_community_ve,619.0,0.4,0.3,0,71.24394184168013,12,178.0,2026453012,0.3,0.6
fig3_community_ve,1062.0,0.4,0.3,0,74.19962335216573,13,274.0,2026453013,0.3,0.6
fig3_community_ve,710.0,0.4,0.3,0,74.22535211267606,14,183.0,2026453014,0.3,0.6
fig3_community_ve,743.0,0.4,0.3,0,69.71736204576042,15,224.99999999999997,2026453015,0.3,0.6
fig3_community_ve,682.0,0.4,0.3,0,65.5425219941349,16,235.0,2026453016,0.3,0.6
fig3_community_ve,940.0,0.4,0.3,0,71.80851063829788,17,265.0,2026453017,0.3,0.6
fig3_community_ve,850.0000000000001,0.4,0.3,0,78.0,18,187.0,2026453018,0.3,0.6
fig3_community_ve,844.0,0.4,0.3,0,71.91943127962085,19,237.00000000000003,2026453019,0.3,0.6
fig3_community_ve,745.0,0.4,0.3,0,72.3489932885906,20,206.00000000000003,2026453020,0.3,0.6
fig3_community_ve,898.0,0.4,0.3,0,73.4966592427617,21,238.00000000000003,2026453021,0.3,0.6
fig3_community_ve,940.0,0.4,0.3,0,76.27659574468085,22,223.00000000000003,2026453022,0.3,0.6
fig3_community_ve,916.0,0.4,0.3,0,76.09170305676857,23,219.0,2026453023,0.3,0.6
fig3_community_ve,790.0000000000001,0.4,0.3,0,62.784810126582286,24,294.0,2026453024,0.3,0.6
fig3_community_ve,1115.0,0.4,0.3,0,73.00448430493273,25,301.0,2026453025,0.3,0.6
fig3_community_ve,807.0000000000001,0.4,0.3,0,65.79925650557621,26,276.0,2026453026,0.3,0.6
fig3_community_ve,1020.0000000000001,0.4,0.3,0,76.66666666666667,27,238.00000000000003,2026453027,0.3,0.6
fig3_community_ve,1112.0,0.4,0.3,0,79.85611510791367,28,223.99999999999997,2026453028,0.3,0.6
fig3_community_ve,966.0,0.4,0.3,0,79.19254658385093,29,201.0,2026453029,0.3,0.6
fig3_community_ve,843.0,0.4,0.3,0,68.44602609727166,30,266.0,2026453030,0.3,0.6
fig3_community_ve,685.0,0.4,0.3,0,74.45255474452554,31,175.0,2026453031,0.3,0.6
fig3_community_ve,827.0,0.4,0.3,0,77.38814993954051,32,187.0,2026453032,0.3,0.6
fig3_community_ve,551.0,0.4,0.3,0,74.04718693284937,33,143.0,2026453033,0.3,0.6
fig3_community_ve,942.0,0.4,0.3,0,70.38216560509554,34,279.0,2026453034,0.3,0.6
fig3_community_ve,1021.0,0.4,0.3,0,83.34965719882469,35,170.0,2026453035,0.3,0.6
fig3_community_ve,895.9999999999999,0.4,0.3,0,75.55803571428571,36,219.0,2026453036,0.3,0.6
fig3_community_ve,692.0,0.4,0.3,0,75.14450867052022,37,172.0,2026453037,0.3,0.6
fig3_community_ve,715.0,0.4,0.3,0,73.00699300699301,38,193.0,2026453038,0.3,0.6
fig3_community_ve,731.0,0.4,0.3,0,58.13953488372093,39,306.0,2026453039,0.3,0.6
fig3_community_ve,630.0,0.4,0.3,0,79.68253968253968,40,128.0,2026453040,0.3,0.6
fig3_community_ve,615.0,0.4,0.3,0,53.82113821138211,41,284.0,2026453041,0.3,0.6
fig3_community_ve,948.0000000000001,0.4,0.3,0,68.24894514767934,42,301.0,2026453042,0.3,0.6
fig3_community_ve,869.0,0.4,0.3,0,68.46950517836594,43,274.0,2026453043,0.3,0.6
fig3_community_ve,493.00000000000006,0.4,0.3,0,73.22515212981745,44,132.0,2026453044,0.3,0.6
fig3_community_ve,882.0,0.4,0.3,0,73.92290249433107,45,230.0,2026453045,0.3,0.6
fig3_community_ve,734.0,0.4,0.3,0,63.76021798365122,46,266.0,2026453046,0.3,0.6
fig3_community_ve,698.0,0.4,0.3,0,73.49570200573066,47,185.0,2026453047,0.3,0.6
fig3_community_ve,895.0,0.4,0.3,0,78.43575418994413,48,193.0,2026453048,0.3,0.6
fig3_community_ve,768.0,0.4,0.3,0,70.3125,49,228.0,2026453049,0.3,0.6
fig3_community_ve,1049.0,0.4,0.3,0,81.98284080076263,50,189.0,2026453050,0.3,0.6
fig3_community_ve,748.0,0.4,0.3,0,80.08021390374331,51,149.0,2026453051,0.3,0.6
fig3_community_ve,1070.0,0.4,0.3,0,78.59813084112149,52,229.0,2026453052,0.3,0.6
fig3_community_ve,865.0,0.4,0.3,0,68.78612716763006,53,270.0,2026453053,0.3,0.6
fig3_community_ve,808.0,0.4,0.3,0,68.31683168316832,54,256.0,2026453054,0.3,0.6
fig3_community_ve,1054.0,0.4,0.3,0,77.32447817836812,55,239.00000000000003,2026453055,0.3,0.6
fig3_community_ve,723.0,0.4,0.3,0,70.12448132780084,56,216.0,2026453056,0.3,0.6
fig3_community_ve,790.0000000000001,0.4,0.3,0,75.82278481012659,57,191.0,2026453057,0.3,0.6
fig3_community_ve,837.0000000000001,0.4,0.3,0,70.60931899641578,58,246.0,2026453058,0.3,0.6
fig3_community_ve,668.0,0.4,0.3,0,67.06586826347305,59,220.0,2026453059,0.3,0.6
fig3_community_ve,787.0,0.4,0.3,0,75.22236340533672,60,195.0,2026453060,0.3,0.6
fig3_community_ve,411.0,0.4,0.3,0,61.31386861313869,61,159.0,2026453061,0.3,0.6
fig3_community_ve,975.0,0.4,0.3,0,80.0,62,195.0,2026453062,0.3,0.6
fig3_community_ve,933.0,0.4,0.3,0,77.49196141479099,63,210.0,2026453063,0.3,0.6
fig3_community_ve,556.0,0.4,0.3,0,66.18705035971223,64,188.0,2026453064,0.3,0.6
fig3_community_ve,911.0,0.4,0.3,0,72.22832052689353,65,253.0,2026453065,0.3,0.6
fig3_community_ve,1191.0,0.4,0.3,0,75.31486146095718,66,294.0,2026453066,0.3,0.6
fig3_community_ve,841.0000000000001,0.4,0.3,0,71.34363852556481,67,240.99999999999997,2026453067,0.3,0.6
fig3_community_ve,735.0,0.4,0.3,0,65.4421768707483,68,254.00000000000003,2026453068,0.3,0.6
fig3_community_ve,814.0,0.4,0.3,0,72.72727272727273,69,222.00000000000003,2026453069,0.3,0.6
fig3_community_ve,821.0,0.4,0.3,0,66.50426309378807,70,275.0,2026453070,0.3,0.6
fig3_community_ve,1161.0,0.4,0.3,0,80.96468561584841,71,221.00000000000003,2026453071,0.3,0.6
fig3_community_ve,565.0,0.4,0.3,0,69.38053097345133,72,173.0,2026453072,0.3,0.6
fig3_community_ve,1030.0,0.4,0.3,0,83.68932038834951,73,168.0,2026453073,0.3,0.6
fig3_community_ve,636.0,0.4,0.3,0,73.74213836477988,74,167.0,2026453074,0.3,0.6
fig3_community_ve,739.0,0.4,0.3,0,74.01894451962112,75,192.0,2026453075,0.3,0.6
fig3_community_ve,758.0,0.4,0.3,0,73.08707124010554,76,204.00000000000003,2026453076,0.3,0.6
fig3_community_ve,983.0,0.4,0.3,0,67.95523906408953,77,315.0,2026453077,0.3,0.6
fig3_community_ve,645.0,0.4,0.3,0,68.21705426356588,78,205.00000000000003,2026453078,0.3,0.6
fig3_community_ve,865.9999999999999,0.4,0.3,0,65.35796766743648,79,300.0,2026453079,0.3,0.6
fig3_community_ve,920.0,0.4,0.3,0,69.34782608695652,80,282.0,2026453080,0.3,0.6
fig3_community_ve,903.0,0.4,0.3,0,71.6500553709856,81,256.0,2026453081,0.3,0.6
fig3_community_ve,899.9999999999999,0.4,0.3,0,76.88888888888889,82,207.99999999999997,2026453082,0.3,0.6
fig3_community_ve,551.0,0.4,0.3,0,59.346642468239565,83,223.99999999999997,2026453083,0.3,0.6
fig3_community_ve,759.0,0.4,0.3,0,69.56521739130434,84,231.0,2026453084,0.3,0.6
fig3_community_ve,899.9999999999999,0.4,0.3,0,62.1111111111111,85,341.0,2026453085,0.3,0.6
fig3_community_ve,725.0,0.4,0.3,0,75.44827586206897,86,178.0,2026453086,0.3,0.6
fig3_community_ve,749.0,0.4,0.3,0,75.43391188251002,87,184.0,2026453087,0.3,0.6
fig3_community_ve,727.0,0.4,0.3,0,72.35213204951857,88,201.0,2026453088,0.3,0.6
fig3_community_ve,776.0,0.4,0.3,0,73.71134020618557,89,204.00000000000003,2026453089,0.3,0.6
fig3_community_ve,689.0,0.4,0.3,0,73.14949201741655,90,185.0,2026453090,0.3,0.6
fig3_community_ve,740.0,0.4,0.3,0,76.89189189189189,91,171.0,2026453091,0.3,0.6
fig3_community_ve,623.0,0.4,0.3,0,70.14446227929373,92,186.0,2026453092,0.3,0.6
fig3_community_ve,929.0,0.4,0.3,0,72.65877287405813,93,254.00000000000003,2026453093,0.3,0.6
fig3_community_ve,666.0,0.4,0.3,0,70.87087087087087,94,194.0,2026453094,0.3,0.6
fig3_community_ve,708.0,0.4,0.3,0,71.89265536723164,95,199.0,2026453095,0.3,0.6
fig3_community_ve,563.0,0.4,0.3,0,75.66607460035524,96,137.0,2026453096,0.3,0.6
fig3_community_ve,799.0000000000001,0.4,0.3,0,65.45682102628287,97,276.0,2026453097,0.3,0.6
fig3_community_ve,634.0,0.4,0.3,0,60.56782334384858,98,250.0,2026453098,0.3,0.6
fig3_community_ve,716.0,0.4,0.3,0,70.25139664804469,99,213.0,2026453099,0.3,0.6
fig3_community_ve,803.0000000000001,0.4,0.3,0,77.21046077210461,0,183.0,2026454000,0.3,0.75
fig3_community_ve,954.0,0.4,0.3,0,70.33542976939204,1,283.0,2026454001,0.3,0.75
fig3_community_ve,784.9999999999999,0.4,0.3,0,74.01273885350318,2,204.00000000000003,2026454002,0.3,0.75
fig3_community_ve,789.0,0.4,0.3,0,71.10266159695817,3,228.0,2026454003,0.3,0.75
fig3_community_ve,736.0,0.4,0.3,0,72.41847826086956,4,203.0,2026454004,0.3,0.75
fig3_community_ve,933.9999999999999,0.4,0.3,0,71.5203426124197,5,266.0,2026454005,0.3,0.75
fig3_community_ve,1106.0,0.4,0.3,0,80.47016274864376,6,216.0,2026454006,0.3,0.75
fig3_community_ve,691.0,0.4,0.3,0,82.05499276410998,7,124.0,2026454007,0.3,0.75
fig3_community_ve,1020.0000000000001,0.4,0.3,0,82.64705882352942,8,177.0,2026454008,0.3,0.75
fig3_community_ve,796.0,0.4,0.3,0,79.39698492462311,9,164.0,2026454009,0.3,0.75
fig3_community_ve,631.0,0.4,0.3,0,75.27733755942948,10,156.0,2026454010,0.3,0.75
fig3_community_ve,946.0,0.4,0.3,0,74.31289640591966,11,243.0,2026454011,0.3,0.75
fig3_community_ve,830.0,0.4,0.3,0,82.04819277108433,12,149.0,2026454012,0.3,0.75
fig3_community_ve,880.0,0.4,0.3,0,74.31818181818181,13,225.99999999999997,2026454013,0.3,0.75
fig3_community_ve,1001.0,0.4,0.3,0,79.12087912087912,14,208.99999999999997,2026454014,0.3,0.75
fig3_community_ve,810.0,0.4,0.3,0,78.0246913580247,15,178.0,2026454015,0.3,0.75
fig3_community_ve,814.9999999999999,0.4,0.3,0,68.83435582822085,16,254.00000000000003,2026454016,0.3,0.75
fig3_community_ve,860.0,0.4,0.3,0,75.93023255813954,17,206.99999999999997,2026454017,0.3,0.75
fig3_community_ve,649.0,0.4,0.3,0,71.49460708782743,18,185.0,2026454018,0.3,0.75
fig3_community_ve,909.0000000000001,0.4,0.3,0,76.34763476347635,19,215.0,2026454019,0.3,0.75
fig3_community_ve,840.0,0.4,0.3,0,71.42857142857143,20,239.99999999999997,2026454020,0.3,0.75
fig3_community_ve,630.0,0.4,0.3,0,73.01587301587301,21,170.0,2026454021,0.3,0.75
fig3_community_ve,954.0,0.4,0.3,0,79.14046121593292,22,199.0,2026454022,0.3,0.75
fig3_community_ve,615.0,0.4,0.3,0,68.29268292682927,23,195.0,2026454023,0.3,0.75
fig3_community_ve,1229.0,0.4,0.3,0,74.61350691619202,24,312.0,2026454024,0.3,0.75
fig3_community_ve,890.0,0.4,0.3,0,75.95505617977528,25,214.0,2026454025,0.3,0.75
fig3_community_ve,869.0,0.4,0.3,0,79.51668584579977,26,178.0,2026454026,0.3,0.75
fig3_community_ve,1007.0000000000001,0.4,0.3,0,77.25918570009931,27,229.0,2026454027,0.3,0.75
fig3_community_ve,854.0000000000001,0.4,0.3,0,80.0936768149883,28,170.0,2026454028,0.3,0.75
fig3_community_ve,980.9999999999999,0.4,0.3,0,71.1518858307849,29,283.0,2026454029,0.3,0.75
fig3_community_ve,898.0,0.4,0.3,0,65.47884187082406,30,310.0,2026454030,0.3,0.75
fig3_community_ve,825.0,0.4,0.3,0,82.18181818181819,31,147.0,2026454031,0.3,0.75
fig3_community_ve,746.0,0.4,0.3,0,71.31367292225201,32,214.0,2026454032,0.3,0.75
fig3_community_ve,773.0,0.4,0.3,0,73.73868046571798,33,203.0,2026454033,0.3,0.75
fig3_community_ve,1130.0,0.4,0.3,0,79.11504424778761,34,236.0,2026454034,0.3,0.75
fig3_community_ve,942.9999999999999,0.4,0.3,0,75.2916224814422,35,233.0,2026454035,0.3,0.75
fig3_community_ve,1082.0,0.4,0.3,0,78.18853974121997,36,236.0,2026454036,0.3,0.75
fig3_community_ve,933.9999999999999,0.4,0.3,0,80.83511777301926,37,179.0,2026454037,0.3,0.75
fig3_community_ve,662.0,0.4,0.3,0,68.42900302114803,38,208.99999999999997,2026454038,0.3,0.75
fig3_community_ve,686.0,0.4,0.3,0,81.04956268221575,39,130.0,2026454039,0.3,0.75
fig3_community_ve,653.0,0.4,0.3,0,77.33537519142419,40,148.0,2026454040,0.3,0.75
fig3_community_ve,664.0,0.4,0.3,0,76.80722891566265,41,154.0,2026454041,0.3,0.75
fig3_community_ve,818.9999999999999,0.4,0.3,0,74.96947496947496,42,205.00000000000003,2026454042,0.3,0.75
fig3_community_ve,604.0,0.4,0.3,0,73.34437086092716,43,161.0,2026454043,0.3,0.75
fig3_community_ve,1179.0,0.4,0.3,0,79.6437659033079,44,239.99999999999997,2026454044,0.3,0.75
fig3_community_ve,1109.0,0.4,0.3,0,81.42470694319206,45,206.00000000000003,2026454045,0.3,0.75
fig3_community_ve,1181.0,0.4,0.3,0,74.42845046570703,46,302.0,2026454046,0.3,0.75
fig3_community_ve,1001.9999999999999,0.4,0.3,0,82.73453093812375,47,173.0,2026454047,0.3,0.75
fig3_community_ve,937.0,0.4,0.3,0,80.36286019210246,48,184.0,2026454048,0.3,0.75
fig3_community_ve,762.0,0.4,0.3,0,78.47769028871392,49,164.0,2026454049,0.3,0.75
fig3_community_ve,1012.0,0.4,0.3,0,83.49802371541502,50,167.0,2026454050,0.3,0.75
fig3_community_ve,644.0,0.4,0.3,0,77.32919254658385,51,146.0,2026454051,0.3,0.75
fig3_community_ve,547.0,0.4,0.3,0,72.76051188299817,52,149.0,2026454052,0.3,0.75
fig3_community_ve,835.0,0.4,0.3,0,80.23952095808383,53,165.0,2026454053,0.3,0.75
fig3_community_ve,1154.0,0.4,0.3,0,71.14384748700174,54,333.0,2026454054,0.3,0.75
fig3_community_ve,700.0,0.4,0.3,0,78.0,55,154.0,2026454055,0.3,0.75
fig3_community_ve,897.0,0.4,0.3,0,78.92976588628763,56,189.0,2026454056,0.3,0.75
fig3_community_ve,681.0,0.4,0.3,0,79.88252569750367,57,137.0,2026454057,0.3,0.75
fig3_community_ve,503.0,0.4,0.3,0,76.14314115308152,58,119.99999999999999,2026454058,0.3,0.75
fig3_community_ve,857.0,0.4,0.3,0,80.28004667444574,59,169.0,2026454059,0.3,0.75
fig3_community_ve,781.0,0.4,0.3,0,78.36107554417414,60,169.0,2026454060,0.3,0.75
fig3_community_ve,783.0,0.4,0.3,0,75.73435504469987,61,190.0,2026454061,0.3,0.75
fig3_community_ve,771.0,0.4,0.3,0,79.24773022049287,62,160.0,2026454062,0.3,0.75
fig3_community_ve,1089.0,0.4,0.3,0,76.95133149678604,63,251.0,2026454063,0.3,0.75
fig3_community_ve,726.0,0.4,0.3,0,78.09917355371901,64,159.0,2026454064,0.3,0.75
fig3_community_ve,835.9999999999999,0.4,0.3,0,82.41626794258373,65,147.0,2026454065,0.3,0.75
fig3_community_ve,729.0,0.4,0.3,0,67.07818930041152,66,239.99999999999997,2026454066,0.3,0.75
fig3_community_ve,867.0000000000001,0.4,0.3,0,76.239907727797,67,206.00000000000003,2026454067,0.3,0.75
fig3_community_ve,730.0,0.4,0.3,0,70.82191780821918,68,213.0,2026454068,0.3,0.75
fig3_community_ve,840.0,0.4,0.3,0,79.52380952380952,69,172.0,2026454069,0.3,0.75
fig3_community_ve,692.0,0.4,0.3,0,77.3121387283237,70,157.0,2026454070,0.3,0.75
fig3_community_ve,661.0,0.4,0.3,0,68.22995461422087,71,210.0,2026454071,0.3,0.75
fig3_community_ve,962.0,0.4,0.3,0,70.997920997921,72,279.0,2026454072,0.3,0.75
fig3_community_ve,717.0,0.4,0.3,0,76.84797768479777,73,166.0,2026454073,0.3,0.75
fig3_community_ve,486.0,0.4,0.3,0,69.75308641975309,74,147.0,2026454074,0.3,0.75
fig3_community_ve,1148.0,0.4,0.3,0,71.95121951219512,75,322.0,2026454075,0.3,0.75
fig3_community_ve,806.0,0.4,0.3,0,71.96029776674938,76,225.99999999999997,2026454076,0.3,0.75
fig3_community_ve,1006.0,0.4,0.3,0,83.39960238568588,77,167.0,2026454077,0.3,0.75
fig3_community_ve,792.0,0.4,0.3,0,82.32323232323232,78,140.0,2026454078,0.3,0.75
fig3_community_ve,690.0,0.4,0.3,0,73.6231884057971,79,182.0,2026454079,0.3,0.75
fig3_community_ve,984.0,0.4,0.3,0,72.05284552845528,80,275.0,2026454080,0.3,0.75
fig3_community_ve,941.0,0.4,0.3,0,73.75132837407014,81,247.0,2026454081,0.3,0.75
fig3_community_ve,737.0,0.4,0.3,0,69.60651289009498,82,223.99999999999997,2026454082,0.3,0.75
fig3_community_ve,797.0,0.4,0.3,0,79.04642409033877,83,167.0,2026454083,0.3,0.75
fig3_community_ve,921.0,0.4,0.3,0,81.54180238870792,84,170.0,2026454084,0.3,0.75
fig3_community_ve,800.0,0.4,0.3,0,75.25,85,198.0,2026454085,0.3,0.75
fig3_community_ve,830.0,0.4,0.3,0,71.92771084337349,86,233.0,2026454086,0.3,0.75
fig3_community_ve,797.9999999999999,0.4,0.3,0,76.56641604010024,87,187.0,2026454087,0.3,0.75
fig3_community_ve,812.0,0.4,0.3,0,74.63054187192118,88,206.00000000000003,2026454088,0.3,0.75
fig3_community_ve,823.0,0.4,0.3,0,79.34386391251519,89,170.0,2026454089,0.3,0.75
fig3_community_ve,920.0,0.4,0.3,0,81.08695652173913,90,174.0,2026454090,0.3,0.75
fig3_community_ve,878.0,0.4,0.3,0,82.34624145785877,91,155.0,2026454091,0.3,0.75
fig3_community_ve,800.0,0.4,0.3,0,82.0,92,144.0,2026454092,0.3,0.75
fig3_community_ve,997.0,0.4,0.3,0,79.037111334002,93,208.99999999999997,2026454093,0.3,0.75
fig3_community_ve,881.0,0.4,0.3,0,76.95800227014756,94,203.0,2026454094,0.3,0.75
fig3_community_ve,1067.0,0.4,0.3,0,79.85004686035614,95,215.0,2026454095,0.3,0.75
fig3_community_ve,867.0000000000001,0.4,0.3,0,77.97001153402537,96,191.0,2026454096,0.3,0.75
fig3_community_ve,823.0,0.4,0.3,0,76.79222357229648,97,191.0,2026454097,0.3,0.75
fig3_community_ve,1010.0,0.4,0.3,0,80.6930693069307,98,195.0,2026454098,0.3,0.75
fig3_community_ve,1010.0,0.4,0.3,0,76.03960396039604,99,241.99999999999997,2026454099,0.3,0.75
fig3_community_ve,826.0,0.5,0.3,0,0.0,0,826.0,2026456000,0.3,0.0
fig3_community_ve,1025.0,0.5,0.3,0,0.0,1,1025.0,2026456001,0.3,0.0
fig3_community_ve,928.0,0.5,0.3,0,0.0,2,928.0,2026456002,0.3,0.0
fig3_community_ve,759.0,0.5,0.3,0,0.0,3,759.0,2026456003,0.3,0.0
fig3_community_ve,942.0,0.5,0.3,0,0.0,4,942.0,2026456004,0.3,0.0
fig3_community_ve,829.0,0.5,0.3,0,0.0,5,829.0,2026456005,0.3,0.0
fig3_community_ve,771.0,0.5,0.3,0,0.0,6,771.0,2026456006,0.3,0.0
fig3_community_ve,905.0000000000001,0.5,0.3,0,0.0,7,905.0000000000001,2026456007,0.3,0.0
fig3_community_ve,971.0,0.5,0.3,0,0.0,8,971.0,2026456008,0.3,0.0
fig3_community_ve,1147.0,0.5,0.3,0,0.0,9,1147.0,2026456009,0.3,0.0
fig3_community_ve,1103.0,0.5,0.3,0,0.0,10,1103.0,2026456010,0.3,0.0
fig3_community_ve,1017.0,0.5,0.3,0,0.0,11,1017.0,2026456011,0.3,0.0
fig3_community_ve,624.0,0.5,0.3,0,0.0,12,624.0,2026456012,0.3,0.0
fig3_community_ve,1115.0,0.5,0.3,0,0.0,13,1115.0,2026456013,0.3,0.0
fig3_community_ve,625.0,0.5,0.3,0,0.0,14,625.0,2026456014,0.3,0.0
fig3_community_ve,859.0,0.5,0.3,0,0.0,15,859.0,2026456015,0.3,0.0
fig3_community_ve,535.0,0.5,0.3,0,0.0,16,535.0,2026456016,0.3,0.0
fig3_community_ve,633.0,0.5,0.3,0,0.0,17,633.0,2026456017,0.3,0.0
fig3_community_ve,974.0,0.5,0.3,0,0.0,18,974.0,2026456018,0.3,0.0
fig3_community_ve,1081.0,0.5,0.3,0,0.0,19,1081.0,2026456019,0.3,0.0
fig3_community_ve,991.0,0.5,0.3,0,0.0,20,991.0,2026456020,0.3,0.0
fig3_community_ve,889.0,0.5,0.3,0,0.0,21,889.0,2026456021,0.3,0.0
fig3_community_ve,889.0,0.5,0.3,0,0.0,22,889.0,2026456022,0.3,0.0
fig3_community_ve,595.0,0.5,0.3,0,0.0,23,595.0,2026456023,0.3,0.0
fig3_community_ve,970.0,0.5,0.3,0,0.0,24,970.0,2026456024,0.3,0.0
fig3_community_ve,660.0,0.5,0.3,0,0.0,25,660.0,2026456025,0.3,0.0
fig3_community_ve,1233.0,0.5,0.3,0,0.0,26,1233.0,2026456026,0.3,0.0
fig3_community_ve,598.0,0.5,0.3,0,0.0,27,598.0,2026456027,0.3,0.0
fig3_community_ve,809.0,0.5,0.3,0,0.0,28,809.0,2026456028,0.3,0.0
fig3_community_ve,747.0,0.5,0.3,0,0.0,29,747.0,2026456029,0.3,0.0
fig3_community_ve,801.0,0.5,0.3,0,0.0,30,801.0,2026456030,0.3,0.0
fig3_community_ve,1128.0,0.5,0.3,0,0.0,31,1128.0,2026456031,0.3,0.0
fig3_community_ve,675.0,0.5,0.3,0,0.0,32,675.0,2026456032,0.3,0.0
fig3_community_ve,709.0,0.5,0.3,0,0.0,33,709.0,2026456033,0.3,0.0
fig3_community_ve,984.0,0.5,0.3,0,0.0,34,984.0,2026456034,0.3,0.0
fig3_community_ve,742.0,0.5,0.3,0,0.0,35,742.0,2026456035,0.3,0.0
fig3_community_ve,1007.0000000000001,0.5,0.3,0,0.0,36,1007.0000000000001,2026456036,0.3,0.0
fig3_community_ve,734.0,0.5,0.3,0,0.0,37,734.0,2026456037,0.3,0.0
fig3_community_ve,673.0,0.5,0.3,0,0.0,38,673.0,2026456038,0.3,0.0
fig3_community_ve,906.0,0.5,0.3,0,0.0,39,906.0,2026456039,0.3,0.0
fig3_community_ve,739.0,0.5,0.3,0,0.0,40,739.0,2026456040,0.3,0.0
fig3_community_ve,999.0000000000001,0.5,0.3,0,0.0,41,999.0000000000001,2026456041,0.3,0.0
fig3_community_ve,676.0,0.5,0.3,0,0.0,42,676.0,2026456042,0.3,0.0
fig3_community_ve,563.0,0.5,0.3,0,0.0,43,563.0,2026456043,0.3,0.0
fig3_community_ve,1012.0,0.5,0.3,0,0.0,44,1012.0,2026456044,0.3,0.0
fig3_community_ve,834.0,0.5,0.3,0,0.0,45,834.0,2026456045,0.3,0.0
fig3_community_ve,858.0000000000001,0.5,0.3,0,0.0,46,858.0000000000001,2026456046,0.3,0.0
fig3_community_ve,522.0,0.5,0.3,0,0.0,47,522.0,2026456047,0.3,0.0
fig3_community_ve,912.0,0.5,0.3,0,0.0,48,912.0,2026456048,0.3,0.0
fig3_community_ve,642.0,0.5,0.3,0,0.0,49,642.0,2026456049,0.3,0.0
fig3_community_ve,844.9999999999999,0.5,0.3,0,0.0,50,844.9999999999999,2026456050,0.3,0.0
fig3_community_ve,1020.0000000000001,0.5,0.3,0,0.0,51,1020.0000000000001,2026456051,0.3,0.0
fig3_community_ve,741.0,0.5,0.3,0,0.0,52,741.0,2026456052,0.3,0.0
fig3_community_ve,581.0,0.5,0.3,0,0.0,53,581.0,2026456053,0.3,0.0
fig3_community_ve,916.0,0.5,0.3,0,0.0,54,916.0,2026456054,0.3,0.0
fig3_community_ve,664.0,0.5,0.3,0,0.0,55,664.0,2026456055,0.3,0.0
fig3_community_ve,933.9999999999999,0.5,0.3,0,0.0,56,933.9999999999999,2026456056,0.3,0.0
fig3_community_ve,717.0,0.5,0.3,0,0.0,57,717.0,2026456057,0.3,0.0
fig3_community_ve,984.0,0.5,0.3,0,0.0,58,984.0,2026456058,0.3,0.0
fig3_community_ve,670.0,0.5,0.3,0,0.0,59,670.0,2026456059,0.3,0.0
fig3_community_ve,1051.0,0.5,0.3,0,0.0,60,1051.0,2026456060,0.3,0.0
fig3_community_ve,757.0,0.5,0.3,0,0.0,61,757.0,2026456061,0.3,0.0
fig3_community_ve,801.0,0.5,0.3,0,0.0,62,801.0,2026456062,0.3,0.0
fig3_community_ve,1001.0,0.5,0.3,0,0.0,63,1001.0,2026456063,0.3,0.0
fig3_community_ve,566.0,0.5,0.3,0,0.0,64,566.0,2026456064,0.3,0.0
fig3_community_ve,719.0,0.5,0.3,0,0.0,65,719.0,2026456065,0.3,0.0
fig3_community_ve,975.0,0.5,0.3,0,0.0,66,975.0,2026456066,0.3,0.0
fig3_community_ve,570.0,0.5,0.3,0,0.0,67,570.0,2026456067,0.3,0.0
fig3_community_ve,1059.0,0.5,0.3,0,0.0,68,1059.0,2026456068,0.3,0.0
fig3_community_ve,667.0,0.5,0.3,0,0.0,69,667.0,2026456069,0.3,0.0
fig3_community_ve,1195.0,0.5,0.3,0,0.0,70,1195.0,2026456070,0.3,0.0
fig3_community_ve,877.0,0.5,0.3,0,0.0,71,877.0,2026456071,0.3,0.0
fig3_community_ve,671.0,0.5,0.3,0,0.0,72,671.0,2026456072,0.3,0.0
fig3_community_ve,1139.0,0.5,0.3,0,0.0,73,1139.0,2026456073,0.3,0.0
fig3_community_ve,1105.0,0.5,0.3,0,0.0,74,1105.0,2026456074,0.3,0.0
fig3_community_ve,797.9999999999999,0.5,0.3,0,0.0,75,797.9999999999999,2026456075,0.3,0.0
fig3_community_ve,923.0,0.5,0.3,0,0.0,76,923.0,2026456076,0.3,0.0
fig3_community_ve,987.0,0.5,0.3,0,0.0,77,987.0,2026456077,0.3,0.0
fig3_community_ve,793.0,0.5,0.3,0,0.0,78,793.0,2026456078,0.3,0.0
fig3_community_ve,808.0,0.5,0.3,0,0.0,79,808.0,2026456079,0.3,0.0
fig3_community_ve,776.0,0.5,0.3,0,0.0,80,776.0,2026456080,0.3,0.0
fig3_community_ve,673.0,0.5,0.3,0,0.0,81,673.0,2026456081,0.3,0.0
fig3_community_ve,864.0,0.5,0.3,0,0.0,82,864.0,2026456082,0.3,0.0
fig3_community_ve,1023.0,0.5,0.3,0,0.0,83,1023.0,2026456083,0.3,0.0
fig3_community_ve,831.0,0.5,0.3,0,0.0,84,831.0,2026456084,0.3,0.0
fig3_community_ve,773.0,0.5,0.3,0,0.0,85,773.0,2026456085,0.3,0.0
fig3_community_ve,1071.0,0.5,0.3,0,0.0,86,1071.0,2026456086,0.3,0.0
fig3_community_ve,927.0,0.5,0.3,0,0.0,87,927.0,2026456087,0.3,0.0
fig3_community_ve,1088.0,0.5,0.3,0,0.0,88,1088.0,2026456088,0.3,0.0
fig3_community_ve,1103.0,0.5,0.3,0,0.0,89,1103.0,2026456089,0.3,0.0
fig3_community_ve,753.0,0.5,0.3,0,0.0,90,753.0,2026456090,0.3,0.0
fig3_community_ve,1013.0,0.5,0.3,0,0.0,91,1013.0,2026456091,0.3,0.0
fig3_community_ve,793.0,0.5,0.3,0,0.0,92,793.0,2026456092,0.3,0.0
fig3_community_ve,1200.0,0.5,0.3,0,0.0,93,1200.0,2026456093,0.3,0.0
fig3_community_ve,886.0,0.5,0.3,0,0.0,94,886.0,2026456094,0.3,0.0
fig3_community_ve,1215.0,0.5,0.3,0,0.0,95,1215.0,2026456095,0.3,0.0
fig3_community_ve,606.0,0.5,0.3,0,0.0,96,606.0,2026456096,0.3,0.0
fig3_community_ve,891.0,0.5,0.3,0,0.0,97,891.0,2026456097,0.3,0.0
fig3_community_ve,916.0,0.5,0.3,0,0.0,98,916.0,2026456098,0.3,0.0
fig3_community_ve,666.0,0.5,0.3,0,0.0,99,666.0,2026456099,0.3,0.0
fig3_community_ve,699.0,0.5,0.3,0,71.67381974248927,0,198.0,2026459000,0.3,0.44999999999999996
fig3_community_ve,898.0,0.5,0.3,0,75.05567928730513,1,223.99999999999997,2026459001,0.3,0.44999999999999996
fig3_community_ve,856.0,0.5,0.3,0,77.45327102803738,2,193.0,2026459002,0.3,0.44999999999999996
fig3_community_ve,610.0,0.5,0.3,0,69.67213114754098,3,185.0,2026459003,0.3,0.44999999999999996
fig3_community_ve,868.0,0.5,0.3,0,79.72350230414746,4,176.0,2026459004,0.3,0.44999999999999996
fig3_community_ve,827.9999999999999,0.5,0.3,0,79.22705314009661,5,172.0,2026459005,0.3,0.44999999999999996
fig3_community_ve,1044.0,0.5,0.3,0,73.1800766283525,6,280.0,2026459006,0.3,0.44999999999999996
fig3_community_ve,712.0,0.5,0.3,0,78.23033707865169,7,155.0,2026459007,0.3,0.44999999999999996
fig3_community_ve,884.0000000000001,0.5,0.3,0,75.79185520361992,8,214.0,2026459008,0.3,0.44999999999999996
fig3_community_ve,791.0,0.5,0.3,0,71.93426042983565,9,222.00000000000003,2026459009,0.3,0.44999999999999996
fig3_community_ve,789.0,0.5,0.3,0,77.43979721166033,10,178.0,2026459010,0.3,0.44999999999999996
fig3_community_ve,813.0,0.5,0.3,0,75.03075030750307,11,203.0,2026459011,0.3,0.44999999999999996
fig3_community_ve,967.9999999999999,0.5,0.3,0,74.27685950413222,12,249.0,2026459012,0.3,0.44999999999999996
fig3_community_ve,800.0,0.5,0.3,0,83.125,13,135.0,2026459013,0.3,0.44999999999999996
fig3_community_ve,736.0,0.5,0.3,0,73.2336956521739,14,197.0,2026459014,0.3,0.44999999999999996
fig3_community_ve,687.0,0.5,0.3,0,67.68558951965065,15,222.00000000000003,2026459015,0.3,0.44999999999999996
fig3_community_ve,592.0,0.5,0.3,0,71.62162162162163,16,168.0,2026459016,0.3,0.44999999999999996
fig3_community_ve,790.0000000000001,0.5,0.3,0,76.83544303797468,17,183.0,2026459017,0.3,0.44999999999999996
fig3_community_ve,922.0000000000001,0.5,0.3,0,71.8004338394794,18,260.0,2026459018,0.3,0.44999999999999996
fig3_community_ve,607.0,0.5,0.3,0,67.54530477759472,19,197.0,2026459019,0.3,0.44999999999999996
fig3_community_ve,737.0,0.5,0.3,0,77.34056987788331,20,167.0,2026459020,0.3,0.44999999999999996
fig3_community_ve,749.0,0.5,0.3,0,73.83177570093459,21,196.0,2026459021,0.3,0.44999999999999996
fig3_community_ve,683.0,0.5,0.3,0,75.84187408491947,22,165.0,2026459022,0.3,0.44999999999999996
fig3_community_ve,921.0,0.5,0.3,0,74.8099891422367,23,232.0,2026459023,0.3,0.44999999999999996
fig3_community_ve,916.9999999999999,0.5,0.3,0,76.66303162486368,24,214.0,2026459024,0.3,0.44999999999999996
fig3_community_ve,686.0,0.5,0.3,0,75.36443148688046,25,169.0,2026459025,0.3,0.44999999999999996
fig3_community_ve,955.0,0.5,0.3,0,74.86910994764398,26,239.99999999999997,2026459026,0.3,0.44999999999999996
fig3_community_ve,764.0,0.5,0.3,0,61.12565445026178,27,297.0,2026459027,0.3,0.44999999999999996
fig3_community_ve,939.0000000000001,0.5,0.3,0,79.33972310969116,28,194.0,2026459028,0.3,0.44999999999999996
fig3_community_ve,829.0,0.5,0.3,0,75.63329312424608,29,202.0,2026459029,0.3,0.44999999999999996
fig3_community_ve,771.0,0.5,0.3,0,75.22697795071336,30,191.0,2026459030,0.3,0.44999999999999996
fig3_community_ve,602.0,0.5,0.3,0,79.2358803986711,31,125.0,2026459031,0.3,0.44999999999999996
fig3_community_ve,732.0,0.5,0.3,0,74.72677595628416,32,185.0,2026459032,0.3,0.44999999999999996
fig3_community_ve,691.0,0.5,0.3,0,74.09551374819102,33,179.0,2026459033,0.3,0.44999999999999996
fig3_community_ve,726.0,0.5,0.3,0,78.92561983471074,34,153.0,2026459034,0.3,0.44999999999999996
fig3_community_ve,907.0,0.5,0.3,0,71.22381477398015,35,261.0,2026459035,0.3,0.44999999999999996
fig3_community_ve,910.0,0.5,0.3,0,80.98901098901099,36,173.0,2026459036,0.3,0.44999999999999996
fig3_community_ve,807.0000000000001,0.5,0.3,0,74.22552664188353,37,207.99999999999997,2026459037,0.3,0.44999999999999996
fig3_community_ve,788.0,0.5,0.3,0,72.20812182741116,38,219.0,2026459038,0.3,0.44999999999999996
fig3_community_ve,799.0000000000001,0.5,0.3,0,75.71964956195245,39,194.0,2026459039,0.3,0.44999999999999996
fig3_community_ve,689.0,0.5,0.3,0,76.0522496371553,40,165.0,2026459040,0.3,0.44999999999999996
fig3_community_ve,1209.0,0.5,0.3,0,76.50951199338296,41,284.0,2026459041,0.3,0.44999999999999996
fig3_community_ve,693.0,0.5,0.3,0,80.51948051948052,42,135.0,2026459042,0.3,0.44999999999999996
fig3_community_ve,744.0,0.5,0.3,0,72.71505376344086,43,203.0,2026459043,0.3,0.44999999999999996
fig3_community_ve,746.0,0.5,0.3,0,69.97319034852546,44,223.99999999999997,2026459044,0.3,0.44999999999999996
fig3_community_ve,852.9999999999999,0.5,0.3,0,78.31184056271981,45,185.0,2026459045,0.3,0.44999999999999996
fig3_community_ve,692.0,0.5,0.3,0,66.18497109826589,46,234.0,2026459046,0.3,0.44999999999999996
fig3_community_ve,923.0,0.5,0.3,0,73.88949079089925,47,240.99999999999997,2026459047,0.3,0.44999999999999996
fig3_community_ve,955.0,0.5,0.3,0,80.0,48,191.0,2026459048,0.3,0.44999999999999996
fig3_community_ve,1007.0000000000001,0.5,0.3,0,77.8550148957299,49,223.00000000000003,2026459049,0.3,0.44999999999999996
fig3_community_ve,901.0000000000001,0.5,0.3,0,78.46836847946726,50,194.0,2026459050,0.3,0.44999999999999996
fig3_community_ve,673.0,0.5,0.3,0,77.86032689450222,51,149.0,2026459051,0.3,0.44999999999999996
fig3_community_ve,615.0,0.5,0.3,0,74.63414634146342,52,156.0,2026459052,0.3,0.44999999999999996
fig3_community_ve,865.0,0.5,0.3,0,74.10404624277457,53,223.99999999999997,2026459053,0.3,0.44999999999999996
fig3_community_ve,516.0,0.5,0.3,0,66.08527131782945,54,175.0,2026459054,0.3,0.44999999999999996
fig3_community_ve,972.0,0.5,0.3,0,75.30864197530865,55,239.99999999999997,2026459055,0.3,0.44999999999999996
fig3_community_ve,712.0,0.5,0.3,0,74.29775280898876,56,183.0,2026459056,0.3,0.44999999999999996
fig3_community_ve,1250.0,0.5,0.3,0,85.6,57,180.0,2026459057,0.3,0.44999999999999996
fig3_community_ve,823.0,0.5,0.3,0,78.12879708383961,58,180.0,2026459058,0.3,0.44999999999999996
fig3_community_ve,558.0,0.5,0.3,0,64.15770609318996,59,200.0,2026459059,0.3,0.44999999999999996
fig3_community_ve,864.0,0.5,0.3,0,76.9675925925926,60,199.0,2026459060,0.3,0.44999999999999996
fig3_community_ve,876.0,0.5,0.3,0,72.48858447488584,61,240.99999999999997,2026459061,0.3,0.44999999999999996
fig3_community_ve,955.0,0.5,0.3,0,73.61256544502618,62,252.0,2026459062,0.3,0.44999999999999996
fig3_community_ve,861.9999999999999,0.5,0.3,0,79.93039443155452,63,173.0,2026459063,0.3,0.44999999999999996
fig3_community_ve,657.0,0.5,0.3,0,80.66971080669711,64,127.00000000000001,2026459064,0.3,0.44999999999999996
fig3_community_ve,1188.0,0.5,0.3,0,80.72390572390573,65,229.0,2026459065,0.3,0.44999999999999996
fig3_community_ve,842.0,0.5,0.3,0,80.28503562945369,66,166.0,2026459066,0.3,0.44999999999999996
fig3_community_ve,921.0,0.5,0.3,0,82.19326818675353,67,164.0,2026459067,0.3,0.44999999999999996
fig3_community_ve,867.0000000000001,0.5,0.3,0,75.08650519031143,68,216.0,2026459068,0.3,0.44999999999999996
fig3_community_ve,490.0,0.5,0.3,0,70.40816326530613,69,145.0,2026459069,0.3,0.44999999999999996
fig3_community_ve,566.0,0.5,0.3,0,66.60777385159011,70,189.0,2026459070,0.3,0.44999999999999996
fig3_community_ve,553.0,0.5,0.3,0,68.89692585895118,71,172.0,2026459071,0.3,0.44999999999999996
fig3_community_ve,1022.0,0.5,0.3,0,78.9628180039139,72,215.0,2026459072,0.3,0.44999999999999996
fig3_community_ve,936.0,0.5,0.3,0,80.66239316239316,73,181.0,2026459073,0.3,0.44999999999999996
fig3_community_ve,1117.0,0.5,0.3,0,73.58997314234557,74,295.0,2026459074,0.3,0.44999999999999996
fig3_community_ve,800.0,0.5,0.3,0,74.0,75,207.99999999999997,2026459075,0.3,0.44999999999999996
fig3_community_ve,867.0000000000001,0.5,0.3,0,68.51211072664361,76,273.0,2026459076,0.3,0.44999999999999996
fig3_community_ve,696.0,0.5,0.3,0,75.28735632183908,77,172.0,2026459077,0.3,0.44999999999999996
fig3_community_ve,684.0,0.5,0.3,0,73.39181286549707,78,182.0,2026459078,0.3,0.44999999999999996
fig3_community_ve,660.0,0.5,0.3,0,74.39393939393939,79,169.0,2026459079,0.3,0.44999999999999996
fig3_community_ve,736.0,0.5,0.3,0,70.5163043478261,80,217.0,2026459080,0.3,0.44999999999999996
fig3_community_ve,682.0,0.5,0.3,0,66.86217008797654,81,225.99999999999997,2026459081,0.3,0.44999999999999996
fig3_community_ve,912.9999999999999,0.5,0.3,0,73.49397590361446,82,241.99999999999997,2026459082,0.3,0.44999999999999996
fig3_community_ve,708.0,0.5,0.3,0,76.12994350282486,83,169.0,2026459083,0.3,0.44999999999999996
fig3_community_ve,799.0000000000001,0.5,0.3,0,70.08760951188987,84,239.00000000000003,2026459084,0.3,0.44999999999999996
fig3_community_ve,915.0,0.5,0.3,0,80.65573770491804,85,177.0,2026459085,0.3,0.44999999999999996
fig3_community_ve,814.0,0.5,0.3,0,73.09582309582309,86,219.0,2026459086,0.3,0.44999999999999996
fig3_community_ve,990.0000000000001,0.5,0.3,0,78.28282828282829,87,215.0,2026459087,0.3,0.44999999999999996
fig3_community_ve,637.0,0.5,0.3,0,74.25431711145997,88,164.0,2026459088,0.3,0.44999999999999996
fig3_community_ve,974.0,0.5,0.3,0,76.18069815195072,89,232.0,2026459089,0.3,0.44999999999999996
fig3_community_ve,1232.0,0.5,0.3,0,80.68181818181819,90,238.00000000000003,2026459090,0.3,0.44999999999999996
fig3_community_ve,1110.0,0.5,0.3,0,70.8108108108108,91,324.0,2026459091,0.3,0.44999999999999996
fig3_community_ve,961.0,0.5,0.3,0,74.5057232049948,92,245.0,2026459092,0.3,0.44999999999999996
fig3_community_ve,844.0,0.5,0.3,0,67.18009478672985,93,277.0,2026459093,0.3,0.44999999999999996
fig3_community_ve,827.9999999999999,0.5,0.3,0,75.1207729468599,94,206.00000000000003,2026459094,0.3,0.44999999999999996
fig3_community_ve,995.0,0.5,0.3,0,74.67336683417085,95,252.0,2026459095,0.3,0.44999999999999996
fig3_community_ve,702.0,0.5,0.3,0,75.64102564102564,96,171.0,2026459096,0.3,0.44999999999999996
fig3_community_ve,983.0,0.5,0.3,0,79.45066124109867,97,202.0,2026459097,0.3,0.44999999999999996
fig3_community_ve,1038.0,0.5,0.3,0,76.01156069364161,98,249.0,2026459098,0.3,0.44999999999999996
fig3_community_ve,646.0,0.5,0.3,0,65.94427244582043,99,220.0,2026459099,0.3,0.44999999999999996
fig3_community_ve,800.0,0.5,0.3,0,16.5,0,668.0,2026457000,0.3,0.15
fig3_community_ve,867.0000000000001,0.5,0.3,0,39.677047289504046,1,523.0,2026457001,0.3,0.15
fig3_community_ve,779.0,0.5,0.3,0,54.17201540436457,2,357.0,2026457002,0.3,0.15
fig3_community_ve,797.0,0.5,0.3,0,49.811794228356334,3,400.0,2026457003,0.3,0.15
fig3_community_ve,1034.0,0.5,0.3,0,50.967117988394584,4,507.0,2026457004,0.3,0.15
fig3_community_ve,814.0,0.5,0.3,0,45.2088452088452,5,446.00000000000006,2026457005,0.3,0.15
fig3_community_ve,615.0,0.5,0.3,0,31.70731707317073,6,420.0,2026457006,0.3,0.15
fig3_community_ve,682.0,0.5,0.3,0,43.841642228739005,7,383.0,2026457007,0.3,0.15
fig3_community_ve,617.0,0.5,0.3,0,14.100486223662886,8,530.0,2026457008,0.3,0.15
fig3_community_ve,812.0,0.5,0.3,0,40.64039408866996,9,481.99999999999994,2026457009,0.3,0.15
fig3_community_ve,827.0,0.5,0.3,0,52.8415961305925,10,390.0,2026457010,0.3,0.15
fig3_community_ve,990.0000000000001,0.5,0.3,0,41.71717171717173,11,577.0,2026457011,0.3,0.15
fig3_community_ve,1230.0,0.5,0.3,0,44.3089430894309,12,685.0,2026457012,0.3,0.15
fig3_community_ve,771.0,0.5,0.3,0,47.47081712062257,13,405.0,2026457013,0.3,0.15
fig3_community_ve,709.0,0.5,0.3,0,56.13540197461213,14,311.0,2026457014,0.3,0.15
fig3_community_ve,632.0,0.5,0.3,0,53.164556962025316,15,296.0,2026457015,0.3,0.15
fig3_community_ve,906.0,0.5,0.3,0,48.01324503311258,16,471.0,2026457016,0.3,0.15
fig3_community_ve,759.0,0.5,0.3,0,53.75494071146245,17,351.0,2026457017,0.3,0.15
fig3_community_ve,623.0,0.5,0.3,0,21.508828250401283,18,489.0,2026457018,0.3,0.15
fig3_community_ve,764.0,0.5,0.3,0,54.18848167539267,19,350.0,2026457019,0.3,0.15
fig3_community_ve,868.0,0.5,0.3,0,57.71889400921659,20,367.0,2026457020,0.3,0.15
fig3_community_ve,1001.9999999999999,0.5,0.3,0,47.60479041916167,21,525.0,2026457021,0.3,0.15
fig3_community_ve,717.0,0.5,0.3,0,30.404463040446313,22,498.99999999999994,2026457022,0.3,0.15
fig3_community_ve,1086.0,0.5,0.3,0,56.537753222836095,23,472.0,2026457023,0.3,0.15
fig3_community_ve,839.0,0.5,0.3,0,54.70798569725864,24,380.0,2026457024,0.3,0.15
fig3_community_ve,732.0,0.5,0.3,0,59.69945355191257,25,295.0,2026457025,0.3,0.15
fig3_community_ve,916.9999999999999,0.5,0.3,0,53.32606324972736,26,428.0,2026457026,0.3,0.15
fig3_community_ve,643.0,0.5,0.3,0,30.015552099533448,27,449.99999999999994,2026457027,0.3,0.15
fig3_community_ve,927.0,0.5,0.3,0,50.70118662351672,28,457.0,2026457028,0.3,0.15
fig3_community_ve,604.0,0.5,0.3,0,50.99337748344371,29,296.0,2026457029,0.3,0.15
fig3_community_ve,795.0,0.5,0.3,0,44.905660377358494,30,438.0,2026457030,0.3,0.15
fig3_community_ve,874.0,0.5,0.3,0,12.585812356979405,31,764.0,2026457031,0.3,0.15
fig3_community_ve,1018.0,0.5,0.3,0,34.381139489194496,32,668.0,2026457032,0.3,0.15
fig3_community_ve,882.0,0.5,0.3,0,49.65986394557822,33,444.00000000000006,2026457033,0.3,0.15
fig3_community_ve,953.0,0.5,0.3,0,45.43546694648479,34,520.0,2026457034,0.3,0.15
fig3_community_ve,705.0,0.5,0.3,0,55.46099290780142,35,314.0,2026457035,0.3,0.15
fig3_community_ve,916.0,0.5,0.3,0,49.67248908296943,36,461.00000000000006,2026457036,0.3,0.15
fig3_community_ve,696.0,0.5,0.3,0,56.03448275862069,37,306.0,2026457037,0.3,0.15
fig3_community_ve,954.0,0.5,0.3,0,56.079664570230605,38,419.0,2026457038,0.3,0.15
fig3_community_ve,1018.9999999999999,0.5,0.3,0,56.624141315014704,39,442.00000000000006,2026457039,0.3,0.15
fig3_community_ve,792.0,0.5,0.3,0,45.45454545454545,40,432.0,2026457040,0.3,0.15
fig3_community_ve,545.0,0.5,0.3,0,57.43119266055046,41,232.0,2026457041,0.3,0.15
fig3_community_ve,762.0,0.5,0.3,0,33.46456692913386,42,507.0,2026457042,0.3,0.15
fig3_community_ve,1054.0,0.5,0.3,0,54.45920303605313,43,479.99999999999994,2026457043,0.3,0.15
fig3_community_ve,588.0,0.5,0.3,0,36.564625850340136,44,373.0,2026457044,0.3,0.15
fig3_community_ve,860.0,0.5,0.3,0,43.02325581395349,45,490.0,2026457045,0.3,0.15
fig3_community_ve,1200.0,0.5,0.3,0,63.583333333333336,46,437.0,2026457046,0.3,0.15
fig3_community_ve,1028.0,0.5,0.3,0,46.10894941634241,47,554.0,2026457047,0.3,0.15
fig3_community_ve,946.0,0.5,0.3,0,39.4291754756871,48,573.0,2026457048,0.3,0.15
fig3_community_ve,734.0,0.5,0.3,0,55.858310626702995,49,324.0,2026457049,0.3,0.15
fig3_community_ve,652.0,0.5,0.3,0,48.92638036809816,50,333.0,2026457050,0.3,0.15
fig3_community_ve,1319.0,0.5,0.3,0,48.44579226686884,51,680.0,2026457051,0.3,0.15
fig3_community_ve,1017.0,0.5,0.3,0,60.176991150442475,52,405.0,2026457052,0.3,0.15
fig3_community_ve,872.0,0.5,0.3,0,44.49541284403671,53,483.99999999999994,2026457053,0.3,0.15
fig3_community_ve,818.9999999999999,0.5,0.3,0,42.612942612942604,54,470.0,2026457054,0.3,0.15
fig3_community_ve,835.9999999999999,0.5,0.3,0,51.55502392344496,55,405.0,2026457055,0.3,0.15
fig3_community_ve,1079.0,0.5,0.3,0,60.333642261353106,56,428.0,2026457056,0.3,0.15
fig3_community_ve,741.0,0.5,0.3,0,56.54520917678813,57,322.0,2026457057,0.3,0.15
fig3_community_ve,1261.0,0.5,0.3,0,53.92545598731166,58,581.0,2026457058,0.3,0.15
fig3_community_ve,1014.0,0.5,0.3,0,54.043392504930964,59,466.0,2026457059,0.3,0.15
fig3_community_ve,852.9999999999999,0.5,0.3,0,43.6107854630715,60,481.0,2026457060,0.3,0.15
fig3_community_ve,640.0,0.5,0.3,0,24.21875,61,485.0,2026457061,0.3,0.15
fig3_community_ve,801.0,0.5,0.3,0,67.41573033707866,62,261.0,2026457062,0.3,0.15
fig3_community_ve,891.0,0.5,0.3,0,49.831649831649834,63,447.0,2026457063,0.3,0.15
fig3_community_ve,1017.0,0.5,0.3,0,54.08062930186824,64,466.99999999999994,2026457064,0.3,0.15
fig3_community_ve,402.0,0.5,0.3,0,31.34328358208955,65,276.0,2026457065,0.3,0.15
fig3_community_ve,745.0,0.5,0.3,0,56.77852348993289,66,322.0,2026457066,0.3,0.15
fig3_community_ve,991.0,0.5,0.3,0,41.47325933400605,67,580.0,2026457067,0.3,0.15
fig3_community_ve,623.0,0.5,0.3,0,40.77046548956661,68,369.0,2026457068,0.3,0.15
fig3_community_ve,702.0,0.5,0.3,0,19.65811965811966,69,564.0,2026457069,0.3,0.15
fig3_community_ve,820.0000000000001,0.5,0.3,0,44.024390243902445,70,459.00000000000006,2026457070,0.3,0.15
fig3_community_ve,698.0,0.5,0.3,0,30.659025787965625,71,483.99999999999994,2026457071,0.3,0.15
fig3_community_ve,858.0000000000001,0.5,0.3,0,38.461538461538474,72,528.0,2026457072,0.3,0.15
fig3_community_ve,865.9999999999999,0.5,0.3,0,43.76443418013856,73,487.0,2026457073,0.3,0.15
fig3_community_ve,915.0,0.5,0.3,0,43.9344262295082,74,513.0,2026457074,0.3,0.15
fig3_community_ve,614.0,0.5,0.3,0,25.0814332247557,75,460.0,2026457075,0.3,0.15
fig3_community_ve,869.9999999999999,0.5,0.3,0,42.75862068965516,76,498.0,2026457076,0.3,0.15
fig3_community_ve,1039.0,0.5,0.3,0,27.62271414821944,77,752.0,2026457077,0.3,0.15
fig3_community_ve,944.0,0.5,0.3,0,63.029661016949156,78,349.0,2026457078,0.3,0.15
fig3_community_ve,688.0,0.5,0.3,0,37.93604651162789,79,427.00000000000006,2026457079,0.3,0.15
fig3_community_ve,933.9999999999999,0.5,0.3,0,38.00856531049249,80,579.0,2026457080,0.3,0.15
fig3_community_ve,661.0,0.5,0.3,0,40.39334341906203,81,394.0,2026457081,0.3,0.15
fig3_community_ve,1143.0,0.5,0.3,0,49.60629921259842,82,576.0,2026457082,0.3,0.15
fig3_community_ve,1083.0,0.5,0.3,0,49.03047091412743,83,552.0,2026457083,0.3,0.15
fig3_community_ve,772.0,0.5,0.3,0,50.38860103626943,84,383.0,2026457084,0.3,0.15
fig3_community_ve,800.0,0.5,0.3,0,51.625,85,387.0,2026457085,0.3,0.15
fig3_community_ve,839.0,0.5,0.3,0,46.126340882002395,86,451.99999999999994,2026457086,0.3,0.15
fig3_community_ve,1045.0,0.5,0.3,0,60.38277511961722,87,413.99999999999994,2026457087,0.3,0.15
fig3_community_ve,746.0,0.5,0.3,0,34.98659517426273,88,485.0,2026457088,0.3,0.15
fig3_community_ve,906.0,0.5,0.3,0,50.331125827814574,89,449.99999999999994,2026457089,0.3,0.15
fig3_community_ve,496.0,0.5,0.3,0,27.217741935483872,90,361.0,2026457090,0.3,0.15
fig3_community_ve,547.0,0.5,0.3,0,29.250457038391225,91,387.0,2026457091,0.3,0.15
fig3_community_ve,728.0,0.5,0.3,0,30.63186813186813,92,505.0,2026457092,0.3,0.15
fig3_community_ve,807.0000000000001,0.5,0.3,0,47.70755885997523,93,422.0,2026457093,0.3,0.15
fig3_community_ve,886.0,0.5,0.3,0,49.54853273137697,94,447.0,2026457094,0.3,0.15
fig3_community_ve,673.0,0.5,0.3,0,23.476968796433876,95,515.0,2026457095,0.3,0.15
fig3_community_ve,1016.0000000000001,0.5,0.3,0,50.49212598425198,96,503.0,2026457096,0.3,0.15
fig3_community_ve,999.0000000000001,0.5,0.3,0,45.24524524524526,97,547.0,2026457097,0.3,0.15
fig3_community_ve,1029.0,0.5,0.3,0,49.85422740524781,98,516.0,2026457098,0.3,0.15
fig3_community_ve,959.9999999999999,0.5,0.3,0,36.35416666666666,99,611.0,2026457099,0.3,0.15
fig3_community_ve,816.0000000000001,0.5,0.3,0,64.82843137254903,0,287.0,2026458000,0.3,0.3
fig3_community_ve,987.0,0.5,0.3,0,69.40222897669706,1,302.0,2026458001,0.3,0.3
fig3_community_ve,909.0000000000001,0.5,0.3,0,62.046204620462056,2,345.0,2026458002,0.3,0.3
fig3_community_ve,616.0,0.5,0.3,0,61.52597402597402,3,237.00000000000003,2026458003,0.3,0.3
fig3_community_ve,637.0,0.5,0.3,0,54.3171114599686,4,291.0,2026458004,0.3,0.3
fig3_community_ve,956.0000000000001,0.5,0.3,0,68.41004184100419,5,302.0,2026458005,0.3,0.3
fig3_community_ve,444.00000000000006,0.5,0.3,0,48.198198198198206,6,230.0,2026458006,0.3,0.3
fig3_community_ve,1098.0,0.5,0.3,0,74.408014571949,7,281.0,2026458007,0.3,0.3
fig3_community_ve,1118.0,0.5,0.3,0,72.27191413237925,8,310.0,2026458008,0.3,0.3
fig3_community_ve,708.0,0.5,0.3,0,57.48587570621469,9,301.0,2026458009,0.3,0.3
fig3_community_ve,1063.0,0.5,0.3,0,69.23800564440263,10,327.0,2026458010,0.3,0.3
fig3_community_ve,680.0,0.5,0.3,0,77.05882352941177,11,156.0,2026458011,0.3,0.3
fig3_community_ve,775.0,0.5,0.3,0,53.54838709677419,12,360.0,2026458012,0.3,0.3
fig3_community_ve,804.0,0.5,0.3,0,54.22885572139303,13,368.0,2026458013,0.3,0.3
fig3_community_ve,774.0,0.5,0.3,0,66.79586563307494,14,257.0,2026458014,0.3,0.3
fig3_community_ve,925.0,0.5,0.3,0,66.37837837837837,15,311.0,2026458015,0.3,0.3
fig3_community_ve,946.9999999999999,0.5,0.3,0,76.4519535374868,16,223.00000000000003,2026458016,0.3,0.3
fig3_community_ve,925.9999999999999,0.5,0.3,0,65.98272138228941,17,315.0,2026458017,0.3,0.3
fig3_community_ve,950.9999999999999,0.5,0.3,0,60.04206098843322,18,380.0,2026458018,0.3,0.3
fig3_community_ve,876.0,0.5,0.3,0,61.529680365296805,19,337.0,2026458019,0.3,0.3
fig3_community_ve,893.0,0.5,0.3,0,65.95744680851064,20,304.0,2026458020,0.3,0.3
fig3_community_ve,1034.0,0.5,0.3,0,63.829787234042556,21,374.0,2026458021,0.3,0.3
fig3_community_ve,752.0,0.5,0.3,0,64.76063829787235,22,265.0,2026458022,0.3,0.3
fig3_community_ve,929.0,0.5,0.3,0,70.82884822389666,23,271.0,2026458023,0.3,0.3
fig3_community_ve,1009.0,0.5,0.3,0,63.62735381565907,24,367.0,2026458024,0.3,0.3
fig3_community_ve,835.0,0.5,0.3,0,61.796407185628745,25,319.0,2026458025,0.3,0.3
fig3_community_ve,736.0,0.5,0.3,0,55.29891304347826,26,329.0,2026458026,0.3,0.3
fig3_community_ve,1076.0,0.5,0.3,0,66.35687732342008,27,362.0,2026458027,0.3,0.3
fig3_community_ve,601.0,0.5,0.3,0,60.732113144758735,28,236.0,2026458028,0.3,0.3
fig3_community_ve,839.0,0.5,0.3,0,63.64719904648391,29,305.0,2026458029,0.3,0.3
fig3_community_ve,742.0,0.5,0.3,0,64.6900269541779,30,262.0,2026458030,0.3,0.3
fig3_community_ve,941.0,0.5,0.3,0,69.394261424017,31,288.0,2026458031,0.3,0.3
fig3_community_ve,714.0,0.5,0.3,0,65.96638655462185,32,243.0,2026458032,0.3,0.3
fig3_community_ve,564.0,0.5,0.3,0,66.84397163120568,33,187.0,2026458033,0.3,0.3
fig3_community_ve,546.0,0.5,0.3,0,65.56776556776556,34,188.0,2026458034,0.3,0.3
fig3_community_ve,906.0,0.5,0.3,0,65.01103752759381,35,317.0,2026458035,0.3,0.3
fig3_community_ve,1020.0000000000001,0.5,0.3,0,66.9607843137255,36,337.0,2026458036,0.3,0.3
fig3_community_ve,723.0,0.5,0.3,0,75.2420470262794,37,179.0,2026458037,0.3,0.3
fig3_community_ve,517.0,0.5,0.3,0,51.644100580270795,38,250.0,2026458038,0.3,0.3
fig3_community_ve,1078.0,0.5,0.3,0,70.77922077922078,39,315.0,2026458039,0.3,0.3
fig3_community_ve,1152.0,0.5,0.3,0,66.40625,40,387.0,2026458040,0.3,0.3
fig3_community_ve,697.0,0.5,0.3,0,56.67144906743185,41,302.0,2026458041,0.3,0.3
fig3_community_ve,719.0,0.5,0.3,0,65.78581363004173,42,246.0,2026458042,0.3,0.3
fig3_community_ve,1117.0,0.5,0.3,0,68.84512085944495,43,348.0,2026458043,0.3,0.3
fig3_community_ve,881.0,0.5,0.3,0,70.94211123723042,44,256.0,2026458044,0.3,0.3
fig3_community_ve,745.0,0.5,0.3,0,67.51677852348993,45,241.99999999999997,2026458045,0.3,0.3
fig3_community_ve,821.0,0.5,0.3,0,68.33130328867234,46,260.0,2026458046,0.3,0.3
fig3_community_ve,807.0000000000001,0.5,0.3,0,63.692688971499386,47,293.0,2026458047,0.3,0.3
fig3_community_ve,888.0000000000001,0.5,0.3,0,64.1891891891892,48,318.0,2026458048,0.3,0.3
fig3_community_ve,493.00000000000006,0.5,0.3,0,60.44624746450305,49,195.0,2026458049,0.3,0.3
fig3_community_ve,596.0,0.5,0.3,0,61.74496644295302,50,228.0,2026458050,0.3,0.3
fig3_community_ve,606.0,0.5,0.3,0,60.396039603960396,51,239.99999999999997,2026458051,0.3,0.3
fig3_community_ve,479.99999999999994,0.5,0.3,0,44.79166666666666,52,265.0,2026458052,0.3,0.3
fig3_community_ve,894.0,0.5,0.3,0,68.34451901565996,53,283.0,2026458053,0.3,0.3
fig3_community_ve,925.9999999999999,0.5,0.3,0,58.963282937365,54,380.0,2026458054,0.3,0.3
fig3_community_ve,796.0,0.5,0.3,0,72.98994974874371,55,215.0,2026458055,0.3,0.3
fig3_community_ve,875.0000000000001,0.5,0.3,0,57.14285714285715,56,375.0,2026458056,0.3,0.3
fig3_community_ve,928.0,0.5,0.3,0,62.06896551724138,57,352.0,2026458057,0.3,0.3
fig3_community_ve,874.0,0.5,0.3,0,66.93363844393593,58,289.0,2026458058,0.3,0.3
fig3_community_ve,950.0,0.5,0.3,0,79.47368421052632,59,195.0,2026458059,0.3,0.3
fig3_community_ve,814.0,0.5,0.3,0,64.12776412776412,60,292.0,2026458060,0.3,0.3
fig3_community_ve,551.0,0.5,0.3,0,60.07259528130672,61,220.0,2026458061,0.3,0.3
fig3_community_ve,1102.0,0.5,0.3,0,64.51905626134301,62,391.0,2026458062,0.3,0.3
fig3_community_ve,908.0,0.5,0.3,0,60.4625550660793,63,359.0,2026458063,0.3,0.3
fig3_community_ve,908.0,0.5,0.3,0,68.83259911894272,64,283.0,2026458064,0.3,0.3
fig3_community_ve,776.0,0.5,0.3,0,58.24742268041237,65,324.0,2026458065,0.3,0.3
fig3_community_ve,504.0,0.5,0.3,0,52.38095238095238,66,239.99999999999997,2026458066,0.3,0.3
fig3_community_ve,929.0,0.5,0.3,0,69.53713670613563,67,283.0,2026458067,0.3,0.3
fig3_community_ve,809.0,0.5,0.3,0,56.24227441285538,68,354.0,2026458068,0.3,0.3
fig3_community_ve,808.0,0.5,0.3,0,71.03960396039604,69,234.0,2026458069,0.3,0.3
fig3_community_ve,1080.0,0.5,0.3,0,70.18518518518519,70,322.0,2026458070,0.3,0.3
fig3_community_ve,1035.0,0.5,0.3,0,76.52173913043478,71,243.0,2026458071,0.3,0.3
fig3_community_ve,920.0,0.5,0.3,0,61.52173913043478,72,354.0,2026458072,0.3,0.3
fig3_community_ve,1076.0,0.5,0.3,0,68.58736059479554,73,338.0,2026458073,0.3,0.3
fig3_community_ve,931.0,0.5,0.3,0,72.61009667024705,74,255.00000000000003,2026458074,0.3,0.3
fig3_community_ve,855.0,0.5,0.3,0,65.84795321637426,75,292.0,2026458075,0.3,0.3
fig3_community_ve,895.9999999999999,0.5,0.3,0,62.27678571428571,76,338.0,2026458076,0.3,0.3
fig3_community_ve,882.9999999999999,0.5,0.3,0,71.46092865232163,77,252.0,2026458077,0.3,0.3
fig3_community_ve,918.0000000000001,0.5,0.3,0,63.616557734204804,78,334.0,2026458078,0.3,0.3
fig3_community_ve,835.0,0.5,0.3,0,60.7185628742515,79,328.0,2026458079,0.3,0.3
fig3_community_ve,805.0,0.5,0.3,0,68.57142857142857,80,253.0,2026458080,0.3,0.3
fig3_community_ve,850.0000000000001,0.5,0.3,0,65.52941176470588,81,293.0,2026458081,0.3,0.3
fig3_community_ve,933.9999999999999,0.5,0.3,0,65.73875802997858,82,320.0,2026458082,0.3,0.3
fig3_community_ve,833.0000000000001,0.5,0.3,0,66.62665066026412,83,278.0,2026458083,0.3,0.3
fig3_community_ve,808.0,0.5,0.3,0,65.47029702970298,84,279.0,2026458084,0.3,0.3
fig3_community_ve,995.0,0.5,0.3,0,71.05527638190955,85,288.0,2026458085,0.3,0.3
fig3_community_ve,1026.0,0.5,0.3,0,66.37426900584795,86,345.0,2026458086,0.3,0.3
fig3_community_ve,1193.0,0.5,0.3,0,69.57250628667225,87,363.0,2026458087,0.3,0.3
fig3_community_ve,825.0,0.5,0.3,0,66.78787878787878,88,274.0,2026458088,0.3,0.3
fig3_community_ve,838.0,0.5,0.3,0,55.8472553699284,89,370.0,2026458089,0.3,0.3
fig3_community_ve,986.0000000000001,0.5,0.3,0,67.03853955375254,90,325.0,2026458090,0.3,0.3
fig3_community_ve,1010.0,0.5,0.3,0,66.53465346534654,91,338.0,2026458091,0.3,0.3
fig3_community_ve,735.0,0.5,0.3,0,62.857142857142854,92,273.0,2026458092,0.3,0.3
fig3_community_ve,621.0,0.5,0.3,0,60.06441223832528,93,248.0,2026458093,0.3,0.3
fig3_community_ve,916.0,0.5,0.3,0,66.04803493449782,94,311.0,2026458094,0.3,0.3
fig3_community_ve,673.0,0.5,0.3,0,71.47102526002972,95,192.0,2026458095,0.3,0.3
fig3_community_ve,570.0,0.5,0.3,0,65.6140350877193,96,196.0,2026458096,0.3,0.3
fig3_community_ve,606.0,0.5,0.3,0,46.20462046204621,97,326.0,2026458097,0.3,0.3
fig3_community_ve,1051.0,0.5,0.3,0,72.59752616555662,98,288.0,2026458098,0.3,0.3
fig3_community_ve,745.0,0.5,0.3,0,54.49664429530201,99,339.0,2026458099,0.3,0.3
fig3_community_ve,890.0,0.5,0.3,0,79.43820224719101,0,183.0,2026460000,0.3,0.6
fig3_community_ve,757.0,0.5,0.3,0,81.63804491413474,1,139.0,2026460001,0.3,0.6
fig3_community_ve,706.0,0.5,0.3,0,78.75354107648725,2,150.0,2026460002,0.3,0.6
fig3_community_ve,784.0,0.5,0.3,0,77.04081632653062,3,180.0,2026460003,0.3,0.6
fig3_community_ve,812.0,0.5,0.3,0,83.00492610837438,4,138.0,2026460004,0.3,0.6
fig3_community_ve,881.0,0.5,0.3,0,80.13620885357548,5,175.0,2026460005,0.3,0.6
fig3_community_ve,1277.0,0.5,0.3,0,81.2059514487079,6,239.99999999999997,2026460006,0.3,0.6
fig3_community_ve,911.0,0.5,0.3,0,75.41163556531285,7,223.99999999999997,2026460007,0.3,0.6
fig3_community_ve,996.0,0.5,0.3,0,81.12449799196787,8,188.0,2026460008,0.3,0.6
fig3_community_ve,807.0000000000001,0.5,0.3,0,86.12143742255267,9,111.99999999999999,2026460009,0.3,0.6
fig3_community_ve,679.0,0.5,0.3,0,81.2960235640648,10,127.00000000000001,2026460010,0.3,0.6
fig3_community_ve,703.0,0.5,0.3,0,83.64153627311522,11,115.0,2026460011,0.3,0.6
fig3_community_ve,952.0000000000001,0.5,0.3,0,83.40336134453781,12,158.0,2026460012,0.3,0.6
fig3_community_ve,882.9999999999999,0.5,0.3,0,76.55719139297848,13,206.99999999999997,2026460013,0.3,0.6
fig3_community_ve,663.0,0.5,0.3,0,80.09049773755656,14,132.0,2026460014,0.3,0.6
fig3_community_ve,995.0,0.5,0.3,0,74.37185929648241,15,255.00000000000003,2026460015,0.3,0.6
fig3_community_ve,1566.0,0.5,0.3,0,84.41890166028097,16,244.0,2026460016,0.3,0.6
fig3_community_ve,755.0,0.5,0.3,0,82.64900662251655,17,131.0,2026460017,0.3,0.6
fig3_community_ve,595.0,0.5,0.3,0,75.7983193277311,18,144.0,2026460018,0.3,0.6
fig3_community_ve,423.0,0.5,0.3,0,81.7966903073286,19,77.0,2026460019,0.3,0.6
fig3_community_ve,1018.9999999999999,0.5,0.3,0,78.900883218842,20,215.0,2026460020,0.3,0.6
fig3_community_ve,903.9999999999999,0.5,0.3,0,76.21681415929203,21,215.0,2026460021,0.3,0.6
fig3_community_ve,899.0,0.5,0.3,0,80.7563959955506,22,173.0,2026460022,0.3,0.6
fig3_community_ve,1109.0,0.5,0.3,0,82.68710550045085,23,192.0,2026460023,0.3,0.6
fig3_community_ve,686.0,0.5,0.3,0,77.98833819241983,24,151.0,2026460024,0.3,0.6
fig3_community_ve,686.0,0.5,0.3,0,76.82215743440233,25,159.0,2026460025,0.3,0.6
fig3_community_ve,707.0,0.5,0.3,0,78.64214992927865,26,151.0,2026460026,0.3,0.6
fig3_community_ve,1083.0,0.5,0.3,0,81.4404432132964,27,201.0,2026460027,0.3,0.6
fig3_community_ve,748.0,0.5,0.3,0,82.0855614973262,28,134.0,2026460028,0.3,0.6
fig3_community_ve,888.0000000000001,0.5,0.3,0,81.08108108108108,29,168.0,2026460029,0.3,0.6
fig3_community_ve,1114.0,0.5,0.3,0,79.26391382405745,30,231.0,2026460030,0.3,0.6
fig3_community_ve,810.9999999999999,0.5,0.3,0,78.05178791615289,31,178.0,2026460031,0.3,0.6
fig3_community_ve,636.0,0.5,0.3,0,84.74842767295597,32,97.0,2026460032,0.3,0.6
fig3_community_ve,1058.0,0.5,0.3,0,80.90737240075615,33,202.0,2026460033,0.3,0.6
fig3_community_ve,554.0,0.5,0.3,0,80.32490974729242,34,109.0,2026460034,0.3,0.6
fig3_community_ve,703.0,0.5,0.3,0,80.51209103840682,35,137.0,2026460035,0.3,0.6
fig3_community_ve,537.0,0.5,0.3,0,80.44692737430168,36,105.0,2026460036,0.3,0.6
fig3_community_ve,1171.0,0.5,0.3,0,77.1135781383433,37,268.0,2026460037,0.3,0.6
fig3_community_ve,997.9999999999999,0.5,0.3,0,78.1563126252505,38,218.0,2026460038,0.3,0.6
fig3_community_ve,827.9999999999999,0.5,0.3,0,83.21256038647343,39,139.0,2026460039,0.3,0.6
fig3_community_ve,846.0,0.5,0.3,0,81.20567375886525,40,159.0,2026460040,0.3,0.6
fig3_community_ve,679.0,0.5,0.3,0,78.20324005891017,41,148.0,2026460041,0.3,0.6
fig3_community_ve,899.9999999999999,0.5,0.3,0,85.44444444444444,42,131.0,2026460042,0.3,0.6
fig3_community_ve,1030.0,0.5,0.3,0,80.29126213592232,43,203.0,2026460043,0.3,0.6
fig3_community_ve,592.0,0.5,0.3,0,73.14189189189189,44,159.0,2026460044,0.3,0.6
fig3_community_ve,966.0,0.5,0.3,0,78.67494824016563,45,206.00000000000003,2026460045,0.3,0.6
fig3_community_ve,858.0000000000001,0.5,0.3,0,75.64102564102565,46,208.99999999999997,2026460046,0.3,0.6
fig3_community_ve,578.0,0.5,0.3,0,74.0484429065744,47,150.0,2026460047,0.3,0.6
fig3_community_ve,1013.0,0.5,0.3,0,82.62586377097729,48,176.0,2026460048,0.3,0.6
fig3_community_ve,938.0,0.5,0.3,0,78.67803837953092,49,200.0,2026460049,0.3,0.6
fig3_community_ve,690.0,0.5,0.3,0,79.42028985507247,50,142.0,2026460050,0.3,0.6
fig3_community_ve,847.0,0.5,0.3,0,83.70720188902007,51,138.0,2026460051,0.3,0.6
fig3_community_ve,844.0,0.5,0.3,0,81.1611374407583,52,159.0,2026460052,0.3,0.6
fig3_community_ve,1108.0,0.5,0.3,0,83.66425992779783,53,181.0,2026460053,0.3,0.6
fig3_community_ve,681.0,0.5,0.3,0,72.83406754772393,54,185.0,2026460054,0.3,0.6
fig3_community_ve,775.0,0.5,0.3,0,76.0,55,186.0,2026460055,0.3,0.6
fig3_community_ve,931.0,0.5,0.3,0,85.82169709989259,56,132.0,2026460056,0.3,0.6
fig3_community_ve,550.0,0.5,0.3,0,77.45454545454545,57,124.0,2026460057,0.3,0.6
fig3_community_ve,666.0,0.5,0.3,0,75.97597597597597,58,160.0,2026460058,0.3,0.6
fig3_community_ve,710.0,0.5,0.3,0,72.11267605633803,59,198.0,2026460059,0.3,0.6
fig3_community_ve,902.0,0.5,0.3,0,86.25277161862527,60,124.0,2026460060,0.3,0.6
fig3_community_ve,603.0,0.5,0.3,0,73.96351575456053,61,157.0,2026460061,0.3,0.6
fig3_community_ve,927.0,0.5,0.3,0,79.71952535059332,62,188.0,2026460062,0.3,0.6
fig3_community_ve,1192.0,0.5,0.3,0,84.39597315436242,63,186.0,2026460063,0.3,0.6
fig3_community_ve,731.0,0.5,0.3,0,84.81532147742818,64,111.00000000000001,2026460064,0.3,0.6
fig3_community_ve,1139.0,0.5,0.3,0,79.71905179982441,65,231.0,2026460065,0.3,0.6
fig3_community_ve,1040.0,0.5,0.3,0,84.8076923076923,66,158.0,2026460066,0.3,0.6
fig3_community_ve,687.0,0.5,0.3,0,77.87481804949054,67,152.0,2026460067,0.3,0.6
fig3_community_ve,903.9999999999999,0.5,0.3,0,76.21681415929203,68,215.0,2026460068,0.3,0.6
fig3_community_ve,730.0,0.5,0.3,0,71.64383561643835,69,206.99999999999997,2026460069,0.3,0.6
fig3_community_ve,1150.0,0.5,0.3,0,82.6086956521739,70,200.0,2026460070,0.3,0.6
fig3_community_ve,1171.0,0.5,0.3,0,79.59009393680614,71,239.00000000000003,2026460071,0.3,0.6
fig3_community_ve,498.99999999999994,0.5,0.3,0,66.33266533066131,72,168.0,2026460072,0.3,0.6
fig3_community_ve,1144.0,0.5,0.3,0,83.3041958041958,73,191.0,2026460073,0.3,0.6
fig3_community_ve,1010.0,0.5,0.3,0,82.37623762376238,74,178.0,2026460074,0.3,0.6
fig3_community_ve,974.0,0.5,0.3,0,81.21149897330595,75,183.0,2026460075,0.3,0.6
fig3_community_ve,801.9999999999999,0.5,0.3,0,80.92269326683291,76,153.0,2026460076,0.3,0.6
fig3_community_ve,752.0,0.5,0.3,0,79.92021276595744,77,151.0,2026460077,0.3,0.6
fig3_community_ve,1115.0,0.5,0.3,0,83.04932735426009,78,189.0,2026460078,0.3,0.6
fig3_community_ve,695.0,0.5,0.3,0,76.97841726618705,79,160.0,2026460079,0.3,0.6
fig3_community_ve,685.0,0.5,0.3,0,75.32846715328468,80,169.0,2026460080,0.3,0.6
fig3_community_ve,873.0,0.5,0.3,0,87.39977090492555,81,110.0,2026460081,0.3,0.6
fig3_community_ve,598.0,0.5,0.3,0,82.6086956521739,82,103.99999999999999,2026460082,0.3,0.6
fig3_community_ve,769.0,0.5,0.3,0,74.38231469440832,83,197.0,2026460083,0.3,0.6
fig3_community_ve,898.0,0.5,0.3,0,83.96436525612472,84,144.0,2026460084,0.3,0.6
fig3_community_ve,860.0,0.5,0.3,0,81.86046511627907,85,156.0,2026460085,0.3,0.6
fig3_community_ve,696.0,0.5,0.3,0,76.58045977011494,86,163.0,2026460086,0.3,0.6
fig3_community_ve,792.0,0.5,0.3,0,72.47474747474747,87,218.0,2026460087,0.3,0.6
fig3_community_ve,782.0,0.5,0.3,0,72.1227621483376,88,218.0,2026460088,0.3,0.6
fig3_community_ve,612.0,0.5,0.3,0,66.33986928104575,89,206.00000000000003,2026460089,0.3,0.6
fig3_community_ve,1106.0,0.5,0.3,0,81.10307414104882,90,208.99999999999997,2026460090,0.3,0.6
fig3_community_ve,1150.0,0.5,0.3,0,81.47826086956522,91,213.0,2026460091,0.3,0.6
fig3_community_ve,739.0,0.5,0.3,0,77.26657645466847,92,168.0,2026460092,0.3,0.6
fig3_community_ve,564.0,0.5,0.3,0,79.60992907801419,93,115.0,2026460093,0.3,0.6
fig3_community_ve,902.0,0.5,0.3,0,79.26829268292683,94,187.0,2026460094,0.3,0.6
fig3_community_ve,1008.0,0.5,0.3,0,81.34920634920636,95,188.0,2026460095,0.3,0.6
fig3_community_ve,464.0,0.5,0.3,0,70.04310344827586,96,139.0,2026460096,0.3,0.6
fig3_community_ve,727.0,0.5,0.3,0,77.99174690508941,97,160.0,2026460097,0.3,0.6
fig3_community_ve,801.0,0.5,0.3,0,79.40074906367042,98,165.0,2026460098,0.3,0.6
fig3_community_ve,931.0,0.5,0.3,0,84.85499462943072,99,141.0,2026460099,0.3,0.6
fig3_community_ve,1107.0,0.5,0.3,0,84.55284552845528,0,171.0,2026462000,0.3,0.9
fig3_community_ve,1025.0,0.5,0.3,0,87.70731707317073,1,126.0,2026462001,0.3,0.9
fig3_community_ve,680.0,0.5,0.3,0,80.29411764705883,2,134.0,2026462002,0.3,0.9
fig3_community_ve,969.0000000000001,0.5,0.3,0,80.2889576883385,3,191.0,2026462003,0.3,0.9
fig3_community_ve,759.0,0.5,0.3,0,86.82476943346508,4,100.0,2026462004,0.3,0.9
fig3_community_ve,705.0,0.5,0.3,0,82.12765957446808,5,126.0,2026462005,0.3,0.9
fig3_community_ve,1251.0,0.5,0.3,0,90.56754596322942,6,118.0,2026462006,0.3,0.9
fig3_community_ve,950.0,0.5,0.3,0,87.05263157894737,7,123.0,2026462007,0.3,0.9
fig3_community_ve,678.0,0.5,0.3,0,84.80825958702064,8,103.00000000000001,2026462008,0.3,0.9
fig3_community_ve,726.0,0.5,0.3,0,78.92561983471074,9,153.0,2026462009,0.3,0.9
fig3_community_ve,893.0,0.5,0.3,0,85.77827547592385,10,127.00000000000001,2026462010,0.3,0.9
fig3_community_ve,813.0,0.5,0.3,0,87.69987699877,11,100.0,2026462011,0.3,0.9
fig3_community_ve,973.0000000000001,0.5,0.3,0,83.96711202466598,12,156.0,2026462012,0.3,0.9
fig3_community_ve,1014.0,0.5,0.3,0,85.00986193293886,13,152.0,2026462013,0.3,0.9
fig3_community_ve,1166.0,0.5,0.3,0,85.24871355060034,14,172.0,2026462014,0.3,0.9
fig3_community_ve,970.0,0.5,0.3,0,85.36082474226804,15,142.0,2026462015,0.3,0.9
fig3_community_ve,1183.0,0.5,0.3,0,83.00929839391378,16,201.0,2026462016,0.3,0.9
fig3_community_ve,844.9999999999999,0.5,0.3,0,86.7455621301775,17,111.99999999999999,2026462017,0.3,0.9
fig3_community_ve,919.0,0.5,0.3,0,84.76605005440696,18,140.0,2026462018,0.3,0.9
fig3_community_ve,856.0,0.5,0.3,0,87.03271028037383,19,111.00000000000001,2026462019,0.3,0.9
fig3_community_ve,635.0,0.5,0.3,0,87.24409448818898,20,81.0,2026462020,0.3,0.9
fig3_community_ve,1072.0,0.5,0.3,0,89.4589552238806,21,112.99999999999999,2026462021,0.3,0.9
fig3_community_ve,1076.0,0.5,0.3,0,86.61710037174721,22,144.0,2026462022,0.3,0.9
fig3_community_ve,933.9999999999999,0.5,0.3,0,84.47537473233405,23,145.0,2026462023,0.3,0.9
fig3_community_ve,444.00000000000006,0.5,0.3,0,76.80180180180182,24,103.00000000000001,2026462024,0.3,0.9
fig3_community_ve,726.0,0.5,0.3,0,80.44077134986226,25,142.0,2026462025,0.3,0.9
fig3_community_ve,561.0,0.5,0.3,0,79.50089126559715,26,115.0,2026462026,0.3,0.9
fig3_community_ve,707.0,0.5,0.3,0,83.87553041018387,27,114.0,2026462027,0.3,0.9
fig3_community_ve,882.9999999999999,0.5,0.3,0,87.0894677236693,28,114.0,2026462028,0.3,0.9
fig3_community_ve,886.9999999999999,0.5,0.3,0,81.28523111612175,29,166.0,2026462029,0.3,0.9
fig3_community_ve,712.0,0.5,0.3,0,84.69101123595506,30,109.0,2026462030,0.3,0.9
fig3_community_ve,753.0,0.5,0.3,0,82.60292164674635,31,131.0,2026462031,0.3,0.9
fig3_community_ve,982.0000000000001,0.5,0.3,0,83.80855397148677,32,159.0,2026462032,0.3,0.9
fig3_community_ve,984.0,0.5,0.3,0,88.92276422764228,33,109.0,2026462033,0.3,0.9
fig3_community_ve,725.0,0.5,0.3,0,84.82758620689656,34,110.0,2026462034,0.3,0.9
fig3_community_ve,684.0,0.5,0.3,0,85.52631578947368,35,99.0,2026462035,0.3,0.9
fig3_community_ve,1016.0000000000001,0.5,0.3,0,84.94094488188976,36,153.0,2026462036,0.3,0.9
fig3_community_ve,760.0,0.5,0.3,0,84.34210526315789,37,119.00000000000001,2026462037,0.3,0.9
fig3_community_ve,690.0,0.5,0.3,0,82.17391304347827,38,123.0,2026462038,0.3,0.9
fig3_community_ve,830.0,0.5,0.3,0,75.66265060240964,39,202.0,2026462039,0.3,0.9
fig3_community_ve,882.0,0.5,0.3,0,87.98185941043084,40,106.0,2026462040,0.3,0.9
fig3_community_ve,837.0000000000001,0.5,0.3,0,85.0657108721625,41,125.0,2026462041,0.3,0.9
fig3_community_ve,899.0,0.5,0.3,0,87.54171301446051,42,111.99999999999999,2026462042,0.3,0.9
fig3_community_ve,768.0,0.5,0.3,0,85.546875,43,111.00000000000001,2026462043,0.3,0.9
fig3_community_ve,933.9999999999999,0.5,0.3,0,89.50749464668094,44,98.0,2026462044,0.3,0.9
fig3_community_ve,838.0,0.5,0.3,0,84.84486873508354,45,127.00000000000001,2026462045,0.3,0.9
fig3_community_ve,886.9999999999999,0.5,0.3,0,90.41713641488163,46,85.0,2026462046,0.3,0.9
fig3_community_ve,823.0,0.5,0.3,0,86.14823815309842,47,114.0,2026462047,0.3,0.9
fig3_community_ve,831.9999999999999,0.5,0.3,0,80.28846153846153,48,164.0,2026462048,0.3,0.9
fig3_community_ve,841.0000000000001,0.5,0.3,0,82.52080856123663,49,147.0,2026462049,0.3,0.9
fig3_community_ve,732.0,0.5,0.3,0,85.24590163934427,50,108.0,2026462050,0.3,0.9
fig3_community_ve,941.0,0.5,0.3,0,81.19022316684378,51,177.0,2026462051,0.3,0.9
fig3_community_ve,464.0,0.5,0.3,0,72.19827586206897,52,129.0,2026462052,0.3,0.9
fig3_community_ve,950.9999999999999,0.5,0.3,0,86.33017875920083,53,130.0,2026462053,0.3,0.9
fig3_community_ve,941.0,0.5,0.3,0,84.2720510095643,54,148.0,2026462054,0.3,0.9
fig3_community_ve,869.9999999999999,0.5,0.3,0,82.8735632183908,55,149.0,2026462055,0.3,0.9
fig3_community_ve,969.0000000000001,0.5,0.3,0,88.23529411764706,56,114.0,2026462056,0.3,0.9
fig3_community_ve,675.0,0.5,0.3,0,80.0,57,135.0,2026462057,0.3,0.9
fig3_community_ve,548.0,0.5,0.3,0,80.47445255474453,58,107.0,2026462058,0.3,0.9
fig3_community_ve,1075.0,0.5,0.3,0,87.06976744186046,59,139.0,2026462059,0.3,0.9
fig3_community_ve,852.9999999999999,0.5,0.3,0,87.33880422039859,60,108.0,2026462060,0.3,0.9
fig3_community_ve,600.0,0.5,0.3,0,80.0,61,119.99999999999999,2026462061,0.3,0.9
fig3_community_ve,732.0,0.5,0.3,0,84.69945355191257,62,111.99999999999999,2026462062,0.3,0.9
fig3_community_ve,678.0,0.5,0.3,0,79.35103244837758,63,140.0,2026462063,0.3,0.9
fig3_community_ve,834.0,0.5,0.3,0,87.17026378896882,64,107.0,2026462064,0.3,0.9
fig3_community_ve,963.0,0.5,0.3,0,83.69678089304257,65,157.0,2026462065,0.3,0.9
fig3_community_ve,705.0,0.5,0.3,0,80.28368794326241,66,139.0,2026462066,0.3,0.9
fig3_community_ve,838.0,0.5,0.3,0,80.1909307875895,67,166.0,2026462067,0.3,0.9
fig3_community_ve,826.0,0.5,0.3,0,87.65133171912834,68,102.00000000000001,2026462068,0.3,0.9
fig3_community_ve,909.0000000000001,0.5,0.3,0,86.57865786578658,69,122.0,2026462069,0.3,0.9
fig3_community_ve,869.0,0.5,0.3,0,84.11967779056387,70,138.0,2026462070,0.3,0.9
fig3_community_ve,877.0,0.5,0.3,0,83.58038768529076,71,144.0,2026462071,0.3,0.9
fig3_community_ve,865.9999999999999,0.5,0.3,0,83.02540415704388,72,147.0,2026462072,0.3,0.9
fig3_community_ve,792.0,0.5,0.3,0,79.16666666666667,73,165.0,2026462073,0.3,0.9
fig3_community_ve,961.0,0.5,0.3,0,85.63995837669094,74,138.0,2026462074,0.3,0.9
fig3_community_ve,731.0,0.5,0.3,0,80.84815321477429,75,140.0,2026462075,0.3,0.9
fig3_community_ve,810.0,0.5,0.3,0,84.19753086419753,76,128.0,2026462076,0.3,0.9
fig3_community_ve,721.0,0.5,0.3,0,84.74341192787794,77,110.0,2026462077,0.3,0.9
fig3_community_ve,647.0,0.5,0.3,0,77.74343122102009,78,144.0,2026462078,0.3,0.9
fig3_community_ve,782.0,0.5,0.3,0,82.9923273657289,79,133.0,2026462079,0.3,0.9
fig3_community_ve,966.0,0.5,0.3,0,84.88612836438924,80,146.0,2026462080,0.3,0.9
fig3_community_ve,891.0,0.5,0.3,0,82.15488215488216,81,159.0,2026462081,0.3,0.9
fig3_community_ve,593.0,0.5,0.3,0,81.78752107925801,82,108.0,2026462082,0.3,0.9
fig3_community_ve,662.0,0.5,0.3,0,83.23262839879155,83,111.00000000000001,2026462083,0.3,0.9
fig3_community_ve,704.0,0.5,0.3,0,83.0965909090909,84,119.00000000000001,2026462084,0.3,0.9
fig3_community_ve,805.0,0.5,0.3,0,85.59006211180125,85,116.0,2026462085,0.3,0.9
fig3_community_ve,1008.0,0.5,0.3,0,83.92857142857143,86,162.0,2026462086,0.3,0.9
fig3_community_ve,749.0,0.5,0.3,0,85.44726301735648,87,109.0,2026462087,0.3,0.9
fig3_community_ve,803.0000000000001,0.5,0.3,0,81.56911581569116,88,148.0,2026462088,0.3,0.9
fig3_community_ve,884.0000000000001,0.5,0.3,0,83.710407239819,89,144.0,2026462089,0.3,0.9
fig3_community_ve,852.9999999999999,0.5,0.3,0,86.28370457209847,90,117.0,2026462090,0.3,0.9
fig3_community_ve,898.0,0.5,0.3,0,88.41870824053453,91,103.99999999999999,2026462091,0.3,0.9
fig3_community_ve,833.0000000000001,0.5,0.3,0,81.87274909963986,92,151.0,2026462092,0.3,0.9
fig3_community_ve,907.0,0.5,0.3,0,83.90297684674752,93,146.0,2026462093,0.3,0.9
fig3_community_ve,929.0,0.5,0.3,0,86.11410118406889,94,129.0,2026462094,0.3,0.9
fig3_community_ve,679.0,0.5,0.3,0,77.76141384388806,95,151.0,2026462095,0.3,0.9
fig3_community_ve,1085.0,0.5,0.3,0,86.82027649769586,96,143.0,2026462096,0.3,0.9
fig3_community_ve,787.0,0.5,0.3,0,82.71918678526048,97,136.0,2026462097,0.3,0.9
fig3_community_ve,967.9999999999999,0.5,0.3,0,84.81404958677686,98,147.0,2026462098,0.3,0.9
fig3_community_ve,1066.0,0.5,0.3,0,77.57973733583489,99,239.00000000000003,2026462099,0.3,0.9
fig3_community_ve,793.0,0.5,0.3,0,77.04918032786885,0,182.0,2026461000,0.3,0.75
fig3_community_ve,827.9999999999999,0.5,0.3,0,78.01932367149757,1,182.0,2026461001,0.3,0.75
fig3_community_ve,698.0,0.5,0.3,0,83.5243553008596,2,115.0,2026461002,0.3,0.75
fig3_community_ve,962.0,0.5,0.3,0,81.91268191268192,3,174.0,2026461003,0.3,0.75
fig3_community_ve,910.0,0.5,0.3,0,75.82417582417582,4,220.0,2026461004,0.3,0.75
fig3_community_ve,782.0,0.5,0.3,0,78.26086956521739,5,170.0,2026461005,0.3,0.75
fig3_community_ve,804.0,0.5,0.3,0,81.46766169154229,6,149.0,2026461006,0.3,0.75
fig3_community_ve,942.9999999999999,0.5,0.3,0,84.62354188759278,7,145.0,2026461007,0.3,0.75
fig3_community_ve,995.0,0.5,0.3,0,85.22613065326634,8,147.0,2026461008,0.3,0.75
fig3_community_ve,791.0,0.5,0.3,0,78.88748419721871,9,167.0,2026461009,0.3,0.75
fig3_community_ve,1317.0,0.5,0.3,0,86.33257403189066,10,180.0,2026461010,0.3,0.75
fig3_community_ve,703.0,0.5,0.3,0,87.05547652916074,11,91.0,2026461011,0.3,0.75
fig3_community_ve,898.0,0.5,0.3,0,84.29844097995546,12,141.0,2026461012,0.3,0.75
fig3_community_ve,552.0,0.5,0.3,0,78.6231884057971,13,118.0,2026461013,0.3,0.75
fig3_community_ve,739.0,0.5,0.3,0,82.54397834912044,14,129.0,2026461014,0.3,0.75
fig3_community_ve,744.0,0.5,0.3,0,86.15591397849462,15,103.00000000000001,2026461015,0.3,0.75
fig3_community_ve,797.9999999999999,0.5,0.3,0,78.44611528822054,16,172.0,2026461016,0.3,0.75
fig3_community_ve,860.0,0.5,0.3,0,77.55813953488372,17,193.0,2026461017,0.3,0.75
fig3_community_ve,899.9999999999999,0.5,0.3,0,85.0,18,135.0,2026461018,0.3,0.75
fig3_community_ve,919.0,0.5,0.3,0,83.67791077257888,19,150.0,2026461019,0.3,0.75
fig3_community_ve,986.0000000000001,0.5,0.3,0,80.02028397565924,20,197.0,2026461020,0.3,0.75
fig3_community_ve,747.0,0.5,0.3,0,86.61311914323963,21,100.0,2026461021,0.3,0.75
fig3_community_ve,596.0,0.5,0.3,0,79.19463087248322,22,124.0,2026461022,0.3,0.75
fig3_community_ve,833.0000000000001,0.5,0.3,0,78.7515006002401,23,177.0,2026461023,0.3,0.75
fig3_community_ve,525.0,0.5,0.3,0,73.14285714285714,24,141.0,2026461024,0.3,0.75
fig3_community_ve,758.0,0.5,0.3,0,80.47493403693932,25,148.0,2026461025,0.3,0.75
fig3_community_ve,843.0,0.5,0.3,0,83.3926453143535,26,140.0,2026461026,0.3,0.75
fig3_community_ve,854.0000000000001,0.5,0.3,0,79.39110070257613,27,176.0,2026461027,0.3,0.75
fig3_community_ve,1105.0,0.5,0.3,0,86.5158371040724,28,149.0,2026461028,0.3,0.75
fig3_community_ve,669.0,0.5,0.3,0,76.5321375186846,29,157.0,2026461029,0.3,0.75
fig3_community_ve,1024.0,0.5,0.3,0,85.3515625,30,150.0,2026461030,0.3,0.75
fig3_community_ve,1012.0,0.5,0.3,0,83.59683794466403,31,166.0,2026461031,0.3,0.75
fig3_community_ve,808.0,0.5,0.3,0,82.42574257425743,32,142.0,2026461032,0.3,0.75
fig3_community_ve,876.0,0.5,0.3,0,82.07762557077625,33,157.0,2026461033,0.3,0.75
fig3_community_ve,674.0,0.5,0.3,0,82.64094955489614,34,117.0,2026461034,0.3,0.75
fig3_community_ve,1162.0,0.5,0.3,0,85.37005163511188,35,170.0,2026461035,0.3,0.75
fig3_community_ve,596.0,0.5,0.3,0,83.05369127516778,36,101.0,2026461036,0.3,0.75
fig3_community_ve,851.0,0.5,0.3,0,79.67097532314924,37,173.0,2026461037,0.3,0.75
fig3_community_ve,724.0,0.5,0.3,0,78.59116022099448,38,155.0,2026461038,0.3,0.75
fig3_community_ve,657.0,0.5,0.3,0,78.53881278538813,39,141.0,2026461039,0.3,0.75
fig3_community_ve,1169.0,0.5,0.3,0,87.85286569717708,40,142.0,2026461040,0.3,0.75
fig3_community_ve,776.0,0.5,0.3,0,78.8659793814433,41,164.0,2026461041,0.3,0.75
fig3_community_ve,1039.0,0.5,0.3,0,82.1944177093359,42,185.0,2026461042,0.3,0.75
fig3_community_ve,653.0,0.5,0.3,0,84.07350689127105,43,103.99999999999999,2026461043,0.3,0.75
fig3_community_ve,814.9999999999999,0.5,0.3,0,83.43558282208588,44,135.0,2026461044,0.3,0.75
fig3_community_ve,707.0,0.5,0.3,0,83.30975954738331,45,118.0,2026461045,0.3,0.75
fig3_community_ve,773.0,0.5,0.3,0,81.75937904269081,46,141.0,2026461046,0.3,0.75
fig3_community_ve,789.0,0.5,0.3,0,85.42458808618504,47,115.0,2026461047,0.3,0.75
fig3_community_ve,899.0,0.5,0.3,0,81.53503893214683,48,166.0,2026461048,0.3,0.75
fig3_community_ve,823.0,0.5,0.3,0,81.16646415552856,49,155.0,2026461049,0.3,0.75
fig3_community_ve,863.0,0.5,0.3,0,83.54577056778679,50,142.0,2026461050,0.3,0.75
fig3_community_ve,650.0,0.5,0.3,0,82.61538461538461,51,112.99999999999999,2026461051,0.3,0.75
fig3_community_ve,728.0,0.5,0.3,0,84.89010989010988,52,110.0,2026461052,0.3,0.75
fig3_community_ve,894.0,0.5,0.3,0,74.83221476510067,53,224.99999999999997,2026461053,0.3,0.75
fig3_community_ve,856.0,0.5,0.3,0,83.41121495327103,54,142.0,2026461054,0.3,0.75
fig3_community_ve,973.0000000000001,0.5,0.3,0,82.21993833504625,55,173.0,2026461055,0.3,0.75
fig3_community_ve,684.0,0.5,0.3,0,84.7953216374269,56,103.99999999999999,2026461056,0.3,0.75
fig3_community_ve,1044.0,0.5,0.3,0,80.07662835249042,57,207.99999999999997,2026461057,0.3,0.75
fig3_community_ve,871.0000000000001,0.5,0.3,0,81.85993111366247,58,158.0,2026461058,0.3,0.75
fig3_community_ve,702.0,0.5,0.3,0,85.8974358974359,59,99.0,2026461059,0.3,0.75
fig3_community_ve,1074.0,0.5,0.3,0,86.59217877094972,60,144.0,2026461060,0.3,0.75
fig3_community_ve,1020.0000000000001,0.5,0.3,0,81.47058823529412,61,189.0,2026461061,0.3,0.75
fig3_community_ve,1039.0,0.5,0.3,0,84.98556304138594,62,156.0,2026461062,0.3,0.75
fig3_community_ve,931.0,0.5,0.3,0,86.25134264232008,63,128.0,2026461063,0.3,0.75
fig3_community_ve,779.0,0.5,0.3,0,78.69062901155327,64,166.0,2026461064,0.3,0.75
fig3_community_ve,667.0,0.5,0.3,0,79.46026986506746,65,137.0,2026461065,0.3,0.75
fig3_community_ve,1038.0,0.5,0.3,0,85.26011560693641,66,153.0,2026461066,0.3,0.75
fig3_community_ve,810.9999999999999,0.5,0.3,0,84.5869297163995,67,125.0,2026461067,0.3,0.75
fig3_community_ve,818.9999999999999,0.5,0.3,0,80.46398046398046,68,160.0,2026461068,0.3,0.75
fig3_community_ve,921.0,0.5,0.3,0,83.27904451682953,69,154.0,2026461069,0.3,0.75
fig3_community_ve,928.0,0.5,0.3,0,78.98706896551724,70,195.0,2026461070,0.3,0.75
fig3_community_ve,1126.0,0.5,0.3,0,85.87921847246892,71,159.0,2026461071,0.3,0.75
fig3_community_ve,575.0,0.5,0.3,0,82.6086956521739,72,100.0,2026461072,0.3,0.75
fig3_community_ve,793.9999999999999,0.5,0.3,0,83.75314861460957,73,129.0,2026461073,0.3,0.75
fig3_community_ve,614.0,0.5,0.3,0,81.43322475570032,74,114.0,2026461074,0.3,0.75
fig3_community_ve,715.0,0.5,0.3,0,77.34265734265735,75,162.0,2026461075,0.3,0.75
fig3_community_ve,1038.0,0.5,0.3,0,82.85163776493256,76,178.0,2026461076,0.3,0.75
fig3_community_ve,678.0,0.5,0.3,0,80.67846607669617,77,131.0,2026461077,0.3,0.75
fig3_community_ve,752.0,0.5,0.3,0,76.99468085106383,78,173.0,2026461078,0.3,0.75
fig3_community_ve,959.0,0.5,0.3,0,83.21167883211679,79,161.0,2026461079,0.3,0.75
fig3_community_ve,1051.0,0.5,0.3,0,83.63463368220742,80,172.0,2026461080,0.3,0.75
fig3_community_ve,1077.0,0.5,0.3,0,84.21541318477252,81,170.0,2026461081,0.3,0.75
fig3_community_ve,924.0,0.5,0.3,0,83.54978354978356,82,152.0,2026461082,0.3,0.75
fig3_community_ve,925.9999999999999,0.5,0.3,0,87.58099352051835,83,115.0,2026461083,0.3,0.75
fig3_community_ve,865.9999999999999,0.5,0.3,0,84.6420323325635,84,133.0,2026461084,0.3,0.75
fig3_community_ve,969.0000000000001,0.5,0.3,0,80.18575851393189,85,192.0,2026461085,0.3,0.75
fig3_community_ve,693.0,0.5,0.3,0,83.98268398268398,86,111.00000000000001,2026461086,0.3,0.75
fig3_community_ve,806.0,0.5,0.3,0,79.15632754342431,87,168.0,2026461087,0.3,0.75
fig3_community_ve,657.0,0.5,0.3,0,81.58295281582953,88,120.99999999999999,2026461088,0.3,0.75
fig3_community_ve,1010.0,0.5,0.3,0,79.5049504950495,89,206.99999999999997,2026461089,0.3,0.75
fig3_community_ve,735.0,0.5,0.3,0,83.94557823129252,90,118.0,2026461090,0.3,0.75
fig3_community_ve,797.0,0.5,0.3,0,87.95483061480552,91,96.0,2026461091,0.3,0.75
fig3_community_ve,963.0,0.5,0.3,0,80.89304257528556,92,184.0,2026461092,0.3,0.75
fig3_community_ve,963.9999999999999,0.5,0.3,0,81.43153526970954,93,179.0,2026461093,0.3,0.75
fig3_community_ve,1254.0,0.5,0.3,0,85.88516746411483,94,177.0,2026461094,0.3,0.75
fig3_community_ve,903.9999999999999,0.5,0.3,0,86.61504424778761,95,120.99999999999999,2026461095,0.3,0.75
fig3_community_ve,641.0,0.5,0.3,0,80.49921996879876,96,125.0,2026461096,0.3,0.75
fig3_community_ve,791.0,0.5,0.3,0,82.9329962073325,97,135.0,2026461097,0.3,0.75
fig3_community_ve,831.9999999999999,0.5,0.3,0,85.69711538461537,98,119.00000000000001,2026461098,0.3,0.75
fig3_community_ve,657.0,0.5,0.3,0,80.66971080669711,99,127.00000000000001,2026461099,0.3,0.75
fig3_community_ve,754.0,0.6000000000000001,0.3,0,0.0,0,754.0,2026463000,0.3,0.0
fig3_community_ve,942.0,0.6000000000000001,0.3,0,0.0,1,942.0,2026463001,0.3,0.0
fig3_community_ve,915.0,0.6000000000000001,0.3,0,0.0,2,915.0,2026463002,0.3,0.0
fig3_community_ve,1146.0,0.6000000000000001,0.3,0,0.0,3,1146.0,2026463003,0.3,0.0
fig3_community_ve,1130.0,0.6000000000000001,0.3,0,0.0,4,1130.0,2026463004,0.3,0.0
fig3_community_ve,888.0000000000001,0.6000000000000001,0.3,0,0.0,5,888.0000000000001,2026463005,0.3,0.0
fig3_community_ve,1018.0,0.6000000000000001,0.3,0,0.0,6,1018.0,2026463006,0.3,0.0
fig3_community_ve,757.0,0.6000000000000001,0.3,0,0.0,7,757.0,2026463007,0.3,0.0
fig3_community_ve,660.0,0.6000000000000001,0.3,0,0.0,8,660.0,2026463008,0.3,0.0
fig3_community_ve,865.9999999999999,0.6000000000000001,0.3,0,0.0,9,865.9999999999999,2026463009,0.3,0.0
fig3_community_ve,596.0,0.6000000000000001,0.3,0,0.0,10,596.0,2026463010,0.3,0.0
fig3_community_ve,850.0000000000001,0.6000000000000001,0.3,0,0.0,11,850.0000000000001,2026463011,0.3,0.0
fig3_community_ve,749.0,0.6000000000000001,0.3,0,0.0,12,749.0,2026463012,0.3,0.0
fig3_community_ve,757.0,0.6000000000000001,0.3,0,0.0,13,757.0,2026463013,0.3,0.0
fig3_community_ve,888.0000000000001,0.6000000000000001,0.3,0,0.0,14,888.0000000000001,2026463014,0.3,0.0
fig3_community_ve,746.0,0.6000000000000001,0.3,0,0.0,15,746.0,2026463015,0.3,0.0
fig3_community_ve,700.0,0.6000000000000001,0.3,0,0.0,16,700.0,2026463016,0.3,0.0
fig3_community_ve,1123.0,0.6000000000000001,0.3,0,0.0,17,1123.0,2026463017,0.3,0.0
fig3_community_ve,710.0,0.6000000000000001,0.3,0,0.0,18,710.0,2026463018,0.3,0.0
fig3_community_ve,638.0,0.6000000000000001,0.3,0,0.0,19,638.0,2026463019,0.3,0.0
fig3_community_ve,774.0,0.6000000000000001,0.3,0,0.0,20,774.0,2026463020,0.3,0.0
fig3_community_ve,869.9999999999999,0.6000000000000001,0.3,0,0.0,21,869.9999999999999,2026463021,0.3,0.0
fig3_community_ve,786.0000000000001,0.6000000000000001,0.3,0,0.0,22,786.0000000000001,2026463022,0.3,0.0
fig3_community_ve,1349.0,0.6000000000000001,0.3,0,0.0,23,1349.0,2026463023,0.3,0.0
fig3_community_ve,1047.0,0.6000000000000001,0.3,0,0.0,24,1047.0,2026463024,0.3,0.0
fig3_community_ve,927.0,0.6000000000000001,0.3,0,0.0,25,927.0,2026463025,0.3,0.0
fig3_community_ve,846.0,0.6000000000000001,0.3,0,0.0,26,846.0,2026463026,0.3,0.0
fig3_community_ve,639.0,0.6000000000000001,0.3,0,0.0,27,639.0,2026463027,0.3,0.0
fig3_community_ve,966.0,0.6000000000000001,0.3,0,0.0,28,966.0,2026463028,0.3,0.0
fig3_community_ve,627.0,0.6000000000000001,0.3,0,0.0,29,627.0,2026463029,0.3,0.0
fig3_community_ve,787.0,0.6000000000000001,0.3,0,0.0,30,787.0,2026463030,0.3,0.0
fig3_community_ve,464.99999999999994,0.6000000000000001,0.3,0,0.0,31,464.99999999999994,2026463031,0.3,0.0
fig3_community_ve,761.0,0.6000000000000001,0.3,0,0.0,32,761.0,2026463032,0.3,0.0
fig3_community_ve,550.0,0.6000000000000001,0.3,0,0.0,33,550.0,2026463033,0.3,0.0
fig3_community_ve,1145.0,0.6000000000000001,0.3,0,0.0,34,1145.0,2026463034,0.3,0.0
fig3_community_ve,669.0,0.6000000000000001,0.3,0,0.0,35,669.0,2026463035,0.3,0.0
fig3_community_ve,859.0,0.6000000000000001,0.3,0,0.0,36,859.0,2026463036,0.3,0.0
fig3_community_ve,932.0,0.6000000000000001,0.3,0,0.0,37,932.0,2026463037,0.3,0.0
fig3_community_ve,760.0,0.6000000000000001,0.3,0,0.0,38,760.0,2026463038,0.3,0.0
fig3_community_ve,941.0,0.6000000000000001,0.3,0,0.0,39,941.0,2026463039,0.3,0.0
fig3_community_ve,577.0,0.6000000000000001,0.3,0,0.0,40,577.0,2026463040,0.3,0.0
fig3_community_ve,976.0,0.6000000000000001,0.3,0,0.0,41,976.0,2026463041,0.3,0.0
fig3_community_ve,1098.0,0.6000000000000001,0.3,0,0.0,42,1098.0,2026463042,0.3,0.0
fig3_community_ve,743.0,0.6000000000000001,0.3,0,0.0,43,743.0,2026463043,0.3,0.0
fig3_community_ve,795.0,0.6000000000000001,0.3,0,0.0,44,795.0,2026463044,0.3,0.0
fig3_community_ve,762.0,0.6000000000000001,0.3,0,0.0,45,762.0,2026463045,0.3,0.0
fig3_community_ve,713.0,0.6000000000000001,0.3,0,0.0,46,713.0,2026463046,0.3,0.0
fig3_community_ve,925.0,0.6000000000000001,0.3,0,0.0,47,925.0,2026463047,0.3,0.0
fig3_community_ve,743.0,0.6000000000000001,0.3,0,0.0,48,743.0,2026463048,0.3,0.0
fig3_community_ve,865.0,0.6000000000000001,0.3,0,0.0,49,865.0,2026463049,0.3,0.0
fig3_community_ve,1133.0,0.6000000000000001,0.3,0,0.0,50,1133.0,2026463050,0.3,0.0
fig3_community_ve,659.0,0.6000000000000001,0.3,0,0.0,51,659.0,2026463051,0.3,0.0
fig3_community_ve,661.0,0.6000000000000001,0.3,0,0.0,52,661.0,2026463052,0.3,0.0
fig3_community_ve,973.0000000000001,0.6000000000000001,0.3,0,0.0,53,973.0000000000001,2026463053,0.3,0.0
fig3_community_ve,810.9999999999999,0.6000000000000001,0.3,0,0.0,54,810.9999999999999,2026463054,0.3,0.0
fig3_community_ve,1192.0,0.6000000000000001,0.3,0,0.0,55,1192.0,2026463055,0.3,0.0
fig3_community_ve,664.0,0.6000000000000001,0.3,0,0.0,56,664.0,2026463056,0.3,0.0
fig3_community_ve,1180.0,0.6000000000000001,0.3,0,0.0,57,1180.0,2026463057,0.3,0.0
fig3_community_ve,1103.0,0.6000000000000001,0.3,0,0.0,58,1103.0,2026463058,0.3,0.0
fig3_community_ve,731.0,0.6000000000000001,0.3,0,0.0,59,731.0,2026463059,0.3,0.0
fig3_community_ve,738.0,0.6000000000000001,0.3,0,0.0,60,738.0,2026463060,0.3,0.0
fig3_community_ve,755.0,0.6000000000000001,0.3,0,0.0,61,755.0,2026463061,0.3,0.0
fig3_community_ve,972.0,0.6000000000000001,0.3,0,0.0,62,972.0,2026463062,0.3,0.0
fig3_community_ve,770.0,0.6000000000000001,0.3,0,0.0,63,770.0,2026463063,0.3,0.0
fig3_community_ve,1063.0,0.6000000000000001,0.3,0,0.0,64,1063.0,2026463064,0.3,0.0
fig3_community_ve,1087.0,0.6000000000000001,0.3,0,0.0,65,1087.0,2026463065,0.3,0.0
fig3_community_ve,899.9999999999999,0.6000000000000001,0.3,0,0.0,66,899.9999999999999,2026463066,0.3,0.0
fig3_community_ve,1074.0,0.6000000000000001,0.3,0,0.0,67,1074.0,2026463067,0.3,0.0
fig3_community_ve,731.0,0.6000000000000001,0.3,0,0.0,68,731.0,2026463068,0.3,0.0
fig3_community_ve,537.0,0.6000000000000001,0.3,0,0.0,69,537.0,2026463069,0.3,0.0
fig3_community_ve,1060.0,0.6000000000000001,0.3,0,0.0,70,1060.0,2026463070,0.3,0.0
fig3_community_ve,605.0,0.6000000000000001,0.3,0,0.0,71,605.0,2026463071,0.3,0.0
fig3_community_ve,690.0,0.6000000000000001,0.3,0,0.0,72,690.0,2026463072,0.3,0.0
fig3_community_ve,611.0,0.6000000000000001,0.3,0,0.0,73,611.0,2026463073,0.3,0.0
fig3_community_ve,963.9999999999999,0.6000000000000001,0.3,0,0.0,74,963.9999999999999,2026463074,0.3,0.0
fig3_community_ve,976.9999999999999,0.6000000000000001,0.3,0,0.0,75,976.9999999999999,2026463075,0.3,0.0
fig3_community_ve,1160.0,0.6000000000000001,0.3,0,0.0,76,1160.0,2026463076,0.3,0.0
fig3_community_ve,782.0,0.6000000000000001,0.3,0,0.0,77,782.0,2026463077,0.3,0.0
fig3_community_ve,741.0,0.6000000000000001,0.3,0,0.0,78,741.0,2026463078,0.3,0.0
fig3_community_ve,800.0,0.6000000000000001,0.3,0,0.0,79,800.0,2026463079,0.3,0.0
fig3_community_ve,705.0,0.6000000000000001,0.3,0,0.0,80,705.0,2026463080,0.3,0.0
fig3_community_ve,665.0,0.6000000000000001,0.3,0,0.0,81,665.0,2026463081,0.3,0.0
fig3_community_ve,633.0,0.6000000000000001,0.3,0,0.0,82,633.0,2026463082,0.3,0.0
fig3_community_ve,895.0,0.6000000000000001,0.3,0,0.0,83,895.0,2026463083,0.3,0.0
fig3_community_ve,933.0,0.6000000000000001,0.3,0,0.0,84,933.0,2026463084,0.3,0.0
fig3_community_ve,1268.0,0.6000000000000001,0.3,0,0.0,85,1268.0,2026463085,0.3,0.0
fig3_community_ve,723.0,0.6000000000000001,0.3,0,0.0,86,723.0,2026463086,0.3,0.0
fig3_community_ve,735.0,0.6000000000000001,0.3,0,0.0,87,735.0,2026463087,0.3,0.0
fig3_community_ve,618.0,0.6000000000000001,0.3,0,0.0,88,618.0,2026463088,0.3,0.0
fig3_community_ve,677.0,0.6000000000000001,0.3,0,0.0,89,677.0,2026463089,0.3,0.0
fig3_community_ve,590.0,0.6000000000000001,0.3,0,0.0,90,590.0,2026463090,0.3,0.0
fig3_community_ve,640.0,0.6000000000000001,0.3,0,0.0,91,640.0,2026463091,0.3,0.0
fig3_community_ve,826.0,0.6000000000000001,0.3,0,0.0,92,826.0,2026463092,0.3,0.0
fig3_community_ve,1005.0,0.6000000000000001,0.3,0,0.0,93,1005.0,2026463093,0.3,0.0
fig3_community_ve,665.0,0.6000000000000001,0.3,0,0.0,94,665.0,2026463094,0.3,0.0
fig3_community_ve,939.0000000000001,0.6000000000000001,0.3,0,0.0,95,939.0000000000001,2026463095,0.3,0.0
fig3_community_ve,933.0,0.6000000000000001,0.3,0,0.0,96,933.0,2026463096,0.3,0.0
fig3_community_ve,831.0,0.6000000000000001,0.3,0,0.0,97,831.0,2026463097,0.3,0.0
fig3_community_ve,728.0,0.6000000000000001,0.3,0,0.0,98,728.0,2026463098,0.3,0.0
fig3_community_ve,805.0,0.6000000000000001,0.3,0,0.0,99,805.0,2026463099,0.3,0.0
fig3_community_ve,650.0,0.6000000000000001,0.3,0,62.76923076923077,0,241.99999999999997,2026464000,0.3,0.15
fig3_community_ve,578.0,0.6000000000000001,0.3,0,35.121107266435985,1,375.0,2026464001,0.3,0.15
fig3_community_ve,1059.0,0.6000000000000001,0.3,0,49.48064211520302,2,535.0,2026464002,0.3,0.15
fig3_community_ve,882.0,0.6000000000000001,0.3,0,56.235827664399096,3,386.0,2026464003,0.3,0.15
fig3_community_ve,613.0,0.6000000000000001,0.3,0,50.24469820554649,4,305.0,2026464004,0.3,0.15
fig3_community_ve,1001.0,0.6000000000000001,0.3,0,58.04195804195804,5,420.0,2026464005,0.3,0.15
fig3_community_ve,1035.0,0.6000000000000001,0.3,0,49.66183574879227,6,521.0,2026464006,0.3,0.15
fig3_community_ve,488.0,0.6000000000000001,0.3,0,27.25409836065574,7,355.0,2026464007,0.3,0.15
fig3_community_ve,852.0,0.6000000000000001,0.3,0,54.10798122065728,8,391.0,2026464008,0.3,0.15
fig3_community_ve,570.0,0.6000000000000001,0.3,0,41.40350877192982,9,334.0,2026464009,0.3,0.15
fig3_community_ve,729.0,0.6000000000000001,0.3,0,43.34705075445816,10,413.0,2026464010,0.3,0.15
fig3_community_ve,907.0,0.6000000000000001,0.3,0,47.850055126791624,11,473.0,2026464011,0.3,0.15
fig3_community_ve,650.0,0.6000000000000001,0.3,0,37.69230769230769,12,405.0,2026464012,0.3,0.15
fig3_community_ve,1043.0,0.6000000000000001,0.3,0,60.97794822627037,13,407.0,2026464013,0.3,0.15
fig3_community_ve,1030.0,0.6000000000000001,0.3,0,51.067961165048544,14,504.0,2026464014,0.3,0.15
fig3_community_ve,865.9999999999999,0.6000000000000001,0.3,0,45.1501154734411,15,475.0,2026464015,0.3,0.15
fig3_community_ve,860.0,0.6000000000000001,0.3,0,43.604651162790695,16,485.0,2026464016,0.3,0.15
fig3_community_ve,666.0,0.6000000000000001,0.3,0,43.54354354354354,17,376.0,2026464017,0.3,0.15
fig3_community_ve,782.0,0.6000000000000001,0.3,0,47.186700767263424,18,413.0,2026464018,0.3,0.15
fig3_community_ve,746.0,0.6000000000000001,0.3,0,50.26809651474531,19,371.0,2026464019,0.3,0.15
fig3_community_ve,858.0000000000001,0.6000000000000001,0.3,0,51.631701631701645,20,415.0,2026464020,0.3,0.15
fig3_community_ve,593.0,0.6000000000000001,0.3,0,39.62900505902192,21,358.0,2026464021,0.3,0.15
fig3_community_ve,599.0,0.6000000000000001,0.3,0,38.56427378964941,22,368.0,2026464022,0.3,0.15
fig3_community_ve,877.0,0.6000000000000001,0.3,0,65.33637400228051,23,304.0,2026464023,0.3,0.15
fig3_community_ve,1113.0,0.6000000000000001,0.3,0,56.51392632524708,24,483.99999999999994,2026464024,0.3,0.15
fig3_community_ve,919.0,0.6000000000000001,0.3,0,60.06528835690968,25,367.0,2026464025,0.3,0.15
fig3_community_ve,745.0,0.6000000000000001,0.3,0,48.45637583892618,26,384.0,2026464026,0.3,0.15
fig3_community_ve,1027.0,0.6000000000000001,0.3,0,53.26192794547225,27,479.99999999999994,2026464027,0.3,0.15
fig3_community_ve,1067.0,0.6000000000000001,0.3,0,62.980318650421744,28,395.00000000000006,2026464028,0.3,0.15
fig3_community_ve,963.9999999999999,0.6000000000000001,0.3,0,53.83817427385891,29,445.0,2026464029,0.3,0.15
fig3_community_ve,884.0000000000001,0.6000000000000001,0.3,0,48.07692307692308,30,459.00000000000006,2026464030,0.3,0.15
fig3_community_ve,1101.0,0.6000000000000001,0.3,0,50.40871934604905,31,546.0,2026464031,0.3,0.15
fig3_community_ve,557.0,0.6000000000000001,0.3,0,43.806104129263915,32,313.0,2026464032,0.3,0.15
fig3_community_ve,797.9999999999999,0.6000000000000001,0.3,0,48.1203007518797,33,413.99999999999994,2026464033,0.3,0.15
fig3_community_ve,1053.0,0.6000000000000001,0.3,0,52.326685660018995,34,502.0,2026464034,0.3,0.15
fig3_community_ve,602.0,0.6000000000000001,0.3,0,50.0,35,301.0,2026464035,0.3,0.15
fig3_community_ve,857.0,0.6000000000000001,0.3,0,48.89148191365228,36,438.0,2026464036,0.3,0.15
fig3_community_ve,703.0,0.6000000000000001,0.3,0,51.635846372688476,37,340.0,2026464037,0.3,0.15
fig3_community_ve,734.0,0.6000000000000001,0.3,0,34.604904632152596,38,479.99999999999994,2026464038,0.3,0.15
fig3_community_ve,784.0,0.6000000000000001,0.3,0,57.525510204081634,39,333.0,2026464039,0.3,0.15
fig3_community_ve,607.0,0.6000000000000001,0.3,0,54.53047775947282,40,276.0,2026464040,0.3,0.15
fig3_community_ve,895.0,0.6000000000000001,0.3,0,55.977653631284916,41,394.0,2026464041,0.3,0.15
fig3_community_ve,847.0,0.6000000000000001,0.3,0,49.23258559622196,42,430.0,2026464042,0.3,0.15
fig3_community_ve,634.0,0.6000000000000001,0.3,0,46.68769716088328,43,338.0,2026464043,0.3,0.15
fig3_community_ve,751.0,0.6000000000000001,0.3,0,59.12117177097204,44,307.0,2026464044,0.3,0.15
fig3_community_ve,1112.0,0.6000000000000001,0.3,0,61.15107913669065,45,432.0,2026464045,0.3,0.15
fig3_community_ve,1018.9999999999999,0.6000000000000001,0.3,0,63.00294406280667,46,377.0,2026464046,0.3,0.15
fig3_community_ve,723.0,0.6000000000000001,0.3,0,52.55878284923928,47,343.0,2026464047,0.3,0.15
fig3_community_ve,738.0,0.6000000000000001,0.3,0,66.12466124661246,48,250.0,2026464048,0.3,0.15
fig3_community_ve,654.0,0.6000000000000001,0.3,0,48.62385321100918,49,336.0,2026464049,0.3,0.15
fig3_community_ve,963.9999999999999,0.6000000000000001,0.3,0,59.543568464730285,50,390.0,2026464050,0.3,0.15
fig3_community_ve,621.0,0.6000000000000001,0.3,0,35.42673107890501,51,400.99999999999994,2026464051,0.3,0.15
fig3_community_ve,1035.0,0.6000000000000001,0.3,0,64.2512077294686,52,370.0,2026464052,0.3,0.15
fig3_community_ve,886.0,0.6000000000000001,0.3,0,57.67494356659142,53,375.0,2026464053,0.3,0.15
fig3_community_ve,933.9999999999999,0.6000000000000001,0.3,0,45.18201284796573,54,512.0,2026464054,0.3,0.15
fig3_community_ve,878.0,0.6000000000000001,0.3,0,40.546697038724375,55,522.0,2026464055,0.3,0.15
fig3_community_ve,613.0,0.6000000000000001,0.3,0,59.38009787928222,56,249.0,2026464056,0.3,0.15
fig3_community_ve,703.0,0.6000000000000001,0.3,0,34.56614509246088,57,460.0,2026464057,0.3,0.15
fig3_community_ve,595.0,0.6000000000000001,0.3,0,53.109243697478995,58,279.0,2026464058,0.3,0.15
fig3_community_ve,539.0,0.6000000000000001,0.3,0,29.87012987012987,59,378.0,2026464059,0.3,0.15
fig3_community_ve,1041.0,0.6000000000000001,0.3,0,60.03842459173871,60,415.99999999999994,2026464060,0.3,0.15
fig3_community_ve,860.0,0.6000000000000001,0.3,0,45.58139534883721,61,468.0,2026464061,0.3,0.15
fig3_community_ve,976.9999999999999,0.6000000000000001,0.3,0,57.93244626407369,62,411.0,2026464062,0.3,0.15
fig3_community_ve,1135.0,0.6000000000000001,0.3,0,56.74008810572687,63,491.00000000000006,2026464063,0.3,0.15
fig3_community_ve,1247.0,0.6000000000000001,0.3,0,54.611066559743385,64,566.0,2026464064,0.3,0.15
fig3_community_ve,721.0,0.6000000000000001,0.3,0,41.05409153952842,65,425.00000000000006,2026464065,0.3,0.15
fig3_community_ve,1119.0,0.6000000000000001,0.3,0,49.240393208221626,66,568.0,2026464066,0.3,0.15
fig3_community_ve,1242.0,0.6000000000000001,0.3,0,54.186795491143315,67,569.0,2026464067,0.3,0.15
fig3_community_ve,743.0,0.6000000000000001,0.3,0,50.60565275908479,68,367.0,2026464068,0.3,0.15
fig3_community_ve,646.0,0.6000000000000001,0.3,0,45.975232198142415,69,349.0,2026464069,0.3,0.15
fig3_community_ve,739.0,0.6000000000000001,0.3,0,36.94181326116374,70,466.0,2026464070,0.3,0.15
fig3_community_ve,902.0,0.6000000000000001,0.3,0,59.42350332594235,71,366.0,2026464071,0.3,0.15
fig3_community_ve,867.0000000000001,0.6000000000000001,0.3,0,55.478662053056524,72,386.0,2026464072,0.3,0.15
fig3_community_ve,932.0,0.6000000000000001,0.3,0,50.10729613733906,73,464.99999999999994,2026464073,0.3,0.15
fig3_community_ve,726.0,0.6000000000000001,0.3,0,66.2534435261708,74,245.0,2026464074,0.3,0.15
fig3_community_ve,759.0,0.6000000000000001,0.3,0,60.342555994729906,75,301.0,2026464075,0.3,0.15
fig3_community_ve,927.0,0.6000000000000001,0.3,0,39.05070118662351,76,565.0,2026464076,0.3,0.15
fig3_community_ve,931.0,0.6000000000000001,0.3,0,57.89473684210526,77,392.0,2026464077,0.3,0.15
fig3_community_ve,492.0,0.6000000000000001,0.3,0,54.26829268292683,78,224.99999999999997,2026464078,0.3,0.15
fig3_community_ve,770.0,0.6000000000000001,0.3,0,54.935064935064936,79,347.0,2026464079,0.3,0.15
fig3_community_ve,756.0,0.6000000000000001,0.3,0,44.04761904761905,80,423.0,2026464080,0.3,0.15
fig3_community_ve,940.0,0.6000000000000001,0.3,0,50.212765957446805,81,468.0,2026464081,0.3,0.15
fig3_community_ve,788.0,0.6000000000000001,0.3,0,53.045685279187815,82,370.0,2026464082,0.3,0.15
fig3_community_ve,746.0,0.6000000000000001,0.3,0,46.916890080428956,83,396.0,2026464083,0.3,0.15
fig3_community_ve,1047.0,0.6000000000000001,0.3,0,61.5090735434575,84,403.0,2026464084,0.3,0.15
fig3_community_ve,744.0,0.6000000000000001,0.3,0,48.38709677419355,85,384.0,2026464085,0.3,0.15
fig3_community_ve,816.0000000000001,0.6000000000000001,0.3,0,50.73529411764707,86,402.0,2026464086,0.3,0.15
fig3_community_ve,1122.0,0.6000000000000001,0.3,0,60.51693404634581,87,443.0,2026464087,0.3,0.15
fig3_community_ve,694.0,0.6000000000000001,0.3,0,49.279538904899134,88,352.0,2026464088,0.3,0.15
fig3_community_ve,872.0,0.6000000000000001,0.3,0,53.325688073394495,89,407.0,2026464089,0.3,0.15
fig3_community_ve,814.0,0.6000000000000001,0.3,0,57.002457002457,90,350.0,2026464090,0.3,0.15
fig3_community_ve,1149.0,0.6000000000000001,0.3,0,59.355961705831156,91,466.99999999999994,2026464091,0.3,0.15
fig3_community_ve,1013.0,0.6000000000000001,0.3,0,57.74925962487661,92,428.0,2026464092,0.3,0.15
fig3_community_ve,800.0,0.6000000000000001,0.3,0,35.75,93,514.0,2026464093,0.3,0.15
fig3_community_ve,795.0,0.6000000000000001,0.3,0,55.094339622641506,94,357.0,2026464094,0.3,0.15
fig3_community_ve,621.0,0.6000000000000001,0.3,0,43.15619967793881,95,353.0,2026464095,0.3,0.15
fig3_community_ve,762.0,0.6000000000000001,0.3,0,49.343832020997375,96,386.0,2026464096,0.3,0.15
fig3_community_ve,733.0,0.6000000000000001,0.3,0,41.336971350613915,97,430.0,2026464097,0.3,0.15
fig3_community_ve,827.0,0.6000000000000001,0.3,0,48.48851269649335,98,426.0,2026464098,0.3,0.15
fig3_community_ve,1029.0,0.6000000000000001,0.3,0,52.57531584062196,99,488.0,2026464099,0.3,0.15
fig3_community_ve,1044.0,0.6000000000000001,0.3,0,83.2375478927203,0,175.0,2026466000,0.3,0.44999999999999996
fig3_community_ve,793.9999999999999,0.6000000000000001,0.3,0,79.84886649874055,1,160.0,2026466001,0.3,0.44999999999999996
fig3_community_ve,865.9999999999999,0.6000000000000001,0.3,0,82.67898383371823,2,150.0,2026466002,0.3,0.44999999999999996
fig3_community_ve,953.0,0.6000000000000001,0.3,0,83.42077649527806,3,158.0,2026466003,0.3,0.44999999999999996
fig3_community_ve,655.0,0.6000000000000001,0.3,0,78.77862595419847,4,139.0,2026466004,0.3,0.44999999999999996
fig3_community_ve,898.0,0.6000000000000001,0.3,0,82.07126948775056,5,161.0,2026466005,0.3,0.44999999999999996
fig3_community_ve,1160.0,0.6000000000000001,0.3,0,80.34482758620689,6,228.0,2026466006,0.3,0.44999999999999996
fig3_community_ve,1369.0,0.6000000000000001,0.3,0,85.17165814463112,7,203.0,2026466007,0.3,0.44999999999999996
fig3_community_ve,1029.0,0.6000000000000001,0.3,0,80.27210884353741,8,203.0,2026466008,0.3,0.44999999999999996
fig3_community_ve,773.0,0.6000000000000001,0.3,0,84.86416558861578,9,117.0,2026466009,0.3,0.44999999999999996
fig3_community_ve,813.0,0.6000000000000001,0.3,0,70.72570725707257,10,238.00000000000003,2026466010,0.3,0.44999999999999996
fig3_community_ve,638.0,0.6000000000000001,0.3,0,77.74294670846395,11,142.0,2026466011,0.3,0.44999999999999996
fig3_community_ve,361.0,0.6000000000000001,0.3,0,79.22437673130194,12,75.0,2026466012,0.3,0.44999999999999996
fig3_community_ve,796.0,0.6000000000000001,0.3,0,85.80402010050251,13,112.99999999999999,2026466013,0.3,0.44999999999999996
fig3_community_ve,820.0000000000001,0.6000000000000001,0.3,0,79.26829268292684,14,170.0,2026466014,0.3,0.44999999999999996
fig3_community_ve,669.0,0.6000000000000001,0.3,0,81.91330343796712,15,120.99999999999999,2026466015,0.3,0.44999999999999996
fig3_community_ve,747.0,0.6000000000000001,0.3,0,79.65194109772423,16,152.0,2026466016,0.3,0.44999999999999996
fig3_community_ve,967.0,0.6000000000000001,0.3,0,80.04136504653567,17,193.0,2026466017,0.3,0.44999999999999996
fig3_community_ve,899.0,0.6000000000000001,0.3,0,81.53503893214683,18,166.0,2026466018,0.3,0.44999999999999996
fig3_community_ve,923.0,0.6000000000000001,0.3,0,83.42361863488624,19,153.0,2026466019,0.3,0.44999999999999996
fig3_community_ve,776.0,0.6000000000000001,0.3,0,76.67525773195877,20,181.0,2026466020,0.3,0.44999999999999996
fig3_community_ve,1099.0,0.6000000000000001,0.3,0,84.44040036396724,21,171.0,2026466021,0.3,0.44999999999999996
fig3_community_ve,675.0,0.6000000000000001,0.3,0,79.85185185185185,22,136.0,2026466022,0.3,0.44999999999999996
fig3_community_ve,869.9999999999999,0.6000000000000001,0.3,0,79.08045977011494,23,182.0,2026466023,0.3,0.44999999999999996
fig3_community_ve,1072.0,0.6000000000000001,0.3,0,76.02611940298507,24,257.0,2026466024,0.3,0.44999999999999996
fig3_community_ve,865.0,0.6000000000000001,0.3,0,75.83815028901734,25,208.99999999999997,2026466025,0.3,0.44999999999999996
fig3_community_ve,641.0,0.6000000000000001,0.3,0,77.69110764430577,26,143.0,2026466026,0.3,0.44999999999999996
fig3_community_ve,899.0,0.6000000000000001,0.3,0,81.31256952169076,27,168.0,2026466027,0.3,0.44999999999999996
fig3_community_ve,898.0,0.6000000000000001,0.3,0,85.4120267260579,28,131.0,2026466028,0.3,0.44999999999999996
fig3_community_ve,1007.0000000000001,0.6000000000000001,0.3,0,78.94736842105263,29,212.0,2026466029,0.3,0.44999999999999996
fig3_community_ve,865.0,0.6000000000000001,0.3,0,78.61271676300578,30,185.0,2026466030,0.3,0.44999999999999996
fig3_community_ve,796.0,0.6000000000000001,0.3,0,79.2713567839196,31,165.0,2026466031,0.3,0.44999999999999996
fig3_community_ve,627.0,0.6000000000000001,0.3,0,76.55502392344498,32,147.0,2026466032,0.3,0.44999999999999996
fig3_community_ve,488.0,0.6000000000000001,0.3,0,73.15573770491804,33,131.0,2026466033,0.3,0.44999999999999996
fig3_community_ve,700.0,0.6000000000000001,0.3,0,86.0,34,98.0,2026466034,0.3,0.44999999999999996
fig3_community_ve,625.0,0.6000000000000001,0.3,0,76.48,35,147.0,2026466035,0.3,0.44999999999999996
fig3_community_ve,990.0000000000001,0.6000000000000001,0.3,0,80.60606060606061,36,192.0,2026466036,0.3,0.44999999999999996
fig3_community_ve,925.9999999999999,0.6000000000000001,0.3,0,81.64146868250539,37,170.0,2026466037,0.3,0.44999999999999996
fig3_community_ve,1035.0,0.6000000000000001,0.3,0,83.28502415458937,38,173.0,2026466038,0.3,0.44999999999999996
fig3_community_ve,732.0,0.6000000000000001,0.3,0,75.81967213114754,39,177.0,2026466039,0.3,0.44999999999999996
fig3_community_ve,583.0,0.6000000000000001,0.3,0,76.84391080617496,40,135.0,2026466040,0.3,0.44999999999999996
fig3_community_ve,889.0,0.6000000000000001,0.3,0,78.96512935883014,41,187.0,2026466041,0.3,0.44999999999999996
fig3_community_ve,728.0,0.6000000000000001,0.3,0,84.2032967032967,42,115.0,2026466042,0.3,0.44999999999999996
fig3_community_ve,744.0,0.6000000000000001,0.3,0,79.3010752688172,43,154.0,2026466043,0.3,0.44999999999999996
fig3_community_ve,797.9999999999999,0.6000000000000001,0.3,0,70.92731829573934,44,232.0,2026466044,0.3,0.44999999999999996
fig3_community_ve,778.0,0.6000000000000001,0.3,0,77.76349614395887,45,173.0,2026466045,0.3,0.44999999999999996
fig3_community_ve,745.0,0.6000000000000001,0.3,0,76.64429530201342,46,174.0,2026466046,0.3,0.44999999999999996
fig3_community_ve,1032.0,0.6000000000000001,0.3,0,81.0077519379845,47,196.0,2026466047,0.3,0.44999999999999996
fig3_community_ve,839.0,0.6000000000000001,0.3,0,81.76400476758046,48,153.0,2026466048,0.3,0.44999999999999996
fig3_community_ve,769.0,0.6000000000000001,0.3,0,80.88426527958387,49,147.0,2026466049,0.3,0.44999999999999996
fig3_community_ve,770.0,0.6000000000000001,0.3,0,77.01298701298701,50,177.0,2026466050,0.3,0.44999999999999996
fig3_community_ve,1108.0,0.6000000000000001,0.3,0,84.65703971119133,51,170.0,2026466051,0.3,0.44999999999999996
fig3_community_ve,1062.0,0.6000000000000001,0.3,0,86.62900188323917,52,142.0,2026466052,0.3,0.44999999999999996
fig3_community_ve,957.0,0.6000000000000001,0.3,0,83.80355276907001,53,155.0,2026466053,0.3,0.44999999999999996
fig3_community_ve,1082.0,0.6000000000000001,0.3,0,81.70055452865064,54,198.0,2026466054,0.3,0.44999999999999996
fig3_community_ve,641.0,0.6000000000000001,0.3,0,74.72698907956318,55,162.0,2026466055,0.3,0.44999999999999996
fig3_community_ve,830.0,0.6000000000000001,0.3,0,77.83132530120481,56,184.0,2026466056,0.3,0.44999999999999996
fig3_community_ve,949.0,0.6000000000000001,0.3,0,81.77028451001054,57,173.0,2026466057,0.3,0.44999999999999996
fig3_community_ve,774.0,0.6000000000000001,0.3,0,82.55813953488372,58,135.0,2026466058,0.3,0.44999999999999996
fig3_community_ve,918.0000000000001,0.6000000000000001,0.3,0,78.54030501089325,59,197.0,2026466059,0.3,0.44999999999999996
fig3_community_ve,797.9999999999999,0.6000000000000001,0.3,0,84.46115288220551,60,124.0,2026466060,0.3,0.44999999999999996
fig3_community_ve,844.0,0.6000000000000001,0.3,0,78.19905213270142,61,184.0,2026466061,0.3,0.44999999999999996
fig3_community_ve,808.0,0.6000000000000001,0.3,0,81.43564356435644,62,150.0,2026466062,0.3,0.44999999999999996
fig3_community_ve,905.0000000000001,0.6000000000000001,0.3,0,83.31491712707182,63,151.0,2026466063,0.3,0.44999999999999996
fig3_community_ve,681.0,0.6000000000000001,0.3,0,75.33039647577093,64,168.0,2026466064,0.3,0.44999999999999996
fig3_community_ve,622.0,0.6000000000000001,0.3,0,75.72347266881029,65,151.0,2026466065,0.3,0.44999999999999996
fig3_community_ve,886.9999999999999,0.6000000000000001,0.3,0,83.76550169109356,66,144.0,2026466066,0.3,0.44999999999999996
fig3_community_ve,877.0,0.6000000000000001,0.3,0,78.2212086659065,67,191.0,2026466067,0.3,0.44999999999999996
fig3_community_ve,563.0,0.6000000000000001,0.3,0,73.53463587921847,68,149.0,2026466068,0.3,0.44999999999999996
fig3_community_ve,1111.0,0.6000000000000001,0.3,0,78.93789378937893,69,234.0,2026466069,0.3,0.44999999999999996
fig3_community_ve,711.0,0.6000000000000001,0.3,0,77.21518987341773,70,162.0,2026466070,0.3,0.44999999999999996
fig3_community_ve,760.0,0.6000000000000001,0.3,0,74.73684210526316,71,192.0,2026466071,0.3,0.44999999999999996
fig3_community_ve,957.0,0.6000000000000001,0.3,0,77.22048066875654,72,218.0,2026466072,0.3,0.44999999999999996
fig3_community_ve,1161.0,0.6000000000000001,0.3,0,77.6916451335056,73,259.0,2026466073,0.3,0.44999999999999996
fig3_community_ve,671.0,0.6000000000000001,0.3,0,70.49180327868852,74,198.0,2026466074,0.3,0.44999999999999996
fig3_community_ve,730.0,0.6000000000000001,0.3,0,75.75342465753425,75,177.0,2026466075,0.3,0.44999999999999996
fig3_community_ve,723.0,0.6000000000000001,0.3,0,82.98755186721992,76,123.0,2026466076,0.3,0.44999999999999996
fig3_community_ve,1268.0,0.6000000000000001,0.3,0,82.64984227129338,77,220.0,2026466077,0.3,0.44999999999999996
fig3_community_ve,988.0,0.6000000000000001,0.3,0,78.03643724696356,78,217.0,2026466078,0.3,0.44999999999999996
fig3_community_ve,586.0,0.6000000000000001,0.3,0,79.69283276450511,79,119.00000000000001,2026466079,0.3,0.44999999999999996
fig3_community_ve,1063.0,0.6000000000000001,0.3,0,81.74976481655692,80,194.0,2026466080,0.3,0.44999999999999996
fig3_community_ve,1037.0,0.6000000000000001,0.3,0,80.32786885245902,81,204.00000000000003,2026466081,0.3,0.44999999999999996
fig3_community_ve,978.0,0.6000000000000001,0.3,0,83.43558282208589,82,162.0,2026466082,0.3,0.44999999999999996
fig3_community_ve,831.9999999999999,0.6000000000000001,0.3,0,88.46153846153845,83,96.0,2026466083,0.3,0.44999999999999996
fig3_community_ve,782.0,0.6000000000000001,0.3,0,76.34271099744245,84,185.0,2026466084,0.3,0.44999999999999996
fig3_community_ve,685.0,0.6000000000000001,0.3,0,84.37956204379562,85,107.0,2026466085,0.3,0.44999999999999996
fig3_community_ve,657.0,0.6000000000000001,0.3,0,74.42922374429224,86,168.0,2026466086,0.3,0.44999999999999996
fig3_community_ve,925.0,0.6000000000000001,0.3,0,82.27027027027027,87,164.0,2026466087,0.3,0.44999999999999996
fig3_community_ve,1182.0,0.6000000000000001,0.3,0,81.1336717428088,88,223.00000000000003,2026466088,0.3,0.44999999999999996
fig3_community_ve,967.0,0.6000000000000001,0.3,0,84.69493278179938,89,148.0,2026466089,0.3,0.44999999999999996
fig3_community_ve,683.0,0.6000000000000001,0.3,0,77.30600292825768,90,155.0,2026466090,0.3,0.44999999999999996
fig3_community_ve,708.0,0.6000000000000001,0.3,0,78.954802259887,91,149.0,2026466091,0.3,0.44999999999999996
fig3_community_ve,718.0,0.6000000000000001,0.3,0,72.98050139275766,92,194.0,2026466092,0.3,0.44999999999999996
fig3_community_ve,724.0,0.6000000000000001,0.3,0,78.1767955801105,93,158.0,2026466093,0.3,0.44999999999999996
fig3_community_ve,873.0,0.6000000000000001,0.3,0,80.18327605956472,94,173.0,2026466094,0.3,0.44999999999999996
fig3_community_ve,826.0,0.6000000000000001,0.3,0,74.818401937046,95,207.99999999999997,2026466095,0.3,0.44999999999999996
fig3_community_ve,741.0,0.6000000000000001,0.3,0,78.40755735492577,96,160.0,2026466096,0.3,0.44999999999999996
fig3_community_ve,637.0,0.6000000000000001,0.3,0,75.19623233908948,97,158.0,2026466097,0.3,0.44999999999999996
fig3_community_ve,954.0,0.6000000000000001,0.3,0,80.083857442348,98,190.0,2026466098,0.3,0.44999999999999996
fig3_community_ve,826.0,0.6000000000000001,0.3,0,78.8135593220339,99,175.0,2026466099,0.3,0.44999999999999996
fig3_community_ve,698.0,0.6000000000000001,0.3,0,62.750716332378225,0,260.0,2026465000,0.3,0.3
fig3_community_ve,584.0,0.6000000000000001,0.3,0,67.8082191780822,1,188.0,2026465001,0.3,0.3
fig3_community_ve,898.0,0.6000000000000001,0.3,0,65.3674832962138,2,311.0,2026465002,0.3,0.3
fig3_community_ve,720.0,0.6000000000000001,0.3,0,64.02777777777777,3,259.0,2026465003,0.3,0.3
fig3_community_ve,844.0,0.6000000000000001,0.3,0,77.01421800947867,4,194.0,2026465004,0.3,0.3
fig3_community_ve,534.0,0.6000000000000001,0.3,0,61.42322097378277,5,206.00000000000003,2026465005,0.3,0.3
fig3_community_ve,575.0,0.6000000000000001,0.3,0,65.04347826086956,6,201.0,2026465006,0.3,0.3
fig3_community_ve,954.0,0.6000000000000001,0.3,0,72.85115303983228,7,259.0,2026465007,0.3,0.3
fig3_community_ve,723.0,0.6000000000000001,0.3,0,63.48547717842324,8,264.0,2026465008,0.3,0.3
fig3_community_ve,639.0,0.6000000000000001,0.3,0,65.88419405320813,9,218.0,2026465009,0.3,0.3
fig3_community_ve,800.0,0.6000000000000001,0.3,0,77.125,10,183.0,2026465010,0.3,0.3
fig3_community_ve,656.0,0.6000000000000001,0.3,0,60.97560975609756,11,256.0,2026465011,0.3,0.3
fig3_community_ve,675.0,0.6000000000000001,0.3,0,74.22222222222223,12,174.0,2026465012,0.3,0.3
fig3_community_ve,679.0,0.6000000000000001,0.3,0,69.0721649484536,13,210.0,2026465013,0.3,0.3
fig3_community_ve,590.0,0.6000000000000001,0.3,0,60.67796610169491,14,232.0,2026465014,0.3,0.3
fig3_community_ve,844.0,0.6000000000000001,0.3,0,67.53554502369668,15,274.0,2026465015,0.3,0.3
fig3_community_ve,789.0,0.6000000000000001,0.3,0,75.15842839036755,16,196.0,2026465016,0.3,0.3
fig3_community_ve,1059.0,0.6000000000000001,0.3,0,70.16052880075543,17,316.0,2026465017,0.3,0.3
fig3_community_ve,755.0,0.6000000000000001,0.3,0,64.76821192052981,18,266.0,2026465018,0.3,0.3
fig3_community_ve,582.0,0.6000000000000001,0.3,0,66.66666666666667,19,194.0,2026465019,0.3,0.3
fig3_community_ve,743.0,0.6000000000000001,0.3,0,69.04441453566622,20,230.0,2026465020,0.3,0.3
fig3_community_ve,1028.0,0.6000000000000001,0.3,0,75.0,21,257.0,2026465021,0.3,0.3
fig3_community_ve,678.0,0.6000000000000001,0.3,0,62.094395280235986,22,257.0,2026465022,0.3,0.3
fig3_community_ve,517.0,0.6000000000000001,0.3,0,62.0889748549323,23,196.0,2026465023,0.3,0.3
fig3_community_ve,1075.0,0.6000000000000001,0.3,0,69.3953488372093,24,329.0,2026465024,0.3,0.3
fig3_community_ve,895.0,0.6000000000000001,0.3,0,75.3072625698324,25,221.00000000000003,2026465025,0.3,0.3
fig3_community_ve,1051.0,0.6000000000000001,0.3,0,75.35680304471931,26,259.0,2026465026,0.3,0.3
fig3_community_ve,611.0,0.6000000000000001,0.3,0,70.7037643207856,27,179.0,2026465027,0.3,0.3
fig3_community_ve,673.0,0.6000000000000001,0.3,0,77.86032689450222,28,149.0,2026465028,0.3,0.3
fig3_community_ve,810.9999999999999,0.6000000000000001,0.3,0,65.72133168927249,29,278.0,2026465029,0.3,0.3
fig3_community_ve,941.0,0.6000000000000001,0.3,0,63.86822529224229,30,340.0,2026465030,0.3,0.3
fig3_community_ve,601.0,0.6000000000000001,0.3,0,66.55574043261231,31,201.0,2026465031,0.3,0.3
fig3_community_ve,684.0,0.6000000000000001,0.3,0,79.3859649122807,32,141.0,2026465032,0.3,0.3
fig3_community_ve,895.9999999999999,0.6000000000000001,0.3,0,71.42857142857142,33,256.0,2026465033,0.3,0.3
fig3_community_ve,743.0,0.6000000000000001,0.3,0,70.12113055181696,34,222.00000000000003,2026465034,0.3,0.3
fig3_community_ve,693.0,0.6000000000000001,0.3,0,63.78066378066378,35,251.0,2026465035,0.3,0.3
fig3_community_ve,872.0,0.6000000000000001,0.3,0,74.88532110091744,36,219.0,2026465036,0.3,0.3
fig3_community_ve,680.0,0.6000000000000001,0.3,0,77.79411764705883,37,151.0,2026465037,0.3,0.3
fig3_community_ve,692.0,0.6000000000000001,0.3,0,73.98843930635839,38,180.0,2026465038,0.3,0.3
fig3_community_ve,575.0,0.6000000000000001,0.3,0,63.47826086956522,39,210.0,2026465039,0.3,0.3
fig3_community_ve,874.0,0.6000000000000001,0.3,0,74.37070938215103,40,223.99999999999997,2026465040,0.3,0.3
fig3_community_ve,1204.0,0.6000000000000001,0.3,0,66.19601328903654,41,407.0,2026465041,0.3,0.3
fig3_community_ve,778.0,0.6000000000000001,0.3,0,63.753213367609256,42,282.0,2026465042,0.3,0.3
fig3_community_ve,763.0,0.6000000000000001,0.3,0,65.13761467889908,43,266.0,2026465043,0.3,0.3
fig3_community_ve,624.0,0.6000000000000001,0.3,0,74.35897435897436,44,160.0,2026465044,0.3,0.3
fig3_community_ve,1123.0,0.6000000000000001,0.3,0,78.45057880676758,45,241.99999999999997,2026465045,0.3,0.3
fig3_community_ve,698.0,0.6000000000000001,0.3,0,74.92836676217765,46,175.0,2026465046,0.3,0.3
fig3_community_ve,678.0,0.6000000000000001,0.3,0,63.42182890855457,47,248.0,2026465047,0.3,0.3
fig3_community_ve,662.0,0.6000000000000001,0.3,0,62.08459214501511,48,251.0,2026465048,0.3,0.3
fig3_community_ve,586.0,0.6000000000000001,0.3,0,74.40273037542661,49,150.0,2026465049,0.3,0.3
fig3_community_ve,859.0,0.6000000000000001,0.3,0,78.46332945285215,50,185.0,2026465050,0.3,0.3
fig3_community_ve,1162.0,0.6000000000000001,0.3,0,76.07573149741825,51,278.0,2026465051,0.3,0.3
fig3_community_ve,493.00000000000006,0.6000000000000001,0.3,0,70.79107505070995,52,144.0,2026465052,0.3,0.3
fig3_community_ve,1108.0,0.6000000000000001,0.3,0,70.66787003610108,53,325.0,2026465053,0.3,0.3
fig3_community_ve,965.0000000000001,0.6000000000000001,0.3,0,70.36269430051814,54,286.0,2026465054,0.3,0.3
fig3_community_ve,613.0,0.6000000000000001,0.3,0,66.721044045677,55,204.00000000000003,2026465055,0.3,0.3
fig3_community_ve,908.0,0.6000000000000001,0.3,0,67.84140969162996,56,292.0,2026465056,0.3,0.3
fig3_community_ve,776.0,0.6000000000000001,0.3,0,64.94845360824742,57,272.0,2026465057,0.3,0.3
fig3_community_ve,1005.0,0.6000000000000001,0.3,0,73.53233830845771,58,266.0,2026465058,0.3,0.3
fig3_community_ve,604.0,0.6000000000000001,0.3,0,58.27814569536424,59,252.0,2026465059,0.3,0.3
fig3_community_ve,929.9999999999999,0.6000000000000001,0.3,0,76.66666666666666,60,217.0,2026465060,0.3,0.3
fig3_community_ve,905.0000000000001,0.6000000000000001,0.3,0,73.37016574585635,61,240.99999999999997,2026465061,0.3,0.3
fig3_community_ve,682.0,0.6000000000000001,0.3,0,75.366568914956,62,168.0,2026465062,0.3,0.3
fig3_community_ve,793.9999999999999,0.6000000000000001,0.3,0,70.27707808564232,63,236.0,2026465063,0.3,0.3
fig3_community_ve,1034.0,0.6000000000000001,0.3,0,73.69439071566731,64,272.0,2026465064,0.3,0.3
fig3_community_ve,1039.0,0.6000000000000001,0.3,0,74.78344562078922,65,262.0,2026465065,0.3,0.3
fig3_community_ve,746.0,0.6000000000000001,0.3,0,57.77479892761394,66,315.0,2026465066,0.3,0.3
fig3_community_ve,852.0,0.6000000000000001,0.3,0,72.41784037558685,67,235.0,2026465067,0.3,0.3
fig3_community_ve,892.0000000000001,0.6000000000000001,0.3,0,79.48430493273543,68,183.0,2026465068,0.3,0.3
fig3_community_ve,632.0,0.6000000000000001,0.3,0,63.765822784810126,69,229.0,2026465069,0.3,0.3
fig3_community_ve,831.0,0.6000000000000001,0.3,0,71.11913357400722,70,239.99999999999997,2026465070,0.3,0.3
fig3_community_ve,837.0000000000001,0.6000000000000001,0.3,0,74.79091995221029,71,211.0,2026465071,0.3,0.3
fig3_community_ve,932.0,0.6000000000000001,0.3,0,70.06437768240343,72,279.0,2026465072,0.3,0.3
fig3_community_ve,675.0,0.6000000000000001,0.3,0,68.5925925925926,73,212.0,2026465073,0.3,0.3
fig3_community_ve,724.0,0.6000000000000001,0.3,0,66.02209944751381,74,246.0,2026465074,0.3,0.3
fig3_community_ve,1023.0,0.6000000000000001,0.3,0,74.58455522971651,75,260.0,2026465075,0.3,0.3
fig3_community_ve,1294.0,0.6000000000000001,0.3,0,75.19319938176197,76,321.0,2026465076,0.3,0.3
fig3_community_ve,817.0,0.6000000000000001,0.3,0,70.99143206854345,77,237.00000000000003,2026465077,0.3,0.3
fig3_community_ve,823.0,0.6000000000000001,0.3,0,64.76306196840827,78,290.0,2026465078,0.3,0.3
fig3_community_ve,1130.0,0.6000000000000001,0.3,0,74.070796460177,79,293.0,2026465079,0.3,0.3
fig3_community_ve,638.0,0.6000000000000001,0.3,0,64.42006269592477,80,227.0,2026465080,0.3,0.3
fig3_community_ve,983.0,0.6000000000000001,0.3,0,73.34689725330621,81,262.0,2026465081,0.3,0.3
fig3_community_ve,1141.0,0.6000000000000001,0.3,0,74.40841367221735,82,292.0,2026465082,0.3,0.3
fig3_community_ve,903.0,0.6000000000000001,0.3,0,78.95902547065337,83,190.0,2026465083,0.3,0.3
fig3_community_ve,789.0,0.6000000000000001,0.3,0,75.2851711026616,84,195.0,2026465084,0.3,0.3
fig3_community_ve,707.0,0.6000000000000001,0.3,0,66.61951909476662,85,236.0,2026465085,0.3,0.3
fig3_community_ve,923.0,0.6000000000000001,0.3,0,70.74756229685808,86,270.0,2026465086,0.3,0.3
fig3_community_ve,867.0000000000001,0.6000000000000001,0.3,0,67.24336793540947,87,284.0,2026465087,0.3,0.3
fig3_community_ve,1111.0,0.6000000000000001,0.3,0,79.47794779477948,88,228.0,2026465088,0.3,0.3
fig3_community_ve,657.0,0.6000000000000001,0.3,0,64.84018264840182,89,231.0,2026465089,0.3,0.3
fig3_community_ve,878.9999999999999,0.6000000000000001,0.3,0,74.17519908987485,90,227.0,2026465090,0.3,0.3
fig3_community_ve,1290.0,0.6000000000000001,0.3,0,74.88372093023256,91,324.0,2026465091,0.3,0.3
fig3_community_ve,602.0,0.6000000000000001,0.3,0,64.78405315614619,92,212.0,2026465092,0.3,0.3
fig3_community_ve,895.0,0.6000000000000001,0.3,0,73.5195530726257,93,237.00000000000003,2026465093,0.3,0.3
fig3_community_ve,690.0,0.6000000000000001,0.3,0,67.2463768115942,94,225.99999999999997,2026465094,0.3,0.3
fig3_community_ve,691.0,0.6000000000000001,0.3,0,75.9768451519537,95,166.0,2026465095,0.3,0.3
fig3_community_ve,848.0,0.6000000000000001,0.3,0,70.75471698113208,96,248.0,2026465096,0.3,0.3
fig3_community_ve,781.0,0.6000000000000001,0.3,0,77.97695262483995,97,172.0,2026465097,0.3,0.3
fig3_community_ve,868.0,0.6000000000000001,0.3,0,59.67741935483871,98,350.0,2026465098,0.3,0.3
fig3_community_ve,891.0,0.6000000000000001,0.3,0,76.54320987654322,99,208.99999999999997,2026465099,0.3,0.3
fig3_community_ve,826.0,0.6000000000000001,0.3,0,85.59322033898304,0,119.00000000000001,2026467000,0.3,0.6
fig3_community_ve,743.0,0.6000000000000001,0.3,0,82.90713324360699,1,127.00000000000001,2026467001,0.3,0.6
fig3_community_ve,1220.0,0.6000000000000001,0.3,0,84.34426229508196,2,191.0,2026467002,0.3,0.6
fig3_community_ve,754.0,0.6000000000000001,0.3,0,80.90185676392574,3,144.0,2026467003,0.3,0.6
fig3_community_ve,1281.0,0.6000000000000001,0.3,0,87.66588602654177,4,158.0,2026467004,0.3,0.6
fig3_community_ve,775.0,0.6000000000000001,0.3,0,86.06451612903226,5,108.0,2026467005,0.3,0.6
fig3_community_ve,818.9999999999999,0.6000000000000001,0.3,0,81.07448107448107,6,155.0,2026467006,0.3,0.6
fig3_community_ve,923.0,0.6000000000000001,0.3,0,83.7486457204767,7,150.0,2026467007,0.3,0.6
fig3_community_ve,689.0,0.6000000000000001,0.3,0,85.05079825834542,8,103.00000000000001,2026467008,0.3,0.6
fig3_community_ve,1077.0,0.6000000000000001,0.3,0,86.62952646239555,9,144.0,2026467009,0.3,0.6
fig3_community_ve,959.9999999999999,0.6000000000000001,0.3,0,83.4375,10,159.0,2026467010,0.3,0.6
fig3_community_ve,673.0,0.6000000000000001,0.3,0,85.73551263001485,11,96.0,2026467011,0.3,0.6
fig3_community_ve,1028.0,0.6000000000000001,0.3,0,85.70038910505836,12,147.0,2026467012,0.3,0.6
fig3_community_ve,581.0,0.6000000000000001,0.3,0,77.28055077452667,13,132.0,2026467013,0.3,0.6
fig3_community_ve,688.0,0.6000000000000001,0.3,0,84.44767441860465,14,107.0,2026467014,0.3,0.6
fig3_community_ve,984.0,0.6000000000000001,0.3,0,86.48373983739837,15,133.0,2026467015,0.3,0.6
fig3_community_ve,920.0,0.6000000000000001,0.3,0,85.21739130434783,16,136.0,2026467016,0.3,0.6
fig3_community_ve,525.0,0.6000000000000001,0.3,0,80.19047619047619,17,103.99999999999999,2026467017,0.3,0.6
fig3_community_ve,877.0,0.6000000000000001,0.3,0,85.06271379703534,18,131.0,2026467018,0.3,0.6
fig3_community_ve,774.0,0.6000000000000001,0.3,0,82.81653746770026,19,133.0,2026467019,0.3,0.6
fig3_community_ve,782.0,0.6000000000000001,0.3,0,85.42199488491049,20,114.0,2026467020,0.3,0.6
fig3_community_ve,929.9999999999999,0.6000000000000001,0.3,0,88.17204301075269,21,110.0,2026467021,0.3,0.6
fig3_community_ve,791.0,0.6000000000000001,0.3,0,78.38179519595448,22,171.0,2026467022,0.3,0.6
fig3_community_ve,599.0,0.6000000000000001,0.3,0,81.13522537562605,23,112.99999999999999,2026467023,0.3,0.6
fig3_community_ve,852.0,0.6000000000000001,0.3,0,87.32394366197182,24,108.0,2026467024,0.3,0.6
fig3_community_ve,914.0,0.6000000000000001,0.3,0,83.80743982494529,25,148.0,2026467025,0.3,0.6
fig3_community_ve,658.0,0.6000000000000001,0.3,0,79.48328267477204,26,135.0,2026467026,0.3,0.6
fig3_community_ve,728.0,0.6000000000000001,0.3,0,81.73076923076923,27,133.0,2026467027,0.3,0.6
fig3_community_ve,510.00000000000006,0.6000000000000001,0.3,0,77.64705882352942,28,114.0,2026467028,0.3,0.6
fig3_community_ve,679.0,0.6000000000000001,0.3,0,83.21060382916053,29,114.0,2026467029,0.3,0.6
fig3_community_ve,1048.0,0.6000000000000001,0.3,0,82.91984732824427,30,179.0,2026467030,0.3,0.6
fig3_community_ve,1171.0,0.6000000000000001,0.3,0,83.51836037574722,31,193.0,2026467031,0.3,0.6
fig3_community_ve,601.0,0.6000000000000001,0.3,0,85.35773710482529,32,88.0,2026467032,0.3,0.6
fig3_community_ve,793.0,0.6000000000000001,0.3,0,80.45397225725094,33,155.0,2026467033,0.3,0.6
fig3_community_ve,1044.0,0.6000000000000001,0.3,0,86.30268199233717,34,143.0,2026467034,0.3,0.6
fig3_community_ve,950.9999999999999,0.6000000000000001,0.3,0,81.4931650893796,35,176.0,2026467035,0.3,0.6
fig3_community_ve,893.0,0.6000000000000001,0.3,0,84.21052631578948,36,141.0,2026467036,0.3,0.6
fig3_community_ve,731.0,0.6000000000000001,0.3,0,82.48974008207934,37,128.0,2026467037,0.3,0.6
fig3_community_ve,673.0,0.6000000000000001,0.3,0,82.02080237741457,38,120.99999999999999,2026467038,0.3,0.6
fig3_community_ve,1065.0,0.6000000000000001,0.3,0,84.50704225352112,39,165.0,2026467039,0.3,0.6
fig3_community_ve,841.0000000000001,0.6000000000000001,0.3,0,87.27705112960761,40,107.0,2026467040,0.3,0.6
fig3_community_ve,876.0,0.6000000000000001,0.3,0,84.3607305936073,41,137.0,2026467041,0.3,0.6
fig3_community_ve,1004.0,0.6000000000000001,0.3,0,85.2589641434263,42,148.0,2026467042,0.3,0.6
fig3_community_ve,949.0,0.6000000000000001,0.3,0,83.56164383561644,43,156.0,2026467043,0.3,0.6
fig3_community_ve,715.0,0.6000000000000001,0.3,0,87.27272727272727,44,91.0,2026467044,0.3,0.6
fig3_community_ve,799.0000000000001,0.6000000000000001,0.3,0,80.35043804755945,45,157.0,2026467045,0.3,0.6
fig3_community_ve,944.0,0.6000000000000001,0.3,0,87.92372881355932,46,114.0,2026467046,0.3,0.6
fig3_community_ve,813.0,0.6000000000000001,0.3,0,88.68388683886839,47,92.0,2026467047,0.3,0.6
fig3_community_ve,602.0,0.6000000000000001,0.3,0,84.0531561461794,48,96.0,2026467048,0.3,0.6
fig3_community_ve,799.0000000000001,0.6000000000000001,0.3,0,86.35794743429287,49,109.0,2026467049,0.3,0.6
fig3_community_ve,933.0,0.6000000000000001,0.3,0,82.42229367631298,50,164.0,2026467050,0.3,0.6
fig3_community_ve,611.0,0.6000000000000001,0.3,0,78.88707037643208,51,129.0,2026467051,0.3,0.6
fig3_community_ve,865.9999999999999,0.6000000000000001,0.3,0,84.18013856812932,52,137.0,2026467052,0.3,0.6
fig3_community_ve,1175.0,0.6000000000000001,0.3,0,85.53191489361703,53,170.0,2026467053,0.3,0.6
fig3_community_ve,417.0,0.6000000000000001,0.3,0,77.93764988009592,54,92.0,2026467054,0.3,0.6
fig3_community_ve,1005.0,0.6000000000000001,0.3,0,87.46268656716418,55,126.0,2026467055,0.3,0.6
fig3_community_ve,999.0000000000001,0.6000000000000001,0.3,0,85.48548548548548,56,145.0,2026467056,0.3,0.6
fig3_community_ve,932.0,0.6000000000000001,0.3,0,81.3304721030043,57,174.0,2026467057,0.3,0.6
fig3_community_ve,799.0000000000001,0.6000000000000001,0.3,0,81.10137672090113,58,151.0,2026467058,0.3,0.6
fig3_community_ve,1254.0,0.6000000000000001,0.3,0,87.32057416267942,59,159.0,2026467059,0.3,0.6
fig3_community_ve,1049.0,0.6000000000000001,0.3,0,87.51191611058151,60,131.0,2026467060,0.3,0.6
fig3_community_ve,1262.0,0.6000000000000001,0.3,0,85.65768621236133,61,181.0,2026467061,0.3,0.6
fig3_community_ve,875.0000000000001,0.6000000000000001,0.3,0,85.25714285714287,62,129.0,2026467062,0.3,0.6
fig3_community_ve,827.0,0.6000000000000001,0.3,0,83.67593712212818,63,135.0,2026467063,0.3,0.6
fig3_community_ve,1027.0,0.6000000000000001,0.3,0,88.51022395326193,64,118.0,2026467064,0.3,0.6
fig3_community_ve,601.0,0.6000000000000001,0.3,0,81.69717138103161,65,110.0,2026467065,0.3,0.6
fig3_community_ve,942.9999999999999,0.6000000000000001,0.3,0,82.29056203605514,66,167.0,2026467066,0.3,0.6
fig3_community_ve,1140.0,0.6000000000000001,0.3,0,83.6842105263158,67,186.0,2026467067,0.3,0.6
fig3_community_ve,824.0000000000001,0.6000000000000001,0.3,0,84.10194174757282,68,131.0,2026467068,0.3,0.6
fig3_community_ve,865.0,0.6000000000000001,0.3,0,79.88439306358381,69,174.0,2026467069,0.3,0.6
fig3_community_ve,622.0,0.6000000000000001,0.3,0,83.92282958199357,70,100.0,2026467070,0.3,0.6
fig3_community_ve,972.0,0.6000000000000001,0.3,0,87.44855967078189,71,122.0,2026467071,0.3,0.6
fig3_community_ve,693.0,0.6000000000000001,0.3,0,82.82828282828282,72,119.00000000000001,2026467072,0.3,0.6
fig3_community_ve,1162.0,0.6000000000000001,0.3,0,87.69363166953528,73,143.0,2026467073,0.3,0.6
fig3_community_ve,1140.0,0.6000000000000001,0.3,0,88.85964912280701,74,127.00000000000001,2026467074,0.3,0.6
fig3_community_ve,1076.0,0.6000000000000001,0.3,0,85.59479553903346,75,155.0,2026467075,0.3,0.6
fig3_community_ve,723.0,0.6000000000000001,0.3,0,87.96680497925311,76,87.0,2026467076,0.3,0.6
fig3_community_ve,826.0,0.6000000000000001,0.3,0,84.38256658595641,77,129.0,2026467077,0.3,0.6
fig3_community_ve,1064.0,0.6000000000000001,0.3,0,87.12406015037594,78,137.0,2026467078,0.3,0.6
fig3_community_ve,865.9999999999999,0.6000000000000001,0.3,0,83.83371824480369,79,140.0,2026467079,0.3,0.6
fig3_community_ve,488.0,0.6000000000000001,0.3,0,82.17213114754098,80,87.0,2026467080,0.3,0.6
fig3_community_ve,912.0,0.6000000000000001,0.3,0,84.4298245614035,81,142.0,2026467081,0.3,0.6
fig3_community_ve,867.0000000000001,0.6000000000000001,0.3,0,86.50519031141869,82,117.0,2026467082,0.3,0.6
fig3_community_ve,952.0000000000001,0.6000000000000001,0.3,0,84.03361344537815,83,152.0,2026467083,0.3,0.6
fig3_community_ve,842.0,0.6000000000000001,0.3,0,85.98574821852732,84,118.0,2026467084,0.3,0.6
fig3_community_ve,749.0,0.6000000000000001,0.3,0,81.70894526034714,85,137.0,2026467085,0.3,0.6
fig3_community_ve,945.0,0.6000000000000001,0.3,0,87.72486772486772,86,116.0,2026467086,0.3,0.6
fig3_community_ve,1031.0,0.6000000000000001,0.3,0,87.58486905916585,87,128.0,2026467087,0.3,0.6
fig3_community_ve,774.0,0.6000000000000001,0.3,0,81.26614987080103,88,145.0,2026467088,0.3,0.6
fig3_community_ve,750.0,0.6000000000000001,0.3,0,82.8,89,129.0,2026467089,0.3,0.6
fig3_community_ve,655.0,0.6000000000000001,0.3,0,81.98473282442748,90,118.0,2026467090,0.3,0.6
fig3_community_ve,783.0,0.6000000000000001,0.3,0,84.54661558109834,91,120.99999999999999,2026467091,0.3,0.6
fig3_community_ve,1163.0,0.6000000000000001,0.3,0,87.53224419604472,92,145.0,2026467092,0.3,0.6
fig3_community_ve,737.0,0.6000000000000001,0.3,0,80.7327001356852,93,142.0,2026467093,0.3,0.6
fig3_community_ve,1204.0,0.6000000000000001,0.3,0,87.54152823920266,94,150.0,2026467094,0.3,0.6
fig3_community_ve,816.0000000000001,0.6000000000000001,0.3,0,86.39705882352942,95,111.00000000000001,2026467095,0.3,0.6
fig3_community_ve,903.9999999999999,0.6000000000000001,0.3,0,85.28761061946902,96,133.0,2026467096,0.3,0.6
fig3_community_ve,1020.0000000000001,0.6000000000000001,0.3,0,82.3529411764706,97,180.0,2026467097,0.3,0.6
fig3_community_ve,881.0,0.6000000000000001,0.3,0,82.17934165720771,98,157.0,2026467098,0.3,0.6
fig3_community_ve,1148.0,0.6000000000000001,0.3,0,89.11149825783973,99,125.0,2026467099,0.3,0.6
fig3_community_ve,664.0,0.6000000000000001,0.3,0,84.03614457831326,0,106.0,2026468000,0.3,0.75
fig3_community_ve,831.0,0.6000000000000001,0.3,0,83.03249097472924,1,141.0,2026468001,0.3,0.75
fig3_community_ve,889.0,0.6000000000000001,0.3,0,82.45219347581552,2,156.0,2026468002,0.3,0.75
fig3_community_ve,843.0,0.6000000000000001,0.3,0,88.84934756820878,3,94.0,2026468003,0.3,0.75
fig3_community_ve,602.0,0.6000000000000001,0.3,0,83.72093023255815,4,98.0,2026468004,0.3,0.75
fig3_community_ve,976.9999999999999,0.6000000000000001,0.3,0,86.89866939611053,5,128.0,2026468005,0.3,0.75
fig3_community_ve,691.0,0.6000000000000001,0.3,0,83.93632416787266,6,111.00000000000001,2026468006,0.3,0.75
fig3_community_ve,830.0,0.6000000000000001,0.3,0,82.40963855421687,7,146.0,2026468007,0.3,0.75
fig3_community_ve,950.9999999999999,0.6000000000000001,0.3,0,89.6950578338591,8,98.0,2026468008,0.3,0.75
fig3_community_ve,574.0,0.6000000000000001,0.3,0,83.62369337979094,9,94.0,2026468009,0.3,0.75
fig3_community_ve,1036.0,0.6000000000000001,0.3,0,85.32818532818533,10,152.0,2026468010,0.3,0.75
fig3_community_ve,897.0,0.6000000000000001,0.3,0,87.62541806020067,11,111.00000000000001,2026468011,0.3,0.75
fig3_community_ve,1003.0000000000001,0.6000000000000001,0.3,0,88.43469591226321,12,116.0,2026468012,0.3,0.75
fig3_community_ve,706.0,0.6000000000000001,0.3,0,80.73654390934844,13,136.0,2026468013,0.3,0.75
fig3_community_ve,576.0,0.6000000000000001,0.3,0,85.9375,14,81.0,2026468014,0.3,0.75
fig3_community_ve,733.0,0.6000000000000001,0.3,0,83.62892223738062,15,119.99999999999999,2026468015,0.3,0.75
fig3_community_ve,793.0,0.6000000000000001,0.3,0,83.85876418663304,16,128.0,2026468016,0.3,0.75
fig3_community_ve,875.0000000000001,0.6000000000000001,0.3,0,88.0,17,105.0,2026468017,0.3,0.75
fig3_community_ve,1016.0000000000001,0.6000000000000001,0.3,0,88.09055118110237,18,120.99999999999999,2026468018,0.3,0.75
fig3_community_ve,697.0,0.6000000000000001,0.3,0,85.65279770444764,19,100.0,2026468019,0.3,0.75
fig3_community_ve,1196.0,0.6000000000000001,0.3,0,86.45484949832776,20,162.0,2026468020,0.3,0.75
fig3_community_ve,1062.0,0.6000000000000001,0.3,0,88.70056497175142,21,119.99999999999999,2026468021,0.3,0.75
fig3_community_ve,708.0,0.6000000000000001,0.3,0,75.70621468926554,22,172.0,2026468022,0.3,0.75
fig3_community_ve,827.0,0.6000000000000001,0.3,0,84.5223700120919,23,128.0,2026468023,0.3,0.75
fig3_community_ve,1009.0,0.6000000000000001,0.3,0,86.42220019821606,24,137.0,2026468024,0.3,0.75
fig3_community_ve,666.0,0.6000000000000001,0.3,0,87.38738738738739,25,84.0,2026468025,0.3,0.75
fig3_community_ve,783.0,0.6000000000000001,0.3,0,88.88888888888889,26,87.0,2026468026,0.3,0.75
fig3_community_ve,852.9999999999999,0.6000000000000001,0.3,0,88.51113716295427,27,98.0,2026468027,0.3,0.75
fig3_community_ve,958.0,0.6000000000000001,0.3,0,86.63883089770354,28,128.0,2026468028,0.3,0.75
fig3_community_ve,731.0,0.6000000000000001,0.3,0,87.96169630642954,29,88.0,2026468029,0.3,0.75
fig3_community_ve,818.9999999999999,0.6000000000000001,0.3,0,85.83638583638583,30,116.0,2026468030,0.3,0.75
fig3_community_ve,924.0,0.6000000000000001,0.3,0,88.52813852813853,31,106.0,2026468031,0.3,0.75
fig3_community_ve,1000.0,0.6000000000000001,0.3,0,84.5,32,155.0,2026468032,0.3,0.75
fig3_community_ve,1006.0,0.6000000000000001,0.3,0,89.46322067594433,33,106.0,2026468033,0.3,0.75
fig3_community_ve,1143.0,0.6000000000000001,0.3,0,87.31408573928259,34,145.0,2026468034,0.3,0.75
fig3_community_ve,942.0,0.6000000000000001,0.3,0,84.92569002123142,35,142.0,2026468035,0.3,0.75
fig3_community_ve,767.0,0.6000000000000001,0.3,0,83.57235984354628,36,126.0,2026468036,0.3,0.75
fig3_community_ve,1166.0,0.6000000000000001,0.3,0,88.50771869639794,37,134.0,2026468037,0.3,0.75
fig3_community_ve,1048.0,0.6000000000000001,0.3,0,89.02671755725191,38,115.0,2026468038,0.3,0.75
fig3_community_ve,800.0,0.6000000000000001,0.3,0,86.0,39,111.99999999999999,2026468039,0.3,0.75
fig3_community_ve,736.0,0.6000000000000001,0.3,0,85.32608695652173,40,108.0,2026468040,0.3,0.75
fig3_community_ve,861.0,0.6000000000000001,0.3,0,86.64343786295005,41,115.0,2026468041,0.3,0.75
fig3_community_ve,886.0,0.6000000000000001,0.3,0,88.03611738148985,42,106.0,2026468042,0.3,0.75
fig3_community_ve,628.0,0.6000000000000001,0.3,0,77.86624203821655,43,139.0,2026468043,0.3,0.75
fig3_community_ve,860.0,0.6000000000000001,0.3,0,90.5813953488372,44,81.0,2026468044,0.3,0.75
fig3_community_ve,430.99999999999994,0.6000000000000001,0.3,0,85.38283062645012,45,63.0,2026468045,0.3,0.75
fig3_community_ve,504.0,0.6000000000000001,0.3,0,81.15079365079364,46,95.0,2026468046,0.3,0.75
fig3_community_ve,1109.0,0.6000000000000001,0.3,0,87.2858431018936,47,141.0,2026468047,0.3,0.75
fig3_community_ve,868.0,0.6000000000000001,0.3,0,87.09677419354838,48,111.99999999999999,2026468048,0.3,0.75
fig3_community_ve,945.0,0.6000000000000001,0.3,0,90.37037037037037,49,91.0,2026468049,0.3,0.75
fig3_community_ve,997.0,0.6000000000000001,0.3,0,87.2617853560682,50,127.00000000000001,2026468050,0.3,0.75
fig3_community_ve,961.0,0.6000000000000001,0.3,0,89.80228928199791,51,98.0,2026468051,0.3,0.75
fig3_community_ve,1112.0,0.6000000000000001,0.3,0,87.67985611510791,52,137.0,2026468052,0.3,0.75
fig3_community_ve,615.0,0.6000000000000001,0.3,0,86.5040650406504,53,83.0,2026468053,0.3,0.75
fig3_community_ve,824.0000000000001,0.6000000000000001,0.3,0,85.07281553398059,54,123.0,2026468054,0.3,0.75
fig3_community_ve,812.0,0.6000000000000001,0.3,0,85.09852216748769,55,120.99999999999999,2026468055,0.3,0.75
fig3_community_ve,877.0,0.6000000000000001,0.3,0,88.36944127708095,56,102.00000000000001,2026468056,0.3,0.75
fig3_community_ve,941.0,0.6000000000000001,0.3,0,86.7162592986185,57,125.0,2026468057,0.3,0.75
fig3_community_ve,726.0,0.6000000000000001,0.3,0,80.16528925619835,58,144.0,2026468058,0.3,0.75
fig3_community_ve,881.0,0.6000000000000001,0.3,0,86.83314415437003,59,116.0,2026468059,0.3,0.75
fig3_community_ve,1202.0,0.6000000000000001,0.3,0,89.6838602329451,60,124.0,2026468060,0.3,0.75
fig3_community_ve,691.0,0.6000000000000001,0.3,0,87.69898697539797,61,85.0,2026468061,0.3,0.75
fig3_community_ve,1009.0,0.6000000000000001,0.3,0,90.98116947472745,62,91.0,2026468062,0.3,0.75
fig3_community_ve,1126.0,0.6000000000000001,0.3,0,85.16873889875666,63,167.0,2026468063,0.3,0.75
fig3_community_ve,852.9999999999999,0.6000000000000001,0.3,0,89.21453692848769,64,92.0,2026468064,0.3,0.75
fig3_community_ve,927.0,0.6000000000000001,0.3,0,89.10463861920172,65,101.0,2026468065,0.3,0.75
fig3_community_ve,889.0,0.6000000000000001,0.3,0,89.98875140607424,66,89.0,2026468066,0.3,0.75
fig3_community_ve,1041.0,0.6000000000000001,0.3,0,88.2804995196926,67,122.0,2026468067,0.3,0.75
fig3_community_ve,1140.0,0.6000000000000001,0.3,0,85.26315789473684,68,168.0,2026468068,0.3,0.75
fig3_community_ve,908.0,0.6000000000000001,0.3,0,85.90308370044053,69,128.0,2026468069,0.3,0.75
fig3_community_ve,1081.0,0.6000000000000001,0.3,0,88.43663274745606,70,125.0,2026468070,0.3,0.75
fig3_community_ve,698.0,0.6000000000000001,0.3,0,82.23495702005731,71,124.0,2026468071,0.3,0.75
fig3_community_ve,1110.0,0.6000000000000001,0.3,0,88.73873873873873,72,125.0,2026468072,0.3,0.75
fig3_community_ve,803.0000000000001,0.6000000000000001,0.3,0,85.80323785803239,73,114.0,2026468073,0.3,0.75
fig3_community_ve,1046.0,0.6000000000000001,0.3,0,89.19694072657744,74,112.99999999999999,2026468074,0.3,0.75
fig3_community_ve,792.0,0.6000000000000001,0.3,0,85.85858585858585,75,111.99999999999999,2026468075,0.3,0.75
fig3_community_ve,1082.0,0.6000000000000001,0.3,0,88.07763401109057,76,129.0,2026468076,0.3,0.75
fig3_community_ve,818.0,0.6000000000000001,0.3,0,88.50855745721272,77,94.0,2026468077,0.3,0.75
fig3_community_ve,748.0,0.6000000000000001,0.3,0,88.77005347593582,78,84.0,2026468078,0.3,0.75
fig3_community_ve,949.0,0.6000000000000001,0.3,0,88.7249736564805,79,107.0,2026468079,0.3,0.75
fig3_community_ve,899.0,0.6000000000000001,0.3,0,83.75973303670746,80,146.0,2026468080,0.3,0.75
fig3_community_ve,1263.0,0.6000000000000001,0.3,0,91.13222486144102,81,111.99999999999999,2026468081,0.3,0.75
fig3_community_ve,826.0,0.6000000000000001,0.3,0,85.23002421307505,82,122.0,2026468082,0.3,0.75
fig3_community_ve,937.0,0.6000000000000001,0.3,0,88.68729989327642,83,106.0,2026468083,0.3,0.75
fig3_community_ve,750.0,0.6000000000000001,0.3,0,86.26666666666667,84,103.00000000000001,2026468084,0.3,0.75
fig3_community_ve,797.0,0.6000000000000001,0.3,0,85.82183186951066,85,112.99999999999999,2026468085,0.3,0.75
fig3_community_ve,773.0,0.6000000000000001,0.3,0,86.41655886157827,86,105.0,2026468086,0.3,0.75
fig3_community_ve,903.0,0.6000000000000001,0.3,0,87.04318936877077,87,117.0,2026468087,0.3,0.75
fig3_community_ve,857.0,0.6000000000000001,0.3,0,87.16452742123687,88,110.0,2026468088,0.3,0.75
fig3_community_ve,662.0,0.6000000000000001,0.3,0,81.57099697885197,89,122.0,2026468089,0.3,0.75
fig3_community_ve,974.0,0.6000000000000001,0.3,0,89.63039014373716,90,101.0,2026468090,0.3,0.75
fig3_community_ve,910.0,0.6000000000000001,0.3,0,88.57142857142857,91,103.99999999999999,2026468091,0.3,0.75
fig3_community_ve,678.0,0.6000000000000001,0.3,0,85.10324483775811,92,101.0,2026468092,0.3,0.75
fig3_community_ve,829.0,0.6000000000000001,0.3,0,88.54041013268998,93,95.0,2026468093,0.3,0.75
fig3_community_ve,855.0,0.6000000000000001,0.3,0,90.64327485380117,94,80.0,2026468094,0.3,0.75
fig3_community_ve,861.0,0.6000000000000001,0.3,0,90.47619047619048,95,82.0,2026468095,0.3,0.75
fig3_community_ve,650.0,0.6000000000000001,0.3,0,80.3076923076923,96,128.0,2026468096,0.3,0.75
fig3_community_ve,693.0,0.6000000000000001,0.3,0,87.87878787878788,97,84.0,2026468097,0.3,0.75
fig3_community_ve,607.0,0.6000000000000001,0.3,0,84.1845140032949,98,96.0,2026468098,0.3,0.75
fig3_community_ve,647.0,0.6000000000000001,0.3,0,85.7805255023184,99,92.0,2026468099,0.3,0.75
fig3_community_ve,1014.0,0.6000000000000001,0.3,0,89.74358974358974,0,103.99999999999999,2026469000,0.3,0.9
fig3_community_ve,1160.0,0.6000000000000001,0.3,0,84.74137931034483,1,177.0,2026469001,0.3,0.9
fig3_community_ve,748.0,0.6000000000000001,0.3,0,89.97326203208556,2,75.0,2026469002,0.3,0.9
fig3_community_ve,699.0,0.6000000000000001,0.3,0,86.26609442060087,3,96.0,2026469003,0.3,0.9
fig3_community_ve,857.0,0.6000000000000001,0.3,0,89.38156359393233,4,91.0,2026469004,0.3,0.9
fig3_community_ve,818.9999999999999,0.6000000000000001,0.3,0,87.30158730158729,5,103.99999999999999,2026469005,0.3,0.9
fig3_community_ve,549.0,0.6000000000000001,0.3,0,85.06375227686704,6,82.0,2026469006,0.3,0.9
fig3_community_ve,779.0,0.6000000000000001,0.3,0,83.31193838254173,7,130.0,2026469007,0.3,0.9
fig3_community_ve,656.0,0.6000000000000001,0.3,0,90.2439024390244,8,64.0,2026469008,0.3,0.9
fig3_community_ve,1036.0,0.6000000000000001,0.3,0,88.70656370656371,9,117.0,2026469009,0.3,0.9
fig3_community_ve,699.0,0.6000000000000001,0.3,0,87.6967095851216,10,86.0,2026469010,0.3,0.9
fig3_community_ve,704.0,0.6000000000000001,0.3,0,86.78977272727273,11,93.0,2026469011,0.3,0.9
fig3_community_ve,910.0,0.6000000000000001,0.3,0,88.57142857142857,12,103.99999999999999,2026469012,0.3,0.9
fig3_community_ve,1009.0,0.6000000000000001,0.3,0,87.61149653121903,13,125.0,2026469013,0.3,0.9
fig3_community_ve,715.0,0.6000000000000001,0.3,0,86.15384615384616,14,99.0,2026469014,0.3,0.9
fig3_community_ve,668.0,0.6000000000000001,0.3,0,83.08383233532935,15,112.99999999999999,2026469015,0.3,0.9
fig3_community_ve,560.0,0.6000000000000001,0.3,0,83.39285714285714,16,93.0,2026469016,0.3,0.9
fig3_community_ve,1111.0,0.6000000000000001,0.3,0,86.76867686768676,17,147.0,2026469017,0.3,0.9
fig3_community_ve,1133.0,0.6000000000000001,0.3,0,89.23212709620476,18,122.0,2026469018,0.3,0.9
fig3_community_ve,1056.0,0.6000000000000001,0.3,0,87.7840909090909,19,129.0,2026469019,0.3,0.9
fig3_community_ve,640.0,0.6000000000000001,0.3,0,84.6875,20,98.0,2026469020,0.3,0.9
fig3_community_ve,712.0,0.6000000000000001,0.3,0,86.65730337078652,21,95.0,2026469021,0.3,0.9
fig3_community_ve,793.0,0.6000000000000001,0.3,0,86.88524590163935,22,103.99999999999999,2026469022,0.3,0.9
fig3_community_ve,582.0,0.6000000000000001,0.3,0,83.16151202749141,23,98.0,2026469023,0.3,0.9
fig3_community_ve,858.0000000000001,0.6000000000000001,0.3,0,88.81118881118881,24,96.0,2026469024,0.3,0.9
fig3_community_ve,624.0,0.6000000000000001,0.3,0,81.89102564102564,25,112.99999999999999,2026469025,0.3,0.9
fig3_community_ve,757.0,0.6000000000000001,0.3,0,89.2998678996037,26,81.0,2026469026,0.3,0.9
fig3_community_ve,1058.0,0.6000000000000001,0.3,0,89.60302457466919,27,110.0,2026469027,0.3,0.9
fig3_community_ve,823.0,0.6000000000000001,0.3,0,87.72782503037666,28,101.0,2026469028,0.3,0.9
fig3_community_ve,678.0,0.6000000000000001,0.3,0,89.08554572271386,29,74.0,2026469029,0.3,0.9
fig3_community_ve,831.0,0.6000000000000001,0.3,0,87.36462093862816,30,105.0,2026469030,0.3,0.9
fig3_community_ve,1119.0,0.6000000000000001,0.3,0,89.36550491510278,31,119.00000000000001,2026469031,0.3,0.9
fig3_community_ve,958.0,0.6000000000000001,0.3,0,88.10020876826722,32,114.0,2026469032,0.3,0.9
fig3_community_ve,1022.0,0.6000000000000001,0.3,0,90.1174168297456,33,101.0,2026469033,0.3,0.9
fig3_community_ve,834.0,0.6000000000000001,0.3,0,90.40767386091127,34,80.0,2026469034,0.3,0.9
fig3_community_ve,757.0,0.6000000000000001,0.3,0,87.84676354029062,35,92.0,2026469035,0.3,0.9
fig3_community_ve,611.0,0.6000000000000001,0.3,0,82.8150572831424,36,105.0,2026469036,0.3,0.9
fig3_community_ve,903.0,0.6000000000000001,0.3,0,88.03986710963456,37,108.0,2026469037,0.3,0.9
fig3_community_ve,876.0,0.6000000000000001,0.3,0,86.0730593607306,38,122.0,2026469038,0.3,0.9
fig3_community_ve,664.0,0.6000000000000001,0.3,0,83.8855421686747,39,107.0,2026469039,0.3,0.9
fig3_community_ve,932.0,0.6000000000000001,0.3,0,86.69527896995709,40,124.0,2026469040,0.3,0.9
fig3_community_ve,1025.0,0.6000000000000001,0.3,0,87.02439024390245,41,133.0,2026469041,0.3,0.9
fig3_community_ve,929.0,0.6000000000000001,0.3,0,86.0064585575888,42,130.0,2026469042,0.3,0.9
fig3_community_ve,925.0,0.6000000000000001,0.3,0,85.4054054054054,43,135.0,2026469043,0.3,0.9
fig3_community_ve,1081.0,0.6000000000000001,0.3,0,89.54671600370028,44,112.99999999999999,2026469044,0.3,0.9
fig3_community_ve,787.0,0.6000000000000001,0.3,0,87.42058449809403,45,99.0,2026469045,0.3,0.9
fig3_community_ve,1075.0,0.6000000000000001,0.3,0,90.69767441860465,46,100.0,2026469046,0.3,0.9
fig3_community_ve,1090.0,0.6000000000000001,0.3,0,92.56880733944953,47,81.0,2026469047,0.3,0.9
fig3_community_ve,826.0,0.6000000000000001,0.3,0,89.46731234866829,48,87.0,2026469048,0.3,0.9
fig3_community_ve,954.0,0.6000000000000001,0.3,0,87.52620545073376,49,119.00000000000001,2026469049,0.3,0.9
fig3_community_ve,869.9999999999999,0.6000000000000001,0.3,0,88.9655172413793,50,96.0,2026469050,0.3,0.9
fig3_community_ve,868.0,0.6000000000000001,0.3,0,86.9815668202765,51,112.99999999999999,2026469051,0.3,0.9
fig3_community_ve,856.0,0.6000000000000001,0.3,0,87.73364485981308,52,105.0,2026469052,0.3,0.9
fig3_community_ve,867.0000000000001,0.6000000000000001,0.3,0,86.50519031141869,53,117.0,2026469053,0.3,0.9
fig3_community_ve,1037.0,0.6000000000000001,0.3,0,93.34619093539055,54,69.0,2026469054,0.3,0.9
fig3_community_ve,617.0,0.6000000000000001,0.3,0,86.87196110210697,55,81.0,2026469055,0.3,0.9
fig3_community_ve,595.0,0.6000000000000001,0.3,0,87.05882352941177,56,77.0,2026469056,0.3,0.9
fig3_community_ve,764.0,0.6000000000000001,0.3,0,84.29319371727749,57,119.99999999999999,2026469057,0.3,0.9
fig3_community_ve,875.0000000000001,0.6000000000000001,0.3,0,88.91428571428573,58,97.0,2026469058,0.3,0.9
fig3_community_ve,852.9999999999999,0.6000000000000001,0.3,0,86.51817116060961,59,115.0,2026469059,0.3,0.9
fig3_community_ve,703.0,0.6000000000000001,0.3,0,82.93029871977241,60,119.99999999999999,2026469060,0.3,0.9
fig3_community_ve,961.0,0.6000000000000001,0.3,0,90.6347554630593,61,90.0,2026469061,0.3,0.9
fig3_community_ve,696.0,0.6000000000000001,0.3,0,86.49425287356321,62,94.0,2026469062,0.3,0.9
fig3_community_ve,890.0,0.6000000000000001,0.3,0,89.43820224719101,63,94.0,2026469063,0.3,0.9
fig3_community_ve,1142.0,0.6000000000000001,0.3,0,89.92994746059544,64,115.0,2026469064,0.3,0.9
fig3_community_ve,839.0,0.6000000000000001,0.3,0,92.61025029797378,65,62.0,2026469065,0.3,0.9
fig3_community_ve,673.0,0.6000000000000001,0.3,0,86.77563150074295,66,89.0,2026469066,0.3,0.9
fig3_community_ve,597.0,0.6000000000000001,0.3,0,88.44221105527639,67,69.0,2026469067,0.3,0.9
fig3_community_ve,967.0,0.6000000000000001,0.3,0,88.62461220268872,68,110.0,2026469068,0.3,0.9
fig3_community_ve,1110.0,0.6000000000000001,0.3,0,88.10810810810811,69,132.0,2026469069,0.3,0.9
fig3_community_ve,1134.0,0.6000000000000001,0.3,0,89.41798941798942,70,119.99999999999999,2026469070,0.3,0.9
fig3_community_ve,801.0,0.6000000000000001,0.3,0,87.01622971285893,71,103.99999999999999,2026469071,0.3,0.9
fig3_community_ve,763.0,0.6000000000000001,0.3,0,82.30668414154653,72,135.0,2026469072,0.3,0.9
fig3_community_ve,937.0,0.6000000000000001,0.3,0,88.90074706510138,73,103.99999999999999,2026469073,0.3,0.9
fig3_community_ve,603.0,0.6000000000000001,0.3,0,89.05472636815921,74,66.0,2026469074,0.3,0.9
fig3_community_ve,1133.0,0.6000000000000001,0.3,0,91.70344218887908,75,94.0,2026469075,0.3,0.9
fig3_community_ve,759.0,0.6000000000000001,0.3,0,89.59156785243742,76,79.0,2026469076,0.3,0.9
fig3_community_ve,526.0,0.6000000000000001,0.3,0,79.65779467680608,77,107.0,2026469077,0.3,0.9
fig3_community_ve,933.9999999999999,0.6000000000000001,0.3,0,83.19057815845824,78,157.0,2026469078,0.3,0.9
fig3_community_ve,1014.0,0.6000000000000001,0.3,0,88.65877712031558,79,115.0,2026469079,0.3,0.9
fig3_community_ve,713.0,0.6000000000000001,0.3,0,81.06591865357643,80,135.0,2026469080,0.3,0.9
fig3_community_ve,855.0,0.6000000000000001,0.3,0,88.7719298245614,81,96.0,2026469081,0.3,0.9
fig3_community_ve,929.0,0.6000000000000001,0.3,0,86.8675995694295,82,122.0,2026469082,0.3,0.9
fig3_community_ve,946.0,0.6000000000000001,0.3,0,91.75475687103594,83,78.0,2026469083,0.3,0.9
fig3_community_ve,974.0,0.6000000000000001,0.3,0,89.52772073921972,84,102.00000000000001,2026469084,0.3,0.9
fig3_community_ve,603.0,0.6000000000000001,0.3,0,80.43117744610282,85,118.0,2026469085,0.3,0.9
fig3_community_ve,884.0000000000001,0.6000000000000001,0.3,0,90.27149321266968,86,86.0,2026469086,0.3,0.9
fig3_community_ve,966.0,0.6000000000000001,0.3,0,90.06211180124224,87,96.0,2026469087,0.3,0.9
fig3_community_ve,941.0,0.6000000000000001,0.3,0,90.86078639744952,88,86.0,2026469088,0.3,0.9
fig3_community_ve,929.9999999999999,0.6000000000000001,0.3,0,89.13978494623656,89,101.0,2026469089,0.3,0.9
fig3_community_ve,1168.0,0.6000000000000001,0.3,0,90.06849315068493,90,116.0,2026469090,0.3,0.9
fig3_community_ve,639.0,0.6000000000000001,0.3,0,88.88888888888889,91,71.0,2026469091,0.3,0.9
fig3_community_ve,979.0,0.6000000000000001,0.3,0,90.09193054136874,92,97.0,2026469092,0.3,0.9
fig3_community_ve,976.0,0.6000000000000001,0.3,0,88.52459016393442,93,111.99999999999999,2026469093,0.3,0.9
fig3_community_ve,603.0,0.6000000000000001,0.3,0,88.05970149253731,94,72.0,2026469094,0.3,0.9
fig3_community_ve,860.0,0.6000000000000001,0.3,0,85.34883720930233,95,126.0,2026469095,0.3,0.9
fig3_community_ve,1043.0,0.6000000000000001,0.3,0,91.94630872483222,96,84.0,2026469096,0.3,0.9
fig3_community_ve,827.9999999999999,0.6000000000000001,0.3,0,91.18357487922705,97,73.0,2026469097,0.3,0.9
fig3_community_ve,412.00000000000006,0.6000000000000001,0.3,0,74.75728155339806,98,103.99999999999999,2026469098,0.3,0.9
fig3_community_ve,835.0,0.6000000000000001,0.3,0,85.9880239520958,99,117.0,2026469099,0.3,0.9
fig3_community_ve,615.0,0.7000000000000001,0.3,0,0.0,0,615.0,2026470000,0.3,0.0
fig3_community_ve,984.9999999999999,0.7000000000000001,0.3,0,0.0,1,984.9999999999999,2026470001,0.3,0.0
fig3_community_ve,464.99999999999994,0.7000000000000001,0.3,0,0.0,2,464.99999999999994,2026470002,0.3,0.0
fig3_community_ve,908.0,0.7000000000000001,0.3,0,0.0,3,908.0,2026470003,0.3,0.0
fig3_community_ve,685.0,0.7000000000000001,0.3,0,0.0,4,685.0,2026470004,0.3,0.0
fig3_community_ve,818.0,0.7000000000000001,0.3,0,0.0,5,818.0,2026470005,0.3,0.0
fig3_community_ve,1060.0,0.7000000000000001,0.3,0,0.0,6,1060.0,2026470006,0.3,0.0
fig3_community_ve,704.0,0.7000000000000001,0.3,0,0.0,7,704.0,2026470007,0.3,0.0
fig3_community_ve,814.0,0.7000000000000001,0.3,0,0.0,8,814.0,2026470008,0.3,0.0
fig3_community_ve,1158.0,0.7000000000000001,0.3,0,0.0,9,1158.0,2026470009,0.3,0.0
fig3_community_ve,852.9999999999999,0.7000000000000001,0.3,0,0.0,10,852.9999999999999,2026470010,0.3,0.0
fig3_community_ve,722.0,0.7000000000000001,0.3,0,0.0,11,722.0,2026470011,0.3,0.0
fig3_community_ve,664.0,0.7000000000000001,0.3,0,0.0,12,664.0,2026470012,0.3,0.0
fig3_community_ve,950.9999999999999,0.7000000000000001,0.3,0,0.0,13,950.9999999999999,2026470013,0.3,0.0
fig3_community_ve,1068.0,0.7000000000000001,0.3,0,0.0,14,1068.0,2026470014,0.3,0.0
fig3_community_ve,700.0,0.7000000000000001,0.3,0,0.0,15,700.0,2026470015,0.3,0.0
fig3_community_ve,646.0,0.7000000000000001,0.3,0,0.0,16,646.0,2026470016,0.3,0.0
fig3_community_ve,706.0,0.7000000000000001,0.3,0,0.0,17,706.0,2026470017,0.3,0.0
fig3_community_ve,546.0,0.7000000000000001,0.3,0,0.0,18,546.0,2026470018,0.3,0.0
fig3_community_ve,826.0,0.7000000000000001,0.3,0,0.0,19,826.0,2026470019,0.3,0.0
fig3_community_ve,550.0,0.7000000000000001,0.3,0,0.0,20,550.0,2026470020,0.3,0.0
fig3_community_ve,846.0,0.7000000000000001,0.3,0,0.0,21,846.0,2026470021,0.3,0.0
fig3_community_ve,888.0000000000001,0.7000000000000001,0.3,0,0.0,22,888.0000000000001,2026470022,0.3,0.0
fig3_community_ve,283.0,0.7000000000000001,0.3,0,0.0,23,283.0,2026470023,0.3,0.0
fig3_community_ve,687.0,0.7000000000000001,0.3,0,0.0,24,687.0,2026470024,0.3,0.0
fig3_community_ve,1346.0,0.7000000000000001,0.3,0,0.0,25,1346.0,2026470025,0.3,0.0
fig3_community_ve,697.0,0.7000000000000001,0.3,0,0.0,26,697.0,2026470026,0.3,0.0
fig3_community_ve,838.0,0.7000000000000001,0.3,0,0.0,27,838.0,2026470027,0.3,0.0
fig3_community_ve,824.0000000000001,0.7000000000000001,0.3,0,0.0,28,824.0000000000001,2026470028,0.3,0.0
fig3_community_ve,859.0,0.7000000000000001,0.3,0,0.0,29,859.0,2026470029,0.3,0.0
fig3_community_ve,727.0,0.7000000000000001,0.3,0,0.0,30,727.0,2026470030,0.3,0.0
fig3_community_ve,869.9999999999999,0.7000000000000001,0.3,0,0.0,31,869.9999999999999,2026470031,0.3,0.0
fig3_community_ve,759.0,0.7000000000000001,0.3,0,0.0,32,759.0,2026470032,0.3,0.0
fig3_community_ve,1163.0,0.7000000000000001,0.3,0,0.0,33,1163.0,2026470033,0.3,0.0
fig3_community_ve,493.00000000000006,0.7000000000000001,0.3,0,0.0,34,493.00000000000006,2026470034,0.3,0.0
fig3_community_ve,950.0,0.7000000000000001,0.3,0,0.0,35,950.0,2026470035,0.3,0.0
fig3_community_ve,696.0,0.7000000000000001,0.3,0,0.0,36,696.0,2026470036,0.3,0.0
fig3_community_ve,940.0,0.7000000000000001,0.3,0,0.0,37,940.0,2026470037,0.3,0.0
fig3_community_ve,736.0,0.7000000000000001,0.3,0,0.0,38,736.0,2026470038,0.3,0.0
fig3_community_ve,726.0,0.7000000000000001,0.3,0,0.0,39,726.0,2026470039,0.3,0.0
fig3_community_ve,417.99999999999994,0.7000000000000001,0.3,0,0.0,40,417.99999999999994,2026470040,0.3,0.0
fig3_community_ve,976.9999999999999,0.7000000000000001,0.3,0,0.0,41,976.9999999999999,2026470041,0.3,0.0
fig3_community_ve,1167.0,0.7000000000000001,0.3,0,0.0,42,1167.0,2026470042,0.3,0.0
fig3_community_ve,948.0000000000001,0.7000000000000001,0.3,0,0.0,43,948.0000000000001,2026470043,0.3,0.0
fig3_community_ve,589.0,0.7000000000000001,0.3,0,0.0,44,589.0,2026470044,0.3,0.0
fig3_community_ve,738.0,0.7000000000000001,0.3,0,0.0,45,738.0,2026470045,0.3,0.0
fig3_community_ve,758.0,0.7000000000000001,0.3,0,0.0,46,758.0,2026470046,0.3,0.0
fig3_community_ve,801.9999999999999,0.7000000000000001,0.3,0,0.0,47,801.9999999999999,2026470047,0.3,0.0
fig3_community_ve,579.0,0.7000000000000001,0.3,0,0.0,48,579.0,2026470048,0.3,0.0
fig3_community_ve,865.9999999999999,0.7000000000000001,0.3,0,0.0,49,865.9999999999999,2026470049,0.3,0.0
fig3_community_ve,804.0,0.7000000000000001,0.3,0,0.0,50,804.0,2026470050,0.3,0.0
fig3_community_ve,676.0,0.7000000000000001,0.3,0,0.0,51,676.0,2026470051,0.3,0.0
fig3_community_ve,622.0,0.7000000000000001,0.3,0,0.0,52,622.0,2026470052,0.3,0.0
fig3_community_ve,1265.0,0.7000000000000001,0.3,0,0.0,53,1265.0,2026470053,0.3,0.0
fig3_community_ve,939.0000000000001,0.7000000000000001,0.3,0,0.0,54,939.0000000000001,2026470054,0.3,0.0
fig3_community_ve,878.0,0.7000000000000001,0.3,0,0.0,55,878.0,2026470055,0.3,0.0
fig3_community_ve,690.0,0.7000000000000001,0.3,0,0.0,56,690.0,2026470056,0.3,0.0
fig3_community_ve,1146.0,0.7000000000000001,0.3,0,0.0,57,1146.0,2026470057,0.3,0.0
fig3_community_ve,661.0,0.7000000000000001,0.3,0,0.0,58,661.0,2026470058,0.3,0.0
fig3_community_ve,779.0,0.7000000000000001,0.3,0,0.0,59,779.0,2026470059,0.3,0.0
fig3_community_ve,751.0,0.7000000000000001,0.3,0,0.0,60,751.0,2026470060,0.3,0.0
fig3_community_ve,948.0000000000001,0.7000000000000001,0.3,0,0.0,61,948.0000000000001,2026470061,0.3,0.0
fig3_community_ve,988.0,0.7000000000000001,0.3,0,0.0,62,988.0,2026470062,0.3,0.0
fig3_community_ve,810.9999999999999,0.7000000000000001,0.3,0,0.0,63,810.9999999999999,2026470063,0.3,0.0
fig3_community_ve,1334.0,0.7000000000000001,0.3,0,0.0,64,1334.0,2026470064,0.3,0.0
fig3_community_ve,795.0,0.7000000000000001,0.3,0,0.0,65,795.0,2026470065,0.3,0.0
fig3_community_ve,823.0,0.7000000000000001,0.3,0,0.0,66,823.0,2026470066,0.3,0.0
fig3_community_ve,823.0,0.7000000000000001,0.3,0,0.0,67,823.0,2026470067,0.3,0.0
fig3_community_ve,707.0,0.7000000000000001,0.3,0,0.0,68,707.0,2026470068,0.3,0.0
fig3_community_ve,1062.0,0.7000000000000001,0.3,0,0.0,69,1062.0,2026470069,0.3,0.0
fig3_community_ve,702.0,0.7000000000000001,0.3,0,0.0,70,702.0,2026470070,0.3,0.0
fig3_community_ve,1041.0,0.7000000000000001,0.3,0,0.0,71,1041.0,2026470071,0.3,0.0
fig3_community_ve,837.0000000000001,0.7000000000000001,0.3,0,0.0,72,837.0000000000001,2026470072,0.3,0.0
fig3_community_ve,774.0,0.7000000000000001,0.3,0,0.0,73,774.0,2026470073,0.3,0.0
fig3_community_ve,842.0,0.7000000000000001,0.3,0,0.0,74,842.0,2026470074,0.3,0.0
fig3_community_ve,869.0,0.7000000000000001,0.3,0,0.0,75,869.0,2026470075,0.3,0.0
fig3_community_ve,820.0000000000001,0.7000000000000001,0.3,0,0.0,76,820.0000000000001,2026470076,0.3,0.0
fig3_community_ve,746.0,0.7000000000000001,0.3,0,0.0,77,746.0,2026470077,0.3,0.0
fig3_community_ve,903.0,0.7000000000000001,0.3,0,0.0,78,903.0,2026470078,0.3,0.0
fig3_community_ve,850.0000000000001,0.7000000000000001,0.3,0,0.0,79,850.0000000000001,2026470079,0.3,0.0
fig3_community_ve,891.0,0.7000000000000001,0.3,0,0.0,80,891.0,2026470080,0.3,0.0
fig3_community_ve,548.0,0.7000000000000001,0.3,0,0.0,81,548.0,2026470081,0.3,0.0
fig3_community_ve,958.0,0.7000000000000001,0.3,0,0.0,82,958.0,2026470082,0.3,0.0
fig3_community_ve,942.9999999999999,0.7000000000000001,0.3,0,0.0,83,942.9999999999999,2026470083,0.3,0.0
fig3_community_ve,1050.0,0.7000000000000001,0.3,0,0.0,84,1050.0,2026470084,0.3,0.0
fig3_community_ve,572.0,0.7000000000000001,0.3,0,0.0,85,572.0,2026470085,0.3,0.0
fig3_community_ve,844.0,0.7000000000000001,0.3,0,0.0,86,844.0,2026470086,0.3,0.0
fig3_community_ve,804.0,0.7000000000000001,0.3,0,0.0,87,804.0,2026470087,0.3,0.0
fig3_community_ve,801.9999999999999,0.7000000000000001,0.3,0,0.0,88,801.9999999999999,2026470088,0.3,0.0
fig3_community_ve,1062.0,0.7000000000000001,0.3,0,0.0,89,1062.0,2026470089,0.3,0.0
fig3_community_ve,646.0,0.7000000000000001,0.3,0,0.0,90,646.0,2026470090,0.3,0.0
fig3_community_ve,911.0,0.7000000000000001,0.3,0,0.0,91,911.0,2026470091,0.3,0.0
fig3_community_ve,1096.0,0.7000000000000001,0.3,0,0.0,92,1096.0,2026470092,0.3,0.0
fig3_community_ve,786.0000000000001,0.7000000000000001,0.3,0,0.0,93,786.0000000000001,2026470093,0.3,0.0
fig3_community_ve,759.0,0.7000000000000001,0.3,0,0.0,94,759.0,2026470094,0.3,0.0
fig3_community_ve,1058.0,0.7000000000000001,0.3,0,0.0,95,1058.0,2026470095,0.3,0.0
fig3_community_ve,831.9999999999999,0.7000000000000001,0.3,0,0.0,96,831.9999999999999,2026470096,0.3,0.0
fig3_community_ve,912.0,0.7000000000000001,0.3,0,0.0,97,912.0,2026470097,0.3,0.0
fig3_community_ve,507.0,0.7000000000000001,0.3,0,0.0,98,507.0,2026470098,0.3,0.0
fig3_community_ve,878.9999999999999,0.7000000000000001,0.3,0,0.0,99,878.9999999999999,2026470099,0.3,0.0
fig3_community_ve,1010.0,0.7000000000000001,0.3,0,55.148514851485146,0,453.0,2026471000,0.3,0.15
fig3_community_ve,758.0,0.7000000000000001,0.3,0,55.54089709762533,1,337.0,2026471001,0.3,0.15
fig3_community_ve,851.0,0.7000000000000001,0.3,0,55.34665099882491,2,380.0,2026471002,0.3,0.15
fig3_community_ve,1081.0,0.7000000000000001,0.3,0,57.07678075855689,3,464.0,2026471003,0.3,0.15
fig3_community_ve,615.0,0.7000000000000001,0.3,0,33.49593495934959,4,409.0,2026471004,0.3,0.15
fig3_community_ve,669.0,0.7000000000000001,0.3,0,52.3168908819133,5,319.0,2026471005,0.3,0.15
fig3_community_ve,823.0,0.7000000000000001,0.3,0,52.00486026731469,6,395.00000000000006,2026471006,0.3,0.15
fig3_community_ve,872.0,0.7000000000000001,0.3,0,48.27981651376147,7,451.0,2026471007,0.3,0.15
fig3_community_ve,717.0,0.7000000000000001,0.3,0,54.95118549511855,8,323.0,2026471008,0.3,0.15
fig3_community_ve,976.9999999999999,0.7000000000000001,0.3,0,60.38894575230296,9,387.0,2026471009,0.3,0.15
fig3_community_ve,744.0,0.7000000000000001,0.3,0,58.87096774193548,10,306.0,2026471010,0.3,0.15
fig3_community_ve,683.0,0.7000000000000001,0.3,0,60.90775988286969,11,267.0,2026471011,0.3,0.15
fig3_community_ve,1074.0,0.7000000000000001,0.3,0,54.46927374301676,12,489.0,2026471012,0.3,0.15
fig3_community_ve,902.0,0.7000000000000001,0.3,0,56.43015521064301,13,393.00000000000006,2026471013,0.3,0.15
fig3_community_ve,675.0,0.7000000000000001,0.3,0,54.074074074074076,14,310.0,2026471014,0.3,0.15
fig3_community_ve,978.0,0.7000000000000001,0.3,0,53.578732106339466,15,454.0,2026471015,0.3,0.15
fig3_community_ve,736.0,0.7000000000000001,0.3,0,57.744565217391305,16,311.0,2026471016,0.3,0.15
fig3_community_ve,893.0,0.7000000000000001,0.3,0,53.527435610302355,17,415.0,2026471017,0.3,0.15
fig3_community_ve,925.9999999999999,0.7000000000000001,0.3,0,68.89848812095032,18,288.0,2026471018,0.3,0.15
fig3_community_ve,790.0000000000001,0.7000000000000001,0.3,0,56.58227848101267,19,343.0,2026471019,0.3,0.15
fig3_community_ve,1018.9999999999999,0.7000000000000001,0.3,0,69.47988223748773,20,311.0,2026471020,0.3,0.15
fig3_community_ve,895.0,0.7000000000000001,0.3,0,50.726256983240226,21,441.0,2026471021,0.3,0.15
fig3_community_ve,597.0,0.7000000000000001,0.3,0,52.76381909547739,22,282.0,2026471022,0.3,0.15
fig3_community_ve,634.0,0.7000000000000001,0.3,0,56.46687697160883,23,276.0,2026471023,0.3,0.15
fig3_community_ve,965.0000000000001,0.7000000000000001,0.3,0,51.1917098445596,24,471.0,2026471024,0.3,0.15
fig3_community_ve,704.0,0.7000000000000001,0.3,0,50.85227272727273,25,346.0,2026471025,0.3,0.15
fig3_community_ve,1167.0,0.7000000000000001,0.3,0,56.98371893744645,26,502.0,2026471026,0.3,0.15
fig3_community_ve,699.0,0.7000000000000001,0.3,0,53.934191702432045,27,322.0,2026471027,0.3,0.15
fig3_community_ve,1368.0,0.7000000000000001,0.3,0,62.646198830409354,28,511.0,2026471028,0.3,0.15
fig3_community_ve,674.0,0.7000000000000001,0.3,0,57.86350148367953,29,284.0,2026471029,0.3,0.15
fig3_community_ve,1096.0,0.7000000000000001,0.3,0,56.660583941605836,30,475.0,2026471030,0.3,0.15
fig3_community_ve,855.0,0.7000000000000001,0.3,0,55.32163742690059,31,382.0,2026471031,0.3,0.15
fig3_community_ve,1141.0,0.7000000000000001,0.3,0,50.04382120946538,32,570.0,2026471032,0.3,0.15
fig3_community_ve,619.0,0.7000000000000001,0.3,0,61.38933764135703,33,239.00000000000003,2026471033,0.3,0.15
fig3_community_ve,1178.0,0.7000000000000001,0.3,0,61.62988115449915,34,451.99999999999994,2026471034,0.3,0.15
fig3_community_ve,790.0000000000001,0.7000000000000001,0.3,0,52.02531645569621,35,379.0,2026471035,0.3,0.15
fig3_community_ve,1149.0,0.7000000000000001,0.3,0,52.39338555265448,36,547.0,2026471036,0.3,0.15
fig3_community_ve,728.0,0.7000000000000001,0.3,0,52.88461538461539,37,343.0,2026471037,0.3,0.15
fig3_community_ve,680.0,0.7000000000000001,0.3,0,45.73529411764706,38,369.0,2026471038,0.3,0.15
fig3_community_ve,956.0000000000001,0.7000000000000001,0.3,0,55.3347280334728,39,427.00000000000006,2026471039,0.3,0.15
fig3_community_ve,783.0,0.7000000000000001,0.3,0,60.79182630906769,40,307.0,2026471040,0.3,0.15
fig3_community_ve,772.0,0.7000000000000001,0.3,0,53.23834196891192,41,361.0,2026471041,0.3,0.15
fig3_community_ve,899.0,0.7000000000000001,0.3,0,63.51501668520579,42,328.0,2026471042,0.3,0.15
fig3_community_ve,725.0,0.7000000000000001,0.3,0,63.310344827586206,43,266.0,2026471043,0.3,0.15
fig3_community_ve,803.0000000000001,0.7000000000000001,0.3,0,58.77957658779577,44,331.0,2026471044,0.3,0.15
fig3_community_ve,818.9999999999999,0.7000000000000001,0.3,0,54.334554334554326,45,374.0,2026471045,0.3,0.15
fig3_community_ve,751.0,0.7000000000000001,0.3,0,39.680426098535285,46,453.0,2026471046,0.3,0.15
fig3_community_ve,1276.0,0.7000000000000001,0.3,0,63.16614420062696,47,470.0,2026471047,0.3,0.15
fig3_community_ve,1079.0,0.7000000000000001,0.3,0,62.46524559777572,48,405.0,2026471048,0.3,0.15
fig3_community_ve,916.9999999999999,0.7000000000000001,0.3,0,45.36532170119956,49,500.99999999999994,2026471049,0.3,0.15
fig3_community_ve,741.0,0.7000000000000001,0.3,0,59.2442645074224,50,302.0,2026471050,0.3,0.15
fig3_community_ve,767.0,0.7000000000000001,0.3,0,40.02607561929596,51,460.0,2026471051,0.3,0.15
fig3_community_ve,962.0,0.7000000000000001,0.3,0,66.42411642411642,52,323.0,2026471052,0.3,0.15
fig3_community_ve,569.0,0.7000000000000001,0.3,0,49.384885764499124,53,288.0,2026471053,0.3,0.15
fig3_community_ve,942.9999999999999,0.7000000000000001,0.3,0,62.67232237539766,54,352.0,2026471054,0.3,0.15
fig3_community_ve,907.0,0.7000000000000001,0.3,0,53.80374862183021,55,419.0,2026471055,0.3,0.15
fig3_community_ve,703.0,0.7000000000000001,0.3,0,55.61877667140825,56,312.0,2026471056,0.3,0.15
fig3_community_ve,714.0,0.7000000000000001,0.3,0,46.07843137254902,57,385.0,2026471057,0.3,0.15
fig3_community_ve,788.0,0.7000000000000001,0.3,0,56.09137055837564,58,346.0,2026471058,0.3,0.15
fig3_community_ve,793.9999999999999,0.7000000000000001,0.3,0,51.889168765743065,59,382.0,2026471059,0.3,0.15
fig3_community_ve,572.0,0.7000000000000001,0.3,0,32.16783216783217,60,388.0,2026471060,0.3,0.15
fig3_community_ve,1298.0,0.7000000000000001,0.3,0,57.85824345146379,61,547.0,2026471061,0.3,0.15
fig3_community_ve,646.0,0.7000000000000001,0.3,0,61.30030959752322,62,250.0,2026471062,0.3,0.15
fig3_community_ve,899.9999999999999,0.7000000000000001,0.3,0,56.77777777777777,63,389.0,2026471063,0.3,0.15
fig3_community_ve,568.0,0.7000000000000001,0.3,0,43.309859154929576,64,322.0,2026471064,0.3,0.15
fig3_community_ve,780.0,0.7000000000000001,0.3,0,54.743589743589745,65,353.0,2026471065,0.3,0.15
fig3_community_ve,602.0,0.7000000000000001,0.3,0,39.53488372093023,66,364.0,2026471066,0.3,0.15
fig3_community_ve,846.0,0.7000000000000001,0.3,0,63.356973995271865,67,310.0,2026471067,0.3,0.15
fig3_community_ve,902.0,0.7000000000000001,0.3,0,41.46341463414634,68,528.0,2026471068,0.3,0.15
fig3_community_ve,1315.0,0.7000000000000001,0.3,0,64.25855513307985,69,470.0,2026471069,0.3,0.15
fig3_community_ve,830.0,0.7000000000000001,0.3,0,46.74698795180722,70,442.00000000000006,2026471070,0.3,0.15
fig3_community_ve,780.0,0.7000000000000001,0.3,0,46.53846153846154,71,417.0,2026471071,0.3,0.15
fig3_community_ve,867.0000000000001,0.7000000000000001,0.3,0,59.86159169550174,72,348.0,2026471072,0.3,0.15
fig3_community_ve,1005.0,0.7000000000000001,0.3,0,48.756218905472636,73,515.0,2026471073,0.3,0.15
fig3_community_ve,1010.0,0.7000000000000001,0.3,0,50.495049504950494,74,500.0,2026471074,0.3,0.15
fig3_community_ve,969.0000000000001,0.7000000000000001,0.3,0,62.53869969040248,75,363.0,2026471075,0.3,0.15
fig3_community_ve,759.0,0.7000000000000001,0.3,0,62.84584980237154,76,282.0,2026471076,0.3,0.15
fig3_community_ve,782.0,0.7000000000000001,0.3,0,48.721227621483386,77,400.99999999999994,2026471077,0.3,0.15
fig3_community_ve,574.0,0.7000000000000001,0.3,0,39.89547038327526,78,345.0,2026471078,0.3,0.15
fig3_community_ve,523.0,0.7000000000000001,0.3,0,47.22753346080306,79,276.0,2026471079,0.3,0.15
fig3_community_ve,332.0,0.7000000000000001,0.3,0,35.24096385542169,80,215.0,2026471080,0.3,0.15
fig3_community_ve,777.0,0.7000000000000001,0.3,0,53.153153153153156,81,364.0,2026471081,0.3,0.15
fig3_community_ve,865.9999999999999,0.7000000000000001,0.3,0,60.04618937644341,82,346.0,2026471082,0.3,0.15
fig3_community_ve,999.0000000000001,0.7000000000000001,0.3,0,66.26626626626627,83,337.0,2026471083,0.3,0.15
fig3_community_ve,725.0,0.7000000000000001,0.3,0,56.55172413793103,84,315.0,2026471084,0.3,0.15
fig3_community_ve,634.0,0.7000000000000001,0.3,0,39.58990536277602,85,383.0,2026471085,0.3,0.15
fig3_community_ve,997.9999999999999,0.7000000000000001,0.3,0,61.12224448897795,86,388.0,2026471086,0.3,0.15
fig3_community_ve,735.0,0.7000000000000001,0.3,0,69.25170068027211,87,225.99999999999997,2026471087,0.3,0.15
fig3_community_ve,612.0,0.7000000000000001,0.3,0,34.64052287581699,88,400.0,2026471088,0.3,0.15
fig3_community_ve,980.0,0.7000000000000001,0.3,0,48.06122448979592,89,509.0,2026471089,0.3,0.15
fig3_community_ve,740.0,0.7000000000000001,0.3,0,53.91891891891892,90,341.0,2026471090,0.3,0.15
fig3_community_ve,855.0,0.7000000000000001,0.3,0,57.42690058479532,91,364.0,2026471091,0.3,0.15
fig3_community_ve,757.0,0.7000000000000001,0.3,0,44.121532364597094,92,423.0,2026471092,0.3,0.15
fig3_community_ve,783.0,0.7000000000000001,0.3,0,51.08556832694764,93,383.0,2026471093,0.3,0.15
fig3_community_ve,617.0,0.7000000000000001,0.3,0,40.19448946515397,94,369.0,2026471094,0.3,0.15
fig3_community_ve,748.0,0.7000000000000001,0.3,0,48.93048128342246,95,382.0,2026471095,0.3,0.15
fig3_community_ve,695.0,0.7000000000000001,0.3,0,46.906474820143885,96,369.0,2026471096,0.3,0.15
fig3_community_ve,1183.0,0.7000000000000001,0.3,0,72.7810650887574,97,322.0,2026471097,0.3,0.15
fig3_community_ve,852.9999999999999,0.7000000000000001,0.3,0,49.82415005861664,98,428.0,2026471098,0.3,0.15
fig3_community_ve,955.0,0.7000000000000001,0.3,0,54.45026178010471,99,434.99999999999994,2026471099,0.3,0.15
fig3_community_ve,984.0,0.7000000000000001,0.3,0,82.92682926829268,0,168.0,2026473000,0.3,0.44999999999999996
fig3_community_ve,1018.9999999999999,0.7000000000000001,0.3,0,81.648675171737,1,187.0,2026473001,0.3,0.44999999999999996
fig3_community_ve,788.0,0.7000000000000001,0.3,0,84.8984771573604,2,119.00000000000001,2026473002,0.3,0.44999999999999996
fig3_community_ve,701.0,0.7000000000000001,0.3,0,82.73894436519258,3,120.99999999999999,2026473003,0.3,0.44999999999999996
fig3_community_ve,1038.0,0.7000000000000001,0.3,0,86.89788053949904,4,136.0,2026473004,0.3,0.44999999999999996
fig3_community_ve,716.0,0.7000000000000001,0.3,0,84.21787709497207,5,112.99999999999999,2026473005,0.3,0.44999999999999996
fig3_community_ve,1065.0,0.7000000000000001,0.3,0,87.69953051643192,6,131.0,2026473006,0.3,0.44999999999999996
fig3_community_ve,561.0,0.7000000000000001,0.3,0,79.32263814616756,7,116.0,2026473007,0.3,0.44999999999999996
fig3_community_ve,967.0,0.7000000000000001,0.3,0,88.00413650465357,8,116.0,2026473008,0.3,0.44999999999999996
fig3_community_ve,835.0,0.7000000000000001,0.3,0,83.23353293413173,9,140.0,2026473009,0.3,0.44999999999999996
fig3_community_ve,643.0,0.7000000000000001,0.3,0,79.93779160186625,10,129.0,2026473010,0.3,0.44999999999999996
fig3_community_ve,606.0,0.7000000000000001,0.3,0,80.52805280528052,11,118.0,2026473011,0.3,0.44999999999999996
fig3_community_ve,1393.0,0.7000000000000001,0.3,0,82.62742282842785,12,241.99999999999997,2026473012,0.3,0.44999999999999996
fig3_community_ve,971.0,0.7000000000000001,0.3,0,83.62512873326467,13,159.0,2026473013,0.3,0.44999999999999996
fig3_community_ve,777.0,0.7000000000000001,0.3,0,88.41698841698842,14,90.0,2026473014,0.3,0.44999999999999996
fig3_community_ve,726.0,0.7000000000000001,0.3,0,86.08815426997245,15,101.0,2026473015,0.3,0.44999999999999996
fig3_community_ve,594.0,0.7000000000000001,0.3,0,81.98653198653199,16,107.0,2026473016,0.3,0.44999999999999996
fig3_community_ve,679.0,0.7000000000000001,0.3,0,76.73048600883652,17,158.0,2026473017,0.3,0.44999999999999996
fig3_community_ve,927.0,0.7000000000000001,0.3,0,82.52427184466019,18,162.0,2026473018,0.3,0.44999999999999996
fig3_community_ve,659.0,0.7000000000000001,0.3,0,87.10166919575114,19,85.0,2026473019,0.3,0.44999999999999996
fig3_community_ve,776.0,0.7000000000000001,0.3,0,78.99484536082474,20,163.0,2026473020,0.3,0.44999999999999996
fig3_community_ve,703.0,0.7000000000000001,0.3,0,83.3570412517781,21,117.0,2026473021,0.3,0.44999999999999996
fig3_community_ve,767.0,0.7000000000000001,0.3,0,83.18122555410692,22,129.0,2026473022,0.3,0.44999999999999996
fig3_community_ve,1194.0,0.7000000000000001,0.3,0,83.91959798994975,23,192.0,2026473023,0.3,0.44999999999999996
fig3_community_ve,628.0,0.7000000000000001,0.3,0,80.5732484076433,24,122.0,2026473024,0.3,0.44999999999999996
fig3_community_ve,1132.0,0.7000000000000001,0.3,0,88.69257950530036,25,128.0,2026473025,0.3,0.44999999999999996
fig3_community_ve,530.0,0.7000000000000001,0.3,0,84.71698113207547,26,81.0,2026473026,0.3,0.44999999999999996
fig3_community_ve,1250.0,0.7000000000000001,0.3,0,87.92,27,151.0,2026473027,0.3,0.44999999999999996
fig3_community_ve,1098.0,0.7000000000000001,0.3,0,84.06193078324226,28,175.0,2026473028,0.3,0.44999999999999996
fig3_community_ve,786.0000000000001,0.7000000000000001,0.3,0,81.17048346055981,29,148.0,2026473029,0.3,0.44999999999999996
fig3_community_ve,746.0,0.7000000000000001,0.3,0,85.656836461126,30,107.0,2026473030,0.3,0.44999999999999996
fig3_community_ve,963.9999999999999,0.7000000000000001,0.3,0,80.08298755186722,31,192.0,2026473031,0.3,0.44999999999999996
fig3_community_ve,765.0,0.7000000000000001,0.3,0,82.3529411764706,32,135.0,2026473032,0.3,0.44999999999999996
fig3_community_ve,1045.0,0.7000000000000001,0.3,0,86.41148325358851,33,142.0,2026473033,0.3,0.44999999999999996
fig3_community_ve,875.0000000000001,0.7000000000000001,0.3,0,86.62857142857143,34,117.0,2026473034,0.3,0.44999999999999996
fig3_community_ve,492.0,0.7000000000000001,0.3,0,80.28455284552845,35,97.0,2026473035,0.3,0.44999999999999996
fig3_community_ve,743.0,0.7000000000000001,0.3,0,82.23418573351279,36,132.0,2026473036,0.3,0.44999999999999996
fig3_community_ve,567.0,0.7000000000000001,0.3,0,78.3068783068783,37,123.0,2026473037,0.3,0.44999999999999996
fig3_community_ve,834.0,0.7000000000000001,0.3,0,85.13189448441247,38,124.0,2026473038,0.3,0.44999999999999996
fig3_community_ve,757.0,0.7000000000000001,0.3,0,85.73315719947159,39,108.0,2026473039,0.3,0.44999999999999996
fig3_community_ve,1049.0,0.7000000000000001,0.3,0,86.17731172545281,40,145.0,2026473040,0.3,0.44999999999999996
fig3_community_ve,707.0,0.7000000000000001,0.3,0,80.05657708628006,41,141.0,2026473041,0.3,0.44999999999999996
fig3_community_ve,561.0,0.7000000000000001,0.3,0,77.36185383244207,42,127.00000000000001,2026473042,0.3,0.44999999999999996
fig3_community_ve,1158.0,0.7000000000000001,0.3,0,87.21934369602764,43,148.0,2026473043,0.3,0.44999999999999996
fig3_community_ve,1034.0,0.7000000000000001,0.3,0,82.39845261121857,44,182.0,2026473044,0.3,0.44999999999999996
fig3_community_ve,671.0,0.7000000000000001,0.3,0,76.60208643815201,45,157.0,2026473045,0.3,0.44999999999999996
fig3_community_ve,809.0,0.7000000000000001,0.3,0,87.76266996291719,46,99.0,2026473046,0.3,0.44999999999999996
fig3_community_ve,855.0,0.7000000000000001,0.3,0,82.45614035087719,47,150.0,2026473047,0.3,0.44999999999999996
fig3_community_ve,758.0,0.7000000000000001,0.3,0,87.73087071240106,48,93.0,2026473048,0.3,0.44999999999999996
fig3_community_ve,577.0,0.7000000000000001,0.3,0,84.57538994800693,49,89.0,2026473049,0.3,0.44999999999999996
fig3_community_ve,810.0,0.7000000000000001,0.3,0,85.80246913580247,50,115.0,2026473050,0.3,0.44999999999999996
fig3_community_ve,761.0,0.7000000000000001,0.3,0,83.04862023653088,51,129.0,2026473051,0.3,0.44999999999999996
fig3_community_ve,680.0,0.7000000000000001,0.3,0,75.44117647058823,52,167.0,2026473052,0.3,0.44999999999999996
fig3_community_ve,782.0,0.7000000000000001,0.3,0,83.75959079283888,53,127.00000000000001,2026473053,0.3,0.44999999999999996
fig3_community_ve,929.0,0.7000000000000001,0.3,0,80.30139935414424,54,183.0,2026473054,0.3,0.44999999999999996
fig3_community_ve,670.0,0.7000000000000001,0.3,0,78.95522388059702,55,141.0,2026473055,0.3,0.44999999999999996
fig3_community_ve,950.0,0.7000000000000001,0.3,0,84.94736842105263,56,143.0,2026473056,0.3,0.44999999999999996
fig3_community_ve,683.0,0.7000000000000001,0.3,0,79.79502196193265,57,138.0,2026473057,0.3,0.44999999999999996
fig3_community_ve,744.0,0.7000000000000001,0.3,0,86.82795698924731,58,98.0,2026473058,0.3,0.44999999999999996
fig3_community_ve,929.9999999999999,0.7000000000000001,0.3,0,81.50537634408602,59,172.0,2026473059,0.3,0.44999999999999996
fig3_community_ve,1202.0,0.7000000000000001,0.3,0,84.77537437603993,60,183.0,2026473060,0.3,0.44999999999999996
fig3_community_ve,1196.0,0.7000000000000001,0.3,0,83.69565217391305,61,195.0,2026473061,0.3,0.44999999999999996
fig3_community_ve,865.9999999999999,0.7000000000000001,0.3,0,85.56581986143186,62,125.0,2026473062,0.3,0.44999999999999996
fig3_community_ve,898.0,0.7000000000000001,0.3,0,82.96213808463251,63,153.0,2026473063,0.3,0.44999999999999996
fig3_community_ve,915.0,0.7000000000000001,0.3,0,85.24590163934427,64,135.0,2026473064,0.3,0.44999999999999996
fig3_community_ve,933.0,0.7000000000000001,0.3,0,86.28081457663451,65,128.0,2026473065,0.3,0.44999999999999996
fig3_community_ve,1070.0,0.7000000000000001,0.3,0,84.57943925233644,66,165.0,2026473066,0.3,0.44999999999999996
fig3_community_ve,1053.0,0.7000000000000001,0.3,0,87.46438746438747,67,132.0,2026473067,0.3,0.44999999999999996
fig3_community_ve,810.9999999999999,0.7000000000000001,0.3,0,85.32675709001232,68,119.00000000000001,2026473068,0.3,0.44999999999999996
fig3_community_ve,701.0,0.7000000000000001,0.3,0,83.3095577746077,69,117.0,2026473069,0.3,0.44999999999999996
fig3_community_ve,852.9999999999999,0.7000000000000001,0.3,0,85.58030480656505,70,123.0,2026473070,0.3,0.44999999999999996
fig3_community_ve,772.0,0.7000000000000001,0.3,0,87.43523316062176,71,97.0,2026473071,0.3,0.44999999999999996
fig3_community_ve,703.0,0.7000000000000001,0.3,0,86.7709815078236,72,93.0,2026473072,0.3,0.44999999999999996
fig3_community_ve,1008.0,0.7000000000000001,0.3,0,84.92063492063492,73,152.0,2026473073,0.3,0.44999999999999996
fig3_community_ve,693.0,0.7000000000000001,0.3,0,82.25108225108225,74,123.0,2026473074,0.3,0.44999999999999996
fig3_community_ve,782.0,0.7000000000000001,0.3,0,81.45780051150895,75,145.0,2026473075,0.3,0.44999999999999996
fig3_community_ve,844.9999999999999,0.7000000000000001,0.3,0,85.68047337278107,76,120.99999999999999,2026473076,0.3,0.44999999999999996
fig3_community_ve,691.0,0.7000000000000001,0.3,0,83.3574529667149,77,115.0,2026473077,0.3,0.44999999999999996
fig3_community_ve,727.0,0.7000000000000001,0.3,0,85.9697386519945,78,102.00000000000001,2026473078,0.3,0.44999999999999996
fig3_community_ve,712.0,0.7000000000000001,0.3,0,81.17977528089888,79,134.0,2026473079,0.3,0.44999999999999996
fig3_community_ve,852.9999999999999,0.7000000000000001,0.3,0,83.82180539273153,80,138.0,2026473080,0.3,0.44999999999999996
fig3_community_ve,975.0,0.7000000000000001,0.3,0,88.82051282051282,81,109.0,2026473081,0.3,0.44999999999999996
fig3_community_ve,652.0,0.7000000000000001,0.3,0,82.51533742331289,82,114.0,2026473082,0.3,0.44999999999999996
fig3_community_ve,860.0,0.7000000000000001,0.3,0,78.48837209302326,83,185.0,2026473083,0.3,0.44999999999999996
fig3_community_ve,423.0,0.7000000000000001,0.3,0,79.90543735224587,84,85.0,2026473084,0.3,0.44999999999999996
fig3_community_ve,1041.0,0.7000000000000001,0.3,0,87.41594620557157,85,131.0,2026473085,0.3,0.44999999999999996
fig3_community_ve,1141.0,0.7000000000000001,0.3,0,84.8378615249781,86,173.0,2026473086,0.3,0.44999999999999996
fig3_community_ve,613.0,0.7000000000000001,0.3,0,86.78629690048939,87,81.0,2026473087,0.3,0.44999999999999996
fig3_community_ve,595.0,0.7000000000000001,0.3,0,85.54621848739495,88,86.0,2026473088,0.3,0.44999999999999996
fig3_community_ve,1141.0,0.7000000000000001,0.3,0,85.2760736196319,89,168.0,2026473089,0.3,0.44999999999999996
fig3_community_ve,761.0,0.7000000000000001,0.3,0,83.18002628120894,90,128.0,2026473090,0.3,0.44999999999999996
fig3_community_ve,645.0,0.7000000000000001,0.3,0,83.87596899224806,91,103.99999999999999,2026473091,0.3,0.44999999999999996
fig3_community_ve,678.0,0.7000000000000001,0.3,0,76.99115044247787,92,156.0,2026473092,0.3,0.44999999999999996
fig3_community_ve,1054.0,0.7000000000000001,0.3,0,84.53510436432637,93,163.0,2026473093,0.3,0.44999999999999996
fig3_community_ve,949.0,0.7000000000000001,0.3,0,84.29926238145416,94,149.0,2026473094,0.3,0.44999999999999996
fig3_community_ve,945.0,0.7000000000000001,0.3,0,79.8941798941799,95,190.0,2026473095,0.3,0.44999999999999996
fig3_community_ve,639.0,0.7000000000000001,0.3,0,84.97652582159624,96,96.0,2026473096,0.3,0.44999999999999996
fig3_community_ve,753.0,0.7000000000000001,0.3,0,86.58698539176626,97,101.0,2026473097,0.3,0.44999999999999996
fig3_community_ve,1022.0,0.7000000000000001,0.3,0,84.24657534246575,98,161.0,2026473098,0.3,0.44999999999999996
fig3_community_ve,668.0,0.7000000000000001,0.3,0,83.83233532934132,99,108.0,2026473099,0.3,0.44999999999999996
fig3_community_ve,675.0,0.7000000000000001,0.3,0,79.11111111111111,0,141.0,2026472000,0.3,0.3
fig3_community_ve,882.9999999999999,0.7000000000000001,0.3,0,74.17893544733862,1,228.0,2026472001,0.3,0.3
fig3_community_ve,771.0,0.7000000000000001,0.3,0,81.4526588845655,2,143.0,2026472002,0.3,0.3
fig3_community_ve,818.0,0.7000000000000001,0.3,0,78.97310513447432,3,172.0,2026472003,0.3,0.3
fig3_community_ve,487.0,0.7000000000000001,0.3,0,69.40451745379877,4,149.0,2026472004,0.3,0.3
fig3_community_ve,921.0,0.7000000000000001,0.3,0,81.65038002171552,5,169.0,2026472005,0.3,0.3
fig3_community_ve,777.0,0.7000000000000001,0.3,0,71.2998712998713,6,223.00000000000003,2026472006,0.3,0.3
fig3_community_ve,1128.0,0.7000000000000001,0.3,0,79.60992907801419,7,230.0,2026472007,0.3,0.3
fig3_community_ve,1123.0,0.7000000000000001,0.3,0,82.19056099732859,8,200.0,2026472008,0.3,0.3
fig3_community_ve,848.9999999999999,0.7000000000000001,0.3,0,76.91401648998821,9,196.0,2026472009,0.3,0.3
fig3_community_ve,696.0,0.7000000000000001,0.3,0,63.64942528735632,10,253.0,2026472010,0.3,0.3
fig3_community_ve,957.0,0.7000000000000001,0.3,0,82.23615464994775,11,170.0,2026472011,0.3,0.3
fig3_community_ve,929.0,0.7000000000000001,0.3,0,77.07212055974166,12,213.0,2026472012,0.3,0.3
fig3_community_ve,740.0,0.7000000000000001,0.3,0,73.91891891891892,13,193.0,2026472013,0.3,0.3
fig3_community_ve,1197.0,0.7000000000000001,0.3,0,81.0359231411863,14,227.0,2026472014,0.3,0.3
fig3_community_ve,1151.0,0.7000000000000001,0.3,0,76.54213727193745,15,270.0,2026472015,0.3,0.3
fig3_community_ve,796.0,0.7000000000000001,0.3,0,71.23115577889448,16,229.0,2026472016,0.3,0.3
fig3_community_ve,780.0,0.7000000000000001,0.3,0,74.35897435897436,17,200.0,2026472017,0.3,0.3
fig3_community_ve,844.0,0.7000000000000001,0.3,0,83.17535545023696,18,142.0,2026472018,0.3,0.3
fig3_community_ve,1025.0,0.7000000000000001,0.3,0,77.46341463414635,19,231.0,2026472019,0.3,0.3
fig3_community_ve,814.0,0.7000000000000001,0.3,0,69.65601965601965,20,247.0,2026472020,0.3,0.3
fig3_community_ve,616.0,0.7000000000000001,0.3,0,72.8896103896104,21,167.0,2026472021,0.3,0.3
fig3_community_ve,1066.0,0.7000000000000001,0.3,0,76.54784240150094,22,250.0,2026472022,0.3,0.3
fig3_community_ve,606.0,0.7000000000000001,0.3,0,72.27722772277228,23,168.0,2026472023,0.3,0.3
fig3_community_ve,1051.0,0.7000000000000001,0.3,0,82.9686013320647,24,179.0,2026472024,0.3,0.3
fig3_community_ve,831.9999999999999,0.7000000000000001,0.3,0,71.51442307692307,25,237.00000000000003,2026472025,0.3,0.3
fig3_community_ve,753.0,0.7000000000000001,0.3,0,71.58034528552457,26,214.0,2026472026,0.3,0.3
fig3_community_ve,718.0,0.7000000000000001,0.3,0,76.18384401114206,27,171.0,2026472027,0.3,0.3
fig3_community_ve,1182.0,0.7000000000000001,0.3,0,78.25719120135363,28,257.0,2026472028,0.3,0.3
fig3_community_ve,997.0,0.7000000000000001,0.3,0,77.13139418254764,29,228.0,2026472029,0.3,0.3
fig3_community_ve,1036.0,0.7000000000000001,0.3,0,73.74517374517374,30,272.0,2026472030,0.3,0.3
fig3_community_ve,626.0,0.7000000000000001,0.3,0,64.85623003194888,31,220.0,2026472031,0.3,0.3
fig3_community_ve,1165.0,0.7000000000000001,0.3,0,79.14163090128756,32,243.0,2026472032,0.3,0.3
fig3_community_ve,1133.0,0.7000000000000001,0.3,0,76.96381288614299,33,261.0,2026472033,0.3,0.3
fig3_community_ve,1033.0,0.7000000000000001,0.3,0,79.38044530493708,34,213.0,2026472034,0.3,0.3
fig3_community_ve,793.0,0.7000000000000001,0.3,0,65.82597730138714,35,271.0,2026472035,0.3,0.3
fig3_community_ve,967.0,0.7000000000000001,0.3,0,75.59462254395036,36,236.0,2026472036,0.3,0.3
fig3_community_ve,983.0,0.7000000000000001,0.3,0,78.63682604272636,37,210.0,2026472037,0.3,0.3
fig3_community_ve,623.0,0.7000000000000001,0.3,0,76.24398073836277,38,148.0,2026472038,0.3,0.3
fig3_community_ve,812.0,0.7000000000000001,0.3,0,72.29064039408867,39,224.99999999999997,2026472039,0.3,0.3
fig3_community_ve,948.0000000000001,0.7000000000000001,0.3,0,73.41772151898735,40,252.0,2026472040,0.3,0.3
fig3_community_ve,889.0,0.7000000000000001,0.3,0,74.57817772778402,41,225.99999999999997,2026472041,0.3,0.3
fig3_community_ve,790.0000000000001,0.7000000000000001,0.3,0,81.26582278481013,42,148.0,2026472042,0.3,0.3
fig3_community_ve,722.0,0.7000000000000001,0.3,0,74.79224376731302,43,182.0,2026472043,0.3,0.3
fig3_community_ve,1098.0,0.7000000000000001,0.3,0,80.41894353369763,44,215.0,2026472044,0.3,0.3
fig3_community_ve,843.0,0.7000000000000001,0.3,0,71.76749703440095,45,238.00000000000003,2026472045,0.3,0.3
fig3_community_ve,854.0000000000001,0.7000000000000001,0.3,0,69.08665105386417,46,264.0,2026472046,0.3,0.3
fig3_community_ve,818.9999999999999,0.7000000000000001,0.3,0,78.26617826617826,47,178.0,2026472047,0.3,0.3
fig3_community_ve,806.0,0.7000000000000001,0.3,0,74.68982630272953,48,204.00000000000003,2026472048,0.3,0.3
fig3_community_ve,665.0,0.7000000000000001,0.3,0,75.0375939849624,49,166.0,2026472049,0.3,0.3
fig3_community_ve,1009.0,0.7000000000000001,0.3,0,79.48463825569871,50,206.99999999999997,2026472050,0.3,0.3
fig3_community_ve,1144.0,0.7000000000000001,0.3,0,82.08041958041959,51,205.00000000000003,2026472051,0.3,0.3
fig3_community_ve,912.9999999999999,0.7000000000000001,0.3,0,78.86089813800656,52,193.0,2026472052,0.3,0.3
fig3_community_ve,953.0,0.7000000000000001,0.3,0,74.71143756558237,53,240.99999999999997,2026472053,0.3,0.3
fig3_community_ve,1046.0,0.7000000000000001,0.3,0,76.67304015296367,54,244.0,2026472054,0.3,0.3
fig3_community_ve,770.0,0.7000000000000001,0.3,0,74.67532467532467,55,195.0,2026472055,0.3,0.3
fig3_community_ve,750.0,0.7000000000000001,0.3,0,74.8,56,189.0,2026472056,0.3,0.3
fig3_community_ve,529.0,0.7000000000000001,0.3,0,76.55954631379961,57,124.0,2026472057,0.3,0.3
fig3_community_ve,617.0,0.7000000000000001,0.3,0,77.9578606158833,58,136.0,2026472058,0.3,0.3
fig3_community_ve,740.0,0.7000000000000001,0.3,0,74.5945945945946,59,188.0,2026472059,0.3,0.3
fig3_community_ve,908.0,0.7000000000000001,0.3,0,80.83700440528635,60,174.0,2026472060,0.3,0.3
fig3_community_ve,664.0,0.7000000000000001,0.3,0,71.08433734939759,61,192.0,2026472061,0.3,0.3
fig3_community_ve,779.0,0.7000000000000001,0.3,0,76.25160462130937,62,185.0,2026472062,0.3,0.3
fig3_community_ve,833.0000000000001,0.7000000000000001,0.3,0,74.90996398559425,63,208.99999999999997,2026472063,0.3,0.3
fig3_community_ve,946.9999999999999,0.7000000000000001,0.3,0,74.44561774023231,64,241.99999999999997,2026472064,0.3,0.3
fig3_community_ve,786.0000000000001,0.7000000000000001,0.3,0,69.08396946564886,65,243.0,2026472065,0.3,0.3
fig3_community_ve,655.0,0.7000000000000001,0.3,0,73.58778625954199,66,173.0,2026472066,0.3,0.3
fig3_community_ve,873.0,0.7000000000000001,0.3,0,74.3413516609393,67,223.99999999999997,2026472067,0.3,0.3
fig3_community_ve,678.0,0.7000000000000001,0.3,0,73.45132743362832,68,180.0,2026472068,0.3,0.3
fig3_community_ve,805.0,0.7000000000000001,0.3,0,80.4968944099379,69,157.0,2026472069,0.3,0.3
fig3_community_ve,741.0,0.7000000000000001,0.3,0,78.94736842105263,70,156.0,2026472070,0.3,0.3
fig3_community_ve,830.0,0.7000000000000001,0.3,0,74.81927710843374,71,208.99999999999997,2026472071,0.3,0.3
fig3_community_ve,1155.0,0.7000000000000001,0.3,0,82.16450216450217,72,206.00000000000003,2026472072,0.3,0.3
fig3_community_ve,864.0,0.7000000000000001,0.3,0,77.08333333333333,73,198.0,2026472073,0.3,0.3
fig3_community_ve,796.0,0.7000000000000001,0.3,0,76.88442211055276,74,184.0,2026472074,0.3,0.3
fig3_community_ve,969.0000000000001,0.7000000000000001,0.3,0,76.16099071207431,75,231.0,2026472075,0.3,0.3
fig3_community_ve,1033.0,0.7000000000000001,0.3,0,76.28267182962246,76,245.0,2026472076,0.3,0.3
fig3_community_ve,1221.0,0.7000000000000001,0.3,0,86.65028665028665,77,163.0,2026472077,0.3,0.3
fig3_community_ve,663.0,0.7000000000000001,0.3,0,74.81146304675717,78,167.0,2026472078,0.3,0.3
fig3_community_ve,762.0,0.7000000000000001,0.3,0,73.0971128608924,79,205.00000000000003,2026472079,0.3,0.3
fig3_community_ve,624.0,0.7000000000000001,0.3,0,81.89102564102564,80,112.99999999999999,2026472080,0.3,0.3
fig3_community_ve,847.0,0.7000000000000001,0.3,0,78.39433293978749,81,183.0,2026472081,0.3,0.3
fig3_community_ve,899.9999999999999,0.7000000000000001,0.3,0,79.66666666666666,82,183.0,2026472082,0.3,0.3
fig3_community_ve,764.0,0.7000000000000001,0.3,0,74.08376963350786,83,198.0,2026472083,0.3,0.3
fig3_community_ve,786.0000000000001,0.7000000000000001,0.3,0,81.04325699745547,84,149.0,2026472084,0.3,0.3
fig3_community_ve,923.0,0.7000000000000001,0.3,0,77.46478873239437,85,207.99999999999997,2026472085,0.3,0.3
fig3_community_ve,860.0,0.7000000000000001,0.3,0,79.88372093023256,86,173.0,2026472086,0.3,0.3
fig3_community_ve,793.0,0.7000000000000001,0.3,0,74.27490542244641,87,204.00000000000003,2026472087,0.3,0.3
fig3_community_ve,738.0,0.7000000000000001,0.3,0,70.86720867208672,88,215.0,2026472088,0.3,0.3
fig3_community_ve,1329.0,0.7000000000000001,0.3,0,82.84424379232506,89,228.0,2026472089,0.3,0.3
fig3_community_ve,1044.0,0.7000000000000001,0.3,0,82.47126436781609,90,183.0,2026472090,0.3,0.3
fig3_community_ve,810.0,0.7000000000000001,0.3,0,73.82716049382717,91,212.0,2026472091,0.3,0.3
fig3_community_ve,737.0,0.7000000000000001,0.3,0,59.29443690637721,92,300.0,2026472092,0.3,0.3
fig3_community_ve,942.9999999999999,0.7000000000000001,0.3,0,78.4729586426299,93,203.0,2026472093,0.3,0.3
fig3_community_ve,778.0,0.7000000000000001,0.3,0,74.03598971722366,94,202.0,2026472094,0.3,0.3
fig3_community_ve,495.00000000000006,0.7000000000000001,0.3,0,73.93939393939395,95,129.0,2026472095,0.3,0.3
fig3_community_ve,789.0,0.7000000000000001,0.3,0,78.07351077313055,96,173.0,2026472096,0.3,0.3
fig3_community_ve,993.9999999999999,0.7000000000000001,0.3,0,83.19919517102615,97,167.0,2026472097,0.3,0.3
fig3_community_ve,709.0,0.7000000000000001,0.3,0,67.41889985895628,98,231.0,2026472098,0.3,0.3
fig3_community_ve,925.0,0.7000000000000001,0.3,0,81.51351351351352,99,171.0,2026472099,0.3,0.3
fig3_community_ve,706.0,0.7000000000000001,0.3,0,87.6770538243626,0,87.0,2026474000,0.3,0.6
fig3_community_ve,895.9999999999999,0.7000000000000001,0.3,0,84.375,1,140.0,2026474001,0.3,0.6
fig3_community_ve,923.0,0.7000000000000001,0.3,0,83.53196099674973,2,152.0,2026474002,0.3,0.6
fig3_community_ve,659.0,0.7000000000000001,0.3,0,86.79817905918058,3,87.0,2026474003,0.3,0.6
fig3_community_ve,631.0,0.7000000000000001,0.3,0,85.57844690966719,4,91.0,2026474004,0.3,0.6
fig3_community_ve,873.0,0.7000000000000001,0.3,0,84.077892325315,5,139.0,2026474005,0.3,0.6
fig3_community_ve,693.0,0.7000000000000001,0.3,0,85.71428571428571,6,99.0,2026474006,0.3,0.6
fig3_community_ve,1197.0,0.7000000000000001,0.3,0,88.80534670008355,7,134.0,2026474007,0.3,0.6
fig3_community_ve,1133.0,0.7000000000000001,0.3,0,90.02647837599294,8,112.99999999999999,2026474008,0.3,0.6
fig3_community_ve,782.0,0.7000000000000001,0.3,0,90.02557544757033,9,78.0,2026474009,0.3,0.6
fig3_community_ve,1043.0,0.7000000000000001,0.3,0,89.16586768935763,10,112.99999999999999,2026474010,0.3,0.6
fig3_community_ve,837.0000000000001,0.7000000000000001,0.3,0,89.96415770609319,11,84.0,2026474011,0.3,0.6
fig3_community_ve,753.0,0.7000000000000001,0.3,0,82.73572377158034,12,130.0,2026474012,0.3,0.6
fig3_community_ve,720.0,0.7000000000000001,0.3,0,85.27777777777777,13,106.0,2026474013,0.3,0.6
fig3_community_ve,1051.0,0.7000000000000001,0.3,0,88.9628924833492,14,116.0,2026474014,0.3,0.6
fig3_community_ve,1132.0,0.7000000000000001,0.3,0,89.92932862190813,15,114.0,2026474015,0.3,0.6
fig3_community_ve,656.0,0.7000000000000001,0.3,0,83.84146341463415,16,106.0,2026474016,0.3,0.6
fig3_community_ve,886.9999999999999,0.7000000000000001,0.3,0,89.74069898534385,17,91.0,2026474017,0.3,0.6
fig3_community_ve,716.0,0.7000000000000001,0.3,0,86.73184357541899,18,95.0,2026474018,0.3,0.6
fig3_community_ve,835.0,0.7000000000000001,0.3,0,86.82634730538922,19,110.0,2026474019,0.3,0.6
fig3_community_ve,966.0,0.7000000000000001,0.3,0,86.23188405797102,20,133.0,2026474020,0.3,0.6
fig3_community_ve,909.0000000000001,0.7000000000000001,0.3,0,91.85918591859186,21,74.0,2026474021,0.3,0.6
fig3_community_ve,935.0000000000001,0.7000000000000001,0.3,0,86.95187165775401,22,122.0,2026474022,0.3,0.6
fig3_community_ve,1041.0,0.7000000000000001,0.3,0,86.83957732949088,23,137.0,2026474023,0.3,0.6
fig3_community_ve,757.0,0.7000000000000001,0.3,0,88.50726552179657,24,87.0,2026474024,0.3,0.6
fig3_community_ve,973.0000000000001,0.7000000000000001,0.3,0,86.7420349434738,25,129.0,2026474025,0.3,0.6
fig3_community_ve,659.0,0.7000000000000001,0.3,0,88.31562974203338,26,77.0,2026474026,0.3,0.6
fig3_community_ve,867.0000000000001,0.7000000000000001,0.3,0,88.81199538638985,27,97.0,2026474027,0.3,0.6
fig3_community_ve,608.0,0.7000000000000001,0.3,0,87.66447368421052,28,75.0,2026474028,0.3,0.6
fig3_community_ve,835.0,0.7000000000000001,0.3,0,87.42514970059881,29,105.0,2026474029,0.3,0.6
fig3_community_ve,894.0,0.7000000000000001,0.3,0,87.69574944071589,30,110.0,2026474030,0.3,0.6
fig3_community_ve,888.0000000000001,0.7000000000000001,0.3,0,87.95045045045046,31,107.0,2026474031,0.3,0.6
fig3_community_ve,962.0,0.7000000000000001,0.3,0,91.58004158004158,32,81.0,2026474032,0.3,0.6
fig3_community_ve,1148.0,0.7000000000000001,0.3,0,87.63066202090593,33,142.0,2026474033,0.3,0.6
fig3_community_ve,777.0,0.7000000000000001,0.3,0,90.21879021879022,34,76.0,2026474034,0.3,0.6
fig3_community_ve,882.9999999999999,0.7000000000000001,0.3,0,85.6172140430351,35,127.00000000000001,2026474035,0.3,0.6
fig3_community_ve,793.0,0.7000000000000001,0.3,0,87.01134930643127,36,103.00000000000001,2026474036,0.3,0.6
fig3_community_ve,613.0,0.7000000000000001,0.3,0,80.91353996737357,37,117.0,2026474037,0.3,0.6
fig3_community_ve,669.0,0.7000000000000001,0.3,0,89.68609865470852,38,69.0,2026474038,0.3,0.6
fig3_community_ve,747.0,0.7000000000000001,0.3,0,87.68406961178046,39,92.0,2026474039,0.3,0.6
fig3_community_ve,867.0000000000001,0.7000000000000001,0.3,0,91.46482122260669,40,74.0,2026474040,0.3,0.6
fig3_community_ve,924.0,0.7000000000000001,0.3,0,88.52813852813853,41,106.0,2026474041,0.3,0.6
fig3_community_ve,803.0000000000001,0.7000000000000001,0.3,0,88.79202988792031,42,90.0,2026474042,0.3,0.6
fig3_community_ve,843.0,0.7000000000000001,0.3,0,86.12099644128114,43,117.0,2026474043,0.3,0.6
fig3_community_ve,901.0000000000001,0.7000000000000001,0.3,0,86.90344062153164,44,118.0,2026474044,0.3,0.6
fig3_community_ve,752.0,0.7000000000000001,0.3,0,88.69680851063829,45,85.0,2026474045,0.3,0.6
fig3_community_ve,712.0,0.7000000000000001,0.3,0,85.11235955056179,46,106.0,2026474046,0.3,0.6
fig3_community_ve,833.0000000000001,0.7000000000000001,0.3,0,87.03481392557023,47,108.0,2026474047,0.3,0.6
fig3_community_ve,689.0,0.7000000000000001,0.3,0,81.71262699564586,48,126.0,2026474048,0.3,0.6
fig3_community_ve,773.0,0.7000000000000001,0.3,0,87.58085381630013,49,96.0,2026474049,0.3,0.6
fig3_community_ve,903.0,0.7000000000000001,0.3,0,88.26135105204872,50,106.0,2026474050,0.3,0.6
fig3_community_ve,689.0,0.7000000000000001,0.3,0,86.21190130624093,51,95.0,2026474051,0.3,0.6
fig3_community_ve,775.0,0.7000000000000001,0.3,0,87.48387096774194,52,97.0,2026474052,0.3,0.6
fig3_community_ve,424.0,0.7000000000000001,0.3,0,83.25471698113208,53,71.0,2026474053,0.3,0.6
fig3_community_ve,505.0,0.7000000000000001,0.3,0,86.33663366336634,54,69.0,2026474054,0.3,0.6
fig3_community_ve,1069.0,0.7000000000000001,0.3,0,88.40037418147801,55,124.0,2026474055,0.3,0.6
fig3_community_ve,873.0,0.7000000000000001,0.3,0,87.0561282932417,56,112.99999999999999,2026474056,0.3,0.6
fig3_community_ve,1135.0,0.7000000000000001,0.3,0,88.54625550660793,57,130.0,2026474057,0.3,0.6
fig3_community_ve,793.9999999999999,0.7000000000000001,0.3,0,85.64231738035264,58,114.0,2026474058,0.3,0.6
fig3_community_ve,1067.0,0.7000000000000001,0.3,0,87.62886597938144,59,132.0,2026474059,0.3,0.6
fig3_community_ve,1199.0,0.7000000000000001,0.3,0,89.6580483736447,60,124.0,2026474060,0.3,0.6
fig3_community_ve,827.9999999999999,0.7000000000000001,0.3,0,89.00966183574879,61,91.0,2026474061,0.3,0.6
fig3_community_ve,882.0,0.7000000000000001,0.3,0,86.05442176870748,62,123.0,2026474062,0.3,0.6
fig3_community_ve,878.9999999999999,0.7000000000000001,0.3,0,88.62343572241183,63,100.0,2026474063,0.3,0.6
fig3_community_ve,990.0000000000001,0.7000000000000001,0.3,0,90.4040404040404,64,95.0,2026474064,0.3,0.6
fig3_community_ve,689.0,0.7000000000000001,0.3,0,86.35703918722787,65,94.0,2026474065,0.3,0.6
fig3_community_ve,1093.0,0.7000000000000001,0.3,0,90.75937785910338,66,101.0,2026474066,0.3,0.6
fig3_community_ve,916.0,0.7000000000000001,0.3,0,89.41048034934498,67,97.0,2026474067,0.3,0.6
fig3_community_ve,991.0,0.7000000000000001,0.3,0,86.17558022199798,68,137.0,2026474068,0.3,0.6
fig3_community_ve,658.0,0.7000000000000001,0.3,0,84.04255319148936,69,105.0,2026474069,0.3,0.6
fig3_community_ve,735.0,0.7000000000000001,0.3,0,85.03401360544218,70,110.0,2026474070,0.3,0.6
fig3_community_ve,833.0000000000001,0.7000000000000001,0.3,0,92.07683073229292,71,66.0,2026474071,0.3,0.6
fig3_community_ve,966.0,0.7000000000000001,0.3,0,85.81780538302277,72,137.0,2026474072,0.3,0.6
fig3_community_ve,818.9999999999999,0.7000000000000001,0.3,0,83.15018315018314,73,138.0,2026474073,0.3,0.6
fig3_community_ve,706.0,0.7000000000000001,0.3,0,86.68555240793201,74,94.0,2026474074,0.3,0.6
fig3_community_ve,726.0,0.7000000000000001,0.3,0,84.43526170798899,75,112.99999999999999,2026474075,0.3,0.6
fig3_community_ve,663.0,0.7000000000000001,0.3,0,84.46455505279035,76,103.00000000000001,2026474076,0.3,0.6
fig3_community_ve,908.0,0.7000000000000001,0.3,0,87.33480176211454,77,115.0,2026474077,0.3,0.6
fig3_community_ve,871.0000000000001,0.7000000000000001,0.3,0,87.14121699196326,78,111.99999999999999,2026474078,0.3,0.6
fig3_community_ve,745.0,0.7000000000000001,0.3,0,85.63758389261746,79,107.0,2026474079,0.3,0.6
fig3_community_ve,1054.0,0.7000000000000001,0.3,0,92.22011385199241,80,82.0,2026474080,0.3,0.6
fig3_community_ve,957.0,0.7000000000000001,0.3,0,90.9090909090909,81,87.0,2026474081,0.3,0.6
fig3_community_ve,983.0,0.7000000000000001,0.3,0,86.6734486266531,82,131.0,2026474082,0.3,0.6
fig3_community_ve,610.0,0.7000000000000001,0.3,0,89.01639344262296,83,67.0,2026474083,0.3,0.6
fig3_community_ve,1007.0000000000001,0.7000000000000001,0.3,0,90.86395233366436,84,92.0,2026474084,0.3,0.6
fig3_community_ve,940.0,0.7000000000000001,0.3,0,88.72340425531915,85,106.0,2026474085,0.3,0.6
fig3_community_ve,1061.0,0.7000000000000001,0.3,0,89.25541941564562,86,114.0,2026474086,0.3,0.6
fig3_community_ve,1296.0,0.7000000000000001,0.3,0,90.04629629629629,87,129.0,2026474087,0.3,0.6
fig3_community_ve,623.0,0.7000000000000001,0.3,0,87.47993579454254,88,78.0,2026474088,0.3,0.6
fig3_community_ve,976.9999999999999,0.7000000000000001,0.3,0,88.94575230296826,89,108.0,2026474089,0.3,0.6
fig3_community_ve,1054.0,0.7000000000000001,0.3,0,87.76091081593928,90,129.0,2026474090,0.3,0.6
fig3_community_ve,741.0,0.7000000000000001,0.3,0,86.50472334682861,91,100.0,2026474091,0.3,0.6
fig3_community_ve,660.0,0.7000000000000001,0.3,0,88.93939393939394,92,73.0,2026474092,0.3,0.6
fig3_community_ve,661.0,0.7000000000000001,0.3,0,85.02269288956127,93,99.0,2026474093,0.3,0.6
fig3_community_ve,638.0,0.7000000000000001,0.3,0,86.52037617554859,94,86.0,2026474094,0.3,0.6
fig3_community_ve,1039.0,0.7000000000000001,0.3,0,89.41289701636188,95,110.0,2026474095,0.3,0.6
fig3_community_ve,912.0,0.7000000000000001,0.3,0,87.39035087719299,96,115.0,2026474096,0.3,0.6
fig3_community_ve,854.0000000000001,0.7000000000000001,0.3,0,88.52459016393443,97,98.0,2026474097,0.3,0.6
fig3_community_ve,905.0000000000001,0.7000000000000001,0.3,0,87.73480662983425,98,111.00000000000001,2026474098,0.3,0.6
fig3_community_ve,841.0000000000001,0.7000000000000001,0.3,0,84.30439952437575,99,132.0,2026474099,0.3,0.6
fig3_community_ve,940.0,0.7000000000000001,0.3,0,85.95744680851064,0,132.0,2026475000,0.3,0.75
fig3_community_ve,753.0,0.7000000000000001,0.3,0,88.04780876494024,1,90.0,2026475001,0.3,0.75
fig3_community_ve,897.0,0.7000000000000001,0.3,0,88.85172798216277,2,100.0,2026475002,0.3,0.75
fig3_community_ve,428.0,0.7000000000000001,0.3,0,82.24299065420561,3,76.0,2026475003,0.3,0.75
fig3_community_ve,912.0,0.7000000000000001,0.3,0,89.91228070175438,4,92.0,2026475004,0.3,0.75
fig3_community_ve,727.0,0.7000000000000001,0.3,0,88.30811554332875,5,85.0,2026475005,0.3,0.75
fig3_community_ve,902.0,0.7000000000000001,0.3,0,90.13303769401331,6,89.0,2026475006,0.3,0.75
fig3_community_ve,618.0,0.7000000000000001,0.3,0,84.78964401294499,7,94.0,2026475007,0.3,0.75
fig3_community_ve,859.0,0.7000000000000001,0.3,0,88.47497089639116,8,99.0,2026475008,0.3,0.75
fig3_community_ve,1001.9999999999999,0.7000000000000001,0.3,0,90.11976047904191,9,99.0,2026475009,0.3,0.75
fig3_community_ve,710.0,0.7000000000000001,0.3,0,84.08450704225352,10,112.99999999999999,2026475010,0.3,0.75
fig3_community_ve,719.0,0.7000000000000001,0.3,0,87.0653685674548,11,93.0,2026475011,0.3,0.75
fig3_community_ve,753.0,0.7000000000000001,0.3,0,89.24302788844622,12,81.0,2026475012,0.3,0.75
fig3_community_ve,588.0,0.7000000000000001,0.3,0,85.8843537414966,13,83.0,2026475013,0.3,0.75
fig3_community_ve,1047.0,0.7000000000000001,0.3,0,90.44890162368672,14,100.0,2026475014,0.3,0.75
fig3_community_ve,889.0,0.7000000000000001,0.3,0,89.31383577052868,15,95.0,2026475015,0.3,0.75
fig3_community_ve,810.9999999999999,0.7000000000000001,0.3,0,87.29963008631319,16,103.00000000000001,2026475016,0.3,0.75
fig3_community_ve,909.0000000000001,0.7000000000000001,0.3,0,88.11881188118812,17,108.0,2026475017,0.3,0.75
fig3_community_ve,638.0,0.7000000000000001,0.3,0,88.71473354231975,18,72.0,2026475018,0.3,0.75
fig3_community_ve,831.9999999999999,0.7000000000000001,0.3,0,91.94711538461537,19,67.0,2026475019,0.3,0.75
fig3_community_ve,706.0,0.7000000000000001,0.3,0,86.96883852691218,20,92.0,2026475020,0.3,0.75
fig3_community_ve,793.9999999999999,0.7000000000000001,0.3,0,87.27959697732997,21,101.0,2026475021,0.3,0.75
fig3_community_ve,736.0,0.7000000000000001,0.3,0,88.04347826086956,22,88.0,2026475022,0.3,0.75
fig3_community_ve,1204.0,0.7000000000000001,0.3,0,89.11960132890366,23,131.0,2026475023,0.3,0.75
fig3_community_ve,678.0,0.7000000000000001,0.3,0,89.08554572271386,24,74.0,2026475024,0.3,0.75
fig3_community_ve,1211.0,0.7000000000000001,0.3,0,90.17341040462428,25,119.00000000000001,2026475025,0.3,0.75
fig3_community_ve,886.0,0.7000000000000001,0.3,0,91.53498871331828,26,75.0,2026475026,0.3,0.75
fig3_community_ve,1124.0,0.7000000000000001,0.3,0,91.45907473309609,27,96.0,2026475027,0.3,0.75
fig3_community_ve,730.0,0.7000000000000001,0.3,0,91.5068493150685,28,62.0,2026475028,0.3,0.75
fig3_community_ve,722.0,0.7000000000000001,0.3,0,86.01108033240997,29,101.0,2026475029,0.3,0.75
fig3_community_ve,831.9999999999999,0.7000000000000001,0.3,0,89.1826923076923,30,90.0,2026475030,0.3,0.75
fig3_community_ve,689.0,0.7000000000000001,0.3,0,87.80841799709724,31,84.0,2026475031,0.3,0.75
fig3_community_ve,864.0,0.7000000000000001,0.3,0,92.36111111111111,32,66.0,2026475032,0.3,0.75
fig3_community_ve,865.0,0.7000000000000001,0.3,0,87.86127167630057,33,105.0,2026475033,0.3,0.75
fig3_community_ve,827.0,0.7000000000000001,0.3,0,89.60096735187425,34,86.0,2026475034,0.3,0.75
fig3_community_ve,652.0,0.7000000000000001,0.3,0,86.65644171779141,35,87.0,2026475035,0.3,0.75
fig3_community_ve,907.0,0.7000000000000001,0.3,0,88.6438809261301,36,103.00000000000001,2026475036,0.3,0.75
fig3_community_ve,974.0,0.7000000000000001,0.3,0,91.37577002053388,37,84.0,2026475037,0.3,0.75
fig3_community_ve,935.0000000000001,0.7000000000000001,0.3,0,91.01604278074866,38,84.0,2026475038,0.3,0.75
fig3_community_ve,959.9999999999999,0.7000000000000001,0.3,0,90.0,39,96.0,2026475039,0.3,0.75
fig3_community_ve,837.0000000000001,0.7000000000000001,0.3,0,87.69414575866189,40,103.00000000000001,2026475040,0.3,0.75
fig3_community_ve,511.0,0.7000000000000001,0.3,0,85.71428571428571,41,73.0,2026475041,0.3,0.75
fig3_community_ve,829.0,0.7000000000000001,0.3,0,87.33413751507841,42,105.0,2026475042,0.3,0.75
fig3_community_ve,720.0,0.7000000000000001,0.3,0,89.30555555555556,43,77.0,2026475043,0.3,0.75
fig3_community_ve,818.9999999999999,0.7000000000000001,0.3,0,88.88888888888889,44,91.0,2026475044,0.3,0.75
fig3_community_ve,807.0000000000001,0.7000000000000001,0.3,0,91.57372986369269,45,68.0,2026475045,0.3,0.75
fig3_community_ve,579.0,0.7000000000000001,0.3,0,81.51986183074266,46,107.0,2026475046,0.3,0.75
fig3_community_ve,736.0,0.7000000000000001,0.3,0,89.53804347826087,47,77.0,2026475047,0.3,0.75
fig3_community_ve,834.0,0.7000000000000001,0.3,0,88.96882494004797,48,92.0,2026475048,0.3,0.75
fig3_community_ve,736.0,0.7000000000000001,0.3,0,88.58695652173913,49,84.0,2026475049,0.3,0.75
fig3_community_ve,705.0,0.7000000000000001,0.3,0,88.08510638297872,50,84.0,2026475050,0.3,0.75
fig3_community_ve,933.9999999999999,0.7000000000000001,0.3,0,89.50749464668094,51,98.0,2026475051,0.3,0.75
fig3_community_ve,942.0,0.7000000000000001,0.3,0,90.55201698513801,52,89.0,2026475052,0.3,0.75
fig3_community_ve,574.0,0.7000000000000001,0.3,0,89.19860627177701,53,62.0,2026475053,0.3,0.75
fig3_community_ve,946.0,0.7000000000000001,0.3,0,90.9090909090909,54,86.0,2026475054,0.3,0.75
fig3_community_ve,749.0,0.7000000000000001,0.3,0,88.91855807743659,55,83.0,2026475055,0.3,0.75
fig3_community_ve,852.0,0.7000000000000001,0.3,0,89.78873239436619,56,87.0,2026475056,0.3,0.75
fig3_community_ve,950.9999999999999,0.7000000000000001,0.3,0,90.43112513144058,57,91.0,2026475057,0.3,0.75
fig3_community_ve,835.0,0.7000000000000001,0.3,0,91.1377245508982,58,74.0,2026475058,0.3,0.75
fig3_community_ve,765.0,0.7000000000000001,0.3,0,90.32679738562092,59,74.0,2026475059,0.3,0.75
fig3_community_ve,791.0,0.7000000000000001,0.3,0,90.13906447534767,60,78.0,2026475060,0.3,0.75
fig3_community_ve,897.0,0.7000000000000001,0.3,0,88.07134894091416,61,107.0,2026475061,0.3,0.75
fig3_community_ve,1549.0,0.7000000000000001,0.3,0,93.47966429954809,62,101.0,2026475062,0.3,0.75
fig3_community_ve,851.0,0.7000000000000001,0.3,0,89.77673325499413,63,87.0,2026475063,0.3,0.75
fig3_community_ve,804.0,0.7000000000000001,0.3,0,89.55223880597015,64,84.0,2026475064,0.3,0.75
fig3_community_ve,779.0,0.7000000000000001,0.3,0,89.60205391527599,65,81.0,2026475065,0.3,0.75
fig3_community_ve,609.0,0.7000000000000001,0.3,0,83.74384236453201,66,99.0,2026475066,0.3,0.75
fig3_community_ve,721.0,0.7000000000000001,0.3,0,91.12343966712899,67,64.0,2026475067,0.3,0.75
fig3_community_ve,886.0,0.7000000000000001,0.3,0,90.18058690744921,68,87.0,2026475068,0.3,0.75
fig3_community_ve,978.0,0.7000000000000001,0.3,0,89.57055214723927,69,102.00000000000001,2026475069,0.3,0.75
fig3_community_ve,725.0,0.7000000000000001,0.3,0,87.17241379310344,70,93.0,2026475070,0.3,0.75
fig3_community_ve,890.0,0.7000000000000001,0.3,0,90.33707865168539,71,86.0,2026475071,0.3,0.75
fig3_community_ve,600.0,0.7000000000000001,0.3,0,89.0,72,66.0,2026475072,0.3,0.75
fig3_community_ve,602.0,0.7000000000000001,0.3,0,90.19933554817275,73,59.0,2026475073,0.3,0.75
fig3_community_ve,1262.0,0.7000000000000001,0.3,0,89.61965134706814,74,131.0,2026475074,0.3,0.75
fig3_community_ve,787.0,0.7000000000000001,0.3,0,90.85133418043202,75,72.0,2026475075,0.3,0.75
fig3_community_ve,1100.0,0.7000000000000001,0.3,0,89.0909090909091,76,119.99999999999999,2026475076,0.3,0.75
fig3_community_ve,1077.0,0.7000000000000001,0.3,0,90.4363974001857,77,103.00000000000001,2026475077,0.3,0.75
fig3_community_ve,506.0,0.7000000000000001,0.3,0,79.64426877470356,78,103.00000000000001,2026475078,0.3,0.75
fig3_community_ve,608.0,0.7000000000000001,0.3,0,84.53947368421052,79,94.0,2026475079,0.3,0.75
fig3_community_ve,869.9999999999999,0.7000000000000001,0.3,0,89.6551724137931,80,90.0,2026475080,0.3,0.75
fig3_community_ve,990.0000000000001,0.7000000000000001,0.3,0,90.30303030303031,81,96.0,2026475081,0.3,0.75
fig3_community_ve,766.0,0.7000000000000001,0.3,0,89.81723237597912,82,78.0,2026475082,0.3,0.75
fig3_community_ve,701.0,0.7000000000000001,0.3,0,89.8716119828816,83,71.0,2026475083,0.3,0.75
fig3_community_ve,1168.0,0.7000000000000001,0.3,0,92.63698630136986,84,86.0,2026475084,0.3,0.75
fig3_community_ve,822.0,0.7000000000000001,0.3,0,87.10462287104623,85,106.0,2026475085,0.3,0.75
fig3_community_ve,932.0,0.7000000000000001,0.3,0,88.73390557939913,86,105.0,2026475086,0.3,0.75
fig3_community_ve,726.0,0.7000000000000001,0.3,0,88.70523415977961,87,82.0,2026475087,0.3,0.75
fig3_community_ve,989.0,0.7000000000000001,0.3,0,91.70879676440849,88,82.0,2026475088,0.3,0.75
fig3_community_ve,632.0,0.7000000000000001,0.3,0,88.92405063291139,89,70.0,2026475089,0.3,0.75
fig3_community_ve,1099.0,0.7000000000000001,0.3,0,91.53776160145587,90,93.0,2026475090,0.3,0.75
fig3_community_ve,830.0,0.7000000000000001,0.3,0,88.79518072289157,91,93.0,2026475091,0.3,0.75
fig3_community_ve,724.0,0.7000000000000001,0.3,0,89.9171270718232,92,73.0,2026475092,0.3,0.75
fig3_community_ve,861.0,0.7000000000000001,0.3,0,88.6178861788618,93,98.0,2026475093,0.3,0.75
fig3_community_ve,912.0,0.7000000000000001,0.3,0,88.70614035087719,94,103.00000000000001,2026475094,0.3,0.75
fig3_community_ve,1081.0,0.7000000000000001,0.3,0,91.67437557816837,95,90.0,2026475095,0.3,0.75
fig3_community_ve,711.0,0.7000000000000001,0.3,0,89.45147679324894,96,75.0,2026475096,0.3,0.75
fig3_community_ve,1051.0,0.7000000000000001,0.3,0,94.48144624167459,97,58.0,2026475097,0.3,0.75
fig3_community_ve,941.0,0.7000000000000001,0.3,0,90.32943676939426,98,91.0,2026475098,0.3,0.75
fig3_community_ve,969.0000000000001,0.7000000000000001,0.3,0,90.19607843137256,99,95.0,2026475099,0.3,0.75
fig3_community_ve,424.0,0.7000000000000001,0.3,0,81.83962264150944,0,77.0,2026476000,0.3,0.9
fig3_community_ve,993.9999999999999,0.7000000000000001,0.3,0,90.04024144869214,1,99.0,2026476001,0.3,0.9
fig3_community_ve,725.0,0.7000000000000001,0.3,0,89.79310344827586,2,74.0,2026476002,0.3,0.9
fig3_community_ve,827.0,0.7000000000000001,0.3,0,88.87545344619105,3,92.0,2026476003,0.3,0.9
fig3_community_ve,982.0000000000001,0.7000000000000001,0.3,0,91.24236252545825,4,86.0,2026476004,0.3,0.9
fig3_community_ve,1070.0,0.7000000000000001,0.3,0,91.58878504672897,5,90.0,2026476005,0.3,0.9
fig3_community_ve,739.0,0.7000000000000001,0.3,0,90.25710419485792,6,72.0,2026476006,0.3,0.9
fig3_community_ve,955.0,0.7000000000000001,0.3,0,89.94764397905759,7,96.0,2026476007,0.3,0.9
fig3_community_ve,967.9999999999999,0.7000000000000001,0.3,0,94.42148760330578,8,54.0,2026476008,0.3,0.9
fig3_community_ve,884.0000000000001,0.7000000000000001,0.3,0,87.44343891402715,9,111.00000000000001,2026476009,0.3,0.9
fig3_community_ve,863.0,0.7000000000000001,0.3,0,92.00463499420626,10,69.0,2026476010,0.3,0.9
fig3_community_ve,986.0000000000001,0.7000000000000001,0.3,0,91.68356997971603,11,82.0,2026476011,0.3,0.9
fig3_community_ve,740.0,0.7000000000000001,0.3,0,89.86486486486487,12,75.0,2026476012,0.3,0.9
fig3_community_ve,772.0,0.7000000000000001,0.3,0,88.860103626943,13,86.0,2026476013,0.3,0.9
fig3_community_ve,601.0,0.7000000000000001,0.3,0,88.85191347753744,14,67.0,2026476014,0.3,0.9
fig3_community_ve,623.0,0.7000000000000001,0.3,0,90.85072231139647,15,57.0,2026476015,0.3,0.9
fig3_community_ve,925.0,0.7000000000000001,0.3,0,91.35135135135135,16,80.0,2026476016,0.3,0.9
fig3_community_ve,703.0,0.7000000000000001,0.3,0,90.3271692745377,17,68.0,2026476017,0.3,0.9
fig3_community_ve,823.0,0.7000000000000001,0.3,0,89.55042527339003,18,86.0,2026476018,0.3,0.9
fig3_community_ve,831.9999999999999,0.7000000000000001,0.3,0,92.42788461538461,19,63.0,2026476019,0.3,0.9
fig3_community_ve,793.9999999999999,0.7000000000000001,0.3,0,90.17632241813601,20,78.0,2026476020,0.3,0.9
fig3_community_ve,777.0,0.7000000000000001,0.3,0,91.24839124839124,21,68.0,2026476021,0.3,0.9
fig3_community_ve,1060.0,0.7000000000000001,0.3,0,90.94339622641509,22,96.0,2026476022,0.3,0.9
fig3_community_ve,531.0,0.7000000000000001,0.3,0,86.62900188323917,23,71.0,2026476023,0.3,0.9
fig3_community_ve,1117.0,0.7000000000000001,0.3,0,91.8531781557744,24,91.0,2026476024,0.3,0.9
fig3_community_ve,698.0,0.7000000000000001,0.3,0,90.40114613180516,25,67.0,2026476025,0.3,0.9
fig3_community_ve,606.0,0.7000000000000001,0.3,0,86.79867986798679,26,80.0,2026476026,0.3,0.9
fig3_community_ve,659.0,0.7000000000000001,0.3,0,90.28831562974203,27,64.0,2026476027,0.3,0.9
fig3_community_ve,833.0000000000001,0.7000000000000001,0.3,0,90.63625450180072,28,78.0,2026476028,0.3,0.9
fig3_community_ve,630.0,0.7000000000000001,0.3,0,87.77777777777777,29,77.0,2026476029,0.3,0.9
fig3_community_ve,637.0,0.7000000000000001,0.3,0,89.79591836734694,30,65.0,2026476030,0.3,0.9
fig3_community_ve,889.0,0.7000000000000001,0.3,0,88.18897637795276,31,105.0,2026476031,0.3,0.9
fig3_community_ve,838.0,0.7000000000000001,0.3,0,90.45346062052506,32,80.0,2026476032,0.3,0.9
fig3_community_ve,672.0,0.7000000000000001,0.3,0,88.0952380952381,33,80.0,2026476033,0.3,0.9
fig3_community_ve,812.0,0.7000000000000001,0.3,0,92.36453201970443,34,62.0,2026476034,0.3,0.9
fig3_community_ve,800.0,0.7000000000000001,0.3,0,89.625,35,83.0,2026476035,0.3,0.9
fig3_community_ve,767.0,0.7000000000000001,0.3,0,88.91786179921773,36,85.0,2026476036,0.3,0.9
fig3_community_ve,970.0,0.7000000000000001,0.3,0,89.27835051546391,37,103.99999999999999,2026476037,0.3,0.9
fig3_community_ve,516.0,0.7000000000000001,0.3,0,80.81395348837209,38,99.0,2026476038,0.3,0.9
fig3_community_ve,658.0,0.7000000000000001,0.3,0,88.14589665653496,39,78.0,2026476039,0.3,0.9
fig3_community_ve,1007.0000000000001,0.7000000000000001,0.3,0,89.97020854021848,40,101.0,2026476040,0.3,0.9
fig3_community_ve,820.0000000000001,0.7000000000000001,0.3,0,90.3658536585366,41,79.0,2026476041,0.3,0.9
fig3_community_ve,772.0,0.7000000000000001,0.3,0,88.73056994818653,42,87.0,2026476042,0.3,0.9
fig3_community_ve,657.0,0.7000000000000001,0.3,0,88.12785388127854,43,78.0,2026476043,0.3,0.9
fig3_community_ve,875.0000000000001,0.7000000000000001,0.3,0,90.28571428571429,44,85.0,2026476044,0.3,0.9
fig3_community_ve,979.0,0.7000000000000001,0.3,0,92.03268641470889,45,78.0,2026476045,0.3,0.9
fig3_community_ve,691.0,0.7000000000000001,0.3,0,89.86975397973951,46,70.0,2026476046,0.3,0.9
fig3_community_ve,993.0,0.7000000000000001,0.3,0,91.23867069486406,47,87.0,2026476047,0.3,0.9
fig3_community_ve,965.0000000000001,0.7000000000000001,0.3,0,90.98445595854923,48,87.0,2026476048,0.3,0.9
fig3_community_ve,954.0,0.7000000000000001,0.3,0,92.24318658280923,49,74.0,2026476049,0.3,0.9
fig3_community_ve,708.0,0.7000000000000001,0.3,0,87.57062146892656,50,88.0,2026476050,0.3,0.9
fig3_community_ve,560.0,0.7000000000000001,0.3,0,91.42857142857143,51,48.0,2026476051,0.3,0.9
fig3_community_ve,827.0,0.7000000000000001,0.3,0,88.2708585247884,52,97.0,2026476052,0.3,0.9
fig3_community_ve,909.0000000000001,0.7000000000000001,0.3,0,89.76897689768977,53,93.0,2026476053,0.3,0.9
fig3_community_ve,751.0,0.7000000000000001,0.3,0,92.14380825565912,54,59.0,2026476054,0.3,0.9
fig3_community_ve,694.0,0.7000000000000001,0.3,0,89.33717579250721,55,74.0,2026476055,0.3,0.9
fig3_community_ve,759.0,0.7000000000000001,0.3,0,85.90250329380764,56,107.0,2026476056,0.3,0.9
fig3_community_ve,924.0,0.7000000000000001,0.3,0,87.33766233766234,57,117.0,2026476057,0.3,0.9
fig3_community_ve,848.9999999999999,0.7000000000000001,0.3,0,89.75265017667844,58,87.0,2026476058,0.3,0.9
fig3_community_ve,676.0,0.7000000000000001,0.3,0,86.98224852071006,59,88.0,2026476059,0.3,0.9
fig3_community_ve,941.0,0.7000000000000001,0.3,0,91.39213602550478,60,81.0,2026476060,0.3,0.9
fig3_community_ve,914.0,0.7000000000000001,0.3,0,91.68490153172867,61,76.0,2026476061,0.3,0.9
fig3_community_ve,912.0,0.7000000000000001,0.3,0,90.46052631578948,62,87.0,2026476062,0.3,0.9
fig3_community_ve,770.0,0.7000000000000001,0.3,0,90.0,63,77.0,2026476063,0.3,0.9
fig3_community_ve,723.0,0.7000000000000001,0.3,0,86.58367911479945,64,97.0,2026476064,0.3,0.9
fig3_community_ve,739.0,0.7000000000000001,0.3,0,88.22733423545331,65,87.0,2026476065,0.3,0.9
fig3_community_ve,765.0,0.7000000000000001,0.3,0,89.15032679738562,66,83.0,2026476066,0.3,0.9
fig3_community_ve,765.0,0.7000000000000001,0.3,0,92.41830065359477,67,58.0,2026476067,0.3,0.9
fig3_community_ve,826.0,0.7000000000000001,0.3,0,88.86198547215497,68,92.0,2026476068,0.3,0.9
fig3_community_ve,944.0,0.7000000000000001,0.3,0,89.30084745762711,69,101.0,2026476069,0.3,0.9
fig3_community_ve,903.0,0.7000000000000001,0.3,0,92.35880398671097,70,69.0,2026476070,0.3,0.9
fig3_community_ve,589.0,0.7000000000000001,0.3,0,87.60611205432937,71,73.0,2026476071,0.3,0.9
fig3_community_ve,1045.0,0.7000000000000001,0.3,0,90.622009569378,72,98.0,2026476072,0.3,0.9
fig3_community_ve,938.0,0.7000000000000001,0.3,0,90.72494669509595,73,87.0,2026476073,0.3,0.9
fig3_community_ve,878.0,0.7000000000000001,0.3,0,89.749430523918,74,90.0,2026476074,0.3,0.9
fig3_community_ve,1209.0,0.7000000000000001,0.3,0,93.21753515301903,75,82.0,2026476075,0.3,0.9
fig3_community_ve,852.0,0.7000000000000001,0.3,0,90.25821596244131,76,83.0,2026476076,0.3,0.9
fig3_community_ve,830.0,0.7000000000000001,0.3,0,87.34939759036145,77,105.0,2026476077,0.3,0.9
fig3_community_ve,728.0,0.7000000000000001,0.3,0,86.81318681318682,78,96.0,2026476078,0.3,0.9
fig3_community_ve,807.0000000000001,0.7000000000000001,0.3,0,93.80421313506815,79,50.0,2026476079,0.3,0.9
fig3_community_ve,818.9999999999999,0.7000000000000001,0.3,0,89.13308913308913,80,89.0,2026476080,0.3,0.9
fig3_community_ve,1086.0,0.7000000000000001,0.3,0,89.04235727440147,81,119.00000000000001,2026476081,0.3,0.9
fig3_community_ve,1202.0,0.7000000000000001,0.3,0,93.5108153078203,82,78.0,2026476082,0.3,0.9
fig3_community_ve,1001.0,0.7000000000000001,0.3,0,93.10689310689311,83,69.0,2026476083,0.3,0.9
fig3_community_ve,997.9999999999999,0.7000000000000001,0.3,0,87.97595190380761,84,119.99999999999999,2026476084,0.3,0.9
fig3_community_ve,1055.0,0.7000000000000001,0.3,0,92.41706161137441,85,80.0,2026476085,0.3,0.9
fig3_community_ve,912.9999999999999,0.7000000000000001,0.3,0,89.26615553121577,86,98.0,2026476086,0.3,0.9
fig3_community_ve,613.0,0.7000000000000001,0.3,0,88.25448613376835,87,72.0,2026476087,0.3,0.9
fig3_community_ve,876.0,0.7000000000000001,0.3,0,88.9269406392694,88,97.0,2026476088,0.3,0.9
fig3_community_ve,681.0,0.7000000000000001,0.3,0,89.5741556534508,89,71.0,2026476089,0.3,0.9
fig3_community_ve,728.0,0.7000000000000001,0.3,0,91.62087912087912,90,61.0,2026476090,0.3,0.9
fig3_community_ve,890.0,0.7000000000000001,0.3,0,91.91011235955057,91,72.0,2026476091,0.3,0.9
fig3_community_ve,727.0,0.7000000000000001,0.3,0,90.5089408528198,92,69.0,2026476092,0.3,0.9
fig3_community_ve,739.0,0.7000000000000001,0.3,0,90.12178619756428,93,73.0,2026476093,0.3,0.9
fig3_community_ve,976.9999999999999,0.7000000000000001,0.3,0,89.04810644831115,94,107.0,2026476094,0.3,0.9
fig3_community_ve,1007.0000000000001,0.7000000000000001,0.3,0,91.06256206554121,95,90.0,2026476095,0.3,0.9
fig3_community_ve,945.0,0.7000000000000001,0.3,0,91.42857142857143,96,81.0,2026476096,0.3,0.9
fig3_community_ve,958.0,0.7000000000000001,0.3,0,92.06680584551148,97,76.0,2026476097,0.3,0.9
fig3_community_ve,561.0,0.7000000000000001,0.3,0,88.05704099821747,98,67.0,2026476098,0.3,0.9
fig3_community_ve,901.0000000000001,0.7000000000000001,0.3,0,90.89900110987791,99,82.0,2026476099,0.3,0.9
fig3_community_ve,925.0,0.8,0.3,0,0.0,0,925.0,2026477000,0.3,0.0
fig3_community_ve,848.9999999999999,0.8,0.3,0,0.0,1,848.9999999999999,2026477001,0.3,0.0
fig3_community_ve,744.0,0.8,0.3,0,0.0,2,744.0,2026477002,0.3,0.0
fig3_community_ve,636.0,0.8,0.3,0,0.0,3,636.0,2026477003,0.3,0.0
fig3_community_ve,929.9999999999999,0.8,0.3,0,0.0,4,929.9999999999999,2026477004,0.3,0.0
fig3_community_ve,824.0000000000001,0.8,0.3,0,0.0,5,824.0000000000001,2026477005,0.3,0.0
fig3_community_ve,1028.0,0.8,0.3,0,0.0,6,1028.0,2026477006,0.3,0.0
fig3_community_ve,844.0,0.8,0.3,0,0.0,7,844.0,2026477007,0.3,0.0
fig3_community_ve,778.0,0.8,0.3,0,0.0,8,778.0,2026477008,0.3,0.0
fig3_community_ve,775.0,0.8,0.3,0,0.0,9,775.0,2026477009,0.3,0.0
fig3_community_ve,734.0,0.8,0.3,0,0.0,10,734.0,2026477010,0.3,0.0
fig3_community_ve,716.0,0.8,0.3,0,0.0,11,716.0,2026477011,0.3,0.0
fig3_community_ve,1001.0,0.8,0.3,0,0.0,12,1001.0,2026477012,0.3,0.0
fig3_community_ve,492.0,0.8,0.3,0,0.0,13,492.0,2026477013,0.3,0.0
fig3_community_ve,824.0000000000001,0.8,0.3,0,0.0,14,824.0000000000001,2026477014,0.3,0.0
fig3_community_ve,886.9999999999999,0.8,0.3,0,0.0,15,886.9999999999999,2026477015,0.3,0.0
fig3_community_ve,784.9999999999999,0.8,0.3,0,0.0,16,784.9999999999999,2026477016,0.3,0.0
fig3_community_ve,656.0,0.8,0.3,0,0.0,17,656.0,2026477017,0.3,0.0
fig3_community_ve,831.0,0.8,0.3,0,0.0,18,831.0,2026477018,0.3,0.0
fig3_community_ve,856.0,0.8,0.3,0,0.0,19,856.0,2026477019,0.3,0.0
fig3_community_ve,891.0,0.8,0.3,0,0.0,20,891.0,2026477020,0.3,0.0
fig3_community_ve,1000.0,0.8,0.3,0,0.0,21,1000.0,2026477021,0.3,0.0
fig3_community_ve,1024.0,0.8,0.3,0,0.0,22,1024.0,2026477022,0.3,0.0
fig3_community_ve,881.0,0.8,0.3,0,0.0,23,881.0,2026477023,0.3,0.0
fig3_community_ve,894.0,0.8,0.3,0,0.0,24,894.0,2026477024,0.3,0.0
fig3_community_ve,875.0000000000001,0.8,0.3,0,0.0,25,875.0000000000001,2026477025,0.3,0.0
fig3_community_ve,780.0,0.8,0.3,0,0.0,26,780.0,2026477026,0.3,0.0
fig3_community_ve,851.0,0.8,0.3,0,0.0,27,851.0,2026477027,0.3,0.0
fig3_community_ve,924.0,0.8,0.3,0,0.0,28,924.0,2026477028,0.3,0.0
fig3_community_ve,824.0000000000001,0.8,0.3,0,0.0,29,824.0000000000001,2026477029,0.3,0.0
fig3_community_ve,874.0,0.8,0.3,0,0.0,30,874.0,2026477030,0.3,0.0
fig3_community_ve,989.0,0.8,0.3,0,0.0,31,989.0,2026477031,0.3,0.0
fig3_community_ve,720.0,0.8,0.3,0,0.0,32,720.0,2026477032,0.3,0.0
fig3_community_ve,814.0,0.8,0.3,0,0.0,33,814.0,2026477033,0.3,0.0
fig3_community_ve,515.0,0.8,0.3,0,0.0,34,515.0,2026477034,0.3,0.0
fig3_community_ve,755.0,0.8,0.3,0,0.0,35,755.0,2026477035,0.3,0.0
fig3_community_ve,858.0000000000001,0.8,0.3,0,0.0,36,858.0000000000001,2026477036,0.3,0.0
fig3_community_ve,714.0,0.8,0.3,0,0.0,37,714.0,2026477037,0.3,0.0
fig3_community_ve,1069.0,0.8,0.3,0,0.0,38,1069.0,2026477038,0.3,0.0
fig3_community_ve,663.0,0.8,0.3,0,0.0,39,663.0,2026477039,0.3,0.0
fig3_community_ve,1305.0,0.8,0.3,0,0.0,40,1305.0,2026477040,0.3,0.0
fig3_community_ve,731.0,0.8,0.3,0,0.0,41,731.0,2026477041,0.3,0.0
fig3_community_ve,894.0,0.8,0.3,0,0.0,42,894.0,2026477042,0.3,0.0
fig3_community_ve,872.0,0.8,0.3,0,0.0,43,872.0,2026477043,0.3,0.0
fig3_community_ve,644.0,0.8,0.3,0,0.0,44,644.0,2026477044,0.3,0.0
fig3_community_ve,1028.0,0.8,0.3,0,0.0,45,1028.0,2026477045,0.3,0.0
fig3_community_ve,717.0,0.8,0.3,0,0.0,46,717.0,2026477046,0.3,0.0
fig3_community_ve,810.0,0.8,0.3,0,0.0,47,810.0,2026477047,0.3,0.0
fig3_community_ve,569.0,0.8,0.3,0,0.0,48,569.0,2026477048,0.3,0.0
fig3_community_ve,818.0,0.8,0.3,0,0.0,49,818.0,2026477049,0.3,0.0
fig3_community_ve,976.9999999999999,0.8,0.3,0,0.0,50,976.9999999999999,2026477050,0.3,0.0
fig3_community_ve,804.0,0.8,0.3,0,0.0,51,804.0,2026477051,0.3,0.0
fig3_community_ve,1033.0,0.8,0.3,0,0.0,52,1033.0,2026477052,0.3,0.0
fig3_community_ve,711.0,0.8,0.3,0,0.0,53,711.0,2026477053,0.3,0.0
fig3_community_ve,584.0,0.8,0.3,0,0.0,54,584.0,2026477054,0.3,0.0
fig3_community_ve,1206.0,0.8,0.3,0,0.0,55,1206.0,2026477055,0.3,0.0
fig3_community_ve,973.0000000000001,0.8,0.3,0,0.0,56,973.0000000000001,2026477056,0.3,0.0
fig3_community_ve,827.0,0.8,0.3,0,0.0,57,827.0,2026477057,0.3,0.0
fig3_community_ve,625.0,0.8,0.3,0,0.0,58,625.0,2026477058,0.3,0.0
fig3_community_ve,1204.0,0.8,0.3,0,0.0,59,1204.0,2026477059,0.3,0.0
fig3_community_ve,660.0,0.8,0.3,0,0.0,60,660.0,2026477060,0.3,0.0
fig3_community_ve,711.0,0.8,0.3,0,0.0,61,711.0,2026477061,0.3,0.0
fig3_community_ve,938.0,0.8,0.3,0,0.0,62,938.0,2026477062,0.3,0.0
fig3_community_ve,929.9999999999999,0.8,0.3,0,0.0,63,929.9999999999999,2026477063,0.3,0.0
fig3_community_ve,721.0,0.8,0.3,0,0.0,64,721.0,2026477064,0.3,0.0
fig3_community_ve,725.0,0.8,0.3,0,0.0,65,725.0,2026477065,0.3,0.0
fig3_community_ve,1050.0,0.8,0.3,0,0.0,66,1050.0,2026477066,0.3,0.0
fig3_community_ve,970.0,0.8,0.3,0,0.0,67,970.0,2026477067,0.3,0.0
fig3_community_ve,623.0,0.8,0.3,0,0.0,68,623.0,2026477068,0.3,0.0
fig3_community_ve,1115.0,0.8,0.3,0,0.0,69,1115.0,2026477069,0.3,0.0
fig3_community_ve,741.0,0.8,0.3,0,0.0,70,741.0,2026477070,0.3,0.0
fig3_community_ve,517.0,0.8,0.3,0,0.0,71,517.0,2026477071,0.3,0.0
fig3_community_ve,690.0,0.8,0.3,0,0.0,72,690.0,2026477072,0.3,0.0
fig3_community_ve,1101.0,0.8,0.3,0,0.0,73,1101.0,2026477073,0.3,0.0
fig3_community_ve,1106.0,0.8,0.3,0,0.0,74,1106.0,2026477074,0.3,0.0
fig3_community_ve,712.0,0.8,0.3,0,0.0,75,712.0,2026477075,0.3,0.0
fig3_community_ve,914.0,0.8,0.3,0,0.0,76,914.0,2026477076,0.3,0.0
fig3_community_ve,1045.0,0.8,0.3,0,0.0,77,1045.0,2026477077,0.3,0.0
fig3_community_ve,735.0,0.8,0.3,0,0.0,78,735.0,2026477078,0.3,0.0
fig3_community_ve,1004.0,0.8,0.3,0,0.0,79,1004.0,2026477079,0.3,0.0
fig3_community_ve,628.0,0.8,0.3,0,0.0,80,628.0,2026477080,0.3,0.0
fig3_community_ve,768.0,0.8,0.3,0,0.0,81,768.0,2026477081,0.3,0.0
fig3_community_ve,992.0,0.8,0.3,0,0.0,82,992.0,2026477082,0.3,0.0
fig3_community_ve,876.0,0.8,0.3,0,0.0,83,876.0,2026477083,0.3,0.0
fig3_community_ve,959.9999999999999,0.8,0.3,0,0.0,84,959.9999999999999,2026477084,0.3,0.0
fig3_community_ve,621.0,0.8,0.3,0,0.0,85,621.0,2026477085,0.3,0.0
fig3_community_ve,1072.0,0.8,0.3,0,0.0,86,1072.0,2026477086,0.3,0.0
fig3_community_ve,703.0,0.8,0.3,0,0.0,87,703.0,2026477087,0.3,0.0
fig3_community_ve,531.0,0.8,0.3,0,0.0,88,531.0,2026477088,0.3,0.0
fig3_community_ve,865.0,0.8,0.3,0,0.0,89,865.0,2026477089,0.3,0.0
fig3_community_ve,948.0000000000001,0.8,0.3,0,0.0,90,948.0000000000001,2026477090,0.3,0.0
fig3_community_ve,875.0000000000001,0.8,0.3,0,0.0,91,875.0000000000001,2026477091,0.3,0.0
fig3_community_ve,918.0000000000001,0.8,0.3,0,0.0,92,918.0000000000001,2026477092,0.3,0.0
fig3_community_ve,722.0,0.8,0.3,0,0.0,93,722.0,2026477093,0.3,0.0
fig3_community_ve,1057.0,0.8,0.3,0,0.0,94,1057.0,2026477094,0.3,0.0
fig3_community_ve,745.0,0.8,0.3,0,0.0,95,745.0,2026477095,0.3,0.0
fig3_community_ve,830.0,0.8,0.3,0,0.0,96,830.0,2026477096,0.3,0.0
fig3_community_ve,718.0,0.8,0.3,0,0.0,97,718.0,2026477097,0.3,0.0
fig3_community_ve,929.9999999999999,0.8,0.3,0,0.0,98,929.9999999999999,2026477098,0.3,0.0
fig3_community_ve,473.0,0.8,0.3,0,0.0,99,473.0,2026477099,0.3,0.0
fig3_community_ve,745.0,0.8,0.3,0,57.4496644295302,0,317.0,2026478000,0.3,0.15
fig3_community_ve,1086.0,0.8,0.3,0,75.87476979742173,1,262.0,2026478001,0.3,0.15
fig3_community_ve,632.0,0.8,0.3,0,51.107594936708864,2,309.0,2026478002,0.3,0.15
fig3_community_ve,969.0000000000001,0.8,0.3,0,58.92672858617132,3,398.0,2026478003,0.3,0.15
fig3_community_ve,899.9999999999999,0.8,0.3,0,56.55555555555555,4,391.0,2026478004,0.3,0.15
fig3_community_ve,961.0,0.8,0.3,0,46.409989594172735,5,515.0,2026478005,0.3,0.15
fig3_community_ve,854.0000000000001,0.8,0.3,0,58.54800936768151,6,354.0,2026478006,0.3,0.15
fig3_community_ve,1081.0,0.8,0.3,0,68.54764107308048,7,340.0,2026478007,0.3,0.15
fig3_community_ve,714.0,0.8,0.3,0,52.94117647058823,8,336.0,2026478008,0.3,0.15
fig3_community_ve,580.0,0.8,0.3,0,58.62068965517241,9,239.99999999999997,2026478009,0.3,0.15
fig3_community_ve,640.0,0.8,0.3,0,43.4375,10,362.0,2026478010,0.3,0.15
fig3_community_ve,708.0,0.8,0.3,0,54.943502824858754,11,319.0,2026478011,0.3,0.15
fig3_community_ve,630.0,0.8,0.3,0,63.80952380952381,12,228.0,2026478012,0.3,0.15
fig3_community_ve,936.0,0.8,0.3,0,61.111111111111114,13,364.0,2026478013,0.3,0.15
fig3_community_ve,575.0,0.8,0.3,0,58.78260869565217,14,237.00000000000003,2026478014,0.3,0.15
fig3_community_ve,537.0,0.8,0.3,0,46.36871508379888,15,288.0,2026478015,0.3,0.15
fig3_community_ve,1035.0,0.8,0.3,0,60.57971014492754,16,408.00000000000006,2026478016,0.3,0.15
fig3_community_ve,766.0,0.8,0.3,0,53.78590078328982,17,354.0,2026478017,0.3,0.15
fig3_community_ve,780.0,0.8,0.3,0,59.743589743589745,18,314.0,2026478018,0.3,0.15
fig3_community_ve,846.0,0.8,0.3,0,69.62174940898345,19,257.0,2026478019,0.3,0.15
fig3_community_ve,1052.0,0.8,0.3,0,66.73003802281369,20,350.0,2026478020,0.3,0.15
fig3_community_ve,860.0,0.8,0.3,0,56.04651162790697,21,378.0,2026478021,0.3,0.15
fig3_community_ve,792.0,0.8,0.3,0,65.27777777777777,22,275.0,2026478022,0.3,0.15
fig3_community_ve,705.0,0.8,0.3,0,69.36170212765957,23,216.0,2026478023,0.3,0.15
fig3_community_ve,1100.0,0.8,0.3,0,76.0,24,264.0,2026478024,0.3,0.15
fig3_community_ve,1059.0,0.8,0.3,0,68.17752596789424,25,337.0,2026478025,0.3,0.15
fig3_community_ve,751.0,0.8,0.3,0,63.914780292942744,26,271.0,2026478026,0.3,0.15
fig3_community_ve,867.0000000000001,0.8,0.3,0,64.70588235294119,27,306.0,2026478027,0.3,0.15
fig3_community_ve,1108.0,0.8,0.3,0,68.23104693140795,28,352.0,2026478028,0.3,0.15
fig3_community_ve,933.9999999999999,0.8,0.3,0,60.278372591006416,29,371.0,2026478029,0.3,0.15
fig3_community_ve,736.0,0.8,0.3,0,65.89673913043478,30,251.0,2026478030,0.3,0.15
fig3_community_ve,757.0,0.8,0.3,0,64.72919418758256,31,267.0,2026478031,0.3,0.15
fig3_community_ve,548.0,0.8,0.3,0,53.284671532846716,32,256.0,2026478032,0.3,0.15
fig3_community_ve,712.0,0.8,0.3,0,71.48876404494382,33,203.0,2026478033,0.3,0.15
fig3_community_ve,942.0,0.8,0.3,0,69.00212314225053,34,292.0,2026478034,0.3,0.15
fig3_community_ve,614.0,0.8,0.3,0,66.12377850162866,35,207.99999999999997,2026478035,0.3,0.15
fig3_community_ve,784.0,0.8,0.3,0,54.8469387755102,36,354.0,2026478036,0.3,0.15
fig3_community_ve,869.9999999999999,0.8,0.3,0,61.03448275862068,37,339.0,2026478037,0.3,0.15
fig3_community_ve,944.0,0.8,0.3,0,65.67796610169492,38,324.0,2026478038,0.3,0.15
fig3_community_ve,818.0,0.8,0.3,0,66.38141809290954,39,275.0,2026478039,0.3,0.15
fig3_community_ve,972.0,0.8,0.3,0,68.82716049382717,40,303.0,2026478040,0.3,0.15
fig3_community_ve,941.0,0.8,0.3,0,68.54410201912859,41,296.0,2026478041,0.3,0.15
fig3_community_ve,650.0,0.8,0.3,0,42.30769230769231,42,375.0,2026478042,0.3,0.15
fig3_community_ve,1034.0,0.8,0.3,0,61.21856866537718,43,400.99999999999994,2026478043,0.3,0.15
fig3_community_ve,899.9999999999999,0.8,0.3,0,67.66666666666666,44,291.0,2026478044,0.3,0.15
fig3_community_ve,1038.0,0.8,0.3,0,71.96531791907515,45,291.0,2026478045,0.3,0.15
fig3_community_ve,740.0,0.8,0.3,0,53.91891891891892,46,341.0,2026478046,0.3,0.15
fig3_community_ve,938.0,0.8,0.3,0,73.2409381663113,47,251.0,2026478047,0.3,0.15
fig3_community_ve,1166.0,0.8,0.3,0,68.01029159519726,48,373.0,2026478048,0.3,0.15
fig3_community_ve,945.0,0.8,0.3,0,71.85185185185185,49,266.0,2026478049,0.3,0.15
fig3_community_ve,915.0,0.8,0.3,0,65.57377049180327,50,315.0,2026478050,0.3,0.15
fig3_community_ve,969.0000000000001,0.8,0.3,0,66.66666666666667,51,323.0,2026478051,0.3,0.15
fig3_community_ve,692.0,0.8,0.3,0,54.76878612716763,52,313.0,2026478052,0.3,0.15
fig3_community_ve,806.0,0.8,0.3,0,58.80893300248139,53,332.0,2026478053,0.3,0.15
fig3_community_ve,1182.0,0.8,0.3,0,66.32825719120136,54,398.0,2026478054,0.3,0.15
fig3_community_ve,767.0,0.8,0.3,0,51.76010430247718,55,370.0,2026478055,0.3,0.15
fig3_community_ve,801.9999999999999,0.8,0.3,0,47.88029925187032,56,417.99999999999994,2026478056,0.3,0.15
fig3_community_ve,782.0,0.8,0.3,0,59.59079283887468,57,316.0,2026478057,0.3,0.15
fig3_community_ve,980.9999999999999,0.8,0.3,0,63.60856269113149,58,357.0,2026478058,0.3,0.15
fig3_community_ve,773.0,0.8,0.3,0,63.26002587322122,59,284.0,2026478059,0.3,0.15
fig3_community_ve,700.0,0.8,0.3,0,58.57142857142857,60,290.0,2026478060,0.3,0.15
fig3_community_ve,869.9999999999999,0.8,0.3,0,72.06896551724137,61,243.0,2026478061,0.3,0.15
fig3_community_ve,885.0,0.8,0.3,0,66.77966101694915,62,294.0,2026478062,0.3,0.15
fig3_community_ve,1010.9999999999999,0.8,0.3,0,72.89812067260138,63,274.0,2026478063,0.3,0.15
fig3_community_ve,1016.0000000000001,0.8,0.3,0,65.35433070866142,64,352.0,2026478064,0.3,0.15
fig3_community_ve,869.0,0.8,0.3,0,63.521288837744535,65,317.0,2026478065,0.3,0.15
fig3_community_ve,617.0,0.8,0.3,0,37.60129659643436,66,385.0,2026478066,0.3,0.15
fig3_community_ve,1278.0,0.8,0.3,0,68.23161189358372,67,406.0,2026478067,0.3,0.15
fig3_community_ve,609.0,0.8,0.3,0,55.500821018062396,68,271.0,2026478068,0.3,0.15
fig3_community_ve,949.0,0.8,0.3,0,60.800842992623814,69,372.0,2026478069,0.3,0.15
fig3_community_ve,966.0,0.8,0.3,0,65.32091097308489,70,335.0,2026478070,0.3,0.15
fig3_community_ve,751.0,0.8,0.3,0,51.93075898801598,71,361.0,2026478071,0.3,0.15
fig3_community_ve,895.9999999999999,0.8,0.3,0,58.48214285714285,72,372.0,2026478072,0.3,0.15
fig3_community_ve,865.9999999999999,0.8,0.3,0,68.24480369515011,73,275.0,2026478073,0.3,0.15
fig3_community_ve,759.0,0.8,0.3,0,59.42028985507246,74,308.0,2026478074,0.3,0.15
fig3_community_ve,725.0,0.8,0.3,0,48.13793103448276,75,376.0,2026478075,0.3,0.15
fig3_community_ve,955.0,0.8,0.3,0,67.53926701570681,76,310.0,2026478076,0.3,0.15
fig3_community_ve,782.0,0.8,0.3,0,56.39386189258312,77,341.0,2026478077,0.3,0.15
fig3_community_ve,540.0,0.8,0.3,0,54.629629629629626,78,245.0,2026478078,0.3,0.15
fig3_community_ve,675.0,0.8,0.3,0,55.7037037037037,79,299.0,2026478079,0.3,0.15
fig3_community_ve,738.0,0.8,0.3,0,50.13550135501355,80,368.0,2026478080,0.3,0.15
fig3_community_ve,942.9999999999999,0.8,0.3,0,60.33934252386001,81,374.0,2026478081,0.3,0.15
fig3_community_ve,1056.0,0.8,0.3,0,63.35227272727273,82,387.0,2026478082,0.3,0.15
fig3_community_ve,902.0,0.8,0.3,0,68.29268292682927,83,286.0,2026478083,0.3,0.15
fig3_community_ve,916.0,0.8,0.3,0,64.8471615720524,84,322.0,2026478084,0.3,0.15
fig3_community_ve,810.0,0.8,0.3,0,64.07407407407408,85,291.0,2026478085,0.3,0.15
fig3_community_ve,761.0,0.8,0.3,0,58.3442838370565,86,317.0,2026478086,0.3,0.15
fig3_community_ve,933.9999999999999,0.8,0.3,0,58.13704496788008,87,391.0,2026478087,0.3,0.15
fig3_community_ve,810.9999999999999,0.8,0.3,0,70.03699136868063,88,243.0,2026478088,0.3,0.15
fig3_community_ve,899.9999999999999,0.8,0.3,0,65.88888888888889,89,307.0,2026478089,0.3,0.15
fig3_community_ve,496.99999999999994,0.8,0.3,0,53.722334004024134,90,230.0,2026478090,0.3,0.15
fig3_community_ve,747.0,0.8,0.3,0,63.72155287817938,91,271.0,2026478091,0.3,0.15
fig3_community_ve,1347.0,0.8,0.3,0,72.01187824795842,92,377.0,2026478092,0.3,0.15
fig3_community_ve,615.0,0.8,0.3,0,61.78861788617886,93,235.0,2026478093,0.3,0.15
fig3_community_ve,764.0,0.8,0.3,0,49.60732984293194,94,385.0,2026478094,0.3,0.15
fig3_community_ve,748.0,0.8,0.3,0,53.475935828877006,95,348.0,2026478095,0.3,0.15
fig3_community_ve,989.0,0.8,0.3,0,55.30839231547017,96,442.00000000000006,2026478096,0.3,0.15
fig3_community_ve,831.9999999999999,0.8,0.3,0,55.64903846153845,97,369.0,2026478097,0.3,0.15
fig3_community_ve,1018.0,0.8,0.3,0,60.70726915520628,98,400.0,2026478098,0.3,0.15
fig3_community_ve,1030.0,0.8,0.3,0,63.10679611650485,99,380.0,2026478099,0.3,0.15
fig3_community_ve,865.0,0.8,0.3,0,77.80346820809248,0,192.0,2026479000,0.3,0.3
fig3_community_ve,718.0,0.8,0.3,0,77.43732590529248,1,162.0,2026479001,0.3,0.3
fig3_community_ve,834.0,0.8,0.3,0,71.1031175059952,2,240.99999999999997,2026479002,0.3,0.3
fig3_community_ve,932.0,0.8,0.3,0,81.00858369098712,3,177.0,2026479003,0.3,0.3
fig3_community_ve,963.0,0.8,0.3,0,77.77777777777777,4,214.0,2026479004,0.3,0.3
fig3_community_ve,720.0,0.8,0.3,0,80.55555555555556,5,140.0,2026479005,0.3,0.3
fig3_community_ve,1069.0,0.8,0.3,0,82.97474275023386,6,182.0,2026479006,0.3,0.3
fig3_community_ve,648.0,0.8,0.3,0,81.48148148148148,7,119.99999999999999,2026479007,0.3,0.3
fig3_community_ve,878.9999999999999,0.8,0.3,0,82.70762229806598,8,152.0,2026479008,0.3,0.3
fig3_community_ve,820.0000000000001,0.8,0.3,0,83.41463414634147,9,136.0,2026479009,0.3,0.3
fig3_community_ve,1187.0,0.8,0.3,0,84.58298230834035,10,183.0,2026479010,0.3,0.3
fig3_community_ve,632.0,0.8,0.3,0,72.15189873417721,11,176.0,2026479011,0.3,0.3
fig3_community_ve,1307.0,0.8,0.3,0,80.71920428462127,12,252.0,2026479012,0.3,0.3
fig3_community_ve,1119.0,0.8,0.3,0,80.33958891867739,13,220.0,2026479013,0.3,0.3
fig3_community_ve,927.0,0.8,0.3,0,83.27939590075512,14,155.0,2026479014,0.3,0.3
fig3_community_ve,826.0,0.8,0.3,0,81.59806295399515,15,152.0,2026479015,0.3,0.3
fig3_community_ve,878.0,0.8,0.3,0,79.49886104783599,16,180.0,2026479016,0.3,0.3
fig3_community_ve,601.0,0.8,0.3,0,80.86522462562397,17,115.0,2026479017,0.3,0.3
fig3_community_ve,877.0,0.8,0.3,0,80.50171037628279,18,171.0,2026479018,0.3,0.3
fig3_community_ve,808.0,0.8,0.3,0,74.75247524752476,19,204.00000000000003,2026479019,0.3,0.3
fig3_community_ve,797.9999999999999,0.8,0.3,0,84.58646616541353,20,123.0,2026479020,0.3,0.3
fig3_community_ve,838.0,0.8,0.3,0,83.89021479713604,21,135.0,2026479021,0.3,0.3
fig3_community_ve,724.0,0.8,0.3,0,79.41988950276243,22,149.0,2026479022,0.3,0.3
fig3_community_ve,840.0,0.8,0.3,0,76.07142857142857,23,201.0,2026479023,0.3,0.3
fig3_community_ve,821.0,0.8,0.3,0,80.87697929354445,24,157.0,2026479024,0.3,0.3
fig3_community_ve,808.0,0.8,0.3,0,78.21782178217822,25,176.0,2026479025,0.3,0.3
fig3_community_ve,999.0000000000001,0.8,0.3,0,84.48448448448448,26,155.0,2026479026,0.3,0.3
fig3_community_ve,842.0,0.8,0.3,0,81.94774346793349,27,152.0,2026479027,0.3,0.3
fig3_community_ve,868.0,0.8,0.3,0,79.14746543778801,28,181.0,2026479028,0.3,0.3
fig3_community_ve,894.0,0.8,0.3,0,83.668903803132,29,146.0,2026479029,0.3,0.3
fig3_community_ve,784.9999999999999,0.8,0.3,0,83.05732484076432,30,133.0,2026479030,0.3,0.3
fig3_community_ve,825.0,0.8,0.3,0,79.63636363636364,31,168.0,2026479031,0.3,0.3
fig3_community_ve,995.0,0.8,0.3,0,82.1105527638191,32,178.0,2026479032,0.3,0.3
fig3_community_ve,685.0,0.8,0.3,0,74.16058394160584,33,177.0,2026479033,0.3,0.3
fig3_community_ve,1209.0,0.8,0.3,0,83.20926385442515,34,203.0,2026479034,0.3,0.3
fig3_community_ve,950.0,0.8,0.3,0,81.89473684210526,35,172.0,2026479035,0.3,0.3
fig3_community_ve,812.0,0.8,0.3,0,82.26600985221675,36,144.0,2026479036,0.3,0.3
fig3_community_ve,837.0000000000001,0.8,0.3,0,82.19832735961769,37,149.0,2026479037,0.3,0.3
fig3_community_ve,771.0,0.8,0.3,0,80.93385214007782,38,147.0,2026479038,0.3,0.3
fig3_community_ve,1206.0,0.8,0.3,0,76.53399668325041,39,283.0,2026479039,0.3,0.3
fig3_community_ve,929.9999999999999,0.8,0.3,0,84.40860215053763,40,145.0,2026479040,0.3,0.3
fig3_community_ve,619.0,0.8,0.3,0,81.42164781906301,41,115.0,2026479041,0.3,0.3
fig3_community_ve,949.0,0.8,0.3,0,78.39831401475237,42,205.00000000000003,2026479042,0.3,0.3
fig3_community_ve,1216.0,0.8,0.3,0,83.47039473684211,43,201.0,2026479043,0.3,0.3
fig3_community_ve,814.9999999999999,0.8,0.3,0,80.61349693251533,44,158.0,2026479044,0.3,0.3
fig3_community_ve,1051.0,0.8,0.3,0,83.34919124643197,45,175.0,2026479045,0.3,0.3
fig3_community_ve,903.0,0.8,0.3,0,82.83499446290143,46,155.0,2026479046,0.3,0.3
fig3_community_ve,571.0,0.8,0.3,0,70.92819614711033,47,166.0,2026479047,0.3,0.3
fig3_community_ve,447.99999999999994,0.8,0.3,0,63.16964285714285,48,165.0,2026479048,0.3,0.3
fig3_community_ve,770.0,0.8,0.3,0,78.7012987012987,49,164.0,2026479049,0.3,0.3
fig3_community_ve,886.0,0.8,0.3,0,79.1196388261851,50,185.0,2026479050,0.3,0.3
fig3_community_ve,728.0,0.8,0.3,0,74.45054945054945,51,186.0,2026479051,0.3,0.3
fig3_community_ve,634.0,0.8,0.3,0,83.75394321766562,52,103.00000000000001,2026479052,0.3,0.3
fig3_community_ve,880.0,0.8,0.3,0,78.63636363636364,53,188.0,2026479053,0.3,0.3
fig3_community_ve,782.0,0.8,0.3,0,76.21483375959079,54,186.0,2026479054,0.3,0.3
fig3_community_ve,916.0,0.8,0.3,0,79.14847161572052,55,191.0,2026479055,0.3,0.3
fig3_community_ve,1184.0,0.8,0.3,0,83.36148648648648,56,197.0,2026479056,0.3,0.3
fig3_community_ve,758.0,0.8,0.3,0,81.2664907651715,57,142.0,2026479057,0.3,0.3
fig3_community_ve,1103.0,0.8,0.3,0,84.2248413417951,58,174.0,2026479058,0.3,0.3
fig3_community_ve,751.0,0.8,0.3,0,79.2276964047936,59,156.0,2026479059,0.3,0.3
fig3_community_ve,758.0,0.8,0.3,0,82.58575197889182,60,132.0,2026479060,0.3,0.3
fig3_community_ve,827.9999999999999,0.8,0.3,0,79.22705314009661,61,172.0,2026479061,0.3,0.3
fig3_community_ve,877.0,0.8,0.3,0,79.93158494868871,62,176.0,2026479062,0.3,0.3
fig3_community_ve,814.0,0.8,0.3,0,78.00982800982801,63,179.0,2026479063,0.3,0.3
fig3_community_ve,753.0,0.8,0.3,0,79.4156706507304,64,155.0,2026479064,0.3,0.3
fig3_community_ve,1092.0,0.8,0.3,0,84.15750915750915,65,173.0,2026479065,0.3,0.3
fig3_community_ve,687.0,0.8,0.3,0,77.7292576419214,66,153.0,2026479066,0.3,0.3
fig3_community_ve,709.0,0.8,0.3,0,80.67700987306065,67,137.0,2026479067,0.3,0.3
fig3_community_ve,881.0,0.8,0.3,0,79.79568671963678,68,178.0,2026479068,0.3,0.3
fig3_community_ve,675.0,0.8,0.3,0,81.92592592592592,69,122.0,2026479069,0.3,0.3
fig3_community_ve,1012.0,0.8,0.3,0,87.94466403162055,70,122.0,2026479070,0.3,0.3
fig3_community_ve,515.0,0.8,0.3,0,67.37864077669903,71,168.0,2026479071,0.3,0.3
fig3_community_ve,997.9999999999999,0.8,0.3,0,81.2625250501002,72,187.0,2026479072,0.3,0.3
fig3_community_ve,722.0,0.8,0.3,0,79.3628808864266,73,149.0,2026479073,0.3,0.3
fig3_community_ve,878.0,0.8,0.3,0,77.44874715261959,74,198.0,2026479074,0.3,0.3
fig3_community_ve,793.0,0.8,0.3,0,79.06683480453972,75,166.0,2026479075,0.3,0.3
fig3_community_ve,834.0,0.8,0.3,0,74.70023980815348,76,211.0,2026479076,0.3,0.3
fig3_community_ve,872.0,0.8,0.3,0,78.78440366972477,77,185.0,2026479077,0.3,0.3
fig3_community_ve,612.0,0.8,0.3,0,76.14379084967321,78,146.0,2026479078,0.3,0.3
fig3_community_ve,1108.0,0.8,0.3,0,81.85920577617328,79,201.0,2026479079,0.3,0.3
fig3_community_ve,827.0,0.8,0.3,0,80.41112454655381,80,162.0,2026479080,0.3,0.3
fig3_community_ve,1020.0000000000001,0.8,0.3,0,79.6078431372549,81,207.99999999999997,2026479081,0.3,0.3
fig3_community_ve,645.0,0.8,0.3,0,64.96124031007751,82,225.99999999999997,2026479082,0.3,0.3
fig3_community_ve,1124.0,0.8,0.3,0,80.33807829181495,83,221.00000000000003,2026479083,0.3,0.3
fig3_community_ve,834.0,0.8,0.3,0,75.29976019184652,84,206.00000000000003,2026479084,0.3,0.3
fig3_community_ve,971.0,0.8,0.3,0,74.76828012358393,85,245.0,2026479085,0.3,0.3
fig3_community_ve,717.0,0.8,0.3,0,77.54532775453278,86,161.0,2026479086,0.3,0.3
fig3_community_ve,1000.0,0.8,0.3,0,79.3,87,206.99999999999997,2026479087,0.3,0.3
fig3_community_ve,955.0,0.8,0.3,0,84.81675392670157,88,145.0,2026479088,0.3,0.3
fig3_community_ve,675.0,0.8,0.3,0,78.07407407407408,89,148.0,2026479089,0.3,0.3
fig3_community_ve,980.0,0.8,0.3,0,79.38775510204081,90,202.0,2026479090,0.3,0.3
fig3_community_ve,1018.9999999999999,0.8,0.3,0,76.54563297350343,91,239.00000000000003,2026479091,0.3,0.3
fig3_community_ve,702.0,0.8,0.3,0,78.06267806267806,92,154.0,2026479092,0.3,0.3
fig3_community_ve,797.0,0.8,0.3,0,81.30489335006274,93,149.0,2026479093,0.3,0.3
fig3_community_ve,742.0,0.8,0.3,0,81.80592991913747,94,135.0,2026479094,0.3,0.3
fig3_community_ve,890.0,0.8,0.3,0,79.5505617977528,95,182.0,2026479095,0.3,0.3
fig3_community_ve,1029.0,0.8,0.3,0,81.43828960155491,96,191.0,2026479096,0.3,0.3
fig3_community_ve,965.0000000000001,0.8,0.3,0,85.69948186528498,97,138.0,2026479097,0.3,0.3
fig3_community_ve,789.0,0.8,0.3,0,79.59442332065906,98,161.0,2026479098,0.3,0.3
fig3_community_ve,814.0,0.8,0.3,0,79.48402948402948,99,167.0,2026479099,0.3,0.3
fig3_community_ve,782.0,0.8,0.3,0,91.17647058823529,0,69.0,2026482000,0.3,0.75
fig3_community_ve,867.0000000000001,0.8,0.3,0,89.73471741637832,1,89.0,2026482001,0.3,0.75
fig3_community_ve,733.0,0.8,0.3,0,90.72305593451568,2,68.0,2026482002,0.3,0.75
fig3_community_ve,622.0,0.8,0.3,0,90.19292604501608,3,61.0,2026482003,0.3,0.75
fig3_community_ve,742.0,0.8,0.3,0,92.31805929919138,4,57.0,2026482004,0.3,0.75
fig3_community_ve,812.0,0.8,0.3,0,93.7192118226601,5,51.00000000000001,2026482005,0.3,0.75
fig3_community_ve,549.0,0.8,0.3,0,90.89253187613843,6,50.0,2026482006,0.3,0.75
fig3_community_ve,658.0,0.8,0.3,0,88.75379939209726,7,74.0,2026482007,0.3,0.75
fig3_community_ve,952.0000000000001,0.8,0.3,0,92.5420168067227,8,71.0,2026482008,0.3,0.75
fig3_community_ve,789.0,0.8,0.3,0,90.24081115335868,9,77.0,2026482009,0.3,0.75
fig3_community_ve,850.0000000000001,0.8,0.3,0,89.29411764705883,10,91.0,2026482010,0.3,0.75
fig3_community_ve,801.0,0.8,0.3,0,90.88639200998752,11,73.0,2026482011,0.3,0.75
fig3_community_ve,908.0,0.8,0.3,0,91.18942731277534,12,80.0,2026482012,0.3,0.75
fig3_community_ve,627.0,0.8,0.3,0,90.43062200956938,13,59.99999999999999,2026482013,0.3,0.75
fig3_community_ve,1137.0,0.8,0.3,0,93.13984168865436,14,78.0,2026482014,0.3,0.75
fig3_community_ve,1062.0,0.8,0.3,0,92.18455743879473,15,83.0,2026482015,0.3,0.75
fig3_community_ve,496.99999999999994,0.8,0.3,0,91.14688128772636,16,44.0,2026482016,0.3,0.75
fig3_community_ve,717.0,0.8,0.3,0,91.07391910739192,17,64.0,2026482017,0.3,0.75
fig3_community_ve,777.0,0.8,0.3,0,90.73359073359073,18,72.0,2026482018,0.3,0.75
fig3_community_ve,744.0,0.8,0.3,0,87.90322580645162,19,90.0,2026482019,0.3,0.75
fig3_community_ve,816.0000000000001,0.8,0.3,0,90.56372549019608,20,77.0,2026482020,0.3,0.75
fig3_community_ve,990.0000000000001,0.8,0.3,0,88.68686868686869,21,111.99999999999999,2026482021,0.3,0.75
fig3_community_ve,723.0,0.8,0.3,0,89.34993084370677,22,77.0,2026482022,0.3,0.75
fig3_community_ve,539.0,0.8,0.3,0,89.05380333951763,23,59.0,2026482023,0.3,0.75
fig3_community_ve,891.0,0.8,0.3,0,88.327721661055,24,103.99999999999999,2026482024,0.3,0.75
fig3_community_ve,754.0,0.8,0.3,0,88.9920424403183,25,83.0,2026482025,0.3,0.75
fig3_community_ve,717.0,0.8,0.3,0,90.6555090655509,26,67.0,2026482026,0.3,0.75
fig3_community_ve,938.0,0.8,0.3,0,91.25799573560768,27,82.0,2026482027,0.3,0.75
fig3_community_ve,742.0,0.8,0.3,0,88.67924528301887,28,84.0,2026482028,0.3,0.75
fig3_community_ve,936.0,0.8,0.3,0,91.55982905982906,29,79.0,2026482029,0.3,0.75
fig3_community_ve,722.0,0.8,0.3,0,89.75069252077563,30,74.0,2026482030,0.3,0.75
fig3_community_ve,880.0,0.8,0.3,0,92.61363636363636,31,65.0,2026482031,0.3,0.75
fig3_community_ve,806.0,0.8,0.3,0,88.58560794044665,32,92.0,2026482032,0.3,0.75
fig3_community_ve,814.9999999999999,0.8,0.3,0,89.93865030674846,33,82.0,2026482033,0.3,0.75
fig3_community_ve,803.0000000000001,0.8,0.3,0,91.78082191780823,34,66.0,2026482034,0.3,0.75
fig3_community_ve,619.0,0.8,0.3,0,89.17609046849758,35,67.0,2026482035,0.3,0.75
fig3_community_ve,778.0,0.8,0.3,0,90.87403598971723,36,71.0,2026482036,0.3,0.75
fig3_community_ve,980.9999999999999,0.8,0.3,0,94.08766564729866,37,58.0,2026482037,0.3,0.75
fig3_community_ve,850.0000000000001,0.8,0.3,0,94.23529411764706,38,49.0,2026482038,0.3,0.75
fig3_community_ve,761.0,0.8,0.3,0,90.53876478318003,39,72.0,2026482039,0.3,0.75
fig3_community_ve,731.0,0.8,0.3,0,92.0656634746922,40,58.0,2026482040,0.3,0.75
fig3_community_ve,633.0,0.8,0.3,0,88.46761453396525,41,73.0,2026482041,0.3,0.75
fig3_community_ve,808.0,0.8,0.3,0,88.98514851485149,42,89.0,2026482042,0.3,0.75
fig3_community_ve,1134.0,0.8,0.3,0,92.41622574955909,43,86.0,2026482043,0.3,0.75
fig3_community_ve,920.0,0.8,0.3,0,90.32608695652173,44,89.0,2026482044,0.3,0.75
fig3_community_ve,733.0,0.8,0.3,0,91.54160982264666,45,62.0,2026482045,0.3,0.75
fig3_community_ve,989.0,0.8,0.3,0,92.9221435793731,46,70.0,2026482046,0.3,0.75
fig3_community_ve,965.0000000000001,0.8,0.3,0,91.39896373056995,47,83.0,2026482047,0.3,0.75
fig3_community_ve,741.0,0.8,0.3,0,92.3076923076923,48,57.0,2026482048,0.3,0.75
fig3_community_ve,921.0,0.8,0.3,0,93.48534201954398,49,59.99999999999999,2026482049,0.3,0.75
fig3_community_ve,997.9999999999999,0.8,0.3,0,93.28657314629258,50,67.0,2026482050,0.3,0.75
fig3_community_ve,959.9999999999999,0.8,0.3,0,91.45833333333333,51,82.0,2026482051,0.3,0.75
fig3_community_ve,1097.0,0.8,0.3,0,91.97812215132178,52,88.0,2026482052,0.3,0.75
fig3_community_ve,778.0,0.8,0.3,0,91.25964010282776,53,68.0,2026482053,0.3,0.75
fig3_community_ve,1207.0,0.8,0.3,0,91.30074565037283,54,105.0,2026482054,0.3,0.75
fig3_community_ve,991.0,0.8,0.3,0,92.9364278506559,55,70.0,2026482055,0.3,0.75
fig3_community_ve,899.9999999999999,0.8,0.3,0,92.1111111111111,56,71.0,2026482056,0.3,0.75
fig3_community_ve,873.0,0.8,0.3,0,91.06529209621993,57,78.0,2026482057,0.3,0.75
fig3_community_ve,991.0,0.8,0.3,0,93.23915237134207,58,67.0,2026482058,0.3,0.75
fig3_community_ve,699.0,0.8,0.3,0,90.12875536480686,59,69.0,2026482059,0.3,0.75
fig3_community_ve,1189.0,0.8,0.3,0,92.26240538267452,60,92.0,2026482060,0.3,0.75
fig3_community_ve,801.9999999999999,0.8,0.3,0,89.90024937655859,61,81.0,2026482061,0.3,0.75
fig3_community_ve,718.0,0.8,0.3,0,89.69359331476323,62,74.0,2026482062,0.3,0.75
fig3_community_ve,729.0,0.8,0.3,0,88.7517146776406,63,82.0,2026482063,0.3,0.75
fig3_community_ve,574.0,0.8,0.3,0,91.81184668989548,64,47.0,2026482064,0.3,0.75
fig3_community_ve,868.0,0.8,0.3,0,90.2073732718894,65,85.0,2026482065,0.3,0.75
fig3_community_ve,752.0,0.8,0.3,0,90.55851063829788,66,71.0,2026482066,0.3,0.75
fig3_community_ve,737.0,0.8,0.3,0,91.18046132971506,67,65.0,2026482067,0.3,0.75
fig3_community_ve,810.0,0.8,0.3,0,88.0246913580247,68,97.0,2026482068,0.3,0.75
fig3_community_ve,666.0,0.8,0.3,0,91.14114114114115,69,59.0,2026482069,0.3,0.75
fig3_community_ve,954.0,0.8,0.3,0,90.35639412997904,70,92.0,2026482070,0.3,0.75
fig3_community_ve,513.0,0.8,0.3,0,87.32943469785575,71,65.0,2026482071,0.3,0.75
fig3_community_ve,597.0,0.8,0.3,0,89.94974874371859,72,59.99999999999999,2026482072,0.3,0.75
fig3_community_ve,886.9999999999999,0.8,0.3,0,89.96617812852311,73,89.0,2026482073,0.3,0.75
fig3_community_ve,511.0,0.8,0.3,0,88.06262230919765,74,61.0,2026482074,0.3,0.75
fig3_community_ve,699.0,0.8,0.3,0,89.55650929899856,75,73.0,2026482075,0.3,0.75
fig3_community_ve,653.0,0.8,0.3,0,93.10872894333843,76,45.0,2026482076,0.3,0.75
fig3_community_ve,860.0,0.8,0.3,0,89.30232558139535,77,92.0,2026482077,0.3,0.75
fig3_community_ve,449.99999999999994,0.8,0.3,0,91.1111111111111,78,40.0,2026482078,0.3,0.75
fig3_community_ve,889.0,0.8,0.3,0,88.86389201349832,79,99.0,2026482079,0.3,0.75
fig3_community_ve,694.0,0.8,0.3,0,92.65129682997119,80,51.00000000000001,2026482080,0.3,0.75
fig3_community_ve,1193.0,0.8,0.3,0,91.11483654652137,81,106.0,2026482081,0.3,0.75
fig3_community_ve,769.0,0.8,0.3,0,87.1261378413524,82,99.0,2026482082,0.3,0.75
fig3_community_ve,1018.9999999999999,0.8,0.3,0,92.34543670264965,83,78.0,2026482083,0.3,0.75
fig3_community_ve,876.0,0.8,0.3,0,92.8082191780822,84,63.0,2026482084,0.3,0.75
fig3_community_ve,753.0,0.8,0.3,0,89.24302788844622,85,81.0,2026482085,0.3,0.75
fig3_community_ve,542.0,0.8,0.3,0,88.92988929889299,86,59.99999999999999,2026482086,0.3,0.75
fig3_community_ve,797.0,0.8,0.3,0,91.21706398996236,87,70.0,2026482087,0.3,0.75
fig3_community_ve,935.0000000000001,0.8,0.3,0,91.65775401069519,88,78.0,2026482088,0.3,0.75
fig3_community_ve,911.0,0.8,0.3,0,91.32821075740944,89,79.0,2026482089,0.3,0.75
fig3_community_ve,721.0,0.8,0.3,0,90.29126213592232,90,70.0,2026482090,0.3,0.75
fig3_community_ve,982.0000000000001,0.8,0.3,0,91.64969450101833,91,82.0,2026482091,0.3,0.75
fig3_community_ve,742.0,0.8,0.3,0,91.64420485175202,92,62.0,2026482092,0.3,0.75
fig3_community_ve,1099.0,0.8,0.3,0,92.90263876251137,93,78.0,2026482093,0.3,0.75
fig3_community_ve,784.0,0.8,0.3,0,94.00510204081633,94,47.0,2026482094,0.3,0.75
fig3_community_ve,727.0,0.8,0.3,0,90.5089408528198,95,69.0,2026482095,0.3,0.75
fig3_community_ve,481.0,0.8,0.3,0,87.73388773388774,96,59.0,2026482096,0.3,0.75
fig3_community_ve,763.0,0.8,0.3,0,90.56356487549148,97,72.0,2026482097,0.3,0.75
fig3_community_ve,954.0,0.8,0.3,0,92.45283018867924,98,72.0,2026482098,0.3,0.75
fig3_community_ve,932.0,0.8,0.3,0,93.88412017167381,99,57.0,2026482099,0.3,0.75
fig3_community_ve,504.0,0.8,0.3,0,89.08730158730158,0,55.0,2026483000,0.3,0.9
fig3_community_ve,897.0,0.8,0.3,0,92.64214046822742,1,66.0,2026483001,0.3,0.9
fig3_community_ve,854.0000000000001,0.8,0.3,0,92.50585480093677,2,64.0,2026483002,0.3,0.9
fig3_community_ve,361.0,0.8,0.3,0,89.75069252077563,3,37.0,2026483003,0.3,0.9
fig3_community_ve,816.0000000000001,0.8,0.3,0,93.13725490196079,4,55.99999999999999,2026483004,0.3,0.9
fig3_community_ve,728.0,0.8,0.3,0,89.01098901098901,5,80.0,2026483005,0.3,0.9
fig3_community_ve,576.0,0.8,0.3,0,88.36805555555556,6,67.0,2026483006,0.3,0.9
fig3_community_ve,865.0,0.8,0.3,0,92.48554913294798,7,65.0,2026483007,0.3,0.9
fig3_community_ve,933.0,0.8,0.3,0,93.14040728831726,8,64.0,2026483008,0.3,0.9
fig3_community_ve,459.00000000000006,0.8,0.3,0,83.22440087145971,9,77.0,2026483009,0.3,0.9
fig3_community_ve,1107.0,0.8,0.3,0,92.05058717253839,10,88.0,2026483010,0.3,0.9
fig3_community_ve,826.0,0.8,0.3,0,92.85714285714286,11,59.0,2026483011,0.3,0.9
fig3_community_ve,758.0,0.8,0.3,0,90.23746701846966,12,74.0,2026483012,0.3,0.9
fig3_community_ve,910.0,0.8,0.3,0,91.53846153846153,13,77.0,2026483013,0.3,0.9
fig3_community_ve,989.0,0.8,0.3,0,94.33771486349848,14,55.99999999999999,2026483014,0.3,0.9
fig3_community_ve,747.0,0.8,0.3,0,88.88888888888889,15,83.0,2026483015,0.3,0.9
fig3_community_ve,677.0,0.8,0.3,0,92.02363367799114,16,54.0,2026483016,0.3,0.9
fig3_community_ve,779.0,0.8,0.3,0,94.60847240051348,17,42.0,2026483017,0.3,0.9
fig3_community_ve,613.0,0.8,0.3,0,91.68026101141925,18,51.00000000000001,2026483018,0.3,0.9
fig3_community_ve,1169.0,0.8,0.3,0,93.07100085543199,19,81.0,2026483019,0.3,0.9
fig3_community_ve,736.0,0.8,0.3,0,90.76086956521739,20,68.0,2026483020,0.3,0.9
fig3_community_ve,1023.0,0.8,0.3,0,92.37536656891496,21,78.0,2026483021,0.3,0.9
fig3_community_ve,714.0,0.8,0.3,0,88.0952380952381,22,85.0,2026483022,0.3,0.9
fig3_community_ve,991.0,0.8,0.3,0,92.63370332996973,23,73.0,2026483023,0.3,0.9
fig3_community_ve,830.0,0.8,0.3,0,91.92771084337349,24,67.0,2026483024,0.3,0.9
fig3_community_ve,886.9999999999999,0.8,0.3,0,93.01014656144307,25,62.0,2026483025,0.3,0.9
fig3_community_ve,1131.0,0.8,0.3,0,91.68877099911583,26,94.0,2026483026,0.3,0.9
fig3_community_ve,1051.0,0.8,0.3,0,91.05613701236918,27,94.0,2026483027,0.3,0.9
fig3_community_ve,793.0,0.8,0.3,0,93.69482976040354,28,50.0,2026483028,0.3,0.9
fig3_community_ve,738.0,0.8,0.3,0,89.4308943089431,29,78.0,2026483029,0.3,0.9
fig3_community_ve,671.0,0.8,0.3,0,91.95230998509687,30,54.0,2026483030,0.3,0.9
fig3_community_ve,679.0,0.8,0.3,0,90.72164948453609,31,63.0,2026483031,0.3,0.9
fig3_community_ve,756.0,0.8,0.3,0,93.78306878306879,32,47.0,2026483032,0.3,0.9
fig3_community_ve,748.0,0.8,0.3,0,91.44385026737967,33,64.0,2026483033,0.3,0.9
fig3_community_ve,1018.9999999999999,0.8,0.3,0,94.01373895976447,34,61.0,2026483034,0.3,0.9
fig3_community_ve,882.0,0.8,0.3,0,90.36281179138322,35,85.0,2026483035,0.3,0.9
fig3_community_ve,929.9999999999999,0.8,0.3,0,93.44086021505376,36,61.0,2026483036,0.3,0.9
fig3_community_ve,383.0,0.8,0.3,0,88.25065274151436,37,45.0,2026483037,0.3,0.9
fig3_community_ve,874.0,0.8,0.3,0,91.87643020594966,38,71.0,2026483038,0.3,0.9
fig3_community_ve,538.0,0.8,0.3,0,88.66171003717471,39,61.0,2026483039,0.3,0.9
fig3_community_ve,758.0,0.8,0.3,0,91.82058047493403,40,62.0,2026483040,0.3,0.9
fig3_community_ve,550.0,0.8,0.3,0,86.9090909090909,41,72.0,2026483041,0.3,0.9
fig3_community_ve,844.0,0.8,0.3,0,91.11374407582939,42,75.0,2026483042,0.3,0.9
fig3_community_ve,742.0,0.8,0.3,0,92.45283018867924,43,55.99999999999999,2026483043,0.3,0.9
fig3_community_ve,837.0000000000001,0.8,0.3,0,92.1146953405018,44,66.0,2026483044,0.3,0.9
fig3_community_ve,744.0,0.8,0.3,0,91.39784946236558,45,64.0,2026483045,0.3,0.9
fig3_community_ve,668.0,0.8,0.3,0,92.66467065868264,46,49.0,2026483046,0.3,0.9
fig3_community_ve,796.0,0.8,0.3,0,91.20603015075378,47,70.0,2026483047,0.3,0.9
fig3_community_ve,695.0,0.8,0.3,0,91.65467625899281,48,58.0,2026483048,0.3,0.9
fig3_community_ve,754.0,0.8,0.3,0,92.44031830238727,49,57.0,2026483049,0.3,0.9
fig3_community_ve,684.0,0.8,0.3,0,88.59649122807018,50,78.0,2026483050,0.3,0.9
fig3_community_ve,386.0,0.8,0.3,0,87.30569948186529,51,49.0,2026483051,0.3,0.9
fig3_community_ve,782.0,0.8,0.3,0,90.66496163682865,52,73.0,2026483052,0.3,0.9
fig3_community_ve,1061.0,0.8,0.3,0,89.53817153628653,53,111.00000000000001,2026483053,0.3,0.9
fig3_community_ve,842.0,0.8,0.3,0,91.33016627078385,54,73.0,2026483054,0.3,0.9
fig3_community_ve,657.0,0.8,0.3,0,89.49771689497717,55,69.0,2026483055,0.3,0.9
fig3_community_ve,1005.0,0.8,0.3,0,92.13930348258707,56,79.0,2026483056,0.3,0.9
fig3_community_ve,992.0,0.8,0.3,0,92.23790322580645,57,77.0,2026483057,0.3,0.9
fig3_community_ve,424.0,0.8,0.3,0,89.62264150943396,58,44.0,2026483058,0.3,0.9
fig3_community_ve,778.0,0.8,0.3,0,92.41645244215938,59,59.0,2026483059,0.3,0.9
fig3_community_ve,980.0,0.8,0.3,0,93.87755102040816,60,59.99999999999999,2026483060,0.3,0.9
fig3_community_ve,1059.0,0.8,0.3,0,92.82341831916902,61,76.0,2026483061,0.3,0.9
fig3_community_ve,903.9999999999999,0.8,0.3,0,90.929203539823,62,82.0,2026483062,0.3,0.9
fig3_community_ve,537.0,0.8,0.3,0,87.52327746741155,63,67.0,2026483063,0.3,0.9
fig3_community_ve,764.0,0.8,0.3,0,89.26701570680628,64,82.0,2026483064,0.3,0.9
fig3_community_ve,912.0,0.8,0.3,0,93.42105263157895,65,59.99999999999999,2026483065,0.3,0.9
fig3_community_ve,1096.0,0.8,0.3,0,93.06569343065694,66,76.0,2026483066,0.3,0.9
fig3_community_ve,833.0000000000001,0.8,0.3,0,92.43697478991596,67,63.0,2026483067,0.3,0.9
fig3_community_ve,1441.0,0.8,0.3,0,93.19916724496878,68,98.0,2026483068,0.3,0.9
fig3_community_ve,885.0,0.8,0.3,0,91.75141242937853,69,73.0,2026483069,0.3,0.9
fig3_community_ve,980.0,0.8,0.3,0,92.44897959183673,70,74.0,2026483070,0.3,0.9
fig3_community_ve,585.0,0.8,0.3,0,83.93162393162393,71,94.0,2026483071,0.3,0.9
fig3_community_ve,734.0,0.8,0.3,0,91.82561307901908,72,59.99999999999999,2026483072,0.3,0.9
fig3_community_ve,923.0,0.8,0.3,0,91.00758396533044,73,83.0,2026483073,0.3,0.9
fig3_community_ve,639.0,0.8,0.3,0,90.61032863849765,74,59.99999999999999,2026483074,0.3,0.9
fig3_community_ve,682.0,0.8,0.3,0,91.20234604105572,75,59.99999999999999,2026483075,0.3,0.9
fig3_community_ve,583.0,0.8,0.3,0,87.47855917667239,76,73.0,2026483076,0.3,0.9
fig3_community_ve,800.0,0.8,0.3,0,92.625,77,59.0,2026483077,0.3,0.9
fig3_community_ve,1076.0,0.8,0.3,0,93.58736059479554,78,69.0,2026483078,0.3,0.9
fig3_community_ve,743.0,0.8,0.3,0,91.38627187079408,79,64.0,2026483079,0.3,0.9
fig3_community_ve,834.0,0.8,0.3,0,89.68824940047962,80,86.0,2026483080,0.3,0.9
fig3_community_ve,684.0,0.8,0.3,0,93.27485380116958,81,46.0,2026483081,0.3,0.9
fig3_community_ve,1001.9999999999999,0.8,0.3,0,93.01397205588822,82,70.0,2026483082,0.3,0.9
fig3_community_ve,814.0,0.8,0.3,0,92.13759213759214,83,64.0,2026483083,0.3,0.9
fig3_community_ve,1212.0,0.8,0.3,0,94.55445544554455,84,66.0,2026483084,0.3,0.9
fig3_community_ve,941.0,0.8,0.3,0,93.83634431455899,85,58.0,2026483085,0.3,0.9
fig3_community_ve,751.0,0.8,0.3,0,91.21171770972038,86,66.0,2026483086,0.3,0.9
fig3_community_ve,931.0,0.8,0.3,0,90.22556390977444,87,91.0,2026483087,0.3,0.9
fig3_community_ve,631.0,0.8,0.3,0,91.9175911251981,88,51.00000000000001,2026483088,0.3,0.9
fig3_community_ve,688.0,0.8,0.3,0,90.26162790697674,89,67.0,2026483089,0.3,0.9
fig3_community_ve,954.0,0.8,0.3,0,91.82389937106919,90,78.0,2026483090,0.3,0.9
fig3_community_ve,834.0,0.8,0.3,0,94.00479616306954,91,50.0,2026483091,0.3,0.9
fig3_community_ve,1122.0,0.8,0.3,0,93.76114081996435,92,70.0,2026483092,0.3,0.9
fig3_community_ve,793.0,0.8,0.3,0,89.78562421185372,93,81.0,2026483093,0.3,0.9
fig3_community_ve,992.0,0.8,0.3,0,92.84274193548387,94,71.0,2026483094,0.3,0.9
fig3_community_ve,1218.0,0.8,0.3,0,91.95402298850574,95,98.0,2026483095,0.3,0.9
fig3_community_ve,725.0,0.8,0.3,0,92.0,96,58.0,2026483096,0.3,0.9
fig3_community_ve,814.9999999999999,0.8,0.3,0,91.04294478527606,97,73.0,2026483097,0.3,0.9
fig3_community_ve,717.0,0.8,0.3,0,92.74755927475593,98,51.99999999999999,2026483098,0.3,0.9
fig3_community_ve,850.0000000000001,0.8,0.3,0,90.47058823529412,99,81.0,2026483099,0.3,0.9
fig3_community_ve,656.0,0.8,0.3,0,86.4329268292683,0,89.0,2026480000,0.3,0.44999999999999996
fig3_community_ve,759.0,0.8,0.3,0,86.95652173913044,1,99.0,2026480001,0.3,0.44999999999999996
fig3_community_ve,857.0,0.8,0.3,0,83.8973162193699,2,138.0,2026480002,0.3,0.44999999999999996
fig3_community_ve,1071.0,0.8,0.3,0,87.6750700280112,3,132.0,2026480003,0.3,0.44999999999999996
fig3_community_ve,859.0,0.8,0.3,0,86.37951105937137,4,117.0,2026480004,0.3,0.44999999999999996
fig3_community_ve,620.0,0.8,0.3,0,83.54838709677419,5,102.00000000000001,2026480005,0.3,0.44999999999999996
fig3_community_ve,700.0,0.8,0.3,0,87.85714285714286,6,85.0,2026480006,0.3,0.44999999999999996
fig3_community_ve,938.0,0.8,0.3,0,87.31343283582089,7,119.00000000000001,2026480007,0.3,0.44999999999999996
fig3_community_ve,869.9999999999999,0.8,0.3,0,88.9655172413793,8,96.0,2026480008,0.3,0.44999999999999996
fig3_community_ve,959.9999999999999,0.8,0.3,0,86.45833333333333,9,130.0,2026480009,0.3,0.44999999999999996
fig3_community_ve,1088.0,0.8,0.3,0,87.0404411764706,10,141.0,2026480010,0.3,0.44999999999999996
fig3_community_ve,626.0,0.8,0.3,0,84.185303514377,11,99.0,2026480011,0.3,0.44999999999999996
fig3_community_ve,916.0,0.8,0.3,0,84.93449781659389,12,138.0,2026480012,0.3,0.44999999999999996
fig3_community_ve,684.0,0.8,0.3,0,84.50292397660819,13,106.0,2026480013,0.3,0.44999999999999996
fig3_community_ve,1097.0,0.8,0.3,0,86.69097538742024,14,146.0,2026480014,0.3,0.44999999999999996
fig3_community_ve,623.0,0.8,0.3,0,85.23274478330659,15,92.0,2026480015,0.3,0.44999999999999996
fig3_community_ve,677.0,0.8,0.3,0,85.37666174298376,16,99.0,2026480016,0.3,0.44999999999999996
fig3_community_ve,572.0,0.8,0.3,0,86.01398601398601,17,80.0,2026480017,0.3,0.44999999999999996
fig3_community_ve,1014.9999999999999,0.8,0.3,0,87.48768472906403,18,127.00000000000001,2026480018,0.3,0.44999999999999996
fig3_community_ve,630.0,0.8,0.3,0,83.96825396825396,19,101.0,2026480019,0.3,0.44999999999999996
fig3_community_ve,1260.0,0.8,0.3,0,89.36507936507937,20,134.0,2026480020,0.3,0.44999999999999996
fig3_community_ve,694.0,0.8,0.3,0,87.89625360230548,21,84.0,2026480021,0.3,0.44999999999999996
fig3_community_ve,762.0,0.8,0.3,0,87.4015748031496,22,96.0,2026480022,0.3,0.44999999999999996
fig3_community_ve,599.0,0.8,0.3,0,83.30550918196995,23,100.0,2026480023,0.3,0.44999999999999996
fig3_community_ve,874.0,0.8,0.3,0,86.72768878718536,24,116.0,2026480024,0.3,0.44999999999999996
fig3_community_ve,756.0,0.8,0.3,0,86.77248677248677,25,100.0,2026480025,0.3,0.44999999999999996
fig3_community_ve,661.0,0.8,0.3,0,86.9894099848714,26,86.0,2026480026,0.3,0.44999999999999996
fig3_community_ve,801.0,0.8,0.3,0,85.3932584269663,27,117.0,2026480027,0.3,0.44999999999999996
fig3_community_ve,738.0,0.8,0.3,0,81.84281842818429,28,134.0,2026480028,0.3,0.44999999999999996
fig3_community_ve,993.0,0.8,0.3,0,91.33937562940584,29,86.0,2026480029,0.3,0.44999999999999996
fig3_community_ve,940.0,0.8,0.3,0,88.51063829787235,30,108.0,2026480030,0.3,0.44999999999999996
fig3_community_ve,613.0,0.8,0.3,0,85.97063621533442,31,86.0,2026480031,0.3,0.44999999999999996
fig3_community_ve,843.0,0.8,0.3,0,81.96915776986951,32,152.0,2026480032,0.3,0.44999999999999996
fig3_community_ve,704.0,0.8,0.3,0,82.95454545454545,33,119.99999999999999,2026480033,0.3,0.44999999999999996
fig3_community_ve,979.0,0.8,0.3,0,88.4576098059244,34,112.99999999999999,2026480034,0.3,0.44999999999999996
fig3_community_ve,959.0,0.8,0.3,0,84.98435870698644,35,144.0,2026480035,0.3,0.44999999999999996
fig3_community_ve,644.0,0.8,0.3,0,89.28571428571429,36,69.0,2026480036,0.3,0.44999999999999996
fig3_community_ve,800.0,0.8,0.3,0,86.5,37,108.0,2026480037,0.3,0.44999999999999996
fig3_community_ve,980.0,0.8,0.3,0,88.77551020408163,38,110.0,2026480038,0.3,0.44999999999999996
fig3_community_ve,730.0,0.8,0.3,0,86.16438356164383,39,101.0,2026480039,0.3,0.44999999999999996
fig3_community_ve,793.0,0.8,0.3,0,86.88524590163935,40,103.99999999999999,2026480040,0.3,0.44999999999999996
fig3_community_ve,1159.0,0.8,0.3,0,90.1639344262295,41,114.0,2026480041,0.3,0.44999999999999996
fig3_community_ve,1097.0,0.8,0.3,0,87.42023701002735,42,138.0,2026480042,0.3,0.44999999999999996
fig3_community_ve,810.0,0.8,0.3,0,84.44444444444444,43,126.0,2026480043,0.3,0.44999999999999996
fig3_community_ve,878.0,0.8,0.3,0,88.8382687927107,44,98.0,2026480044,0.3,0.44999999999999996
fig3_community_ve,834.0,0.8,0.3,0,87.05035971223022,45,108.0,2026480045,0.3,0.44999999999999996
fig3_community_ve,541.0,0.8,0.3,0,82.99445471349352,46,92.0,2026480046,0.3,0.44999999999999996
fig3_community_ve,864.0,0.8,0.3,0,90.50925925925925,47,82.0,2026480047,0.3,0.44999999999999996
fig3_community_ve,711.0,0.8,0.3,0,82.70042194092827,48,123.0,2026480048,0.3,0.44999999999999996
fig3_community_ve,596.0,0.8,0.3,0,87.08053691275168,49,77.0,2026480049,0.3,0.44999999999999996
fig3_community_ve,731.0,0.8,0.3,0,84.67852257181943,50,111.99999999999999,2026480050,0.3,0.44999999999999996
fig3_community_ve,793.0,0.8,0.3,0,86.00252206809584,51,111.00000000000001,2026480051,0.3,0.44999999999999996
fig3_community_ve,741.0,0.8,0.3,0,90.2834008097166,52,72.0,2026480052,0.3,0.44999999999999996
fig3_community_ve,693.0,0.8,0.3,0,87.01298701298701,53,90.0,2026480053,0.3,0.44999999999999996
fig3_community_ve,734.0,0.8,0.3,0,89.23705722070845,54,79.0,2026480054,0.3,0.44999999999999996
fig3_community_ve,503.0,0.8,0.3,0,78.13121272365805,55,110.0,2026480055,0.3,0.44999999999999996
fig3_community_ve,750.0,0.8,0.3,0,86.53333333333333,56,101.0,2026480056,0.3,0.44999999999999996
fig3_community_ve,654.0,0.8,0.3,0,80.73394495412845,57,126.0,2026480057,0.3,0.44999999999999996
fig3_community_ve,801.9999999999999,0.8,0.3,0,82.29426433915211,58,142.0,2026480058,0.3,0.44999999999999996
fig3_community_ve,610.0,0.8,0.3,0,89.18032786885246,59,66.0,2026480059,0.3,0.44999999999999996
fig3_community_ve,850.0000000000001,0.8,0.3,0,88.23529411764706,60,100.0,2026480060,0.3,0.44999999999999996
fig3_community_ve,791.0,0.8,0.3,0,86.09355246523388,61,110.0,2026480061,0.3,0.44999999999999996
fig3_community_ve,777.0,0.8,0.3,0,88.03088803088804,62,93.0,2026480062,0.3,0.44999999999999996
fig3_community_ve,699.0,0.8,0.3,0,84.97854077253218,63,105.0,2026480063,0.3,0.44999999999999996
fig3_community_ve,1048.0,0.8,0.3,0,86.92748091603053,64,137.0,2026480064,0.3,0.44999999999999996
fig3_community_ve,881.0,0.8,0.3,0,86.6061293984109,65,118.0,2026480065,0.3,0.44999999999999996
fig3_community_ve,795.0,0.8,0.3,0,83.8993710691824,66,128.0,2026480066,0.3,0.44999999999999996
fig3_community_ve,550.0,0.8,0.3,0,82.72727272727273,67,95.0,2026480067,0.3,0.44999999999999996
fig3_community_ve,854.0000000000001,0.8,0.3,0,88.2903981264637,68,100.0,2026480068,0.3,0.44999999999999996
fig3_community_ve,851.0,0.8,0.3,0,87.42655699177438,69,107.0,2026480069,0.3,0.44999999999999996
fig3_community_ve,575.0,0.8,0.3,0,84.17391304347827,70,91.0,2026480070,0.3,0.44999999999999996
fig3_community_ve,993.9999999999999,0.8,0.3,0,89.43661971830986,71,105.0,2026480071,0.3,0.44999999999999996
fig3_community_ve,576.0,0.8,0.3,0,87.15277777777777,72,74.0,2026480072,0.3,0.44999999999999996
fig3_community_ve,761.0,0.8,0.3,0,88.17345597897503,73,90.0,2026480073,0.3,0.44999999999999996
fig3_community_ve,705.0,0.8,0.3,0,88.79432624113475,74,79.0,2026480074,0.3,0.44999999999999996
fig3_community_ve,808.0,0.8,0.3,0,88.24257425742574,75,95.0,2026480075,0.3,0.44999999999999996
fig3_community_ve,559.0,0.8,0.3,0,83.89982110912344,76,90.0,2026480076,0.3,0.44999999999999996
fig3_community_ve,438.0,0.8,0.3,0,83.33333333333333,77,73.0,2026480077,0.3,0.44999999999999996
fig3_community_ve,702.0,0.8,0.3,0,85.75498575498575,78,100.0,2026480078,0.3,0.44999999999999996
fig3_community_ve,644.0,0.8,0.3,0,84.93788819875776,79,97.0,2026480079,0.3,0.44999999999999996
fig3_community_ve,705.0,0.8,0.3,0,85.1063829787234,80,105.0,2026480080,0.3,0.44999999999999996
fig3_community_ve,799.0000000000001,0.8,0.3,0,82.97872340425532,81,136.0,2026480081,0.3,0.44999999999999996
fig3_community_ve,874.0,0.8,0.3,0,87.18535469107552,82,111.99999999999999,2026480082,0.3,0.44999999999999996
fig3_community_ve,1038.0,0.8,0.3,0,89.69171483622351,83,107.0,2026480083,0.3,0.44999999999999996
fig3_community_ve,1082.0,0.8,0.3,0,91.31238447319778,84,94.0,2026480084,0.3,0.44999999999999996
fig3_community_ve,833.0000000000001,0.8,0.3,0,85.83433373349341,85,118.0,2026480085,0.3,0.44999999999999996
fig3_community_ve,698.0,0.8,0.3,0,86.81948424068769,86,92.0,2026480086,0.3,0.44999999999999996
fig3_community_ve,681.0,0.8,0.3,0,83.70044052863436,87,111.00000000000001,2026480087,0.3,0.44999999999999996
fig3_community_ve,771.0,0.8,0.3,0,91.69909208819715,88,64.0,2026480088,0.3,0.44999999999999996
fig3_community_ve,966.0,0.8,0.3,0,84.67908902691511,89,148.0,2026480089,0.3,0.44999999999999996
fig3_community_ve,984.9999999999999,0.8,0.3,0,89.13705583756345,90,107.0,2026480090,0.3,0.44999999999999996
fig3_community_ve,623.0,0.8,0.3,0,85.23274478330659,91,92.0,2026480091,0.3,0.44999999999999996
fig3_community_ve,992.0,0.8,0.3,0,87.70161290322581,92,122.0,2026480092,0.3,0.44999999999999996
fig3_community_ve,992.0,0.8,0.3,0,89.31451612903226,93,106.0,2026480093,0.3,0.44999999999999996
fig3_community_ve,618.0,0.8,0.3,0,86.08414239482201,94,86.0,2026480094,0.3,0.44999999999999996
fig3_community_ve,464.0,0.8,0.3,0,84.91379310344827,95,70.0,2026480095,0.3,0.44999999999999996
fig3_community_ve,844.0,0.8,0.3,0,87.79620853080569,96,103.00000000000001,2026480096,0.3,0.44999999999999996
fig3_community_ve,1248.0,0.8,0.3,0,89.90384615384616,97,126.0,2026480097,0.3,0.44999999999999996
fig3_community_ve,657.0,0.8,0.3,0,86.60578386605783,98,88.0,2026480098,0.3,0.44999999999999996
fig3_community_ve,1109.0,0.8,0.3,0,87.2858431018936,99,141.0,2026480099,0.3,0.44999999999999996
fig3_community_ve,1309.0,0.8,0.3,0,91.06187929717342,0,117.0,2026481000,0.3,0.6
fig3_community_ve,729.0,0.8,0.3,0,86.96844993141289,1,95.0,2026481001,0.3,0.6
fig3_community_ve,780.0,0.8,0.3,0,90.51282051282051,2,74.0,2026481002,0.3,0.6
fig3_community_ve,901.0000000000001,0.8,0.3,0,87.56936736958934,3,111.99999999999999,2026481003,0.3,0.6
fig3_community_ve,804.0,0.8,0.3,0,90.79601990049751,4,74.0,2026481004,0.3,0.6
fig3_community_ve,627.0,0.8,0.3,0,88.6762360446571,5,71.0,2026481005,0.3,0.6
fig3_community_ve,750.0,0.8,0.3,0,85.86666666666666,6,106.0,2026481006,0.3,0.6
fig3_community_ve,506.0,0.8,0.3,0,90.9090909090909,7,46.0,2026481007,0.3,0.6
fig3_community_ve,534.0,0.8,0.3,0,87.07865168539325,8,69.0,2026481008,0.3,0.6
fig3_community_ve,596.0,0.8,0.3,0,90.43624161073825,9,57.0,2026481009,0.3,0.6
fig3_community_ve,551.0,0.8,0.3,0,87.29582577132486,10,70.0,2026481010,0.3,0.6
fig3_community_ve,494.0,0.8,0.3,0,88.05668016194332,11,59.0,2026481011,0.3,0.6
fig3_community_ve,921.0,0.8,0.3,0,89.68512486427795,12,95.0,2026481012,0.3,0.6
fig3_community_ve,976.0,0.8,0.3,0,92.82786885245902,13,70.0,2026481013,0.3,0.6
fig3_community_ve,1217.0,0.8,0.3,0,90.87921117502054,14,111.00000000000001,2026481014,0.3,0.6
fig3_community_ve,769.0,0.8,0.3,0,86.47594278283485,15,103.99999999999999,2026481015,0.3,0.6
fig3_community_ve,942.0,0.8,0.3,0,89.91507430997876,16,95.0,2026481016,0.3,0.6
fig3_community_ve,697.0,0.8,0.3,0,87.37446197991392,17,88.0,2026481017,0.3,0.6
fig3_community_ve,772.0,0.8,0.3,0,89.37823834196891,18,82.0,2026481018,0.3,0.6
fig3_community_ve,737.0,0.8,0.3,0,88.19538670284939,19,87.0,2026481019,0.3,0.6
fig3_community_ve,688.0,0.8,0.3,0,86.9186046511628,20,90.0,2026481020,0.3,0.6
fig3_community_ve,588.0,0.8,0.3,0,80.4421768707483,21,115.0,2026481021,0.3,0.6
fig3_community_ve,797.0,0.8,0.3,0,88.70765370138018,22,90.0,2026481022,0.3,0.6
fig3_community_ve,807.0000000000001,0.8,0.3,0,90.33457249070632,23,78.0,2026481023,0.3,0.6
fig3_community_ve,768.0,0.8,0.3,0,90.75520833333333,24,71.0,2026481024,0.3,0.6
fig3_community_ve,830.0,0.8,0.3,0,93.01204819277109,25,58.0,2026481025,0.3,0.6
fig3_community_ve,852.9999999999999,0.8,0.3,0,88.74560375146541,26,96.0,2026481026,0.3,0.6
fig3_community_ve,768.0,0.8,0.3,0,87.890625,27,93.0,2026481027,0.3,0.6
fig3_community_ve,886.0,0.8,0.3,0,90.74492099322799,28,82.0,2026481028,0.3,0.6
fig3_community_ve,903.0,0.8,0.3,0,90.47619047619048,29,86.0,2026481029,0.3,0.6
fig3_community_ve,739.0,0.8,0.3,0,92.28687415426252,30,57.0,2026481030,0.3,0.6
fig3_community_ve,1068.0,0.8,0.3,0,93.53932584269663,31,69.0,2026481031,0.3,0.6
fig3_community_ve,708.0,0.8,0.3,0,87.71186440677967,32,87.0,2026481032,0.3,0.6
fig3_community_ve,1091.0,0.8,0.3,0,92.7589367552704,33,79.0,2026481033,0.3,0.6
fig3_community_ve,730.0,0.8,0.3,0,89.31506849315069,34,78.0,2026481034,0.3,0.6
fig3_community_ve,878.9999999999999,0.8,0.3,0,90.21615472127417,35,86.0,2026481035,0.3,0.6
fig3_community_ve,1020.0000000000001,0.8,0.3,0,89.50980392156863,36,107.0,2026481036,0.3,0.6
fig3_community_ve,711.0,0.8,0.3,0,87.76371308016877,37,87.0,2026481037,0.3,0.6
fig3_community_ve,868.0,0.8,0.3,0,91.3594470046083,38,75.0,2026481038,0.3,0.6
fig3_community_ve,805.0,0.8,0.3,0,88.4472049689441,39,93.0,2026481039,0.3,0.6
fig3_community_ve,880.0,0.8,0.3,0,90.56818181818181,40,83.0,2026481040,0.3,0.6
fig3_community_ve,767.0,0.8,0.3,0,88.91786179921773,41,85.0,2026481041,0.3,0.6
fig3_community_ve,906.0,0.8,0.3,0,89.84547461368653,42,92.0,2026481042,0.3,0.6
fig3_community_ve,922.0000000000001,0.8,0.3,0,93.27548806941432,43,62.0,2026481043,0.3,0.6
fig3_community_ve,1144.0,0.8,0.3,0,89.16083916083916,44,124.0,2026481044,0.3,0.6
fig3_community_ve,589.0,0.8,0.3,0,84.71986417657045,45,90.0,2026481045,0.3,0.6
fig3_community_ve,500.0,0.8,0.3,0,85.6,46,72.0,2026481046,0.3,0.6
fig3_community_ve,1010.9999999999999,0.8,0.3,0,90.20771513353115,47,99.0,2026481047,0.3,0.6
fig3_community_ve,1083.0,0.8,0.3,0,92.61311172668513,48,80.0,2026481048,0.3,0.6
fig3_community_ve,1122.0,0.8,0.3,0,92.06773618538324,49,89.0,2026481049,0.3,0.6
fig3_community_ve,852.9999999999999,0.8,0.3,0,88.74560375146541,50,96.0,2026481050,0.3,0.6
fig3_community_ve,1095.0,0.8,0.3,0,88.67579908675799,51,124.0,2026481051,0.3,0.6
fig3_community_ve,778.0,0.8,0.3,0,90.87403598971723,52,71.0,2026481052,0.3,0.6
fig3_community_ve,983.0,0.8,0.3,0,90.64089521871821,53,92.0,2026481053,0.3,0.6
fig3_community_ve,682.0,0.8,0.3,0,90.4692082111437,54,65.0,2026481054,0.3,0.6
fig3_community_ve,1009.0,0.8,0.3,0,90.98116947472745,55,91.0,2026481055,0.3,0.6
fig3_community_ve,937.0,0.8,0.3,0,87.83351120597652,56,114.0,2026481056,0.3,0.6
fig3_community_ve,838.0,0.8,0.3,0,88.42482100238664,57,97.0,2026481057,0.3,0.6
fig3_community_ve,1115.0,0.8,0.3,0,91.83856502242152,58,91.0,2026481058,0.3,0.6
fig3_community_ve,918.0000000000001,0.8,0.3,0,90.19607843137256,59,90.0,2026481059,0.3,0.6
fig3_community_ve,847.0,0.8,0.3,0,86.06847697756788,60,118.0,2026481060,0.3,0.6
fig3_community_ve,895.0,0.8,0.3,0,91.28491620111731,61,78.0,2026481061,0.3,0.6
fig3_community_ve,1060.0,0.8,0.3,0,91.69811320754717,62,88.0,2026481062,0.3,0.6
fig3_community_ve,800.0,0.8,0.3,0,90.125,63,79.0,2026481063,0.3,0.6
fig3_community_ve,880.0,0.8,0.3,0,91.81818181818181,64,72.0,2026481064,0.3,0.6
fig3_community_ve,675.0,0.8,0.3,0,91.85185185185185,65,55.0,2026481065,0.3,0.6
fig3_community_ve,773.0,0.8,0.3,0,89.13324708926261,66,84.0,2026481066,0.3,0.6
fig3_community_ve,793.9999999999999,0.8,0.3,0,93.45088161209067,67,51.99999999999999,2026481067,0.3,0.6
fig3_community_ve,1180.0,0.8,0.3,0,92.28813559322033,68,91.0,2026481068,0.3,0.6
fig3_community_ve,1058.0,0.8,0.3,0,89.5085066162571,69,111.00000000000001,2026481069,0.3,0.6
fig3_community_ve,701.0,0.8,0.3,0,90.5848787446505,70,66.0,2026481070,0.3,0.6
fig3_community_ve,999.0000000000001,0.8,0.3,0,90.4904904904905,71,95.0,2026481071,0.3,0.6
fig3_community_ve,827.0,0.8,0.3,0,88.2708585247884,72,97.0,2026481072,0.3,0.6
fig3_community_ve,1141.0,0.8,0.3,0,92.2874671340929,73,88.0,2026481073,0.3,0.6
fig3_community_ve,791.0,0.8,0.3,0,84.70290771175726,74,120.99999999999999,2026481074,0.3,0.6
fig3_community_ve,739.0,0.8,0.3,0,88.4979702300406,75,85.0,2026481075,0.3,0.6
fig3_community_ve,958.0,0.8,0.3,0,88.4133611691023,76,111.00000000000001,2026481076,0.3,0.6
fig3_community_ve,869.0,0.8,0.3,0,84.57997698504028,77,134.0,2026481077,0.3,0.6
fig3_community_ve,625.0,0.8,0.3,0,91.04,78,55.99999999999999,2026481078,0.3,0.6
fig3_community_ve,1001.9999999999999,0.8,0.3,0,88.92215568862275,79,111.00000000000001,2026481079,0.3,0.6
fig3_community_ve,780.0,0.8,0.3,0,87.3076923076923,80,99.0,2026481080,0.3,0.6
fig3_community_ve,1230.0,0.8,0.3,0,91.0569105691057,81,110.0,2026481081,0.3,0.6
fig3_community_ve,1007.0000000000001,0.8,0.3,0,90.0695134061569,82,100.0,2026481082,0.3,0.6
fig3_community_ve,779.0,0.8,0.3,0,91.65596919127086,83,65.0,2026481083,0.3,0.6
fig3_community_ve,646.0,0.8,0.3,0,84.984520123839,84,97.0,2026481084,0.3,0.6
fig3_community_ve,974.0,0.8,0.3,0,90.14373716632444,85,96.0,2026481085,0.3,0.6
fig3_community_ve,766.0,0.8,0.3,0,91.12271540469973,86,68.0,2026481086,0.3,0.6
fig3_community_ve,976.0,0.8,0.3,0,91.39344262295081,87,84.0,2026481087,0.3,0.6
fig3_community_ve,814.9999999999999,0.8,0.3,0,89.32515337423312,88,87.0,2026481088,0.3,0.6
fig3_community_ve,758.0,0.8,0.3,0,87.99472295514512,89,91.0,2026481089,0.3,0.6
fig3_community_ve,698.0,0.8,0.3,0,89.97134670487107,90,70.0,2026481090,0.3,0.6
fig3_community_ve,962.0,0.8,0.3,0,90.95634095634095,91,87.0,2026481091,0.3,0.6
fig3_community_ve,733.0,0.8,0.3,0,88.26739427012278,92,86.0,2026481092,0.3,0.6
fig3_community_ve,621.0,0.8,0.3,0,87.43961352657004,93,78.0,2026481093,0.3,0.6
fig3_community_ve,771.0,0.8,0.3,0,91.82879377431907,94,63.0,2026481094,0.3,0.6
fig3_community_ve,784.9999999999999,0.8,0.3,0,86.2420382165605,95,108.0,2026481095,0.3,0.6
fig3_community_ve,987.0,0.8,0.3,0,90.17223910840931,96,97.0,2026481096,0.3,0.6
fig3_community_ve,863.0,0.8,0.3,0,88.29663962920047,97,101.0,2026481097,0.3,0.6
fig3_community_ve,1013.0,0.8,0.3,0,92.00394866732478,98,81.0,2026481098,0.3,0.6
fig3_community_ve,592.0,0.8,0.3,0,85.47297297297297,99,86.0,2026481099,0.3,0.6
