strategy,horizon,replicate_id,simulation_seed,cases,deaths,doses
no_vax_base_ops,90,6,2026080406,1606.0000000000002,737.0,0
no_vax_enh_ops,90,6,2026080406,266.0,123.0,0
vax_base_ops,90,6,2026080406,1716.0000000000002,762.0,6422
vax_enh_ops,90,6,2026080406,237.00000000000003,106.0,7843
comm_base_40,90,6,2026080406,618.0,285.0,40000
comm_base_60,90,6,2026080406,403.0,173.0,60000
no_vax_base_ops,180,6,2026080406,5744.0,2589.0,0
no_vax_enh_ops,180,6,2026080406,267.0,124.0,0
vax_base_ops,180,6,2026080406,3232.0,1418.0,15082
vax_enh_ops,180,6,2026080406,237.00000000000003,106.0,16826
comm_base_40,180,6,2026080406,703.0,321.0,40000
comm_base_60,180,6,2026080406,417.99999999999994,180.0,60000
no_vax_base_ops,90,0,2026080400,1943.0,860.0,0
no_vax_enh_ops,90,0,2026080400,247.0,112.99999999999999,0
vax_base_ops,90,0,2026080400,1335.0,567.0,7053
vax_enh_ops,90,0,2026080400,194.0,87.0,8143
comm_base_40,90,0,2026080400,614.0,265.0,40000
comm_base_60,90,0,2026080400,393.00000000000006,158.0,60000
no_vax_base_ops,180,0,2026080400,6431.000000000001,2878.0,0
no_vax_enh_ops,180,0,2026080400,247.0,112.99999999999999,0
vax_base_ops,180,0,2026080400,2713.0,1161.0,15811
vax_enh_ops,180,0,2026080400,194.0,87.0,17119
comm_base_40,180,0,2026080400,793.0,332.0,40000
comm_base_60,180,0,2026080400,409.0,159.0,60000
no_vax_base_ops,90,1,2026080401,1366.0,631.0,0
no_vax_enh_ops,90,1,2026080401,248.0,109.0,0
vax_base_ops,90,1,2026080401,976.9999999999999,427.00000000000006,7350
vax_enh_ops,90,1,2026080401,227.0,97.0,7957
comm_base_40,90,1,2026080401,612.0,238.00000000000003,40000
comm_base_60,90,1,2026080401,393.00000000000006,153.0,60000
no_vax_base_ops,180,1,2026080401,4516.0,2058.0,0
no_vax_enh_ops,180,1,2026080401,255.00000000000003,111.00000000000001,0
vax_base_ops,180,1,2026080401,1536.0,677.0,16175
vax_enh_ops,180,1,2026080401,228.0,98.0,16931
comm_base_40,180,1,2026080401,729.0,285.0,40000
comm_base_60,180,1,2026080401,408.00000000000006,157.0,60000
no_vax_base_ops,90,4,2026080404,1731.0,792.0,0
no_vax_enh_ops,90,4,2026080404,390.0,178.0,0
vax_base_ops,90,4,2026080404,1317.0,571.0,7084
vax_enh_ops,90,4,2026080404,305.0,145.0,7974
comm_base_40,90,4,2026080404,728.0,312.0,40000
comm_base_60,90,4,2026080404,380.0,157.0,60000
no_vax_base_ops,180,4,2026080404,6230.0,2822.0,0
no_vax_enh_ops,180,4,2026080404,396.0,180.0,0
vax_base_ops,180,4,2026080404,3056.0,1320.0,15777
vax_enh_ops,180,4,2026080404,313.0,145.0,16936
comm_base_40,180,4,2026080404,1051.0,436.0,40000
comm_base_60,180,4,2026080404,393.00000000000006,159.0,60000
no_vax_base_ops,90,2,2026080402,1686.0,786.0000000000001,0
no_vax_enh_ops,90,2,2026080402,222.00000000000003,105.0,0
vax_base_ops,90,2,2026080402,1456.0,668.0,7078
vax_enh_ops,90,2,2026080402,187.0,88.0,8171
comm_base_40,90,2,2026080402,588.0,262.0,40000
comm_base_60,90,2,2026080402,479.99999999999994,195.0,60000
no_vax_base_ops,180,2,2026080402,6325.0,2888.0,0
no_vax_enh_ops,180,2,2026080402,229.0,108.0,0
vax_base_ops,180,2,2026080402,2993.0,1345.0,15761
vax_enh_ops,180,2,2026080402,187.0,88.0,17117
comm_base_40,180,2,2026080402,797.0,361.0,40000
comm_base_60,180,2,2026080402,490.0,199.0,60000
no_vax_base_ops,90,5,2026080405,1754.0,779.0,0
no_vax_enh_ops,90,5,2026080405,358.0,160.0,0
vax_base_ops,90,5,2026080405,1342.0,575.0,7131
vax_enh_ops,90,5,2026080405,248.0,115.0,7838
comm_base_40,90,5,2026080405,591.0,246.0,40000
comm_base_60,90,5,2026080405,361.0,142.0,60000
no_vax_base_ops,180,5,2026080405,6515.0,2916.0,0
no_vax_enh_ops,180,5,2026080405,361.0,161.0,0
vax_base_ops,180,5,2026080405,2673.0,1146.0,15857
vax_enh_ops,180,5,2026080405,251.0,116.0,16798
comm_base_40,180,5,2026080405,721.0,302.0,40000
comm_base_60,180,5,2026080405,396.99999999999994,157.0,60000
no_vax_base_ops,90,3,2026080403,2192.0,942.9999999999999,0
no_vax_enh_ops,90,3,2026080403,304.0,138.0,0
vax_base_ops,90,3,2026080403,1416.0,580.0,7690
vax_enh_ops,90,3,2026080403,257.0,108.0,8097
comm_base_40,90,3,2026080403,683.0,275.0,40000
comm_base_60,90,3,2026080403,468.0,175.0,60000
no_vax_base_ops,180,3,2026080403,7459.0,3345.9999999999995,0
no_vax_enh_ops,180,3,2026080403,308.0,140.0,0
vax_base_ops,180,3,2026080403,2535.0,1042.0,16383
vax_enh_ops,180,3,2026080403,257.0,108.0,17086
comm_base_40,180,3,2026080403,869.0,346.0,40000
comm_base_60,180,3,2026080403,496.99999999999994,180.0,60000
no_vax_base_ops,90,7,2026080407,2321.0,1076.0,0
no_vax_enh_ops,90,7,2026080407,312.0,147.0,0
vax_base_ops,90,7,2026080407,1731.9999999999998,778.0,7193
vax_enh_ops,90,7,2026080407,293.0,136.0,7884
comm_base_40,90,7,2026080407,683.0,287.0,40000
comm_base_60,90,7,2026080407,556.0,233.0,60000
no_vax_base_ops,180,7,2026080407,8122.0,3694.0,0
no_vax_enh_ops,180,7,2026080407,312.0,147.0,0
vax_base_ops,180,7,2026080407,3440.0,1531.0,15788
vax_enh_ops,180,7,2026080407,293.0,136.0,16840
comm_base_40,180,7,2026080407,859.0,350.0,40000
comm_base_60,180,7,2026080407,596.0,249.0,60000
no_vax_base_ops,90,8,2026080408,1175.0,550.0,0
no_vax_enh_ops,90,8,2026080408,234.0,110.0,0
vax_base_ops,90,8,2026080408,1188.0,543.0,6882
vax_enh_ops,90,8,2026080408,225.99999999999997,102.00000000000001,7886
comm_base_40,90,8,2026080408,317.0,143.0,40000
comm_base_60,90,8,2026080408,276.0,115.0,60000
no_vax_base_ops,180,8,2026080408,3449.0,1582.0,0
no_vax_enh_ops,180,8,2026080408,234.0,110.0,0
vax_base_ops,180,8,2026080408,2273.0,1003.0000000000001,15613
vax_enh_ops,180,8,2026080408,225.99999999999997,102.00000000000001,16874
comm_base_40,180,8,2026080408,348.0,157.0,40000
comm_base_60,180,8,2026080408,280.0,117.0,60000
no_vax_base_ops,90,12,2026080412,1594.0,728.0,0
no_vax_enh_ops,90,12,2026080412,190.0,83.0,0
vax_base_ops,90,12,2026080412,1231.0,544.0,7205
vax_enh_ops,90,12,2026080412,156.0,72.0,7956
comm_base_40,90,12,2026080412,509.0,207.99999999999997,40000
comm_base_60,90,12,2026080412,329.0,126.0,60000
no_vax_base_ops,180,12,2026080412,5682.0,2634.0,0
no_vax_enh_ops,180,12,2026080412,197.0,87.0,0
vax_base_ops,180,12,2026080412,2713.0,1209.0,15920
vax_enh_ops,180,12,2026080412,174.0,77.0,16944
comm_base_40,180,12,2026080412,621.0,248.0,40000
comm_base_60,180,12,2026080412,335.0,128.0,60000
no_vax_base_ops,90,9,2026080409,1978.9999999999998,906.0,0
no_vax_enh_ops,90,9,2026080409,273.0,127.00000000000001,0
vax_base_ops,90,9,2026080409,1976.0,882.0,6740
vax_enh_ops,90,9,2026080409,258.0,118.0,8126
comm_base_40,90,9,2026080409,658.0,282.0,40000
comm_base_60,90,9,2026080409,434.99999999999994,178.0,60000
no_vax_base_ops,180,9,2026080409,7000.000000000001,3213.0,0
no_vax_enh_ops,180,9,2026080409,273.0,127.00000000000001,0
vax_base_ops,180,9,2026080409,4314.0,1906.0,15290
vax_enh_ops,180,9,2026080409,267.0,120.99999999999999,17096
comm_base_40,180,9,2026080409,762.0,326.0,40000
comm_base_60,180,9,2026080409,449.0,184.0,60000
no_vax_base_ops,90,11,2026080411,1901.9999999999998,864.0,0
no_vax_enh_ops,90,11,2026080411,326.0,142.0,0
vax_base_ops,90,11,2026080411,1398.0,619.0,7000
vax_enh_ops,90,11,2026080411,273.0,117.0,8008
comm_base_40,90,11,2026080411,809.0,336.0,40000
comm_base_60,90,11,2026080411,417.0,155.0,60000
no_vax_base_ops,180,11,2026080411,6991.0,3204.0,0
no_vax_enh_ops,180,11,2026080411,334.0,145.0,0
vax_base_ops,180,11,2026080411,2578.0,1125.0,15777
vax_enh_ops,180,11,2026080411,273.0,117.0,16961
comm_base_40,180,11,2026080411,972.0,402.0,40000
comm_base_60,180,11,2026080411,447.0,164.0,60000
no_vax_base_ops,90,10,2026080410,1867.0,851.0,0
no_vax_enh_ops,90,10,2026080410,349.0,147.0,0
vax_base_ops,90,10,2026080410,1227.0,547.0,7515
vax_enh_ops,90,10,2026080410,292.0,124.0,8083
comm_base_40,90,10,2026080410,710.0,289.0,40000
comm_base_60,90,10,2026080410,388.0,153.0,60000
no_vax_base_ops,180,10,2026080410,6634.0,3004.0,0
no_vax_enh_ops,180,10,2026080410,371.0,160.0,0
vax_base_ops,180,10,2026080410,2612.0,1145.0,16261
vax_enh_ops,180,10,2026080410,298.0,126.0,17027
comm_base_40,180,10,2026080410,965.0000000000001,396.99999999999994,40000
comm_base_60,180,10,2026080410,417.0,162.0,60000
no_vax_base_ops,90,14,2026080414,2745.0,1250.0,0
no_vax_enh_ops,90,14,2026080414,303.0,137.0,0
vax_base_ops,90,14,2026080414,1546.0,694.0,7693
vax_enh_ops,90,14,2026080414,259.0,114.0,8348
comm_base_40,90,14,2026080414,869.0,364.0,40000
comm_base_60,90,14,2026080414,409.0,157.0,60000
no_vax_base_ops,180,14,2026080414,10022.0,4525.0,0
no_vax_enh_ops,180,14,2026080414,330.0,146.0,0
vax_base_ops,180,14,2026080414,2903.0,1273.0,16380
vax_enh_ops,180,14,2026080414,259.0,114.0,17333
comm_base_40,180,14,2026080414,1122.0,478.00000000000006,40000
comm_base_60,180,14,2026080414,410.00000000000006,157.0,60000
no_vax_base_ops,90,15,2026080415,2177.0,982.0000000000001,0
no_vax_enh_ops,90,15,2026080415,356.0,170.0,0
vax_base_ops,90,15,2026080415,1247.0,545.0,6856
vax_enh_ops,90,15,2026080415,325.0,152.0,8037
comm_base_40,90,15,2026080415,670.0,280.0,40000
comm_base_60,90,15,2026080415,428.0,183.0,60000
no_vax_base_ops,180,15,2026080415,7494.000000000001,3357.0000000000005,0
no_vax_enh_ops,180,15,2026080415,361.0,172.0,0
vax_base_ops,180,15,2026080415,2228.0,962.0,15568
vax_enh_ops,180,15,2026080415,326.0,152.0,16965
comm_base_40,180,15,2026080415,820.0000000000001,349.0,40000
comm_base_60,180,15,2026080415,446.00000000000006,192.0,60000
no_vax_base_ops,90,13,2026080413,1818.0000000000002,867.0000000000001,0
no_vax_enh_ops,90,13,2026080413,321.0,146.0,0
vax_base_ops,90,13,2026080413,1557.0,712.0,6604
vax_enh_ops,90,13,2026080413,298.0,136.0,8212
comm_base_40,90,13,2026080413,516.0,220.0,40000
comm_base_60,90,13,2026080413,398.99999999999994,151.0,60000
no_vax_base_ops,180,13,2026080413,5754.0,2591.0,0
no_vax_enh_ops,180,13,2026080413,321.0,146.0,0
vax_base_ops,180,13,2026080413,3343.0,1449.0,15247
vax_enh_ops,180,13,2026080413,304.0,137.0,17145
comm_base_40,180,13,2026080413,603.0,258.0,40000
comm_base_60,180,13,2026080413,412.00000000000006,155.0,60000
no_vax_base_ops,90,16,2026080416,2451.0,1061.0,0
no_vax_enh_ops,90,16,2026080416,246.0,109.0,0
vax_base_ops,90,16,2026080416,1650.0,691.0,6707
vax_enh_ops,90,16,2026080416,238.00000000000003,106.0,8117
comm_base_40,90,16,2026080416,558.0,227.0,40000
comm_base_60,90,16,2026080416,415.99999999999994,174.0,60000
no_vax_base_ops,180,16,2026080416,8769.0,3905.9999999999995,0
no_vax_enh_ops,180,16,2026080416,263.0,117.0,0
vax_base_ops,180,16,2026080416,3155.0,1353.0,15398
vax_enh_ops,180,16,2026080416,256.0,111.99999999999999,17083
comm_base_40,180,16,2026080416,717.0,298.0,40000
comm_base_60,180,16,2026080416,434.99999999999994,179.0,60000
no_vax_base_ops,90,18,2026080418,1535.0,716.0,0
no_vax_enh_ops,90,18,2026080418,302.0,146.0,0
vax_base_ops,90,18,2026080418,1122.0,505.0,7355
vax_enh_ops,90,18,2026080418,254.00000000000003,118.0,8261
comm_base_40,90,18,2026080418,637.0,266.0,40000
comm_base_60,90,18,2026080418,527.0,216.0,60000
no_vax_base_ops,180,18,2026080418,4974.0,2288.0,0
no_vax_enh_ops,180,18,2026080418,304.0,147.0,0
vax_base_ops,180,18,2026080418,1895.0000000000002,851.0,16139
vax_enh_ops,180,18,2026080418,254.00000000000003,118.0,17234
comm_base_40,180,18,2026080418,869.9999999999999,366.0,40000
comm_base_60,180,18,2026080418,547.0,223.99999999999997,60000
no_vax_base_ops,90,17,2026080417,1872.0,844.0,0
no_vax_enh_ops,90,17,2026080417,360.0,179.0,0
vax_base_ops,90,17,2026080417,1467.0,627.0,7501
vax_enh_ops,90,17,2026080417,317.0,152.0,8271
comm_base_40,90,17,2026080417,710.0,301.0,40000
comm_base_60,90,17,2026080417,425.00000000000006,189.0,60000
no_vax_base_ops,180,17,2026080417,7396.0,3336.0,0
no_vax_enh_ops,180,17,2026080417,361.0,180.0,0
vax_base_ops,180,17,2026080417,2625.0,1155.0,16233
vax_enh_ops,180,17,2026080417,317.0,152.0,17209
comm_base_40,180,17,2026080417,1128.0,466.99999999999994,40000
comm_base_60,180,17,2026080417,428.0,191.0,60000
no_vax_base_ops,90,19,2026080419,1831.0,810.9999999999999,0
no_vax_enh_ops,90,19,2026080419,249.0,118.0,0
vax_base_ops,90,19,2026080419,1324.0,579.0,7221
vax_enh_ops,90,19,2026080419,253.0,117.0,8183
comm_base_40,90,19,2026080419,788.0,347.0,40000
comm_base_60,90,19,2026080419,466.99999999999994,186.0,60000
no_vax_base_ops,180,19,2026080419,6161.0,2775.0,0
no_vax_enh_ops,180,19,2026080419,249.0,118.0,0
vax_base_ops,180,19,2026080419,2533.0,1090.0,15986
vax_enh_ops,180,19,2026080419,255.00000000000003,117.0,17119
comm_base_40,180,19,2026080419,1156.0,498.0,40000
comm_base_60,180,19,2026080419,487.0,191.0,60000
no_vax_base_ops,90,20,2026080420,2209.0,1020.0000000000001,0
no_vax_enh_ops,90,20,2026080420,275.0,131.0,0
vax_base_ops,90,20,2026080420,1531.0,682.0,7408
vax_enh_ops,90,20,2026080420,259.0,119.99999999999999,8164
comm_base_40,90,20,2026080420,646.0,276.0,40000
comm_base_60,90,20,2026080420,529.0,211.0,60000
no_vax_base_ops,180,20,2026080420,7581.0,3512.0,0
no_vax_enh_ops,180,20,2026080420,275.0,131.0,0
vax_base_ops,180,20,2026080420,2838.0,1249.0,16133
vax_enh_ops,180,20,2026080420,259.0,119.99999999999999,17117
comm_base_40,180,20,2026080420,945.0,408.00000000000006,40000
comm_base_60,180,20,2026080420,583.0,232.0,60000
no_vax_base_ops,90,21,2026080421,2046.9999999999998,957.0,0
no_vax_enh_ops,90,21,2026080421,387.0,186.0,0
vax_base_ops,90,21,2026080421,1511.0,689.0,7036
vax_enh_ops,90,21,2026080421,232.0,103.99999999999999,8123
comm_base_40,90,21,2026080421,586.0,279.0,40000
comm_base_60,90,21,2026080421,516.0,223.99999999999997,60000
no_vax_base_ops,180,21,2026080421,7269.000000000001,3250.0,0
no_vax_enh_ops,180,21,2026080421,402.0,194.0,0
vax_base_ops,180,21,2026080421,2643.0,1196.0,15786
vax_enh_ops,180,21,2026080421,232.0,103.99999999999999,17108
comm_base_40,180,21,2026080421,666.0,315.0,40000
comm_base_60,180,21,2026080421,609.0,270.0,60000
no_vax_base_ops,90,22,2026080422,1667.0,772.0,0
no_vax_enh_ops,90,22,2026080422,235.0,110.0,0
vax_base_ops,90,22,2026080422,1181.0,519.0,7714
vax_enh_ops,90,22,2026080422,218.0,100.0,8320
comm_base_40,90,22,2026080422,569.0,248.0,40000
comm_base_60,90,22,2026080422,311.0,132.0,60000
no_vax_base_ops,180,22,2026080422,5392.0,2450.0,0
no_vax_enh_ops,180,22,2026080422,237.00000000000003,110.0,0
vax_base_ops,180,22,2026080422,2575.0,1120.0,16459
vax_enh_ops,180,22,2026080422,218.0,100.0,17275
comm_base_40,180,22,2026080422,678.0,299.0,40000
comm_base_60,180,22,2026080422,322.0,136.0,60000
no_vax_base_ops,90,23,2026080423,2221.0,973.0000000000001,0
no_vax_enh_ops,90,23,2026080423,387.0,186.0,0
vax_base_ops,90,23,2026080423,1500.0,653.0,7326
vax_enh_ops,90,23,2026080423,377.0,179.0,8118
comm_base_40,90,23,2026080423,632.0,276.0,40000
comm_base_60,90,23,2026080423,419.0,182.0,60000
no_vax_base_ops,180,23,2026080423,8304.0,3706.0000000000005,0
no_vax_enh_ops,180,23,2026080423,415.99999999999994,202.0,0
vax_base_ops,180,23,2026080423,3106.0,1313.0,16024
vax_enh_ops,180,23,2026080423,386.0,182.0,17082
comm_base_40,180,23,2026080423,736.0,309.0,40000
comm_base_60,180,23,2026080423,461.00000000000006,200.0,60000
no_vax_base_ops,90,24,2026080424,1968.0,937.0,0
no_vax_enh_ops,90,24,2026080424,320.0,158.0,0
vax_base_ops,90,24,2026080424,1136.0,529.0,7100
vax_enh_ops,90,24,2026080424,305.0,149.0,8042
comm_base_40,90,24,2026080424,603.0,275.0,40000
comm_base_60,90,24,2026080424,384.0,160.0,60000
no_vax_base_ops,180,24,2026080424,8537.0,3969.0000000000005,0
no_vax_enh_ops,180,24,2026080424,320.0,158.0,0
vax_base_ops,180,24,2026080424,2440.0,1103.0,15839
vax_enh_ops,180,24,2026080424,304.0,149.0,16995
comm_base_40,180,24,2026080424,769.0,345.0,40000
comm_base_60,180,24,2026080424,400.99999999999994,163.0,60000
no_vax_base_ops,90,25,2026080425,1381.0,626.0,0
no_vax_enh_ops,90,25,2026080425,392.0,166.0,0
vax_base_ops,90,25,2026080425,1091.0,466.99999999999994,7638
vax_enh_ops,90,25,2026080425,263.0,112.99999999999999,7944
comm_base_40,90,25,2026080425,634.0,258.0,40000
comm_base_60,90,25,2026080425,274.0,108.0,60000
no_vax_base_ops,180,25,2026080425,3922.0,1733.0000000000002,0
no_vax_enh_ops,180,25,2026080425,406.0,170.0,0
vax_base_ops,180,25,2026080425,1914.0,827.0,16429
vax_enh_ops,180,25,2026080425,267.0,112.99999999999999,16897
comm_base_40,180,25,2026080425,841.0000000000001,345.0,40000
comm_base_60,180,25,2026080425,274.0,108.0,60000
no_vax_base_ops,90,26,2026080426,2244.0,1055.0,0
no_vax_enh_ops,90,26,2026080426,238.00000000000003,108.0,0
vax_base_ops,90,26,2026080426,1495.0,661.0,7403
vax_enh_ops,90,26,2026080426,218.0,94.0,8309
comm_base_40,90,26,2026080426,560.0,237.00000000000003,40000
comm_base_60,90,26,2026080426,553.0,227.0,60000
no_vax_base_ops,180,26,2026080426,8575.0,3923.9999999999995,0
no_vax_enh_ops,180,26,2026080426,239.99999999999997,108.0,0
vax_base_ops,180,26,2026080426,2645.0,1205.0,16170
vax_enh_ops,180,26,2026080426,218.0,94.0,17258
comm_base_40,180,26,2026080426,628.0,261.0,40000
comm_base_60,180,26,2026080426,587.0,237.00000000000003,60000
no_vax_base_ops,90,28,2026080428,1424.0,646.0,0
no_vax_enh_ops,90,28,2026080428,267.0,120.99999999999999,0
vax_base_ops,90,28,2026080428,1269.0,556.0,7248
vax_enh_ops,90,28,2026080428,238.00000000000003,105.0,8363
comm_base_40,90,28,2026080428,620.0,268.0,40000
comm_base_60,90,28,2026080428,424.0,174.0,60000
no_vax_base_ops,180,28,2026080428,3898.0,1786.0,0
no_vax_enh_ops,180,28,2026080428,267.0,120.99999999999999,0
vax_base_ops,180,28,2026080428,2572.0,1133.0,15955
vax_enh_ops,180,28,2026080428,239.99999999999997,106.0,17302
comm_base_40,180,28,2026080428,801.0,347.0,40000
comm_base_60,180,28,2026080428,447.99999999999994,186.0,60000
no_vax_base_ops,90,30,2026080430,1422.0,587.0,0
no_vax_enh_ops,90,30,2026080430,243.0,101.0,0
vax_base_ops,90,30,2026080430,1084.0,440.0,7682
vax_enh_ops,90,30,2026080430,280.0,114.0,8040
comm_base_40,90,30,2026080430,479.99999999999994,180.0,40000
comm_base_60,90,30,2026080430,283.0,102.00000000000001,60000
no_vax_base_ops,180,30,2026080430,4183.0,1854.0,0
no_vax_enh_ops,180,30,2026080430,247.0,103.00000000000001,0
vax_base_ops,180,30,2026080430,2048.0,823.0,16468
vax_enh_ops,180,30,2026080430,280.0,114.0,16984
comm_base_40,180,30,2026080430,510.00000000000006,191.0,40000
comm_base_60,180,30,2026080430,288.0,103.99999999999999,60000
no_vax_base_ops,90,27,2026080427,1934.0,881.0,0
no_vax_enh_ops,90,27,2026080427,443.0,197.0,0
vax_base_ops,90,27,2026080427,1379.0,615.0,8107
vax_enh_ops,90,27,2026080427,325.0,147.0,8300
comm_base_40,90,27,2026080427,658.0,276.0,40000
comm_base_60,90,27,2026080427,548.0,223.99999999999997,60000
no_vax_base_ops,180,27,2026080427,7030.0,3114.0,0
no_vax_enh_ops,180,27,2026080427,488.0,223.00000000000003,0
vax_base_ops,180,27,2026080427,3007.0,1299.0,16838
vax_enh_ops,180,27,2026080427,325.0,147.0,17256
comm_base_40,180,27,2026080427,765.0,320.0,40000
comm_base_60,180,27,2026080427,617.0,253.0,60000
no_vax_base_ops,90,29,2026080429,2252.0,1016.0000000000001,0
no_vax_enh_ops,90,29,2026080429,475.0,206.99999999999997,0
vax_base_ops,90,29,2026080429,1941.0,850.0000000000001,7648
vax_enh_ops,90,29,2026080429,369.0,155.0,8418
comm_base_40,90,29,2026080429,806.0,342.0,40000
comm_base_60,90,29,2026080429,570.0,230.0,60000
no_vax_base_ops,180,29,2026080429,7123.0,3243.9999999999995,0
no_vax_enh_ops,180,29,2026080429,475.0,206.99999999999997,0
vax_base_ops,180,29,2026080429,3293.0,1452.0,16240
vax_enh_ops,180,29,2026080429,371.0,155.0,17319
comm_base_40,180,29,2026080429,916.0,394.0,40000
comm_base_60,180,29,2026080429,624.0,253.0,60000
no_vax_base_ops,90,31,2026080431,1893.0,860.0,0
no_vax_enh_ops,90,31,2026080431,257.0,114.0,0
vax_base_ops,90,31,2026080431,1378.0,620.0,7546
vax_enh_ops,90,31,2026080431,245.0,102.00000000000001,7900
comm_base_40,90,31,2026080431,678.0,295.0,40000
comm_base_60,90,31,2026080431,388.0,148.0,60000
no_vax_base_ops,180,31,2026080431,8039.0,3663.0000000000005,0
no_vax_enh_ops,180,31,2026080431,257.0,114.0,0
vax_base_ops,180,31,2026080431,2803.0,1207.0,16277
vax_enh_ops,180,31,2026080431,251.0,107.0,16871
comm_base_40,180,31,2026080431,886.0,378.0,40000
comm_base_60,180,31,2026080431,439.0,173.0,60000
no_vax_base_ops,90,33,2026080433,1583.0,702.0,0
no_vax_enh_ops,90,33,2026080433,245.0,117.0,0
vax_base_ops,90,33,2026080433,1277.0,566.0,6421
vax_enh_ops,90,33,2026080433,207.99999999999997,96.0,8162
comm_base_40,90,33,2026080433,622.0,271.0,40000
comm_base_60,90,33,2026080433,314.0,141.0,60000
no_vax_base_ops,180,33,2026080433,5610.0,2594.0,0
no_vax_enh_ops,180,33,2026080433,248.0,119.99999999999999,0
vax_base_ops,180,33,2026080433,2296.0,1012.0,15135
vax_enh_ops,180,33,2026080433,207.99999999999997,96.0,17128
comm_base_40,180,33,2026080433,678.0,292.0,40000
comm_base_60,180,33,2026080433,316.0,142.0,60000
no_vax_base_ops,90,32,2026080432,1611.0,754.0,0
no_vax_enh_ops,90,32,2026080432,438.0,201.0,0
vax_base_ops,90,32,2026080432,1216.0,549.0,6728
vax_enh_ops,90,32,2026080432,334.0,148.0,7757
comm_base_40,90,32,2026080432,478.00000000000006,210.0,40000
comm_base_60,90,32,2026080432,402.0,158.0,60000
no_vax_base_ops,180,32,2026080432,5837.0,2681.0,0
no_vax_enh_ops,180,32,2026080432,447.0,206.00000000000003,0
vax_base_ops,180,32,2026080432,2328.0,1048.0,15530
vax_enh_ops,180,32,2026080432,334.0,148.0,16683
comm_base_40,180,32,2026080432,590.0,252.0,40000
comm_base_60,180,32,2026080432,411.0,163.0,60000
no_vax_base_ops,90,35,2026080435,2038.9999999999998,915.0,0
no_vax_enh_ops,90,35,2026080435,289.0,123.0,0
vax_base_ops,90,35,2026080435,1302.0,560.0,6799
vax_enh_ops,90,35,2026080435,240.99999999999997,100.0,8123
comm_base_40,90,35,2026080435,717.0,288.0,40000
comm_base_60,90,35,2026080435,316.0,125.0,60000
no_vax_base_ops,180,35,2026080435,7148.0,3227.0,0
no_vax_enh_ops,180,35,2026080435,290.0,124.0,0
vax_base_ops,180,35,2026080435,2518.0,1104.0,15548
vax_enh_ops,180,35,2026080435,244.0,100.0,17068
comm_base_40,180,35,2026080435,1071.0,447.0,40000
comm_base_60,180,35,2026080435,342.0,137.0,60000
no_vax_base_ops,90,34,2026080434,2519.0,1166.0,0
no_vax_enh_ops,90,34,2026080434,312.0,147.0,0
vax_base_ops,90,34,2026080434,2029.9999999999998,903.9999999999999,7083
vax_enh_ops,90,34,2026080434,333.0,151.0,8201
comm_base_40,90,34,2026080434,702.0,293.0,40000
comm_base_60,90,34,2026080434,458.0,175.0,60000
no_vax_base_ops,180,34,2026080434,9644.0,4397.0,0
no_vax_enh_ops,180,34,2026080434,312.0,147.0,0
vax_base_ops,180,34,2026080434,3748.0,1679.0,15635
vax_enh_ops,180,34,2026080434,333.0,151.0,17175
comm_base_40,180,34,2026080434,846.0,361.0,40000
comm_base_60,180,34,2026080434,466.0,180.0,60000
no_vax_base_ops,90,36,2026080436,1944.9999999999998,889.0,0
no_vax_enh_ops,90,36,2026080436,262.0,119.00000000000001,0
vax_base_ops,90,36,2026080436,1618.0,708.0,7079
vax_enh_ops,90,36,2026080436,241.99999999999997,106.0,7977
comm_base_40,90,36,2026080436,575.0,241.99999999999997,40000
comm_base_60,90,36,2026080436,338.0,132.0,60000
no_vax_base_ops,180,36,2026080436,6990.0,3172.0,0
no_vax_enh_ops,180,36,2026080436,262.0,119.00000000000001,0
vax_base_ops,180,36,2026080436,3078.0,1347.0,15743
vax_enh_ops,180,36,2026080436,241.99999999999997,106.0,16960
comm_base_40,180,36,2026080436,667.0,281.0,40000
comm_base_60,180,36,2026080436,339.0,133.0,60000
no_vax_base_ops,90,37,2026080437,1757.9999999999998,790.0000000000001,0
no_vax_enh_ops,90,37,2026080437,358.0,171.0,0
vax_base_ops,90,37,2026080437,1577.0,689.0,6641
vax_enh_ops,90,37,2026080437,312.0,140.0,7859
comm_base_40,90,37,2026080437,624.0,277.0,40000
comm_base_60,90,37,2026080437,359.0,156.0,60000
no_vax_base_ops,180,37,2026080437,6395.000000000001,2845.0,0
no_vax_enh_ops,180,37,2026080437,366.0,173.0,0
vax_base_ops,180,37,2026080437,3356.0,1447.0,15291
vax_enh_ops,180,37,2026080437,313.0,140.0,16815
comm_base_40,180,37,2026080437,813.0,357.0,40000
comm_base_60,180,37,2026080437,361.0,156.0,60000
no_vax_base_ops,90,38,2026080438,1391.0,635.0,0
no_vax_enh_ops,90,38,2026080438,260.0,118.0,0
vax_base_ops,90,38,2026080438,937.0,428.0,6777
vax_enh_ops,90,38,2026080438,239.99999999999997,111.99999999999999,7720
comm_base_40,90,38,2026080438,494.0,212.0,40000
comm_base_60,90,38,2026080438,271.0,109.0,60000
no_vax_base_ops,180,38,2026080438,6225.0,2834.0,0
no_vax_enh_ops,180,38,2026080438,272.0,123.0,0
vax_base_ops,180,38,2026080438,2156.0,952.0000000000001,15568
vax_enh_ops,180,38,2026080438,241.99999999999997,111.99999999999999,16689
comm_base_40,180,38,2026080438,707.0,307.0,40000
comm_base_60,180,38,2026080438,283.0,114.0,60000
no_vax_base_ops,90,39,2026080439,2168.0,1001.9999999999999,0
no_vax_enh_ops,90,39,2026080439,244.0,114.0,0
vax_base_ops,90,39,2026080439,1401.0,643.0,7506
vax_enh_ops,90,39,2026080439,246.0,112.99999999999999,8370
comm_base_40,90,39,2026080439,783.0,333.0,40000
comm_base_60,90,39,2026080439,534.0,217.0,60000
no_vax_base_ops,180,39,2026080439,7702.000000000001,3495.0,0
no_vax_enh_ops,180,39,2026080439,250.0,118.0,0
vax_base_ops,180,39,2026080439,2742.0,1219.0,16216
vax_enh_ops,180,39,2026080439,250.0,116.0,17356
comm_base_40,180,39,2026080439,1072.0,472.0,40000
comm_base_60,180,39,2026080439,631.0,247.0,60000
no_vax_base_ops,90,40,2026080440,1627.0,722.0,0
no_vax_enh_ops,90,40,2026080440,368.0,161.0,0
vax_base_ops,90,40,2026080440,1258.0,549.0,7036
vax_enh_ops,90,40,2026080440,390.0,169.0,8045
comm_base_40,90,40,2026080440,650.0,268.0,40000
comm_base_60,90,40,2026080440,455.0,181.0,60000
no_vax_base_ops,180,40,2026080440,5016.0,2246.0,0
no_vax_enh_ops,180,40,2026080440,370.0,161.0,0
vax_base_ops,180,40,2026080440,2042.0,895.9999999999999,15803
vax_enh_ops,180,40,2026080440,390.0,169.0,16961
comm_base_40,180,40,2026080440,742.0,309.0,40000
comm_base_60,180,40,2026080440,466.99999999999994,187.0,60000
no_vax_base_ops,90,42,2026080442,1738.0,751.0,0
no_vax_enh_ops,90,42,2026080442,282.0,114.0,0
vax_base_ops,90,42,2026080442,1637.9999999999998,685.0,7082
vax_enh_ops,90,42,2026080442,214.0,89.0,8246
comm_base_40,90,42,2026080442,653.0,232.0,40000
comm_base_60,90,42,2026080442,445.0,153.0,60000
no_vax_base_ops,180,42,2026080442,5615.0,2468.0,0
no_vax_enh_ops,180,42,2026080442,291.0,116.0,0
vax_base_ops,180,42,2026080442,3556.9999999999995,1499.0,15694
vax_enh_ops,180,42,2026080442,218.0,90.0,17205
comm_base_40,180,42,2026080442,825.0,300.0,40000
comm_base_60,180,42,2026080442,512.0,181.0,60000
no_vax_base_ops,90,41,2026080441,2853.0,1334.0,0
no_vax_enh_ops,90,41,2026080441,402.0,188.0,0
vax_base_ops,90,41,2026080441,1986.0,891.0,7448
vax_enh_ops,90,41,2026080441,328.0,145.0,8073
comm_base_40,90,41,2026080441,914.0,374.0,40000
comm_base_60,90,41,2026080441,483.0,191.0,60000
no_vax_base_ops,180,41,2026080441,8640.0,3955.0,0
no_vax_enh_ops,180,41,2026080441,432.0,197.0,0
vax_base_ops,180,41,2026080441,3283.0,1471.0,16071
vax_enh_ops,180,41,2026080441,331.0,146.0,17035
comm_base_40,180,41,2026080441,1133.0,481.0,40000
comm_base_60,180,41,2026080441,504.0,196.0,60000
no_vax_base_ops,90,44,2026080444,1532.0,683.0,0
no_vax_enh_ops,90,44,2026080444,187.0,69.0,0
vax_base_ops,90,44,2026080444,1206.0,512.0,8072
vax_enh_ops,90,44,2026080444,189.0,71.0,8374
comm_base_40,90,44,2026080444,521.0,212.0,40000
comm_base_60,90,44,2026080444,323.0,117.0,60000
no_vax_base_ops,180,44,2026080444,5752.0,2595.0,0
no_vax_enh_ops,180,44,2026080444,187.0,69.0,0
vax_base_ops,180,44,2026080444,2885.0,1222.0,16761
vax_enh_ops,180,44,2026080444,189.0,71.0,17330
comm_base_40,180,44,2026080444,608.0,246.0,40000
comm_base_60,180,44,2026080444,353.0,130.0,60000
no_vax_base_ops,90,43,2026080443,2362.0,1150.0,0
no_vax_enh_ops,90,43,2026080443,245.0,116.0,0
vax_base_ops,90,43,2026080443,1710.0,816.0000000000001,6817
vax_enh_ops,90,43,2026080443,202.0,94.0,8144
comm_base_40,90,43,2026080443,562.0,246.0,40000
comm_base_60,90,43,2026080443,466.0,193.0,60000
no_vax_base_ops,180,43,2026080443,7763.000000000001,3581.0,0
no_vax_enh_ops,180,43,2026080443,248.0,117.0,0
vax_base_ops,180,43,2026080443,3486.0,1602.0,15455
vax_enh_ops,180,43,2026080443,202.0,94.0,17133
comm_base_40,180,43,2026080443,916.9999999999999,415.0,40000
comm_base_60,180,43,2026080443,478.00000000000006,199.0,60000
no_vax_base_ops,90,45,2026080445,1269.0,580.0,0
no_vax_enh_ops,90,45,2026080445,200.0,79.0,0
vax_base_ops,90,45,2026080445,1080.0,475.0,7195
vax_enh_ops,90,45,2026080445,208.99999999999997,81.0,8364
comm_base_40,90,45,2026080445,428.0,170.0,40000
comm_base_60,90,45,2026080445,251.0,92.0,60000
no_vax_base_ops,180,45,2026080445,4866.0,2225.0,0
no_vax_enh_ops,180,45,2026080445,203.0,81.0,0
vax_base_ops,180,45,2026080445,2192.0,962.0,15955
vax_enh_ops,180,45,2026080445,208.99999999999997,81.0,17300
comm_base_40,180,45,2026080445,600.0,246.0,40000
comm_base_60,180,45,2026080445,263.0,96.0,60000
no_vax_base_ops,90,46,2026080446,1168.0,520.0,0
no_vax_enh_ops,90,46,2026080446,388.0,167.0,0
vax_base_ops,90,46,2026080446,1041.0,455.0,7213
vax_enh_ops,90,46,2026080446,351.0,150.0,8062
comm_base_40,90,46,2026080446,466.0,182.0,40000
comm_base_60,90,46,2026080446,390.0,151.0,60000
no_vax_base_ops,180,46,2026080446,3894.0000000000005,1784.0000000000002,0
no_vax_enh_ops,180,46,2026080446,396.0,172.0,0
vax_base_ops,180,46,2026080446,2239.0,957.0,16015
vax_enh_ops,180,46,2026080446,386.0,165.0,17009
comm_base_40,180,46,2026080446,547.0,214.0,40000
comm_base_60,180,46,2026080446,395.00000000000006,154.0,60000
no_vax_base_ops,90,47,2026080447,2288.0,1018.0,0
no_vax_enh_ops,90,47,2026080447,216.0,87.0,0
vax_base_ops,90,47,2026080447,1534.0,679.0,6737
vax_enh_ops,90,47,2026080447,192.0,79.0,7850
comm_base_40,90,47,2026080447,518.0,214.0,40000
comm_base_60,90,47,2026080447,331.0,117.0,60000
no_vax_base_ops,180,47,2026080447,8125.0,3617.0,0
no_vax_enh_ops,180,47,2026080447,216.0,87.0,0
vax_base_ops,180,47,2026080447,2858.0,1243.0,15416
vax_enh_ops,180,47,2026080447,198.0,79.0,16822
comm_base_40,180,47,2026080447,671.0,284.0,40000
comm_base_60,180,47,2026080447,349.0,125.0,60000
no_vax_base_ops,90,49,2026080449,1799.9999999999998,810.9999999999999,0
no_vax_enh_ops,90,49,2026080449,272.0,117.0,0
vax_base_ops,90,49,2026080449,1409.0,615.0,7268
vax_enh_ops,90,49,2026080449,238.00000000000003,100.0,8190
comm_base_40,90,49,2026080449,558.0,239.99999999999997,40000
comm_base_60,90,49,2026080449,485.0,193.0,60000
no_vax_base_ops,180,49,2026080449,6229.0,2786.0,0
no_vax_enh_ops,180,49,2026080449,291.0,130.0,0
vax_base_ops,180,49,2026080449,2563.0,1093.0,16019
vax_enh_ops,180,49,2026080449,238.00000000000003,100.0,17152
comm_base_40,180,49,2026080449,649.0,280.0,40000
comm_base_60,180,49,2026080449,555.0,221.00000000000003,60000
no_vax_base_ops,90,48,2026080448,1722.9999999999998,789.0,0
no_vax_enh_ops,90,48,2026080448,301.0,141.0,0
vax_base_ops,90,48,2026080448,1331.0,593.0,7261
vax_enh_ops,90,48,2026080448,308.0,145.0,8020
comm_base_40,90,48,2026080448,776.0,325.0,40000
comm_base_60,90,48,2026080448,413.0,176.0,60000
no_vax_base_ops,180,48,2026080448,6738.0,3147.0,0
no_vax_enh_ops,180,48,2026080448,302.0,142.0,0
vax_base_ops,180,48,2026080448,2564.0,1148.0,16035
vax_enh_ops,180,48,2026080448,308.0,145.0,16965
comm_base_40,180,48,2026080448,1048.0,434.99999999999994,40000
comm_base_60,180,48,2026080448,429.00000000000006,182.0,60000
no_vax_base_ops,90,51,2026080451,1764.0,814.9999999999999,0
no_vax_enh_ops,90,51,2026080451,264.0,111.99999999999999,0
vax_base_ops,90,51,2026080451,1466.0,667.0,7824
vax_enh_ops,90,51,2026080451,237.00000000000003,91.0,8479
comm_base_40,90,51,2026080451,739.0,315.0,40000
comm_base_60,90,51,2026080451,477.0,189.0,60000
no_vax_base_ops,180,51,2026080451,5669.0,2595.0,0
no_vax_enh_ops,180,51,2026080451,264.0,111.99999999999999,0
vax_base_ops,180,51,2026080451,2861.0,1248.0,16505
vax_enh_ops,180,51,2026080451,238.00000000000003,92.0,17455
comm_base_40,180,51,2026080451,979.0,417.0,40000
comm_base_60,180,51,2026080451,488.0,195.0,60000
no_vax_base_ops,90,53,2026080453,1975.0,865.9999999999999,0
no_vax_enh_ops,90,53,2026080453,365.0,165.0,0
vax_base_ops,90,53,2026080453,1799.9999999999998,780.0,7134
vax_enh_ops,90,53,2026080453,376.0,171.0,7959
comm_base_40,90,53,2026080453,678.0,278.0,40000
comm_base_60,90,53,2026080453,511.0,193.0,60000
no_vax_base_ops,180,53,2026080453,5593.0,2539.0,0
no_vax_enh_ops,180,53,2026080453,374.0,171.0,0
vax_base_ops,180,53,2026080453,3443.0,1466.0,15756
vax_enh_ops,180,53,2026080453,379.0,171.0,16897
comm_base_40,180,53,2026080453,877.0,369.0,40000
comm_base_60,180,53,2026080453,529.0,200.0,60000
no_vax_base_ops,90,50,2026080450,2225.0,982.0000000000001,0
no_vax_enh_ops,90,50,2026080450,207.99999999999997,94.0,0
vax_base_ops,90,50,2026080450,1340.0,568.0,7380
vax_enh_ops,90,50,2026080450,184.0,83.0,7800
comm_base_40,90,50,2026080450,552.0,222.00000000000003,40000
comm_base_60,90,50,2026080450,342.0,122.0,60000
no_vax_base_ops,180,50,2026080450,9492.0,4297.0,0
no_vax_enh_ops,180,50,2026080450,207.99999999999997,94.0,0
vax_base_ops,180,50,2026080450,2368.0,1012.0,16118
vax_enh_ops,180,50,2026080450,184.0,83.0,16780
comm_base_40,180,50,2026080450,761.0,304.0,40000
comm_base_60,180,50,2026080450,370.0,131.0,60000
no_vax_base_ops,90,54,2026080454,1604.9999999999998,737.0,0
no_vax_enh_ops,90,54,2026080454,365.0,145.0,0
vax_base_ops,90,54,2026080454,1136.0,498.99999999999994,7388
vax_enh_ops,90,54,2026080454,331.0,131.0,8128
comm_base_40,90,54,2026080454,525.0,211.0,40000
comm_base_60,90,54,2026080454,337.0,125.0,60000
no_vax_base_ops,180,54,2026080454,6181.0,2773.0,0
no_vax_enh_ops,180,54,2026080454,371.0,150.0,0
vax_base_ops,180,54,2026080454,2544.0,1106.0,16168
vax_enh_ops,180,54,2026080454,332.0,132.0,17067
comm_base_40,180,54,2026080454,679.0,276.0,40000
comm_base_60,180,54,2026080454,357.0,129.0,60000
no_vax_base_ops,90,52,2026080452,1895.0000000000002,875.0000000000001,0
no_vax_enh_ops,90,52,2026080452,357.0,161.0,0
vax_base_ops,90,52,2026080452,1538.0,691.0,6951
vax_enh_ops,90,52,2026080452,327.0,142.0,7873
comm_base_40,90,52,2026080452,650.0,275.0,40000
comm_base_60,90,52,2026080452,477.0,188.0,60000
no_vax_base_ops,180,52,2026080452,6336.0,2886.0,0
no_vax_enh_ops,180,52,2026080452,357.0,161.0,0
vax_base_ops,180,52,2026080452,2964.0,1332.0,15646
vax_enh_ops,180,52,2026080452,328.0,142.0,16831
comm_base_40,180,52,2026080452,858.0000000000001,368.0,40000
comm_base_60,180,52,2026080452,502.0,198.0,60000
no_vax_base_ops,90,55,2026080455,1881.0,826.0,0
no_vax_enh_ops,90,55,2026080455,246.0,106.0,0
vax_base_ops,90,55,2026080455,1482.0,639.0,6136
vax_enh_ops,90,55,2026080455,249.0,106.0,7929
comm_base_40,90,55,2026080455,589.0,236.0,40000
comm_base_60,90,55,2026080455,392.0,150.0,60000
no_vax_base_ops,180,55,2026080455,6711.0,2975.0,0
no_vax_enh_ops,180,55,2026080455,246.0,106.0,0
vax_base_ops,180,55,2026080455,3076.0,1307.0,14815
vax_enh_ops,180,55,2026080455,249.0,106.0,16899
comm_base_40,180,55,2026080455,786.0000000000001,312.0,40000
comm_base_60,180,55,2026080455,396.99999999999994,150.0,60000
no_vax_base_ops,90,57,2026080457,1476.0,655.0,0
no_vax_enh_ops,90,57,2026080457,250.0,119.00000000000001,0
vax_base_ops,90,57,2026080457,1170.0,490.0,6748
vax_enh_ops,90,57,2026080457,225.99999999999997,108.0,8273
comm_base_40,90,57,2026080457,375.0,167.0,40000
comm_base_60,90,57,2026080457,422.0,170.0,60000
no_vax_base_ops,180,57,2026080457,5722.0,2567.0,0
no_vax_enh_ops,180,57,2026080457,250.0,119.00000000000001,0
vax_base_ops,180,57,2026080457,2310.0,975.0,15505
vax_enh_ops,180,57,2026080457,225.99999999999997,108.0,17216
comm_base_40,180,57,2026080457,458.0,191.0,40000
comm_base_60,180,57,2026080457,456.0,178.0,60000
no_vax_base_ops,90,59,2026080459,1429.0,663.0,0
no_vax_enh_ops,90,59,2026080459,283.0,139.0,0
vax_base_ops,90,59,2026080459,1270.0,582.0,6760
vax_enh_ops,90,59,2026080459,261.0,125.0,8017
comm_base_40,90,59,2026080459,543.0,253.0,40000
comm_base_60,90,59,2026080459,307.0,134.0,60000
no_vax_base_ops,180,59,2026080459,4572.0,2064.0,0
no_vax_enh_ops,180,59,2026080459,283.0,139.0,0
vax_base_ops,180,59,2026080459,2593.0,1145.0,15537
vax_enh_ops,180,59,2026080459,261.0,125.0,16978
comm_base_40,180,59,2026080459,657.0,297.0,40000
comm_base_60,180,59,2026080459,308.0,134.0,60000
no_vax_base_ops,90,58,2026080458,1754.0,806.0,0
no_vax_enh_ops,90,58,2026080458,243.0,109.0,0
vax_base_ops,90,58,2026080458,1168.0,514.0,6741
vax_enh_ops,90,58,2026080458,181.0,70.0,8001
comm_base_40,90,58,2026080458,662.0,283.0,40000
comm_base_60,90,58,2026080458,421.0,165.0,60000
no_vax_base_ops,180,58,2026080458,5616.0,2540.0,0
no_vax_enh_ops,180,58,2026080458,245.0,110.0,0
vax_base_ops,180,58,2026080458,2057.0,912.9999999999999,15516
vax_enh_ops,180,58,2026080458,181.0,70.0,16223
comm_base_40,180,58,2026080458,886.9999999999999,378.0,40000
comm_base_60,180,58,2026080458,428.0,168.0,60000
no_vax_base_ops,90,60,2026080460,1756.9999999999998,859.0,0
no_vax_enh_ops,90,60,2026080460,298.0,153.0,0
vax_base_ops,90,60,2026080460,1736.0,827.9999999999999,6931
vax_enh_ops,90,60,2026080460,260.0,132.0,8097
comm_base_40,90,60,2026080460,572.0,267.0,40000
comm_base_60,90,60,2026080460,362.0,157.0,60000
no_vax_base_ops,180,60,2026080460,5124.0,2364.0,0
no_vax_enh_ops,180,60,2026080460,322.0,162.0,0
vax_base_ops,180,60,2026080460,3146.0,1422.0,15583
vax_enh_ops,180,60,2026080460,261.0,133.0,17081
comm_base_40,180,60,2026080460,756.0,355.0,40000
comm_base_60,180,60,2026080460,367.0,161.0,60000
no_vax_base_ops,90,62,2026080462,1607.0,745.0,0
no_vax_enh_ops,90,62,2026080462,284.0,128.0,0
vax_base_ops,90,62,2026080462,1056.0,492.0,7051
vax_enh_ops,90,62,2026080462,227.0,99.0,8124
comm_base_40,90,62,2026080462,656.0,290.0,40000
comm_base_60,90,62,2026080462,360.0,151.0,60000
no_vax_base_ops,180,62,2026080462,6293.0,2878.0,0
no_vax_enh_ops,180,62,2026080462,295.0,131.0,0
vax_base_ops,180,62,2026080462,1865.0,844.0,15845
vax_enh_ops,180,62,2026080462,229.0,101.0,17090
comm_base_40,180,62,2026080462,787.0,344.0,40000
comm_base_60,180,62,2026080462,378.0,161.0,60000
no_vax_base_ops,90,56,2026080456,2381.0,1119.0,0
no_vax_enh_ops,90,56,2026080456,406.0,192.0,0
vax_base_ops,90,56,2026080456,2182.0,1004.0,7191
vax_enh_ops,90,56,2026080456,343.0,161.0,8396
comm_base_40,90,56,2026080456,772.0,338.0,40000
comm_base_60,90,56,2026080456,443.0,183.0,60000
no_vax_base_ops,180,56,2026080456,7895.000000000001,3666.0,0
no_vax_enh_ops,180,56,2026080456,430.99999999999994,202.0,0
vax_base_ops,180,56,2026080456,4421.0,1993.0,15736
vax_enh_ops,180,56,2026080456,343.0,161.0,17383
comm_base_40,180,56,2026080456,939.0000000000001,402.0,40000
comm_base_60,180,56,2026080456,453.0,186.0,60000
no_vax_base_ops,90,61,2026080461,1353.0,641.0,0
no_vax_enh_ops,90,61,2026080461,247.0,120.99999999999999,0
vax_base_ops,90,61,2026080461,1303.0,612.0,6111
vax_enh_ops,90,61,2026080461,230.0,111.00000000000001,7824
comm_base_40,90,61,2026080461,485.0,215.0,40000
comm_base_60,90,61,2026080461,340.0,149.0,60000
no_vax_base_ops,180,61,2026080461,3913.0,1777.0,0
no_vax_enh_ops,180,61,2026080461,259.0,127.00000000000001,0
vax_base_ops,180,61,2026080461,2729.0,1184.0,14829
vax_enh_ops,180,61,2026080461,230.0,111.00000000000001,16804
comm_base_40,180,61,2026080461,642.0,286.0,40000
comm_base_60,180,61,2026080461,385.0,170.0,60000
no_vax_base_ops,90,63,2026080463,1778.0,783.0,0
no_vax_enh_ops,90,63,2026080463,225.99999999999997,106.0,0
vax_base_ops,90,63,2026080463,1403.0,604.0,7173
vax_enh_ops,90,63,2026080463,249.0,117.0,8243
comm_base_40,90,63,2026080463,885.0,383.0,40000
comm_base_60,90,63,2026080463,507.0,218.0,60000
no_vax_base_ops,180,63,2026080463,5193.0,2389.0,0
no_vax_enh_ops,180,63,2026080463,227.0,107.0,0
vax_base_ops,180,63,2026080463,3050.0,1329.0,15891
vax_enh_ops,180,63,2026080463,249.0,117.0,17214
comm_base_40,180,63,2026080463,1208.0,512.0,40000
comm_base_60,180,63,2026080463,536.0,231.0,60000
no_vax_base_ops,90,64,2026080464,1889.0,848.0,0
no_vax_enh_ops,90,64,2026080464,229.0,97.0,0
vax_base_ops,90,64,2026080464,1226.0,520.0,7251
vax_enh_ops,90,64,2026080464,197.0,83.0,8286
comm_base_40,90,64,2026080464,491.00000000000006,199.0,40000
comm_base_60,90,64,2026080464,350.0,139.0,60000
no_vax_base_ops,180,64,2026080464,6410.0,2826.0,0
no_vax_enh_ops,180,64,2026080464,238.00000000000003,99.0,0
vax_base_ops,180,64,2026080464,2407.0,1020.0000000000001,15973
vax_enh_ops,180,64,2026080464,197.0,83.0,17228
comm_base_40,180,64,2026080464,657.0,272.0,40000
comm_base_60,180,64,2026080464,359.0,140.0,60000
no_vax_base_ops,90,65,2026080465,1754.0,792.0,0
no_vax_enh_ops,90,65,2026080465,271.0,122.0,0
vax_base_ops,90,65,2026080465,1459.0,642.0,7229
vax_enh_ops,90,65,2026080465,245.0,107.0,8178
comm_base_40,90,65,2026080465,597.0,246.0,40000
comm_base_60,90,65,2026080465,355.0,145.0,60000
no_vax_base_ops,180,65,2026080465,7820.000000000001,3547.9999999999995,0
no_vax_enh_ops,180,65,2026080465,280.0,126.0,0
vax_base_ops,180,65,2026080465,3390.0,1464.0,15882
vax_enh_ops,180,65,2026080465,262.0,117.0,17144
comm_base_40,180,65,2026080465,713.0,291.0,40000
comm_base_60,180,65,2026080465,372.0,153.0,60000
no_vax_base_ops,90,68,2026080468,1351.0,604.0,0
no_vax_enh_ops,90,68,2026080468,173.0,77.0,0
vax_base_ops,90,68,2026080468,1392.0,603.0,6494
vax_enh_ops,90,68,2026080468,163.0,71.0,8065
comm_base_40,90,68,2026080468,386.0,157.0,40000
comm_base_60,90,68,2026080468,295.0,114.0,60000
no_vax_base_ops,180,68,2026080468,4778.0,2172.0,0
no_vax_enh_ops,180,68,2026080468,173.0,77.0,0
vax_base_ops,180,68,2026080468,2662.0,1160.0,15156
vax_enh_ops,180,68,2026080468,163.0,71.0,17056
comm_base_40,180,68,2026080468,580.0,236.0,40000
comm_base_60,180,68,2026080468,348.0,131.0,60000
no_vax_base_ops,90,70,2026080470,1620.0,749.0,0
no_vax_enh_ops,90,70,2026080470,289.0,144.0,0
vax_base_ops,90,70,2026080470,1209.0,538.0,7108
vax_enh_ops,90,70,2026080470,221.00000000000003,105.0,7944
comm_base_40,90,70,2026080470,670.0,283.0,40000
comm_base_60,90,70,2026080470,365.0,158.0,60000
no_vax_base_ops,180,70,2026080470,5934.0,2750.0,0
no_vax_enh_ops,180,70,2026080470,319.0,162.0,0
vax_base_ops,180,70,2026080470,2572.0,1149.0,15858
vax_enh_ops,180,70,2026080470,221.00000000000003,105.0,16917
comm_base_40,180,70,2026080470,899.0,383.0,40000
comm_base_60,180,70,2026080470,384.0,161.0,60000
no_vax_base_ops,90,66,2026080466,2261.0,1020.0000000000001,0
no_vax_enh_ops,90,66,2026080466,332.0,146.0,0
vax_base_ops,90,66,2026080466,1765.0,776.0,7198
vax_enh_ops,90,66,2026080466,254.00000000000003,116.0,8084
comm_base_40,90,66,2026080466,797.0,321.0,40000
comm_base_60,90,66,2026080466,523.0,206.00000000000003,60000
no_vax_base_ops,180,66,2026080466,8768.0,3956.0,0
no_vax_enh_ops,180,66,2026080466,333.0,147.0,0
vax_base_ops,180,66,2026080466,3465.0,1502.0,15792
vax_enh_ops,180,66,2026080466,254.00000000000003,116.0,17029
comm_base_40,180,66,2026080466,903.9999999999999,368.0,40000
comm_base_60,180,66,2026080466,536.0,216.0,60000
no_vax_base_ops,90,67,2026080467,1455.0,671.0,0
no_vax_enh_ops,90,67,2026080467,360.0,157.0,0
vax_base_ops,90,67,2026080467,1181.0,536.0,6825
vax_enh_ops,90,67,2026080467,256.0,101.0,8026
comm_base_40,90,67,2026080467,485.0,201.0,40000
comm_base_60,90,67,2026080467,369.0,137.0,60000
no_vax_base_ops,180,67,2026080467,4353.0,2004.9999999999998,0
no_vax_enh_ops,180,67,2026080467,423.0,188.0,0
vax_base_ops,180,67,2026080467,2528.0,1109.0,15627
vax_enh_ops,180,67,2026080467,256.0,101.0,16974
comm_base_40,180,67,2026080467,732.0,306.0,40000
comm_base_60,180,67,2026080467,430.0,160.0,60000
no_vax_base_ops,90,69,2026080469,1992.0,928.0,0
no_vax_enh_ops,90,69,2026080469,234.0,112.99999999999999,0
vax_base_ops,90,69,2026080469,1410.0,639.0,7344
vax_enh_ops,90,69,2026080469,195.0,97.0,7992
comm_base_40,90,69,2026080469,395.00000000000006,166.0,40000
comm_base_60,90,69,2026080469,508.00000000000006,206.00000000000003,60000
no_vax_base_ops,180,69,2026080469,7994.999999999999,3663.0000000000005,0
no_vax_enh_ops,180,69,2026080469,235.0,112.99999999999999,0
vax_base_ops,180,69,2026080469,2792.0,1266.0,16072
vax_enh_ops,180,69,2026080469,195.0,97.0,16956
comm_base_40,180,69,2026080469,444.00000000000006,187.0,40000
comm_base_60,180,69,2026080469,529.0,217.0,60000
no_vax_base_ops,90,72,2026080472,2062.0,967.9999999999999,0
no_vax_enh_ops,90,72,2026080472,284.0,131.0,0
vax_base_ops,90,72,2026080472,1343.0,611.0,6957
vax_enh_ops,90,72,2026080472,239.00000000000003,105.0,7781
comm_base_40,90,72,2026080472,749.0,320.0,40000
comm_base_60,90,72,2026080472,377.0,167.0,60000
no_vax_base_ops,180,72,2026080472,7402.0,3379.9999999999995,0
no_vax_enh_ops,180,72,2026080472,284.0,131.0,0
vax_base_ops,180,72,2026080472,2120.0,965.0000000000001,15747
vax_enh_ops,180,72,2026080472,238.00000000000003,105.0,16767
comm_base_40,180,72,2026080472,1085.0,469.0,40000
comm_base_60,180,72,2026080472,390.0,174.0,60000
no_vax_base_ops,90,71,2026080471,1825.9999999999998,844.0,0
no_vax_enh_ops,90,71,2026080471,400.0,183.0,0
vax_base_ops,90,71,2026080471,1432.0,647.0,7588
vax_enh_ops,90,71,2026080471,353.0,163.0,7930
comm_base_40,90,71,2026080471,694.0,297.0,40000
comm_base_60,90,71,2026080471,444.00000000000006,184.0,60000
no_vax_base_ops,180,71,2026080471,5500.0,2498.0,0
no_vax_enh_ops,180,71,2026080471,404.0,184.0,0
vax_base_ops,180,71,2026080471,2557.0,1130.0,16343
vax_enh_ops,180,71,2026080471,353.0,163.0,16865
comm_base_40,180,71,2026080471,841.0000000000001,360.0,40000
comm_base_60,180,71,2026080471,500.99999999999994,206.99999999999997,60000
no_vax_base_ops,90,73,2026080473,1691.0000000000002,773.0,0
no_vax_enh_ops,90,73,2026080473,336.0,157.0,0
vax_base_ops,90,73,2026080473,1215.0,542.0,7571
vax_enh_ops,90,73,2026080473,311.0,141.0,8007
comm_base_40,90,73,2026080473,557.0,245.0,40000
comm_base_60,90,73,2026080473,381.0,161.0,60000
no_vax_base_ops,180,73,2026080473,5788.0,2614.0,0
no_vax_enh_ops,180,73,2026080473,337.0,157.0,0
vax_base_ops,180,73,2026080473,2246.0,992.0,16398
vax_enh_ops,180,73,2026080473,312.0,142.0,16973
comm_base_40,180,73,2026080473,683.0,294.0,40000
comm_base_60,180,73,2026080473,389.0,166.0,60000
no_vax_base_ops,90,75,2026080475,1258.0,571.0,0
no_vax_enh_ops,90,75,2026080475,290.0,134.0,0
vax_base_ops,90,75,2026080475,859.0,386.0,7102
vax_enh_ops,90,75,2026080475,241.99999999999997,110.0,7942
comm_base_40,90,75,2026080475,454.0,192.0,40000
comm_base_60,90,75,2026080475,361.0,139.0,60000
no_vax_base_ops,180,75,2026080475,4525.0,2116.0,0
no_vax_enh_ops,180,75,2026080475,293.0,134.0,0
vax_base_ops,180,75,2026080475,1652.0,723.0,15889
vax_enh_ops,180,75,2026080475,241.99999999999997,110.0,16874
comm_base_40,180,75,2026080475,544.0,229.0,40000
comm_base_60,180,75,2026080475,376.0,145.0,60000
no_vax_base_ops,90,78,2026080478,1730.0,793.9999999999999,0
no_vax_enh_ops,90,78,2026080478,230.0,108.0,0
vax_base_ops,90,78,2026080478,1200.0,520.0,7442
vax_enh_ops,90,78,2026080478,215.0,101.0,8059
comm_base_40,90,78,2026080478,560.0,239.00000000000003,40000
comm_base_60,90,78,2026080478,421.0,173.0,60000
no_vax_base_ops,180,78,2026080478,5265.0,2430.0,0
no_vax_enh_ops,180,78,2026080478,239.00000000000003,111.99999999999999,0
vax_base_ops,180,78,2026080478,2118.0,942.9999999999999,16271
vax_enh_ops,180,78,2026080478,215.0,101.0,17078
comm_base_40,180,78,2026080478,709.0,299.0,40000
comm_base_60,180,78,2026080478,474.00000000000006,191.0,60000
no_vax_base_ops,90,76,2026080476,1912.0000000000002,910.0,0
no_vax_enh_ops,90,76,2026080476,358.0,169.0,0
vax_base_ops,90,76,2026080476,1342.0,614.0,7674
vax_enh_ops,90,76,2026080476,348.0,160.0,8122
comm_base_40,90,76,2026080476,764.0,336.0,40000
comm_base_60,90,76,2026080476,453.0,194.0,60000
no_vax_base_ops,180,76,2026080476,5954.0,2678.0,0
no_vax_enh_ops,180,76,2026080476,366.0,174.0,0
vax_base_ops,180,76,2026080476,2330.0,1073.0,16465
vax_enh_ops,180,76,2026080476,354.0,163.0,17068
comm_base_40,180,76,2026080476,1062.0,462.99999999999994,40000
comm_base_60,180,76,2026080476,492.0,211.0,60000
no_vax_base_ops,90,77,2026080477,1242.0,562.0,0
no_vax_enh_ops,90,77,2026080477,318.0,138.0,0
vax_base_ops,90,77,2026080477,1104.0,481.0,7640
vax_enh_ops,90,77,2026080477,316.0,135.0,8058
comm_base_40,90,77,2026080477,582.0,245.0,40000
comm_base_60,90,77,2026080477,319.0,118.0,60000
no_vax_base_ops,180,77,2026080477,4294.0,1939.0,0
no_vax_enh_ops,180,77,2026080477,318.0,138.0,0
vax_base_ops,180,77,2026080477,2341.0,1036.0,16361
vax_enh_ops,180,77,2026080477,317.0,136.0,17007
comm_base_40,180,77,2026080477,843.0,349.0,40000
comm_base_60,180,77,2026080477,326.0,122.0,60000
no_vax_base_ops,90,74,2026080474,2241.0,991.0,0
no_vax_enh_ops,90,74,2026080474,361.0,148.0,0
vax_base_ops,90,74,2026080474,1845.0,789.0,6417
vax_enh_ops,90,74,2026080474,275.0,117.0,8368
comm_base_40,90,74,2026080474,738.0,284.0,40000
comm_base_60,90,74,2026080474,573.0,221.00000000000003,60000
no_vax_base_ops,180,74,2026080474,8418.0,3741.0,0
no_vax_enh_ops,180,74,2026080474,375.0,155.0,0
vax_base_ops,180,74,2026080474,4269.0,1824.9999999999998,14996
vax_enh_ops,180,74,2026080474,280.0,119.99999999999999,17292
comm_base_40,180,74,2026080474,928.0,357.0,40000
comm_base_60,180,74,2026080474,611.0,235.0,60000
no_vax_base_ops,90,79,2026080479,1691.0000000000002,758.0,0
no_vax_enh_ops,90,79,2026080479,330.0,157.0,0
vax_base_ops,90,79,2026080479,1210.0,525.0,6891
vax_enh_ops,90,79,2026080479,305.0,146.0,7804
comm_base_40,90,79,2026080479,688.0,293.0,40000
comm_base_60,90,79,2026080479,413.0,174.0,60000
no_vax_base_ops,180,79,2026080479,5210.0,2358.0,0
no_vax_enh_ops,180,79,2026080479,337.0,160.0,0
vax_base_ops,180,79,2026080479,2311.0,993.9999999999999,15627
vax_enh_ops,180,79,2026080479,306.0,146.0,16773
comm_base_40,180,79,2026080479,814.0,344.0,40000
comm_base_60,180,79,2026080479,469.0,185.0,60000
no_vax_base_ops,90,80,2026080480,2331.0,1055.0,0
no_vax_enh_ops,90,80,2026080480,470.0,214.0,0
vax_base_ops,90,80,2026080480,1362.0,613.0,7560
vax_enh_ops,90,80,2026080480,387.0,179.0,7974
comm_base_40,90,80,2026080480,867.0000000000001,356.0,40000
comm_base_60,90,80,2026080480,466.0,189.0,60000
no_vax_base_ops,180,80,2026080480,7967.000000000001,3608.0,0
no_vax_enh_ops,180,80,2026080480,494.0,228.0,0
vax_base_ops,180,80,2026080480,2289.0,1003.0000000000001,16353
vax_enh_ops,180,80,2026080480,387.0,179.0,16930
comm_base_40,180,80,2026080480,1163.0,490.0,40000
comm_base_60,180,80,2026080480,502.0,205.00000000000003,60000
no_vax_base_ops,90,82,2026080482,1598.0000000000002,721.0,0
no_vax_enh_ops,90,82,2026080482,279.0,114.0,0
vax_base_ops,90,82,2026080482,1299.0,556.0,7427
vax_enh_ops,90,82,2026080482,239.99999999999997,97.0,7984
comm_base_40,90,82,2026080482,502.0,199.0,40000
comm_base_60,90,82,2026080482,447.0,151.0,60000
no_vax_base_ops,180,82,2026080482,4711.0,2124.0,0
no_vax_enh_ops,180,82,2026080482,280.0,114.0,0
vax_base_ops,180,82,2026080482,2429.0,1047.0,16134
vax_enh_ops,180,82,2026080482,239.99999999999997,97.0,16930
comm_base_40,180,82,2026080482,669.0,275.0,40000
comm_base_60,180,82,2026080482,459.00000000000006,154.0,60000
no_vax_base_ops,90,81,2026080481,1929.0000000000002,875.0000000000001,0
no_vax_enh_ops,90,81,2026080481,377.0,155.0,0
vax_base_ops,90,81,2026080481,1312.0,562.0,7259
vax_enh_ops,90,81,2026080481,307.0,125.0,8182
comm_base_40,90,81,2026080481,466.0,176.0,40000
comm_base_60,90,81,2026080481,379.0,142.0,60000
no_vax_base_ops,180,81,2026080481,8334.0,3852.0,0
no_vax_enh_ops,180,81,2026080481,392.0,162.0,0
vax_base_ops,180,81,2026080481,2712.0,1159.0,15951
vax_enh_ops,180,81,2026080481,317.0,127.00000000000001,17131
comm_base_40,180,81,2026080481,626.0,249.0,40000
comm_base_60,180,81,2026080481,419.0,157.0,60000
no_vax_base_ops,90,83,2026080483,1776.0000000000002,807.0000000000001,0
no_vax_enh_ops,90,83,2026080483,352.0,166.0,0
vax_base_ops,90,83,2026080483,1569.0,690.0,7451
vax_enh_ops,90,83,2026080483,331.0,150.0,8173
comm_base_40,90,83,2026080483,702.0,301.0,40000
comm_base_60,90,83,2026080483,358.0,150.0,60000
no_vax_base_ops,180,83,2026080483,6113.0,2739.0,0
no_vax_enh_ops,180,83,2026080483,368.0,172.0,0
vax_base_ops,180,83,2026080483,2979.0,1317.0,16121
vax_enh_ops,180,83,2026080483,351.0,161.0,17121
comm_base_40,180,83,2026080483,875.0000000000001,359.0,40000
comm_base_60,180,83,2026080483,359.0,150.0,60000
no_vax_base_ops,90,85,2026080485,2107.0,980.9999999999999,0
no_vax_enh_ops,90,85,2026080485,259.0,120.99999999999999,0
vax_base_ops,90,85,2026080485,1756.9999999999998,787.0,6942
vax_enh_ops,90,85,2026080485,266.0,120.99999999999999,8014
comm_base_40,90,85,2026080485,800.0,342.0,40000
comm_base_60,90,85,2026080485,551.0,231.0,60000
no_vax_base_ops,180,85,2026080485,6428.0,2958.0,0
no_vax_enh_ops,180,85,2026080485,272.0,125.0,0
vax_base_ops,180,85,2026080485,3075.0,1364.0,15604
vax_enh_ops,180,85,2026080485,277.0,123.0,16991
comm_base_40,180,85,2026080485,1058.0,451.99999999999994,40000
comm_base_60,180,85,2026080485,571.0,236.0,60000
no_vax_base_ops,90,84,2026080484,2248.0,1016.0000000000001,0
no_vax_enh_ops,90,84,2026080484,309.0,143.0,0
vax_base_ops,90,84,2026080484,1810.0000000000002,804.0,7156
vax_enh_ops,90,84,2026080484,273.0,120.99999999999999,7993
comm_base_40,90,84,2026080484,837.0000000000001,366.0,40000
comm_base_60,90,84,2026080484,503.0,206.99999999999997,60000
no_vax_base_ops,180,84,2026080484,7208.000000000001,3224.0,0
no_vax_enh_ops,180,84,2026080484,310.0,144.0,0
vax_base_ops,180,84,2026080484,3287.0000000000005,1409.0,15808
vax_enh_ops,180,84,2026080484,273.0,120.99999999999999,16975
comm_base_40,180,84,2026080484,1034.0,438.0,40000
comm_base_60,180,84,2026080484,537.0,223.00000000000003,60000
no_vax_base_ops,90,86,2026080486,1899.0,863.0,0
no_vax_enh_ops,90,86,2026080486,346.0,159.0,0
vax_base_ops,90,86,2026080486,1303.0,578.0,6966
vax_enh_ops,90,86,2026080486,278.0,125.0,7889
comm_base_40,90,86,2026080486,686.0,294.0,40000
comm_base_60,90,86,2026080486,498.99999999999994,195.0,60000
no_vax_base_ops,180,86,2026080486,7088.999999999999,3193.0,0
no_vax_enh_ops,180,86,2026080486,352.0,162.0,0
vax_base_ops,180,86,2026080486,2385.0,1050.0,15738
vax_enh_ops,180,86,2026080486,278.0,125.0,16825
comm_base_40,180,86,2026080486,931.0,396.99999999999994,40000
comm_base_60,180,86,2026080486,570.0,221.00000000000003,60000
no_vax_base_ops,90,87,2026080487,1691.0000000000002,730.0,0
no_vax_enh_ops,90,87,2026080487,259.0,112.99999999999999,0
vax_base_ops,90,87,2026080487,1117.0,453.0,7942
vax_enh_ops,90,87,2026080487,257.0,107.0,8183
comm_base_40,90,87,2026080487,404.0,170.0,40000
comm_base_60,90,87,2026080487,387.0,152.0,60000
no_vax_base_ops,180,87,2026080487,6148.0,2729.0,0
no_vax_enh_ops,180,87,2026080487,259.0,112.99999999999999,0
vax_base_ops,180,87,2026080487,2058.0,874.0,16718
vax_enh_ops,180,87,2026080487,257.0,107.0,17155
comm_base_40,180,87,2026080487,466.0,190.0,40000
comm_base_60,180,87,2026080487,400.99999999999994,158.0,60000
no_vax_base_ops,90,88,2026080488,1729.0,768.0,0
no_vax_enh_ops,90,88,2026080488,305.0,122.0,0
vax_base_ops,90,88,2026080488,1463.0,642.0,7200
vax_enh_ops,90,88,2026080488,227.0,88.0,8274
comm_base_40,90,88,2026080488,683.0,281.0,40000
comm_base_60,90,88,2026080488,428.0,153.0,60000
no_vax_base_ops,180,88,2026080488,5453.0,2423.0,0
no_vax_enh_ops,180,88,2026080488,306.0,123.0,0
vax_base_ops,180,88,2026080488,2895.0,1260.0,15952
vax_enh_ops,180,88,2026080488,227.0,88.0,17250
comm_base_40,180,88,2026080488,792.0,325.0,40000
comm_base_60,180,88,2026080488,447.0,158.0,60000
no_vax_base_ops,90,90,2026080490,1409.0,614.0,0
no_vax_enh_ops,90,90,2026080490,281.0,118.0,0
vax_base_ops,90,90,2026080490,1471.0,624.0,6382
vax_enh_ops,90,90,2026080490,239.99999999999997,103.99999999999999,8012
comm_base_40,90,90,2026080490,623.0,247.0,40000
comm_base_60,90,90,2026080490,391.0,148.0,60000
no_vax_base_ops,180,90,2026080490,5278.0,2355.0,0
no_vax_enh_ops,180,90,2026080490,281.0,118.0,0
vax_base_ops,180,90,2026080490,2658.0,1112.0,15131
vax_enh_ops,180,90,2026080490,239.99999999999997,103.99999999999999,16957
comm_base_40,180,90,2026080490,817.0,329.0,40000
comm_base_60,180,90,2026080490,413.99999999999994,155.0,60000
no_vax_base_ops,90,89,2026080489,1854.0,838.0,0
no_vax_enh_ops,90,89,2026080489,337.0,158.0,0
vax_base_ops,90,89,2026080489,1623.0000000000002,721.0,7327
vax_enh_ops,90,89,2026080489,268.0,120.99999999999999,8045
comm_base_40,90,89,2026080489,736.0,315.0,40000
comm_base_60,90,89,2026080489,451.99999999999994,181.0,60000
no_vax_base_ops,180,89,2026080489,6683.0,3028.0,0
no_vax_enh_ops,180,89,2026080489,341.0,160.0,0
vax_base_ops,180,89,2026080489,3207.9999999999995,1398.0,15979
vax_enh_ops,180,89,2026080489,268.0,120.99999999999999,17005
comm_base_40,180,89,2026080489,827.9999999999999,350.0,40000
comm_base_60,180,89,2026080489,487.0,196.0,60000
no_vax_base_ops,90,91,2026080491,2460.0,1097.0,0
no_vax_enh_ops,90,91,2026080491,354.0,148.0,0
vax_base_ops,90,91,2026080491,1646.9999999999998,706.0,7337
vax_enh_ops,90,91,2026080491,305.0,124.0,8182
comm_base_40,90,91,2026080491,578.0,237.00000000000003,40000
comm_base_60,90,91,2026080491,423.0,163.0,60000
no_vax_base_ops,180,91,2026080491,8674.0,3873.0,0
no_vax_enh_ops,180,91,2026080491,363.0,152.0,0
vax_base_ops,180,91,2026080491,2991.0,1296.0,16040
vax_enh_ops,180,91,2026080491,305.0,124.0,17120
comm_base_40,180,91,2026080491,675.0,278.0,40000
comm_base_60,180,91,2026080491,425.00000000000006,164.0,60000
no_vax_base_ops,90,92,2026080492,2217.0,1017.0,0
no_vax_enh_ops,90,92,2026080492,413.0,195.0,0
vax_base_ops,90,92,2026080492,1600.0,711.0,6774
vax_enh_ops,90,92,2026080492,287.0,128.0,8160
comm_base_40,90,92,2026080492,959.0,398.99999999999994,40000
comm_base_60,90,92,2026080492,703.0,287.0,60000
no_vax_base_ops,180,92,2026080492,6722.0,3038.0,0
no_vax_enh_ops,180,92,2026080492,443.0,213.0,0
vax_base_ops,180,92,2026080492,2718.0,1184.0,15420
vax_enh_ops,180,92,2026080492,287.0,128.0,17137
comm_base_40,180,92,2026080492,1232.0,516.0,40000
comm_base_60,180,92,2026080492,783.0,324.0,60000
no_vax_base_ops,90,93,2026080493,1799.0,827.9999999999999,0
no_vax_enh_ops,90,93,2026080493,356.0,163.0,0
vax_base_ops,90,93,2026080493,1561.0,692.0,7002
vax_enh_ops,90,93,2026080493,276.0,122.0,7816
comm_base_40,90,93,2026080493,491.00000000000006,200.0,40000
comm_base_60,90,93,2026080493,363.0,155.0,60000
no_vax_base_ops,180,93,2026080493,6073.0,2794.0,0
no_vax_enh_ops,180,93,2026080493,368.0,167.0,0
vax_base_ops,180,93,2026080493,3626.9999999999995,1607.0,15662
vax_enh_ops,180,93,2026080493,305.0,135.0,16776
comm_base_40,180,93,2026080493,565.0,232.0,40000
comm_base_60,180,93,2026080493,411.0,170.0,60000
no_vax_base_ops,90,95,2026080495,2057.0,948.0000000000001,0
no_vax_enh_ops,90,95,2026080495,349.0,163.0,0
vax_base_ops,90,95,2026080495,1475.0,671.0,6411
vax_enh_ops,90,95,2026080495,194.0,82.0,7871
comm_base_40,90,95,2026080495,563.0,240.99999999999997,40000
comm_base_60,90,95,2026080495,395.00000000000006,155.0,60000
no_vax_base_ops,180,95,2026080495,7174.0,3287.0000000000005,0
no_vax_enh_ops,180,95,2026080495,434.99999999999994,202.0,0
vax_base_ops,180,95,2026080495,2982.0,1323.0,15091
vax_enh_ops,180,95,2026080495,194.0,82.0,16865
comm_base_40,180,95,2026080495,654.0,281.0,40000
comm_base_60,180,95,2026080495,407.0,158.0,60000
no_vax_base_ops,90,94,2026080494,2203.0,997.9999999999999,0
no_vax_enh_ops,90,94,2026080494,240.99999999999997,106.0,0
vax_base_ops,90,94,2026080494,1435.0,646.0,7192
vax_enh_ops,90,94,2026080494,230.0,100.0,8240
comm_base_40,90,94,2026080494,551.0,238.00000000000003,40000
comm_base_60,90,94,2026080494,389.0,154.0,60000
no_vax_base_ops,180,94,2026080494,8166.0,3719.9999999999995,0
no_vax_enh_ops,180,94,2026080494,246.0,109.0,0
vax_base_ops,180,94,2026080494,2912.0,1265.0,15871
vax_enh_ops,180,94,2026080494,230.0,100.0,17188
comm_base_40,180,94,2026080494,605.0,264.0,40000
comm_base_60,180,94,2026080494,402.0,158.0,60000
no_vax_base_ops,90,96,2026080496,1488.0,666.0,0
no_vax_enh_ops,90,96,2026080496,188.0,86.0,0
vax_base_ops,90,96,2026080496,1202.0,524.0,7250
vax_enh_ops,90,96,2026080496,156.0,68.0,8185
comm_base_40,90,96,2026080496,591.0,238.00000000000003,40000
comm_base_60,90,96,2026080496,328.0,130.0,60000
no_vax_base_ops,180,96,2026080496,4738.0,2153.0,0
no_vax_enh_ops,180,96,2026080496,190.0,87.0,0
vax_base_ops,180,96,2026080496,2568.0,1114.0,16030
vax_enh_ops,180,96,2026080496,156.0,68.0,16636
comm_base_40,180,96,2026080496,829.0,339.0,40000
comm_base_60,180,96,2026080496,372.0,152.0,60000
no_vax_base_ops,90,97,2026080497,1564.0,696.0,0
no_vax_enh_ops,90,97,2026080497,252.0,103.00000000000001,0
vax_base_ops,90,97,2026080497,1251.0,545.0,6864
vax_enh_ops,90,97,2026080497,215.0,87.0,7846
comm_base_40,90,97,2026080497,673.0,269.0,40000
comm_base_60,90,97,2026080497,374.0,137.0,60000
no_vax_base_ops,180,97,2026080497,6354.0,2903.0,0
no_vax_enh_ops,180,97,2026080497,252.0,103.00000000000001,0
vax_base_ops,180,97,2026080497,1964.0000000000002,871.0000000000001,15689
vax_enh_ops,180,97,2026080497,215.0,87.0,16826
comm_base_40,180,97,2026080497,831.0,335.0,40000
comm_base_60,180,97,2026080497,390.0,141.0,60000
no_vax_base_ops,90,99,2026080499,1600.0,738.0,0
no_vax_enh_ops,90,99,2026080499,314.0,146.0,0
vax_base_ops,90,99,2026080499,1186.0,534.0,7064
vax_enh_ops,90,99,2026080499,239.00000000000003,106.0,8218
comm_base_40,90,99,2026080499,762.0,337.0,40000
comm_base_60,90,99,2026080499,430.0,176.0,60000
no_vax_base_ops,180,99,2026080499,5655.0,2521.0,0
no_vax_enh_ops,180,99,2026080499,326.0,155.0,0
vax_base_ops,180,99,2026080499,2520.0,1106.0,15792
vax_enh_ops,180,99,2026080499,243.0,107.0,17191
comm_base_40,180,99,2026080499,967.9999999999999,425.00000000000006,40000
comm_base_60,180,99,2026080499,478.00000000000006,197.0,60000
no_vax_base_ops,90,98,2026080498,2551.0,1163.0,0
no_vax_enh_ops,90,98,2026080498,505.0,228.0,0
vax_base_ops,90,98,2026080498,1538.0,674.0,7298
vax_enh_ops,90,98,2026080498,341.0,156.0,7939
comm_base_40,90,98,2026080498,710.0,312.0,40000
comm_base_60,90,98,2026080498,602.0,243.0,60000
no_vax_base_ops,180,98,2026080498,8151.999999999999,3662.0,0
no_vax_enh_ops,180,98,2026080498,554.0,250.0,0
vax_base_ops,180,98,2026080498,2936.0,1285.0,15996
vax_enh_ops,180,98,2026080498,368.0,163.0,16909
comm_base_40,180,98,2026080498,881.0,385.0,40000
comm_base_60,180,98,2026080498,693.0,276.0,60000
no_vax_base_ops,90,103,2026080503,1854.0,857.0,0
no_vax_enh_ops,90,103,2026080503,224.99999999999997,100.0,0
vax_base_ops,90,103,2026080503,1435.0,642.0,7687
vax_enh_ops,90,103,2026080503,224.99999999999997,99.0,8282
comm_base_40,90,103,2026080503,516.0,239.00000000000003,40000
comm_base_60,90,103,2026080503,412.00000000000006,182.0,60000
no_vax_base_ops,180,103,2026080503,5578.0,2551.0,0
no_vax_enh_ops,180,103,2026080503,224.99999999999997,100.0,0
vax_base_ops,180,103,2026080503,2816.0,1226.0,16405
vax_enh_ops,180,103,2026080503,224.99999999999997,99.0,17249
comm_base_40,180,103,2026080503,571.0,257.0,40000
comm_base_60,180,103,2026080503,421.0,186.0,60000
no_vax_base_ops,90,100,2026080500,1957.0,895.9999999999999,0
no_vax_enh_ops,90,100,2026080500,290.0,133.0,0
vax_base_ops,90,100,2026080500,1696.0,763.0,7328
vax_enh_ops,90,100,2026080500,260.0,114.0,8064
comm_base_40,90,100,2026080500,546.0,245.0,40000
comm_base_60,90,100,2026080500,384.0,162.0,60000
no_vax_base_ops,180,100,2026080500,7088.999999999999,3194.0000000000005,0
no_vax_enh_ops,180,100,2026080500,333.0,153.0,0
vax_base_ops,180,100,2026080500,4127.0,1784.0000000000002,15931
vax_enh_ops,180,100,2026080500,260.0,114.0,16995
comm_base_40,180,100,2026080500,636.0,278.0,40000
comm_base_60,180,100,2026080500,429.00000000000006,183.0,60000
no_vax_base_ops,90,101,2026080501,2121.0,938.0,0
no_vax_enh_ops,90,101,2026080501,335.0,162.0,0
vax_base_ops,90,101,2026080501,1353.0,589.0,6983
vax_enh_ops,90,101,2026080501,277.0,134.0,8028
comm_base_40,90,101,2026080501,795.0,350.0,40000
comm_base_60,90,101,2026080501,387.0,169.0,60000
no_vax_base_ops,180,101,2026080501,6618.0,2923.0,0
no_vax_enh_ops,180,101,2026080501,362.0,177.0,0
vax_base_ops,180,101,2026080501,2801.0,1187.0,15716
vax_enh_ops,180,101,2026080501,276.0,133.0,16986
comm_base_40,180,101,2026080501,1113.0,474.00000000000006,40000
comm_base_60,180,101,2026080501,432.0,188.0,60000
no_vax_base_ops,90,102,2026080502,2140.0,976.0,0
no_vax_enh_ops,90,102,2026080502,355.0,163.0,0
vax_base_ops,90,102,2026080502,1755.0,766.0,7327
vax_enh_ops,90,102,2026080502,285.0,128.0,8110
comm_base_40,90,102,2026080502,661.0,261.0,40000
comm_base_60,90,102,2026080502,513.0,200.0,60000
no_vax_base_ops,180,102,2026080502,7179.000000000001,3252.0,0
no_vax_enh_ops,180,102,2026080502,355.0,163.0,0
vax_base_ops,180,102,2026080502,3565.9999999999995,1554.0,15931
vax_enh_ops,180,102,2026080502,285.0,128.0,17077
comm_base_40,180,102,2026080502,885.0,351.0,40000
comm_base_60,180,102,2026080502,530.0,204.00000000000003,60000
no_vax_base_ops,90,105,2026080505,1989.0000000000002,903.0,0
no_vax_enh_ops,90,105,2026080505,278.0,139.0,0
vax_base_ops,90,105,2026080505,1350.0,595.0,7358
vax_enh_ops,90,105,2026080505,258.0,125.0,8181
comm_base_40,90,105,2026080505,758.0,315.0,40000
comm_base_60,90,105,2026080505,490.0,188.0,60000
no_vax_base_ops,180,105,2026080505,6401.999999999999,2865.0,0
no_vax_enh_ops,180,105,2026080505,281.0,141.0,0
vax_base_ops,180,105,2026080505,2502.0,1092.0,16159
vax_enh_ops,180,105,2026080505,260.0,127.00000000000001,17160
comm_base_40,180,105,2026080505,1116.0,462.99999999999994,40000
comm_base_60,180,105,2026080505,516.0,196.0,60000
no_vax_base_ops,90,104,2026080504,2297.0,1030.0,0
no_vax_enh_ops,90,104,2026080504,466.99999999999994,206.00000000000003,0
vax_base_ops,90,104,2026080504,1881.0,809.0,7705
vax_enh_ops,90,104,2026080504,344.0,145.0,8249
comm_base_40,90,104,2026080504,777.0,334.0,40000
comm_base_60,90,104,2026080504,567.0,228.0,60000
no_vax_base_ops,180,104,2026080504,7038.0,3157.0,0
no_vax_enh_ops,180,104,2026080504,481.99999999999994,213.0,0
vax_base_ops,180,104,2026080504,3288.0,1412.0,16317
vax_enh_ops,180,104,2026080504,348.0,147.0,17204
comm_base_40,180,104,2026080504,984.9999999999999,427.00000000000006,40000
comm_base_60,180,104,2026080504,598.0,239.00000000000003,60000
no_vax_base_ops,90,107,2026080507,1611.0,709.0,0
no_vax_enh_ops,90,107,2026080507,221.00000000000003,103.00000000000001,0
vax_base_ops,90,107,2026080507,1552.0,667.0,6257
vax_enh_ops,90,107,2026080507,197.0,88.0,7842
comm_base_40,90,107,2026080507,613.0,246.0,40000
comm_base_60,90,107,2026080507,455.0,163.0,60000
no_vax_base_ops,180,107,2026080507,5401.0,2444.0,0
no_vax_enh_ops,180,107,2026080507,221.00000000000003,103.00000000000001,0
vax_base_ops,180,107,2026080507,3153.0000000000005,1368.0,14972
vax_enh_ops,180,107,2026080507,197.0,88.0,12500
comm_base_40,180,107,2026080507,876.0,365.0,40000
comm_base_60,180,107,2026080507,481.99999999999994,177.0,60000
no_vax_base_ops,90,106,2026080506,1700.0000000000002,801.0,0
no_vax_enh_ops,90,106,2026080506,286.0,145.0,0
vax_base_ops,90,106,2026080506,1464.0,666.0,6398
vax_enh_ops,90,106,2026080506,298.0,144.0,7976
comm_base_40,90,106,2026080506,640.0,280.0,40000
comm_base_60,90,106,2026080506,462.0,197.0,60000
no_vax_base_ops,180,106,2026080506,6265.0,2834.0,0
no_vax_enh_ops,180,106,2026080506,310.0,153.0,0
vax_base_ops,180,106,2026080506,3088.0,1368.0,15109
vax_enh_ops,180,106,2026080506,301.0,146.0,16935
comm_base_40,180,106,2026080506,889.0,384.0,40000
comm_base_60,180,106,2026080506,509.0,211.0,60000
no_vax_base_ops,90,108,2026080508,1427.0,674.0,0
no_vax_enh_ops,90,108,2026080508,243.0,92.0,0
vax_base_ops,90,108,2026080508,1269.0,577.0,6444
vax_enh_ops,90,108,2026080508,230.0,88.0,7760
comm_base_40,90,108,2026080508,402.0,156.0,40000
comm_base_60,90,108,2026080508,359.0,134.0,60000
no_vax_base_ops,180,108,2026080508,4884.0,2252.0,0
no_vax_enh_ops,180,108,2026080508,243.0,92.0,0
vax_base_ops,180,108,2026080508,2631.0,1196.0,15185
vax_enh_ops,180,108,2026080508,230.0,88.0,16736
comm_base_40,180,108,2026080508,413.0,161.0,40000
comm_base_60,180,108,2026080508,371.0,140.0,60000
no_vax_base_ops,90,109,2026080509,1891.0,859.0,0
no_vax_enh_ops,90,109,2026080509,294.0,124.0,0
vax_base_ops,90,109,2026080509,1658.0,731.0,7355
vax_enh_ops,90,109,2026080509,282.0,118.0,8188
comm_base_40,90,109,2026080509,629.0,256.0,40000
comm_base_60,90,109,2026080509,456.0,170.0,60000
no_vax_base_ops,180,109,2026080509,5696.0,2573.0,0
no_vax_enh_ops,180,109,2026080509,294.0,124.0,0
vax_base_ops,180,109,2026080509,3122.0,1354.0,16049
vax_enh_ops,180,109,2026080509,286.0,118.0,17146
comm_base_40,180,109,2026080509,800.0,327.0,40000
comm_base_60,180,109,2026080509,469.0,169.0,60000
no_vax_base_ops,90,110,2026080510,2390.0,1095.0,0
no_vax_enh_ops,90,110,2026080510,253.0,111.99999999999999,0
vax_base_ops,90,110,2026080510,1714.0,766.0,7553
vax_enh_ops,90,110,2026080510,302.0,133.0,8116
comm_base_40,90,110,2026080510,894.0,370.0,40000
comm_base_60,90,110,2026080510,481.0,196.0,60000
no_vax_base_ops,180,110,2026080510,7799.0,3576.0,0
no_vax_enh_ops,180,110,2026080510,253.0,111.99999999999999,0
vax_base_ops,180,110,2026080510,3369.0,1488.0,16179
vax_enh_ops,180,110,2026080510,313.0,140.0,17076
comm_base_40,180,110,2026080510,1137.0,471.0,40000
comm_base_60,180,110,2026080510,487.0,199.0,60000
no_vax_base_ops,90,111,2026080511,2416.0,1071.0,0
no_vax_enh_ops,90,111,2026080511,323.0,144.0,0
vax_base_ops,90,111,2026080511,1439.0,628.0,7506
vax_enh_ops,90,111,2026080511,286.0,124.0,7790
comm_base_40,90,111,2026080511,661.0,273.0,40000
comm_base_60,90,111,2026080511,455.0,189.0,60000
no_vax_base_ops,180,111,2026080511,7296.0,3261.0,0
no_vax_enh_ops,180,111,2026080511,337.0,152.0,0
vax_base_ops,180,111,2026080511,2720.0,1151.0,16237
vax_enh_ops,180,111,2026080511,286.0,124.0,16769
comm_base_40,180,111,2026080511,874.0,367.0,40000
comm_base_60,180,111,2026080511,490.0,202.0,60000
no_vax_base_ops,90,113,2026080513,1735.0,770.0,0
no_vax_enh_ops,90,113,2026080513,290.0,119.99999999999999,0
vax_base_ops,90,113,2026080513,1266.0,553.0,6969
vax_enh_ops,90,113,2026080513,264.0,107.0,7835
comm_base_40,90,113,2026080513,633.0,250.0,40000
comm_base_60,90,113,2026080513,340.0,129.0,60000
no_vax_base_ops,180,113,2026080513,5804.0,2629.0,0
no_vax_enh_ops,180,113,2026080513,290.0,119.99999999999999,0
vax_base_ops,180,113,2026080513,2410.0,1026.0,15699
vax_enh_ops,180,113,2026080513,264.0,107.0,16796
comm_base_40,180,113,2026080513,771.0,314.0,40000
comm_base_60,180,113,2026080513,367.0,138.0,60000
no_vax_base_ops,90,115,2026080515,1534.0,707.0,0
no_vax_enh_ops,90,115,2026080515,212.0,101.0,0
vax_base_ops,90,115,2026080515,967.9999999999999,440.0,7037
vax_enh_ops,90,115,2026080515,208.99999999999997,98.0,7778
comm_base_40,90,115,2026080515,536.0,245.0,40000
comm_base_60,90,115,2026080515,276.0,119.00000000000001,60000
no_vax_base_ops,180,115,2026080515,5192.0,2360.0,0
no_vax_enh_ops,180,115,2026080515,223.99999999999997,107.0,0
vax_base_ops,180,115,2026080515,1713.0,758.0,15843
vax_enh_ops,180,115,2026080515,208.99999999999997,98.0,16786
comm_base_40,180,115,2026080515,670.0,298.0,40000
comm_base_60,180,115,2026080515,312.0,136.0,60000
no_vax_base_ops,90,112,2026080512,2264.0,1056.0,0
no_vax_enh_ops,90,112,2026080512,402.0,182.0,0
vax_base_ops,90,112,2026080512,1680.0,752.0,6911
vax_enh_ops,90,112,2026080512,345.0,151.0,8024
comm_base_40,90,112,2026080512,908.0,380.0,40000
comm_base_60,90,112,2026080512,561.0,210.0,60000
no_vax_base_ops,180,112,2026080512,7930.0,3638.0000000000005,0
no_vax_enh_ops,180,112,2026080512,432.99999999999994,195.0,0
vax_base_ops,180,112,2026080512,3262.0000000000005,1472.0,15617
vax_enh_ops,180,112,2026080512,345.0,151.0,16987
comm_base_40,180,112,2026080512,1118.0,462.0,40000
comm_base_60,180,112,2026080512,589.0,222.00000000000003,60000
no_vax_base_ops,90,114,2026080514,1847.0,835.0,0
no_vax_enh_ops,90,114,2026080514,314.0,149.0,0
vax_base_ops,90,114,2026080514,1501.0,680.0,6961
vax_enh_ops,90,114,2026080514,350.0,165.0,7879
comm_base_40,90,114,2026080514,826.0,348.0,40000
comm_base_60,90,114,2026080514,555.0,230.0,60000
no_vax_base_ops,180,114,2026080514,6184.0,2771.0,0
no_vax_enh_ops,180,114,2026080514,314.0,149.0,0
vax_base_ops,180,114,2026080514,2879.0,1262.0,15684
vax_enh_ops,180,114,2026080514,351.0,165.0,16783
comm_base_40,180,114,2026080514,1265.0,538.0,40000
comm_base_60,180,114,2026080514,668.0,275.0,60000
no_vax_base_ops,90,116,2026080516,1620.9999999999998,755.0,0
no_vax_enh_ops,90,116,2026080516,370.0,187.0,0
vax_base_ops,90,116,2026080516,1393.0,642.0,7617
vax_enh_ops,90,116,2026080516,307.0,149.0,8052
comm_base_40,90,116,2026080516,595.0,283.0,40000
comm_base_60,90,116,2026080516,368.0,164.0,60000
no_vax_base_ops,180,116,2026080516,5803.0,2655.0,0
no_vax_enh_ops,180,116,2026080516,372.0,187.0,0
vax_base_ops,180,116,2026080516,3068.0,1393.0,16293
vax_enh_ops,180,116,2026080516,317.0,155.0,17030
comm_base_40,180,116,2026080516,736.0,338.0,40000
comm_base_60,180,116,2026080516,402.0,179.0,60000
no_vax_base_ops,90,117,2026080517,1489.0,650.0,0
no_vax_enh_ops,90,117,2026080517,309.0,131.0,0
vax_base_ops,90,117,2026080517,1165.0,487.0,6191
vax_enh_ops,90,117,2026080517,223.99999999999997,94.0,7898
comm_base_40,90,117,2026080517,616.0,239.99999999999997,40000
comm_base_60,90,117,2026080517,279.0,102.00000000000001,60000
no_vax_base_ops,180,117,2026080517,4403.0,2007.0,0
no_vax_enh_ops,180,117,2026080517,324.0,140.0,0
vax_base_ops,180,117,2026080517,2066.0,869.9999999999999,14990
vax_enh_ops,180,117,2026080517,235.0,99.0,16889
comm_base_40,180,117,2026080517,760.0,290.0,40000
comm_base_60,180,117,2026080517,281.0,103.00000000000001,60000
no_vax_base_ops,90,118,2026080518,1380.0,672.0,0
no_vax_enh_ops,90,118,2026080518,321.0,165.0,0
vax_base_ops,90,118,2026080518,1356.0,652.0,7388
vax_enh_ops,90,118,2026080518,293.0,154.0,7655
comm_base_40,90,118,2026080518,561.0,265.0,40000
comm_base_60,90,118,2026080518,323.0,147.0,60000
no_vax_base_ops,180,118,2026080518,4603.0,2118.0,0
no_vax_enh_ops,180,118,2026080518,329.0,172.0,0
vax_base_ops,180,118,2026080518,2968.0,1350.0,16088
vax_enh_ops,180,118,2026080518,305.0,160.0,16633
comm_base_40,180,118,2026080518,673.0,310.0,40000
comm_base_60,180,118,2026080518,335.0,153.0,60000
no_vax_base_ops,90,121,2026080521,1398.0,597.0,0
no_vax_enh_ops,90,121,2026080521,270.0,130.0,0
vax_base_ops,90,121,2026080521,1004.0,417.99999999999994,7315
vax_enh_ops,90,121,2026080521,217.0,105.0,8071
comm_base_40,90,121,2026080521,361.0,159.0,40000
comm_base_60,90,121,2026080521,326.0,139.0,60000
no_vax_base_ops,180,121,2026080521,4500.0,2015.0000000000002,0
no_vax_enh_ops,180,121,2026080521,282.0,137.0,0
vax_base_ops,180,121,2026080521,1739.9999999999998,717.0,16122
vax_enh_ops,180,121,2026080521,217.0,105.0,17021
comm_base_40,180,121,2026080521,444.00000000000006,194.0,40000
comm_base_60,180,121,2026080521,362.0,152.0,60000
no_vax_base_ops,90,120,2026080520,1465.0,683.0,0
no_vax_enh_ops,90,120,2026080520,277.0,130.0,0
vax_base_ops,90,120,2026080520,1319.0,597.0,7461
vax_enh_ops,90,120,2026080520,227.0,103.00000000000001,8321
comm_base_40,90,120,2026080520,572.0,247.0,40000
comm_base_60,90,120,2026080520,396.99999999999994,162.0,60000
no_vax_base_ops,180,120,2026080520,4803.0,2175.0,0
no_vax_enh_ops,180,120,2026080520,277.0,130.0,0
vax_base_ops,180,120,2026080520,3091.0,1340.0,16189
vax_enh_ops,180,120,2026080520,227.0,103.00000000000001,17299
comm_base_40,180,120,2026080520,813.0,340.0,40000
comm_base_60,180,120,2026080520,479.99999999999994,197.0,60000
no_vax_base_ops,90,119,2026080519,2243.0,1020.0000000000001,0
no_vax_enh_ops,90,119,2026080519,357.0,170.0,0
vax_base_ops,90,119,2026080519,1433.0,638.0,7577
vax_enh_ops,90,119,2026080519,308.0,145.0,8023
comm_base_40,90,119,2026080519,746.0,314.0,40000
comm_base_60,90,119,2026080519,538.0,231.0,60000
no_vax_base_ops,180,119,2026080519,7086.000000000001,3207.9999999999995,0
no_vax_enh_ops,180,119,2026080519,360.0,171.0,0
vax_base_ops,180,119,2026080519,2374.0,1027.0,16303
vax_enh_ops,180,119,2026080519,308.0,145.0,17003
comm_base_40,180,119,2026080519,877.0,369.0,40000
comm_base_60,180,119,2026080519,540.0,232.0,60000
no_vax_base_ops,90,122,2026080522,2307.0,992.0,0
no_vax_enh_ops,90,122,2026080522,263.0,103.99999999999999,0
vax_base_ops,90,122,2026080522,1763.0,733.0,7773
vax_enh_ops,90,122,2026080522,244.0,98.0,8065
comm_base_40,90,122,2026080522,771.0,310.0,40000
comm_base_60,90,122,2026080522,451.99999999999994,167.0,60000
no_vax_base_ops,180,122,2026080522,7410.0,3360.0,0
no_vax_enh_ops,180,122,2026080522,300.0,118.0,0
vax_base_ops,180,122,2026080522,3443.0,1427.0,16416
vax_enh_ops,180,122,2026080522,244.0,98.0,17000
comm_base_40,180,122,2026080522,1025.0,415.99999999999994,40000
comm_base_60,180,122,2026080522,494.0,181.0,60000
no_vax_base_ops,90,123,2026080523,1908.0,859.0,0
no_vax_enh_ops,90,123,2026080523,340.0,153.0,0
vax_base_ops,90,123,2026080523,1344.0,578.0,7701
vax_enh_ops,90,123,2026080523,319.0,142.0,7880
comm_base_40,90,123,2026080523,788.0,315.0,40000
comm_base_60,90,123,2026080523,468.0,170.0,60000
no_vax_base_ops,180,123,2026080523,6161.0,2762.0,0
no_vax_enh_ops,180,123,2026080523,340.0,153.0,0
vax_base_ops,180,123,2026080523,2478.0,1081.0,16437
vax_enh_ops,180,123,2026080523,319.0,142.0,16820
comm_base_40,180,123,2026080523,1010.0,413.99999999999994,40000
comm_base_60,180,123,2026080523,478.00000000000006,172.0,60000
no_vax_base_ops,90,126,2026080526,1884.9999999999998,842.0,0
no_vax_enh_ops,90,126,2026080526,307.0,134.0,0
vax_base_ops,90,126,2026080526,1206.0,515.0,7774
vax_enh_ops,90,126,2026080526,290.0,123.0,8140
comm_base_40,90,126,2026080526,592.0,230.0,40000
comm_base_60,90,126,2026080526,319.0,122.0,60000
no_vax_base_ops,180,126,2026080526,6966.0,3128.0,0
no_vax_enh_ops,180,126,2026080526,307.0,134.0,0
vax_base_ops,180,126,2026080526,2580.0,1099.0,16491
vax_enh_ops,180,126,2026080526,290.0,123.0,17064
comm_base_40,180,126,2026080526,760.0,301.0,40000
comm_base_60,180,126,2026080526,354.0,133.0,60000
no_vax_base_ops,90,124,2026080524,1939.0,885.0,0
no_vax_enh_ops,90,124,2026080524,263.0,123.0,0
vax_base_ops,90,124,2026080524,1636.0,731.0,7229
vax_enh_ops,90,124,2026080524,274.0,126.0,8223
comm_base_40,90,124,2026080524,685.0,292.0,40000
comm_base_60,90,124,2026080524,453.0,192.0,60000
no_vax_base_ops,180,124,2026080524,7536.0,3399.0,0
no_vax_enh_ops,180,124,2026080524,264.0,124.0,0
vax_base_ops,180,124,2026080524,3447.0,1498.0,15879
vax_enh_ops,180,124,2026080524,274.0,126.0,17167
comm_base_40,180,124,2026080524,793.9999999999999,336.0,40000
comm_base_60,180,124,2026080524,469.0,199.0,60000
no_vax_base_ops,90,128,2026080528,1322.0,596.0,0
no_vax_enh_ops,90,128,2026080528,241.99999999999997,112.99999999999999,0
vax_base_ops,90,128,2026080528,1112.0,494.0,6801
vax_enh_ops,90,128,2026080528,279.0,132.0,7964
comm_base_40,90,128,2026080528,368.0,167.0,40000
comm_base_60,90,128,2026080528,268.0,117.0,60000
no_vax_base_ops,180,128,2026080528,4529.0,2012.9999999999998,0
no_vax_enh_ops,180,128,2026080528,241.99999999999997,112.99999999999999,0
vax_base_ops,180,128,2026080528,2526.0,1091.0,15561
vax_enh_ops,180,128,2026080528,279.0,132.0,16924
comm_base_40,180,128,2026080528,403.0,182.0,40000
comm_base_60,180,128,2026080528,277.0,122.0,60000
no_vax_base_ops,90,127,2026080527,1495.0,691.0,0
no_vax_enh_ops,90,127,2026080527,254.00000000000003,128.0,0
vax_base_ops,90,127,2026080527,1393.0,623.0,7317
vax_enh_ops,90,127,2026080527,197.0,92.0,7984
comm_base_40,90,127,2026080527,492.0,241.99999999999997,40000
comm_base_60,90,127,2026080527,325.0,135.0,60000
no_vax_base_ops,180,127,2026080527,4700.0,2136.0,0
no_vax_enh_ops,180,127,2026080527,300.0,144.0,0
vax_base_ops,180,127,2026080527,3243.9999999999995,1413.0,16004
vax_enh_ops,180,127,2026080527,198.0,92.0,16958
comm_base_40,180,127,2026080527,698.0,317.0,40000
comm_base_60,180,127,2026080527,325.0,135.0,60000
no_vax_base_ops,90,125,2026080525,2776.0,1274.0,0
no_vax_enh_ops,90,125,2026080525,277.0,130.0,0
vax_base_ops,90,125,2026080525,2266.0,1020.0000000000001,6455
vax_enh_ops,90,125,2026080525,274.0,120.99999999999999,8022
comm_base_40,90,125,2026080525,646.0,288.0,40000
comm_base_60,90,125,2026080525,379.0,164.0,60000
no_vax_base_ops,180,125,2026080525,9558.0,4368.0,0
no_vax_enh_ops,180,125,2026080525,277.0,130.0,0
vax_base_ops,180,125,2026080525,4975.0,2181.0,14918
vax_enh_ops,180,125,2026080525,282.0,124.0,17003
comm_base_40,180,125,2026080525,827.9999999999999,363.0,40000
comm_base_60,180,125,2026080525,430.0,185.0,60000
no_vax_base_ops,90,129,2026080529,2020.9999999999998,878.0,0
no_vax_enh_ops,90,129,2026080529,279.0,112.99999999999999,0
vax_base_ops,90,129,2026080529,1966.0,831.0,7309
vax_enh_ops,90,129,2026080529,262.0,105.0,8155
comm_base_40,90,129,2026080529,886.0,360.0,40000
comm_base_60,90,129,2026080529,495.00000000000006,178.0,60000
no_vax_base_ops,180,129,2026080529,6922.0,3148.9999999999995,0
no_vax_enh_ops,180,129,2026080529,279.0,112.99999999999999,0
vax_base_ops,180,129,2026080529,3725.0,1615.0000000000002,15878
vax_enh_ops,180,129,2026080529,262.0,105.0,17097
comm_base_40,180,129,2026080529,1261.0,514.0,40000
comm_base_60,180,129,2026080529,535.0,193.0,60000
no_vax_base_ops,90,130,2026080530,1603.9999999999998,733.0,0
no_vax_enh_ops,90,130,2026080530,174.0,76.0,0
vax_base_ops,90,130,2026080530,1446.0,635.0,6198
vax_enh_ops,90,130,2026080530,168.0,75.0,7905
comm_base_40,90,130,2026080530,518.0,217.0,40000
comm_base_60,90,130,2026080530,308.0,120.99999999999999,60000
no_vax_base_ops,180,130,2026080530,5547.0,2494.0,0
no_vax_enh_ops,180,130,2026080530,180.0,80.0,0
vax_base_ops,180,130,2026080530,3050.0,1318.0,14902
vax_enh_ops,180,130,2026080530,168.0,75.0,14706
comm_base_40,180,130,2026080530,666.0,285.0,40000
comm_base_60,180,130,2026080530,356.0,141.0,60000
no_vax_base_ops,90,131,2026080531,1676.0,789.0,0
no_vax_enh_ops,90,131,2026080531,264.0,110.0,0
vax_base_ops,90,131,2026080531,1425.0,646.0,7032
vax_enh_ops,90,131,2026080531,241.99999999999997,95.0,8222
comm_base_40,90,131,2026080531,622.0,269.0,40000
comm_base_60,90,131,2026080531,394.0,159.0,60000
no_vax_base_ops,180,131,2026080531,5965.0,2762.0,0
no_vax_enh_ops,180,131,2026080531,286.0,124.0,0
vax_base_ops,180,131,2026080531,2713.0,1214.0,15748
vax_enh_ops,180,131,2026080531,255.00000000000003,102.00000000000001,17184
comm_base_40,180,131,2026080531,731.0,329.0,40000
comm_base_60,180,131,2026080531,440.0,175.0,60000
no_vax_base_ops,90,134,2026080534,1407.0,664.0,0
no_vax_enh_ops,90,134,2026080534,286.0,136.0,0
vax_base_ops,90,134,2026080534,988.0,447.0,7350
vax_enh_ops,90,134,2026080534,259.0,122.0,8148
comm_base_40,90,134,2026080534,543.0,244.0,40000
comm_base_60,90,134,2026080534,296.0,120.99999999999999,60000
no_vax_base_ops,180,134,2026080534,4479.0,2045.0,0
no_vax_enh_ops,180,134,2026080534,291.0,139.0,0
vax_base_ops,180,134,2026080534,2061.0,925.0,16157
vax_enh_ops,180,134,2026080534,263.0,124.0,17094
comm_base_40,180,134,2026080534,606.0,270.0,40000
comm_base_60,180,134,2026080534,297.0,122.0,60000
no_vax_base_ops,90,135,2026080535,1672.9999999999998,740.0,0
no_vax_enh_ops,90,135,2026080535,298.0,137.0,0
vax_base_ops,90,135,2026080535,1564.0,683.0,6254
vax_enh_ops,90,135,2026080535,247.0,111.99999999999999,8311
comm_base_40,90,135,2026080535,599.0,244.0,40000
comm_base_60,90,135,2026080535,379.0,153.0,60000
no_vax_base_ops,180,135,2026080535,5436.0,2511.0,0
no_vax_enh_ops,180,135,2026080535,315.0,143.0,0
vax_base_ops,180,135,2026080535,2752.0,1218.0,14946
vax_enh_ops,180,135,2026080535,249.0,111.99999999999999,17225
comm_base_40,180,135,2026080535,714.0,287.0,40000
comm_base_60,180,135,2026080535,379.0,153.0,60000
no_vax_base_ops,90,133,2026080533,1742.0000000000002,797.0,0
no_vax_enh_ops,90,133,2026080533,340.0,154.0,0
vax_base_ops,90,133,2026080533,1474.0,666.0,6981
vax_enh_ops,90,133,2026080533,300.0,131.0,7742
comm_base_40,90,133,2026080533,553.0,231.0,40000
comm_base_60,90,133,2026080533,402.0,168.0,60000
no_vax_base_ops,180,133,2026080533,6233.0,2806.0,0
no_vax_enh_ops,180,133,2026080533,340.0,154.0,0
vax_base_ops,180,133,2026080533,3047.0,1352.0,15706
vax_enh_ops,180,133,2026080533,308.0,136.0,16691
comm_base_40,180,133,2026080533,766.0,325.0,40000
comm_base_60,180,133,2026080533,437.0,182.0,60000
no_vax_base_ops,90,132,2026080532,2200.0,1001.0,0
no_vax_enh_ops,90,132,2026080532,301.0,141.0,0
vax_base_ops,90,132,2026080532,1722.0,752.0,7905
vax_enh_ops,90,132,2026080532,265.0,115.0,8200
comm_base_40,90,132,2026080532,730.0,317.0,40000
comm_base_60,90,132,2026080532,415.99999999999994,181.0,60000
no_vax_base_ops,180,132,2026080532,7990.0,3662.0,0
no_vax_enh_ops,180,132,2026080532,301.0,141.0,0
vax_base_ops,180,132,2026080532,3317.0,1443.0,16554
vax_enh_ops,180,132,2026080532,270.0,119.99999999999999,17159
comm_base_40,180,132,2026080532,876.0,372.0,40000
comm_base_60,180,132,2026080532,430.99999999999994,184.0,60000
no_vax_base_ops,90,136,2026080536,1635.0,782.0,0
no_vax_enh_ops,90,136,2026080536,408.00000000000006,199.0,0
vax_base_ops,90,136,2026080536,1321.0,623.0,6962
vax_enh_ops,90,136,2026080536,350.0,175.0,7929
comm_base_40,90,136,2026080536,683.0,300.0,40000
comm_base_60,90,136,2026080536,432.99999999999994,190.0,60000
no_vax_base_ops,180,136,2026080536,6447.0,2986.0,0
no_vax_enh_ops,180,136,2026080536,420.0,204.00000000000003,0
vax_base_ops,180,136,2026080536,2332.0,1071.0,15714
vax_enh_ops,180,136,2026080536,351.0,176.0,16870
comm_base_40,180,136,2026080536,967.9999999999999,427.00000000000006,40000
comm_base_60,180,136,2026080536,462.0,201.0,60000
no_vax_base_ops,90,137,2026080537,2127.0,1020.0000000000001,0
no_vax_enh_ops,90,137,2026080537,342.0,147.0,0
vax_base_ops,90,137,2026080537,1634.0,772.0,7449
vax_enh_ops,90,137,2026080537,320.0,137.0,8273
comm_base_40,90,137,2026080537,631.0,272.0,40000
comm_base_60,90,137,2026080537,415.0,158.0,60000
no_vax_base_ops,180,137,2026080537,6535.000000000001,3005.0,0
no_vax_enh_ops,180,137,2026080537,348.0,150.0,0
vax_base_ops,180,137,2026080537,3114.0,1409.0,16108
vax_enh_ops,180,137,2026080537,326.0,139.0,17258
comm_base_40,180,137,2026080537,706.0,312.0,40000
comm_base_60,180,137,2026080537,444.00000000000006,167.0,60000
no_vax_base_ops,90,139,2026080539,1506.0,706.0,0
no_vax_enh_ops,90,139,2026080539,344.0,155.0,0
vax_base_ops,90,139,2026080539,996.0,464.0,6683
vax_enh_ops,90,139,2026080539,239.00000000000003,106.0,8116
comm_base_40,90,139,2026080539,442.00000000000006,189.0,40000
comm_base_60,90,139,2026080539,306.0,122.0,60000
no_vax_base_ops,180,139,2026080539,5580.0,2621.0,0
no_vax_enh_ops,180,139,2026080539,350.0,157.0,0
vax_base_ops,180,139,2026080539,1848.0,848.9999999999999,15492
vax_enh_ops,180,139,2026080539,239.00000000000003,106.0,17065
comm_base_40,180,139,2026080539,573.0,247.0,40000
comm_base_60,180,139,2026080539,335.0,131.0,60000
no_vax_base_ops,90,138,2026080538,2315.0,1042.0,0
no_vax_enh_ops,90,138,2026080538,349.0,152.0,0
vax_base_ops,90,138,2026080538,1522.0,681.0,7545
vax_enh_ops,90,138,2026080538,333.0,147.0,8027
comm_base_40,90,138,2026080538,617.0,253.0,40000
comm_base_60,90,138,2026080538,366.0,141.0,60000
no_vax_base_ops,180,138,2026080538,7568.999999999999,3385.0,0
no_vax_enh_ops,180,138,2026080538,349.0,152.0,0
vax_base_ops,180,138,2026080538,3002.0,1312.0,16306
vax_enh_ops,180,138,2026080538,336.0,147.0,16978
comm_base_40,180,138,2026080538,842.0,352.0,40000
comm_base_60,180,138,2026080538,378.0,145.0,60000
no_vax_base_ops,90,142,2026080542,1651.0,767.0,0
no_vax_enh_ops,90,142,2026080542,299.0,128.0,0
vax_base_ops,90,142,2026080542,1464.0,677.0,7292
vax_enh_ops,90,142,2026080542,307.0,130.0,8160
comm_base_40,90,142,2026080542,556.0,244.0,40000
comm_base_60,90,142,2026080542,383.0,152.0,60000
no_vax_base_ops,180,142,2026080542,6087.0,2777.0,0
no_vax_enh_ops,180,142,2026080542,299.0,128.0,0
vax_base_ops,180,142,2026080542,3215.0,1424.0,15899
vax_enh_ops,180,142,2026080542,310.0,131.0,17092
comm_base_40,180,142,2026080542,775.0,347.0,40000
comm_base_60,180,142,2026080542,409.0,166.0,60000
no_vax_base_ops,90,141,2026080541,1807.9999999999998,806.0,0
no_vax_enh_ops,90,141,2026080541,368.0,178.0,0
vax_base_ops,90,141,2026080541,1257.0,548.0,6888
vax_enh_ops,90,141,2026080541,342.0,162.0,7997
comm_base_40,90,141,2026080541,696.0,309.0,40000
comm_base_60,90,141,2026080541,439.0,192.0,60000
no_vax_base_ops,180,141,2026080541,5134.0,2309.0,0
no_vax_enh_ops,180,141,2026080541,415.0,200.0,0
vax_base_ops,180,141,2026080541,2076.0,898.0,15681
vax_enh_ops,180,141,2026080541,348.0,166.0,16937
comm_base_40,180,141,2026080541,844.9999999999999,363.0,40000
comm_base_60,180,141,2026080541,466.99999999999994,203.0,60000
no_vax_base_ops,90,140,2026080540,2882.0,1321.0,0
no_vax_enh_ops,90,140,2026080540,333.0,165.0,0
vax_base_ops,90,140,2026080540,1924.0,865.0,6898
vax_enh_ops,90,140,2026080540,197.0,97.0,8216
comm_base_40,90,140,2026080540,624.0,269.0,40000
comm_base_60,90,140,2026080540,489.0,205.00000000000003,60000
no_vax_base_ops,180,140,2026080540,11287.0,5084.0,0
no_vax_enh_ops,180,140,2026080540,345.0,169.0,0
vax_base_ops,180,140,2026080540,3499.0,1546.0,15463
vax_enh_ops,180,140,2026080540,202.0,100.0,17202
comm_base_40,180,140,2026080540,716.0,315.0,40000
comm_base_60,180,140,2026080540,541.0,222.00000000000003,60000
no_vax_base_ops,90,143,2026080543,2228.0,1003.0000000000001,0
no_vax_enh_ops,90,143,2026080543,385.0,174.0,0
vax_base_ops,90,143,2026080543,1278.0,562.0,7284
vax_enh_ops,90,143,2026080543,354.0,155.0,7819
comm_base_40,90,143,2026080543,682.0,279.0,40000
comm_base_60,90,143,2026080543,308.0,117.0,60000
no_vax_base_ops,180,143,2026080543,7228.0,3307.0,0
no_vax_enh_ops,180,143,2026080543,415.99999999999994,183.0,0
vax_base_ops,180,143,2026080543,2124.0,914.0,16049
vax_enh_ops,180,143,2026080543,363.0,161.0,16788
comm_base_40,180,143,2026080543,882.9999999999999,363.0,40000
comm_base_60,180,143,2026080543,330.0,127.00000000000001,60000
no_vax_base_ops,90,144,2026080544,1842.9999999999998,878.9999999999999,0
no_vax_enh_ops,90,144,2026080544,358.0,164.0,0
vax_base_ops,90,144,2026080544,1793.0000000000002,827.9999999999999,6711
vax_enh_ops,90,144,2026080544,260.0,120.99999999999999,8073
comm_base_40,90,144,2026080544,616.0,270.0,40000
comm_base_60,90,144,2026080544,471.0,203.0,60000
no_vax_base_ops,180,144,2026080544,5909.0,2744.0,0
no_vax_enh_ops,180,144,2026080544,393.00000000000006,185.0,0
vax_base_ops,180,144,2026080544,3623.0,1638.9999999999998,15286
vax_enh_ops,180,144,2026080544,260.0,120.99999999999999,17016
comm_base_40,180,144,2026080544,762.0,338.0,40000
comm_base_60,180,144,2026080544,496.99999999999994,215.0,60000
no_vax_base_ops,90,145,2026080545,1626.0,746.0,0
no_vax_enh_ops,90,145,2026080545,249.0,112.99999999999999,0
vax_base_ops,90,145,2026080545,1406.0,626.0,6664
vax_enh_ops,90,145,2026080545,206.00000000000003,96.0,8373
comm_base_40,90,145,2026080545,578.0,249.0,40000
comm_base_60,90,145,2026080545,270.0,111.00000000000001,60000
no_vax_base_ops,180,145,2026080545,5945.0,2718.0,0
no_vax_enh_ops,180,145,2026080545,249.0,112.99999999999999,0
vax_base_ops,180,145,2026080545,2882.0,1261.0,15380
vax_enh_ops,180,145,2026080545,206.00000000000003,96.0,15279
comm_base_40,180,145,2026080545,740.0,321.0,40000
comm_base_60,180,145,2026080545,310.0,125.0,60000
no_vax_base_ops,90,146,2026080546,1934.0,869.9999999999999,0
no_vax_enh_ops,90,146,2026080546,273.0,119.00000000000001,0
vax_base_ops,90,146,2026080546,1249.0,570.0,7197
vax_enh_ops,90,146,2026080546,229.0,98.0,8089
comm_base_40,90,146,2026080546,735.0,303.0,40000
comm_base_60,90,146,2026080546,421.0,163.0,60000
no_vax_base_ops,180,146,2026080546,6201.0,2780.0,0
no_vax_enh_ops,180,146,2026080546,275.0,119.99999999999999,0
vax_base_ops,180,146,2026080546,2004.9999999999998,878.0,16019
vax_enh_ops,180,146,2026080546,229.0,98.0,17041
comm_base_40,180,146,2026080546,918.0000000000001,384.0,40000
comm_base_60,180,146,2026080546,441.0,171.0,60000
no_vax_base_ops,90,147,2026080547,2006.0000000000002,878.9999999999999,0
no_vax_enh_ops,90,147,2026080547,246.0,122.0,0
vax_base_ops,90,147,2026080547,1519.0,655.0,6532
vax_enh_ops,90,147,2026080547,214.0,103.00000000000001,7855
comm_base_40,90,147,2026080547,699.0,304.0,40000
comm_base_60,90,147,2026080547,462.0,205.00000000000003,60000
no_vax_base_ops,180,147,2026080547,7375.0,3369.0,0
no_vax_enh_ops,180,147,2026080547,246.0,122.0,0
vax_base_ops,180,147,2026080547,3300.0,1415.0,15229
vax_enh_ops,180,147,2026080547,216.0,103.99999999999999,15662
comm_base_40,180,147,2026080547,959.0,406.0,40000
comm_base_60,180,147,2026080547,487.0,214.0,60000
no_vax_base_ops,90,148,2026080548,1594.0,734.0,0
no_vax_enh_ops,90,148,2026080548,206.00000000000003,89.0,0
vax_base_ops,90,148,2026080548,1255.0,554.0,6885
vax_enh_ops,90,148,2026080548,214.0,87.0,8000
comm_base_40,90,148,2026080548,556.0,235.0,40000
comm_base_60,90,148,2026080548,370.0,145.0,60000
no_vax_base_ops,180,148,2026080548,5199.0,2387.0,0
no_vax_enh_ops,180,148,2026080548,206.00000000000003,89.0,0
vax_base_ops,180,148,2026080548,2421.0,1041.0,15623
vax_enh_ops,180,148,2026080548,214.0,87.0,16978
comm_base_40,180,148,2026080548,737.0,320.0,40000
comm_base_60,180,148,2026080548,391.0,156.0,60000
no_vax_base_ops,90,152,2026080552,1366.0,567.0,0
no_vax_enh_ops,90,152,2026080552,255.00000000000003,114.0,0
vax_base_ops,90,152,2026080552,1091.0,451.0,6447
vax_enh_ops,90,152,2026080552,219.0,97.0,7859
comm_base_40,90,152,2026080552,483.0,191.0,40000
comm_base_60,90,152,2026080552,297.0,116.0,60000
no_vax_base_ops,180,152,2026080552,4561.0,2071.0,0
no_vax_enh_ops,180,152,2026080552,265.0,118.0,0
vax_base_ops,180,152,2026080552,2075.0,873.0,15210
vax_enh_ops,180,152,2026080552,224.99999999999997,99.0,16816
comm_base_40,180,152,2026080552,617.0,241.99999999999997,40000
comm_base_60,180,152,2026080552,313.0,119.99999999999999,60000
no_vax_base_ops,90,151,2026080551,1705.0,770.0,0
no_vax_enh_ops,90,151,2026080551,305.0,151.0,0
vax_base_ops,90,151,2026080551,1422.0,638.0,6776
vax_enh_ops,90,151,2026080551,238.00000000000003,114.0,8028
comm_base_40,90,151,2026080551,618.0,263.0,40000
comm_base_60,90,151,2026080551,430.99999999999994,174.0,60000
no_vax_base_ops,180,151,2026080551,6138.0,2770.0,0
no_vax_enh_ops,180,151,2026080551,305.0,151.0,0
vax_base_ops,180,151,2026080551,2973.0,1300.0,15452
vax_enh_ops,180,151,2026080551,238.00000000000003,114.0,16979
comm_base_40,180,151,2026080551,704.0,300.0,40000
comm_base_60,180,151,2026080551,457.0,183.0,60000
no_vax_base_ops,90,153,2026080553,1335.0,588.0,0
no_vax_enh_ops,90,153,2026080553,211.0,103.00000000000001,0
vax_base_ops,90,153,2026080553,1083.0,479.0,6689
vax_enh_ops,90,153,2026080553,247.0,118.0,7991
comm_base_40,90,153,2026080553,436.0,200.0,40000
comm_base_60,90,153,2026080553,331.0,137.0,60000
no_vax_base_ops,180,153,2026080553,5570.0,2465.0,0
no_vax_enh_ops,180,153,2026080553,211.0,103.00000000000001,0
vax_base_ops,180,153,2026080553,2760.0,1211.0,15440
vax_enh_ops,180,153,2026080553,248.0,119.00000000000001,16980
comm_base_40,180,153,2026080553,708.0,316.0,40000
comm_base_60,180,153,2026080553,339.0,143.0,60000
no_vax_base_ops,90,150,2026080550,2836.0,1334.0,0
no_vax_enh_ops,90,150,2026080550,299.0,150.0,0
vax_base_ops,90,150,2026080550,2256.0,1040.0,7453
vax_enh_ops,90,150,2026080550,255.00000000000003,125.0,8077
comm_base_40,90,150,2026080550,638.0,279.0,40000
comm_base_60,90,150,2026080550,481.99999999999994,201.0,60000
no_vax_base_ops,180,150,2026080550,10105.0,4700.0,0
no_vax_enh_ops,180,150,2026080550,305.0,153.0,0
vax_base_ops,180,150,2026080550,4491.0,2014.0000000000002,15931
vax_enh_ops,180,150,2026080550,255.00000000000003,125.0,17055
comm_base_40,180,150,2026080550,743.0,318.0,40000
comm_base_60,180,150,2026080550,537.0,224.99999999999997,60000
no_vax_base_ops,90,149,2026080549,2687.0,1251.0,0
no_vax_enh_ops,90,149,2026080549,346.0,165.0,0
vax_base_ops,90,149,2026080549,1907.0,886.0,7094
vax_enh_ops,90,149,2026080549,366.0,176.0,8108
comm_base_40,90,149,2026080549,867.0000000000001,408.00000000000006,40000
comm_base_60,90,149,2026080549,595.0,257.0,60000
no_vax_base_ops,180,149,2026080549,8220.0,3742.0,0
no_vax_enh_ops,180,149,2026080549,350.0,168.0,0
vax_base_ops,180,149,2026080549,3410.0,1522.0,15704
vax_enh_ops,180,149,2026080549,366.0,176.0,17068
comm_base_40,180,149,2026080549,1092.0,515.0,40000
comm_base_60,180,149,2026080549,655.0,279.0,60000
no_vax_base_ops,90,154,2026080554,2687.0,1205.0,0
no_vax_enh_ops,90,154,2026080554,344.0,156.0,0
vax_base_ops,90,154,2026080554,2083.0,903.9999999999999,6647
vax_enh_ops,90,154,2026080554,265.0,123.0,8191
comm_base_40,90,154,2026080554,792.0,339.0,40000
comm_base_60,90,154,2026080554,446.00000000000006,174.0,60000
no_vax_base_ops,180,154,2026080554,8742.0,3896.9999999999995,0
no_vax_enh_ops,180,154,2026080554,366.0,162.0,0
vax_base_ops,180,154,2026080554,3633.9999999999995,1586.0,15202
vax_enh_ops,180,154,2026080554,265.0,123.0,17166
comm_base_40,180,154,2026080554,1038.0,430.0,40000
comm_base_60,180,154,2026080554,511.0,203.0,60000
no_vax_base_ops,90,155,2026080555,2043.0,954.0,0
no_vax_enh_ops,90,155,2026080555,354.0,172.0,0
vax_base_ops,90,155,2026080555,1540.0,685.0,7260
vax_enh_ops,90,155,2026080555,291.0,139.0,8355
comm_base_40,90,155,2026080555,650.0,284.0,40000
comm_base_60,90,155,2026080555,532.0,234.0,60000
no_vax_base_ops,180,155,2026080555,6605.0,3041.0,0
no_vax_enh_ops,180,155,2026080555,362.0,176.0,0
vax_base_ops,180,155,2026080555,2882.0,1297.0,16005
vax_enh_ops,180,155,2026080555,291.0,139.0,17337
comm_base_40,180,155,2026080555,823.0,351.0,40000
comm_base_60,180,155,2026080555,553.0,243.0,60000
no_vax_base_ops,90,157,2026080557,1541.0,716.0,0
no_vax_enh_ops,90,157,2026080557,200.0,100.0,0
vax_base_ops,90,157,2026080557,1511.0,683.0,8072
vax_enh_ops,90,157,2026080557,187.0,92.0,8165
comm_base_40,90,157,2026080557,585.0,244.0,40000
comm_base_60,90,157,2026080557,337.0,142.0,60000
no_vax_base_ops,180,157,2026080557,4824.0,2229.0,0
no_vax_enh_ops,180,157,2026080557,202.0,102.00000000000001,0
vax_base_ops,180,157,2026080557,3032.0,1335.0,16728
vax_enh_ops,180,157,2026080557,200.0,99.0,17131
comm_base_40,180,157,2026080557,770.0,338.0,40000
comm_base_60,180,157,2026080557,347.0,146.0,60000
no_vax_base_ops,90,156,2026080556,1948.0,867.0000000000001,0
no_vax_enh_ops,90,156,2026080556,432.99999999999994,192.0,0
vax_base_ops,90,156,2026080556,1264.0,534.0,8023
vax_enh_ops,90,156,2026080556,376.0,164.0,8191
comm_base_40,90,156,2026080556,652.0,273.0,40000
comm_base_60,90,156,2026080556,359.0,143.0,60000
no_vax_base_ops,180,156,2026080556,6573.0,2961.0,0
no_vax_enh_ops,180,156,2026080556,432.99999999999994,192.0,0
vax_base_ops,180,156,2026080556,2317.0,984.0,16782
vax_enh_ops,180,156,2026080556,376.0,164.0,17137
comm_base_40,180,156,2026080556,869.0,352.0,40000
comm_base_60,180,156,2026080556,382.0,152.0,60000
no_vax_base_ops,90,160,2026080560,1970.9999999999998,871.0000000000001,0
no_vax_enh_ops,90,160,2026080560,259.0,105.0,0
vax_base_ops,90,160,2026080560,1281.0,544.0,7284
vax_enh_ops,90,160,2026080560,284.0,108.0,8138
comm_base_40,90,160,2026080560,754.0,298.0,40000
comm_base_60,90,160,2026080560,405.0,146.0,60000
no_vax_base_ops,180,160,2026080560,5892.0,2648.0,0
no_vax_enh_ops,180,160,2026080560,262.0,105.0,0
vax_base_ops,180,160,2026080560,2165.0,925.0,16059
vax_enh_ops,180,160,2026080560,284.0,108.0,17093
comm_base_40,180,160,2026080560,1021.0,398.99999999999994,40000
comm_base_60,180,160,2026080560,445.0,164.0,60000
no_vax_base_ops,90,158,2026080558,1383.0,622.0,0
no_vax_enh_ops,90,158,2026080558,273.0,123.0,0
vax_base_ops,90,158,2026080558,1434.0,611.0,7550
vax_enh_ops,90,158,2026080558,272.0,120.99999999999999,8153
comm_base_40,90,158,2026080558,648.0,287.0,40000
comm_base_60,90,158,2026080558,302.0,126.0,60000
no_vax_base_ops,180,158,2026080558,4454.0,1978.9999999999998,0
no_vax_enh_ops,180,158,2026080558,274.0,124.0,0
vax_base_ops,180,158,2026080558,2880.0,1225.0,16264
vax_enh_ops,180,158,2026080558,276.0,122.0,17114
comm_base_40,180,158,2026080558,799.0000000000001,350.0,40000
comm_base_60,180,158,2026080558,330.0,135.0,60000
no_vax_base_ops,90,159,2026080559,2194.0,993.0,0
no_vax_enh_ops,90,159,2026080559,312.0,150.0,0
vax_base_ops,90,159,2026080559,1189.0,537.0,6960
vax_enh_ops,90,159,2026080559,274.0,132.0,7921
comm_base_40,90,159,2026080559,702.0,312.0,40000
comm_base_60,90,159,2026080559,453.0,187.0,60000
no_vax_base_ops,180,159,2026080559,7507.999999999999,3409.0,0
no_vax_enh_ops,180,159,2026080559,318.0,153.0,0
vax_base_ops,180,159,2026080559,2024.0,878.0,15771
vax_enh_ops,180,159,2026080559,279.0,134.0,16883
comm_base_40,180,159,2026080559,848.9999999999999,376.0,40000
comm_base_60,180,159,2026080559,507.0,212.0,60000
no_vax_base_ops,90,161,2026080561,1984.0,929.9999999999999,0
no_vax_enh_ops,90,161,2026080561,386.0,177.0,0
vax_base_ops,90,161,2026080561,1455.0,656.0,7485
vax_enh_ops,90,161,2026080561,315.0,144.0,7925
comm_base_40,90,161,2026080561,738.0,312.0,40000
comm_base_60,90,161,2026080561,408.00000000000006,162.0,60000
no_vax_base_ops,180,161,2026080561,5599.0,2528.0,0
no_vax_enh_ops,180,161,2026080561,396.99999999999994,180.0,0
vax_base_ops,180,161,2026080561,3128.0,1385.0,16164
vax_enh_ops,180,161,2026080561,315.0,144.0,16919
comm_base_40,180,161,2026080561,986.0000000000001,429.00000000000006,40000
comm_base_60,180,161,2026080561,434.99999999999994,177.0,60000
no_vax_base_ops,90,162,2026080562,1685.0,767.0,0
no_vax_enh_ops,90,162,2026080562,275.0,126.0,0
vax_base_ops,90,162,2026080562,1541.0,684.0,6785
vax_enh_ops,90,162,2026080562,272.0,119.00000000000001,8041
comm_base_40,90,162,2026080562,707.0,290.0,40000
comm_base_60,90,162,2026080562,462.0,187.0,60000
no_vax_base_ops,180,162,2026080562,6286.999999999999,2798.0,0
no_vax_enh_ops,180,162,2026080562,275.0,126.0,0
vax_base_ops,180,162,2026080562,3212.0000000000005,1382.0,15424
vax_enh_ops,180,162,2026080562,275.0,119.99999999999999,16985
comm_base_40,180,162,2026080562,848.9999999999999,356.0,40000
comm_base_60,180,162,2026080562,519.0,213.0,60000
no_vax_base_ops,90,163,2026080563,2098.0,945.0,0
no_vax_enh_ops,90,163,2026080563,270.0,109.0,0
vax_base_ops,90,163,2026080563,1682.0000000000002,710.0,7155
vax_enh_ops,90,163,2026080563,273.0,110.0,7977
comm_base_40,90,163,2026080563,684.0,252.0,40000
comm_base_60,90,163,2026080563,436.0,159.0,60000
no_vax_base_ops,180,163,2026080563,6811.0,3079.0,0
no_vax_enh_ops,180,163,2026080563,271.0,110.0,0
vax_base_ops,180,163,2026080563,3280.0000000000005,1397.0,15815
vax_enh_ops,180,163,2026080563,273.0,110.0,16934
comm_base_40,180,163,2026080563,823.0,325.0,40000
comm_base_60,180,163,2026080563,440.0,161.0,60000
no_vax_base_ops,90,164,2026080564,1650.0,758.0,0
no_vax_enh_ops,90,164,2026080564,259.0,118.0,0
vax_base_ops,90,164,2026080564,1218.0,548.0,6597
vax_enh_ops,90,164,2026080564,182.0,79.0,7945
comm_base_40,90,164,2026080564,502.0,204.00000000000003,40000
comm_base_60,90,164,2026080564,404.0,157.0,60000
no_vax_base_ops,180,164,2026080564,6709.0,3011.0,0
no_vax_enh_ops,180,164,2026080564,265.0,120.99999999999999,0
vax_base_ops,180,164,2026080564,2209.0,973.0000000000001,15360
vax_enh_ops,180,164,2026080564,182.0,79.0,16907
comm_base_40,180,164,2026080564,614.0,248.0,40000
comm_base_60,180,164,2026080564,479.0,187.0,60000
no_vax_base_ops,90,165,2026080565,2186.0,976.9999999999999,0
no_vax_enh_ops,90,165,2026080565,246.0,105.0,0
vax_base_ops,90,165,2026080565,1649.0000000000002,697.0,7338
vax_enh_ops,90,165,2026080565,291.0,126.0,8152
comm_base_40,90,165,2026080565,881.0,345.0,40000
comm_base_60,90,165,2026080565,486.0,177.0,60000
no_vax_base_ops,180,165,2026080565,7759.000000000001,3505.0,0
no_vax_enh_ops,180,165,2026080565,246.0,105.0,0
vax_base_ops,180,165,2026080565,3496.0,1525.0,16015
vax_enh_ops,180,165,2026080565,296.0,129.0,17083
comm_base_40,180,165,2026080565,1183.0,464.0,40000
comm_base_60,180,165,2026080565,532.0,194.0,60000
no_vax_base_ops,90,168,2026080568,1994.0,956.0000000000001,0
no_vax_enh_ops,90,168,2026080568,250.0,131.0,0
vax_base_ops,90,168,2026080568,1381.0,652.0,7744
vax_enh_ops,90,168,2026080568,180.0,94.0,8268
comm_base_40,90,168,2026080568,681.0,306.0,40000
comm_base_60,90,168,2026080568,398.0,180.0,60000
no_vax_base_ops,180,168,2026080568,7141.0,3277.0,0
no_vax_enh_ops,180,168,2026080568,254.00000000000003,132.0,0
vax_base_ops,180,168,2026080568,2556.0,1195.0,16517
vax_enh_ops,180,168,2026080568,180.0,94.0,17213
comm_base_40,180,168,2026080568,861.9999999999999,390.0,40000
comm_base_60,180,168,2026080568,449.99999999999994,202.0,60000
no_vax_base_ops,90,166,2026080566,1989.0000000000002,895.9999999999999,0
no_vax_enh_ops,90,166,2026080566,286.0,132.0,0
vax_base_ops,90,166,2026080566,1388.0,597.0,7236
vax_enh_ops,90,166,2026080566,289.0,130.0,7992
comm_base_40,90,166,2026080566,781.0,325.0,40000
comm_base_60,90,166,2026080566,466.99999999999994,188.0,60000
no_vax_base_ops,180,166,2026080566,6974.0,3173.9999999999995,0
no_vax_enh_ops,180,166,2026080566,296.0,135.0,0
vax_base_ops,180,166,2026080566,2361.0,1020.0000000000001,15981
vax_enh_ops,180,166,2026080566,294.0,132.0,16976
comm_base_40,180,166,2026080566,949.0,400.99999999999994,40000
comm_base_60,180,166,2026080566,507.0,201.0,60000
no_vax_base_ops,90,167,2026080567,1976.0,948.0000000000001,0
no_vax_enh_ops,90,167,2026080567,404.0,182.0,0
vax_base_ops,90,167,2026080567,1643.0,757.0,6948
vax_enh_ops,90,167,2026080567,349.0,153.0,7979
comm_base_40,90,167,2026080567,717.0,313.0,40000
comm_base_60,90,167,2026080567,460.0,194.0,60000
no_vax_base_ops,180,167,2026080567,7231.999999999999,3370.9999999999995,0
no_vax_enh_ops,180,167,2026080567,415.99999999999994,190.0,0
vax_base_ops,180,167,2026080567,2739.0,1265.0,15657
vax_enh_ops,180,167,2026080567,361.0,160.0,16893
comm_base_40,180,167,2026080567,805.0,354.0,40000
comm_base_60,180,167,2026080567,496.99999999999994,206.00000000000003,60000
no_vax_base_ops,90,169,2026080569,2365.0,1096.0,0
no_vax_enh_ops,90,169,2026080569,351.0,163.0,0
vax_base_ops,90,169,2026080569,1902.9999999999998,859.0,7533
vax_enh_ops,90,169,2026080569,355.0,160.0,8109
comm_base_40,90,169,2026080569,804.0,347.0,40000
comm_base_60,90,169,2026080569,476.00000000000006,195.0,60000
no_vax_base_ops,180,169,2026080569,7151.0,3318.9999999999995,0
no_vax_enh_ops,180,169,2026080569,352.0,163.0,0
vax_base_ops,180,169,2026080569,3562.0,1597.0000000000002,16133
vax_enh_ops,180,169,2026080569,355.0,160.0,17066
comm_base_40,180,169,2026080569,1001.9999999999999,428.0,40000
comm_base_60,180,169,2026080569,496.0,206.99999999999997,60000
no_vax_base_ops,90,171,2026080571,1586.0,752.0,0
no_vax_enh_ops,90,171,2026080571,259.0,133.0,0
vax_base_ops,90,171,2026080571,1233.0,569.0,7085
vax_enh_ops,90,171,2026080571,241.99999999999997,127.00000000000001,7801
comm_base_40,90,171,2026080571,487.0,228.0,40000
comm_base_60,90,171,2026080571,353.0,166.0,60000
no_vax_base_ops,180,171,2026080571,5349.0,2459.0,0
no_vax_enh_ops,180,171,2026080571,259.0,133.0,0
vax_base_ops,180,171,2026080571,2257.0,992.0,15877
vax_enh_ops,180,171,2026080571,244.0,128.0,16765
comm_base_40,180,171,2026080571,620.0,283.0,40000
comm_base_60,180,171,2026080571,383.0,180.0,60000
no_vax_base_ops,90,172,2026080572,1053.0,470.0,0
no_vax_enh_ops,90,172,2026080572,199.0,89.0,0
vax_base_ops,90,172,2026080572,1068.0,461.00000000000006,6945
vax_enh_ops,90,172,2026080572,224.99999999999997,98.0,7980
comm_base_40,90,172,2026080572,424.0,180.0,40000
comm_base_60,90,172,2026080572,253.0,102.00000000000001,60000
no_vax_base_ops,180,172,2026080572,4776.0,2148.0,0
no_vax_enh_ops,180,172,2026080572,202.0,91.0,0
vax_base_ops,180,172,2026080572,2265.0,990.0000000000001,15780
vax_enh_ops,180,172,2026080572,224.99999999999997,98.0,16968
comm_base_40,180,172,2026080572,586.0,244.0,40000
comm_base_60,180,172,2026080572,253.0,102.00000000000001,60000
no_vax_base_ops,90,170,2026080570,1850.0,818.9999999999999,0
no_vax_enh_ops,90,170,2026080570,298.0,133.0,0
vax_base_ops,90,170,2026080570,1562.0,668.0,7024
vax_enh_ops,90,170,2026080570,261.0,112.99999999999999,8079
comm_base_40,90,170,2026080570,639.0,265.0,40000
comm_base_60,90,170,2026080570,398.99999999999994,157.0,60000
no_vax_base_ops,180,170,2026080570,6587.999999999999,2884.0,0
no_vax_enh_ops,180,170,2026080570,310.0,137.0,0
vax_base_ops,180,170,2026080570,3135.0000000000005,1330.0,15693
vax_enh_ops,180,170,2026080570,261.0,112.99999999999999,17085
comm_base_40,180,170,2026080570,704.0,300.0,40000
comm_base_60,180,170,2026080570,405.0,160.0,60000
no_vax_base_ops,90,175,2026080575,1532.0,693.0,0
no_vax_enh_ops,90,175,2026080575,253.0,127.00000000000001,0
vax_base_ops,90,175,2026080575,954.0,429.00000000000006,7488
vax_enh_ops,90,175,2026080575,244.0,124.0,8386
comm_base_40,90,175,2026080575,869.9999999999999,378.0,40000
comm_base_60,90,175,2026080575,445.0,188.0,60000
no_vax_base_ops,180,175,2026080575,5745.0,2584.0,0
no_vax_enh_ops,180,175,2026080575,257.0,127.00000000000001,0
vax_base_ops,180,175,2026080575,1727.0,753.0,16304
vax_enh_ops,180,175,2026080575,252.0,124.0,17359
comm_base_40,180,175,2026080575,1139.0,469.0,40000
comm_base_60,180,175,2026080575,502.0,214.0,60000
no_vax_base_ops,90,174,2026080574,1851.9999999999998,818.9999999999999,0
no_vax_enh_ops,90,174,2026080574,343.0,148.0,0
vax_base_ops,90,174,2026080574,1573.0,685.0,7550
vax_enh_ops,90,174,2026080574,304.0,134.0,7767
comm_base_40,90,174,2026080574,693.0,282.0,40000
comm_base_60,90,174,2026080574,442.00000000000006,177.0,60000
no_vax_base_ops,180,174,2026080574,6425.0,2881.0,0
no_vax_enh_ops,180,174,2026080574,353.0,152.0,0
vax_base_ops,180,174,2026080574,2776.0,1199.0,16258
vax_enh_ops,180,174,2026080574,306.0,135.0,16664
comm_base_40,180,174,2026080574,949.0,390.0,40000
comm_base_60,180,174,2026080574,486.0,192.0,60000
no_vax_base_ops,90,173,2026080573,2418.0,1093.0,0
no_vax_enh_ops,90,173,2026080573,361.0,156.0,0
vax_base_ops,90,173,2026080573,1510.0,662.0,7289
vax_enh_ops,90,173,2026080573,413.0,178.0,8073
comm_base_40,90,173,2026080573,596.0,239.00000000000003,40000
comm_base_60,90,173,2026080573,415.99999999999994,162.0,60000
no_vax_base_ops,180,173,2026080573,8261.0,3697.0000000000005,0
no_vax_enh_ops,180,173,2026080573,362.0,157.0,0
vax_base_ops,180,173,2026080573,2798.0,1232.0,16020
vax_enh_ops,180,173,2026080573,417.0,180.0,17012
comm_base_40,180,173,2026080573,698.0,283.0,40000
comm_base_60,180,173,2026080573,430.99999999999994,169.0,60000
no_vax_base_ops,90,177,2026080577,1743.0,763.0,0
no_vax_enh_ops,90,177,2026080577,237.00000000000003,103.99999999999999,0
vax_base_ops,90,177,2026080577,1211.0,512.0,7597
vax_enh_ops,90,177,2026080577,224.99999999999997,98.0,8079
comm_base_40,90,177,2026080577,655.0,269.0,40000
comm_base_60,90,177,2026080577,390.0,143.0,60000
no_vax_base_ops,180,177,2026080577,6397.0,2938.0,0
no_vax_enh_ops,180,177,2026080577,237.00000000000003,103.99999999999999,0
vax_base_ops,180,177,2026080577,2724.0,1169.0,16325
vax_enh_ops,180,177,2026080577,225.99999999999997,98.0,17016
comm_base_40,180,177,2026080577,958.0,377.0,40000
comm_base_60,180,177,2026080577,458.0,171.0,60000
no_vax_base_ops,90,176,2026080576,2409.0,1094.0,0
no_vax_enh_ops,90,176,2026080576,459.00000000000006,195.0,0
vax_base_ops,90,176,2026080576,2007.0,897.0,7014
vax_enh_ops,90,176,2026080576,355.0,139.0,7929
comm_base_40,90,176,2026080576,839.0,332.0,40000
comm_base_60,90,176,2026080576,545.0,202.0,60000
no_vax_base_ops,180,176,2026080576,8727.0,3977.0,0
no_vax_enh_ops,180,176,2026080576,475.0,202.0,0
vax_base_ops,180,176,2026080576,4077.0,1790.9999999999998,15538
vax_enh_ops,180,176,2026080576,364.0,144.0,16888
comm_base_40,180,176,2026080576,1038.0,428.0,40000
comm_base_60,180,176,2026080576,613.0,228.0,60000
no_vax_base_ops,90,180,2026080580,1444.0,648.0,0
no_vax_enh_ops,90,180,2026080580,360.0,140.0,0
vax_base_ops,90,180,2026080580,1332.0,565.0,6662
vax_enh_ops,90,180,2026080580,335.0,128.0,7960
comm_base_40,90,180,2026080580,632.0,249.0,40000
comm_base_60,90,180,2026080580,280.0,103.99999999999999,60000
no_vax_base_ops,180,180,2026080580,4259.0,1914.0,0
no_vax_enh_ops,180,180,2026080580,371.0,145.0,0
vax_base_ops,180,180,2026080580,2489.0,1087.0,15355
vax_enh_ops,180,180,2026080580,338.0,130.0,16930
comm_base_40,180,180,2026080580,865.9999999999999,350.0,40000
comm_base_60,180,180,2026080580,285.0,105.0,60000
no_vax_base_ops,90,178,2026080578,2437.0,1107.0,0
no_vax_enh_ops,90,178,2026080578,382.0,172.0,0
vax_base_ops,90,178,2026080578,1533.0,660.0,7949
vax_enh_ops,90,178,2026080578,364.0,161.0,8357
comm_base_40,90,178,2026080578,678.0,279.0,40000
comm_base_60,90,178,2026080578,498.0,197.0,60000
no_vax_base_ops,180,178,2026080578,7373.0,3288.0,0
no_vax_enh_ops,180,178,2026080578,386.0,176.0,0
vax_base_ops,180,178,2026080578,2743.0,1203.0,16647
vax_enh_ops,180,178,2026080578,366.0,162.0,17292
comm_base_40,180,178,2026080578,799.0000000000001,332.0,40000
comm_base_60,180,178,2026080578,523.0,206.99999999999997,60000
no_vax_base_ops,90,179,2026080579,2105.0,955.0,0
no_vax_enh_ops,90,179,2026080579,314.0,149.0,0
vax_base_ops,90,179,2026080579,1475.0,667.0,7052
vax_enh_ops,90,179,2026080579,262.0,118.0,8037
comm_base_40,90,179,2026080579,681.0,296.0,40000
comm_base_60,90,179,2026080579,512.0,215.0,60000
no_vax_base_ops,180,179,2026080579,7328.0,3343.9999999999995,0
no_vax_enh_ops,180,179,2026080579,315.0,150.0,0
vax_base_ops,180,179,2026080579,2671.0,1174.0,15719
vax_enh_ops,180,179,2026080579,262.0,118.0,16998
comm_base_40,180,179,2026080579,1022.0,449.99999999999994,40000
comm_base_60,180,179,2026080579,546.0,224.99999999999997,60000
no_vax_base_ops,90,183,2026080583,1178.0,538.0,0
no_vax_enh_ops,90,183,2026080583,232.0,111.99999999999999,0
vax_base_ops,90,183,2026080583,1124.0,506.0,7347
vax_enh_ops,90,183,2026080583,197.0,96.0,7912
comm_base_40,90,183,2026080583,559.0,249.0,40000
comm_base_60,90,183,2026080583,283.0,122.0,60000
no_vax_base_ops,180,183,2026080583,4493.0,2088.0,0
no_vax_enh_ops,180,183,2026080583,239.99999999999997,116.0,0
vax_base_ops,180,183,2026080583,2389.0,1052.0,16109
vax_enh_ops,180,183,2026080583,197.0,96.0,16906
comm_base_40,180,183,2026080583,717.0,313.0,40000
comm_base_60,180,183,2026080583,310.0,136.0,60000
no_vax_base_ops,90,181,2026080581,1901.0,861.0,0
no_vax_enh_ops,90,181,2026080581,366.0,166.0,0
vax_base_ops,90,181,2026080581,1092.0,498.0,7311
vax_enh_ops,90,181,2026080581,292.0,124.0,7996
comm_base_40,90,181,2026080581,464.0,185.0,40000
comm_base_60,90,181,2026080581,326.0,120.99999999999999,60000
no_vax_base_ops,180,181,2026080581,6721.000000000001,3077.0,0
no_vax_enh_ops,180,181,2026080581,375.0,169.0,0
vax_base_ops,180,181,2026080581,2118.0,937.0,16104
vax_enh_ops,180,181,2026080581,292.0,124.0,16941
comm_base_40,180,181,2026080581,583.0,241.99999999999997,40000
comm_base_60,180,181,2026080581,333.0,123.0,60000
no_vax_base_ops,90,182,2026080582,2018.0,916.9999999999999,0
no_vax_enh_ops,90,182,2026080582,274.0,110.0,0
vax_base_ops,90,182,2026080582,1747.0,771.0,6832
vax_enh_ops,90,182,2026080582,258.0,102.00000000000001,8084
comm_base_40,90,182,2026080582,515.0,197.0,40000
comm_base_60,90,182,2026080582,426.0,159.0,60000
no_vax_base_ops,180,182,2026080582,7971.0,3561.0000000000005,0
no_vax_enh_ops,180,182,2026080582,287.0,115.0,0
vax_base_ops,180,182,2026080582,4052.9999999999995,1773.0,15446
vax_enh_ops,180,182,2026080582,268.0,106.0,17032
comm_base_40,180,182,2026080582,705.0,270.0,40000
comm_base_60,180,182,2026080582,487.0,183.0,60000
no_vax_base_ops,90,184,2026080584,1375.0,616.0,0
no_vax_enh_ops,90,184,2026080584,339.0,149.0,0
vax_base_ops,90,184,2026080584,1092.0,461.00000000000006,6971
vax_enh_ops,90,184,2026080584,351.0,153.0,7864
comm_base_40,90,184,2026080584,440.0,174.0,40000
comm_base_60,90,184,2026080584,349.0,133.0,60000
no_vax_base_ops,180,184,2026080584,5278.0,2434.0,0
no_vax_enh_ops,180,184,2026080584,340.0,149.0,0
vax_base_ops,180,184,2026080584,2230.0,966.0,15758
vax_enh_ops,180,184,2026080584,357.0,154.0,16810
comm_base_40,180,184,2026080584,605.0,245.0,40000
comm_base_60,180,184,2026080584,400.0,152.0,60000
no_vax_base_ops,90,185,2026080585,1850.9999999999998,850.0000000000001,0
no_vax_enh_ops,90,185,2026080585,288.0,147.0,0
vax_base_ops,90,185,2026080585,1420.0,653.0,6931
vax_enh_ops,90,185,2026080585,241.99999999999997,126.0,7880
comm_base_40,90,185,2026080585,515.0,227.0,40000
comm_base_60,90,185,2026080585,309.0,138.0,60000
no_vax_base_ops,180,185,2026080585,4963.0,2295.0,0
no_vax_enh_ops,180,185,2026080585,310.0,155.0,0
vax_base_ops,180,185,2026080585,2874.0,1266.0,15667
vax_enh_ops,180,185,2026080585,241.99999999999997,126.0,16855
comm_base_40,180,185,2026080585,618.0,275.0,40000
comm_base_60,180,185,2026080585,329.0,144.0,60000
no_vax_base_ops,90,186,2026080586,1756.9999999999998,784.0,0
no_vax_enh_ops,90,186,2026080586,258.0,108.0,0
vax_base_ops,90,186,2026080586,1132.0,496.99999999999994,7754
vax_enh_ops,90,186,2026080586,227.0,93.0,8128
comm_base_40,90,186,2026080586,511.0,199.0,40000
comm_base_60,90,186,2026080586,298.0,111.99999999999999,60000
no_vax_base_ops,180,186,2026080586,5585.0,2518.0,0
no_vax_enh_ops,180,186,2026080586,275.0,117.0,0
vax_base_ops,180,186,2026080586,2177.0,939.0000000000001,16542
vax_enh_ops,180,186,2026080586,227.0,93.0,17103
comm_base_40,180,186,2026080586,575.0,234.0,40000
comm_base_60,180,186,2026080586,298.0,111.99999999999999,60000
no_vax_base_ops,90,187,2026080587,1692.0,762.0,0
no_vax_enh_ops,90,187,2026080587,252.0,106.0,0
vax_base_ops,90,187,2026080587,1329.0,580.0,7225
vax_enh_ops,90,187,2026080587,250.0,103.00000000000001,7926
comm_base_40,90,187,2026080587,571.0,239.99999999999997,40000
comm_base_60,90,187,2026080587,413.0,168.0,60000
no_vax_base_ops,180,187,2026080587,5250.0,2407.0,0
no_vax_enh_ops,180,187,2026080587,257.0,107.0,0
vax_base_ops,180,187,2026080587,2728.0,1203.0,15887
vax_enh_ops,180,187,2026080587,250.0,103.00000000000001,16925
comm_base_40,180,187,2026080587,707.0,303.0,40000
comm_base_60,180,187,2026080587,442.00000000000006,176.0,60000
no_vax_base_ops,90,188,2026080588,2032.0000000000002,884.0000000000001,0
no_vax_enh_ops,90,188,2026080588,298.0,138.0,0
vax_base_ops,90,188,2026080588,1595.9999999999998,688.0,7100
vax_enh_ops,90,188,2026080588,265.0,119.99999999999999,8295
comm_base_40,90,188,2026080588,556.0,232.0,40000
comm_base_60,90,188,2026080588,407.0,160.0,60000
no_vax_base_ops,180,188,2026080588,8287.0,3784.0,0
no_vax_enh_ops,180,188,2026080588,298.0,138.0,0
vax_base_ops,180,188,2026080588,2952.0,1291.0,15784
vax_enh_ops,180,188,2026080588,265.0,119.99999999999999,17265
comm_base_40,180,188,2026080588,747.0,308.0,40000
comm_base_60,180,188,2026080588,415.99999999999994,167.0,60000
no_vax_base_ops,90,191,2026080591,1439.0,637.0,0
no_vax_enh_ops,90,191,2026080591,280.0,118.0,0
vax_base_ops,90,191,2026080591,1041.0,444.00000000000006,7503
vax_enh_ops,90,191,2026080591,278.0,114.0,8079
comm_base_40,90,191,2026080591,716.0,285.0,40000
comm_base_60,90,191,2026080591,412.00000000000006,146.0,60000
no_vax_base_ops,180,191,2026080591,4725.0,2147.0,0
no_vax_enh_ops,180,191,2026080591,280.0,118.0,0
vax_base_ops,180,191,2026080591,1756.9999999999998,746.0,16287
vax_enh_ops,180,191,2026080591,278.0,114.0,17054
comm_base_40,180,191,2026080591,906.0,365.0,40000
comm_base_60,180,191,2026080591,473.0,171.0,60000
no_vax_base_ops,90,190,2026080590,1737.0,781.0,0
no_vax_enh_ops,90,190,2026080590,241.99999999999997,112.99999999999999,0
vax_base_ops,90,190,2026080590,1556.0,681.0,7768
vax_enh_ops,90,190,2026080590,207.99999999999997,94.0,8342
comm_base_40,90,190,2026080590,628.0,272.0,40000
comm_base_60,90,190,2026080590,412.00000000000006,167.0,60000
no_vax_base_ops,180,190,2026080590,6465.0,2915.0,0
no_vax_enh_ops,180,190,2026080590,243.0,112.99999999999999,0
vax_base_ops,180,190,2026080590,2981.0,1274.0,16487
vax_enh_ops,180,190,2026080590,230.0,103.00000000000001,17300
comm_base_40,180,190,2026080590,737.0,321.0,40000
comm_base_60,180,190,2026080590,425.00000000000006,171.0,60000
no_vax_base_ops,90,192,2026080592,1794.0,793.9999999999999,0
no_vax_enh_ops,90,192,2026080592,294.0,119.99999999999999,0
vax_base_ops,90,192,2026080592,1232.0,525.0,7393
vax_enh_ops,90,192,2026080592,248.0,99.0,8023
comm_base_40,90,192,2026080592,755.0,308.0,40000
comm_base_60,90,192,2026080592,589.0,213.0,60000
no_vax_base_ops,180,192,2026080592,5645.0,2559.0,0
no_vax_enh_ops,180,192,2026080592,300.0,122.0,0
vax_base_ops,180,192,2026080592,2270.0,957.0,16188
vax_enh_ops,180,192,2026080592,248.0,99.0,16982
comm_base_40,180,192,2026080592,935.0000000000001,396.0,40000
comm_base_60,180,192,2026080592,621.0,223.99999999999997,60000
no_vax_base_ops,90,189,2026080589,2790.0,1255.0,0
no_vax_enh_ops,90,189,2026080589,321.0,139.0,0
vax_base_ops,90,189,2026080589,2064.0,914.0,7905
vax_enh_ops,90,189,2026080589,278.0,116.0,8180
comm_base_40,90,189,2026080589,970.0,420.0,40000
comm_base_60,90,189,2026080589,616.0,254.00000000000003,60000
no_vax_base_ops,180,189,2026080589,9574.0,4347.0,0
no_vax_enh_ops,180,189,2026080589,321.0,139.0,0
vax_base_ops,180,189,2026080589,4339.0,1887.0000000000002,16468
vax_enh_ops,180,189,2026080589,277.0,116.0,17131
comm_base_40,180,189,2026080589,1389.0,599.0,40000
comm_base_60,180,189,2026080589,663.0,274.0,60000
no_vax_base_ops,90,194,2026080594,2074.0,957.0,0
no_vax_enh_ops,90,194,2026080594,264.0,119.99999999999999,0
vax_base_ops,90,194,2026080594,1555.0,677.0,6446
vax_enh_ops,90,194,2026080594,233.0,103.00000000000001,8207
comm_base_40,90,194,2026080594,628.0,263.0,40000
comm_base_60,90,194,2026080594,353.0,147.0,60000
no_vax_base_ops,180,194,2026080594,6475.0,2973.0,0
no_vax_enh_ops,180,194,2026080594,264.0,119.99999999999999,0
vax_base_ops,180,194,2026080594,2963.0,1328.0,15162
vax_enh_ops,180,194,2026080594,233.0,103.00000000000001,17185
comm_base_40,180,194,2026080594,800.0,336.0,40000
comm_base_60,180,194,2026080594,367.0,156.0,60000
no_vax_base_ops,90,195,2026080595,1770.0,783.0,0
no_vax_enh_ops,90,195,2026080595,312.0,140.0,0
vax_base_ops,90,195,2026080595,1672.9999999999998,723.0,7183
vax_enh_ops,90,195,2026080595,239.99999999999997,98.0,8061
comm_base_40,90,195,2026080595,623.0,254.00000000000003,40000
comm_base_60,90,195,2026080595,427.00000000000006,168.0,60000
no_vax_base_ops,180,195,2026080595,5037.0,2268.0,0
no_vax_enh_ops,180,195,2026080595,312.0,140.0,0
vax_base_ops,180,195,2026080595,3263.0,1394.0,15814
vax_enh_ops,180,195,2026080595,239.99999999999997,98.0,17040
comm_base_40,180,195,2026080595,761.0,301.0,40000
comm_base_60,180,195,2026080595,459.00000000000006,181.0,60000
no_vax_base_ops,90,193,2026080593,2080.0,906.0,0
no_vax_enh_ops,90,193,2026080593,383.0,174.0,0
vax_base_ops,90,193,2026080593,1469.0,634.0,6829
vax_enh_ops,90,193,2026080593,339.0,150.0,8206
comm_base_40,90,193,2026080593,608.0,249.0,40000
comm_base_60,90,193,2026080593,421.0,172.0,60000
no_vax_base_ops,180,193,2026080593,7449.0,3338.0,0
no_vax_enh_ops,180,193,2026080593,383.0,174.0,0
vax_base_ops,180,193,2026080593,3189.0,1388.0,15542
vax_enh_ops,180,193,2026080593,339.0,150.0,17156
comm_base_40,180,193,2026080593,844.0,333.0,40000
comm_base_60,180,193,2026080593,425.00000000000006,172.0,60000
no_vax_base_ops,90,196,2026080596,2186.0,992.0,0
no_vax_enh_ops,90,196,2026080596,240.99999999999997,105.0,0
vax_base_ops,90,196,2026080596,1859.0,809.0,6934
vax_enh_ops,90,196,2026080596,220.0,94.0,8103
comm_base_40,90,196,2026080596,566.0,219.0,40000
comm_base_60,90,196,2026080596,442.00000000000006,166.0,60000
no_vax_base_ops,180,196,2026080596,7406.0,3345.0,0
no_vax_enh_ops,180,196,2026080596,240.99999999999997,105.0,0
vax_base_ops,180,196,2026080596,3437.0,1541.0,15574
vax_enh_ops,180,196,2026080596,220.0,94.0,17085
comm_base_40,180,196,2026080596,654.0,254.00000000000003,40000
comm_base_60,180,196,2026080596,505.0,187.0,60000
no_vax_base_ops,90,197,2026080597,1680.0,781.0,0
no_vax_enh_ops,90,197,2026080597,329.0,156.0,0
vax_base_ops,90,197,2026080597,1312.0,593.0,7478
vax_enh_ops,90,197,2026080597,274.0,119.99999999999999,8309
comm_base_40,90,197,2026080597,736.0,319.0,40000
comm_base_60,90,197,2026080597,348.0,138.0,60000
no_vax_base_ops,180,197,2026080597,4998.0,2289.0,0
no_vax_enh_ops,180,197,2026080597,343.0,164.0,0
vax_base_ops,180,197,2026080597,2738.0,1211.0,16182
vax_enh_ops,180,197,2026080597,276.0,120.99999999999999,17273
comm_base_40,180,197,2026080597,912.9999999999999,403.0,40000
comm_base_60,180,197,2026080597,350.0,138.0,60000
no_vax_base_ops,90,200,2026080600,1984.0,881.0,0
no_vax_enh_ops,90,200,2026080600,180.0,84.0,0
vax_base_ops,90,200,2026080600,1683.0000000000002,734.0,6838
vax_enh_ops,90,200,2026080600,185.0,84.0,8141
comm_base_40,90,200,2026080600,430.99999999999994,182.0,40000
comm_base_60,90,200,2026080600,348.0,142.0,60000
no_vax_base_ops,180,200,2026080600,6994.0,3159.0,0
no_vax_enh_ops,180,200,2026080600,180.0,84.0,0
vax_base_ops,180,200,2026080600,2799.0,1218.0,15495
vax_enh_ops,180,200,2026080600,185.0,84.0,17116
comm_base_40,180,200,2026080600,466.0,195.0,40000
comm_base_60,180,200,2026080600,357.0,146.0,60000
no_vax_base_ops,90,199,2026080599,2489.0,1099.0,0
no_vax_enh_ops,90,199,2026080599,330.0,134.0,0
vax_base_ops,90,199,2026080599,1620.9999999999998,680.0,7054
vax_enh_ops,90,199,2026080599,271.0,111.99999999999999,8309
comm_base_40,90,199,2026080599,712.0,281.0,40000
comm_base_60,90,199,2026080599,523.0,198.0,60000
no_vax_base_ops,180,199,2026080599,9201.0,4129.0,0
no_vax_enh_ops,180,199,2026080599,336.0,137.0,0
vax_base_ops,180,199,2026080599,3311.9999999999995,1425.0,15662
vax_enh_ops,180,199,2026080599,271.0,111.99999999999999,17268
comm_base_40,180,199,2026080599,931.0,366.0,40000
comm_base_60,180,199,2026080599,524.0,198.0,60000
no_vax_base_ops,90,198,2026080598,2428.0,1111.0,0
no_vax_enh_ops,90,198,2026080598,373.0,177.0,0
vax_base_ops,90,198,2026080598,1742.0000000000002,771.0,7505
vax_enh_ops,90,198,2026080598,445.0,202.0,8125
comm_base_40,90,198,2026080598,933.9999999999999,387.0,40000
comm_base_60,90,198,2026080598,515.0,213.0,60000
no_vax_base_ops,180,198,2026080598,8495.0,3857.0,0
no_vax_enh_ops,180,198,2026080598,388.0,185.0,0
vax_base_ops,180,198,2026080598,3646.0,1610.0,16124
vax_enh_ops,180,198,2026080598,447.99999999999994,202.0,17032
comm_base_40,180,198,2026080598,1057.0,445.0,40000
comm_base_60,180,198,2026080598,551.0,227.0,60000
no_vax_base_ops,90,204,2026080604,1166.0,526.0,0
no_vax_enh_ops,90,204,2026080604,245.0,106.0,0
vax_base_ops,90,204,2026080604,1010.9999999999999,447.0,7117
vax_enh_ops,90,204,2026080604,232.0,101.0,8084
comm_base_40,90,204,2026080604,597.0,255.00000000000003,40000
comm_base_60,90,204,2026080604,375.0,148.0,60000
no_vax_base_ops,180,204,2026080604,3606.0,1634.0,0
no_vax_enh_ops,180,204,2026080604,245.0,106.0,0
vax_base_ops,180,204,2026080604,1711.0,747.0,15932
vax_enh_ops,180,204,2026080604,238.00000000000003,103.00000000000001,17066
comm_base_40,180,204,2026080604,772.0,320.0,40000
comm_base_60,180,204,2026080604,415.99999999999994,164.0,60000
no_vax_base_ops,90,201,2026080601,2642.0,1223.0,0
no_vax_enh_ops,90,201,2026080601,214.0,97.0,0
vax_base_ops,90,201,2026080601,1795.0,822.0,7629
vax_enh_ops,90,201,2026080601,208.99999999999997,95.0,8181
comm_base_40,90,201,2026080601,646.0,288.0,40000
comm_base_60,90,201,2026080601,417.0,186.0,60000
no_vax_base_ops,180,201,2026080601,7731.0,3531.9999999999995,0
no_vax_enh_ops,180,201,2026080601,214.0,97.0,0
vax_base_ops,180,201,2026080601,3231.0,1434.0,16283
vax_enh_ops,180,201,2026080601,208.99999999999997,95.0,17122
comm_base_40,180,201,2026080601,899.0,408.00000000000006,40000
comm_base_60,180,201,2026080601,428.0,188.0,60000
no_vax_base_ops,90,203,2026080603,1820.0,791.0,0
no_vax_enh_ops,90,203,2026080603,225.99999999999997,93.0,0
vax_base_ops,90,203,2026080603,1324.0,577.0,7354
vax_enh_ops,90,203,2026080603,215.0,84.0,8157
comm_base_40,90,203,2026080603,797.9999999999999,337.0,40000
comm_base_60,90,203,2026080603,533.0,206.99999999999997,60000
no_vax_base_ops,180,203,2026080603,5608.0,2558.0,0
no_vax_enh_ops,180,203,2026080603,225.99999999999997,93.0,0
vax_base_ops,180,203,2026080603,2558.0,1071.0,16099
vax_enh_ops,180,203,2026080603,215.0,84.0,17134
comm_base_40,180,203,2026080603,965.0000000000001,406.0,40000
comm_base_60,180,203,2026080603,570.0,218.0,60000
no_vax_base_ops,90,202,2026080602,2440.0,1133.0,0
no_vax_enh_ops,90,202,2026080602,328.0,144.0,0
vax_base_ops,90,202,2026080602,1493.0,649.0,7528
vax_enh_ops,90,202,2026080602,274.0,112.99999999999999,8130
comm_base_40,90,202,2026080602,617.0,249.0,40000
comm_base_60,90,202,2026080602,445.0,169.0,60000
no_vax_base_ops,180,202,2026080602,8500.0,3866.0,0
no_vax_enh_ops,180,202,2026080602,330.0,145.0,0
vax_base_ops,180,202,2026080602,2632.0,1169.0,16296
vax_enh_ops,180,202,2026080602,274.0,112.99999999999999,17075
comm_base_40,180,202,2026080602,814.0,338.0,40000
comm_base_60,180,202,2026080602,483.0,183.0,60000
no_vax_base_ops,90,205,2026080605,2291.0,1030.0,0
no_vax_enh_ops,90,205,2026080605,241.99999999999997,109.0,0
vax_base_ops,90,205,2026080605,1567.0,696.0,7368
vax_enh_ops,90,205,2026080605,196.0,87.0,8123
comm_base_40,90,205,2026080605,728.0,306.0,40000
comm_base_60,90,205,2026080605,427.00000000000006,165.0,60000
no_vax_base_ops,180,205,2026080605,9598.0,4302.0,0
no_vax_enh_ops,180,205,2026080605,253.0,112.99999999999999,0
vax_base_ops,180,205,2026080605,2734.0,1183.0,16104
vax_enh_ops,180,205,2026080605,198.0,88.0,14461
comm_base_40,180,205,2026080605,869.0,368.0,40000
comm_base_60,180,205,2026080605,449.99999999999994,173.0,60000
no_vax_base_ops,90,207,2026080607,1541.0,711.0,0
no_vax_enh_ops,90,207,2026080607,169.0,80.0,0
vax_base_ops,90,207,2026080607,1067.0,481.0,6622
vax_enh_ops,90,207,2026080607,183.0,85.0,7997
comm_base_40,90,207,2026080607,517.0,227.0,40000
comm_base_60,90,207,2026080607,362.0,133.0,60000
no_vax_base_ops,180,207,2026080607,5608.0,2590.0,0
no_vax_enh_ops,180,207,2026080607,169.0,80.0,0
vax_base_ops,180,207,2026080607,1828.0,822.0,15419
vax_enh_ops,180,207,2026080607,200.0,91.0,16993
comm_base_40,180,207,2026080607,635.0,269.0,40000
comm_base_60,180,207,2026080607,372.0,137.0,60000
no_vax_base_ops,90,208,2026080608,1953.9999999999998,878.0,0
no_vax_enh_ops,90,208,2026080608,343.0,135.0,0
vax_base_ops,90,208,2026080608,1620.0,709.0,6858
vax_enh_ops,90,208,2026080608,268.0,101.0,7940
comm_base_40,90,208,2026080608,640.0,252.0,40000
comm_base_60,90,208,2026080608,449.0,166.0,60000
no_vax_base_ops,180,208,2026080608,6515.0,2943.0,0
no_vax_enh_ops,180,208,2026080608,344.0,135.0,0
vax_base_ops,180,208,2026080608,3990.0,1704.0,15532
vax_enh_ops,180,208,2026080608,269.0,101.0,16895
comm_base_40,180,208,2026080608,758.0,291.0,40000
comm_base_60,180,208,2026080608,476.00000000000006,181.0,60000
no_vax_base_ops,90,206,2026080606,2433.0,1101.0,0
no_vax_enh_ops,90,206,2026080606,218.0,99.0,0
vax_base_ops,90,206,2026080606,1941.0,844.0,7051
vax_enh_ops,90,206,2026080606,241.99999999999997,106.0,8219
comm_base_40,90,206,2026080606,806.0,341.0,40000
comm_base_60,90,206,2026080606,539.0,214.0,60000
no_vax_base_ops,180,206,2026080606,9812.0,4423.0,0
no_vax_enh_ops,180,206,2026080606,218.0,99.0,0
vax_base_ops,180,206,2026080606,4028.0000000000005,1725.0000000000002,15595
vax_enh_ops,180,206,2026080606,241.99999999999997,106.0,17171
comm_base_40,180,206,2026080606,1083.0,462.99999999999994,40000
comm_base_60,180,206,2026080606,601.0,240.99999999999997,60000
no_vax_base_ops,90,211,2026080611,1859.0,835.9999999999999,0
no_vax_enh_ops,90,211,2026080611,287.0,119.00000000000001,0
vax_base_ops,90,211,2026080611,1180.0,523.0,7438
vax_enh_ops,90,211,2026080611,284.0,116.0,7903
comm_base_40,90,211,2026080611,559.0,235.0,40000
comm_base_60,90,211,2026080611,352.0,132.0,60000
no_vax_base_ops,180,211,2026080611,6473.0,2909.0,0
no_vax_enh_ops,180,211,2026080611,297.0,120.99999999999999,0
vax_base_ops,180,211,2026080611,1925.0,820.0000000000001,16282
vax_enh_ops,180,211,2026080611,285.0,116.0,16864
comm_base_40,180,211,2026080611,676.0,289.0,40000
comm_base_60,180,211,2026080611,361.0,138.0,60000
no_vax_base_ops,90,210,2026080610,2346.0,1055.0,0
no_vax_enh_ops,90,210,2026080610,403.0,177.0,0
vax_base_ops,90,210,2026080610,2118.0,935.0000000000001,6653
vax_enh_ops,90,210,2026080610,310.0,130.0,8104
comm_base_40,90,210,2026080610,861.9999999999999,358.0,40000
comm_base_60,90,210,2026080610,481.99999999999994,195.0,60000
no_vax_base_ops,180,210,2026080610,8201.0,3781.0000000000005,0
no_vax_enh_ops,180,210,2026080610,406.0,178.0,0
vax_base_ops,180,210,2026080610,4397.0,1950.0,15242
vax_enh_ops,180,210,2026080610,311.0,130.0,17058
comm_base_40,180,210,2026080610,978.0,413.0,40000
comm_base_60,180,210,2026080610,495.00000000000006,197.0,60000
no_vax_base_ops,90,209,2026080609,2297.0,1027.0,0
no_vax_enh_ops,90,209,2026080609,355.0,158.0,0
vax_base_ops,90,209,2026080609,1550.0,650.0,6858
vax_enh_ops,90,209,2026080609,413.99999999999994,179.0,7898
comm_base_40,90,209,2026080609,889.0,352.0,40000
comm_base_60,90,209,2026080609,464.99999999999994,178.0,60000
no_vax_base_ops,180,209,2026080609,7453.999999999999,3317.0,0
no_vax_enh_ops,180,209,2026080609,364.0,162.0,0
vax_base_ops,180,209,2026080609,3252.0,1394.0,15496
vax_enh_ops,180,209,2026080609,413.0,178.0,16822
comm_base_40,180,209,2026080609,1145.0,447.99999999999994,40000
comm_base_60,180,209,2026080609,483.0,185.0,60000
no_vax_base_ops,90,212,2026080612,1754.0,817.0,0
no_vax_enh_ops,90,212,2026080612,403.0,184.0,0
vax_base_ops,90,212,2026080612,1464.0,671.0,7172
vax_enh_ops,90,212,2026080612,417.99999999999994,191.0,8168
comm_base_40,90,212,2026080612,677.0,292.0,40000
comm_base_60,90,212,2026080612,426.0,178.0,60000
no_vax_base_ops,180,212,2026080612,6418.0,2911.0,0
no_vax_enh_ops,180,212,2026080612,422.0,193.0,0
vax_base_ops,180,212,2026080612,2544.0,1131.0,15912
vax_enh_ops,180,212,2026080612,436.0,196.0,17109
comm_base_40,180,212,2026080612,884.0000000000001,386.0,40000
comm_base_60,180,212,2026080612,462.0,191.0,60000
no_vax_base_ops,90,214,2026080614,1425.0,663.0,0
no_vax_enh_ops,90,214,2026080614,239.00000000000003,94.0,0
vax_base_ops,90,214,2026080614,1108.0,487.0,6924
vax_enh_ops,90,214,2026080614,237.00000000000003,93.0,8060
comm_base_40,90,214,2026080614,716.0,296.0,40000
comm_base_60,90,214,2026080614,333.0,111.99999999999999,60000
no_vax_base_ops,180,214,2026080614,4560.0,2101.0,0
no_vax_enh_ops,180,214,2026080614,248.0,97.0,0
vax_base_ops,180,214,2026080614,2160.0,955.0,15694
vax_enh_ops,180,214,2026080614,249.0,97.0,17001
comm_base_40,180,214,2026080614,886.9999999999999,358.0,40000
comm_base_60,180,214,2026080614,343.0,114.0,60000
no_vax_base_ops,90,213,2026080613,1359.0,622.0,0
no_vax_enh_ops,90,213,2026080613,243.0,106.0,0
vax_base_ops,90,213,2026080613,1140.0,508.00000000000006,6871
vax_enh_ops,90,213,2026080613,237.00000000000003,102.00000000000001,8042
comm_base_40,90,213,2026080613,582.0,248.0,40000
comm_base_60,90,213,2026080613,334.0,127.00000000000001,60000
no_vax_base_ops,180,213,2026080613,4340.0,1981.0000000000002,0
no_vax_enh_ops,180,213,2026080613,243.0,106.0,0
vax_base_ops,180,213,2026080613,2107.0,925.9999999999999,15635
vax_enh_ops,180,213,2026080613,237.00000000000003,102.00000000000001,17028
comm_base_40,180,213,2026080613,705.0,298.0,40000
comm_base_60,180,213,2026080613,348.0,132.0,60000
no_vax_base_ops,90,215,2026080615,1394.0,669.0,0
no_vax_enh_ops,90,215,2026080615,231.0,108.0,0
vax_base_ops,90,215,2026080615,1295.0,597.0,6596
vax_enh_ops,90,215,2026080615,240.99999999999997,107.0,8160
comm_base_40,90,215,2026080615,545.0,227.0,40000
comm_base_60,90,215,2026080615,288.0,119.99999999999999,60000
no_vax_base_ops,180,215,2026080615,4478.0,2110.0,0
no_vax_enh_ops,180,215,2026080615,237.00000000000003,109.0,0
vax_base_ops,180,215,2026080615,2477.0,1127.0,15397
vax_enh_ops,180,215,2026080615,247.0,111.99999999999999,17128
comm_base_40,180,215,2026080615,701.0,296.0,40000
comm_base_60,180,215,2026080615,306.0,127.00000000000001,60000
no_vax_base_ops,90,220,2026080620,1395.0,646.0,0
no_vax_enh_ops,90,220,2026080620,237.00000000000003,108.0,0
vax_base_ops,90,220,2026080620,1083.0,486.0,7138
vax_enh_ops,90,220,2026080620,201.0,86.0,8030
comm_base_40,90,220,2026080620,393.00000000000006,161.0,40000
comm_base_60,90,220,2026080620,290.0,124.0,60000
no_vax_base_ops,180,220,2026080620,4642.0,2154.0,0
no_vax_enh_ops,180,220,2026080620,237.00000000000003,108.0,0
vax_base_ops,180,220,2026080620,2197.0,992.0,15908
vax_enh_ops,180,220,2026080620,201.0,86.0,16999
comm_base_40,180,220,2026080620,434.0,182.0,40000
comm_base_60,180,220,2026080620,293.0,125.0,60000
no_vax_base_ops,90,218,2026080618,1509.0,667.0,0
no_vax_enh_ops,90,218,2026080618,223.00000000000003,91.0,0
vax_base_ops,90,218,2026080618,1249.0,536.0,7367
vax_enh_ops,90,218,2026080618,208.99999999999997,85.0,8128
comm_base_40,90,218,2026080618,557.0,224.99999999999997,40000
comm_base_60,90,218,2026080618,297.0,111.99999999999999,60000
no_vax_base_ops,180,218,2026080618,5348.0,2453.0,0
no_vax_enh_ops,180,218,2026080618,223.99999999999997,92.0,0
vax_base_ops,180,218,2026080618,2276.0,988.0,16083
vax_enh_ops,180,218,2026080618,208.99999999999997,85.0,17098
comm_base_40,180,218,2026080618,658.0,269.0,40000
comm_base_60,180,218,2026080618,321.0,119.99999999999999,60000
no_vax_base_ops,90,216,2026080616,2536.0,1149.0,0
no_vax_enh_ops,90,216,2026080616,334.0,138.0,0
vax_base_ops,90,216,2026080616,1595.9999999999998,709.0,7440
vax_enh_ops,90,216,2026080616,335.0,135.0,8152
comm_base_40,90,216,2026080616,770.0,332.0,40000
comm_base_60,90,216,2026080616,583.0,239.00000000000003,60000
no_vax_base_ops,180,216,2026080616,8538.0,3848.0,0
no_vax_enh_ops,180,216,2026080616,340.0,144.0,0
vax_base_ops,180,216,2026080616,3163.0,1376.0,16108
vax_enh_ops,180,216,2026080616,335.0,135.0,17077
comm_base_40,180,216,2026080616,1127.0,485.0,40000
comm_base_60,180,216,2026080616,604.0,249.0,60000
no_vax_base_ops,90,219,2026080619,2130.0,959.9999999999999,0
no_vax_enh_ops,90,219,2026080619,207.99999999999997,90.0,0
vax_base_ops,90,219,2026080619,1390.0,611.0,7066
vax_enh_ops,90,219,2026080619,261.0,115.0,7927
comm_base_40,90,219,2026080619,693.0,286.0,40000
comm_base_60,90,219,2026080619,458.0,170.0,60000
no_vax_base_ops,180,219,2026080619,6567.000000000001,2964.0,0
no_vax_enh_ops,180,219,2026080619,207.99999999999997,90.0,0
vax_base_ops,180,219,2026080619,2700.0,1175.0,15821
vax_enh_ops,180,219,2026080619,267.0,115.0,16902
comm_base_40,180,219,2026080619,891.0,373.0,40000
comm_base_60,180,219,2026080619,487.0,182.0,60000
no_vax_base_ops,90,217,2026080617,1984.0,899.9999999999999,0
no_vax_enh_ops,90,217,2026080617,355.0,147.0,0
vax_base_ops,90,217,2026080617,1659.0,734.0,7467
vax_enh_ops,90,217,2026080617,358.0,144.0,8039
comm_base_40,90,217,2026080617,830.0,369.0,40000
comm_base_60,90,217,2026080617,479.99999999999994,187.0,60000
no_vax_base_ops,180,217,2026080617,7104.000000000001,3168.0,0
no_vax_enh_ops,180,217,2026080617,361.0,148.0,0
vax_base_ops,180,217,2026080617,3207.0,1383.0,16150
vax_enh_ops,180,217,2026080617,382.0,149.0,16950
comm_base_40,180,217,2026080617,1086.0,500.0,40000
comm_base_60,180,217,2026080617,502.0,198.0,60000
no_vax_base_ops,90,221,2026080621,1748.0,788.0,0
no_vax_enh_ops,90,221,2026080621,322.0,150.0,0
vax_base_ops,90,221,2026080621,1512.0,661.0,6973
vax_enh_ops,90,221,2026080621,265.0,123.0,8105
comm_base_40,90,221,2026080621,576.0,252.0,40000
comm_base_60,90,221,2026080621,320.0,140.0,60000
no_vax_base_ops,180,221,2026080621,5547.0,2508.0,0
no_vax_enh_ops,180,221,2026080621,338.0,159.0,0
vax_base_ops,180,221,2026080621,2929.0,1295.0,15641
vax_enh_ops,180,221,2026080621,266.0,123.0,17031
comm_base_40,180,221,2026080621,773.0,330.0,40000
comm_base_60,180,221,2026080621,330.0,145.0,60000
no_vax_base_ops,90,223,2026080623,1700.0000000000002,724.0,0
no_vax_enh_ops,90,223,2026080623,292.0,123.0,0
vax_base_ops,90,223,2026080623,1364.0,552.0,7740
vax_enh_ops,90,223,2026080623,245.0,99.0,8056
comm_base_40,90,223,2026080623,524.0,208.99999999999997,40000
comm_base_60,90,223,2026080623,350.0,137.0,60000
no_vax_base_ops,180,223,2026080623,5358.0,2343.0,0
no_vax_enh_ops,180,223,2026080623,308.0,127.00000000000001,0
vax_base_ops,180,223,2026080623,2764.0,1125.0,16464
vax_enh_ops,180,223,2026080623,245.0,99.0,17037
comm_base_40,180,223,2026080623,668.0,261.0,40000
comm_base_60,180,223,2026080623,355.0,138.0,60000
no_vax_base_ops,90,222,2026080622,2476.0,1143.0,0
no_vax_enh_ops,90,222,2026080622,268.0,137.0,0
vax_base_ops,90,222,2026080622,1710.0,775.0,7563
vax_enh_ops,90,222,2026080622,334.0,168.0,7969
comm_base_40,90,222,2026080622,786.0000000000001,343.0,40000
comm_base_60,90,222,2026080622,596.0,237.00000000000003,60000
no_vax_base_ops,180,222,2026080622,8525.0,3922.0,0
no_vax_enh_ops,180,222,2026080622,268.0,137.0,0
vax_base_ops,180,222,2026080622,3588.0,1620.0,16189
vax_enh_ops,180,222,2026080622,334.0,168.0,16902
comm_base_40,180,222,2026080622,874.0,375.0,40000
comm_base_60,180,222,2026080622,632.0,252.0,60000
no_vax_base_ops,90,224,2026080624,2448.0,1094.0,0
no_vax_enh_ops,90,224,2026080624,316.0,129.0,0
vax_base_ops,90,224,2026080624,1841.0,799.0000000000001,7693
vax_enh_ops,90,224,2026080624,307.0,125.0,8106
comm_base_40,90,224,2026080624,830.0,347.0,40000
comm_base_60,90,224,2026080624,651.0,254.00000000000003,60000
no_vax_base_ops,180,224,2026080624,9386.0,4232.0,0
no_vax_enh_ops,180,224,2026080624,316.0,129.0,0
vax_base_ops,180,224,2026080624,3777.0,1649.0000000000002,16367
vax_enh_ops,180,224,2026080624,308.0,126.0,17058
comm_base_40,180,224,2026080624,1092.0,460.0,40000
comm_base_60,180,224,2026080624,679.0,265.0,60000
no_vax_base_ops,90,225,2026080625,2327.0,1022.0,0
no_vax_enh_ops,90,225,2026080625,382.0,160.0,0
vax_base_ops,90,225,2026080625,1990.0,857.0,6679
vax_enh_ops,90,225,2026080625,296.0,123.0,7984
comm_base_40,90,225,2026080625,593.0,249.0,40000
comm_base_60,90,225,2026080625,602.0,235.0,60000
no_vax_base_ops,180,225,2026080625,6905.0,3108.0,0
no_vax_enh_ops,180,225,2026080625,387.0,161.0,0
vax_base_ops,180,225,2026080625,4009.0,1730.0,15270
vax_enh_ops,180,225,2026080625,306.0,128.0,16950
comm_base_40,180,225,2026080625,671.0,281.0,40000
comm_base_60,180,225,2026080625,649.0,253.0,60000
no_vax_base_ops,90,226,2026080626,1961.9999999999998,895.9999999999999,0
no_vax_enh_ops,90,226,2026080626,356.0,158.0,0
vax_base_ops,90,226,2026080626,1620.9999999999998,720.0,7191
vax_enh_ops,90,226,2026080626,327.0,142.0,8004
comm_base_40,90,226,2026080626,683.0,290.0,40000
comm_base_60,90,226,2026080626,458.0,180.0,60000
no_vax_base_ops,180,226,2026080626,6844.0,3132.9999999999995,0
no_vax_enh_ops,180,226,2026080626,357.0,158.0,0
vax_base_ops,180,226,2026080626,3631.0,1578.0,15859
vax_enh_ops,180,226,2026080626,327.0,142.0,16975
comm_base_40,180,226,2026080626,824.0000000000001,359.0,40000
comm_base_60,180,226,2026080626,459.00000000000006,180.0,60000
no_vax_base_ops,90,227,2026080627,1850.9999999999998,846.0,0
no_vax_enh_ops,90,227,2026080627,345.0,149.0,0
vax_base_ops,90,227,2026080627,1607.0,708.0,6952
vax_enh_ops,90,227,2026080627,237.00000000000003,94.0,7810
comm_base_40,90,227,2026080627,747.0,314.0,40000
comm_base_60,90,227,2026080627,393.00000000000006,154.0,60000
no_vax_base_ops,180,227,2026080627,6993.000000000001,3145.0,0
no_vax_enh_ops,180,227,2026080627,352.0,151.0,0
vax_base_ops,180,227,2026080627,3118.0,1380.0,15657
vax_enh_ops,180,227,2026080627,237.00000000000003,94.0,16786
comm_base_40,180,227,2026080627,1007.0000000000001,423.0,40000
comm_base_60,180,227,2026080627,421.0,167.0,60000
no_vax_base_ops,90,228,2026080628,1721.0,788.0,0
no_vax_enh_ops,90,228,2026080628,238.00000000000003,103.99999999999999,0
vax_base_ops,90,228,2026080628,1135.0,518.0,7529
vax_enh_ops,90,228,2026080628,278.0,118.0,8210
comm_base_40,90,228,2026080628,451.99999999999994,199.0,40000
comm_base_60,90,228,2026080628,259.0,103.99999999999999,60000
no_vax_base_ops,180,228,2026080628,6469.0,2967.0,0
no_vax_enh_ops,180,228,2026080628,238.00000000000003,103.99999999999999,0
vax_base_ops,180,228,2026080628,2210.0,991.0,16252
vax_enh_ops,180,228,2026080628,284.0,119.99999999999999,17149
comm_base_40,180,228,2026080628,563.0,244.0,40000
comm_base_60,180,228,2026080628,267.0,109.0,60000
no_vax_base_ops,90,229,2026080629,1382.0,612.0,0
no_vax_enh_ops,90,229,2026080629,300.0,129.0,0
vax_base_ops,90,229,2026080629,1133.0,464.99999999999994,7169
vax_enh_ops,90,229,2026080629,300.0,125.0,8233
comm_base_40,90,229,2026080629,514.0,202.0,40000
comm_base_60,90,229,2026080629,369.0,143.0,60000
no_vax_base_ops,180,229,2026080629,6073.0,2761.0,0
no_vax_enh_ops,180,229,2026080629,337.0,149.0,0
vax_base_ops,180,229,2026080629,2294.0,989.0,15977
vax_enh_ops,180,229,2026080629,308.0,131.0,17197
comm_base_40,180,229,2026080629,766.0,304.0,40000
comm_base_60,180,229,2026080629,398.0,154.0,60000
no_vax_base_ops,90,230,2026080630,1485.0,692.0,0
no_vax_enh_ops,90,230,2026080630,225.99999999999997,103.00000000000001,0
vax_base_ops,90,230,2026080630,1075.0,483.99999999999994,6731
vax_enh_ops,90,230,2026080630,174.0,77.0,8044
comm_base_40,90,230,2026080630,557.0,254.00000000000003,40000
comm_base_60,90,230,2026080630,457.0,196.0,60000
no_vax_base_ops,180,230,2026080630,5732.0,2618.0,0
no_vax_enh_ops,180,230,2026080630,231.0,106.0,0
vax_base_ops,180,230,2026080630,2291.0,1010.9999999999999,15489
vax_enh_ops,180,230,2026080630,183.0,82.0,16941
comm_base_40,180,230,2026080630,685.0,312.0,40000
comm_base_60,180,230,2026080630,472.0,201.0,60000
no_vax_base_ops,90,232,2026080632,1660.0,775.0,0
no_vax_enh_ops,90,232,2026080632,237.00000000000003,110.0,0
vax_base_ops,90,232,2026080632,1235.0,559.0,6071
vax_enh_ops,90,232,2026080632,233.0,107.0,8158
comm_base_40,90,232,2026080632,597.0,249.0,40000
comm_base_60,90,232,2026080632,284.0,110.0,60000
no_vax_base_ops,180,232,2026080632,6374.000000000001,2914.0,0
no_vax_enh_ops,180,232,2026080632,237.00000000000003,110.0,0
vax_base_ops,180,232,2026080632,2909.0,1276.0,14777
vax_enh_ops,180,232,2026080632,233.0,107.0,17106
comm_base_40,180,232,2026080632,709.0,297.0,40000
comm_base_60,180,232,2026080632,294.0,116.0,60000
no_vax_base_ops,90,231,2026080631,3241.0,1471.0,0
no_vax_enh_ops,90,231,2026080631,331.0,144.0,0
vax_base_ops,90,231,2026080631,2009.0,886.9999999999999,7593
vax_enh_ops,90,231,2026080631,249.0,101.0,8159
comm_base_40,90,231,2026080631,796.0,312.0,40000
comm_base_60,90,231,2026080631,498.99999999999994,185.0,60000
no_vax_base_ops,180,231,2026080631,10990.0,5028.0,0
no_vax_enh_ops,180,231,2026080631,331.0,144.0,0
vax_base_ops,180,231,2026080631,3622.0,1590.0,16131
vax_enh_ops,180,231,2026080631,249.0,101.0,17111
comm_base_40,180,231,2026080631,946.0,388.0,40000
comm_base_60,180,231,2026080631,521.0,190.0,60000
no_vax_base_ops,90,233,2026080633,1859.0,847.0,0
no_vax_enh_ops,90,233,2026080633,338.0,141.0,0
vax_base_ops,90,233,2026080633,1281.0,557.0,7599
vax_enh_ops,90,233,2026080633,247.0,96.0,8035
comm_base_40,90,233,2026080633,639.0,259.0,40000
comm_base_60,90,233,2026080633,354.0,135.0,60000
no_vax_base_ops,180,233,2026080633,6880.0,3139.0,0
no_vax_enh_ops,180,233,2026080633,350.0,147.0,0
vax_base_ops,180,233,2026080633,2237.0,971.0,16394
vax_enh_ops,180,233,2026080633,248.0,97.0,17027
comm_base_40,180,233,2026080633,790.0000000000001,321.0,40000
comm_base_60,180,233,2026080633,360.0,138.0,60000
no_vax_base_ops,90,234,2026080634,1547.0,710.0,0
no_vax_enh_ops,90,234,2026080634,221.00000000000003,106.0,0
vax_base_ops,90,234,2026080634,1079.0,479.0,6859
vax_enh_ops,90,234,2026080634,258.0,118.0,8154
comm_base_40,90,234,2026080634,619.0,259.0,40000
comm_base_60,90,234,2026080634,417.99999999999994,161.0,60000
no_vax_base_ops,180,234,2026080634,5438.0,2456.0,0
no_vax_enh_ops,180,234,2026080634,221.00000000000003,106.0,0
vax_base_ops,180,234,2026080634,1626.0,724.0,15676
vax_enh_ops,180,234,2026080634,260.0,118.0,17108
comm_base_40,180,234,2026080634,744.0,313.0,40000
comm_base_60,180,234,2026080634,438.0,168.0,60000
no_vax_base_ops,90,238,2026080638,1721.0,756.0,0
no_vax_enh_ops,90,238,2026080638,203.0,91.0,0
vax_base_ops,90,238,2026080638,946.0,412.00000000000006,6995
vax_enh_ops,90,238,2026080638,250.0,107.0,7825
comm_base_40,90,238,2026080638,519.0,202.0,40000
comm_base_60,90,238,2026080638,335.0,125.0,60000
no_vax_base_ops,180,238,2026080638,5540.0,2550.0,0
no_vax_enh_ops,180,238,2026080638,203.0,91.0,0
vax_base_ops,180,238,2026080638,1856.0,782.0,15797
vax_enh_ops,180,238,2026080638,250.0,107.0,16817
comm_base_40,180,238,2026080638,669.0,268.0,40000
comm_base_60,180,238,2026080638,354.0,132.0,60000
no_vax_base_ops,90,236,2026080636,1512.0,642.0,0
no_vax_enh_ops,90,236,2026080636,349.0,138.0,0
vax_base_ops,90,236,2026080636,1540.0,639.0,7782
vax_enh_ops,90,236,2026080636,264.0,111.00000000000001,8348
comm_base_40,90,236,2026080636,865.0,327.0,40000
comm_base_60,90,236,2026080636,542.0,194.0,60000
no_vax_base_ops,180,236,2026080636,4723.0,2166.0,0
no_vax_enh_ops,180,236,2026080636,359.0,142.0,0
vax_base_ops,180,236,2026080636,2551.0,1102.0,16536
vax_enh_ops,180,236,2026080636,264.0,111.00000000000001,17316
comm_base_40,180,236,2026080636,1067.0,406.0,40000
comm_base_60,180,236,2026080636,593.0,211.0,60000
no_vax_base_ops,90,235,2026080635,1992.0,906.0,0
no_vax_enh_ops,90,235,2026080635,405.0,184.0,0
vax_base_ops,90,235,2026080635,1634.0,736.0,6995
vax_enh_ops,90,235,2026080635,395.00000000000006,180.0,8029
comm_base_40,90,235,2026080635,696.0,295.0,40000
comm_base_60,90,235,2026080635,393.00000000000006,164.0,60000
no_vax_base_ops,180,235,2026080635,7810.0,3602.0000000000005,0
no_vax_enh_ops,180,235,2026080635,420.0,192.0,0
vax_base_ops,180,235,2026080635,2952.0,1322.0,15674
vax_enh_ops,180,235,2026080635,396.0,180.0,16954
comm_base_40,180,235,2026080635,807.0000000000001,345.0,40000
comm_base_60,180,235,2026080635,395.00000000000006,165.0,60000
no_vax_base_ops,90,237,2026080637,1905.0,912.9999999999999,0
no_vax_enh_ops,90,237,2026080637,286.0,135.0,0
vax_base_ops,90,237,2026080637,1717.0000000000002,809.0,6861
vax_enh_ops,90,237,2026080637,230.0,107.0,8114
comm_base_40,90,237,2026080637,760.0,349.0,40000
comm_base_60,90,237,2026080637,619.0,253.0,60000
no_vax_base_ops,180,237,2026080637,5400.0,2525.0,0
no_vax_enh_ops,180,237,2026080637,287.0,135.0,0
vax_base_ops,180,237,2026080637,3873.0,1753.0,15495
vax_enh_ops,180,237,2026080637,230.0,107.0,17086
comm_base_40,180,237,2026080637,980.9999999999999,446.00000000000006,40000
comm_base_60,180,237,2026080637,708.0,298.0,60000
no_vax_base_ops,90,239,2026080639,1127.0,512.0,0
no_vax_enh_ops,90,239,2026080639,327.0,154.0,0
vax_base_ops,90,239,2026080639,889.0,398.99999999999994,6828
vax_enh_ops,90,239,2026080639,306.0,141.0,8312
comm_base_40,90,239,2026080639,440.0,180.0,40000
comm_base_60,90,239,2026080639,341.0,144.0,60000
no_vax_base_ops,180,239,2026080639,4121.0,1866.0,0
no_vax_enh_ops,180,239,2026080639,334.0,155.0,0
vax_base_ops,180,239,2026080639,1771.0,782.0,15655
vax_enh_ops,180,239,2026080639,306.0,141.0,17292
comm_base_40,180,239,2026080639,612.0,255.00000000000003,40000
comm_base_60,180,239,2026080639,403.0,169.0,60000
no_vax_base_ops,90,241,2026080641,1440.0,651.0,0
no_vax_enh_ops,90,241,2026080641,224.99999999999997,103.00000000000001,0
vax_base_ops,90,241,2026080641,1070.0,481.0,6790
vax_enh_ops,90,241,2026080641,204.00000000000003,92.0,8093
comm_base_40,90,241,2026080641,440.0,187.0,40000
comm_base_60,90,241,2026080641,309.0,134.0,60000
no_vax_base_ops,180,241,2026080641,4673.0,2065.0,0
no_vax_enh_ops,180,241,2026080641,228.0,106.0,0
vax_base_ops,180,241,2026080641,2178.0,959.0,15575
vax_enh_ops,180,241,2026080641,206.99999999999997,94.0,17069
comm_base_40,180,241,2026080641,694.0,290.0,40000
comm_base_60,180,241,2026080641,312.0,135.0,60000
no_vax_base_ops,90,240,2026080640,2063.0,899.0,0
no_vax_enh_ops,90,240,2026080640,264.0,119.99999999999999,0
vax_base_ops,90,240,2026080640,1314.0,558.0,7060
vax_enh_ops,90,240,2026080640,244.0,106.0,8150
comm_base_40,90,240,2026080640,606.0,254.00000000000003,40000
comm_base_60,90,240,2026080640,412.00000000000006,164.0,60000
no_vax_base_ops,180,240,2026080640,6940.0,3092.0,0
no_vax_enh_ops,180,240,2026080640,266.0,120.99999999999999,0
vax_base_ops,180,240,2026080640,2425.0,1010.0,15801
vax_enh_ops,180,240,2026080640,247.0,107.0,17121
comm_base_40,180,240,2026080640,800.0,341.0,40000
comm_base_60,180,240,2026080640,446.00000000000006,176.0,60000
no_vax_base_ops,90,242,2026080642,1697.0,781.0,0
no_vax_enh_ops,90,242,2026080642,288.0,133.0,0
vax_base_ops,90,242,2026080642,1293.0,592.0,7157
vax_enh_ops,90,242,2026080642,240.99999999999997,111.99999999999999,8158
comm_base_40,90,242,2026080642,658.0,295.0,40000
comm_base_60,90,242,2026080642,460.0,192.0,60000
no_vax_base_ops,180,242,2026080642,5668.0,2554.0,0
no_vax_enh_ops,180,242,2026080642,292.0,135.0,0
vax_base_ops,180,242,2026080642,2556.0,1136.0,15873
vax_enh_ops,180,242,2026080642,241.99999999999997,111.99999999999999,17107
comm_base_40,180,242,2026080642,796.0,354.0,40000
comm_base_60,180,242,2026080642,485.0,204.00000000000003,60000
no_vax_base_ops,90,244,2026080644,1739.9999999999998,818.9999999999999,0
no_vax_enh_ops,90,244,2026080644,191.0,93.0,0
vax_base_ops,90,244,2026080644,1774.9999999999998,810.0,6657
vax_enh_ops,90,244,2026080644,171.0,82.0,8252
comm_base_40,90,244,2026080644,656.0,288.0,40000
comm_base_60,90,244,2026080644,368.0,153.0,60000
no_vax_base_ops,180,244,2026080644,5466.0,2524.0,0
no_vax_enh_ops,180,244,2026080644,228.0,109.0,0
vax_base_ops,180,244,2026080644,3835.0,1731.0,15282
vax_enh_ops,180,244,2026080644,171.0,82.0,16016
comm_base_40,180,244,2026080644,884.0000000000001,400.0,40000
comm_base_60,180,244,2026080644,392.0,164.0,60000
no_vax_base_ops,90,243,2026080643,1469.0,664.0,0
no_vax_enh_ops,90,243,2026080643,417.0,188.0,0
vax_base_ops,90,243,2026080643,1324.0,570.0,7215
vax_enh_ops,90,243,2026080643,391.0,172.0,8075
comm_base_40,90,243,2026080643,560.0,228.0,40000
comm_base_60,90,243,2026080643,417.99999999999994,170.0,60000
no_vax_base_ops,180,243,2026080643,5189.0,2367.0,0
no_vax_enh_ops,180,243,2026080643,425.00000000000006,194.0,0
vax_base_ops,180,243,2026080643,2375.0,1050.0,15938
vax_enh_ops,180,243,2026080643,413.0,182.0,16991
comm_base_40,180,243,2026080643,668.0,271.0,40000
comm_base_60,180,243,2026080643,436.0,175.0,60000
no_vax_base_ops,90,245,2026080645,1734.0000000000002,780.0,0
no_vax_enh_ops,90,245,2026080645,256.0,131.0,0
vax_base_ops,90,245,2026080645,1296.0,581.0,6943
vax_enh_ops,90,245,2026080645,252.0,125.0,7868
comm_base_40,90,245,2026080645,519.0,243.0,40000
comm_base_60,90,245,2026080645,390.0,168.0,60000
no_vax_base_ops,180,245,2026080645,6057.0,2775.0,0
no_vax_enh_ops,180,245,2026080645,260.0,133.0,0
vax_base_ops,180,245,2026080645,2298.0,997.0,15706
vax_enh_ops,180,245,2026080645,252.0,125.0,16852
comm_base_40,180,245,2026080645,654.0,297.0,40000
comm_base_60,180,245,2026080645,411.0,179.0,60000
no_vax_base_ops,90,246,2026080646,2657.0,1228.0,0
no_vax_enh_ops,90,246,2026080646,358.0,184.0,0
vax_base_ops,90,246,2026080646,1879.0000000000002,847.0,7288
vax_enh_ops,90,246,2026080646,310.0,154.0,8187
comm_base_40,90,246,2026080646,727.0,320.0,40000
comm_base_60,90,246,2026080646,423.0,185.0,60000
no_vax_base_ops,180,246,2026080646,9298.0,4285.0,0
no_vax_enh_ops,180,246,2026080646,374.0,193.0,0
vax_base_ops,180,246,2026080646,4119.0,1844.0000000000002,15890
vax_enh_ops,180,246,2026080646,319.0,158.0,17131
comm_base_40,180,246,2026080646,901.0000000000001,396.99999999999994,40000
comm_base_60,180,246,2026080646,446.00000000000006,192.0,60000
no_vax_base_ops,90,248,2026080648,1624.0,747.0,0
no_vax_enh_ops,90,248,2026080648,289.0,128.0,0
vax_base_ops,90,248,2026080648,1303.0,569.0,7685
vax_enh_ops,90,248,2026080648,252.0,111.00000000000001,8266
comm_base_40,90,248,2026080648,665.0,278.0,40000
comm_base_60,90,248,2026080648,457.0,178.0,60000
no_vax_base_ops,180,248,2026080648,5436.0,2445.0,0
no_vax_enh_ops,180,248,2026080648,289.0,128.0,0
vax_base_ops,180,248,2026080648,2160.0,944.0,16488
vax_enh_ops,180,248,2026080648,257.0,111.99999999999999,17211
comm_base_40,180,248,2026080648,796.0,327.0,40000
comm_base_60,180,248,2026080648,483.0,185.0,60000
no_vax_base_ops,90,247,2026080647,2122.0,949.0,0
no_vax_enh_ops,90,247,2026080647,440.0,183.0,0
vax_base_ops,90,247,2026080647,1929.0000000000002,839.0,7265
vax_enh_ops,90,247,2026080647,377.0,154.0,7970
comm_base_40,90,247,2026080647,666.0,275.0,40000
comm_base_60,90,247,2026080647,551.0,202.0,60000
no_vax_base_ops,180,247,2026080647,6886.0,3178.0000000000005,0
no_vax_enh_ops,180,247,2026080647,455.0,186.0,0
vax_base_ops,180,247,2026080647,3664.0,1606.0000000000002,15851
vax_enh_ops,180,247,2026080647,377.0,154.0,16913
comm_base_40,180,247,2026080647,761.0,318.0,40000
comm_base_60,180,247,2026080647,555.0,204.00000000000003,60000
no_vax_base_ops,90,250,2026080650,2179.0,988.0,0
no_vax_enh_ops,90,250,2026080650,305.0,131.0,0
vax_base_ops,90,250,2026080650,1609.0,688.0,7849
vax_enh_ops,90,250,2026080650,278.0,117.0,8229
comm_base_40,90,250,2026080650,565.0,232.0,40000
comm_base_60,90,250,2026080650,594.0,235.0,60000
no_vax_base_ops,180,250,2026080650,7702.000000000001,3495.0,0
no_vax_enh_ops,180,250,2026080650,307.0,131.0,0
vax_base_ops,180,250,2026080650,2990.0,1334.0,16471
vax_enh_ops,180,250,2026080650,278.0,117.0,17192
comm_base_40,180,250,2026080650,616.0,253.0,40000
comm_base_60,180,250,2026080650,624.0,243.0,60000
no_vax_base_ops,90,251,2026080651,1706.9999999999998,759.0,0
no_vax_enh_ops,90,251,2026080651,221.00000000000003,87.0,0
vax_base_ops,90,251,2026080651,1284.0,561.0,6439
vax_enh_ops,90,251,2026080651,180.0,74.0,7934
comm_base_40,90,251,2026080651,555.0,232.0,40000
comm_base_60,90,251,2026080651,381.0,156.0,60000
no_vax_base_ops,180,251,2026080651,5796.0,2584.0,0
no_vax_enh_ops,180,251,2026080651,223.00000000000003,88.0,0
vax_base_ops,180,251,2026080651,2391.0,1041.0,15202
vax_enh_ops,180,251,2026080651,180.0,74.0,16895
comm_base_40,180,251,2026080651,732.0,312.0,40000
comm_base_60,180,251,2026080651,390.0,160.0,60000
no_vax_base_ops,90,249,2026080649,2114.0,965.0000000000001,0
no_vax_enh_ops,90,249,2026080649,489.0,237.00000000000003,0
vax_base_ops,90,249,2026080649,1837.0,822.0,7365
vax_enh_ops,90,249,2026080649,366.0,169.0,8053
comm_base_40,90,249,2026080649,886.0,387.0,40000
comm_base_60,90,249,2026080649,518.0,228.0,60000
no_vax_base_ops,180,249,2026080649,5846.0,2680.0,0
no_vax_enh_ops,180,249,2026080649,514.0,249.0,0
vax_base_ops,180,249,2026080649,3694.9999999999995,1637.0,16004
vax_enh_ops,180,249,2026080649,366.0,169.0,16996
comm_base_40,180,249,2026080649,1103.0,478.00000000000006,40000
comm_base_60,180,249,2026080649,545.0,239.99999999999997,60000
no_vax_base_ops,90,252,2026080652,1846.0,841.0000000000001,0
no_vax_enh_ops,90,252,2026080652,355.0,162.0,0
vax_base_ops,90,252,2026080652,1372.0,626.0,7449
vax_enh_ops,90,252,2026080652,325.0,144.0,8446
comm_base_40,90,252,2026080652,733.0,305.0,40000
comm_base_60,90,252,2026080652,375.0,153.0,60000
no_vax_base_ops,180,252,2026080652,6052.0,2732.0,0
no_vax_enh_ops,180,252,2026080652,358.0,164.0,0
vax_base_ops,180,252,2026080652,2663.0,1177.0,16163
vax_enh_ops,180,252,2026080652,325.0,144.0,17392
comm_base_40,180,252,2026080652,814.9999999999999,333.0,40000
comm_base_60,180,252,2026080652,384.0,156.0,60000
no_vax_base_ops,90,253,2026080653,1616.0,719.0,0
no_vax_enh_ops,90,253,2026080653,316.0,144.0,0
vax_base_ops,90,253,2026080653,1454.0,636.0,7040
vax_enh_ops,90,253,2026080653,265.0,119.99999999999999,7989
comm_base_40,90,253,2026080653,583.0,260.0,40000
comm_base_60,90,253,2026080653,404.0,159.0,60000
no_vax_base_ops,180,253,2026080653,5329.0,2357.0,0
no_vax_enh_ops,180,253,2026080653,316.0,144.0,0
vax_base_ops,180,253,2026080653,3053.0,1309.0,15753
vax_enh_ops,180,253,2026080653,265.0,119.99999999999999,16968
comm_base_40,180,253,2026080653,720.0,306.0,40000
comm_base_60,180,253,2026080653,406.0,159.0,60000
no_vax_base_ops,90,254,2026080654,2227.0,980.9999999999999,0
no_vax_enh_ops,90,254,2026080654,291.0,131.0,0
vax_base_ops,90,254,2026080654,1215.0,530.0,7741
vax_enh_ops,90,254,2026080654,293.0,130.0,7991
comm_base_40,90,254,2026080654,656.0,261.0,40000
comm_base_60,90,254,2026080654,395.00000000000006,146.0,60000
no_vax_base_ops,180,254,2026080654,7537.000000000001,3391.0000000000005,0
no_vax_enh_ops,180,254,2026080654,291.0,131.0,0
vax_base_ops,180,254,2026080654,2304.0,991.0,16511
vax_enh_ops,180,254,2026080654,298.0,133.0,16942
comm_base_40,180,254,2026080654,790.0000000000001,329.0,40000
comm_base_60,180,254,2026080654,426.0,155.0,60000
no_vax_base_ops,90,255,2026080655,2132.0,976.9999999999999,0
no_vax_enh_ops,90,255,2026080655,271.0,127.00000000000001,0
vax_base_ops,90,255,2026080655,1637.9999999999998,743.0,6801
vax_enh_ops,90,255,2026080655,260.0,119.99999999999999,7849
comm_base_40,90,255,2026080655,564.0,243.0,40000
comm_base_60,90,255,2026080655,300.0,130.0,60000
no_vax_base_ops,180,255,2026080655,8349.0,3858.0000000000005,0
no_vax_enh_ops,180,255,2026080655,274.0,128.0,0
vax_base_ops,180,255,2026080655,3717.0,1643.0,15453
vax_enh_ops,180,255,2026080655,260.0,119.99999999999999,16834
comm_base_40,180,255,2026080655,734.0,311.0,40000
comm_base_60,180,255,2026080655,322.0,140.0,60000
no_vax_base_ops,90,258,2026080658,1551.0,718.0,0
no_vax_enh_ops,90,258,2026080658,223.99999999999997,103.99999999999999,0
vax_base_ops,90,258,2026080658,1084.0,487.0,7799
vax_enh_ops,90,258,2026080658,185.0,85.0,7857
comm_base_40,90,258,2026080658,611.0,270.0,40000
comm_base_60,90,258,2026080658,426.0,184.0,60000
no_vax_base_ops,180,258,2026080658,4860.0,2188.0,0
no_vax_enh_ops,180,258,2026080658,234.0,110.0,0
vax_base_ops,180,258,2026080658,2147.0,946.9999999999999,16516
vax_enh_ops,180,258,2026080658,185.0,85.0,16754
comm_base_40,180,258,2026080658,765.0,333.0,40000
comm_base_60,180,258,2026080658,496.0,214.0,60000
no_vax_base_ops,90,257,2026080657,1653.0,764.0,0
no_vax_enh_ops,90,257,2026080657,256.0,122.0,0
vax_base_ops,90,257,2026080657,1311.0,602.0,7276
vax_enh_ops,90,257,2026080657,211.0,102.00000000000001,8076
comm_base_40,90,257,2026080657,604.0,248.0,40000
comm_base_60,90,257,2026080657,413.99999999999994,168.0,60000
no_vax_base_ops,180,257,2026080657,5361.0,2415.0,0
no_vax_enh_ops,180,257,2026080657,256.0,122.0,0
vax_base_ops,180,257,2026080657,2577.0,1150.0,15967
vax_enh_ops,180,257,2026080657,211.0,102.00000000000001,17092
comm_base_40,180,257,2026080657,715.0,291.0,40000
comm_base_60,180,257,2026080657,466.0,190.0,60000
no_vax_base_ops,90,256,2026080656,1795.0,829.0,0
no_vax_enh_ops,90,256,2026080656,316.0,143.0,0
vax_base_ops,90,256,2026080656,1403.0,622.0,7260
vax_enh_ops,90,256,2026080656,281.0,119.99999999999999,8133
comm_base_40,90,256,2026080656,722.0,300.0,40000
comm_base_60,90,256,2026080656,410.00000000000006,163.0,60000
no_vax_base_ops,180,256,2026080656,5642.0,2557.0,0
no_vax_enh_ops,180,256,2026080656,323.0,146.0,0
vax_base_ops,180,256,2026080656,2711.0,1180.0,15981
vax_enh_ops,180,256,2026080656,281.0,119.99999999999999,17106
comm_base_40,180,256,2026080656,991.0,412.00000000000006,40000
comm_base_60,180,256,2026080656,445.0,178.0,60000
no_vax_base_ops,90,259,2026080659,1465.0,685.0,0
no_vax_enh_ops,90,259,2026080659,372.0,180.0,0
vax_base_ops,90,259,2026080659,1112.0,513.0,7218
vax_enh_ops,90,259,2026080659,366.0,177.0,7850
comm_base_40,90,259,2026080659,523.0,248.0,40000
comm_base_60,90,259,2026080659,407.0,176.0,60000
no_vax_base_ops,180,259,2026080659,5080.0,2347.0,0
no_vax_enh_ops,180,259,2026080659,372.0,180.0,0
vax_base_ops,180,259,2026080659,2369.0,1070.0,16000
vax_enh_ops,180,259,2026080659,365.0,177.0,16759
comm_base_40,180,259,2026080659,611.0,284.0,40000
comm_base_60,180,259,2026080659,411.0,179.0,60000
no_vax_base_ops,90,260,2026080660,1833.0,850.0000000000001,0
no_vax_enh_ops,90,260,2026080660,245.0,102.00000000000001,0
vax_base_ops,90,260,2026080660,1189.0,521.0,6977
vax_enh_ops,90,260,2026080660,221.00000000000003,92.0,8177
comm_base_40,90,260,2026080660,564.0,236.0,40000
comm_base_60,90,260,2026080660,404.0,152.0,60000
no_vax_base_ops,180,260,2026080660,6065.0,2778.0,0
no_vax_enh_ops,180,260,2026080660,245.0,102.00000000000001,0
vax_base_ops,180,260,2026080660,1888.0,854.0000000000001,15829
vax_enh_ops,180,260,2026080660,221.00000000000003,92.0,11625
comm_base_40,180,260,2026080660,731.0,309.0,40000
comm_base_60,180,260,2026080660,439.0,166.0,60000
no_vax_base_ops,90,262,2026080662,1645.0,704.0,0
no_vax_enh_ops,90,262,2026080662,190.0,89.0,0
vax_base_ops,90,262,2026080662,907.0,394.0,7061
vax_enh_ops,90,262,2026080662,176.0,81.0,8209
comm_base_40,90,262,2026080662,288.0,127.00000000000001,40000
comm_base_60,90,262,2026080662,313.0,127.00000000000001,60000
no_vax_base_ops,180,262,2026080662,5792.0,2600.0,0
no_vax_enh_ops,180,262,2026080662,193.0,91.0,0
vax_base_ops,180,262,2026080662,1833.0,752.0,15864
vax_enh_ops,180,262,2026080662,186.0,85.0,17192
comm_base_40,180,262,2026080662,408.00000000000006,173.0,40000
comm_base_60,180,262,2026080662,353.0,144.0,60000
no_vax_base_ops,90,261,2026080661,2151.0,946.9999999999999,0
no_vax_enh_ops,90,261,2026080661,289.0,138.0,0
vax_base_ops,90,261,2026080661,1683.0000000000002,724.0,7038
vax_enh_ops,90,261,2026080661,257.0,119.99999999999999,7996
comm_base_40,90,261,2026080661,570.0,232.0,40000
comm_base_60,90,261,2026080661,339.0,140.0,60000
no_vax_base_ops,180,261,2026080661,7212.0,3248.0,0
no_vax_enh_ops,180,261,2026080661,289.0,138.0,0
vax_base_ops,180,261,2026080661,3046.0,1310.0,15704
vax_enh_ops,180,261,2026080661,258.0,120.99999999999999,16960
comm_base_40,180,261,2026080661,695.0,279.0,40000
comm_base_60,180,261,2026080661,370.0,149.0,60000
no_vax_base_ops,90,263,2026080663,1861.0000000000002,841.0000000000001,0
no_vax_enh_ops,90,263,2026080663,255.00000000000003,103.99999999999999,0
vax_base_ops,90,263,2026080663,1495.0,658.0,7285
vax_enh_ops,90,263,2026080663,241.99999999999997,100.0,7878
comm_base_40,90,263,2026080663,549.0,217.0,40000
comm_base_60,90,263,2026080663,386.0,144.0,60000
no_vax_base_ops,180,263,2026080663,6263.000000000001,2778.0,0
no_vax_enh_ops,180,263,2026080663,255.00000000000003,103.99999999999999,0
vax_base_ops,180,263,2026080663,3044.0,1342.0,15965
vax_enh_ops,180,263,2026080663,241.99999999999997,100.0,16839
comm_base_40,180,263,2026080663,709.0,293.0,40000
comm_base_60,180,263,2026080663,388.0,145.0,60000
no_vax_base_ops,90,264,2026080664,2360.0,1041.0,0
no_vax_enh_ops,90,264,2026080664,233.0,108.0,0
vax_base_ops,90,264,2026080664,1643.0,724.0,7028
vax_enh_ops,90,264,2026080664,219.0,101.0,8112
comm_base_40,90,264,2026080664,840.0,369.0,40000
comm_base_60,90,264,2026080664,440.0,196.0,60000
no_vax_base_ops,180,264,2026080664,8327.0,3742.0,0
no_vax_enh_ops,180,264,2026080664,233.0,108.0,0
vax_base_ops,180,264,2026080664,3175.9999999999995,1345.0,15676
vax_enh_ops,180,264,2026080664,227.0,103.99999999999999,17080
comm_base_40,180,264,2026080664,1090.0,468.0,40000
comm_base_60,180,264,2026080664,460.0,204.00000000000003,60000
no_vax_base_ops,90,265,2026080665,1466.0,676.0,0
no_vax_enh_ops,90,265,2026080665,371.0,181.0,0
vax_base_ops,90,265,2026080665,1204.0,541.0,6908
vax_enh_ops,90,265,2026080665,373.0,177.0,8079
comm_base_40,90,265,2026080665,489.0,221.00000000000003,40000
comm_base_60,90,265,2026080665,358.0,160.0,60000
no_vax_base_ops,180,265,2026080665,4152.0,1951.0,0
no_vax_enh_ops,180,265,2026080665,372.0,182.0,0
vax_base_ops,180,265,2026080665,2048.0,920.0,15732
vax_enh_ops,180,265,2026080665,373.0,177.0,17024
comm_base_40,180,265,2026080665,558.0,247.0,40000
comm_base_60,180,265,2026080665,398.99999999999994,178.0,60000
no_vax_base_ops,90,266,2026080666,1883.0,844.0,0
no_vax_enh_ops,90,266,2026080666,219.0,99.0,0
vax_base_ops,90,266,2026080666,1147.0,513.0,7508
vax_enh_ops,90,266,2026080666,217.0,96.0,8320
comm_base_40,90,266,2026080666,567.0,245.0,40000
comm_base_60,90,266,2026080666,386.0,155.0,60000
no_vax_base_ops,180,266,2026080666,6494.999999999999,2924.0,0
no_vax_enh_ops,180,266,2026080666,228.0,103.99999999999999,0
vax_base_ops,180,266,2026080666,1970.9999999999998,851.0,16315
vax_enh_ops,180,266,2026080666,217.0,96.0,17316
comm_base_40,180,266,2026080666,673.0,288.0,40000
comm_base_60,180,266,2026080666,391.0,158.0,60000
no_vax_base_ops,90,268,2026080668,1340.0,631.0,0
no_vax_enh_ops,90,268,2026080668,312.0,140.0,0
vax_base_ops,90,268,2026080668,1039.0,466.0,8085
vax_enh_ops,90,268,2026080668,263.0,117.0,7865
comm_base_40,90,268,2026080668,549.0,235.0,40000
comm_base_60,90,268,2026080668,439.0,175.0,60000
no_vax_base_ops,180,268,2026080668,3662.0,1689.9999999999998,0
no_vax_enh_ops,180,268,2026080668,312.0,140.0,0
vax_base_ops,180,268,2026080668,1960.0,865.0,16872
vax_enh_ops,180,268,2026080668,263.0,117.0,16836
comm_base_40,180,268,2026080668,660.0,289.0,40000
comm_base_60,180,268,2026080668,466.99999999999994,190.0,60000
no_vax_base_ops,90,269,2026080669,1269.0,568.0,0
no_vax_enh_ops,90,269,2026080669,218.0,103.99999999999999,0
vax_base_ops,90,269,2026080669,1147.0,510.00000000000006,7024
vax_enh_ops,90,269,2026080669,197.0,88.0,8153
comm_base_40,90,269,2026080669,635.0,270.0,40000
comm_base_60,90,269,2026080669,427.00000000000006,176.0,60000
no_vax_base_ops,180,269,2026080669,3327.0,1525.0,0
no_vax_enh_ops,180,269,2026080669,231.0,111.00000000000001,0
vax_base_ops,180,269,2026080669,2270.0,1001.0,15789
vax_enh_ops,180,269,2026080669,197.0,88.0,17135
comm_base_40,180,269,2026080669,806.0,349.0,40000
comm_base_60,180,269,2026080669,460.0,193.0,60000
no_vax_base_ops,90,267,2026080667,1835.0000000000002,827.0,0
no_vax_enh_ops,90,267,2026080667,354.0,152.0,0
vax_base_ops,90,267,2026080667,1782.0,790.0000000000001,6852
vax_enh_ops,90,267,2026080667,407.0,175.0,8083
comm_base_40,90,267,2026080667,771.0,329.0,40000
comm_base_60,90,267,2026080667,583.0,238.00000000000003,60000
no_vax_base_ops,180,267,2026080667,6904.0,3121.0,0
no_vax_enh_ops,180,267,2026080667,356.0,153.0,0
vax_base_ops,180,267,2026080667,3369.0,1468.0,15500
vax_enh_ops,180,267,2026080667,419.0,181.0,16998
comm_base_40,180,267,2026080667,1018.9999999999999,429.00000000000006,40000
comm_base_60,180,267,2026080667,657.0,267.0,60000
no_vax_base_ops,90,270,2026080670,2007.0,881.0,0
no_vax_enh_ops,90,270,2026080670,424.0,174.0,0
vax_base_ops,90,270,2026080670,1418.0,595.0,7367
vax_enh_ops,90,270,2026080670,362.0,144.0,8260
comm_base_40,90,270,2026080670,661.0,250.0,40000
comm_base_60,90,270,2026080670,363.0,133.0,60000
no_vax_base_ops,180,270,2026080670,6698.0,3019.0,0
no_vax_enh_ops,180,270,2026080670,434.0,178.0,0
vax_base_ops,180,270,2026080670,2509.0,1083.0,16115
vax_enh_ops,180,270,2026080670,362.0,144.0,17146
comm_base_40,180,270,2026080670,1100.0,426.0,40000
comm_base_60,180,270,2026080670,383.0,143.0,60000
no_vax_base_ops,90,271,2026080671,1842.9999999999998,848.9999999999999,0
no_vax_enh_ops,90,271,2026080671,274.0,122.0,0
vax_base_ops,90,271,2026080671,1460.0,657.0,7407
vax_enh_ops,90,271,2026080671,266.0,116.0,8133
comm_base_40,90,271,2026080671,789.0,312.0,40000
comm_base_60,90,271,2026080671,558.0,206.99999999999997,60000
no_vax_base_ops,180,271,2026080671,5977.0,2681.0,0
no_vax_enh_ops,180,271,2026080671,281.0,124.0,0
vax_base_ops,180,271,2026080671,2676.0,1176.0,16117
vax_enh_ops,180,271,2026080671,274.0,118.0,17091
comm_base_40,180,271,2026080671,949.0,387.0,40000
comm_base_60,180,271,2026080671,566.0,212.0,60000
no_vax_base_ops,90,273,2026080673,2070.0,946.9999999999999,0
no_vax_enh_ops,90,273,2026080673,234.0,114.0,0
vax_base_ops,90,273,2026080673,1320.0,596.0,7119
vax_enh_ops,90,273,2026080673,229.0,110.0,7806
comm_base_40,90,273,2026080673,518.0,227.0,40000
comm_base_60,90,273,2026080673,310.0,140.0,60000
no_vax_base_ops,180,273,2026080673,7255.0,3292.0,0
no_vax_enh_ops,180,273,2026080673,280.0,141.0,0
vax_base_ops,180,273,2026080673,2427.0,1059.0,15864
vax_enh_ops,180,273,2026080673,231.0,111.00000000000001,16779
comm_base_40,180,273,2026080673,616.0,265.0,40000
comm_base_60,180,273,2026080673,348.0,155.0,60000
no_vax_base_ops,90,275,2026080675,1536.0,714.0,0
no_vax_enh_ops,90,275,2026080675,264.0,106.0,0
vax_base_ops,90,275,2026080675,1122.0,500.99999999999994,7331
vax_enh_ops,90,275,2026080675,238.00000000000003,95.0,7907
comm_base_40,90,275,2026080675,498.0,206.00000000000003,40000
comm_base_60,90,275,2026080675,318.0,111.99999999999999,60000
no_vax_base_ops,180,275,2026080675,4416.0,2027.0,0
no_vax_enh_ops,180,275,2026080675,264.0,106.0,0
vax_base_ops,180,275,2026080675,2320.0,1031.0,16058
vax_enh_ops,180,275,2026080675,240.99999999999997,97.0,16884
comm_base_40,180,275,2026080675,625.0,262.0,40000
comm_base_60,180,275,2026080675,337.0,119.00000000000001,60000
no_vax_base_ops,90,272,2026080672,1628.0,732.0,0
no_vax_enh_ops,90,272,2026080672,479.99999999999994,221.00000000000003,0
vax_base_ops,90,272,2026080672,1131.0,492.0,7582
vax_enh_ops,90,272,2026080672,398.99999999999994,182.0,8025
comm_base_40,90,272,2026080672,596.0,251.0,40000
comm_base_60,90,272,2026080672,369.0,145.0,60000
no_vax_base_ops,180,272,2026080672,5941.0,2701.0,0
no_vax_enh_ops,180,272,2026080672,520.0,237.00000000000003,0
vax_base_ops,180,272,2026080672,1797.0,775.0,16365
vax_enh_ops,180,272,2026080672,400.0,182.0,16987
comm_base_40,180,272,2026080672,689.0,289.0,40000
comm_base_60,180,272,2026080672,395.00000000000006,157.0,60000
no_vax_base_ops,90,276,2026080676,2521.0,1165.0,0
no_vax_enh_ops,90,276,2026080676,297.0,125.0,0
vax_base_ops,90,276,2026080676,1965.0,876.0,7007
vax_enh_ops,90,276,2026080676,347.0,143.0,8263
comm_base_40,90,276,2026080676,702.0,279.0,40000
comm_base_60,90,276,2026080676,512.0,192.0,60000
no_vax_base_ops,180,276,2026080676,8649.0,3961.0,0
no_vax_enh_ops,180,276,2026080676,310.0,130.0,0
vax_base_ops,180,276,2026080676,4007.9999999999995,1797.0,15571
vax_enh_ops,180,276,2026080676,350.0,143.0,17223
comm_base_40,180,276,2026080676,827.0,336.0,40000
comm_base_60,180,276,2026080676,544.0,200.0,60000
no_vax_base_ops,90,274,2026080674,2399.0,1127.0,0
no_vax_enh_ops,90,274,2026080674,393.00000000000006,175.0,0
vax_base_ops,90,274,2026080674,2277.0,1044.0,7114
vax_enh_ops,90,274,2026080674,368.0,160.0,8257
comm_base_40,90,274,2026080674,738.0,319.0,40000
comm_base_60,90,274,2026080674,479.99999999999994,198.0,60000
no_vax_base_ops,180,274,2026080674,8367.0,3796.9999999999995,0
no_vax_enh_ops,180,274,2026080674,394.0,175.0,0
vax_base_ops,180,274,2026080674,4470.0,1956.0,15625
vax_enh_ops,180,274,2026080674,368.0,160.0,17193
comm_base_40,180,274,2026080674,880.0,375.0,40000
comm_base_60,180,274,2026080674,537.0,222.00000000000003,60000
no_vax_base_ops,90,278,2026080678,1842.9999999999998,809.0,0
no_vax_enh_ops,90,278,2026080678,238.00000000000003,111.99999999999999,0
vax_base_ops,90,278,2026080678,1171.0,500.99999999999994,7963
vax_enh_ops,90,278,2026080678,203.0,93.0,8259
comm_base_40,90,278,2026080678,537.0,213.0,40000
comm_base_60,90,278,2026080678,469.0,182.0,60000
no_vax_base_ops,180,278,2026080678,6340.999999999999,2893.0,0
no_vax_enh_ops,180,278,2026080678,240.99999999999997,112.99999999999999,0
vax_base_ops,180,278,2026080678,2183.0,933.0,16761
vax_enh_ops,180,278,2026080678,203.0,93.0,17255
comm_base_40,180,278,2026080678,695.0,276.0,40000
comm_base_60,180,278,2026080678,494.0,189.0,60000
no_vax_base_ops,90,277,2026080677,2215.0,1044.0,0
no_vax_enh_ops,90,277,2026080677,359.0,177.0,0
vax_base_ops,90,277,2026080677,1927.9999999999998,889.0,6849
vax_enh_ops,90,277,2026080677,440.0,210.0,7975
comm_base_40,90,277,2026080677,781.0,345.0,40000
comm_base_60,90,277,2026080677,731.0,312.0,60000
no_vax_base_ops,180,277,2026080677,7020.0,3200.9999999999995,0
no_vax_enh_ops,180,277,2026080677,361.0,178.0,0
vax_base_ops,180,277,2026080677,3647.0000000000005,1654.9999999999998,15402
vax_enh_ops,180,277,2026080677,442.00000000000006,211.0,16899
comm_base_40,180,277,2026080677,946.0,421.0,40000
comm_base_60,180,277,2026080677,780.0,328.0,60000
no_vax_base_ops,90,281,2026080681,1697.0,766.0,0
no_vax_enh_ops,90,281,2026080681,207.99999999999997,94.0,0
vax_base_ops,90,281,2026080681,1637.0,717.0,6914
vax_enh_ops,90,281,2026080681,184.0,79.0,8193
comm_base_40,90,281,2026080681,608.0,256.0,40000
comm_base_60,90,281,2026080681,358.0,138.0,60000
no_vax_base_ops,180,281,2026080681,5278.0,2379.0,0
no_vax_enh_ops,180,281,2026080681,216.0,98.0,0
vax_base_ops,180,281,2026080681,3433.0,1489.0,15545
vax_enh_ops,180,281,2026080681,184.0,79.0,16589
comm_base_40,180,281,2026080681,754.0,318.0,40000
comm_base_60,180,281,2026080681,371.0,144.0,60000
no_vax_base_ops,90,279,2026080679,1887.0000000000002,856.0,0
no_vax_enh_ops,90,279,2026080679,277.0,125.0,0
vax_base_ops,90,279,2026080679,1404.0,619.0,7454
vax_enh_ops,90,279,2026080679,286.0,123.0,8205
comm_base_40,90,279,2026080679,721.0,314.0,40000
comm_base_60,90,279,2026080679,447.99999999999994,182.0,60000
no_vax_base_ops,180,279,2026080679,6522.0,2981.0,0
no_vax_enh_ops,180,279,2026080679,285.0,129.0,0
vax_base_ops,180,279,2026080679,2616.0,1123.0,16155
vax_enh_ops,180,279,2026080679,286.0,123.0,17172
comm_base_40,180,279,2026080679,822.0,353.0,40000
comm_base_60,180,279,2026080679,481.99999999999994,200.0,60000
no_vax_base_ops,90,280,2026080680,2599.0,1193.0,0
no_vax_enh_ops,90,280,2026080680,341.0,159.0,0
vax_base_ops,90,280,2026080680,1093.0,483.99999999999994,8008
vax_enh_ops,90,280,2026080680,254.00000000000003,112.99999999999999,8251
comm_base_40,90,280,2026080680,552.0,236.0,40000
comm_base_60,90,280,2026080680,392.0,163.0,60000
no_vax_base_ops,180,280,2026080680,9293.0,4230.0,0
no_vax_enh_ops,180,280,2026080680,345.0,160.0,0
vax_base_ops,180,280,2026080680,1784.0000000000002,783.0,16818
vax_enh_ops,180,280,2026080680,254.00000000000003,112.99999999999999,17234
comm_base_40,180,280,2026080680,929.0,393.00000000000006,40000
comm_base_60,180,280,2026080680,451.0,184.0,60000
no_vax_base_ops,90,282,2026080682,1695.0,750.0,0
no_vax_enh_ops,90,282,2026080682,238.00000000000003,100.0,0
vax_base_ops,90,282,2026080682,927.0,398.0,7735
vax_enh_ops,90,282,2026080682,206.99999999999997,86.0,8061
comm_base_40,90,282,2026080682,650.0,267.0,40000
comm_base_60,90,282,2026080682,288.0,116.0,60000
no_vax_base_ops,180,282,2026080682,7663.0,3463.9999999999995,0
no_vax_enh_ops,180,282,2026080682,239.00000000000003,101.0,0
vax_base_ops,180,282,2026080682,1559.0,667.0,14742
vax_enh_ops,180,282,2026080682,206.99999999999997,86.0,17033
comm_base_40,180,282,2026080682,927.0,382.0,40000
comm_base_60,180,282,2026080682,295.0,119.00000000000001,60000
no_vax_base_ops,90,284,2026080684,1876.9999999999998,888.0000000000001,0
no_vax_enh_ops,90,284,2026080684,221.00000000000003,110.0,0
vax_base_ops,90,284,2026080684,1857.0,864.0,6544
vax_enh_ops,90,284,2026080684,173.0,82.0,8029
comm_base_40,90,284,2026080684,593.0,268.0,40000
comm_base_60,90,284,2026080684,439.0,183.0,60000
no_vax_base_ops,180,284,2026080684,6299.0,2831.0,0
no_vax_enh_ops,180,284,2026080684,239.00000000000003,117.0,0
vax_base_ops,180,284,2026080684,3545.0000000000005,1565.0,15074
vax_enh_ops,180,284,2026080684,173.0,82.0,17021
comm_base_40,180,284,2026080684,657.0,297.0,40000
comm_base_60,180,284,2026080684,475.0,198.0,60000
no_vax_base_ops,90,283,2026080683,1535.0,694.0,0
no_vax_enh_ops,90,283,2026080683,349.0,163.0,0
vax_base_ops,90,283,2026080683,1399.0,615.0,7340
vax_enh_ops,90,283,2026080683,325.0,152.0,7893
comm_base_40,90,283,2026080683,664.0,272.0,40000
comm_base_60,90,283,2026080683,300.0,130.0,60000
no_vax_base_ops,180,283,2026080683,4919.0,2234.0,0
no_vax_enh_ops,180,283,2026080683,349.0,163.0,0
vax_base_ops,180,283,2026080683,2746.0,1194.0,16063
vax_enh_ops,180,283,2026080683,329.0,155.0,16794
comm_base_40,180,283,2026080683,812.0,331.0,40000
comm_base_60,180,283,2026080683,328.0,142.0,60000
no_vax_base_ops,90,285,2026080685,2040.0000000000002,886.0,0
no_vax_enh_ops,90,285,2026080685,284.0,111.99999999999999,0
vax_base_ops,90,285,2026080685,1448.0,610.0,6794
vax_enh_ops,90,285,2026080685,254.00000000000003,97.0,8232
comm_base_40,90,285,2026080685,834.0,312.0,40000
comm_base_60,90,285,2026080685,419.0,153.0,60000
no_vax_base_ops,180,285,2026080685,6820.0,3112.0,0
no_vax_enh_ops,180,285,2026080685,284.0,111.99999999999999,0
vax_base_ops,180,285,2026080685,3220.0,1347.0,15523
vax_enh_ops,180,285,2026080685,254.00000000000003,97.0,17182
comm_base_40,180,285,2026080685,1065.0,413.99999999999994,40000
comm_base_60,180,285,2026080685,510.00000000000006,184.0,60000
no_vax_base_ops,90,286,2026080686,1503.0,692.0,0
no_vax_enh_ops,90,286,2026080686,227.0,95.0,0
vax_base_ops,90,286,2026080686,1534.0,695.0,7587
vax_enh_ops,90,286,2026080686,227.0,94.0,8086
comm_base_40,90,286,2026080686,518.0,213.0,40000
comm_base_60,90,286,2026080686,364.0,132.0,60000
no_vax_base_ops,180,286,2026080686,5099.0,2380.0,0
no_vax_enh_ops,180,286,2026080686,227.0,95.0,0
vax_base_ops,180,286,2026080686,3706.0000000000005,1671.0,16241
vax_enh_ops,180,286,2026080686,227.0,94.0,17001
comm_base_40,180,286,2026080686,632.0,263.0,40000
comm_base_60,180,286,2026080686,396.99999999999994,146.0,60000
no_vax_base_ops,90,288,2026080688,1922.0,884.0000000000001,0
no_vax_enh_ops,90,288,2026080688,417.99999999999994,205.00000000000003,0
vax_base_ops,90,288,2026080688,1399.0,634.0,7159
vax_enh_ops,90,288,2026080688,283.0,139.0,7938
comm_base_40,90,288,2026080688,690.0,300.0,40000
comm_base_60,90,288,2026080688,518.0,227.0,60000
no_vax_base_ops,180,288,2026080688,6292.0,2929.0,0
no_vax_enh_ops,180,288,2026080688,427.00000000000006,211.0,0
vax_base_ops,180,288,2026080688,2623.0,1183.0,15890
vax_enh_ops,180,288,2026080688,283.0,139.0,16906
comm_base_40,180,288,2026080688,786.0000000000001,346.0,40000
comm_base_60,180,288,2026080688,558.0,239.00000000000003,60000
no_vax_base_ops,90,287,2026080687,2286.0,1039.0,0
no_vax_enh_ops,90,287,2026080687,391.0,184.0,0
vax_base_ops,90,287,2026080687,2060.0,910.0,7291
vax_enh_ops,90,287,2026080687,334.0,158.0,7992
comm_base_40,90,287,2026080687,891.0,396.0,40000
comm_base_60,90,287,2026080687,635.0,272.0,60000
no_vax_base_ops,180,287,2026080687,6709.0,3036.0,0
no_vax_enh_ops,180,287,2026080687,394.0,185.0,0
vax_base_ops,180,287,2026080687,4032.0,1770.0,15904
vax_enh_ops,180,287,2026080687,344.0,161.0,16944
comm_base_40,180,287,2026080687,1101.0,470.0,40000
comm_base_60,180,287,2026080687,671.0,286.0,60000
no_vax_base_ops,90,290,2026080690,2737.0,1263.0,0
no_vax_enh_ops,90,290,2026080690,349.0,142.0,0
vax_base_ops,90,290,2026080690,2246.0,1007.0000000000001,6704
vax_enh_ops,90,290,2026080690,327.0,130.0,7923
comm_base_40,90,290,2026080690,910.0,379.0,40000
comm_base_60,90,290,2026080690,547.0,205.00000000000003,60000
no_vax_base_ops,180,290,2026080690,8454.0,3787.9999999999995,0
no_vax_enh_ops,180,290,2026080690,349.0,142.0,0
vax_base_ops,180,290,2026080690,4751.0,2079.0,15215
vax_enh_ops,180,290,2026080690,336.0,134.0,16887
comm_base_40,180,290,2026080690,1249.0,524.0,40000
comm_base_60,180,290,2026080690,595.0,223.99999999999997,60000
no_vax_base_ops,90,293,2026080693,1833.9999999999998,842.0,0
no_vax_enh_ops,90,293,2026080693,248.0,118.0,0
vax_base_ops,90,293,2026080693,1160.0,504.0,6461
vax_enh_ops,90,293,2026080693,212.0,99.0,8052
comm_base_40,90,293,2026080693,451.0,190.0,40000
comm_base_60,90,293,2026080693,298.0,127.00000000000001,60000
no_vax_base_ops,180,293,2026080693,7464.999999999999,3349.0,0
no_vax_enh_ops,180,293,2026080693,258.0,123.0,0
vax_base_ops,180,293,2026080693,2290.0,1014.9999999999999,15251
vax_enh_ops,180,293,2026080693,212.0,99.0,17025
comm_base_40,180,293,2026080693,544.0,225.99999999999997,40000
comm_base_60,180,293,2026080693,333.0,141.0,60000
no_vax_base_ops,90,291,2026080691,1569.0,725.0,0
no_vax_enh_ops,90,291,2026080691,281.0,124.0,0
vax_base_ops,90,291,2026080691,1500.0,678.0,7057
vax_enh_ops,90,291,2026080691,341.0,156.0,7786
comm_base_40,90,291,2026080691,543.0,231.0,40000
comm_base_60,90,291,2026080691,406.0,166.0,60000
no_vax_base_ops,180,291,2026080691,4995.0,2296.0,0
no_vax_enh_ops,180,291,2026080691,281.0,124.0,0
vax_base_ops,180,291,2026080691,3093.0,1362.0,15748
vax_enh_ops,180,291,2026080691,347.0,158.0,16745
comm_base_40,180,291,2026080691,892.0000000000001,378.0,40000
comm_base_60,180,291,2026080691,492.0,192.0,60000
no_vax_base_ops,90,289,2026080689,2020.9999999999998,925.0,0
no_vax_enh_ops,90,289,2026080689,413.99999999999994,175.0,0
vax_base_ops,90,289,2026080689,1563.0000000000002,694.0,7428
vax_enh_ops,90,289,2026080689,389.0,157.0,8054
comm_base_40,90,289,2026080689,714.0,293.0,40000
comm_base_60,90,289,2026080689,478.00000000000006,188.0,60000
no_vax_base_ops,180,289,2026080689,7377.0,3356.0,0
no_vax_enh_ops,180,289,2026080689,413.99999999999994,175.0,0
vax_base_ops,180,289,2026080689,3066.0,1343.0,16123
vax_enh_ops,180,289,2026080689,389.0,157.0,16983
comm_base_40,180,289,2026080689,961.0,400.0,40000
comm_base_60,180,289,2026080689,479.99999999999994,189.0,60000
no_vax_base_ops,90,292,2026080692,1536.0,718.0,0
no_vax_enh_ops,90,292,2026080692,223.00000000000003,106.0,0
vax_base_ops,90,292,2026080692,1389.0,628.0,7424
vax_enh_ops,90,292,2026080692,247.0,116.0,8002
comm_base_40,90,292,2026080692,502.0,229.0,40000
comm_base_60,90,292,2026080692,333.0,136.0,60000
no_vax_base_ops,180,292,2026080692,5437.0,2495.0,0
no_vax_enh_ops,180,292,2026080692,223.00000000000003,106.0,0
vax_base_ops,180,292,2026080692,2896.0,1271.0,16163
vax_enh_ops,180,292,2026080692,248.0,116.0,16950
comm_base_40,180,292,2026080692,625.0,274.0,40000
comm_base_60,180,292,2026080692,339.0,137.0,60000
no_vax_base_ops,90,294,2026080694,1759.0000000000002,796.0,0
no_vax_enh_ops,90,294,2026080694,342.0,151.0,0
vax_base_ops,90,294,2026080694,1451.0,629.0,6808
vax_enh_ops,90,294,2026080694,227.0,94.0,7944
comm_base_40,90,294,2026080694,684.0,285.0,40000
comm_base_60,90,294,2026080694,479.0,193.0,60000
no_vax_base_ops,180,294,2026080694,6446.0,2912.0,0
no_vax_enh_ops,180,294,2026080694,359.0,160.0,0
vax_base_ops,180,294,2026080694,2828.0,1226.0,15603
vax_enh_ops,180,294,2026080694,227.0,94.0,16917
comm_base_40,180,294,2026080694,929.9999999999999,394.0,40000
comm_base_60,180,294,2026080694,570.0,227.0,60000
no_vax_base_ops,90,295,2026080695,1864.0,861.9999999999999,0
no_vax_enh_ops,90,295,2026080695,332.0,160.0,0
vax_base_ops,90,295,2026080695,1325.0,614.0,8015
vax_enh_ops,90,295,2026080695,308.0,148.0,8061
comm_base_40,90,295,2026080695,530.0,238.00000000000003,40000
comm_base_60,90,295,2026080695,287.0,119.00000000000001,60000
no_vax_base_ops,180,295,2026080695,6415.0,2914.0,0
no_vax_enh_ops,180,295,2026080695,345.0,165.0,0
vax_base_ops,180,295,2026080695,2315.0,1021.0,16814
vax_enh_ops,180,295,2026080695,318.0,152.0,16999
comm_base_40,180,295,2026080695,705.0,309.0,40000
comm_base_60,180,295,2026080695,305.0,127.00000000000001,60000
no_vax_base_ops,90,296,2026080696,2645.0,1202.0,0
no_vax_enh_ops,90,296,2026080696,335.0,157.0,0
vax_base_ops,90,296,2026080696,1981.0000000000002,877.0,7110
vax_enh_ops,90,296,2026080696,259.0,118.0,8074
comm_base_40,90,296,2026080696,1036.0,451.99999999999994,40000
comm_base_60,90,296,2026080696,498.99999999999994,201.0,60000
no_vax_base_ops,180,296,2026080696,7564.999999999999,3477.0000000000005,0
no_vax_enh_ops,180,296,2026080696,374.0,169.0,0
vax_base_ops,180,296,2026080696,3717.0,1642.0,15687
vax_enh_ops,180,296,2026080696,259.0,118.0,17036
comm_base_40,180,296,2026080696,1331.0,571.0,40000
comm_base_60,180,296,2026080696,522.0,207.99999999999997,60000
no_vax_base_ops,90,298,2026080698,1753.0,779.0,0
no_vax_enh_ops,90,298,2026080698,225.99999999999997,90.0,0
vax_base_ops,90,298,2026080698,1343.0,571.0,7067
vax_enh_ops,90,298,2026080698,274.0,110.0,7878
comm_base_40,90,298,2026080698,355.0,142.0,40000
comm_base_60,90,298,2026080698,313.0,120.99999999999999,60000
no_vax_base_ops,180,298,2026080698,6102.0,2784.0,0
no_vax_enh_ops,180,298,2026080698,225.99999999999997,90.0,0
vax_base_ops,180,298,2026080698,2461.0,1059.0,15808
vax_enh_ops,180,298,2026080698,275.0,110.0,16820
comm_base_40,180,298,2026080698,447.0,174.0,40000
comm_base_60,180,298,2026080698,327.0,128.0,60000
no_vax_base_ops,90,301,2026080701,1675.0,807.0000000000001,0
no_vax_enh_ops,90,301,2026080701,318.0,150.0,0
vax_base_ops,90,301,2026080701,1542.0,723.0,7300
vax_enh_ops,90,301,2026080701,275.0,127.00000000000001,7900
comm_base_40,90,301,2026080701,658.0,272.0,40000
comm_base_60,90,301,2026080701,405.0,173.0,60000
no_vax_base_ops,180,301,2026080701,5569.0,2600.0,0
no_vax_enh_ops,180,301,2026080701,320.0,151.0,0
vax_base_ops,180,301,2026080701,3139.0,1405.0,16018
vax_enh_ops,180,301,2026080701,278.0,128.0,16859
comm_base_40,180,301,2026080701,774.0,320.0,40000
comm_base_60,180,301,2026080701,464.99999999999994,193.0,60000
no_vax_base_ops,90,297,2026080697,2444.0,1114.0,0
no_vax_enh_ops,90,297,2026080697,457.0,220.0,0
vax_base_ops,90,297,2026080697,1784.0000000000002,810.9999999999999,7283
vax_enh_ops,90,297,2026080697,437.0,200.0,8012
comm_base_40,90,297,2026080697,915.0,409.0,40000
comm_base_60,90,297,2026080697,599.0,252.0,60000
no_vax_base_ops,180,297,2026080697,6915.0,3134.0,0
no_vax_enh_ops,180,297,2026080697,458.0,221.00000000000003,0
vax_base_ops,180,297,2026080697,3277.0,1440.0,15903
vax_enh_ops,180,297,2026080697,439.0,201.0,16948
comm_base_40,180,297,2026080697,1038.0,462.99999999999994,40000
comm_base_60,180,297,2026080697,634.0,269.0,60000
no_vax_base_ops,90,302,2026080702,2073.0,903.9999999999999,0
no_vax_enh_ops,90,302,2026080702,279.0,114.0,0
vax_base_ops,90,302,2026080702,1533.0,637.0,7505
vax_enh_ops,90,302,2026080702,333.0,145.0,7987
comm_base_40,90,302,2026080702,646.0,271.0,40000
comm_base_60,90,302,2026080702,471.0,187.0,60000
no_vax_base_ops,180,302,2026080702,7436.0,3298.0000000000005,0
no_vax_enh_ops,180,302,2026080702,282.0,115.0,0
vax_base_ops,180,302,2026080702,2713.0,1155.0,16208
vax_enh_ops,180,302,2026080702,344.0,147.0,16929
comm_base_40,180,302,2026080702,790.0000000000001,318.0,40000
comm_base_60,180,302,2026080702,522.0,207.99999999999997,60000
no_vax_base_ops,90,299,2026080699,2060.0,929.9999999999999,0
no_vax_enh_ops,90,299,2026080699,267.0,118.0,0
vax_base_ops,90,299,2026080699,1148.0,506.0,7625
vax_enh_ops,90,299,2026080699,275.0,119.00000000000001,8221
comm_base_40,90,299,2026080699,829.0,357.0,40000
comm_base_60,90,299,2026080699,528.0,212.0,60000
no_vax_base_ops,180,299,2026080699,7566.000000000001,3463.9999999999995,0
no_vax_enh_ops,180,299,2026080699,268.0,119.00000000000001,0
vax_base_ops,180,299,2026080699,2273.0,1000.0,16390
vax_enh_ops,180,299,2026080699,277.0,119.99999999999999,17205
comm_base_40,180,299,2026080699,1004.0,423.0,40000
comm_base_60,180,299,2026080699,538.0,215.0,60000
no_vax_base_ops,90,300,2026080700,1891.0,877.0,0
no_vax_enh_ops,90,300,2026080700,362.0,170.0,0
vax_base_ops,90,300,2026080700,1568.0,703.0,7122
vax_enh_ops,90,300,2026080700,362.0,164.0,8165
comm_base_40,90,300,2026080700,713.0,296.0,40000
comm_base_60,90,300,2026080700,503.0,203.0,60000
no_vax_base_ops,180,300,2026080700,6455.0,2933.0,0
no_vax_enh_ops,180,300,2026080700,362.0,170.0,0
vax_base_ops,180,300,2026080700,3332.0000000000005,1495.0,15815
vax_enh_ops,180,300,2026080700,373.0,169.0,17116
comm_base_40,180,300,2026080700,860.0,361.0,40000
comm_base_60,180,300,2026080700,523.0,210.0,60000
no_vax_base_ops,90,304,2026080704,1737.0,809.0,0
no_vax_enh_ops,90,304,2026080704,253.0,115.0,0
vax_base_ops,90,304,2026080704,1386.0,643.0,7651
vax_enh_ops,90,304,2026080704,237.00000000000003,106.0,7885
comm_base_40,90,304,2026080704,588.0,245.0,40000
comm_base_60,90,304,2026080704,408.00000000000006,164.0,60000
no_vax_base_ops,180,304,2026080704,6022.0,2779.0,0
no_vax_enh_ops,180,304,2026080704,253.0,115.0,0
vax_base_ops,180,304,2026080704,2547.0,1135.0,16394
vax_enh_ops,180,304,2026080704,237.00000000000003,106.0,16820
comm_base_40,180,304,2026080704,801.0,352.0,40000
comm_base_60,180,304,2026080704,410.00000000000006,165.0,60000
no_vax_base_ops,90,303,2026080703,1746.0,788.0,0
no_vax_enh_ops,90,303,2026080703,475.0,217.0,0
vax_base_ops,90,303,2026080703,1509.0,661.0,7359
vax_enh_ops,90,303,2026080703,400.0,171.0,8226
comm_base_40,90,303,2026080703,906.0,367.0,40000
comm_base_60,90,303,2026080703,604.0,223.99999999999997,60000
no_vax_base_ops,180,303,2026080703,4753.0,2132.0,0
no_vax_enh_ops,180,303,2026080703,489.0,224.99999999999997,0
vax_base_ops,180,303,2026080703,2614.0,1137.0,16059
vax_enh_ops,180,303,2026080703,404.0,172.0,17135
comm_base_40,180,303,2026080703,1157.0,468.0,40000
comm_base_60,180,303,2026080703,668.0,253.0,60000
no_vax_base_ops,90,305,2026080705,1575.0,740.0,0
no_vax_enh_ops,90,305,2026080705,361.0,170.0,0
vax_base_ops,90,305,2026080705,1320.0,605.0,7914
vax_enh_ops,90,305,2026080705,310.0,146.0,8134
comm_base_40,90,305,2026080705,623.0,285.0,40000
comm_base_60,90,305,2026080705,396.0,170.0,60000
no_vax_base_ops,180,305,2026080705,4875.0,2270.0,0
no_vax_enh_ops,180,305,2026080705,365.0,172.0,0
vax_base_ops,180,305,2026080705,2458.0,1108.0,16652
vax_enh_ops,180,305,2026080705,324.0,150.0,17080
comm_base_40,180,305,2026080705,753.0,341.0,40000
comm_base_60,180,305,2026080705,423.0,179.0,60000
no_vax_base_ops,90,307,2026080707,1699.0000000000002,735.0,0
no_vax_enh_ops,90,307,2026080707,215.0,95.0,0
vax_base_ops,90,307,2026080707,1445.0,615.0,6839
vax_enh_ops,90,307,2026080707,199.0,87.0,7693
comm_base_40,90,307,2026080707,412.00000000000006,169.0,40000
comm_base_60,90,307,2026080707,310.0,130.0,60000
no_vax_base_ops,180,307,2026080707,5861.0,2639.0,0
no_vax_enh_ops,180,307,2026080707,216.0,95.0,0
vax_base_ops,180,307,2026080707,2747.0,1163.0,15583
vax_enh_ops,180,307,2026080707,199.0,87.0,16680
comm_base_40,180,307,2026080707,608.0,248.0,40000
comm_base_60,180,307,2026080707,320.0,131.0,60000
no_vax_base_ops,90,306,2026080706,2348.0,1066.0,0
no_vax_enh_ops,90,306,2026080706,314.0,138.0,0
vax_base_ops,90,306,2026080706,1731.9999999999998,751.0,6824
vax_enh_ops,90,306,2026080706,295.0,126.0,8084
comm_base_40,90,306,2026080706,761.0,326.0,40000
comm_base_60,90,306,2026080706,498.99999999999994,206.99999999999997,60000
no_vax_base_ops,180,306,2026080706,8474.0,3848.0,0
no_vax_enh_ops,180,306,2026080706,314.0,138.0,0
vax_base_ops,180,306,2026080706,3317.0,1480.0,15464
vax_enh_ops,180,306,2026080706,295.0,126.0,17056
comm_base_40,180,306,2026080706,893.0,376.0,40000
comm_base_60,180,306,2026080706,521.0,215.0,60000
no_vax_base_ops,90,309,2026080709,1956.0,869.0,0
no_vax_enh_ops,90,309,2026080709,364.0,168.0,0
vax_base_ops,90,309,2026080709,1721.0,741.0,7763
vax_enh_ops,90,309,2026080709,301.0,136.0,8099
comm_base_40,90,309,2026080709,712.0,308.0,40000
comm_base_60,90,309,2026080709,432.0,180.0,60000
no_vax_base_ops,180,309,2026080709,7087.0,3207.0,0
no_vax_enh_ops,180,309,2026080709,371.0,170.0,0
vax_base_ops,180,309,2026080709,3287.0000000000005,1417.0,16423
vax_enh_ops,180,309,2026080709,301.0,136.0,17020
comm_base_40,180,309,2026080709,847.0,364.0,40000
comm_base_60,180,309,2026080709,446.00000000000006,187.0,60000
no_vax_base_ops,90,308,2026080708,2115.0,952.0000000000001,0
no_vax_enh_ops,90,308,2026080708,294.0,119.99999999999999,0
vax_base_ops,90,308,2026080708,1298.0,567.0,7898
vax_enh_ops,90,308,2026080708,227.0,90.0,8348
comm_base_40,90,308,2026080708,813.0,325.0,40000
comm_base_60,90,308,2026080708,466.99999999999994,177.0,60000
no_vax_base_ops,180,308,2026080708,6727.0,3027.0,0
no_vax_enh_ops,180,308,2026080708,297.0,119.99999999999999,0
vax_base_ops,180,308,2026080708,2410.0,1034.0,16659
vax_enh_ops,180,308,2026080708,227.0,90.0,17322
comm_base_40,180,308,2026080708,984.0,410.00000000000006,40000
comm_base_60,180,308,2026080708,506.0,193.0,60000
no_vax_base_ops,90,310,2026080710,2185.0,966.0,0
no_vax_enh_ops,90,310,2026080710,308.0,134.0,0
vax_base_ops,90,310,2026080710,1691.0000000000002,747.0,6873
vax_enh_ops,90,310,2026080710,261.0,114.0,7976
comm_base_40,90,310,2026080710,729.0,300.0,40000
comm_base_60,90,310,2026080710,430.0,174.0,60000
no_vax_base_ops,180,310,2026080710,7609.000000000001,3424.0,0
no_vax_enh_ops,180,310,2026080710,308.0,134.0,0
vax_base_ops,180,310,2026080710,2942.0,1274.0,15544
vax_enh_ops,180,310,2026080710,261.0,114.0,16957
comm_base_40,180,310,2026080710,906.0,381.0,40000
comm_base_60,180,310,2026080710,437.0,179.0,60000
no_vax_base_ops,90,311,2026080711,1713.0,768.0,0
no_vax_enh_ops,90,311,2026080711,333.0,169.0,0
vax_base_ops,90,311,2026080711,1538.0,670.0,7640
vax_enh_ops,90,311,2026080711,298.0,150.0,7949
comm_base_40,90,311,2026080711,530.0,244.0,40000
comm_base_60,90,311,2026080711,469.0,208.99999999999997,60000
no_vax_base_ops,180,311,2026080711,4478.0,2092.0,0
no_vax_enh_ops,180,311,2026080711,333.0,169.0,0
vax_base_ops,180,311,2026080711,2983.0,1283.0,16334
vax_enh_ops,180,311,2026080711,298.0,150.0,16910
comm_base_40,180,311,2026080711,608.0,281.0,40000
comm_base_60,180,311,2026080711,483.99999999999994,215.0,60000
no_vax_base_ops,90,313,2026080713,1054.0,498.0,0
no_vax_enh_ops,90,313,2026080713,225.99999999999997,105.0,0
vax_base_ops,90,313,2026080713,1044.0,478.00000000000006,7843
vax_enh_ops,90,313,2026080713,217.0,99.0,7956
comm_base_40,90,313,2026080713,426.0,176.0,40000
comm_base_60,90,313,2026080713,280.0,111.99999999999999,60000
no_vax_base_ops,180,313,2026080713,4040.0,1863.0,0
no_vax_enh_ops,180,313,2026080713,225.99999999999997,105.0,0
vax_base_ops,180,313,2026080713,2029.0,889.0,16658
vax_enh_ops,180,313,2026080713,221.00000000000003,101.0,16923
comm_base_40,180,313,2026080713,492.0,207.99999999999997,40000
comm_base_60,180,313,2026080713,289.0,115.0,60000
no_vax_base_ops,90,312,2026080712,2411.0,1096.0,0
no_vax_enh_ops,90,312,2026080712,338.0,158.0,0
vax_base_ops,90,312,2026080712,1831.0,817.0,7466
vax_enh_ops,90,312,2026080712,286.0,130.0,8020
comm_base_40,90,312,2026080712,846.0,357.0,40000
comm_base_60,90,312,2026080712,506.0,197.0,60000
no_vax_base_ops,180,312,2026080712,7445.0,3360.0,0
no_vax_enh_ops,180,312,2026080712,359.0,169.0,0
vax_base_ops,180,312,2026080712,3109.0,1350.0,16090
vax_enh_ops,180,312,2026080712,296.0,135.0,16949
comm_base_40,180,312,2026080712,959.9999999999999,413.99999999999994,40000
comm_base_60,180,312,2026080712,537.0,207.99999999999997,60000
no_vax_base_ops,90,314,2026080714,2325.0,1007.0000000000001,0
no_vax_enh_ops,90,314,2026080714,210.0,98.0,0
vax_base_ops,90,314,2026080714,1700.0000000000002,713.0,7244
vax_enh_ops,90,314,2026080714,199.0,91.0,7913
comm_base_40,90,314,2026080714,656.0,295.0,40000
comm_base_60,90,314,2026080714,440.0,172.0,60000
no_vax_base_ops,180,314,2026080714,8503.0,3868.0,0
no_vax_enh_ops,180,314,2026080714,248.0,112.99999999999999,0
vax_base_ops,180,314,2026080714,3664.0,1569.0,15868
vax_enh_ops,180,314,2026080714,200.0,92.0,16871
comm_base_40,180,314,2026080714,916.0,398.99999999999994,40000
comm_base_60,180,314,2026080714,485.0,186.0,60000
no_vax_base_ops,90,318,2026080718,1821.0,810.9999999999999,0
no_vax_enh_ops,90,318,2026080718,189.0,86.0,0
vax_base_ops,90,318,2026080718,1114.0,479.99999999999994,7180
vax_enh_ops,90,318,2026080718,169.0,79.0,8240
comm_base_40,90,318,2026080718,421.0,182.0,40000
comm_base_60,90,318,2026080718,391.0,164.0,60000
no_vax_base_ops,180,318,2026080718,5975.0,2723.0,0
no_vax_enh_ops,180,318,2026080718,189.0,86.0,0
vax_base_ops,180,318,2026080718,2271.0,970.0,15992
vax_enh_ops,180,318,2026080718,169.0,79.0,17208
comm_base_40,180,318,2026080718,574.0,236.0,40000
comm_base_60,180,318,2026080718,444.00000000000006,184.0,60000
no_vax_base_ops,90,315,2026080715,1929.0000000000002,881.0,0
no_vax_enh_ops,90,315,2026080715,357.0,151.0,0
vax_base_ops,90,315,2026080715,1640.0000000000002,741.0,6929
vax_enh_ops,90,315,2026080715,297.0,122.0,8272
comm_base_40,90,315,2026080715,720.0,305.0,40000
comm_base_60,90,315,2026080715,417.0,159.0,60000
no_vax_base_ops,180,315,2026080715,6573.0,2994.0,0
no_vax_enh_ops,180,315,2026080715,368.0,160.0,0
vax_base_ops,180,315,2026080715,3572.0,1546.0,15551
vax_enh_ops,180,315,2026080715,297.0,122.0,17237
comm_base_40,180,315,2026080715,844.0,354.0,40000
comm_base_60,180,315,2026080715,424.0,159.0,60000
no_vax_base_ops,90,317,2026080717,1576.0,720.0,0
no_vax_enh_ops,90,317,2026080717,281.0,123.0,0
vax_base_ops,90,317,2026080717,1275.0,568.0,7102
vax_enh_ops,90,317,2026080717,199.0,88.0,8095
comm_base_40,90,317,2026080717,604.0,249.0,40000
comm_base_60,90,317,2026080717,390.0,153.0,60000
no_vax_base_ops,180,317,2026080717,5121.0,2322.0,0
no_vax_enh_ops,180,317,2026080717,295.0,131.0,0
vax_base_ops,180,317,2026080717,2070.0,903.0,15864
vax_enh_ops,180,317,2026080717,199.0,88.0,17078
comm_base_40,180,317,2026080717,791.0,340.0,40000
comm_base_60,180,317,2026080717,419.0,163.0,60000
no_vax_base_ops,90,316,2026080716,1966.0,897.0,0
no_vax_enh_ops,90,316,2026080716,376.0,174.0,0
vax_base_ops,90,316,2026080716,1943.0,852.0,7397
vax_enh_ops,90,316,2026080716,297.0,138.0,8149
comm_base_40,90,316,2026080716,551.0,239.00000000000003,40000
comm_base_60,90,316,2026080716,476.00000000000006,190.0,60000
no_vax_base_ops,180,316,2026080716,6475.0,2881.0,0
no_vax_enh_ops,180,316,2026080716,377.0,174.0,0
vax_base_ops,180,316,2026080716,3828.9999999999995,1663.0,15995
vax_enh_ops,180,316,2026080716,300.0,138.0,17073
comm_base_40,180,316,2026080716,783.0,330.0,40000
comm_base_60,180,316,2026080716,486.0,195.0,60000
no_vax_base_ops,90,319,2026080719,1534.0,701.0,0
no_vax_enh_ops,90,319,2026080719,199.0,93.0,0
vax_base_ops,90,319,2026080719,804.0,349.0,7587
vax_enh_ops,90,319,2026080719,199.0,93.0,7902
comm_base_40,90,319,2026080719,529.0,217.0,40000
comm_base_60,90,319,2026080719,381.0,167.0,60000
no_vax_base_ops,180,319,2026080719,5730.0,2686.0,0
no_vax_enh_ops,180,319,2026080719,199.0,93.0,0
vax_base_ops,180,319,2026080719,1088.0,466.99999999999994,16263
vax_enh_ops,180,319,2026080719,199.0,93.0,16890
comm_base_40,180,319,2026080719,672.0,275.0,40000
comm_base_60,180,319,2026080719,400.99999999999994,175.0,60000
no_vax_base_ops,90,320,2026080720,1428.0,626.0,0
no_vax_enh_ops,90,320,2026080720,215.0,94.0,0
vax_base_ops,90,320,2026080720,1306.0,554.0,7659
vax_enh_ops,90,320,2026080720,213.0,92.0,8265
comm_base_40,90,320,2026080720,483.0,201.0,40000
comm_base_60,90,320,2026080720,419.0,168.0,60000
no_vax_base_ops,180,320,2026080720,4242.0,1908.0,0
no_vax_enh_ops,180,320,2026080720,229.0,100.0,0
vax_base_ops,180,320,2026080720,2439.0,1037.0,16385
vax_enh_ops,180,320,2026080720,218.0,94.0,17226
comm_base_40,180,320,2026080720,517.0,215.0,40000
comm_base_60,180,320,2026080720,447.0,179.0,60000
no_vax_base_ops,90,321,2026080721,1995.9999999999998,938.0,0
no_vax_enh_ops,90,321,2026080721,359.0,164.0,0
vax_base_ops,90,321,2026080721,1265.0,570.0,7755
vax_enh_ops,90,321,2026080721,302.0,135.0,8147
comm_base_40,90,321,2026080721,649.0,292.0,40000
comm_base_60,90,321,2026080721,400.99999999999994,170.0,60000
no_vax_base_ops,180,321,2026080721,6945.0,3241.0,0
no_vax_enh_ops,180,321,2026080721,361.0,165.0,0
vax_base_ops,180,321,2026080721,2139.0,950.0,16513
vax_enh_ops,180,321,2026080721,304.0,136.0,17132
comm_base_40,180,321,2026080721,938.0,411.0,40000
comm_base_60,180,321,2026080721,432.99999999999994,183.0,60000
no_vax_base_ops,90,323,2026080723,1652.0,776.0,0
no_vax_enh_ops,90,323,2026080723,272.0,125.0,0
vax_base_ops,90,323,2026080723,1362.0,626.0,6608
vax_enh_ops,90,323,2026080723,199.0,92.0,8049
comm_base_40,90,323,2026080723,455.0,204.00000000000003,40000
comm_base_60,90,323,2026080723,332.0,144.0,60000
no_vax_base_ops,180,323,2026080723,5388.0,2487.0,0
no_vax_enh_ops,180,323,2026080723,275.0,126.0,0
vax_base_ops,180,323,2026080723,2951.0,1325.0,15343
vax_enh_ops,180,323,2026080723,199.0,92.0,13111
comm_base_40,180,323,2026080723,510.00000000000006,231.0,40000
comm_base_60,180,323,2026080723,348.0,152.0,60000
no_vax_base_ops,90,324,2026080724,2037.0,949.0,0
no_vax_enh_ops,90,324,2026080724,396.99999999999994,165.0,0
vax_base_ops,90,324,2026080724,1359.0,629.0,6862
vax_enh_ops,90,324,2026080724,225.99999999999997,97.0,8130
comm_base_40,90,324,2026080724,700.0,308.0,40000
comm_base_60,90,324,2026080724,451.0,156.0,60000
no_vax_base_ops,180,324,2026080724,6469.999999999999,2931.0,0
no_vax_enh_ops,180,324,2026080724,438.0,186.0,0
vax_base_ops,180,324,2026080724,2337.0,1059.0,15640
vax_enh_ops,180,324,2026080724,225.99999999999997,97.0,17114
comm_base_40,180,324,2026080724,948.0000000000001,425.00000000000006,40000
comm_base_60,180,324,2026080724,466.0,162.0,60000
no_vax_base_ops,90,325,2026080725,1890.0,861.9999999999999,0
no_vax_enh_ops,90,325,2026080725,275.0,127.00000000000001,0
vax_base_ops,90,325,2026080725,1615.0000000000002,699.0,6618
vax_enh_ops,90,325,2026080725,216.0,102.00000000000001,7896
comm_base_40,90,325,2026080725,521.0,223.99999999999997,40000
comm_base_60,90,325,2026080725,315.0,128.0,60000
no_vax_base_ops,180,325,2026080725,7382.0,3284.0,0
no_vax_enh_ops,180,325,2026080725,280.0,130.0,0
vax_base_ops,180,325,2026080725,3257.0,1414.0,15279
vax_enh_ops,180,325,2026080725,216.0,102.00000000000001,16882
comm_base_40,180,325,2026080725,604.0,257.0,40000
comm_base_60,180,325,2026080725,318.0,128.0,60000
no_vax_base_ops,90,322,2026080722,2090.0,928.0,0
no_vax_enh_ops,90,322,2026080722,383.0,177.0,0
vax_base_ops,90,322,2026080722,1683.0000000000002,737.0,6896
vax_enh_ops,90,322,2026080722,396.99999999999994,181.0,7846
comm_base_40,90,322,2026080722,664.0,287.0,40000
comm_base_60,90,322,2026080722,421.0,165.0,60000
no_vax_base_ops,180,322,2026080722,8713.0,3911.0,0
no_vax_enh_ops,180,322,2026080722,421.0,188.0,0
vax_base_ops,180,322,2026080722,2962.0,1262.0,15524
vax_enh_ops,180,322,2026080722,398.0,181.0,16764
comm_base_40,180,322,2026080722,936.0,393.00000000000006,40000
comm_base_60,180,322,2026080722,421.0,165.0,60000
no_vax_base_ops,90,326,2026080726,1629.0,735.0,0
no_vax_enh_ops,90,326,2026080726,203.0,86.0,0
vax_base_ops,90,326,2026080726,1228.0,549.0,6173
vax_enh_ops,90,326,2026080726,166.0,73.0,7990
comm_base_40,90,326,2026080726,422.0,177.0,40000
comm_base_60,90,326,2026080726,214.0,84.0,60000
no_vax_base_ops,180,326,2026080726,6047.0,2744.0,0
no_vax_enh_ops,180,326,2026080726,205.00000000000003,86.0,0
vax_base_ops,180,326,2026080726,2606.0,1151.0,14921
vax_enh_ops,180,326,2026080726,166.0,73.0,16974
comm_base_40,180,326,2026080726,483.0,200.0,40000
comm_base_60,180,326,2026080726,222.00000000000003,87.0,60000
no_vax_base_ops,90,327,2026080727,2354.0,1037.0,0
no_vax_enh_ops,90,327,2026080727,223.99999999999997,99.0,0
vax_base_ops,90,327,2026080727,1823.0,786.0000000000001,7503
vax_enh_ops,90,327,2026080727,232.0,103.00000000000001,8049
comm_base_40,90,327,2026080727,800.0,332.0,40000
comm_base_60,90,327,2026080727,498.99999999999994,196.0,60000
no_vax_base_ops,180,327,2026080727,7410.0,3379.0,0
no_vax_enh_ops,180,327,2026080727,223.99999999999997,99.0,0
vax_base_ops,180,327,2026080727,3649.0,1611.0,16084
vax_enh_ops,180,327,2026080727,232.0,103.00000000000001,17008
comm_base_40,180,327,2026080727,1003.0000000000001,421.0,40000
comm_base_60,180,327,2026080727,533.0,210.0,60000
no_vax_base_ops,90,328,2026080728,2188.0,997.0,0
no_vax_enh_ops,90,328,2026080728,241.99999999999997,111.00000000000001,0
vax_base_ops,90,328,2026080728,1406.0,646.0,7293
vax_enh_ops,90,328,2026080728,174.0,79.0,7946
comm_base_40,90,328,2026080728,644.0,282.0,40000
comm_base_60,90,328,2026080728,486.0,198.0,60000
no_vax_base_ops,180,328,2026080728,9170.0,4232.0,0
no_vax_enh_ops,180,328,2026080728,247.0,115.0,0
vax_base_ops,180,328,2026080728,2306.0,999.0000000000001,16048
vax_enh_ops,180,328,2026080728,174.0,79.0,16935
comm_base_40,180,328,2026080728,880.0,386.0,40000
comm_base_60,180,328,2026080728,535.0,213.0,60000
no_vax_base_ops,90,329,2026080729,2248.0,1038.0,0
no_vax_enh_ops,90,329,2026080729,284.0,133.0,0
vax_base_ops,90,329,2026080729,1492.0,668.0,7104
vax_enh_ops,90,329,2026080729,218.0,98.0,8168
comm_base_40,90,329,2026080729,736.0,315.0,40000
comm_base_60,90,329,2026080729,599.0,241.99999999999997,60000
no_vax_base_ops,180,329,2026080729,7412.000000000001,3425.0000000000005,0
no_vax_enh_ops,180,329,2026080729,289.0,135.0,0
vax_base_ops,180,329,2026080729,3228.0000000000005,1444.0,15762
vax_enh_ops,180,329,2026080729,218.0,98.0,17116
comm_base_40,180,329,2026080729,876.0,380.0,40000
comm_base_60,180,329,2026080729,628.0,253.0,60000
no_vax_base_ops,90,330,2026080730,2277.0,1080.0,0
no_vax_enh_ops,90,330,2026080730,321.0,158.0,0
vax_base_ops,90,330,2026080730,1598.0000000000002,752.0,7730
vax_enh_ops,90,330,2026080730,236.0,111.99999999999999,8399
comm_base_40,90,330,2026080730,495.00000000000006,221.00000000000003,40000
comm_base_60,90,330,2026080730,324.0,146.0,60000
no_vax_base_ops,180,330,2026080730,6893.000000000001,3187.0000000000005,0
no_vax_enh_ops,180,330,2026080730,324.0,158.0,0
vax_base_ops,180,330,2026080730,2971.0,1382.0,16433
vax_enh_ops,180,330,2026080730,236.0,111.99999999999999,17356
comm_base_40,180,330,2026080730,529.0,239.00000000000003,40000
comm_base_60,180,330,2026080730,331.0,149.0,60000
no_vax_base_ops,90,332,2026080732,1746.0,788.0,0
no_vax_enh_ops,90,332,2026080732,191.0,95.0,0
vax_base_ops,90,332,2026080732,1650.0,725.0,6427
vax_enh_ops,90,332,2026080732,238.00000000000003,112.99999999999999,8028
comm_base_40,90,332,2026080732,680.0,281.0,40000
comm_base_60,90,332,2026080732,340.0,143.0,60000
no_vax_base_ops,180,332,2026080732,6784.0,3106.0,0
no_vax_enh_ops,180,332,2026080732,191.0,95.0,0
vax_base_ops,180,332,2026080732,3818.0,1682.0000000000002,15060
vax_enh_ops,180,332,2026080732,238.00000000000003,112.99999999999999,16973
comm_base_40,180,332,2026080732,1114.0,464.99999999999994,40000
comm_base_60,180,332,2026080732,343.0,144.0,60000
no_vax_base_ops,90,331,2026080731,2023.0000000000002,925.0,0
no_vax_enh_ops,90,331,2026080731,363.0,166.0,0
vax_base_ops,90,331,2026080731,1414.0,630.0,6623
vax_enh_ops,90,331,2026080731,333.0,150.0,7982
comm_base_40,90,331,2026080731,640.0,278.0,40000
comm_base_60,90,331,2026080731,413.0,172.0,60000
no_vax_base_ops,180,331,2026080731,6473.0,2951.0,0
no_vax_enh_ops,180,331,2026080731,363.0,166.0,0
vax_base_ops,180,331,2026080731,3045.0,1357.0,15317
vax_enh_ops,180,331,2026080731,337.0,150.0,16942
comm_base_40,180,331,2026080731,742.0,329.0,40000
comm_base_60,180,331,2026080731,445.0,180.0,60000
no_vax_base_ops,90,334,2026080734,1936.9999999999998,839.0,0
no_vax_enh_ops,90,334,2026080734,280.0,119.99999999999999,0
vax_base_ops,90,334,2026080734,1372.0,571.0,6996
vax_enh_ops,90,334,2026080734,301.0,129.0,7914
comm_base_40,90,334,2026080734,537.0,221.00000000000003,40000
comm_base_60,90,334,2026080734,411.0,158.0,60000
no_vax_base_ops,180,334,2026080734,5967.0,2675.0,0
no_vax_enh_ops,180,334,2026080734,280.0,119.99999999999999,0
vax_base_ops,180,334,2026080734,2397.0,1003.0000000000001,15736
vax_enh_ops,180,334,2026080734,304.0,129.0,16869
comm_base_40,180,334,2026080734,692.0,287.0,40000
comm_base_60,180,334,2026080734,466.0,177.0,60000
no_vax_base_ops,90,333,2026080733,1864.0,822.0,0
no_vax_enh_ops,90,333,2026080733,303.0,141.0,0
vax_base_ops,90,333,2026080733,1674.0000000000002,712.0,6438
vax_enh_ops,90,333,2026080733,260.0,112.99999999999999,8051
comm_base_40,90,333,2026080733,589.0,231.0,40000
comm_base_60,90,333,2026080733,485.0,187.0,60000
no_vax_base_ops,180,333,2026080733,6657.0,2976.0,0
no_vax_enh_ops,180,333,2026080733,306.0,142.0,0
vax_base_ops,180,333,2026080733,3124.0,1326.0,15017
vax_enh_ops,180,333,2026080733,260.0,112.99999999999999,17033
comm_base_40,180,333,2026080733,655.0,255.00000000000003,40000
comm_base_60,180,333,2026080733,513.0,201.0,60000
no_vax_base_ops,90,336,2026080736,1701.0,766.0,0
no_vax_enh_ops,90,336,2026080736,276.0,114.0,0
vax_base_ops,90,336,2026080736,1266.0,543.0,7218
vax_enh_ops,90,336,2026080736,298.0,118.0,8041
comm_base_40,90,336,2026080736,640.0,277.0,40000
comm_base_60,90,336,2026080736,362.0,134.0,60000
no_vax_base_ops,180,336,2026080736,7345.0,3295.0,0
no_vax_enh_ops,180,336,2026080736,282.0,117.0,0
vax_base_ops,180,336,2026080736,2638.0,1168.0,15957
vax_enh_ops,180,336,2026080736,308.0,120.99999999999999,16998
comm_base_40,180,336,2026080736,808.0,339.0,40000
comm_base_60,180,336,2026080736,364.0,136.0,60000
no_vax_base_ops,90,335,2026080735,1578.0,715.0,0
no_vax_enh_ops,90,335,2026080735,337.0,158.0,0
vax_base_ops,90,335,2026080735,1500.0,665.0,7151
vax_enh_ops,90,335,2026080735,247.0,112.99999999999999,8342
comm_base_40,90,335,2026080735,599.0,260.0,40000
comm_base_60,90,335,2026080735,434.0,177.0,60000
no_vax_base_ops,180,335,2026080735,4932.0,2185.0,0
no_vax_enh_ops,180,335,2026080735,339.0,158.0,0
vax_base_ops,180,335,2026080735,3015.0,1290.0,15824
vax_enh_ops,180,335,2026080735,247.0,112.99999999999999,17313
comm_base_40,180,335,2026080735,858.0000000000001,374.0,40000
comm_base_60,180,335,2026080735,485.0,199.0,60000
no_vax_base_ops,90,338,2026080738,2023.0000000000002,898.0,0
no_vax_enh_ops,90,338,2026080738,311.0,138.0,0
vax_base_ops,90,338,2026080738,1280.0,546.0,7418
vax_enh_ops,90,338,2026080738,330.0,145.0,7943
comm_base_40,90,338,2026080738,679.0,270.0,40000
comm_base_60,90,338,2026080738,400.0,159.0,60000
no_vax_base_ops,180,338,2026080738,6669.999999999999,3075.0,0
no_vax_enh_ops,180,338,2026080738,324.0,144.0,0
vax_base_ops,180,338,2026080738,1908.0,823.0,16216
vax_enh_ops,180,338,2026080738,341.0,148.0,16868
comm_base_40,180,338,2026080738,911.0,376.0,40000
comm_base_60,180,338,2026080738,420.0,166.0,60000
no_vax_base_ops,90,337,2026080737,1794.0,856.0,0
no_vax_enh_ops,90,337,2026080737,271.0,136.0,0
vax_base_ops,90,337,2026080737,1699.0000000000002,796.0,7541
vax_enh_ops,90,337,2026080737,223.00000000000003,115.0,8040
comm_base_40,90,337,2026080737,588.0,265.0,40000
comm_base_60,90,337,2026080737,344.0,155.0,60000
no_vax_base_ops,180,337,2026080737,6268.0,2863.0,0
no_vax_enh_ops,180,337,2026080737,271.0,136.0,0
vax_base_ops,180,337,2026080737,3065.0,1363.0,16225
vax_enh_ops,180,337,2026080737,223.00000000000003,115.0,17009
comm_base_40,180,337,2026080737,803.0000000000001,367.0,40000
comm_base_60,180,337,2026080737,374.0,164.0,60000
no_vax_base_ops,90,339,2026080739,2028.0,933.9999999999999,0
no_vax_enh_ops,90,339,2026080739,274.0,134.0,0
vax_base_ops,90,339,2026080739,1608.0,719.0,6673
vax_enh_ops,90,339,2026080739,245.0,117.0,7837
comm_base_40,90,339,2026080739,838.0,366.0,40000
comm_base_60,90,339,2026080739,346.0,153.0,60000
no_vax_base_ops,180,339,2026080739,6957.000000000001,3182.9999999999995,0
no_vax_enh_ops,180,339,2026080739,274.0,134.0,0
vax_base_ops,180,339,2026080739,3460.0,1507.0,15361
vax_enh_ops,180,339,2026080739,246.0,117.0,16822
comm_base_40,180,339,2026080739,1064.0,456.0,40000
comm_base_60,180,339,2026080739,361.0,157.0,60000
no_vax_base_ops,90,340,2026080740,1477.0,658.0,0
no_vax_enh_ops,90,340,2026080740,235.0,105.0,0
vax_base_ops,90,340,2026080740,1569.9999999999998,672.0,7337
vax_enh_ops,90,340,2026080740,228.0,100.0,8160
comm_base_40,90,340,2026080740,477.0,204.00000000000003,40000
comm_base_60,90,340,2026080740,321.0,123.0,60000
no_vax_base_ops,180,340,2026080740,4360.0,1953.9999999999998,0
no_vax_enh_ops,180,340,2026080740,235.0,105.0,0
vax_base_ops,180,340,2026080740,3376.0,1431.0,16005
vax_enh_ops,180,340,2026080740,239.99999999999997,103.00000000000001,17102
comm_base_40,180,340,2026080740,556.0,228.0,40000
comm_base_60,180,340,2026080740,326.0,124.0,60000
no_vax_base_ops,90,342,2026080742,1343.0,620.0,0
no_vax_enh_ops,90,342,2026080742,206.00000000000003,101.0,0
vax_base_ops,90,342,2026080742,1074.0,481.0,7853
vax_enh_ops,90,342,2026080742,175.0,87.0,8315
comm_base_40,90,342,2026080742,387.0,163.0,40000
comm_base_60,90,342,2026080742,224.99999999999997,100.0,60000
no_vax_base_ops,180,342,2026080742,4498.0,2050.0,0
no_vax_enh_ops,180,342,2026080742,212.0,103.00000000000001,0
vax_base_ops,180,342,2026080742,2243.0,993.0,16587
vax_enh_ops,180,342,2026080742,175.0,87.0,17305
comm_base_40,180,342,2026080742,473.0,191.0,40000
comm_base_60,180,342,2026080742,232.0,103.00000000000001,60000
no_vax_base_ops,90,341,2026080741,2256.0,1033.0,0
no_vax_enh_ops,90,341,2026080741,257.0,120.99999999999999,0
vax_base_ops,90,341,2026080741,1547.0,695.0,7514
vax_enh_ops,90,341,2026080741,271.0,128.0,8167
comm_base_40,90,341,2026080741,859.0,395.00000000000006,40000
comm_base_60,90,341,2026080741,447.99999999999994,200.0,60000
no_vax_base_ops,180,341,2026080741,8134.0,3645.0000000000005,0
no_vax_enh_ops,180,341,2026080741,257.0,120.99999999999999,0
vax_base_ops,180,341,2026080741,2919.0,1288.0,16224
vax_enh_ops,180,341,2026080741,272.0,129.0,17130
comm_base_40,180,341,2026080741,1026.0,451.99999999999994,40000
comm_base_60,180,341,2026080741,475.0,211.0,60000
no_vax_base_ops,90,344,2026080744,1680.9999999999998,776.0,0
no_vax_enh_ops,90,344,2026080744,318.0,143.0,0
vax_base_ops,90,344,2026080744,1187.0,536.0,7505
vax_enh_ops,90,344,2026080744,277.0,122.0,8164
comm_base_40,90,344,2026080744,593.0,254.00000000000003,40000
comm_base_60,90,344,2026080744,412.00000000000006,152.0,60000
no_vax_base_ops,180,344,2026080744,5311.0,2428.0,0
no_vax_enh_ops,180,344,2026080744,319.0,143.0,0
vax_base_ops,180,344,2026080744,2044.0,903.9999999999999,16316
vax_enh_ops,180,344,2026080744,284.0,124.0,17132
comm_base_40,180,344,2026080744,775.0,326.0,40000
comm_base_60,180,344,2026080744,425.00000000000006,154.0,60000
no_vax_base_ops,90,343,2026080743,1994.0,843.0,0
no_vax_enh_ops,90,343,2026080743,266.0,96.0,0
vax_base_ops,90,343,2026080743,1607.0,665.0,6989
vax_enh_ops,90,343,2026080743,210.0,74.0,8166
comm_base_40,90,343,2026080743,668.0,250.0,40000
comm_base_60,90,343,2026080743,524.0,183.0,60000
no_vax_base_ops,180,343,2026080743,6483.0,2895.0,0
no_vax_enh_ops,180,343,2026080743,268.0,97.0,0
vax_base_ops,180,343,2026080743,3038.0,1295.0,15712
vax_enh_ops,180,343,2026080743,210.0,74.0,17146
comm_base_40,180,343,2026080743,810.0,303.0,40000
comm_base_60,180,343,2026080743,558.0,194.0,60000
no_vax_base_ops,90,345,2026080745,1543.0,701.0,0
no_vax_enh_ops,90,345,2026080745,358.0,171.0,0
vax_base_ops,90,345,2026080745,1498.0,662.0,6498
vax_enh_ops,90,345,2026080745,313.0,151.0,8079
comm_base_40,90,345,2026080745,502.0,217.0,40000
comm_base_60,90,345,2026080745,312.0,143.0,60000
no_vax_base_ops,180,345,2026080745,5487.0,2559.0,0
no_vax_enh_ops,180,345,2026080745,358.0,171.0,0
vax_base_ops,180,345,2026080745,3372.0,1503.0,15132
vax_enh_ops,180,345,2026080745,313.0,151.0,17059
comm_base_40,180,345,2026080745,585.0,247.0,40000
comm_base_60,180,345,2026080745,328.0,149.0,60000
no_vax_base_ops,90,346,2026080746,1431.0,632.0,0
no_vax_enh_ops,90,346,2026080746,345.0,157.0,0
vax_base_ops,90,346,2026080746,1209.0,520.0,7712
vax_enh_ops,90,346,2026080746,333.0,150.0,8101
comm_base_40,90,346,2026080746,636.0,252.0,40000
comm_base_60,90,346,2026080746,537.0,215.0,60000
no_vax_base_ops,180,346,2026080746,4065.0,1779.0,0
no_vax_enh_ops,180,346,2026080746,347.0,157.0,0
vax_base_ops,180,346,2026080746,1674.0000000000002,710.0,16528
vax_enh_ops,180,346,2026080746,337.0,151.0,17055
comm_base_40,180,346,2026080746,729.0,295.0,40000
comm_base_60,180,346,2026080746,592.0,235.0,60000
no_vax_base_ops,90,348,2026080748,2036.0,895.0,0
no_vax_enh_ops,90,348,2026080748,299.0,120.99999999999999,0
vax_base_ops,90,348,2026080748,1230.0,521.0,6681
vax_enh_ops,90,348,2026080748,258.0,101.0,7888
comm_base_40,90,348,2026080748,502.0,206.00000000000003,40000
comm_base_60,90,348,2026080748,432.99999999999994,163.0,60000
no_vax_base_ops,180,348,2026080748,6518.0,2897.0,0
no_vax_enh_ops,180,348,2026080748,305.0,124.0,0
vax_base_ops,180,348,2026080748,2639.0,1122.0,15405
vax_enh_ops,180,348,2026080748,258.0,101.0,16889
comm_base_40,180,348,2026080748,670.0,270.0,40000
comm_base_60,180,348,2026080748,453.0,173.0,60000
no_vax_base_ops,90,347,2026080747,2198.0,1000.0,0
no_vax_enh_ops,90,347,2026080747,326.0,147.0,0
vax_base_ops,90,347,2026080747,1618.0,717.0,7535
vax_enh_ops,90,347,2026080747,239.00000000000003,103.99999999999999,8368
comm_base_40,90,347,2026080747,696.0,286.0,40000
comm_base_60,90,347,2026080747,489.0,191.0,60000
no_vax_base_ops,180,347,2026080747,6525.0,2976.0,0
no_vax_enh_ops,180,347,2026080747,332.0,151.0,0
vax_base_ops,180,347,2026080747,3395.9999999999995,1484.0,16224
vax_enh_ops,180,347,2026080747,239.00000000000003,103.99999999999999,17352
comm_base_40,180,347,2026080747,808.0,340.0,40000
comm_base_60,180,347,2026080747,576.0,223.99999999999997,60000
no_vax_base_ops,90,349,2026080749,1885.9999999999998,833.0000000000001,0
no_vax_enh_ops,90,349,2026080749,333.0,147.0,0
vax_base_ops,90,349,2026080749,1576.0,690.0,7197
vax_enh_ops,90,349,2026080749,258.0,116.0,8179
comm_base_40,90,349,2026080749,525.0,207.99999999999997,40000
comm_base_60,90,349,2026080749,387.0,137.0,60000
no_vax_base_ops,180,349,2026080749,5956.0,2700.0,0
no_vax_enh_ops,180,349,2026080749,343.0,149.0,0
vax_base_ops,180,349,2026080749,2760.0,1195.0,15919
vax_enh_ops,180,349,2026080749,258.0,116.0,17140
comm_base_40,180,349,2026080749,564.0,222.00000000000003,40000
comm_base_60,180,349,2026080749,396.0,141.0,60000
no_vax_base_ops,90,350,2026080750,1506.0,711.0,0
no_vax_enh_ops,90,350,2026080750,239.00000000000003,127.00000000000001,0
vax_base_ops,90,350,2026080750,1266.0,583.0,6996
vax_enh_ops,90,350,2026080750,247.0,128.0,7951
comm_base_40,90,350,2026080750,396.99999999999994,185.0,40000
comm_base_60,90,350,2026080750,320.0,140.0,60000
no_vax_base_ops,180,350,2026080750,4472.0,2045.0,0
no_vax_enh_ops,180,350,2026080750,239.00000000000003,127.00000000000001,0
vax_base_ops,180,350,2026080750,2464.0,1098.0,15724
vax_enh_ops,180,350,2026080750,247.0,128.0,16936
comm_base_40,180,350,2026080750,421.0,192.0,40000
comm_base_60,180,350,2026080750,321.0,141.0,60000
no_vax_base_ops,90,352,2026080752,1932.0,871.0000000000001,0
no_vax_enh_ops,90,352,2026080752,330.0,158.0,0
vax_base_ops,90,352,2026080752,1558.0,698.0,6931
vax_enh_ops,90,352,2026080752,325.0,153.0,7869
comm_base_40,90,352,2026080752,698.0,303.0,40000
comm_base_60,90,352,2026080752,434.0,176.0,60000
no_vax_base_ops,180,352,2026080752,5752.0,2555.0,0
no_vax_enh_ops,180,352,2026080752,330.0,158.0,0
vax_base_ops,180,352,2026080752,2605.0,1122.0,15650
vax_enh_ops,180,352,2026080752,330.0,154.0,16823
comm_base_40,180,352,2026080752,878.9999999999999,373.0,40000
comm_base_60,180,352,2026080752,457.0,186.0,60000
no_vax_base_ops,90,351,2026080751,1879.0000000000002,875.0000000000001,0
no_vax_enh_ops,90,351,2026080751,252.0,119.00000000000001,0
vax_base_ops,90,351,2026080751,1389.0,628.0,7368
vax_enh_ops,90,351,2026080751,246.0,112.99999999999999,8101
comm_base_40,90,351,2026080751,630.0,262.0,40000
comm_base_60,90,351,2026080751,425.00000000000006,176.0,60000
no_vax_base_ops,180,351,2026080751,5949.0,2744.0,0
no_vax_enh_ops,180,351,2026080751,252.0,119.00000000000001,0
vax_base_ops,180,351,2026080751,2593.0,1167.0,16079
vax_enh_ops,180,351,2026080751,246.0,112.99999999999999,17055
comm_base_40,180,351,2026080751,807.0000000000001,331.0,40000
comm_base_60,180,351,2026080751,461.00000000000006,190.0,60000
no_vax_base_ops,90,353,2026080753,1380.0,645.0,0
no_vax_enh_ops,90,353,2026080753,283.0,133.0,0
vax_base_ops,90,353,2026080753,1068.0,485.0,7286
vax_enh_ops,90,353,2026080753,288.0,134.0,8137
comm_base_40,90,353,2026080753,584.0,259.0,40000
comm_base_60,90,353,2026080753,334.0,145.0,60000
no_vax_base_ops,180,353,2026080753,4052.9999999999995,1838.0,0
no_vax_enh_ops,180,353,2026080753,284.0,134.0,0
vax_base_ops,180,353,2026080753,1626.0,738.0,16114
vax_enh_ops,180,353,2026080753,288.0,134.0,17090
comm_base_40,180,353,2026080753,741.0,321.0,40000
comm_base_60,180,353,2026080753,375.0,163.0,60000
no_vax_base_ops,90,355,2026080755,1638.9999999999998,756.0,0
no_vax_enh_ops,90,355,2026080755,247.0,120.99999999999999,0
vax_base_ops,90,355,2026080755,1061.0,488.0,7533
vax_enh_ops,90,355,2026080755,213.0,106.0,8128
comm_base_40,90,355,2026080755,464.99999999999994,200.0,40000
comm_base_60,90,355,2026080755,339.0,142.0,60000
no_vax_base_ops,180,355,2026080755,5518.0,2540.0,0
no_vax_enh_ops,180,355,2026080755,277.0,135.0,0
vax_base_ops,180,355,2026080755,1854.0,837.0000000000001,16323
vax_enh_ops,180,355,2026080755,213.0,106.0,17105
comm_base_40,180,355,2026080755,608.0,259.0,40000
comm_base_60,180,355,2026080755,356.0,150.0,60000
no_vax_base_ops,90,354,2026080754,1755.0,800.0,0
no_vax_enh_ops,90,354,2026080754,271.0,120.99999999999999,0
vax_base_ops,90,354,2026080754,1098.0,498.0,7459
vax_enh_ops,90,354,2026080754,178.0,77.0,8166
comm_base_40,90,354,2026080754,703.0,306.0,40000
comm_base_60,90,354,2026080754,421.0,172.0,60000
no_vax_base_ops,180,354,2026080754,6314.0,2858.0,0
no_vax_enh_ops,180,354,2026080754,293.0,129.0,0
vax_base_ops,180,354,2026080754,1824.9999999999998,801.9999999999999,16281
vax_enh_ops,180,354,2026080754,178.0,77.0,17133
comm_base_40,180,354,2026080754,942.0,415.99999999999994,40000
comm_base_60,180,354,2026080754,443.0,181.0,60000
no_vax_base_ops,90,356,2026080756,1688.0,770.0,0
no_vax_enh_ops,90,356,2026080756,275.0,126.0,0
vax_base_ops,90,356,2026080756,1314.0,575.0,7273
vax_enh_ops,90,356,2026080756,221.00000000000003,95.0,8334
comm_base_40,90,356,2026080756,648.0,268.0,40000
comm_base_60,90,356,2026080756,349.0,133.0,60000
no_vax_base_ops,180,356,2026080756,5884.0,2681.0,0
no_vax_enh_ops,180,356,2026080756,280.0,128.0,0
vax_base_ops,180,356,2026080756,2641.0,1161.0,15981
vax_enh_ops,180,356,2026080756,221.00000000000003,95.0,17292
comm_base_40,180,356,2026080756,882.0,367.0,40000
comm_base_60,180,356,2026080756,351.0,133.0,60000
no_vax_base_ops,90,357,2026080757,1592.0,730.0,0
no_vax_enh_ops,90,357,2026080757,290.0,128.0,0
vax_base_ops,90,357,2026080757,993.0,430.99999999999994,7247
vax_enh_ops,90,357,2026080757,271.0,119.00000000000001,7995
comm_base_40,90,357,2026080757,563.0,240.99999999999997,40000
comm_base_60,90,357,2026080757,332.0,136.0,60000
no_vax_base_ops,180,357,2026080757,5391.0,2406.0,0
no_vax_enh_ops,180,357,2026080757,309.0,139.0,0
vax_base_ops,180,357,2026080757,1824.0,822.0,16067
vax_enh_ops,180,357,2026080757,284.0,124.0,16954
comm_base_40,180,357,2026080757,669.0,283.0,40000
comm_base_60,180,357,2026080757,344.0,142.0,60000
no_vax_base_ops,90,360,2026080760,1387.0,658.0,0
no_vax_enh_ops,90,360,2026080760,274.0,126.0,0
vax_base_ops,90,360,2026080760,1097.0,494.0,7249
vax_enh_ops,90,360,2026080760,222.00000000000003,97.0,7829
comm_base_40,90,360,2026080760,486.0,202.0,40000
comm_base_60,90,360,2026080760,338.0,145.0,60000
no_vax_base_ops,180,360,2026080760,4503.0,2101.0,0
no_vax_enh_ops,180,360,2026080760,279.0,128.0,0
vax_base_ops,180,360,2026080760,1930.0000000000002,860.0,16010
vax_enh_ops,180,360,2026080760,225.99999999999997,99.0,16804
comm_base_40,180,360,2026080760,693.0,287.0,40000
comm_base_60,180,360,2026080760,344.0,148.0,60000
no_vax_base_ops,90,358,2026080758,2038.9999999999998,942.0,0
no_vax_enh_ops,90,358,2026080758,305.0,138.0,0
vax_base_ops,90,358,2026080758,1166.0,534.0,7316
vax_enh_ops,90,358,2026080758,279.0,119.99999999999999,7983
comm_base_40,90,358,2026080758,595.0,266.0,40000
comm_base_60,90,358,2026080758,516.0,211.0,60000
no_vax_base_ops,180,358,2026080758,8125.0,3735.0,0
no_vax_enh_ops,180,358,2026080758,310.0,141.0,0
vax_base_ops,180,358,2026080758,2066.0,923.0,16125
vax_enh_ops,180,358,2026080758,282.0,122.0,16933
comm_base_40,180,358,2026080758,766.0,342.0,40000
comm_base_60,180,358,2026080758,533.0,221.00000000000003,60000
no_vax_base_ops,90,359,2026080759,2001.0,937.0,0
no_vax_enh_ops,90,359,2026080759,296.0,143.0,0
vax_base_ops,90,359,2026080759,1511.0,684.0,7225
vax_enh_ops,90,359,2026080759,301.0,143.0,8148
comm_base_40,90,359,2026080759,651.0,301.0,40000
comm_base_60,90,359,2026080759,445.0,189.0,60000
no_vax_base_ops,180,359,2026080759,6345.000000000001,2923.0,0
no_vax_enh_ops,180,359,2026080759,317.0,157.0,0
vax_base_ops,180,359,2026080759,3019.0,1351.0,15921
vax_enh_ops,180,359,2026080759,333.0,162.0,17070
comm_base_40,180,359,2026080759,967.9999999999999,426.0,40000
comm_base_60,180,359,2026080759,459.00000000000006,193.0,60000
no_vax_base_ops,90,362,2026080762,2251.0,996.0,0
no_vax_enh_ops,90,362,2026080762,320.0,142.0,0
vax_base_ops,90,362,2026080762,2057.0,890.0,6634
vax_enh_ops,90,362,2026080762,311.0,136.0,8183
comm_base_40,90,362,2026080762,623.0,259.0,40000
comm_base_60,90,362,2026080762,389.0,148.0,60000
no_vax_base_ops,180,362,2026080762,7138.999999999999,3218.0,0
no_vax_enh_ops,180,362,2026080762,321.0,142.0,0
vax_base_ops,180,362,2026080762,3651.9999999999995,1581.0,15160
vax_enh_ops,180,362,2026080762,311.0,136.0,17183
comm_base_40,180,362,2026080762,724.0,302.0,40000
comm_base_60,180,362,2026080762,396.0,151.0,60000
no_vax_base_ops,90,364,2026080764,1402.0,614.0,0
no_vax_enh_ops,90,364,2026080764,286.0,126.0,0
vax_base_ops,90,364,2026080764,967.0,423.0,6834
vax_enh_ops,90,364,2026080764,230.0,97.0,8173
comm_base_40,90,364,2026080764,587.0,230.0,40000
comm_base_60,90,364,2026080764,392.0,144.0,60000
no_vax_base_ops,180,364,2026080764,4903.0,2164.0,0
no_vax_enh_ops,180,364,2026080764,294.0,129.0,0
vax_base_ops,180,364,2026080764,1951.0,837.0000000000001,15578
vax_enh_ops,180,364,2026080764,230.0,97.0,17160
comm_base_40,180,364,2026080764,754.0,309.0,40000
comm_base_60,180,364,2026080764,411.0,151.0,60000
no_vax_base_ops,90,365,2026080765,1609.0,745.0,0
no_vax_enh_ops,90,365,2026080765,268.0,132.0,0
vax_base_ops,90,365,2026080765,1124.0,517.0,6692
vax_enh_ops,90,365,2026080765,293.0,137.0,8049
comm_base_40,90,365,2026080765,437.0,197.0,40000
comm_base_60,90,365,2026080765,392.0,166.0,60000
no_vax_base_ops,180,365,2026080765,5475.0,2474.0,0
no_vax_enh_ops,180,365,2026080765,269.0,133.0,0
vax_base_ops,180,365,2026080765,2591.0,1131.0,15422
vax_enh_ops,180,365,2026080765,298.0,138.0,17018
comm_base_40,180,365,2026080765,520.0,239.00000000000003,40000
comm_base_60,180,365,2026080765,432.0,181.0,60000
no_vax_base_ops,90,363,2026080763,1910.0,854.0000000000001,0
no_vax_enh_ops,90,363,2026080763,382.0,169.0,0
vax_base_ops,90,363,2026080763,1498.0,633.0,7167
vax_enh_ops,90,363,2026080763,305.0,131.0,8162
comm_base_40,90,363,2026080763,859.0,353.0,40000
comm_base_60,90,363,2026080763,462.99999999999994,182.0,60000
no_vax_base_ops,180,363,2026080763,6727.0,2984.0,0
no_vax_enh_ops,180,363,2026080763,382.0,169.0,0
vax_base_ops,180,363,2026080763,2979.0,1260.0,15905
vax_enh_ops,180,363,2026080763,325.0,140.0,17132
comm_base_40,180,363,2026080763,1057.0,429.00000000000006,40000
comm_base_60,180,363,2026080763,521.0,203.0,60000
no_vax_base_ops,90,361,2026080761,2400.0,1072.0,0
no_vax_enh_ops,90,361,2026080761,341.0,156.0,0
vax_base_ops,90,361,2026080761,1816.0,774.0,6572
vax_enh_ops,90,361,2026080761,322.0,150.0,8307
comm_base_40,90,361,2026080761,745.0,318.0,40000
comm_base_60,90,361,2026080761,388.0,155.0,60000
no_vax_base_ops,180,361,2026080761,8672.0,3973.0,0
no_vax_enh_ops,180,361,2026080761,347.0,160.0,0
vax_base_ops,180,361,2026080761,3664.0,1562.0,15163
vax_enh_ops,180,361,2026080761,337.0,152.0,17206
comm_base_40,180,361,2026080761,949.0,398.0,40000
comm_base_60,180,361,2026080761,400.99999999999994,156.0,60000
no_vax_base_ops,90,366,2026080766,1863.0,837.0000000000001,0
no_vax_enh_ops,90,366,2026080766,348.0,152.0,0
vax_base_ops,90,366,2026080766,1260.0,529.0,7618
vax_enh_ops,90,366,2026080766,246.0,108.0,7826
comm_base_40,90,366,2026080766,740.0,295.0,40000
comm_base_60,90,366,2026080766,400.0,161.0,60000
no_vax_base_ops,180,366,2026080766,5519.0,2504.0,0
no_vax_enh_ops,180,366,2026080766,361.0,160.0,0
vax_base_ops,180,366,2026080766,2510.0,1079.0,16294
vax_enh_ops,180,366,2026080766,246.0,108.0,16783
comm_base_40,180,366,2026080766,882.0,350.0,40000
comm_base_60,180,366,2026080766,451.0,181.0,60000
no_vax_base_ops,90,367,2026080767,2331.0,1095.0,0
no_vax_enh_ops,90,367,2026080767,223.99999999999997,111.00000000000001,0
vax_base_ops,90,367,2026080767,1782.9999999999998,813.0,7689
vax_enh_ops,90,367,2026080767,232.0,111.99999999999999,8344
comm_base_40,90,367,2026080767,920.0,415.99999999999994,40000
comm_base_60,90,367,2026080767,404.0,160.0,60000
no_vax_base_ops,180,367,2026080767,7524.0,3451.0,0
no_vax_enh_ops,180,367,2026080767,223.99999999999997,111.00000000000001,0
vax_base_ops,180,367,2026080767,3735.9999999999995,1654.0,16318
vax_enh_ops,180,367,2026080767,234.0,112.99999999999999,17305
comm_base_40,180,367,2026080767,1087.0,485.0,40000
comm_base_60,180,367,2026080767,446.00000000000006,180.0,60000
no_vax_base_ops,90,368,2026080768,1973.0,959.9999999999999,0
no_vax_enh_ops,90,368,2026080768,314.0,144.0,0
vax_base_ops,90,368,2026080768,1675.0,797.0,7078
vax_enh_ops,90,368,2026080768,255.00000000000003,119.00000000000001,7949
comm_base_40,90,368,2026080768,567.0,260.0,40000
comm_base_60,90,368,2026080768,415.99999999999994,187.0,60000
no_vax_base_ops,180,368,2026080768,7267.999999999999,3411.0,0
no_vax_enh_ops,180,368,2026080768,325.0,150.0,0
vax_base_ops,180,368,2026080768,3679.0000000000005,1692.0,15691
vax_enh_ops,180,368,2026080768,255.00000000000003,119.00000000000001,16915
comm_base_40,180,368,2026080768,740.0,329.0,40000
comm_base_60,180,368,2026080768,430.0,196.0,60000
no_vax_base_ops,90,369,2026080769,1773.0,818.0,0
no_vax_enh_ops,90,369,2026080769,286.0,135.0,0
vax_base_ops,90,369,2026080769,1341.0,584.0,7695
vax_enh_ops,90,369,2026080769,218.0,102.00000000000001,8156
comm_base_40,90,369,2026080769,496.99999999999994,216.0,40000
comm_base_60,90,369,2026080769,363.0,143.0,60000
no_vax_base_ops,180,369,2026080769,5496.0,2483.0,0
no_vax_enh_ops,180,369,2026080769,287.0,135.0,0
vax_base_ops,180,369,2026080769,2635.0,1151.0,16440
vax_enh_ops,180,369,2026080769,218.0,102.00000000000001,17145
comm_base_40,180,369,2026080769,533.0,236.0,40000
comm_base_60,180,369,2026080769,394.0,155.0,60000
no_vax_base_ops,90,372,2026080772,1750.0000000000002,768.0,0
no_vax_enh_ops,90,372,2026080772,229.0,99.0,0
vax_base_ops,90,372,2026080772,1136.0,485.0,7277
vax_enh_ops,90,372,2026080772,227.0,98.0,8069
comm_base_40,90,372,2026080772,496.0,208.99999999999997,40000
comm_base_60,90,372,2026080772,272.0,105.0,60000
no_vax_base_ops,180,372,2026080772,5463.0,2420.0,0
no_vax_enh_ops,180,372,2026080772,229.0,99.0,0
vax_base_ops,180,372,2026080772,2390.0,987.0,16059
vax_enh_ops,180,372,2026080772,227.0,98.0,17072
comm_base_40,180,372,2026080772,699.0,283.0,40000
comm_base_60,180,372,2026080772,281.0,109.0,60000
no_vax_base_ops,90,373,2026080773,1747.0,813.0,0
no_vax_enh_ops,90,373,2026080773,216.0,111.00000000000001,0
vax_base_ops,90,373,2026080773,1696.0,765.0,6906
vax_enh_ops,90,373,2026080773,206.99999999999997,106.0,7876
comm_base_40,90,373,2026080773,477.0,201.0,40000
comm_base_60,90,373,2026080773,336.0,143.0,60000
no_vax_base_ops,180,373,2026080773,5598.0,2536.0,0
no_vax_enh_ops,180,373,2026080773,216.0,111.00000000000001,0
vax_base_ops,180,373,2026080773,3689.0,1627.0,15483
vax_enh_ops,180,373,2026080773,206.99999999999997,106.0,16841
comm_base_40,180,373,2026080773,602.0,256.0,40000
comm_base_60,180,373,2026080773,354.0,150.0,60000
no_vax_base_ops,90,370,2026080770,2363.0,1056.0,0
no_vax_enh_ops,90,370,2026080770,457.0,205.00000000000003,0
vax_base_ops,90,370,2026080770,1780.0,769.0,7118
vax_enh_ops,90,370,2026080770,343.0,151.0,8207
comm_base_40,90,370,2026080770,551.0,230.0,40000
comm_base_60,90,370,2026080770,539.0,212.0,60000
no_vax_base_ops,180,370,2026080770,7942.0,3518.0000000000005,0
no_vax_enh_ops,180,370,2026080770,489.0,220.0,0
vax_base_ops,180,370,2026080770,3547.9999999999995,1514.0,15713
vax_enh_ops,180,370,2026080770,354.0,158.0,17186
comm_base_40,180,370,2026080770,646.0,269.0,40000
comm_base_60,180,370,2026080770,562.0,216.0,60000
no_vax_base_ops,90,371,2026080771,2451.0,1104.0,0
no_vax_enh_ops,90,371,2026080771,449.99999999999994,197.0,0
vax_base_ops,90,371,2026080771,2098.0,912.0,7718
vax_enh_ops,90,371,2026080771,406.0,177.0,8139
comm_base_40,90,371,2026080771,868.0,361.0,40000
comm_base_60,90,371,2026080771,534.0,222.00000000000003,60000
no_vax_base_ops,180,371,2026080771,6551.0,2928.0,0
no_vax_enh_ops,180,371,2026080771,455.0,202.0,0
vax_base_ops,180,371,2026080771,3778.0,1644.0,16242
vax_enh_ops,180,371,2026080771,406.0,177.0,17068
comm_base_40,180,371,2026080771,997.9999999999999,412.00000000000006,40000
comm_base_60,180,371,2026080771,549.0,228.0,60000
no_vax_base_ops,90,374,2026080774,1687.0,805.0,0
no_vax_enh_ops,90,374,2026080774,274.0,136.0,0
vax_base_ops,90,374,2026080774,1405.0,655.0,7362
vax_enh_ops,90,374,2026080774,173.0,83.0,8169
comm_base_40,90,374,2026080774,758.0,340.0,40000
comm_base_60,90,374,2026080774,428.0,190.0,60000
no_vax_base_ops,180,374,2026080774,5483.0,2524.0,0
no_vax_enh_ops,180,374,2026080774,279.0,139.0,0
vax_base_ops,180,374,2026080774,2553.0,1144.0,16114
vax_enh_ops,180,374,2026080774,173.0,83.0,17147
comm_base_40,180,374,2026080774,933.0,411.0,40000
comm_base_60,180,374,2026080774,458.0,206.99999999999997,60000
no_vax_base_ops,90,376,2026080776,1887.0000000000002,855.0,0
no_vax_enh_ops,90,376,2026080776,250.0,115.0,0
vax_base_ops,90,376,2026080776,1159.0,500.0,7355
vax_enh_ops,90,376,2026080776,207.99999999999997,96.0,8196
comm_base_40,90,376,2026080776,419.0,180.0,40000
comm_base_60,90,376,2026080776,265.0,111.99999999999999,60000
no_vax_base_ops,180,376,2026080776,7134.0,3256.0,0
no_vax_enh_ops,180,376,2026080776,261.0,119.99999999999999,0
vax_base_ops,180,376,2026080776,2003.0,872.0,16143
vax_enh_ops,180,376,2026080776,207.99999999999997,96.0,17176
comm_base_40,180,376,2026080776,492.0,208.99999999999997,40000
comm_base_60,180,376,2026080776,311.0,126.0,60000
no_vax_base_ops,90,377,2026080777,1755.0,805.0,0
no_vax_enh_ops,90,377,2026080777,258.0,130.0,0
vax_base_ops,90,377,2026080777,1330.0,596.0,6023
vax_enh_ops,90,377,2026080777,230.0,109.0,8019
comm_base_40,90,377,2026080777,478.00000000000006,212.0,40000
comm_base_60,90,377,2026080777,344.0,146.0,60000
no_vax_base_ops,180,377,2026080777,7036.000000000001,3216.9999999999995,0
no_vax_enh_ops,180,377,2026080777,259.0,131.0,0
vax_base_ops,180,377,2026080777,2865.0,1266.0,14745
vax_enh_ops,180,377,2026080777,235.0,111.00000000000001,16948
comm_base_40,180,377,2026080777,718.0,307.0,40000
comm_base_60,180,377,2026080777,358.0,154.0,60000
no_vax_base_ops,90,375,2026080775,2276.0,1034.0,0
no_vax_enh_ops,90,375,2026080775,291.0,144.0,0
vax_base_ops,90,375,2026080775,1638.9999999999998,746.0,7573
vax_enh_ops,90,375,2026080775,285.0,139.0,8131
comm_base_40,90,375,2026080775,735.0,303.0,40000
comm_base_60,90,375,2026080775,369.0,162.0,60000
no_vax_base_ops,180,375,2026080775,7188.0,3250.9999999999995,0
no_vax_enh_ops,180,375,2026080775,300.0,147.0,0
vax_base_ops,180,375,2026080775,2985.0,1277.0,16273
vax_enh_ops,180,375,2026080775,302.0,146.0,17089
comm_base_40,180,375,2026080775,927.0,389.0,40000
comm_base_60,180,375,2026080775,386.0,166.0,60000
no_vax_base_ops,90,379,2026080779,1155.0,538.0,0
no_vax_enh_ops,90,379,2026080779,156.0,64.0,0
vax_base_ops,90,379,2026080779,831.0,376.0,6447
vax_enh_ops,90,379,2026080779,187.0,84.0,8270
comm_base_40,90,379,2026080779,305.0,116.0,40000
comm_base_60,90,379,2026080779,239.99999999999997,89.0,60000
no_vax_base_ops,180,379,2026080779,4449.0,2070.0,0
no_vax_enh_ops,180,379,2026080779,156.0,64.0,0
vax_base_ops,180,379,2026080779,1782.0,793.9999999999999,15288
vax_enh_ops,180,379,2026080779,188.0,85.0,17242
comm_base_40,180,379,2026080779,328.0,123.0,40000
comm_base_60,180,379,2026080779,251.0,90.0,60000
no_vax_base_ops,90,378,2026080778,1757.9999999999998,816.0000000000001,0
no_vax_enh_ops,90,378,2026080778,281.0,124.0,0
vax_base_ops,90,378,2026080778,1407.0,638.0,7636
vax_enh_ops,90,378,2026080778,279.0,122.0,7988
comm_base_40,90,378,2026080778,595.0,254.00000000000003,40000
comm_base_60,90,378,2026080778,449.99999999999994,190.0,60000
no_vax_base_ops,180,378,2026080778,5711.0,2602.0,0
no_vax_enh_ops,180,378,2026080778,293.0,131.0,0
vax_base_ops,180,378,2026080778,2357.0,1039.0,16406
vax_enh_ops,180,378,2026080778,285.0,125.0,16972
comm_base_40,180,378,2026080778,761.0,333.0,40000
comm_base_60,180,378,2026080778,474.00000000000006,199.0,60000
no_vax_base_ops,90,380,2026080780,1873.0,839.0,0
no_vax_enh_ops,90,380,2026080780,396.0,172.0,0
vax_base_ops,90,380,2026080780,1645.0,716.0,7492
vax_enh_ops,90,380,2026080780,322.0,139.0,8177
comm_base_40,90,380,2026080780,688.0,272.0,40000
comm_base_60,90,380,2026080780,558.0,204.00000000000003,60000
no_vax_base_ops,180,380,2026080780,6671.000000000001,3065.0,0
no_vax_enh_ops,180,380,2026080780,420.0,180.0,0
vax_base_ops,180,380,2026080780,3116.0,1374.0,16155
vax_enh_ops,180,380,2026080780,322.0,139.0,17125
comm_base_40,180,380,2026080780,797.9999999999999,323.0,40000
comm_base_60,180,380,2026080780,606.0,222.00000000000003,60000
no_vax_base_ops,90,381,2026080781,1502.0,676.0,0
no_vax_enh_ops,90,381,2026080781,275.0,122.0,0
vax_base_ops,90,381,2026080781,1627.0,719.0,6335
vax_enh_ops,90,381,2026080781,266.0,117.0,8215
comm_base_40,90,381,2026080781,666.0,274.0,40000
comm_base_60,90,381,2026080781,432.99999999999994,169.0,60000
no_vax_base_ops,180,381,2026080781,4052.0,1818.0000000000002,0
no_vax_enh_ops,180,381,2026080781,275.0,122.0,0
vax_base_ops,180,381,2026080781,3492.0,1524.0,14963
vax_enh_ops,180,381,2026080781,266.0,117.0,17186
comm_base_40,180,381,2026080781,959.9999999999999,385.0,40000
comm_base_60,180,381,2026080781,550.0,222.00000000000003,60000
no_vax_base_ops,90,382,2026080782,1680.0,767.0,0
no_vax_enh_ops,90,382,2026080782,317.0,127.00000000000001,0
vax_base_ops,90,382,2026080782,983.0,427.00000000000006,6997
vax_enh_ops,90,382,2026080782,298.0,116.0,8159
comm_base_40,90,382,2026080782,601.0,248.0,40000
comm_base_60,90,382,2026080782,395.00000000000006,143.0,60000
no_vax_base_ops,180,382,2026080782,4786.0,2136.0,0
no_vax_enh_ops,180,382,2026080782,317.0,127.00000000000001,0
vax_base_ops,180,382,2026080782,1773.9999999999998,755.0,15827
vax_enh_ops,180,382,2026080782,307.0,122.0,17121
comm_base_40,180,382,2026080782,720.0,297.0,40000
comm_base_60,180,382,2026080782,396.99999999999994,145.0,60000
no_vax_base_ops,90,383,2026080783,1475.0,680.0,0
no_vax_enh_ops,90,383,2026080783,371.0,164.0,0
vax_base_ops,90,383,2026080783,1236.0,552.0,6762
vax_enh_ops,90,383,2026080783,265.0,111.00000000000001,8101
comm_base_40,90,383,2026080783,529.0,223.99999999999997,40000
comm_base_60,90,383,2026080783,447.0,190.0,60000
no_vax_base_ops,180,383,2026080783,4537.0,2048.0,0
no_vax_enh_ops,180,383,2026080783,386.0,170.0,0
vax_base_ops,180,383,2026080783,2250.0,986.0000000000001,15526
vax_enh_ops,180,383,2026080783,266.0,111.99999999999999,17063
comm_base_40,180,383,2026080783,632.0,264.0,40000
comm_base_60,180,383,2026080783,531.0,222.00000000000003,60000
no_vax_base_ops,90,384,2026080784,1740.9999999999998,752.0,0
no_vax_enh_ops,90,384,2026080784,229.0,109.0,0
vax_base_ops,90,384,2026080784,1620.0,689.0,6181
vax_enh_ops,90,384,2026080784,213.0,99.0,8110
comm_base_40,90,384,2026080784,569.0,236.0,40000
comm_base_60,90,384,2026080784,373.0,152.0,60000
no_vax_base_ops,180,384,2026080784,5858.0,2634.0,0
no_vax_enh_ops,180,384,2026080784,229.0,109.0,0
vax_base_ops,180,384,2026080784,3859.0,1646.0,14813
vax_enh_ops,180,384,2026080784,213.0,99.0,17081
comm_base_40,180,384,2026080784,703.0,289.0,40000
comm_base_60,180,384,2026080784,395.00000000000006,158.0,60000
no_vax_base_ops,90,385,2026080785,2275.0,1006.0,0
no_vax_enh_ops,90,385,2026080785,394.0,173.0,0
vax_base_ops,90,385,2026080785,1859.9999999999998,799.0000000000001,7288
vax_enh_ops,90,385,2026080785,372.0,166.0,8182
comm_base_40,90,385,2026080785,789.0,326.0,40000
comm_base_60,90,385,2026080785,577.0,221.00000000000003,60000
no_vax_base_ops,180,385,2026080785,8129.0,3685.0,0
no_vax_enh_ops,180,385,2026080785,394.0,173.0,0
vax_base_ops,180,385,2026080785,3803.0,1637.0,15887
vax_enh_ops,180,385,2026080785,372.0,166.0,17097
comm_base_40,180,385,2026080785,1051.0,428.0,40000
comm_base_60,180,385,2026080785,694.0,269.0,60000
no_vax_base_ops,90,386,2026080786,1794.0,797.9999999999999,0
no_vax_enh_ops,90,386,2026080786,325.0,147.0,0
vax_base_ops,90,386,2026080786,1409.0,621.0,7083
vax_enh_ops,90,386,2026080786,327.0,136.0,7855
comm_base_40,90,386,2026080786,757.0,313.0,40000
comm_base_60,90,386,2026080786,348.0,145.0,60000
no_vax_base_ops,180,386,2026080786,4717.0,2141.0,0
no_vax_enh_ops,180,386,2026080786,335.0,153.0,0
vax_base_ops,180,386,2026080786,2839.0,1261.0,15762
vax_enh_ops,180,386,2026080786,335.0,141.0,16837
comm_base_40,180,386,2026080786,935.0000000000001,392.0,40000
comm_base_60,180,386,2026080786,362.0,151.0,60000
no_vax_base_ops,90,387,2026080787,2164.0,963.0,0
no_vax_enh_ops,90,387,2026080787,396.99999999999994,195.0,0
vax_base_ops,90,387,2026080787,1668.0,732.0,6968
vax_enh_ops,90,387,2026080787,356.0,167.0,7958
comm_base_40,90,387,2026080787,653.0,279.0,40000
comm_base_60,90,387,2026080787,446.00000000000006,194.0,60000
no_vax_base_ops,180,387,2026080787,7060.0,3238.0,0
no_vax_enh_ops,180,387,2026080787,415.99999999999994,205.00000000000003,0
vax_base_ops,180,387,2026080787,3775.0,1672.9999999999998,15543
vax_enh_ops,180,387,2026080787,356.0,167.0,16935
comm_base_40,180,387,2026080787,826.0,351.0,40000
comm_base_60,180,387,2026080787,476.00000000000006,207.99999999999997,60000
no_vax_base_ops,90,390,2026080790,1473.0,684.0,0
no_vax_enh_ops,90,390,2026080790,388.0,182.0,0
vax_base_ops,90,390,2026080790,999.0000000000001,466.99999999999994,7465
vax_enh_ops,90,390,2026080790,363.0,168.0,7976
comm_base_40,90,390,2026080790,551.0,246.0,40000
comm_base_60,90,390,2026080790,419.0,177.0,60000
no_vax_base_ops,180,390,2026080790,5198.0,2361.0,0
no_vax_enh_ops,180,390,2026080790,419.0,194.0,0
vax_base_ops,180,390,2026080790,1866.0,835.9999999999999,16288
vax_enh_ops,180,390,2026080790,371.0,172.0,16944
comm_base_40,180,390,2026080790,677.0,297.0,40000
comm_base_60,180,390,2026080790,434.99999999999994,182.0,60000
no_vax_base_ops,90,389,2026080789,1574.0,704.0,0
no_vax_enh_ops,90,389,2026080789,421.0,207.99999999999997,0
vax_base_ops,90,389,2026080789,1432.0,637.0,7810
vax_enh_ops,90,389,2026080789,385.0,187.0,7796
comm_base_40,90,389,2026080789,716.0,332.0,40000
comm_base_60,90,389,2026080789,513.0,227.0,60000
no_vax_base_ops,180,389,2026080789,4508.0,2027.0,0
no_vax_enh_ops,180,389,2026080789,436.0,216.0,0
vax_base_ops,180,389,2026080789,2783.0,1229.0,16529
vax_enh_ops,180,389,2026080789,400.0,190.0,16733
comm_base_40,180,389,2026080789,856.0,382.0,40000
comm_base_60,180,389,2026080789,523.0,232.0,60000
no_vax_base_ops,90,392,2026080792,1477.0,675.0,0
no_vax_enh_ops,90,392,2026080792,247.0,125.0,0
vax_base_ops,90,392,2026080792,1167.0,520.0,7324
vax_enh_ops,90,392,2026080792,249.0,125.0,8217
comm_base_40,90,392,2026080792,656.0,291.0,40000
comm_base_60,90,392,2026080792,550.0,233.0,60000
no_vax_base_ops,180,392,2026080792,5599.0,2539.0,0
no_vax_enh_ops,180,392,2026080792,248.0,125.0,0
vax_base_ops,180,392,2026080792,2799.0,1218.0,16050
vax_enh_ops,180,392,2026080792,249.0,125.0,17164
comm_base_40,180,392,2026080792,732.0,323.0,40000
comm_base_60,180,392,2026080792,567.0,237.00000000000003,60000
no_vax_base_ops,90,388,2026080788,3019.0,1406.0,0
no_vax_enh_ops,90,388,2026080788,461.00000000000006,213.0,0
vax_base_ops,90,388,2026080788,2006.0000000000002,899.0,6998
vax_enh_ops,90,388,2026080788,464.0,206.99999999999997,7954
comm_base_40,90,388,2026080788,908.0,384.0,40000
comm_base_60,90,388,2026080788,617.0,247.0,60000
no_vax_base_ops,180,388,2026080788,9707.0,4461.0,0
no_vax_enh_ops,180,388,2026080788,491.00000000000006,232.0,0
vax_base_ops,180,388,2026080788,3728.0,1646.9999999999998,15541
vax_enh_ops,180,388,2026080788,476.00000000000006,217.0,16894
comm_base_40,180,388,2026080788,1103.0,461.00000000000006,40000
comm_base_60,180,388,2026080788,667.0,263.0,60000
no_vax_base_ops,90,391,2026080791,2374.0,1032.0,0
no_vax_enh_ops,90,391,2026080791,349.0,142.0,0
vax_base_ops,90,391,2026080791,2033.0,850.0000000000001,7888
vax_enh_ops,90,391,2026080791,341.0,135.0,8414
comm_base_40,90,391,2026080791,784.0,317.0,40000
comm_base_60,90,391,2026080791,523.0,189.0,60000
no_vax_base_ops,180,391,2026080791,8853.0,3929.0,0
no_vax_enh_ops,180,391,2026080791,350.0,143.0,0
vax_base_ops,180,391,2026080791,4040.0,1739.0,16494
vax_enh_ops,180,391,2026080791,346.0,137.0,17349
comm_base_40,180,391,2026080791,927.0,375.0,40000
comm_base_60,180,391,2026080791,535.0,193.0,60000
no_vax_base_ops,90,393,2026080793,1891.0,857.0,0
no_vax_enh_ops,90,393,2026080793,207.99999999999997,88.0,0
vax_base_ops,90,393,2026080793,1611.0,717.0,7256
vax_enh_ops,90,393,2026080793,250.0,102.00000000000001,7926
comm_base_40,90,393,2026080793,666.0,283.0,40000
comm_base_60,90,393,2026080793,430.99999999999994,171.0,60000
no_vax_base_ops,180,393,2026080793,7192.999999999999,3213.0,0
no_vax_enh_ops,180,393,2026080793,208.99999999999997,88.0,0
vax_base_ops,180,393,2026080793,2850.0,1251.0,15967
vax_enh_ops,180,393,2026080793,250.0,102.00000000000001,16875
comm_base_40,180,393,2026080793,807.0000000000001,345.0,40000
comm_base_60,180,393,2026080793,455.0,182.0,60000
no_vax_base_ops,90,395,2026080795,1995.0,906.0,0
no_vax_enh_ops,90,395,2026080795,402.0,173.0,0
vax_base_ops,90,395,2026080795,1699.0000000000002,735.0,7097
vax_enh_ops,90,395,2026080795,313.0,128.0,8082
comm_base_40,90,395,2026080795,631.0,256.0,40000
comm_base_60,90,395,2026080795,512.0,185.0,60000
no_vax_base_ops,180,395,2026080795,7373.0,3326.0,0
no_vax_enh_ops,180,395,2026080795,446.00000000000006,192.0,0
vax_base_ops,180,395,2026080795,3311.9999999999995,1452.0,15728
vax_enh_ops,180,395,2026080795,333.0,136.0,17040
comm_base_40,180,395,2026080795,781.0,309.0,40000
comm_base_60,180,395,2026080795,538.0,191.0,60000
no_vax_base_ops,90,394,2026080794,2781.0,1238.0,0
no_vax_enh_ops,90,394,2026080794,305.0,132.0,0
vax_base_ops,90,394,2026080794,1930.0000000000002,827.0,6979
vax_enh_ops,90,394,2026080794,290.0,122.0,8510
comm_base_40,90,394,2026080794,873.0,366.0,40000
comm_base_60,90,394,2026080794,539.0,211.0,60000
no_vax_base_ops,180,394,2026080794,10037.0,4505.0,0
no_vax_enh_ops,180,394,2026080794,320.0,139.0,0
vax_base_ops,180,394,2026080794,4231.0,1821.0,15540
vax_enh_ops,180,394,2026080794,290.0,122.0,17447
comm_base_40,180,394,2026080794,1135.0,464.99999999999994,40000
comm_base_60,180,394,2026080794,564.0,218.0,60000
no_vax_base_ops,90,396,2026080796,1429.0,676.0,0
no_vax_enh_ops,90,396,2026080796,239.00000000000003,108.0,0
vax_base_ops,90,396,2026080796,1363.0,630.0,7056
vax_enh_ops,90,396,2026080796,216.0,98.0,8121
comm_base_40,90,396,2026080796,686.0,298.0,40000
comm_base_60,90,396,2026080796,385.0,154.0,60000
no_vax_base_ops,180,396,2026080796,5432.0,2504.0,0
no_vax_enh_ops,180,396,2026080796,243.0,110.0,0
vax_base_ops,180,396,2026080796,2737.0,1220.0,15777
vax_enh_ops,180,396,2026080796,224.99999999999997,102.00000000000001,17085
comm_base_40,180,396,2026080796,1001.0,449.99999999999994,40000
comm_base_60,180,396,2026080796,385.0,155.0,60000
no_vax_base_ops,90,399,2026080799,1208.0,534.0,0
no_vax_enh_ops,90,399,2026080799,221.00000000000003,97.0,0
vax_base_ops,90,399,2026080799,1189.0,511.0,6674
vax_enh_ops,90,399,2026080799,217.0,95.0,8096
comm_base_40,90,399,2026080799,436.0,178.0,40000
comm_base_60,90,399,2026080799,295.0,110.0,60000
no_vax_base_ops,180,399,2026080799,4059.0,1851.9999999999998,0
no_vax_enh_ops,180,399,2026080799,239.00000000000003,103.00000000000001,0
vax_base_ops,180,399,2026080799,2387.0,1022.0,15396
vax_enh_ops,180,399,2026080799,222.00000000000003,96.0,17066
comm_base_40,180,399,2026080799,585.0,236.0,40000
comm_base_60,180,399,2026080799,307.0,111.99999999999999,60000
no_vax_base_ops,90,397,2026080797,1539.0,706.0,0
no_vax_enh_ops,90,397,2026080797,296.0,143.0,0
vax_base_ops,90,397,2026080797,1382.0,623.0,6930
vax_enh_ops,90,397,2026080797,285.0,133.0,7847
comm_base_40,90,397,2026080797,574.0,262.0,40000
comm_base_60,90,397,2026080797,395.00000000000006,154.0,60000
no_vax_base_ops,180,397,2026080797,5218.0,2351.0,0
no_vax_enh_ops,180,397,2026080797,296.0,143.0,0
vax_base_ops,180,397,2026080797,3424.0,1524.0,15614
vax_enh_ops,180,397,2026080797,285.0,133.0,16829
comm_base_40,180,397,2026080797,745.0,322.0,40000
comm_base_60,180,397,2026080797,409.0,160.0,60000
no_vax_base_ops,90,398,2026080798,2103.0,965.0000000000001,0
no_vax_enh_ops,90,398,2026080798,329.0,154.0,0
vax_base_ops,90,398,2026080798,1726.0,773.0,6365
vax_enh_ops,90,398,2026080798,259.0,124.0,8094
comm_base_40,90,398,2026080798,724.0,314.0,40000
comm_base_60,90,398,2026080798,558.0,221.00000000000003,60000
no_vax_base_ops,180,398,2026080798,7303.0,3300.0,0
no_vax_enh_ops,180,398,2026080798,350.0,161.0,0
vax_base_ops,180,398,2026080798,3379.9999999999995,1501.0,15020
vax_enh_ops,180,398,2026080798,262.0,126.0,17050
comm_base_40,180,398,2026080798,944.0,417.99999999999994,40000
comm_base_60,180,398,2026080798,598.0,241.99999999999997,60000
no_vax_base_ops,90,401,2026080801,2019.0,928.0,0
no_vax_enh_ops,90,401,2026080801,299.0,150.0,0
vax_base_ops,90,401,2026080801,1281.0,588.0,7714
vax_enh_ops,90,401,2026080801,282.0,139.0,8424
comm_base_40,90,401,2026080801,626.0,280.0,40000
comm_base_60,90,401,2026080801,413.0,168.0,60000
no_vax_base_ops,180,401,2026080801,8004.0,3710.0,0
no_vax_enh_ops,180,401,2026080801,303.0,152.0,0
vax_base_ops,180,401,2026080801,2673.0,1197.0,16437
vax_enh_ops,180,401,2026080801,283.0,139.0,17385
comm_base_40,180,401,2026080801,729.0,321.0,40000
comm_base_60,180,401,2026080801,415.99999999999994,169.0,60000
no_vax_base_ops,90,400,2026080800,2108.0,912.0,0
no_vax_enh_ops,90,400,2026080800,325.0,142.0,0
vax_base_ops,90,400,2026080800,1739.0,730.0,6940
vax_enh_ops,90,400,2026080800,315.0,135.0,7958
comm_base_40,90,400,2026080800,702.0,288.0,40000
comm_base_60,90,400,2026080800,338.0,133.0,60000
no_vax_base_ops,180,400,2026080800,7413.0,3347.0,0
no_vax_enh_ops,180,400,2026080800,328.0,143.0,0
vax_base_ops,180,400,2026080800,3246.0000000000005,1403.0,15584
vax_enh_ops,180,400,2026080800,320.0,137.0,16921
comm_base_40,180,400,2026080800,932.0,388.0,40000
comm_base_60,180,400,2026080800,345.0,134.0,60000
no_vax_base_ops,90,402,2026080802,1203.0,547.0,0
no_vax_enh_ops,90,402,2026080802,253.0,126.0,0
vax_base_ops,90,402,2026080802,1135.0,502.0,7857
vax_enh_ops,90,402,2026080802,212.0,103.00000000000001,8152
comm_base_40,90,402,2026080802,572.0,251.0,40000
comm_base_60,90,402,2026080802,375.0,151.0,60000
no_vax_base_ops,180,402,2026080802,3228.0000000000005,1456.0,0
no_vax_enh_ops,180,402,2026080802,260.0,128.0,0
vax_base_ops,180,402,2026080802,2163.0,944.0,16579
vax_enh_ops,180,402,2026080802,212.0,103.00000000000001,17121
comm_base_40,180,402,2026080802,697.0,295.0,40000
comm_base_60,180,402,2026080802,413.0,164.0,60000
no_vax_base_ops,90,405,2026080805,1602.0,745.0,0
no_vax_enh_ops,90,405,2026080805,327.0,160.0,0
vax_base_ops,90,405,2026080805,1251.0,556.0,6584
vax_enh_ops,90,405,2026080805,218.0,102.00000000000001,7981
comm_base_40,90,405,2026080805,736.0,306.0,40000
comm_base_60,90,405,2026080805,512.0,204.00000000000003,60000
no_vax_base_ops,180,405,2026080805,4558.0,2089.0,0
no_vax_enh_ops,180,405,2026080805,352.0,165.0,0
vax_base_ops,180,405,2026080805,2127.0,922.0000000000001,15430
vax_enh_ops,180,405,2026080805,218.0,102.00000000000001,16979
comm_base_40,180,405,2026080805,903.9999999999999,384.0,40000
comm_base_60,180,405,2026080805,554.0,221.00000000000003,60000
no_vax_base_ops,90,403,2026080803,1674.0000000000002,781.0,0
no_vax_enh_ops,90,403,2026080803,272.0,118.0,0
vax_base_ops,90,403,2026080803,1351.0,609.0,7181
vax_enh_ops,90,403,2026080803,215.0,90.0,7978
comm_base_40,90,403,2026080803,551.0,237.00000000000003,40000
comm_base_60,90,403,2026080803,425.00000000000006,183.0,60000
no_vax_base_ops,180,403,2026080803,5860.0,2739.0,0
no_vax_enh_ops,180,403,2026080803,272.0,118.0,0
vax_base_ops,180,403,2026080803,2458.0,1127.0,15917
vax_enh_ops,180,403,2026080803,215.0,90.0,16966
comm_base_40,180,403,2026080803,705.0,305.0,40000
comm_base_60,180,403,2026080803,466.0,203.0,60000
no_vax_base_ops,90,404,2026080804,1881.0,861.0,0
no_vax_enh_ops,90,404,2026080804,283.0,132.0,0
vax_base_ops,90,404,2026080804,1594.0,726.0,6733
vax_enh_ops,90,404,2026080804,235.0,111.00000000000001,8084
comm_base_40,90,404,2026080804,882.0,392.0,40000
comm_base_60,90,404,2026080804,464.99999999999994,191.0,60000
no_vax_base_ops,180,404,2026080804,5870.0,2680.0,0
no_vax_enh_ops,180,404,2026080804,287.0,134.0,0
vax_base_ops,180,404,2026080804,2977.0,1330.0,15401
vax_enh_ops,180,404,2026080804,251.0,116.0,17042
comm_base_40,180,404,2026080804,1221.0,535.0,40000
comm_base_60,180,404,2026080804,506.0,206.00000000000003,60000
no_vax_base_ops,90,408,2026080808,1016.0000000000001,479.0,0
no_vax_enh_ops,90,408,2026080808,225.99999999999997,118.0,0
vax_base_ops,90,408,2026080808,882.0,406.0,7510
vax_enh_ops,90,408,2026080808,201.0,103.00000000000001,8447
comm_base_40,90,408,2026080808,400.99999999999994,185.0,40000
comm_base_60,90,408,2026080808,343.0,150.0,60000
no_vax_base_ops,180,408,2026080808,3340.0,1514.0,0
no_vax_enh_ops,180,408,2026080808,229.0,119.99999999999999,0
vax_base_ops,180,408,2026080808,1646.0,719.0,16357
vax_enh_ops,180,408,2026080808,201.0,103.00000000000001,17392
comm_base_40,180,408,2026080808,466.0,212.0,40000
comm_base_60,180,408,2026080808,382.0,168.0,60000
no_vax_base_ops,90,406,2026080806,1901.0,838.0,0
no_vax_enh_ops,90,406,2026080806,275.0,120.99999999999999,0
vax_base_ops,90,406,2026080806,1678.0,717.0,7179
vax_enh_ops,90,406,2026080806,224.99999999999997,94.0,8199
comm_base_40,90,406,2026080806,681.0,284.0,40000
comm_base_60,90,406,2026080806,425.00000000000006,163.0,60000
no_vax_base_ops,180,406,2026080806,6282.0,2831.0,0
no_vax_enh_ops,180,406,2026080806,278.0,123.0,0
vax_base_ops,180,406,2026080806,3112.0,1363.0,15791
vax_enh_ops,180,406,2026080806,224.99999999999997,94.0,17164
comm_base_40,180,406,2026080806,910.0,375.0,40000
comm_base_60,180,406,2026080806,454.0,178.0,60000
no_vax_base_ops,90,407,2026080807,1316.0,609.0,0
no_vax_enh_ops,90,407,2026080807,252.0,129.0,0
vax_base_ops,90,407,2026080807,1009.0,462.99999999999994,7719
vax_enh_ops,90,407,2026080807,243.0,122.0,7804
comm_base_40,90,407,2026080807,473.0,217.0,40000
comm_base_60,90,407,2026080807,282.0,125.0,60000
no_vax_base_ops,180,407,2026080807,5288.0,2423.0,0
no_vax_enh_ops,180,407,2026080807,256.0,129.0,0
vax_base_ops,180,407,2026080807,1778.0,781.0,16536
vax_enh_ops,180,407,2026080807,248.0,125.0,16738
comm_base_40,180,407,2026080807,530.0,244.0,40000
comm_base_60,180,407,2026080807,303.0,137.0,60000
no_vax_base_ops,90,409,2026080809,2111.0,973.0000000000001,0
no_vax_enh_ops,90,409,2026080809,370.0,158.0,0
vax_base_ops,90,409,2026080809,1119.0,506.0,7870
vax_enh_ops,90,409,2026080809,377.0,157.0,8145
comm_base_40,90,409,2026080809,647.0,270.0,40000
comm_base_60,90,409,2026080809,559.0,223.99999999999997,60000
no_vax_base_ops,180,409,2026080809,7181.999999999999,3245.0,0
no_vax_enh_ops,180,409,2026080809,377.0,160.0,0
vax_base_ops,180,409,2026080809,1679.0,746.0,16714
vax_enh_ops,180,409,2026080809,377.0,157.0,17106
comm_base_40,180,409,2026080809,703.0,295.0,40000
comm_base_60,180,409,2026080809,586.0,233.0,60000
no_vax_base_ops,90,411,2026080811,1856.0,834.0,0
no_vax_enh_ops,90,411,2026080811,241.99999999999997,125.0,0
vax_base_ops,90,411,2026080811,1552.0,683.0,7336
vax_enh_ops,90,411,2026080811,238.00000000000003,119.99999999999999,8214
comm_base_40,90,411,2026080811,631.0,279.0,40000
comm_base_60,90,411,2026080811,360.0,149.0,60000
no_vax_base_ops,180,411,2026080811,5743.0,2562.0,0
no_vax_enh_ops,180,411,2026080811,244.0,126.0,0
vax_base_ops,180,411,2026080811,3100.0,1315.0,16056
vax_enh_ops,180,411,2026080811,240.99999999999997,122.0,17136
comm_base_40,180,411,2026080811,848.0,374.0,40000
comm_base_60,180,411,2026080811,368.0,154.0,60000
no_vax_base_ops,90,412,2026080812,1084.0,486.0,0
no_vax_enh_ops,90,412,2026080812,259.0,119.00000000000001,0
vax_base_ops,90,412,2026080812,1267.0,546.0,7289
vax_enh_ops,90,412,2026080812,295.0,135.0,7977
comm_base_40,90,412,2026080812,665.0,277.0,40000
comm_base_60,90,412,2026080812,374.0,150.0,60000
no_vax_base_ops,180,412,2026080812,3935.0000000000005,1790.0,0
no_vax_enh_ops,180,412,2026080812,259.0,119.00000000000001,0
vax_base_ops,180,412,2026080812,2322.0,1010.9999999999999,16046
vax_enh_ops,180,412,2026080812,299.0,138.0,16964
comm_base_40,180,412,2026080812,810.0,340.0,40000
comm_base_60,180,412,2026080812,434.99999999999994,166.0,60000
no_vax_base_ops,90,413,2026080813,1713.0,784.9999999999999,0
no_vax_enh_ops,90,413,2026080813,241.99999999999997,115.0,0
vax_base_ops,90,413,2026080813,1516.0,679.0,7163
vax_enh_ops,90,413,2026080813,261.0,119.00000000000001,7979
comm_base_40,90,413,2026080813,766.0,328.0,40000
comm_base_60,90,413,2026080813,412.00000000000006,174.0,60000
no_vax_base_ops,180,413,2026080813,5785.0,2600.0,0
no_vax_enh_ops,180,413,2026080813,241.99999999999997,115.0,0
vax_base_ops,180,413,2026080813,3539.0,1543.0,15855
vax_enh_ops,180,413,2026080813,266.0,120.99999999999999,16945
comm_base_40,180,413,2026080813,946.9999999999999,410.00000000000006,40000
comm_base_60,180,413,2026080813,446.00000000000006,191.0,60000
no_vax_base_ops,90,410,2026080810,2477.0,1158.0,0
no_vax_enh_ops,90,410,2026080810,365.0,167.0,0
vax_base_ops,90,410,2026080810,1494.0,668.0,7717
vax_enh_ops,90,410,2026080810,336.0,149.0,8098
comm_base_40,90,410,2026080810,850.0000000000001,364.0,40000
comm_base_60,90,410,2026080810,586.0,233.0,60000
no_vax_base_ops,180,410,2026080810,9760.0,4488.0,0
no_vax_enh_ops,180,410,2026080810,379.0,175.0,0
vax_base_ops,180,410,2026080810,2771.0,1243.0,16438
vax_enh_ops,180,410,2026080810,336.0,149.0,17049
comm_base_40,180,410,2026080810,1018.0,436.0,40000
comm_base_60,180,410,2026080810,614.0,240.99999999999997,60000
no_vax_base_ops,90,414,2026080814,1618.0,731.0,0
no_vax_enh_ops,90,414,2026080814,464.0,222.00000000000003,0
vax_base_ops,90,414,2026080814,1578.9999999999998,690.0,7087
vax_enh_ops,90,414,2026080814,380.0,179.0,8164
comm_base_40,90,414,2026080814,556.0,238.00000000000003,40000
comm_base_60,90,414,2026080814,446.00000000000006,186.0,60000
no_vax_base_ops,180,414,2026080814,4654.0,2139.0,0
no_vax_enh_ops,180,414,2026080814,472.0,223.00000000000003,0
vax_base_ops,180,414,2026080814,3223.0,1423.0,15761
vax_enh_ops,180,414,2026080814,390.0,183.0,17106
comm_base_40,180,414,2026080814,833.0000000000001,353.0,40000
comm_base_60,180,414,2026080814,498.99999999999994,205.00000000000003,60000
no_vax_base_ops,90,416,2026080816,2191.0,965.0000000000001,0
no_vax_enh_ops,90,416,2026080816,307.0,119.00000000000001,0
vax_base_ops,90,416,2026080816,1532.0,640.0,6842
vax_enh_ops,90,416,2026080816,293.0,111.00000000000001,7738
comm_base_40,90,416,2026080816,657.0,256.0,40000
comm_base_60,90,416,2026080816,361.0,131.0,60000
no_vax_base_ops,180,416,2026080816,7685.0,3454.9999999999995,0
no_vax_enh_ops,180,416,2026080816,307.0,119.00000000000001,0
vax_base_ops,180,416,2026080816,3295.0,1398.0,15493
vax_enh_ops,180,416,2026080816,293.0,111.00000000000001,16712
comm_base_40,180,416,2026080816,782.0,306.0,40000
comm_base_60,180,416,2026080816,366.0,134.0,60000
no_vax_base_ops,90,415,2026080815,2164.0,976.0,0
no_vax_enh_ops,90,415,2026080815,398.0,180.0,0
vax_base_ops,90,415,2026080815,1747.0,755.0,7444
vax_enh_ops,90,415,2026080815,325.0,145.0,8297
comm_base_40,90,415,2026080815,784.9999999999999,348.0,40000
comm_base_60,90,415,2026080815,559.0,236.0,60000
no_vax_base_ops,180,415,2026080815,7172.000000000001,3256.0,0
no_vax_enh_ops,180,415,2026080815,398.0,180.0,0
vax_base_ops,180,415,2026080815,4000.0,1756.0,16064
vax_enh_ops,180,415,2026080815,326.0,146.0,17254
comm_base_40,180,415,2026080815,948.0000000000001,422.0,40000
comm_base_60,180,415,2026080815,698.0,297.0,60000
no_vax_base_ops,90,417,2026080817,2187.0,972.0,0
no_vax_enh_ops,90,417,2026080817,224.99999999999997,98.0,0
vax_base_ops,90,417,2026080817,1578.0,688.0,6926
vax_enh_ops,90,417,2026080817,215.0,95.0,8137
comm_base_40,90,417,2026080817,605.0,235.0,40000
comm_base_60,90,417,2026080817,386.0,149.0,60000
no_vax_base_ops,180,417,2026080817,7889.0,3568.0000000000005,0
no_vax_enh_ops,180,417,2026080817,224.99999999999997,98.0,0
vax_base_ops,180,417,2026080817,2584.0,1104.0,15589
vax_enh_ops,180,417,2026080817,217.0,96.0,17104
comm_base_40,180,417,2026080817,700.0,279.0,40000
comm_base_60,180,417,2026080817,389.0,150.0,60000
no_vax_base_ops,90,419,2026080819,1721.0,788.0,0
no_vax_enh_ops,90,419,2026080819,248.0,100.0,0
vax_base_ops,90,419,2026080819,1607.0,708.0,6612
vax_enh_ops,90,419,2026080819,221.00000000000003,88.0,7800
comm_base_40,90,419,2026080819,526.0,218.0,40000
comm_base_60,90,419,2026080819,400.99999999999994,155.0,60000
no_vax_base_ops,180,419,2026080819,5720.0,2572.0,0
no_vax_enh_ops,180,419,2026080819,248.0,100.0,0
vax_base_ops,180,419,2026080819,3273.0,1424.0,15257
vax_enh_ops,180,419,2026080819,221.00000000000003,88.0,16789
comm_base_40,180,419,2026080819,642.0,269.0,40000
comm_base_60,180,419,2026080819,407.0,157.0,60000
no_vax_base_ops,90,418,2026080818,1885.9999999999998,858.0000000000001,0
no_vax_enh_ops,90,418,2026080818,382.0,185.0,0
vax_base_ops,90,418,2026080818,1542.0,673.0,7648
vax_enh_ops,90,418,2026080818,381.0,182.0,7940
comm_base_40,90,418,2026080818,728.0,318.0,40000
comm_base_60,90,418,2026080818,506.0,203.0,60000
no_vax_base_ops,180,418,2026080818,6344.0,2891.0,0
no_vax_enh_ops,180,418,2026080818,387.0,188.0,0
vax_base_ops,180,418,2026080818,2805.0,1236.0,16342
vax_enh_ops,180,418,2026080818,403.0,193.0,16842
comm_base_40,180,418,2026080818,882.0,378.0,40000
comm_base_60,180,418,2026080818,550.0,223.99999999999997,60000
no_vax_base_ops,90,423,2026080823,1286.0,567.0,0
no_vax_enh_ops,90,423,2026080823,214.0,108.0,0
vax_base_ops,90,423,2026080823,1049.0,444.00000000000006,6812
vax_enh_ops,90,423,2026080823,202.0,101.0,8174
comm_base_40,90,423,2026080823,576.0,229.0,40000
comm_base_60,90,423,2026080823,373.0,153.0,60000
no_vax_base_ops,180,423,2026080823,4720.0,2145.0,0
no_vax_enh_ops,180,423,2026080823,215.0,108.0,0
vax_base_ops,180,423,2026080823,2246.0,965.0000000000001,15611
vax_enh_ops,180,423,2026080823,202.0,101.0,17121
comm_base_40,180,423,2026080823,757.0,303.0,40000
comm_base_60,180,423,2026080823,389.0,159.0,60000
no_vax_base_ops,90,421,2026080821,1442.0,645.0,0
no_vax_enh_ops,90,421,2026080821,355.0,161.0,0
vax_base_ops,90,421,2026080821,1131.0,486.0,7228
vax_enh_ops,90,421,2026080821,265.0,124.0,8240
comm_base_40,90,421,2026080821,576.0,240.99999999999997,40000
comm_base_60,90,421,2026080821,319.0,125.0,60000
no_vax_base_ops,180,421,2026080821,5460.0,2473.0,0
no_vax_enh_ops,180,421,2026080821,372.0,173.0,0
vax_base_ops,180,421,2026080821,2098.0,912.0,16040
vax_enh_ops,180,421,2026080821,265.0,124.0,17215
comm_base_40,180,421,2026080821,912.9999999999999,368.0,40000
comm_base_60,180,421,2026080821,338.0,133.0,60000
no_vax_base_ops,90,420,2026080820,1799.0,867.0000000000001,0
no_vax_enh_ops,90,420,2026080820,368.0,178.0,0
vax_base_ops,90,420,2026080820,1587.9999999999998,760.0,7645
vax_enh_ops,90,420,2026080820,319.0,152.0,8241
comm_base_40,90,420,2026080820,700.0,327.0,40000
comm_base_60,90,420,2026080820,461.00000000000006,199.0,60000
no_vax_base_ops,180,420,2026080820,5905.0,2719.0,0
no_vax_enh_ops,180,420,2026080820,375.0,183.0,0
vax_base_ops,180,420,2026080820,3062.0,1402.0,16332
vax_enh_ops,180,420,2026080820,319.0,152.0,17185
comm_base_40,180,420,2026080820,770.0,365.0,40000
comm_base_60,180,420,2026080820,490.0,211.0,60000
no_vax_base_ops,90,422,2026080822,1654.9999999999998,719.0,0
no_vax_enh_ops,90,422,2026080822,353.0,158.0,0
vax_base_ops,90,422,2026080822,1140.0,483.0,7471
vax_enh_ops,90,422,2026080822,303.0,139.0,7904
comm_base_40,90,422,2026080822,687.0,284.0,40000
comm_base_60,90,422,2026080822,436.0,170.0,60000
no_vax_base_ops,180,422,2026080822,5720.0,2610.0,0
no_vax_enh_ops,180,422,2026080822,362.0,165.0,0
vax_base_ops,180,422,2026080822,2358.0,996.0,16209
vax_enh_ops,180,422,2026080822,315.0,144.0,16860
comm_base_40,180,422,2026080822,908.0,373.0,40000
comm_base_60,180,422,2026080822,466.99999999999994,184.0,60000
no_vax_base_ops,90,424,2026080824,1499.0,692.0,0
no_vax_enh_ops,90,424,2026080824,224.99999999999997,98.0,0
vax_base_ops,90,424,2026080824,1417.0,630.0,7540
vax_enh_ops,90,424,2026080824,217.0,94.0,8089
comm_base_40,90,424,2026080824,504.0,207.99999999999997,40000
comm_base_60,90,424,2026080824,445.0,192.0,60000
no_vax_base_ops,180,424,2026080824,5460.0,2487.0,0
no_vax_enh_ops,180,424,2026080824,224.99999999999997,98.0,0
vax_base_ops,180,424,2026080824,2923.0,1273.0,16236
vax_enh_ops,180,424,2026080824,221.00000000000003,96.0,17052
comm_base_40,180,424,2026080824,632.0,253.0,40000
comm_base_60,180,424,2026080824,466.99999999999994,199.0,60000
no_vax_base_ops,90,426,2026080826,1830.0,840.0,0
no_vax_enh_ops,90,426,2026080826,199.0,98.0,0
vax_base_ops,90,426,2026080826,1025.0,462.99999999999994,7609
vax_enh_ops,90,426,2026080826,192.0,94.0,8065
comm_base_40,90,426,2026080826,456.0,193.0,40000
comm_base_60,90,426,2026080826,398.0,167.0,60000
no_vax_base_ops,180,426,2026080826,6458.999999999999,2930.0,0
no_vax_enh_ops,180,426,2026080826,203.0,99.0,0
vax_base_ops,180,426,2026080826,1940.0,841.0000000000001,16404
vax_enh_ops,180,426,2026080826,200.0,97.0,17068
comm_base_40,180,426,2026080826,574.0,245.0,40000
comm_base_60,180,426,2026080826,415.0,170.0,60000
no_vax_base_ops,90,425,2026080825,1810.0000000000002,804.0,0
no_vax_enh_ops,90,425,2026080825,312.0,131.0,0
vax_base_ops,90,425,2026080825,1458.0,613.0,7092
vax_enh_ops,90,425,2026080825,284.0,114.0,7700
comm_base_40,90,425,2026080825,645.0,240.99999999999997,40000
comm_base_60,90,425,2026080825,543.0,198.0,60000
no_vax_base_ops,180,425,2026080825,5229.0,2296.0,0
no_vax_enh_ops,180,425,2026080825,314.0,131.0,0
vax_base_ops,180,425,2026080825,2644.0,1104.0,15810
vax_enh_ops,180,425,2026080825,284.0,114.0,16675
comm_base_40,180,425,2026080825,814.0,302.0,40000
comm_base_60,180,425,2026080825,606.0,217.0,60000
no_vax_base_ops,90,427,2026080827,1282.0,604.0,0
no_vax_enh_ops,90,427,2026080827,246.0,112.99999999999999,0
vax_base_ops,90,427,2026080827,1033.0,458.0,7720
vax_enh_ops,90,427,2026080827,201.0,92.0,8408
comm_base_40,90,427,2026080827,541.0,223.00000000000003,40000
comm_base_60,90,427,2026080827,459.00000000000006,178.0,60000
no_vax_base_ops,180,427,2026080827,3821.0,1754.0,0
no_vax_enh_ops,180,427,2026080827,246.0,112.99999999999999,0
vax_base_ops,180,427,2026080827,1791.9999999999998,793.0,16549
vax_enh_ops,180,427,2026080827,201.0,92.0,17405
comm_base_40,180,427,2026080827,644.0,272.0,40000
comm_base_60,180,427,2026080827,469.0,184.0,60000
no_vax_base_ops,90,429,2026080829,1799.0,804.0,0
no_vax_enh_ops,90,429,2026080829,293.0,133.0,0
vax_base_ops,90,429,2026080829,1419.0,619.0,7564
vax_enh_ops,90,429,2026080829,274.0,120.99999999999999,8211
comm_base_40,90,429,2026080829,451.99999999999994,182.0,40000
comm_base_60,90,429,2026080829,474.00000000000006,183.0,60000
no_vax_base_ops,180,429,2026080829,6104.0,2726.0,0
no_vax_enh_ops,180,429,2026080829,293.0,133.0,0
vax_base_ops,180,429,2026080829,2414.0,1042.0,16296
vax_enh_ops,180,429,2026080829,274.0,120.99999999999999,17162
comm_base_40,180,429,2026080829,557.0,221.00000000000003,40000
comm_base_60,180,429,2026080829,500.0,194.0,60000
no_vax_base_ops,90,428,2026080828,2709.0,1177.0,0
no_vax_enh_ops,90,428,2026080828,302.0,129.0,0
vax_base_ops,90,428,2026080828,1611.0,683.0,7246
vax_enh_ops,90,428,2026080828,229.0,97.0,8039
comm_base_40,90,428,2026080828,711.0,287.0,40000
comm_base_60,90,428,2026080828,434.99999999999994,149.0,60000
no_vax_base_ops,180,428,2026080828,9715.0,4378.0,0
no_vax_enh_ops,180,428,2026080828,308.0,132.0,0
vax_base_ops,180,428,2026080828,2589.0,1112.0,15945
vax_enh_ops,180,428,2026080828,229.0,97.0,17016
comm_base_40,180,428,2026080828,912.9999999999999,376.0,40000
comm_base_60,180,428,2026080828,445.0,154.0,60000
no_vax_base_ops,90,431,2026080831,1722.9999999999998,791.0,0
no_vax_enh_ops,90,431,2026080831,327.0,149.0,0
vax_base_ops,90,431,2026080831,1299.0,575.0,7212
vax_enh_ops,90,431,2026080831,268.0,120.99999999999999,7757
comm_base_40,90,431,2026080831,758.0,330.0,40000
comm_base_60,90,431,2026080831,410.00000000000006,154.0,60000
no_vax_base_ops,180,431,2026080831,5506.0,2526.0,0
no_vax_enh_ops,180,431,2026080831,336.0,150.0,0
vax_base_ops,180,431,2026080831,2167.0,963.0,16014
vax_enh_ops,180,431,2026080831,268.0,120.99999999999999,16697
comm_base_40,180,431,2026080831,1088.0,472.0,40000
comm_base_60,180,431,2026080831,410.00000000000006,154.0,60000
no_vax_base_ops,90,432,2026080832,1259.0,567.0,0
no_vax_enh_ops,90,432,2026080832,298.0,144.0,0
vax_base_ops,90,432,2026080832,1006.0,451.99999999999994,7162
vax_enh_ops,90,432,2026080832,265.0,122.0,7953
comm_base_40,90,432,2026080832,441.0,190.0,40000
comm_base_60,90,432,2026080832,310.0,136.0,60000
no_vax_base_ops,180,432,2026080832,5120.0,2281.0,0
no_vax_enh_ops,180,432,2026080832,315.0,150.0,0
vax_base_ops,180,432,2026080832,1803.0,801.0,15955
vax_enh_ops,180,432,2026080832,267.0,123.0,16900
comm_base_40,180,432,2026080832,602.0,260.0,40000
comm_base_60,180,432,2026080832,312.0,138.0,60000
no_vax_base_ops,90,430,2026080830,1931.0,882.0,0
no_vax_enh_ops,90,430,2026080830,276.0,126.0,0
vax_base_ops,90,430,2026080830,1789.0,789.0,7497
vax_enh_ops,90,430,2026080830,265.0,115.0,8122
comm_base_40,90,430,2026080830,697.0,299.0,40000
comm_base_60,90,430,2026080830,449.99999999999994,183.0,60000
no_vax_base_ops,180,430,2026080830,6562.999999999999,3018.0,0
no_vax_enh_ops,180,430,2026080830,276.0,126.0,0
vax_base_ops,180,430,2026080830,3470.0,1548.0,16134
vax_enh_ops,180,430,2026080830,265.0,115.0,17094
comm_base_40,180,430,2026080830,905.0000000000001,384.0,40000
comm_base_60,180,430,2026080830,506.0,206.99999999999997,60000
no_vax_base_ops,90,433,2026080833,1762.0,800.0,0
no_vax_enh_ops,90,433,2026080833,283.0,130.0,0
vax_base_ops,90,433,2026080833,1462.0,636.0,7837
vax_enh_ops,90,433,2026080833,262.0,120.99999999999999,8178
comm_base_40,90,433,2026080833,758.0,322.0,40000
comm_base_60,90,433,2026080833,475.0,193.0,60000
no_vax_base_ops,180,433,2026080833,5133.0,2282.0,0
no_vax_enh_ops,180,433,2026080833,288.0,134.0,0
vax_base_ops,180,433,2026080833,2872.0,1226.0,16531
vax_enh_ops,180,433,2026080833,269.0,123.0,17132
comm_base_40,180,433,2026080833,865.0,360.0,40000
comm_base_60,180,433,2026080833,534.0,218.0,60000
no_vax_base_ops,90,434,2026080834,1850.0,827.0,0
no_vax_enh_ops,90,434,2026080834,303.0,141.0,0
vax_base_ops,90,434,2026080834,1697.9999999999998,749.0,6759
vax_enh_ops,90,434,2026080834,267.0,125.0,8289
comm_base_40,90,434,2026080834,670.0,271.0,40000
comm_base_60,90,434,2026080834,330.0,130.0,60000
no_vax_base_ops,180,434,2026080834,6140.0,2754.0,0
no_vax_enh_ops,180,434,2026080834,304.0,141.0,0
vax_base_ops,180,434,2026080834,3488.9999999999995,1498.0,15357
vax_enh_ops,180,434,2026080834,276.0,128.0,17260
comm_base_40,180,434,2026080834,882.0,363.0,40000
comm_base_60,180,434,2026080834,338.0,133.0,60000
no_vax_base_ops,90,435,2026080835,2460.0,1091.0,0
no_vax_enh_ops,90,435,2026080835,301.0,151.0,0
vax_base_ops,90,435,2026080835,1748.0,766.0,7281
vax_enh_ops,90,435,2026080835,293.0,146.0,8047
comm_base_40,90,435,2026080835,555.0,240.99999999999997,40000
comm_base_60,90,435,2026080835,509.0,216.0,60000
no_vax_base_ops,180,435,2026080835,8910.0,4031.0,0
no_vax_enh_ops,180,435,2026080835,310.0,153.0,0
vax_base_ops,180,435,2026080835,3409.0,1495.0,15909
vax_enh_ops,180,435,2026080835,296.0,146.0,17001
comm_base_40,180,435,2026080835,714.0,297.0,40000
comm_base_60,180,435,2026080835,558.0,239.00000000000003,60000
no_vax_base_ops,90,438,2026080838,971.0,456.0,0
no_vax_enh_ops,90,438,2026080838,299.0,141.0,0
vax_base_ops,90,438,2026080838,683.0,302.0,6917
vax_enh_ops,90,438,2026080838,289.0,139.0,7969
comm_base_40,90,438,2026080838,512.0,223.99999999999997,40000
comm_base_60,90,438,2026080838,257.0,115.0,60000
no_vax_base_ops,180,438,2026080838,3093.0,1392.0,0
no_vax_enh_ops,180,438,2026080838,313.0,148.0,0
vax_base_ops,180,438,2026080838,1098.0,485.0,11462
vax_enh_ops,180,438,2026080838,311.0,147.0,16892
comm_base_40,180,438,2026080838,670.0,286.0,40000
comm_base_60,180,438,2026080838,307.0,131.0,60000
no_vax_base_ops,90,436,2026080836,2163.0,1003.0000000000001,0
no_vax_enh_ops,90,436,2026080836,300.0,139.0,0
vax_base_ops,90,436,2026080836,1323.0,599.0,7799
vax_enh_ops,90,436,2026080836,200.0,81.0,8218
comm_base_40,90,436,2026080836,731.0,332.0,40000
comm_base_60,90,436,2026080836,455.0,188.0,60000
no_vax_base_ops,180,436,2026080836,6942.0,3117.0,0
no_vax_enh_ops,180,436,2026080836,316.0,148.0,0
vax_base_ops,180,436,2026080836,2450.0,1109.0,16539
vax_enh_ops,180,436,2026080836,200.0,81.0,17209
comm_base_40,180,436,2026080836,878.0,384.0,40000
comm_base_60,180,436,2026080836,483.99999999999994,203.0,60000
no_vax_base_ops,90,437,2026080837,2334.0,1095.0,0
no_vax_enh_ops,90,437,2026080837,311.0,147.0,0
vax_base_ops,90,437,2026080837,1519.0,686.0,7413
vax_enh_ops,90,437,2026080837,251.0,115.0,8329
comm_base_40,90,437,2026080837,744.0,331.0,40000
comm_base_60,90,437,2026080837,575.0,244.0,60000
no_vax_base_ops,180,437,2026080837,8502.0,3914.9999999999995,0
no_vax_enh_ops,180,437,2026080837,315.0,148.0,0
vax_base_ops,180,437,2026080837,2948.0,1327.0,16169
vax_enh_ops,180,437,2026080837,251.0,115.0,17312
comm_base_40,180,437,2026080837,818.9999999999999,362.0,40000
comm_base_60,180,437,2026080837,690.0,289.0,60000
no_vax_base_ops,90,440,2026080840,1658.0,766.0,0
no_vax_enh_ops,90,440,2026080840,256.0,103.99999999999999,0
vax_base_ops,90,440,2026080840,1087.0,481.0,7310
vax_enh_ops,90,440,2026080840,227.0,95.0,8062
comm_base_40,90,440,2026080840,594.0,227.0,40000
comm_base_60,90,440,2026080840,382.0,135.0,60000
no_vax_base_ops,180,440,2026080840,4922.0,2273.0,0
no_vax_enh_ops,180,440,2026080840,263.0,107.0,0
vax_base_ops,180,440,2026080840,1944.9999999999998,859.0,16098
vax_enh_ops,180,440,2026080840,235.0,98.0,17024
comm_base_40,180,440,2026080840,827.0,327.0,40000
comm_base_60,180,440,2026080840,388.0,138.0,60000
no_vax_base_ops,90,439,2026080839,2416.0,1087.0,0
no_vax_enh_ops,90,439,2026080839,311.0,149.0,0
vax_base_ops,90,439,2026080839,1866.0,822.0,7763
vax_enh_ops,90,439,2026080839,315.0,149.0,8285
comm_base_40,90,439,2026080839,650.0,273.0,40000
comm_base_60,90,439,2026080839,322.0,133.0,60000
no_vax_base_ops,180,439,2026080839,8300.0,3703.9999999999995,0
no_vax_enh_ops,180,439,2026080839,358.0,166.0,0
vax_base_ops,180,439,2026080839,3494.0,1499.0,16414
vax_enh_ops,180,439,2026080839,315.0,149.0,17220
comm_base_40,180,439,2026080839,764.0,318.0,40000
comm_base_60,180,439,2026080839,327.0,134.0,60000
no_vax_base_ops,90,441,2026080841,2012.9999999999998,925.0,0
no_vax_enh_ops,90,441,2026080841,383.0,193.0,0
vax_base_ops,90,441,2026080841,1578.0,729.0,7593
vax_enh_ops,90,441,2026080841,310.0,144.0,8035
comm_base_40,90,441,2026080841,724.0,325.0,40000
comm_base_60,90,441,2026080841,408.00000000000006,184.0,60000
no_vax_base_ops,180,441,2026080841,7631.0,3497.0,0
no_vax_enh_ops,180,441,2026080841,400.0,200.0,0
vax_base_ops,180,441,2026080841,3121.0,1383.0,16299
vax_enh_ops,180,441,2026080841,323.0,152.0,16930
comm_base_40,180,441,2026080841,809.0,363.0,40000
comm_base_60,180,441,2026080841,420.0,189.0,60000
no_vax_base_ops,90,443,2026080843,1759.0000000000002,772.0,0
no_vax_enh_ops,90,443,2026080843,301.0,125.0,0
vax_base_ops,90,443,2026080843,1528.0,655.0,6689
vax_enh_ops,90,443,2026080843,251.0,102.00000000000001,7754
comm_base_40,90,443,2026080843,823.0,327.0,40000
comm_base_60,90,443,2026080843,470.0,168.0,60000
no_vax_base_ops,180,443,2026080843,5465.0,2503.0,0
no_vax_enh_ops,180,443,2026080843,301.0,125.0,0
vax_base_ops,180,443,2026080843,2672.0,1171.0,15368
vax_enh_ops,180,443,2026080843,252.0,103.00000000000001,16731
comm_base_40,180,443,2026080843,1105.0,449.0,40000
comm_base_60,180,443,2026080843,483.99999999999994,176.0,60000
no_vax_base_ops,90,442,2026080842,1986.9999999999998,882.9999999999999,0
no_vax_enh_ops,90,442,2026080842,294.0,142.0,0
vax_base_ops,90,442,2026080842,1448.0,654.0,7101
vax_enh_ops,90,442,2026080842,336.0,160.0,8019
comm_base_40,90,442,2026080842,762.0,327.0,40000
comm_base_60,90,442,2026080842,507.0,201.0,60000
no_vax_base_ops,180,442,2026080842,6041.0,2685.0,0
no_vax_enh_ops,180,442,2026080842,297.0,143.0,0
vax_base_ops,180,442,2026080842,2565.0,1099.0,15842
vax_enh_ops,180,442,2026080842,360.0,172.0,16943
comm_base_40,180,442,2026080842,840.0,355.0,40000
comm_base_60,180,442,2026080842,542.0,214.0,60000
no_vax_base_ops,90,444,2026080844,1793.0000000000002,826.0,0
no_vax_enh_ops,90,444,2026080844,328.0,150.0,0
vax_base_ops,90,444,2026080844,1457.0,656.0,7907
vax_enh_ops,90,444,2026080844,290.0,127.00000000000001,8507
comm_base_40,90,444,2026080844,784.0,346.0,40000
comm_base_60,90,444,2026080844,472.0,189.0,60000
no_vax_base_ops,180,444,2026080844,5477.0,2503.0,0
no_vax_enh_ops,180,444,2026080844,333.0,151.0,0
vax_base_ops,180,444,2026080844,2946.0,1299.0,16637
vax_enh_ops,180,444,2026080844,290.0,127.00000000000001,17473
comm_base_40,180,444,2026080844,1050.0,464.0,40000
comm_base_60,180,444,2026080844,483.99999999999994,196.0,60000
no_vax_base_ops,90,446,2026080846,1654.9999999999998,766.0,0
no_vax_enh_ops,90,446,2026080846,424.0,188.0,0
vax_base_ops,90,446,2026080846,1476.0,661.0,6921
vax_enh_ops,90,446,2026080846,317.0,133.0,7864
comm_base_40,90,446,2026080846,604.0,254.00000000000003,40000
comm_base_60,90,446,2026080846,409.0,156.0,60000
no_vax_base_ops,180,446,2026080846,5699.0,2597.0,0
no_vax_enh_ops,180,446,2026080846,466.0,210.0,0
vax_base_ops,180,446,2026080846,3106.0,1381.0,15610
vax_enh_ops,180,446,2026080846,326.0,138.0,16793
comm_base_40,180,446,2026080846,799.0000000000001,341.0,40000
comm_base_60,180,446,2026080846,468.0,181.0,60000
no_vax_base_ops,90,447,2026080847,1319.0,617.0,0
no_vax_enh_ops,90,447,2026080847,330.0,155.0,0
vax_base_ops,90,447,2026080847,1017.0,449.99999999999994,7583
vax_enh_ops,90,447,2026080847,271.0,127.00000000000001,8041
comm_base_40,90,447,2026080847,532.0,220.0,40000
comm_base_60,90,447,2026080847,308.0,130.0,60000
no_vax_base_ops,180,447,2026080847,4470.0,2014.0000000000002,0
no_vax_enh_ops,180,447,2026080847,332.0,156.0,0
vax_base_ops,180,447,2026080847,1916.0,848.9999999999999,16350
vax_enh_ops,180,447,2026080847,271.0,127.00000000000001,17032
comm_base_40,180,447,2026080847,668.0,268.0,40000
comm_base_60,180,447,2026080847,352.0,151.0,60000
no_vax_base_ops,90,445,2026080845,1379.0,637.0,0
no_vax_enh_ops,90,445,2026080845,262.0,117.0,0
vax_base_ops,90,445,2026080845,1107.0,498.99999999999994,7317
vax_enh_ops,90,445,2026080845,246.0,108.0,8015
comm_base_40,90,445,2026080845,421.0,191.0,40000
comm_base_60,90,445,2026080845,274.0,112.99999999999999,60000
no_vax_base_ops,180,445,2026080845,4455.0,1984.0,0
no_vax_enh_ops,180,445,2026080845,262.0,117.0,0
vax_base_ops,180,445,2026080845,2226.0,982.0000000000001,16119
vax_enh_ops,180,445,2026080845,246.0,108.0,17001
comm_base_40,180,445,2026080845,546.0,238.00000000000003,40000
comm_base_60,180,445,2026080845,295.0,123.0,60000
no_vax_base_ops,90,448,2026080848,2421.0,1107.0,0
no_vax_enh_ops,90,448,2026080848,445.0,197.0,0
vax_base_ops,90,448,2026080848,1949.0,869.9999999999999,7235
vax_enh_ops,90,448,2026080848,398.0,178.0,8171
comm_base_40,90,448,2026080848,848.0,364.0,40000
comm_base_60,90,448,2026080848,544.0,220.0,60000
no_vax_base_ops,180,448,2026080848,7340.000000000001,3324.0,0
no_vax_enh_ops,180,448,2026080848,472.0,208.99999999999997,0
vax_base_ops,180,448,2026080848,3769.0,1675.0,15871
vax_enh_ops,180,448,2026080848,398.0,178.0,17099
comm_base_40,180,448,2026080848,995.0,425.00000000000006,40000
comm_base_60,180,448,2026080848,556.0,222.00000000000003,60000
no_vax_base_ops,90,452,2026080852,1728.0,793.0,0
no_vax_enh_ops,90,452,2026080852,238.00000000000003,110.0,0
vax_base_ops,90,452,2026080852,1413.0,631.0,7226
vax_enh_ops,90,452,2026080852,236.0,108.0,8051
comm_base_40,90,452,2026080852,600.0,248.0,40000
comm_base_60,90,452,2026080852,434.0,181.0,60000
no_vax_base_ops,180,452,2026080852,4763.0,2209.0,0
no_vax_enh_ops,180,452,2026080852,238.00000000000003,110.0,0
vax_base_ops,180,452,2026080852,2772.0,1250.0,15941
vax_enh_ops,180,452,2026080852,236.0,108.0,17040
comm_base_40,180,452,2026080852,846.0,355.0,40000
comm_base_60,180,452,2026080852,449.0,186.0,60000
no_vax_base_ops,90,449,2026080849,2375.0,1058.0,0
no_vax_enh_ops,90,449,2026080849,297.0,146.0,0
vax_base_ops,90,449,2026080849,1370.0,596.0,7889
vax_enh_ops,90,449,2026080849,278.0,130.0,8234
comm_base_40,90,449,2026080849,754.0,317.0,40000
comm_base_60,90,449,2026080849,599.0,254.00000000000003,60000
no_vax_base_ops,180,449,2026080849,8560.0,3800.0,0
no_vax_enh_ops,180,449,2026080849,297.0,146.0,0
vax_base_ops,180,449,2026080849,2668.0,1141.0,16579
vax_enh_ops,180,449,2026080849,278.0,130.0,17190
comm_base_40,180,449,2026080849,966.0,398.0,40000
comm_base_60,180,449,2026080849,614.0,257.0,60000
no_vax_base_ops,90,450,2026080850,1949.0,899.9999999999999,0
no_vax_enh_ops,90,450,2026080850,272.0,120.99999999999999,0
vax_base_ops,90,450,2026080850,1395.0,627.0,7940
vax_enh_ops,90,450,2026080850,249.0,106.0,8171
comm_base_40,90,450,2026080850,678.0,295.0,40000
comm_base_60,90,450,2026080850,367.0,157.0,60000
no_vax_base_ops,180,450,2026080850,6442.000000000001,2972.0,0
no_vax_enh_ops,180,450,2026080850,272.0,120.99999999999999,0
vax_base_ops,180,450,2026080850,2809.0,1246.0,16637
vax_enh_ops,180,450,2026080850,249.0,106.0,17153
comm_base_40,180,450,2026080850,814.0,351.0,40000
comm_base_60,180,450,2026080850,385.0,161.0,60000
no_vax_base_ops,90,451,2026080851,2053.0,912.9999999999999,0
no_vax_enh_ops,90,451,2026080851,308.0,131.0,0
vax_base_ops,90,451,2026080851,1262.0,540.0,7452
vax_enh_ops,90,451,2026080851,337.0,147.0,8135
comm_base_40,90,451,2026080851,654.0,261.0,40000
comm_base_60,90,451,2026080851,395.00000000000006,153.0,60000
no_vax_base_ops,180,451,2026080851,7466.0,3379.9999999999995,0
no_vax_enh_ops,180,451,2026080851,308.0,131.0,0
vax_base_ops,180,451,2026080851,2261.0,959.0,16176
vax_enh_ops,180,451,2026080851,353.0,158.0,17092
comm_base_40,180,451,2026080851,703.0,286.0,40000
comm_base_60,180,451,2026080851,404.0,156.0,60000
no_vax_base_ops,90,453,2026080853,1545.0,679.0,0
no_vax_enh_ops,90,453,2026080853,190.0,99.0,0
vax_base_ops,90,453,2026080853,1394.0,605.0,6492
vax_enh_ops,90,453,2026080853,204.00000000000003,101.0,7974
comm_base_40,90,453,2026080853,680.0,294.0,40000
comm_base_60,90,453,2026080853,304.0,129.0,60000
no_vax_base_ops,180,453,2026080853,4455.0,2012.0,0
no_vax_enh_ops,180,453,2026080853,194.0,101.0,0
vax_base_ops,180,453,2026080853,3156.0,1378.0,15131
vax_enh_ops,180,453,2026080853,204.00000000000003,101.0,16932
comm_base_40,180,453,2026080853,861.0,363.0,40000
comm_base_60,180,453,2026080853,334.0,137.0,60000
no_vax_base_ops,90,454,2026080854,1665.0000000000002,737.0,0
no_vax_enh_ops,90,454,2026080854,267.0,129.0,0
vax_base_ops,90,454,2026080854,1156.0,496.0,7612
vax_enh_ops,90,454,2026080854,265.0,127.00000000000001,8072
comm_base_40,90,454,2026080854,611.0,258.0,40000
comm_base_60,90,454,2026080854,427.00000000000006,164.0,60000
no_vax_base_ops,180,454,2026080854,6171.0,2763.0,0
no_vax_enh_ops,180,454,2026080854,283.0,135.0,0
vax_base_ops,180,454,2026080854,2278.0,967.0,16352
vax_enh_ops,180,454,2026080854,265.0,127.00000000000001,17063
comm_base_40,180,454,2026080854,699.0,294.0,40000
comm_base_60,180,454,2026080854,443.0,173.0,60000
no_vax_base_ops,90,455,2026080855,1208.0,566.0,0
no_vax_enh_ops,90,455,2026080855,254.00000000000003,111.99999999999999,0
vax_base_ops,90,455,2026080855,978.0,453.0,6944
vax_enh_ops,90,455,2026080855,268.0,117.0,7691
comm_base_40,90,455,2026080855,586.0,251.0,40000
comm_base_60,90,455,2026080855,309.0,118.0,60000
no_vax_base_ops,180,455,2026080855,4589.0,2127.0,0
no_vax_enh_ops,180,455,2026080855,254.00000000000003,111.99999999999999,0
vax_base_ops,180,455,2026080855,1998.0000000000002,886.9999999999999,15755
vax_enh_ops,180,455,2026080855,267.0,116.0,16676
comm_base_40,180,455,2026080855,747.0,322.0,40000
comm_base_60,180,455,2026080855,351.0,134.0,60000
no_vax_base_ops,90,460,2026080860,1555.0,711.0,0
no_vax_enh_ops,90,460,2026080860,223.00000000000003,101.0,0
vax_base_ops,90,460,2026080860,1273.0,569.0,6519
vax_enh_ops,90,460,2026080860,229.0,101.0,7902
comm_base_40,90,460,2026080860,672.0,263.0,40000
comm_base_60,90,460,2026080860,331.0,129.0,60000
no_vax_base_ops,180,460,2026080860,4601.0,2081.0,0
no_vax_enh_ops,180,460,2026080860,225.99999999999997,103.00000000000001,0
vax_base_ops,180,460,2026080860,2169.0,952.0000000000001,15309
vax_enh_ops,180,460,2026080860,229.0,101.0,16881
comm_base_40,180,460,2026080860,818.9999999999999,329.0,40000
comm_base_60,180,460,2026080860,362.0,140.0,60000
no_vax_base_ops,90,461,2026080861,1761.0,807.0000000000001,0
no_vax_enh_ops,90,461,2026080861,273.0,129.0,0
vax_base_ops,90,461,2026080861,1336.0,602.0,6873
vax_enh_ops,90,461,2026080861,202.0,89.0,7973
comm_base_40,90,461,2026080861,537.0,243.0,40000
comm_base_60,90,461,2026080861,370.0,142.0,60000
no_vax_base_ops,180,461,2026080861,7457.999999999999,3377.9999999999995,0
no_vax_enh_ops,180,461,2026080861,275.0,131.0,0
vax_base_ops,180,461,2026080861,2328.0,1014.0,15611
vax_enh_ops,180,461,2026080861,202.0,89.0,16961
comm_base_40,180,461,2026080861,685.0,302.0,40000
comm_base_60,180,461,2026080861,412.00000000000006,159.0,60000
no_vax_base_ops,90,458,2026080858,1914.0,867.0000000000001,0
no_vax_enh_ops,90,458,2026080858,415.0,192.0,0
vax_base_ops,90,458,2026080858,1557.0,695.0,6816
vax_enh_ops,90,458,2026080858,326.0,156.0,7914
comm_base_40,90,458,2026080858,790.0000000000001,339.0,40000
comm_base_60,90,458,2026080858,423.0,178.0,60000
no_vax_base_ops,180,458,2026080858,6018.0,2735.0,0
no_vax_enh_ops,180,458,2026080858,441.0,201.0,0
vax_base_ops,180,458,2026080858,2888.0,1261.0,15516
vax_enh_ops,180,458,2026080858,329.0,157.0,16876
comm_base_40,180,458,2026080858,1067.0,449.99999999999994,40000
comm_base_60,180,458,2026080858,468.0,195.0,60000
no_vax_base_ops,90,457,2026080857,2362.0,1035.0,0
no_vax_enh_ops,90,457,2026080857,300.0,131.0,0
vax_base_ops,90,457,2026080857,1540.0,642.0,7034
vax_enh_ops,90,457,2026080857,258.0,108.0,8248
comm_base_40,90,457,2026080857,739.0,300.0,40000
comm_base_60,90,457,2026080857,432.99999999999994,171.0,60000
no_vax_base_ops,180,457,2026080857,9595.0,4393.0,0
no_vax_enh_ops,180,457,2026080857,300.0,131.0,0
vax_base_ops,180,457,2026080857,3157.0,1369.0,15699
vax_enh_ops,180,457,2026080857,258.0,108.0,17211
comm_base_40,180,457,2026080857,1010.0,398.99999999999994,40000
comm_base_60,180,457,2026080857,464.0,187.0,60000
no_vax_base_ops,90,459,2026080859,1999.0,895.0,0
no_vax_enh_ops,90,459,2026080859,247.0,119.99999999999999,0
vax_base_ops,90,459,2026080859,1031.0,432.0,7619
vax_enh_ops,90,459,2026080859,225.99999999999997,111.00000000000001,8257
comm_base_40,90,459,2026080859,571.0,247.0,40000
comm_base_60,90,459,2026080859,376.0,157.0,60000
no_vax_base_ops,180,459,2026080859,8948.0,4056.0,0
no_vax_enh_ops,180,459,2026080859,253.0,123.0,0
vax_base_ops,180,459,2026080859,1947.0000000000002,831.9999999999999,16464
vax_enh_ops,180,459,2026080859,225.99999999999997,111.00000000000001,17213
comm_base_40,180,459,2026080859,661.0,275.0,40000
comm_base_60,180,459,2026080859,407.0,172.0,60000
no_vax_base_ops,90,456,2026080856,2009.0,923.0,0
no_vax_enh_ops,90,456,2026080856,474.00000000000006,224.99999999999997,0
vax_base_ops,90,456,2026080856,1401.0,609.0,7932
vax_enh_ops,90,456,2026080856,347.0,157.0,8359
comm_base_40,90,456,2026080856,757.0,317.0,40000
comm_base_60,90,456,2026080856,430.99999999999994,180.0,60000
no_vax_base_ops,180,456,2026080856,6464.0,2972.0,0
no_vax_enh_ops,180,456,2026080856,496.0,233.0,0
vax_base_ops,180,456,2026080856,2627.0,1153.0,16680
vax_enh_ops,180,456,2026080856,349.0,159.0,17298
comm_base_40,180,456,2026080856,967.9999999999999,411.0,40000
comm_base_60,180,456,2026080856,434.99999999999994,180.0,60000
no_vax_base_ops,90,462,2026080862,1578.0,708.0,0
no_vax_enh_ops,90,462,2026080862,275.0,133.0,0
vax_base_ops,90,462,2026080862,1294.0,558.0,7223
vax_enh_ops,90,462,2026080862,257.0,120.99999999999999,8215
comm_base_40,90,462,2026080862,453.0,195.0,40000
comm_base_60,90,462,2026080862,409.0,167.0,60000
no_vax_base_ops,180,462,2026080862,4867.0,2210.0,0
no_vax_enh_ops,180,462,2026080862,285.0,139.0,0
vax_base_ops,180,462,2026080862,2593.0,1126.0,15974
vax_enh_ops,180,462,2026080862,260.0,123.0,17173
comm_base_40,180,462,2026080862,651.0,270.0,40000
comm_base_60,180,462,2026080862,478.00000000000006,194.0,60000
no_vax_base_ops,90,463,2026080863,2510.0,1137.0,0
no_vax_enh_ops,90,463,2026080863,349.0,163.0,0
vax_base_ops,90,463,2026080863,1498.0,673.0,7725
vax_enh_ops,90,463,2026080863,339.0,152.0,8037
comm_base_40,90,463,2026080863,966.0,417.0,40000
comm_base_60,90,463,2026080863,515.0,201.0,60000
no_vax_base_ops,180,463,2026080863,8008.999999999999,3580.0,0
no_vax_enh_ops,180,463,2026080863,349.0,163.0,0
vax_base_ops,180,463,2026080863,2521.0,1101.0,16467
vax_enh_ops,180,463,2026080863,345.0,155.0,16981
comm_base_40,180,463,2026080863,1245.0,544.0,40000
comm_base_60,180,463,2026080863,542.0,208.99999999999997,60000
no_vax_base_ops,90,466,2026080866,1394.0,655.0,0
no_vax_enh_ops,90,466,2026080866,222.00000000000003,101.0,0
vax_base_ops,90,466,2026080866,891.0,427.00000000000006,7843
vax_enh_ops,90,466,2026080866,223.99999999999997,99.0,8297
comm_base_40,90,466,2026080866,500.99999999999994,230.0,40000
comm_base_60,90,466,2026080866,331.0,139.0,60000
no_vax_base_ops,180,466,2026080866,4944.0,2253.0,0
no_vax_enh_ops,180,466,2026080866,223.99999999999997,101.0,0
vax_base_ops,180,466,2026080866,1718.0,784.0,16238
vax_enh_ops,180,466,2026080866,252.0,111.99999999999999,17253
comm_base_40,180,466,2026080866,668.0,302.0,40000
comm_base_60,180,466,2026080866,369.0,155.0,60000
no_vax_base_ops,90,465,2026080865,1692.0,765.0,0
no_vax_enh_ops,90,465,2026080865,239.00000000000003,105.0,0
vax_base_ops,90,465,2026080865,1537.0,666.0,6649
vax_enh_ops,90,465,2026080865,178.0,82.0,7862
comm_base_40,90,465,2026080865,691.0,274.0,40000
comm_base_60,90,465,2026080865,378.0,138.0,60000
no_vax_base_ops,180,465,2026080865,5917.0,2663.0,0
no_vax_enh_ops,180,465,2026080865,239.00000000000003,105.0,0
vax_base_ops,180,465,2026080865,2928.0,1280.0,15315
vax_enh_ops,180,465,2026080865,178.0,82.0,16846
comm_base_40,180,465,2026080865,863.0,349.0,40000
comm_base_60,180,465,2026080865,402.0,149.0,60000
no_vax_base_ops,90,464,2026080864,1785.0000000000002,805.0,0
no_vax_enh_ops,90,464,2026080864,347.0,142.0,0
vax_base_ops,90,464,2026080864,1658.0,733.0,6737
vax_enh_ops,90,464,2026080864,277.0,99.0,8341
comm_base_40,90,464,2026080864,686.0,285.0,40000
comm_base_60,90,464,2026080864,430.99999999999994,158.0,60000
no_vax_base_ops,180,464,2026080864,5837.0,2672.0,0
no_vax_enh_ops,180,464,2026080864,361.0,150.0,0
vax_base_ops,180,464,2026080864,3095.0,1377.0,15434
vax_enh_ops,180,464,2026080864,299.0,111.00000000000001,17314
comm_base_40,180,464,2026080864,839.0,348.0,40000
comm_base_60,180,464,2026080864,436.0,162.0,60000
no_vax_base_ops,90,467,2026080867,1633.0,795.0,0
no_vax_enh_ops,90,467,2026080867,182.0,92.0,0
vax_base_ops,90,467,2026080867,1510.0,712.0,6906
vax_enh_ops,90,467,2026080867,173.0,85.0,8154
comm_base_40,90,467,2026080867,525.0,238.00000000000003,40000
comm_base_60,90,467,2026080867,380.0,165.0,60000
no_vax_base_ops,180,467,2026080867,5400.0,2491.0,0
no_vax_enh_ops,180,467,2026080867,182.0,92.0,0
vax_base_ops,180,467,2026080867,2816.0,1296.0,15586
vax_enh_ops,180,467,2026080867,173.0,85.0,17127
comm_base_40,180,467,2026080867,641.0,289.0,40000
comm_base_60,180,467,2026080867,420.0,185.0,60000
no_vax_base_ops,90,469,2026080869,1580.0000000000002,709.0,0
no_vax_enh_ops,90,469,2026080869,306.0,138.0,0
vax_base_ops,90,469,2026080869,1236.0,536.0,7498
vax_enh_ops,90,469,2026080869,284.0,127.00000000000001,8053
comm_base_40,90,469,2026080869,652.0,261.0,40000
comm_base_60,90,469,2026080869,471.0,182.0,60000
no_vax_base_ops,180,469,2026080869,5417.0,2388.0,0
no_vax_enh_ops,180,469,2026080869,313.0,142.0,0
vax_base_ops,180,469,2026080869,2347.0,996.0,16259
vax_enh_ops,180,469,2026080869,284.0,127.00000000000001,17032
comm_base_40,180,469,2026080869,889.0,359.0,40000
comm_base_60,180,469,2026080869,511.0,196.0,60000
no_vax_base_ops,90,468,2026080868,1989.0000000000002,891.0,0
no_vax_enh_ops,90,468,2026080868,332.0,142.0,0
vax_base_ops,90,468,2026080868,1464.0,628.0,6696
vax_enh_ops,90,468,2026080868,331.0,140.0,7996
comm_base_40,90,468,2026080868,546.0,212.0,40000
comm_base_60,90,468,2026080868,302.0,115.0,60000
no_vax_base_ops,180,468,2026080868,9193.0,4077.9999999999995,0
no_vax_enh_ops,180,468,2026080868,337.0,143.0,0
vax_base_ops,180,468,2026080868,2951.0,1269.0,15414
vax_enh_ops,180,468,2026080868,331.0,140.0,16903
comm_base_40,180,468,2026080868,664.0,265.0,40000
comm_base_60,180,468,2026080868,302.0,115.0,60000
no_vax_base_ops,90,470,2026080870,2407.0,1090.0,0
no_vax_enh_ops,90,470,2026080870,368.0,159.0,0
vax_base_ops,90,470,2026080870,1688.9999999999998,743.0,7850
vax_enh_ops,90,470,2026080870,324.0,139.0,8072
comm_base_40,90,470,2026080870,702.0,297.0,40000
comm_base_60,90,470,2026080870,560.0,222.00000000000003,60000
no_vax_base_ops,180,470,2026080870,8140.0,3708.0,0
no_vax_enh_ops,180,470,2026080870,368.0,159.0,0
vax_base_ops,180,470,2026080870,3181.0,1384.0,16510
vax_enh_ops,180,470,2026080870,326.0,140.0,17027
comm_base_40,180,470,2026080870,865.0,368.0,40000
comm_base_60,180,470,2026080870,634.0,250.0,60000
no_vax_base_ops,90,471,2026080871,1131.0,522.0,0
no_vax_enh_ops,90,471,2026080871,204.00000000000003,90.0,0
vax_base_ops,90,471,2026080871,1117.0,504.0,7405
vax_enh_ops,90,471,2026080871,176.0,76.0,7952
comm_base_40,90,471,2026080871,600.0,263.0,40000
comm_base_60,90,471,2026080871,283.0,108.0,60000
no_vax_base_ops,180,471,2026080871,3547.9999999999995,1620.9999999999998,0
no_vax_enh_ops,180,471,2026080871,207.99999999999997,92.0,0
vax_base_ops,180,471,2026080871,2040.0000000000002,886.0,16198
vax_enh_ops,180,471,2026080871,183.0,78.0,16915
comm_base_40,180,471,2026080871,826.0,354.0,40000
comm_base_60,180,471,2026080871,293.0,110.0,60000
no_vax_base_ops,90,474,2026080874,1654.0,726.0,0
no_vax_enh_ops,90,474,2026080874,245.0,111.00000000000001,0
vax_base_ops,90,474,2026080874,1229.0,541.0,6826
vax_enh_ops,90,474,2026080874,208.99999999999997,94.0,8137
comm_base_40,90,474,2026080874,632.0,256.0,40000
comm_base_60,90,474,2026080874,415.0,156.0,60000
no_vax_base_ops,180,474,2026080874,5798.0,2558.0,0
no_vax_enh_ops,180,474,2026080874,261.0,120.99999999999999,0
vax_base_ops,180,474,2026080874,2453.0,1022.0,15584
vax_enh_ops,180,474,2026080874,208.99999999999997,94.0,17105
comm_base_40,180,474,2026080874,810.9999999999999,334.0,40000
comm_base_60,180,474,2026080874,505.0,191.0,60000
no_vax_base_ops,90,473,2026080873,2081.0,941.0,0
no_vax_enh_ops,90,473,2026080873,262.0,119.99999999999999,0
vax_base_ops,90,473,2026080873,1450.0,642.0,7224
vax_enh_ops,90,473,2026080873,327.0,151.0,7869
comm_base_40,90,473,2026080873,544.0,232.0,40000
comm_base_60,90,473,2026080873,422.0,174.0,60000
no_vax_base_ops,180,473,2026080873,5937.0,2669.0,0
no_vax_enh_ops,180,473,2026080873,262.0,119.99999999999999,0
vax_base_ops,180,473,2026080873,3126.0000000000005,1355.0,15917
vax_enh_ops,180,473,2026080873,330.0,154.0,16835
comm_base_40,180,473,2026080873,675.0,293.0,40000
comm_base_60,180,473,2026080873,434.0,179.0,60000
no_vax_base_ops,90,472,2026080872,1556.0,718.0,0
no_vax_enh_ops,90,472,2026080872,289.0,142.0,0
vax_base_ops,90,472,2026080872,1339.0,615.0,7373
vax_enh_ops,90,472,2026080872,278.0,133.0,8192
comm_base_40,90,472,2026080872,612.0,277.0,40000
comm_base_60,90,472,2026080872,409.0,176.0,60000
no_vax_base_ops,180,472,2026080872,4685.0,2122.0,0
no_vax_enh_ops,180,472,2026080872,329.0,168.0,0
vax_base_ops,180,472,2026080872,2602.0,1163.0,16118
vax_enh_ops,180,472,2026080872,278.0,133.0,17160
comm_base_40,180,472,2026080872,790.0000000000001,339.0,40000
comm_base_60,180,472,2026080872,427.00000000000006,183.0,60000
no_vax_base_ops,90,476,2026080876,1538.0,672.0,0
no_vax_enh_ops,90,476,2026080876,274.0,127.00000000000001,0
vax_base_ops,90,476,2026080876,1240.0,518.0,7057
vax_enh_ops,90,476,2026080876,272.0,126.0,7842
comm_base_40,90,476,2026080876,593.0,237.00000000000003,40000
comm_base_60,90,476,2026080876,449.0,178.0,60000
no_vax_base_ops,180,476,2026080876,5318.0,2380.0,0
no_vax_enh_ops,180,476,2026080876,274.0,127.00000000000001,0
vax_base_ops,180,476,2026080876,2416.0,1063.0,15815
vax_enh_ops,180,476,2026080876,272.0,126.0,16801
comm_base_40,180,476,2026080876,649.0,262.0,40000
comm_base_60,180,476,2026080876,478.00000000000006,186.0,60000
no_vax_base_ops,90,477,2026080877,1747.0,764.0,0
no_vax_enh_ops,90,477,2026080877,266.0,115.0,0
vax_base_ops,90,477,2026080877,1615.0000000000002,684.0,6841
vax_enh_ops,90,477,2026080877,247.0,107.0,8225
comm_base_40,90,477,2026080877,560.0,219.0,40000
comm_base_60,90,477,2026080877,331.0,123.0,60000
no_vax_base_ops,180,477,2026080877,6845.999999999999,3067.0,0
no_vax_enh_ops,180,477,2026080877,277.0,119.00000000000001,0
vax_base_ops,180,477,2026080877,3434.0000000000005,1495.0,15487
vax_enh_ops,180,477,2026080877,246.0,107.0,17193
comm_base_40,180,477,2026080877,693.0,282.0,40000
comm_base_60,180,477,2026080877,341.0,128.0,60000
no_vax_base_ops,90,475,2026080875,2449.0,1107.0,0
no_vax_enh_ops,90,475,2026080875,383.0,175.0,0
vax_base_ops,90,475,2026080875,1759.0000000000002,769.0,7316
vax_enh_ops,90,475,2026080875,324.0,147.0,8327
comm_base_40,90,475,2026080875,911.0,393.00000000000006,40000
comm_base_60,90,475,2026080875,552.0,218.0,60000
no_vax_base_ops,180,475,2026080875,8629.0,3923.9999999999995,0
no_vax_enh_ops,180,475,2026080875,398.99999999999994,185.0,0
vax_base_ops,180,475,2026080875,3719.9999999999995,1609.0,15973
vax_enh_ops,180,475,2026080875,324.0,147.0,17266
comm_base_40,180,475,2026080875,1109.0,462.99999999999994,40000
comm_base_60,180,475,2026080875,594.0,237.00000000000003,60000
no_vax_base_ops,90,479,2026080879,1503.0,668.0,0
no_vax_enh_ops,90,479,2026080879,321.0,146.0,0
vax_base_ops,90,479,2026080879,1267.0,552.0,7505
vax_enh_ops,90,479,2026080879,263.0,105.0,8096
comm_base_40,90,479,2026080879,599.0,259.0,40000
comm_base_60,90,479,2026080879,380.0,149.0,60000
no_vax_base_ops,180,479,2026080879,5327.0,2396.0,0
no_vax_enh_ops,180,479,2026080879,326.0,149.0,0
vax_base_ops,180,479,2026080879,2187.0,936.0,16286
vax_enh_ops,180,479,2026080879,263.0,105.0,17084
comm_base_40,180,479,2026080879,809.0,345.0,40000
comm_base_60,180,479,2026080879,400.0,156.0,60000
no_vax_base_ops,90,478,2026080878,1915.0,860.0,0
no_vax_enh_ops,90,478,2026080878,339.0,157.0,0
vax_base_ops,90,478,2026080878,1355.0,599.0,7221
vax_enh_ops,90,478,2026080878,295.0,136.0,8085
comm_base_40,90,478,2026080878,722.0,305.0,40000
comm_base_60,90,478,2026080878,408.00000000000006,166.0,60000
no_vax_base_ops,180,478,2026080878,7105.0,3237.0000000000005,0
no_vax_enh_ops,180,478,2026080878,340.0,157.0,0
vax_base_ops,180,478,2026080878,3037.0,1304.0,15854
vax_enh_ops,180,478,2026080878,295.0,136.0,17040
comm_base_40,180,478,2026080878,920.0,387.0,40000
comm_base_60,180,478,2026080878,477.0,190.0,60000
no_vax_base_ops,90,481,2026080881,1776.0000000000002,820.0000000000001,0
no_vax_enh_ops,90,481,2026080881,356.0,165.0,0
vax_base_ops,90,481,2026080881,1318.0,596.0,7554
vax_enh_ops,90,481,2026080881,322.0,145.0,7804
comm_base_40,90,481,2026080881,582.0,253.0,40000
comm_base_60,90,481,2026080881,346.0,142.0,60000
no_vax_base_ops,180,481,2026080881,6460.000000000001,2921.0,0
no_vax_enh_ops,180,481,2026080881,359.0,167.0,0
vax_base_ops,180,481,2026080881,2452.0,1096.0,16311
vax_enh_ops,180,481,2026080881,331.0,148.0,16774
comm_base_40,180,481,2026080881,752.0,317.0,40000
comm_base_60,180,481,2026080881,366.0,150.0,60000
no_vax_base_ops,90,482,2026080882,1651.0,766.0,0
no_vax_enh_ops,90,482,2026080882,322.0,146.0,0
vax_base_ops,90,482,2026080882,1479.0,662.0,7441
vax_enh_ops,90,482,2026080882,272.0,119.99999999999999,8224
comm_base_40,90,482,2026080882,561.0,227.0,40000
comm_base_60,90,482,2026080882,491.00000000000006,195.0,60000
no_vax_base_ops,180,482,2026080882,5720.0,2690.0,0
no_vax_enh_ops,180,482,2026080882,324.0,147.0,0
vax_base_ops,180,482,2026080882,2536.0,1169.0,16172
vax_enh_ops,180,482,2026080882,272.0,119.99999999999999,17177
comm_base_40,180,482,2026080882,674.0,276.0,40000
comm_base_60,180,482,2026080882,498.0,197.0,60000
no_vax_base_ops,90,480,2026080880,1748.9999999999998,782.0,0
no_vax_enh_ops,90,480,2026080880,396.99999999999994,186.0,0
vax_base_ops,90,480,2026080880,1264.0,540.0,7579
vax_enh_ops,90,480,2026080880,268.0,119.99999999999999,8072
comm_base_40,90,480,2026080880,823.0,328.0,40000
comm_base_60,90,480,2026080880,434.99999999999994,179.0,60000
no_vax_base_ops,180,480,2026080880,5849.0,2620.0,0
no_vax_enh_ops,180,480,2026080880,398.0,187.0,0
vax_base_ops,180,480,2026080880,2032.0000000000002,882.9999999999999,16373
vax_enh_ops,180,480,2026080880,268.0,119.99999999999999,17014
comm_base_40,180,480,2026080880,1024.0,419.0,40000
comm_base_60,180,480,2026080880,451.99999999999994,185.0,60000
no_vax_base_ops,90,483,2026080883,2337.0,1051.0,0
no_vax_enh_ops,90,483,2026080883,335.0,145.0,0
vax_base_ops,90,483,2026080883,1459.0,627.0,7140
vax_enh_ops,90,483,2026080883,346.0,146.0,7791
comm_base_40,90,483,2026080883,590.0,244.0,40000
comm_base_60,90,483,2026080883,515.0,211.0,60000
no_vax_base_ops,180,483,2026080883,8318.0,3728.0,0
no_vax_enh_ops,180,483,2026080883,364.0,161.0,0
vax_base_ops,180,483,2026080883,2453.0,1068.0,15898
vax_enh_ops,180,483,2026080883,359.0,152.0,16742
comm_base_40,180,483,2026080883,702.0,295.0,40000
comm_base_60,180,483,2026080883,527.0,214.0,60000
no_vax_base_ops,90,486,2026080886,1321.0,577.0,0
no_vax_enh_ops,90,486,2026080886,254.00000000000003,119.00000000000001,0
vax_base_ops,90,486,2026080886,1115.0,489.0,7217
vax_enh_ops,90,486,2026080886,207.99999999999997,96.0,7839
comm_base_40,90,486,2026080886,586.0,243.0,40000
comm_base_60,90,486,2026080886,309.0,135.0,60000
no_vax_base_ops,180,486,2026080886,4732.0,2154.0,0
no_vax_enh_ops,180,486,2026080886,257.0,120.99999999999999,0
vax_base_ops,180,486,2026080886,2034.0,865.9999999999999,16005
vax_enh_ops,180,486,2026080886,207.99999999999997,96.0,16815
comm_base_40,180,486,2026080886,675.0,283.0,40000
comm_base_60,180,486,2026080886,314.0,136.0,60000
no_vax_base_ops,90,485,2026080885,1768.0000000000002,803.0000000000001,0
no_vax_enh_ops,90,485,2026080885,214.0,91.0,0
vax_base_ops,90,485,2026080885,1274.0,568.0,7175
vax_enh_ops,90,485,2026080885,190.0,81.0,8019
comm_base_40,90,485,2026080885,572.0,224.99999999999997,40000
comm_base_60,90,485,2026080885,305.0,106.0,60000
no_vax_base_ops,180,485,2026080885,6153.0,2861.0,0
no_vax_enh_ops,180,485,2026080885,222.00000000000003,92.0,0
vax_base_ops,180,485,2026080885,2431.0,1091.0,15880
vax_enh_ops,180,485,2026080885,190.0,81.0,17017
comm_base_40,180,485,2026080885,722.0,289.0,40000
comm_base_60,180,485,2026080885,330.0,115.0,60000
no_vax_base_ops,90,484,2026080884,1935.0,869.9999999999999,0
no_vax_enh_ops,90,484,2026080884,327.0,156.0,0
vax_base_ops,90,484,2026080884,1544.0,686.0,6662
vax_enh_ops,90,484,2026080884,223.99999999999997,105.0,8251
comm_base_40,90,484,2026080884,628.0,270.0,40000
comm_base_60,90,484,2026080884,436.0,182.0,60000
no_vax_base_ops,180,484,2026080884,6898.0,3129.0,0
no_vax_enh_ops,180,484,2026080884,333.0,158.0,0
vax_base_ops,180,484,2026080884,3098.0,1340.0,15300
vax_enh_ops,180,484,2026080884,223.99999999999997,105.0,17268
comm_base_40,180,484,2026080884,759.0,323.0,40000
comm_base_60,180,484,2026080884,447.0,185.0,60000
no_vax_base_ops,90,487,2026080887,1970.9999999999998,903.9999999999999,0
no_vax_enh_ops,90,487,2026080887,286.0,141.0,0
vax_base_ops,90,487,2026080887,1489.0,673.0,7609
vax_enh_ops,90,487,2026080887,250.0,119.00000000000001,8144
comm_base_40,90,487,2026080887,796.0,341.0,40000
comm_base_60,90,487,2026080887,396.99999999999994,163.0,60000
no_vax_base_ops,180,487,2026080887,6027.0,2692.0,0
no_vax_enh_ops,180,487,2026080887,301.0,148.0,0
vax_base_ops,180,487,2026080887,3035.0,1328.0,16282
vax_enh_ops,180,487,2026080887,250.0,119.00000000000001,17108
comm_base_40,180,487,2026080887,996.0,425.00000000000006,40000
comm_base_60,180,487,2026080887,437.0,183.0,60000
no_vax_base_ops,90,488,2026080888,1762.0,793.9999999999999,0
no_vax_enh_ops,90,488,2026080888,284.0,125.0,0
vax_base_ops,90,488,2026080888,1368.0,597.0,7364
vax_enh_ops,90,488,2026080888,251.0,111.00000000000001,8093
comm_base_40,90,488,2026080888,488.0,206.99999999999997,40000
comm_base_60,90,488,2026080888,378.0,149.0,60000
no_vax_base_ops,180,488,2026080888,5523.0,2493.0,0
no_vax_enh_ops,180,488,2026080888,295.0,131.0,0
vax_base_ops,180,488,2026080888,2590.0,1100.0,16120
vax_enh_ops,180,488,2026080888,251.0,111.00000000000001,17059
comm_base_40,180,488,2026080888,723.0,311.0,40000
comm_base_60,180,488,2026080888,424.0,162.0,60000
no_vax_base_ops,90,490,2026080890,1941.0,882.0,0
no_vax_enh_ops,90,490,2026080890,347.0,156.0,0
vax_base_ops,90,490,2026080890,1482.0,653.0,7512
vax_enh_ops,90,490,2026080890,322.0,141.0,8178
comm_base_40,90,490,2026080890,703.0,316.0,40000
comm_base_60,90,490,2026080890,457.0,189.0,60000
no_vax_base_ops,180,490,2026080890,6393.0,2944.0,0
no_vax_enh_ops,180,490,2026080890,370.0,170.0,0
vax_base_ops,180,490,2026080890,2876.0,1269.0,16277
vax_enh_ops,180,490,2026080890,325.0,142.0,17154
comm_base_40,180,490,2026080890,891.0,384.0,40000
comm_base_60,180,490,2026080890,515.0,214.0,60000
no_vax_base_ops,90,489,2026080889,2395.0,1075.0,0
no_vax_enh_ops,90,489,2026080889,312.0,130.0,0
vax_base_ops,90,489,2026080889,1566.0,702.0,6843
vax_enh_ops,90,489,2026080889,297.0,122.0,8214
comm_base_40,90,489,2026080889,727.0,302.0,40000
comm_base_60,90,489,2026080889,519.0,199.0,60000
no_vax_base_ops,180,489,2026080889,8552.0,3873.9999999999995,0
no_vax_enh_ops,180,489,2026080889,313.0,130.0,0
vax_base_ops,180,489,2026080889,2877.0,1259.0,15585
vax_enh_ops,180,489,2026080889,297.0,122.0,17181
comm_base_40,180,489,2026080889,929.0,379.0,40000
comm_base_60,180,489,2026080889,566.0,215.0,60000
no_vax_base_ops,90,492,2026080892,1494.0,654.0,0
no_vax_enh_ops,90,492,2026080892,253.0,105.0,0
vax_base_ops,90,492,2026080892,1305.0,554.0,6886
vax_enh_ops,90,492,2026080892,173.0,63.0,8122
comm_base_40,90,492,2026080892,447.0,167.0,40000
comm_base_60,90,492,2026080892,333.0,120.99999999999999,60000
no_vax_base_ops,180,492,2026080892,5708.0,2551.0,0
no_vax_enh_ops,180,492,2026080892,256.0,106.0,0
vax_base_ops,180,492,2026080892,2860.0,1216.0,15616
vax_enh_ops,180,492,2026080892,174.0,63.0,17121
comm_base_40,180,492,2026080892,555.0,208.99999999999997,40000
comm_base_60,180,492,2026080892,345.0,128.0,60000
no_vax_base_ops,90,493,2026080893,1700.0000000000002,742.0,0
no_vax_enh_ops,90,493,2026080893,306.0,132.0,0
vax_base_ops,90,493,2026080893,1262.0,524.0,7509
vax_enh_ops,90,493,2026080893,296.0,127.00000000000001,8182
comm_base_40,90,493,2026080893,579.0,234.0,40000
comm_base_60,90,493,2026080893,332.0,130.0,60000
no_vax_base_ops,180,493,2026080893,5396.0,2354.0,0
no_vax_enh_ops,180,493,2026080893,313.0,135.0,0
vax_base_ops,180,493,2026080893,2110.0,881.0,16348
vax_enh_ops,180,493,2026080893,299.0,129.0,17125
comm_base_40,180,493,2026080893,666.0,269.0,40000
comm_base_60,180,493,2026080893,353.0,136.0,60000
no_vax_base_ops,90,491,2026080891,1991.0,912.0,0
no_vax_enh_ops,90,491,2026080891,266.0,125.0,0
vax_base_ops,90,491,2026080891,1944.9999999999998,869.9999999999999,6931
vax_enh_ops,90,491,2026080891,232.0,110.0,7993
comm_base_40,90,491,2026080891,699.0,292.0,40000
comm_base_60,90,491,2026080891,373.0,159.0,60000
no_vax_base_ops,180,491,2026080891,7036.000000000001,3166.9999999999995,0
no_vax_enh_ops,180,491,2026080891,266.0,125.0,0
vax_base_ops,180,491,2026080891,4276.0,1868.9999999999998,15470
vax_enh_ops,180,491,2026080891,237.00000000000003,111.99999999999999,16962
comm_base_40,180,491,2026080891,953.0,400.99999999999994,40000
comm_base_60,180,491,2026080891,383.0,165.0,60000
no_vax_base_ops,90,494,2026080894,1413.0,629.0,0
no_vax_enh_ops,90,494,2026080894,279.0,138.0,0
vax_base_ops,90,494,2026080894,1205.0,536.0,7021
vax_enh_ops,90,494,2026080894,230.0,111.00000000000001,8308
comm_base_40,90,494,2026080894,662.0,276.0,40000
comm_base_60,90,494,2026080894,525.0,216.0,60000
no_vax_base_ops,180,494,2026080894,4052.0,1799.9999999999998,0
no_vax_enh_ops,180,494,2026080894,282.0,140.0,0
vax_base_ops,180,494,2026080894,2159.0,920.0,15808
vax_enh_ops,180,494,2026080894,230.0,111.99999999999999,17276
comm_base_40,180,494,2026080894,884.0000000000001,370.0,40000
comm_base_60,180,494,2026080894,567.0,230.0,60000
no_vax_base_ops,90,495,2026080895,2348.0,1068.0,0
no_vax_enh_ops,90,495,2026080895,313.0,159.0,0
vax_base_ops,90,495,2026080895,1529.0,683.0,7025
vax_enh_ops,90,495,2026080895,280.0,142.0,8276
comm_base_40,90,495,2026080895,574.0,264.0,40000
comm_base_60,90,495,2026080895,380.0,163.0,60000
no_vax_base_ops,180,495,2026080895,8214.0,3746.0,0
no_vax_enh_ops,180,495,2026080895,326.0,168.0,0
vax_base_ops,180,495,2026080895,2948.0,1296.0,15746
vax_enh_ops,180,495,2026080895,300.0,148.0,17246
comm_base_40,180,495,2026080895,796.0,339.0,40000
comm_base_60,180,495,2026080895,400.0,174.0,60000
no_vax_base_ops,90,496,2026080896,2009.0,919.0,0
no_vax_enh_ops,90,496,2026080896,275.0,124.0,0
vax_base_ops,90,496,2026080896,1393.0,622.0,6482
vax_enh_ops,90,496,2026080896,196.0,81.0,8186
comm_base_40,90,496,2026080896,555.0,224.99999999999997,40000
comm_base_60,90,496,2026080896,434.0,167.0,60000
no_vax_base_ops,180,496,2026080896,6350.0,2888.0,0
no_vax_enh_ops,180,496,2026080896,276.0,124.0,0
vax_base_ops,180,496,2026080896,2921.0,1288.0,15148
vax_enh_ops,180,496,2026080896,206.99999999999997,89.0,17139
comm_base_40,180,496,2026080896,758.0,311.0,40000
comm_base_60,180,496,2026080896,495.00000000000006,193.0,60000
no_vax_base_ops,90,498,2026080898,1531.0,683.0,0
no_vax_enh_ops,90,498,2026080898,272.0,126.0,0
vax_base_ops,90,498,2026080898,1277.0,548.0,6947
vax_enh_ops,90,498,2026080898,200.0,91.0,7950
comm_base_40,90,498,2026080898,542.0,225.99999999999997,40000
comm_base_60,90,498,2026080898,362.0,146.0,60000
no_vax_base_ops,180,498,2026080898,3848.0,1738.0,0
no_vax_enh_ops,180,498,2026080898,290.0,132.0,0
vax_base_ops,180,498,2026080898,2818.0,1225.0,15668
vax_enh_ops,180,498,2026080898,200.0,91.0,16942
comm_base_40,180,498,2026080898,748.0,306.0,40000
comm_base_60,180,498,2026080898,380.0,152.0,60000
no_vax_base_ops,90,497,2026080897,1412.0,677.0,0
no_vax_enh_ops,90,497,2026080897,340.0,161.0,0
vax_base_ops,90,497,2026080897,1093.0,514.0,6721
vax_enh_ops,90,497,2026080897,218.0,96.0,7845
comm_base_40,90,497,2026080897,633.0,273.0,40000
comm_base_60,90,497,2026080897,460.0,188.0,60000
no_vax_base_ops,180,497,2026080897,4795.0,2231.0,0
no_vax_enh_ops,180,497,2026080897,343.0,162.0,0
vax_base_ops,180,497,2026080897,2131.0,974.0,15509
vax_enh_ops,180,497,2026080897,218.0,96.0,16854
comm_base_40,180,497,2026080897,835.0,368.0,40000
comm_base_60,180,497,2026080897,529.0,210.0,60000
no_vax_base_ops,90,499,2026080899,1943.0,877.0,0
no_vax_enh_ops,90,499,2026080899,349.0,152.0,0
vax_base_ops,90,499,2026080899,1401.0,600.0,7328
vax_enh_ops,90,499,2026080899,313.0,132.0,8016
comm_base_40,90,499,2026080899,660.0,281.0,40000
comm_base_60,90,499,2026080899,402.0,161.0,60000
no_vax_base_ops,180,499,2026080899,6096.0,2759.0,0
no_vax_enh_ops,180,499,2026080899,377.0,164.0,0
vax_base_ops,180,499,2026080899,2721.0,1195.0,16016
vax_enh_ops,180,499,2026080899,315.0,133.0,16973
comm_base_40,180,499,2026080899,838.0,342.0,40000
comm_base_60,180,499,2026080899,455.0,187.0,60000
