draw_id,scenario,mean_cases,mean_deaths,mean_doses,comparator_mean_deaths,deaths_averted_pct
3,no_vax_base_ops,1647.22,746.1,0.0,746.1,0.0
3,vax_base_ops,1385.42,617.22,7331.24,746.1,17.273823884197828
3,no_vax_enh_ops,282.08,127.4,0.0,746.1,82.92454094625386
3,vax_enh_ops,261.94,117.14,8133.1,746.1,84.29969173033105
3,incremental_ring_vax,261.94,117.14,8133.1,127.4,8.053375196232341
3,no_vax_ring1_base_ops,2052.8,929.56,0.0,746.1,-24.589197158557823
3,no_vax_ring1_enh_ops,341.26,154.68,0.0,929.56,83.35986918542105
3,ring1_vax_base_ops,1830.34,821.14,2346.88,929.56,11.663582770342956
3,ring1_vax_enh_ops,288.04,126.1,2783.7,929.56,86.43444210163948
3,comm_base_20,892.96,392.44,20000.0,746.1,47.401152660501275
3,comm_base_40,506.1,214.66,40000.0,746.1,71.22905776705537
3,comm_base_60,311.8,125.7,60000.0,746.1,83.1523924406916
3,comm_base_80,217.62,82.72,80000.0,746.1,88.91301434124112
1,no_vax_base_ops,1938.94,876.3,0.0,876.3,0.0
1,vax_base_ops,1669.32,740.2,7345.14,876.3,15.531210772566464
1,no_vax_enh_ops,321.32,143.46,0.0,876.3,83.62889421431015
1,vax_enh_ops,307.12,135.16,8183.32,876.3,84.57605842747918
1,incremental_ring_vax,307.12,135.16,8183.32,143.46,5.78558483200893
1,no_vax_ring1_base_ops,2341.3,1059.14,0.0,876.3,-20.865000570580868
1,no_vax_ring1_enh_ops,397.6,177.04,0.0,1059.14,83.28455161734993
1,ring1_vax_base_ops,2125.4,951.68,2606.4,1059.14,10.145967483052301
1,ring1_vax_enh_ops,347.04,150.72,2879.46,1059.14,85.7695866457692
1,comm_base_20,1159.38,504.1,20000.0,876.3,42.474038571265545
1,comm_base_40,707.96,294.14,40000.0,876.3,66.43386967933357
1,comm_base_60,462.32,182.72,60000.0,876.3,79.1486933698505
1,comm_base_80,321.78,121.14,80000.0,876.3,86.17596713454297
4,no_vax_base_ops,1695.9,768.0,0.0,768.0,0.0
4,vax_base_ops,1366.28,607.8,7369.4,768.0,20.859375000000004
4,no_vax_enh_ops,331.88,151.36,0.0,768.0,80.29166666666667
4,vax_enh_ops,316.06,141.88,8115.14,768.0,81.52604166666667
4,incremental_ring_vax,316.06,141.88,8115.14,151.36,6.263213530655403
4,no_vax_ring1_base_ops,1950.38,882.82,0.0,768.0,-14.950520833333341
4,no_vax_ring1_enh_ops,487.54,222.02,0.0,882.82,74.85104551324166
4,ring1_vax_base_ops,1793.48,804.04,2252.1,882.82,8.92367640062528
4,ring1_vax_enh_ops,394.3,173.52,3229.58,882.82,80.34480415033642
4,comm_base_20,871.62,384.38,20000.0,768.0,49.950520833333336
4,comm_base_40,513.12,217.88,40000.0,768.0,71.63020833333333
4,comm_base_60,308.04,125.3,60000.0,768.0,83.68489583333334
4,comm_base_80,216.08,83.3,80000.0,768.0,89.15364583333333
5,no_vax_base_ops,1747.96,793.48,0.0,793.48,0.0
5,vax_base_ops,1471.42,655.72,7376.28,793.48,17.361496193980944
5,no_vax_enh_ops,305.62,139.46,0.0,793.48,82.42425770025709
5,vax_enh_ops,296.82,134.54,8061.74,793.48,83.04431113575642
5,incremental_ring_vax,296.82,134.54,8061.74,139.46,3.5278933027391477
5,no_vax_ring1_base_ops,2042.48,928.92,0.0,793.48,-17.06911327317638
5,no_vax_ring1_enh_ops,412.18,188.14,0.0,928.92,79.74637213107695
5,ring1_vax_base_ops,1882.48,848.62,2542.62,928.92,8.644447315161688
5,ring1_vax_enh_ops,357.0,157.08,3694.08,928.92,83.0900400465056
5,comm_base_20,1076.0,472.96,20000.0,793.48,40.39421283460201
5,comm_base_40,646.7,272.42,40000.0,793.48,65.66769168725108
5,comm_base_60,445.72,179.0,60000.0,793.48,77.44114533447598
5,comm_base_80,321.12,123.02,80000.0,793.48,84.49614357009628
2,no_vax_base_ops,2131.12,969.44,0.0,969.44,0.0
2,vax_base_ops,1917.08,858.46,6967.46,969.44,11.4478461792375
2,no_vax_enh_ops,369.84,167.94,0.0,969.44,82.67659679815151
2,vax_enh_ops,336.5,151.2,8073.92,969.44,84.40336689222643
2,incremental_ring_vax,336.5,151.2,8073.92,167.94,9.967845659163993
2,no_vax_ring1_base_ops,2564.32,1165.1,0.0,969.44,-20.182785938273625
2,no_vax_ring1_enh_ops,486.8,221.58,0.0,1165.1,80.98188996652647
2,ring1_vax_base_ops,2438.18,1102.4,1950.7,1165.1,5.381512316539338
2,ring1_vax_enh_ops,423.8,187.38,3395.96,1165.1,83.91726032100249
2,comm_base_20,1283.56,566.96,20000.0,969.44,41.516751939263905
2,comm_base_40,797.74,337.06,40000.0,969.44,65.23147384056776
2,comm_base_60,495.24,200.2,60000.0,969.44,79.34890245915167
2,comm_base_80,349.2,132.26,80000.0,969.44,86.35707212411289
0,no_vax_base_ops,2084.44,949.84,0.0,949.84,0.0
0,vax_base_ops,1771.14,792.08,7090.16,949.84,16.609113113787586
0,no_vax_enh_ops,396.44,179.58,0.0,949.84,81.09365787922177
0,vax_enh_ops,367.58,164.76,7990.26,949.84,82.65392066032173
0,incremental_ring_vax,367.58,164.76,7990.26,179.58,8.252589375208833
0,no_vax_ring1_base_ops,2481.16,1130.06,0.0,949.84,-18.97372189000252
0,no_vax_ring1_enh_ops,604.86,275.22,0.0,1130.06,75.6455409447286
0,ring1_vax_base_ops,2297.34,1037.76,2149.96,1130.06,8.167707909314547
0,ring1_vax_enh_ops,537.58,235.38,4263.14,1130.06,79.17101746809904
0,comm_base_20,1072.48,473.36,20000.0,949.84,50.16423818748421
0,comm_base_40,631.04,268.04,40000.0,949.84,71.78051040175187
0,comm_base_60,392.06,157.18,60000.0,949.84,83.45194980207194
0,comm_base_80,265.16,98.52,80000.0,949.84,89.6277267750358
6,no_vax_base_ops,3025.56,1379.5,0.0,1379.5,0.0
6,vax_base_ops,2526.5,1138.12,7392.12,1379.5,17.497644073939842
6,no_vax_enh_ops,510.18,231.38,0.0,1379.5,83.2272562522653
6,vax_enh_ops,462.12,206.84,8086.6,1379.5,85.00616165277276
6,incremental_ring_vax,462.12,206.84,8086.6,231.38,10.605929639553977
6,no_vax_ring1_base_ops,3841.14,1748.32,0.0,1379.5,-26.735773831098218
6,no_vax_ring1_enh_ops,849.48,385.66,0.0,1748.32,77.94110917909765
6,ring1_vax_base_ops,3399.38,1536.08,3229.36,1748.32,12.13965406790519
6,ring1_vax_enh_ops,726.34,320.72,5699.88,1748.32,81.65553216802417
6,comm_base_20,1409.74,624.86,20000.0,1379.5,54.703878216745196
6,comm_base_40,720.64,306.6,40000.0,1379.5,77.77455599855021
6,comm_base_60,441.86,178.72,60000.0,1379.5,87.04458137006162
6,comm_base_80,305.58,116.86,80000.0,1379.5,91.52881478796667
7,no_vax_base_ops,2848.96,1291.84,0.0,1291.84,0.0
7,vax_base_ops,2474.02,1107.84,7510.2,1291.84,14.243249938072827
7,no_vax_enh_ops,483.82,219.92,0.0,1291.84,82.97621996532078
7,vax_enh_ops,460.1,207.38,8124.9,1291.84,83.94692841218728
7,incremental_ring_vax,460.1,207.38,8124.9,219.92,5.702073481265911
7,no_vax_ring1_base_ops,3650.18,1655.22,0.0,1291.84,-28.12887044835275
7,no_vax_ring1_enh_ops,831.66,378.2,0.0,1655.22,77.15107357330143
7,ring1_vax_base_ops,3273.16,1470.72,3516.8,1655.22,11.146554536557074
7,ring1_vax_enh_ops,716.6,317.46,5702.16,1655.22,80.82067640555334
7,comm_base_20,1605.86,703.3,20000.0,1291.84,45.55827347039882
7,comm_base_40,975.04,409.32,40000.0,1291.84,68.31496160515235
7,comm_base_60,606.42,243.68,60000.0,1291.84,81.13698290810007
7,comm_base_80,410.96,158.02,80000.0,1291.84,87.76783502600942
12,no_vax_base_ops,1655.02,750.42,0.0,750.42,0.0
12,vax_base_ops,1373.36,614.0,7184.3,750.42,18.179153007649045
12,no_vax_enh_ops,320.12,146.24,0.0,750.42,80.51224647530715
12,vax_enh_ops,290.0,130.92,8068.7,750.42,82.55376988886225
12,incremental_ring_vax,290.0,130.92,8068.7,146.24,10.475929978118177
12,no_vax_ring1_base_ops,2028.24,921.28,0.0,750.42,-22.768582926894275
12,no_vax_ring1_enh_ops,418.98,191.18,0.0,921.28,79.24843695727682
12,ring1_vax_base_ops,1795.1,808.38,2151.0,921.28,12.254689128169503
12,ring1_vax_enh_ops,353.6,157.04,3101.56,921.28,82.95415074678708
12,comm_base_20,885.92,391.84,20000.0,750.42,47.78390767836678
12,comm_base_40,465.84,198.56,40000.0,750.42,73.54015084885796
12,comm_base_60,297.5,121.84,60000.0,750.42,83.76375896164814
12,comm_base_80,200.68,77.72,80000.0,750.42,89.64313317875323
8,no_vax_base_ops,2357.94,1072.38,0.0,1072.38,0.0
8,vax_base_ops,1965.8,881.8,7071.2,1072.38,17.771685410022577
8,no_vax_enh_ops,307.58,140.98,0.0,1072.38,86.85354072250509
8,vax_enh_ops,292.3,132.22,8165.42,1072.38,87.67041533784666
8,incremental_ring_vax,292.3,132.22,8165.42,140.98,6.213647325861818
8,no_vax_ring1_base_ops,2760.24,1252.0,0.0,1072.38,-16.74965963557693
8,no_vax_ring1_enh_ops,360.54,164.22,0.0,1252.0,86.88338658146965
8,ring1_vax_base_ops,2506.02,1131.6,2251.06,1252.0,9.616613418530358
8,ring1_vax_enh_ops,306.84,136.92,3184.1,1252.0,89.06389776357827
8,comm_base_20,1238.02,547.26,20000.0,1072.38,48.96771666759918
8,comm_base_40,694.48,295.8,40000.0,1072.38,72.41649415319198
8,comm_base_60,429.66,173.12,60000.0,1072.38,83.85646878904866
8,comm_base_80,299.78,114.9,80000.0,1072.38,89.28551446315672
13,no_vax_base_ops,1661.6,756.74,0.0,756.74,0.0
13,vax_base_ops,1399.66,626.26,7152.44,756.74,17.242381795596906
13,no_vax_enh_ops,302.92,138.84,0.0,756.74,81.65287945661653
13,vax_enh_ops,278.82,125.76,8069.46,756.74,83.38134630123953
13,incremental_ring_vax,278.82,125.76,8069.46,138.84,9.420916162489194
13,no_vax_ring1_base_ops,1975.96,899.14,0.0,756.74,-18.817559531675343
13,no_vax_ring1_enh_ops,410.0,185.92,0.0,899.14,79.32246368752364
13,ring1_vax_base_ops,1866.44,841.68,2055.1,899.14,6.390550970927779
13,ring1_vax_enh_ops,335.02,147.5,3147.06,899.14,83.59543563849901
13,comm_base_20,938.02,415.18,20000.0,756.74,45.13571371937521
13,comm_base_40,523.18,222.22,40000.0,756.74,70.63456405106113
13,comm_base_60,332.66,133.42,60000.0,756.74,82.36910960171262
13,comm_base_80,226.66,85.46,80000.0,756.74,88.70682136533023
11,no_vax_base_ops,2448.72,1112.24,0.0,1112.24,0.0
11,vax_base_ops,2060.18,921.22,7032.86,1112.24,17.174350859526722
11,no_vax_enh_ops,331.72,148.46,0.0,1112.24,86.65216140401353
11,vax_enh_ops,302.9,133.6,8104.36,1112.24,87.9882039847515
11,incremental_ring_vax,302.9,133.6,8104.36,148.46,10.009430149535238
11,no_vax_ring1_base_ops,2899.62,1318.18,0.0,1112.24,-18.515787959433222
11,no_vax_ring1_enh_ops,418.36,187.76,0.0,1318.18,85.75611828430108
11,ring1_vax_base_ops,2678.08,1205.82,2237.32,1318.18,8.523873826032872
11,ring1_vax_enh_ops,360.92,156.02,2994.42,1318.18,88.16398367446024
11,comm_base_20,1302.76,572.22,20000.0,1112.24,48.552470689779184
11,comm_base_40,730.58,306.5,40000.0,1112.24,72.44299791411926
11,comm_base_60,436.96,172.9,60000.0,1112.24,84.45479392936777
11,comm_base_80,298.22,109.26,80000.0,1112.24,90.17658059411637
9,no_vax_base_ops,2073.46,941.62,0.0,941.62,0.0
9,vax_base_ops,1797.38,801.02,7266.84,941.62,14.931713430046093
9,no_vax_enh_ops,334.42,152.64,0.0,941.62,83.78963913255878
9,vax_enh_ops,323.88,145.9,8101.96,941.62,84.5054268176122
9,incremental_ring_vax,323.88,145.9,8101.96,152.64,4.4156184486373045
9,no_vax_ring1_base_ops,2521.26,1142.16,0.0,941.62,-21.297338629171012
9,no_vax_ring1_enh_ops,491.92,223.42,0.0,1142.16,80.43881767878406
9,ring1_vax_base_ops,2363.42,1061.84,2552.9,1142.16,7.03228969671501
9,ring1_vax_enh_ops,424.96,187.32,3818.38,1142.16,83.59949569237236
9,comm_base_20,1272.24,558.0,20000.0,941.62,40.74042607421253
9,comm_base_40,824.18,348.4,40000.0,941.62,62.99993628002804
9,comm_base_60,551.68,222.24,60000.0,941.62,76.39812238482615
9,comm_base_80,402.14,153.92,80000.0,941.62,83.6537031923706
10,no_vax_base_ops,2538.34,1148.0,0.0,1148.0,0.0
10,vax_base_ops,2038.58,907.2,7565.5,1148.0,20.97560975609756
10,no_vax_enh_ops,474.12,214.78,0.0,1148.0,81.29094076655052
10,vax_enh_ops,441.52,197.12,8134.0,1148.0,82.82926829268293
10,incremental_ring_vax,441.52,197.12,8134.0,214.78,8.222367073284289
10,no_vax_ring1_base_ops,3084.28,1394.86,0.0,1148.0,-21.503484320557483
10,no_vax_ring1_enh_ops,756.86,342.0,0.0,1394.86,75.48141032074903
10,ring1_vax_base_ops,2782.42,1245.76,3217.56,1394.86,10.68924479876116
10,ring1_vax_enh_ops,630.88,276.7,5150.46,1394.86,80.16288373026683
10,comm_base_20,1278.64,560.72,20000.0,1148.0,51.15679442508711
10,comm_base_40,709.88,301.52,40000.0,1148.0,73.73519163763066
10,comm_base_60,448.82,180.88,60000.0,1148.0,84.2439024390244
10,comm_base_80,307.34,117.64,80000.0,1148.0,89.7526132404181
14,no_vax_base_ops,1691.46,766.76,0.0,766.76,0.0
14,vax_base_ops,1417.38,632.18,7301.72,766.76,17.55177630549325
14,no_vax_enh_ops,361.48,162.5,0.0,766.76,78.80692785226147
14,vax_enh_ops,338.52,150.32,8138.04,766.76,80.39543012155043
14,incremental_ring_vax,338.52,150.32,8138.04,162.5,7.495384615384619
14,no_vax_ring1_base_ops,1922.22,871.74,0.0,766.76,-13.69137670196672
14,no_vax_ring1_enh_ops,502.8,227.44,0.0,871.74,73.90965196044691
14,ring1_vax_base_ops,1731.16,778.38,2095.9,871.74,10.709615252254114
14,ring1_vax_enh_ops,429.38,187.92,3779.2,871.74,78.44311377245509
14,comm_base_20,980.28,429.44,20000.0,766.76,43.992905211539465
14,comm_base_40,610.84,257.54,40000.0,766.76,66.41191507120872
14,comm_base_60,410.4,165.24,60000.0,766.76,78.44958005112422
14,comm_base_80,290.48,110.06,80000.0,766.76,85.6460952579686
15,no_vax_base_ops,2339.0,1065.68,0.0,1065.68,0.0
15,vax_base_ops,1945.5,874.36,7572.66,1065.68,17.952856392162754
15,no_vax_enh_ops,293.42,135.56,0.0,1065.68,87.2794835222581
15,vax_enh_ops,277.52,126.7,8229.64,1065.68,88.11087756174462
15,incremental_ring_vax,277.52,126.7,8229.64,135.56,6.535851283564473
15,no_vax_ring1_base_ops,2821.36,1284.0,0.0,1065.68,-20.486449966218743
15,no_vax_ring1_enh_ops,371.1,171.32,0.0,1284.0,86.65732087227414
15,ring1_vax_base_ops,2545.32,1147.2,3513.8,1284.0,10.654205607476632
15,ring1_vax_enh_ops,317.4,142.28,3591.76,1284.0,88.9190031152648
15,comm_base_20,1257.7,556.32,20000.0,1065.68,47.796711958561666
15,comm_base_40,691.24,294.66,40000.0,1065.68,72.35004879513549
15,comm_base_60,439.22,180.2,60000.0,1065.68,83.09060881315216
15,comm_base_80,296.72,116.12,80000.0,1065.68,89.1036708955784
16,no_vax_base_ops,1657.04,752.1,0.0,752.1,0.0
16,vax_base_ops,1432.28,639.4,6935.72,752.1,14.984709480122328
16,no_vax_enh_ops,276.02,123.52,0.0,752.1,83.57665204095201
16,vax_enh_ops,256.26,113.9,8067.2,752.1,84.85573726898019
16,incremental_ring_vax,256.26,113.9,8067.2,123.52,7.788212435233153
16,no_vax_ring1_base_ops,1917.76,871.46,0.0,752.1,-15.87023002260338
16,no_vax_ring1_enh_ops,348.36,156.38,0.0,871.46,82.05540128060954
16,ring1_vax_base_ops,1769.62,796.66,1673.18,871.46,8.583296995846059
16,ring1_vax_enh_ops,300.58,130.66,2447.76,871.46,85.00677024763041
16,comm_base_20,907.06,399.3,20000.0,752.1,46.90865576386119
16,comm_base_40,534.32,225.14,40000.0,752.1,70.06515091078313
16,comm_base_60,349.26,139.06,60000.0,752.1,81.51043744182954
16,comm_base_80,242.16,90.34,80000.0,752.1,87.98829942826751
17,no_vax_base_ops,1570.44,714.12,0.0,714.12,0.0
17,vax_base_ops,1402.02,627.06,7321.92,714.12,12.191228364980683
17,no_vax_enh_ops,359.14,161.84,0.0,714.12,77.33714221699434
17,vax_enh_ops,325.8,145.58,8129.04,714.12,79.61407046434773
17,incremental_ring_vax,325.8,145.58,8129.04,161.84,10.046959960454764
17,no_vax_ring1_base_ops,1810.56,823.14,0.0,714.12,-15.266341791295577
17,no_vax_ring1_enh_ops,455.4,205.46,0.0,823.14,75.03948295551182
17,ring1_vax_base_ops,1731.4,782.4,2048.56,823.14,4.949340330927911
17,ring1_vax_enh_ops,413.94,182.66,3270.04,823.14,77.80936414218723
17,comm_base_20,988.56,434.96,20000.0,714.12,39.091469220859246
17,comm_base_40,654.62,277.42,40000.0,714.12,61.15218730745533
17,comm_base_60,477.96,193.54,60000.0,714.12,72.898112362068
17,comm_base_80,347.96,134.7,80000.0,714.12,81.13762392875148
21,no_vax_base_ops,2009.14,907.74,0.0,907.74,0.0
21,vax_base_ops,1669.08,743.26,7394.82,907.74,18.119725912706283
21,no_vax_enh_ops,368.1,166.94,0.0,907.74,81.60927137726662
21,vax_enh_ops,327.84,146.2,8197.68,907.74,83.89406658294224
21,incremental_ring_vax,327.84,146.2,8197.68,166.94,12.42362525458249
21,no_vax_ring1_base_ops,2347.42,1060.94,0.0,907.74,-16.877079339899094
21,no_vax_ring1_enh_ops,449.8,202.74,0.0,1060.94,80.89053103851302
21,ring1_vax_base_ops,2179.8,975.6,2290.48,1060.94,8.0438102060437
21,ring1_vax_enh_ops,392.74,171.56,3570.16,1060.94,83.82943427526534
21,comm_base_20,1006.06,440.36,20000.0,907.74,51.48831163108379
21,comm_base_40,562.92,237.6,40000.0,907.74,73.82510410469958
21,comm_base_60,361.24,145.32,60000.0,907.74,83.99101064181373
21,comm_base_80,255.74,97.8,80000.0,907.74,89.22598982087382
18,no_vax_base_ops,3202.02,1455.66,0.0,1455.66,0.0
18,vax_base_ops,2668.02,1198.02,7343.96,1455.66,17.699187997197154
18,no_vax_enh_ops,566.62,255.56,0.0,1455.66,82.44370251294946
18,vax_enh_ops,538.1,240.42,8060.5,1455.66,83.48378055315115
18,incremental_ring_vax,538.1,240.42,8060.5,255.56,5.924244795742688
18,no_vax_ring1_base_ops,3919.52,1783.88,0.0,1455.66,-22.547847711690917
18,no_vax_ring1_enh_ops,1047.04,474.76,0.0,1783.88,73.38610220418414
18,ring1_vax_base_ops,3618.82,1636.18,2810.06,1783.88,8.279704912886519
18,ring1_vax_enh_ops,933.26,412.96,6178.0,1783.88,76.8504607933269
18,comm_base_20,1491.42,658.66,20000.0,1455.66,54.751796435980935
18,comm_base_40,828.34,349.84,40000.0,1455.66,75.96691535111222
18,comm_base_60,515.46,206.64,60000.0,1455.66,85.80437739582045
18,comm_base_80,352.7,134.32,80000.0,1455.66,90.7725705178407
22,no_vax_base_ops,2250.4,1023.94,0.0,1023.94,0.0
22,vax_base_ops,1969.38,882.52,7218.94,1023.94,13.811356134148491
22,no_vax_enh_ops,412.86,186.58,0.0,1023.94,81.77822919311679
22,vax_enh_ops,399.9,178.18,8032.62,1023.94,82.59858976111882
22,incremental_ring_vax,399.9,178.18,8032.62,186.58,4.502090256190377
22,no_vax_ring1_base_ops,2787.24,1265.44,0.0,1023.94,-23.5853663300584
22,no_vax_ring1_enh_ops,732.78,336.62,0.0,1265.44,73.39897585029712
22,ring1_vax_base_ops,2536.88,1145.22,2278.32,1265.44,9.500252876469848
22,ring1_vax_enh_ops,628.4,277.94,4659.64,1265.44,78.03609811607029
22,comm_base_20,1293.1,571.38,20000.0,1023.94,44.19790222083326
22,comm_base_40,766.78,325.96,40000.0,1023.94,68.16610348262593
22,comm_base_60,473.52,189.36,60000.0,1023.94,81.50672890989706
22,comm_base_80,322.2,120.14,80000.0,1023.94,88.26689063812333
19,no_vax_base_ops,3894.98,1763.54,0.0,1763.54,0.0
19,vax_base_ops,3451.82,1542.18,7336.96,1763.54,12.55202603853612
19,no_vax_enh_ops,427.16,194.84,0.0,1763.54,88.951767467707
19,vax_enh_ops,400.42,180.36,8134.4,1763.54,89.77284325844606
19,incremental_ring_vax,400.42,180.36,8134.4,194.84,7.431738862656534
19,no_vax_ring1_base_ops,5468.3,2473.76,0.0,1763.54,-40.2724066366513
19,no_vax_ring1_enh_ops,632.16,286.54,0.0,2473.76,88.41682297393442
19,ring1_vax_base_ops,4966.98,2229.72,3959.48,2473.76,9.865144557273156
19,ring1_vax_enh_ops,544.5,240.48,4246.44,2473.76,90.27876592717159
19,comm_base_20,2014.06,881.56,20000.0,1763.54,50.01190786713089
19,comm_base_40,1085.36,456.26,40000.0,1763.54,74.12817401363168
19,comm_base_60,622.26,250.48,60000.0,1763.54,85.79674971931456
19,comm_base_80,411.3,155.56,80000.0,1763.54,91.17910566247434
20,no_vax_base_ops,3391.7,1544.12,0.0,1544.12,0.0
20,vax_base_ops,2895.94,1296.6,7661.16,1544.12,16.0298422402404
20,no_vax_enh_ops,388.52,176.34,0.0,1544.12,88.57990311633812
20,vax_enh_ops,371.24,166.68,8306.48,1544.12,89.20550216304432
20,incremental_ring_vax,371.24,166.68,8306.48,176.34,5.478053759782237
20,no_vax_ring1_base_ops,4793.58,2181.06,0.0,1544.12,-41.249384762842276
20,no_vax_ring1_enh_ops,498.04,226.58,0.0,2181.06,89.61147332031214
20,ring1_vax_base_ops,4342.64,1955.26,4538.14,2181.06,10.35276425224432
20,ring1_vax_enh_ops,447.96,198.4,4545.68,2181.06,90.90350563487479
20,comm_base_20,1933.2,850.7,20000.0,1544.12,44.90713157008522
20,comm_base_40,1089.26,461.4,40000.0,1544.12,70.11890267595783
20,comm_base_60,703.74,283.98,60000.0,1544.12,81.60894231018314
20,comm_base_80,496.8,190.3,80000.0,1544.12,87.67582830349973
23,no_vax_base_ops,2438.28,1103.78,0.0,1103.78,0.0
23,vax_base_ops,2042.6,909.42,7451.84,1103.78,17.608581420210548
23,no_vax_enh_ops,395.72,178.5,0.0,1103.78,83.82829911757779
23,vax_enh_ops,374.38,167.46,8075.38,1103.78,84.82849843265869
23,incremental_ring_vax,374.38,167.46,8075.38,178.5,6.184873949579827
23,no_vax_ring1_base_ops,3084.56,1396.3,0.0,1103.78,-26.501657939082065
23,no_vax_ring1_enh_ops,635.02,287.5,0.0,1396.3,79.40986893933969
23,ring1_vax_base_ops,2720.46,1222.14,2961.48,1396.3,12.472964262694253
23,ring1_vax_enh_ops,522.32,229.2,4373.94,1396.3,83.58518942920576
23,comm_base_20,1226.24,536.72,20000.0,1103.78,51.374368080595765
23,comm_base_40,670.34,281.96,40000.0,1103.78,74.4550544492562
23,comm_base_60,398.48,159.6,60000.0,1103.78,85.54059685806955
23,comm_base_80,265.9,100.58,80000.0,1103.78,90.88767689213431
24,no_vax_base_ops,3385.38,1527.44,0.0,1527.44,0.0
24,vax_base_ops,2851.72,1271.32,7437.5,1527.44,16.767925417692354
24,no_vax_enh_ops,406.0,183.74,0.0,1527.44,87.9707222542293
24,vax_enh_ops,382.78,171.12,8147.96,1527.44,88.79694128738282
24,incremental_ring_vax,382.78,171.12,8147.96,183.74,6.868401001415045
24,no_vax_ring1_base_ops,4496.58,2034.38,0.0,1527.44,-33.188865029068246
24,no_vax_ring1_enh_ops,654.02,296.16,0.0,2034.38,85.44224776098861
24,ring1_vax_base_ops,3925.32,1759.74,3902.7,2034.38,13.499936098467352
24,ring1_vax_enh_ops,550.98,243.22,5677.56,2034.38,88.04451479074706
24,comm_base_20,1471.56,650.74,20000.0,1527.44,57.396689886345776
24,comm_base_40,767.36,326.1,40000.0,1527.44,78.65055255852931
24,comm_base_60,406.14,165.28,60000.0,1527.44,89.17928036453151
24,comm_base_80,280.86,108.16,80000.0,1527.44,92.91887079034201
25,no_vax_base_ops,3274.44,1487.26,0.0,1487.26,0.0
25,vax_base_ops,2959.86,1328.22,7272.32,1487.26,10.693490042090822
25,no_vax_enh_ops,325.64,147.48,0.0,1487.26,90.08377822304102
25,vax_enh_ops,309.48,138.62,8199.12,1487.26,90.6795045923376
25,incremental_ring_vax,309.48,138.62,8199.12,147.48,6.007594250067796
25,no_vax_ring1_base_ops,4234.04,1924.3,0.0,1487.26,-29.385581539206324
25,no_vax_ring1_enh_ops,387.06,175.22,0.0,1924.3,90.89435119264148
25,ring1_vax_base_ops,3958.6,1789.28,3015.52,1924.3,7.016577456737514
25,ring1_vax_enh_ops,326.8,144.8,3237.12,1924.3,92.47518578184275
25,comm_base_20,1743.08,766.64,20000.0,1487.26,48.452859621048106
25,comm_base_40,980.62,411.0,40000.0,1487.26,72.36528918951629
25,comm_base_60,605.18,241.32,60000.0,1487.26,83.77418877667657
25,comm_base_80,398.12,150.32,80000.0,1487.26,89.89282304371798
26,no_vax_base_ops,2502.56,1134.76,0.0,1134.76,0.0
26,vax_base_ops,2178.18,972.9,7399.0,1134.76,14.263809087384118
26,no_vax_enh_ops,341.64,155.8,0.0,1134.76,86.27022454087208
26,vax_enh_ops,328.6,147.74,8174.82,1134.76,86.98050689132504
26,incremental_ring_vax,328.6,147.74,8174.82,155.8,5.173299101412068
26,no_vax_ring1_base_ops,3092.12,1403.38,0.0,1134.76,-23.67196587824739
26,no_vax_ring1_enh_ops,463.72,211.82,0.0,1403.38,84.90644016588523
26,ring1_vax_base_ops,2906.96,1309.16,2914.72,1403.38,6.713790990323364
26,ring1_vax_enh_ops,412.76,183.46,3117.84,1403.38,86.92727557753423
26,comm_base_20,1514.54,666.8,20000.0,1134.76,41.238676019598856
26,comm_base_40,962.18,409.58,40000.0,1134.76,63.90602418132469
26,comm_base_60,626.48,253.14,60000.0,1134.76,77.69219923155558
26,comm_base_80,447.08,172.08,80000.0,1134.76,84.83555994219041
28,no_vax_base_ops,2310.34,1047.66,0.0,1047.66,0.0
28,vax_base_ops,1835.3,817.26,7370.54,1047.66,21.99186759063055
28,no_vax_enh_ops,276.96,126.76,0.0,1047.66,87.90065479258539
28,vax_enh_ops,263.82,118.7,8269.92,1047.66,88.66998835500065
28,incremental_ring_vax,263.82,118.7,8269.92,126.76,6.358472704323132
28,no_vax_ring1_base_ops,2736.28,1240.88,0.0,1047.66,-18.443006318843903
28,no_vax_ring1_enh_ops,326.94,150.08,0.0,1240.88,87.90535748823416
28,ring1_vax_base_ops,2420.04,1083.94,2874.24,1240.88,12.647475984784995
28,ring1_vax_enh_ops,268.7,117.74,3085.08,1240.88,90.51157243246729
28,comm_base_20,1194.84,526.7,20000.0,1047.66,49.72605616325907
28,comm_base_40,704.64,299.64,40000.0,1047.66,71.39911803447684
28,comm_base_60,424.08,171.04,60000.0,1047.66,83.67409274001108
28,comm_base_80,289.1,109.78,80000.0,1047.66,89.52140961762404
30,no_vax_base_ops,1513.78,691.28,0.0,691.28,0.0
30,vax_base_ops,1315.94,589.24,6990.54,691.28,14.761023029741922
30,no_vax_enh_ops,295.2,134.3,0.0,691.28,80.57227172780928
30,vax_enh_ops,267.7,120.62,8112.86,691.28,82.5512093507696
30,incremental_ring_vax,267.7,120.62,8112.86,134.3,10.186150409530905
30,no_vax_ring1_base_ops,1638.08,746.98,0.0,691.28,-8.057516491146865
30,no_vax_ring1_enh_ops,366.34,167.06,0.0,746.98,77.63527805295993
30,ring1_vax_base_ops,1582.8,714.66,1628.38,746.98,4.326755736432039
30,ring1_vax_enh_ops,306.6,134.42,3122.18,746.98,82.0048729550992
30,comm_base_20,919.3,404.52,20000.0,691.28,41.48246730702465
30,comm_base_40,589.84,249.96,40000.0,691.28,63.84099062608494
30,comm_base_60,380.24,152.9,60000.0,691.28,77.8816109246615
30,comm_base_80,273.9,105.54,80000.0,691.28,84.7326698298808
27,no_vax_base_ops,2728.78,1228.26,0.0,1228.26,0.0
27,vax_base_ops,2273.82,1009.6,7437.68,1228.26,17.802419683128978
27,no_vax_enh_ops,453.62,202.5,0.0,1228.26,83.51326266425676
27,vax_enh_ops,415.42,183.96,8120.16,1228.26,85.02271506032925
27,incremental_ring_vax,415.42,183.96,8120.16,202.5,9.155555555555551
27,no_vax_ring1_base_ops,3431.2,1543.68,0.0,1228.26,-25.680230570074745
27,no_vax_ring1_enh_ops,699.76,313.6,0.0,1543.68,79.6849087893864
27,ring1_vax_base_ops,2951.5,1315.98,3231.04,1543.68,14.750466417910449
27,ring1_vax_enh_ops,577.96,250.58,4906.24,1543.68,83.76736111111111
27,comm_base_20,1304.84,568.5,20000.0,1228.26,53.715011479654144
27,comm_base_40,705.32,296.46,40000.0,1228.26,75.86341654047189
27,comm_base_60,419.52,168.4,60000.0,1228.26,86.28954781560905
27,comm_base_80,287.26,107.24,80000.0,1228.26,91.26894957093775
31,no_vax_base_ops,1805.68,813.52,0.0,813.52,0.0
31,vax_base_ops,1484.32,658.36,7412.6,813.52,19.072671845805875
31,no_vax_enh_ops,299.52,132.94,0.0,813.52,83.65866850231095
31,vax_enh_ops,287.34,125.94,8130.72,813.52,84.5191267577933
31,incremental_ring_vax,287.34,125.94,8130.72,132.94,5.265533323303746
31,no_vax_ring1_base_ops,2135.3,962.02,0.0,813.52,-18.25400727701839
31,no_vax_ring1_enh_ops,393.32,176.18,0.0,962.02,81.68645142512628
31,ring1_vax_base_ops,1906.92,850.96,2580.76,962.02,11.544458535165584
31,ring1_vax_enh_ops,339.58,146.5,3322.04,962.02,84.77162636951415
31,comm_base_20,1010.52,440.26,20000.0,813.52,45.88209263447733
31,comm_base_40,612.32,255.68,40000.0,813.52,68.57114760546759
31,comm_base_60,399.24,157.32,60000.0,813.52,80.66181532107386
31,comm_base_80,274.6,101.5,80000.0,813.52,87.52335529550595
29,no_vax_base_ops,3735.04,1697.96,0.0,1697.96,0.0
29,vax_base_ops,3159.34,1416.92,7342.7,1697.96,16.551626657871797
29,no_vax_enh_ops,412.56,188.96,0.0,1697.96,88.87135150415793
29,vax_enh_ops,370.72,168.4,8216.18,1697.96,90.08221630662678
29,incremental_ring_vax,370.72,168.4,8216.18,188.96,10.88060965283658
29,no_vax_ring1_base_ops,4808.54,2183.64,0.0,1697.96,-28.603736248203717
29,no_vax_ring1_enh_ops,538.34,245.98,0.0,2183.64,88.73532267223536
29,ring1_vax_base_ops,4496.7,2026.9,3351.66,2183.64,7.1779231008774245
29,ring1_vax_enh_ops,464.2,206.36,4037.66,2183.64,90.54972431353153
29,comm_base_20,1850.02,814.26,20000.0,1697.96,52.044806709227544
29,comm_base_40,1053.42,446.76,40000.0,1697.96,73.6884261113336
29,comm_base_60,606.46,246.84,60000.0,1697.96,85.46255506607929
29,comm_base_80,413.74,159.68,80000.0,1697.96,90.59577375203185
32,no_vax_base_ops,2391.28,1090.5,0.0,1090.5,0.0
32,vax_base_ops,2048.08,922.46,7230.6,1090.5,15.409445208619896
32,no_vax_enh_ops,348.78,160.12,0.0,1090.5,85.31682714351216
32,vax_enh_ops,318.48,144.34,8088.46,1090.5,86.76386978450252
32,incremental_ring_vax,318.48,144.34,8088.46,160.12,9.855108668498625
32,no_vax_ring1_base_ops,2924.76,1333.58,0.0,1090.5,-22.290692342961936
32,no_vax_ring1_enh_ops,487.1,223.0,0.0,1333.58,83.27809355269275
32,ring1_vax_base_ops,2682.74,1211.08,2721.42,1333.58,9.185800626884028
32,ring1_vax_enh_ops,404.34,179.02,3581.24,1333.58,86.57598344306304
32,comm_base_20,1248.94,552.34,20000.0,1090.5,49.349839523154515
32,comm_base_40,686.46,293.94,40000.0,1090.5,73.04539202200826
32,comm_base_60,393.94,159.88,60000.0,1090.5,85.33883539660707
32,comm_base_80,269.42,102.34,80000.0,1090.5,90.61531407611187
34,no_vax_base_ops,1726.54,781.38,0.0,781.38,0.0
34,vax_base_ops,1368.98,609.14,7081.56,781.38,22.043052036141187
34,no_vax_enh_ops,283.2,126.7,0.0,781.38,83.78509815966622
34,vax_enh_ops,256.58,113.58,8111.04,781.38,85.46417876065422
34,incremental_ring_vax,256.58,113.58,8111.04,126.7,10.35516969218627
34,no_vax_ring1_base_ops,1953.64,883.4,0.0,781.38,-13.056387417133786
34,no_vax_ring1_enh_ops,347.68,156.26,0.0,883.4,82.31152365859181
34,ring1_vax_base_ops,1774.56,794.96,2001.72,883.4,10.011319900384871
34,ring1_vax_enh_ops,282.62,122.04,3173.62,883.4,86.18519357029659
34,comm_base_20,876.64,385.56,20000.0,781.38,50.65653075328265
34,comm_base_40,482.62,205.16,40000.0,781.38,73.7438890168676
34,comm_base_60,285.96,113.9,60000.0,781.38,85.42322557526428
34,comm_base_80,201.36,74.86,80000.0,781.38,90.4195141928383
33,no_vax_base_ops,2214.12,1002.22,0.0,1002.22,0.0
33,vax_base_ops,1816.94,810.22,7407.18,1002.22,19.157470415677196
33,no_vax_enh_ops,426.08,193.24,0.0,1002.22,80.71880425455488
33,vax_enh_ops,394.3,176.66,8050.74,1002.22,82.37313164774201
33,incremental_ring_vax,394.3,176.66,8050.74,193.24,8.580004139929628
33,no_vax_ring1_base_ops,2701.96,1223.06,0.0,1002.22,-22.0350821176987
33,no_vax_ring1_enh_ops,711.42,322.86,0.0,1223.06,73.60227625791049
33,ring1_vax_base_ops,2453.94,1099.44,2914.14,1223.06,10.107435448792364
33,ring1_vax_enh_ops,565.28,249.24,5397.04,1223.06,79.62160482723661
33,comm_base_20,1178.3,518.48,20000.0,1002.22,48.2668475983317
33,comm_base_40,646.12,274.46,40000.0,1002.22,72.61479515475644
33,comm_base_60,400.26,162.16,60000.0,1002.22,83.81991977809263
33,comm_base_80,274.28,105.06,80000.0,1002.22,89.51727165692165
35,no_vax_base_ops,1996.9,906.94,0.0,906.94,0.0
35,vax_base_ops,1711.02,765.2,7081.96,906.94,15.628376739365338
35,no_vax_enh_ops,307.72,140.88,0.0,906.94,84.46644761505722
35,vax_enh_ops,286.56,129.5,8136.96,906.94,85.72121639799765
35,incremental_ring_vax,286.56,129.5,8136.96,140.88,8.077796706416805
35,no_vax_ring1_base_ops,2322.82,1057.12,0.0,906.94,-16.55897854323327
35,no_vax_ring1_enh_ops,419.26,191.14,0.0,1057.12,81.91879824428636
35,ring1_vax_base_ops,2213.0,1001.74,1935.4,1057.12,5.23876191917662
35,ring1_vax_enh_ops,347.86,153.9,3482.28,1057.12,85.44157711518086
35,comm_base_20,1137.12,498.9,20000.0,906.94,44.990848347189456
35,comm_base_40,645.4,274.92,40000.0,906.94,69.68707963040553
35,comm_base_60,418.92,168.84,60000.0,906.94,81.38355348755154
35,comm_base_80,293.14,110.66,80000.0,906.94,87.79853132511523
36,no_vax_base_ops,1999.02,907.78,0.0,907.78,0.0
36,vax_base_ops,1598.8,715.94,7507.4,907.78,21.13287360373658
36,no_vax_enh_ops,332.78,151.02,0.0,907.78,83.3638106149067
36,vax_enh_ops,305.28,136.42,8194.34,907.78,84.97212981118774
36,incremental_ring_vax,305.28,136.42,8194.34,151.02,9.667593696199193
36,no_vax_ring1_base_ops,2320.04,1053.92,0.0,907.78,-16.098614201678835
36,no_vax_ring1_enh_ops,432.94,195.22,0.0,1053.92,81.47677243054501
36,ring1_vax_base_ops,2115.66,951.24,2517.38,1053.92,9.742674965841816
36,ring1_vax_enh_ops,354.42,154.76,3694.06,1053.92,85.31577349324428
36,comm_base_20,1038.24,458.84,20000.0,907.78,49.45471369715129
36,comm_base_40,542.34,228.94,40000.0,907.78,74.7802330961246
36,comm_base_60,345.92,140.02,60000.0,907.78,84.5755579545705
36,comm_base_80,236.26,90.06,80000.0,907.78,90.07909405362533
37,no_vax_base_ops,1873.18,851.82,0.0,851.82,0.0
37,vax_base_ops,1594.3,712.72,7463.86,851.82,16.3297410250992
37,no_vax_enh_ops,307.74,138.62,0.0,851.82,83.72660890798525
37,vax_enh_ops,295.22,131.52,8147.02,851.82,84.56011833485947
37,incremental_ring_vax,295.22,131.52,8147.02,138.62,5.121916029432978
37,no_vax_ring1_base_ops,2209.14,1003.78,0.0,851.82,-17.839449648986864
37,no_vax_ring1_enh_ops,398.2,179.22,0.0,1003.78,82.14549004762
37,ring1_vax_base_ops,2062.42,928.5,3125.2,1003.78,7.499651318017889
37,ring1_vax_enh_ops,348.88,152.34,4100.0,1003.78,84.82336767020662
37,comm_base_20,1108.5,487.04,20000.0,851.82,42.82360123030687
37,comm_base_40,665.08,279.92,40000.0,851.82,67.13859735624898
37,comm_base_60,469.72,187.44,60000.0,851.82,77.99535113052055
37,comm_base_80,324.38,122.94,80000.0,851.82,85.56737338874412
38,no_vax_base_ops,2534.7,1149.76,0.0,1149.76,0.0
38,vax_base_ops,2187.94,976.04,7416.64,1149.76,15.10924018925689
38,no_vax_enh_ops,336.04,151.44,0.0,1149.76,86.82855552463123
38,vax_enh_ops,318.3,141.14,8151.88,1149.76,87.72439465627609
38,incremental_ring_vax,318.3,141.14,8151.88,151.44,6.801373481246706
38,no_vax_ring1_base_ops,3171.44,1442.5,0.0,1149.76,-25.460965766768716
38,no_vax_ring1_enh_ops,444.06,199.36,0.0,1442.5,86.1795493934142
38,ring1_vax_base_ops,2910.24,1309.7,3234.24,1442.5,9.206239168110915
38,ring1_vax_enh_ops,373.82,164.04,3052.98,1442.5,88.62807625649913
38,comm_base_20,1380.16,605.44,20000.0,1149.76,47.34205399387697
38,comm_base_40,791.76,330.9,40000.0,1149.76,71.22008071249653
38,comm_base_60,522.8,206.76,60000.0,1149.76,82.01711661564153
38,comm_base_80,349.88,130.24,80000.0,1149.76,88.67241859170609
39,no_vax_base_ops,1500.3,684.84,0.0,684.84,0.0
39,vax_base_ops,1214.9,544.18,7622.22,684.84,20.539104024297657
39,no_vax_enh_ops,297.64,136.02,0.0,684.84,80.13842649377958
39,vax_enh_ops,278.72,126.12,8148.82,684.84,81.5840196250219
39,incremental_ring_vax,278.72,126.12,8148.82,136.02,7.27834142037936
39,no_vax_ring1_base_ops,1823.28,830.22,0.0,684.84,-21.228316103031364
39,no_vax_ring1_enh_ops,392.82,178.88,0.0,830.22,78.45390378453904
39,ring1_vax_base_ops,1600.34,720.78,2626.02,830.22,13.182048131820487
39,ring1_vax_enh_ops,339.06,149.98,3559.2,830.22,81.93490881934909
39,comm_base_20,844.18,374.4,20000.0,684.84,45.330296127562654
39,comm_base_40,459.92,197.16,40000.0,684.84,71.21079376204662
39,comm_base_60,300.82,122.8,60000.0,684.84,82.06880439226681
39,comm_base_80,214.52,83.76,80000.0,684.84,87.76940599264063
40,no_vax_base_ops,2236.66,1011.86,0.0,1011.86,0.0
40,vax_base_ops,1849.28,823.94,7278.6,1011.86,18.571739173403433
40,no_vax_enh_ops,363.04,165.46,0.0,1011.86,83.64793548514616
40,vax_enh_ops,324.84,145.46,8086.14,1011.86,85.6244935070069
40,incremental_ring_vax,324.84,145.46,8086.14,165.46,12.087513598452798
40,no_vax_ring1_base_ops,2681.44,1216.16,0.0,1011.86,-20.19054019330738
40,no_vax_ring1_enh_ops,477.26,217.34,0.0,1216.16,82.12899618471253
40,ring1_vax_base_ops,2398.54,1077.48,2427.74,1216.16,11.403104854624397
40,ring1_vax_enh_ops,402.04,177.02,3092.76,1216.16,85.44434942770688
40,comm_base_20,1099.68,483.42,20000.0,1011.86,52.22461605360426
40,comm_base_40,599.14,255.32,40000.0,1011.86,74.7672602929259
40,comm_base_60,357.78,144.38,60000.0,1011.86,85.73122764018737
40,comm_base_80,248.18,95.18,80000.0,1011.86,90.59356037396478
44,no_vax_base_ops,1284.72,581.2,0.0,581.2,0.0
44,vax_base_ops,1032.28,457.22,7126.9,581.2,21.331727460426706
44,no_vax_enh_ops,298.12,134.48,0.0,581.2,76.86166551961459
44,vax_enh_ops,276.0,122.7,8053.34,581.2,78.88850653819684
44,incremental_ring_vax,276.0,122.7,8053.34,134.48,8.759666864961323
44,no_vax_ring1_base_ops,1396.4,631.66,0.0,581.2,-8.682037164487255
44,no_vax_ring1_enh_ops,379.1,169.66,0.0,631.66,73.14061362125194
44,ring1_vax_base_ops,1259.78,565.1,1622.82,631.66,10.53731437798815
44,ring1_vax_enh_ops,314.36,136.7,3145.6,631.66,78.35861064496723
44,comm_base_20,715.58,312.96,20000.0,581.2,46.15278733654509
44,comm_base_40,439.06,182.94,40000.0,581.2,68.52374397797661
44,comm_base_60,291.58,116.66,60000.0,581.2,79.92773571920166
44,comm_base_80,202.32,75.72,80000.0,581.2,86.97178251892635
42,no_vax_base_ops,1778.02,809.84,0.0,809.84,0.0
42,vax_base_ops,1529.26,684.42,7162.18,809.84,15.487009779709581
42,no_vax_enh_ops,411.42,185.98,0.0,809.84,77.03496987059172
42,vax_enh_ops,388.82,173.82,7962.46,809.84,78.53650103724192
42,incremental_ring_vax,388.82,173.82,7962.46,185.98,6.53833745564039
42,no_vax_ring1_base_ops,2088.28,948.94,0.0,809.84,-17.176232342191053
42,no_vax_ring1_enh_ops,663.12,301.24,0.0,948.94,68.25510569688284
42,ring1_vax_base_ops,1857.6,836.56,2226.68,948.94,11.842687630408678
42,ring1_vax_enh_ops,570.96,251.62,4077.48,948.94,73.48409804624106
42,comm_base_20,1078.96,475.32,20000.0,809.84,41.30692482465673
42,comm_base_40,681.94,289.2,40000.0,809.84,64.28924231947052
42,comm_base_60,453.26,183.08,60000.0,809.84,77.39306529684876
42,comm_base_80,326.32,123.16,80000.0,809.84,84.79205769040797
41,no_vax_base_ops,1665.32,752.34,0.0,752.34,0.0
41,vax_base_ops,1462.56,649.56,7410.42,752.34,13.661376505303465
41,no_vax_enh_ops,373.76,169.34,0.0,752.34,77.49155966717176
41,vax_enh_ops,359.38,160.8,8086.28,752.34,78.62668474359997
41,incremental_ring_vax,359.38,160.8,8086.28,169.34,5.0431085390338914
41,no_vax_ring1_base_ops,1976.08,893.7,0.0,752.34,-18.789377143312866
41,no_vax_ring1_enh_ops,588.94,265.34,0.0,893.7,70.3099474096453
41,ring1_vax_base_ops,1795.96,803.02,2470.64,893.7,10.146581626944172
41,ring1_vax_enh_ops,505.54,221.4,5106.8,893.7,75.22658610271903
41,comm_base_20,1012.32,442.4,20000.0,752.34,41.19679931945664
41,comm_base_40,706.5,296.32,40000.0,752.34,60.613552383230996
41,comm_base_60,478.6,191.66,60000.0,752.34,74.52481590770131
41,comm_base_80,340.68,130.04,80000.0,752.34,82.715261716777
43,no_vax_base_ops,2487.54,1124.88,0.0,1124.88,0.0
43,vax_base_ops,2009.52,894.78,7674.68,1124.88,20.45551525496054
43,no_vax_enh_ops,432.06,194.24,0.0,1124.88,82.73238034279213
43,vax_enh_ops,405.78,179.42,8210.84,1124.88,84.04985420667094
43,incremental_ring_vax,405.78,179.42,8210.84,194.24,7.629736408566733
43,no_vax_ring1_base_ops,2960.88,1339.02,0.0,1124.88,-19.036697247706407
43,no_vax_ring1_enh_ops,628.04,283.86,0.0,1339.02,78.8009141013577
43,ring1_vax_base_ops,2676.82,1199.56,3103.9,1339.02,10.415079685142869
43,ring1_vax_enh_ops,531.9,232.26,4518.6,1339.02,82.65447864856388
43,comm_base_20,1248.18,548.18,20000.0,1124.88,51.267690775904995
43,comm_base_40,685.74,290.62,40000.0,1124.88,74.16435530901074
43,comm_base_60,432.44,172.38,60000.0,1124.88,84.67569874119907
43,comm_base_80,306.66,115.34,80000.0,1124.88,89.74646184481901
45,no_vax_base_ops,2185.14,995.12,0.0,995.12,0.0
45,vax_base_ops,1877.66,840.54,7498.72,995.12,15.53380496824504
45,no_vax_enh_ops,318.98,145.1,0.0,995.12,85.41884395851757
45,vax_enh_ops,305.02,137.68,8157.34,995.12,86.16448267545623
45,incremental_ring_vax,305.02,137.68,8157.34,145.1,5.113714679531349
45,no_vax_ring1_base_ops,2760.74,1259.16,0.0,995.12,-26.533483398987062
45,no_vax_ring1_enh_ops,413.5,189.04,0.0,1259.16,84.98681660789734
45,ring1_vax_base_ops,2520.56,1139.12,3188.42,1259.16,9.533339686775324
45,ring1_vax_enh_ops,366.3,163.86,3305.94,1259.16,86.98656247021825
45,comm_base_20,1263.24,557.78,20000.0,995.12,43.948468526408874
45,comm_base_40,749.92,315.74,40000.0,995.12,68.27116327679074
45,comm_base_60,491.28,198.06,60000.0,995.12,80.09687273896616
45,comm_base_80,331.02,127.42,80000.0,995.12,87.1955141088512
47,no_vax_base_ops,1905.08,868.34,0.0,868.34,0.0
47,vax_base_ops,1707.08,765.06,7171.42,868.34,11.893958587650008
47,no_vax_enh_ops,377.56,174.08,0.0,868.34,79.95255314738466
47,vax_enh_ops,355.08,160.96,8003.72,868.34,81.4634820462031
47,incremental_ring_vax,355.08,160.96,8003.72,174.08,7.536764705882355
47,no_vax_ring1_base_ops,2327.96,1061.02,0.0,868.34,-22.18946495612317
47,no_vax_ring1_enh_ops,592.64,271.72,0.0,1061.02,74.39068066577444
47,ring1_vax_base_ops,2217.5,1002.6,2273.18,1061.02,5.5060225066445465
47,ring1_vax_enh_ops,545.54,242.52,4251.76,1061.02,77.14274942979398
47,comm_base_20,1211.3,534.96,20000.0,868.34,38.39279544878734
47,comm_base_40,824.64,350.94,40000.0,868.34,59.58495520187945
47,comm_base_60,573.8,233.04,60000.0,868.34,73.16258608379206
47,comm_base_80,398.26,155.96,80000.0,868.34,82.03929336435037
46,no_vax_base_ops,3315.24,1507.94,0.0,1507.94,0.0
46,vax_base_ops,2779.22,1245.18,7287.44,1507.94,17.425096489250233
46,no_vax_enh_ops,430.76,195.54,0.0,1507.94,87.03264055599028
46,vax_enh_ops,407.76,183.02,8066.46,1507.94,87.86291231746621
46,incremental_ring_vax,407.76,183.02,8066.46,195.54,6.402782039480404
46,no_vax_ring1_base_ops,4308.48,1958.74,0.0,1507.94,-29.895088664005193
46,no_vax_ring1_enh_ops,777.08,353.58,0.0,1958.74,81.94859960995333
46,ring1_vax_base_ops,4038.44,1819.64,3833.74,1958.74,7.101504028099692
46,ring1_vax_enh_ops,622.7,275.14,5119.1,1958.74,85.95321482177319
46,comm_base_20,1654.3,731.38,20000.0,1507.94,51.49807021499529
46,comm_base_40,860.12,364.56,40000.0,1507.94,75.82397177606536
46,comm_base_60,481.7,194.42,60000.0,1507.94,87.106914068199
46,comm_base_80,323.28,124.16,80000.0,1507.94,91.76625064657745
49,no_vax_base_ops,1960.34,891.3,0.0,891.3,0.0
49,vax_base_ops,1629.3,728.54,7555.48,891.3,18.260967126668913
49,no_vax_enh_ops,305.9,138.58,0.0,891.3,84.45192415572758
49,vax_enh_ops,284.9,127.1,8166.48,891.3,85.73993043868506
49,incremental_ring_vax,284.9,127.1,8166.48,138.58,8.284023668639065
49,no_vax_ring1_base_ops,2402.08,1090.22,0.0,891.3,-22.317962526646483
49,no_vax_ring1_enh_ops,371.32,168.28,0.0,1090.22,84.56458329511474
49,ring1_vax_base_ops,2162.5,972.2,2957.24,1090.22,10.825338005173267
49,ring1_vax_enh_ops,330.14,144.18,3604.04,1090.22,86.77514630074664
49,comm_base_20,1137.58,503.42,20000.0,891.3,43.518456187591156
49,comm_base_40,661.66,280.32,40000.0,891.3,68.54930999663414
49,comm_base_60,442.76,177.58,60000.0,891.3,80.07629305508806
49,comm_base_80,298.24,113.2,80000.0,891.3,87.29945024122068
48,no_vax_base_ops,2767.08,1256.08,0.0,1256.08,0.0
48,vax_base_ops,2317.12,1035.0,7477.68,1256.08,17.600789758614095
48,no_vax_enh_ops,333.96,152.72,0.0,1256.08,87.84153875549327
48,vax_enh_ops,313.42,140.8,8208.46,1256.08,88.79052289663079
48,incremental_ring_vax,313.42,140.8,8208.46,152.72,7.80513357778941
48,no_vax_ring1_base_ops,3244.52,1470.24,0.0,1256.08,-17.049869435067837
48,no_vax_ring1_enh_ops,389.46,177.12,0.0,1470.24,87.95298726738491
48,ring1_vax_base_ops,3058.3,1373.24,3070.74,1470.24,6.597562302753292
48,ring1_vax_enh_ops,339.72,150.46,2979.18,1470.24,89.76629665904886
48,comm_base_20,1558.4,688.84,20000.0,1256.08,45.15954397809056
48,comm_base_40,917.82,389.96,40000.0,1256.08,68.95420673842429
48,comm_base_60,595.6,239.64,60000.0,1256.08,80.92159735048723
48,comm_base_80,422.02,161.52,80000.0,1256.08,87.14094643653272
51,no_vax_base_ops,2082.46,950.0,0.0,950.0,0.0
51,vax_base_ops,1655.4,745.94,7572.84,950.0,21.479999999999993
51,no_vax_enh_ops,287.62,131.96,0.0,950.0,86.10947368421053
51,vax_enh_ops,258.82,116.94,8201.66,950.0,87.69052631578947
51,incremental_ring_vax,258.82,116.94,8201.66,131.96,11.382237041527741
51,no_vax_ring1_base_ops,2424.4,1103.96,0.0,950.0,-16.20631578947369
51,no_vax_ring1_enh_ops,332.26,153.2,0.0,1103.96,86.12268560455088
51,ring1_vax_base_ops,2218.8,1002.26,2986.74,1103.96,9.212290300373205
51,ring1_vax_enh_ops,292.12,129.68,2953.14,1103.96,88.25319757962245
51,comm_base_20,1131.18,502.26,20000.0,950.0,47.130526315789474
51,comm_base_40,622.22,264.56,40000.0,950.0,72.15157894736842
51,comm_base_60,391.58,160.38,60000.0,950.0,83.1178947368421
51,comm_base_80,266.12,103.0,80000.0,950.0,89.15789473684211
52,no_vax_base_ops,2901.9,1317.72,0.0,1317.72,0.0
52,vax_base_ops,2349.8,1052.48,7217.38,1317.72,20.128707160853594
52,no_vax_enh_ops,368.28,167.78,0.0,1317.72,87.26740126885834
52,vax_enh_ops,336.98,151.62,8152.16,1317.72,88.49376195246333
52,incremental_ring_vax,336.98,151.62,8152.16,167.78,9.63166050780784
52,no_vax_ring1_base_ops,3459.6,1569.42,0.0,1317.72,-19.101174756397416
52,no_vax_ring1_enh_ops,471.22,214.76,0.0,1569.42,86.31596385926011
52,ring1_vax_base_ops,3271.8,1475.02,2803.1,1569.42,6.014960940984573
52,ring1_vax_enh_ops,397.08,176.44,3241.4,1569.42,88.75763020733774
52,comm_base_20,1406.66,621.3,20000.0,1317.72,52.85037792550769
52,comm_base_40,732.3,312.0,40000.0,1317.72,76.32273927693288
52,comm_base_60,418.1,169.2,60000.0,1317.72,87.1596393771059
52,comm_base_80,296.62,112.16,80000.0,1317.72,91.48832832468203
53,no_vax_base_ops,2082.52,951.56,0.0,951.56,0.0
53,vax_base_ops,1768.38,794.16,7190.94,951.56,16.541258564882927
53,no_vax_enh_ops,426.44,194.56,0.0,951.56,79.55357518180672
53,vax_enh_ops,402.64,181.0,8095.44,951.56,80.97860355626551
53,incremental_ring_vax,402.64,181.0,8095.44,194.56,6.969572368421054
53,no_vax_ring1_base_ops,2452.16,1121.92,0.0,951.56,-17.90323258648957
53,no_vax_ring1_enh_ops,648.58,295.78,0.0,1121.92,73.63626640045636
53,ring1_vax_base_ops,2269.82,1027.02,2093.48,1121.92,8.458713633770687
53,ring1_vax_enh_ops,540.36,237.86,4457.18,1121.92,78.79884483742156
53,comm_base_20,1217.9,537.92,20000.0,951.56,43.469670856278114
53,comm_base_40,742.78,312.86,40000.0,951.56,67.12135861112279
53,comm_base_60,479.76,191.74,60000.0,951.56,79.84993064021187
53,comm_base_80,334.04,125.24,80000.0,951.56,86.83845474799277
50,no_vax_base_ops,3397.92,1545.12,0.0,1545.12,0.0
50,vax_base_ops,2761.62,1236.12,7662.08,1545.12,19.998446722584656
50,no_vax_enh_ops,445.22,201.3,0.0,1545.12,86.97188567878224
50,vax_enh_ops,412.5,184.72,8209.6,1545.12,88.04494149321737
50,incremental_ring_vax,412.5,184.72,8209.6,201.3,8.236462990561357
50,no_vax_ring1_base_ops,4380.1,1992.14,0.0,1545.12,-28.931086258672483
50,no_vax_ring1_enh_ops,713.16,322.86,0.0,1992.14,83.7933076992581
50,ring1_vax_base_ops,3925.42,1767.28,4057.7,1992.14,11.287359322136002
50,ring1_vax_enh_ops,624.52,274.9,5713.28,1992.14,86.20076902225748
50,comm_base_20,1767.44,774.68,20000.0,1545.12,49.86279382831108
50,comm_base_40,1002.48,420.18,40000.0,1545.12,72.80599565082323
50,comm_base_60,640.78,257.4,60000.0,1545.12,83.34109972041006
50,comm_base_80,425.04,161.72,80000.0,1545.12,89.53349901625765
54,no_vax_base_ops,1989.72,901.86,0.0,901.86,0.0
54,vax_base_ops,1702.96,759.08,7251.62,901.86,15.831725544984804
54,no_vax_enh_ops,400.74,180.62,0.0,901.86,79.97250127514248
54,vax_enh_ops,385.14,171.78,8089.54,901.86,80.95269775796687
54,incremental_ring_vax,385.14,171.78,8089.54,180.62,4.894253128114275
54,no_vax_ring1_base_ops,2238.82,1015.68,0.0,901.86,-12.620584126139304
54,no_vax_ring1_enh_ops,627.56,283.02,0.0,1015.68,72.13492438563327
54,ring1_vax_base_ops,2149.86,967.78,1976.1,1015.68,4.716052299936987
54,ring1_vax_enh_ops,548.94,240.22,4873.58,1015.68,76.34885003150598
54,comm_base_20,1265.9,554.36,20000.0,901.86,38.53147938704455
54,comm_base_40,821.14,345.28,40000.0,901.86,61.71467855321226
54,comm_base_60,594.34,240.96,60000.0,901.86,73.28188410618056
54,comm_base_80,408.76,156.7,80000.0,901.86,82.624797640432
55,no_vax_base_ops,2506.94,1135.58,0.0,1135.58,0.0
55,vax_base_ops,2160.66,965.16,7305.84,1135.58,15.007309040314198
55,no_vax_enh_ops,434.46,196.48,0.0,1135.58,82.69782842248013
55,vax_enh_ops,413.04,184.02,8114.66,1135.58,83.79506507687702
55,incremental_ring_vax,413.04,184.02,8114.66,196.48,6.3416123778501525
55,no_vax_ring1_base_ops,3059.44,1387.24,0.0,1135.58,-22.161362475563156
55,no_vax_ring1_enh_ops,703.22,318.6,0.0,1387.24,77.03353421181626
55,ring1_vax_base_ops,2880.34,1296.5,2630.96,1387.24,6.541045529252329
55,ring1_vax_enh_ops,616.64,273.2,5280.18,1387.24,80.30621954384245
55,comm_base_20,1440.42,632.34,20000.0,1135.58,44.315680092992125
55,comm_base_40,881.56,371.26,40000.0,1135.58,67.30657461385371
55,comm_base_60,563.22,227.7,60000.0,1135.58,79.94857253562056
55,comm_base_80,415.4,157.98,80000.0,1135.58,86.08816639954912
58,no_vax_base_ops,1342.5,605.56,0.0,605.56,0.0
58,vax_base_ops,1110.28,489.98,7135.62,605.56,19.08646542043727
58,no_vax_enh_ops,258.2,115.68,0.0,605.56,80.89702093929586
58,vax_enh_ops,234.06,102.96,8134.08,605.56,82.99755598124051
58,incremental_ring_vax,234.06,102.96,8134.08,115.68,10.99585062240665
58,no_vax_ring1_base_ops,1518.26,685.78,0.0,605.56,-13.24724222207544
58,no_vax_ring1_enh_ops,287.64,127.92,0.0,685.78,81.34678759952172
58,ring1_vax_base_ops,1367.84,611.24,1843.04,685.78,10.869375018227416
58,ring1_vax_enh_ops,239.02,103.58,2022.56,685.78,84.89603079704861
58,comm_base_20,785.04,342.76,20000.0,605.56,43.3978466213092
58,comm_base_40,452.62,188.44,40000.0,605.56,68.8816962811282
58,comm_base_60,303.16,118.88,60000.0,605.56,80.36858445075632
58,comm_base_80,215.58,80.74,80000.0,605.56,86.66688684853689
56,no_vax_base_ops,1593.52,721.42,0.0,721.42,0.0
56,vax_base_ops,1270.8,565.22,7501.42,721.42,21.651742396939362
56,no_vax_enh_ops,296.96,135.22,0.0,721.42,81.25641096725901
56,vax_enh_ops,279.72,125.58,8188.66,721.42,82.5926644673006
56,incremental_ring_vax,279.72,125.58,8188.66,135.22,7.12912291081201
56,no_vax_ring1_base_ops,1867.68,845.32,0.0,721.42,-17.174461478750256
56,no_vax_ring1_enh_ops,363.5,165.66,0.0,845.32,80.40268773955427
56,ring1_vax_base_ops,1676.38,751.56,2455.72,845.32,11.091657597122996
56,ring1_vax_enh_ops,306.04,134.94,3106.68,845.32,84.03681446079592
56,comm_base_20,867.92,382.72,20000.0,721.42,46.94907266224944
56,comm_base_40,496.8,210.88,40000.0,721.42,70.76876160904882
56,comm_base_60,320.9,130.56,60000.0,721.42,81.90235923595131
56,comm_base_80,225.54,86.8,80000.0,721.42,87.96817387929362
57,no_vax_base_ops,2226.46,1012.36,0.0,1012.36,0.0
57,vax_base_ops,1921.48,859.76,7177.9,1012.36,15.073689201469834
57,no_vax_enh_ops,370.66,166.24,0.0,1012.36,83.57896400489945
57,vax_enh_ops,343.1,152.72,7975.0,1012.36,84.91445730767711
57,incremental_ring_vax,343.1,152.72,7975.0,166.24,8.132820019249284
57,no_vax_ring1_base_ops,2679.44,1217.24,0.0,1012.36,-20.23786004978466
57,no_vax_ring1_enh_ops,591.24,266.6,0.0,1217.24,78.09799217902797
57,ring1_vax_base_ops,2554.46,1149.52,2655.7,1217.24,5.5634057375702435
57,ring1_vax_enh_ops,491.26,214.04,4956.82,1217.24,82.41595741184976
57,comm_base_20,1238.48,544.82,20000.0,1012.36,46.183175945315895
57,comm_base_40,725.28,304.12,40000.0,1012.36,69.95930301473784
57,comm_base_60,437.48,175.14,60000.0,1012.36,82.69983009996444
57,comm_base_80,308.6,114.3,80000.0,1012.36,88.70954996246394
60,no_vax_base_ops,2000.56,913.0,0.0,913.0,0.0
60,vax_base_ops,1722.8,773.86,7201.4,913.0,15.239868565169768
60,no_vax_enh_ops,360.02,164.52,0.0,913.0,81.98028477546549
60,vax_enh_ops,335.66,152.12,8091.66,913.0,83.33844468784228
60,incremental_ring_vax,335.66,152.12,8091.66,164.52,7.5370775589594
60,no_vax_ring1_base_ops,2382.28,1084.9,0.0,913.0,-18.828039430449078
60,no_vax_ring1_enh_ops,498.42,226.88,0.0,1084.9,79.08747349986174
60,ring1_vax_base_ops,2179.88,984.54,2249.68,1084.9,9.250622177159196
60,ring1_vax_enh_ops,429.16,190.98,3554.22,1084.9,82.39653424278735
60,comm_base_20,1124.02,497.38,20000.0,913.0,45.52245345016429
60,comm_base_40,672.4,286.4,40000.0,913.0,68.63088718510406
60,comm_base_60,434.82,176.86,60000.0,913.0,80.62869660460022
60,comm_base_80,308.14,119.06,80000.0,913.0,86.95947426067907
61,no_vax_base_ops,2479.5,1127.2,0.0,1127.2,0.0
61,vax_base_ops,2041.16,915.24,7655.48,1127.2,18.804116394606105
61,no_vax_enh_ops,358.16,161.7,0.0,1127.2,85.65471965933286
61,vax_enh_ops,324.24,145.08,8237.58,1127.2,87.12916962384669
61,incremental_ring_vax,324.24,145.08,8237.58,161.7,10.278293135435979
61,no_vax_ring1_base_ops,3115.16,1417.84,0.0,1127.2,-25.78424414478352
61,no_vax_ring1_enh_ops,447.5,204.12,0.0,1417.84,85.60345313998758
61,ring1_vax_base_ops,2742.66,1236.6,3324.4,1417.84,12.782824578231677
61,ring1_vax_enh_ops,376.3,165.28,3897.72,1417.84,88.3428313490944
61,comm_base_20,1166.42,514.88,20000.0,1127.2,54.322214336408805
61,comm_base_40,630.02,270.04,40000.0,1127.2,76.04329311568489
61,comm_base_60,382.52,155.1,60000.0,1127.2,86.2402413058907
61,comm_base_80,271.78,103.68,80000.0,1127.2,90.80198722498226
62,no_vax_base_ops,2290.02,1037.52,0.0,1037.52,0.0
62,vax_base_ops,1956.54,871.0,7252.92,1037.52,16.049811087979027
62,no_vax_enh_ops,376.48,168.74,0.0,1037.52,83.7362171331637
62,vax_enh_ops,356.18,157.6,8096.28,1037.52,84.80993137481687
62,incremental_ring_vax,356.18,157.6,8096.28,168.74,6.601872703567627
62,no_vax_ring1_base_ops,2677.5,1214.04,0.0,1037.52,-17.013647929678463
62,no_vax_ring1_enh_ops,505.08,226.96,0.0,1214.04,81.30539356199137
62,ring1_vax_base_ops,2535.32,1140.34,2437.22,1214.04,6.070640176600445
62,ring1_vax_enh_ops,440.76,191.52,3953.32,1214.04,84.22457250172977
62,comm_base_20,1307.4,570.1,20000.0,1037.52,45.05166165471508
62,comm_base_40,786.34,330.68,40000.0,1037.52,68.127843318683
62,comm_base_60,535.28,213.7,60000.0,1037.52,79.40280669288303
62,comm_base_80,386.3,145.0,80000.0,1037.52,86.02436579535816
64,no_vax_base_ops,1561.22,712.5,0.0,712.5,0.0
64,vax_base_ops,1248.84,559.32,7478.5,712.5,21.498947368421046
64,no_vax_enh_ops,323.24,148.0,0.0,712.5,79.2280701754386
64,vax_enh_ops,286.24,129.02,8149.46,712.5,81.8919298245614
64,incremental_ring_vax,286.24,129.02,8149.46,148.0,12.824324324324317
64,no_vax_ring1_base_ops,1802.98,819.18,0.0,712.5,-14.972631578947361
64,no_vax_ring1_enh_ops,394.96,181.04,0.0,819.18,77.89985107058278
64,ring1_vax_base_ops,1629.38,733.56,2321.12,819.18,10.45191532996411
64,ring1_vax_enh_ops,325.42,144.58,2949.56,819.18,82.35064332625306
64,comm_base_20,829.56,366.14,20000.0,712.5,48.6119298245614
64,comm_base_40,474.58,203.08,40000.0,712.5,71.49754385964911
64,comm_base_60,299.7,122.92,60000.0,712.5,82.74807017543861
64,comm_base_80,209.96,79.82,80000.0,712.5,88.79719298245615
59,no_vax_base_ops,4074.98,1843.78,0.0,1843.78,0.0
59,vax_base_ops,3639.42,1623.78,7233.36,1843.78,11.932009241883522
59,no_vax_enh_ops,470.2,215.18,0.0,1843.78,88.32941023332502
59,vax_enh_ops,442.72,200.68,8103.2,1843.78,89.11583811517643
59,incremental_ring_vax,442.72,200.68,8103.2,215.18,6.738544474393531
59,no_vax_ring1_base_ops,5549.2,2514.04,0.0,1843.78,-36.352493247567494
59,no_vax_ring1_enh_ops,822.7,371.22,0.0,2514.04,85.23412515313996
59,ring1_vax_base_ops,5195.3,2332.88,3798.58,2514.04,7.2059314887591235
59,ring1_vax_enh_ops,749.68,331.9,6485.88,2514.04,86.79814163656903
59,comm_base_20,2367.24,1030.62,20000.0,1843.78,44.1028756142273
59,comm_base_40,1334.7,558.88,40000.0,1843.78,69.68835761316427
59,comm_base_60,835.6,334.1,60000.0,1843.78,81.8796168740305
59,comm_base_80,546.8,209.36,80000.0,1843.78,88.64506611417848
63,no_vax_base_ops,2203.88,999.76,0.0,999.76,0.0
63,vax_base_ops,1853.0,825.02,7496.72,999.76,17.478194766744018
63,no_vax_enh_ops,414.98,190.58,0.0,999.76,80.93742498199568
63,vax_enh_ops,385.1,173.82,8090.88,999.76,82.61382731855646
63,incremental_ring_vax,385.1,173.82,8090.88,190.58,8.79420715709939
63,no_vax_ring1_base_ops,2557.98,1160.72,0.0,999.76,-16.099863967352167
63,no_vax_ring1_enh_ops,606.72,277.56,0.0,1160.72,76.08725618581572
63,ring1_vax_base_ops,2335.34,1049.06,2775.08,1160.72,9.61989110207458
63,ring1_vax_enh_ops,542.38,240.84,4082.52,1160.72,79.25080984216693
63,comm_base_20,1289.7,566.28,20000.0,999.76,43.35840601744419
63,comm_base_40,841.1,356.26,40000.0,999.76,64.36544770744979
63,comm_base_60,537.1,217.16,60000.0,999.76,78.27878690885812
63,comm_base_80,389.72,150.58,80000.0,999.76,84.938385212451
65,no_vax_base_ops,3391.96,1539.26,0.0,1539.26,0.0
65,vax_base_ops,2975.16,1333.26,7308.84,1539.26,13.38305419487286
65,no_vax_enh_ops,321.48,144.88,0.0,1539.26,90.58768499148941
65,vax_enh_ops,296.62,131.68,8242.62,1539.26,91.44523992048127
65,incremental_ring_vax,296.62,131.68,8242.62,144.88,9.110988404196569
65,no_vax_ring1_base_ops,4412.9,2007.2,0.0,1539.26,-30.4003222327612
65,no_vax_ring1_enh_ops,378.06,170.58,0.0,2007.2,91.50159426066162
65,ring1_vax_base_ops,4013.82,1807.44,3405.62,2007.2,9.952172180151454
65,ring1_vax_enh_ops,332.54,144.38,2953.06,2007.2,92.80689517736151
65,comm_base_20,1658.68,728.68,20000.0,1539.26,52.660369268349726
65,comm_base_40,883.18,371.54,40000.0,1539.26,75.86242740017931
65,comm_base_60,518.58,206.44,60000.0,1539.26,86.58836064082742
65,comm_base_80,353.6,131.86,80000.0,1539.26,91.43354598963138
66,no_vax_base_ops,2698.2,1222.86,0.0,1222.86,0.0
66,vax_base_ops,2291.94,1025.0,7423.86,1222.86,16.18010238293835
66,no_vax_enh_ops,289.34,131.06,0.0,1222.86,89.28250167639796
66,vax_enh_ops,277.38,124.44,8208.06,1222.86,89.82385555173936
66,incremental_ring_vax,277.38,124.44,8208.06,131.06,5.051121623683812
66,no_vax_ring1_base_ops,3260.62,1479.66,0.0,1222.86,-20.999950934694095
66,no_vax_ring1_enh_ops,359.2,162.96,0.0,1479.66,88.9866590973602
66,ring1_vax_base_ops,3062.98,1377.76,3118.58,1479.66,6.886717218820546
66,ring1_vax_enh_ops,318.1,140.6,3363.16,1479.66,90.49781706608276
66,comm_base_20,1528.02,670.14,20000.0,1222.86,45.19895981551445
66,comm_base_40,914.92,385.98,40000.0,1222.86,68.43628870026004
66,comm_base_60,607.88,244.42,60000.0,1222.86,80.0124298775003
66,comm_base_80,405.4,154.86,80000.0,1222.86,87.33624454148472
69,no_vax_base_ops,1946.36,884.44,0.0,884.44,0.0
69,vax_base_ops,1690.8,756.24,7160.48,884.44,14.49504771380761
69,no_vax_enh_ops,267.66,122.46,0.0,884.44,86.15395052236443
69,vax_enh_ops,250.34,111.86,8179.04,884.44,87.35244900728144
69,incremental_ring_vax,250.34,111.86,8179.04,122.46,8.655887636779353
69,no_vax_ring1_base_ops,2189.86,995.32,0.0,884.44,-12.536746415811134
69,no_vax_ring1_enh_ops,316.52,144.58,0.0,995.32,85.47401840614073
69,ring1_vax_base_ops,2056.74,927.22,2192.7,995.32,6.842020656673232
69,ring1_vax_enh_ops,270.86,119.76,3255.86,995.32,87.9676887835068
69,comm_base_20,1222.98,538.8,20000.0,884.44,39.0800958798788
69,comm_base_40,762.8,327.92,40000.0,884.44,62.923431776039074
69,comm_base_60,495.34,202.18,60000.0,884.44,77.14033738863009
69,comm_base_80,350.82,135.06,80000.0,884.44,84.72932024784045
67,no_vax_base_ops,3697.44,1674.92,0.0,1674.92,0.0
67,vax_base_ops,3204.32,1430.52,7626.18,1674.92,14.59174169512574
67,no_vax_enh_ops,472.1,212.22,0.0,1674.92,87.32954409762854
67,vax_enh_ops,443.66,198.5,8170.02,1674.92,88.14868769851694
67,incremental_ring_vax,443.66,198.5,8170.02,212.22,6.46498916219018
67,no_vax_ring1_base_ops,4986.76,2259.2,0.0,1674.92,-34.88405416378094
67,no_vax_ring1_enh_ops,774.08,348.48,0.0,2259.2,84.57507082152974
67,ring1_vax_base_ops,4581.74,2051.08,4970.08,2259.2,9.212110481586398
67,ring1_vax_enh_ops,661.52,291.98,6524.82,2259.2,87.07595609065156
67,comm_base_20,1980.44,864.98,20000.0,1674.92,48.35693645069615
67,comm_base_40,1153.88,483.92,40000.0,1674.92,71.10787380889833
67,comm_base_60,728.42,291.76,60000.0,1674.92,82.58066056886298
67,comm_base_80,484.08,183.8,80000.0,1674.92,89.02634155661165
68,no_vax_base_ops,2966.8,1345.9,0.0,1345.9,0.0
68,vax_base_ops,2415.18,1081.14,7588.86,1345.9,19.671595215097703
68,no_vax_enh_ops,511.02,232.34,0.0,1345.9,82.73720187235308
68,vax_enh_ops,478.62,215.18,8021.88,1345.9,84.01218515491492
68,incremental_ring_vax,478.62,215.18,8021.88,232.34,7.3857278126883
68,no_vax_ring1_base_ops,3897.72,1770.5,0.0,1345.9,-31.54766327364588
68,no_vax_ring1_enh_ops,984.88,448.88,0.0,1770.5,74.64670996893533
68,ring1_vax_base_ops,3393.0,1525.62,4174.4,1770.5,13.831121152216895
68,ring1_vax_enh_ops,801.9,356.6,6544.52,1770.5,79.85879695001412
68,comm_base_20,1343.46,595.78,20000.0,1345.9,55.7337097852738
68,comm_base_40,673.82,288.02,40000.0,1345.9,78.60019317928524
68,comm_base_60,385.36,154.96,60000.0,1345.9,88.48651459989597
68,comm_base_80,260.2,100.16,80000.0,1345.9,92.55813953488371
70,no_vax_base_ops,2207.08,1003.34,0.0,1003.34,0.0
70,vax_base_ops,1880.58,841.86,7535.52,1003.34,16.094245220961987
70,no_vax_enh_ops,257.46,117.1,0.0,1003.34,88.3289812027827
70,vax_enh_ops,244.28,109.64,8246.0,1003.34,89.07249785715709
70,incremental_ring_vax,244.28,109.64,8246.0,117.1,6.370623398804435
70,no_vax_ring1_base_ops,2802.22,1274.4,0.0,1003.34,-27.01576733709411
70,no_vax_ring1_enh_ops,283.64,128.56,0.0,1274.4,89.91211550533585
70,ring1_vax_base_ops,2514.84,1133.7,3176.78,1274.4,11.040489642184559
70,ring1_vax_enh_ops,246.5,109.28,2192.24,1274.4,91.42498430634025
70,comm_base_20,1155.64,508.62,20000.0,1003.34,49.30731357266729
70,comm_base_40,642.8,271.36,40000.0,1003.34,72.95433252935196
70,comm_base_60,420.28,168.62,60000.0,1003.34,83.19413160045448
70,comm_base_80,278.4,105.3,80000.0,1003.34,89.50505312257063
72,no_vax_base_ops,2796.4,1263.98,0.0,1263.98,0.0
72,vax_base_ops,2226.7,991.44,7622.9,1263.98,21.56205003243722
72,no_vax_enh_ops,340.74,152.2,0.0,1263.98,87.95867023212392
72,vax_enh_ops,317.54,139.82,8276.68,1263.98,88.93811610943212
72,incremental_ring_vax,317.54,139.82,8276.68,152.2,8.134034165571613
72,no_vax_ring1_base_ops,3493.8,1577.06,0.0,1263.98,-24.769379262330094
72,no_vax_ring1_enh_ops,405.42,182.44,0.0,1577.06,88.43163861869554
72,ring1_vax_base_ops,3113.76,1393.76,3398.12,1577.06,11.622893231709636
72,ring1_vax_enh_ops,333.26,144.74,2953.84,1577.06,90.82216275855072
72,comm_base_20,1328.4,583.02,20000.0,1263.98,53.87427016250257
72,comm_base_40,703.62,296.84,40000.0,1263.98,76.51545119384801
72,comm_base_60,423.4,170.44,60000.0,1263.98,86.51560942419975
72,comm_base_80,292.12,109.82,80000.0,1263.98,91.3115713856232
71,no_vax_base_ops,3039.88,1384.0,0.0,1384.0,0.0
71,vax_base_ops,2624.1,1176.74,7452.88,1384.0,14.97543352601156
71,no_vax_enh_ops,416.8,187.9,0.0,1384.0,86.42341040462426
71,vax_enh_ops,399.12,178.28,8121.96,1384.0,87.11849710982659
71,incremental_ring_vax,399.12,178.28,8121.96,187.9,5.1197445449707315
71,no_vax_ring1_base_ops,3796.5,1730.5,0.0,1384.0,-25.036127167630056
71,no_vax_ring1_enh_ops,681.7,308.74,0.0,1730.5,82.15891360878359
71,ring1_vax_base_ops,3435.82,1551.92,3494.82,1730.5,10.319560820572084
71,ring1_vax_enh_ops,588.98,257.88,5853.3,1730.5,85.09794856977751
71,comm_base_20,1639.96,719.08,20000.0,1384.0,48.043352601156066
71,comm_base_40,916.2,387.04,40000.0,1384.0,72.03468208092485
71,comm_base_60,575.14,230.08,60000.0,1384.0,83.3757225433526
71,comm_base_80,399.32,150.92,80000.0,1384.0,89.09537572254335
73,no_vax_base_ops,1919.28,870.46,0.0,870.46,0.0
73,vax_base_ops,1594.52,712.2,7414.86,870.46,18.181191553891047
73,no_vax_enh_ops,327.46,147.76,0.0,870.46,83.02506720584518
73,vax_enh_ops,308.56,137.96,8121.8,870.46,84.15090871493233
73,incremental_ring_vax,308.56,137.96,8121.8,147.76,6.632376827287482
73,no_vax_ring1_base_ops,2301.08,1043.52,0.0,870.46,-19.881441996185917
73,no_vax_ring1_enh_ops,451.34,203.94,0.0,1043.52,80.45653173873045
73,ring1_vax_base_ops,2053.06,921.0,2618.46,1043.52,11.741030358785647
73,ring1_vax_enh_ops,394.08,172.32,3745.8,1043.52,83.48666053357866
73,comm_base_20,1050.92,462.82,20000.0,870.46,46.830411506559756
73,comm_base_40,637.4,268.92,40000.0,870.46,69.10598993635548
73,comm_base_60,416.12,167.48,60000.0,870.46,80.7595983732739
73,comm_base_80,288.98,110.68,80000.0,870.46,87.28488385451371
74,no_vax_base_ops,3668.68,1668.5,0.0,1668.5,0.0
74,vax_base_ops,3122.0,1402.36,7495.38,1668.5,15.95085406053342
74,no_vax_enh_ops,378.42,173.04,0.0,1668.5,89.62900809109979
74,vax_enh_ops,353.6,159.08,8244.48,1668.5,90.46568774348216
74,incremental_ring_vax,353.6,159.08,8244.48,173.04,8.067498844197862
74,no_vax_ring1_base_ops,4860.8,2212.52,0.0,1668.5,-32.6053341324543
74,no_vax_ring1_enh_ops,492.04,225.54,0.0,2212.52,89.80619384231555
74,ring1_vax_base_ops,4519.08,2037.72,3829.72,2212.52,7.900493554860519
74,ring1_vax_enh_ops,423.16,187.44,3978.56,2212.52,91.52821217435323
74,comm_base_20,2014.2,887.96,20000.0,1668.5,46.780940964938566
74,comm_base_40,1147.74,482.78,40000.0,1668.5,71.06502846868445
74,comm_base_60,698.08,280.26,60000.0,1668.5,83.20287683548096
74,comm_base_80,480.24,180.82,80000.0,1668.5,89.16272100689241
76,no_vax_base_ops,1456.8,659.38,0.0,659.38,0.0
76,vax_base_ops,1204.72,536.04,7314.2,659.38,18.705450574782375
76,no_vax_enh_ops,296.02,134.2,0.0,659.38,79.6475476963208
76,vax_enh_ops,269.88,120.84,8221.06,659.38,81.67369346962298
76,incremental_ring_vax,269.88,120.84,8221.06,134.2,9.955290611028307
76,no_vax_ring1_base_ops,1642.52,745.22,0.0,659.38,-13.018289908702119
76,no_vax_ring1_enh_ops,341.66,155.66,0.0,745.22,79.11220847534956
76,ring1_vax_base_ops,1505.86,676.8,1970.7,745.22,9.181181396097806
76,ring1_vax_enh_ops,291.08,127.28,3051.26,745.22,82.92047985829689
76,comm_base_20,844.3,371.94,20000.0,659.38,43.592465649549574
76,comm_base_40,514.5,218.76,40000.0,659.38,66.82337953835422
76,comm_base_60,339.7,137.64,60000.0,659.38,79.12584549121902
76,comm_base_80,251.64,96.5,80000.0,659.38,85.36503988595348
78,no_vax_base_ops,1971.02,897.14,0.0,897.14,0.0
78,vax_base_ops,1582.9,709.9,7647.76,897.14,20.870767104353835
78,no_vax_enh_ops,330.42,149.9,0.0,897.14,83.29134806161804
78,vax_enh_ops,301.5,134.32,8212.18,897.14,85.02797779610763
78,incremental_ring_vax,301.5,134.32,8212.18,149.9,10.393595730487
78,no_vax_ring1_base_ops,2259.16,1028.22,0.0,897.14,-14.610874556925344
78,no_vax_ring1_enh_ops,413.66,187.76,0.0,1028.22,81.73931648868918
78,ring1_vax_base_ops,2045.88,922.46,2661.58,1028.22,10.285736515531696
78,ring1_vax_enh_ops,340.04,149.66,3491.76,1028.22,85.44474917819143
78,comm_base_20,971.64,428.04,20000.0,897.14,52.28838308402256
78,comm_base_40,528.06,224.62,40000.0,897.14,74.96265911674878
78,comm_base_60,342.28,139.54,60000.0,897.14,84.44612880932742
78,comm_base_80,244.28,94.3,80000.0,897.14,89.48882002808926
75,no_vax_base_ops,3258.38,1479.66,0.0,1479.66,0.0
75,vax_base_ops,2743.46,1228.48,7439.78,1479.66,16.975521403565686
75,no_vax_enh_ops,291.42,133.76,0.0,1479.66,90.96008542503007
75,vax_enh_ops,278.32,126.4,8258.34,1479.66,91.45749699255234
75,incremental_ring_vax,278.32,126.4,8258.34,133.76,5.502392344497597
75,no_vax_ring1_base_ops,4526.78,2055.6,0.0,1479.66,-38.92380682048577
75,no_vax_ring1_enh_ops,343.18,157.72,0.0,2055.6,92.32730103132906
75,ring1_vax_base_ops,4128.44,1858.84,3985.6,2055.6,9.571901148083285
75,ring1_vax_enh_ops,303.02,136.3,2738.08,2055.6,93.36933255497179
75,comm_base_20,1756.52,773.9,20000.0,1479.66,47.697444007407114
75,comm_base_40,958.12,405.0,40000.0,1479.66,72.62884716759257
75,comm_base_60,569.22,231.0,60000.0,1479.66,84.38830542151575
75,comm_base_80,387.38,148.24,80000.0,1479.66,89.98148223240473
77,no_vax_base_ops,3288.28,1485.42,0.0,1485.42,0.0
77,vax_base_ops,2857.3,1271.12,7316.98,1485.42,14.426896096726864
77,no_vax_enh_ops,395.66,178.12,0.0,1485.42,88.00877866192727
77,vax_enh_ops,368.52,163.04,8133.78,1485.42,89.02397974983506
77,incremental_ring_vax,368.52,163.04,8133.78,178.12,8.466202560071869
77,no_vax_ring1_base_ops,4421.18,1999.6,0.0,1485.42,-34.61512568835749
77,no_vax_ring1_enh_ops,589.02,266.88,0.0,1999.6,86.65333066613321
77,ring1_vax_base_ops,4002.06,1792.68,3378.92,1999.6,10.348069613922778
77,ring1_vax_enh_ops,509.5,223.78,3883.92,1999.6,88.80876175235048
77,comm_base_20,1715.22,751.78,20000.0,1485.42,49.38939828466024
77,comm_base_40,936.56,394.36,40000.0,1485.42,73.4512797727242
77,comm_base_60,568.4,227.32,60000.0,1485.42,84.6965841310875
77,comm_base_80,379.5,142.3,80000.0,1485.42,90.42021785084353
81,no_vax_base_ops,1730.0,784.46,0.0,784.46,0.0
81,vax_base_ops,1406.64,628.9,7306.58,784.46,19.830201667389037
81,no_vax_enh_ops,289.7,133.14,0.0,784.46,83.02781531244423
81,vax_enh_ops,269.42,122.0,8103.88,784.46,84.44790046656298
81,incremental_ring_vax,269.42,122.0,8103.88,133.14,8.36713234189574
81,no_vax_ring1_base_ops,2016.6,913.78,0.0,784.46,-16.485225505443225
81,no_vax_ring1_enh_ops,379.42,173.96,0.0,913.78,80.96259493532361
81,ring1_vax_base_ops,1824.88,820.9,2382.26,913.78,10.164372168355621
81,ring1_vax_enh_ops,314.32,139.1,3425.96,913.78,84.77751756440281
81,comm_base_20,943.18,414.72,20000.0,784.46,47.13305968436886
81,comm_base_40,542.76,231.56,40000.0,784.46,70.48160518063382
81,comm_base_60,331.44,135.38,60000.0,784.46,82.74226856691227
81,comm_base_80,231.18,88.36,80000.0,784.46,88.73620069856972
79,no_vax_base_ops,3057.76,1387.78,0.0,1387.78,0.0
79,vax_base_ops,2663.64,1194.3,7413.72,1387.78,13.941691046131231
79,no_vax_enh_ops,437.78,197.74,0.0,1387.78,85.75134387294817
79,vax_enh_ops,404.48,180.76,8219.12,1387.78,86.97488074478665
79,incremental_ring_vax,404.48,180.76,8219.12,197.74,8.587033478304853
79,no_vax_ring1_base_ops,3868.38,1756.82,0.0,1387.78,-26.5921111415354
79,no_vax_ring1_enh_ops,571.44,258.74,0.0,1756.82,85.27225327580516
79,ring1_vax_base_ops,3721.0,1678.0,2931.34,1756.82,4.486515408522213
79,ring1_vax_enh_ops,494.06,217.66,3555.74,1756.82,87.61056909643561
79,comm_base_20,1562.8,683.58,20000.0,1387.78,50.742913141852455
79,comm_base_40,919.32,387.88,40000.0,1387.78,72.05032497946361
79,comm_base_60,566.18,227.52,60000.0,1387.78,83.60547060773321
79,comm_base_80,401.44,153.16,80000.0,1387.78,88.96366859300464
80,no_vax_base_ops,2738.22,1243.22,0.0,1243.22,0.0
80,vax_base_ops,2226.86,994.06,7545.18,1243.22,20.04150512379145
80,no_vax_enh_ops,295.6,136.26,0.0,1243.22,89.03975161274754
80,vax_enh_ops,281.14,128.16,8252.02,1243.22,89.69128553272952
80,incremental_ring_vax,281.14,128.16,8252.02,136.26,5.944517833553497
80,no_vax_ring1_base_ops,3570.78,1621.08,0.0,1243.22,-30.39365518572738
80,no_vax_ring1_enh_ops,359.04,165.2,0.0,1621.08,89.80926296049547
80,ring1_vax_base_ops,3207.84,1442.64,3543.26,1621.08,11.007476497150037
80,ring1_vax_enh_ops,308.8,138.44,3020.66,1621.08,91.4600143114467
80,comm_base_20,1349.16,590.22,20000.0,1243.22,52.52489503064622
80,comm_base_40,751.1,317.42,40000.0,1243.22,74.46791396534805
80,comm_base_60,459.28,185.42,60000.0,1243.22,85.08550377246183
80,comm_base_80,309.82,118.26,80000.0,1243.22,90.48760476826305
82,no_vax_base_ops,2279.64,1033.3,0.0,1033.3,0.0
82,vax_base_ops,2037.2,907.26,7572.28,1033.3,12.19781283267202
82,no_vax_enh_ops,393.44,177.94,0.0,1033.3,82.77944449820961
82,vax_enh_ops,372.34,166.22,8110.54,1033.3,83.91367463466564
82,incremental_ring_vax,372.34,166.22,8110.54,177.94,6.586489828031921
82,no_vax_ring1_base_ops,2849.54,1291.64,0.0,1033.3,-25.001451659730975
82,no_vax_ring1_enh_ops,619.78,280.78,0.0,1291.64,78.26174475860147
82,ring1_vax_base_ops,2710.54,1215.34,3364.8,1291.64,5.907218729677013
82,ring1_vax_enh_ops,559.98,247.44,4820.8,1291.64,80.84295933851537
82,comm_base_20,1457.32,639.54,20000.0,1033.3,38.107035710829386
82,comm_base_40,919.0,389.18,40000.0,1033.3,62.33620439369011
82,comm_base_60,592.26,240.1,60000.0,1033.3,76.76376657311526
82,comm_base_80,428.46,165.34,80000.0,1033.3,83.99883867221523
84,no_vax_base_ops,2213.5,1007.92,0.0,1007.92,0.0
84,vax_base_ops,1744.26,782.24,7624.62,1007.92,22.39066592586713
84,no_vax_enh_ops,277.12,127.5,0.0,1007.92,87.3501865227399
84,vax_enh_ops,250.94,114.06,8220.98,1007.92,88.68362568457813
84,incremental_ring_vax,250.94,114.06,8220.98,127.5,10.541176470588233
84,no_vax_ring1_base_ops,2647.16,1205.56,0.0,1007.92,-19.608699103103422
84,no_vax_ring1_enh_ops,306.76,141.76,0.0,1205.56,88.24114934138493
84,ring1_vax_base_ops,2386.84,1076.54,3197.34,1205.56,10.70208036099406
84,ring1_vax_enh_ops,274.82,123.12,2190.06,1205.56,89.78731875642855
84,comm_base_20,1093.54,484.4,20000.0,1007.92,51.940630208746725
84,comm_base_40,594.54,256.22,40000.0,1007.92,74.57933169299152
84,comm_base_60,365.72,151.34,60000.0,1007.92,84.98491943805064
84,comm_base_80,252.96,98.3,80000.0,1007.92,90.24724184459085
83,no_vax_base_ops,3107.64,1411.14,0.0,1411.14,0.0
83,vax_base_ops,2671.22,1196.36,7520.78,1411.14,15.220318324191803
83,no_vax_enh_ops,491.72,223.0,0.0,1411.14,84.19717391612456
83,vax_enh_ops,459.88,206.28,8080.06,1411.14,85.38203154896041
83,incremental_ring_vax,459.88,206.28,8080.06,223.0,7.497757847533633
83,no_vax_ring1_base_ops,4043.78,1835.68,0.0,1411.14,-30.08489589976898
83,no_vax_ring1_enh_ops,806.84,367.78,0.0,1835.68,79.96491763270286
83,ring1_vax_base_ops,3674.48,1653.14,3862.04,1835.68,9.943998954066066
83,ring1_vax_enh_ops,763.0,338.04,6111.54,1835.68,81.58502571254249
83,comm_base_20,1692.62,744.6,20000.0,1411.14,47.23415111186701
83,comm_base_40,1000.56,423.38,40000.0,1411.14,69.99730714174356
83,comm_base_60,622.92,250.24,60000.0,1411.14,82.26681973439915
83,comm_base_80,428.38,162.52,80000.0,1411.14,88.48307042532988
85,no_vax_base_ops,2018.66,914.04,0.0,914.04,0.0
85,vax_base_ops,1829.14,813.6,7040.56,914.04,10.988578180385973
85,no_vax_enh_ops,346.9,157.18,0.0,914.04,82.80381602555686
85,vax_enh_ops,328.4,147.02,8041.32,914.04,83.91536475427772
85,incremental_ring_vax,328.4,147.02,8041.32,157.18,6.463926708232597
85,no_vax_ring1_base_ops,2351.38,1064.06,0.0,914.04,-16.41284845302175
85,no_vax_ring1_enh_ops,540.32,244.22,0.0,1064.06,77.04828675074712
85,ring1_vax_base_ops,2199.8,987.88,2228.16,1064.06,7.15937071217788
85,ring1_vax_enh_ops,473.86,207.42,4539.16,1064.06,80.50673834182284
85,comm_base_20,1291.86,566.42,20000.0,914.04,38.031158373812964
85,comm_base_40,879.28,370.18,40000.0,914.04,59.50067830729508
85,comm_base_60,586.62,235.58,60000.0,914.04,74.22651087479758
85,comm_base_80,418.08,160.06,80000.0,914.04,82.48873134654939
87,no_vax_base_ops,3317.3,1509.28,0.0,1509.28,0.0
87,vax_base_ops,2802.58,1259.54,7386.58,1509.28,16.546962790204603
87,no_vax_enh_ops,490.24,223.28,0.0,1509.28,85.20619103148522
87,vax_enh_ops,460.94,207.3,8152.96,1509.28,86.26497402735079
87,incremental_ring_vax,460.94,207.3,8152.96,223.28,7.156932998925113
87,no_vax_ring1_base_ops,4252.92,1936.06,0.0,1509.28,-28.277059260044524
87,no_vax_ring1_enh_ops,769.78,350.94,0.0,1936.06,81.87349565612637
87,ring1_vax_base_ops,3864.26,1743.92,3107.2,1936.06,9.924279206222941
87,ring1_vax_enh_ops,634.9,282.3,4850.62,1936.06,85.41884032519654
87,comm_base_20,1603.32,712.44,20000.0,1509.28,52.796035195589944
87,comm_base_40,805.28,342.16,40000.0,1509.28,77.32958761793702
87,comm_base_60,486.9,198.4,60000.0,1509.28,86.85465917523588
87,comm_base_80,342.66,130.56,80000.0,1509.28,91.34951765080038
89,no_vax_base_ops,2930.38,1330.32,0.0,1330.32,0.0
89,vax_base_ops,2507.5,1122.08,7228.0,1330.32,15.653376631186482
89,no_vax_enh_ops,332.04,148.46,0.0,1330.32,88.84027903060917
89,vax_enh_ops,313.42,138.14,8171.98,1330.32,89.61603223284622
89,incremental_ring_vax,313.42,138.14,8171.98,148.46,6.951367371682623
89,no_vax_ring1_base_ops,3667.04,1665.46,0.0,1330.32,-25.192434902880517
89,no_vax_ring1_enh_ops,401.42,179.16,0.0,1665.46,89.2426116508352
89,ring1_vax_base_ops,3430.04,1543.72,2865.38,1665.46,7.309692217165227
89,ring1_vax_enh_ops,342.36,147.88,3483.06,1665.46,91.12077143852149
89,comm_base_20,1554.66,684.86,20000.0,1330.32,48.519153286427326
89,comm_base_40,818.3,345.38,40000.0,1330.32,74.03782548559745
89,comm_base_60,487.66,194.12,60000.0,1330.32,85.40802213001382
89,comm_base_80,324.42,121.26,80000.0,1330.32,90.8848998737146
86,no_vax_base_ops,3964.26,1797.1,0.0,1797.1,0.0
86,vax_base_ops,3086.82,1381.46,7755.16,1797.1,23.128373490623776
86,no_vax_enh_ops,413.42,186.16,0.0,1797.1,89.64108842023259
86,vax_enh_ops,380.82,168.84,8277.14,1797.1,90.60486339101887
86,incremental_ring_vax,380.82,168.84,8277.14,186.16,9.303824666953155
86,no_vax_ring1_base_ops,5351.76,2427.08,0.0,1797.1,-35.055366980134664
86,no_vax_ring1_enh_ops,565.92,253.88,0.0,2427.08,89.53969378842065
86,ring1_vax_base_ops,4475.58,2007.9,5147.92,2427.08,17.270959342090077
86,ring1_vax_enh_ops,457.3,199.68,3898.64,2427.08,91.77282990259901
86,comm_base_20,1688.5,749.6,20000.0,1797.1,58.28835345834957
86,comm_base_40,830.34,351.48,40000.0,1797.1,80.44182293695398
86,comm_base_60,482.52,193.5,60000.0,1797.1,89.23265260697791
86,comm_base_80,331.64,125.9,80000.0,1797.1,92.99426854376495
88,no_vax_base_ops,3992.28,1813.14,0.0,1813.14,0.0
88,vax_base_ops,3306.84,1483.02,7498.62,1813.14,18.207088255733154
88,no_vax_enh_ops,500.1,226.14,0.0,1813.14,87.52771435189781
88,vax_enh_ops,469.8,210.3,8079.92,1813.14,88.40133690724379
88,incremental_ring_vax,469.8,210.3,8079.92,226.14,7.004510480233473
88,no_vax_ring1_base_ops,5546.9,2517.1,0.0,1813.14,-38.825463008923734
88,no_vax_ring1_enh_ops,933.44,421.1,0.0,2517.1,83.27043025704184
88,ring1_vax_base_ops,5108.72,2295.3,4573.8,2517.1,8.811727781971305
88,ring1_vax_enh_ops,820.0,362.64,6952.52,2517.1,85.59294426125304
88,comm_base_20,2011.94,882.28,20000.0,1813.14,51.339664890742036
88,comm_base_40,1091.62,458.6,40000.0,1813.14,74.70686212868283
88,comm_base_60,635.94,252.68,60000.0,1813.14,86.0639553481805
88,comm_base_80,431.42,162.4,80000.0,1813.14,91.04316269013975
90,no_vax_base_ops,1623.52,741.54,0.0,741.54,0.0
90,vax_base_ops,1367.84,615.56,7629.52,741.54,16.98896890255415
90,no_vax_enh_ops,311.88,143.5,0.0,741.54,80.64838039755105
90,vax_enh_ops,295.18,133.7,8153.02,741.54,81.9699544191817
90,incremental_ring_vax,295.18,133.7,8153.02,143.5,6.829268292682935
90,no_vax_ring1_base_ops,1825.8,832.42,0.0,741.54,-12.25557623324433
90,no_vax_ring1_enh_ops,413.5,190.14,0.0,832.42,77.15816534922276
90,ring1_vax_base_ops,1649.56,744.92,2843.1,832.42,10.511520626606762
90,ring1_vax_enh_ops,354.34,157.72,3255.02,832.42,81.05283390596094
90,comm_base_20,937.44,416.5,20000.0,741.54,43.83310408069693
90,comm_base_40,579.92,247.68,40000.0,741.54,66.5992394206651
90,comm_base_60,365.4,149.14,60000.0,741.54,79.8878010626534
90,comm_base_80,266.82,103.34,80000.0,741.54,86.06413679639668
91,no_vax_base_ops,2454.9,1112.32,0.0,1112.32,0.0
91,vax_base_ops,2088.8,934.82,7015.08,1112.32,15.957638089758333
91,no_vax_enh_ops,311.68,140.82,0.0,1112.32,87.33997410817031
91,vax_enh_ops,282.62,125.08,8133.94,1112.32,88.75503452243957
91,incremental_ring_vax,282.62,125.08,8133.94,140.82,11.177389575344408
91,no_vax_ring1_base_ops,2789.2,1265.56,0.0,1112.32,-13.776611047180669
91,no_vax_ring1_enh_ops,353.2,159.7,0.0,1265.56,87.38108031227281
91,ring1_vax_base_ops,2752.2,1241.78,2141.98,1265.56,1.8790100824931235
91,ring1_vax_enh_ops,302.44,132.16,2927.82,1265.56,89.55719207307436
91,comm_base_20,1372.58,602.5,20000.0,1112.32,45.83393268124281
91,comm_base_40,822.88,346.04,40000.0,1112.32,68.89024741081704
91,comm_base_60,517.48,206.52,60000.0,1112.32,81.4334004602992
91,comm_base_80,350.26,130.94,80000.0,1112.32,88.2282077100115
92,no_vax_base_ops,2498.72,1139.3,0.0,1139.3,0.0
92,vax_base_ops,2077.74,932.5,7298.58,1139.3,18.15149653295883
92,no_vax_enh_ops,386.78,176.08,0.0,1139.3,84.54489598876502
92,vax_enh_ops,342.96,153.72,8063.22,1139.3,86.50750460809269
92,incremental_ring_vax,342.96,153.72,8063.22,176.08,12.698773284870521
92,no_vax_ring1_base_ops,2967.28,1353.72,0.0,1139.3,-18.820328271745815
92,no_vax_ring1_enh_ops,576.94,263.74,0.0,1353.72,80.51738912034985
92,ring1_vax_base_ops,2786.5,1259.62,2836.28,1353.72,6.951215908755144
92,ring1_vax_enh_ops,477.38,210.26,4013.76,1353.72,84.46798451673905
92,comm_base_20,1184.18,524.54,20000.0,1139.3,53.95944878434126
92,comm_base_40,637.82,271.68,40000.0,1139.3,76.15377863600456
92,comm_base_60,368.72,149.48,60000.0,1139.3,86.87966295093479
92,comm_base_80,248.64,93.52,80000.0,1139.3,91.79145089089792
93,no_vax_base_ops,2762.54,1256.46,0.0,1256.46,0.0
93,vax_base_ops,2450.4,1098.46,7057.56,1256.46,12.575012336246278
93,no_vax_enh_ops,435.2,197.38,0.0,1256.46,84.29078522197284
93,vax_enh_ops,404.54,182.54,8025.42,1256.46,85.47188131735193
93,incremental_ring_vax,404.54,182.54,8025.42,197.38,7.51849224845476
93,no_vax_ring1_base_ops,3471.44,1576.84,0.0,1256.46,-25.498623115737857
93,no_vax_ring1_enh_ops,794.02,358.82,0.0,1576.84,77.24436214200553
93,ring1_vax_base_ops,3266.34,1473.72,2520.06,1576.84,6.539661601684375
93,ring1_vax_enh_ops,694.2,304.44,5873.3,1576.84,80.69303163288602
93,comm_base_20,1579.0,692.3,20000.0,1256.46,44.90075290896647
93,comm_base_40,862.56,362.76,40000.0,1256.46,71.12840838546391
93,comm_base_60,519.6,207.6,60000.0,1256.46,83.47738885440047
93,comm_base_80,364.08,136.74,80000.0,1256.46,89.11704312114989
95,no_vax_base_ops,2960.34,1334.26,0.0,1334.26,0.0
95,vax_base_ops,2570.74,1142.76,7293.28,1334.26,14.352524995128386
95,no_vax_enh_ops,302.42,133.82,0.0,1334.26,89.97047052298653
95,vax_enh_ops,279.46,122.38,8149.9,1334.26,90.82787462713415
95,incremental_ring_vax,279.46,122.38,8149.9,133.82,8.548796891346583
95,no_vax_ring1_base_ops,3508.36,1583.08,0.0,1334.26,-18.648539265210673
95,no_vax_ring1_enh_ops,342.82,152.84,0.0,1583.08,90.34540263284231
95,ring1_vax_base_ops,3405.06,1525.84,3018.1,1583.08,3.615736412562853
95,ring1_vax_enh_ops,305.52,131.94,2668.34,1583.08,91.66561386663972
95,comm_base_20,1683.66,735.46,20000.0,1334.26,44.87880922758682
95,comm_base_40,958.04,400.36,40000.0,1334.26,69.99385427128146
95,comm_base_60,623.1,248.72,60000.0,1334.26,81.3589555259095
95,comm_base_80,433.06,163.4,80000.0,1334.26,87.75351130963979
98,no_vax_base_ops,1456.88,662.06,0.0,662.06,0.0
98,vax_base_ops,1191.82,532.02,7229.9,662.06,19.641724315016763
98,no_vax_enh_ops,330.52,148.94,0.0,662.06,77.50354952723316
98,vax_enh_ops,305.16,135.34,8030.34,662.06,79.55774401111681
98,incremental_ring_vax,305.16,135.34,8030.34,148.94,9.131193769303072
98,no_vax_ring1_base_ops,1656.56,752.32,0.0,662.06,-13.633205449657149
98,no_vax_ring1_enh_ops,434.16,195.38,0.0,752.32,74.02966822628669
98,ring1_vax_base_ops,1533.7,688.14,2052.98,752.32,8.530944279030209
98,ring1_vax_enh_ops,372.54,162.62,2764.6,752.32,78.38419821352616
98,comm_base_20,824.96,363.12,20000.0,662.06,45.153007280306916
98,comm_base_40,486.1,204.2,40000.0,662.06,69.1568739993354
98,comm_base_60,312.86,125.4,60000.0,662.06,81.05911850889647
98,comm_base_80,217.66,82.96,80000.0,662.06,87.46941364830981
94,no_vax_base_ops,2773.42,1262.3,0.0,1262.3,0.0
94,vax_base_ops,2412.2,1080.4,7782.42,1262.3,14.410203596609353
94,no_vax_enh_ops,298.86,136.74,0.0,1262.3,89.16739285431356
94,vax_enh_ops,287.38,129.94,8282.48,1262.3,89.7060920541868
94,incremental_ring_vax,287.38,129.94,8282.48,136.74,4.972941348544691
94,no_vax_ring1_base_ops,3771.86,1717.5,0.0,1262.3,-36.06115820327973
94,no_vax_ring1_enh_ops,356.72,162.6,0.0,1717.5,90.53275109170306
94,ring1_vax_base_ops,3348.28,1510.36,4227.68,1717.5,12.060553129548769
94,ring1_vax_enh_ops,321.7,143.52,3381.88,1717.5,91.64366812227074
94,comm_base_20,1646.38,725.18,20000.0,1262.3,42.55089915234097
94,comm_base_40,1045.64,442.6,40000.0,1262.3,64.93701972589717
94,comm_base_60,675.0,273.74,60000.0,1262.3,78.31418838627901
94,comm_base_80,506.86,195.6,80000.0,1262.3,84.50447595658719
96,no_vax_base_ops,2442.86,1105.1,0.0,1105.1,0.0
96,vax_base_ops,2024.6,902.64,7494.66,1105.1,18.32051398063523
96,no_vax_enh_ops,484.28,220.54,0.0,1105.1,80.04343498325944
96,vax_enh_ops,446.44,201.18,8095.88,1105.1,81.79531264138991
96,incremental_ring_vax,446.44,201.18,8095.88,220.54,8.778452888364917
96,no_vax_ring1_base_ops,2974.1,1344.42,0.0,1105.1,-21.655958736765918
96,no_vax_ring1_enh_ops,884.36,399.98,0.0,1344.42,70.2488805581589
96,ring1_vax_base_ops,2654.08,1189.36,2879.66,1344.42,11.533598131536289
96,ring1_vax_enh_ops,720.42,317.68,6049.64,1344.42,76.37047946326297
96,comm_base_20,1351.52,593.0,20000.0,1105.1,46.33969776490815
96,comm_base_40,756.62,319.76,40000.0,1105.1,71.06506198534069
96,comm_base_60,486.18,195.56,60000.0,1105.1,82.30386390371913
96,comm_base_80,333.02,127.08,80000.0,1105.1,88.50058818206496
97,no_vax_base_ops,1719.52,781.0,0.0,781.0,0.0
97,vax_base_ops,1502.34,671.14,7416.84,781.0,14.066581306017929
97,no_vax_enh_ops,297.66,132.84,0.0,781.0,82.99103713188221
97,vax_enh_ops,283.42,124.9,8127.8,781.0,84.00768245838668
97,incremental_ring_vax,283.42,124.9,8127.8,132.84,5.97711532670882
97,no_vax_ring1_base_ops,2057.44,934.08,0.0,781.0,-19.60051216389245
97,no_vax_ring1_enh_ops,379.0,170.76,0.0,934.08,81.71891058581706
97,ring1_vax_base_ops,1976.8,890.52,2671.26,934.08,4.66341212744091
97,ring1_vax_enh_ops,341.86,149.64,3043.18,934.08,83.97995889003083
97,comm_base_20,1130.58,496.0,20000.0,781.0,36.491677336747756
97,comm_base_40,723.0,305.8,40000.0,781.0,60.84507042253521
97,comm_base_60,536.88,216.12,60000.0,781.0,72.32778489116517
97,comm_base_80,367.74,139.88,80000.0,781.0,82.08962868117797
99,no_vax_base_ops,1571.72,710.2,0.0,710.2,0.0
99,vax_base_ops,1226.44,547.24,7377.94,710.2,22.94564911292594
99,no_vax_enh_ops,269.8,122.52,0.0,710.2,82.74852154322727
99,vax_enh_ops,253.32,112.74,8145.32,710.2,84.12559842297944
99,incremental_ring_vax,253.32,112.74,8145.32,122.52,7.982370225269345
99,no_vax_ring1_base_ops,1838.36,831.02,0.0,710.2,-17.012109264995765
99,no_vax_ring1_enh_ops,314.9,142.3,0.0,831.02,82.87646506702606
99,ring1_vax_base_ops,1615.3,724.14,2376.42,831.02,12.86130297706433
99,ring1_vax_enh_ops,264.18,115.42,2594.64,831.02,86.1110442588626
99,comm_base_20,781.86,343.8,20000.0,710.2,51.591101098282174
99,comm_base_40,445.04,188.08,40000.0,710.2,73.51731906505209
99,comm_base_60,269.24,108.74,60000.0,710.2,84.68882005068994
99,comm_base_80,189.04,71.76,80000.0,710.2,89.89580399887356
100,no_vax_base_ops,2222.62,1008.2,0.0,1008.2,0.0
100,vax_base_ops,1785.88,799.14,7257.04,1008.2,20.73596508629241
100,no_vax_enh_ops,338.24,151.14,0.0,1008.2,85.00892680023804
100,vax_enh_ops,313.68,138.36,8086.42,1008.2,86.27653243404086
100,incremental_ring_vax,313.68,138.36,8086.42,151.14,8.455736403334638
100,no_vax_ring1_base_ops,2689.34,1220.3,0.0,1008.2,-21.037492560999794
100,no_vax_ring1_enh_ops,483.32,217.28,0.0,1220.3,82.19454232565762
100,ring1_vax_base_ops,2393.68,1074.14,2659.72,1220.3,11.97738261083339
100,ring1_vax_enh_ops,391.8,169.34,3753.28,1220.3,86.12308448742112
100,comm_base_20,1093.96,481.08,20000.0,1008.2,52.28327712755407
100,comm_base_40,597.82,249.66,40000.0,1008.2,75.23705613965484
100,comm_base_60,370.48,147.62,60000.0,1008.2,85.35806387621503
100,comm_base_80,249.54,92.84,80000.0,1008.2,90.79150962110693
101,no_vax_base_ops,1833.8,833.36,0.0,833.36,0.0
101,vax_base_ops,1593.16,712.28,6885.86,833.36,14.529135067677839
101,no_vax_enh_ops,302.2,138.56,0.0,833.36,83.37333205337428
101,vax_enh_ops,274.88,124.46,8074.86,833.36,85.06527791110685
101,incremental_ring_vax,274.88,124.46,8074.86,138.56,10.176096997690538
101,no_vax_ring1_base_ops,2111.48,958.34,0.0,833.36,-14.997120092157052
101,no_vax_ring1_enh_ops,394.76,180.44,0.0,958.34,81.17160924097921
101,ring1_vax_base_ops,1993.12,899.94,1741.66,958.34,6.093870651334598
101,ring1_vax_enh_ops,341.28,151.84,3012.6,958.34,84.15593630653004
101,comm_base_20,1147.96,504.44,20000.0,833.36,39.469136987616395
101,comm_base_40,708.06,299.72,40000.0,833.36,64.03475088797158
101,comm_base_60,467.64,187.52,60000.0,833.36,77.49832005375828
101,comm_base_80,352.46,134.42,80000.0,833.36,83.870116156283
102,no_vax_base_ops,1485.92,671.8,0.0,671.8,0.0
102,vax_base_ops,1265.38,561.64,7320.2,671.8,16.397737421851737
102,no_vax_enh_ops,346.34,157.46,0.0,671.8,76.56147662994938
102,vax_enh_ops,327.46,146.82,8007.26,671.8,78.14528133373028
102,incremental_ring_vax,327.46,146.82,8007.26,157.46,6.757271688047767
102,no_vax_ring1_base_ops,1688.9,763.04,0.0,671.8,-13.581423042572196
102,no_vax_ring1_enh_ops,507.52,231.48,0.0,763.04,69.66345145732858
102,ring1_vax_base_ops,1582.78,707.88,2280.58,763.04,7.228978821555877
102,ring1_vax_enh_ops,418.98,184.72,4185.52,763.04,75.79157055986579
102,comm_base_20,903.18,397.08,20000.0,671.8,40.8931229532599
102,comm_base_40,570.18,241.5,40000.0,671.8,64.05180113128907
102,comm_base_60,372.28,149.68,60000.0,671.8,77.71955939267637
102,comm_base_80,266.2,101.14,80000.0,671.8,84.94492408454897
105,no_vax_base_ops,1742.94,795.24,0.0,795.24,0.0
105,vax_base_ops,1403.02,629.06,7405.68,795.24,20.896836175242704
105,no_vax_enh_ops,272.84,125.18,0.0,795.24,84.25884009858659
105,vax_enh_ops,241.52,109.26,8184.6,795.24,86.26075147125395
105,incremental_ring_vax,241.52,109.26,8184.6,125.18,12.717686531394792
105,no_vax_ring1_base_ops,1960.42,893.64,0.0,795.24,-12.37362305719028
105,no_vax_ring1_enh_ops,290.14,133.58,0.0,893.64,85.05214627814333
105,ring1_vax_base_ops,1781.14,806.0,2249.74,893.64,9.807081151246585
105,ring1_vax_enh_ops,249.78,111.4,2073.92,893.64,87.53413007475046
105,comm_base_20,905.72,401.98,20000.0,795.24,49.45173784014889
105,comm_base_40,512.76,220.62,40000.0,795.24,72.25743171872642
105,comm_base_60,324.6,132.24,60000.0,795.24,83.37105779387355
105,comm_base_80,219.44,84.4,80000.0,795.24,89.38685176801971
104,no_vax_base_ops,2072.44,939.2,0.0,939.2,0.0
104,vax_base_ops,1788.64,799.34,7239.5,939.2,14.891396933560479
104,no_vax_enh_ops,368.22,165.22,0.0,939.2,82.40843270868824
104,vax_enh_ops,342.78,151.4,8211.34,939.2,83.87989778534923
104,incremental_ring_vax,342.78,151.4,8211.34,165.22,8.364604769398374
104,no_vax_ring1_base_ops,2354.46,1066.78,0.0,939.2,-13.58390119250425
104,no_vax_ring1_enh_ops,456.18,204.4,0.0,1066.78,80.83953579932133
104,ring1_vax_base_ops,2233.74,1005.0,1962.76,1066.78,5.79125967865914
104,ring1_vax_enh_ops,393.36,170.66,3306.1,1066.78,84.002324752995
104,comm_base_20,1135.32,497.64,20000.0,939.2,47.01448040885861
104,comm_base_40,729.78,307.4,40000.0,939.2,67.27001703577513
104,comm_base_60,473.62,189.42,60000.0,939.2,79.8317717206133
104,comm_base_80,348.62,131.36,80000.0,939.2,86.01362862010221
106,no_vax_base_ops,1937.04,878.54,0.0,878.54,0.0
106,vax_base_ops,1674.52,749.62,7487.52,878.54,14.674346074168504
106,no_vax_enh_ops,462.3,210.3,0.0,878.54,76.06255833542014
106,vax_enh_ops,448.06,201.9,8065.92,878.54,77.01869009948324
106,incremental_ring_vax,448.06,201.9,8065.92,210.3,3.9942938659058513
106,no_vax_ring1_base_ops,2176.32,986.5,0.0,878.54,-12.28856967241105
106,no_vax_ring1_enh_ops,768.84,346.92,0.0,986.5,64.83324885960465
106,ring1_vax_base_ops,2076.14,932.72,2440.94,986.5,5.451596553471868
106,ring1_vax_enh_ops,650.68,287.98,4668.72,986.5,70.80790674100355
106,comm_base_20,1171.84,515.18,20000.0,878.54,41.35952830832973
106,comm_base_40,708.08,298.04,40000.0,878.54,66.07553440936098
106,comm_base_60,479.26,195.26,60000.0,878.54,77.77448949393312
106,comm_base_80,341.48,132.66,80000.0,878.54,84.8999476404034
103,no_vax_base_ops,3330.1,1512.3,0.0,1512.3,0.0
103,vax_base_ops,2871.42,1286.56,7572.68,1512.3,14.926932486940423
103,no_vax_enh_ops,430.96,197.58,0.0,1512.3,86.93513191827019
103,vax_enh_ops,405.86,185.26,8210.2,1512.3,87.74978509554983
103,incremental_ring_vax,405.86,185.26,8210.2,197.58,6.235448932078157
103,no_vax_ring1_base_ops,4175.44,1894.26,0.0,1512.3,-25.25689347351716
103,no_vax_ring1_enh_ops,651.62,297.26,0.0,1894.26,84.30732845543906
103,ring1_vax_base_ops,3717.12,1668.52,4123.6,1894.26,11.917054680983604
103,ring1_vax_enh_ops,579.9,258.64,4460.1,1894.26,86.34611932892
103,comm_base_20,1714.18,755.2,20000.0,1512.3,50.06281822389737
103,comm_base_40,1021.82,433.26,40000.0,1512.3,71.3509224360246
103,comm_base_60,619.56,251.1,60000.0,1512.3,83.39615155723071
103,comm_base_80,423.54,164.92,80000.0,1512.3,89.09475633141572
107,no_vax_base_ops,2901.14,1318.5,0.0,1318.5,0.0
107,vax_base_ops,2417.12,1084.22,7551.02,1318.5,17.768676526355705
107,no_vax_enh_ops,381.74,172.7,0.0,1318.5,86.90178232840348
107,vax_enh_ops,349.28,156.44,8201.2,1318.5,88.13500189609405
107,incremental_ring_vax,349.28,156.44,8201.2,172.7,9.415170816444697
107,no_vax_ring1_base_ops,3570.22,1620.54,0.0,1318.5,-22.907849829351534
107,no_vax_ring1_enh_ops,495.34,224.06,0.0,1620.54,86.17374455428438
107,ring1_vax_base_ops,3369.88,1518.9,3748.98,1620.54,6.271983412936421
107,ring1_vax_enh_ops,416.02,182.66,4425.3,1620.54,88.72844854184407
107,comm_base_20,1429.54,632.72,20000.0,1318.5,52.01213500189609
107,comm_base_40,711.54,303.62,40000.0,1318.5,76.97231702692453
107,comm_base_60,411.12,166.62,60000.0,1318.5,87.36291240045507
107,comm_base_80,282.28,107.32,80000.0,1318.5,91.86044747819491
108,no_vax_base_ops,2186.26,990.72,0.0,990.72,0.0
108,vax_base_ops,1876.9,837.3,7490.74,990.72,15.485707364341092
108,no_vax_enh_ops,290.1,130.18,0.0,990.72,86.86006136950904
108,vax_enh_ops,266.54,118.48,8233.04,990.72,88.04102067183462
108,incremental_ring_vax,266.54,118.48,8233.04,130.18,8.987555692118606
108,no_vax_ring1_base_ops,2565.56,1162.16,0.0,990.72,-17.3045865633075
108,no_vax_ring1_enh_ops,340.5,153.92,0.0,1162.16,86.75569628966753
108,ring1_vax_base_ops,2365.56,1060.58,3099.44,1162.16,8.740620912783106
108,ring1_vax_enh_ops,288.26,125.8,2987.52,1162.16,89.17532869828595
108,comm_base_20,1235.96,542.1,20000.0,990.72,45.28221899224806
108,comm_base_40,765.42,324.54,40000.0,990.72,67.24200581395348
108,comm_base_60,468.92,189.46,60000.0,990.72,80.87653423772609
108,comm_base_80,328.74,125.36,80000.0,990.72,87.34657622739017
109,no_vax_base_ops,2859.3,1303.32,0.0,1303.32,0.0
109,vax_base_ops,2311.88,1042.52,7809.66,1303.32,20.01043488935948
109,no_vax_enh_ops,402.06,184.86,0.0,1303.32,85.8162231838689
109,vax_enh_ops,377.74,171.52,8253.32,1303.32,86.83976306662984
109,incremental_ring_vax,377.74,171.52,8253.32,184.86,7.2162717732338
109,no_vax_ring1_base_ops,3577.02,1625.96,0.0,1303.32,-24.755240462818044
109,no_vax_ring1_enh_ops,529.76,244.36,0.0,1625.96,84.9713400083643
109,ring1_vax_base_ops,3002.24,1355.34,4050.1,1625.96,16.643705872223187
109,ring1_vax_enh_ops,448.88,200.8,3999.6,1625.96,87.65037270289552
109,comm_base_20,1287.0,575.32,20000.0,1303.32,55.85734892428566
109,comm_base_40,654.78,285.14,40000.0,1303.32,78.12202682380382
109,comm_base_60,393.2,164.56,60000.0,1303.32,87.37378387502686
109,comm_base_80,282.62,113.0,80000.0,1303.32,91.3298345763128
110,no_vax_base_ops,2680.68,1211.88,0.0,1211.88,0.0
110,vax_base_ops,2345.66,1043.24,7391.42,1211.88,13.915569198270463
110,no_vax_enh_ops,269.08,120.68,0.0,1211.88,90.04191834175
110,vax_enh_ops,257.62,113.38,8191.12,1211.88,90.64428821335444
110,incremental_ring_vax,257.62,113.38,8191.12,120.68,6.049055352999678
110,no_vax_ring1_base_ops,3394.36,1536.56,0.0,1211.88,-26.791431494867464
110,no_vax_ring1_enh_ops,306.2,136.66,0.0,1536.56,91.10610714843547
110,ring1_vax_base_ops,3152.28,1414.12,3450.58,1536.56,7.968449002967672
110,ring1_vax_enh_ops,274.32,118.92,2569.8,1536.56,92.26063414380174
110,comm_base_20,1630.34,711.54,20000.0,1211.88,41.286265966927424
110,comm_base_40,1021.24,428.72,40000.0,1211.88,64.62356008845761
110,comm_base_60,656.62,262.64,60000.0,1211.88,78.32788724956266
110,comm_base_80,459.78,172.16,80000.0,1211.88,85.79397300062712
111,no_vax_base_ops,2288.6,1038.92,0.0,1038.92,0.0
111,vax_base_ops,1920.74,861.26,7500.64,1038.92,17.100450467793483
111,no_vax_enh_ops,390.62,176.12,0.0,1038.92,83.04778038732529
111,vax_enh_ops,359.2,160.32,8104.64,1038.92,84.56859045932315
111,incremental_ring_vax,359.2,160.32,8104.64,176.12,8.971156029979566
111,no_vax_ring1_base_ops,2741.6,1244.68,0.0,1038.92,-19.805182304701034
111,no_vax_ring1_enh_ops,586.64,265.36,0.0,1244.68,78.68046405501815
111,ring1_vax_base_ops,2537.04,1139.52,3292.62,1244.68,8.44875791368063
111,ring1_vax_enh_ops,512.04,224.24,5700.5,1244.68,81.98412443358936
111,comm_base_20,1205.7,529.56,20000.0,1038.92,49.027836599545694
111,comm_base_40,643.9,273.02,40000.0,1038.92,73.72078697108536
111,comm_base_60,388.3,155.04,60000.0,1038.92,85.0768105340161
111,comm_base_80,273.52,102.34,80000.0,1038.92,90.14938590074307
112,no_vax_base_ops,1911.02,869.26,0.0,869.26,0.0
112,vax_base_ops,1581.82,710.32,7568.02,869.26,18.28451786577088
112,no_vax_enh_ops,413.56,187.2,0.0,869.26,78.4644410187976
112,vax_enh_ops,386.28,172.92,8160.96,869.26,80.10721763338933
112,incremental_ring_vax,386.28,172.92,8160.96,187.2,7.628205128205129
112,no_vax_ring1_base_ops,2151.88,977.42,0.0,869.26,-12.442767411361384
112,no_vax_ring1_enh_ops,600.52,271.84,0.0,977.42,72.18800515643224
112,ring1_vax_base_ops,1973.1,891.04,2460.14,977.42,8.837551922407972
112,ring1_vax_enh_ops,535.9,235.74,4568.06,977.42,75.88140205848049
112,comm_base_20,1123.4,494.76,20000.0,869.26,43.08262200032211
112,comm_base_40,634.52,268.86,40000.0,869.26,69.07024365552309
112,comm_base_60,418.22,168.38,60000.0,869.26,80.62950095483515
112,comm_base_80,299.58,115.82,80000.0,869.26,86.67602328417274
114,no_vax_base_ops,2518.8,1138.52,0.0,1138.52,0.0
114,vax_base_ops,2098.1,938.26,7370.36,1138.52,17.589502160699855
114,no_vax_enh_ops,362.86,164.44,0.0,1138.52,85.55668762955416
114,vax_enh_ops,346.46,155.72,8201.58,1138.52,86.32259424516039
114,incremental_ring_vax,346.46,155.72,8201.58,164.44,5.302846022865483
114,no_vax_ring1_base_ops,3066.48,1386.1,0.0,1138.52,-21.745775216948314
114,no_vax_ring1_enh_ops,474.62,214.56,0.0,1386.1,84.52059735949788
114,ring1_vax_base_ops,2767.44,1243.54,2688.84,1386.1,10.284972224226243
114,ring1_vax_enh_ops,393.26,174.26,3173.06,1386.1,87.4280354952745
114,comm_base_20,1172.16,520.72,20000.0,1138.52,54.263429715771345
114,comm_base_40,647.12,276.92,40000.0,1138.52,75.67719495485366
114,comm_base_60,391.3,158.9,60000.0,1138.52,86.04328426378105
114,comm_base_80,282.58,108.7,80000.0,1138.52,90.45251730316552
116,no_vax_base_ops,1660.34,748.48,0.0,748.48,0.0
116,vax_base_ops,1457.22,647.5,7467.74,748.48,13.49134245404019
116,no_vax_enh_ops,432.04,196.44,0.0,748.48,73.75480974775544
116,vax_enh_ops,406.18,181.74,8065.96,748.48,75.71879008123129
116,incremental_ring_vax,406.18,181.74,8065.96,196.44,7.483200977397673
116,no_vax_ring1_base_ops,1869.26,844.46,0.0,748.48,-12.823321932449767
116,no_vax_ring1_enh_ops,638.28,290.1,0.0,844.46,65.64668545579423
116,ring1_vax_base_ops,1803.42,808.54,2023.94,844.46,4.2536058546290025
116,ring1_vax_enh_ops,571.68,253.52,3513.94,844.46,69.9784477654359
116,comm_base_20,1058.42,464.44,20000.0,748.48,37.94890979050877
116,comm_base_40,753.36,320.18,40000.0,748.48,57.22263787943565
116,comm_base_60,514.1,208.68,60000.0,748.48,72.11949551090208
116,comm_base_80,375.88,146.06,80000.0,748.48,80.48578452330057
115,no_vax_base_ops,2439.96,1105.72,0.0,1105.72,0.0
115,vax_base_ops,2093.9,934.78,7400.32,1105.72,15.45961002785516
115,no_vax_enh_ops,411.86,189.7,0.0,1105.72,82.84375791339579
115,vax_enh_ops,388.68,176.56,8146.78,1105.72,84.03212386499295
115,incremental_ring_vax,388.68,176.56,8146.78,189.7,6.926726410121237
115,no_vax_ring1_base_ops,2957.3,1341.24,0.0,1105.72,-21.300148319646926
115,no_vax_ring1_enh_ops,623.6,283.24,0.0,1341.24,78.88222838567296
115,ring1_vax_base_ops,2811.4,1264.22,2701.98,1341.24,5.742447287584622
115,ring1_vax_enh_ops,513.88,227.7,4854.62,1341.24,83.02317258656169
115,comm_base_20,1456.94,641.18,20000.0,1105.72,42.01244438013241
115,comm_base_40,929.92,390.18,40000.0,1105.72,64.7125854646746
115,comm_base_60,619.28,249.5,60000.0,1105.72,77.43551712911044
115,comm_base_80,417.32,160.36,80000.0,1105.72,85.49723257244149
113,no_vax_base_ops,3605.86,1639.78,0.0,1639.78,0.0
113,vax_base_ops,3061.56,1372.1,7602.2,1639.78,16.324141043310693
113,no_vax_enh_ops,483.92,218.12,0.0,1639.78,86.69821561428972
113,vax_enh_ops,455.12,203.22,8148.16,1639.78,87.60687409286612
113,incremental_ring_vax,455.12,203.22,8148.16,218.12,6.831102145607924
113,no_vax_ring1_base_ops,4948.52,2251.32,0.0,1639.78,-37.294027247557615
113,no_vax_ring1_enh_ops,821.7,370.88,0.0,2251.32,83.52610912708988
113,ring1_vax_base_ops,4340.88,1955.64,4649.24,2251.32,13.133628271414105
113,ring1_vax_enh_ops,718.76,317.62,6765.78,2251.32,85.89183234724518
113,comm_base_20,1693.76,745.82,20000.0,1639.78,54.51706936296332
113,comm_base_40,908.4,383.02,40000.0,1639.78,76.6419885594409
113,comm_base_60,528.8,212.48,60000.0,1639.78,87.04216419275757
113,comm_base_80,371.86,140.62,80000.0,1639.78,91.42445937869715
117,no_vax_base_ops,2093.58,944.1,0.0,944.1,0.0
117,vax_base_ops,1850.54,821.86,7392.44,944.1,12.947780955407266
117,no_vax_enh_ops,324.0,146.44,0.0,944.1,84.48893125728208
117,vax_enh_ops,312.8,139.16,8234.96,944.1,85.2600360131342
117,incremental_ring_vax,312.8,139.16,8234.96,146.44,4.971319311663481
117,no_vax_ring1_base_ops,2440.14,1101.28,0.0,944.1,-16.648660099565717
117,no_vax_ring1_enh_ops,429.52,193.18,0.0,1101.28,82.4585936364957
117,ring1_vax_base_ops,2234.16,999.24,2495.26,1101.28,9.265581868371347
117,ring1_vax_enh_ops,368.18,160.8,3911.7,1101.28,85.39880865901496
117,comm_base_20,1187.4,518.84,20000.0,944.1,45.04395720792289
117,comm_base_40,783.16,329.72,40000.0,944.1,65.0757335028069
117,comm_base_60,512.52,206.66,60000.0,944.1,78.11036966423048
117,comm_base_80,363.24,137.92,80000.0,944.1,85.39137803198814
119,no_vax_base_ops,1486.56,675.52,0.0,675.52,0.0
119,vax_base_ops,1169.0,523.52,7402.24,675.52,22.501184272856467
119,no_vax_enh_ops,313.38,142.84,0.0,675.52,78.85480814779724
119,vax_enh_ops,285.26,128.14,8175.58,675.52,81.03090952155377
119,incremental_ring_vax,285.26,128.14,8175.58,142.84,10.291234948193797
119,no_vax_ring1_base_ops,1610.82,730.9,0.0,675.52,-8.198128848886784
119,no_vax_ring1_enh_ops,399.48,182.1,0.0,730.9,75.08551101381858
119,ring1_vax_base_ops,1419.0,641.46,1963.92,730.9,12.23696812149404
119,ring1_vax_enh_ops,323.66,142.94,2880.94,730.9,80.44328909563552
119,comm_base_20,756.8,334.02,20000.0,675.52,50.55364756039792
119,comm_base_40,439.18,187.1,40000.0,675.52,72.30281856939838
119,comm_base_60,287.6,116.66,60000.0,675.52,82.73034107058267
119,comm_base_80,200.42,75.84,80000.0,675.52,88.77309332070108
118,no_vax_base_ops,2506.94,1134.94,0.0,1134.94,0.0
118,vax_base_ops,2075.64,929.16,7323.8,1134.94,18.131354961495767
118,no_vax_enh_ops,298.2,134.16,0.0,1134.94,88.17911078999772
118,vax_enh_ops,281.78,125.16,8197.96,1134.94,88.97210425220717
118,incremental_ring_vax,281.78,125.16,8197.96,134.16,6.708407871198569
118,no_vax_ring1_base_ops,3083.24,1394.9,0.0,1134.94,-22.90517560399669
118,no_vax_ring1_enh_ops,376.22,167.78,0.0,1394.9,87.97189762707005
118,ring1_vax_base_ops,2845.28,1274.28,2784.14,1394.9,8.647214854111413
118,ring1_vax_enh_ops,306.46,134.0,2752.64,1394.9,90.39357660047315
118,comm_base_20,1158.2,508.4,20000.0,1134.94,55.204680423634734
118,comm_base_40,603.14,254.6,40000.0,1134.94,77.56709605794138
118,comm_base_60,360.42,145.34,60000.0,1134.94,87.19403668916418
118,comm_base_80,246.32,94.72,80000.0,1134.94,91.65418436216892
120,no_vax_base_ops,2096.88,953.92,0.0,953.92,0.0
120,vax_base_ops,1789.42,797.92,7566.2,953.92,16.35357262663536
120,no_vax_enh_ops,274.98,125.48,0.0,953.92,86.84585709493459
120,vax_enh_ops,254.94,115.18,8233.44,953.92,87.92561221066757
120,incremental_ring_vax,254.94,115.18,8233.44,125.48,8.208479438954413
120,no_vax_ring1_base_ops,2573.46,1173.02,0.0,953.92,-22.968383092921844
120,no_vax_ring1_enh_ops,306.76,140.04,0.0,1173.02,88.06158462771309
120,ring1_vax_base_ops,2416.6,1089.86,3033.9,1173.02,7.089393190226942
120,ring1_vax_enh_ops,277.18,122.4,2377.02,1173.02,89.56539530442788
120,comm_base_20,1202.7,528.72,20000.0,953.92,44.57396846695739
120,comm_base_40,670.28,282.06,40000.0,953.92,70.43148272391814
120,comm_base_60,450.2,181.72,60000.0,953.92,80.95018450184502
120,comm_base_80,310.22,117.84,80000.0,953.92,87.64676283126468
121,no_vax_base_ops,1909.0,862.46,0.0,862.46,0.0
121,vax_base_ops,1617.74,721.26,6821.58,862.46,16.371773763420915
121,no_vax_enh_ops,296.9,134.54,0.0,862.46,84.40043596224753
121,vax_enh_ops,272.24,121.98,8118.04,862.46,85.85673538482943
121,incremental_ring_vax,272.24,121.98,8118.04,134.54,9.335513601902772
121,no_vax_ring1_base_ops,2156.42,975.38,0.0,862.46,-13.092781114486463
121,no_vax_ring1_enh_ops,345.72,156.68,0.0,975.38,83.93651704976521
121,ring1_vax_base_ops,2004.38,901.06,1708.06,975.38,7.619594414484617
121,ring1_vax_enh_ops,283.62,123.88,2783.1,975.38,87.2993089872665
121,comm_base_20,965.5,424.4,20000.0,862.46,50.79192078473205
121,comm_base_40,503.0,213.34,40000.0,862.46,75.26378034923358
121,comm_base_60,309.22,124.18,60000.0,862.46,85.6016510910651
121,comm_base_80,212.08,80.96,80000.0,862.46,90.61289798947197
124,no_vax_base_ops,1877.56,853.36,0.0,853.36,0.0
124,vax_base_ops,1521.44,681.32,7388.0,853.36,20.16030749039092
124,no_vax_enh_ops,293.38,134.9,0.0,853.36,84.19190025311708
124,vax_enh_ops,268.64,121.8,8198.12,853.36,85.72700853098341
124,incremental_ring_vax,268.64,121.8,8198.12,134.9,9.710896960711645
124,no_vax_ring1_base_ops,2206.44,1001.66,0.0,853.36,-17.378363176150742
124,no_vax_ring1_enh_ops,342.78,157.2,0.0,1001.66,84.30605195375676
124,ring1_vax_base_ops,1980.04,890.46,2563.66,1001.66,11.10157139149012
124,ring1_vax_enh_ops,300.6,133.56,2586.98,1001.66,86.66613421719944
124,comm_base_20,970.8,431.68,20000.0,853.36,49.414080809974685
124,comm_base_40,568.68,244.5,40000.0,853.36,71.34855160776226
124,comm_base_60,337.42,139.0,60000.0,853.36,83.71144651729634
124,comm_base_80,244.14,95.52,80000.0,853.36,88.80659979375645
122,no_vax_base_ops,3096.78,1405.1,0.0,1405.1,0.0
122,vax_base_ops,2436.8,1090.66,7470.46,1405.1,22.37847840011386
122,no_vax_enh_ops,327.9,146.14,0.0,1405.1,89.59931677460679
122,vax_enh_ops,310.74,137.1,8189.48,1405.1,90.2426873532133
122,incremental_ring_vax,310.74,137.1,8189.48,146.14,6.185849185712326
122,no_vax_ring1_base_ops,3904.76,1774.22,0.0,1405.1,-26.270016368941725
122,no_vax_ring1_enh_ops,418.4,187.98,0.0,1774.22,89.4049215993507
122,ring1_vax_base_ops,3422.68,1540.14,3947.28,1774.22,13.19340329835082
122,ring1_vax_enh_ops,338.64,146.96,3205.86,1774.22,91.71692349314064
122,comm_base_20,1319.16,581.18,20000.0,1405.1,58.63781937228667
122,comm_base_40,662.92,282.68,40000.0,1405.1,79.88185894242402
122,comm_base_60,370.74,149.16,60000.0,1405.1,89.38438545299266
122,comm_base_80,258.1,97.18,80000.0,1405.1,93.08376627998007
123,no_vax_base_ops,2759.78,1248.6,0.0,1248.6,0.0
123,vax_base_ops,2270.3,1012.28,7333.78,1248.6,18.926798013775425
123,no_vax_enh_ops,404.04,183.8,0.0,1248.6,85.27951305462118
123,vax_enh_ops,371.66,167.12,8105.02,1248.6,86.61540925836938
123,incremental_ring_vax,371.66,167.12,8105.02,183.8,9.07508161044614
123,no_vax_ring1_base_ops,3524.52,1596.72,0.0,1248.6,-27.88082652570881
123,no_vax_ring1_enh_ops,594.66,271.38,0.0,1596.72,83.00390801142342
123,ring1_vax_base_ops,3156.2,1414.34,3194.22,1596.72,11.422165439150264
123,ring1_vax_enh_ops,497.62,219.9,4007.9,1596.72,86.22801743574327
123,comm_base_20,1301.22,575.64,20000.0,1248.6,53.89716482460355
123,comm_base_40,649.96,277.06,40000.0,1248.6,77.81034758930002
123,comm_base_60,397.74,162.98,60000.0,1248.6,86.94698061829249
123,comm_base_80,262.42,99.58,80000.0,1248.6,92.02466762774309
126,no_vax_base_ops,1416.82,647.46,0.0,647.46,0.0
126,vax_base_ops,1218.96,546.4,7106.34,647.46,15.608686250888093
126,no_vax_enh_ops,333.48,151.22,0.0,647.46,76.64411701108948
126,vax_enh_ops,307.7,137.68,8022.96,647.46,78.7353658913292
126,incremental_ring_vax,307.7,137.68,8022.96,151.22,8.953842084380367
126,no_vax_ring1_base_ops,1553.76,710.02,0.0,647.46,-9.66237296512525
126,no_vax_ring1_enh_ops,400.26,182.04,0.0,710.02,74.3612855975888
126,ring1_vax_base_ops,1435.0,651.06,1601.08,710.02,8.303991436860938
126,ring1_vax_enh_ops,363.94,160.6,2508.92,710.02,77.3809188473564
126,comm_base_20,863.92,382.34,20000.0,647.46,40.94770333302444
126,comm_base_40,601.98,255.94,40000.0,647.46,60.470144873814604
126,comm_base_60,401.06,163.84,60000.0,647.46,74.69496185092515
126,comm_base_80,309.08,119.0,80000.0,647.46,81.62048620764217
127,no_vax_base_ops,1994.0,908.74,0.0,908.74,0.0
127,vax_base_ops,1674.6,750.32,7538.34,908.74,17.432929110636703
127,no_vax_enh_ops,294.62,133.06,0.0,908.74,85.35774809076304
127,vax_enh_ops,269.7,119.88,8234.34,908.74,86.80810792966085
127,incremental_ring_vax,269.7,119.88,8234.34,133.06,9.905305877047953
127,no_vax_ring1_base_ops,2382.52,1084.36,0.0,908.74,-19.325659704645982
127,no_vax_ring1_enh_ops,334.9,151.72,0.0,1084.36,86.00833671474417
127,ring1_vax_base_ops,2201.6,994.72,2639.22,1084.36,8.26662731934043
127,ring1_vax_enh_ops,291.56,127.82,2737.0,1084.36,88.21240178538494
127,comm_base_20,1038.72,459.8,20000.0,908.74,49.402469353170325
127,comm_base_40,589.3,248.46,40000.0,908.74,72.65884631467746
127,comm_base_60,361.12,145.0,60000.0,908.74,84.04384092259612
127,comm_base_80,247.86,94.06,80000.0,908.74,89.6494046702027
125,no_vax_base_ops,3388.44,1531.84,0.0,1531.84,0.0
125,vax_base_ops,2914.8,1296.3,7500.92,1531.84,15.376279506998118
125,no_vax_enh_ops,472.9,210.52,0.0,1531.84,86.25705034468352
125,vax_enh_ops,434.12,190.36,8171.76,1531.84,87.57311468560685
125,incremental_ring_vax,434.12,190.36,8171.76,210.52,9.576287288618657
125,no_vax_ring1_base_ops,4556.44,2062.66,0.0,1531.84,-34.65244411949028
125,no_vax_ring1_enh_ops,737.32,330.04,0.0,2062.66,83.9993018723396
125,ring1_vax_base_ops,4238.16,1898.36,4042.0,2062.66,7.965442680810215
125,ring1_vax_enh_ops,637.72,277.78,5266.16,2062.66,86.5329235065401
125,comm_base_20,1974.74,860.22,20000.0,1531.84,43.844004595780234
125,comm_base_40,1165.18,487.6,40000.0,1531.84,68.16899937330268
125,comm_base_60,733.16,290.4,60000.0,1531.84,81.04240651765198
125,comm_base_80,492.46,184.08,80000.0,1531.84,87.98307917275956
128,no_vax_base_ops,2817.5,1280.5,0.0,1280.5,0.0
128,vax_base_ops,2312.08,1036.56,7354.86,1280.5,19.050370948848112
128,no_vax_enh_ops,320.1,144.22,0.0,1280.5,88.73721202655213
128,vax_enh_ops,293.98,131.14,8171.92,1280.5,89.75868801249513
128,incremental_ring_vax,293.98,131.14,8171.92,144.22,9.069477187630019
128,no_vax_ring1_base_ops,3498.8,1590.38,0.0,1280.5,-24.199921905505672
128,no_vax_ring1_enh_ops,387.82,174.96,0.0,1590.38,88.99885561941171
128,ring1_vax_base_ops,3153.64,1424.08,3249.7,1590.38,10.456620430337415
128,ring1_vax_enh_ops,327.84,143.78,2887.62,1590.38,90.95939335253209
128,comm_base_20,1279.58,566.2,20000.0,1280.5,55.782897305739944
128,comm_base_40,630.58,268.34,40000.0,1280.5,79.04412338930106
128,comm_base_60,366.66,148.54,60000.0,1280.5,88.39984381101132
128,comm_base_80,244.2,92.76,80000.0,1280.5,92.75595470519329
129,no_vax_base_ops,2112.74,961.74,0.0,961.74,0.0
129,vax_base_ops,1733.9,778.68,7477.94,961.74,19.034250421111743
129,no_vax_enh_ops,261.82,119.6,0.0,961.74,87.56420654230872
129,vax_enh_ops,243.98,109.88,8215.1,961.74,88.57487470626157
129,incremental_ring_vax,243.98,109.88,8215.1,119.6,8.127090301003344
129,no_vax_ring1_base_ops,2635.74,1199.96,0.0,961.74,-24.769688273337913
129,no_vax_ring1_enh_ops,312.46,142.3,0.0,1199.96,88.14127137571253
129,ring1_vax_base_ops,2280.44,1027.1,3005.98,1199.96,14.405480182672768
129,ring1_vax_enh_ops,262.52,116.08,3030.56,1199.96,90.32634421147372
129,comm_base_20,1019.02,451.24,20000.0,961.74,53.08087424875746
129,comm_base_40,530.62,227.58,40000.0,961.74,76.33663984028948
129,comm_base_60,318.12,129.38,60000.0,961.74,86.54729968598582
129,comm_base_80,221.06,85.48,80000.0,961.74,91.11194293676046
131,no_vax_base_ops,1634.3,742.18,0.0,742.18,0.0
131,vax_base_ops,1383.16,620.08,6319.94,742.18,16.451534668139793
131,no_vax_enh_ops,355.06,161.1,0.0,742.18,78.29367538871972
131,vax_enh_ops,323.68,145.56,8075.26,742.18,80.38750707375569
131,incremental_ring_vax,323.68,145.56,8075.26,161.1,9.646182495344501
131,no_vax_ring1_base_ops,1805.16,822.36,0.0,742.18,-10.803309170282152
131,no_vax_ring1_enh_ops,482.26,218.94,0.0,822.36,73.37662337662339
131,ring1_vax_base_ops,1685.3,762.5,1081.2,822.36,7.279050537477506
131,ring1_vax_enh_ops,398.12,173.92,3071.8,822.36,78.8511114353811
131,comm_base_20,948.16,418.12,20000.0,742.18,43.663262281387254
131,comm_base_40,573.38,242.04,40000.0,742.18,67.38796518364818
131,comm_base_60,361.74,145.16,60000.0,742.18,80.4414023552238
131,comm_base_80,253.08,96.2,80000.0,742.18,87.03818480692016
130,no_vax_base_ops,2274.78,1033.42,0.0,1033.42,0.0
130,vax_base_ops,2010.76,899.06,7453.92,1033.42,13.001490197596342
130,no_vax_enh_ops,337.64,155.28,0.0,1033.42,84.97416345725843
130,vax_enh_ops,322.5,147.02,8134.34,1033.42,85.77345125892668
130,incremental_ring_vax,322.5,147.02,8134.34,155.28,5.319422977846465
130,no_vax_ring1_base_ops,2707.84,1229.64,0.0,1033.42,-18.987439763116644
130,no_vax_ring1_enh_ops,468.86,214.8,0.0,1229.64,82.53147262613449
130,ring1_vax_base_ops,2599.68,1170.82,2964.54,1229.64,4.783513873979389
130,ring1_vax_enh_ops,417.96,184.88,4452.36,1229.64,84.96470511694481
130,comm_base_20,1408.02,618.1,20000.0,1033.42,40.18888738363879
130,comm_base_40,902.32,382.82,40000.0,1033.42,62.95601014108495
130,comm_base_60,613.68,249.46,60000.0,1033.42,75.86073426099746
130,comm_base_80,426.8,165.78,80000.0,1033.42,83.95811964157846
132,no_vax_base_ops,2232.86,1008.02,0.0,1008.02,0.0
132,vax_base_ops,1864.4,828.32,7208.14,1008.02,17.82702724152298
132,no_vax_enh_ops,315.4,142.14,0.0,1008.02,85.89908930378365
132,vax_enh_ops,292.3,130.1,8102.44,1008.02,87.09351004940379
132,incremental_ring_vax,292.3,130.1,8102.44,142.14,8.470522020543122
132,no_vax_ring1_base_ops,2798.9,1265.24,0.0,1008.02,-25.517350846213372
132,no_vax_ring1_enh_ops,434.78,196.18,0.0,1265.24,84.49464133286965
132,ring1_vax_base_ops,2549.38,1143.5,2678.12,1265.24,9.6218899181183
132,ring1_vax_enh_ops,366.88,160.34,3611.78,1265.24,87.32730549144827
132,comm_base_20,1144.98,501.64,20000.0,1008.02,50.23511438265114
132,comm_base_40,595.68,252.22,40000.0,1008.02,74.97867105811393
132,comm_base_60,353.22,142.04,60000.0,1008.02,85.90900974187021
132,comm_base_80,238.42,90.14,80000.0,1008.02,91.05771710878753
133,no_vax_base_ops,1756.18,797.02,0.0,797.02,0.0
133,vax_base_ops,1510.98,673.38,7309.82,797.02,15.512785124589092
133,no_vax_enh_ops,250.14,112.58,0.0,797.02,85.87488394268651
133,vax_enh_ops,242.88,107.72,8152.0,797.02,86.48465534114577
133,incremental_ring_vax,242.88,107.72,8152.0,112.58,4.3169301829809905
133,no_vax_ring1_base_ops,2179.02,989.38,0.0,797.02,-24.134902511856666
133,no_vax_ring1_enh_ops,295.22,133.42,0.0,989.38,86.51478703834725
133,ring1_vax_base_ops,2031.8,912.88,2541.72,989.38,7.732115061957994
133,ring1_vax_enh_ops,266.22,116.14,2758.9,989.38,88.26133538175424
133,comm_base_20,1047.72,459.44,20000.0,797.02,42.35527339339038
133,comm_base_40,661.04,277.36,40000.0,797.02,65.20037138340318
133,comm_base_60,443.86,176.96,60000.0,797.02,77.79729492359037
133,comm_base_80,312.4,117.28,80000.0,797.02,85.28518732277735
134,no_vax_base_ops,1896.96,854.08,0.0,854.08,0.0
134,vax_base_ops,1621.04,716.92,7531.04,854.08,16.05938553765456
134,no_vax_enh_ops,374.56,168.72,0.0,854.08,80.24541026601723
134,vax_enh_ops,370.38,163.6,8175.46,854.08,80.84488572499063
134,incremental_ring_vax,370.38,163.6,8175.46,168.72,3.034613560929353
134,no_vax_ring1_base_ops,2267.06,1022.4,0.0,854.08,-19.70775571375046
134,no_vax_ring1_enh_ops,558.72,251.88,0.0,1022.4,75.36384976525822
134,ring1_vax_base_ops,2129.9,950.66,2489.74,1022.4,7.016823161189359
134,ring1_vax_enh_ops,472.96,205.18,4307.66,1022.4,79.93153364632238
134,comm_base_20,1123.64,489.98,20000.0,854.08,42.63066691644811
134,comm_base_40,696.86,291.2,40000.0,854.08,65.90483327088799
134,comm_base_60,448.16,177.06,60000.0,854.08,79.26892094417384
134,comm_base_80,330.3,124.22,80000.0,854.08,85.45569501686025
136,no_vax_base_ops,1989.38,900.22,0.0,900.22,0.0
136,vax_base_ops,1624.6,723.48,7713.86,900.22,19.632978605229834
136,no_vax_enh_ops,352.8,160.56,0.0,900.22,82.16435982315436
136,vax_enh_ops,328.32,147.46,8165.28,900.22,83.61955966319344
136,incremental_ring_vax,328.32,147.46,8165.28,160.56,8.158943697060286
136,no_vax_ring1_base_ops,2518.56,1141.9,0.0,900.22,-26.84677078936261
136,no_vax_ring1_enh_ops,506.38,228.52,0.0,1141.9,79.98773973202557
136,ring1_vax_base_ops,2138.1,955.76,3461.76,1141.9,16.300902005429556
136,ring1_vax_enh_ops,421.02,184.58,4126.58,1141.9,83.83571240914264
136,comm_base_20,938.4,412.1,20000.0,900.22,54.22230121525849
136,comm_base_40,532.04,225.92,40000.0,900.22,74.90391237697452
136,comm_base_60,318.48,130.4,60000.0,900.22,85.51465197396192
136,comm_base_80,220.22,84.64,80000.0,900.22,90.59785385794584
135,no_vax_base_ops,2385.56,1086.2,0.0,1086.2,0.0
135,vax_base_ops,2056.04,919.1,7221.38,1086.2,15.383907199410793
135,no_vax_enh_ops,400.14,182.3,0.0,1086.2,83.21671883631008
135,vax_enh_ops,367.28,165.1,8131.96,1086.2,84.80022095378384
135,incremental_ring_vax,367.28,165.1,8131.96,182.3,9.434997257268249
135,no_vax_ring1_base_ops,2927.8,1335.18,0.0,1086.2,-22.922113791198672
135,no_vax_ring1_enh_ops,575.3,263.1,0.0,1335.18,80.29479171347683
135,ring1_vax_base_ops,2686.12,1211.86,2749.54,1335.18,9.236207852124819
135,ring1_vax_enh_ops,481.6,212.2,3891.98,1335.18,84.10701178867268
135,comm_base_20,1301.56,572.16,20000.0,1086.2,47.32461793408213
135,comm_base_40,727.42,309.42,40000.0,1086.2,71.5135334192598
135,comm_base_60,460.62,185.62,60000.0,1086.2,82.911066102007
135,comm_base_80,314.28,119.3,80000.0,1086.2,89.01675566194072
137,no_vax_base_ops,2848.5,1288.88,0.0,1288.88,0.0
137,vax_base_ops,2359.2,1052.76,7399.26,1288.88,18.319781515734597
137,no_vax_enh_ops,354.5,159.54,0.0,1288.88,87.62181118490473
137,vax_enh_ops,325.52,144.26,8253.82,1288.88,88.8073366023214
137,incremental_ring_vax,325.52,144.26,8253.82,159.54,9.57753541431616
137,no_vax_ring1_base_ops,3636.18,1650.58,0.0,1288.88,-28.063124573272905
137,no_vax_ring1_enh_ops,444.66,199.82,0.0,1650.58,87.89395242884319
137,ring1_vax_base_ops,3341.32,1503.7,3036.42,1650.58,8.89869015739921
137,ring1_vax_enh_ops,368.76,160.76,3545.1,1650.58,90.26039331628883
137,comm_base_20,1311.6,576.82,20000.0,1288.88,55.24641549252063
137,comm_base_40,676.18,286.76,40000.0,1288.88,77.75122587052324
137,comm_base_60,420.56,170.12,60000.0,1288.88,86.80094345478246
137,comm_base_80,288.24,109.52,80000.0,1288.88,91.50270001862083
138,no_vax_base_ops,2386.9,1079.78,0.0,1079.78,0.0
138,vax_base_ops,2005.92,893.5,7391.26,1079.78,17.251662375669113
138,no_vax_enh_ops,311.44,138.86,0.0,1079.78,87.1399729574543
138,vax_enh_ops,293.88,128.38,8127.66,1079.78,88.110541036137
138,incremental_ring_vax,293.88,128.38,8127.66,138.86,7.547169811320767
138,no_vax_ring1_base_ops,3006.08,1359.44,0.0,1079.78,-25.899720313397182
138,no_vax_ring1_enh_ops,429.9,191.66,0.0,1359.44,85.90154769611016
138,ring1_vax_base_ops,2721.0,1219.74,2951.9,1359.44,10.276290237156479
138,ring1_vax_enh_ops,343.54,146.78,3509.98,1359.44,89.20290707938564
138,comm_base_20,1166.72,511.86,20000.0,1079.78,52.59589916464464
138,comm_base_40,599.96,253.14,40000.0,1079.78,76.55633554983423
138,comm_base_60,350.88,139.52,60000.0,1079.78,87.07884939524718
138,comm_base_80,236.78,87.04,80000.0,1079.78,91.93909870529183
141,no_vax_base_ops,1688.04,769.84,0.0,769.84,0.0
141,vax_base_ops,1397.62,626.4,7546.46,769.84,18.632443105060798
141,no_vax_enh_ops,299.02,136.7,0.0,769.84,82.24306349371298
141,vax_enh_ops,277.86,124.66,8161.02,769.84,83.80702483632963
141,incremental_ring_vax,277.86,124.66,8161.02,136.7,8.807607900512064
141,no_vax_ring1_base_ops,2066.5,941.78,0.0,769.84,-22.33451106723474
141,no_vax_ring1_enh_ops,356.54,162.92,0.0,941.78,82.70084308437215
141,ring1_vax_base_ops,1828.88,823.64,2760.28,941.78,12.544330947779734
141,ring1_vax_enh_ops,315.54,138.68,2786.84,941.78,85.27469260336808
141,comm_base_20,1026.04,452.96,20000.0,769.84,41.16179985451523
141,comm_base_40,625.3,264.44,40000.0,769.84,65.65000519588486
141,comm_base_60,408.38,164.88,60000.0,769.84,78.58256261041255
141,comm_base_80,293.64,110.78,80000.0,769.84,85.60999688246908
139,no_vax_base_ops,3492.14,1588.18,0.0,1588.18,0.0
139,vax_base_ops,2912.98,1306.6,7314.3,1588.18,17.72972836832098
139,no_vax_enh_ops,322.62,146.12,0.0,1588.18,90.79953153924617
139,vax_enh_ops,304.54,136.02,8232.08,1588.18,91.43547960558627
139,incremental_ring_vax,304.54,136.02,8232.08,146.12,6.91212701888858
139,no_vax_ring1_base_ops,4536.12,2068.38,0.0,1588.18,-30.235867470941585
139,no_vax_ring1_enh_ops,407.94,184.36,0.0,2068.38,91.08674421527958
139,ring1_vax_base_ops,4194.2,1892.42,3591.32,2068.38,8.507140854195072
139,ring1_vax_enh_ops,337.12,146.02,3627.94,2068.38,92.94036879103453
139,comm_base_20,1683.86,742.4,20000.0,1588.18,53.254668866249425
139,comm_base_40,902.56,383.5,40000.0,1588.18,75.85286302560164
139,comm_base_60,543.44,216.48,60000.0,1588.18,86.36930322759385
139,comm_base_80,360.24,134.52,80000.0,1588.18,91.52992733821102
142,no_vax_base_ops,2143.9,978.82,0.0,978.82,0.0
142,vax_base_ops,1823.16,817.76,7323.08,978.82,16.45450644653767
142,no_vax_enh_ops,326.84,149.3,0.0,978.82,84.74694019329397
142,vax_enh_ops,302.9,136.94,8190.36,978.82,86.00968513107621
142,incremental_ring_vax,302.9,136.94,8190.36,149.3,8.278633623576699
142,no_vax_ring1_base_ops,2680.94,1224.5,0.0,978.82,-25.09960973416971
142,no_vax_ring1_enh_ops,466.54,213.0,0.0,1224.5,82.60514495712536
142,ring1_vax_base_ops,2459.88,1113.58,2640.56,1224.5,9.058391180073505
142,ring1_vax_enh_ops,400.26,176.66,4137.52,1224.5,85.57288689260922
142,comm_base_20,1261.14,557.5,20000.0,978.82,43.04366482090681
142,comm_base_40,754.62,320.48,40000.0,978.82,67.25853578798962
142,comm_base_60,445.66,181.32,60000.0,978.82,81.47565435933062
142,comm_base_80,320.04,122.06,80000.0,978.82,87.52988292025091
140,no_vax_base_ops,3733.82,1698.44,0.0,1698.44,0.0
140,vax_base_ops,3260.34,1463.64,7408.68,1698.44,13.824450672381712
140,no_vax_enh_ops,380.44,171.34,0.0,1698.44,89.91191917288806
140,vax_enh_ops,365.18,163.18,8234.08,1698.44,90.39236004804408
140,incremental_ring_vax,365.18,163.18,8234.08,171.34,4.762460604645732
140,no_vax_ring1_base_ops,4906.14,2229.96,0.0,1698.44,-31.29459975035915
140,no_vax_ring1_enh_ops,511.78,231.76,0.0,2229.96,89.60698846616083
140,ring1_vax_base_ops,4648.54,2094.38,3847.58,2229.96,6.079929684837393
140,ring1_vax_enh_ops,453.0,199.36,3942.72,2229.96,91.05992932608656
140,comm_base_20,2281.0,1006.7,20000.0,1698.44,40.72796212995455
140,comm_base_40,1402.22,594.48,40000.0,1698.44,64.99846918348602
140,comm_base_60,915.14,370.22,60000.0,1698.44,78.20235039212453
140,comm_base_80,617.12,237.26,80000.0,1698.44,86.03071053437272
143,no_vax_base_ops,1666.92,755.06,0.0,755.06,0.0
143,vax_base_ops,1351.28,602.22,7537.28,755.06,20.242099965565643
143,no_vax_enh_ops,348.02,158.74,0.0,755.06,78.97650517839641
143,vax_enh_ops,316.76,142.26,8114.94,755.06,81.1591131830583
143,incremental_ring_vax,316.76,142.26,8114.94,158.74,10.381756331107482
143,no_vax_ring1_base_ops,1813.08,820.4,0.0,755.06,-8.653616931104818
143,no_vax_ring1_enh_ops,478.44,217.98,0.0,820.4,73.43003412969283
143,ring1_vax_base_ops,1668.28,747.82,2489.28,820.4,8.846903949293019
143,ring1_vax_enh_ops,401.04,178.04,3406.34,820.4,78.29839102876646
143,comm_base_20,887.74,389.32,20000.0,755.06,48.43853468598521
143,comm_base_40,525.84,222.72,40000.0,755.06,70.50300638359865
143,comm_base_60,316.54,127.66,60000.0,755.06,83.09273435223692
143,comm_base_80,240.68,91.82,80000.0,755.06,87.83937700315208
144,no_vax_base_ops,2072.12,937.78,0.0,937.78,0.0
144,vax_base_ops,1745.5,777.78,7176.4,937.78,17.061570944144684
144,no_vax_enh_ops,335.8,153.18,0.0,937.78,83.66567851734948
144,vax_enh_ops,312.08,140.62,8076.16,937.78,85.00501183646485
144,incremental_ring_vax,312.08,140.62,8076.16,153.18,8.199503851677767
144,no_vax_ring1_base_ops,2394.28,1085.4,0.0,937.78,-15.741431892341499
144,no_vax_ring1_enh_ops,494.8,225.36,0.0,1085.4,79.23714759535656
144,ring1_vax_base_ops,2244.6,1009.3,2261.02,1085.4,7.0112400958172225
144,ring1_vax_enh_ops,421.22,185.94,4382.16,1085.4,82.86898839137645
144,comm_base_20,1247.08,546.26,20000.0,937.78,41.749664100322036
144,comm_base_40,714.14,301.6,40000.0,937.78,67.83893877028727
144,comm_base_60,492.2,199.12,60000.0,937.78,78.76687496001195
144,comm_base_80,332.12,125.5,80000.0,937.78,86.61733029068652
146,no_vax_base_ops,1818.3,830.02,0.0,830.02,0.0
146,vax_base_ops,1412.5,634.68,7361.2,830.02,23.5343726657189
146,no_vax_enh_ops,419.64,190.0,0.0,830.02,77.1089853256548
146,vax_enh_ops,370.64,165.24,7987.86,830.02,80.0920459747958
146,incremental_ring_vax,370.64,165.24,7987.86,190.0,13.031578947368416
146,no_vax_ring1_base_ops,2091.46,954.56,0.0,830.02,-15.004457723910264
146,no_vax_ring1_enh_ops,631.56,287.52,0.0,954.56,69.87931612470668
146,ring1_vax_base_ops,1960.5,885.42,2430.64,954.56,7.243127723768017
146,ring1_vax_enh_ops,529.6,231.94,4269.9,954.56,75.70189406637613
146,comm_base_20,873.32,387.28,20000.0,830.02,53.34088335220838
146,comm_base_40,483.66,207.34,40000.0,830.02,75.01987903905929
146,comm_base_60,291.74,117.98,60000.0,830.02,85.78588467747765
146,comm_base_80,200.14,76.76,80000.0,830.02,90.75203007156455
145,no_vax_base_ops,2388.7,1087.42,0.0,1087.42,0.0
145,vax_base_ops,1958.24,876.06,7470.12,1087.42,19.43683213477774
145,no_vax_enh_ops,537.58,244.48,0.0,1087.42,77.51742656931084
145,vax_enh_ops,503.62,226.42,8011.22,1087.42,79.17823839914661
145,incremental_ring_vax,503.62,226.42,8011.22,244.48,7.387107329842933
145,no_vax_ring1_base_ops,2883.66,1310.22,0.0,1087.42,-20.48886354858288
145,no_vax_ring1_enh_ops,926.64,419.92,0.0,1310.22,67.95042054006197
145,ring1_vax_base_ops,2592.9,1167.72,2913.4,1310.22,10.876036085542886
145,ring1_vax_enh_ops,760.68,335.44,5170.28,1310.22,74.3981926699333
145,comm_base_20,1214.54,535.98,20000.0,1087.42,50.71085689062184
145,comm_base_40,615.74,261.34,40000.0,1087.42,75.96696768497914
145,comm_base_60,385.52,156.34,60000.0,1087.42,85.62285041658237
145,comm_base_80,256.36,97.6,80000.0,1087.42,91.02462709900497
147,no_vax_base_ops,1711.6,772.24,0.0,772.24,0.0
147,vax_base_ops,1410.38,625.52,7517.94,772.24,18.999274836838293
147,no_vax_enh_ops,326.5,149.34,0.0,772.24,80.66145239821817
147,vax_enh_ops,305.4,137.88,8182.56,772.24,82.14544701129182
147,incremental_ring_vax,305.4,137.88,8182.56,149.34,7.673764564081966
147,no_vax_ring1_base_ops,2088.38,941.26,0.0,772.24,-21.88697814151041
147,no_vax_ring1_enh_ops,422.12,192.18,0.0,941.26,79.58268703652551
147,ring1_vax_base_ops,1783.42,796.7,2493.12,941.26,15.35813696534432
147,ring1_vax_enh_ops,367.76,161.78,4006.88,941.26,82.81240039946455
147,comm_base_20,953.4,420.68,20000.0,772.24,45.52470734486688
147,comm_base_40,568.24,242.56,40000.0,772.24,68.5900756241583
147,comm_base_60,369.16,148.62,60000.0,772.24,80.75468766186678
147,comm_base_80,253.32,97.02,80000.0,772.24,87.43654822335026
148,no_vax_base_ops,1715.36,778.62,0.0,778.62,0.0
148,vax_base_ops,1538.48,686.22,7198.42,778.62,11.867149572320256
148,no_vax_enh_ops,308.98,141.9,0.0,778.62,81.7754488710796
148,vax_enh_ops,293.5,133.98,8090.96,778.62,82.79263312013562
148,incremental_ring_vax,293.5,133.98,8090.96,141.9,5.58139534883722
148,no_vax_ring1_base_ops,1982.54,900.22,0.0,778.62,-15.617374328940949
148,no_vax_ring1_enh_ops,435.92,200.22,0.0,900.22,77.75877007842527
148,ring1_vax_base_ops,1926.02,869.44,2269.26,900.22,3.419164204305611
148,ring1_vax_enh_ops,388.26,172.78,4065.9,900.22,80.80691386549954
148,comm_base_20,1182.9,521.28,20000.0,778.62,33.05078215304
148,comm_base_40,781.04,331.0,40000.0,778.62,57.488890601320286
148,comm_base_60,538.2,219.76,60000.0,778.62,71.77570573578896
148,comm_base_80,379.88,147.62,80000.0,778.62,81.04081580231691
150,no_vax_base_ops,1689.7,767.16,0.0,767.16,0.0
150,vax_base_ops,1426.58,638.42,6857.88,767.16,16.78137546274571
150,no_vax_enh_ops,356.1,161.9,0.0,767.16,78.89618853954846
150,vax_enh_ops,326.16,147.02,8122.0,767.16,80.8358100005214
150,incremental_ring_vax,326.16,147.02,8122.0,161.9,9.19085855466337
150,no_vax_ring1_base_ops,1873.38,850.08,0.0,767.16,-10.808697012357277
150,no_vax_ring1_enh_ops,510.76,232.2,0.0,850.08,72.6849237718803
150,ring1_vax_base_ops,1755.8,792.66,1500.76,850.08,6.754658385093176
150,ring1_vax_enh_ops,425.76,187.8,3633.94,850.08,77.90796160361377
150,comm_base_20,840.58,374.0,20000.0,767.16,51.24876166640597
150,comm_base_40,477.92,205.56,40000.0,767.16,73.20506804317222
150,comm_base_60,289.18,118.3,60000.0,767.16,84.5794879816466
150,comm_base_80,210.84,81.02,80000.0,767.16,89.43896970644977
149,no_vax_base_ops,2243.62,1021.62,0.0,1021.62,0.0
149,vax_base_ops,1789.32,802.26,7580.48,1021.62,21.47178011393669
149,no_vax_enh_ops,315.1,144.36,0.0,1021.62,85.86950138016093
149,vax_enh_ops,291.3,131.5,8279.3,1021.62,87.12828644701553
149,incremental_ring_vax,291.3,131.5,8279.3,144.36,8.908284843446946
149,no_vax_ring1_base_ops,2650.2,1207.98,0.0,1021.62,-18.24161625653374
149,no_vax_ring1_enh_ops,361.48,165.06,0.0,1207.98,86.33586648785575
149,ring1_vax_base_ops,2344.96,1058.82,2790.02,1207.98,12.347886554413158
149,ring1_vax_enh_ops,304.34,135.34,2878.5,1207.98,88.79617212205501
149,comm_base_20,1138.24,503.04,20000.0,1021.62,50.760556762788504
149,comm_base_40,632.5,267.48,40000.0,1021.62,73.81805367945029
149,comm_base_60,387.4,157.8,60000.0,1021.62,84.55394373641863
149,comm_base_80,276.84,105.28,80000.0,1021.62,89.69479845735205
152,no_vax_base_ops,1737.64,793.16,0.0,793.16,0.0
152,vax_base_ops,1381.28,617.68,7474.14,793.16,22.124161581522014
152,no_vax_enh_ops,259.62,118.54,0.0,793.16,85.05471783751072
152,vax_enh_ops,242.12,108.9,8221.9,793.16,86.27010943567502
152,incremental_ring_vax,242.12,108.9,8221.9,118.54,8.132276024970473
152,no_vax_ring1_base_ops,2068.26,943.22,0.0,793.16,-18.919259670180047
152,no_vax_ring1_enh_ops,288.34,132.26,0.0,943.22,85.9778206568987
152,ring1_vax_base_ops,1793.26,808.92,2459.52,943.22,14.238459744280238
152,ring1_vax_enh_ops,240.04,106.66,2428.68,943.22,88.69192765208541
152,comm_base_20,944.42,418.7,20000.0,793.16,47.211155378486055
152,comm_base_40,533.56,229.3,40000.0,793.16,71.09032225528266
152,comm_base_60,327.82,133.26,60000.0,793.16,83.19885016894447
152,comm_base_80,228.62,88.16,80000.0,793.16,88.88496646326088
151,no_vax_base_ops,2032.66,921.48,0.0,921.48,0.0
151,vax_base_ops,1762.46,785.94,7250.94,921.48,14.708946477405908
151,no_vax_enh_ops,345.68,156.78,0.0,921.48,82.98606589399661
151,vax_enh_ops,330.24,147.82,8080.34,921.48,83.95841472413944
151,incremental_ring_vax,330.24,147.82,8080.34,156.78,5.715014670238556
151,no_vax_ring1_base_ops,2470.2,1118.4,0.0,921.48,-21.369970048183365
151,no_vax_ring1_enh_ops,507.48,229.46,0.0,1118.4,79.48319027181688
151,ring1_vax_base_ops,2282.74,1025.66,2499.84,1118.4,8.29220314735336
151,ring1_vax_enh_ops,441.52,192.58,4420.1,1118.4,82.7807582260372
151,comm_base_20,1272.1,558.42,20000.0,921.48,39.39966141424665
151,comm_base_40,801.3,338.6,40000.0,921.48,63.2547640751834
151,comm_base_60,535.02,214.2,60000.0,921.48,76.75478577939836
151,comm_base_80,385.88,145.52,80000.0,921.48,84.2080131961627
153,no_vax_base_ops,1844.32,835.62,0.0,835.62,0.0
153,vax_base_ops,1551.76,693.14,6779.9,835.62,17.05081257030708
153,no_vax_enh_ops,431.94,193.92,0.0,835.62,76.79327924176062
153,vax_enh_ops,395.0,175.5,8026.22,835.62,78.99763050190278
153,incremental_ring_vax,395.0,175.5,8026.22,193.92,9.498762376237618
153,no_vax_ring1_base_ops,2115.92,958.1,0.0,835.62,-14.657380148871498
153,no_vax_ring1_enh_ops,643.96,290.18,0.0,958.1,69.71297359357061
153,ring1_vax_base_ops,2001.6,902.32,1441.16,958.1,5.821939254775073
153,ring1_vax_enh_ops,542.52,236.96,3469.24,958.1,75.26771735726959
153,comm_base_20,942.58,414.04,20000.0,835.62,50.45116201144061
153,comm_base_40,511.6,216.04,40000.0,835.62,74.14614298365287
153,comm_base_60,338.1,134.68,60000.0,835.62,83.8826260740528
153,comm_base_80,238.68,89.2,80000.0,835.62,89.3252914003973
154,no_vax_base_ops,1528.76,693.3,0.0,693.3,0.0
154,vax_base_ops,1335.32,593.86,7183.22,693.3,14.342997259483623
154,no_vax_enh_ops,312.68,141.9,0.0,693.3,79.53266983989616
154,vax_enh_ops,293.06,131.32,8132.3,693.3,81.05870474542046
154,incremental_ring_vax,293.06,131.32,8132.3,141.9,7.4559548978153725
154,no_vax_ring1_base_ops,1795.24,813.64,0.0,693.3,-17.357565267560947
154,no_vax_ring1_enh_ops,397.62,180.54,0.0,813.64,77.81082542647854
154,ring1_vax_base_ops,1632.44,733.16,1975.68,813.64,9.891352440882947
154,ring1_vax_enh_ops,341.24,150.44,3321.58,813.64,81.5102502335185
154,comm_base_20,981.08,431.24,20000.0,693.3,37.79893264099235
154,comm_base_40,635.9,270.34,40000.0,693.3,61.00677917207558
154,comm_base_60,444.22,179.12,60000.0,693.3,74.16414250685129
154,comm_base_80,323.62,124.56,80000.0,693.3,82.03375162267417
155,no_vax_base_ops,2382.7,1080.12,0.0,1080.12,0.0
155,vax_base_ops,1878.8,837.14,7552.44,1080.12,22.495648631633514
155,no_vax_enh_ops,357.26,161.68,0.0,1080.12,85.03129281931636
155,vax_enh_ops,325.38,145.56,8140.28,1080.12,86.5237195867126
155,incremental_ring_vax,325.38,145.56,8140.28,161.68,9.97031172686789
155,no_vax_ring1_base_ops,2826.18,1281.64,0.0,1080.12,-18.65718623856611
155,no_vax_ring1_enh_ops,493.46,223.18,0.0,1281.64,82.58637370868574
155,ring1_vax_base_ops,2541.42,1142.12,3563.96,1281.64,10.886052245560393
155,ring1_vax_enh_ops,401.18,175.92,3609.84,1281.64,86.27383664679628
155,comm_base_20,1088.76,479.02,20000.0,1080.12,55.65122393808095
155,comm_base_40,574.64,242.98,40000.0,1080.12,77.50435136836647
155,comm_base_60,342.5,138.38,60000.0,1080.12,87.18846054142132
155,comm_base_80,235.0,88.0,80000.0,1080.12,91.85275710106283
156,no_vax_base_ops,2830.1,1289.76,0.0,1289.76,0.0
156,vax_base_ops,2399.0,1076.52,7497.0,1289.76,16.533308522515817
156,no_vax_enh_ops,371.34,168.26,0.0,1289.76,86.95416201463838
156,vax_enh_ops,351.58,157.3,8200.52,1289.76,87.80393251457636
156,incremental_ring_vax,351.58,157.3,8200.52,168.26,6.5137287531201595
156,no_vax_ring1_base_ops,3573.02,1625.12,0.0,1289.76,-26.001736757226144
156,no_vax_ring1_enh_ops,508.46,230.66,0.0,1625.12,85.80658659052868
156,ring1_vax_base_ops,3186.02,1435.78,3443.24,1625.12,11.650831938564533
156,ring1_vax_enh_ops,439.2,192.32,3966.16,1625.12,88.1657969872994
156,comm_base_20,1433.16,633.14,20000.0,1289.76,50.91024686763429
156,comm_base_40,809.92,341.68,40000.0,1289.76,73.50824959682421
156,comm_base_60,498.56,198.86,60000.0,1289.76,84.5816275896291
156,comm_base_80,337.96,127.72,80000.0,1289.76,90.09738245875202
159,no_vax_base_ops,1465.62,661.6,0.0,661.6,0.0
159,vax_base_ops,1279.62,569.2,7177.18,661.6,13.966142684401447
159,no_vax_enh_ops,265.32,119.96,0.0,661.6,81.86819830713422
159,vax_enh_ops,246.74,109.68,8076.92,661.6,83.42200725513906
159,incremental_ring_vax,246.74,109.68,8076.92,119.96,8.569523174391453
159,no_vax_ring1_base_ops,1631.58,736.3,0.0,661.6,-11.290810157194668
159,no_vax_ring1_enh_ops,310.94,140.38,0.0,736.3,80.93440173842184
159,ring1_vax_base_ops,1572.68,702.38,2019.32,736.3,4.606817873149526
159,ring1_vax_enh_ops,277.22,120.68,3017.06,736.3,83.60994159989133
159,comm_base_20,967.16,422.74,20000.0,661.6,36.103385731559854
159,comm_base_40,649.3,272.82,40000.0,661.6,58.76360338573156
159,comm_base_60,464.26,186.02,60000.0,661.6,71.8833131801693
159,comm_base_80,329.24,124.66,80000.0,661.6,81.15779927448611
157,no_vax_base_ops,2439.32,1107.68,0.0,1107.68,0.0
157,vax_base_ops,2048.64,918.48,7550.38,1107.68,17.08074534161491
157,no_vax_enh_ops,363.74,165.16,0.0,1107.68,85.08955655062834
157,vax_enh_ops,342.8,154.06,8134.54,1107.68,86.09165101834466
157,incremental_ring_vax,342.8,154.06,8134.54,165.16,6.720755630903364
157,no_vax_ring1_base_ops,3061.94,1390.5,0.0,1107.68,-25.532644807164516
157,no_vax_ring1_enh_ops,577.04,260.2,0.0,1390.5,81.28730672419992
157,ring1_vax_base_ops,2657.34,1193.74,3274.1,1390.5,14.150305645451276
157,ring1_vax_enh_ops,479.94,209.88,5133.6,1390.5,84.9061488673139
157,comm_base_20,1346.54,590.5,20000.0,1107.68,46.69037989310993
157,comm_base_40,753.46,316.28,40000.0,1107.68,71.4466271847465
157,comm_base_60,464.36,187.1,60000.0,1107.68,83.10884009822331
157,comm_base_80,323.42,122.48,80000.0,1107.68,88.94265491838797
160,no_vax_base_ops,2129.52,965.36,0.0,965.36,0.0
160,vax_base_ops,1891.68,842.4,7303.12,965.36,12.737217203944645
160,no_vax_enh_ops,379.94,172.14,0.0,965.36,82.16831026767217
160,vax_enh_ops,357.46,159.64,8078.06,965.36,83.46316400099445
160,incremental_ring_vax,357.46,159.64,8078.06,172.14,7.261531311723017
160,no_vax_ring1_base_ops,2614.76,1185.0,0.0,965.36,-22.752133918952516
160,no_vax_ring1_enh_ops,529.08,240.06,0.0,1185.0,79.74177215189873
160,ring1_vax_base_ops,2360.74,1062.04,2550.18,1185.0,10.37637130801688
160,ring1_vax_enh_ops,464.64,204.12,3605.34,1185.0,82.7746835443038
160,comm_base_20,1224.76,537.48,20000.0,965.36,44.32336123311511
160,comm_base_40,744.84,313.92,40000.0,965.36,67.4815612828375
160,comm_base_60,469.2,187.22,60000.0,965.36,80.60619872379216
160,comm_base_80,328.84,124.1,80000.0,965.36,87.14469213557636
161,no_vax_base_ops,1444.48,650.44,0.0,650.44,0.0
161,vax_base_ops,1256.72,557.28,7119.7,650.44,14.32261238546216
161,no_vax_enh_ops,380.74,171.32,0.0,650.44,73.66090646331715
161,vax_enh_ops,361.76,160.36,7963.26,650.44,75.34591968513622
161,incremental_ring_vax,361.76,160.36,7963.26,171.32,6.3973850105066425
161,no_vax_ring1_base_ops,1657.96,748.2,0.0,650.44,-15.029825963962855
161,no_vax_ring1_enh_ops,562.6,253.22,0.0,748.2,66.15610799251536
161,ring1_vax_base_ops,1521.88,680.4,1795.36,748.2,9.061748195669617
161,ring1_vax_enh_ops,481.2,209.48,3754.38,748.2,72.00213846565089
161,comm_base_20,850.54,373.56,20000.0,650.44,42.56810774245127
161,comm_base_40,501.04,213.08,40000.0,650.44,67.24063710718897
161,comm_base_60,325.0,129.7,60000.0,650.44,80.0596519279257
161,comm_base_80,229.44,85.36,80000.0,650.44,86.87657585634341
158,no_vax_base_ops,2719.96,1236.72,0.0,1236.72,0.0
158,vax_base_ops,2372.5,1067.8,7559.76,1236.72,13.658710136490075
158,no_vax_enh_ops,440.12,200.96,0.0,1236.72,83.75056601332557
158,vax_enh_ops,419.66,189.48,8127.66,1236.72,84.67882786726179
158,incremental_ring_vax,419.66,189.48,8127.66,200.96,5.712579617834404
158,no_vax_ring1_base_ops,3372.3,1534.68,0.0,1236.72,-24.092761498156417
158,no_vax_ring1_enh_ops,673.44,305.68,0.0,1534.68,80.081841165585
158,ring1_vax_base_ops,3123.32,1407.76,3666.98,1534.68,8.270127974561477
158,ring1_vax_enh_ops,603.46,269.44,5854.64,1534.68,82.44324549743268
158,comm_base_20,1612.7,712.38,20000.0,1236.72,42.397632447118184
158,comm_base_40,1028.68,435.76,40000.0,1236.72,64.76486189274856
158,comm_base_60,677.98,276.98,60000.0,1236.72,77.60366129762598
158,comm_base_80,485.9,188.78,80000.0,1236.72,84.73542919981887
162,no_vax_base_ops,2315.06,1048.5,0.0,1048.5,0.0
162,vax_base_ops,1963.56,875.8,7407.24,1048.5,16.471149260848836
162,no_vax_enh_ops,398.2,180.98,0.0,1048.5,82.73915116833572
162,vax_enh_ops,362.86,162.36,8051.54,1048.5,84.51502145922747
162,incremental_ring_vax,362.86,162.36,8051.54,180.98,10.28842966073598
162,no_vax_ring1_base_ops,2818.22,1274.7,0.0,1048.5,-21.57367668097282
162,no_vax_ring1_enh_ops,598.84,272.08,0.0,1274.7,78.65536989095474
162,ring1_vax_base_ops,2702.88,1211.56,3099.06,1274.7,4.953322350356954
162,ring1_vax_enh_ops,529.4,233.12,4568.34,1274.7,81.71177531968306
162,comm_base_20,1385.98,605.86,20000.0,1048.5,42.21649976156414
162,comm_base_40,910.32,384.4,40000.0,1048.5,63.3381020505484
162,comm_base_60,589.48,237.7,60000.0,1048.5,77.32951835956128
162,comm_base_80,412.18,157.4,80000.0,1048.5,84.98807820696233
163,no_vax_base_ops,1925.56,874.52,0.0,874.52,0.0
163,vax_base_ops,1670.24,746.86,6966.8,874.52,14.597722179023918
163,no_vax_enh_ops,328.14,149.04,0.0,874.52,82.95750811873943
163,vax_enh_ops,294.74,131.58,8041.68,874.52,84.95403192608516
163,incremental_ring_vax,294.74,131.58,8041.68,149.04,11.714975845410615
163,no_vax_ring1_base_ops,2294.14,1042.06,0.0,874.52,-19.1579380688835
163,no_vax_ring1_enh_ops,438.74,199.82,0.0,1042.06,80.82452066099842
163,ring1_vax_base_ops,2105.98,950.04,1936.72,1042.06,8.83058557088843
163,ring1_vax_enh_ops,378.38,166.14,2989.08,1042.06,84.05658023530316
163,comm_base_20,1089.54,479.7,20000.0,874.52,45.147052097150436
163,comm_base_40,609.88,257.26,40000.0,874.52,70.58271966335819
163,comm_base_60,402.98,160.98,60000.0,874.52,81.59218771440334
163,comm_base_80,270.52,101.26,80000.0,874.52,88.42107670493527
165,no_vax_base_ops,2172.84,991.6,0.0,991.6,0.0
165,vax_base_ops,1719.94,774.16,7482.3,991.6,21.928196853569993
165,no_vax_enh_ops,402.16,181.44,0.0,991.6,81.70229931423962
165,vax_enh_ops,374.2,167.02,8101.24,991.6,83.1565147236789
165,incremental_ring_vax,374.2,167.02,8101.24,181.44,7.947530864197524
165,no_vax_ring1_base_ops,2584.46,1177.5,0.0,991.6,-18.747478822105684
165,no_vax_ring1_enh_ops,648.82,293.72,0.0,1177.5,75.0556263269639
165,ring1_vax_base_ops,2271.82,1025.36,2680.78,1177.5,12.920594479830157
165,ring1_vax_enh_ops,517.68,226.92,4798.36,1177.5,80.72866242038216
165,comm_base_20,1027.84,453.76,20000.0,991.6,54.239612747075434
165,comm_base_40,551.8,233.52,40000.0,991.6,76.45018152480839
165,comm_base_60,342.64,137.8,60000.0,991.6,86.10326744655103
165,comm_base_80,236.44,89.74,80000.0,991.6,90.94997983057684
167,no_vax_base_ops,1332.9,605.1,0.0,605.1,0.0
167,vax_base_ops,1109.48,494.1,7395.92,605.1,18.34407535944472
167,no_vax_enh_ops,310.56,141.2,0.0,605.1,76.66501404726492
167,vax_enh_ops,288.6,129.34,8102.88,605.1,78.62502065774252
167,incremental_ring_vax,288.6,129.34,8102.88,141.2,8.39943342776203
167,no_vax_ring1_base_ops,1486.0,674.36,0.0,605.1,-11.446041976532802
167,no_vax_ring1_enh_ops,409.36,185.32,0.0,674.36,72.51912924847262
167,ring1_vax_base_ops,1334.28,599.64,1839.84,674.36,11.080135239338043
167,ring1_vax_enh_ops,350.96,154.08,3158.92,674.36,77.15166973130079
167,comm_base_20,816.22,357.06,20000.0,605.1,40.99157164105107
167,comm_base_40,516.4,217.48,40000.0,605.1,64.05883325070236
167,comm_base_60,363.16,147.24,60000.0,605.1,75.66683192860684
167,comm_base_80,270.42,103.84,80000.0,605.1,82.83920013220956
164,no_vax_base_ops,2926.24,1325.04,0.0,1325.04,0.0
164,vax_base_ops,2668.34,1190.26,7414.12,1325.04,10.171768399444543
164,no_vax_enh_ops,377.08,168.76,0.0,1325.04,87.26378071605386
164,vax_enh_ops,361.66,160.24,8170.88,1325.04,87.90678017267403
164,incremental_ring_vax,361.66,160.24,8170.88,168.76,5.04858971320217
164,no_vax_ring1_base_ops,3794.06,1716.9,0.0,1325.04,-29.57344683934071
164,no_vax_ring1_enh_ops,478.96,214.92,0.0,1716.9,87.48208981303512
164,ring1_vax_base_ops,3530.7,1587.74,3091.68,1716.9,7.522860970353548
164,ring1_vax_enh_ops,433.8,189.88,3461.98,1716.9,88.94053235482555
164,comm_base_20,1793.98,784.5,20000.0,1325.04,40.79424017388155
164,comm_base_40,1119.62,468.76,40000.0,1325.04,64.62295477872367
164,comm_base_60,737.14,296.76,60000.0,1325.04,77.60369498279297
164,comm_base_80,522.52,197.76,80000.0,1325.04,85.07516754211194
169,no_vax_base_ops,1285.7,583.08,0.0,583.08,0.0
169,vax_base_ops,1120.96,499.66,7191.42,583.08,14.306784660766963
169,no_vax_enh_ops,340.2,155.18,0.0,583.08,73.38615627358166
169,vax_enh_ops,312.48,140.46,8032.96,583.08,75.91068121012553
169,incremental_ring_vax,312.48,140.46,8032.96,155.18,9.485758474030158
169,no_vax_ring1_base_ops,1445.98,654.5,0.0,583.08,-12.248748027714885
169,no_vax_ring1_enh_ops,494.98,225.38,0.0,654.5,65.56455309396486
169,ring1_vax_base_ops,1342.94,604.2,1773.84,654.5,7.6852559205500315
169,ring1_vax_enh_ops,423.16,186.92,3761.14,654.5,71.44079449961804
169,comm_base_20,837.64,368.24,20000.0,583.08,36.8457158537422
169,comm_base_40,551.94,234.04,40000.0,583.08,59.8614255333745
169,comm_base_60,398.68,160.66,60000.0,583.08,72.4463195444879
169,comm_base_80,290.18,112.22,80000.0,583.08,80.75392741990807
166,no_vax_base_ops,1945.36,876.6,0.0,876.6,0.0
166,vax_base_ops,1662.6,737.56,7541.12,876.6,15.861282226785315
166,no_vax_enh_ops,406.28,180.78,0.0,876.6,79.37713894592744
166,vax_enh_ops,398.3,175.32,8075.32,876.6,80.0
166,incremental_ring_vax,398.3,175.32,8075.32,180.78,3.0202456023896493
166,no_vax_ring1_base_ops,2344.42,1058.78,0.0,876.6,-20.782569016655255
166,no_vax_ring1_enh_ops,654.26,293.84,0.0,1058.78,72.24730350025501
166,ring1_vax_base_ops,2081.22,931.36,2958.72,1058.78,12.03460586713009
166,ring1_vax_enh_ops,582.6,254.16,4888.82,1058.78,75.9950131283175
166,comm_base_20,1235.78,539.06,20000.0,876.6,38.5055897786904
166,comm_base_40,810.52,339.44,40000.0,876.6,61.277663700661655
166,comm_base_60,536.66,215.24,60000.0,876.6,75.44604152407027
166,comm_base_80,389.44,146.0,80000.0,876.6,83.34474104494637
168,no_vax_base_ops,2025.98,916.74,0.0,916.74,0.0
168,vax_base_ops,1785.58,795.72,7468.7,916.74,13.201125728123566
168,no_vax_enh_ops,415.1,187.52,0.0,916.74,79.54490913454197
168,vax_enh_ops,387.46,171.78,8154.74,916.74,81.26186268734865
168,incremental_ring_vax,387.46,171.78,8154.74,187.52,8.393771331058025
168,no_vax_ring1_base_ops,2496.98,1130.6,0.0,916.74,-23.32831555293757
168,no_vax_ring1_enh_ops,607.76,274.8,0.0,1130.6,75.6943215991509
168,ring1_vax_base_ops,2261.16,1013.54,2631.2,1130.6,10.353794445427203
168,ring1_vax_enh_ops,499.28,217.4,4212.3,1130.6,80.77127189103132
168,comm_base_20,1118.22,492.14,20000.0,916.74,46.316294696424286
168,comm_base_40,647.16,271.88,40000.0,916.74,70.34273621746624
168,comm_base_60,426.4,170.74,60000.0,916.74,81.3753081571656
168,comm_base_80,289.9,111.18,80000.0,916.74,87.8722429478369
171,no_vax_base_ops,1725.86,782.76,0.0,782.76,0.0
171,vax_base_ops,1430.82,637.04,7411.62,782.76,18.616178649905468
171,no_vax_enh_ops,315.56,145.82,0.0,782.76,81.37104604220963
171,vax_enh_ops,286.72,131.14,8142.48,782.76,83.24646123971588
171,incremental_ring_vax,286.72,131.14,8142.48,145.82,10.067206144561794
171,no_vax_ring1_base_ops,1965.78,893.08,0.0,782.76,-14.09371965864378
171,no_vax_ring1_enh_ops,395.2,181.48,0.0,893.08,79.67931204371389
171,ring1_vax_base_ops,1832.76,824.92,2282.94,893.08,7.632015049043767
171,ring1_vax_enh_ops,348.62,156.44,3034.1,893.08,82.48309222018186
171,comm_base_20,1023.36,448.86,20000.0,782.76,42.65675302774797
171,comm_base_40,650.8,277.08,40000.0,782.76,64.60217691246359
171,comm_base_60,430.64,176.38,60000.0,782.76,77.46691195257806
171,comm_base_80,313.52,122.98,80000.0,782.76,84.28892636312536
170,no_vax_base_ops,3013.66,1364.36,0.0,1364.36,0.0
170,vax_base_ops,2670.78,1193.16,7272.54,1364.36,12.548007857163785
170,no_vax_enh_ops,282.32,129.76,0.0,1364.36,90.48931367087864
170,vax_enh_ops,269.84,122.48,8224.84,1364.36,91.02289718256178
170,incremental_ring_vax,269.84,122.48,8224.84,129.76,5.610357583230569
170,no_vax_ring1_base_ops,3925.58,1776.28,0.0,1364.36,-30.191445073147857
170,no_vax_ring1_enh_ops,340.12,156.42,0.0,1776.28,91.19395590785237
170,ring1_vax_base_ops,3739.06,1679.7,3601.38,1776.28,5.437205845925188
170,ring1_vax_enh_ops,303.06,135.62,3299.76,1776.28,92.36494246402594
170,comm_base_20,1894.98,831.04,20000.0,1364.36,39.089389897094605
170,comm_base_40,1152.16,490.1,40000.0,1364.36,64.0783957313319
170,comm_base_60,742.34,302.2,60000.0,1364.36,77.85042071007652
170,comm_base_80,523.56,202.66,80000.0,1364.36,85.14614911020551
172,no_vax_base_ops,2276.38,1036.84,0.0,1036.84,0.0
172,vax_base_ops,1973.68,887.28,6846.72,1036.84,14.424597816442263
172,no_vax_enh_ops,434.82,198.78,0.0,1036.84,80.82828594575827
172,vax_enh_ops,402.94,181.64,7950.1,1036.84,82.4813857490066
172,incremental_ring_vax,402.94,181.64,7950.1,198.78,8.622597846865888
172,no_vax_ring1_base_ops,2690.92,1223.7,0.0,1036.84,-18.02206704988235
172,no_vax_ring1_enh_ops,724.44,333.14,0.0,1223.7,72.77600719130506
172,ring1_vax_base_ops,2490.3,1125.58,1824.34,1223.7,8.018305140148739
172,ring1_vax_enh_ops,616.44,273.46,4937.3,1223.7,77.65301953093078
172,comm_base_20,1178.34,524.06,20000.0,1036.84,49.45603950464874
172,comm_base_40,628.36,269.32,40000.0,1036.84,74.02492187801397
172,comm_base_60,376.8,152.22,60000.0,1036.84,85.31885343929632
172,comm_base_80,255.26,97.5,80000.0,1036.84,90.59642760695961
174,no_vax_base_ops,2482.46,1127.5,0.0,1127.5,0.0
174,vax_base_ops,2001.08,897.78,7212.9,1127.5,20.374279379157432
174,no_vax_enh_ops,316.08,143.94,0.0,1127.5,87.23370288248337
174,vax_enh_ops,289.18,129.96,8123.5,1127.5,88.47361419068736
174,incremental_ring_vax,289.18,129.96,8123.5,143.94,9.712380158399327
174,no_vax_ring1_base_ops,2970.74,1346.74,0.0,1127.5,-19.44478935698448
174,no_vax_ring1_enh_ops,429.42,193.86,0.0,1346.74,85.60523931865097
174,ring1_vax_base_ops,2729.98,1230.28,2506.3,1346.74,8.647548895852209
174,ring1_vax_enh_ops,353.76,154.64,3513.32,1346.74,88.51745697016499
174,comm_base_20,1177.6,523.04,20000.0,1127.5,53.61064301552106
174,comm_base_40,602.24,257.46,40000.0,1127.5,77.16541019955655
174,comm_base_60,367.92,148.92,60000.0,1127.5,86.7920177383592
174,comm_base_80,242.26,91.86,80000.0,1127.5,91.85277161862528
173,no_vax_base_ops,1944.84,873.9,0.0,873.9,0.0
173,vax_base_ops,1656.76,734.76,7390.94,873.9,15.921730175077238
173,no_vax_enh_ops,470.64,211.52,0.0,873.9,75.79585764961666
173,vax_enh_ops,434.4,193.16,7975.64,873.9,77.89678452912233
173,incremental_ring_vax,434.4,193.16,7975.64,211.52,8.680030257186088
173,no_vax_ring1_base_ops,2280.7,1025.8,0.0,873.9,-17.381851470419956
173,no_vax_ring1_enh_ops,828.2,372.82,0.0,1025.8,63.6556833690778
173,ring1_vax_base_ops,2075.36,925.08,2442.98,1025.8,9.818678104893733
173,ring1_vax_enh_ops,708.82,310.98,5317.14,1025.8,69.68414895691168
173,comm_base_20,1044.6,456.42,20000.0,873.9,47.772056299347746
173,comm_base_40,605.7,254.2,40000.0,873.9,70.91200366174621
173,comm_base_60,377.64,150.56,60000.0,873.9,82.77148415150474
173,comm_base_80,261.44,98.82,80000.0,873.9,88.69207003089599
175,no_vax_base_ops,2396.12,1088.64,0.0,1088.64,0.0
175,vax_base_ops,2019.0,903.74,7523.28,1088.64,16.984494415049976
175,no_vax_enh_ops,346.68,156.54,0.0,1088.64,85.62059082892416
175,vax_enh_ops,318.64,142.68,8166.18,1088.64,86.8937389770723
175,incremental_ring_vax,318.64,142.68,8166.18,156.54,8.853967037178988
175,no_vax_ring1_base_ops,2964.66,1346.68,0.0,1088.64,-23.702968841857725
175,no_vax_ring1_enh_ops,492.7,222.66,0.0,1346.68,83.46600528707636
175,ring1_vax_base_ops,2698.68,1215.34,3236.16,1346.68,9.752873733923437
175,ring1_vax_enh_ops,391.3,171.28,4167.66,1346.68,87.2813140463956
175,comm_base_20,1268.32,559.18,20000.0,1088.64,48.634994121105244
175,comm_base_40,663.04,281.22,40000.0,1088.64,74.16776895943562
175,comm_base_60,409.74,164.58,60000.0,1088.64,84.88205467372133
175,comm_base_80,276.98,105.42,80000.0,1088.64,90.31635802469137
176,no_vax_base_ops,2385.82,1083.78,0.0,1083.78,0.0
176,vax_base_ops,1996.5,891.14,7558.62,1083.78,17.774825149015484
176,no_vax_enh_ops,370.7,168.24,0.0,1083.78,84.4765542822344
176,vax_enh_ops,344.22,154.08,8221.1,1083.78,85.78309250954992
176,incremental_ring_vax,344.22,154.08,8221.1,168.24,8.416547788873036
176,no_vax_ring1_base_ops,2952.98,1339.64,0.0,1083.78,-23.60811234752442
176,no_vax_ring1_enh_ops,451.2,204.22,0.0,1339.64,84.75560598369711
176,ring1_vax_base_ops,2774.54,1251.54,2791.16,1339.64,6.576393657997682
176,ring1_vax_enh_ops,399.52,175.5,3332.14,1339.64,86.89946552805232
176,comm_base_20,1333.0,583.54,20000.0,1083.78,46.156969126575504
176,comm_base_40,804.32,338.54,40000.0,1083.78,68.76303308789608
176,comm_base_60,521.28,210.34,60000.0,1083.78,80.59200206684014
176,comm_base_80,369.66,141.34,80000.0,1083.78,86.95860783553859
178,no_vax_base_ops,2587.78,1176.76,0.0,1176.76,0.0
178,vax_base_ops,2183.24,977.48,7494.98,1176.76,16.934634080016313
178,no_vax_enh_ops,290.6,132.44,0.0,1176.76,88.74536863931473
178,vax_enh_ops,272.32,122.34,8237.74,1176.76,89.60365750025494
178,incremental_ring_vax,272.32,122.34,8237.74,132.44,7.626094835397157
178,no_vax_ring1_base_ops,3104.7,1409.22,0.0,1176.76,-19.75424045684762
178,no_vax_ring1_enh_ops,335.28,153.0,0.0,1409.22,89.14293013156214
178,ring1_vax_base_ops,2912.86,1310.32,3027.9,1409.22,7.018066731951015
178,ring1_vax_enh_ops,281.22,124.5,2756.82,1409.22,91.16532549921233
178,comm_base_20,1368.62,602.76,20000.0,1176.76,48.778000611849485
178,comm_base_40,799.54,338.14,40000.0,1176.76,71.26516876848295
178,comm_base_60,483.88,193.52,60000.0,1176.76,83.55484550800503
178,comm_base_80,325.5,124.74,80000.0,1176.76,89.39970767191271
177,no_vax_base_ops,4036.22,1832.42,0.0,1832.42,0.0
177,vax_base_ops,3498.66,1568.26,7281.24,1832.42,14.415909016491856
177,no_vax_enh_ops,435.72,197.38,0.0,1832.42,89.22845199244715
177,vax_enh_ops,410.88,184.46,8192.9,1832.42,89.93353052247846
177,incremental_ring_vax,410.88,184.46,8192.9,197.38,6.545749316040119
177,no_vax_ring1_base_ops,5349.12,2433.38,0.0,1832.42,-32.79597472195239
177,no_vax_ring1_enh_ops,693.38,313.5,0.0,2433.38,87.11668543343004
177,ring1_vax_base_ops,4917.28,2218.84,3681.64,2433.38,8.816543244376133
177,ring1_vax_enh_ops,589.44,261.0,5785.76,2433.38,89.27417830342979
177,comm_base_20,2015.4,885.82,20000.0,1832.42,51.65846257953962
177,comm_base_40,1059.48,446.86,40000.0,1832.42,75.6136693552788
177,comm_base_60,614.5,246.7,60000.0,1832.42,86.53692930660002
177,comm_base_80,400.74,151.3,80000.0,1832.42,91.74315931937001
179,no_vax_base_ops,2203.18,995.06,0.0,995.06,0.0
179,vax_base_ops,1816.5,805.78,7677.06,995.06,19.02196852451108
179,no_vax_enh_ops,381.52,170.96,0.0,995.06,82.81912648483508
179,vax_enh_ops,354.02,157.28,8191.72,995.06,84.1939179546962
179,incremental_ring_vax,354.02,157.28,8191.72,170.96,8.00187178287319
179,no_vax_ring1_base_ops,2654.68,1200.98,0.0,995.06,-20.69422949369888
179,no_vax_ring1_enh_ops,561.52,251.32,0.0,1200.98,79.07375643224701
179,ring1_vax_base_ops,2242.5,1002.98,3246.0,1200.98,16.48653599560359
179,ring1_vax_enh_ops,477.14,207.0,4863.5,1200.98,82.76407600459625
179,comm_base_20,1079.56,473.4,20000.0,995.06,52.424979398227244
179,comm_base_40,601.74,254.06,40000.0,995.06,74.46787128414367
179,comm_base_60,370.1,148.76,60000.0,995.06,85.05014772978514
179,comm_base_80,256.18,98.5,80000.0,995.06,90.10109943119008
181,no_vax_base_ops,1669.28,753.58,0.0,753.58,0.0
181,vax_base_ops,1385.62,615.6,7383.8,753.58,18.30993391544362
181,no_vax_enh_ops,323.66,149.32,0.0,753.58,80.1852490777356
181,vax_enh_ops,288.28,131.58,8135.92,753.58,82.53934552403194
181,incremental_ring_vax,288.28,131.58,8135.92,149.32,11.880525046879175
181,no_vax_ring1_base_ops,1903.26,861.56,0.0,753.58,-14.328936542901868
181,no_vax_ring1_enh_ops,388.4,178.54,0.0,861.56,79.27712521472678
181,ring1_vax_base_ops,1699.32,761.94,1940.46,861.56,11.562746645619562
181,ring1_vax_enh_ops,330.4,147.08,3315.8,861.56,82.92864106968753
181,comm_base_20,915.88,401.76,20000.0,753.58,46.6864831869211
181,comm_base_40,550.82,232.6,40000.0,753.58,69.13400037155975
181,comm_base_60,375.9,152.98,60000.0,753.58,79.69956739828551
181,comm_base_80,267.76,102.96,80000.0,753.58,86.33721701743676
183,no_vax_base_ops,1585.66,723.96,0.0,723.96,0.0
183,vax_base_ops,1371.56,614.22,7064.26,723.96,15.158296038455163
183,no_vax_enh_ops,360.9,165.96,0.0,723.96,77.07608155146693
183,vax_enh_ops,352.64,160.0,7927.58,723.96,77.8993314547765
183,incremental_ring_vax,352.64,160.0,7927.58,165.96,3.5912268016389537
183,no_vax_ring1_base_ops,1812.04,826.64,0.0,723.96,-14.183104038897168
183,no_vax_ring1_enh_ops,603.06,276.58,0.0,826.64,66.54166263427852
183,ring1_vax_base_ops,1663.58,752.78,1834.94,826.64,8.934965644053037
183,ring1_vax_enh_ops,494.92,218.96,3863.64,826.64,73.51204877576696
183,comm_base_20,949.08,421.22,20000.0,723.96,41.817227471131
183,comm_base_40,603.12,257.52,40000.0,723.96,64.4289739764628
183,comm_base_60,395.86,161.0,60000.0,723.96,77.76120227636886
183,comm_base_80,272.36,103.64,80000.0,723.96,85.68429194983149
182,no_vax_base_ops,2709.12,1227.26,0.0,1227.26,0.0
182,vax_base_ops,2301.76,1024.94,7460.16,1227.26,16.4855042941186
182,no_vax_enh_ops,386.14,175.34,0.0,1227.26,85.71288887440315
182,vax_enh_ops,367.44,164.44,8222.84,1227.26,86.60104623307205
182,incremental_ring_vax,367.44,164.44,8222.84,175.34,6.216493669442229
182,no_vax_ring1_base_ops,3190.76,1445.76,0.0,1227.26,-17.80388833661979
182,no_vax_ring1_enh_ops,530.26,238.56,0.0,1445.76,83.49933598937584
182,ring1_vax_base_ops,3030.74,1361.92,2778.1,1445.76,5.799026117751213
182,ring1_vax_enh_ops,470.12,206.0,4252.08,1445.76,85.7514386896857
182,comm_base_20,1589.46,697.02,20000.0,1227.26,43.20518879455046
182,comm_base_40,950.54,399.98,40000.0,1227.26,67.40869905317537
182,comm_base_60,606.9,242.78,60000.0,1227.26,80.2177207763636
182,comm_base_80,456.14,173.76,80000.0,1227.26,85.8416309502469
184,no_vax_base_ops,1659.6,751.24,0.0,751.24,0.0
184,vax_base_ops,1416.66,630.34,7622.12,751.24,16.093392258133218
184,no_vax_enh_ops,375.68,170.96,0.0,751.24,77.24295830892923
184,vax_enh_ops,356.42,160.18,8113.52,751.24,78.67791917363292
184,incremental_ring_vax,356.42,160.18,8113.52,170.96,6.30556855404773
184,no_vax_ring1_base_ops,1981.0,896.12,0.0,751.24,-19.285448059208775
184,no_vax_ring1_enh_ops,563.46,255.48,0.0,896.12,71.49042538945677
184,ring1_vax_base_ops,1785.26,800.12,2706.66,896.12,10.712850957461054
184,ring1_vax_enh_ops,493.46,216.88,4505.2,896.12,75.7978842119359
184,comm_base_20,1008.46,441.36,20000.0,751.24,41.249134763857086
184,comm_base_40,647.08,273.38,40000.0,751.24,63.609498961716625
184,comm_base_60,442.02,178.48,60000.0,751.24,76.2419466482083
184,comm_base_80,321.52,124.28,80000.0,751.24,83.45668494755338
180,no_vax_base_ops,3356.28,1523.62,0.0,1523.62,0.0
180,vax_base_ops,2978.64,1335.24,7262.82,1523.62,12.36397526942413
180,no_vax_enh_ops,466.22,213.04,0.0,1523.62,86.01751092792166
180,vax_enh_ops,443.1,201.4,8137.18,1523.62,86.78148094669274
180,incremental_ring_vax,443.1,201.4,8137.18,213.04,5.463762673676299
180,no_vax_ring1_base_ops,4312.5,1959.56,0.0,1523.62,-28.61212113256587
180,no_vax_ring1_enh_ops,785.94,356.86,0.0,1959.56,81.78876890730571
180,ring1_vax_base_ops,4130.48,1862.98,3163.48,1959.56,4.928657453714096
180,ring1_vax_enh_ops,664.66,293.98,5652.48,1959.56,84.99765253424238
180,comm_base_20,1927.54,845.74,20000.0,1523.62,44.49140861894698
180,comm_base_40,1079.98,455.9,40000.0,1523.62,70.07784093146584
180,comm_base_60,628.9,253.38,60000.0,1523.62,83.36986912747271
180,comm_base_80,440.38,169.24,80000.0,1523.62,88.89224347278193
185,no_vax_base_ops,1526.72,695.56,0.0,695.56,0.0
185,vax_base_ops,1267.66,568.16,7073.9,695.56,18.316176893438378
185,no_vax_enh_ops,395.14,179.14,0.0,695.56,74.245212490655
185,vax_enh_ops,358.74,160.42,8005.86,695.56,76.93656909540515
185,incremental_ring_vax,358.74,160.42,8005.86,179.14,10.449927431059507
185,no_vax_ring1_base_ops,1755.94,796.48,0.0,695.56,-14.509172465351671
185,no_vax_ring1_enh_ops,533.3,241.1,0.0,796.48,69.72930895942146
185,ring1_vax_base_ops,1604.26,723.42,1560.54,796.48,9.172860586580963
185,ring1_vax_enh_ops,455.88,201.62,2799.4,796.48,74.68611892326236
185,comm_base_20,789.02,348.32,20000.0,695.56,49.92236471332451
185,comm_base_40,463.54,196.3,40000.0,695.56,71.77813560296738
185,comm_base_60,288.8,116.14,60000.0,695.56,83.30266260279487
185,comm_base_80,219.9,83.12,80000.0,695.56,88.04991661395134
187,no_vax_base_ops,1412.82,639.52,0.0,639.52,0.0
187,vax_base_ops,1154.28,514.22,7183.94,639.52,19.59281961471103
187,no_vax_enh_ops,315.28,143.86,0.0,639.52,77.50500375281462
187,vax_enh_ops,284.42,128.62,8061.6,639.52,79.88804103077308
187,incremental_ring_vax,284.42,128.62,8061.6,143.86,10.593632698456839
187,no_vax_ring1_base_ops,1619.14,733.1,0.0,639.52,-14.632849637227928
187,no_vax_ring1_enh_ops,432.58,196.4,0.0,733.1,73.20965761833311
187,ring1_vax_base_ops,1448.16,649.18,1851.62,733.1,11.447278679579876
187,ring1_vax_enh_ops,346.28,150.84,3462.78,733.1,79.42436229709453
187,comm_base_20,730.26,322.24,20000.0,639.52,49.61220915686765
187,comm_base_40,423.84,180.52,40000.0,639.52,71.77257943457593
187,comm_base_60,259.16,104.88,60000.0,639.52,83.60020015011258
187,comm_base_80,183.46,69.88,80000.0,639.52,89.07305479109333
186,no_vax_base_ops,3153.84,1439.82,0.0,1439.82,0.0
186,vax_base_ops,2641.48,1189.68,7148.46,1439.82,17.373004958953192
186,no_vax_enh_ops,373.18,170.64,0.0,1439.82,88.14851856482059
186,vax_enh_ops,342.62,154.1,8079.32,1439.82,89.2972732702699
186,incremental_ring_vax,342.62,154.1,8079.32,170.64,9.692920768870131
186,no_vax_ring1_base_ops,4033.78,1837.9,0.0,1439.82,-27.647900431998455
186,no_vax_ring1_enh_ops,503.44,229.9,0.0,1837.9,87.49115838728984
186,ring1_vax_base_ops,3603.84,1628.16,3095.42,1837.9,11.411937537406823
186,ring1_vax_enh_ops,419.5,184.66,3521.76,1837.9,89.95266336579792
186,comm_base_20,1407.12,624.26,20000.0,1439.82,56.64319151004987
186,comm_base_40,719.84,304.32,40000.0,1439.82,78.86402466975039
186,comm_base_60,414.64,167.78,60000.0,1439.82,88.3471545054243
186,comm_base_80,267.2,101.32,80000.0,1439.82,92.96300926504702
189,no_vax_base_ops,2469.54,1125.38,0.0,1125.38,0.0
189,vax_base_ops,2035.48,914.68,7540.0,1125.38,18.72256482254884
189,no_vax_enh_ops,414.34,188.3,0.0,1125.38,83.26787396257265
189,vax_enh_ops,395.16,177.2,8118.38,1125.38,84.25420746769979
189,incremental_ring_vax,395.16,177.2,8118.38,188.3,5.894848645778025
189,no_vax_ring1_base_ops,3151.7,1432.24,0.0,1125.38,-27.267234178677413
189,no_vax_ring1_enh_ops,646.78,293.88,0.0,1432.24,79.48109255432051
189,ring1_vax_base_ops,2815.24,1267.4,3577.38,1432.24,11.509244260738418
189,ring1_vax_enh_ops,522.98,229.66,4840.28,1432.24,83.96497793665866
189,comm_base_20,1243.76,552.74,20000.0,1125.38,50.88414579964101
189,comm_base_40,639.74,272.62,40000.0,1125.38,75.77529367857969
189,comm_base_60,370.4,150.42,60000.0,1125.38,86.63384812241199
189,comm_base_80,256.54,97.44,80000.0,1125.38,91.3415912847216
188,no_vax_base_ops,2979.96,1348.86,0.0,1348.86,0.0
188,vax_base_ops,2625.04,1171.72,7475.32,1348.86,13.132571208279574
188,no_vax_enh_ops,384.26,173.58,0.0,1348.86,87.13135536675415
188,vax_enh_ops,364.44,162.24,8131.9,1348.86,87.97206529958632
188,incremental_ring_vax,364.44,162.24,8131.9,173.58,6.5330107155202235
188,no_vax_ring1_base_ops,3903.62,1773.42,0.0,1348.86,-31.475468173123986
188,no_vax_ring1_enh_ops,579.36,262.34,0.0,1773.42,85.20711393804064
188,ring1_vax_base_ops,3563.18,1596.52,4287.22,1773.42,9.97507640604031
188,ring1_vax_enh_ops,505.52,223.26,5489.88,1773.42,87.41076563927327
188,comm_base_20,1566.54,685.1,20000.0,1348.86,49.2089616416826
188,comm_base_40,890.84,374.52,40000.0,1348.86,72.23433121302432
188,comm_base_60,530.26,211.34,60000.0,1348.86,84.33195439111546
188,comm_base_80,355.18,133.56,80000.0,1348.86,90.09830523553224
190,no_vax_base_ops,2411.44,1101.56,0.0,1101.56,0.0
190,vax_base_ops,2008.94,905.18,7314.34,1101.56,17.82744471476815
190,no_vax_enh_ops,414.9,189.44,0.0,1101.56,82.80257089945168
190,vax_enh_ops,384.78,174.2,8042.04,1101.56,84.18606340099494
190,incremental_ring_vax,384.78,174.2,8042.04,189.44,8.044763513513518
190,no_vax_ring1_base_ops,2946.48,1344.48,0.0,1101.56,-22.052362104651593
190,no_vax_ring1_enh_ops,636.38,291.16,0.0,1344.48,78.34404379388313
190,ring1_vax_base_ops,2723.88,1233.56,2848.92,1344.48,8.25002975127931
190,ring1_vax_enh_ops,544.08,243.32,4039.78,1344.48,81.90229679876235
190,comm_base_20,1143.38,509.6,20000.0,1101.56,53.738334725298664
190,comm_base_40,617.5,265.84,40000.0,1101.56,75.8669523221613
190,comm_base_60,366.36,149.66,60000.0,1101.56,86.41381313773195
190,comm_base_80,250.8,96.96,80000.0,1101.56,91.19793747049638
192,no_vax_base_ops,2203.74,996.62,0.0,996.62,0.0
192,vax_base_ops,1810.38,807.4,7516.74,996.62,18.98617326563786
192,no_vax_enh_ops,267.32,121.52,0.0,996.62,87.80678693985672
192,vax_enh_ops,237.72,106.26,8200.9,996.62,89.33796231261664
192,incremental_ring_vax,237.72,106.26,8200.9,121.52,12.557603686635938
192,no_vax_ring1_base_ops,2745.82,1244.44,0.0,996.62,-24.86604723967009
192,no_vax_ring1_enh_ops,293.06,133.06,0.0,1244.44,89.30764038442996
192,ring1_vax_base_ops,2384.66,1067.16,3141.88,1244.44,14.24576516344701
192,ring1_vax_enh_ops,246.94,109.08,2259.52,1244.44,91.23461155218412
192,comm_base_20,1081.14,476.46,20000.0,996.62,52.19241034697278
192,comm_base_40,582.8,247.94,40000.0,996.62,75.12191206277217
192,comm_base_60,353.88,144.4,60000.0,996.62,85.51102727217997
192,comm_base_80,247.86,94.9,80000.0,996.62,90.47781501474985
191,no_vax_base_ops,3092.98,1412.7,0.0,1412.7,0.0
191,vax_base_ops,2588.96,1169.48,7388.06,1412.7,17.216677284632265
191,no_vax_enh_ops,335.64,152.34,0.0,1412.7,89.216394138883
191,vax_enh_ops,301.14,135.4,8238.64,1412.7,90.41551638706024
191,incremental_ring_vax,301.14,135.4,8238.64,152.34,11.119863463305762
191,no_vax_ring1_base_ops,4074.86,1857.34,0.0,1412.7,-31.47448148934663
191,no_vax_ring1_enh_ops,417.64,189.08,0.0,1857.34,89.81984989285753
191,ring1_vax_base_ops,3678.7,1662.64,3655.38,1857.34,10.482733371380567
191,ring1_vax_enh_ops,342.96,151.02,3313.68,1857.34,91.8690169812743
191,comm_base_20,1534.04,677.74,20000.0,1412.7,52.025199971685424
191,comm_base_40,794.52,337.46,40000.0,1412.7,76.11240886246195
191,comm_base_60,480.44,193.12,60000.0,1412.7,86.32972322503008
191,comm_base_80,333.58,127.04,80000.0,1412.7,91.00729100304382
193,no_vax_base_ops,2485.9,1130.68,0.0,1130.68,0.0
193,vax_base_ops,2049.88,920.22,6972.74,1130.68,18.613577670074648
193,no_vax_enh_ops,413.2,186.62,0.0,1130.68,83.49488803198075
193,vax_enh_ops,371.06,166.02,8077.66,1130.68,85.31680050942796
193,incremental_ring_vax,371.06,166.02,8077.66,186.62,11.038473904190331
193,no_vax_ring1_base_ops,2945.96,1342.58,0.0,1130.68,-18.74093465878939
193,no_vax_ring1_enh_ops,628.0,284.26,0.0,1342.58,78.82733244946297
193,ring1_vax_base_ops,2717.88,1228.48,2188.68,1342.58,8.498562469275567
193,ring1_vax_enh_ops,502.58,220.38,4372.76,1342.58,83.5853356969417
193,comm_base_20,1201.84,528.48,20000.0,1130.68,53.25998514168465
193,comm_base_40,646.54,274.78,40000.0,1130.68,75.69781016733295
193,comm_base_60,397.12,159.26,60000.0,1130.68,85.9146708175611
193,comm_base_80,267.42,100.9,80000.0,1130.68,91.07616655463968
195,no_vax_base_ops,2225.84,1005.64,0.0,1005.64,0.0
195,vax_base_ops,1939.5,863.08,7311.76,1005.64,14.176047094387648
195,no_vax_enh_ops,305.04,135.22,0.0,1005.64,86.55383636291317
195,vax_enh_ops,287.3,126.34,8261.24,1005.64,87.43685613141879
195,incremental_ring_vax,287.3,126.34,8261.24,135.22,6.567075876349649
195,no_vax_ring1_base_ops,2596.38,1174.82,0.0,1005.64,-16.823117616642136
195,no_vax_ring1_enh_ops,336.66,149.94,0.0,1174.82,87.23719378287737
195,ring1_vax_base_ops,2429.58,1089.12,2528.88,1174.82,7.294734512521071
195,ring1_vax_enh_ops,305.24,132.42,2499.78,1174.82,88.72848606595052
195,comm_base_20,1377.04,600.78,20000.0,1005.64,40.25893958076449
195,comm_base_40,884.62,368.76,40000.0,1005.64,63.330814207867625
195,comm_base_60,617.6,246.06,60000.0,1005.64,75.53199952269202
195,comm_base_80,441.06,166.92,80000.0,1005.64,83.40161489200906
194,no_vax_base_ops,2231.72,1011.68,0.0,1011.68,0.0
194,vax_base_ops,1847.76,823.56,7567.66,1011.68,18.594812588960938
194,no_vax_enh_ops,604.16,272.78,0.0,1011.68,73.03692867309822
194,vax_enh_ops,562.98,250.48,8048.16,1011.68,75.24118298276134
194,incremental_ring_vax,562.98,250.48,8048.16,272.78,8.175086150010992
194,no_vax_ring1_base_ops,2626.44,1191.88,0.0,1011.68,-17.811956349833956
194,no_vax_ring1_enh_ops,1112.98,502.08,0.0,1191.88,57.87495385441488
194,ring1_vax_base_ops,2365.98,1063.72,2360.78,1191.88,10.75276034500118
194,ring1_vax_enh_ops,936.12,412.24,5077.54,1191.88,65.41262543209048
194,comm_base_20,1144.58,503.64,20000.0,1011.68,50.21746006642417
194,comm_base_40,615.12,261.18,40000.0,1011.68,74.183536296062
194,comm_base_60,385.84,155.84,60000.0,1011.68,84.59591965838999
194,comm_base_80,280.4,107.52,80000.0,1011.68,89.3721334809426
196,no_vax_base_ops,1989.22,904.82,0.0,904.82,0.0
196,vax_base_ops,1748.06,780.76,7400.2,904.82,13.71101434539467
196,no_vax_enh_ops,432.92,195.94,0.0,904.82,78.34486417187951
196,vax_enh_ops,406.72,181.92,8058.6,904.82,79.89434362635663
196,incremental_ring_vax,406.72,181.92,8058.6,195.94,7.1552516076349955
196,no_vax_ring1_base_ops,2409.64,1093.18,0.0,904.82,-20.81740014588537
196,no_vax_ring1_enh_ops,682.18,310.12,0.0,1093.18,71.63138732871073
196,ring1_vax_base_ops,2164.96,973.48,2406.8,1093.18,10.949706361257984
196,ring1_vax_enh_ops,596.86,261.96,4569.1,1093.18,76.03688322142739
196,comm_base_20,1306.64,575.02,20000.0,904.82,36.44923852257908
196,comm_base_40,852.7,361.3,40000.0,904.82,60.06940606971552
196,comm_base_60,590.8,239.8,60000.0,904.82,73.49749121372206
196,comm_base_80,418.36,159.96,80000.0,904.82,82.3213456820141
198,no_vax_base_ops,2101.12,955.34,0.0,955.34,0.0
198,vax_base_ops,1847.46,829.36,7025.02,955.34,13.186928214038982
198,no_vax_enh_ops,344.84,156.78,0.0,955.34,83.58908870140473
198,vax_enh_ops,326.02,147.2,8092.24,955.34,84.59187305043231
198,incremental_ring_vax,326.02,147.2,8092.24,156.78,6.110473274652387
198,no_vax_ring1_base_ops,2490.5,1130.18,0.0,955.34,-18.301337743630544
198,no_vax_ring1_enh_ops,459.9,210.02,0.0,1130.18,81.41711939691024
198,ring1_vax_base_ops,2307.78,1042.42,1845.12,1130.18,7.765134757295297
198,ring1_vax_enh_ops,388.14,172.5,3704.72,1130.18,84.7369445575041
198,comm_base_20,1088.84,482.18,20000.0,955.34,49.527916762618545
198,comm_base_40,621.8,265.06,40000.0,955.34,72.25490401323088
198,comm_base_60,393.34,160.48,60000.0,955.34,83.20179203215609
198,comm_base_80,267.8,102.18,80000.0,955.34,89.30433144220906
197,no_vax_base_ops,2645.48,1202.84,0.0,1202.84,0.0
197,vax_base_ops,2239.06,1003.72,7320.0,1202.84,16.554155166106874
197,no_vax_enh_ops,325.5,147.24,0.0,1202.84,87.75897043663329
197,vax_enh_ops,311.7,138.7,8149.58,1202.84,88.4689568022347
197,incremental_ring_vax,311.7,138.7,8149.58,147.24,5.800054333061682
197,no_vax_ring1_base_ops,3465.0,1574.24,0.0,1202.84,-30.876924611752194
197,no_vax_ring1_enh_ops,439.32,198.66,0.0,1574.24,87.38057729444049
197,ring1_vax_base_ops,3059.24,1378.0,3252.7,1574.24,12.465697733509502
197,ring1_vax_enh_ops,366.4,160.22,4234.08,1574.24,89.82239048683809
197,comm_base_20,1337.54,593.14,20000.0,1202.84,50.688370855641644
197,comm_base_40,697.24,295.0,40000.0,1202.84,75.47470985334706
197,comm_base_60,423.72,169.46,60000.0,1202.84,85.91167570084134
197,comm_base_80,279.94,106.6,80000.0,1202.84,91.13764091649763
199,no_vax_base_ops,2280.3,1036.82,0.0,1036.82,0.0
199,vax_base_ops,2016.86,903.64,7447.5,1036.82,12.845045427364436
199,no_vax_enh_ops,514.8,232.82,0.0,1036.82,77.54480044752223
199,vax_enh_ops,503.26,225.62,8063.72,1036.82,78.23923149630602
199,incremental_ring_vax,503.26,225.62,8063.72,232.82,3.092517824929125
199,no_vax_ring1_base_ops,2713.24,1234.68,0.0,1036.82,-19.083351015605423
199,no_vax_ring1_enh_ops,888.08,402.84,0.0,1234.68,67.3729225386335
199,ring1_vax_base_ops,2506.94,1131.32,2593.96,1234.68,8.371399876891187
199,ring1_vax_enh_ops,762.6,339.34,4544.56,1234.68,72.51595555123596
199,comm_base_20,1415.48,623.62,20000.0,1036.82,39.85262629964699
199,comm_base_40,921.28,390.88,40000.0,1036.82,62.30010995158272
199,comm_base_60,631.58,256.04,60000.0,1036.82,75.30526031519454
199,comm_base_80,457.14,175.78,80000.0,1036.82,83.0462375339982
