coverage,delay,replicate,seed,base_deaths,scenario_deaths,mortality_reduction_pct
0.8,0.0,0,2026900000,1216.0,145.0,88.07565789473684
0.8,0.0,1,2026900001,1023.0,106.0,89.63831867057674
0.8,0.0,2,2026900002,1164.0,117.0,89.94845360824742
0.8,0.0,3,2026900003,1039.0,154.0,85.17805582290664
0.8,0.0,4,2026900004,982.0000000000001,146.0,85.13238289205704
0.8,0.0,5,2026900005,1496.0,146.0,90.24064171122994
0.8,0.0,6,2026900006,780.0,135.0,82.6923076923077
0.8,0.0,7,2026900007,1161.0,114.0,90.18087855297158
0.8,0.0,8,2026900008,886.9999999999999,116.0,86.92220969560316
0.8,0.0,9,2026900009,1064.0,94.0,91.16541353383458
0.8,0.0,10,2026900010,1102.0,142.0,87.11433756805808
0.8,0.0,11,2026900011,1365.0,170.0,87.54578754578755
0.8,0.0,12,2026900012,1187.0,168.0,85.84667228306655
0.8,0.0,13,2026900013,1273.0,125.0,90.18067556952082
0.8,0.0,14,2026900014,963.9999999999999,123.0,87.24066390041493
0.8,0.0,15,2026900015,1409.0,153.0,89.14123491838183
0.8,0.0,16,2026900016,1028.0,147.0,85.70038910505836
0.8,0.0,17,2026900017,759.0,123.0,83.79446640316206
0.8,0.0,18,2026900018,1653.0,187.0,88.68723532970357
0.8,0.0,19,2026900019,1318.0,151.0,88.5432473444613
0.8,0.0,20,2026900020,942.9999999999999,145.0,84.62354188759278
0.8,0.0,21,2026900021,980.0,166.0,83.06122448979592
0.8,0.0,22,2026900022,1556.0,169.0,89.1388174807198
0.8,0.0,23,2026900023,1255.0,134.0,89.32270916334662
0.8,0.0,24,2026900024,1327.0,164.0,87.64129615674453
0.8,0.0,25,2026900025,912.0,92.0,89.91228070175438
0.8,0.0,26,2026900026,1380.0,147.0,89.34782608695652
0.8,0.0,27,2026900027,742.0,108.0,85.44474393530997
0.8,0.0,28,2026900028,1296.0,171.0,86.80555555555556
0.8,0.0,29,2026900029,1112.0,167.0,84.9820143884892
0.8,0.0,30,2026900030,1222.0,141.0,88.46153846153847
0.8,0.0,31,2026900031,1298.0,106.0,91.83359013867488
0.8,0.0,32,2026900032,1022.0,140.0,86.3013698630137
0.8,0.0,33,2026900033,1056.0,150.0,85.79545454545455
0.8,0.0,34,2026900034,875.0000000000001,105.0,88.0
0.8,0.0,35,2026900035,1159.0,138.0,88.09318377911993
0.8,0.0,36,2026900036,1099.0,167.0,84.80436760691538
0.8,0.0,37,2026900037,1217.0,153.0,87.42810188989318
0.8,0.0,38,2026900038,633.0,111.00000000000001,82.46445497630332
0.8,0.0,39,2026900039,1049.0,115.0,89.0371782650143
0.8,0.0,40,2026900040,1078.0,166.0,84.60111317254174
0.8,0.0,41,2026900041,933.9999999999999,111.00000000000001,88.11563169164882
0.8,0.0,42,2026900042,1395.0,119.00000000000001,91.4695340501792
0.8,0.0,43,2026900043,874.0,129.0,85.24027459954233
0.8,0.0,44,2026900044,1027.0,119.99999999999999,88.31548198636806
0.8,0.0,45,2026900045,1118.0,176.0,84.25760286225403
0.8,0.0,46,2026900046,899.9999999999999,103.99999999999999,88.44444444444444
0.8,0.0,47,2026900047,1290.0,152.0,88.21705426356588
0.8,0.0,48,2026900048,1433.0,172.0,87.99720865317515
0.8,0.0,49,2026900049,924.0,117.0,87.33766233766234
0.8,0.0,50,2026900050,1554.0,185.0,88.0952380952381
0.8,0.0,51,2026900051,1241.0,117.0,90.57211925866237
0.8,0.0,52,2026900052,1119.0,151.0,86.50580875781948
0.8,0.0,53,2026900053,1175.0,134.0,88.59574468085107
0.8,0.0,54,2026900054,1055.0,135.0,87.20379146919431
0.8,0.0,55,2026900055,1139.0,167.0,85.33801580333626
0.8,0.0,56,2026900056,1022.0,130.0,87.27984344422701
0.8,0.0,57,2026900057,739.0,105.0,85.79161028416779
0.8,0.0,58,2026900058,1339.0,136.0,89.84316654219568
0.8,0.0,59,2026900059,677.0,109.0,83.89955686853767
0.8,0.0,60,2026900060,1124.0,110.0,90.2135231316726
0.8,0.0,61,2026900061,1110.0,139.0,87.47747747747748
0.8,0.0,62,2026900062,1224.0,179.0,85.37581699346406
0.8,0.0,63,2026900063,1256.0,147.0,88.29617834394904
0.8,0.0,64,2026900064,1288.0,152.0,88.19875776397515
0.8,0.0,65,2026900065,954.0,132.0,86.16352201257861
0.8,0.0,66,2026900066,893.0,88.0,90.14557670772676
0.8,0.0,67,2026900067,1065.0,122.0,88.54460093896714
0.8,0.0,68,2026900068,868.0,106.0,87.78801843317973
0.8,0.0,69,2026900069,1478.0,186.0,87.41542625169147
0.8,0.0,70,2026900070,1096.0,133.0,87.86496350364963
0.8,0.0,71,2026900071,1198.0,138.0,88.48080133555926
0.8,0.0,72,2026900072,1146.0,163.0,85.77661431064573
0.8,0.0,73,2026900073,1709.0,221.00000000000003,87.06846108835576
0.8,0.0,74,2026900074,1050.0,135.0,87.14285714285714
0.8,0.0,75,2026900075,1065.0,137.0,87.13615023474179
0.8,0.0,76,2026900076,683.0,109.0,84.04099560761347
0.8,0.0,77,2026900077,1244.0,140.0,88.7459807073955
0.8,0.0,78,2026900078,1252.0,153.0,87.77955271565496
0.8,0.0,79,2026900079,973.0000000000001,88.0,90.95580678314492
0.8,0.0,80,2026900080,1731.0,215.0,87.579433853264
0.8,0.0,81,2026900081,1089.0,139.0,87.23599632690542
0.8,0.0,82,2026900082,735.0,70.0,90.47619047619048
0.8,0.0,83,2026900083,895.9999999999999,103.00000000000001,88.50446428571428
0.8,0.0,84,2026900084,1259.0,122.0,90.30976965845909
0.8,0.0,85,2026900085,1027.0,147.0,85.68646543330088
0.8,0.0,86,2026900086,1305.0,168.0,87.1264367816092
0.8,0.0,87,2026900087,1139.0,152.0,86.65496049165935
0.8,0.0,88,2026900088,1089.0,171.0,84.29752066115702
0.8,0.0,89,2026900089,1038.0,161.0,84.48940269749518
0.8,0.0,90,2026900090,1197.0,128.0,89.30659983291562
0.8,0.0,91,2026900091,723.0,85.0,88.24343015214384
0.8,0.0,92,2026900092,1200.0,126.0,89.5
0.8,0.0,93,2026900093,1173.0,172.0,85.33674339300937
0.8,0.0,94,2026900094,1410.0,147.0,89.57446808510639
0.8,0.0,95,2026900095,1084.0,117.0,89.20664206642067
0.8,0.0,96,2026900096,1362.0,130.0,90.45521292217327
0.8,0.0,97,2026900097,1512.0,177.0,88.2936507936508
0.8,0.0,98,2026900098,1282.0,189.0,85.25741029641186
0.8,0.0,99,2026900099,1326.0,146.0,88.9894419306184
0.6,0.0,0,2026900000,1216.0,223.99999999999997,81.57894736842105
0.6,0.0,1,2026900001,1023.0,179.0,82.50244379276637
0.6,0.0,2,2026900002,1164.0,227.0,80.49828178694158
0.6,0.0,3,2026900003,1039.0,219.0,78.92204042348412
0.6,0.0,4,2026900004,982.0000000000001,185.0,81.16089613034623
0.6,0.0,5,2026900005,1496.0,208.99999999999997,86.02941176470588
0.6,0.0,6,2026900006,780.0,163.0,79.1025641025641
0.6,0.0,7,2026900007,1161.0,198.0,82.94573643410853
0.6,0.0,8,2026900008,886.9999999999999,161.0,81.84892897406989
0.6,0.0,9,2026900009,1064.0,160.0,84.9624060150376
0.6,0.0,10,2026900010,1102.0,202.0,81.66969147005445
0.6,0.0,11,2026900011,1365.0,278.0,79.63369963369964
0.6,0.0,12,2026900012,1187.0,254.00000000000003,78.60151642796967
0.6,0.0,13,2026900013,1273.0,248.0,80.5184603299293
0.6,0.0,14,2026900014,963.9999999999999,176.0,81.74273858921161
0.6,0.0,15,2026900015,1409.0,223.99999999999997,84.10220014194464
0.6,0.0,16,2026900016,1028.0,186.0,81.90661478599222
0.6,0.0,17,2026900017,759.0,175.0,76.9433465085639
0.6,0.0,18,2026900018,1653.0,282.0,82.94010889292196
0.6,0.0,19,2026900019,1318.0,236.0,82.09408194233687
0.6,0.0,20,2026900020,942.9999999999999,199.0,78.89713679745492
0.6,0.0,21,2026900021,980.0,205.00000000000003,79.08163265306122
0.6,0.0,22,2026900022,1556.0,201.0,87.08226221079691
0.6,0.0,23,2026900023,1255.0,161.0,87.17131474103586
0.6,0.0,24,2026900024,1327.0,268.0,79.80406932931425
0.6,0.0,25,2026900025,912.0,133.0,85.41666666666667
0.6,0.0,26,2026900026,1380.0,218.0,84.20289855072464
0.6,0.0,27,2026900027,742.0,153.0,79.38005390835579
0.6,0.0,28,2026900028,1296.0,259.0,80.01543209876543
0.6,0.0,29,2026900029,1112.0,256.0,76.97841726618705
0.6,0.0,30,2026900030,1222.0,231.0,81.09656301145662
0.6,0.0,31,2026900031,1298.0,141.0,89.13713405238829
0.6,0.0,32,2026900032,1022.0,229.0,77.59295499021526
0.6,0.0,33,2026900033,1056.0,196.0,81.43939393939394
0.6,0.0,34,2026900034,875.0000000000001,129.0,85.25714285714287
0.6,0.0,35,2026900035,1159.0,194.0,83.26143226919758
0.6,0.0,36,2026900036,1099.0,254.00000000000003,76.88808007279344
0.6,0.0,37,2026900037,1217.0,204.00000000000003,83.23746918652424
0.6,0.0,38,2026900038,633.0,199.0,68.56240126382306
0.6,0.0,39,2026900039,1049.0,228.0,78.26501429933269
0.6,0.0,40,2026900040,1078.0,266.0,75.32467532467533
0.6,0.0,41,2026900041,933.9999999999999,147.0,84.2612419700214
0.6,0.0,42,2026900042,1395.0,187.0,86.59498207885305
0.6,0.0,43,2026900043,874.0,191.0,78.14645308924486
0.6,0.0,44,2026900044,1027.0,248.0,75.85199610516067
0.6,0.0,45,2026900045,1118.0,202.0,81.93202146690518
0.6,0.0,46,2026900046,899.9999999999999,173.0,80.77777777777777
0.6,0.0,47,2026900047,1290.0,273.0,78.83720930232558
0.6,0.0,48,2026900048,1433.0,261.0,81.78646196789951
0.6,0.0,49,2026900049,924.0,159.0,82.79220779220779
0.6,0.0,50,2026900050,1554.0,285.0,81.66023166023166
0.6,0.0,51,2026900051,1241.0,174.0,85.97904915390814
0.6,0.0,52,2026900052,1119.0,251.0,77.5692582663092
0.6,0.0,53,2026900053,1175.0,159.0,86.46808510638297
0.6,0.0,54,2026900054,1055.0,210.0,80.09478672985782
0.6,0.0,55,2026900055,1139.0,220.0,80.684811237928
0.6,0.0,56,2026900056,1022.0,182.0,82.1917808219178
0.6,0.0,57,2026900057,739.0,164.0,77.80784844384303
0.6,0.0,58,2026900058,1339.0,264.0,80.28379387602689
0.6,0.0,59,2026900059,677.0,142.0,79.02511078286558
0.6,0.0,60,2026900060,1124.0,166.0,85.23131672597864
0.6,0.0,61,2026900061,1110.0,184.0,83.42342342342343
0.6,0.0,62,2026900062,1224.0,232.0,81.04575163398692
0.6,0.0,63,2026900063,1256.0,202.0,83.9171974522293
0.6,0.0,64,2026900064,1288.0,254.00000000000003,80.27950310559007
0.6,0.0,65,2026900065,954.0,191.0,79.979035639413
0.6,0.0,66,2026900066,893.0,171.0,80.85106382978724
0.6,0.0,67,2026900067,1065.0,165.0,84.50704225352112
0.6,0.0,68,2026900068,868.0,144.0,83.41013824884793
0.6,0.0,69,2026900069,1478.0,284.0,80.78484438430311
0.6,0.0,70,2026900070,1096.0,227.0,79.28832116788321
0.6,0.0,71,2026900071,1198.0,191.0,84.0567612687813
0.6,0.0,72,2026900072,1146.0,247.0,78.44677137870855
0.6,0.0,73,2026900073,1709.0,344.0,79.87126974839087
0.6,0.0,74,2026900074,1050.0,207.99999999999997,80.19047619047619
0.6,0.0,75,2026900075,1065.0,252.0,76.33802816901408
0.6,0.0,76,2026900076,683.0,135.0,80.23426061493412
0.6,0.0,77,2026900077,1244.0,203.0,83.68167202572347
0.6,0.0,78,2026900078,1252.0,193.0,84.58466453674122
0.6,0.0,79,2026900079,973.0000000000001,142.0,85.4059609455293
0.6,0.0,80,2026900080,1731.0,314.0,81.86019641825534
0.6,0.0,81,2026900081,1089.0,236.0,78.3287419651056
0.6,0.0,82,2026900082,735.0,115.0,84.35374149659864
0.6,0.0,83,2026900083,895.9999999999999,147.0,83.59375
0.6,0.0,84,2026900084,1259.0,259.0,79.42811755361397
0.6,0.0,85,2026900085,1027.0,207.99999999999997,79.74683544303798
0.6,0.0,86,2026900086,1305.0,246.0,81.14942528735632
0.6,0.0,87,2026900087,1139.0,258.0,77.34855136084285
0.6,0.0,88,2026900088,1089.0,280.0,74.28833792470157
0.6,0.0,89,2026900089,1038.0,215.0,79.28709055876686
0.6,0.0,90,2026900090,1197.0,202.0,83.12447786131996
0.6,0.0,91,2026900091,723.0,163.0,77.45504840940525
0.6,0.0,92,2026900092,1200.0,218.0,81.83333333333333
0.6,0.0,93,2026900093,1173.0,249.0,78.77237851662404
0.6,0.0,94,2026900094,1410.0,241.99999999999997,82.83687943262412
0.6,0.0,95,2026900095,1084.0,182.0,83.21033210332104
0.6,0.0,96,2026900096,1362.0,200.0,85.31571218795888
0.6,0.0,97,2026900097,1512.0,263.0,82.6058201058201
0.6,0.0,98,2026900098,1282.0,272.0,78.78315132605304
0.6,0.0,99,2026900099,1326.0,220.0,83.40874811463047
0.7000000000000001,0.0,0,2026900000,1216.0,178.0,85.36184210526316
0.7000000000000001,0.0,1,2026900001,1023.0,127.00000000000001,87.58553274682306
0.7000000000000001,0.0,2,2026900002,1164.0,149.0,87.19931271477664
0.7000000000000001,0.0,3,2026900003,1039.0,172.0,83.4456207892204
0.7000000000000001,0.0,4,2026900004,982.0000000000001,199.0,79.73523421588595
0.7000000000000001,0.0,5,2026900005,1496.0,216.0,85.56149732620321
0.7000000000000001,0.0,6,2026900006,780.0,138.0,82.3076923076923
0.7000000000000001,0.0,7,2026900007,1161.0,164.0,85.87424633936261
0.7000000000000001,0.0,8,2026900008,886.9999999999999,132.0,85.1183765501691
0.7000000000000001,0.0,9,2026900009,1064.0,136.0,87.21804511278195
0.7000000000000001,0.0,10,2026900010,1102.0,204.00000000000003,81.48820326678766
0.7000000000000001,0.0,11,2026900011,1365.0,168.0,87.6923076923077
0.7000000000000001,0.0,12,2026900012,1187.0,212.0,82.13984835720304
0.7000000000000001,0.0,13,2026900013,1273.0,155.0,87.82403770620581
0.7000000000000001,0.0,14,2026900014,963.9999999999999,153.0,84.12863070539419
0.7000000000000001,0.0,15,2026900015,1409.0,170.0,87.9347054648687
0.7000000000000001,0.0,16,2026900016,1028.0,133.0,87.06225680933852
0.7000000000000001,0.0,17,2026900017,759.0,141.0,81.42292490118577
0.7000000000000001,0.0,18,2026900018,1653.0,220.0,86.6908650937689
0.7000000000000001,0.0,19,2026900019,1318.0,182.0,86.19119878603945
0.7000000000000001,0.0,20,2026900020,942.9999999999999,207.99999999999997,77.94273594909862
0.7000000000000001,0.0,21,2026900021,980.0,138.0,85.91836734693878
0.7000000000000001,0.0,22,2026900022,1556.0,181.0,88.36760925449872
0.7000000000000001,0.0,23,2026900023,1255.0,171.0,86.37450199203187
0.7000000000000001,0.0,24,2026900024,1327.0,191.0,85.6066314996232
0.7000000000000001,0.0,25,2026900025,912.0,122.0,86.62280701754386
0.7000000000000001,0.0,26,2026900026,1380.0,177.0,87.17391304347827
0.7000000000000001,0.0,27,2026900027,742.0,127.00000000000001,82.88409703504043
0.7000000000000001,0.0,28,2026900028,1296.0,193.0,85.10802469135803
0.7000000000000001,0.0,29,2026900029,1112.0,203.0,81.74460431654676
0.7000000000000001,0.0,30,2026900030,1222.0,140.0,88.54337152209493
0.7000000000000001,0.0,31,2026900031,1298.0,115.0,91.1402157164869
0.7000000000000001,0.0,32,2026900032,1022.0,143.0,86.0078277886497
0.7000000000000001,0.0,33,2026900033,1056.0,159.0,84.94318181818181
0.7000000000000001,0.0,34,2026900034,875.0000000000001,131.0,85.02857142857144
0.7000000000000001,0.0,35,2026900035,1159.0,167.0,85.59102674719585
0.7000000000000001,0.0,36,2026900036,1099.0,239.99999999999997,78.16196542311192
0.7000000000000001,0.0,37,2026900037,1217.0,170.0,86.03122432210354
0.7000000000000001,0.0,38,2026900038,633.0,155.0,75.5134281200632
0.7000000000000001,0.0,39,2026900039,1049.0,152.0,85.51000953288846
0.7000000000000001,0.0,40,2026900040,1078.0,206.00000000000003,80.89053803339517
0.7000000000000001,0.0,41,2026900041,933.9999999999999,152.0,83.72591006423983
0.7000000000000001,0.0,42,2026900042,1395.0,162.0,88.38709677419355
0.7000000000000001,0.0,43,2026900043,874.0,144.0,83.52402745995424
0.7000000000000001,0.0,44,2026900044,1027.0,160.0,84.42064264849076
0.7000000000000001,0.0,45,2026900045,1118.0,220.0,80.32200357781753
0.7000000000000001,0.0,46,2026900046,899.9999999999999,140.0,84.44444444444444
0.7000000000000001,0.0,47,2026900047,1290.0,208.99999999999997,83.7984496124031
0.7000000000000001,0.0,48,2026900048,1433.0,262.0,81.71667829727843
0.7000000000000001,0.0,49,2026900049,924.0,153.0,83.44155844155844
0.7000000000000001,0.0,50,2026900050,1554.0,238.00000000000003,84.68468468468468
0.7000000000000001,0.0,51,2026900051,1241.0,151.0,87.83239323126512
0.7000000000000001,0.0,52,2026900052,1119.0,206.00000000000003,81.59070598748883
0.7000000000000001,0.0,53,2026900053,1175.0,159.0,86.46808510638297
0.7000000000000001,0.0,54,2026900054,1055.0,178.0,83.12796208530806
0.7000000000000001,0.0,55,2026900055,1139.0,179.0,84.28446005267779
0.7000000000000001,0.0,56,2026900056,1022.0,153.0,85.0293542074364
0.7000000000000001,0.0,57,2026900057,739.0,128.0,82.67929634641408
0.7000000000000001,0.0,58,2026900058,1339.0,254.00000000000003,81.03061986557132
0.7000000000000001,0.0,59,2026900059,677.0,128.0,81.0930576070901
0.7000000000000001,0.0,60,2026900060,1124.0,143.0,87.27758007117438
0.7000000000000001,0.0,61,2026900061,1110.0,160.0,85.58558558558559
0.7000000000000001,0.0,62,2026900062,1224.0,206.99999999999997,83.08823529411765
0.7000000000000001,0.0,63,2026900063,1256.0,216.0,82.80254777070064
0.7000000000000001,0.0,64,2026900064,1288.0,201.0,84.3944099378882
0.7000000000000001,0.0,65,2026900065,954.0,149.0,84.38155136268344
0.7000000000000001,0.0,66,2026900066,893.0,139.0,84.43449048152296
0.7000000000000001,0.0,67,2026900067,1065.0,168.0,84.22535211267606
0.7000000000000001,0.0,68,2026900068,868.0,126.0,85.48387096774194
0.7000000000000001,0.0,69,2026900069,1478.0,223.99999999999997,84.84438430311232
0.7000000000000001,0.0,70,2026900070,1096.0,186.0,83.02919708029196
0.7000000000000001,0.0,71,2026900071,1198.0,189.0,84.2237061769616
0.7000000000000001,0.0,72,2026900072,1146.0,210.0,81.67539267015707
0.7000000000000001,0.0,73,2026900073,1709.0,278.0,83.73317729666472
0.7000000000000001,0.0,74,2026900074,1050.0,154.0,85.33333333333333
0.7000000000000001,0.0,75,2026900075,1065.0,180.0,83.09859154929578
0.7000000000000001,0.0,76,2026900076,683.0,125.0,81.69838945827233
0.7000000000000001,0.0,77,2026900077,1244.0,159.0,87.21864951768488
0.7000000000000001,0.0,78,2026900078,1252.0,169.0,86.50159744408946
0.7000000000000001,0.0,79,2026900079,973.0000000000001,155.0,84.06988694758479
0.7000000000000001,0.0,80,2026900080,1731.0,256.0,85.21086077411901
0.7000000000000001,0.0,81,2026900081,1089.0,158.0,85.49127640036731
0.7000000000000001,0.0,82,2026900082,735.0,106.0,85.578231292517
0.7000000000000001,0.0,83,2026900083,895.9999999999999,137.0,84.70982142857142
0.7000000000000001,0.0,84,2026900084,1259.0,218.0,82.68467037331216
0.7000000000000001,0.0,85,2026900085,1027.0,153.0,85.10223953261928
0.7000000000000001,0.0,86,2026900086,1305.0,213.0,83.67816091954023
0.7000000000000001,0.0,87,2026900087,1139.0,194.0,82.9675153643547
0.7000000000000001,0.0,88,2026900088,1089.0,233.0,78.60422405876952
0.7000000000000001,0.0,89,2026900089,1038.0,185.0,82.17726396917148
0.7000000000000001,0.0,90,2026900090,1197.0,141.0,88.22055137844612
0.7000000000000001,0.0,91,2026900091,723.0,111.99999999999999,84.50899031811895
0.7000000000000001,0.0,92,2026900092,1200.0,172.0,85.66666666666667
0.7000000000000001,0.0,93,2026900093,1173.0,195.0,83.37595907928389
0.7000000000000001,0.0,94,2026900094,1410.0,206.00000000000003,85.39007092198581
0.7000000000000001,0.0,95,2026900095,1084.0,175.0,83.85608856088561
0.7000000000000001,0.0,96,2026900096,1362.0,181.0,86.71071953010279
0.7000000000000001,0.0,97,2026900097,1512.0,194.0,87.16931216931216
0.7000000000000001,0.0,98,2026900098,1282.0,189.0,85.25741029641186
0.7000000000000001,0.0,99,2026900099,1326.0,157.0,88.15987933634993
0.30000000000000004,0.0,0,2026900000,1216.0,445.0,63.4046052631579
0.30000000000000004,0.0,1,2026900001,1023.0,430.99999999999994,57.86901270772238
0.30000000000000004,0.0,2,2026900002,1164.0,559.0,51.97594501718213
0.30000000000000004,0.0,3,2026900003,1039.0,520.0,49.95187680461983
0.30000000000000004,0.0,4,2026900004,982.0000000000001,412.00000000000006,58.0448065173116
0.30000000000000004,0.0,5,2026900005,1496.0,642.0,57.0855614973262
0.30000000000000004,0.0,6,2026900006,780.0,366.0,53.07692307692308
0.30000000000000004,0.0,7,2026900007,1161.0,434.99999999999994,62.53229974160207
0.30000000000000004,0.0,8,2026900008,886.9999999999999,282.0,68.20744081172491
0.30000000000000004,0.0,9,2026900009,1064.0,415.0,60.99624060150376
0.30000000000000004,0.0,10,2026900010,1102.0,525.0,52.35934664246824
0.30000000000000004,0.0,11,2026900011,1365.0,464.99999999999994,65.93406593406593
0.30000000000000004,0.0,12,2026900012,1187.0,505.0,57.45577085088458
0.30000000000000004,0.0,13,2026900013,1273.0,394.0,69.04948939512961
0.30000000000000004,0.0,14,2026900014,963.9999999999999,422.0,56.224066390041486
0.30000000000000004,0.0,15,2026900015,1409.0,557.0,60.46841731724627
0.30000000000000004,0.0,16,2026900016,1028.0,462.99999999999994,54.961089494163424
0.30000000000000004,0.0,17,2026900017,759.0,354.0,53.359683794466406
0.30000000000000004,0.0,18,2026900018,1653.0,710.0,57.04779189352692
0.30000000000000004,0.0,19,2026900019,1318.0,512.0,61.153262518968134
0.30000000000000004,0.0,20,2026900020,942.9999999999999,510.00000000000006,45.91728525980911
0.30000000000000004,0.0,21,2026900021,980.0,489.0,50.10204081632653
0.30000000000000004,0.0,22,2026900022,1556.0,432.0,72.23650385604113
0.30000000000000004,0.0,23,2026900023,1255.0,475.0,62.15139442231076
0.30000000000000004,0.0,24,2026900024,1327.0,652.0,50.866616428033154
0.30000000000000004,0.0,25,2026900025,912.0,352.0,61.40350877192982
0.30000000000000004,0.0,26,2026900026,1380.0,518.0,62.46376811594203
0.30000000000000004,0.0,27,2026900027,742.0,423.0,42.99191374663073
0.30000000000000004,0.0,28,2026900028,1296.0,527.0,59.33641975308642
0.30000000000000004,0.0,29,2026900029,1112.0,417.0,62.5
0.30000000000000004,0.0,30,2026900030,1222.0,446.00000000000006,63.50245499181669
0.30000000000000004,0.0,31,2026900031,1298.0,472.0,63.63636363636363
0.30000000000000004,0.0,32,2026900032,1022.0,464.99999999999994,54.50097847358121
0.30000000000000004,0.0,33,2026900033,1056.0,590.0,44.128787878787875
0.30000000000000004,0.0,34,2026900034,875.0000000000001,290.0,66.85714285714286
0.30000000000000004,0.0,35,2026900035,1159.0,390.0,66.35030198446937
0.30000000000000004,0.0,36,2026900036,1099.0,527.0,52.047315741583255
0.30000000000000004,0.0,37,2026900037,1217.0,494.0,59.40838126540674
0.30000000000000004,0.0,38,2026900038,633.0,417.0,34.12322274881517
0.30000000000000004,0.0,39,2026900039,1049.0,565.0,46.139180171591995
0.30000000000000004,0.0,40,2026900040,1078.0,430.99999999999994,60.01855287569573
0.30000000000000004,0.0,41,2026900041,933.9999999999999,451.99999999999994,51.605995717344754
0.30000000000000004,0.0,42,2026900042,1395.0,424.0,69.60573476702508
0.30000000000000004,0.0,43,2026900043,874.0,410.00000000000006,53.08924485125857
0.30000000000000004,0.0,44,2026900044,1027.0,496.0,51.703992210321324
0.30000000000000004,0.0,45,2026900045,1118.0,711.0,36.40429338103757
0.30000000000000004,0.0,46,2026900046,899.9999999999999,432.99999999999994,51.888888888888886
0.30000000000000004,0.0,47,2026900047,1290.0,539.0,58.21705426356589
0.30000000000000004,0.0,48,2026900048,1433.0,475.0,66.85275645498953
0.30000000000000004,0.0,49,2026900049,924.0,394.0,57.35930735930736
0.30000000000000004,0.0,50,2026900050,1554.0,611.0,60.68211068211068
0.30000000000000004,0.0,51,2026900051,1241.0,520.0,58.0983078162772
0.30000000000000004,0.0,52,2026900052,1119.0,557.0,50.223413762287755
0.30000000000000004,0.0,53,2026900053,1175.0,420.0,64.25531914893617
0.30000000000000004,0.0,54,2026900054,1055.0,474.00000000000006,55.07109004739336
0.30000000000000004,0.0,55,2026900055,1139.0,427.00000000000006,62.51097453906936
0.30000000000000004,0.0,56,2026900056,1022.0,449.0,56.0665362035225
0.30000000000000004,0.0,57,2026900057,739.0,302.0,59.1339648173207
0.30000000000000004,0.0,58,2026900058,1339.0,500.0,62.65870052277819
0.30000000000000004,0.0,59,2026900059,677.0,282.0,58.34564254062038
0.30000000000000004,0.0,60,2026900060,1124.0,438.0,61.03202846975089
0.30000000000000004,0.0,61,2026900061,1110.0,524.0,52.792792792792795
0.30000000000000004,0.0,62,2026900062,1224.0,698.0,42.97385620915033
0.30000000000000004,0.0,63,2026900063,1256.0,415.0,66.95859872611464
0.30000000000000004,0.0,64,2026900064,1288.0,419.0,67.46894409937889
0.30000000000000004,0.0,65,2026900065,954.0,394.0,58.700209643605874
0.30000000000000004,0.0,66,2026900066,893.0,403.0,54.87122060470325
0.30000000000000004,0.0,67,2026900067,1065.0,376.0,64.69483568075117
0.30000000000000004,0.0,68,2026900068,868.0,325.0,62.55760368663594
0.30000000000000004,0.0,69,2026900069,1478.0,594.0,59.810554803788904
0.30000000000000004,0.0,70,2026900070,1096.0,458.0,58.21167883211679
0.30000000000000004,0.0,71,2026900071,1198.0,410.00000000000006,65.7762938230384
0.30000000000000004,0.0,72,2026900072,1146.0,600.0,47.64397905759162
0.30000000000000004,0.0,73,2026900073,1709.0,728.0,57.40198946752487
0.30000000000000004,0.0,74,2026900074,1050.0,479.99999999999994,54.285714285714285
0.30000000000000004,0.0,75,2026900075,1065.0,417.99999999999994,60.751173708920184
0.30000000000000004,0.0,76,2026900076,683.0,314.0,54.026354319180086
0.30000000000000004,0.0,77,2026900077,1244.0,439.0,64.71061093247589
0.30000000000000004,0.0,78,2026900078,1252.0,425.00000000000006,66.05431309904154
0.30000000000000004,0.0,79,2026900079,973.0000000000001,384.0,60.534429599177805
0.30000000000000004,0.0,80,2026900080,1731.0,694.0,59.90756787983825
0.30000000000000004,0.0,81,2026900081,1089.0,410.00000000000006,62.35078053259871
0.30000000000000004,0.0,82,2026900082,735.0,293.0,60.136054421768705
0.30000000000000004,0.0,83,2026900083,895.9999999999999,389.0,56.584821428571416
0.30000000000000004,0.0,84,2026900084,1259.0,411.0,67.35504368546465
0.30000000000000004,0.0,85,2026900085,1027.0,353.0,65.62804284323272
0.30000000000000004,0.0,86,2026900086,1305.0,583.0,55.32567049808429
0.30000000000000004,0.0,87,2026900087,1139.0,517.0,54.60930640913082
0.30000000000000004,0.0,88,2026900088,1089.0,507.0,53.4435261707989
0.30000000000000004,0.0,89,2026900089,1038.0,385.0,62.909441233140655
0.30000000000000004,0.0,90,2026900090,1197.0,468.0,60.902255639097746
0.30000000000000004,0.0,91,2026900091,723.0,315.0,56.43153526970954
0.30000000000000004,0.0,92,2026900092,1200.0,462.0,61.5
0.30000000000000004,0.0,93,2026900093,1173.0,507.0,56.77749360613811
0.30000000000000004,0.0,94,2026900094,1410.0,509.0,63.90070921985816
0.30000000000000004,0.0,95,2026900095,1084.0,387.0,64.2988929889299
0.30000000000000004,0.0,96,2026900096,1362.0,524.0,61.52716593245228
0.30000000000000004,0.0,97,2026900097,1512.0,558.0,63.095238095238095
0.30000000000000004,0.0,98,2026900098,1282.0,485.0,62.16848673946958
0.30000000000000004,0.0,99,2026900099,1326.0,528.0,60.18099547511312
0.5,0.0,0,2026900000,1216.0,364.0,70.0657894736842
0.5,0.0,1,2026900001,1023.0,261.0,74.48680351906158
0.5,0.0,2,2026900002,1164.0,317.0,72.76632302405498
0.5,0.0,3,2026900003,1039.0,253.0,75.64966313763234
0.5,0.0,4,2026900004,982.0000000000001,292.0,70.26476578411406
0.5,0.0,5,2026900005,1496.0,241.99999999999997,83.82352941176471
0.5,0.0,6,2026900006,780.0,293.0,62.43589743589744
0.5,0.0,7,2026900007,1161.0,262.0,77.43324720068907
0.5,0.0,8,2026900008,886.9999999999999,173.0,80.49605411499435
0.5,0.0,9,2026900009,1064.0,185.0,82.61278195488721
0.5,0.0,10,2026900010,1102.0,280.0,74.59165154264973
0.5,0.0,11,2026900011,1365.0,364.0,73.33333333333333
0.5,0.0,12,2026900012,1187.0,317.0,73.29401853411963
0.5,0.0,13,2026900013,1273.0,308.0,75.8051846032993
0.5,0.0,14,2026900014,963.9999999999999,260.0,73.02904564315352
0.5,0.0,15,2026900015,1409.0,286.0,79.70191625266146
0.5,0.0,16,2026900016,1028.0,257.0,75.0
0.5,0.0,17,2026900017,759.0,204.00000000000003,73.12252964426878
0.5,0.0,18,2026900018,1653.0,343.0,79.24984875983061
0.5,0.0,19,2026900019,1318.0,303.0,77.01062215477997
0.5,0.0,20,2026900020,942.9999999999999,316.0,66.4899257688229
0.5,0.0,21,2026900021,980.0,319.0,67.44897959183673
0.5,0.0,22,2026900022,1556.0,286.0,81.61953727506426
0.5,0.0,23,2026900023,1255.0,306.0,75.61752988047809
0.5,0.0,24,2026900024,1327.0,314.0,76.33760361718161
0.5,0.0,25,2026900025,912.0,216.0,76.3157894736842
0.5,0.0,26,2026900026,1380.0,314.0,77.2463768115942
0.5,0.0,27,2026900027,742.0,222.00000000000003,70.08086253369272
0.5,0.0,28,2026900028,1296.0,302.0,76.69753086419753
0.5,0.0,29,2026900029,1112.0,306.0,72.4820143884892
0.5,0.0,30,2026900030,1222.0,266.0,78.23240589198036
0.5,0.0,31,2026900031,1298.0,216.0,83.35901386748844
0.5,0.0,32,2026900032,1022.0,237.00000000000003,76.81017612524462
0.5,0.0,33,2026900033,1056.0,371.0,64.86742424242425
0.5,0.0,34,2026900034,875.0000000000001,227.0,74.05714285714286
0.5,0.0,35,2026900035,1159.0,291.0,74.89214840379637
0.5,0.0,36,2026900036,1099.0,315.0,71.3375796178344
0.5,0.0,37,2026900037,1217.0,236.0,80.60805258833196
0.5,0.0,38,2026900038,633.0,222.00000000000003,64.92890995260663
0.5,0.0,39,2026900039,1049.0,322.0,69.30409914204004
0.5,0.0,40,2026900040,1078.0,276.0,74.39703153988869
0.5,0.0,41,2026900041,933.9999999999999,304.0,67.45182012847965
0.5,0.0,42,2026900042,1395.0,267.0,80.86021505376344
0.5,0.0,43,2026900043,874.0,231.0,73.56979405034325
0.5,0.0,44,2026900044,1027.0,266.0,74.09931840311587
0.5,0.0,45,2026900045,1118.0,306.0,72.62969588550983
0.5,0.0,46,2026900046,899.9999999999999,255.00000000000003,71.66666666666666
0.5,0.0,47,2026900047,1290.0,323.0,74.96124031007751
0.5,0.0,48,2026900048,1433.0,289.0,79.83251919050942
0.5,0.0,49,2026900049,924.0,233.0,74.78354978354979
0.5,0.0,50,2026900050,1554.0,342.0,77.99227799227799
0.5,0.0,51,2026900051,1241.0,244.0,80.33843674456084
0.5,0.0,52,2026900052,1119.0,281.0,74.88829311885613
0.5,0.0,53,2026900053,1175.0,260.0,77.87234042553192
0.5,0.0,54,2026900054,1055.0,211.0,80.0
0.5,0.0,55,2026900055,1139.0,279.0,75.50482879719051
0.5,0.0,56,2026900056,1022.0,256.0,74.95107632093934
0.5,0.0,57,2026900057,739.0,175.0,76.31935047361299
0.5,0.0,58,2026900058,1339.0,345.0,74.23450336071696
0.5,0.0,59,2026900059,677.0,170.0,74.88921713441654
0.5,0.0,60,2026900060,1124.0,263.0,76.60142348754448
0.5,0.0,61,2026900061,1110.0,215.0,80.63063063063063
0.5,0.0,62,2026900062,1224.0,381.0,68.87254901960785
0.5,0.0,63,2026900063,1256.0,284.0,77.38853503184713
0.5,0.0,64,2026900064,1288.0,307.0,76.16459627329192
0.5,0.0,65,2026900065,954.0,262.0,72.53668763102725
0.5,0.0,66,2026900066,893.0,188.0,78.94736842105263
0.5,0.0,67,2026900067,1065.0,217.0,79.6244131455399
0.5,0.0,68,2026900068,868.0,207.99999999999997,76.036866359447
0.5,0.0,69,2026900069,1478.0,363.0,75.43978349120432
0.5,0.0,70,2026900070,1096.0,316.0,71.16788321167883
0.5,0.0,71,2026900071,1198.0,229.0,80.8848080133556
0.5,0.0,72,2026900072,1146.0,292.0,74.52006980802793
0.5,0.0,73,2026900073,1709.0,438.0,74.37097717963721
0.5,0.0,74,2026900074,1050.0,265.0,74.76190476190476
0.5,0.0,75,2026900075,1065.0,272.0,74.46009389671362
0.5,0.0,76,2026900076,683.0,160.0,76.57393850658858
0.5,0.0,77,2026900077,1244.0,336.0,72.9903536977492
0.5,0.0,78,2026900078,1252.0,318.0,74.60063897763578
0.5,0.0,79,2026900079,973.0000000000001,223.99999999999997,76.97841726618705
0.5,0.0,80,2026900080,1731.0,429.00000000000006,75.21663778162912
0.5,0.0,81,2026900081,1089.0,248.0,77.22681359044995
0.5,0.0,82,2026900082,735.0,192.0,73.87755102040816
0.5,0.0,83,2026900083,895.9999999999999,188.0,79.01785714285714
0.5,0.0,84,2026900084,1259.0,350.0,72.2001588562351
0.5,0.0,85,2026900085,1027.0,248.0,75.85199610516067
0.5,0.0,86,2026900086,1305.0,290.0,77.77777777777777
0.5,0.0,87,2026900087,1139.0,278.0,75.59262510974538
0.5,0.0,88,2026900088,1089.0,340.0,68.77869605142332
0.5,0.0,89,2026900089,1038.0,257.0,75.24084778420038
0.5,0.0,90,2026900090,1197.0,225.99999999999997,81.11946532999164
0.5,0.0,91,2026900091,723.0,189.0,73.85892116182572
0.5,0.0,92,2026900092,1200.0,234.0,80.5
0.5,0.0,93,2026900093,1173.0,337.0,71.27024722932651
0.5,0.0,94,2026900094,1410.0,256.0,81.84397163120568
0.5,0.0,95,2026900095,1084.0,308.0,71.58671586715867
0.5,0.0,96,2026900096,1362.0,275.0,79.80910425844347
0.5,0.0,97,2026900097,1512.0,297.0,80.35714285714286
0.5,0.0,98,2026900098,1282.0,307.0,76.05304212168487
0.5,0.0,99,2026900099,1326.0,320.0,75.86726998491704
0.4,0.0,0,2026900000,1216.0,381.0,68.66776315789474
0.4,0.0,1,2026900001,1023.0,352.0,65.59139784946237
0.4,0.0,2,2026900002,1164.0,309.0,73.45360824742268
0.4,0.0,3,2026900003,1039.0,292.0,71.89605389797883
0.4,0.0,4,2026900004,982.0000000000001,339.0,65.4786150712831
0.4,0.0,5,2026900005,1496.0,445.0,70.25401069518716
0.4,0.0,6,2026900006,780.0,278.0,64.35897435897436
0.4,0.0,7,2026900007,1161.0,328.0,71.74849267872524
0.4,0.0,8,2026900008,886.9999999999999,245.0,72.37880496054115
0.4,0.0,9,2026900009,1064.0,260.0,75.56390977443608
0.4,0.0,10,2026900010,1102.0,339.0,69.23774954627949
0.4,0.0,11,2026900011,1365.0,380.0,72.16117216117216
0.4,0.0,12,2026900012,1187.0,415.0,65.03791069924179
0.4,0.0,13,2026900013,1273.0,364.0,71.40612725844461
0.4,0.0,14,2026900014,963.9999999999999,272.0,71.78423236514521
0.4,0.0,15,2026900015,1409.0,339.0,75.94038325053229
0.4,0.0,16,2026900016,1028.0,296.0,71.20622568093385
0.4,0.0,17,2026900017,759.0,308.0,59.42028985507246
0.4,0.0,18,2026900018,1653.0,500.0,69.75196612220206
0.4,0.0,19,2026900019,1318.0,392.0,70.25796661608497
0.4,0.0,20,2026900020,942.9999999999999,369.0,60.8695652173913
0.4,0.0,21,2026900021,980.0,394.0,59.795918367346935
0.4,0.0,22,2026900022,1556.0,432.99999999999994,72.17223650385604
0.4,0.0,23,2026900023,1255.0,295.0,76.49402390438247
0.4,0.0,24,2026900024,1327.0,373.0,71.8914845516202
0.4,0.0,25,2026900025,912.0,239.00000000000003,73.79385964912281
0.4,0.0,26,2026900026,1380.0,348.0,74.78260869565217
0.4,0.0,27,2026900027,742.0,335.0,54.85175202156334
0.4,0.0,28,2026900028,1296.0,512.0,60.49382716049383
0.4,0.0,29,2026900029,1112.0,394.0,64.56834532374101
0.4,0.0,30,2026900030,1222.0,338.0,72.34042553191489
0.4,0.0,31,2026900031,1298.0,383.0,70.49306625577812
0.4,0.0,32,2026900032,1022.0,388.0,62.03522504892368
0.4,0.0,33,2026900033,1056.0,333.0,68.4659090909091
0.4,0.0,34,2026900034,875.0000000000001,276.0,68.45714285714287
0.4,0.0,35,2026900035,1159.0,335.0,71.09577221742882
0.4,0.0,36,2026900036,1099.0,430.99999999999994,60.78252957233849
0.4,0.0,37,2026900037,1217.0,409.0,66.39276910435497
0.4,0.0,38,2026900038,633.0,241.99999999999997,61.76935229067931
0.4,0.0,39,2026900039,1049.0,316.0,69.87607244995233
0.4,0.0,40,2026900040,1078.0,365.0,66.14100185528757
0.4,0.0,41,2026900041,933.9999999999999,284.0,69.59314775160598
0.4,0.0,42,2026900042,1395.0,375.0,73.11827956989248
0.4,0.0,43,2026900043,874.0,316.0,63.84439359267734
0.4,0.0,44,2026900044,1027.0,377.0,63.29113924050633
0.4,0.0,45,2026900045,1118.0,392.0,64.93738819320215
0.4,0.0,46,2026900046,899.9999999999999,325.0,63.88888888888888
0.4,0.0,47,2026900047,1290.0,425.00000000000006,67.05426356589147
0.4,0.0,48,2026900048,1433.0,368.0,74.31960921144452
0.4,0.0,49,2026900049,924.0,366.0,60.38961038961039
0.4,0.0,50,2026900050,1554.0,523.0,66.34491634491634
0.4,0.0,51,2026900051,1241.0,343.0,72.36099919419823
0.4,0.0,52,2026900052,1119.0,500.99999999999994,55.22788203753351
0.4,0.0,53,2026900053,1175.0,312.0,73.44680851063829
0.4,0.0,54,2026900054,1055.0,366.0,65.30805687203791
0.4,0.0,55,2026900055,1139.0,421.0,63.0377524143986
0.4,0.0,56,2026900056,1022.0,256.0,74.95107632093934
0.4,0.0,57,2026900057,739.0,247.0,66.5764546684709
0.4,0.0,58,2026900058,1339.0,479.0,64.22703510082151
0.4,0.0,59,2026900059,677.0,247.0,63.515509601181684
0.4,0.0,60,2026900060,1124.0,362.0,67.79359430604983
0.4,0.0,61,2026900061,1110.0,338.0,69.54954954954955
0.4,0.0,62,2026900062,1224.0,498.0,59.31372549019608
0.4,0.0,63,2026900063,1256.0,377.0,69.98407643312102
0.4,0.0,64,2026900064,1288.0,301.0,76.6304347826087
0.4,0.0,65,2026900065,954.0,244.0,74.42348008385744
0.4,0.0,66,2026900066,893.0,239.00000000000003,73.23628219484883
0.4,0.0,67,2026900067,1065.0,282.0,73.52112676056338
0.4,0.0,68,2026900068,868.0,284.0,67.28110599078342
0.4,0.0,69,2026900069,1478.0,429.00000000000006,70.97428958051421
0.4,0.0,70,2026900070,1096.0,391.0,64.32481751824818
0.4,0.0,71,2026900071,1198.0,398.0,66.7779632721202
0.4,0.0,72,2026900072,1146.0,422.0,63.17626527050611
0.4,0.0,73,2026900073,1709.0,576.0,66.296079578701
0.4,0.0,74,2026900074,1050.0,360.0,65.71428571428571
0.4,0.0,75,2026900075,1065.0,337.0,68.35680751173709
0.4,0.0,76,2026900076,683.0,249.0,63.543191800878475
0.4,0.0,77,2026900077,1244.0,329.0,73.55305466237942
0.4,0.0,78,2026900078,1252.0,370.0,70.44728434504792
0.4,0.0,79,2026900079,973.0000000000001,317.0,67.42034943473793
0.4,0.0,80,2026900080,1731.0,527.0,69.55517042172154
0.4,0.0,81,2026900081,1089.0,284.0,73.92102846648301
0.4,0.0,82,2026900082,735.0,229.0,68.84353741496598
0.4,0.0,83,2026900083,895.9999999999999,219.0,75.55803571428571
0.4,0.0,84,2026900084,1259.0,348.0,72.35901509134233
0.4,0.0,85,2026900085,1027.0,296.0,71.17818889970789
0.4,0.0,86,2026900086,1305.0,434.99999999999994,66.66666666666667
0.4,0.0,87,2026900087,1139.0,392.0,65.5838454784899
0.4,0.0,88,2026900088,1089.0,432.0,60.33057851239669
0.4,0.0,89,2026900089,1038.0,313.0,69.84585741811175
0.4,0.0,90,2026900090,1197.0,356.0,70.25898078529657
0.4,0.0,91,2026900091,723.0,212.0,70.6777316735823
0.4,0.0,92,2026900092,1200.0,362.0,69.83333333333333
0.4,0.0,93,2026900093,1173.0,417.99999999999994,64.36487638533674
0.4,0.0,94,2026900094,1410.0,323.0,77.09219858156028
0.4,0.0,95,2026900095,1084.0,403.0,62.82287822878229
0.4,0.0,96,2026900096,1362.0,312.0,77.09251101321586
0.4,0.0,97,2026900097,1512.0,471.0,68.84920634920636
0.4,0.0,98,2026900098,1282.0,360.0,71.9188767550702
0.4,0.0,99,2026900099,1326.0,387.0,70.81447963800905
0.2,0.0,0,2026900000,1216.0,698.0,42.598684210526315
0.2,0.0,1,2026900001,1023.0,472.0,53.86119257086999
0.2,0.0,2,2026900002,1164.0,639.0,45.103092783505154
0.2,0.0,3,2026900003,1039.0,659.0,36.57362848893167
0.2,0.0,4,2026900004,982.0000000000001,530.0,46.028513238289214
0.2,0.0,5,2026900005,1496.0,711.0,52.473262032085564
0.2,0.0,6,2026900006,780.0,432.0,44.61538461538461
0.2,0.0,7,2026900007,1161.0,547.0,52.885443583118004
0.2,0.0,8,2026900008,886.9999999999999,361.0,59.3010146561443
0.2,0.0,9,2026900009,1064.0,505.0,52.537593984962406
0.2,0.0,10,2026900010,1102.0,601.0,45.46279491833031
0.2,0.0,11,2026900011,1365.0,742.0,45.64102564102564
0.2,0.0,12,2026900012,1187.0,768.0,35.299073294018534
0.2,0.0,13,2026900013,1273.0,579.0,54.516889238020426
0.2,0.0,14,2026900014,963.9999999999999,582.0,39.6265560165975
0.2,0.0,15,2026900015,1409.0,726.0,48.474095102909864
0.2,0.0,16,2026900016,1028.0,631.0,38.61867704280156
0.2,0.0,17,2026900017,759.0,599.0,21.080368906455863
0.2,0.0,18,2026900018,1653.0,891.0,46.098003629764065
0.2,0.0,19,2026900019,1318.0,774.0,41.274658573596355
0.2,0.0,20,2026900020,942.9999999999999,669.0,29.05620360551431
0.2,0.0,21,2026900021,980.0,643.0,34.38775510204081
0.2,0.0,22,2026900022,1556.0,684.0,56.041131105398456
0.2,0.0,23,2026900023,1255.0,495.00000000000006,60.55776892430279
0.2,0.0,24,2026900024,1327.0,737.0,44.46119065561417
0.2,0.0,25,2026900025,912.0,427.00000000000006,53.1798245614035
0.2,0.0,26,2026900026,1380.0,733.0,46.88405797101449
0.2,0.0,27,2026900027,742.0,604.0,18.598382749326145
0.2,0.0,28,2026900028,1296.0,549.0,57.638888888888886
0.2,0.0,29,2026900029,1112.0,466.0,58.093525179856115
0.2,0.0,30,2026900030,1222.0,699.0,42.798690671031096
0.2,0.0,31,2026900031,1298.0,607.0,53.23574730354392
0.2,0.0,32,2026900032,1022.0,588.0,42.465753424657535
0.2,0.0,33,2026900033,1056.0,648.0,38.63636363636363
0.2,0.0,34,2026900034,875.0000000000001,362.0,58.62857142857144
0.2,0.0,35,2026900035,1159.0,607.0,47.627264883520276
0.2,0.0,36,2026900036,1099.0,812.0,26.11464968152866
0.2,0.0,37,2026900037,1217.0,699.0,42.56368118323747
0.2,0.0,38,2026900038,633.0,338.0,46.60347551342812
0.2,0.0,39,2026900039,1049.0,552.0,47.37845567206864
0.2,0.0,40,2026900040,1078.0,585.0,45.73283858998145
0.2,0.0,41,2026900041,933.9999999999999,422.0,54.817987152034256
0.2,0.0,42,2026900042,1395.0,706.0,49.39068100358423
0.2,0.0,43,2026900043,874.0,517.0,40.846681922196794
0.2,0.0,44,2026900044,1027.0,561.0,45.37487828627069
0.2,0.0,45,2026900045,1118.0,696.0,37.74597495527728
0.2,0.0,46,2026900046,899.9999999999999,565.0,37.22222222222221
0.2,0.0,47,2026900047,1290.0,716.0,44.49612403100775
0.2,0.0,48,2026900048,1433.0,593.0,58.61828332170272
0.2,0.0,49,2026900049,924.0,474.00000000000006,48.7012987012987
0.2,0.0,50,2026900050,1554.0,807.0000000000001,48.06949806949806
0.2,0.0,51,2026900051,1241.0,662.0,46.65592264302982
0.2,0.0,52,2026900052,1119.0,574.0,48.70420017873101
0.2,0.0,53,2026900053,1175.0,614.0,47.744680851063826
0.2,0.0,54,2026900054,1055.0,631.0,40.18957345971564
0.2,0.0,55,2026900055,1139.0,654.0,42.58121158911326
0.2,0.0,56,2026900056,1022.0,474.00000000000006,53.62035225048923
0.2,0.0,57,2026900057,739.0,389.0,47.36129905277402
0.2,0.0,58,2026900058,1339.0,689.0,48.54368932038835
0.2,0.0,59,2026900059,677.0,466.99999999999994,31.01920236336781
0.2,0.0,60,2026900060,1124.0,530.0,52.84697508896797
0.2,0.0,61,2026900061,1110.0,677.0,39.009009009009006
0.2,0.0,62,2026900062,1224.0,955.0,21.977124183006534
0.2,0.0,63,2026900063,1256.0,638.0,49.203821656050955
0.2,0.0,64,2026900064,1288.0,518.0,59.78260869565217
0.2,0.0,65,2026900065,954.0,478.00000000000006,49.89517819706498
0.2,0.0,66,2026900066,893.0,466.99999999999994,47.70436730123181
0.2,0.0,67,2026900067,1065.0,549.0,48.45070422535211
0.2,0.0,68,2026900068,868.0,422.0,51.382488479262676
0.2,0.0,69,2026900069,1478.0,799.0000000000001,45.940460081190786
0.2,0.0,70,2026900070,1096.0,574.0,47.627737226277375
0.2,0.0,71,2026900071,1198.0,780.0,34.891485809682806
0.2,0.0,72,2026900072,1146.0,710.0,38.045375218150085
0.2,0.0,73,2026900073,1709.0,835.9999999999999,51.08250438853131
0.2,0.0,74,2026900074,1050.0,611.0,41.80952380952381
0.2,0.0,75,2026900075,1065.0,573.0,46.19718309859155
0.2,0.0,76,2026900076,683.0,417.0,38.94582723279649
0.2,0.0,77,2026900077,1244.0,622.0,50.0
0.2,0.0,78,2026900078,1252.0,691.0,44.808306709265175
0.2,0.0,79,2026900079,973.0000000000001,461.00000000000006,52.62076053442959
0.2,0.0,80,2026900080,1731.0,812.0,53.090699017908726
0.2,0.0,81,2026900081,1089.0,536.0,50.780532598714416
0.2,0.0,82,2026900082,735.0,464.99999999999994,36.73469387755103
0.2,0.0,83,2026900083,895.9999999999999,616.0,31.249999999999993
0.2,0.0,84,2026900084,1259.0,581.0,53.852263701350275
0.2,0.0,85,2026900085,1027.0,507.0,50.63291139240506
0.2,0.0,86,2026900086,1305.0,779.0,40.30651340996169
0.2,0.0,87,2026900087,1139.0,631.0,44.60052677787533
0.2,0.0,88,2026900088,1089.0,613.0,43.70982552800734
0.2,0.0,89,2026900089,1038.0,421.0,59.44123314065511
0.2,0.0,90,2026900090,1197.0,601.0,49.79114452798663
0.2,0.0,91,2026900091,723.0,437.0,39.55739972337483
0.2,0.0,92,2026900092,1200.0,686.0,42.833333333333336
0.2,0.0,93,2026900093,1173.0,660.0,43.734015345268546
0.2,0.0,94,2026900094,1410.0,902.0,36.02836879432624
0.2,0.0,95,2026900095,1084.0,655.0,39.57564575645756
0.2,0.0,96,2026900096,1362.0,649.0,52.349486049926576
0.2,0.0,97,2026900097,1512.0,763.0,49.53703703703704
0.2,0.0,98,2026900098,1282.0,702.0,45.24180967238689
0.2,0.0,99,2026900099,1326.0,813.0,38.68778280542986
0.1,0.0,0,2026900000,1216.0,766.0,37.00657894736842
0.1,0.0,1,2026900001,1023.0,955.0,6.64711632453568
0.1,0.0,2,2026900002,1164.0,942.9999999999999,18.986254295532657
0.1,0.0,3,2026900003,1039.0,702.0,32.435033686236764
0.1,0.0,4,2026900004,982.0000000000001,748.0,23.828920570264774
0.1,0.0,5,2026900005,1496.0,833.0000000000001,44.318181818181806
0.1,0.0,6,2026900006,780.0,572.0,26.666666666666668
0.1,0.0,7,2026900007,1161.0,719.0,38.07062876830319
0.1,0.0,8,2026900008,886.9999999999999,522.0,41.149943630214196
0.1,0.0,9,2026900009,1064.0,711.0,33.17669172932331
0.1,0.0,10,2026900010,1102.0,801.0,27.313974591651544
0.1,0.0,11,2026900011,1365.0,963.9999999999999,29.377289377289387
0.1,0.0,12,2026900012,1187.0,940.0,20.80876158382477
0.1,0.0,13,2026900013,1273.0,728.0,42.81225451688924
0.1,0.0,14,2026900014,963.9999999999999,737.0,23.547717842323642
0.1,0.0,15,2026900015,1409.0,1055.0,25.124201561391057
0.1,0.0,16,2026900016,1028.0,732.0,28.79377431906615
0.1,0.0,17,2026900017,759.0,585.0,22.92490118577075
0.1,0.0,18,2026900018,1653.0,1240.0,24.9848759830611
0.1,0.0,19,2026900019,1318.0,1051.0,20.25796661608498
0.1,0.0,20,2026900020,942.9999999999999,643.0,31.81336161187698
0.1,0.0,21,2026900021,980.0,776.0,20.816326530612244
0.1,0.0,22,2026900022,1556.0,1147.0,26.2853470437018
0.1,0.0,23,2026900023,1255.0,756.0,39.7609561752988
0.1,0.0,24,2026900024,1327.0,959.9999999999999,27.656367746797297
0.1,0.0,25,2026900025,912.0,664.0,27.19298245614035
0.1,0.0,26,2026900026,1380.0,882.0,36.08695652173913
0.1,0.0,27,2026900027,742.0,718.0,3.234501347708895
0.1,0.0,28,2026900028,1296.0,958.0,26.080246913580247
0.1,0.0,29,2026900029,1112.0,748.0,32.73381294964029
0.1,0.0,30,2026900030,1222.0,784.0,35.84288052373159
0.1,0.0,31,2026900031,1298.0,730.0,43.759630200308166
0.1,0.0,32,2026900032,1022.0,860.0,15.851272015655578
0.1,0.0,33,2026900033,1056.0,963.0,8.806818181818182
0.1,0.0,34,2026900034,875.0000000000001,677.0,22.628571428571437
0.1,0.0,35,2026900035,1159.0,747.0,35.54788610871441
0.1,0.0,36,2026900036,1099.0,967.9999999999999,11.91992720655142
0.1,0.0,37,2026900037,1217.0,762.0,37.387017255546425
0.1,0.0,38,2026900038,633.0,569.0,10.110584518167457
0.1,0.0,39,2026900039,1049.0,756.0,27.931363203050523
0.1,0.0,40,2026900040,1078.0,768.0,28.7569573283859
0.1,0.0,41,2026900041,933.9999999999999,634.0,32.119914346895065
0.1,0.0,42,2026900042,1395.0,827.0,40.7168458781362
0.1,0.0,43,2026900043,874.0,733.0,16.132723112128147
0.1,0.0,44,2026900044,1027.0,825.0,19.668938656280428
0.1,0.0,45,2026900045,1118.0,916.0,18.067978533094813
0.1,0.0,46,2026900046,899.9999999999999,690.0,23.333333333333325
0.1,0.0,47,2026900047,1290.0,1038.0,19.53488372093023
0.1,0.0,48,2026900048,1433.0,784.0,45.28960223307746
0.1,0.0,49,2026900049,924.0,598.0,35.28138528138528
0.1,0.0,50,2026900050,1554.0,1142.0,26.512226512226512
0.1,0.0,51,2026900051,1241.0,826.0,33.440773569701854
0.1,0.0,52,2026900052,1119.0,835.0,25.379803395889187
0.1,0.0,53,2026900053,1175.0,734.0,37.53191489361702
0.1,0.0,54,2026900054,1055.0,816.0000000000001,22.654028436018947
0.1,0.0,55,2026900055,1139.0,807.0000000000001,29.148375768217722
0.1,0.0,56,2026900056,1022.0,741.0,27.495107632093934
0.1,0.0,57,2026900057,739.0,574.0,22.32746955345061
0.1,0.0,58,2026900058,1339.0,801.0,40.179238237490665
0.1,0.0,59,2026900059,677.0,557.0,17.725258493353028
0.1,0.0,60,2026900060,1124.0,863.0,23.22064056939502
0.1,0.0,61,2026900061,1110.0,781.0,29.63963963963964
0.1,0.0,62,2026900062,1224.0,1112.0,9.15032679738562
0.1,0.0,63,2026900063,1256.0,974.0,22.452229299363058
0.1,0.0,64,2026900064,1288.0,739.0,42.62422360248447
0.1,0.0,65,2026900065,954.0,650.0,31.865828092243188
0.1,0.0,66,2026900066,893.0,621.0,30.45912653975364
0.1,0.0,67,2026900067,1065.0,728.0,31.643192488262912
0.1,0.0,68,2026900068,868.0,761.0,12.327188940092165
0.1,0.0,69,2026900069,1478.0,1010.9999999999999,31.596752368064962
0.1,0.0,70,2026900070,1096.0,777.0,29.105839416058394
0.1,0.0,71,2026900071,1198.0,865.9999999999999,27.712854757929897
0.1,0.0,72,2026900072,1146.0,1108.0,3.3158813263525304
0.1,0.0,73,2026900073,1709.0,1146.0,32.94324166179052
0.1,0.0,74,2026900074,1050.0,901.0000000000001,14.190476190476181
0.1,0.0,75,2026900075,1065.0,757.0,28.920187793427232
0.1,0.0,76,2026900076,683.0,620.0,9.224011713030746
0.1,0.0,77,2026900077,1244.0,958.0,22.990353697749196
0.1,0.0,78,2026900078,1252.0,1017.0,18.769968051118212
0.1,0.0,79,2026900079,973.0000000000001,593.0,39.054470709146976
0.1,0.0,80,2026900080,1731.0,1157.0,33.16002310803004
0.1,0.0,81,2026900081,1089.0,788.0,27.640036730945823
0.1,0.0,82,2026900082,735.0,629.0,14.421768707482993
0.1,0.0,83,2026900083,895.9999999999999,735.0,17.96874999999999
0.1,0.0,84,2026900084,1259.0,754.0,40.11119936457506
0.1,0.0,85,2026900085,1027.0,753.0,26.67964946445959
0.1,0.0,86,2026900086,1305.0,949.0,27.279693486590038
0.1,0.0,87,2026900087,1139.0,880.0,22.739244951712028
0.1,0.0,88,2026900088,1089.0,735.0,32.5068870523416
0.1,0.0,89,2026900089,1038.0,677.0,34.77842003853564
0.1,0.0,90,2026900090,1197.0,813.0,32.08020050125313
0.1,0.0,91,2026900091,723.0,495.00000000000006,31.53526970954356
0.1,0.0,92,2026900092,1200.0,801.0,33.25
0.1,0.0,93,2026900093,1173.0,1005.0,14.322250639386189
0.1,0.0,94,2026900094,1410.0,869.0,38.36879432624114
0.1,0.0,95,2026900095,1084.0,966.0,10.885608856088561
0.1,0.0,96,2026900096,1362.0,860.0,36.8575624082232
0.1,0.0,97,2026900097,1512.0,1135.0,24.933862433862434
0.1,0.0,98,2026900098,1282.0,1013.0,20.982839313572544
0.1,0.0,99,2026900099,1326.0,890.0,32.880844645550525
0.6,14.0,0,2026901000,1263.0,429.00000000000006,66.0332541567696
0.6,14.0,1,2026901001,1032.0,288.0,72.09302325581395
0.6,14.0,2,2026901002,1211.0,408.00000000000006,66.30883567299752
0.6,14.0,3,2026901003,1101.0,347.0,68.48319709355131
0.6,14.0,4,2026901004,1105.0,377.0,65.88235294117646
0.6,14.0,5,2026901005,1086.0,420.0,61.32596685082873
0.6,14.0,6,2026901006,1180.0,375.0,68.22033898305085
0.6,14.0,7,2026901007,1093.0,344.0,68.52698993595608
0.6,14.0,8,2026901008,1269.0,392.0,69.10953506698188
0.6,14.0,9,2026901009,1122.0,350.0,68.80570409982175
0.6,14.0,10,2026901010,1094.0,335.0,69.37842778793419
0.6,14.0,11,2026901011,560.0,217.0,61.25
0.6,14.0,12,2026901012,1332.0,422.0,68.31831831831832
0.6,14.0,13,2026901013,758.0,285.0,62.401055408970976
0.6,14.0,14,2026901014,1535.0,522.0,65.99348534201954
0.6,14.0,15,2026901015,912.9999999999999,303.0,66.81270536692223
0.6,14.0,16,2026901016,1450.0,466.0,67.86206896551724
0.6,14.0,17,2026901017,1005.0,287.0,71.44278606965175
0.6,14.0,18,2026901018,1253.0,337.0,73.10454908220271
0.6,14.0,19,2026901019,860.0,307.0,64.30232558139535
0.6,14.0,20,2026901020,1128.0,336.0,70.2127659574468
0.6,14.0,21,2026901021,903.9999999999999,276.0,69.46902654867256
0.6,14.0,22,2026901022,1233.0,383.0,68.93755068937551
0.6,14.0,23,2026901023,1164.0,354.0,69.58762886597938
0.6,14.0,24,2026901024,952.0000000000001,338.0,64.49579831932773
0.6,14.0,25,2026901025,891.0,294.0,67.003367003367
0.6,14.0,26,2026901026,714.0,244.0,65.82633053221288
0.6,14.0,27,2026901027,1003.0000000000001,378.0,62.31306081754737
0.6,14.0,28,2026901028,1102.0,356.0,67.69509981851179
0.6,14.0,29,2026901029,1276.0,392.0,69.27899686520377
0.6,14.0,30,2026901030,1081.0,304.0,71.87789084181314
0.6,14.0,31,2026901031,970.0,343.0,64.63917525773196
0.6,14.0,32,2026901032,1181.0,373.0,68.41659610499576
0.6,14.0,33,2026901033,1358.0,472.0,65.24300441826215
0.6,14.0,34,2026901034,966.0,285.0,70.4968944099379
0.6,14.0,35,2026901035,1242.0,334.0,73.10789049919485
0.6,14.0,36,2026901036,1216.0,353.0,70.97039473684211
0.6,14.0,37,2026901037,1167.0,425.00000000000006,63.58183376178235
0.6,14.0,38,2026901038,1047.0,389.0,62.84622731614136
0.6,14.0,39,2026901039,1638.9999999999998,509.0,68.94447834045148
0.6,14.0,40,2026901040,946.0,301.0,68.18181818181819
0.6,14.0,41,2026901041,1094.0,355.0,67.55027422303473
0.6,14.0,42,2026901042,1270.0,471.0,62.91338582677165
0.6,14.0,43,2026901043,1273.0,479.99999999999994,62.293794186959936
0.6,14.0,44,2026901044,1224.0,368.0,69.93464052287581
0.6,14.0,45,2026901045,980.0,301.0,69.28571428571429
0.6,14.0,46,2026901046,957.0,279.0,70.84639498432603
0.6,14.0,47,2026901047,1406.0,361.0,74.32432432432432
0.6,14.0,48,2026901048,1157.0,407.0,64.8228176318064
0.6,14.0,49,2026901049,1360.0,388.0,71.47058823529412
0.6,14.0,50,2026901050,1174.0,403.0,65.67291311754686
0.6,14.0,51,2026901051,1053.0,350.0,66.7616334283001
0.6,14.0,52,2026901052,1612.9999999999998,492.0,69.49783013019218
0.6,14.0,53,2026901053,949.0,305.0,67.8609062170706
0.6,14.0,54,2026901054,1129.0,389.0,65.54472984942427
0.6,14.0,55,2026901055,1426.0,404.0,71.66900420757364
0.6,14.0,56,2026901056,931.0,314.0,66.27282491944146
0.6,14.0,57,2026901057,1374.0,406.0,70.45123726346434
0.6,14.0,58,2026901058,1355.0,459.00000000000006,66.12546125461255
0.6,14.0,59,2026901059,1272.0,513.0,59.66981132075472
0.6,14.0,60,2026901060,1223.0,395.00000000000006,67.70237121831562
0.6,14.0,61,2026901061,1232.0,454.0,63.14935064935065
0.6,14.0,62,2026901062,1227.0,329.0,73.18663406682967
0.6,14.0,63,2026901063,1127.0,362.0,67.8793256433008
0.6,14.0,64,2026901064,1447.0,530.0,63.37249481686247
0.6,14.0,65,2026901065,1034.0,363.0,64.8936170212766
0.6,14.0,66,2026901066,1024.0,315.0,69.23828125
0.6,14.0,67,2026901067,1087.0,342.0,68.53725850965961
0.6,14.0,68,2026901068,1213.0,411.0,66.11706512778235
0.6,14.0,69,2026901069,1030.0,331.0,67.86407766990291
0.6,14.0,70,2026901070,590.0,238.00000000000003,59.66101694915254
0.6,14.0,71,2026901071,1001.9999999999999,390.0,61.07784431137724
0.6,14.0,72,2026901072,1008.0,313.0,68.9484126984127
0.6,14.0,73,2026901073,891.0,258.0,71.04377104377105
0.6,14.0,74,2026901074,1131.0,365.0,67.72767462422635
0.6,14.0,75,2026901075,1084.0,317.0,70.75645756457564
0.6,14.0,76,2026901076,847.0,294.0,65.2892561983471
0.6,14.0,77,2026901077,911.0,336.0,63.11745334796927
0.6,14.0,78,2026901078,1185.0,339.0,71.39240506329114
0.6,14.0,79,2026901079,1039.0,338.0,67.4687199230029
0.6,14.0,80,2026901080,1323.0,370.0,72.03325774754346
0.6,14.0,81,2026901081,740.0,289.0,60.945945945945944
0.6,14.0,82,2026901082,1448.0,447.99999999999994,69.06077348066299
0.6,14.0,83,2026901083,827.0,263.0,68.19830713422007
0.6,14.0,84,2026901084,847.0,292.0,65.52538370720188
0.6,14.0,85,2026901085,1003.0000000000001,374.0,62.71186440677967
0.6,14.0,86,2026901086,898.0,347.0,61.358574610244986
0.6,14.0,87,2026901087,1482.0,477.0,67.81376518218623
0.6,14.0,88,2026901088,1250.0,366.0,70.72
0.6,14.0,89,2026901089,1227.0,373.0,69.60065199674001
0.6,14.0,90,2026901090,1545.0,419.0,72.88025889967638
0.6,14.0,91,2026901091,903.9999999999999,337.0,62.72123893805309
0.6,14.0,92,2026901092,869.9999999999999,345.0,60.34482758620689
0.6,14.0,93,2026901093,963.9999999999999,306.0,68.25726141078837
0.6,14.0,94,2026901094,1165.0,357.0,69.35622317596567
0.6,14.0,95,2026901095,973.0000000000001,333.0,65.77595066803701
0.6,14.0,96,2026901096,980.9999999999999,268.0,72.6809378185525
0.6,14.0,97,2026901097,965.0000000000001,284.0,70.5699481865285
0.6,14.0,98,2026901098,945.0,316.0,66.56084656084656
0.6,14.0,99,2026901099,1119.0,443.0,60.411081322609476
0.5,14.0,0,2026901000,1263.0,477.0,62.23277909738717
0.5,14.0,1,2026901001,1032.0,322.0,68.7984496124031
0.5,14.0,2,2026901002,1211.0,525.0,56.64739884393064
0.5,14.0,3,2026901003,1101.0,396.0,64.03269754768392
0.5,14.0,4,2026901004,1105.0,454.0,58.914027149321264
0.5,14.0,5,2026901005,1086.0,438.0,59.668508287292816
0.5,14.0,6,2026901006,1180.0,406.0,65.59322033898304
0.5,14.0,7,2026901007,1093.0,428.0,60.84172003659652
0.5,14.0,8,2026901008,1269.0,464.99999999999994,63.356973995271865
0.5,14.0,9,2026901009,1122.0,404.0,63.992869875222816
0.5,14.0,10,2026901010,1094.0,430.0,60.69469835466179
0.5,14.0,11,2026901011,560.0,265.0,52.67857142857143
0.5,14.0,12,2026901012,1332.0,509.0,61.786786786786784
0.5,14.0,13,2026901013,758.0,350.0,53.82585751978892
0.5,14.0,14,2026901014,1535.0,616.0,59.86970684039088
0.5,14.0,15,2026901015,912.9999999999999,336.0,63.19824753559693
0.5,14.0,16,2026901016,1450.0,569.0,60.758620689655174
0.5,14.0,17,2026901017,1005.0,323.0,67.86069651741293
0.5,14.0,18,2026901018,1253.0,462.99999999999994,63.048683160415
0.5,14.0,19,2026901019,860.0,356.0,58.604651162790695
0.5,14.0,20,2026901020,1128.0,324.0,71.27659574468085
0.5,14.0,21,2026901021,903.9999999999999,389.0,56.96902654867256
0.5,14.0,22,2026901022,1233.0,404.0,67.23438767234387
0.5,14.0,23,2026901023,1164.0,445.0,61.76975945017182
0.5,14.0,24,2026901024,952.0000000000001,346.0,63.655462184873954
0.5,14.0,25,2026901025,891.0,295.0,66.89113355780023
0.5,14.0,26,2026901026,714.0,257.0,64.00560224089637
0.5,14.0,27,2026901027,1003.0000000000001,382.0,61.914257228315066
0.5,14.0,28,2026901028,1102.0,396.99999999999994,63.97459165154265
0.5,14.0,29,2026901029,1276.0,496.0,61.12852664576803
0.5,14.0,30,2026901030,1081.0,384.0,64.47733580018502
0.5,14.0,31,2026901031,970.0,430.0,55.670103092783506
0.5,14.0,32,2026901032,1181.0,447.99999999999994,62.066045723962745
0.5,14.0,33,2026901033,1358.0,498.0,63.328424153166424
0.5,14.0,34,2026901034,966.0,347.0,64.07867494824016
0.5,14.0,35,2026901035,1242.0,424.0,65.86151368760065
0.5,14.0,36,2026901036,1216.0,428.0,64.80263157894737
0.5,14.0,37,2026901037,1167.0,524.0,55.09854327335047
0.5,14.0,38,2026901038,1047.0,462.0,55.873925501432666
0.5,14.0,39,2026901039,1638.9999999999998,666.0,59.36546674801708
0.5,14.0,40,2026901040,946.0,374.0,60.46511627906977
0.5,14.0,41,2026901041,1094.0,381.0,65.17367458866545
0.5,14.0,42,2026901042,1270.0,477.0,62.44094488188976
0.5,14.0,43,2026901043,1273.0,525.0,58.758837391987434
0.5,14.0,44,2026901044,1224.0,432.99999999999994,64.62418300653594
0.5,14.0,45,2026901045,980.0,325.0,66.83673469387755
0.5,14.0,46,2026901046,957.0,313.0,67.29362591431557
0.5,14.0,47,2026901047,1406.0,438.0,68.84779516358464
0.5,14.0,48,2026901048,1157.0,491.00000000000006,57.56266205704408
0.5,14.0,49,2026901049,1360.0,509.0,62.5735294117647
0.5,14.0,50,2026901050,1174.0,470.0,59.96592844974446
0.5,14.0,51,2026901051,1053.0,390.0,62.96296296296296
0.5,14.0,52,2026901052,1612.9999999999998,612.0,62.058276503409786
0.5,14.0,53,2026901053,949.0,339.0,64.2781875658588
0.5,14.0,54,2026901054,1129.0,441.0,60.93888396811337
0.5,14.0,55,2026901055,1426.0,423.0,70.33660589060308
0.5,14.0,56,2026901056,931.0,392.0,57.89473684210526
0.5,14.0,57,2026901057,1374.0,473.0,65.5749636098981
0.5,14.0,58,2026901058,1355.0,555.0,59.04059040590406
0.5,14.0,59,2026901059,1272.0,494.0,61.16352201257862
0.5,14.0,60,2026901060,1223.0,508.00000000000006,58.46279640228945
0.5,14.0,61,2026901061,1232.0,507.0,58.8474025974026
0.5,14.0,62,2026901062,1227.0,473.0,61.45069274653627
0.5,14.0,63,2026901063,1127.0,451.99999999999994,59.89352262644188
0.5,14.0,64,2026901064,1447.0,590.0,59.22598479612992
0.5,14.0,65,2026901065,1034.0,390.0,62.28239845261122
0.5,14.0,66,2026901066,1024.0,359.0,64.94140625
0.5,14.0,67,2026901067,1087.0,413.0,62.00551977920883
0.5,14.0,68,2026901068,1213.0,483.99999999999994,60.098928276999175
0.5,14.0,69,2026901069,1030.0,372.0,63.883495145631066
0.5,14.0,70,2026901070,590.0,247.0,58.13559322033898
0.5,14.0,71,2026901071,1001.9999999999999,389.0,61.17764471057883
0.5,14.0,72,2026901072,1008.0,396.0,60.714285714285715
0.5,14.0,73,2026901073,891.0,378.0,57.57575757575758
0.5,14.0,74,2026901074,1131.0,366.0,67.63925729442971
0.5,14.0,75,2026901075,1084.0,396.99999999999994,63.37638376383764
0.5,14.0,76,2026901076,847.0,370.0,56.31641086186541
0.5,14.0,77,2026901077,911.0,384.0,57.84851811196487
0.5,14.0,78,2026901078,1185.0,412.00000000000006,65.23206751054852
0.5,14.0,79,2026901079,1039.0,411.0,60.44273339749759
0.5,14.0,80,2026901080,1323.0,379.0,71.35298563869992
0.5,14.0,81,2026901081,740.0,355.0,52.027027027027025
0.5,14.0,82,2026901082,1448.0,500.99999999999994,65.40055248618785
0.5,14.0,83,2026901083,827.0,318.0,61.54776299879081
0.5,14.0,84,2026901084,847.0,335.0,60.44864226682409
0.5,14.0,85,2026901085,1003.0000000000001,411.0,59.02293120638087
0.5,14.0,86,2026901086,898.0,367.0,59.13140311804009
0.5,14.0,87,2026901087,1482.0,558.0,62.34817813765182
0.5,14.0,88,2026901088,1250.0,387.0,69.04
0.5,14.0,89,2026901089,1227.0,376.0,69.3561532192339
0.5,14.0,90,2026901090,1545.0,478.00000000000006,69.06148867313915
0.5,14.0,91,2026901091,903.9999999999999,359.0,60.28761061946902
0.5,14.0,92,2026901092,869.9999999999999,301.0,65.40229885057471
0.5,14.0,93,2026901093,963.9999999999999,432.0,55.18672199170123
0.5,14.0,94,2026901094,1165.0,430.0,63.09012875536481
0.5,14.0,95,2026901095,973.0000000000001,372.0,61.767728674203504
0.5,14.0,96,2026901096,980.9999999999999,303.0,69.11314984709479
0.5,14.0,97,2026901097,965.0000000000001,440.0,54.404145077720216
0.5,14.0,98,2026901098,945.0,384.0,59.36507936507937
0.5,14.0,99,2026901099,1119.0,478.00000000000006,57.28328865058088
0.30000000000000004,14.0,0,2026901000,1263.0,585.0,53.681710213776725
0.30000000000000004,14.0,1,2026901001,1032.0,569.0,44.86434108527132
0.30000000000000004,14.0,2,2026901002,1211.0,743.0,38.645747316267546
0.30000000000000004,14.0,3,2026901003,1101.0,551.0,49.95458673932789
0.30000000000000004,14.0,4,2026901004,1105.0,626.0,43.34841628959276
0.30000000000000004,14.0,5,2026901005,1086.0,632.0,41.804788213627994
0.30000000000000004,14.0,6,2026901006,1180.0,606.0,48.644067796610166
0.30000000000000004,14.0,7,2026901007,1093.0,554.0,49.31381518755718
0.30000000000000004,14.0,8,2026901008,1269.0,629.0,50.4334121355398
0.30000000000000004,14.0,9,2026901009,1122.0,558.0,50.26737967914438
0.30000000000000004,14.0,10,2026901010,1094.0,606.0,44.60694698354662
0.30000000000000004,14.0,11,2026901011,560.0,376.0,32.857142857142854
0.30000000000000004,14.0,12,2026901012,1332.0,685.0,48.573573573573576
0.30000000000000004,14.0,13,2026901013,758.0,512.0,32.45382585751979
0.30000000000000004,14.0,14,2026901014,1535.0,816.0000000000001,46.84039087947882
0.30000000000000004,14.0,15,2026901015,912.9999999999999,510.00000000000006,44.140197152245335
0.30000000000000004,14.0,16,2026901016,1450.0,737.0,49.172413793103445
0.30000000000000004,14.0,17,2026901017,1005.0,476.00000000000006,52.63681592039801
0.30000000000000004,14.0,18,2026901018,1253.0,659.0,47.40622505985635
0.30000000000000004,14.0,19,2026901019,860.0,477.0,44.53488372093023
0.30000000000000004,14.0,20,2026901020,1128.0,445.0,60.54964539007092
0.30000000000000004,14.0,21,2026901021,903.9999999999999,487.0,46.12831858407078
0.30000000000000004,14.0,22,2026901022,1233.0,563.0,54.3390105433901
0.30000000000000004,14.0,23,2026901023,1164.0,650.0,44.15807560137457
0.30000000000000004,14.0,24,2026901024,952.0000000000001,488.0,48.73949579831934
0.30000000000000004,14.0,25,2026901025,891.0,481.99999999999994,45.90347923681258
0.30000000000000004,14.0,26,2026901026,714.0,372.0,47.89915966386555
0.30000000000000004,14.0,27,2026901027,1003.0000000000001,563.0,43.86839481555335
0.30000000000000004,14.0,28,2026901028,1102.0,632.0,42.6497277676951
0.30000000000000004,14.0,29,2026901029,1276.0,708.0,44.5141065830721
0.30000000000000004,14.0,30,2026901030,1081.0,535.0,50.50878815911193
0.30000000000000004,14.0,31,2026901031,970.0,503.0,48.144329896907216
0.30000000000000004,14.0,32,2026901032,1181.0,637.0,46.06265876375953
0.30000000000000004,14.0,33,2026901033,1358.0,718.0,47.12812960235641
0.30000000000000004,14.0,34,2026901034,966.0,504.0,47.82608695652174
0.30000000000000004,14.0,35,2026901035,1242.0,674.0,45.73268921095008
0.30000000000000004,14.0,36,2026901036,1216.0,599.0,50.74013157894737
0.30000000000000004,14.0,37,2026901037,1167.0,727.0,37.70351328191945
0.30000000000000004,14.0,38,2026901038,1047.0,595.0,43.17096466093601
0.30000000000000004,14.0,39,2026901039,1638.9999999999998,757.0,53.813300793166555
0.30000000000000004,14.0,40,2026901040,946.0,636.0,32.76955602536998
0.30000000000000004,14.0,41,2026901041,1094.0,532.0,51.37111517367459
0.30000000000000004,14.0,42,2026901042,1270.0,625.0,50.78740157480315
0.30000000000000004,14.0,43,2026901043,1273.0,766.0,39.827179890023565
0.30000000000000004,14.0,44,2026901044,1224.0,679.0,44.52614379084967
0.30000000000000004,14.0,45,2026901045,980.0,520.0,46.93877551020408
0.30000000000000004,14.0,46,2026901046,957.0,505.0,47.23092998955068
0.30000000000000004,14.0,47,2026901047,1406.0,723.0,48.57752489331437
0.30000000000000004,14.0,48,2026901048,1157.0,718.0,37.94295592048401
0.30000000000000004,14.0,49,2026901049,1360.0,690.0,49.26470588235294
0.30000000000000004,14.0,50,2026901050,1174.0,637.0,45.74105621805792
0.30000000000000004,14.0,51,2026901051,1053.0,567.0,46.15384615384615
0.30000000000000004,14.0,52,2026901052,1612.9999999999998,771.0,52.200867947923115
0.30000000000000004,14.0,53,2026901053,949.0,500.0,47.31296101159115
0.30000000000000004,14.0,54,2026901054,1129.0,597.0,47.12134632418069
0.30000000000000004,14.0,55,2026901055,1426.0,663.0,53.506311360448805
0.30000000000000004,14.0,56,2026901056,931.0,644.0,30.827067669172934
0.30000000000000004,14.0,57,2026901057,1374.0,647.0,52.91120815138282
0.30000000000000004,14.0,58,2026901058,1355.0,822.0,39.33579335793358
0.30000000000000004,14.0,59,2026901059,1272.0,779.0,38.757861635220124
0.30000000000000004,14.0,60,2026901060,1223.0,611.0,50.0408830744072
0.30000000000000004,14.0,61,2026901061,1232.0,695.0,43.58766233766234
0.30000000000000004,14.0,62,2026901062,1227.0,588.0,52.07823960880196
0.30000000000000004,14.0,63,2026901063,1127.0,635.0,43.65572315882875
0.30000000000000004,14.0,64,2026901064,1447.0,948.0000000000001,34.4851416724257
0.30000000000000004,14.0,65,2026901065,1034.0,567.0,45.16441005802708
0.30000000000000004,14.0,66,2026901066,1024.0,512.0,50.0
0.30000000000000004,14.0,67,2026901067,1087.0,527.0,51.517939282428706
0.30000000000000004,14.0,68,2026901068,1213.0,634.0,47.73289365210223
0.30000000000000004,14.0,69,2026901069,1030.0,519.0,49.61165048543689
0.30000000000000004,14.0,70,2026901070,590.0,293.0,50.33898305084746
0.30000000000000004,14.0,71,2026901071,1001.9999999999999,625.0,37.62475049900198
0.30000000000000004,14.0,72,2026901072,1008.0,552.0,45.23809523809524
0.30000000000000004,14.0,73,2026901073,891.0,481.99999999999994,45.90347923681258
0.30000000000000004,14.0,74,2026901074,1131.0,567.0,49.86737400530504
0.30000000000000004,14.0,75,2026901075,1084.0,508.00000000000006,53.13653136531365
0.30000000000000004,14.0,76,2026901076,847.0,532.0,37.1900826446281
0.30000000000000004,14.0,77,2026901077,911.0,522.0,42.70032930845225
0.30000000000000004,14.0,78,2026901078,1185.0,513.0,56.70886075949367
0.30000000000000004,14.0,79,2026901079,1039.0,540.0,48.026948989412894
0.30000000000000004,14.0,80,2026901080,1323.0,597.0,54.87528344671202
0.30000000000000004,14.0,81,2026901081,740.0,488.0,34.054054054054056
0.30000000000000004,14.0,82,2026901082,1448.0,754.0,47.92817679558011
0.30000000000000004,14.0,83,2026901083,827.0,385.0,53.446191051995164
0.30000000000000004,14.0,84,2026901084,847.0,451.99999999999994,46.635182998819374
0.30000000000000004,14.0,85,2026901085,1003.0000000000001,635.0,36.689930209371894
0.30000000000000004,14.0,86,2026901086,898.0,496.99999999999994,44.65478841870825
0.30000000000000004,14.0,87,2026901087,1482.0,689.0,53.50877192982456
0.30000000000000004,14.0,88,2026901088,1250.0,574.0,54.08
0.30000000000000004,14.0,89,2026901089,1227.0,619.0,49.551752241238795
0.30000000000000004,14.0,90,2026901090,1545.0,803.0000000000001,48.02588996763753
0.30000000000000004,14.0,91,2026901091,903.9999999999999,513.0,43.25221238938052
0.30000000000000004,14.0,92,2026901092,869.9999999999999,451.0,48.16091954022988
0.30000000000000004,14.0,93,2026901093,963.9999999999999,526.0,45.43568464730289
0.30000000000000004,14.0,94,2026901094,1165.0,664.0,43.00429184549356
0.30000000000000004,14.0,95,2026901095,973.0000000000001,489.0,49.74306269270299
0.30000000000000004,14.0,96,2026901096,980.9999999999999,443.0,54.841997961264006
0.30000000000000004,14.0,97,2026901097,965.0000000000001,558.0,42.176165803108816
0.30000000000000004,14.0,98,2026901098,945.0,479.0,49.31216931216931
0.30000000000000004,14.0,99,2026901099,1119.0,676.0,39.588918677390524
0.4,14.0,0,2026901000,1263.0,578.0,54.23594615993666
0.4,14.0,1,2026901001,1032.0,513.0,50.2906976744186
0.4,14.0,2,2026901002,1211.0,576.0,52.43600330305533
0.4,14.0,3,2026901003,1101.0,498.99999999999994,54.677565849227975
0.4,14.0,4,2026901004,1105.0,502.0,54.57013574660633
0.4,14.0,5,2026901005,1086.0,535.0,50.736648250460405
0.4,14.0,6,2026901006,1180.0,469.0,60.25423728813559
0.4,14.0,7,2026901007,1093.0,417.99999999999994,61.75663311985361
0.4,14.0,8,2026901008,1269.0,521.0,58.94405043341214
0.4,14.0,9,2026901009,1122.0,432.0,61.49732620320856
0.4,14.0,10,2026901010,1094.0,441.0,59.68921389396709
0.4,14.0,11,2026901011,560.0,357.0,36.25
0.4,14.0,12,2026901012,1332.0,617.0,53.67867867867868
0.4,14.0,13,2026901013,758.0,430.99999999999994,43.139841688654364
0.4,14.0,14,2026901014,1535.0,692.0,54.9185667752443
0.4,14.0,15,2026901015,912.9999999999999,430.99999999999994,52.79299014238773
0.4,14.0,16,2026901016,1450.0,660.0,54.48275862068966
0.4,14.0,17,2026901017,1005.0,380.0,62.18905472636816
0.4,14.0,18,2026901018,1253.0,537.0,57.142857142857146
0.4,14.0,19,2026901019,860.0,434.0,49.53488372093023
0.4,14.0,20,2026901020,1128.0,474.00000000000006,57.97872340425532
0.4,14.0,21,2026901021,903.9999999999999,386.0,57.3008849557522
0.4,14.0,22,2026901022,1233.0,542.0,56.04217356042174
0.4,14.0,23,2026901023,1164.0,483.0,58.50515463917526
0.4,14.0,24,2026901024,952.0000000000001,462.0,51.47058823529413
0.4,14.0,25,2026901025,891.0,347.0,61.05499438832772
0.4,14.0,26,2026901026,714.0,311.0,56.44257703081232
0.4,14.0,27,2026901027,1003.0000000000001,488.0,51.345962113659034
0.4,14.0,28,2026901028,1102.0,533.0,51.633393829401086
0.4,14.0,29,2026901029,1276.0,607.0,52.4294670846395
0.4,14.0,30,2026901030,1081.0,447.99999999999994,58.556891766882515
0.4,14.0,31,2026901031,970.0,459.00000000000006,52.68041237113401
0.4,14.0,32,2026901032,1181.0,546.0,53.7679932260796
0.4,14.0,33,2026901033,1358.0,556.0,59.057437407952875
0.4,14.0,34,2026901034,966.0,434.99999999999994,54.96894409937888
0.4,14.0,35,2026901035,1242.0,511.0,58.85668276972625
0.4,14.0,36,2026901036,1216.0,472.0,61.18421052631579
0.4,14.0,37,2026901037,1167.0,609.0,47.81491002570694
0.4,14.0,38,2026901038,1047.0,518.0,50.52531041069723
0.4,14.0,39,2026901039,1638.9999999999998,784.0,52.165954850518595
0.4,14.0,40,2026901040,946.0,449.0,52.53699788583509
0.4,14.0,41,2026901041,1094.0,479.99999999999994,56.124314442413166
0.4,14.0,42,2026901042,1270.0,620.0,51.181102362204726
0.4,14.0,43,2026901043,1273.0,698.0,45.16889238020424
0.4,14.0,44,2026901044,1224.0,475.0,61.19281045751634
0.4,14.0,45,2026901045,980.0,437.0,55.40816326530612
0.4,14.0,46,2026901046,957.0,412.00000000000006,56.94879832810867
0.4,14.0,47,2026901047,1406.0,568.0,59.60170697012802
0.4,14.0,48,2026901048,1157.0,565.0,51.16681071737251
0.4,14.0,49,2026901049,1360.0,533.0,60.80882352941177
0.4,14.0,50,2026901050,1174.0,553.0,52.89608177172061
0.4,14.0,51,2026901051,1053.0,517.0,50.902184235517566
0.4,14.0,52,2026901052,1612.9999999999998,725.0,55.052696838189696
0.4,14.0,53,2026901053,949.0,451.0,52.47629083245521
0.4,14.0,54,2026901054,1129.0,589.0,47.82993799822852
0.4,14.0,55,2026901055,1426.0,500.99999999999994,64.86676016830295
0.4,14.0,56,2026901056,931.0,420.0,54.88721804511278
0.4,14.0,57,2026901057,1374.0,638.0,53.56622998544396
0.4,14.0,58,2026901058,1355.0,663.0,51.07011070110701
0.4,14.0,59,2026901059,1272.0,649.0,48.977987421383645
0.4,14.0,60,2026901060,1223.0,574.0,53.06623058053966
0.4,14.0,61,2026901061,1232.0,591.0,52.02922077922078
0.4,14.0,62,2026901062,1227.0,537.0,56.23471882640587
0.4,14.0,63,2026901063,1127.0,550.0,51.19787045252884
0.4,14.0,64,2026901064,1447.0,718.0,50.38009675190048
0.4,14.0,65,2026901065,1034.0,496.99999999999994,51.93423597678917
0.4,14.0,66,2026901066,1024.0,393.00000000000006,61.62109375
0.4,14.0,67,2026901067,1087.0,503.0,53.725850965961364
0.4,14.0,68,2026901068,1213.0,502.0,58.61500412201154
0.4,14.0,69,2026901069,1030.0,434.0,57.86407766990291
0.4,14.0,70,2026901070,590.0,249.0,57.79661016949152
0.4,14.0,71,2026901071,1001.9999999999999,423.0,57.784431137724546
0.4,14.0,72,2026901072,1008.0,420.0,58.333333333333336
0.4,14.0,73,2026901073,891.0,359.0,59.70819304152638
0.4,14.0,74,2026901074,1131.0,527.0,53.40406719717065
0.4,14.0,75,2026901075,1084.0,447.0,58.76383763837639
0.4,14.0,76,2026901076,847.0,402.0,52.5383707201889
0.4,14.0,77,2026901077,911.0,449.99999999999994,50.60373216245885
0.4,14.0,78,2026901078,1185.0,513.0,56.70886075949367
0.4,14.0,79,2026901079,1039.0,428.0,58.8065447545717
0.4,14.0,80,2026901080,1323.0,533.0,59.71277399848828
0.4,14.0,81,2026901081,740.0,442.00000000000006,40.27027027027026
0.4,14.0,82,2026901082,1448.0,606.0,58.149171270718234
0.4,14.0,83,2026901083,827.0,367.0,55.62273276904474
0.4,14.0,84,2026901084,847.0,434.99999999999994,48.64226682408501
0.4,14.0,85,2026901085,1003.0000000000001,563.0,43.86839481555335
0.4,14.0,86,2026901086,898.0,420.0,53.229398663697104
0.4,14.0,87,2026901087,1482.0,600.0,59.51417004048583
0.4,14.0,88,2026901088,1250.0,493.00000000000006,60.56
0.4,14.0,89,2026901089,1227.0,496.99999999999994,59.494702526487366
0.4,14.0,90,2026901090,1545.0,575.0,62.7831715210356
0.4,14.0,91,2026901091,903.9999999999999,434.99999999999994,51.88053097345133
0.4,14.0,92,2026901092,869.9999999999999,460.0,47.126436781609186
0.4,14.0,93,2026901093,963.9999999999999,504.0,47.717842323651446
0.4,14.0,94,2026901094,1165.0,475.0,59.227467811158796
0.4,14.0,95,2026901095,973.0000000000001,428.0,56.01233299075027
0.4,14.0,96,2026901096,980.9999999999999,390.0,60.244648318042806
0.4,14.0,97,2026901097,965.0000000000001,423.0,56.1658031088083
0.4,14.0,98,2026901098,945.0,391.0,58.62433862433863
0.4,14.0,99,2026901099,1119.0,623.0,44.32529043789098
0.2,14.0,0,2026901000,1263.0,859.0,31.98733174980206
0.2,14.0,1,2026901001,1032.0,683.0,33.81782945736434
0.2,14.0,2,2026901002,1211.0,956.0000000000001,21.05697770437654
0.2,14.0,3,2026901003,1101.0,727.0,33.96911898274296
0.2,14.0,4,2026901004,1105.0,752.0,31.945701357466064
0.2,14.0,5,2026901005,1086.0,673.0,38.02946593001842
0.2,14.0,6,2026901006,1180.0,737.0,37.54237288135593
0.2,14.0,7,2026901007,1093.0,654.0,40.16468435498628
0.2,14.0,8,2026901008,1269.0,768.0,39.479905437352244
0.2,14.0,9,2026901009,1122.0,766.0,31.729055258467024
0.2,14.0,10,2026901010,1094.0,627.0,42.68738574040219
0.2,14.0,11,2026901011,560.0,537.0,4.107142857142857
0.2,14.0,12,2026901012,1332.0,827.9999999999999,37.837837837837846
0.2,14.0,13,2026901013,758.0,592.0,21.899736147757256
0.2,14.0,14,2026901014,1535.0,1054.0,31.335504885993487
0.2,14.0,15,2026901015,912.9999999999999,670.0,26.61555312157721
0.2,14.0,16,2026901016,1450.0,1013.0,30.137931034482758
0.2,14.0,17,2026901017,1005.0,687.0,31.64179104477612
0.2,14.0,18,2026901018,1253.0,839.0,33.04070231444533
0.2,14.0,19,2026901019,860.0,605.0,29.651162790697676
0.2,14.0,20,2026901020,1128.0,692.0,38.652482269503544
0.2,14.0,21,2026901021,903.9999999999999,587.0,35.06637168141592
0.2,14.0,22,2026901022,1233.0,686.0,44.363341443633416
0.2,14.0,23,2026901023,1164.0,642.0,44.845360824742265
0.2,14.0,24,2026901024,952.0000000000001,641.0,32.66806722689076
0.2,14.0,25,2026901025,891.0,521.0,41.52637485970819
0.2,14.0,26,2026901026,714.0,529.0,25.910364145658264
0.2,14.0,27,2026901027,1003.0000000000001,622.0,37.98604187437688
0.2,14.0,28,2026901028,1102.0,686.0,37.74954627949183
0.2,14.0,29,2026901029,1276.0,848.9999999999999,33.4639498432602
0.2,14.0,30,2026901030,1081.0,692.0,35.985198889916745
0.2,14.0,31,2026901031,970.0,709.0,26.90721649484536
0.2,14.0,32,2026901032,1181.0,861.9999999999999,27.011007620660468
0.2,14.0,33,2026901033,1358.0,833.0000000000001,38.65979381443298
0.2,14.0,34,2026901034,966.0,653.0,32.40165631469979
0.2,14.0,35,2026901035,1242.0,784.0,36.87600644122383
0.2,14.0,36,2026901036,1216.0,789.0,35.11513157894737
0.2,14.0,37,2026901037,1167.0,803.0000000000001,31.19108826049699
0.2,14.0,38,2026901038,1047.0,793.0,24.25978987583572
0.2,14.0,39,2026901039,1638.9999999999998,1077.0,34.289200732153745
0.2,14.0,40,2026901040,946.0,602.0,36.36363636363637
0.2,14.0,41,2026901041,1094.0,736.0,32.72394881170018
0.2,14.0,42,2026901042,1270.0,897.0,29.37007874015748
0.2,14.0,43,2026901043,1273.0,991.0,22.152395915161037
0.2,14.0,44,2026901044,1224.0,716.0,41.50326797385621
0.2,14.0,45,2026901045,980.0,528.0,46.12244897959184
0.2,14.0,46,2026901046,957.0,609.0,36.36363636363637
0.2,14.0,47,2026901047,1406.0,916.9999999999999,34.77951635846374
0.2,14.0,48,2026901048,1157.0,729.0,36.99222126188418
0.2,14.0,49,2026901049,1360.0,806.0,40.73529411764706
0.2,14.0,50,2026901050,1174.0,807.0000000000001,31.260647359454843
0.2,14.0,51,2026901051,1053.0,626.0,40.55080721747388
0.2,14.0,52,2026901052,1612.9999999999998,1007.0000000000001,37.56974581525107
0.2,14.0,53,2026901053,949.0,690.0,27.291886195995787
0.2,14.0,54,2026901054,1129.0,806.0,28.609388839681134
0.2,14.0,55,2026901055,1426.0,786.0000000000001,44.88078541374473
0.2,14.0,56,2026901056,931.0,674.0,27.6047261009667
0.2,14.0,57,2026901057,1374.0,831.9999999999999,39.446870451237274
0.2,14.0,58,2026901058,1355.0,950.9999999999999,29.81549815498156
0.2,14.0,59,2026901059,1272.0,816.0000000000001,35.849056603773576
0.2,14.0,60,2026901060,1223.0,912.0,25.42927228127555
0.2,14.0,61,2026901061,1232.0,844.0,31.493506493506494
0.2,14.0,62,2026901062,1227.0,622.0,49.30725346373268
0.2,14.0,63,2026901063,1127.0,814.9999999999999,27.684117125110923
0.2,14.0,64,2026901064,1447.0,997.9999999999999,31.029716655148594
0.2,14.0,65,2026901065,1034.0,664.0,35.783365570599614
0.2,14.0,66,2026901066,1024.0,528.0,48.4375
0.2,14.0,67,2026901067,1087.0,748.0,31.186752529898804
0.2,14.0,68,2026901068,1213.0,827.0,31.821929101401484
0.2,14.0,69,2026901069,1030.0,772.0,25.04854368932039
0.2,14.0,70,2026901070,590.0,412.00000000000006,30.169491525423716
0.2,14.0,71,2026901071,1001.9999999999999,744.0,25.748502994011968
0.2,14.0,72,2026901072,1008.0,723.0,28.273809523809526
0.2,14.0,73,2026901073,891.0,583.0,34.5679012345679
0.2,14.0,74,2026901074,1131.0,659.0,41.732979664014145
0.2,14.0,75,2026901075,1084.0,711.0,34.40959409594096
0.2,14.0,76,2026901076,847.0,615.0,27.390791027154663
0.2,14.0,77,2026901077,911.0,658.0,27.771679473106477
0.2,14.0,78,2026901078,1185.0,724.0,38.90295358649789
0.2,14.0,79,2026901079,1039.0,648.0,37.632338787295474
0.2,14.0,80,2026901080,1323.0,789.0,40.36281179138322
0.2,14.0,81,2026901081,740.0,585.0,20.945945945945947
0.2,14.0,82,2026901082,1448.0,821.0,43.30110497237569
0.2,14.0,83,2026901083,827.0,453.0,45.223700120918984
0.2,14.0,84,2026901084,847.0,557.0,34.23848878394333
0.2,14.0,85,2026901085,1003.0000000000001,706.0,29.611166500498513
0.2,14.0,86,2026901086,898.0,618.0,31.180400890868597
0.2,14.0,87,2026901087,1482.0,831.0,43.927125506072876
0.2,14.0,88,2026901088,1250.0,806.0,35.52
0.2,14.0,89,2026901089,1227.0,678.0,44.743276283618584
0.2,14.0,90,2026901090,1545.0,982.0000000000001,36.44012944983818
0.2,14.0,91,2026901091,903.9999999999999,572.0,36.72566371681415
0.2,14.0,92,2026901092,869.9999999999999,621.0,28.620689655172406
0.2,14.0,93,2026901093,963.9999999999999,663.0,31.224066390041486
0.2,14.0,94,2026901094,1165.0,759.0,34.84978540772532
0.2,14.0,95,2026901095,973.0000000000001,626.0,35.662898252826324
0.2,14.0,96,2026901096,980.9999999999999,607.0,38.124362895005085
0.2,14.0,97,2026901097,965.0000000000001,704.0,27.04663212435234
0.2,14.0,98,2026901098,945.0,611.0,35.34391534391534
0.2,14.0,99,2026901099,1119.0,822.0,26.541554959785522
0.1,14.0,0,2026901000,1263.0,907.0,28.186856690419635
0.1,14.0,1,2026901001,1032.0,825.0,20.058139534883722
0.1,14.0,2,2026901002,1211.0,1099.0,9.248554913294798
0.1,14.0,3,2026901003,1101.0,878.9999999999999,20.16348773841963
0.1,14.0,4,2026901004,1105.0,899.0,18.642533936651585
0.1,14.0,5,2026901005,1086.0,899.0,17.21915285451197
0.1,14.0,6,2026901006,1180.0,909.0000000000001,22.966101694915245
0.1,14.0,7,2026901007,1093.0,803.0000000000001,26.532479414455615
0.1,14.0,8,2026901008,1269.0,993.9999999999999,21.670606776989764
0.1,14.0,9,2026901009,1122.0,770.0,31.372549019607842
0.1,14.0,10,2026901010,1094.0,890.0,18.647166361974406
0.1,14.0,11,2026901011,560.0,570.0,-1.7857142857142858
0.1,14.0,12,2026901012,1332.0,935.0000000000001,29.804804804804792
0.1,14.0,13,2026901013,758.0,733.0,3.2981530343007917
0.1,14.0,14,2026901014,1535.0,1354.0,11.791530944625407
0.1,14.0,15,2026901015,912.9999999999999,777.0,14.895947426067897
0.1,14.0,16,2026901016,1450.0,1191.0,17.862068965517242
0.1,14.0,17,2026901017,1005.0,676.0,32.7363184079602
0.1,14.0,18,2026901018,1253.0,1013.0,19.154030327214684
0.1,14.0,19,2026901019,860.0,630.0,26.74418604651163
0.1,14.0,20,2026901020,1128.0,881.0,21.897163120567377
0.1,14.0,21,2026901021,903.9999999999999,744.0,17.699115044247776
0.1,14.0,22,2026901022,1233.0,901.0000000000001,26.92619626926195
0.1,14.0,23,2026901023,1164.0,867.0000000000001,25.515463917525764
0.1,14.0,24,2026901024,952.0000000000001,780.0,18.067226890756313
0.1,14.0,25,2026901025,891.0,786.0000000000001,11.784511784511773
0.1,14.0,26,2026901026,714.0,611.0,14.42577030812325
0.1,14.0,27,2026901027,1003.0000000000001,747.0,25.523429710867404
0.1,14.0,28,2026901028,1102.0,738.0,33.03085299455535
0.1,14.0,29,2026901029,1276.0,972.0,23.82445141065831
0.1,14.0,30,2026901030,1081.0,881.0,18.501387604070306
0.1,14.0,31,2026901031,970.0,925.0,4.639175257731959
0.1,14.0,32,2026901032,1181.0,1010.9999999999999,14.394580863674861
0.1,14.0,33,2026901033,1358.0,1258.0,7.363770250368188
0.1,14.0,34,2026901034,966.0,812.0,15.942028985507246
0.1,14.0,35,2026901035,1242.0,948.0000000000001,23.671497584541054
0.1,14.0,36,2026901036,1216.0,842.0,30.75657894736842
0.1,14.0,37,2026901037,1167.0,1084.0,7.112253641816624
0.1,14.0,38,2026901038,1047.0,1067.0,-1.9102196752626552
0.1,14.0,39,2026901039,1638.9999999999998,1239.0,24.405125076266007
0.1,14.0,40,2026901040,946.0,676.0,28.54122621564482
0.1,14.0,41,2026901041,1094.0,850.0000000000001,22.3034734917733
0.1,14.0,42,2026901042,1270.0,1109.0,12.67716535433071
0.1,14.0,43,2026901043,1273.0,1058.0,16.889238020424195
0.1,14.0,44,2026901044,1224.0,869.9999999999999,28.92156862745099
0.1,14.0,45,2026901045,980.0,776.0,20.816326530612244
0.1,14.0,46,2026901046,957.0,749.0,21.734587251828632
0.1,14.0,47,2026901047,1406.0,1072.0,23.75533428165007
0.1,14.0,48,2026901048,1157.0,941.0,18.66897147796024
0.1,14.0,49,2026901049,1360.0,1018.9999999999999,25.073529411764717
0.1,14.0,50,2026901050,1174.0,1007.0000000000001,14.224872231686533
0.1,14.0,51,2026901051,1053.0,838.0,20.417853751187085
0.1,14.0,52,2026901052,1612.9999999999998,1070.0,33.66398016119032
0.1,14.0,53,2026901053,949.0,774.0,18.440463645943098
0.1,14.0,54,2026901054,1129.0,963.9999999999999,14.614703277236503
0.1,14.0,55,2026901055,1426.0,894.0,37.30715287517531
0.1,14.0,56,2026901056,931.0,884.0000000000001,5.048335123523081
0.1,14.0,57,2026901057,1374.0,1084.0,21.106259097525474
0.1,14.0,58,2026901058,1355.0,1181.0,12.841328413284133
0.1,14.0,59,2026901059,1272.0,1103.0,13.286163522012579
0.1,14.0,60,2026901060,1223.0,1116.0,8.74897792313982
0.1,14.0,61,2026901061,1232.0,1042.0,15.422077922077921
0.1,14.0,62,2026901062,1227.0,912.9999999999999,25.59087204563978
0.1,14.0,63,2026901063,1127.0,877.0,22.182786157941436
0.1,14.0,64,2026901064,1447.0,1311.0,9.39875604699378
0.1,14.0,65,2026901065,1034.0,814.9999999999999,21.179883945841404
0.1,14.0,66,2026901066,1024.0,697.0,31.93359375
0.1,14.0,67,2026901067,1087.0,793.0,27.04691812327507
0.1,14.0,68,2026901068,1213.0,905.0000000000001,25.391591096455063
0.1,14.0,69,2026901069,1030.0,778.0,24.466019417475728
0.1,14.0,70,2026901070,590.0,460.0,22.033898305084747
0.1,14.0,71,2026901071,1001.9999999999999,814.9999999999999,18.662674650698605
0.1,14.0,72,2026901072,1008.0,801.9999999999999,20.436507936507947
0.1,14.0,73,2026901073,891.0,612.0,31.31313131313131
0.1,14.0,74,2026901074,1131.0,834.0,26.25994694960212
0.1,14.0,75,2026901075,1084.0,827.0,23.70848708487085
0.1,14.0,76,2026901076,847.0,744.0,12.160566706021251
0.1,14.0,77,2026901077,911.0,814.9999999999999,10.537870472008793
0.1,14.0,78,2026901078,1185.0,954.0,19.49367088607595
0.1,14.0,79,2026901079,1039.0,844.9999999999999,18.671799807507227
0.1,14.0,80,2026901080,1323.0,895.0,32.35071806500378
0.1,14.0,81,2026901081,740.0,673.0,9.054054054054054
0.1,14.0,82,2026901082,1448.0,1153.0,20.37292817679558
0.1,14.0,83,2026901083,827.0,654.0,20.918984280532044
0.1,14.0,84,2026901084,847.0,771.0,8.9728453364817
0.1,14.0,85,2026901085,1003.0000000000001,973.0000000000001,2.9910269192422727
0.1,14.0,86,2026901086,898.0,687.0,23.49665924276169
0.1,14.0,87,2026901087,1482.0,1052.0,29.01484480431849
0.1,14.0,88,2026901088,1250.0,973.0000000000001,22.159999999999993
0.1,14.0,89,2026901089,1227.0,786.0000000000001,35.94132029339852
0.1,14.0,90,2026901090,1545.0,1178.0,23.754045307443366
0.1,14.0,91,2026901091,903.9999999999999,717.0,20.68584070796459
0.1,14.0,92,2026901092,869.9999999999999,742.0,14.712643678160909
0.1,14.0,93,2026901093,963.9999999999999,793.0,17.738589211618248
0.1,14.0,94,2026901094,1165.0,868.0,25.493562231759658
0.1,14.0,95,2026901095,973.0000000000001,781.0,19.732785200411108
0.1,14.0,96,2026901096,980.9999999999999,733.0,25.280326197757383
0.1,14.0,97,2026901097,965.0000000000001,758.0,21.450777202072548
0.1,14.0,98,2026901098,945.0,621.0,34.285714285714285
0.1,14.0,99,2026901099,1119.0,899.0,19.66041108132261
0.7000000000000001,14.0,0,2026901000,1263.0,348.0,72.44655581947744
0.7000000000000001,14.0,1,2026901001,1032.0,268.0,74.03100775193798
0.7000000000000001,14.0,2,2026901002,1211.0,374.0,69.11643270024773
0.7000000000000001,14.0,3,2026901003,1101.0,309.0,71.93460490463215
0.7000000000000001,14.0,4,2026901004,1105.0,321.0,70.9502262443439
0.7000000000000001,14.0,5,2026901005,1086.0,321.0,70.44198895027624
0.7000000000000001,14.0,6,2026901006,1180.0,321.0,72.79661016949153
0.7000000000000001,14.0,7,2026901007,1093.0,250.0,77.12717291857274
0.7000000000000001,14.0,8,2026901008,1269.0,355.0,72.02521670606777
0.7000000000000001,14.0,9,2026901009,1122.0,295.0,73.70766488413547
0.7000000000000001,14.0,10,2026901010,1094.0,324.0,70.38391224862889
0.7000000000000001,14.0,11,2026901011,560.0,167.0,70.17857142857143
0.7000000000000001,14.0,12,2026901012,1332.0,334.0,74.92492492492492
0.7000000000000001,14.0,13,2026901013,758.0,250.0,67.01846965699208
0.7000000000000001,14.0,14,2026901014,1535.0,438.0,71.46579804560261
0.7000000000000001,14.0,15,2026901015,912.9999999999999,282.0,69.11281489594742
0.7000000000000001,14.0,16,2026901016,1450.0,419.0,71.10344827586206
0.7000000000000001,14.0,17,2026901017,1005.0,261.0,74.02985074626865
0.7000000000000001,14.0,18,2026901018,1253.0,312.0,75.09976057462092
0.7000000000000001,14.0,19,2026901019,860.0,243.0,71.74418604651163
0.7000000000000001,14.0,20,2026901020,1128.0,267.0,76.32978723404256
0.7000000000000001,14.0,21,2026901021,903.9999999999999,253.0,72.01327433628317
0.7000000000000001,14.0,22,2026901022,1233.0,329.0,73.31711273317113
0.7000000000000001,14.0,23,2026901023,1164.0,342.0,70.61855670103093
0.7000000000000001,14.0,24,2026901024,952.0000000000001,275.0,71.11344537815127
0.7000000000000001,14.0,25,2026901025,891.0,248.0,72.16610549943883
0.7000000000000001,14.0,26,2026901026,714.0,208.99999999999997,70.72829131652661
0.7000000000000001,14.0,27,2026901027,1003.0000000000001,317.0,68.39481555333998
0.7000000000000001,14.0,28,2026901028,1102.0,312.0,71.68784029038113
0.7000000000000001,14.0,29,2026901029,1276.0,381.0,70.141065830721
0.7000000000000001,14.0,30,2026901030,1081.0,308.0,71.50786308973173
0.7000000000000001,14.0,31,2026901031,970.0,309.0,68.14432989690722
0.7000000000000001,14.0,32,2026901032,1181.0,348.0,70.53344623200677
0.7000000000000001,14.0,33,2026901033,1358.0,383.0,71.79675994108983
0.7000000000000001,14.0,34,2026901034,966.0,234.0,75.77639751552795
0.7000000000000001,14.0,35,2026901035,1242.0,299.0,75.92592592592592
0.7000000000000001,14.0,36,2026901036,1216.0,312.0,74.34210526315789
0.7000000000000001,14.0,37,2026901037,1167.0,369.0,68.38046272493574
0.7000000000000001,14.0,38,2026901038,1047.0,335.0,68.00382043935052
0.7000000000000001,14.0,39,2026901039,1638.9999999999998,434.99999999999994,73.4594264795607
0.7000000000000001,14.0,40,2026901040,946.0,283.0,70.0845665961945
0.7000000000000001,14.0,41,2026901041,1094.0,313.0,71.38939670932358
0.7000000000000001,14.0,42,2026901042,1270.0,346.0,72.75590551181102
0.7000000000000001,14.0,43,2026901043,1273.0,411.0,67.71406127258444
0.7000000000000001,14.0,44,2026901044,1224.0,311.0,74.59150326797386
0.7000000000000001,14.0,45,2026901045,980.0,250.0,74.48979591836735
0.7000000000000001,14.0,46,2026901046,957.0,254.00000000000003,73.45872518286312
0.7000000000000001,14.0,47,2026901047,1406.0,384.0,72.68847795163585
0.7000000000000001,14.0,48,2026901048,1157.0,370.0,68.02074330164218
0.7000000000000001,14.0,49,2026901049,1360.0,357.0,73.75
0.7000000000000001,14.0,50,2026901050,1174.0,319.0,72.82793867120954
0.7000000000000001,14.0,51,2026901051,1053.0,313.0,70.27540360873694
0.7000000000000001,14.0,52,2026901052,1612.9999999999998,438.0,72.84562926224426
0.7000000000000001,14.0,53,2026901053,949.0,289.0,69.54689146469968
0.7000000000000001,14.0,54,2026901054,1129.0,351.0,68.91054030115146
0.7000000000000001,14.0,55,2026901055,1426.0,348.0,75.5960729312763
0.7000000000000001,14.0,56,2026901056,931.0,300.0,67.7765843179377
0.7000000000000001,14.0,57,2026901057,1374.0,388.0,71.76128093158661
0.7000000000000001,14.0,58,2026901058,1355.0,449.99999999999994,66.78966789667896
0.7000000000000001,14.0,59,2026901059,1272.0,358.0,71.85534591194968
0.7000000000000001,14.0,60,2026901060,1223.0,332.0,72.85363859362224
0.7000000000000001,14.0,61,2026901061,1232.0,396.0,67.85714285714286
0.7000000000000001,14.0,62,2026901062,1227.0,322.0,73.75713121434393
0.7000000000000001,14.0,63,2026901063,1127.0,315.0,72.04968944099379
0.7000000000000001,14.0,64,2026901064,1447.0,473.0,67.3116793365584
0.7000000000000001,14.0,65,2026901065,1034.0,310.0,70.01934235976789
0.7000000000000001,14.0,66,2026901066,1024.0,264.0,74.21875
0.7000000000000001,14.0,67,2026901067,1087.0,308.0,71.66513339466421
0.7000000000000001,14.0,68,2026901068,1213.0,367.0,69.7444352844188
0.7000000000000001,14.0,69,2026901069,1030.0,286.0,72.23300970873787
0.7000000000000001,14.0,70,2026901070,590.0,159.0,73.05084745762711
0.7000000000000001,14.0,71,2026901071,1001.9999999999999,328.0,67.26546906187625
0.7000000000000001,14.0,72,2026901072,1008.0,272.0,73.01587301587301
0.7000000000000001,14.0,73,2026901073,891.0,208.99999999999997,76.54320987654322
0.7000000000000001,14.0,74,2026901074,1131.0,315.0,72.14854111405836
0.7000000000000001,14.0,75,2026901075,1084.0,312.0,71.21771217712177
0.7000000000000001,14.0,76,2026901076,847.0,272.0,67.88665879574971
0.7000000000000001,14.0,77,2026901077,911.0,285.0,68.71569703622393
0.7000000000000001,14.0,78,2026901078,1185.0,292.0,75.35864978902954
0.7000000000000001,14.0,79,2026901079,1039.0,296.0,71.51106833493743
0.7000000000000001,14.0,80,2026901080,1323.0,325.0,75.43461829176115
0.7000000000000001,14.0,81,2026901081,740.0,263.0,64.45945945945945
0.7000000000000001,14.0,82,2026901082,1448.0,360.0,75.13812154696133
0.7000000000000001,14.0,83,2026901083,827.0,240.99999999999997,70.85852478839178
0.7000000000000001,14.0,84,2026901084,847.0,245.0,71.07438016528926
0.7000000000000001,14.0,85,2026901085,1003.0000000000001,323.0,67.79661016949153
0.7000000000000001,14.0,86,2026901086,898.0,279.0,68.93095768374165
0.7000000000000001,14.0,87,2026901087,1482.0,367.0,75.2361673414305
0.7000000000000001,14.0,88,2026901088,1250.0,309.0,75.28
0.7000000000000001,14.0,89,2026901089,1227.0,308.0,74.89812550937245
0.7000000000000001,14.0,90,2026901090,1545.0,351.0,77.28155339805825
0.7000000000000001,14.0,91,2026901091,903.9999999999999,305.0,66.26106194690264
0.7000000000000001,14.0,92,2026901092,869.9999999999999,293.0,66.32183908045977
0.7000000000000001,14.0,93,2026901093,963.9999999999999,306.0,68.25726141078837
0.7000000000000001,14.0,94,2026901094,1165.0,345.0,70.3862660944206
0.7000000000000001,14.0,95,2026901095,973.0000000000001,305.0,68.65364850976363
0.7000000000000001,14.0,96,2026901096,980.9999999999999,256.0,73.90417940876655
0.7000000000000001,14.0,97,2026901097,965.0000000000001,243.0,74.81865284974094
0.7000000000000001,14.0,98,2026901098,945.0,264.0,72.06349206349206
0.7000000000000001,14.0,99,2026901099,1119.0,363.0,67.5603217158177
0.8,14.0,0,2026901000,1263.0,305.0,75.85114806017418
0.8,14.0,1,2026901001,1032.0,240.99999999999997,76.64728682170542
0.8,14.0,2,2026901002,1211.0,282.0,76.71345995045417
0.8,14.0,3,2026901003,1101.0,251.0,77.20254314259763
0.8,14.0,4,2026901004,1105.0,263.0,76.19909502262443
0.8,14.0,5,2026901005,1086.0,276.0,74.58563535911603
0.8,14.0,6,2026901006,1180.0,282.0,76.10169491525424
0.8,14.0,7,2026901007,1093.0,239.00000000000003,78.13357731015553
0.8,14.0,8,2026901008,1269.0,276.0,78.25059101654847
0.8,14.0,9,2026901009,1122.0,246.0,78.07486631016043
0.8,14.0,10,2026901010,1094.0,258.0,76.41681901279708
0.8,14.0,11,2026901011,560.0,162.0,71.07142857142857
0.8,14.0,12,2026901012,1332.0,339.0,74.54954954954955
0.8,14.0,13,2026901013,758.0,215.0,71.63588390501319
0.8,14.0,14,2026901014,1535.0,382.0,75.11400651465799
0.8,14.0,15,2026901015,912.9999999999999,248.0,72.8368017524644
0.8,14.0,16,2026901016,1450.0,368.0,74.62068965517241
0.8,14.0,17,2026901017,1005.0,236.0,76.51741293532338
0.8,14.0,18,2026901018,1253.0,255.00000000000003,79.6488427773344
0.8,14.0,19,2026901019,860.0,207.99999999999997,75.81395348837209
0.8,14.0,20,2026901020,1128.0,224.99999999999997,80.05319148936171
0.8,14.0,21,2026901021,903.9999999999999,231.0,74.44690265486724
0.8,14.0,22,2026901022,1233.0,291.0,76.39902676399026
0.8,14.0,23,2026901023,1164.0,262.0,77.4914089347079
0.8,14.0,24,2026901024,952.0000000000001,249.0,73.84453781512606
0.8,14.0,25,2026901025,891.0,220.0,75.30864197530865
0.8,14.0,26,2026901026,714.0,186.0,73.94957983193277
0.8,14.0,27,2026901027,1003.0000000000001,285.0,71.5852442671984
0.8,14.0,28,2026901028,1102.0,280.0,74.59165154264973
0.8,14.0,29,2026901029,1276.0,311.0,75.6269592476489
0.8,14.0,30,2026901030,1081.0,290.0,73.17298797409806
0.8,14.0,31,2026901031,970.0,259.0,73.29896907216495
0.8,14.0,32,2026901032,1181.0,303.0,74.34377646062659
0.8,14.0,33,2026901033,1358.0,336.0,75.25773195876289
0.8,14.0,34,2026901034,966.0,225.99999999999997,76.60455486542443
0.8,14.0,35,2026901035,1242.0,255.00000000000003,79.46859903381643
0.8,14.0,36,2026901036,1216.0,259.0,78.70065789473684
0.8,14.0,37,2026901037,1167.0,342.0,70.69408740359897
0.8,14.0,38,2026901038,1047.0,308.0,70.58261700095511
0.8,14.0,39,2026901039,1638.9999999999998,411.0,74.92373398413666
0.8,14.0,40,2026901040,946.0,237.00000000000003,74.94714587737843
0.8,14.0,41,2026901041,1094.0,281.0,74.31444241316271
0.8,14.0,42,2026901042,1270.0,300.0,76.37795275590551
0.8,14.0,43,2026901043,1273.0,354.0,72.19167321288295
0.8,14.0,44,2026901044,1224.0,265.0,78.34967320261438
0.8,14.0,45,2026901045,980.0,213.0,78.26530612244898
0.8,14.0,46,2026901046,957.0,206.00000000000003,78.47439916405433
0.8,14.0,47,2026901047,1406.0,328.0,76.67140825035563
0.8,14.0,48,2026901048,1157.0,336.0,70.95937770095074
0.8,14.0,49,2026901049,1360.0,344.0,74.70588235294117
0.8,14.0,50,2026901050,1174.0,291.0,75.21294718909711
0.8,14.0,51,2026901051,1053.0,257.0,75.59354226020892
0.8,14.0,52,2026901052,1612.9999999999998,348.0,78.42529448233105
0.8,14.0,53,2026901053,949.0,216.0,77.23919915700738
0.8,14.0,54,2026901054,1129.0,316.0,72.01062887511071
0.8,14.0,55,2026901055,1426.0,317.0,77.76998597475456
0.8,14.0,56,2026901056,931.0,236.0,74.65091299677766
0.8,14.0,57,2026901057,1374.0,321.0,76.63755458515284
0.8,14.0,58,2026901058,1355.0,396.0,70.77490774907749
0.8,14.0,59,2026901059,1272.0,348.0,72.64150943396227
0.8,14.0,60,2026901060,1223.0,300.0,75.47015535568275
0.8,14.0,61,2026901061,1232.0,332.0,73.05194805194805
0.8,14.0,62,2026901062,1227.0,291.0,76.28361858190709
0.8,14.0,63,2026901063,1127.0,285.0,74.71162377994676
0.8,14.0,64,2026901064,1447.0,386.0,73.3241188666206
0.8,14.0,65,2026901065,1034.0,254.00000000000003,75.43520309477756
0.8,14.0,66,2026901066,1024.0,255.00000000000003,75.09765625
0.8,14.0,67,2026901067,1087.0,259.0,76.17295308187673
0.8,14.0,68,2026901068,1213.0,328.0,72.959604286892
0.8,14.0,69,2026901069,1030.0,248.0,75.92233009708738
0.8,14.0,70,2026901070,590.0,154.0,73.89830508474576
0.8,14.0,71,2026901071,1001.9999999999999,279.0,72.15568862275448
0.8,14.0,72,2026901072,1008.0,268.0,73.41269841269842
0.8,14.0,73,2026901073,891.0,228.0,74.41077441077441
0.8,14.0,74,2026901074,1131.0,230.0,79.66401414677277
0.8,14.0,75,2026901075,1084.0,250.0,76.93726937269372
0.8,14.0,76,2026901076,847.0,237.00000000000003,72.01889020070838
0.8,14.0,77,2026901077,911.0,254.00000000000003,72.1185510428101
0.8,14.0,78,2026901078,1185.0,272.0,77.0464135021097
0.8,14.0,79,2026901079,1039.0,273.0,73.7247353224254
0.8,14.0,80,2026901080,1323.0,299.0,77.39984882842026
0.8,14.0,81,2026901081,740.0,235.0,68.24324324324324
0.8,14.0,82,2026901082,1448.0,345.0,76.17403314917127
0.8,14.0,83,2026901083,827.0,202.0,75.57436517533253
0.8,14.0,84,2026901084,847.0,205.00000000000003,75.79693034238488
0.8,14.0,85,2026901085,1003.0000000000001,317.0,68.39481555333998
0.8,14.0,86,2026901086,898.0,230.0,74.38752783964365
0.8,14.0,87,2026901087,1482.0,346.0,76.6531713900135
0.8,14.0,88,2026901088,1250.0,255.00000000000003,79.6
0.8,14.0,89,2026901089,1227.0,282.0,77.01711491442543
0.8,14.0,90,2026901090,1545.0,349.0,77.41100323624596
0.8,14.0,91,2026901091,903.9999999999999,256.0,71.68141592920354
0.8,14.0,92,2026901092,869.9999999999999,240.99999999999997,72.29885057471263
0.8,14.0,93,2026901093,963.9999999999999,290.0,69.91701244813277
0.8,14.0,94,2026901094,1165.0,321.0,72.44635193133047
0.8,14.0,95,2026901095,973.0000000000001,259.0,73.38129496402878
0.8,14.0,96,2026901096,980.9999999999999,214.0,78.1855249745158
0.8,14.0,97,2026901097,965.0000000000001,220.0,77.20207253886011
0.8,14.0,98,2026901098,945.0,229.0,75.76719576719577
0.8,14.0,99,2026901099,1119.0,306.0,72.65415549597856
0.6,28.0,0,2026902000,1526.0,812.0,46.788990825688074
0.6,28.0,1,2026902001,1474.0,709.0,51.89959294436906
0.6,28.0,2,2026902002,932.0,417.99999999999994,55.15021459227468
0.6,28.0,3,2026902003,1008.0,502.0,50.198412698412696
0.6,28.0,4,2026902004,1089.0,531.0,51.239669421487605
0.6,28.0,5,2026902005,1408.0,622.0,55.82386363636363
0.6,28.0,6,2026902006,1428.0,602.0,57.84313725490196
0.6,28.0,7,2026902007,814.9999999999999,375.0,53.98773006134968
0.6,28.0,8,2026902008,1106.0,527.0,52.35081374321881
0.6,28.0,9,2026902009,984.9999999999999,462.0,53.096446700507606
0.6,28.0,10,2026902010,1086.0,579.0,46.68508287292818
0.6,28.0,11,2026902011,1120.0,573.0,48.839285714285715
0.6,28.0,12,2026902012,865.0,487.0,43.69942196531792
0.6,28.0,13,2026902013,1186.0,557.0,53.035413153457
0.6,28.0,14,2026902014,910.0,407.0,55.27472527472528
0.6,28.0,15,2026902015,1061.0,516.0,51.36663524976437
0.6,28.0,16,2026902016,1061.0,532.0,49.858623939679546
0.6,28.0,17,2026902017,1104.0,504.0,54.34782608695652
0.6,28.0,18,2026902018,1432.0,632.0,55.865921787709496
0.6,28.0,19,2026902019,1051.0,536.0,49.00095147478592
0.6,28.0,20,2026902020,1169.0,601.0,48.5885372112917
0.6,28.0,21,2026902021,1232.0,573.0,53.49025974025974
0.6,28.0,22,2026902022,1541.0,680.0,55.872809863724854
0.6,28.0,23,2026902023,912.0,421.0,53.83771929824562
0.6,28.0,24,2026902024,1048.0,503.0,52.00381679389313
0.6,28.0,25,2026902025,1473.0,699.0,52.54582484725051
0.6,28.0,26,2026902026,1007.0000000000001,496.0,50.74478649453824
0.6,28.0,27,2026902027,1333.0,583.0,56.264066016504124
0.6,28.0,28,2026902028,1027.0,474.00000000000006,53.84615384615385
0.6,28.0,29,2026902029,942.0,442.00000000000006,53.07855626326963
0.6,28.0,30,2026902030,663.0,387.0,41.6289592760181
0.6,28.0,31,2026902031,1044.0,419.0,59.86590038314176
0.6,28.0,32,2026902032,1260.0,614.0,51.26984126984127
0.6,28.0,33,2026902033,809.0,413.99999999999994,48.825710754017315
0.6,28.0,34,2026902034,1169.0,570.0,51.24037639007699
0.6,28.0,35,2026902035,1204.0,534.0,55.647840531561464
0.6,28.0,36,2026902036,1290.0,660.0,48.83720930232558
0.6,28.0,37,2026902037,1398.0,699.0,50.0
0.6,28.0,38,2026902038,999.0000000000001,434.0,56.556556556556565
0.6,28.0,39,2026902039,797.0,458.0,42.534504391468005
0.6,28.0,40,2026902040,1082.0,517.0,52.218114602587804
0.6,28.0,41,2026902041,1058.0,520.0,50.85066162570889
0.6,28.0,42,2026902042,1091.0,575.0,47.29605866177818
0.6,28.0,43,2026902043,1073.0,504.0,53.02889095992544
0.6,28.0,44,2026902044,1148.0,535.0,53.397212543554005
0.6,28.0,45,2026902045,1077.0,508.00000000000006,52.831940575673165
0.6,28.0,46,2026902046,1117.0,516.0,53.804834377797675
0.6,28.0,47,2026902047,1052.0,451.99999999999994,57.034220532319395
0.6,28.0,48,2026902048,674.0,388.0,42.433234421364986
0.6,28.0,49,2026902049,1272.0,588.0,53.77358490566038
0.6,28.0,50,2026902050,1096.0,517.0,52.82846715328467
0.6,28.0,51,2026902051,1271.0,632.0,50.27537372147915
0.6,28.0,52,2026902052,1278.0,684.0,46.478873239436616
0.6,28.0,53,2026902053,1299.0,530.0,59.19938414164742
0.6,28.0,54,2026902054,661.0,357.0,45.99092284417549
0.6,28.0,55,2026902055,1323.0,607.0,54.119425547996975
0.6,28.0,56,2026902056,980.0,456.0,53.46938775510204
0.6,28.0,57,2026902057,927.0,479.0,48.32793959007551
0.6,28.0,58,2026902058,1086.0,514.0,52.67034990791897
0.6,28.0,59,2026902059,1241.0,478.00000000000006,61.482675261885575
0.6,28.0,60,2026902060,1023.0,446.00000000000006,56.40273704789834
0.6,28.0,61,2026902061,1277.0,648.0,49.256068911511356
0.6,28.0,62,2026902062,922.0000000000001,367.0,60.19522776572669
0.6,28.0,63,2026902063,892.0000000000001,492.0,44.84304932735427
0.6,28.0,64,2026902064,1475.0,694.0,52.94915254237288
0.6,28.0,65,2026902065,928.0,483.99999999999994,47.844827586206904
0.6,28.0,66,2026902066,1145.0,550.0,51.96506550218341
0.6,28.0,67,2026902067,1106.0,583.0,47.2875226039783
0.6,28.0,68,2026902068,1087.0,481.0,55.74977000919963
0.6,28.0,69,2026902069,745.0,353.0,52.61744966442953
0.6,28.0,70,2026902070,1231.0,625.0,49.22826969943136
0.6,28.0,71,2026902071,1443.0,736.0,48.995148995148995
0.6,28.0,72,2026902072,1249.0,613.0,50.920736589271414
0.6,28.0,73,2026902073,1253.0,661.0,47.24660814046289
0.6,28.0,74,2026902074,1067.0,505.0,52.67104029990628
0.6,28.0,75,2026902075,1025.0,483.0,52.8780487804878
0.6,28.0,76,2026902076,935.0000000000001,491.00000000000006,47.486631016042786
0.6,28.0,77,2026902077,1207.0,527.0,56.33802816901409
0.6,28.0,78,2026902078,1490.0,632.0,57.58389261744966
0.6,28.0,79,2026902079,1414.0,679.0,51.98019801980198
0.6,28.0,80,2026902080,1108.0,564.0,49.09747292418773
0.6,28.0,81,2026902081,1075.0,521.0,51.53488372093023
0.6,28.0,82,2026902082,915.0,483.0,47.21311475409836
0.6,28.0,83,2026902083,1447.0,701.0,51.55494125777471
0.6,28.0,84,2026902084,1183.0,498.0,57.90363482671175
0.6,28.0,85,2026902085,1356.0,593.0,56.26843657817109
0.6,28.0,86,2026902086,1180.0,532.0,54.91525423728814
0.6,28.0,87,2026902087,1007.0000000000001,459.00000000000006,54.419066534260175
0.6,28.0,88,2026902088,1342.0,643.0,52.08643815201192
0.6,28.0,89,2026902089,976.9999999999999,400.0,59.05834186284544
0.6,28.0,90,2026902090,875.0000000000001,409.0,53.25714285714287
0.6,28.0,91,2026902091,1183.0,567.0,52.071005917159766
0.6,28.0,92,2026902092,885.0,427.00000000000006,51.751412429378526
0.6,28.0,93,2026902093,679.0,292.0,56.995581737849776
0.6,28.0,94,2026902094,861.0,449.0,47.851335656213706
0.6,28.0,95,2026902095,1352.0,599.0,55.69526627218935
0.6,28.0,96,2026902096,1000.0,524.0,47.6
0.6,28.0,97,2026902097,1235.0,665.0,46.15384615384615
0.6,28.0,98,2026902098,791.0,403.0,49.05183312262958
0.6,28.0,99,2026902099,1510.0,736.0,51.258278145695364
0.7000000000000001,28.0,0,2026902000,1526.0,734.0,51.900393184796854
0.7000000000000001,28.0,1,2026902001,1474.0,632.0,57.12347354138399
0.7000000000000001,28.0,2,2026902002,932.0,406.0,56.437768240343345
0.7000000000000001,28.0,3,2026902003,1008.0,449.99999999999994,55.357142857142854
0.7000000000000001,28.0,4,2026902004,1089.0,475.0,56.38200183654729
0.7000000000000001,28.0,5,2026902005,1408.0,572.0,59.375
0.7000000000000001,28.0,6,2026902006,1428.0,569.0,60.15406162464986
0.7000000000000001,28.0,7,2026902007,814.9999999999999,351.0,56.932515337423304
0.7000000000000001,28.0,8,2026902008,1106.0,498.99999999999994,54.88245931283906
0.7000000000000001,28.0,9,2026902009,984.9999999999999,432.0,56.14213197969542
0.7000000000000001,28.0,10,2026902010,1086.0,496.0,54.32780847145488
0.7000000000000001,28.0,11,2026902011,1120.0,523.0,53.30357142857143
0.7000000000000001,28.0,12,2026902012,865.0,398.99999999999994,53.8728323699422
0.7000000000000001,28.0,13,2026902013,1186.0,567.0,52.192242833052276
0.7000000000000001,28.0,14,2026902014,910.0,378.0,58.46153846153846
0.7000000000000001,28.0,15,2026902015,1061.0,485.0,54.288407163053726
0.7000000000000001,28.0,16,2026902016,1061.0,483.99999999999994,54.38265786993402
0.7000000000000001,28.0,17,2026902017,1104.0,487.0,55.88768115942029
0.7000000000000001,28.0,18,2026902018,1432.0,632.0,55.865921787709496
0.7000000000000001,28.0,19,2026902019,1051.0,487.0,53.663177925784964
0.7000000000000001,28.0,20,2026902020,1169.0,549.0,53.03678357570573
0.7000000000000001,28.0,21,2026902021,1232.0,590.0,52.11038961038961
0.7000000000000001,28.0,22,2026902022,1541.0,623.0,59.57170668397145
0.7000000000000001,28.0,23,2026902023,912.0,371.0,59.32017543859649
0.7000000000000001,28.0,24,2026902024,1048.0,479.99999999999994,54.19847328244275
0.7000000000000001,28.0,25,2026902025,1473.0,646.0,56.1439239646979
0.7000000000000001,28.0,26,2026902026,1007.0000000000001,429.00000000000006,57.3982125124131
0.7000000000000001,28.0,27,2026902027,1333.0,543.0,59.264816204051016
0.7000000000000001,28.0,28,2026902028,1027.0,417.0,59.39629990262902
0.7000000000000001,28.0,29,2026902029,942.0,432.99999999999994,54.0339702760085
0.7000000000000001,28.0,30,2026902030,663.0,339.0,48.86877828054298
0.7000000000000001,28.0,31,2026902031,1044.0,409.0,60.82375478927203
0.7000000000000001,28.0,32,2026902032,1260.0,567.0,55.0
0.7000000000000001,28.0,33,2026902033,809.0,378.0,53.27564894932015
0.7000000000000001,28.0,34,2026902034,1169.0,548.0,53.122326775021385
0.7000000000000001,28.0,35,2026902035,1204.0,531.0,55.89700996677741
0.7000000000000001,28.0,36,2026902036,1290.0,593.0,54.031007751937985
0.7000000000000001,28.0,37,2026902037,1398.0,648.0,53.648068669527895
0.7000000000000001,28.0,38,2026902038,999.0000000000001,390.0,60.96096096096097
0.7000000000000001,28.0,39,2026902039,797.0,411.0,48.431618569636136
0.7000000000000001,28.0,40,2026902040,1082.0,511.0,52.77264325323475
0.7000000000000001,28.0,41,2026902041,1058.0,491.00000000000006,53.59168241965973
0.7000000000000001,28.0,42,2026902042,1091.0,520.0,52.337305224564616
0.7000000000000001,28.0,43,2026902043,1073.0,437.0,59.27306616961789
0.7000000000000001,28.0,44,2026902044,1148.0,529.0,53.9198606271777
0.7000000000000001,28.0,45,2026902045,1077.0,468.0,56.54596100278552
0.7000000000000001,28.0,46,2026902046,1117.0,460.0,58.81826320501343
0.7000000000000001,28.0,47,2026902047,1052.0,413.0,60.741444866920155
0.7000000000000001,28.0,48,2026902048,674.0,358.0,46.88427299703264
0.7000000000000001,28.0,49,2026902049,1272.0,556.0,56.289308176100626
0.7000000000000001,28.0,50,2026902050,1096.0,496.0,54.74452554744526
0.7000000000000001,28.0,51,2026902051,1271.0,602.0,52.63571990558615
0.7000000000000001,28.0,52,2026902052,1278.0,628.0,50.86071987480438
0.7000000000000001,28.0,53,2026902053,1299.0,496.99999999999994,61.73979984603541
0.7000000000000001,28.0,54,2026902054,661.0,316.0,52.193645990922846
0.7000000000000001,28.0,55,2026902055,1323.0,519.0,60.770975056689345
0.7000000000000001,28.0,56,2026902056,980.0,402.0,58.97959183673469
0.7000000000000001,28.0,57,2026902057,927.0,445.0,51.995685005393746
0.7000000000000001,28.0,58,2026902058,1086.0,451.0,58.47145488029466
0.7000000000000001,28.0,59,2026902059,1241.0,455.0,63.33601933924255
0.7000000000000001,28.0,60,2026902060,1023.0,437.0,57.282502443792765
0.7000000000000001,28.0,61,2026902061,1277.0,568.0,55.52075176194205
0.7000000000000001,28.0,62,2026902062,922.0000000000001,349.0,62.147505422993504
0.7000000000000001,28.0,63,2026902063,892.0000000000001,438.0,50.8968609865471
0.7000000000000001,28.0,64,2026902064,1475.0,644.0,56.33898305084746
0.7000000000000001,28.0,65,2026902065,928.0,436.0,53.01724137931034
0.7000000000000001,28.0,66,2026902066,1145.0,516.0,54.93449781659389
0.7000000000000001,28.0,67,2026902067,1106.0,498.99999999999994,54.88245931283906
0.7000000000000001,28.0,68,2026902068,1087.0,446.00000000000006,58.96964121435143
0.7000000000000001,28.0,69,2026902069,745.0,334.0,55.16778523489933
0.7000000000000001,28.0,70,2026902070,1231.0,543.0,55.88952071486596
0.7000000000000001,28.0,71,2026902071,1443.0,625.0,56.68745668745669
0.7000000000000001,28.0,72,2026902072,1249.0,557.0,55.40432345876702
0.7000000000000001,28.0,73,2026902073,1253.0,580.0,53.711093375897846
0.7000000000000001,28.0,74,2026902074,1067.0,500.0,53.139643861293344
0.7000000000000001,28.0,75,2026902075,1025.0,446.00000000000006,56.48780487804878
0.7000000000000001,28.0,76,2026902076,935.0000000000001,420.0,55.08021390374333
0.7000000000000001,28.0,77,2026902077,1207.0,489.0,59.48632974316487
0.7000000000000001,28.0,78,2026902078,1490.0,573.0,61.54362416107382
0.7000000000000001,28.0,79,2026902079,1414.0,604.0,57.28429985855728
0.7000000000000001,28.0,80,2026902080,1108.0,526.0,52.52707581227437
0.7000000000000001,28.0,81,2026902081,1075.0,461.00000000000006,57.116279069767444
0.7000000000000001,28.0,82,2026902082,915.0,434.0,52.568306010928964
0.7000000000000001,28.0,83,2026902083,1447.0,620.0,57.15272978576365
0.7000000000000001,28.0,84,2026902084,1183.0,415.0,64.91969568892645
0.7000000000000001,28.0,85,2026902085,1356.0,529.0,60.9882005899705
0.7000000000000001,28.0,86,2026902086,1180.0,474.00000000000006,59.83050847457627
0.7000000000000001,28.0,87,2026902087,1007.0000000000001,430.0,57.29890764647469
0.7000000000000001,28.0,88,2026902088,1342.0,582.0,56.63189269746647
0.7000000000000001,28.0,89,2026902089,976.9999999999999,398.99999999999994,59.16069600818834
0.7000000000000001,28.0,90,2026902090,875.0000000000001,373.0,57.37142857142858
0.7000000000000001,28.0,91,2026902091,1183.0,529.0,55.28317836010144
0.7000000000000001,28.0,92,2026902092,885.0,369.0,58.30508474576271
0.7000000000000001,28.0,93,2026902093,679.0,279.0,58.910162002945505
0.7000000000000001,28.0,94,2026902094,861.0,415.0,51.800232288037165
0.7000000000000001,28.0,95,2026902095,1352.0,518.0,61.68639053254438
0.7000000000000001,28.0,96,2026902096,1000.0,481.99999999999994,51.8
0.7000000000000001,28.0,97,2026902097,1235.0,634.0,48.663967611336034
0.7000000000000001,28.0,98,2026902098,791.0,384.0,51.45385587863464
0.7000000000000001,28.0,99,2026902099,1510.0,672.0,55.496688741721854
0.4,28.0,0,2026902000,1526.0,980.0,35.77981651376147
0.4,28.0,1,2026902001,1474.0,916.9999999999999,37.78833107191317
0.4,28.0,2,2026902002,932.0,537.0,42.38197424892704
0.4,28.0,3,2026902003,1008.0,591.0,41.36904761904762
0.4,28.0,4,2026902004,1089.0,674.0,38.10835629017447
0.4,28.0,5,2026902005,1408.0,831.0,40.98011363636363
0.4,28.0,6,2026902006,1428.0,784.9999999999999,45.0280112044818
0.4,28.0,7,2026902007,814.9999999999999,490.0,39.87730061349693
0.4,28.0,8,2026902008,1106.0,586.0,47.01627486437613
0.4,28.0,9,2026902009,984.9999999999999,528.0,46.395939086294405
0.4,28.0,10,2026902010,1086.0,667.0,38.58195211786372
0.4,28.0,11,2026902011,1120.0,747.0,33.30357142857143
0.4,28.0,12,2026902012,865.0,551.0,36.30057803468208
0.4,28.0,13,2026902013,1186.0,736.0,37.94266441821248
0.4,28.0,14,2026902014,910.0,507.0,44.285714285714285
0.4,28.0,15,2026902015,1061.0,608.0,42.69557021677662
0.4,28.0,16,2026902016,1061.0,628.0,40.810556079170595
0.4,28.0,17,2026902017,1104.0,645.0,41.57608695652174
0.4,28.0,18,2026902018,1432.0,824.0000000000001,42.458100558659204
0.4,28.0,19,2026902019,1051.0,672.0,36.06089438629876
0.4,28.0,20,2026902020,1169.0,818.0,30.025662959794698
0.4,28.0,21,2026902021,1232.0,700.0,43.18181818181818
0.4,28.0,22,2026902022,1541.0,843.0,45.295262816353016
0.4,28.0,23,2026902023,912.0,491.00000000000006,46.162280701754376
0.4,28.0,24,2026902024,1048.0,616.0,41.221374045801525
0.4,28.0,25,2026902025,1473.0,884.0000000000001,39.98642226748132
0.4,28.0,26,2026902026,1007.0000000000001,604.0,40.0198609731877
0.4,28.0,27,2026902027,1333.0,731.0,45.16129032258065
0.4,28.0,28,2026902028,1027.0,580.0,43.524829600778965
0.4,28.0,29,2026902029,942.0,551.0,41.50743099787686
0.4,28.0,30,2026902030,663.0,423.0,36.199095022624434
0.4,28.0,31,2026902031,1044.0,537.0,48.5632183908046
0.4,28.0,32,2026902032,1260.0,810.9999999999999,35.63492063492065
0.4,28.0,33,2026902033,809.0,478.00000000000006,40.914709517923356
0.4,28.0,34,2026902034,1169.0,649.0,44.48246364414029
0.4,28.0,35,2026902035,1204.0,730.0,39.3687707641196
0.4,28.0,36,2026902036,1290.0,782.0,39.37984496124031
0.4,28.0,37,2026902037,1398.0,889.0,36.40915593705293
0.4,28.0,38,2026902038,999.0000000000001,547.0,45.24524524524526
0.4,28.0,39,2026902039,797.0,556.0,30.238393977415306
0.4,28.0,40,2026902040,1082.0,678.0,37.33826247689464
0.4,28.0,41,2026902041,1058.0,635.0,39.98109640831758
0.4,28.0,42,2026902042,1091.0,739.0,32.26397800183318
0.4,28.0,43,2026902043,1073.0,629.0,41.37931034482759
0.4,28.0,44,2026902044,1148.0,696.0,39.37282229965157
0.4,28.0,45,2026902045,1077.0,651.0,39.55431754874652
0.4,28.0,46,2026902046,1117.0,693.0,37.95881826320501
0.4,28.0,47,2026902047,1052.0,605.0,42.49049429657795
0.4,28.0,48,2026902048,674.0,488.0,27.596439169139465
0.4,28.0,49,2026902049,1272.0,743.0,41.588050314465406
0.4,28.0,50,2026902050,1096.0,674.0,38.503649635036496
0.4,28.0,51,2026902051,1271.0,795.0,37.45082612116444
0.4,28.0,52,2026902052,1278.0,760.0,40.5320813771518
0.4,28.0,53,2026902053,1299.0,649.0,50.03849114703618
0.4,28.0,54,2026902054,661.0,383.0,42.05748865355522
0.4,28.0,55,2026902055,1323.0,674.0,49.055177626606195
0.4,28.0,56,2026902056,980.0,532.0,45.714285714285715
0.4,28.0,57,2026902057,927.0,583.0,37.108953613807984
0.4,28.0,58,2026902058,1086.0,622.0,42.7255985267035
0.4,28.0,59,2026902059,1241.0,615.0,50.443190975020144
0.4,28.0,60,2026902060,1023.0,584.0,42.91300097751711
0.4,28.0,61,2026902061,1277.0,787.0,38.37118245888802
0.4,28.0,62,2026902062,922.0000000000001,500.99999999999994,45.661605206073766
0.4,28.0,63,2026902063,892.0000000000001,623.0,30.15695067264575
0.4,28.0,64,2026902064,1475.0,814.9999999999999,44.745762711864415
0.4,28.0,65,2026902065,928.0,616.0,33.62068965517241
0.4,28.0,66,2026902066,1145.0,731.0,36.157205240174676
0.4,28.0,67,2026902067,1106.0,704.0,36.34719710669078
0.4,28.0,68,2026902068,1087.0,608.0,44.06623735050598
0.4,28.0,69,2026902069,745.0,443.0,40.53691275167785
0.4,28.0,70,2026902070,1231.0,810.0,34.199837530463036
0.4,28.0,71,2026902071,1443.0,818.9999999999999,43.243243243243256
0.4,28.0,72,2026902072,1249.0,784.0,37.22978382706165
0.4,28.0,73,2026902073,1253.0,743.0,40.702314445331204
0.4,28.0,74,2026902074,1067.0,624.0,41.518275538894095
0.4,28.0,75,2026902075,1025.0,635.0,38.048780487804876
0.4,28.0,76,2026902076,935.0000000000001,611.0,34.65240641711231
0.4,28.0,77,2026902077,1207.0,685.0,43.24772162386081
0.4,28.0,78,2026902078,1490.0,807.0000000000001,45.838926174496635
0.4,28.0,79,2026902079,1414.0,810.0,42.71570014144272
0.4,28.0,80,2026902080,1108.0,715.0,35.46931407942238
0.4,28.0,81,2026902081,1075.0,672.0,37.48837209302326
0.4,28.0,82,2026902082,915.0,541.0,40.87431693989071
0.4,28.0,83,2026902083,1447.0,824.0000000000001,43.05459571527297
0.4,28.0,84,2026902084,1183.0,610.0,48.43617920540998
0.4,28.0,85,2026902085,1356.0,717.0,47.123893805309734
0.4,28.0,86,2026902086,1180.0,657.0,44.32203389830509
0.4,28.0,87,2026902087,1007.0000000000001,638.0,36.64349553128104
0.4,28.0,88,2026902088,1342.0,771.0,42.54843517138599
0.4,28.0,89,2026902089,976.9999999999999,532.0,45.547594677584435
0.4,28.0,90,2026902090,875.0000000000001,483.99999999999994,44.6857142857143
0.4,28.0,91,2026902091,1183.0,702.0,40.65934065934066
0.4,28.0,92,2026902092,885.0,513.0,42.03389830508475
0.4,28.0,93,2026902093,679.0,386.0,43.15169366715759
0.4,28.0,94,2026902094,861.0,581.0,32.520325203252035
0.4,28.0,95,2026902095,1352.0,818.9999999999999,39.423076923076934
0.4,28.0,96,2026902096,1000.0,647.0,35.3
0.4,28.0,97,2026902097,1235.0,831.0,32.71255060728745
0.4,28.0,98,2026902098,791.0,532.0,32.743362831858406
0.4,28.0,99,2026902099,1510.0,958.0,36.556291390728475
0.8,28.0,0,2026902000,1526.0,677.0,55.63564875491481
0.8,28.0,1,2026902001,1474.0,600.0,59.29443690637721
0.8,28.0,2,2026902002,932.0,384.0,58.798283261802574
0.8,28.0,3,2026902003,1008.0,424.0,57.93650793650794
0.8,28.0,4,2026902004,1089.0,415.0,61.89164370982553
0.8,28.0,5,2026902005,1408.0,564.0,59.94318181818182
0.8,28.0,6,2026902006,1428.0,538.0,62.324929971988794
0.8,28.0,7,2026902007,814.9999999999999,316.0,61.226993865030664
0.8,28.0,8,2026902008,1106.0,474.00000000000006,57.142857142857146
0.8,28.0,9,2026902009,984.9999999999999,388.0,60.60913705583756
0.8,28.0,10,2026902010,1086.0,457.0,57.918968692449354
0.8,28.0,11,2026902011,1120.0,505.0,54.910714285714285
0.8,28.0,12,2026902012,865.0,382.0,55.83815028901734
0.8,28.0,13,2026902013,1186.0,481.0,59.44350758853288
0.8,28.0,14,2026902014,910.0,311.0,65.82417582417582
0.8,28.0,15,2026902015,1061.0,424.0,60.03770028275212
0.8,28.0,16,2026902016,1061.0,444.00000000000006,58.15268614514609
0.8,28.0,17,2026902017,1104.0,449.99999999999994,59.23913043478261
0.8,28.0,18,2026902018,1432.0,570.0,60.19553072625698
0.8,28.0,19,2026902019,1051.0,457.0,56.51760228353949
0.8,28.0,20,2026902020,1169.0,512.0,56.201881950384944
0.8,28.0,21,2026902021,1232.0,517.0,58.035714285714285
0.8,28.0,22,2026902022,1541.0,588.0,61.842959117456196
0.8,28.0,23,2026902023,912.0,332.0,63.59649122807018
0.8,28.0,24,2026902024,1048.0,410.00000000000006,60.87786259541985
0.8,28.0,25,2026902025,1473.0,602.0,59.13102511880516
0.8,28.0,26,2026902026,1007.0000000000001,415.0,58.78848063555115
0.8,28.0,27,2026902027,1333.0,489.0,63.31582895723931
0.8,28.0,28,2026902028,1027.0,379.0,63.09639727361246
0.8,28.0,29,2026902029,942.0,386.0,59.02335456475584
0.8,28.0,30,2026902030,663.0,343.0,48.26546003016591
0.8,28.0,31,2026902031,1044.0,366.0,64.94252873563218
0.8,28.0,32,2026902032,1260.0,485.0,61.507936507936506
0.8,28.0,33,2026902033,809.0,350.0,56.736711990111246
0.8,28.0,34,2026902034,1169.0,481.0,58.85372112917023
0.8,28.0,35,2026902035,1204.0,505.0,58.056478405315616
0.8,28.0,36,2026902036,1290.0,534.0,58.604651162790695
0.8,28.0,37,2026902037,1398.0,573.0,59.012875536480685
0.8,28.0,38,2026902038,999.0000000000001,344.0,65.56556556556558
0.8,28.0,39,2026902039,797.0,359.0,54.956085319949814
0.8,28.0,40,2026902040,1082.0,429.00000000000006,60.35120147874307
0.8,28.0,41,2026902041,1058.0,428.0,59.54631379962193
0.8,28.0,42,2026902042,1091.0,460.0,57.83684692942255
0.8,28.0,43,2026902043,1073.0,421.0,60.76421248835042
0.8,28.0,44,2026902044,1148.0,455.0,60.36585365853659
0.8,28.0,45,2026902045,1077.0,444.00000000000006,58.77437325905292
0.8,28.0,46,2026902046,1117.0,439.0,60.69829901521934
0.8,28.0,47,2026902047,1052.0,400.99999999999994,61.88212927756654
0.8,28.0,48,2026902048,674.0,324.0,51.92878338278932
0.8,28.0,49,2026902049,1272.0,481.0,62.185534591194966
0.8,28.0,50,2026902050,1096.0,454.0,58.57664233576642
0.8,28.0,51,2026902051,1271.0,546.0,57.041699449252555
0.8,28.0,52,2026902052,1278.0,532.0,58.37245696400626
0.8,28.0,53,2026902053,1299.0,427.00000000000006,67.12856043110085
0.8,28.0,54,2026902054,661.0,307.0,53.55521936459909
0.8,28.0,55,2026902055,1323.0,526.0,60.24187452758881
0.8,28.0,56,2026902056,980.0,386.0,60.61224489795919
0.8,28.0,57,2026902057,927.0,417.99999999999994,54.908306364617054
0.8,28.0,58,2026902058,1086.0,413.0,61.97053406998158
0.8,28.0,59,2026902059,1241.0,438.0,64.70588235294117
0.8,28.0,60,2026902060,1023.0,392.0,61.681329423264906
0.8,28.0,61,2026902061,1277.0,555.0,56.53876272513704
0.8,28.0,62,2026902062,922.0000000000001,340.0,63.12364425162691
0.8,28.0,63,2026902063,892.0000000000001,415.0,53.475336322869964
0.8,28.0,64,2026902064,1475.0,604.0,59.05084745762712
0.8,28.0,65,2026902065,928.0,393.00000000000006,57.650862068965516
0.8,28.0,66,2026902066,1145.0,469.0,59.03930131004367
0.8,28.0,67,2026902067,1106.0,491.00000000000006,55.605786618444846
0.8,28.0,68,2026902068,1087.0,436.0,59.889604415823364
0.8,28.0,69,2026902069,745.0,298.0,60.0
0.8,28.0,70,2026902070,1231.0,532.0,56.78310316815597
0.8,28.0,71,2026902071,1443.0,581.0,59.73665973665974
0.8,28.0,72,2026902072,1249.0,530.0,57.56605284227382
0.8,28.0,73,2026902073,1253.0,493.00000000000006,60.65442936951317
0.8,28.0,74,2026902074,1067.0,466.0,56.326148078725396
0.8,28.0,75,2026902075,1025.0,405.0,60.48780487804878
0.8,28.0,76,2026902076,935.0000000000001,415.99999999999994,55.508021390374346
0.8,28.0,77,2026902077,1207.0,481.0,60.149130074565036
0.8,28.0,78,2026902078,1490.0,534.0,64.16107382550335
0.8,28.0,79,2026902079,1414.0,576.0,59.264497878359265
0.8,28.0,80,2026902080,1108.0,483.0,56.40794223826715
0.8,28.0,81,2026902081,1075.0,454.0,57.76744186046512
0.8,28.0,82,2026902082,915.0,400.0,56.28415300546448
0.8,28.0,83,2026902083,1447.0,588.0,59.36420179682101
0.8,28.0,84,2026902084,1183.0,388.0,67.20202874049028
0.8,28.0,85,2026902085,1356.0,489.0,63.93805309734513
0.8,28.0,86,2026902086,1180.0,457.0,61.271186440677965
0.8,28.0,87,2026902087,1007.0000000000001,393.00000000000006,60.97318768619662
0.8,28.0,88,2026902088,1342.0,521.0,61.177347242921016
0.8,28.0,89,2026902089,976.9999999999999,351.0,64.07369498464688
0.8,28.0,90,2026902090,875.0000000000001,329.0,62.400000000000006
0.8,28.0,91,2026902091,1183.0,488.0,58.74894336432798
0.8,28.0,92,2026902092,885.0,355.0,59.887005649717516
0.8,28.0,93,2026902093,679.0,261.0,61.56111929307806
0.8,28.0,94,2026902094,861.0,364.0,57.72357723577236
0.8,28.0,95,2026902095,1352.0,483.0,64.27514792899409
0.8,28.0,96,2026902096,1000.0,428.0,57.2
0.8,28.0,97,2026902097,1235.0,578.0,53.19838056680162
0.8,28.0,98,2026902098,791.0,347.0,56.1314791403287
0.8,28.0,99,2026902099,1510.0,657.0,56.49006622516556
0.30000000000000004,28.0,0,2026902000,1526.0,1064.0,30.275229357798164
0.30000000000000004,28.0,1,2026902001,1474.0,953.0,35.34599728629579
0.30000000000000004,28.0,2,2026902002,932.0,574.0,38.412017167381975
0.30000000000000004,28.0,3,2026902003,1008.0,724.0,28.174603174603174
0.30000000000000004,28.0,4,2026902004,1089.0,695.0,36.17998163452709
0.30000000000000004,28.0,5,2026902005,1408.0,888.0000000000001,36.93181818181817
0.30000000000000004,28.0,6,2026902006,1428.0,901.0000000000001,36.9047619047619
0.30000000000000004,28.0,7,2026902007,814.9999999999999,523.0,35.8282208588957
0.30000000000000004,28.0,8,2026902008,1106.0,766.0,30.741410488245933
0.30000000000000004,28.0,9,2026902009,984.9999999999999,621.0,36.95431472081217
0.30000000000000004,28.0,10,2026902010,1086.0,663.0,38.950276243093924
0.30000000000000004,28.0,11,2026902011,1120.0,812.0,27.5
0.30000000000000004,28.0,12,2026902012,865.0,605.0,30.057803468208093
0.30000000000000004,28.0,13,2026902013,1186.0,739.0,37.68971332209106
0.30000000000000004,28.0,14,2026902014,910.0,573.0,37.032967032967036
0.30000000000000004,28.0,15,2026902015,1061.0,693.0,34.68426013195099
0.30000000000000004,28.0,16,2026902016,1061.0,749.0,29.4062205466541
0.30000000000000004,28.0,17,2026902017,1104.0,762.0,30.97826086956522
0.30000000000000004,28.0,18,2026902018,1432.0,885.0,38.19832402234637
0.30000000000000004,28.0,19,2026902019,1051.0,763.0,27.402473834443388
0.30000000000000004,28.0,20,2026902020,1169.0,770.0,34.131736526946106
0.30000000000000004,28.0,21,2026902021,1232.0,758.0,38.47402597402598
0.30000000000000004,28.0,22,2026902022,1541.0,969.0000000000001,37.118754055807905
0.30000000000000004,28.0,23,2026902023,912.0,575.0,36.95175438596491
0.30000000000000004,28.0,24,2026902024,1048.0,657.0,37.30916030534351
0.30000000000000004,28.0,25,2026902025,1473.0,1071.0,27.29124236252546
0.30000000000000004,28.0,26,2026902026,1007.0000000000001,669.0,33.56504468718968
0.30000000000000004,28.0,27,2026902027,1333.0,932.0,30.08252063015754
0.30000000000000004,28.0,28,2026902028,1027.0,651.0,36.61148977604674
0.30000000000000004,28.0,29,2026902029,942.0,695.0,26.220806794055203
0.30000000000000004,28.0,30,2026902030,663.0,538.0,18.85369532428356
0.30000000000000004,28.0,31,2026902031,1044.0,639.0,38.793103448275865
0.30000000000000004,28.0,32,2026902032,1260.0,867.0000000000001,31.19047619047618
0.30000000000000004,28.0,33,2026902033,809.0,566.0,30.03708281829419
0.30000000000000004,28.0,34,2026902034,1169.0,809.0,30.795551753635586
0.30000000000000004,28.0,35,2026902035,1204.0,762.0,36.7109634551495
0.30000000000000004,28.0,36,2026902036,1290.0,929.9999999999999,27.906976744186057
0.30000000000000004,28.0,37,2026902037,1398.0,1001.0,28.397711015736768
0.30000000000000004,28.0,38,2026902038,999.0000000000001,608.0,39.13913913913915
0.30000000000000004,28.0,39,2026902039,797.0,613.0,23.086574654956085
0.30000000000000004,28.0,40,2026902040,1082.0,766.0,29.20517560073937
0.30000000000000004,28.0,41,2026902041,1058.0,777.0,26.559546313799622
0.30000000000000004,28.0,42,2026902042,1091.0,769.0,29.514207149404218
0.30000000000000004,28.0,43,2026902043,1073.0,792.0,26.18825722273998
0.30000000000000004,28.0,44,2026902044,1148.0,746.0,35.01742160278746
0.30000000000000004,28.0,45,2026902045,1077.0,752.0,30.176415970287838
0.30000000000000004,28.0,46,2026902046,1117.0,742.0,33.572068039391226
0.30000000000000004,28.0,47,2026902047,1052.0,690.0,34.4106463878327
0.30000000000000004,28.0,48,2026902048,674.0,528.0,21.661721068249257
0.30000000000000004,28.0,49,2026902049,1272.0,795.0,37.5
0.30000000000000004,28.0,50,2026902050,1096.0,777.0,29.105839416058394
0.30000000000000004,28.0,51,2026902051,1271.0,869.9999999999999,31.549960660896943
0.30000000000000004,28.0,52,2026902052,1278.0,919.0,28.09076682316119
0.30000000000000004,28.0,53,2026902053,1299.0,826.0,36.41262509622787
0.30000000000000004,28.0,54,2026902054,661.0,479.99999999999994,27.382753403933446
0.30000000000000004,28.0,55,2026902055,1323.0,907.0,31.44368858654573
0.30000000000000004,28.0,56,2026902056,980.0,566.0,42.244897959183675
0.30000000000000004,28.0,57,2026902057,927.0,674.0,27.292340884573893
0.30000000000000004,28.0,58,2026902058,1086.0,712.0,34.43830570902394
0.30000000000000004,28.0,59,2026902059,1241.0,706.0,43.11039484286866
0.30000000000000004,28.0,60,2026902060,1023.0,612.0,40.17595307917889
0.30000000000000004,28.0,61,2026902061,1277.0,838.0,34.37744714173845
0.30000000000000004,28.0,62,2026902062,922.0000000000001,570.0,38.17787418655099
0.30000000000000004,28.0,63,2026902063,892.0000000000001,706.0,20.852017937219742
0.30000000000000004,28.0,64,2026902064,1475.0,952.0000000000001,35.457627118644055
0.30000000000000004,28.0,65,2026902065,928.0,615.0,33.72844827586207
0.30000000000000004,28.0,66,2026902066,1145.0,710.0,37.99126637554585
0.30000000000000004,28.0,67,2026902067,1106.0,805.0,27.21518987341772
0.30000000000000004,28.0,68,2026902068,1087.0,725.0,33.302667893284266
0.30000000000000004,28.0,69,2026902069,745.0,520.0,30.201342281879196
0.30000000000000004,28.0,70,2026902070,1231.0,906.0,26.401299756295696
0.30000000000000004,28.0,71,2026902071,1443.0,945.0,34.51143451143451
0.30000000000000004,28.0,72,2026902072,1249.0,872.0,30.184147317854283
0.30000000000000004,28.0,73,2026902073,1253.0,843.0,32.72146847565842
0.30000000000000004,28.0,74,2026902074,1067.0,654.0,38.706654170571696
0.30000000000000004,28.0,75,2026902075,1025.0,636.0,37.951219512195124
0.30000000000000004,28.0,76,2026902076,935.0000000000001,609.0,34.866310160427815
0.30000000000000004,28.0,77,2026902077,1207.0,729.0,39.6023198011599
0.30000000000000004,28.0,78,2026902078,1490.0,837.0000000000001,43.82550335570469
0.30000000000000004,28.0,79,2026902079,1414.0,992.0,29.844413012729845
0.30000000000000004,28.0,80,2026902080,1108.0,761.0,31.31768953068592
0.30000000000000004,28.0,81,2026902081,1075.0,716.0,33.395348837209305
0.30000000000000004,28.0,82,2026902082,915.0,675.0,26.229508196721312
0.30000000000000004,28.0,83,2026902083,1447.0,1041.0,28.058051140290257
0.30000000000000004,28.0,84,2026902084,1183.0,652.0,44.88588334742181
0.30000000000000004,28.0,85,2026902085,1356.0,806.0,40.56047197640118
0.30000000000000004,28.0,86,2026902086,1180.0,731.0,38.05084745762712
0.30000000000000004,28.0,87,2026902087,1007.0000000000001,651.0,35.35253227408144
0.30000000000000004,28.0,88,2026902088,1342.0,914.0,31.892697466467958
0.30000000000000004,28.0,89,2026902089,976.9999999999999,594.0,39.201637666325475
0.30000000000000004,28.0,90,2026902090,875.0000000000001,581.0,33.60000000000001
0.30000000000000004,28.0,91,2026902091,1183.0,854.0000000000001,27.810650887573953
0.30000000000000004,28.0,92,2026902092,885.0,595.0,32.76836158192091
0.30000000000000004,28.0,93,2026902093,679.0,424.0,37.55522827687776
0.30000000000000004,28.0,94,2026902094,861.0,645.0,25.087108013937282
0.30000000000000004,28.0,95,2026902095,1352.0,789.0,41.642011834319526
0.30000000000000004,28.0,96,2026902096,1000.0,754.0,24.6
0.30000000000000004,28.0,97,2026902097,1235.0,872.0,29.39271255060729
0.30000000000000004,28.0,98,2026902098,791.0,596.0,24.652338811630848
0.30000000000000004,28.0,99,2026902099,1510.0,1187.0,21.39072847682119
0.2,28.0,0,2026902000,1526.0,1191.0,21.95281782437746
0.2,28.0,1,2026902001,1474.0,1134.0,23.066485753052916
0.2,28.0,2,2026902002,932.0,734.0,21.244635193133046
0.2,28.0,3,2026902003,1008.0,869.0,13.78968253968254
0.2,28.0,4,2026902004,1089.0,886.9999999999999,18.54912764003674
0.2,28.0,5,2026902005,1408.0,1033.0,26.633522727272727
0.2,28.0,6,2026902006,1428.0,889.0,37.745098039215684
0.2,28.0,7,2026902007,814.9999999999999,540.0,33.74233128834355
0.2,28.0,8,2026902008,1106.0,882.9999999999999,20.16274864376131
0.2,28.0,9,2026902009,984.9999999999999,754.0,23.451776649746183
0.2,28.0,10,2026902010,1086.0,810.0,25.414364640883978
0.2,28.0,11,2026902011,1120.0,848.0,24.285714285714285
0.2,28.0,12,2026902012,865.0,704.0,18.612716763005782
0.2,28.0,13,2026902013,1186.0,864.0,27.15008431703204
0.2,28.0,14,2026902014,910.0,592.0,34.94505494505494
0.2,28.0,15,2026902015,1061.0,843.0,20.546654099905748
0.2,28.0,16,2026902016,1061.0,835.0,21.30065975494816
0.2,28.0,17,2026902017,1104.0,841.0000000000001,23.82246376811593
0.2,28.0,18,2026902018,1432.0,1000.0,30.16759776536313
0.2,28.0,19,2026902019,1051.0,876.0,16.65080875356803
0.2,28.0,20,2026902020,1169.0,907.0,22.412318220701454
0.2,28.0,21,2026902021,1232.0,956.0000000000001,22.402597402597394
0.2,28.0,22,2026902022,1541.0,1103.0,28.423101881894873
0.2,28.0,23,2026902023,912.0,726.0,20.394736842105264
0.2,28.0,24,2026902024,1048.0,763.0,27.19465648854962
0.2,28.0,25,2026902025,1473.0,1067.0,27.562797012898844
0.2,28.0,26,2026902026,1007.0000000000001,834.0,17.17974180734857
0.2,28.0,27,2026902027,1333.0,959.9999999999999,27.98199549887473
0.2,28.0,28,2026902028,1027.0,784.9999999999999,23.56377799415775
0.2,28.0,29,2026902029,942.0,681.0,27.70700636942675
0.2,28.0,30,2026902030,663.0,552.0,16.742081447963802
0.2,28.0,31,2026902031,1044.0,765.0,26.724137931034484
0.2,28.0,32,2026902032,1260.0,1093.0,13.253968253968255
0.2,28.0,33,2026902033,809.0,662.0,18.170580964153277
0.2,28.0,34,2026902034,1169.0,860.0,26.43284858853721
0.2,28.0,35,2026902035,1204.0,897.0,25.498338870431894
0.2,28.0,36,2026902036,1290.0,1078.0,16.434108527131784
0.2,28.0,37,2026902037,1398.0,1078.0,22.889842632331902
0.2,28.0,38,2026902038,999.0000000000001,766.0,23.323323323323333
0.2,28.0,39,2026902039,797.0,741.0,7.026348808030113
0.2,28.0,40,2026902040,1082.0,852.0,21.256931608133087
0.2,28.0,41,2026902041,1058.0,860.0,18.714555765595463
0.2,28.0,42,2026902042,1091.0,953.0,12.648945921173235
0.2,28.0,43,2026902043,1073.0,791.0,26.281453867660765
0.2,28.0,44,2026902044,1148.0,877.0,23.606271777003485
0.2,28.0,45,2026902045,1077.0,846.0,21.448467966573816
0.2,28.0,46,2026902046,1117.0,850.0000000000001,23.903312444046545
0.2,28.0,47,2026902047,1052.0,699.0,33.555133079847906
0.2,28.0,48,2026902048,674.0,650.0,3.5608308605341246
0.2,28.0,49,2026902049,1272.0,970.0,23.742138364779873
0.2,28.0,50,2026902050,1096.0,865.9999999999999,20.985401459854025
0.2,28.0,51,2026902051,1271.0,928.0,26.98662470495673
0.2,28.0,52,2026902052,1278.0,1073.0,16.040688575899843
0.2,28.0,53,2026902053,1299.0,928.0,28.560431100846806
0.2,28.0,54,2026902054,661.0,483.99999999999994,26.777609682299556
0.2,28.0,55,2026902055,1323.0,1008.0,23.80952380952381
0.2,28.0,56,2026902056,980.0,721.0,26.428571428571427
0.2,28.0,57,2026902057,927.0,699.0,24.59546925566343
0.2,28.0,58,2026902058,1086.0,769.0,29.189686924493554
0.2,28.0,59,2026902059,1241.0,791.0,36.2610797743755
0.2,28.0,60,2026902060,1023.0,751.0,26.58846529814272
0.2,28.0,61,2026902061,1277.0,912.9999999999999,28.504306969459684
0.2,28.0,62,2026902062,922.0000000000001,691.0,25.054229934924088
0.2,28.0,63,2026902063,892.0000000000001,724.0,18.8340807174888
0.2,28.0,64,2026902064,1475.0,1116.0,24.338983050847457
0.2,28.0,65,2026902065,928.0,716.0,22.844827586206897
0.2,28.0,66,2026902066,1145.0,997.9999999999999,12.838427947598262
0.2,28.0,67,2026902067,1106.0,861.9999999999999,22.0614828209765
0.2,28.0,68,2026902068,1087.0,826.0,24.011039558417664
0.2,28.0,69,2026902069,745.0,600.0,19.463087248322147
0.2,28.0,70,2026902070,1231.0,967.0,21.445978878960194
0.2,28.0,71,2026902071,1443.0,979.0,32.155232155232156
0.2,28.0,72,2026902072,1249.0,1076.0,13.851080864691754
0.2,28.0,73,2026902073,1253.0,950.0,24.18196328810854
0.2,28.0,74,2026902074,1067.0,824.0000000000001,22.774133083411424
0.2,28.0,75,2026902075,1025.0,773.0,24.585365853658537
0.2,28.0,76,2026902076,935.0000000000001,769.0,17.754010695187176
0.2,28.0,77,2026902077,1207.0,882.9999999999999,26.84341342170672
0.2,28.0,78,2026902078,1490.0,980.9999999999999,34.161073825503365
0.2,28.0,79,2026902079,1414.0,1023.0,27.65205091937765
0.2,28.0,80,2026902080,1108.0,825.0,25.541516245487365
0.2,28.0,81,2026902081,1075.0,783.0,27.162790697674417
0.2,28.0,82,2026902082,915.0,733.0,19.89071038251366
0.2,28.0,83,2026902083,1447.0,1195.0,17.41534208707671
0.2,28.0,84,2026902084,1183.0,806.0,31.86813186813187
0.2,28.0,85,2026902085,1356.0,980.9999999999999,27.65486725663718
0.2,28.0,86,2026902086,1180.0,869.9999999999999,26.271186440677976
0.2,28.0,87,2026902087,1007.0000000000001,754.0,25.124131082423048
0.2,28.0,88,2026902088,1342.0,1044.0,22.205663189269746
0.2,28.0,89,2026902089,976.9999999999999,636.0,34.902763561924246
0.2,28.0,90,2026902090,875.0000000000001,664.0,24.114285714285725
0.2,28.0,91,2026902091,1183.0,915.0,22.654268808114963
0.2,28.0,92,2026902092,885.0,712.0,19.548022598870055
0.2,28.0,93,2026902093,679.0,540.0,20.471281296023562
0.2,28.0,94,2026902094,861.0,770.0,10.56910569105691
0.2,28.0,95,2026902095,1352.0,1064.0,21.301775147928993
0.2,28.0,96,2026902096,1000.0,797.9999999999999,20.20000000000001
0.2,28.0,97,2026902097,1235.0,1036.0,16.11336032388664
0.2,28.0,98,2026902098,791.0,670.0,15.29709228824273
0.2,28.0,99,2026902099,1510.0,1133.0,24.966887417218544
0.5,28.0,0,2026902000,1526.0,897.0,41.218872870249015
0.5,28.0,1,2026902001,1474.0,807.0000000000001,45.25101763907733
0.5,28.0,2,2026902002,932.0,461.00000000000006,50.53648068669527
0.5,28.0,3,2026902003,1008.0,538.0,46.62698412698413
0.5,28.0,4,2026902004,1089.0,574.0,47.2910927456382
0.5,28.0,5,2026902005,1408.0,717.0,49.07670454545455
0.5,28.0,6,2026902006,1428.0,694.0,51.40056022408964
0.5,28.0,7,2026902007,814.9999999999999,398.99999999999994,51.04294478527607
0.5,28.0,8,2026902008,1106.0,581.0,47.46835443037975
0.5,28.0,9,2026902009,984.9999999999999,553.0,43.85786802030456
0.5,28.0,10,2026902010,1086.0,612.0,43.646408839779006
0.5,28.0,11,2026902011,1120.0,655.0,41.517857142857146
0.5,28.0,12,2026902012,865.0,491.00000000000006,43.23699421965317
0.5,28.0,13,2026902013,1186.0,638.0,46.20573355817875
0.5,28.0,14,2026902014,910.0,426.0,53.18681318681319
0.5,28.0,15,2026902015,1061.0,548.0,48.35061262959472
0.5,28.0,16,2026902016,1061.0,561.0,47.1253534401508
0.5,28.0,17,2026902017,1104.0,563.0,49.0036231884058
0.5,28.0,18,2026902018,1432.0,821.0,42.667597765363126
0.5,28.0,19,2026902019,1051.0,646.0,38.53472882968601
0.5,28.0,20,2026902020,1169.0,705.0,39.69204448246364
0.5,28.0,21,2026902021,1232.0,683.0,44.561688311688314
0.5,28.0,22,2026902022,1541.0,787.0,48.92926670992862
0.5,28.0,23,2026902023,912.0,466.0,48.90350877192982
0.5,28.0,24,2026902024,1048.0,531.0,49.33206106870229
0.5,28.0,25,2026902025,1473.0,818.0,44.46707399864223
0.5,28.0,26,2026902026,1007.0000000000001,507.0,49.6524329692155
0.5,28.0,27,2026902027,1333.0,670.0,49.737434358589645
0.5,28.0,28,2026902028,1027.0,557.0,45.76436222005842
0.5,28.0,29,2026902029,942.0,502.0,46.70912951167728
0.5,28.0,30,2026902030,663.0,420.0,36.65158371040724
0.5,28.0,31,2026902031,1044.0,481.99999999999994,53.83141762452107
0.5,28.0,32,2026902032,1260.0,642.0,49.04761904761905
0.5,28.0,33,2026902033,809.0,483.99999999999994,40.173053152039564
0.5,28.0,34,2026902034,1169.0,636.0,45.5945252352438
0.5,28.0,35,2026902035,1204.0,639.0,46.926910299003325
0.5,28.0,36,2026902036,1290.0,708.0,45.116279069767444
0.5,28.0,37,2026902037,1398.0,797.9999999999999,42.91845493562233
0.5,28.0,38,2026902038,999.0000000000001,496.99999999999994,50.25025025025026
0.5,28.0,39,2026902039,797.0,505.0,36.637390213299874
0.5,28.0,40,2026902040,1082.0,629.0,41.86691312384473
0.5,28.0,41,2026902041,1058.0,573.0,45.84120982986767
0.5,28.0,42,2026902042,1091.0,607.0,44.36296975252063
0.5,28.0,43,2026902043,1073.0,563.0,47.53028890959926
0.5,28.0,44,2026902044,1148.0,582.0,49.30313588850174
0.5,28.0,45,2026902045,1077.0,554.0,48.56081708449396
0.5,28.0,46,2026902046,1117.0,628.0,43.77797672336616
0.5,28.0,47,2026902047,1052.0,519.0,50.665399239543724
0.5,28.0,48,2026902048,674.0,396.0,41.246290801186944
0.5,28.0,49,2026902049,1272.0,655.0,48.5062893081761
0.5,28.0,50,2026902050,1096.0,565.0,48.448905109489054
0.5,28.0,51,2026902051,1271.0,688.0,45.869394177812744
0.5,28.0,52,2026902052,1278.0,715.0,44.05320813771518
0.5,28.0,53,2026902053,1299.0,548.0,57.81370284834488
0.5,28.0,54,2026902054,661.0,376.0,43.11649016641452
0.5,28.0,55,2026902055,1323.0,686.0,48.148148148148145
0.5,28.0,56,2026902056,980.0,515.0,47.44897959183673
0.5,28.0,57,2026902057,927.0,514.0,44.55231930960086
0.5,28.0,58,2026902058,1086.0,595.0,45.21178637200737
0.5,28.0,59,2026902059,1241.0,545.0,56.08380338436744
0.5,28.0,60,2026902060,1023.0,518.0,49.364613880742915
0.5,28.0,61,2026902061,1277.0,716.0,43.931088488645265
0.5,28.0,62,2026902062,922.0000000000001,456.0,50.54229934924079
0.5,28.0,63,2026902063,892.0000000000001,569.0,36.21076233183857
0.5,28.0,64,2026902064,1475.0,749.0,49.220338983050844
0.5,28.0,65,2026902065,928.0,509.0,45.150862068965516
0.5,28.0,66,2026902066,1145.0,624.0,45.50218340611354
0.5,28.0,67,2026902067,1106.0,617.0,44.21338155515371
0.5,28.0,68,2026902068,1087.0,579.0,46.73413063477461
0.5,28.0,69,2026902069,745.0,408.00000000000006,45.23489932885905
0.5,28.0,70,2026902070,1231.0,684.0,44.43541835905768
0.5,28.0,71,2026902071,1443.0,838.0,41.92654192654193
0.5,28.0,72,2026902072,1249.0,701.0,43.87510008006405
0.5,28.0,73,2026902073,1253.0,660.0,47.32641660015962
0.5,28.0,74,2026902074,1067.0,580.0,45.64198687910028
0.5,28.0,75,2026902075,1025.0,534.0,47.90243902439025
0.5,28.0,76,2026902076,935.0000000000001,519.0,44.491978609625676
0.5,28.0,77,2026902077,1207.0,601.0,50.207125103562554
0.5,28.0,78,2026902078,1490.0,679.0,54.42953020134228
0.5,28.0,79,2026902079,1414.0,767.0,45.756718528995755
0.5,28.0,80,2026902080,1108.0,597.0,46.11913357400722
0.5,28.0,81,2026902081,1075.0,559.0,48.0
0.5,28.0,82,2026902082,915.0,508.00000000000006,44.48087431693988
0.5,28.0,83,2026902083,1447.0,732.0,49.41257774706289
0.5,28.0,84,2026902084,1183.0,543.0,54.099746407438715
0.5,28.0,85,2026902085,1356.0,664.0,51.03244837758112
0.5,28.0,86,2026902086,1180.0,613.0,48.05084745762712
0.5,28.0,87,2026902087,1007.0000000000001,512.0,49.155908639523346
0.5,28.0,88,2026902088,1342.0,722.0,46.19970193740686
0.5,28.0,89,2026902089,976.9999999999999,453.0,53.63357215967246
0.5,28.0,90,2026902090,875.0000000000001,458.0,47.657142857142865
0.5,28.0,91,2026902091,1183.0,636.0,46.238377007607774
0.5,28.0,92,2026902092,885.0,473.0,46.55367231638418
0.5,28.0,93,2026902093,679.0,329.0,51.54639175257732
0.5,28.0,94,2026902094,861.0,493.00000000000006,42.740998838559804
0.5,28.0,95,2026902095,1352.0,658.0,51.33136094674556
0.5,28.0,96,2026902096,1000.0,536.0,46.4
0.5,28.0,97,2026902097,1235.0,761.0,38.38056680161943
0.5,28.0,98,2026902098,791.0,457.0,42.22503160556258
0.5,28.0,99,2026902099,1510.0,874.0,42.11920529801324
0.1,28.0,0,2026902000,1526.0,1209.0,20.77326343381389
0.1,28.0,1,2026902001,1474.0,1332.0,9.633649932157395
0.1,28.0,2,2026902002,932.0,831.0,10.836909871244636
0.1,28.0,3,2026902003,1008.0,958.0,4.9603174603174605
0.1,28.0,4,2026902004,1089.0,1001.0,8.080808080808081
0.1,28.0,5,2026902005,1408.0,1203.0,14.559659090909092
0.1,28.0,6,2026902006,1428.0,1108.0,22.408963585434172
0.1,28.0,7,2026902007,814.9999999999999,604.0,25.88957055214723
0.1,28.0,8,2026902008,1106.0,936.0,15.370705244122966
0.1,28.0,9,2026902009,984.9999999999999,880.0,10.65989847715735
0.1,28.0,10,2026902010,1086.0,899.0,17.21915285451197
0.1,28.0,11,2026902011,1120.0,1156.0,-3.2142857142857144
0.1,28.0,12,2026902012,865.0,834.0,3.5838150289017343
0.1,28.0,13,2026902013,1186.0,1082.0,8.768971332209107
0.1,28.0,14,2026902014,910.0,842.0,7.472527472527473
0.1,28.0,15,2026902015,1061.0,858.0000000000001,19.132893496701215
0.1,28.0,16,2026902016,1061.0,831.9999999999999,21.58341187558908
0.1,28.0,17,2026902017,1104.0,869.0,21.286231884057973
0.1,28.0,18,2026902018,1432.0,1131.0,21.019553072625698
0.1,28.0,19,2026902019,1051.0,980.9999999999999,6.660323501427222
0.1,28.0,20,2026902020,1169.0,1097.0,6.159110350727117
0.1,28.0,21,2026902021,1232.0,1189.0,3.49025974025974
0.1,28.0,22,2026902022,1541.0,1274.0,17.326411421155093
0.1,28.0,23,2026902023,912.0,885.0,2.960526315789474
0.1,28.0,24,2026902024,1048.0,980.9999999999999,6.393129770992377
0.1,28.0,25,2026902025,1473.0,1263.0,14.256619144602851
0.1,28.0,26,2026902026,1007.0000000000001,910.0,9.632571996027815
0.1,28.0,27,2026902027,1333.0,1140.0,14.478619654913729
0.1,28.0,28,2026902028,1027.0,850.0000000000001,17.234664070107097
0.1,28.0,29,2026902029,942.0,767.0,18.577494692144374
0.1,28.0,30,2026902030,663.0,604.0,8.89894419306184
0.1,28.0,31,2026902031,1044.0,801.0,23.275862068965516
0.1,28.0,32,2026902032,1260.0,1126.0,10.634920634920634
0.1,28.0,33,2026902033,809.0,683.0,15.57478368355995
0.1,28.0,34,2026902034,1169.0,1152.0,1.4542343883661248
0.1,28.0,35,2026902035,1204.0,1067.0,11.378737541528238
0.1,28.0,36,2026902036,1290.0,1197.0,7.209302325581396
0.1,28.0,37,2026902037,1398.0,1285.0,8.082975679542203
0.1,28.0,38,2026902038,999.0000000000001,816.0000000000001,18.318318318318315
0.1,28.0,39,2026902039,797.0,847.0,-6.273525721455458
0.1,28.0,40,2026902040,1082.0,1098.0,-1.478743068391867
0.1,28.0,41,2026902041,1058.0,949.0,10.302457466918714
0.1,28.0,42,2026902042,1091.0,990.0000000000001,9.257561869844169
0.1,28.0,43,2026902043,1073.0,935.0000000000001,12.861136999068023
0.1,28.0,44,2026902044,1148.0,989.0,13.850174216027874
0.1,28.0,45,2026902045,1077.0,959.9999999999999,10.863509749303631
0.1,28.0,46,2026902046,1117.0,989.0,11.459265890778871
0.1,28.0,47,2026902047,1052.0,905.0000000000001,13.97338403041824
0.1,28.0,48,2026902048,674.0,646.0,4.154302670623146
0.1,28.0,49,2026902049,1272.0,1066.0,16.19496855345912
0.1,28.0,50,2026902050,1096.0,912.0,16.78832116788321
0.1,28.0,51,2026902051,1271.0,1168.0,8.103855232100708
0.1,28.0,52,2026902052,1278.0,1146.0,10.328638497652582
0.1,28.0,53,2026902053,1299.0,1078.0,17.013086989992303
0.1,28.0,54,2026902054,661.0,575.0,13.010590015128592
0.1,28.0,55,2026902055,1323.0,1058.0,20.0302343159486
0.1,28.0,56,2026902056,980.0,771.0,21.3265306122449
0.1,28.0,57,2026902057,927.0,795.0,14.239482200647249
0.1,28.0,58,2026902058,1086.0,999.0000000000001,8.011049723756896
0.1,28.0,59,2026902059,1241.0,916.0,26.188557614826752
0.1,28.0,60,2026902060,1023.0,864.0,15.542521994134898
0.1,28.0,61,2026902061,1277.0,1140.0,10.72826938136257
0.1,28.0,62,2026902062,922.0000000000001,751.0,18.546637744034715
0.1,28.0,63,2026902063,892.0000000000001,801.0,10.201793721973106
0.1,28.0,64,2026902064,1475.0,1217.0,17.491525423728813
0.1,28.0,65,2026902065,928.0,826.0,10.991379310344827
0.1,28.0,66,2026902066,1145.0,946.0,17.37991266375546
0.1,28.0,67,2026902067,1106.0,920.0,16.817359855334537
0.1,28.0,68,2026902068,1087.0,906.0,16.651333946642133
0.1,28.0,69,2026902069,745.0,640.0,14.093959731543624
0.1,28.0,70,2026902070,1231.0,1230.0,0.08123476848090982
0.1,28.0,71,2026902071,1443.0,1241.0,13.998613998614
0.1,28.0,72,2026902072,1249.0,1114.0,10.808646917534027
0.1,28.0,73,2026902073,1253.0,1081.0,13.72705506783719
0.1,28.0,74,2026902074,1067.0,961.0,9.934395501405811
0.1,28.0,75,2026902075,1025.0,859.0,16.195121951219512
0.1,28.0,76,2026902076,935.0000000000001,891.0,4.705882352941187
0.1,28.0,77,2026902077,1207.0,984.0,18.47555923777962
0.1,28.0,78,2026902078,1490.0,1122.0,24.697986577181208
0.1,28.0,79,2026902079,1414.0,1269.0,10.254596888260254
0.1,28.0,80,2026902080,1108.0,978.0,11.732851985559567
0.1,28.0,81,2026902081,1075.0,980.9999999999999,8.744186046511638
0.1,28.0,82,2026902082,915.0,869.9999999999999,4.918032786885258
0.1,28.0,83,2026902083,1447.0,1253.0,13.407049067035246
0.1,28.0,84,2026902084,1183.0,899.0,24.00676246830093
0.1,28.0,85,2026902085,1356.0,1081.0,20.28023598820059
0.1,28.0,86,2026902086,1180.0,1018.9999999999999,13.644067796610178
0.1,28.0,87,2026902087,1007.0000000000001,901.0000000000001,10.526315789473683
0.1,28.0,88,2026902088,1342.0,1076.0,19.821162444113263
0.1,28.0,89,2026902089,976.9999999999999,721.0,26.202661207778906
0.1,28.0,90,2026902090,875.0000000000001,701.0,19.885714285714297
0.1,28.0,91,2026902091,1183.0,1006.0,14.96196111580727
0.1,28.0,92,2026902092,885.0,825.0,6.779661016949152
0.1,28.0,93,2026902093,679.0,599.0,11.782032400589102
0.1,28.0,94,2026902094,861.0,792.0,8.013937282229966
0.1,28.0,95,2026902095,1352.0,1016.0000000000001,24.85207100591715
0.1,28.0,96,2026902096,1000.0,933.9999999999999,6.600000000000011
0.1,28.0,97,2026902097,1235.0,1171.0,5.182186234817814
0.1,28.0,98,2026902098,791.0,718.0,9.22882427307206
0.1,28.0,99,2026902099,1510.0,1322.0,12.450331125827814
