analysis,base_deaths,coverage,det,max_vaccines,mortality_reduction_pct,replicate,scenario_deaths,seed,trace,ve
fig3_community_ve,1115.0,0.0,0.3,0,0.0,0,1115.0,2026421000,0.3,0.0
fig3_community_ve,867.0000000000001,0.0,0.3,0,0.0,1,867.0000000000001,2026421001,0.3,0.0
fig3_community_ve,1230.0,0.0,0.3,0,0.0,2,1230.0,2026421002,0.3,0.0
fig3_community_ve,993.9999999999999,0.0,0.3,0,0.0,3,993.9999999999999,2026421003,0.3,0.0
fig3_community_ve,1001.9999999999999,0.0,0.3,0,0.0,4,1001.9999999999999,2026421004,0.3,0.0
fig3_community_ve,1074.0,0.0,0.3,0,0.0,5,1074.0,2026421005,0.3,0.0
fig3_community_ve,1157.0,0.0,0.3,0,0.0,6,1157.0,2026421006,0.3,0.0
fig3_community_ve,1382.0,0.0,0.3,0,0.0,7,1382.0,2026421007,0.3,0.0
fig3_community_ve,1399.0,0.0,0.3,0,0.0,8,1399.0,2026421008,0.3,0.0
fig3_community_ve,1170.0,0.0,0.3,0,0.0,9,1170.0,2026421009,0.3,0.0
fig3_community_ve,1251.0,0.0,0.3,0,0.0,10,1251.0,2026421010,0.3,0.0
fig3_community_ve,1142.0,0.0,0.3,0,0.0,11,1142.0,2026421011,0.3,0.0
fig3_community_ve,1226.0,0.0,0.3,0,0.0,12,1226.0,2026421012,0.3,0.0
fig3_community_ve,1325.0,0.0,0.3,0,0.0,13,1325.0,2026421013,0.3,0.0
fig3_community_ve,1136.0,0.0,0.3,0,0.0,14,1136.0,2026421014,0.3,0.0
fig3_community_ve,1285.0,0.0,0.3,0,0.0,15,1285.0,2026421015,0.3,0.0
fig3_community_ve,1089.0,0.0,0.3,0,0.0,16,1089.0,2026421016,0.3,0.0
fig3_community_ve,1633.0,0.0,0.3,0,0.0,17,1633.0,2026421017,0.3,0.0
fig3_community_ve,1324.0,0.0,0.3,0,0.0,18,1324.0,2026421018,0.3,0.0
fig3_community_ve,1122.0,0.0,0.3,0,0.0,19,1122.0,2026421019,0.3,0.0
fig3_community_ve,640.0,0.0,0.3,0,0.0,20,640.0,2026421020,0.3,0.0
fig3_community_ve,1135.0,0.0,0.3,0,0.0,21,1135.0,2026421021,0.3,0.0
fig3_community_ve,1134.0,0.0,0.3,0,0.0,22,1134.0,2026421022,0.3,0.0
fig3_community_ve,1646.0,0.0,0.3,0,0.0,23,1646.0,2026421023,0.3,0.0
fig3_community_ve,1214.0,0.0,0.3,0,0.0,24,1214.0,2026421024,0.3,0.0
fig3_community_ve,1175.0,0.0,0.3,0,0.0,25,1175.0,2026421025,0.3,0.0
fig3_community_ve,1018.9999999999999,0.0,0.3,0,0.0,26,1018.9999999999999,2026421026,0.3,0.0
fig3_community_ve,935.0000000000001,0.0,0.3,0,0.0,27,935.0000000000001,2026421027,0.3,0.0
fig3_community_ve,816.0000000000001,0.0,0.3,0,0.0,28,816.0000000000001,2026421028,0.3,0.0
fig3_community_ve,774.0,0.0,0.3,0,0.0,29,774.0,2026421029,0.3,0.0
fig3_community_ve,1384.0,0.0,0.3,0,0.0,30,1384.0,2026421030,0.3,0.0
fig3_community_ve,1050.0,0.0,0.3,0,0.0,31,1050.0,2026421031,0.3,0.0
fig3_community_ve,753.0,0.0,0.3,0,0.0,32,753.0,2026421032,0.3,0.0
fig3_community_ve,1010.9999999999999,0.0,0.3,0,0.0,33,1010.9999999999999,2026421033,0.3,0.0
fig3_community_ve,988.0,0.0,0.3,0,0.0,34,988.0,2026421034,0.3,0.0
fig3_community_ve,658.0,0.0,0.3,0,0.0,35,658.0,2026421035,0.3,0.0
fig3_community_ve,1024.0,0.0,0.3,0,0.0,36,1024.0,2026421036,0.3,0.0
fig3_community_ve,1294.0,0.0,0.3,0,0.0,37,1294.0,2026421037,0.3,0.0
fig3_community_ve,1111.0,0.0,0.3,0,0.0,38,1111.0,2026421038,0.3,0.0
fig3_community_ve,1705.9999999999998,0.0,0.3,0,0.0,39,1705.9999999999998,2026421039,0.3,0.0
fig3_community_ve,1116.0,0.0,0.3,0,0.0,40,1116.0,2026421040,0.3,0.0
fig3_community_ve,1520.0,0.0,0.3,0,0.0,41,1520.0,2026421041,0.3,0.0
fig3_community_ve,1010.9999999999999,0.0,0.3,0,0.0,42,1010.9999999999999,2026421042,0.3,0.0
fig3_community_ve,920.0,0.0,0.3,0,0.0,43,920.0,2026421043,0.3,0.0
fig3_community_ve,1024.0,0.0,0.3,0,0.0,44,1024.0,2026421044,0.3,0.0
fig3_community_ve,1320.0,0.0,0.3,0,0.0,45,1320.0,2026421045,0.3,0.0
fig3_community_ve,1352.0,0.0,0.3,0,0.0,46,1352.0,2026421046,0.3,0.0
fig3_community_ve,993.9999999999999,0.0,0.3,0,0.0,47,993.9999999999999,2026421047,0.3,0.0
fig3_community_ve,1014.9999999999999,0.0,0.3,0,0.0,48,1014.9999999999999,2026421048,0.3,0.0
fig3_community_ve,1056.0,0.0,0.3,0,0.0,49,1056.0,2026421049,0.3,0.0
fig3_community_ve,1062.0,0.0,0.3,0,0.0,50,1062.0,2026421050,0.3,0.0
fig3_community_ve,898.0,0.0,0.3,0,0.0,51,898.0,2026421051,0.3,0.0
fig3_community_ve,924.0,0.0,0.3,0,0.0,52,924.0,2026421052,0.3,0.0
fig3_community_ve,1080.0,0.0,0.3,0,0.0,53,1080.0,2026421053,0.3,0.0
fig3_community_ve,1299.0,0.0,0.3,0,0.0,54,1299.0,2026421054,0.3,0.0
fig3_community_ve,1502.0,0.0,0.3,0,0.0,55,1502.0,2026421055,0.3,0.0
fig3_community_ve,1138.0,0.0,0.3,0,0.0,56,1138.0,2026421056,0.3,0.0
fig3_community_ve,1404.0,0.0,0.3,0,0.0,57,1404.0,2026421057,0.3,0.0
fig3_community_ve,922.0000000000001,0.0,0.3,0,0.0,58,922.0000000000001,2026421058,0.3,0.0
fig3_community_ve,974.0,0.0,0.3,0,0.0,59,974.0,2026421059,0.3,0.0
fig3_community_ve,1413.0,0.0,0.3,0,0.0,60,1413.0,2026421060,0.3,0.0
fig3_community_ve,1133.0,0.0,0.3,0,0.0,61,1133.0,2026421061,0.3,0.0
fig3_community_ve,1049.0,0.0,0.3,0,0.0,62,1049.0,2026421062,0.3,0.0
fig3_community_ve,1302.0,0.0,0.3,0,0.0,63,1302.0,2026421063,0.3,0.0
fig3_community_ve,1048.0,0.0,0.3,0,0.0,64,1048.0,2026421064,0.3,0.0
fig3_community_ve,761.0,0.0,0.3,0,0.0,65,761.0,2026421065,0.3,0.0
fig3_community_ve,1552.0,0.0,0.3,0,0.0,66,1552.0,2026421066,0.3,0.0
fig3_community_ve,1014.9999999999999,0.0,0.3,0,0.0,67,1014.9999999999999,2026421067,0.3,0.0
fig3_community_ve,1293.0,0.0,0.3,0,0.0,68,1293.0,2026421068,0.3,0.0
fig3_community_ve,1030.0,0.0,0.3,0,0.0,69,1030.0,2026421069,0.3,0.0
fig3_community_ve,1093.0,0.0,0.3,0,0.0,70,1093.0,2026421070,0.3,0.0
fig3_community_ve,1189.0,0.0,0.3,0,0.0,71,1189.0,2026421071,0.3,0.0
fig3_community_ve,1321.0,0.0,0.3,0,0.0,72,1321.0,2026421072,0.3,0.0
fig3_community_ve,1125.0,0.0,0.3,0,0.0,73,1125.0,2026421073,0.3,0.0
fig3_community_ve,1085.0,0.0,0.3,0,0.0,74,1085.0,2026421074,0.3,0.0
fig3_community_ve,1208.0,0.0,0.3,0,0.0,75,1208.0,2026421075,0.3,0.0
fig3_community_ve,1177.0,0.0,0.3,0,0.0,76,1177.0,2026421076,0.3,0.0
fig3_community_ve,1145.0,0.0,0.3,0,0.0,77,1145.0,2026421077,0.3,0.0
fig3_community_ve,1031.0,0.0,0.3,0,0.0,78,1031.0,2026421078,0.3,0.0
fig3_community_ve,1023.0,0.0,0.3,0,0.0,79,1023.0,2026421079,0.3,0.0
fig3_community_ve,1079.0,0.0,0.3,0,0.0,80,1079.0,2026421080,0.3,0.0
fig3_community_ve,1014.9999999999999,0.0,0.3,0,0.0,81,1014.9999999999999,2026421081,0.3,0.0
fig3_community_ve,1061.0,0.0,0.3,0,0.0,82,1061.0,2026421082,0.3,0.0
fig3_community_ve,1110.0,0.0,0.3,0,0.0,83,1110.0,2026421083,0.3,0.0
fig3_community_ve,1360.0,0.0,0.3,0,0.0,84,1360.0,2026421084,0.3,0.0
fig3_community_ve,1346.0,0.0,0.3,0,0.0,85,1346.0,2026421085,0.3,0.0
fig3_community_ve,1222.0,0.0,0.3,0,0.0,86,1222.0,2026421086,0.3,0.0
fig3_community_ve,1101.0,0.0,0.3,0,0.0,87,1101.0,2026421087,0.3,0.0
fig3_community_ve,1104.0,0.0,0.3,0,0.0,88,1104.0,2026421088,0.3,0.0
fig3_community_ve,1152.0,0.0,0.3,0,0.0,89,1152.0,2026421089,0.3,0.0
fig3_community_ve,835.9999999999999,0.0,0.3,0,0.0,90,835.9999999999999,2026421090,0.3,0.0
fig3_community_ve,1120.0,0.0,0.3,0,0.0,91,1120.0,2026421091,0.3,0.0
fig3_community_ve,946.9999999999999,0.0,0.3,0,0.0,92,946.9999999999999,2026421092,0.3,0.0
fig3_community_ve,1088.0,0.0,0.3,0,0.0,93,1088.0,2026421093,0.3,0.0
fig3_community_ve,1392.0,0.0,0.3,0,0.0,94,1392.0,2026421094,0.3,0.0
fig3_community_ve,1500.0,0.0,0.3,0,0.0,95,1500.0,2026421095,0.3,0.0
fig3_community_ve,1217.0,0.0,0.3,0,0.0,96,1217.0,2026421096,0.3,0.0
fig3_community_ve,838.0,0.0,0.3,0,0.0,97,838.0,2026421097,0.3,0.0
fig3_community_ve,775.0,0.0,0.3,0,0.0,98,775.0,2026421098,0.3,0.0
fig3_community_ve,1218.0,0.0,0.3,0,0.0,99,1218.0,2026421099,0.3,0.0
fig3_community_ve,989.0,0.0,0.3,0,0.0,0,989.0,2026422000,0.3,0.15
fig3_community_ve,854.0000000000001,0.0,0.3,0,0.0,1,854.0000000000001,2026422001,0.3,0.15
fig3_community_ve,867.0000000000001,0.0,0.3,0,0.0,2,867.0000000000001,2026422002,0.3,0.15
fig3_community_ve,899.9999999999999,0.0,0.3,0,0.0,3,899.9999999999999,2026422003,0.3,0.15
fig3_community_ve,1331.0,0.0,0.3,0,0.0,4,1331.0,2026422004,0.3,0.15
fig3_community_ve,992.0,0.0,0.3,0,0.0,5,992.0,2026422005,0.3,0.15
fig3_community_ve,1444.0,0.0,0.3,0,0.0,6,1444.0,2026422006,0.3,0.15
fig3_community_ve,673.0,0.0,0.3,0,0.0,7,673.0,2026422007,0.3,0.15
fig3_community_ve,1057.0,0.0,0.3,0,0.0,8,1057.0,2026422008,0.3,0.15
fig3_community_ve,1131.0,0.0,0.3,0,0.0,9,1131.0,2026422009,0.3,0.15
fig3_community_ve,534.0,0.0,0.3,0,0.0,10,534.0,2026422010,0.3,0.15
fig3_community_ve,925.9999999999999,0.0,0.3,0,0.0,11,925.9999999999999,2026422011,0.3,0.15
fig3_community_ve,1036.0,0.0,0.3,0,0.0,12,1036.0,2026422012,0.3,0.15
fig3_community_ve,991.0,0.0,0.3,0,0.0,13,991.0,2026422013,0.3,0.15
fig3_community_ve,1592.0,0.0,0.3,0,0.0,14,1592.0,2026422014,0.3,0.15
fig3_community_ve,789.0,0.0,0.3,0,0.0,15,789.0,2026422015,0.3,0.15
fig3_community_ve,1010.9999999999999,0.0,0.3,0,0.0,16,1010.9999999999999,2026422016,0.3,0.15
fig3_community_ve,1121.0,0.0,0.3,0,0.0,17,1121.0,2026422017,0.3,0.15
fig3_community_ve,1428.0,0.0,0.3,0,0.0,18,1428.0,2026422018,0.3,0.15
fig3_community_ve,1570.9999999999998,0.0,0.3,0,0.0,19,1570.9999999999998,2026422019,0.3,0.15
fig3_community_ve,1315.0,0.0,0.3,0,0.0,20,1315.0,2026422020,0.3,0.15
fig3_community_ve,844.0,0.0,0.3,0,0.0,21,844.0,2026422021,0.3,0.15
fig3_community_ve,1010.0,0.0,0.3,0,0.0,22,1010.0,2026422022,0.3,0.15
fig3_community_ve,718.0,0.0,0.3,0,0.0,23,718.0,2026422023,0.3,0.15
fig3_community_ve,1031.0,0.0,0.3,0,0.0,24,1031.0,2026422024,0.3,0.15
fig3_community_ve,1363.0,0.0,0.3,0,0.0,25,1363.0,2026422025,0.3,0.15
fig3_community_ve,1725.0000000000002,0.0,0.3,0,0.0,26,1725.0000000000002,2026422026,0.3,0.15
fig3_community_ve,1525.0,0.0,0.3,0,0.0,27,1525.0,2026422027,0.3,0.15
fig3_community_ve,1272.0,0.0,0.3,0,0.0,28,1272.0,2026422028,0.3,0.15
fig3_community_ve,897.0,0.0,0.3,0,0.0,29,897.0,2026422029,0.3,0.15
fig3_community_ve,1352.0,0.0,0.3,0,0.0,30,1352.0,2026422030,0.3,0.15
fig3_community_ve,1063.0,0.0,0.3,0,0.0,31,1063.0,2026422031,0.3,0.15
fig3_community_ve,1098.0,0.0,0.3,0,0.0,32,1098.0,2026422032,0.3,0.15
fig3_community_ve,1337.0,0.0,0.3,0,0.0,33,1337.0,2026422033,0.3,0.15
fig3_community_ve,1085.0,0.0,0.3,0,0.0,34,1085.0,2026422034,0.3,0.15
fig3_community_ve,1034.0,0.0,0.3,0,0.0,35,1034.0,2026422035,0.3,0.15
fig3_community_ve,876.0,0.0,0.3,0,0.0,36,876.0,2026422036,0.3,0.15
fig3_community_ve,1302.0,0.0,0.3,0,0.0,37,1302.0,2026422037,0.3,0.15
fig3_community_ve,1209.0,0.0,0.3,0,0.0,38,1209.0,2026422038,0.3,0.15
fig3_community_ve,1230.0,0.0,0.3,0,0.0,39,1230.0,2026422039,0.3,0.15
fig3_community_ve,848.0,0.0,0.3,0,0.0,40,848.0,2026422040,0.3,0.15
fig3_community_ve,1307.0,0.0,0.3,0,0.0,41,1307.0,2026422041,0.3,0.15
fig3_community_ve,1208.0,0.0,0.3,0,0.0,42,1208.0,2026422042,0.3,0.15
fig3_community_ve,788.0,0.0,0.3,0,0.0,43,788.0,2026422043,0.3,0.15
fig3_community_ve,1277.0,0.0,0.3,0,0.0,44,1277.0,2026422044,0.3,0.15
fig3_community_ve,1064.0,0.0,0.3,0,0.0,45,1064.0,2026422045,0.3,0.15
fig3_community_ve,1202.0,0.0,0.3,0,0.0,46,1202.0,2026422046,0.3,0.15
fig3_community_ve,1110.0,0.0,0.3,0,0.0,47,1110.0,2026422047,0.3,0.15
fig3_community_ve,842.0,0.0,0.3,0,0.0,48,842.0,2026422048,0.3,0.15
fig3_community_ve,1287.0,0.0,0.3,0,0.0,49,1287.0,2026422049,0.3,0.15
fig3_community_ve,1340.0,0.0,0.3,0,0.0,50,1340.0,2026422050,0.3,0.15
fig3_community_ve,1075.0,0.0,0.3,0,0.0,51,1075.0,2026422051,0.3,0.15
fig3_community_ve,1298.0,0.0,0.3,0,0.0,52,1298.0,2026422052,0.3,0.15
fig3_community_ve,1061.0,0.0,0.3,0,0.0,53,1061.0,2026422053,0.3,0.15
fig3_community_ve,1033.0,0.0,0.3,0,0.0,54,1033.0,2026422054,0.3,0.15
fig3_community_ve,1330.0,0.0,0.3,0,0.0,55,1330.0,2026422055,0.3,0.15
fig3_community_ve,921.0,0.0,0.3,0,0.0,56,921.0,2026422056,0.3,0.15
fig3_community_ve,821.0,0.0,0.3,0,0.0,57,821.0,2026422057,0.3,0.15
fig3_community_ve,1345.0,0.0,0.3,0,0.0,58,1345.0,2026422058,0.3,0.15
fig3_community_ve,1338.0,0.0,0.3,0,0.0,59,1338.0,2026422059,0.3,0.15
fig3_community_ve,923.0,0.0,0.3,0,0.0,60,923.0,2026422060,0.3,0.15
fig3_community_ve,1331.0,0.0,0.3,0,0.0,61,1331.0,2026422061,0.3,0.15
fig3_community_ve,893.0,0.0,0.3,0,0.0,62,893.0,2026422062,0.3,0.15
fig3_community_ve,1260.0,0.0,0.3,0,0.0,63,1260.0,2026422063,0.3,0.15
fig3_community_ve,1131.0,0.0,0.3,0,0.0,64,1131.0,2026422064,0.3,0.15
fig3_community_ve,1244.0,0.0,0.3,0,0.0,65,1244.0,2026422065,0.3,0.15
fig3_community_ve,1239.0,0.0,0.3,0,0.0,66,1239.0,2026422066,0.3,0.15
fig3_community_ve,1324.0,0.0,0.3,0,0.0,67,1324.0,2026422067,0.3,0.15
fig3_community_ve,1161.0,0.0,0.3,0,0.0,68,1161.0,2026422068,0.3,0.15
fig3_community_ve,1093.0,0.0,0.3,0,0.0,69,1093.0,2026422069,0.3,0.15
fig3_community_ve,1037.0,0.0,0.3,0,0.0,70,1037.0,2026422070,0.3,0.15
fig3_community_ve,1215.0,0.0,0.3,0,0.0,71,1215.0,2026422071,0.3,0.15
fig3_community_ve,1009.0,0.0,0.3,0,0.0,72,1009.0,2026422072,0.3,0.15
fig3_community_ve,1167.0,0.0,0.3,0,0.0,73,1167.0,2026422073,0.3,0.15
fig3_community_ve,1018.9999999999999,0.0,0.3,0,0.0,74,1018.9999999999999,2026422074,0.3,0.15
fig3_community_ve,769.0,0.0,0.3,0,0.0,75,769.0,2026422075,0.3,0.15
fig3_community_ve,1016.0000000000001,0.0,0.3,0,0.0,76,1016.0000000000001,2026422076,0.3,0.15
fig3_community_ve,1236.0,0.0,0.3,0,0.0,77,1236.0,2026422077,0.3,0.15
fig3_community_ve,1202.0,0.0,0.3,0,0.0,78,1202.0,2026422078,0.3,0.15
fig3_community_ve,1367.0,0.0,0.3,0,0.0,79,1367.0,2026422079,0.3,0.15
fig3_community_ve,1165.0,0.0,0.3,0,0.0,80,1165.0,2026422080,0.3,0.15
fig3_community_ve,916.9999999999999,0.0,0.3,0,0.0,81,916.9999999999999,2026422081,0.3,0.15
fig3_community_ve,1412.0,0.0,0.3,0,0.0,82,1412.0,2026422082,0.3,0.15
fig3_community_ve,1388.0,0.0,0.3,0,0.0,83,1388.0,2026422083,0.3,0.15
fig3_community_ve,1162.0,0.0,0.3,0,0.0,84,1162.0,2026422084,0.3,0.15
fig3_community_ve,1150.0,0.0,0.3,0,0.0,85,1150.0,2026422085,0.3,0.15
fig3_community_ve,787.0,0.0,0.3,0,0.0,86,787.0,2026422086,0.3,0.15
fig3_community_ve,1474.0,0.0,0.3,0,0.0,87,1474.0,2026422087,0.3,0.15
fig3_community_ve,1043.0,0.0,0.3,0,0.0,88,1043.0,2026422088,0.3,0.15
fig3_community_ve,1127.0,0.0,0.3,0,0.0,89,1127.0,2026422089,0.3,0.15
fig3_community_ve,1326.0,0.0,0.3,0,0.0,90,1326.0,2026422090,0.3,0.15
fig3_community_ve,891.0,0.0,0.3,0,0.0,91,891.0,2026422091,0.3,0.15
fig3_community_ve,1024.0,0.0,0.3,0,0.0,92,1024.0,2026422092,0.3,0.15
fig3_community_ve,1269.0,0.0,0.3,0,0.0,93,1269.0,2026422093,0.3,0.15
fig3_community_ve,909.0000000000001,0.0,0.3,0,0.0,94,909.0000000000001,2026422094,0.3,0.15
fig3_community_ve,1143.0,0.0,0.3,0,0.0,95,1143.0,2026422095,0.3,0.15
fig3_community_ve,1089.0,0.0,0.3,0,0.0,96,1089.0,2026422096,0.3,0.15
fig3_community_ve,1578.0,0.0,0.3,0,0.0,97,1578.0,2026422097,0.3,0.15
fig3_community_ve,626.0,0.0,0.3,0,0.0,98,626.0,2026422098,0.3,0.15
fig3_community_ve,1401.0,0.0,0.3,0,0.0,99,1401.0,2026422099,0.3,0.15
fig3_community_ve,1210.0,0.0,0.3,0,0.0,0,1210.0,2026423000,0.3,0.3
fig3_community_ve,903.0,0.0,0.3,0,0.0,1,903.0,2026423001,0.3,0.3
fig3_community_ve,1325.0,0.0,0.3,0,0.0,2,1325.0,2026423002,0.3,0.3
fig3_community_ve,1206.0,0.0,0.3,0,0.0,3,1206.0,2026423003,0.3,0.3
fig3_community_ve,855.0,0.0,0.3,0,0.0,4,855.0,2026423004,0.3,0.3
fig3_community_ve,1348.0,0.0,0.3,0,0.0,5,1348.0,2026423005,0.3,0.3
fig3_community_ve,1048.0,0.0,0.3,0,0.0,6,1048.0,2026423006,0.3,0.3
fig3_community_ve,1541.0,0.0,0.3,0,0.0,7,1541.0,2026423007,0.3,0.3
fig3_community_ve,1088.0,0.0,0.3,0,0.0,8,1088.0,2026423008,0.3,0.3
fig3_community_ve,1005.0,0.0,0.3,0,0.0,9,1005.0,2026423009,0.3,0.3
fig3_community_ve,1502.0,0.0,0.3,0,0.0,10,1502.0,2026423010,0.3,0.3
fig3_community_ve,1169.0,0.0,0.3,0,0.0,11,1169.0,2026423011,0.3,0.3
fig3_community_ve,1050.0,0.0,0.3,0,0.0,12,1050.0,2026423012,0.3,0.3
fig3_community_ve,867.0000000000001,0.0,0.3,0,0.0,13,867.0000000000001,2026423013,0.3,0.3
fig3_community_ve,983.0,0.0,0.3,0,0.0,14,983.0,2026423014,0.3,0.3
fig3_community_ve,1156.0,0.0,0.3,0,0.0,15,1156.0,2026423015,0.3,0.3
fig3_community_ve,1152.0,0.0,0.3,0,0.0,16,1152.0,2026423016,0.3,0.3
fig3_community_ve,1324.0,0.0,0.3,0,0.0,17,1324.0,2026423017,0.3,0.3
fig3_community_ve,1381.0,0.0,0.3,0,0.0,18,1381.0,2026423018,0.3,0.3
fig3_community_ve,1209.0,0.0,0.3,0,0.0,19,1209.0,2026423019,0.3,0.3
fig3_community_ve,931.0,0.0,0.3,0,0.0,20,931.0,2026423020,0.3,0.3
fig3_community_ve,1001.9999999999999,0.0,0.3,0,0.0,21,1001.9999999999999,2026423021,0.3,0.3
fig3_community_ve,945.0,0.0,0.3,0,0.0,22,945.0,2026423022,0.3,0.3
fig3_community_ve,721.0,0.0,0.3,0,0.0,23,721.0,2026423023,0.3,0.3
fig3_community_ve,1082.0,0.0,0.3,0,0.0,24,1082.0,2026423024,0.3,0.3
fig3_community_ve,1593.0,0.0,0.3,0,0.0,25,1593.0,2026423025,0.3,0.3
fig3_community_ve,972.0,0.0,0.3,0,0.0,26,972.0,2026423026,0.3,0.3
fig3_community_ve,888.0000000000001,0.0,0.3,0,0.0,27,888.0000000000001,2026423027,0.3,0.3
fig3_community_ve,1154.0,0.0,0.3,0,0.0,28,1154.0,2026423028,0.3,0.3
fig3_community_ve,1201.0,0.0,0.3,0,0.0,29,1201.0,2026423029,0.3,0.3
fig3_community_ve,1188.0,0.0,0.3,0,0.0,30,1188.0,2026423030,0.3,0.3
fig3_community_ve,1048.0,0.0,0.3,0,0.0,31,1048.0,2026423031,0.3,0.3
fig3_community_ve,848.0,0.0,0.3,0,0.0,32,848.0,2026423032,0.3,0.3
fig3_community_ve,1269.0,0.0,0.3,0,0.0,33,1269.0,2026423033,0.3,0.3
fig3_community_ve,1260.0,0.0,0.3,0,0.0,34,1260.0,2026423034,0.3,0.3
fig3_community_ve,1228.0,0.0,0.3,0,0.0,35,1228.0,2026423035,0.3,0.3
fig3_community_ve,1316.0,0.0,0.3,0,0.0,36,1316.0,2026423036,0.3,0.3
fig3_community_ve,1091.0,0.0,0.3,0,0.0,37,1091.0,2026423037,0.3,0.3
fig3_community_ve,894.0,0.0,0.3,0,0.0,38,894.0,2026423038,0.3,0.3
fig3_community_ve,1531.0,0.0,0.3,0,0.0,39,1531.0,2026423039,0.3,0.3
fig3_community_ve,1155.0,0.0,0.3,0,0.0,40,1155.0,2026423040,0.3,0.3
fig3_community_ve,1349.0,0.0,0.3,0,0.0,41,1349.0,2026423041,0.3,0.3
fig3_community_ve,995.0,0.0,0.3,0,0.0,42,995.0,2026423042,0.3,0.3
fig3_community_ve,643.0,0.0,0.3,0,0.0,43,643.0,2026423043,0.3,0.3
fig3_community_ve,1047.0,0.0,0.3,0,0.0,44,1047.0,2026423044,0.3,0.3
fig3_community_ve,958.0,0.0,0.3,0,0.0,45,958.0,2026423045,0.3,0.3
fig3_community_ve,1349.0,0.0,0.3,0,0.0,46,1349.0,2026423046,0.3,0.3
fig3_community_ve,1231.0,0.0,0.3,0,0.0,47,1231.0,2026423047,0.3,0.3
fig3_community_ve,646.0,0.0,0.3,0,0.0,48,646.0,2026423048,0.3,0.3
fig3_community_ve,1021.0,0.0,0.3,0,0.0,49,1021.0,2026423049,0.3,0.3
fig3_community_ve,1442.0,0.0,0.3,0,0.0,50,1442.0,2026423050,0.3,0.3
fig3_community_ve,631.0,0.0,0.3,0,0.0,51,631.0,2026423051,0.3,0.3
fig3_community_ve,817.0,0.0,0.3,0,0.0,52,817.0,2026423052,0.3,0.3
fig3_community_ve,1372.0,0.0,0.3,0,0.0,53,1372.0,2026423053,0.3,0.3
fig3_community_ve,1048.0,0.0,0.3,0,0.0,54,1048.0,2026423054,0.3,0.3
fig3_community_ve,1407.0,0.0,0.3,0,0.0,55,1407.0,2026423055,0.3,0.3
fig3_community_ve,1100.0,0.0,0.3,0,0.0,56,1100.0,2026423056,0.3,0.3
fig3_community_ve,772.0,0.0,0.3,0,0.0,57,772.0,2026423057,0.3,0.3
fig3_community_ve,1013.0,0.0,0.3,0,0.0,58,1013.0,2026423058,0.3,0.3
fig3_community_ve,1260.0,0.0,0.3,0,0.0,59,1260.0,2026423059,0.3,0.3
fig3_community_ve,1154.0,0.0,0.3,0,0.0,60,1154.0,2026423060,0.3,0.3
fig3_community_ve,915.0,0.0,0.3,0,0.0,61,915.0,2026423061,0.3,0.3
fig3_community_ve,1089.0,0.0,0.3,0,0.0,62,1089.0,2026423062,0.3,0.3
fig3_community_ve,1267.0,0.0,0.3,0,0.0,63,1267.0,2026423063,0.3,0.3
fig3_community_ve,855.0,0.0,0.3,0,0.0,64,855.0,2026423064,0.3,0.3
fig3_community_ve,1239.0,0.0,0.3,0,0.0,65,1239.0,2026423065,0.3,0.3
fig3_community_ve,848.9999999999999,0.0,0.3,0,0.0,66,848.9999999999999,2026423066,0.3,0.3
fig3_community_ve,682.0,0.0,0.3,0,0.0,67,682.0,2026423067,0.3,0.3
fig3_community_ve,1032.0,0.0,0.3,0,0.0,68,1032.0,2026423068,0.3,0.3
fig3_community_ve,1421.0,0.0,0.3,0,0.0,69,1421.0,2026423069,0.3,0.3
fig3_community_ve,952.0000000000001,0.0,0.3,0,0.0,70,952.0000000000001,2026423070,0.3,0.3
fig3_community_ve,782.0,0.0,0.3,0,0.0,71,782.0,2026423071,0.3,0.3
fig3_community_ve,1421.0,0.0,0.3,0,0.0,72,1421.0,2026423072,0.3,0.3
fig3_community_ve,1288.0,0.0,0.3,0,0.0,73,1288.0,2026423073,0.3,0.3
fig3_community_ve,780.0,0.0,0.3,0,0.0,74,780.0,2026423074,0.3,0.3
fig3_community_ve,1048.0,0.0,0.3,0,0.0,75,1048.0,2026423075,0.3,0.3
fig3_community_ve,916.0,0.0,0.3,0,0.0,76,916.0,2026423076,0.3,0.3
fig3_community_ve,1132.0,0.0,0.3,0,0.0,77,1132.0,2026423077,0.3,0.3
fig3_community_ve,1022.0,0.0,0.3,0,0.0,78,1022.0,2026423078,0.3,0.3
fig3_community_ve,1114.0,0.0,0.3,0,0.0,79,1114.0,2026423079,0.3,0.3
fig3_community_ve,1151.0,0.0,0.3,0,0.0,80,1151.0,2026423080,0.3,0.3
fig3_community_ve,933.0,0.0,0.3,0,0.0,81,933.0,2026423081,0.3,0.3
fig3_community_ve,1027.0,0.0,0.3,0,0.0,82,1027.0,2026423082,0.3,0.3
fig3_community_ve,1305.0,0.0,0.3,0,0.0,83,1305.0,2026423083,0.3,0.3
fig3_community_ve,1137.0,0.0,0.3,0,0.0,84,1137.0,2026423084,0.3,0.3
fig3_community_ve,895.0,0.0,0.3,0,0.0,85,895.0,2026423085,0.3,0.3
fig3_community_ve,1378.0,0.0,0.3,0,0.0,86,1378.0,2026423086,0.3,0.3
fig3_community_ve,1119.0,0.0,0.3,0,0.0,87,1119.0,2026423087,0.3,0.3
fig3_community_ve,1226.0,0.0,0.3,0,0.0,88,1226.0,2026423088,0.3,0.3
fig3_community_ve,1028.0,0.0,0.3,0,0.0,89,1028.0,2026423089,0.3,0.3
fig3_community_ve,1219.0,0.0,0.3,0,0.0,90,1219.0,2026423090,0.3,0.3
fig3_community_ve,1229.0,0.0,0.3,0,0.0,91,1229.0,2026423091,0.3,0.3
fig3_community_ve,723.0,0.0,0.3,0,0.0,92,723.0,2026423092,0.3,0.3
fig3_community_ve,969.0000000000001,0.0,0.3,0,0.0,93,969.0000000000001,2026423093,0.3,0.3
fig3_community_ve,1192.0,0.0,0.3,0,0.0,94,1192.0,2026423094,0.3,0.3
fig3_community_ve,1008.0,0.0,0.3,0,0.0,95,1008.0,2026423095,0.3,0.3
fig3_community_ve,1311.0,0.0,0.3,0,0.0,96,1311.0,2026423096,0.3,0.3
fig3_community_ve,909.0000000000001,0.0,0.3,0,0.0,97,909.0000000000001,2026423097,0.3,0.3
fig3_community_ve,928.0,0.0,0.3,0,0.0,98,928.0,2026423098,0.3,0.3
fig3_community_ve,1016.0000000000001,0.0,0.3,0,0.0,99,1016.0000000000001,2026423099,0.3,0.3
fig3_community_ve,1140.0,0.0,0.3,0,0.0,0,1140.0,2026425000,0.3,0.6
fig3_community_ve,1033.0,0.0,0.3,0,0.0,1,1033.0,2026425001,0.3,0.6
fig3_community_ve,687.0,0.0,0.3,0,0.0,2,687.0,2026425002,0.3,0.6
fig3_community_ve,988.0,0.0,0.3,0,0.0,3,988.0,2026425003,0.3,0.6
fig3_community_ve,1113.0,0.0,0.3,0,0.0,4,1113.0,2026425004,0.3,0.6
fig3_community_ve,1155.0,0.0,0.3,0,0.0,5,1155.0,2026425005,0.3,0.6
fig3_community_ve,966.0,0.0,0.3,0,0.0,6,966.0,2026425006,0.3,0.6
fig3_community_ve,1109.0,0.0,0.3,0,0.0,7,1109.0,2026425007,0.3,0.6
fig3_community_ve,1196.0,0.0,0.3,0,0.0,8,1196.0,2026425008,0.3,0.6
fig3_community_ve,959.9999999999999,0.0,0.3,0,0.0,9,959.9999999999999,2026425009,0.3,0.6
fig3_community_ve,635.0,0.0,0.3,0,0.0,10,635.0,2026425010,0.3,0.6
fig3_community_ve,1275.0,0.0,0.3,0,0.0,11,1275.0,2026425011,0.3,0.6
fig3_community_ve,984.9999999999999,0.0,0.3,0,0.0,12,984.9999999999999,2026425012,0.3,0.6
fig3_community_ve,869.9999999999999,0.0,0.3,0,0.0,13,869.9999999999999,2026425013,0.3,0.6
fig3_community_ve,966.0,0.0,0.3,0,0.0,14,966.0,2026425014,0.3,0.6
fig3_community_ve,1012.0,0.0,0.3,0,0.0,15,1012.0,2026425015,0.3,0.6
fig3_community_ve,990.0000000000001,0.0,0.3,0,0.0,16,990.0000000000001,2026425016,0.3,0.6
fig3_community_ve,827.9999999999999,0.0,0.3,0,0.0,17,827.9999999999999,2026425017,0.3,0.6
fig3_community_ve,961.0,0.0,0.3,0,0.0,18,961.0,2026425018,0.3,0.6
fig3_community_ve,1194.0,0.0,0.3,0,0.0,19,1194.0,2026425019,0.3,0.6
fig3_community_ve,1151.0,0.0,0.3,0,0.0,20,1151.0,2026425020,0.3,0.6
fig3_community_ve,1254.0,0.0,0.3,0,0.0,21,1254.0,2026425021,0.3,0.6
fig3_community_ve,967.9999999999999,0.0,0.3,0,0.0,22,967.9999999999999,2026425022,0.3,0.6
fig3_community_ve,1260.0,0.0,0.3,0,0.0,23,1260.0,2026425023,0.3,0.6
fig3_community_ve,1143.0,0.0,0.3,0,0.0,24,1143.0,2026425024,0.3,0.6
fig3_community_ve,844.0,0.0,0.3,0,0.0,25,844.0,2026425025,0.3,0.6
fig3_community_ve,769.0,0.0,0.3,0,0.0,26,769.0,2026425026,0.3,0.6
fig3_community_ve,921.0,0.0,0.3,0,0.0,27,921.0,2026425027,0.3,0.6
fig3_community_ve,1013.0,0.0,0.3,0,0.0,28,1013.0,2026425028,0.3,0.6
fig3_community_ve,848.0,0.0,0.3,0,0.0,29,848.0,2026425029,0.3,0.6
fig3_community_ve,1158.0,0.0,0.3,0,0.0,30,1158.0,2026425030,0.3,0.6
fig3_community_ve,1331.0,0.0,0.3,0,0.0,31,1331.0,2026425031,0.3,0.6
fig3_community_ve,1046.0,0.0,0.3,0,0.0,32,1046.0,2026425032,0.3,0.6
fig3_community_ve,1051.0,0.0,0.3,0,0.0,33,1051.0,2026425033,0.3,0.6
fig3_community_ve,1606.0000000000002,0.0,0.3,0,0.0,34,1606.0000000000002,2026425034,0.3,0.6
fig3_community_ve,1258.0,0.0,0.3,0,0.0,35,1258.0,2026425035,0.3,0.6
fig3_community_ve,920.0,0.0,0.3,0,0.0,36,920.0,2026425036,0.3,0.6
fig3_community_ve,980.9999999999999,0.0,0.3,0,0.0,37,980.9999999999999,2026425037,0.3,0.6
fig3_community_ve,1242.0,0.0,0.3,0,0.0,38,1242.0,2026425038,0.3,0.6
fig3_community_ve,1109.0,0.0,0.3,0,0.0,39,1109.0,2026425039,0.3,0.6
fig3_community_ve,1291.0,0.0,0.3,0,0.0,40,1291.0,2026425040,0.3,0.6
fig3_community_ve,955.0,0.0,0.3,0,0.0,41,955.0,2026425041,0.3,0.6
fig3_community_ve,1237.0,0.0,0.3,0,0.0,42,1237.0,2026425042,0.3,0.6
fig3_community_ve,1046.0,0.0,0.3,0,0.0,43,1046.0,2026425043,0.3,0.6
fig3_community_ve,1232.0,0.0,0.3,0,0.0,44,1232.0,2026425044,0.3,0.6
fig3_community_ve,1500.0,0.0,0.3,0,0.0,45,1500.0,2026425045,0.3,0.6
fig3_community_ve,1021.0,0.0,0.3,0,0.0,46,1021.0,2026425046,0.3,0.6
fig3_community_ve,864.0,0.0,0.3,0,0.0,47,864.0,2026425047,0.3,0.6
fig3_community_ve,944.0,0.0,0.3,0,0.0,48,944.0,2026425048,0.3,0.6
fig3_community_ve,867.0000000000001,0.0,0.3,0,0.0,49,867.0000000000001,2026425049,0.3,0.6
fig3_community_ve,895.0,0.0,0.3,0,0.0,50,895.0,2026425050,0.3,0.6
fig3_community_ve,1138.0,0.0,0.3,0,0.0,51,1138.0,2026425051,0.3,0.6
fig3_community_ve,1024.0,0.0,0.3,0,0.0,52,1024.0,2026425052,0.3,0.6
fig3_community_ve,1187.0,0.0,0.3,0,0.0,53,1187.0,2026425053,0.3,0.6
fig3_community_ve,1258.0,0.0,0.3,0,0.0,54,1258.0,2026425054,0.3,0.6
fig3_community_ve,1222.0,0.0,0.3,0,0.0,55,1222.0,2026425055,0.3,0.6
fig3_community_ve,1417.0,0.0,0.3,0,0.0,56,1417.0,2026425056,0.3,0.6
fig3_community_ve,1070.0,0.0,0.3,0,0.0,57,1070.0,2026425057,0.3,0.6
fig3_community_ve,1158.0,0.0,0.3,0,0.0,58,1158.0,2026425058,0.3,0.6
fig3_community_ve,915.0,0.0,0.3,0,0.0,59,915.0,2026425059,0.3,0.6
fig3_community_ve,1474.0,0.0,0.3,0,0.0,60,1474.0,2026425060,0.3,0.6
fig3_community_ve,979.0,0.0,0.3,0,0.0,61,979.0,2026425061,0.3,0.6
fig3_community_ve,1068.0,0.0,0.3,0,0.0,62,1068.0,2026425062,0.3,0.6
fig3_community_ve,1100.0,0.0,0.3,0,0.0,63,1100.0,2026425063,0.3,0.6
fig3_community_ve,1104.0,0.0,0.3,0,0.0,64,1104.0,2026425064,0.3,0.6
fig3_community_ve,1497.0,0.0,0.3,0,0.0,65,1497.0,2026425065,0.3,0.6
fig3_community_ve,793.9999999999999,0.0,0.3,0,0.0,66,793.9999999999999,2026425066,0.3,0.6
fig3_community_ve,1247.0,0.0,0.3,0,0.0,67,1247.0,2026425067,0.3,0.6
fig3_community_ve,1202.0,0.0,0.3,0,0.0,68,1202.0,2026425068,0.3,0.6
fig3_community_ve,1101.0,0.0,0.3,0,0.0,69,1101.0,2026425069,0.3,0.6
fig3_community_ve,1352.0,0.0,0.3,0,0.0,70,1352.0,2026425070,0.3,0.6
fig3_community_ve,908.0,0.0,0.3,0,0.0,71,908.0,2026425071,0.3,0.6
fig3_community_ve,519.0,0.0,0.3,0,0.0,72,519.0,2026425072,0.3,0.6
fig3_community_ve,839.0,0.0,0.3,0,0.0,73,839.0,2026425073,0.3,0.6
fig3_community_ve,1339.0,0.0,0.3,0,0.0,74,1339.0,2026425074,0.3,0.6
fig3_community_ve,1361.0,0.0,0.3,0,0.0,75,1361.0,2026425075,0.3,0.6
fig3_community_ve,1256.0,0.0,0.3,0,0.0,76,1256.0,2026425076,0.3,0.6
fig3_community_ve,878.0,0.0,0.3,0,0.0,77,878.0,2026425077,0.3,0.6
fig3_community_ve,996.0,0.0,0.3,0,0.0,78,996.0,2026425078,0.3,0.6
fig3_community_ve,1126.0,0.0,0.3,0,0.0,79,1126.0,2026425079,0.3,0.6
fig3_community_ve,1421.0,0.0,0.3,0,0.0,80,1421.0,2026425080,0.3,0.6
fig3_community_ve,990.0000000000001,0.0,0.3,0,0.0,81,990.0000000000001,2026425081,0.3,0.6
fig3_community_ve,1086.0,0.0,0.3,0,0.0,82,1086.0,2026425082,0.3,0.6
fig3_community_ve,1293.0,0.0,0.3,0,0.0,83,1293.0,2026425083,0.3,0.6
fig3_community_ve,1369.0,0.0,0.3,0,0.0,84,1369.0,2026425084,0.3,0.6
fig3_community_ve,1089.0,0.0,0.3,0,0.0,85,1089.0,2026425085,0.3,0.6
fig3_community_ve,992.0,0.0,0.3,0,0.0,86,992.0,2026425086,0.3,0.6
fig3_community_ve,1136.0,0.0,0.3,0,0.0,87,1136.0,2026425087,0.3,0.6
fig3_community_ve,1187.0,0.0,0.3,0,0.0,88,1187.0,2026425088,0.3,0.6
fig3_community_ve,1269.0,0.0,0.3,0,0.0,89,1269.0,2026425089,0.3,0.6
fig3_community_ve,704.0,0.0,0.3,0,0.0,90,704.0,2026425090,0.3,0.6
fig3_community_ve,1010.0,0.0,0.3,0,0.0,91,1010.0,2026425091,0.3,0.6
fig3_community_ve,1340.0,0.0,0.3,0,0.0,92,1340.0,2026425092,0.3,0.6
fig3_community_ve,1400.0,0.0,0.3,0,0.0,93,1400.0,2026425093,0.3,0.6
fig3_community_ve,1289.0,0.0,0.3,0,0.0,94,1289.0,2026425094,0.3,0.6
fig3_community_ve,1152.0,0.0,0.3,0,0.0,95,1152.0,2026425095,0.3,0.6
fig3_community_ve,911.0,0.0,0.3,0,0.0,96,911.0,2026425096,0.3,0.6
fig3_community_ve,1086.0,0.0,0.3,0,0.0,97,1086.0,2026425097,0.3,0.6
fig3_community_ve,1189.0,0.0,0.3,0,0.0,98,1189.0,2026425098,0.3,0.6
fig3_community_ve,1108.0,0.0,0.3,0,0.0,99,1108.0,2026425099,0.3,0.6
fig3_community_ve,1168.0,0.0,0.3,0,0.0,0,1168.0,2026424000,0.3,0.44999999999999996
fig3_community_ve,1362.0,0.0,0.3,0,0.0,1,1362.0,2026424001,0.3,0.44999999999999996
fig3_community_ve,1183.0,0.0,0.3,0,0.0,2,1183.0,2026424002,0.3,0.44999999999999996
fig3_community_ve,1090.0,0.0,0.3,0,0.0,3,1090.0,2026424003,0.3,0.44999999999999996
fig3_community_ve,875.0000000000001,0.0,0.3,0,0.0,4,875.0000000000001,2026424004,0.3,0.44999999999999996
fig3_community_ve,812.0,0.0,0.3,0,0.0,5,812.0,2026424005,0.3,0.44999999999999996
fig3_community_ve,999.0000000000001,0.0,0.3,0,0.0,6,999.0000000000001,2026424006,0.3,0.44999999999999996
fig3_community_ve,1285.0,0.0,0.3,0,0.0,7,1285.0,2026424007,0.3,0.44999999999999996
fig3_community_ve,1068.0,0.0,0.3,0,0.0,8,1068.0,2026424008,0.3,0.44999999999999996
fig3_community_ve,1196.0,0.0,0.3,0,0.0,9,1196.0,2026424009,0.3,0.44999999999999996
fig3_community_ve,967.9999999999999,0.0,0.3,0,0.0,10,967.9999999999999,2026424010,0.3,0.44999999999999996
fig3_community_ve,1264.0,0.0,0.3,0,0.0,11,1264.0,2026424011,0.3,0.44999999999999996
fig3_community_ve,1007.0000000000001,0.0,0.3,0,0.0,12,1007.0000000000001,2026424012,0.3,0.44999999999999996
fig3_community_ve,777.0,0.0,0.3,0,0.0,13,777.0,2026424013,0.3,0.44999999999999996
fig3_community_ve,1028.0,0.0,0.3,0,0.0,14,1028.0,2026424014,0.3,0.44999999999999996
fig3_community_ve,1598.0000000000002,0.0,0.3,0,0.0,15,1598.0000000000002,2026424015,0.3,0.44999999999999996
fig3_community_ve,1312.0,0.0,0.3,0,0.0,16,1312.0,2026424016,0.3,0.44999999999999996
fig3_community_ve,1166.0,0.0,0.3,0,0.0,17,1166.0,2026424017,0.3,0.44999999999999996
fig3_community_ve,1187.0,0.0,0.3,0,0.0,18,1187.0,2026424018,0.3,0.44999999999999996
fig3_community_ve,1175.0,0.0,0.3,0,0.0,19,1175.0,2026424019,0.3,0.44999999999999996
fig3_community_ve,1018.9999999999999,0.0,0.3,0,0.0,20,1018.9999999999999,2026424020,0.3,0.44999999999999996
fig3_community_ve,1456.0,0.0,0.3,0,0.0,21,1456.0,2026424021,0.3,0.44999999999999996
fig3_community_ve,1240.0,0.0,0.3,0,0.0,22,1240.0,2026424022,0.3,0.44999999999999996
fig3_community_ve,1357.0,0.0,0.3,0,0.0,23,1357.0,2026424023,0.3,0.44999999999999996
fig3_community_ve,818.9999999999999,0.0,0.3,0,0.0,24,818.9999999999999,2026424024,0.3,0.44999999999999996
fig3_community_ve,1214.0,0.0,0.3,0,0.0,25,1214.0,2026424025,0.3,0.44999999999999996
fig3_community_ve,1148.0,0.0,0.3,0,0.0,26,1148.0,2026424026,0.3,0.44999999999999996
fig3_community_ve,940.0,0.0,0.3,0,0.0,27,940.0,2026424027,0.3,0.44999999999999996
fig3_community_ve,916.0,0.0,0.3,0,0.0,28,916.0,2026424028,0.3,0.44999999999999996
fig3_community_ve,1401.0,0.0,0.3,0,0.0,29,1401.0,2026424029,0.3,0.44999999999999996
fig3_community_ve,1810.0000000000002,0.0,0.3,0,0.0,30,1810.0000000000002,2026424030,0.3,0.44999999999999996
fig3_community_ve,1180.0,0.0,0.3,0,0.0,31,1180.0,2026424031,0.3,0.44999999999999996
fig3_community_ve,1253.0,0.0,0.3,0,0.0,32,1253.0,2026424032,0.3,0.44999999999999996
fig3_community_ve,1032.0,0.0,0.3,0,0.0,33,1032.0,2026424033,0.3,0.44999999999999996
fig3_community_ve,1162.0,0.0,0.3,0,0.0,34,1162.0,2026424034,0.3,0.44999999999999996
fig3_community_ve,1248.0,0.0,0.3,0,0.0,35,1248.0,2026424035,0.3,0.44999999999999996
fig3_community_ve,1086.0,0.0,0.3,0,0.0,36,1086.0,2026424036,0.3,0.44999999999999996
fig3_community_ve,715.0,0.0,0.3,0,0.0,37,715.0,2026424037,0.3,0.44999999999999996
fig3_community_ve,1314.0,0.0,0.3,0,0.0,38,1314.0,2026424038,0.3,0.44999999999999996
fig3_community_ve,1067.0,0.0,0.3,0,0.0,39,1067.0,2026424039,0.3,0.44999999999999996
fig3_community_ve,1186.0,0.0,0.3,0,0.0,40,1186.0,2026424040,0.3,0.44999999999999996
fig3_community_ve,1182.0,0.0,0.3,0,0.0,41,1182.0,2026424041,0.3,0.44999999999999996
fig3_community_ve,1239.0,0.0,0.3,0,0.0,42,1239.0,2026424042,0.3,0.44999999999999996
fig3_community_ve,1255.0,0.0,0.3,0,0.0,43,1255.0,2026424043,0.3,0.44999999999999996
fig3_community_ve,920.0,0.0,0.3,0,0.0,44,920.0,2026424044,0.3,0.44999999999999996
fig3_community_ve,1123.0,0.0,0.3,0,0.0,45,1123.0,2026424045,0.3,0.44999999999999996
fig3_community_ve,1498.0,0.0,0.3,0,0.0,46,1498.0,2026424046,0.3,0.44999999999999996
fig3_community_ve,1467.0,0.0,0.3,0,0.0,47,1467.0,2026424047,0.3,0.44999999999999996
fig3_community_ve,1230.0,0.0,0.3,0,0.0,48,1230.0,2026424048,0.3,0.44999999999999996
fig3_community_ve,1252.0,0.0,0.3,0,0.0,49,1252.0,2026424049,0.3,0.44999999999999996
fig3_community_ve,1477.0,0.0,0.3,0,0.0,50,1477.0,2026424050,0.3,0.44999999999999996
fig3_community_ve,1132.0,0.0,0.3,0,0.0,51,1132.0,2026424051,0.3,0.44999999999999996
fig3_community_ve,885.0,0.0,0.3,0,0.0,52,885.0,2026424052,0.3,0.44999999999999996
fig3_community_ve,1414.0,0.0,0.3,0,0.0,53,1414.0,2026424053,0.3,0.44999999999999996
fig3_community_ve,1314.0,0.0,0.3,0,0.0,54,1314.0,2026424054,0.3,0.44999999999999996
fig3_community_ve,867.0000000000001,0.0,0.3,0,0.0,55,867.0000000000001,2026424055,0.3,0.44999999999999996
fig3_community_ve,1138.0,0.0,0.3,0,0.0,56,1138.0,2026424056,0.3,0.44999999999999996
fig3_community_ve,1247.0,0.0,0.3,0,0.0,57,1247.0,2026424057,0.3,0.44999999999999996
fig3_community_ve,1018.0,0.0,0.3,0,0.0,58,1018.0,2026424058,0.3,0.44999999999999996
fig3_community_ve,1181.0,0.0,0.3,0,0.0,59,1181.0,2026424059,0.3,0.44999999999999996
fig3_community_ve,1281.0,0.0,0.3,0,0.0,60,1281.0,2026424060,0.3,0.44999999999999996
fig3_community_ve,1202.0,0.0,0.3,0,0.0,61,1202.0,2026424061,0.3,0.44999999999999996
fig3_community_ve,1612.0,0.0,0.3,0,0.0,62,1612.0,2026424062,0.3,0.44999999999999996
fig3_community_ve,954.0,0.0,0.3,0,0.0,63,954.0,2026424063,0.3,0.44999999999999996
fig3_community_ve,1052.0,0.0,0.3,0,0.0,64,1052.0,2026424064,0.3,0.44999999999999996
fig3_community_ve,1218.0,0.0,0.3,0,0.0,65,1218.0,2026424065,0.3,0.44999999999999996
fig3_community_ve,1324.0,0.0,0.3,0,0.0,66,1324.0,2026424066,0.3,0.44999999999999996
fig3_community_ve,1163.0,0.0,0.3,0,0.0,67,1163.0,2026424067,0.3,0.44999999999999996
fig3_community_ve,1085.0,0.0,0.3,0,0.0,68,1085.0,2026424068,0.3,0.44999999999999996
fig3_community_ve,1130.0,0.0,0.3,0,0.0,69,1130.0,2026424069,0.3,0.44999999999999996
fig3_community_ve,1155.0,0.0,0.3,0,0.0,70,1155.0,2026424070,0.3,0.44999999999999996
fig3_community_ve,1006.0,0.0,0.3,0,0.0,71,1006.0,2026424071,0.3,0.44999999999999996
fig3_community_ve,1202.0,0.0,0.3,0,0.0,72,1202.0,2026424072,0.3,0.44999999999999996
fig3_community_ve,1278.0,0.0,0.3,0,0.0,73,1278.0,2026424073,0.3,0.44999999999999996
fig3_community_ve,864.0,0.0,0.3,0,0.0,74,864.0,2026424074,0.3,0.44999999999999996
fig3_community_ve,1056.0,0.0,0.3,0,0.0,75,1056.0,2026424075,0.3,0.44999999999999996
fig3_community_ve,1125.0,0.0,0.3,0,0.0,76,1125.0,2026424076,0.3,0.44999999999999996
fig3_community_ve,1036.0,0.0,0.3,0,0.0,77,1036.0,2026424077,0.3,0.44999999999999996
fig3_community_ve,1212.0,0.0,0.3,0,0.0,78,1212.0,2026424078,0.3,0.44999999999999996
fig3_community_ve,1358.0,0.0,0.3,0,0.0,79,1358.0,2026424079,0.3,0.44999999999999996
fig3_community_ve,1026.0,0.0,0.3,0,0.0,80,1026.0,2026424080,0.3,0.44999999999999996
fig3_community_ve,1021.0,0.0,0.3,0,0.0,81,1021.0,2026424081,0.3,0.44999999999999996
fig3_community_ve,1245.0,0.0,0.3,0,0.0,82,1245.0,2026424082,0.3,0.44999999999999996
fig3_community_ve,914.0,0.0,0.3,0,0.0,83,914.0,2026424083,0.3,0.44999999999999996
fig3_community_ve,1135.0,0.0,0.3,0,0.0,84,1135.0,2026424084,0.3,0.44999999999999996
fig3_community_ve,1323.0,0.0,0.3,0,0.0,85,1323.0,2026424085,0.3,0.44999999999999996
fig3_community_ve,1046.0,0.0,0.3,0,0.0,86,1046.0,2026424086,0.3,0.44999999999999996
fig3_community_ve,1463.0,0.0,0.3,0,0.0,87,1463.0,2026424087,0.3,0.44999999999999996
fig3_community_ve,1354.0,0.0,0.3,0,0.0,88,1354.0,2026424088,0.3,0.44999999999999996
fig3_community_ve,1192.0,0.0,0.3,0,0.0,89,1192.0,2026424089,0.3,0.44999999999999996
fig3_community_ve,1414.0,0.0,0.3,0,0.0,90,1414.0,2026424090,0.3,0.44999999999999996
fig3_community_ve,1378.0,0.0,0.3,0,0.0,91,1378.0,2026424091,0.3,0.44999999999999996
fig3_community_ve,891.0,0.0,0.3,0,0.0,92,891.0,2026424092,0.3,0.44999999999999996
fig3_community_ve,1367.0,0.0,0.3,0,0.0,93,1367.0,2026424093,0.3,0.44999999999999996
fig3_community_ve,1306.0,0.0,0.3,0,0.0,94,1306.0,2026424094,0.3,0.44999999999999996
fig3_community_ve,948.0000000000001,0.0,0.3,0,0.0,95,948.0000000000001,2026424095,0.3,0.44999999999999996
fig3_community_ve,1038.0,0.0,0.3,0,0.0,96,1038.0,2026424096,0.3,0.44999999999999996
fig3_community_ve,1229.0,0.0,0.3,0,0.0,97,1229.0,2026424097,0.3,0.44999999999999996
fig3_community_ve,1518.0,0.0,0.3,0,0.0,98,1518.0,2026424098,0.3,0.44999999999999996
fig3_community_ve,1111.0,0.0,0.3,0,0.0,99,1111.0,2026424099,0.3,0.44999999999999996
fig3_community_ve,1086.0,0.0,0.3,0,0.0,0,1086.0,2026426000,0.3,0.75
fig3_community_ve,1083.0,0.0,0.3,0,0.0,1,1083.0,2026426001,0.3,0.75
fig3_community_ve,1021.0,0.0,0.3,0,0.0,2,1021.0,2026426002,0.3,0.75
fig3_community_ve,1485.0,0.0,0.3,0,0.0,3,1485.0,2026426003,0.3,0.75
fig3_community_ve,765.0,0.0,0.3,0,0.0,4,765.0,2026426004,0.3,0.75
fig3_community_ve,902.0,0.0,0.3,0,0.0,5,902.0,2026426005,0.3,0.75
fig3_community_ve,1120.0,0.0,0.3,0,0.0,6,1120.0,2026426006,0.3,0.75
fig3_community_ve,1313.0,0.0,0.3,0,0.0,7,1313.0,2026426007,0.3,0.75
fig3_community_ve,1095.0,0.0,0.3,0,0.0,8,1095.0,2026426008,0.3,0.75
fig3_community_ve,1349.0,0.0,0.3,0,0.0,9,1349.0,2026426009,0.3,0.75
fig3_community_ve,1524.0,0.0,0.3,0,0.0,10,1524.0,2026426010,0.3,0.75
fig3_community_ve,1161.0,0.0,0.3,0,0.0,11,1161.0,2026426011,0.3,0.75
fig3_community_ve,1186.0,0.0,0.3,0,0.0,12,1186.0,2026426012,0.3,0.75
fig3_community_ve,1056.0,0.0,0.3,0,0.0,13,1056.0,2026426013,0.3,0.75
fig3_community_ve,1000.0,0.0,0.3,0,0.0,14,1000.0,2026426014,0.3,0.75
fig3_community_ve,1120.0,0.0,0.3,0,0.0,15,1120.0,2026426015,0.3,0.75
fig3_community_ve,1432.0,0.0,0.3,0,0.0,16,1432.0,2026426016,0.3,0.75
fig3_community_ve,704.0,0.0,0.3,0,0.0,17,704.0,2026426017,0.3,0.75
fig3_community_ve,940.0,0.0,0.3,0,0.0,18,940.0,2026426018,0.3,0.75
fig3_community_ve,1170.0,0.0,0.3,0,0.0,19,1170.0,2026426019,0.3,0.75
fig3_community_ve,1598.0000000000002,0.0,0.3,0,0.0,20,1598.0000000000002,2026426020,0.3,0.75
fig3_community_ve,1170.0,0.0,0.3,0,0.0,21,1170.0,2026426021,0.3,0.75
fig3_community_ve,1193.0,0.0,0.3,0,0.0,22,1193.0,2026426022,0.3,0.75
fig3_community_ve,978.0,0.0,0.3,0,0.0,23,978.0,2026426023,0.3,0.75
fig3_community_ve,1229.0,0.0,0.3,0,0.0,24,1229.0,2026426024,0.3,0.75
fig3_community_ve,1867.9999999999998,0.0,0.3,0,0.0,25,1867.9999999999998,2026426025,0.3,0.75
fig3_community_ve,1228.0,0.0,0.3,0,0.0,26,1228.0,2026426026,0.3,0.75
fig3_community_ve,1259.0,0.0,0.3,0,0.0,27,1259.0,2026426027,0.3,0.75
fig3_community_ve,1346.0,0.0,0.3,0,0.0,28,1346.0,2026426028,0.3,0.75
fig3_community_ve,894.0,0.0,0.3,0,0.0,29,894.0,2026426029,0.3,0.75
fig3_community_ve,782.0,0.0,0.3,0,0.0,30,782.0,2026426030,0.3,0.75
fig3_community_ve,1199.0,0.0,0.3,0,0.0,31,1199.0,2026426031,0.3,0.75
fig3_community_ve,1128.0,0.0,0.3,0,0.0,32,1128.0,2026426032,0.3,0.75
fig3_community_ve,1248.0,0.0,0.3,0,0.0,33,1248.0,2026426033,0.3,0.75
fig3_community_ve,1081.0,0.0,0.3,0,0.0,34,1081.0,2026426034,0.3,0.75
fig3_community_ve,1278.0,0.0,0.3,0,0.0,35,1278.0,2026426035,0.3,0.75
fig3_community_ve,1053.0,0.0,0.3,0,0.0,36,1053.0,2026426036,0.3,0.75
fig3_community_ve,1031.0,0.0,0.3,0,0.0,37,1031.0,2026426037,0.3,0.75
fig3_community_ve,1012.0,0.0,0.3,0,0.0,38,1012.0,2026426038,0.3,0.75
fig3_community_ve,1567.0,0.0,0.3,0,0.0,39,1567.0,2026426039,0.3,0.75
fig3_community_ve,1143.0,0.0,0.3,0,0.0,40,1143.0,2026426040,0.3,0.75
fig3_community_ve,1231.0,0.0,0.3,0,0.0,41,1231.0,2026426041,0.3,0.75
fig3_community_ve,1233.0,0.0,0.3,0,0.0,42,1233.0,2026426042,0.3,0.75
fig3_community_ve,1101.0,0.0,0.3,0,0.0,43,1101.0,2026426043,0.3,0.75
fig3_community_ve,1085.0,0.0,0.3,0,0.0,44,1085.0,2026426044,0.3,0.75
fig3_community_ve,903.0,0.0,0.3,0,0.0,45,903.0,2026426045,0.3,0.75
fig3_community_ve,1602.0,0.0,0.3,0,0.0,46,1602.0,2026426046,0.3,0.75
fig3_community_ve,1084.0,0.0,0.3,0,0.0,47,1084.0,2026426047,0.3,0.75
fig3_community_ve,1199.0,0.0,0.3,0,0.0,48,1199.0,2026426048,0.3,0.75
fig3_community_ve,1101.0,0.0,0.3,0,0.0,49,1101.0,2026426049,0.3,0.75
fig3_community_ve,1116.0,0.0,0.3,0,0.0,50,1116.0,2026426050,0.3,0.75
fig3_community_ve,882.0,0.0,0.3,0,0.0,51,882.0,2026426051,0.3,0.75
fig3_community_ve,1017.0,0.0,0.3,0,0.0,52,1017.0,2026426052,0.3,0.75
fig3_community_ve,1384.0,0.0,0.3,0,0.0,53,1384.0,2026426053,0.3,0.75
fig3_community_ve,1392.0,0.0,0.3,0,0.0,54,1392.0,2026426054,0.3,0.75
fig3_community_ve,1042.0,0.0,0.3,0,0.0,55,1042.0,2026426055,0.3,0.75
fig3_community_ve,1080.0,0.0,0.3,0,0.0,56,1080.0,2026426056,0.3,0.75
fig3_community_ve,703.0,0.0,0.3,0,0.0,57,703.0,2026426057,0.3,0.75
fig3_community_ve,1060.0,0.0,0.3,0,0.0,58,1060.0,2026426058,0.3,0.75
fig3_community_ve,793.9999999999999,0.0,0.3,0,0.0,59,793.9999999999999,2026426059,0.3,0.75
fig3_community_ve,988.0,0.0,0.3,0,0.0,60,988.0,2026426060,0.3,0.75
fig3_community_ve,1284.0,0.0,0.3,0,0.0,61,1284.0,2026426061,0.3,0.75
fig3_community_ve,1280.0,0.0,0.3,0,0.0,62,1280.0,2026426062,0.3,0.75
fig3_community_ve,1191.0,0.0,0.3,0,0.0,63,1191.0,2026426063,0.3,0.75
fig3_community_ve,1261.0,0.0,0.3,0,0.0,64,1261.0,2026426064,0.3,0.75
fig3_community_ve,718.0,0.0,0.3,0,0.0,65,718.0,2026426065,0.3,0.75
fig3_community_ve,1276.0,0.0,0.3,0,0.0,66,1276.0,2026426066,0.3,0.75
fig3_community_ve,1001.9999999999999,0.0,0.3,0,0.0,67,1001.9999999999999,2026426067,0.3,0.75
fig3_community_ve,848.9999999999999,0.0,0.3,0,0.0,68,848.9999999999999,2026426068,0.3,0.75
fig3_community_ve,841.0000000000001,0.0,0.3,0,0.0,69,841.0000000000001,2026426069,0.3,0.75
fig3_community_ve,1177.0,0.0,0.3,0,0.0,70,1177.0,2026426070,0.3,0.75
fig3_community_ve,1067.0,0.0,0.3,0,0.0,71,1067.0,2026426071,0.3,0.75
fig3_community_ve,971.0,0.0,0.3,0,0.0,72,971.0,2026426072,0.3,0.75
fig3_community_ve,1351.0,0.0,0.3,0,0.0,73,1351.0,2026426073,0.3,0.75
fig3_community_ve,1481.0,0.0,0.3,0,0.0,74,1481.0,2026426074,0.3,0.75
fig3_community_ve,1263.0,0.0,0.3,0,0.0,75,1263.0,2026426075,0.3,0.75
fig3_community_ve,1203.0,0.0,0.3,0,0.0,76,1203.0,2026426076,0.3,0.75
fig3_community_ve,1136.0,0.0,0.3,0,0.0,77,1136.0,2026426077,0.3,0.75
fig3_community_ve,1519.0,0.0,0.3,0,0.0,78,1519.0,2026426078,0.3,0.75
fig3_community_ve,1064.0,0.0,0.3,0,0.0,79,1064.0,2026426079,0.3,0.75
fig3_community_ve,1354.0,0.0,0.3,0,0.0,80,1354.0,2026426080,0.3,0.75
fig3_community_ve,814.0,0.0,0.3,0,0.0,81,814.0,2026426081,0.3,0.75
fig3_community_ve,1206.0,0.0,0.3,0,0.0,82,1206.0,2026426082,0.3,0.75
fig3_community_ve,1103.0,0.0,0.3,0,0.0,83,1103.0,2026426083,0.3,0.75
fig3_community_ve,983.0,0.0,0.3,0,0.0,84,983.0,2026426084,0.3,0.75
fig3_community_ve,1445.0,0.0,0.3,0,0.0,85,1445.0,2026426085,0.3,0.75
fig3_community_ve,1033.0,0.0,0.3,0,0.0,86,1033.0,2026426086,0.3,0.75
fig3_community_ve,1227.0,0.0,0.3,0,0.0,87,1227.0,2026426087,0.3,0.75
fig3_community_ve,1359.0,0.0,0.3,0,0.0,88,1359.0,2026426088,0.3,0.75
fig3_community_ve,920.0,0.0,0.3,0,0.0,89,920.0,2026426089,0.3,0.75
fig3_community_ve,1314.0,0.0,0.3,0,0.0,90,1314.0,2026426090,0.3,0.75
fig3_community_ve,1091.0,0.0,0.3,0,0.0,91,1091.0,2026426091,0.3,0.75
fig3_community_ve,1143.0,0.0,0.3,0,0.0,92,1143.0,2026426092,0.3,0.75
fig3_community_ve,1121.0,0.0,0.3,0,0.0,93,1121.0,2026426093,0.3,0.75
fig3_community_ve,1017.0,0.0,0.3,0,0.0,94,1017.0,2026426094,0.3,0.75
fig3_community_ve,1016.0000000000001,0.0,0.3,0,0.0,95,1016.0000000000001,2026426095,0.3,0.75
fig3_community_ve,1188.0,0.0,0.3,0,0.0,96,1188.0,2026426096,0.3,0.75
fig3_community_ve,948.0000000000001,0.0,0.3,0,0.0,97,948.0000000000001,2026426097,0.3,0.75
fig3_community_ve,1187.0,0.0,0.3,0,0.0,98,1187.0,2026426098,0.3,0.75
fig3_community_ve,961.0,0.0,0.3,0,0.0,99,961.0,2026426099,0.3,0.75
fig3_community_ve,1403.0,0.0,0.3,0,0.0,0,1403.0,2026427000,0.3,0.9
fig3_community_ve,638.0,0.0,0.3,0,0.0,1,638.0,2026427001,0.3,0.9
fig3_community_ve,1472.0,0.0,0.3,0,0.0,2,1472.0,2026427002,0.3,0.9
fig3_community_ve,1267.0,0.0,0.3,0,0.0,3,1267.0,2026427003,0.3,0.9
fig3_community_ve,1404.0,0.0,0.3,0,0.0,4,1404.0,2026427004,0.3,0.9
fig3_community_ve,850.0000000000001,0.0,0.3,0,0.0,5,850.0000000000001,2026427005,0.3,0.9
fig3_community_ve,851.0,0.0,0.3,0,0.0,6,851.0,2026427006,0.3,0.9
fig3_community_ve,1178.0,0.0,0.3,0,0.0,7,1178.0,2026427007,0.3,0.9
fig3_community_ve,1094.0,0.0,0.3,0,0.0,8,1094.0,2026427008,0.3,0.9
fig3_community_ve,1293.0,0.0,0.3,0,0.0,9,1293.0,2026427009,0.3,0.9
fig3_community_ve,1193.0,0.0,0.3,0,0.0,10,1193.0,2026427010,0.3,0.9
fig3_community_ve,946.9999999999999,0.0,0.3,0,0.0,11,946.9999999999999,2026427011,0.3,0.9
fig3_community_ve,1021.0,0.0,0.3,0,0.0,12,1021.0,2026427012,0.3,0.9
fig3_community_ve,1076.0,0.0,0.3,0,0.0,13,1076.0,2026427013,0.3,0.9
fig3_community_ve,726.0,0.0,0.3,0,0.0,14,726.0,2026427014,0.3,0.9
fig3_community_ve,1103.0,0.0,0.3,0,0.0,15,1103.0,2026427015,0.3,0.9
fig3_community_ve,1146.0,0.0,0.3,0,0.0,16,1146.0,2026427016,0.3,0.9
fig3_community_ve,1420.0,0.0,0.3,0,0.0,17,1420.0,2026427017,0.3,0.9
fig3_community_ve,1204.0,0.0,0.3,0,0.0,18,1204.0,2026427018,0.3,0.9
fig3_community_ve,827.9999999999999,0.0,0.3,0,0.0,19,827.9999999999999,2026427019,0.3,0.9
fig3_community_ve,1175.0,0.0,0.3,0,0.0,20,1175.0,2026427020,0.3,0.9
fig3_community_ve,996.0,0.0,0.3,0,0.0,21,996.0,2026427021,0.3,0.9
fig3_community_ve,822.0,0.0,0.3,0,0.0,22,822.0,2026427022,0.3,0.9
fig3_community_ve,1141.0,0.0,0.3,0,0.0,23,1141.0,2026427023,0.3,0.9
fig3_community_ve,1049.0,0.0,0.3,0,0.0,24,1049.0,2026427024,0.3,0.9
fig3_community_ve,1553.0,0.0,0.3,0,0.0,25,1553.0,2026427025,0.3,0.9
fig3_community_ve,1190.0,0.0,0.3,0,0.0,26,1190.0,2026427026,0.3,0.9
fig3_community_ve,1199.0,0.0,0.3,0,0.0,27,1199.0,2026427027,0.3,0.9
fig3_community_ve,847.0,0.0,0.3,0,0.0,28,847.0,2026427028,0.3,0.9
fig3_community_ve,1135.0,0.0,0.3,0,0.0,29,1135.0,2026427029,0.3,0.9
fig3_community_ve,959.0,0.0,0.3,0,0.0,30,959.0,2026427030,0.3,0.9
fig3_community_ve,1230.0,0.0,0.3,0,0.0,31,1230.0,2026427031,0.3,0.9
fig3_community_ve,1127.0,0.0,0.3,0,0.0,32,1127.0,2026427032,0.3,0.9
fig3_community_ve,1114.0,0.0,0.3,0,0.0,33,1114.0,2026427033,0.3,0.9
fig3_community_ve,1196.0,0.0,0.3,0,0.0,34,1196.0,2026427034,0.3,0.9
fig3_community_ve,1231.0,0.0,0.3,0,0.0,35,1231.0,2026427035,0.3,0.9
fig3_community_ve,905.0000000000001,0.0,0.3,0,0.0,36,905.0000000000001,2026427036,0.3,0.9
fig3_community_ve,1212.0,0.0,0.3,0,0.0,37,1212.0,2026427037,0.3,0.9
fig3_community_ve,1165.0,0.0,0.3,0,0.0,38,1165.0,2026427038,0.3,0.9
fig3_community_ve,1277.0,0.0,0.3,0,0.0,39,1277.0,2026427039,0.3,0.9
fig3_community_ve,1007.0000000000001,0.0,0.3,0,0.0,40,1007.0000000000001,2026427040,0.3,0.9
fig3_community_ve,1191.0,0.0,0.3,0,0.0,41,1191.0,2026427041,0.3,0.9
fig3_community_ve,1609.0,0.0,0.3,0,0.0,42,1609.0,2026427042,0.3,0.9
fig3_community_ve,1114.0,0.0,0.3,0,0.0,43,1114.0,2026427043,0.3,0.9
fig3_community_ve,1403.0,0.0,0.3,0,0.0,44,1403.0,2026427044,0.3,0.9
fig3_community_ve,1257.0,0.0,0.3,0,0.0,45,1257.0,2026427045,0.3,0.9
fig3_community_ve,1191.0,0.0,0.3,0,0.0,46,1191.0,2026427046,0.3,0.9
fig3_community_ve,1028.0,0.0,0.3,0,0.0,47,1028.0,2026427047,0.3,0.9
fig3_community_ve,1284.0,0.0,0.3,0,0.0,48,1284.0,2026427048,0.3,0.9
fig3_community_ve,755.0,0.0,0.3,0,0.0,49,755.0,2026427049,0.3,0.9
fig3_community_ve,1213.0,0.0,0.3,0,0.0,50,1213.0,2026427050,0.3,0.9
fig3_community_ve,1298.0,0.0,0.3,0,0.0,51,1298.0,2026427051,0.3,0.9
fig3_community_ve,1186.0,0.0,0.3,0,0.0,52,1186.0,2026427052,0.3,0.9
fig3_community_ve,995.0,0.0,0.3,0,0.0,53,995.0,2026427053,0.3,0.9
fig3_community_ve,1292.0,0.0,0.3,0,0.0,54,1292.0,2026427054,0.3,0.9
fig3_community_ve,1654.9999999999998,0.0,0.3,0,0.0,55,1654.9999999999998,2026427055,0.3,0.9
fig3_community_ve,1401.0,0.0,0.3,0,0.0,56,1401.0,2026427056,0.3,0.9
fig3_community_ve,1167.0,0.0,0.3,0,0.0,57,1167.0,2026427057,0.3,0.9
fig3_community_ve,1515.0,0.0,0.3,0,0.0,58,1515.0,2026427058,0.3,0.9
fig3_community_ve,1266.0,0.0,0.3,0,0.0,59,1266.0,2026427059,0.3,0.9
fig3_community_ve,844.9999999999999,0.0,0.3,0,0.0,60,844.9999999999999,2026427060,0.3,0.9
fig3_community_ve,1112.0,0.0,0.3,0,0.0,61,1112.0,2026427061,0.3,0.9
fig3_community_ve,1081.0,0.0,0.3,0,0.0,62,1081.0,2026427062,0.3,0.9
fig3_community_ve,756.0,0.0,0.3,0,0.0,63,756.0,2026427063,0.3,0.9
fig3_community_ve,1039.0,0.0,0.3,0,0.0,64,1039.0,2026427064,0.3,0.9
fig3_community_ve,1169.0,0.0,0.3,0,0.0,65,1169.0,2026427065,0.3,0.9
fig3_community_ve,993.9999999999999,0.0,0.3,0,0.0,66,993.9999999999999,2026427066,0.3,0.9
fig3_community_ve,1192.0,0.0,0.3,0,0.0,67,1192.0,2026427067,0.3,0.9
fig3_community_ve,1027.0,0.0,0.3,0,0.0,68,1027.0,2026427068,0.3,0.9
fig3_community_ve,1261.0,0.0,0.3,0,0.0,69,1261.0,2026427069,0.3,0.9
fig3_community_ve,1125.0,0.0,0.3,0,0.0,70,1125.0,2026427070,0.3,0.9
fig3_community_ve,978.0,0.0,0.3,0,0.0,71,978.0,2026427071,0.3,0.9
fig3_community_ve,1275.0,0.0,0.3,0,0.0,72,1275.0,2026427072,0.3,0.9
fig3_community_ve,710.0,0.0,0.3,0,0.0,73,710.0,2026427073,0.3,0.9
fig3_community_ve,1177.0,0.0,0.3,0,0.0,74,1177.0,2026427074,0.3,0.9
fig3_community_ve,921.0,0.0,0.3,0,0.0,75,921.0,2026427075,0.3,0.9
fig3_community_ve,1285.0,0.0,0.3,0,0.0,76,1285.0,2026427076,0.3,0.9
fig3_community_ve,1227.0,0.0,0.3,0,0.0,77,1227.0,2026427077,0.3,0.9
fig3_community_ve,1666.0000000000002,0.0,0.3,0,0.0,78,1666.0000000000002,2026427078,0.3,0.9
fig3_community_ve,1180.0,0.0,0.3,0,0.0,79,1180.0,2026427079,0.3,0.9
fig3_community_ve,1191.0,0.0,0.3,0,0.0,80,1191.0,2026427080,0.3,0.9
fig3_community_ve,911.0,0.0,0.3,0,0.0,81,911.0,2026427081,0.3,0.9
fig3_community_ve,1080.0,0.0,0.3,0,0.0,82,1080.0,2026427082,0.3,0.9
fig3_community_ve,959.0,0.0,0.3,0,0.0,83,959.0,2026427083,0.3,0.9
fig3_community_ve,1081.0,0.0,0.3,0,0.0,84,1081.0,2026427084,0.3,0.9
fig3_community_ve,892.0000000000001,0.0,0.3,0,0.0,85,892.0000000000001,2026427085,0.3,0.9
fig3_community_ve,1266.0,0.0,0.3,0,0.0,86,1266.0,2026427086,0.3,0.9
fig3_community_ve,1172.0,0.0,0.3,0,0.0,87,1172.0,2026427087,0.3,0.9
fig3_community_ve,1255.0,0.0,0.3,0,0.0,88,1255.0,2026427088,0.3,0.9
fig3_community_ve,1307.0,0.0,0.3,0,0.0,89,1307.0,2026427089,0.3,0.9
fig3_community_ve,797.0,0.0,0.3,0,0.0,90,797.0,2026427090,0.3,0.9
fig3_community_ve,1136.0,0.0,0.3,0,0.0,91,1136.0,2026427091,0.3,0.9
fig3_community_ve,1040.0,0.0,0.3,0,0.0,92,1040.0,2026427092,0.3,0.9
fig3_community_ve,1062.0,0.0,0.3,0,0.0,93,1062.0,2026427093,0.3,0.9
fig3_community_ve,1475.0,0.0,0.3,0,0.0,94,1475.0,2026427094,0.3,0.9
fig3_community_ve,892.0000000000001,0.0,0.3,0,0.0,95,892.0000000000001,2026427095,0.3,0.9
fig3_community_ve,1140.0,0.0,0.3,0,0.0,96,1140.0,2026427096,0.3,0.9
fig3_community_ve,1169.0,0.0,0.3,0,0.0,97,1169.0,2026427097,0.3,0.9
fig3_community_ve,776.0,0.0,0.3,0,0.0,98,776.0,2026427098,0.3,0.9
fig3_community_ve,1491.0,0.0,0.3,0,0.0,99,1491.0,2026427099,0.3,0.9
fig3_community_ve,1230.0,0.1,0.3,0,0.0,0,1230.0,2026428000,0.3,0.0
fig3_community_ve,952.0000000000001,0.1,0.3,0,0.0,1,952.0000000000001,2026428001,0.3,0.0
fig3_community_ve,1431.0,0.1,0.3,0,0.0,2,1431.0,2026428002,0.3,0.0
fig3_community_ve,1014.9999999999999,0.1,0.3,0,0.0,3,1014.9999999999999,2026428003,0.3,0.0
fig3_community_ve,1139.0,0.1,0.3,0,0.0,4,1139.0,2026428004,0.3,0.0
fig3_community_ve,1157.0,0.1,0.3,0,0.0,5,1157.0,2026428005,0.3,0.0
fig3_community_ve,1275.0,0.1,0.3,0,0.0,6,1275.0,2026428006,0.3,0.0
fig3_community_ve,991.0,0.1,0.3,0,0.0,7,991.0,2026428007,0.3,0.0
fig3_community_ve,1468.0,0.1,0.3,0,0.0,8,1468.0,2026428008,0.3,0.0
fig3_community_ve,1516.0,0.1,0.3,0,0.0,9,1516.0,2026428009,0.3,0.0
fig3_community_ve,1356.0,0.1,0.3,0,0.0,10,1356.0,2026428010,0.3,0.0
fig3_community_ve,1253.0,0.1,0.3,0,0.0,11,1253.0,2026428011,0.3,0.0
fig3_community_ve,1807.9999999999998,0.1,0.3,0,0.0,12,1807.9999999999998,2026428012,0.3,0.0
fig3_community_ve,912.0,0.1,0.3,0,0.0,13,912.0,2026428013,0.3,0.0
fig3_community_ve,1246.0,0.1,0.3,0,0.0,14,1246.0,2026428014,0.3,0.0
fig3_community_ve,1482.0,0.1,0.3,0,0.0,15,1482.0,2026428015,0.3,0.0
fig3_community_ve,1242.0,0.1,0.3,0,0.0,16,1242.0,2026428016,0.3,0.0
fig3_community_ve,933.9999999999999,0.1,0.3,0,0.0,17,933.9999999999999,2026428017,0.3,0.0
fig3_community_ve,970.0,0.1,0.3,0,0.0,18,970.0,2026428018,0.3,0.0
fig3_community_ve,929.9999999999999,0.1,0.3,0,0.0,19,929.9999999999999,2026428019,0.3,0.0
fig3_community_ve,790.0000000000001,0.1,0.3,0,0.0,20,790.0000000000001,2026428020,0.3,0.0
fig3_community_ve,1109.0,0.1,0.3,0,0.0,21,1109.0,2026428021,0.3,0.0
fig3_community_ve,860.0,0.1,0.3,0,0.0,22,860.0,2026428022,0.3,0.0
fig3_community_ve,1054.0,0.1,0.3,0,0.0,23,1054.0,2026428023,0.3,0.0
fig3_community_ve,834.0,0.1,0.3,0,0.0,24,834.0,2026428024,0.3,0.0
fig3_community_ve,1176.0,0.1,0.3,0,0.0,25,1176.0,2026428025,0.3,0.0
fig3_community_ve,1221.0,0.1,0.3,0,0.0,26,1221.0,2026428026,0.3,0.0
fig3_community_ve,1073.0,0.1,0.3,0,0.0,27,1073.0,2026428027,0.3,0.0
fig3_community_ve,850.0000000000001,0.1,0.3,0,0.0,28,850.0000000000001,2026428028,0.3,0.0
fig3_community_ve,864.0,0.1,0.3,0,0.0,29,864.0,2026428029,0.3,0.0
fig3_community_ve,922.0000000000001,0.1,0.3,0,0.0,30,922.0000000000001,2026428030,0.3,0.0
fig3_community_ve,1093.0,0.1,0.3,0,0.0,31,1093.0,2026428031,0.3,0.0
fig3_community_ve,1079.0,0.1,0.3,0,0.0,32,1079.0,2026428032,0.3,0.0
fig3_community_ve,1494.0,0.1,0.3,0,0.0,33,1494.0,2026428033,0.3,0.0
fig3_community_ve,1065.0,0.1,0.3,0,0.0,34,1065.0,2026428034,0.3,0.0
fig3_community_ve,1179.0,0.1,0.3,0,0.0,35,1179.0,2026428035,0.3,0.0
fig3_community_ve,1075.0,0.1,0.3,0,0.0,36,1075.0,2026428036,0.3,0.0
fig3_community_ve,808.0,0.1,0.3,0,0.0,37,808.0,2026428037,0.3,0.0
fig3_community_ve,1159.0,0.1,0.3,0,0.0,38,1159.0,2026428038,0.3,0.0
fig3_community_ve,957.0,0.1,0.3,0,0.0,39,957.0,2026428039,0.3,0.0
fig3_community_ve,496.0,0.1,0.3,0,0.0,40,496.0,2026428040,0.3,0.0
fig3_community_ve,895.0,0.1,0.3,0,0.0,41,895.0,2026428041,0.3,0.0
fig3_community_ve,1059.0,0.1,0.3,0,0.0,42,1059.0,2026428042,0.3,0.0
fig3_community_ve,918.0000000000001,0.1,0.3,0,0.0,43,918.0000000000001,2026428043,0.3,0.0
fig3_community_ve,1149.0,0.1,0.3,0,0.0,44,1149.0,2026428044,0.3,0.0
fig3_community_ve,1659.0,0.1,0.3,0,0.0,45,1659.0,2026428045,0.3,0.0
fig3_community_ve,1188.0,0.1,0.3,0,0.0,46,1188.0,2026428046,0.3,0.0
fig3_community_ve,1001.9999999999999,0.1,0.3,0,0.0,47,1001.9999999999999,2026428047,0.3,0.0
fig3_community_ve,1470.0,0.1,0.3,0,0.0,48,1470.0,2026428048,0.3,0.0
fig3_community_ve,1393.0,0.1,0.3,0,0.0,49,1393.0,2026428049,0.3,0.0
fig3_community_ve,1247.0,0.1,0.3,0,0.0,50,1247.0,2026428050,0.3,0.0
fig3_community_ve,1001.0,0.1,0.3,0,0.0,51,1001.0,2026428051,0.3,0.0
fig3_community_ve,1246.0,0.1,0.3,0,0.0,52,1246.0,2026428052,0.3,0.0
fig3_community_ve,1402.0,0.1,0.3,0,0.0,53,1402.0,2026428053,0.3,0.0
fig3_community_ve,1067.0,0.1,0.3,0,0.0,54,1067.0,2026428054,0.3,0.0
fig3_community_ve,1476.0,0.1,0.3,0,0.0,55,1476.0,2026428055,0.3,0.0
fig3_community_ve,1292.0,0.1,0.3,0,0.0,56,1292.0,2026428056,0.3,0.0
fig3_community_ve,1363.0,0.1,0.3,0,0.0,57,1363.0,2026428057,0.3,0.0
fig3_community_ve,1432.0,0.1,0.3,0,0.0,58,1432.0,2026428058,0.3,0.0
fig3_community_ve,1252.0,0.1,0.3,0,0.0,59,1252.0,2026428059,0.3,0.0
fig3_community_ve,1274.0,0.1,0.3,0,0.0,60,1274.0,2026428060,0.3,0.0
fig3_community_ve,1345.0,0.1,0.3,0,0.0,61,1345.0,2026428061,0.3,0.0
fig3_community_ve,841.0000000000001,0.1,0.3,0,0.0,62,841.0000000000001,2026428062,0.3,0.0
fig3_community_ve,1010.0,0.1,0.3,0,0.0,63,1010.0,2026428063,0.3,0.0
fig3_community_ve,1369.0,0.1,0.3,0,0.0,64,1369.0,2026428064,0.3,0.0
fig3_community_ve,848.9999999999999,0.1,0.3,0,0.0,65,848.9999999999999,2026428065,0.3,0.0
fig3_community_ve,893.0,0.1,0.3,0,0.0,66,893.0,2026428066,0.3,0.0
fig3_community_ve,1161.0,0.1,0.3,0,0.0,67,1161.0,2026428067,0.3,0.0
fig3_community_ve,963.0,0.1,0.3,0,0.0,68,963.0,2026428068,0.3,0.0
fig3_community_ve,842.0,0.1,0.3,0,0.0,69,842.0,2026428069,0.3,0.0
fig3_community_ve,823.0,0.1,0.3,0,0.0,70,823.0,2026428070,0.3,0.0
fig3_community_ve,1332.0,0.1,0.3,0,0.0,71,1332.0,2026428071,0.3,0.0
fig3_community_ve,1152.0,0.1,0.3,0,0.0,72,1152.0,2026428072,0.3,0.0
fig3_community_ve,1467.0,0.1,0.3,0,0.0,73,1467.0,2026428073,0.3,0.0
fig3_community_ve,797.9999999999999,0.1,0.3,0,0.0,74,797.9999999999999,2026428074,0.3,0.0
fig3_community_ve,863.0,0.1,0.3,0,0.0,75,863.0,2026428075,0.3,0.0
fig3_community_ve,1123.0,0.1,0.3,0,0.0,76,1123.0,2026428076,0.3,0.0
fig3_community_ve,664.0,0.1,0.3,0,0.0,77,664.0,2026428077,0.3,0.0
fig3_community_ve,1049.0,0.1,0.3,0,0.0,78,1049.0,2026428078,0.3,0.0
fig3_community_ve,1166.0,0.1,0.3,0,0.0,79,1166.0,2026428079,0.3,0.0
fig3_community_ve,1447.0,0.1,0.3,0,0.0,80,1447.0,2026428080,0.3,0.0
fig3_community_ve,1109.0,0.1,0.3,0,0.0,81,1109.0,2026428081,0.3,0.0
fig3_community_ve,1032.0,0.1,0.3,0,0.0,82,1032.0,2026428082,0.3,0.0
fig3_community_ve,955.0,0.1,0.3,0,0.0,83,955.0,2026428083,0.3,0.0
fig3_community_ve,1059.0,0.1,0.3,0,0.0,84,1059.0,2026428084,0.3,0.0
fig3_community_ve,1221.0,0.1,0.3,0,0.0,85,1221.0,2026428085,0.3,0.0
fig3_community_ve,863.0,0.1,0.3,0,0.0,86,863.0,2026428086,0.3,0.0
fig3_community_ve,1085.0,0.1,0.3,0,0.0,87,1085.0,2026428087,0.3,0.0
fig3_community_ve,1128.0,0.1,0.3,0,0.0,88,1128.0,2026428088,0.3,0.0
fig3_community_ve,986.0000000000001,0.1,0.3,0,0.0,89,986.0000000000001,2026428089,0.3,0.0
fig3_community_ve,924.0,0.1,0.3,0,0.0,90,924.0,2026428090,0.3,0.0
fig3_community_ve,1334.0,0.1,0.3,0,0.0,91,1334.0,2026428091,0.3,0.0
fig3_community_ve,1601.0,0.1,0.3,0,0.0,92,1601.0,2026428092,0.3,0.0
fig3_community_ve,933.9999999999999,0.1,0.3,0,0.0,93,933.9999999999999,2026428093,0.3,0.0
fig3_community_ve,1322.0,0.1,0.3,0,0.0,94,1322.0,2026428094,0.3,0.0
fig3_community_ve,921.0,0.1,0.3,0,0.0,95,921.0,2026428095,0.3,0.0
fig3_community_ve,1125.0,0.1,0.3,0,0.0,96,1125.0,2026428096,0.3,0.0
fig3_community_ve,1139.0,0.1,0.3,0,0.0,97,1139.0,2026428097,0.3,0.0
fig3_community_ve,1510.0,0.1,0.3,0,0.0,98,1510.0,2026428098,0.3,0.0
fig3_community_ve,982.0000000000001,0.1,0.3,0,0.0,99,982.0000000000001,2026428099,0.3,0.0
fig3_community_ve,920.0,0.1,0.3,0,11.956521739130435,0,810.0,2026429000,0.3,0.15
fig3_community_ve,1256.0,0.1,0.3,0,17.595541401273884,1,1035.0,2026429001,0.3,0.15
fig3_community_ve,1202.0,0.1,0.3,0,24.625623960066555,2,906.0,2026429002,0.3,0.15
fig3_community_ve,895.9999999999999,0.1,0.3,0,-0.5580357142857397,3,901.0000000000001,2026429003,0.3,0.15
fig3_community_ve,1380.0,0.1,0.3,0,12.318840579710145,4,1210.0,2026429004,0.3,0.15
fig3_community_ve,1205.0,0.1,0.3,0,9.21161825726141,5,1094.0,2026429005,0.3,0.15
fig3_community_ve,915.0,0.1,0.3,0,3.169398907103825,6,886.0,2026429006,0.3,0.15
fig3_community_ve,1119.0,0.1,0.3,0,-14.924039320822162,7,1286.0,2026429007,0.3,0.15
fig3_community_ve,827.9999999999999,0.1,0.3,0,-16.666666666666682,8,966.0,2026429008,0.3,0.15
fig3_community_ve,982.0000000000001,0.1,0.3,0,14.05295315682282,9,844.0,2026429009,0.3,0.15
fig3_community_ve,929.0,0.1,0.3,0,4.3057050592034445,10,889.0,2026429010,0.3,0.15
fig3_community_ve,865.9999999999999,0.1,0.3,0,21.939953810623546,11,676.0,2026429011,0.3,0.15
fig3_community_ve,1189.0,0.1,0.3,0,4.625735912531539,12,1134.0,2026429012,0.3,0.15
fig3_community_ve,1306.0,0.1,0.3,0,19.142419601837673,13,1056.0,2026429013,0.3,0.15
fig3_community_ve,1075.0,0.1,0.3,0,29.953488372093023,14,753.0,2026429014,0.3,0.15
fig3_community_ve,899.9999999999999,0.1,0.3,0,7.222222222222211,15,835.0,2026429015,0.3,0.15
fig3_community_ve,1332.0,0.1,0.3,0,26.126126126126128,16,984.0,2026429016,0.3,0.15
fig3_community_ve,1326.0,0.1,0.3,0,23.30316742081448,17,1017.0,2026429017,0.3,0.15
fig3_community_ve,1269.0,0.1,0.3,0,13.55397951142632,18,1097.0,2026429018,0.3,0.15
fig3_community_ve,1195.0,0.1,0.3,0,5.2719665271966525,19,1132.0,2026429019,0.3,0.15
fig3_community_ve,1100.0,0.1,0.3,0,36.54545454545455,20,698.0,2026429020,0.3,0.15
fig3_community_ve,1194.0,0.1,0.3,0,12.39530988274707,21,1046.0,2026429021,0.3,0.15
fig3_community_ve,1101.0,0.1,0.3,0,-11.53496821071753,22,1228.0,2026429022,0.3,0.15
fig3_community_ve,1479.0,0.1,0.3,0,3.0425963488843815,23,1434.0,2026429023,0.3,0.15
fig3_community_ve,1362.0,0.1,0.3,0,-3.7444933920704844,24,1413.0,2026429024,0.3,0.15
fig3_community_ve,924.0,0.1,0.3,0,2.489177489177477,25,901.0000000000001,2026429025,0.3,0.15
fig3_community_ve,962.0,0.1,0.3,0,-2.182952182952183,26,983.0,2026429026,0.3,0.15
fig3_community_ve,1380.0,0.1,0.3,0,12.826086956521738,27,1203.0,2026429027,0.3,0.15
fig3_community_ve,1161.0,0.1,0.3,0,21.533161068044787,28,911.0,2026429028,0.3,0.15
fig3_community_ve,1350.0,0.1,0.3,0,21.555555555555557,29,1059.0,2026429029,0.3,0.15
fig3_community_ve,974.0,0.1,0.3,0,-12.833675564681725,30,1099.0,2026429030,0.3,0.15
fig3_community_ve,1231.0,0.1,0.3,0,6.986190089358245,31,1145.0,2026429031,0.3,0.15
fig3_community_ve,1156.0,0.1,0.3,0,25.865051903114185,32,857.0,2026429032,0.3,0.15
fig3_community_ve,1136.0,0.1,0.3,0,1.056338028169014,33,1124.0,2026429033,0.3,0.15
fig3_community_ve,1010.9999999999999,0.1,0.3,0,16.419386745796242,34,844.9999999999999,2026429034,0.3,0.15
fig3_community_ve,825.0,0.1,0.3,0,24.0,35,627.0,2026429035,0.3,0.15
fig3_community_ve,1009.0,0.1,0.3,0,26.36273538156591,36,743.0,2026429036,0.3,0.15
fig3_community_ve,872.0,0.1,0.3,0,20.986238532110093,37,689.0,2026429037,0.3,0.15
fig3_community_ve,1255.0,0.1,0.3,0,20.398406374501985,38,999.0000000000001,2026429038,0.3,0.15
fig3_community_ve,1420.0,0.1,0.3,0,19.577464788732396,39,1142.0,2026429039,0.3,0.15
fig3_community_ve,916.9999999999999,0.1,0.3,0,0.21810250817883167,40,915.0,2026429040,0.3,0.15
fig3_community_ve,1292.0,0.1,0.3,0,26.78018575851393,41,946.0,2026429041,0.3,0.15
fig3_community_ve,1004.0,0.1,0.3,0,4.581673306772909,42,958.0,2026429042,0.3,0.15
fig3_community_ve,1155.0,0.1,0.3,0,8.398268398268398,43,1058.0,2026429043,0.3,0.15
fig3_community_ve,852.9999999999999,0.1,0.3,0,15.357561547479474,44,722.0,2026429044,0.3,0.15
fig3_community_ve,899.9999999999999,0.1,0.3,0,6.444444444444433,45,842.0,2026429045,0.3,0.15
fig3_community_ve,1087.0,0.1,0.3,0,28.24287028518859,46,780.0,2026429046,0.3,0.15
fig3_community_ve,1188.0,0.1,0.3,0,15.151515151515152,47,1008.0,2026429047,0.3,0.15
fig3_community_ve,975.0,0.1,0.3,0,-3.4871794871794872,48,1009.0,2026429048,0.3,0.15
fig3_community_ve,1148.0,0.1,0.3,0,7.142857142857143,49,1066.0,2026429049,0.3,0.15
fig3_community_ve,1068.0,0.1,0.3,0,12.640449438202246,50,933.0,2026429050,0.3,0.15
fig3_community_ve,1355.0,0.1,0.3,0,16.531365313653136,51,1131.0,2026429051,0.3,0.15
fig3_community_ve,1547.0,0.1,0.3,0,14.73820297349709,52,1319.0,2026429052,0.3,0.15
fig3_community_ve,1344.0,0.1,0.3,0,6.026785714285714,53,1263.0,2026429053,0.3,0.15
fig3_community_ve,1375.0,0.1,0.3,0,18.254545454545454,54,1124.0,2026429054,0.3,0.15
fig3_community_ve,1073.0,0.1,0.3,0,-1.4911463187325256,55,1089.0,2026429055,0.3,0.15
fig3_community_ve,1092.0,0.1,0.3,0,0.18315018315018314,56,1090.0,2026429056,0.3,0.15
fig3_community_ve,986.0000000000001,0.1,0.3,0,13.995943204868164,57,848.0,2026429057,0.3,0.15
fig3_community_ve,1381.0,0.1,0.3,0,20.275162925416364,58,1101.0,2026429058,0.3,0.15
fig3_community_ve,1087.0,0.1,0.3,0,0.6439742410303588,59,1080.0,2026429059,0.3,0.15
fig3_community_ve,831.0,0.1,0.3,0,-0.6016847172081692,60,835.9999999999999,2026429060,0.3,0.15
fig3_community_ve,1062.0,0.1,0.3,0,-5.367231638418079,61,1119.0,2026429061,0.3,0.15
fig3_community_ve,1081.0,0.1,0.3,0,-0.18501387604070305,62,1083.0,2026429062,0.3,0.15
fig3_community_ve,1058.0,0.1,0.3,0,19.092627599243855,63,856.0,2026429063,0.3,0.15
fig3_community_ve,784.9999999999999,0.1,0.3,0,11.46496815286623,64,695.0,2026429064,0.3,0.15
fig3_community_ve,1069.0,0.1,0.3,0,1.6838166510757717,65,1051.0,2026429065,0.3,0.15
fig3_community_ve,686.0,0.1,0.3,0,24.34402332361516,66,519.0,2026429066,0.3,0.15
fig3_community_ve,1181.0,0.1,0.3,0,-12.447078746824724,67,1328.0,2026429067,0.3,0.15
fig3_community_ve,1280.0,0.1,0.3,0,17.03125,68,1062.0,2026429068,0.3,0.15
fig3_community_ve,1399.0,0.1,0.3,0,25.017869907076484,69,1049.0,2026429069,0.3,0.15
fig3_community_ve,1161.0,0.1,0.3,0,1.550387596899225,70,1143.0,2026429070,0.3,0.15
fig3_community_ve,1105.0,0.1,0.3,0,-26.968325791855204,71,1403.0,2026429071,0.3,0.15
fig3_community_ve,1246.0,0.1,0.3,0,-2.3274478330658104,72,1275.0,2026429072,0.3,0.15
fig3_community_ve,1049.0,0.1,0.3,0,15.157292659675882,73,890.0,2026429073,0.3,0.15
fig3_community_ve,1077.0,0.1,0.3,0,8.356545961002785,74,987.0,2026429074,0.3,0.15
fig3_community_ve,1036.0,0.1,0.3,0,23.35907335907337,75,793.9999999999999,2026429075,0.3,0.15
fig3_community_ve,1107.0,0.1,0.3,0,-11.20144534778681,76,1231.0,2026429076,0.3,0.15
fig3_community_ve,980.9999999999999,0.1,0.3,0,2.140672782874618,77,959.9999999999999,2026429077,0.3,0.15
fig3_community_ve,1244.0,0.1,0.3,0,4.823151125401929,78,1184.0,2026429078,0.3,0.15
fig3_community_ve,1324.0,0.1,0.3,0,-0.22658610271903323,79,1327.0,2026429079,0.3,0.15
fig3_community_ve,782.0,0.1,0.3,0,-6.7774936061381075,80,835.0,2026429080,0.3,0.15
fig3_community_ve,1322.0,0.1,0.3,0,23.222390317700462,81,1014.9999999999999,2026429081,0.3,0.15
fig3_community_ve,1513.0,0.1,0.3,0,33.3773959021811,82,1008.0,2026429082,0.3,0.15
fig3_community_ve,885.0,0.1,0.3,0,-1.8079096045197869,83,901.0000000000001,2026429083,0.3,0.15
fig3_community_ve,1112.0,0.1,0.3,0,12.76978417266187,84,970.0,2026429084,0.3,0.15
fig3_community_ve,1098.0,0.1,0.3,0,16.939890710382514,85,912.0,2026429085,0.3,0.15
fig3_community_ve,1165.0,0.1,0.3,0,22.832618025751074,86,899.0,2026429086,0.3,0.15
fig3_community_ve,1324.0,0.1,0.3,0,-10.649546827794563,87,1465.0,2026429087,0.3,0.15
fig3_community_ve,1247.0,0.1,0.3,0,-4.410585404971933,88,1302.0,2026429088,0.3,0.15
fig3_community_ve,942.0,0.1,0.3,0,2.335456475583864,89,920.0,2026429089,0.3,0.15
fig3_community_ve,1283.0,0.1,0.3,0,30.943102104442712,90,886.0,2026429090,0.3,0.15
fig3_community_ve,916.0,0.1,0.3,0,-6.11353711790393,91,972.0,2026429091,0.3,0.15
fig3_community_ve,1133.0,0.1,0.3,0,11.562224183583416,92,1001.9999999999999,2026429092,0.3,0.15
fig3_community_ve,1098.0,0.1,0.3,0,4.098360655737705,93,1053.0,2026429093,0.3,0.15
fig3_community_ve,1242.0,0.1,0.3,0,9.500805152979066,94,1124.0,2026429094,0.3,0.15
fig3_community_ve,803.0000000000001,0.1,0.3,0,-11.581569115815663,95,895.9999999999999,2026429095,0.3,0.15
fig3_community_ve,1273.0,0.1,0.3,0,22.545168892380197,96,986.0000000000001,2026429096,0.3,0.15
fig3_community_ve,834.0,0.1,0.3,0,12.11031175059952,97,733.0,2026429097,0.3,0.15
fig3_community_ve,945.0,0.1,0.3,0,-8.042328042328043,98,1021.0,2026429098,0.3,0.15
fig3_community_ve,1235.0,0.1,0.3,0,16.194331983805668,99,1035.0,2026429099,0.3,0.15
fig3_community_ve,1091.0,0.1,0.3,0,16.86526122823098,0,907.0,2026430000,0.3,0.3
fig3_community_ve,1420.0,0.1,0.3,0,12.816901408450704,1,1238.0,2026430001,0.3,0.3
fig3_community_ve,1544.0,0.1,0.3,0,30.440414507772022,2,1074.0,2026430002,0.3,0.3
fig3_community_ve,1172.0,0.1,0.3,0,23.122866894197944,3,901.0000000000001,2026430003,0.3,0.3
fig3_community_ve,1030.0,0.1,0.3,0,13.689320388349515,4,889.0,2026430004,0.3,0.3
fig3_community_ve,835.0,0.1,0.3,0,22.275449101796408,5,649.0,2026430005,0.3,0.3
fig3_community_ve,1070.0,0.1,0.3,0,12.80373831775701,6,933.0,2026430006,0.3,0.3
fig3_community_ve,1111.0,0.1,0.3,0,30.333033303330332,7,774.0,2026430007,0.3,0.3
fig3_community_ve,1327.0,0.1,0.3,0,18.6887716654107,8,1079.0,2026430008,0.3,0.3
fig3_community_ve,1139.0,0.1,0.3,0,4.214223002633889,9,1091.0,2026430009,0.3,0.3
fig3_community_ve,720.0,0.1,0.3,0,14.444444444444445,10,616.0,2026430010,0.3,0.3
fig3_community_ve,942.9999999999999,0.1,0.3,0,15.058324496288432,11,801.0,2026430011,0.3,0.3
fig3_community_ve,1318.0,0.1,0.3,0,17.830045523520486,12,1083.0,2026430012,0.3,0.3
fig3_community_ve,1267.0,0.1,0.3,0,35.1223362273086,13,822.0,2026430013,0.3,0.3
fig3_community_ve,1023.0,0.1,0.3,0,25.708699902248288,14,760.0,2026430014,0.3,0.3
fig3_community_ve,1391.0,0.1,0.3,0,29.76276060388211,15,976.9999999999999,2026430015,0.3,0.3
fig3_community_ve,916.9999999999999,0.1,0.3,0,19.411123227917113,16,739.0,2026430016,0.3,0.3
fig3_community_ve,882.9999999999999,0.1,0.3,0,30.5775764439411,17,613.0,2026430017,0.3,0.3
fig3_community_ve,1586.0,0.1,0.3,0,27.490542244640604,18,1150.0,2026430018,0.3,0.3
fig3_community_ve,1104.0,0.1,0.3,0,29.80072463768116,19,775.0,2026430019,0.3,0.3
fig3_community_ve,1249.0,0.1,0.3,0,14.491593274619696,20,1068.0,2026430020,0.3,0.3
fig3_community_ve,1182.0,0.1,0.3,0,13.790186125211514,21,1018.9999999999999,2026430021,0.3,0.3
fig3_community_ve,1155.0,0.1,0.3,0,23.636363636363637,22,882.0,2026430022,0.3,0.3
fig3_community_ve,1270.0,0.1,0.3,0,12.204724409448819,23,1115.0,2026430023,0.3,0.3
fig3_community_ve,1024.0,0.1,0.3,0,25.68359375,24,761.0,2026430024,0.3,0.3
fig3_community_ve,1068.0,0.1,0.3,0,14.887640449438193,25,909.0000000000001,2026430025,0.3,0.3
fig3_community_ve,835.9999999999999,0.1,0.3,0,18.660287081339703,26,680.0,2026430026,0.3,0.3
fig3_community_ve,1248.0,0.1,0.3,0,20.272435897435898,27,995.0,2026430027,0.3,0.3
fig3_community_ve,1067.0,0.1,0.3,0,38.23805060918463,28,659.0,2026430028,0.3,0.3
fig3_community_ve,843.0,0.1,0.3,0,29.30011862396204,29,596.0,2026430029,0.3,0.3
fig3_community_ve,1548.0,0.1,0.3,0,15.051679586563308,30,1315.0,2026430030,0.3,0.3
fig3_community_ve,927.0,0.1,0.3,0,15.318230852211446,31,784.9999999999999,2026430031,0.3,0.3
fig3_community_ve,867.0000000000001,0.1,0.3,0,8.881199538638985,32,790.0000000000001,2026430032,0.3,0.3
fig3_community_ve,984.0,0.1,0.3,0,27.84552845528455,33,710.0,2026430033,0.3,0.3
fig3_community_ve,1072.0,0.1,0.3,0,10.82089552238805,34,956.0000000000001,2026430034,0.3,0.3
fig3_community_ve,1141.0,0.1,0.3,0,11.568799298860649,35,1009.0,2026430035,0.3,0.3
fig3_community_ve,1331.0,0.1,0.3,0,39.29376408715252,36,808.0,2026430036,0.3,0.3
fig3_community_ve,1046.0,0.1,0.3,0,19.02485659655832,37,847.0,2026430037,0.3,0.3
fig3_community_ve,846.0,0.1,0.3,0,6.855791962174941,38,788.0,2026430038,0.3,0.3
fig3_community_ve,1158.0,0.1,0.3,0,26.25215889464593,39,854.0000000000001,2026430039,0.3,0.3
fig3_community_ve,1375.0,0.1,0.3,0,30.69090909090909,40,953.0,2026430040,0.3,0.3
fig3_community_ve,1139.0,0.1,0.3,0,1.8437225636523267,41,1118.0,2026430041,0.3,0.3
fig3_community_ve,1191.0,0.1,0.3,0,19.815281276238455,42,955.0,2026430042,0.3,0.3
fig3_community_ve,1729.0,0.1,0.3,0,11.972238288027762,43,1522.0,2026430043,0.3,0.3
fig3_community_ve,1529.0,0.1,0.3,0,17.26618705035971,44,1265.0,2026430044,0.3,0.3
fig3_community_ve,1225.0,0.1,0.3,0,23.020408163265316,45,942.9999999999999,2026430045,0.3,0.3
fig3_community_ve,1310.0,0.1,0.3,0,10.687022900763358,46,1170.0,2026430046,0.3,0.3
fig3_community_ve,945.0,0.1,0.3,0,17.566137566137566,47,779.0,2026430047,0.3,0.3
fig3_community_ve,1432.0,0.1,0.3,0,23.812849162011172,48,1091.0,2026430048,0.3,0.3
fig3_community_ve,1001.9999999999999,0.1,0.3,0,-7.584830339321369,49,1078.0,2026430049,0.3,0.3
fig3_community_ve,1490.0,0.1,0.3,0,6.97986577181208,50,1386.0,2026430050,0.3,0.3
fig3_community_ve,976.9999999999999,0.1,0.3,0,21.28966223132036,51,769.0,2026430051,0.3,0.3
fig3_community_ve,971.0,0.1,0.3,0,23.377960865087537,52,744.0,2026430052,0.3,0.3
fig3_community_ve,1547.0,0.1,0.3,0,4.97737556561086,53,1470.0,2026430053,0.3,0.3
fig3_community_ve,616.0,0.1,0.3,0,1.7857142857142858,54,605.0,2026430054,0.3,0.3
fig3_community_ve,980.9999999999999,0.1,0.3,0,-4.281345565749247,55,1023.0,2026430055,0.3,0.3
fig3_community_ve,1081.0,0.1,0.3,0,7.123034227567068,56,1004.0,2026430056,0.3,0.3
fig3_community_ve,1258.0,0.1,0.3,0,10.095389507154213,57,1131.0,2026430057,0.3,0.3
fig3_community_ve,1066.0,0.1,0.3,0,19.98123827392121,58,852.9999999999999,2026430058,0.3,0.3
fig3_community_ve,946.9999999999999,0.1,0.3,0,0.10559662090811894,59,946.0,2026430059,0.3,0.3
fig3_community_ve,1493.0,0.1,0.3,0,35.03014065639652,60,970.0,2026430060,0.3,0.3
fig3_community_ve,1038.0,0.1,0.3,0,29.961464354527937,61,727.0,2026430061,0.3,0.3
fig3_community_ve,1157.0,0.1,0.3,0,20.570440795159897,62,919.0,2026430062,0.3,0.3
fig3_community_ve,1009.0,0.1,0.3,0,19.62338949454907,63,810.9999999999999,2026430063,0.3,0.3
fig3_community_ve,1088.0,0.1,0.3,0,29.503676470588236,64,767.0,2026430064,0.3,0.3
fig3_community_ve,1298.0,0.1,0.3,0,24.03697996918335,65,986.0000000000001,2026430065,0.3,0.3
fig3_community_ve,912.0,0.1,0.3,0,19.407894736842106,66,735.0,2026430066,0.3,0.3
fig3_community_ve,1140.0,0.1,0.3,0,21.92982456140351,67,890.0,2026430067,0.3,0.3
fig3_community_ve,1195.0,0.1,0.3,0,6.694560669456067,68,1115.0,2026430068,0.3,0.3
fig3_community_ve,936.0,0.1,0.3,0,5.3418803418803416,69,886.0,2026430069,0.3,0.3
fig3_community_ve,873.0,0.1,0.3,0,-3.3218785796105386,70,902.0,2026430070,0.3,0.3
fig3_community_ve,990.0000000000001,0.1,0.3,0,12.92929292929295,71,861.9999999999999,2026430071,0.3,0.3
fig3_community_ve,1494.0,0.1,0.3,0,20.74966532797858,72,1184.0,2026430072,0.3,0.3
fig3_community_ve,1361.0,0.1,0.3,0,24.099926524614254,73,1033.0,2026430073,0.3,0.3
fig3_community_ve,1665.0000000000002,0.1,0.3,0,26.906906906906915,74,1217.0,2026430074,0.3,0.3
fig3_community_ve,1025.0,0.1,0.3,0,23.414634146341474,75,784.9999999999999,2026430075,0.3,0.3
fig3_community_ve,971.0,0.1,0.3,0,31.204943357363543,76,668.0,2026430076,0.3,0.3
fig3_community_ve,1281.0,0.1,0.3,0,35.98750975800155,77,820.0000000000001,2026430077,0.3,0.3
fig3_community_ve,1351.0,0.1,0.3,0,33.16062176165803,78,903.0,2026430078,0.3,0.3
fig3_community_ve,963.9999999999999,0.1,0.3,0,15.352697095435664,79,816.0000000000001,2026430079,0.3,0.3
fig3_community_ve,1010.0,0.1,0.3,0,22.871287128712872,80,779.0,2026430080,0.3,0.3
fig3_community_ve,810.0,0.1,0.3,0,22.22222222222222,81,630.0,2026430081,0.3,0.3
fig3_community_ve,826.0,0.1,0.3,0,23.002421307506054,82,636.0,2026430082,0.3,0.3
fig3_community_ve,1300.0,0.1,0.3,0,21.0,83,1027.0,2026430083,0.3,0.3
fig3_community_ve,1264.0,0.1,0.3,0,34.572784810126585,84,827.0,2026430084,0.3,0.3
fig3_community_ve,1417.0,0.1,0.3,0,37.191249117854625,85,890.0,2026430085,0.3,0.3
fig3_community_ve,1299.0,0.1,0.3,0,21.632024634334105,86,1018.0,2026430086,0.3,0.3
fig3_community_ve,1156.0,0.1,0.3,0,2.2491349480968856,87,1130.0,2026430087,0.3,0.3
fig3_community_ve,818.0,0.1,0.3,0,-3.7897310513447295,88,848.9999999999999,2026430088,0.3,0.3
fig3_community_ve,869.9999999999999,0.1,0.3,0,17.471264367816083,89,718.0,2026430089,0.3,0.3
fig3_community_ve,1364.0,0.1,0.3,0,29.618768328445757,90,959.9999999999999,2026430090,0.3,0.3
fig3_community_ve,1156.0,0.1,0.3,0,5.449826989619377,91,1093.0,2026430091,0.3,0.3
fig3_community_ve,1194.0,0.1,0.3,0,30.234505862646554,92,833.0000000000001,2026430092,0.3,0.3
fig3_community_ve,868.0,0.1,0.3,0,4.608294930875589,93,827.9999999999999,2026430093,0.3,0.3
fig3_community_ve,992.0,0.1,0.3,0,14.415322580645173,94,848.9999999999999,2026430094,0.3,0.3
fig3_community_ve,1107.0,0.1,0.3,0,30.80397470641373,95,766.0,2026430095,0.3,0.3
fig3_community_ve,963.0,0.1,0.3,0,16.40706126687435,96,805.0,2026430096,0.3,0.3
fig3_community_ve,1194.0,0.1,0.3,0,39.27973199329983,97,725.0,2026430097,0.3,0.3
fig3_community_ve,1142.0,0.1,0.3,0,1.926444833625219,98,1120.0,2026430098,0.3,0.3
fig3_community_ve,1354.0,0.1,0.3,0,21.71344165435746,99,1060.0,2026430099,0.3,0.3
fig3_community_ve,855.0,0.1,0.3,0,5.497076023391813,0,808.0,2026431000,0.3,0.44999999999999996
fig3_community_ve,1049.0,0.1,0.3,0,17.349857006673012,1,867.0000000000001,2026431001,0.3,0.44999999999999996
fig3_community_ve,1163.0,0.1,0.3,0,28.976784178847808,2,826.0,2026431002,0.3,0.44999999999999996
fig3_community_ve,1202.0,0.1,0.3,0,17.637271214642254,3,990.0000000000001,2026431003,0.3,0.44999999999999996
fig3_community_ve,831.0,0.1,0.3,0,31.28760529482551,4,571.0,2026431004,0.3,0.44999999999999996
fig3_community_ve,1199.0,0.1,0.3,0,4.170141784820684,5,1149.0,2026431005,0.3,0.44999999999999996
fig3_community_ve,1052.0,0.1,0.3,0,17.015209125475284,6,873.0,2026431006,0.3,0.44999999999999996
fig3_community_ve,1918.9999999999998,0.1,0.3,0,34.54924439812401,7,1256.0,2026431007,0.3,0.44999999999999996
fig3_community_ve,1005.0,0.1,0.3,0,16.318407960198993,8,841.0000000000001,2026431008,0.3,0.44999999999999996
fig3_community_ve,1209.0,0.1,0.3,0,31.92721257237386,9,823.0,2026431009,0.3,0.44999999999999996
fig3_community_ve,1200.0,0.1,0.3,0,25.5,10,894.0,2026431010,0.3,0.44999999999999996
fig3_community_ve,683.0,0.1,0.3,0,23.133235724743777,11,525.0,2026431011,0.3,0.44999999999999996
fig3_community_ve,1318.0,0.1,0.3,0,32.32169954476478,12,892.0000000000001,2026431012,0.3,0.44999999999999996
fig3_community_ve,980.0,0.1,0.3,0,29.591836734693878,13,690.0,2026431013,0.3,0.44999999999999996
fig3_community_ve,747.0,0.1,0.3,0,25.970548862115127,14,553.0,2026431014,0.3,0.44999999999999996
fig3_community_ve,1014.9999999999999,0.1,0.3,0,15.073891625615765,15,861.9999999999999,2026431015,0.3,0.44999999999999996
fig3_community_ve,915.0,0.1,0.3,0,23.169398907103826,16,703.0,2026431016,0.3,0.44999999999999996
fig3_community_ve,876.0,0.1,0.3,0,33.10502283105023,17,586.0,2026431017,0.3,0.44999999999999996
fig3_community_ve,1182.0,0.1,0.3,0,16.58206429780033,18,986.0000000000001,2026431018,0.3,0.44999999999999996
fig3_community_ve,1211.0,0.1,0.3,0,23.28654004954583,19,929.0,2026431019,0.3,0.44999999999999996
fig3_community_ve,1452.0,0.1,0.3,0,38.774104683195596,20,889.0,2026431020,0.3,0.44999999999999996
fig3_community_ve,1197.0,0.1,0.3,0,31.6624895572264,21,818.0,2026431021,0.3,0.44999999999999996
fig3_community_ve,731.0,0.1,0.3,0,30.506155950752383,22,508.00000000000006,2026431022,0.3,0.44999999999999996
fig3_community_ve,1306.0,0.1,0.3,0,17.228177641653904,23,1081.0,2026431023,0.3,0.44999999999999996
fig3_community_ve,906.0,0.1,0.3,0,26.490066225165563,24,666.0,2026431024,0.3,0.44999999999999996
fig3_community_ve,871.0000000000001,0.1,0.3,0,25.717566016073487,25,647.0,2026431025,0.3,0.44999999999999996
fig3_community_ve,1219.0,0.1,0.3,0,31.99343724364233,26,829.0,2026431026,0.3,0.44999999999999996
fig3_community_ve,927.0,0.1,0.3,0,44.66019417475728,27,513.0,2026431027,0.3,0.44999999999999996
fig3_community_ve,1010.9999999999999,0.1,0.3,0,26.706231454005927,28,741.0,2026431028,0.3,0.44999999999999996
fig3_community_ve,1286.0,0.1,0.3,0,36.70295489891135,29,814.0,2026431029,0.3,0.44999999999999996
fig3_community_ve,1103.0,0.1,0.3,0,20.761559383499545,30,874.0,2026431030,0.3,0.44999999999999996
fig3_community_ve,1082.0,0.1,0.3,0,21.719038817005547,31,847.0,2026431031,0.3,0.44999999999999996
fig3_community_ve,1127.0,0.1,0.3,0,47.02750665483585,32,597.0,2026431032,0.3,0.44999999999999996
fig3_community_ve,835.0,0.1,0.3,0,10.059880239520957,33,751.0,2026431033,0.3,0.44999999999999996
fig3_community_ve,1057.0,0.1,0.3,0,33.301797540208135,34,705.0,2026431034,0.3,0.44999999999999996
fig3_community_ve,1157.0,0.1,0.3,0,33.96715643906655,35,764.0,2026431035,0.3,0.44999999999999996
fig3_community_ve,910.0,0.1,0.3,0,6.263736263736276,36,852.9999999999999,2026431036,0.3,0.44999999999999996
fig3_community_ve,1049.0,0.1,0.3,0,14.108674928503326,37,901.0000000000001,2026431037,0.3,0.44999999999999996
fig3_community_ve,980.9999999999999,0.1,0.3,0,23.343527013251776,38,752.0,2026431038,0.3,0.44999999999999996
fig3_community_ve,1246.0,0.1,0.3,0,26.484751203852326,39,916.0,2026431039,0.3,0.44999999999999996
fig3_community_ve,1126.0,0.1,0.3,0,30.461811722912966,40,783.0,2026431040,0.3,0.44999999999999996
fig3_community_ve,1542.0,0.1,0.3,0,38.651102464332034,41,946.0,2026431041,0.3,0.44999999999999996
fig3_community_ve,1296.0,0.1,0.3,0,22.608024691358015,42,1003.0000000000001,2026431042,0.3,0.44999999999999996
fig3_community_ve,750.0,0.1,0.3,0,15.866666666666667,43,631.0,2026431043,0.3,0.44999999999999996
fig3_community_ve,1156.0,0.1,0.3,0,32.78546712802768,44,777.0,2026431044,0.3,0.44999999999999996
fig3_community_ve,1333.0,0.1,0.3,0,19.80495123780945,45,1069.0,2026431045,0.3,0.44999999999999996
fig3_community_ve,1081.0,0.1,0.3,0,22.94172062904717,46,833.0000000000001,2026431046,0.3,0.44999999999999996
fig3_community_ve,950.9999999999999,0.1,0.3,0,26.708727655099885,47,697.0,2026431047,0.3,0.44999999999999996
fig3_community_ve,859.0,0.1,0.3,0,22.70081490104773,48,664.0,2026431048,0.3,0.44999999999999996
fig3_community_ve,1096.0,0.1,0.3,0,19.251824817518248,49,885.0,2026431049,0.3,0.44999999999999996
fig3_community_ve,891.0,0.1,0.3,0,30.078563411896745,50,623.0,2026431050,0.3,0.44999999999999996
fig3_community_ve,929.0,0.1,0.3,0,12.809472551130247,51,810.0,2026431051,0.3,0.44999999999999996
fig3_community_ve,1107.0,0.1,0.3,0,29.539295392953928,52,780.0,2026431052,0.3,0.44999999999999996
fig3_community_ve,938.0,0.1,0.3,0,13.219616204690832,53,814.0,2026431053,0.3,0.44999999999999996
fig3_community_ve,1069.0,0.1,0.3,0,29.186155285313376,54,757.0,2026431054,0.3,0.44999999999999996
fig3_community_ve,1237.0,0.1,0.3,0,51.3338722716249,55,602.0,2026431055,0.3,0.44999999999999996
fig3_community_ve,1110.0,0.1,0.3,0,29.54954954954955,56,782.0,2026431056,0.3,0.44999999999999996
fig3_community_ve,1035.0,0.1,0.3,0,25.797101449275363,57,768.0,2026431057,0.3,0.44999999999999996
fig3_community_ve,1384.0,0.1,0.3,0,25.433526011560694,58,1032.0,2026431058,0.3,0.44999999999999996
fig3_community_ve,1102.0,0.1,0.3,0,18.693284936479138,59,895.9999999999999,2026431059,0.3,0.44999999999999996
fig3_community_ve,989.0,0.1,0.3,0,25.278058645096056,60,739.0,2026431060,0.3,0.44999999999999996
fig3_community_ve,884.0000000000001,0.1,0.3,0,-2.941176470588222,61,910.0,2026431061,0.3,0.44999999999999996
fig3_community_ve,1283.0,0.1,0.3,0,26.110678098207316,62,948.0000000000001,2026431062,0.3,0.44999999999999996
fig3_community_ve,1545.0,0.1,0.3,0,20.51779935275081,63,1228.0,2026431063,0.3,0.44999999999999996
fig3_community_ve,735.0,0.1,0.3,0,28.299319727891156,64,527.0,2026431064,0.3,0.44999999999999996
fig3_community_ve,1667.0,0.1,0.3,0,25.25494901019796,65,1246.0,2026431065,0.3,0.44999999999999996
fig3_community_ve,1431.0,0.1,0.3,0,44.65408805031446,66,792.0,2026431066,0.3,0.44999999999999996
fig3_community_ve,878.9999999999999,0.1,0.3,0,22.070534698521037,67,685.0,2026431067,0.3,0.44999999999999996
fig3_community_ve,882.9999999999999,0.1,0.3,0,17.440543601358993,68,729.0,2026431068,0.3,0.44999999999999996
fig3_community_ve,740.0,0.1,0.3,0,10.945945945945946,69,659.0,2026431069,0.3,0.44999999999999996
fig3_community_ve,1569.0,0.1,0.3,0,25.81261950286807,70,1164.0,2026431070,0.3,0.44999999999999996
fig3_community_ve,1177.0,0.1,0.3,0,30.671197960917574,71,816.0000000000001,2026431071,0.3,0.44999999999999996
fig3_community_ve,912.0,0.1,0.3,0,16.55701754385965,72,761.0,2026431072,0.3,0.44999999999999996
fig3_community_ve,1098.0,0.1,0.3,0,30.145719489981786,73,767.0,2026431073,0.3,0.44999999999999996
fig3_community_ve,1089.0,0.1,0.3,0,29.75206611570248,74,765.0,2026431074,0.3,0.44999999999999996
fig3_community_ve,1386.0,0.1,0.3,0,21.861471861471863,75,1083.0,2026431075,0.3,0.44999999999999996
fig3_community_ve,1144.0,0.1,0.3,0,46.50349650349651,76,612.0,2026431076,0.3,0.44999999999999996
fig3_community_ve,880.0,0.1,0.3,0,32.04545454545455,77,598.0,2026431077,0.3,0.44999999999999996
fig3_community_ve,1129.0,0.1,0.3,0,33.48095659875997,78,751.0,2026431078,0.3,0.44999999999999996
fig3_community_ve,1311.0,0.1,0.3,0,26.39206712433256,79,965.0000000000001,2026431079,0.3,0.44999999999999996
fig3_community_ve,1065.0,0.1,0.3,0,29.577464788732396,80,750.0,2026431080,0.3,0.44999999999999996
fig3_community_ve,1362.0,0.1,0.3,0,29.662261380323056,81,958.0,2026431081,0.3,0.44999999999999996
fig3_community_ve,1010.9999999999999,0.1,0.3,0,16.815034619188904,82,841.0000000000001,2026431082,0.3,0.44999999999999996
fig3_community_ve,976.9999999999999,0.1,0.3,0,35.209825997952905,83,633.0,2026431083,0.3,0.44999999999999996
fig3_community_ve,1182.0,0.1,0.3,0,21.74280879864636,84,925.0,2026431084,0.3,0.44999999999999996
fig3_community_ve,1522.0,0.1,0.3,0,15.900131406044679,85,1280.0,2026431085,0.3,0.44999999999999996
fig3_community_ve,1120.0,0.1,0.3,0,21.964285714285715,86,874.0,2026431086,0.3,0.44999999999999996
fig3_community_ve,906.0,0.1,0.3,0,19.97792494481236,87,725.0,2026431087,0.3,0.44999999999999996
fig3_community_ve,1466.0,0.1,0.3,0,27.080491132332877,88,1069.0,2026431088,0.3,0.44999999999999996
fig3_community_ve,1181.0,0.1,0.3,0,36.74851820491109,89,747.0,2026431089,0.3,0.44999999999999996
fig3_community_ve,1116.0,0.1,0.3,0,29.121863799283155,90,791.0,2026431090,0.3,0.44999999999999996
fig3_community_ve,1091.0,0.1,0.3,0,21.356553620531614,91,858.0000000000001,2026431091,0.3,0.44999999999999996
fig3_community_ve,1352.0,0.1,0.3,0,19.08284023668639,92,1094.0,2026431092,0.3,0.44999999999999996
fig3_community_ve,1280.0,0.1,0.3,0,25.93749999999999,93,948.0000000000001,2026431093,0.3,0.44999999999999996
fig3_community_ve,1108.0,0.1,0.3,0,23.375451263537915,94,848.9999999999999,2026431094,0.3,0.44999999999999996
fig3_community_ve,1204.0,0.1,0.3,0,34.385382059800655,95,790.0000000000001,2026431095,0.3,0.44999999999999996
fig3_community_ve,1140.0,0.1,0.3,0,39.03508771929825,96,695.0,2026431096,0.3,0.44999999999999996
fig3_community_ve,1075.0,0.1,0.3,0,24.74418604651163,97,809.0,2026431097,0.3,0.44999999999999996
fig3_community_ve,965.0000000000001,0.1,0.3,0,13.575129533678766,98,834.0,2026431098,0.3,0.44999999999999996
fig3_community_ve,1108.0,0.1,0.3,0,-3.4296028880866425,99,1146.0,2026431099,0.3,0.44999999999999996
fig3_community_ve,950.9999999999999,0.1,0.3,0,39.95793901156676,0,571.0,2026432000,0.3,0.6
fig3_community_ve,721.0,0.1,0.3,0,-2.496532593619972,1,739.0,2026432001,0.3,0.6
fig3_community_ve,1075.0,0.1,0.3,0,35.44186046511628,2,694.0,2026432002,0.3,0.6
fig3_community_ve,1087.0,0.1,0.3,0,27.04691812327507,3,793.0,2026432003,0.3,0.6
fig3_community_ve,1130.0,0.1,0.3,0,39.38053097345133,4,685.0,2026432004,0.3,0.6
fig3_community_ve,1253.0,0.1,0.3,0,24.261771747805266,5,949.0,2026432005,0.3,0.6
fig3_community_ve,1480.0,0.1,0.3,0,41.216216216216225,6,869.9999999999999,2026432006,0.3,0.6
fig3_community_ve,1142.0,0.1,0.3,0,44.833625218914186,7,630.0,2026432007,0.3,0.6
fig3_community_ve,1060.0,0.1,0.3,0,23.67924528301887,8,809.0,2026432008,0.3,0.6
fig3_community_ve,1254.0,0.1,0.3,0,36.28389154704943,9,799.0000000000001,2026432009,0.3,0.6
fig3_community_ve,1314.0,0.1,0.3,0,47.10806697108067,10,695.0,2026432010,0.3,0.6
fig3_community_ve,1430.0,0.1,0.3,0,34.54545454545455,11,936.0,2026432011,0.3,0.6
fig3_community_ve,884.0000000000001,0.1,0.3,0,42.194570135746616,12,511.0,2026432012,0.3,0.6
fig3_community_ve,1603.0,0.1,0.3,0,46.038677479725514,13,865.0,2026432013,0.3,0.6
fig3_community_ve,990.0000000000001,0.1,0.3,0,34.44444444444446,14,649.0,2026432014,0.3,0.6
fig3_community_ve,1053.0,0.1,0.3,0,10.446343779677123,15,942.9999999999999,2026432015,0.3,0.6
fig3_community_ve,1531.0,0.1,0.3,0,30.568256041802744,16,1063.0,2026432016,0.3,0.6
fig3_community_ve,807.0000000000001,0.1,0.3,0,32.58983890954152,17,544.0,2026432017,0.3,0.6
fig3_community_ve,909.0000000000001,0.1,0.3,0,42.68426842684269,18,521.0,2026432018,0.3,0.6
fig3_community_ve,1035.0,0.1,0.3,0,19.613526570048318,19,831.9999999999999,2026432019,0.3,0.6
fig3_community_ve,1079.0,0.1,0.3,0,39.85171455050973,20,649.0,2026432020,0.3,0.6
fig3_community_ve,933.9999999999999,0.1,0.3,0,18.201284796573866,21,764.0,2026432021,0.3,0.6
fig3_community_ve,863.0,0.1,0.3,0,28.7369640787949,22,615.0,2026432022,0.3,0.6
fig3_community_ve,1122.0,0.1,0.3,0,33.065953654188945,23,751.0,2026432023,0.3,0.6
fig3_community_ve,1127.0,0.1,0.3,0,47.73735581188998,24,589.0,2026432024,0.3,0.6
fig3_community_ve,1123.0,0.1,0.3,0,23.686553873552985,25,857.0,2026432025,0.3,0.6
fig3_community_ve,979.0,0.1,0.3,0,35.13789581205312,26,635.0,2026432026,0.3,0.6
fig3_community_ve,1055.0,0.1,0.3,0,22.55924170616114,27,817.0,2026432027,0.3,0.6
fig3_community_ve,893.0,0.1,0.3,0,30.57110862262038,28,620.0,2026432028,0.3,0.6
fig3_community_ve,852.9999999999999,0.1,0.3,0,17.93669402110198,29,700.0,2026432029,0.3,0.6
fig3_community_ve,587.0,0.1,0.3,0,22.146507666098806,30,457.0,2026432030,0.3,0.6
fig3_community_ve,882.0,0.1,0.3,0,29.478458049886623,31,622.0,2026432031,0.3,0.6
fig3_community_ve,1085.0,0.1,0.3,0,28.47926267281106,32,776.0,2026432032,0.3,0.6
fig3_community_ve,1148.0,0.1,0.3,0,35.97560975609756,33,735.0,2026432033,0.3,0.6
fig3_community_ve,1135.0,0.1,0.3,0,43.78854625550661,34,638.0,2026432034,0.3,0.6
fig3_community_ve,830.0,0.1,0.3,0,27.228915662650603,35,604.0,2026432035,0.3,0.6
fig3_community_ve,1097.0,0.1,0.3,0,27.347310847766636,36,797.0,2026432036,0.3,0.6
fig3_community_ve,1122.0,0.1,0.3,0,22.905525846702318,37,865.0,2026432037,0.3,0.6
fig3_community_ve,1110.0,0.1,0.3,0,32.52252252252252,38,749.0,2026432038,0.3,0.6
fig3_community_ve,1198.0,0.1,0.3,0,26.54424040066778,39,880.0,2026432039,0.3,0.6
fig3_community_ve,1513.0,0.1,0.3,0,36.087243886318575,40,967.0,2026432040,0.3,0.6
fig3_community_ve,890.0,0.1,0.3,0,36.29213483146067,41,567.0,2026432041,0.3,0.6
fig3_community_ve,825.0,0.1,0.3,0,37.21212121212121,42,518.0,2026432042,0.3,0.6
fig3_community_ve,1558.0,0.1,0.3,0,21.951219512195124,43,1216.0,2026432043,0.3,0.6
fig3_community_ve,973.0000000000001,0.1,0.3,0,28.468653648509772,44,696.0,2026432044,0.3,0.6
fig3_community_ve,1253.0,0.1,0.3,0,40.14365522745411,45,750.0,2026432045,0.3,0.6
fig3_community_ve,978.0,0.1,0.3,0,28.834355828220858,46,696.0,2026432046,0.3,0.6
fig3_community_ve,1093.0,0.1,0.3,0,42.451967063129004,47,629.0,2026432047,0.3,0.6
fig3_community_ve,1114.0,0.1,0.3,0,24.326750448833035,48,843.0,2026432048,0.3,0.6
fig3_community_ve,963.0,0.1,0.3,0,30.11422637590862,49,673.0,2026432049,0.3,0.6
fig3_community_ve,1183.0,0.1,0.3,0,19.357565511411664,50,954.0,2026432050,0.3,0.6
fig3_community_ve,1211.0,0.1,0.3,0,14.368290668868704,51,1037.0,2026432051,0.3,0.6
fig3_community_ve,1031.0,0.1,0.3,0,12.609117361784664,52,901.0000000000001,2026432052,0.3,0.6
fig3_community_ve,1432.0,0.1,0.3,0,30.935754189944134,53,989.0,2026432053,0.3,0.6
fig3_community_ve,1288.0,0.1,0.3,0,33.850931677018636,54,852.0,2026432054,0.3,0.6
fig3_community_ve,743.0,0.1,0.3,0,28.532974427994617,55,531.0,2026432055,0.3,0.6
fig3_community_ve,1021.0,0.1,0.3,0,46.03330068560235,56,551.0,2026432056,0.3,0.6
fig3_community_ve,1437.0,0.1,0.3,0,35.21224773834377,57,931.0,2026432057,0.3,0.6
fig3_community_ve,833.0000000000001,0.1,0.3,0,47.899159663865554,58,434.0,2026432058,0.3,0.6
fig3_community_ve,854.0000000000001,0.1,0.3,0,31.030444964871204,59,589.0,2026432059,0.3,0.6
fig3_community_ve,946.9999999999999,0.1,0.3,0,17.529039070749725,60,781.0,2026432060,0.3,0.6
fig3_community_ve,1270.0,0.1,0.3,0,20.787401574803148,61,1006.0,2026432061,0.3,0.6
fig3_community_ve,993.9999999999999,0.1,0.3,0,19.114688128772627,62,804.0,2026432062,0.3,0.6
fig3_community_ve,1465.0,0.1,0.3,0,31.945392491467576,63,997.0,2026432063,0.3,0.6
fig3_community_ve,1040.0,0.1,0.3,0,6.442307692307682,64,973.0000000000001,2026432064,0.3,0.6
fig3_community_ve,1140.0,0.1,0.3,0,41.228070175438596,65,670.0,2026432065,0.3,0.6
fig3_community_ve,1644.0,0.1,0.3,0,46.10705596107056,66,886.0,2026432066,0.3,0.6
fig3_community_ve,781.0,0.1,0.3,0,33.29065300896287,67,521.0,2026432067,0.3,0.6
fig3_community_ve,1214.0,0.1,0.3,0,35.584843492586494,68,782.0,2026432068,0.3,0.6
fig3_community_ve,878.9999999999999,0.1,0.3,0,-6.029579067121743,69,932.0,2026432069,0.3,0.6
fig3_community_ve,903.0,0.1,0.3,0,31.118493909191585,70,622.0,2026432070,0.3,0.6
fig3_community_ve,949.0,0.1,0.3,0,35.82718651211802,71,609.0,2026432071,0.3,0.6
fig3_community_ve,1151.0,0.1,0.3,0,27.193744569939184,72,838.0,2026432072,0.3,0.6
fig3_community_ve,1345.0,0.1,0.3,0,32.9368029739777,73,902.0,2026432073,0.3,0.6
fig3_community_ve,1235.0,0.1,0.3,0,31.09311740890688,74,851.0,2026432074,0.3,0.6
fig3_community_ve,1250.0,0.1,0.3,0,33.44000000000001,75,831.9999999999999,2026432075,0.3,0.6
fig3_community_ve,975.0,0.1,0.3,0,25.025641025641026,76,731.0,2026432076,0.3,0.6
fig3_community_ve,1399.0,0.1,0.3,0,37.45532523230878,77,875.0000000000001,2026432077,0.3,0.6
fig3_community_ve,965.0000000000001,0.1,0.3,0,30.569948186528507,78,670.0,2026432078,0.3,0.6
fig3_community_ve,922.0000000000001,0.1,0.3,0,30.477223427331896,79,641.0,2026432079,0.3,0.6
fig3_community_ve,816.0000000000001,0.1,0.3,0,7.9656862745098165,80,751.0,2026432080,0.3,0.6
fig3_community_ve,1296.0,0.1,0.3,0,33.17901234567903,81,865.9999999999999,2026432081,0.3,0.6
fig3_community_ve,1336.0,0.1,0.3,0,34.2814371257485,82,878.0,2026432082,0.3,0.6
fig3_community_ve,1246.0,0.1,0.3,0,26.725521669341905,83,912.9999999999999,2026432083,0.3,0.6
fig3_community_ve,1211.0,0.1,0.3,0,15.772089182493797,84,1020.0000000000001,2026432084,0.3,0.6
fig3_community_ve,1239.0,0.1,0.3,0,48.991121872477805,85,632.0,2026432085,0.3,0.6
fig3_community_ve,894.0,0.1,0.3,0,37.13646532438479,86,562.0,2026432086,0.3,0.6
fig3_community_ve,1034.0,0.1,0.3,0,48.54932301740812,87,532.0,2026432087,0.3,0.6
fig3_community_ve,1386.0,0.1,0.3,0,36.14718614718615,88,885.0,2026432088,0.3,0.6
fig3_community_ve,1171.0,0.1,0.3,0,19.214346712211785,89,946.0,2026432089,0.3,0.6
fig3_community_ve,1038.0,0.1,0.3,0,21.09826589595377,90,818.9999999999999,2026432090,0.3,0.6
fig3_community_ve,1144.0,0.1,0.3,0,20.454545454545453,91,910.0,2026432091,0.3,0.6
fig3_community_ve,1057.0,0.1,0.3,0,18.164616840113528,92,865.0,2026432092,0.3,0.6
fig3_community_ve,1333.0,0.1,0.3,0,29.182295573893473,93,944.0,2026432093,0.3,0.6
fig3_community_ve,1266.0,0.1,0.3,0,32.464454976303315,94,855.0,2026432094,0.3,0.6
fig3_community_ve,948.0000000000001,0.1,0.3,0,11.814345991561202,95,835.9999999999999,2026432095,0.3,0.6
fig3_community_ve,844.0,0.1,0.3,0,36.96682464454976,96,532.0,2026432096,0.3,0.6
fig3_community_ve,1140.0,0.1,0.3,0,29.82456140350877,97,800.0,2026432097,0.3,0.6
fig3_community_ve,706.0,0.1,0.3,0,33.42776203966006,98,470.0,2026432098,0.3,0.6
fig3_community_ve,679.0,0.1,0.3,0,20.913107511045656,99,537.0,2026432099,0.3,0.6
fig3_community_ve,1194.0,0.1,0.3,0,25.71189279731994,0,886.9999999999999,2026433000,0.3,0.75
fig3_community_ve,1263.0,0.1,0.3,0,36.89627870150436,1,797.0,2026433001,0.3,0.75
fig3_community_ve,1268.0,0.1,0.3,0,22.79179810725552,2,979.0,2026433002,0.3,0.75
fig3_community_ve,942.9999999999999,0.1,0.3,0,29.162248144220566,3,668.0,2026433003,0.3,0.75
fig3_community_ve,893.0,0.1,0.3,0,12.318029115341545,4,783.0,2026433004,0.3,0.75
fig3_community_ve,1353.0,0.1,0.3,0,42.350332594235034,5,780.0,2026433005,0.3,0.75
fig3_community_ve,1027.0,0.1,0.3,0,34.177215189873415,6,676.0,2026433006,0.3,0.75
fig3_community_ve,992.0,0.1,0.3,0,13.911290322580633,7,854.0000000000001,2026433007,0.3,0.75
fig3_community_ve,882.9999999999999,0.1,0.3,0,23.21630804077009,8,678.0,2026433008,0.3,0.75
fig3_community_ve,957.0,0.1,0.3,0,16.19644723093,9,801.9999999999999,2026433009,0.3,0.75
fig3_community_ve,1196.0,0.1,0.3,0,54.76588628762542,10,541.0,2026433010,0.3,0.75
fig3_community_ve,987.0,0.1,0.3,0,16.616008105369808,11,823.0,2026433011,0.3,0.75
fig3_community_ve,946.0,0.1,0.3,0,40.59196617336152,12,562.0,2026433012,0.3,0.75
fig3_community_ve,918.0000000000001,0.1,0.3,0,20.588235294117656,13,729.0,2026433013,0.3,0.75
fig3_community_ve,875.0000000000001,0.1,0.3,0,10.17142857142857,14,786.0000000000001,2026433014,0.3,0.75
fig3_community_ve,1153.0,0.1,0.3,0,30.268863833477884,15,804.0,2026433015,0.3,0.75
fig3_community_ve,1075.0,0.1,0.3,0,46.41860465116279,16,576.0,2026433016,0.3,0.75
fig3_community_ve,1104.0,0.1,0.3,0,42.210144927536234,17,638.0,2026433017,0.3,0.75
fig3_community_ve,949.0,0.1,0.3,0,21.91780821917808,18,741.0,2026433018,0.3,0.75
fig3_community_ve,1082.0,0.1,0.3,0,43.530499075785585,19,611.0,2026433019,0.3,0.75
fig3_community_ve,1527.0,0.1,0.3,0,44.85920104780615,20,842.0,2026433020,0.3,0.75
fig3_community_ve,1012.0,0.1,0.3,0,29.150197628458496,21,717.0,2026433021,0.3,0.75
fig3_community_ve,1201.0,0.1,0.3,0,35.63696919233972,22,773.0,2026433022,0.3,0.75
fig3_community_ve,861.9999999999999,0.1,0.3,0,19.48955916473317,23,694.0,2026433023,0.3,0.75
fig3_community_ve,924.0,0.1,0.3,0,18.614718614718615,24,752.0,2026433024,0.3,0.75
fig3_community_ve,831.0,0.1,0.3,0,21.17930204572804,25,655.0,2026433025,0.3,0.75
fig3_community_ve,1174.0,0.1,0.3,0,38.16013628620102,26,726.0,2026433026,0.3,0.75
fig3_community_ve,734.0,0.1,0.3,0,37.60217983651226,27,458.0,2026433027,0.3,0.75
fig3_community_ve,1291.0,0.1,0.3,0,35.553834237025576,28,831.9999999999999,2026433028,0.3,0.75
fig3_community_ve,903.0,0.1,0.3,0,9.856035437430787,29,814.0,2026433029,0.3,0.75
fig3_community_ve,855.0,0.1,0.3,0,36.8421052631579,30,540.0,2026433030,0.3,0.75
fig3_community_ve,1697.9999999999998,0.1,0.3,0,57.18492343934039,31,727.0,2026433031,0.3,0.75
fig3_community_ve,1208.0,0.1,0.3,0,41.72185430463576,32,704.0,2026433032,0.3,0.75
fig3_community_ve,1207.0,0.1,0.3,0,57.91217895608948,33,508.00000000000006,2026433033,0.3,0.75
fig3_community_ve,1263.0,0.1,0.3,0,43.46793349168646,34,714.0,2026433034,0.3,0.75
fig3_community_ve,940.0,0.1,0.3,0,28.72340425531915,35,670.0,2026433035,0.3,0.75
fig3_community_ve,1078.0,0.1,0.3,0,27.272727272727273,36,784.0,2026433036,0.3,0.75
fig3_community_ve,928.0,0.1,0.3,0,34.59051724137931,37,607.0,2026433037,0.3,0.75
fig3_community_ve,787.0,0.1,0.3,0,42.31257941550191,38,454.0,2026433038,0.3,0.75
fig3_community_ve,1334.0,0.1,0.3,0,48.950524737631184,39,681.0,2026433039,0.3,0.75
fig3_community_ve,984.0,0.1,0.3,0,35.0609756097561,40,639.0,2026433040,0.3,0.75
fig3_community_ve,1230.0,0.1,0.3,0,37.15447154471545,41,773.0,2026433041,0.3,0.75
fig3_community_ve,953.0,0.1,0.3,0,33.36831059811123,42,635.0,2026433042,0.3,0.75
fig3_community_ve,1031.0,0.1,0.3,0,41.80407371483996,43,600.0,2026433043,0.3,0.75
fig3_community_ve,822.0,0.1,0.3,0,36.496350364963504,44,522.0,2026433044,0.3,0.75
fig3_community_ve,1397.0,0.1,0.3,0,47.67358625626342,45,731.0,2026433045,0.3,0.75
fig3_community_ve,1183.0,0.1,0.3,0,27.38799661876585,46,859.0,2026433046,0.3,0.75
fig3_community_ve,1080.0,0.1,0.3,0,27.87037037037037,47,779.0,2026433047,0.3,0.75
fig3_community_ve,952.0000000000001,0.1,0.3,0,28.25630252100841,48,683.0,2026433048,0.3,0.75
fig3_community_ve,789.0,0.1,0.3,0,33.58681875792142,49,524.0,2026433049,0.3,0.75
fig3_community_ve,1535.0,0.1,0.3,0,37.785016286644954,50,955.0,2026433050,0.3,0.75
fig3_community_ve,1179.0,0.1,0.3,0,25.53011026293469,51,878.0,2026433051,0.3,0.75
fig3_community_ve,816.0000000000001,0.1,0.3,0,18.75000000000001,52,663.0,2026433052,0.3,0.75
fig3_community_ve,796.0,0.1,0.3,0,19.34673366834171,53,642.0,2026433053,0.3,0.75
fig3_community_ve,1307.0,0.1,0.3,0,31.67559296097934,54,893.0,2026433054,0.3,0.75
fig3_community_ve,1334.0,0.1,0.3,0,30.8095952023988,55,923.0,2026433055,0.3,0.75
fig3_community_ve,641.0,0.1,0.3,0,15.444617784711388,56,542.0,2026433056,0.3,0.75
fig3_community_ve,762.0,0.1,0.3,0,37.92650918635171,57,473.0,2026433057,0.3,0.75
fig3_community_ve,973.0000000000001,0.1,0.3,0,31.551901336074007,58,666.0,2026433058,0.3,0.75
fig3_community_ve,1080.0,0.1,0.3,0,19.90740740740741,59,865.0,2026433059,0.3,0.75
fig3_community_ve,1045.0,0.1,0.3,0,39.13875598086124,60,636.0,2026433060,0.3,0.75
fig3_community_ve,1016.0000000000001,0.1,0.3,0,41.33858267716536,61,596.0,2026433061,0.3,0.75
fig3_community_ve,1253.0,0.1,0.3,0,36.23304070231443,62,799.0000000000001,2026433062,0.3,0.75
fig3_community_ve,1104.0,0.1,0.3,0,24.18478260869564,63,837.0000000000001,2026433063,0.3,0.75
fig3_community_ve,1143.0,0.1,0.3,0,31.321084864391963,64,784.9999999999999,2026433064,0.3,0.75
fig3_community_ve,1288.0,0.1,0.3,0,36.18012422360248,65,822.0,2026433065,0.3,0.75
fig3_community_ve,1238.0,0.1,0.3,0,16.63974151857835,66,1032.0,2026433066,0.3,0.75
fig3_community_ve,932.0,0.1,0.3,0,24.356223175965667,67,705.0,2026433067,0.3,0.75
fig3_community_ve,1074.0,0.1,0.3,0,36.59217877094972,68,681.0,2026433068,0.3,0.75
fig3_community_ve,817.0,0.1,0.3,0,36.23011015911873,69,521.0,2026433069,0.3,0.75
fig3_community_ve,1398.0,0.1,0.3,0,38.55507868383405,70,859.0,2026433070,0.3,0.75
fig3_community_ve,1194.0,0.1,0.3,0,27.051926298157444,71,871.0000000000001,2026433071,0.3,0.75
fig3_community_ve,885.0,0.1,0.3,0,18.870056497175142,72,718.0,2026433072,0.3,0.75
fig3_community_ve,1169.0,0.1,0.3,0,24.893071000855432,73,878.0,2026433073,0.3,0.75
fig3_community_ve,1240.0,0.1,0.3,0,38.38709677419355,74,764.0,2026433074,0.3,0.75
fig3_community_ve,1141.0,0.1,0.3,0,46.80105170902717,75,607.0,2026433075,0.3,0.75
fig3_community_ve,1131.0,0.1,0.3,0,14.235190097259062,76,970.0,2026433076,0.3,0.75
fig3_community_ve,1057.0,0.1,0.3,0,36.707663197729424,77,669.0,2026433077,0.3,0.75
fig3_community_ve,1174.0,0.1,0.3,0,31.856899488926746,78,800.0,2026433078,0.3,0.75
fig3_community_ve,851.0,0.1,0.3,0,38.42538190364277,79,524.0,2026433079,0.3,0.75
fig3_community_ve,801.9999999999999,0.1,0.3,0,35.5361596009975,80,517.0,2026433080,0.3,0.75
fig3_community_ve,790.0000000000001,0.1,0.3,0,39.62025316455697,81,477.0,2026433081,0.3,0.75
fig3_community_ve,1594.0,0.1,0.3,0,46.235884567126725,82,857.0,2026433082,0.3,0.75
fig3_community_ve,818.0,0.1,0.3,0,14.91442542787286,83,696.0,2026433083,0.3,0.75
fig3_community_ve,984.9999999999999,0.1,0.3,0,27.817258883248723,84,711.0,2026433084,0.3,0.75
fig3_community_ve,1232.0,0.1,0.3,0,35.633116883116884,85,793.0,2026433085,0.3,0.75
fig3_community_ve,945.0,0.1,0.3,0,11.428571428571416,86,837.0000000000001,2026433086,0.3,0.75
fig3_community_ve,1121.0,0.1,0.3,0,43.53256021409456,87,633.0,2026433087,0.3,0.75
fig3_community_ve,1122.0,0.1,0.3,0,44.29590017825312,88,625.0,2026433088,0.3,0.75
fig3_community_ve,1653.0,0.1,0.3,0,40.16938898971567,89,989.0,2026433089,0.3,0.75
fig3_community_ve,1253.0,0.1,0.3,0,26.177174780526737,90,925.0,2026433090,0.3,0.75
fig3_community_ve,1276.0,0.1,0.3,0,42.789968652037615,91,730.0,2026433091,0.3,0.75
fig3_community_ve,1110.0,0.1,0.3,0,18.82882882882882,92,901.0000000000001,2026433092,0.3,0.75
fig3_community_ve,1572.0000000000002,0.1,0.3,0,31.997455470737922,93,1069.0,2026433093,0.3,0.75
fig3_community_ve,1003.0000000000001,0.1,0.3,0,4.685942173479561,94,956.0000000000001,2026433094,0.3,0.75
fig3_community_ve,1004.0,0.1,0.3,0,47.211155378486055,95,530.0,2026433095,0.3,0.75
fig3_community_ve,1420.0,0.1,0.3,0,25.774647887323944,96,1054.0,2026433096,0.3,0.75
fig3_community_ve,1190.0,0.1,0.3,0,44.36974789915966,97,662.0,2026433097,0.3,0.75
fig3_community_ve,1016.0000000000001,0.1,0.3,0,28.641732283464574,98,725.0,2026433098,0.3,0.75
fig3_community_ve,651.0,0.1,0.3,0,29.80030721966206,99,457.0,2026433099,0.3,0.75
fig3_community_ve,1156.0,0.1,0.3,0,35.034602076124564,0,751.0,2026434000,0.3,0.9
fig3_community_ve,1602.0,0.1,0.3,0,40.262172284644194,1,957.0,2026434001,0.3,0.9
fig3_community_ve,1631.0000000000002,0.1,0.3,0,37.76824034334766,2,1014.9999999999999,2026434002,0.3,0.9
fig3_community_ve,757.0,0.1,0.3,0,27.080581241743726,3,552.0,2026434003,0.3,0.9
fig3_community_ve,1038.0,0.1,0.3,0,19.171483622350674,4,839.0,2026434004,0.3,0.9
fig3_community_ve,1354.0,0.1,0.3,0,28.80354505169868,5,963.9999999999999,2026434005,0.3,0.9
fig3_community_ve,1601.0,0.1,0.3,0,37.53903810118676,6,1000.0,2026434006,0.3,0.9
fig3_community_ve,1085.0,0.1,0.3,0,45.345622119815665,7,593.0,2026434007,0.3,0.9
fig3_community_ve,1222.0,0.1,0.3,0,30.76923076923077,8,846.0,2026434008,0.3,0.9
fig3_community_ve,649.0,0.1,0.3,0,-7.24191063174114,9,696.0,2026434009,0.3,0.9
fig3_community_ve,1125.0,0.1,0.3,0,10.044444444444444,10,1012.0,2026434010,0.3,0.9
fig3_community_ve,1099.0,0.1,0.3,0,49.681528662420384,11,553.0,2026434011,0.3,0.9
fig3_community_ve,1597.0000000000002,0.1,0.3,0,18.534752661239835,12,1301.0,2026434012,0.3,0.9
fig3_community_ve,1210.0,0.1,0.3,0,15.454545454545455,13,1023.0,2026434013,0.3,0.9
fig3_community_ve,907.0,0.1,0.3,0,37.59647188533627,14,566.0,2026434014,0.3,0.9
fig3_community_ve,881.0,0.1,0.3,0,48.921679909194104,15,449.99999999999994,2026434015,0.3,0.9
fig3_community_ve,1320.0,0.1,0.3,0,35.15151515151515,16,856.0,2026434016,0.3,0.9
fig3_community_ve,835.0,0.1,0.3,0,16.407185628742514,17,698.0,2026434017,0.3,0.9
fig3_community_ve,1686.0,0.1,0.3,0,38.13760379596678,18,1043.0,2026434018,0.3,0.9
fig3_community_ve,892.0000000000001,0.1,0.3,0,43.16143497757849,19,507.0,2026434019,0.3,0.9
fig3_community_ve,1112.0,0.1,0.3,0,23.02158273381295,20,856.0,2026434020,0.3,0.9
fig3_community_ve,1089.0,0.1,0.3,0,40.03673094582185,21,653.0,2026434021,0.3,0.9
fig3_community_ve,1137.0,0.1,0.3,0,32.27792436235708,22,770.0,2026434022,0.3,0.9
fig3_community_ve,1130.0,0.1,0.3,0,28.141592920353983,23,812.0,2026434023,0.3,0.9
fig3_community_ve,984.9999999999999,0.1,0.3,0,25.38071065989847,24,735.0,2026434024,0.3,0.9
fig3_community_ve,1397.0,0.1,0.3,0,35.36148890479599,25,903.0,2026434025,0.3,0.9
fig3_community_ve,1375.0,0.1,0.3,0,48.14545454545455,26,713.0,2026434026,0.3,0.9
fig3_community_ve,955.0,0.1,0.3,0,12.041884816753926,27,840.0,2026434027,0.3,0.9
fig3_community_ve,936.0,0.1,0.3,0,32.26495726495727,28,634.0,2026434028,0.3,0.9
fig3_community_ve,1188.0,0.1,0.3,0,31.902356902356903,29,809.0,2026434029,0.3,0.9
fig3_community_ve,978.0,0.1,0.3,0,16.768916155419223,30,814.0,2026434030,0.3,0.9
fig3_community_ve,1297.0,0.1,0.3,0,47.10871241326137,31,686.0,2026434031,0.3,0.9
fig3_community_ve,1186.0,0.1,0.3,0,35.413153456998316,32,766.0,2026434032,0.3,0.9
fig3_community_ve,1370.0,0.1,0.3,0,35.25547445255476,33,886.9999999999999,2026434033,0.3,0.9
fig3_community_ve,1040.0,0.1,0.3,0,30.76923076923077,34,720.0,2026434034,0.3,0.9
fig3_community_ve,806.0,0.1,0.3,0,21.96029776674938,35,629.0,2026434035,0.3,0.9
fig3_community_ve,1093.0,0.1,0.3,0,49.13083257090577,36,556.0,2026434036,0.3,0.9
fig3_community_ve,976.9999999999999,0.1,0.3,0,32.44626407369498,37,660.0,2026434037,0.3,0.9
fig3_community_ve,1350.0,0.1,0.3,0,39.33333333333334,38,818.9999999999999,2026434038,0.3,0.9
fig3_community_ve,821.0,0.1,0.3,0,24.482338611449453,39,620.0,2026434039,0.3,0.9
fig3_community_ve,1257.0,0.1,0.3,0,34.28798727128083,40,826.0,2026434040,0.3,0.9
fig3_community_ve,946.0,0.1,0.3,0,32.45243128964059,41,639.0,2026434041,0.3,0.9
fig3_community_ve,984.0,0.1,0.3,0,27.642276422764226,42,712.0,2026434042,0.3,0.9
fig3_community_ve,911.0,0.1,0.3,0,37.76070252469813,43,567.0,2026434043,0.3,0.9
fig3_community_ve,1073.0,0.1,0.3,0,28.890959925442683,44,763.0,2026434044,0.3,0.9
fig3_community_ve,986.0000000000001,0.1,0.3,0,27.789046653144023,45,712.0,2026434045,0.3,0.9
fig3_community_ve,1446.0,0.1,0.3,0,34.50899031811896,46,946.9999999999999,2026434046,0.3,0.9
fig3_community_ve,1530.0,0.1,0.3,0,46.143790849673195,47,824.0000000000001,2026434047,0.3,0.9
fig3_community_ve,942.9999999999999,0.1,0.3,0,29.480381760339334,48,665.0,2026434048,0.3,0.9
fig3_community_ve,1196.0,0.1,0.3,0,37.541806020066886,49,747.0,2026434049,0.3,0.9
fig3_community_ve,1278.0,0.1,0.3,0,37.94992175273865,50,793.0,2026434050,0.3,0.9
fig3_community_ve,1315.0,0.1,0.3,0,32.47148288973383,51,888.0000000000001,2026434051,0.3,0.9
fig3_community_ve,807.0000000000001,0.1,0.3,0,36.30731102850063,52,514.0,2026434052,0.3,0.9
fig3_community_ve,800.0,0.1,0.3,0,6.625,53,747.0,2026434053,0.3,0.9
fig3_community_ve,779.0,0.1,0.3,0,17.458279845956355,54,643.0,2026434054,0.3,0.9
fig3_community_ve,1419.0,0.1,0.3,0,34.6723044397463,55,927.0,2026434055,0.3,0.9
fig3_community_ve,1029.0,0.1,0.3,0,27.59961127308066,56,745.0,2026434056,0.3,0.9
fig3_community_ve,1654.0,0.1,0.3,0,42.926239419588875,57,944.0,2026434057,0.3,0.9
fig3_community_ve,1263.0,0.1,0.3,0,38.8756927949327,58,772.0,2026434058,0.3,0.9
fig3_community_ve,1094.0,0.1,0.3,0,37.29433272394881,59,686.0,2026434059,0.3,0.9
fig3_community_ve,1731.9999999999998,0.1,0.3,0,44.16859122401846,60,967.0,2026434060,0.3,0.9
fig3_community_ve,1136.0,0.1,0.3,0,37.32394366197183,61,712.0,2026434061,0.3,0.9
fig3_community_ve,1574.0,0.1,0.3,0,50.127064803049564,62,784.9999999999999,2026434062,0.3,0.9
fig3_community_ve,1077.0,0.1,0.3,0,50.139275766016716,63,537.0,2026434063,0.3,0.9
fig3_community_ve,1018.0,0.1,0.3,0,34.184675834970534,64,670.0,2026434064,0.3,0.9
fig3_community_ve,886.9999999999999,0.1,0.3,0,42.953776775648244,65,506.0,2026434065,0.3,0.9
fig3_community_ve,950.9999999999999,0.1,0.3,0,25.762355415352253,66,706.0,2026434066,0.3,0.9
fig3_community_ve,1024.0,0.1,0.3,0,37.79296875,67,637.0,2026434067,0.3,0.9
fig3_community_ve,1004.0,0.1,0.3,0,40.63745019920319,68,596.0,2026434068,0.3,0.9
fig3_community_ve,724.0,0.1,0.3,0,50.0,69,362.0,2026434069,0.3,0.9
fig3_community_ve,1403.0,0.1,0.3,0,47.25588025659302,70,740.0,2026434070,0.3,0.9
fig3_community_ve,1226.0,0.1,0.3,0,34.584013050570974,71,801.9999999999999,2026434071,0.3,0.9
fig3_community_ve,885.0,0.1,0.3,0,36.045197740113,72,566.0,2026434072,0.3,0.9
fig3_community_ve,1059.0,0.1,0.3,0,8.78186968838527,73,966.0,2026434073,0.3,0.9
fig3_community_ve,1087.0,0.1,0.3,0,24.287028518859245,74,823.0,2026434074,0.3,0.9
fig3_community_ve,1013.0,0.1,0.3,0,13.030602171767029,75,881.0,2026434075,0.3,0.9
fig3_community_ve,1265.0,0.1,0.3,0,34.70355731225296,76,826.0,2026434076,0.3,0.9
fig3_community_ve,1262.0,0.1,0.3,0,43.34389857369255,77,715.0,2026434077,0.3,0.9
fig3_community_ve,1204.0,0.1,0.3,0,39.119601328903656,78,733.0,2026434078,0.3,0.9
fig3_community_ve,1730.0,0.1,0.3,0,33.23699421965318,79,1155.0,2026434079,0.3,0.9
fig3_community_ve,1308.0,0.1,0.3,0,41.59021406727829,80,764.0,2026434080,0.3,0.9
fig3_community_ve,1335.0,0.1,0.3,0,29.43820224719101,81,942.0,2026434081,0.3,0.9
fig3_community_ve,997.9999999999999,0.1,0.3,0,26.252505010020034,82,736.0,2026434082,0.3,0.9
fig3_community_ve,882.0,0.1,0.3,0,24.603174603174605,83,665.0,2026434083,0.3,0.9
fig3_community_ve,1235.0,0.1,0.3,0,44.61538461538461,84,684.0,2026434084,0.3,0.9
fig3_community_ve,1366.0,0.1,0.3,0,31.771595900439237,85,932.0,2026434085,0.3,0.9
fig3_community_ve,976.0,0.1,0.3,0,37.5,86,610.0,2026434086,0.3,0.9
fig3_community_ve,757.0,0.1,0.3,0,22.721268163804492,87,585.0,2026434087,0.3,0.9
fig3_community_ve,1508.0,0.1,0.3,0,43.435013262599476,88,852.9999999999999,2026434088,0.3,0.9
fig3_community_ve,1037.0,0.1,0.3,0,28.44744455159113,89,742.0,2026434089,0.3,0.9
fig3_community_ve,1504.0,0.1,0.3,0,41.02393617021278,90,886.9999999999999,2026434090,0.3,0.9
fig3_community_ve,912.9999999999999,0.1,0.3,0,30.77765607886089,91,632.0,2026434091,0.3,0.9
fig3_community_ve,865.0,0.1,0.3,0,33.0635838150289,92,579.0,2026434092,0.3,0.9
fig3_community_ve,1339.0,0.1,0.3,0,41.822255414488424,93,779.0,2026434093,0.3,0.9
fig3_community_ve,1052.0,0.1,0.3,0,10.076045627376425,94,946.0,2026434094,0.3,0.9
fig3_community_ve,1420.0,0.1,0.3,0,33.943661971830984,95,938.0,2026434095,0.3,0.9
fig3_community_ve,1050.0,0.1,0.3,0,30.0,96,735.0,2026434096,0.3,0.9
fig3_community_ve,1177.0,0.1,0.3,0,26.4231096006797,97,865.9999999999999,2026434097,0.3,0.9
fig3_community_ve,1044.0,0.1,0.3,0,21.93486590038315,98,814.9999999999999,2026434098,0.3,0.9
fig3_community_ve,1118.0,0.1,0.3,0,37.38819320214669,99,700.0,2026434099,0.3,0.9
fig3_community_ve,914.0,0.2,0.3,0,0.0,0,914.0,2026435000,0.3,0.0
fig3_community_ve,929.9999999999999,0.2,0.3,0,0.0,1,929.9999999999999,2026435001,0.3,0.0
fig3_community_ve,818.0,0.2,0.3,0,0.0,2,818.0,2026435002,0.3,0.0
fig3_community_ve,1374.0,0.2,0.3,0,0.0,3,1374.0,2026435003,0.3,0.0
fig3_community_ve,1435.0,0.2,0.3,0,0.0,4,1435.0,2026435004,0.3,0.0
fig3_community_ve,1124.0,0.2,0.3,0,0.0,5,1124.0,2026435005,0.3,0.0
fig3_community_ve,1160.0,0.2,0.3,0,0.0,6,1160.0,2026435006,0.3,0.0
fig3_community_ve,1214.0,0.2,0.3,0,0.0,7,1214.0,2026435007,0.3,0.0
fig3_community_ve,1352.0,0.2,0.3,0,0.0,8,1352.0,2026435008,0.3,0.0
fig3_community_ve,595.0,0.2,0.3,0,0.0,9,595.0,2026435009,0.3,0.0
fig3_community_ve,927.0,0.2,0.3,0,0.0,10,927.0,2026435010,0.3,0.0
fig3_community_ve,1391.0,0.2,0.3,0,0.0,11,1391.0,2026435011,0.3,0.0
fig3_community_ve,1179.0,0.2,0.3,0,0.0,12,1179.0,2026435012,0.3,0.0
fig3_community_ve,1074.0,0.2,0.3,0,0.0,13,1074.0,2026435013,0.3,0.0
fig3_community_ve,872.0,0.2,0.3,0,0.0,14,872.0,2026435014,0.3,0.0
fig3_community_ve,1298.0,0.2,0.3,0,0.0,15,1298.0,2026435015,0.3,0.0
fig3_community_ve,963.9999999999999,0.2,0.3,0,0.0,16,963.9999999999999,2026435016,0.3,0.0
fig3_community_ve,1086.0,0.2,0.3,0,0.0,17,1086.0,2026435017,0.3,0.0
fig3_community_ve,1587.9999999999998,0.2,0.3,0,0.0,18,1587.9999999999998,2026435018,0.3,0.0
fig3_community_ve,1280.0,0.2,0.3,0,0.0,19,1280.0,2026435019,0.3,0.0
fig3_community_ve,551.0,0.2,0.3,0,0.0,20,551.0,2026435020,0.3,0.0
fig3_community_ve,937.0,0.2,0.3,0,0.0,21,937.0,2026435021,0.3,0.0
fig3_community_ve,920.0,0.2,0.3,0,0.0,22,920.0,2026435022,0.3,0.0
fig3_community_ve,1185.0,0.2,0.3,0,0.0,23,1185.0,2026435023,0.3,0.0
fig3_community_ve,1074.0,0.2,0.3,0,0.0,24,1074.0,2026435024,0.3,0.0
fig3_community_ve,895.9999999999999,0.2,0.3,0,0.0,25,895.9999999999999,2026435025,0.3,0.0
fig3_community_ve,1243.0,0.2,0.3,0,0.0,26,1243.0,2026435026,0.3,0.0
fig3_community_ve,1210.0,0.2,0.3,0,0.0,27,1210.0,2026435027,0.3,0.0
fig3_community_ve,1108.0,0.2,0.3,0,0.0,28,1108.0,2026435028,0.3,0.0
fig3_community_ve,1263.0,0.2,0.3,0,0.0,29,1263.0,2026435029,0.3,0.0
fig3_community_ve,1068.0,0.2,0.3,0,0.0,30,1068.0,2026435030,0.3,0.0
fig3_community_ve,1368.0,0.2,0.3,0,0.0,31,1368.0,2026435031,0.3,0.0
fig3_community_ve,1000.0,0.2,0.3,0,0.0,32,1000.0,2026435032,0.3,0.0
fig3_community_ve,1147.0,0.2,0.3,0,0.0,33,1147.0,2026435033,0.3,0.0
fig3_community_ve,1149.0,0.2,0.3,0,0.0,34,1149.0,2026435034,0.3,0.0
fig3_community_ve,928.0,0.2,0.3,0,0.0,35,928.0,2026435035,0.3,0.0
fig3_community_ve,1506.0,0.2,0.3,0,0.0,36,1506.0,2026435036,0.3,0.0
fig3_community_ve,1563.0000000000002,0.2,0.3,0,0.0,37,1563.0000000000002,2026435037,0.3,0.0
fig3_community_ve,1192.0,0.2,0.3,0,0.0,38,1192.0,2026435038,0.3,0.0
fig3_community_ve,725.0,0.2,0.3,0,0.0,39,725.0,2026435039,0.3,0.0
fig3_community_ve,979.0,0.2,0.3,0,0.0,40,979.0,2026435040,0.3,0.0
fig3_community_ve,903.0,0.2,0.3,0,0.0,41,903.0,2026435041,0.3,0.0
fig3_community_ve,935.0000000000001,0.2,0.3,0,0.0,42,935.0000000000001,2026435042,0.3,0.0
fig3_community_ve,1072.0,0.2,0.3,0,0.0,43,1072.0,2026435043,0.3,0.0
fig3_community_ve,955.0,0.2,0.3,0,0.0,44,955.0,2026435044,0.3,0.0
fig3_community_ve,1173.0,0.2,0.3,0,0.0,45,1173.0,2026435045,0.3,0.0
fig3_community_ve,1117.0,0.2,0.3,0,0.0,46,1117.0,2026435046,0.3,0.0
fig3_community_ve,972.0,0.2,0.3,0,0.0,47,972.0,2026435047,0.3,0.0
fig3_community_ve,967.9999999999999,0.2,0.3,0,0.0,48,967.9999999999999,2026435048,0.3,0.0
fig3_community_ve,1598.0000000000002,0.2,0.3,0,0.0,49,1598.0000000000002,2026435049,0.3,0.0
fig3_community_ve,1606.0000000000002,0.2,0.3,0,0.0,50,1606.0000000000002,2026435050,0.3,0.0
fig3_community_ve,1223.0,0.2,0.3,0,0.0,51,1223.0,2026435051,0.3,0.0
fig3_community_ve,1113.0,0.2,0.3,0,0.0,52,1113.0,2026435052,0.3,0.0
fig3_community_ve,1431.0,0.2,0.3,0,0.0,53,1431.0,2026435053,0.3,0.0
fig3_community_ve,941.0,0.2,0.3,0,0.0,54,941.0,2026435054,0.3,0.0
fig3_community_ve,1107.0,0.2,0.3,0,0.0,55,1107.0,2026435055,0.3,0.0
fig3_community_ve,755.0,0.2,0.3,0,0.0,56,755.0,2026435056,0.3,0.0
fig3_community_ve,1133.0,0.2,0.3,0,0.0,57,1133.0,2026435057,0.3,0.0
fig3_community_ve,1505.0,0.2,0.3,0,0.0,58,1505.0,2026435058,0.3,0.0
fig3_community_ve,1488.0,0.2,0.3,0,0.0,59,1488.0,2026435059,0.3,0.0
fig3_community_ve,827.0,0.2,0.3,0,0.0,60,827.0,2026435060,0.3,0.0
fig3_community_ve,1135.0,0.2,0.3,0,0.0,61,1135.0,2026435061,0.3,0.0
fig3_community_ve,1262.0,0.2,0.3,0,0.0,62,1262.0,2026435062,0.3,0.0
fig3_community_ve,882.9999999999999,0.2,0.3,0,0.0,63,882.9999999999999,2026435063,0.3,0.0
fig3_community_ve,997.9999999999999,0.2,0.3,0,0.0,64,997.9999999999999,2026435064,0.3,0.0
fig3_community_ve,959.0,0.2,0.3,0,0.0,65,959.0,2026435065,0.3,0.0
fig3_community_ve,1117.0,0.2,0.3,0,0.0,66,1117.0,2026435066,0.3,0.0
fig3_community_ve,935.0000000000001,0.2,0.3,0,0.0,67,935.0000000000001,2026435067,0.3,0.0
fig3_community_ve,953.0,0.2,0.3,0,0.0,68,953.0,2026435068,0.3,0.0
fig3_community_ve,1090.0,0.2,0.3,0,0.0,69,1090.0,2026435069,0.3,0.0
fig3_community_ve,1091.0,0.2,0.3,0,0.0,70,1091.0,2026435070,0.3,0.0
fig3_community_ve,1041.0,0.2,0.3,0,0.0,71,1041.0,2026435071,0.3,0.0
fig3_community_ve,924.0,0.2,0.3,0,0.0,72,924.0,2026435072,0.3,0.0
fig3_community_ve,1050.0,0.2,0.3,0,0.0,73,1050.0,2026435073,0.3,0.0
fig3_community_ve,1242.0,0.2,0.3,0,0.0,74,1242.0,2026435074,0.3,0.0
fig3_community_ve,1051.0,0.2,0.3,0,0.0,75,1051.0,2026435075,0.3,0.0
fig3_community_ve,1010.9999999999999,0.2,0.3,0,0.0,76,1010.9999999999999,2026435076,0.3,0.0
fig3_community_ve,732.0,0.2,0.3,0,0.0,77,732.0,2026435077,0.3,0.0
fig3_community_ve,988.0,0.2,0.3,0,0.0,78,988.0,2026435078,0.3,0.0
fig3_community_ve,1249.0,0.2,0.3,0,0.0,79,1249.0,2026435079,0.3,0.0
fig3_community_ve,1206.0,0.2,0.3,0,0.0,80,1206.0,2026435080,0.3,0.0
fig3_community_ve,838.0,0.2,0.3,0,0.0,81,838.0,2026435081,0.3,0.0
fig3_community_ve,1075.0,0.2,0.3,0,0.0,82,1075.0,2026435082,0.3,0.0
fig3_community_ve,1251.0,0.2,0.3,0,0.0,83,1251.0,2026435083,0.3,0.0
fig3_community_ve,1266.0,0.2,0.3,0,0.0,84,1266.0,2026435084,0.3,0.0
fig3_community_ve,1276.0,0.2,0.3,0,0.0,85,1276.0,2026435085,0.3,0.0
fig3_community_ve,1186.0,0.2,0.3,0,0.0,86,1186.0,2026435086,0.3,0.0
fig3_community_ve,1075.0,0.2,0.3,0,0.0,87,1075.0,2026435087,0.3,0.0
fig3_community_ve,812.0,0.2,0.3,0,0.0,88,812.0,2026435088,0.3,0.0
fig3_community_ve,1516.0,0.2,0.3,0,0.0,89,1516.0,2026435089,0.3,0.0
fig3_community_ve,1088.0,0.2,0.3,0,0.0,90,1088.0,2026435090,0.3,0.0
fig3_community_ve,1153.0,0.2,0.3,0,0.0,91,1153.0,2026435091,0.3,0.0
fig3_community_ve,1090.0,0.2,0.3,0,0.0,92,1090.0,2026435092,0.3,0.0
fig3_community_ve,921.0,0.2,0.3,0,0.0,93,921.0,2026435093,0.3,0.0
fig3_community_ve,1044.0,0.2,0.3,0,0.0,94,1044.0,2026435094,0.3,0.0
fig3_community_ve,1280.0,0.2,0.3,0,0.0,95,1280.0,2026435095,0.3,0.0
fig3_community_ve,1371.0,0.2,0.3,0,0.0,96,1371.0,2026435096,0.3,0.0
fig3_community_ve,1163.0,0.2,0.3,0,0.0,97,1163.0,2026435097,0.3,0.0
fig3_community_ve,1234.0,0.2,0.3,0,0.0,98,1234.0,2026435098,0.3,0.0
fig3_community_ve,1013.0,0.2,0.3,0,0.0,99,1013.0,2026435099,0.3,0.0
fig3_community_ve,1348.0,0.2,0.3,0,27.373887240356083,0,979.0,2026436000,0.3,0.15
fig3_community_ve,924.0,0.2,0.3,0,8.441558441558442,1,846.0,2026436001,0.3,0.15
fig3_community_ve,1201.0,0.2,0.3,0,31.973355537052456,2,817.0,2026436002,0.3,0.15
fig3_community_ve,1259.0,0.2,0.3,0,22.875297855440827,3,971.0,2026436003,0.3,0.15
fig3_community_ve,1102.0,0.2,0.3,0,11.61524500907441,4,974.0,2026436004,0.3,0.15
fig3_community_ve,1056.0,0.2,0.3,0,27.84090909090909,5,762.0,2026436005,0.3,0.15
fig3_community_ve,1035.0,0.2,0.3,0,8.405797101449265,6,948.0000000000001,2026436006,0.3,0.15
fig3_community_ve,967.9999999999999,0.2,0.3,0,14.049586776859506,7,831.9999999999999,2026436007,0.3,0.15
fig3_community_ve,1116.0,0.2,0.3,0,24.551971326164875,8,842.0,2026436008,0.3,0.15
fig3_community_ve,1167.0,0.2,0.3,0,31.790916880891174,9,796.0,2026436009,0.3,0.15
fig3_community_ve,1053.0,0.2,0.3,0,21.08262108262108,10,831.0,2026436010,0.3,0.15
fig3_community_ve,885.0,0.2,0.3,0,12.31638418079096,11,776.0,2026436011,0.3,0.15
fig3_community_ve,1236.0,0.2,0.3,0,32.6051779935275,12,833.0000000000001,2026436012,0.3,0.15
fig3_community_ve,1027.0,0.2,0.3,0,10.41869522882181,13,920.0,2026436013,0.3,0.15
fig3_community_ve,988.0,0.2,0.3,0,30.870445344129553,14,683.0,2026436014,0.3,0.15
fig3_community_ve,1049.0,0.2,0.3,0,35.93898951382269,15,672.0,2026436015,0.3,0.15
fig3_community_ve,1760.0,0.2,0.3,0,29.147727272727273,16,1247.0,2026436016,0.3,0.15
fig3_community_ve,884.0000000000001,0.2,0.3,0,16.855203619909513,17,735.0,2026436017,0.3,0.15
fig3_community_ve,897.0,0.2,0.3,0,9.92196209587514,18,808.0,2026436018,0.3,0.15
fig3_community_ve,851.0,0.2,0.3,0,22.444183313748532,19,660.0,2026436019,0.3,0.15
fig3_community_ve,895.0,0.2,0.3,0,24.022346368715084,20,680.0,2026436020,0.3,0.15
fig3_community_ve,1104.0,0.2,0.3,0,41.757246376811594,21,643.0,2026436021,0.3,0.15
fig3_community_ve,1001.0,0.2,0.3,0,3.1968031968031854,22,969.0000000000001,2026436022,0.3,0.15
fig3_community_ve,872.0,0.2,0.3,0,-3.3256880733945087,23,901.0000000000001,2026436023,0.3,0.15
fig3_community_ve,1381.0,0.2,0.3,0,20.99927588703838,24,1091.0,2026436024,0.3,0.15
fig3_community_ve,1282.0,0.2,0.3,0,28.93915756630265,25,911.0,2026436025,0.3,0.15
fig3_community_ve,723.0,0.2,0.3,0,-2.627939142461964,26,742.0,2026436026,0.3,0.15
fig3_community_ve,1081.0,0.2,0.3,0,34.59759481961147,27,707.0,2026436027,0.3,0.15
fig3_community_ve,820.0000000000001,0.2,0.3,0,18.658536585365866,28,667.0,2026436028,0.3,0.15
fig3_community_ve,975.0,0.2,0.3,0,19.794871794871796,29,782.0,2026436029,0.3,0.15
fig3_community_ve,1454.0,0.2,0.3,0,25.997248968363134,30,1076.0,2026436030,0.3,0.15
fig3_community_ve,1188.0,0.2,0.3,0,18.434343434343425,31,969.0000000000001,2026436031,0.3,0.15
fig3_community_ve,1451.0,0.2,0.3,0,18.332184700206753,32,1185.0,2026436032,0.3,0.15
fig3_community_ve,1296.0,0.2,0.3,0,26.234567901234556,33,956.0000000000001,2026436033,0.3,0.15
fig3_community_ve,1164.0,0.2,0.3,0,16.237113402061855,34,975.0,2026436034,0.3,0.15
fig3_community_ve,1654.0,0.2,0.3,0,22.0677146311971,35,1289.0,2026436035,0.3,0.15
fig3_community_ve,1021.0,0.2,0.3,0,14.985308521057787,36,868.0,2026436036,0.3,0.15
fig3_community_ve,1076.0,0.2,0.3,0,27.04460966542752,37,784.9999999999999,2026436037,0.3,0.15
fig3_community_ve,1392.0,0.2,0.3,0,32.255747126436795,38,942.9999999999999,2026436038,0.3,0.15
fig3_community_ve,911.0,0.2,0.3,0,14.270032930845225,39,781.0,2026436039,0.3,0.15
fig3_community_ve,1264.0,0.2,0.3,0,21.598101265822784,40,991.0,2026436040,0.3,0.15
fig3_community_ve,843.0,0.2,0.3,0,12.218268090154211,41,740.0,2026436041,0.3,0.15
fig3_community_ve,1146.0,0.2,0.3,0,24.869109947643977,42,861.0,2026436042,0.3,0.15
fig3_community_ve,1561.0,0.2,0.3,0,29.08392056374119,43,1107.0,2026436043,0.3,0.15
fig3_community_ve,992.0,0.2,0.3,0,28.024193548387096,44,714.0,2026436044,0.3,0.15
fig3_community_ve,1107.0,0.2,0.3,0,-1.2646793134598013,45,1121.0,2026436045,0.3,0.15
fig3_community_ve,1359.0,0.2,0.3,0,18.984547461368653,46,1101.0,2026436046,0.3,0.15
fig3_community_ve,882.0,0.2,0.3,0,-10.090702947845806,47,971.0,2026436047,0.3,0.15
fig3_community_ve,1387.0,0.2,0.3,0,19.971160778658977,48,1110.0,2026436048,0.3,0.15
fig3_community_ve,793.9999999999999,0.2,0.3,0,11.460957178841298,49,703.0,2026436049,0.3,0.15
fig3_community_ve,1212.0,0.2,0.3,0,27.392739273927393,50,880.0,2026436050,0.3,0.15
fig3_community_ve,1114.0,0.2,0.3,0,36.175942549371634,51,711.0,2026436051,0.3,0.15
fig3_community_ve,1077.0,0.2,0.3,0,24.419684308263694,52,814.0,2026436052,0.3,0.15
fig3_community_ve,1300.0,0.2,0.3,0,31.384615384615373,53,892.0000000000001,2026436053,0.3,0.15
fig3_community_ve,936.0,0.2,0.3,0,25.747863247863247,54,695.0,2026436054,0.3,0.15
fig3_community_ve,1049.0,0.2,0.3,0,20.2097235462345,55,837.0000000000001,2026436055,0.3,0.15
fig3_community_ve,1470.0,0.2,0.3,0,11.496598639455783,56,1301.0,2026436056,0.3,0.15
fig3_community_ve,1140.0,0.2,0.3,0,31.31578947368421,57,783.0,2026436057,0.3,0.15
fig3_community_ve,1100.0,0.2,0.3,0,-2.090909090909091,58,1123.0,2026436058,0.3,0.15
fig3_community_ve,1142.0,0.2,0.3,0,37.91593695271454,59,709.0,2026436059,0.3,0.15
fig3_community_ve,993.9999999999999,0.2,0.3,0,24.245472837022124,60,753.0,2026436060,0.3,0.15
fig3_community_ve,1733.0000000000002,0.2,0.3,0,47.547605308713216,61,909.0000000000001,2026436061,0.3,0.15
fig3_community_ve,1216.0,0.2,0.3,0,34.62171052631579,62,795.0,2026436062,0.3,0.15
fig3_community_ve,1143.0,0.2,0.3,0,15.485564304461942,63,966.0,2026436063,0.3,0.15
fig3_community_ve,1286.0,0.2,0.3,0,7.9315707620528775,64,1184.0,2026436064,0.3,0.15
fig3_community_ve,984.9999999999999,0.2,0.3,0,14.111675126903544,65,846.0,2026436065,0.3,0.15
fig3_community_ve,1231.0,0.2,0.3,0,29.731925264012997,66,865.0,2026436066,0.3,0.15
fig3_community_ve,1023.0,0.2,0.3,0,38.70967741935484,67,627.0,2026436067,0.3,0.15
fig3_community_ve,835.0,0.2,0.3,0,10.419161676646707,68,748.0,2026436068,0.3,0.15
fig3_community_ve,861.9999999999999,0.2,0.3,0,19.60556844547563,69,693.0,2026436069,0.3,0.15
fig3_community_ve,1064.0,0.2,0.3,0,17.951127819548873,70,873.0,2026436070,0.3,0.15
fig3_community_ve,869.0,0.2,0.3,0,40.62140391254315,71,516.0,2026436071,0.3,0.15
fig3_community_ve,1194.0,0.2,0.3,0,28.224455611390283,72,857.0,2026436072,0.3,0.15
fig3_community_ve,795.0,0.2,0.3,0,19.371069182389938,73,641.0,2026436073,0.3,0.15
fig3_community_ve,1288.0,0.2,0.3,0,19.099378881987576,74,1042.0,2026436074,0.3,0.15
fig3_community_ve,1080.0,0.2,0.3,0,25.0,75,810.0,2026436075,0.3,0.15
fig3_community_ve,816.0000000000001,0.2,0.3,0,8.578431372549032,76,746.0,2026436076,0.3,0.15
fig3_community_ve,1344.0,0.2,0.3,0,19.270833333333332,77,1085.0,2026436077,0.3,0.15
fig3_community_ve,929.9999999999999,0.2,0.3,0,37.20430107526881,78,584.0,2026436078,0.3,0.15
fig3_community_ve,1670.0,0.2,0.3,0,15.209580838323353,79,1416.0,2026436079,0.3,0.15
fig3_community_ve,1129.0,0.2,0.3,0,35.60673162090345,80,727.0,2026436080,0.3,0.15
fig3_community_ve,1046.0,0.2,0.3,0,8.126195028680689,81,961.0,2026436081,0.3,0.15
fig3_community_ve,1261.0,0.2,0.3,0,24.50436161776367,82,952.0000000000001,2026436082,0.3,0.15
fig3_community_ve,1044.0,0.2,0.3,0,23.46743295019156,83,799.0000000000001,2026436083,0.3,0.15
fig3_community_ve,848.0,0.2,0.3,0,19.45754716981132,84,683.0,2026436084,0.3,0.15
fig3_community_ve,1048.0,0.2,0.3,0,18.416030534351144,85,855.0,2026436085,0.3,0.15
fig3_community_ve,856.0,0.2,0.3,0,6.191588785046716,86,803.0000000000001,2026436086,0.3,0.15
fig3_community_ve,1121.0,0.2,0.3,0,5.530776092774309,87,1059.0,2026436087,0.3,0.15
fig3_community_ve,894.0,0.2,0.3,0,2.460850111856823,88,872.0,2026436088,0.3,0.15
fig3_community_ve,1322.0,0.2,0.3,0,26.853252647503783,89,967.0,2026436089,0.3,0.15
fig3_community_ve,1421.0,0.2,0.3,0,35.53835327234342,90,916.0,2026436090,0.3,0.15
fig3_community_ve,1060.0,0.2,0.3,0,15.377358490566039,91,897.0,2026436091,0.3,0.15
fig3_community_ve,1289.0,0.2,0.3,0,23.661753297129557,92,984.0,2026436092,0.3,0.15
fig3_community_ve,821.0,0.2,0.3,0,40.07308160779537,93,492.0,2026436093,0.3,0.15
fig3_community_ve,1346.0,0.2,0.3,0,21.025260029717682,94,1063.0,2026436094,0.3,0.15
fig3_community_ve,881.0,0.2,0.3,0,29.398410896708285,95,622.0,2026436095,0.3,0.15
fig3_community_ve,1063.0,0.2,0.3,0,14.299153339604892,96,911.0,2026436096,0.3,0.15
fig3_community_ve,973.0000000000001,0.2,0.3,0,25.077081192189116,97,729.0,2026436097,0.3,0.15
fig3_community_ve,1278.0,0.2,0.3,0,13.302034428794991,98,1108.0,2026436098,0.3,0.15
fig3_community_ve,814.0,0.2,0.3,0,28.74692874692875,99,580.0,2026436099,0.3,0.15
fig3_community_ve,1592.0,0.2,0.3,0,39.69849246231157,0,959.9999999999999,2026437000,0.3,0.3
fig3_community_ve,1114.0,0.2,0.3,0,35.90664272890485,1,714.0,2026437001,0.3,0.3
fig3_community_ve,962.0,0.2,0.3,0,27.85862785862786,2,694.0,2026437002,0.3,0.3
fig3_community_ve,788.0,0.2,0.3,0,29.949238578680202,3,552.0,2026437003,0.3,0.3
fig3_community_ve,888.0000000000001,0.2,0.3,0,38.62612612612614,4,545.0,2026437004,0.3,0.3
fig3_community_ve,1050.0,0.2,0.3,0,41.42857142857143,5,615.0,2026437005,0.3,0.3
fig3_community_ve,895.0,0.2,0.3,0,24.24581005586592,6,678.0,2026437006,0.3,0.3
fig3_community_ve,984.9999999999999,0.2,0.3,0,36.24365482233502,7,628.0,2026437007,0.3,0.3
fig3_community_ve,1427.0,0.2,0.3,0,37.14085494043448,8,897.0,2026437008,0.3,0.3
fig3_community_ve,1063.0,0.2,0.3,0,13.452492944496708,9,920.0,2026437009,0.3,0.3
fig3_community_ve,986.0000000000001,0.2,0.3,0,42.59634888438135,10,566.0,2026437010,0.3,0.3
fig3_community_ve,1168.0,0.2,0.3,0,24.486301369863014,11,882.0,2026437011,0.3,0.3
fig3_community_ve,1137.0,0.2,0.3,0,39.22603342128408,12,691.0,2026437012,0.3,0.3
fig3_community_ve,1285.0,0.2,0.3,0,40.93385214007782,13,759.0,2026437013,0.3,0.3
fig3_community_ve,1028.0,0.2,0.3,0,50.583657587548636,14,508.00000000000006,2026437014,0.3,0.3
fig3_community_ve,1031.0,0.2,0.3,0,43.743937924345296,15,580.0,2026437015,0.3,0.3
fig3_community_ve,993.9999999999999,0.2,0.3,0,25.35211267605633,16,742.0,2026437016,0.3,0.3
fig3_community_ve,1149.0,0.2,0.3,0,27.589208006962586,17,831.9999999999999,2026437017,0.3,0.3
fig3_community_ve,1017.0,0.2,0.3,0,19.075712881022614,18,823.0,2026437018,0.3,0.3
fig3_community_ve,877.0,0.2,0.3,0,37.17217787913341,19,551.0,2026437019,0.3,0.3
fig3_community_ve,1273.0,0.2,0.3,0,49.17517674783975,20,647.0,2026437020,0.3,0.3
fig3_community_ve,882.0,0.2,0.3,0,40.816326530612244,21,522.0,2026437021,0.3,0.3
fig3_community_ve,971.0,0.2,0.3,0,12.152420185375913,22,852.9999999999999,2026437022,0.3,0.3
fig3_community_ve,1170.0,0.2,0.3,0,2.9914529914529915,23,1135.0,2026437023,0.3,0.3
fig3_community_ve,1317.0,0.2,0.3,0,30.52391799544419,24,915.0,2026437024,0.3,0.3
fig3_community_ve,1053.0,0.2,0.3,0,18.708452041785375,25,856.0,2026437025,0.3,0.3
fig3_community_ve,1220.0,0.2,0.3,0,35.49180327868852,26,787.0,2026437026,0.3,0.3
fig3_community_ve,1216.0,0.2,0.3,0,37.911184210526315,27,755.0,2026437027,0.3,0.3
fig3_community_ve,1339.0,0.2,0.3,0,38.83495145631069,28,818.9999999999999,2026437028,0.3,0.3
fig3_community_ve,1001.0,0.2,0.3,0,33.366633366633366,29,667.0,2026437029,0.3,0.3
fig3_community_ve,1362.0,0.2,0.3,0,26.358296622613793,30,1003.0000000000001,2026437030,0.3,0.3
fig3_community_ve,1079.0,0.2,0.3,0,30.954587581093605,31,745.0,2026437031,0.3,0.3
fig3_community_ve,1194.0,0.2,0.3,0,47.31993299832496,32,629.0,2026437032,0.3,0.3
fig3_community_ve,1364.0,0.2,0.3,0,24.780058651026394,33,1026.0,2026437033,0.3,0.3
fig3_community_ve,1004.0,0.2,0.3,0,24.60159362549801,34,757.0,2026437034,0.3,0.3
fig3_community_ve,935.0000000000001,0.2,0.3,0,38.181818181818194,35,578.0,2026437035,0.3,0.3
fig3_community_ve,612.0,0.2,0.3,0,21.73202614379085,36,479.0,2026437036,0.3,0.3
fig3_community_ve,1106.0,0.2,0.3,0,13.562386980108489,37,956.0000000000001,2026437037,0.3,0.3
fig3_community_ve,1014.9999999999999,0.2,0.3,0,38.620689655172406,38,623.0,2026437038,0.3,0.3
fig3_community_ve,734.0,0.2,0.3,0,23.841961852861036,39,559.0,2026437039,0.3,0.3
fig3_community_ve,1000.0,0.2,0.3,0,33.2,40,668.0,2026437040,0.3,0.3
fig3_community_ve,1138.0,0.2,0.3,0,32.86467486818981,41,764.0,2026437041,0.3,0.3
fig3_community_ve,1538.0,0.2,0.3,0,46.814044213263976,42,818.0,2026437042,0.3,0.3
fig3_community_ve,984.9999999999999,0.2,0.3,0,27.817258883248723,43,711.0,2026437043,0.3,0.3
fig3_community_ve,1197.0,0.2,0.3,0,28.07017543859649,44,861.0,2026437044,0.3,0.3
fig3_community_ve,983.0,0.2,0.3,0,23.397761953204476,45,753.0,2026437045,0.3,0.3
fig3_community_ve,1296.0,0.2,0.3,0,40.8179012345679,46,767.0,2026437046,0.3,0.3
fig3_community_ve,856.0,0.2,0.3,0,22.07943925233645,47,667.0,2026437047,0.3,0.3
fig3_community_ve,1016.0000000000001,0.2,0.3,0,32.38188976377954,48,687.0,2026437048,0.3,0.3
fig3_community_ve,1044.0,0.2,0.3,0,31.130268199233715,49,719.0,2026437049,0.3,0.3
fig3_community_ve,1425.0,0.2,0.3,0,30.385964912280702,50,992.0,2026437050,0.3,0.3
fig3_community_ve,1222.0,0.2,0.3,0,40.42553191489362,51,728.0,2026437051,0.3,0.3
fig3_community_ve,1198.0,0.2,0.3,0,27.796327212020035,52,865.0,2026437052,0.3,0.3
fig3_community_ve,1261.0,0.2,0.3,0,46.94686756542426,53,669.0,2026437053,0.3,0.3
fig3_community_ve,814.0,0.2,0.3,0,26.28992628992629,54,600.0,2026437054,0.3,0.3
fig3_community_ve,796.0,0.2,0.3,0,20.603015075376884,55,632.0,2026437055,0.3,0.3
fig3_community_ve,1053.0,0.2,0.3,0,30.67426400759734,56,730.0,2026437056,0.3,0.3
fig3_community_ve,571.0,0.2,0.3,0,17.68826619964974,57,470.0,2026437057,0.3,0.3
fig3_community_ve,899.0,0.2,0.3,0,18.576195773081203,58,732.0,2026437058,0.3,0.3
fig3_community_ve,929.9999999999999,0.2,0.3,0,33.2258064516129,59,621.0,2026437059,0.3,0.3
fig3_community_ve,907.0,0.2,0.3,0,33.84785005512679,60,600.0,2026437060,0.3,0.3
fig3_community_ve,1086.0,0.2,0.3,0,31.215469613259668,61,747.0,2026437061,0.3,0.3
fig3_community_ve,1046.0,0.2,0.3,0,22.94455066921606,62,806.0,2026437062,0.3,0.3
fig3_community_ve,1363.0,0.2,0.3,0,33.01540719002202,63,912.9999999999999,2026437063,0.3,0.3
fig3_community_ve,1112.0,0.2,0.3,0,27.24820143884892,64,809.0,2026437064,0.3,0.3
fig3_community_ve,1326.0,0.2,0.3,0,48.49170437405731,65,683.0,2026437065,0.3,0.3
fig3_community_ve,844.9999999999999,0.2,0.3,0,23.90532544378697,66,643.0,2026437066,0.3,0.3
fig3_community_ve,656.0,0.2,0.3,0,10.365853658536585,67,588.0,2026437067,0.3,0.3
fig3_community_ve,1234.0,0.2,0.3,0,27.79578606158833,68,891.0,2026437068,0.3,0.3
fig3_community_ve,1112.0,0.2,0.3,0,52.697841726618705,69,526.0,2026437069,0.3,0.3
fig3_community_ve,1062.0,0.2,0.3,0,31.261770244821093,70,730.0,2026437070,0.3,0.3
fig3_community_ve,861.9999999999999,0.2,0.3,0,41.29930394431553,71,506.0,2026437071,0.3,0.3
fig3_community_ve,1156.0,0.2,0.3,0,33.30449826989619,72,771.0,2026437072,0.3,0.3
fig3_community_ve,1197.0,0.2,0.3,0,34.92063492063492,73,779.0,2026437073,0.3,0.3
fig3_community_ve,1325.0,0.2,0.3,0,35.245283018867916,74,858.0000000000001,2026437074,0.3,0.3
fig3_community_ve,857.0,0.2,0.3,0,41.890315052508754,75,498.0,2026437075,0.3,0.3
fig3_community_ve,936.0,0.2,0.3,0,31.41025641025641,76,642.0,2026437076,0.3,0.3
fig3_community_ve,1487.0,0.2,0.3,0,37.12172158708809,77,935.0000000000001,2026437077,0.3,0.3
fig3_community_ve,1390.0,0.2,0.3,0,34.96402877697843,78,903.9999999999999,2026437078,0.3,0.3
fig3_community_ve,1502.0,0.2,0.3,0,33.88814913448735,79,993.0,2026437079,0.3,0.3
fig3_community_ve,1073.0,0.2,0.3,0,42.311276794035415,80,619.0,2026437080,0.3,0.3
fig3_community_ve,1038.0,0.2,0.3,0,42.870905587668595,81,593.0,2026437081,0.3,0.3
fig3_community_ve,1327.0,0.2,0.3,0,34.740015071590065,82,865.9999999999999,2026437082,0.3,0.3
fig3_community_ve,780.0,0.2,0.3,0,11.538461538461538,83,690.0,2026437083,0.3,0.3
fig3_community_ve,1198.0,0.2,0.3,0,50.41736227045075,84,594.0,2026437084,0.3,0.3
fig3_community_ve,1132.0,0.2,0.3,0,51.41342756183746,85,550.0,2026437085,0.3,0.3
fig3_community_ve,1160.0,0.2,0.3,0,39.05172413793103,86,707.0,2026437086,0.3,0.3
fig3_community_ve,967.9999999999999,0.2,0.3,0,36.05371900826445,87,619.0,2026437087,0.3,0.3
fig3_community_ve,640.0,0.2,0.3,0,8.28125,88,587.0,2026437088,0.3,0.3
fig3_community_ve,1227.0,0.2,0.3,0,38.141809290953546,89,759.0,2026437089,0.3,0.3
fig3_community_ve,1076.0,0.2,0.3,0,33.55018587360595,90,715.0,2026437090,0.3,0.3
fig3_community_ve,1595.9999999999998,0.2,0.3,0,53.69674185463658,91,739.0,2026437091,0.3,0.3
fig3_community_ve,1389.0,0.2,0.3,0,30.885529157667396,92,959.9999999999999,2026437092,0.3,0.3
fig3_community_ve,1295.0,0.2,0.3,0,46.40926640926641,93,694.0,2026437093,0.3,0.3
fig3_community_ve,1294.0,0.2,0.3,0,35.47140649149923,94,835.0,2026437094,0.3,0.3
fig3_community_ve,1103.0,0.2,0.3,0,34.08884859474161,95,727.0,2026437095,0.3,0.3
fig3_community_ve,919.0,0.2,0.3,0,32.3177366702938,96,622.0,2026437096,0.3,0.3
fig3_community_ve,1072.0,0.2,0.3,0,20.80223880597016,97,848.9999999999999,2026437097,0.3,0.3
fig3_community_ve,1142.0,0.2,0.3,0,39.754816112084065,98,688.0,2026437098,0.3,0.3
fig3_community_ve,1081.0,0.2,0.3,0,39.5004625346901,99,654.0,2026437099,0.3,0.3
fig3_community_ve,860.0,0.2,0.3,0,59.883720930232556,0,345.0,2026438000,0.3,0.44999999999999996
fig3_community_ve,839.0,0.2,0.3,0,33.49225268176401,1,558.0,2026438001,0.3,0.44999999999999996
fig3_community_ve,1089.0,0.2,0.3,0,36.08815426997245,2,696.0,2026438002,0.3,0.44999999999999996
fig3_community_ve,1306.0,0.2,0.3,0,46.17151607963247,3,703.0,2026438003,0.3,0.44999999999999996
fig3_community_ve,1247.0,0.2,0.3,0,31.27506014434643,4,857.0,2026438004,0.3,0.44999999999999996
fig3_community_ve,1302.0,0.2,0.3,0,45.85253456221198,5,705.0,2026438005,0.3,0.44999999999999996
fig3_community_ve,1156.0,0.2,0.3,0,55.88235294117647,6,510.00000000000006,2026438006,0.3,0.44999999999999996
fig3_community_ve,1318.0,0.2,0.3,0,62.44309559939302,7,495.00000000000006,2026438007,0.3,0.44999999999999996
fig3_community_ve,1062.0,0.2,0.3,0,48.87005649717514,8,543.0,2026438008,0.3,0.44999999999999996
fig3_community_ve,1057.0,0.2,0.3,0,48.15515610217597,9,548.0,2026438009,0.3,0.44999999999999996
fig3_community_ve,1166.0,0.2,0.3,0,52.74442538593482,10,551.0,2026438010,0.3,0.44999999999999996
fig3_community_ve,1175.0,0.2,0.3,0,43.91489361702128,11,659.0,2026438011,0.3,0.44999999999999996
fig3_community_ve,1286.0,0.2,0.3,0,53.73250388802489,12,595.0,2026438012,0.3,0.44999999999999996
fig3_community_ve,1205.0,0.2,0.3,0,41.74273858921162,13,702.0,2026438013,0.3,0.44999999999999996
fig3_community_ve,901.0000000000001,0.2,0.3,0,27.192008879023316,14,656.0,2026438014,0.3,0.44999999999999996
fig3_community_ve,1045.0,0.2,0.3,0,38.4688995215311,15,643.0,2026438015,0.3,0.44999999999999996
fig3_community_ve,976.0,0.2,0.3,0,37.192622950819676,16,613.0,2026438016,0.3,0.44999999999999996
fig3_community_ve,891.0,0.2,0.3,0,24.803591470258137,17,670.0,2026438017,0.3,0.44999999999999996
fig3_community_ve,1141.0,0.2,0.3,0,10.429447852760736,18,1022.0,2026438018,0.3,0.44999999999999996
fig3_community_ve,1248.0,0.2,0.3,0,56.49038461538461,19,543.0,2026438019,0.3,0.44999999999999996
fig3_community_ve,1336.0,0.2,0.3,0,47.67964071856287,20,699.0,2026438020,0.3,0.44999999999999996
fig3_community_ve,1142.0,0.2,0.3,0,61.03327495621716,21,445.0,2026438021,0.3,0.44999999999999996
fig3_community_ve,1393.0,0.2,0.3,0,36.03732950466619,22,891.0,2026438022,0.3,0.44999999999999996
fig3_community_ve,1174.0,0.2,0.3,0,40.11925042589438,23,703.0,2026438023,0.3,0.44999999999999996
fig3_community_ve,1051.0,0.2,0.3,0,48.9058039961941,24,537.0,2026438024,0.3,0.44999999999999996
fig3_community_ve,1257.0,0.2,0.3,0,41.20922832140016,25,739.0,2026438025,0.3,0.44999999999999996
fig3_community_ve,745.0,0.2,0.3,0,36.10738255033556,26,476.00000000000006,2026438026,0.3,0.44999999999999996
fig3_community_ve,1067.0,0.2,0.3,0,56.13870665417057,27,468.0,2026438027,0.3,0.44999999999999996
fig3_community_ve,1168.0,0.2,0.3,0,49.40068493150685,28,591.0,2026438028,0.3,0.44999999999999996
fig3_community_ve,878.9999999999999,0.2,0.3,0,30.3754266211604,29,612.0,2026438029,0.3,0.44999999999999996
fig3_community_ve,1263.0,0.2,0.3,0,49.8812351543943,30,633.0,2026438030,0.3,0.44999999999999996
fig3_community_ve,1252.0,0.2,0.3,0,31.150159744408956,31,861.9999999999999,2026438031,0.3,0.44999999999999996
fig3_community_ve,1075.0,0.2,0.3,0,49.395348837209305,32,544.0,2026438032,0.3,0.44999999999999996
fig3_community_ve,1209.0,0.2,0.3,0,52.52274607113317,33,574.0,2026438033,0.3,0.44999999999999996
fig3_community_ve,748.0,0.2,0.3,0,35.026737967914436,34,486.0,2026438034,0.3,0.44999999999999996
fig3_community_ve,908.0,0.2,0.3,0,36.013215859030836,35,581.0,2026438035,0.3,0.44999999999999996
fig3_community_ve,1170.0,0.2,0.3,0,39.743589743589745,36,705.0,2026438036,0.3,0.44999999999999996
fig3_community_ve,1279.0,0.2,0.3,0,43.78420641125879,37,719.0,2026438037,0.3,0.44999999999999996
fig3_community_ve,1119.0,0.2,0.3,0,31.814119749776587,38,763.0,2026438038,0.3,0.44999999999999996
fig3_community_ve,738.0,0.2,0.3,0,32.92682926829267,39,495.00000000000006,2026438039,0.3,0.44999999999999996
fig3_community_ve,916.0,0.2,0.3,0,45.08733624454148,40,503.0,2026438040,0.3,0.44999999999999996
fig3_community_ve,1113.0,0.2,0.3,0,39.80233602875112,41,670.0,2026438041,0.3,0.44999999999999996
fig3_community_ve,902.0,0.2,0.3,0,41.46341463414634,42,528.0,2026438042,0.3,0.44999999999999996
fig3_community_ve,1060.0,0.2,0.3,0,46.0377358490566,43,572.0,2026438043,0.3,0.44999999999999996
fig3_community_ve,983.0,0.2,0.3,0,50.457782299084435,44,487.0,2026438044,0.3,0.44999999999999996
fig3_community_ve,1128.0,0.2,0.3,0,46.808510638297875,45,600.0,2026438045,0.3,0.44999999999999996
fig3_community_ve,1186.0,0.2,0.3,0,55.48060708263069,46,528.0,2026438046,0.3,0.44999999999999996
fig3_community_ve,1512.0,0.2,0.3,0,56.216931216931215,47,662.0,2026438047,0.3,0.44999999999999996
fig3_community_ve,961.0,0.2,0.3,0,39.95837669094693,48,577.0,2026438048,0.3,0.44999999999999996
fig3_community_ve,852.0,0.2,0.3,0,29.929577464788732,49,597.0,2026438049,0.3,0.44999999999999996
fig3_community_ve,1061.0,0.2,0.3,0,53.817153628652214,50,490.0,2026438050,0.3,0.44999999999999996
fig3_community_ve,783.0,0.2,0.3,0,51.97956577266922,51,376.0,2026438051,0.3,0.44999999999999996
fig3_community_ve,1238.0,0.2,0.3,0,60.4200323101777,52,490.0,2026438052,0.3,0.44999999999999996
fig3_community_ve,993.0,0.2,0.3,0,50.25176233635448,53,494.0,2026438053,0.3,0.44999999999999996
fig3_community_ve,1041.0,0.2,0.3,0,40.249759846301636,54,622.0,2026438054,0.3,0.44999999999999996
fig3_community_ve,950.0,0.2,0.3,0,39.89473684210526,55,571.0,2026438055,0.3,0.44999999999999996
fig3_community_ve,1344.0,0.2,0.3,0,47.24702380952381,56,709.0,2026438056,0.3,0.44999999999999996
fig3_community_ve,961.0,0.2,0.3,0,40.68678459937565,57,570.0,2026438057,0.3,0.44999999999999996
fig3_community_ve,1177.0,0.2,0.3,0,40.27187765505523,58,703.0,2026438058,0.3,0.44999999999999996
fig3_community_ve,1369.0,0.2,0.3,0,53.5427319211103,59,636.0,2026438059,0.3,0.44999999999999996
fig3_community_ve,1095.0,0.2,0.3,0,27.671232876712327,60,792.0,2026438060,0.3,0.44999999999999996
fig3_community_ve,1428.0,0.2,0.3,0,46.148459383753504,61,769.0,2026438061,0.3,0.44999999999999996
fig3_community_ve,1149.0,0.2,0.3,0,44.12532637075718,62,642.0,2026438062,0.3,0.44999999999999996
fig3_community_ve,1038.0,0.2,0.3,0,44.797687861271676,63,573.0,2026438063,0.3,0.44999999999999996
fig3_community_ve,774.0,0.2,0.3,0,31.3953488372093,64,531.0,2026438064,0.3,0.44999999999999996
fig3_community_ve,1328.0,0.2,0.3,0,40.36144578313253,65,792.0,2026438065,0.3,0.44999999999999996
fig3_community_ve,1319.0,0.2,0.3,0,37.45261561789234,66,825.0,2026438066,0.3,0.44999999999999996
fig3_community_ve,1260.0,0.2,0.3,0,49.6031746031746,67,635.0,2026438067,0.3,0.44999999999999996
fig3_community_ve,1101.0,0.2,0.3,0,44.50499545867393,68,611.0,2026438068,0.3,0.44999999999999996
fig3_community_ve,1239.0,0.2,0.3,0,61.904761904761905,69,472.0,2026438069,0.3,0.44999999999999996
fig3_community_ve,989.0,0.2,0.3,0,55.106167846309404,70,444.00000000000006,2026438070,0.3,0.44999999999999996
fig3_community_ve,1071.0,0.2,0.3,0,34.92063492063492,71,697.0,2026438071,0.3,0.44999999999999996
fig3_community_ve,923.0,0.2,0.3,0,29.14409534127844,72,654.0,2026438072,0.3,0.44999999999999996
fig3_community_ve,1369.0,0.2,0.3,0,51.351351351351354,73,666.0,2026438073,0.3,0.44999999999999996
fig3_community_ve,1454.0,0.2,0.3,0,51.031636863823934,74,712.0,2026438074,0.3,0.44999999999999996
fig3_community_ve,1138.0,0.2,0.3,0,35.06151142355009,75,739.0,2026438075,0.3,0.44999999999999996
fig3_community_ve,933.9999999999999,0.2,0.3,0,44.539614561027825,76,518.0,2026438076,0.3,0.44999999999999996
fig3_community_ve,992.0,0.2,0.3,0,32.76209677419355,77,667.0,2026438077,0.3,0.44999999999999996
fig3_community_ve,1102.0,0.2,0.3,0,50.544464609800364,78,545.0,2026438078,0.3,0.44999999999999996
fig3_community_ve,885.0,0.2,0.3,0,36.045197740113,79,566.0,2026438079,0.3,0.44999999999999996
fig3_community_ve,1178.0,0.2,0.3,0,48.217317487266556,80,610.0,2026438080,0.3,0.44999999999999996
fig3_community_ve,1088.0,0.2,0.3,0,48.62132352941177,81,559.0,2026438081,0.3,0.44999999999999996
fig3_community_ve,1168.0,0.2,0.3,0,44.178082191780824,82,652.0,2026438082,0.3,0.44999999999999996
fig3_community_ve,1337.0,0.2,0.3,0,38.29468960359013,83,825.0,2026438083,0.3,0.44999999999999996
fig3_community_ve,1637.0,0.2,0.3,0,42.15027489309714,84,946.9999999999999,2026438084,0.3,0.44999999999999996
fig3_community_ve,777.0,0.2,0.3,0,38.48133848133847,85,478.00000000000006,2026438085,0.3,0.44999999999999996
fig3_community_ve,1405.0,0.2,0.3,0,53.380782918149464,86,655.0,2026438086,0.3,0.44999999999999996
fig3_community_ve,983.0,0.2,0.3,0,42.624618514750765,87,564.0,2026438087,0.3,0.44999999999999996
fig3_community_ve,735.0,0.2,0.3,0,34.14965986394559,88,483.99999999999994,2026438088,0.3,0.44999999999999996
fig3_community_ve,993.0,0.2,0.3,0,27.69385699899295,89,718.0,2026438089,0.3,0.44999999999999996
fig3_community_ve,1157.0,0.2,0.3,0,27.744165946413148,90,835.9999999999999,2026438090,0.3,0.44999999999999996
fig3_community_ve,915.0,0.2,0.3,0,26.338797814207652,91,674.0,2026438091,0.3,0.44999999999999996
fig3_community_ve,1200.0,0.2,0.3,0,56.333333333333336,92,524.0,2026438092,0.3,0.44999999999999996
fig3_community_ve,909.0000000000001,0.2,0.3,0,43.234323432343245,93,516.0,2026438093,0.3,0.44999999999999996
fig3_community_ve,1032.0,0.2,0.3,0,40.98837209302326,94,609.0,2026438094,0.3,0.44999999999999996
fig3_community_ve,1130.0,0.2,0.3,0,45.575221238938056,95,615.0,2026438095,0.3,0.44999999999999996
fig3_community_ve,1005.0,0.2,0.3,0,44.37810945273632,96,559.0,2026438096,0.3,0.44999999999999996
fig3_community_ve,1601.0,0.2,0.3,0,44.47220487195503,97,889.0,2026438097,0.3,0.44999999999999996
fig3_community_ve,1208.0,0.2,0.3,0,37.74834437086093,98,752.0,2026438098,0.3,0.44999999999999996
fig3_community_ve,1141.0,0.2,0.3,0,35.845749342681856,99,732.0,2026438099,0.3,0.44999999999999996
fig3_community_ve,950.0,0.2,0.3,0,56.73684210526316,0,411.0,2026439000,0.3,0.6
fig3_community_ve,865.0,0.2,0.3,0,50.982658959537574,1,424.0,2026439001,0.3,0.6
fig3_community_ve,912.0,0.2,0.3,0,56.79824561403509,2,394.0,2026439002,0.3,0.6
fig3_community_ve,1022.0,0.2,0.3,0,41.585127201565555,3,597.0,2026439003,0.3,0.6
fig3_community_ve,644.0,0.2,0.3,0,43.94409937888199,4,361.0,2026439004,0.3,0.6
fig3_community_ve,1479.0,0.2,0.3,0,49.5605138607167,5,746.0,2026439005,0.3,0.6
fig3_community_ve,1009.0,0.2,0.3,0,59.56392467789891,6,408.00000000000006,2026439006,0.3,0.6
fig3_community_ve,1172.0,0.2,0.3,0,51.10921501706485,7,573.0,2026439007,0.3,0.6
fig3_community_ve,1415.0,0.2,0.3,0,59.2226148409894,8,577.0,2026439008,0.3,0.6
fig3_community_ve,884.0000000000001,0.2,0.3,0,50.0,9,442.00000000000006,2026439009,0.3,0.6
fig3_community_ve,1082.0,0.2,0.3,0,57.208872458410355,10,462.99999999999994,2026439010,0.3,0.6
fig3_community_ve,1325.0,0.2,0.3,0,49.509433962264154,11,669.0,2026439011,0.3,0.6
fig3_community_ve,989.0,0.2,0.3,0,46.91607684529828,12,525.0,2026439012,0.3,0.6
fig3_community_ve,1267.0,0.2,0.3,0,62.194159431728494,13,479.0,2026439013,0.3,0.6
fig3_community_ve,1451.0,0.2,0.3,0,52.17091660923501,14,694.0,2026439014,0.3,0.6
fig3_community_ve,1426.0,0.2,0.3,0,38.288920056100984,15,880.0,2026439015,0.3,0.6
fig3_community_ve,988.0,0.2,0.3,0,45.74898785425101,16,536.0,2026439016,0.3,0.6
fig3_community_ve,831.9999999999999,0.2,0.3,0,39.78365384615384,17,500.99999999999994,2026439017,0.3,0.6
fig3_community_ve,1049.0,0.2,0.3,0,60.53384175405148,18,413.99999999999994,2026439018,0.3,0.6
fig3_community_ve,771.0,0.2,0.3,0,43.7094682230869,19,434.0,2026439019,0.3,0.6
fig3_community_ve,1069.0,0.2,0.3,0,52.38540692235734,20,509.0,2026439020,0.3,0.6
fig3_community_ve,1367.0,0.2,0.3,0,40.96561814191659,21,807.0000000000001,2026439021,0.3,0.6
fig3_community_ve,1194.0,0.2,0.3,0,54.94137353433836,22,538.0,2026439022,0.3,0.6
fig3_community_ve,1477.0,0.2,0.3,0,55.179417738659446,23,662.0,2026439023,0.3,0.6
fig3_community_ve,1058.0,0.2,0.3,0,43.85633270321361,24,594.0,2026439024,0.3,0.6
fig3_community_ve,752.0,0.2,0.3,0,41.090425531914896,25,443.0,2026439025,0.3,0.6
fig3_community_ve,1006.0,0.2,0.3,0,48.111332007952285,26,522.0,2026439026,0.3,0.6
fig3_community_ve,954.0,0.2,0.3,0,50.62893081761006,27,471.0,2026439027,0.3,0.6
fig3_community_ve,1042.0,0.2,0.3,0,49.32821497120921,28,528.0,2026439028,0.3,0.6
fig3_community_ve,1430.0,0.2,0.3,0,42.7972027972028,29,818.0,2026439029,0.3,0.6
fig3_community_ve,890.0,0.2,0.3,0,43.707865168539335,30,500.99999999999994,2026439030,0.3,0.6
fig3_community_ve,889.0,0.2,0.3,0,44.76940382452192,31,491.00000000000006,2026439031,0.3,0.6
fig3_community_ve,1130.0,0.2,0.3,0,44.07079646017699,32,632.0,2026439032,0.3,0.6
fig3_community_ve,765.0,0.2,0.3,0,38.69281045751634,33,469.0,2026439033,0.3,0.6
fig3_community_ve,1240.0,0.2,0.3,0,55.16129032258065,34,556.0,2026439034,0.3,0.6
fig3_community_ve,1208.0,0.2,0.3,0,40.06622516556291,35,724.0,2026439035,0.3,0.6
fig3_community_ve,1210.0,0.2,0.3,0,52.31404958677686,36,577.0,2026439036,0.3,0.6
fig3_community_ve,988.0,0.2,0.3,0,42.71255060728745,37,566.0,2026439037,0.3,0.6
fig3_community_ve,1551.0,0.2,0.3,0,53.57833655705996,38,720.0,2026439038,0.3,0.6
fig3_community_ve,1119.0,0.2,0.3,0,36.103663985701516,39,715.0,2026439039,0.3,0.6
fig3_community_ve,1012.0,0.2,0.3,0,71.83794466403162,40,285.0,2026439040,0.3,0.6
fig3_community_ve,1353.0,0.2,0.3,0,49.81522542498152,41,679.0,2026439041,0.3,0.6
fig3_community_ve,1363.0,0.2,0.3,0,47.762289068231844,42,712.0,2026439042,0.3,0.6
fig3_community_ve,1536.0,0.2,0.3,0,61.328125,43,594.0,2026439043,0.3,0.6
fig3_community_ve,996.0,0.2,0.3,0,41.16465863453815,44,586.0,2026439044,0.3,0.6
fig3_community_ve,980.0,0.2,0.3,0,50.30612244897959,45,487.0,2026439045,0.3,0.6
fig3_community_ve,1094.0,0.2,0.3,0,50.0,46,547.0,2026439046,0.3,0.6
fig3_community_ve,804.0,0.2,0.3,0,39.92537313432836,47,483.0,2026439047,0.3,0.6
fig3_community_ve,1189.0,0.2,0.3,0,46.59377628259041,48,635.0,2026439048,0.3,0.6
fig3_community_ve,1336.0,0.2,0.3,0,53.368263473053894,49,623.0,2026439049,0.3,0.6
fig3_community_ve,1349.0,0.2,0.3,0,57.89473684210526,50,568.0,2026439050,0.3,0.6
fig3_community_ve,1176.0,0.2,0.3,0,48.12925170068027,51,610.0,2026439051,0.3,0.6
fig3_community_ve,1106.0,0.2,0.3,0,46.20253164556962,52,595.0,2026439052,0.3,0.6
fig3_community_ve,1219.0,0.2,0.3,0,36.833470057424115,53,770.0,2026439053,0.3,0.6
fig3_community_ve,1383.0,0.2,0.3,0,51.409978308026034,54,672.0,2026439054,0.3,0.6
fig3_community_ve,1494.0,0.2,0.3,0,44.24364123159303,55,833.0000000000001,2026439055,0.3,0.6
fig3_community_ve,1197.0,0.2,0.3,0,48.705096073517126,56,614.0,2026439056,0.3,0.6
fig3_community_ve,941.0,0.2,0.3,0,46.439957492029755,57,504.0,2026439057,0.3,0.6
fig3_community_ve,1134.0,0.2,0.3,0,41.358024691358025,58,665.0,2026439058,0.3,0.6
fig3_community_ve,790.0000000000001,0.2,0.3,0,50.0,59,395.00000000000006,2026439059,0.3,0.6
fig3_community_ve,770.0,0.2,0.3,0,44.02597402597404,60,430.99999999999994,2026439060,0.3,0.6
fig3_community_ve,942.9999999999999,0.2,0.3,0,63.20254506892894,61,347.0,2026439061,0.3,0.6
fig3_community_ve,1009.0,0.2,0.3,0,58.37462834489594,62,420.0,2026439062,0.3,0.6
fig3_community_ve,1136.0,0.2,0.3,0,43.92605633802817,63,637.0,2026439063,0.3,0.6
fig3_community_ve,932.0,0.2,0.3,0,41.09442060085837,64,549.0,2026439064,0.3,0.6
fig3_community_ve,793.9999999999999,0.2,0.3,0,54.03022670025188,65,365.0,2026439065,0.3,0.6
fig3_community_ve,1360.0,0.2,0.3,0,53.6764705882353,66,630.0,2026439066,0.3,0.6
fig3_community_ve,1175.0,0.2,0.3,0,49.02127659574468,67,599.0,2026439067,0.3,0.6
fig3_community_ve,973.0000000000001,0.2,0.3,0,39.26002055498459,68,591.0,2026439068,0.3,0.6
fig3_community_ve,1014.0,0.2,0.3,0,60.05917159763314,69,405.0,2026439069,0.3,0.6
fig3_community_ve,842.0,0.2,0.3,0,37.173396674584325,70,529.0,2026439070,0.3,0.6
fig3_community_ve,1115.0,0.2,0.3,0,52.6457399103139,71,528.0,2026439071,0.3,0.6
fig3_community_ve,1747.0,0.2,0.3,0,57.52718946765884,72,742.0,2026439072,0.3,0.6
fig3_community_ve,1079.0,0.2,0.3,0,40.963855421686745,73,637.0,2026439073,0.3,0.6
fig3_community_ve,937.0,0.2,0.3,0,36.392742796157954,74,596.0,2026439074,0.3,0.6
fig3_community_ve,824.0000000000001,0.2,0.3,0,46.60194174757282,75,440.0,2026439075,0.3,0.6
fig3_community_ve,927.0,0.2,0.3,0,40.34519956850054,76,553.0,2026439076,0.3,0.6
fig3_community_ve,1143.0,0.2,0.3,0,55.730533683289586,77,506.0,2026439077,0.3,0.6
fig3_community_ve,1086.0,0.2,0.3,0,60.31307550644567,78,430.99999999999994,2026439078,0.3,0.6
fig3_community_ve,1185.0,0.2,0.3,0,49.620253164556964,79,597.0,2026439079,0.3,0.6
fig3_community_ve,1249.0,0.2,0.3,0,64.13130504403523,80,447.99999999999994,2026439080,0.3,0.6
fig3_community_ve,897.0,0.2,0.3,0,39.130434782608695,81,546.0,2026439081,0.3,0.6
fig3_community_ve,1529.0,0.2,0.3,0,55.461085676913015,82,681.0,2026439082,0.3,0.6
fig3_community_ve,1615.0000000000002,0.2,0.3,0,53.74613003095976,83,747.0,2026439083,0.3,0.6
fig3_community_ve,1168.0,0.2,0.3,0,50.85616438356164,84,574.0,2026439084,0.3,0.6
fig3_community_ve,1046.0,0.2,0.3,0,55.54493307839388,85,464.99999999999994,2026439085,0.3,0.6
fig3_community_ve,1344.0,0.2,0.3,0,52.529761904761905,86,638.0,2026439086,0.3,0.6
fig3_community_ve,1398.0,0.2,0.3,0,55.07868383404864,87,628.0,2026439087,0.3,0.6
fig3_community_ve,881.0,0.2,0.3,0,64.472190692395,88,313.0,2026439088,0.3,0.6
fig3_community_ve,965.0000000000001,0.2,0.3,0,50.67357512953368,89,476.00000000000006,2026439089,0.3,0.6
fig3_community_ve,733.0,0.2,0.3,0,40.92769440654844,90,432.99999999999994,2026439090,0.3,0.6
fig3_community_ve,940.0,0.2,0.3,0,45.53191489361702,91,512.0,2026439091,0.3,0.6
fig3_community_ve,988.0,0.2,0.3,0,36.336032388663966,92,629.0,2026439092,0.3,0.6
fig3_community_ve,1223.0,0.2,0.3,0,46.443172526573996,93,655.0,2026439093,0.3,0.6
fig3_community_ve,1123.0,0.2,0.3,0,53.25022261798753,94,525.0,2026439094,0.3,0.6
fig3_community_ve,840.0,0.2,0.3,0,44.88095238095239,95,462.99999999999994,2026439095,0.3,0.6
fig3_community_ve,1048.0,0.2,0.3,0,57.91984732824427,96,441.0,2026439096,0.3,0.6
fig3_community_ve,1214.0,0.2,0.3,0,48.43492586490939,97,626.0,2026439097,0.3,0.6
fig3_community_ve,1328.0,0.2,0.3,0,52.484939759036145,98,631.0,2026439098,0.3,0.6
fig3_community_ve,1014.9999999999999,0.2,0.3,0,47.88177339901477,99,529.0,2026439099,0.3,0.6
fig3_community_ve,1000.0,0.2,0.3,0,62.3,0,377.0,2026441000,0.3,0.9
fig3_community_ve,1542.0,0.2,0.3,0,58.041504539559014,1,647.0,2026441001,0.3,0.9
fig3_community_ve,1129.0,0.2,0.3,0,59.96457041629761,2,451.99999999999994,2026441002,0.3,0.9
fig3_community_ve,920.0,0.2,0.3,0,56.52173913043478,3,400.0,2026441003,0.3,0.9
fig3_community_ve,946.9999999999999,0.2,0.3,0,41.921858500527975,4,550.0,2026441004,0.3,0.9
fig3_community_ve,929.0,0.2,0.3,0,64.47793326157158,5,330.0,2026441005,0.3,0.9
fig3_community_ve,1303.0,0.2,0.3,0,58.25019186492709,6,544.0,2026441006,0.3,0.9
fig3_community_ve,1173.0,0.2,0.3,0,54.73145780051151,7,531.0,2026441007,0.3,0.9
fig3_community_ve,1756.9999999999998,0.2,0.3,0,60.10244735344336,8,701.0,2026441008,0.3,0.9
fig3_community_ve,1356.0,0.2,0.3,0,62.094395280235986,9,514.0,2026441009,0.3,0.9
fig3_community_ve,936.0,0.2,0.3,0,53.31196581196581,10,437.0,2026441010,0.3,0.9
fig3_community_ve,999.0000000000001,0.2,0.3,0,52.55255255255255,11,474.00000000000006,2026441011,0.3,0.9
fig3_community_ve,1272.0,0.2,0.3,0,54.874213836477985,12,574.0,2026441012,0.3,0.9
fig3_community_ve,1044.0,0.2,0.3,0,52.298850574712645,13,498.0,2026441013,0.3,0.9
fig3_community_ve,1121.0,0.2,0.3,0,58.51917930419268,14,464.99999999999994,2026441014,0.3,0.9
fig3_community_ve,953.0,0.2,0.3,0,56.76810073452256,15,412.00000000000006,2026441015,0.3,0.9
fig3_community_ve,1014.9999999999999,0.2,0.3,0,57.142857142857146,16,434.99999999999994,2026441016,0.3,0.9
fig3_community_ve,1250.0,0.2,0.3,0,52.96,17,588.0,2026441017,0.3,0.9
fig3_community_ve,1087.0,0.2,0.3,0,56.3017479300828,18,475.0,2026441018,0.3,0.9
fig3_community_ve,1051.0,0.2,0.3,0,58.230256898192195,19,439.0,2026441019,0.3,0.9
fig3_community_ve,1338.0,0.2,0.3,0,63.67713004484305,20,486.0,2026441020,0.3,0.9
fig3_community_ve,1108.0,0.2,0.3,0,50.45126353790614,21,549.0,2026441021,0.3,0.9
fig3_community_ve,768.0,0.2,0.3,0,55.338541666666664,22,343.0,2026441022,0.3,0.9
fig3_community_ve,1587.9999999999998,0.2,0.3,0,62.3425692695214,23,598.0,2026441023,0.3,0.9
fig3_community_ve,774.0,0.2,0.3,0,43.54005167958656,24,437.0,2026441024,0.3,0.9
fig3_community_ve,1268.0,0.2,0.3,0,63.722397476340696,25,460.0,2026441025,0.3,0.9
fig3_community_ve,1481.0,0.2,0.3,0,53.88251181634031,26,683.0,2026441026,0.3,0.9
fig3_community_ve,714.0,0.2,0.3,0,45.79831932773109,27,387.0,2026441027,0.3,0.9
fig3_community_ve,1074.0,0.2,0.3,0,57.4487895716946,28,457.0,2026441028,0.3,0.9
fig3_community_ve,1454.0,0.2,0.3,0,58.11554332874828,29,609.0,2026441029,0.3,0.9
fig3_community_ve,747.0,0.2,0.3,0,46.18473895582329,30,402.0,2026441030,0.3,0.9
fig3_community_ve,980.0,0.2,0.3,0,64.08163265306122,31,352.0,2026441031,0.3,0.9
fig3_community_ve,992.0,0.2,0.3,0,59.375,32,403.0,2026441032,0.3,0.9
fig3_community_ve,965.0000000000001,0.2,0.3,0,47.668393782383426,33,505.0,2026441033,0.3,0.9
fig3_community_ve,952.0000000000001,0.2,0.3,0,34.76890756302522,34,621.0,2026441034,0.3,0.9
fig3_community_ve,949.0,0.2,0.3,0,60.273972602739725,35,377.0,2026441035,0.3,0.9
fig3_community_ve,1315.0,0.2,0.3,0,58.09885931558935,36,551.0,2026441036,0.3,0.9
fig3_community_ve,1171.0,0.2,0.3,0,61.74210076857387,37,447.99999999999994,2026441037,0.3,0.9
fig3_community_ve,1243.0,0.2,0.3,0,51.56878519710378,38,602.0,2026441038,0.3,0.9
fig3_community_ve,911.0,0.2,0.3,0,39.73655323819978,39,549.0,2026441039,0.3,0.9
fig3_community_ve,1131.0,0.2,0.3,0,50.04420866489832,40,565.0,2026441040,0.3,0.9
fig3_community_ve,1360.0,0.2,0.3,0,66.17647058823529,41,460.0,2026441041,0.3,0.9
fig3_community_ve,958.0,0.2,0.3,0,60.96033402922756,42,374.0,2026441042,0.3,0.9
fig3_community_ve,1028.0,0.2,0.3,0,59.04669260700389,43,421.0,2026441043,0.3,0.9
fig3_community_ve,773.0,0.2,0.3,0,58.214747736093145,44,323.0,2026441044,0.3,0.9
fig3_community_ve,993.0,0.2,0.3,0,55.68982880161128,45,440.0,2026441045,0.3,0.9
fig3_community_ve,1256.0,0.2,0.3,0,59.23566878980892,46,512.0,2026441046,0.3,0.9
fig3_community_ve,873.0,0.2,0.3,0,44.5589919816724,47,483.99999999999994,2026441047,0.3,0.9
fig3_community_ve,1606.0000000000002,0.2,0.3,0,54.79452054794522,48,726.0,2026441048,0.3,0.9
fig3_community_ve,935.0000000000001,0.2,0.3,0,59.89304812834225,49,375.0,2026441049,0.3,0.9
fig3_community_ve,1045.0,0.2,0.3,0,64.01913875598086,50,376.0,2026441050,0.3,0.9
fig3_community_ve,1597.0000000000002,0.2,0.3,0,59.98747651847214,51,639.0,2026441051,0.3,0.9
fig3_community_ve,1209.0,0.2,0.3,0,69.72704714640199,52,366.0,2026441052,0.3,0.9
fig3_community_ve,1199.0,0.2,0.3,0,56.7139282735613,53,519.0,2026441053,0.3,0.9
fig3_community_ve,780.0,0.2,0.3,0,46.41025641025642,54,417.99999999999994,2026441054,0.3,0.9
fig3_community_ve,1050.0,0.2,0.3,0,54.095238095238095,55,481.99999999999994,2026441055,0.3,0.9
fig3_community_ve,1031.0,0.2,0.3,0,53.6372453928225,56,478.00000000000006,2026441056,0.3,0.9
fig3_community_ve,1511.0,0.2,0.3,0,55.45996029119788,57,673.0,2026441057,0.3,0.9
fig3_community_ve,871.0000000000001,0.2,0.3,0,52.238805970149265,58,415.99999999999994,2026441058,0.3,0.9
fig3_community_ve,1266.0,0.2,0.3,0,50.71090047393365,59,624.0,2026441059,0.3,0.9
fig3_community_ve,1058.0,0.2,0.3,0,54.15879017013233,60,485.0,2026441060,0.3,0.9
fig3_community_ve,1103.0,0.2,0.3,0,63.55394378966455,61,402.0,2026441061,0.3,0.9
fig3_community_ve,1059.0,0.2,0.3,0,34.65533522190746,62,692.0,2026441062,0.3,0.9
fig3_community_ve,954.0,0.2,0.3,0,56.918238993710695,63,411.0,2026441063,0.3,0.9
fig3_community_ve,1029.0,0.2,0.3,0,49.46550048590865,64,520.0,2026441064,0.3,0.9
fig3_community_ve,1335.0,0.2,0.3,0,56.554307116104866,65,580.0,2026441065,0.3,0.9
fig3_community_ve,707.0,0.2,0.3,0,40.452616690240454,66,421.0,2026441066,0.3,0.9
fig3_community_ve,1136.0,0.2,0.3,0,53.521126760563384,67,528.0,2026441067,0.3,0.9
fig3_community_ve,1163.0,0.2,0.3,0,58.29750644883921,68,485.0,2026441068,0.3,0.9
fig3_community_ve,1014.9999999999999,0.2,0.3,0,53.10344827586206,69,476.00000000000006,2026441069,0.3,0.9
fig3_community_ve,1221.0,0.2,0.3,0,52.17035217035217,70,584.0,2026441070,0.3,0.9
fig3_community_ve,1274.0,0.2,0.3,0,59.8116169544741,71,512.0,2026441071,0.3,0.9
fig3_community_ve,1104.0,0.2,0.3,0,59.60144927536232,72,446.00000000000006,2026441072,0.3,0.9
fig3_community_ve,963.0,0.2,0.3,0,57.320872274143305,73,411.0,2026441073,0.3,0.9
fig3_community_ve,1246.0,0.2,0.3,0,46.06741573033708,74,672.0,2026441074,0.3,0.9
fig3_community_ve,906.0,0.2,0.3,0,50.55187637969096,75,447.99999999999994,2026441075,0.3,0.9
fig3_community_ve,742.0,0.2,0.3,0,44.74393530997303,76,410.00000000000006,2026441076,0.3,0.9
fig3_community_ve,740.0,0.2,0.3,0,52.83783783783784,77,349.0,2026441077,0.3,0.9
fig3_community_ve,1311.0,0.2,0.3,0,58.199847444698705,78,548.0,2026441078,0.3,0.9
fig3_community_ve,1087.0,0.2,0.3,0,53.63385464581417,79,504.0,2026441079,0.3,0.9
fig3_community_ve,877.0,0.2,0.3,0,56.89851767388826,80,378.0,2026441080,0.3,0.9
fig3_community_ve,827.0,0.2,0.3,0,56.83192261185006,81,357.0,2026441081,0.3,0.9
fig3_community_ve,1151.0,0.2,0.3,0,52.736750651607295,82,544.0,2026441082,0.3,0.9
fig3_community_ve,1534.0,0.2,0.3,0,47.06649282920469,83,812.0,2026441083,0.3,0.9
fig3_community_ve,1007.0000000000001,0.2,0.3,0,40.61569016881828,84,598.0,2026441084,0.3,0.9
fig3_community_ve,1339.0,0.2,0.3,0,57.05750560119492,85,575.0,2026441085,0.3,0.9
fig3_community_ve,1135.0,0.2,0.3,0,59.559471365638764,86,459.00000000000006,2026441086,0.3,0.9
fig3_community_ve,831.0,0.2,0.3,0,39.470517448856796,87,503.0,2026441087,0.3,0.9
fig3_community_ve,1338.0,0.2,0.3,0,66.06875934230195,88,454.0,2026441088,0.3,0.9
fig3_community_ve,1136.0,0.2,0.3,0,49.29577464788732,89,576.0,2026441089,0.3,0.9
fig3_community_ve,1175.0,0.2,0.3,0,63.48936170212766,90,429.00000000000006,2026441090,0.3,0.9
fig3_community_ve,635.0,0.2,0.3,0,46.77165354330709,91,338.0,2026441091,0.3,0.9
fig3_community_ve,1066.0,0.2,0.3,0,40.150093808630395,92,638.0,2026441092,0.3,0.9
fig3_community_ve,1040.0,0.2,0.3,0,51.92307692307692,93,500.0,2026441093,0.3,0.9
fig3_community_ve,1092.0,0.2,0.3,0,53.205128205128204,94,511.0,2026441094,0.3,0.9
fig3_community_ve,1048.0,0.2,0.3,0,64.59923664122137,95,371.0,2026441095,0.3,0.9
fig3_community_ve,1086.0,0.2,0.3,0,49.355432780847146,96,550.0,2026441096,0.3,0.9
fig3_community_ve,1350.0,0.2,0.3,0,53.55555555555556,97,627.0,2026441097,0.3,0.9
fig3_community_ve,694.0,0.2,0.3,0,46.54178674351585,98,371.0,2026441098,0.3,0.9
fig3_community_ve,1353.0,0.2,0.3,0,54.69327420546933,99,613.0,2026441099,0.3,0.9
fig3_community_ve,1552.0,0.2,0.3,0,59.27835051546392,0,632.0,2026440000,0.3,0.75
fig3_community_ve,1039.0,0.2,0.3,0,47.35322425409047,1,547.0,2026440001,0.3,0.75
fig3_community_ve,1147.0,0.2,0.3,0,59.19790758500436,2,468.0,2026440002,0.3,0.75
fig3_community_ve,983.0,0.2,0.3,0,50.15259409969481,3,490.0,2026440003,0.3,0.75
fig3_community_ve,1259.0,0.2,0.3,0,58.22081016679905,4,526.0,2026440004,0.3,0.75
fig3_community_ve,1413.0,0.2,0.3,0,58.032554847841475,5,593.0,2026440005,0.3,0.75
fig3_community_ve,1242.0,0.2,0.3,0,58.77616747181965,6,512.0,2026440006,0.3,0.75
fig3_community_ve,1582.0,0.2,0.3,0,64.28571428571429,7,565.0,2026440007,0.3,0.75
fig3_community_ve,859.0,0.2,0.3,0,33.76018626309662,8,569.0,2026440008,0.3,0.75
fig3_community_ve,592.0,0.2,0.3,0,42.736486486486484,9,339.0,2026440009,0.3,0.75
fig3_community_ve,1236.0,0.2,0.3,0,57.92880258899677,10,520.0,2026440010,0.3,0.75
fig3_community_ve,1199.0,0.2,0.3,0,50.12510425354462,11,598.0,2026440011,0.3,0.75
fig3_community_ve,1055.0,0.2,0.3,0,60.4739336492891,12,417.0,2026440012,0.3,0.75
fig3_community_ve,851.0,0.2,0.3,0,50.88131609870741,13,417.99999999999994,2026440013,0.3,0.75
fig3_community_ve,963.0,0.2,0.3,0,57.42471443406023,14,410.00000000000006,2026440014,0.3,0.75
fig3_community_ve,1288.0,0.2,0.3,0,57.53105590062112,15,547.0,2026440015,0.3,0.75
fig3_community_ve,1177.0,0.2,0.3,0,58.028887000849615,16,494.0,2026440016,0.3,0.75
fig3_community_ve,991.0,0.2,0.3,0,59.233097880928355,17,404.0,2026440017,0.3,0.75
fig3_community_ve,1023.0,0.2,0.3,0,49.364613880742915,18,518.0,2026440018,0.3,0.75
fig3_community_ve,941.0,0.2,0.3,0,52.70988310308183,19,445.0,2026440019,0.3,0.75
fig3_community_ve,733.0,0.2,0.3,0,39.56343792633015,20,443.0,2026440020,0.3,0.75
fig3_community_ve,1270.0,0.2,0.3,0,55.669291338582674,21,563.0,2026440021,0.3,0.75
fig3_community_ve,1075.0,0.2,0.3,0,50.04651162790697,22,537.0,2026440022,0.3,0.75
fig3_community_ve,1273.0,0.2,0.3,0,54.516889238020426,23,579.0,2026440023,0.3,0.75
fig3_community_ve,1053.0,0.2,0.3,0,60.49382716049383,24,415.99999999999994,2026440024,0.3,0.75
fig3_community_ve,827.9999999999999,0.2,0.3,0,46.01449275362318,25,447.0,2026440025,0.3,0.75
fig3_community_ve,891.0,0.2,0.3,0,56.9023569023569,26,384.0,2026440026,0.3,0.75
fig3_community_ve,1119.0,0.2,0.3,0,61.394101876675606,27,432.0,2026440027,0.3,0.75
fig3_community_ve,1459.0,0.2,0.3,0,57.84784098697738,28,615.0,2026440028,0.3,0.75
fig3_community_ve,1305.0,0.2,0.3,0,36.0919540229885,29,834.0,2026440029,0.3,0.75
fig3_community_ve,1080.0,0.2,0.3,0,51.94444444444444,30,519.0,2026440030,0.3,0.75
fig3_community_ve,1431.0,0.2,0.3,0,49.3361285814116,31,725.0,2026440031,0.3,0.75
fig3_community_ve,1087.0,0.2,0.3,0,43.51425942962282,32,614.0,2026440032,0.3,0.75
fig3_community_ve,1051.0,0.2,0.3,0,52.04567078972407,33,504.0,2026440033,0.3,0.75
fig3_community_ve,877.0,0.2,0.3,0,61.57354618015964,34,337.0,2026440034,0.3,0.75
fig3_community_ve,915.0,0.2,0.3,0,41.74863387978142,35,533.0,2026440035,0.3,0.75
fig3_community_ve,699.0,0.2,0.3,0,46.351931330472105,36,375.0,2026440036,0.3,0.75
fig3_community_ve,1292.0,0.2,0.3,0,56.656346749226,37,560.0,2026440037,0.3,0.75
fig3_community_ve,1117.0,0.2,0.3,0,52.73052820053715,38,528.0,2026440038,0.3,0.75
fig3_community_ve,972.0,0.2,0.3,0,39.609053497942384,39,587.0,2026440039,0.3,0.75
fig3_community_ve,901.0000000000001,0.2,0.3,0,42.39733629300778,40,519.0,2026440040,0.3,0.75
fig3_community_ve,938.0,0.2,0.3,0,51.38592750533049,41,456.0,2026440041,0.3,0.75
fig3_community_ve,924.0,0.2,0.3,0,55.086580086580085,42,415.0,2026440042,0.3,0.75
fig3_community_ve,941.0,0.2,0.3,0,48.777895855472906,43,481.99999999999994,2026440043,0.3,0.75
fig3_community_ve,1046.0,0.2,0.3,0,69.78967495219885,44,316.0,2026440044,0.3,0.75
fig3_community_ve,1208.0,0.2,0.3,0,44.70198675496689,45,668.0,2026440045,0.3,0.75
fig3_community_ve,946.9999999999999,0.2,0.3,0,53.11510031678986,46,444.00000000000006,2026440046,0.3,0.75
fig3_community_ve,1480.0,0.2,0.3,0,61.554054054054056,47,569.0,2026440047,0.3,0.75
fig3_community_ve,987.0,0.2,0.3,0,57.24417426545086,48,422.0,2026440048,0.3,0.75
fig3_community_ve,861.9999999999999,0.2,0.3,0,52.20417633410672,49,412.00000000000006,2026440049,0.3,0.75
fig3_community_ve,1390.0,0.2,0.3,0,56.54676258992806,50,604.0,2026440050,0.3,0.75
fig3_community_ve,1122.0,0.2,0.3,0,51.7825311942959,51,541.0,2026440051,0.3,0.75
fig3_community_ve,722.0,0.2,0.3,0,48.337950138504155,52,373.0,2026440052,0.3,0.75
fig3_community_ve,1223.0,0.2,0.3,0,56.41864268192968,53,533.0,2026440053,0.3,0.75
fig3_community_ve,1494.0,0.2,0.3,0,52.208835341365464,54,714.0,2026440054,0.3,0.75
fig3_community_ve,1398.0,0.2,0.3,0,58.22603719599428,55,584.0,2026440055,0.3,0.75
fig3_community_ve,1152.0,0.2,0.3,0,53.99305555555556,56,530.0,2026440056,0.3,0.75
fig3_community_ve,609.0,0.2,0.3,0,51.39573070607553,57,296.0,2026440057,0.3,0.75
fig3_community_ve,1096.0,0.2,0.3,0,34.58029197080292,58,717.0,2026440058,0.3,0.75
fig3_community_ve,1121.0,0.2,0.3,0,55.664585191793044,59,496.99999999999994,2026440059,0.3,0.75
fig3_community_ve,963.0,0.2,0.3,0,39.56386292834891,60,582.0,2026440060,0.3,0.75
fig3_community_ve,1191.0,0.2,0.3,0,54.072208228379516,61,547.0,2026440061,0.3,0.75
fig3_community_ve,1086.0,0.2,0.3,0,57.55064456721915,62,461.00000000000006,2026440062,0.3,0.75
fig3_community_ve,1093.0,0.2,0.3,0,50.5032021957914,63,541.0,2026440063,0.3,0.75
fig3_community_ve,902.0,0.2,0.3,0,43.68070953436806,64,508.00000000000006,2026440064,0.3,0.75
fig3_community_ve,781.0,0.2,0.3,0,44.814340588988486,65,430.99999999999994,2026440065,0.3,0.75
fig3_community_ve,1246.0,0.2,0.3,0,40.12841091492777,66,746.0,2026440066,0.3,0.75
fig3_community_ve,753.0,0.2,0.3,0,46.74634794156707,67,400.99999999999994,2026440067,0.3,0.75
fig3_community_ve,1344.0,0.2,0.3,0,63.839285714285715,68,486.0,2026440068,0.3,0.75
fig3_community_ve,997.9999999999999,0.2,0.3,0,53.907815631262515,69,460.0,2026440069,0.3,0.75
fig3_community_ve,950.0,0.2,0.3,0,55.68421052631579,70,421.0,2026440070,0.3,0.75
fig3_community_ve,1563.0000000000002,0.2,0.3,0,68.65003198976328,71,490.0,2026440071,0.3,0.75
fig3_community_ve,1073.0,0.2,0.3,0,58.99347623485554,72,440.0,2026440072,0.3,0.75
fig3_community_ve,1146.0,0.2,0.3,0,62.56544502617801,73,429.00000000000006,2026440073,0.3,0.75
fig3_community_ve,1099.0,0.2,0.3,0,50.955414012738856,74,539.0,2026440074,0.3,0.75
fig3_community_ve,1234.0,0.2,0.3,0,52.43111831442464,75,587.0,2026440075,0.3,0.75
fig3_community_ve,1259.0,0.2,0.3,0,61.55679110405083,76,483.99999999999994,2026440076,0.3,0.75
fig3_community_ve,1364.0,0.2,0.3,0,58.87096774193548,77,561.0,2026440077,0.3,0.75
fig3_community_ve,876.0,0.2,0.3,0,52.397260273972606,78,417.0,2026440078,0.3,0.75
fig3_community_ve,1252.0,0.2,0.3,0,50.0,79,626.0,2026440079,0.3,0.75
fig3_community_ve,834.0,0.2,0.3,0,59.71223021582734,80,336.0,2026440080,0.3,0.75
fig3_community_ve,1240.0,0.2,0.3,0,50.88709677419355,81,609.0,2026440081,0.3,0.75
fig3_community_ve,925.9999999999999,0.2,0.3,0,56.58747300215982,82,402.0,2026440082,0.3,0.75
fig3_community_ve,1234.0,0.2,0.3,0,55.83468395461912,83,545.0,2026440083,0.3,0.75
fig3_community_ve,1251.0,0.2,0.3,0,57.39408473221423,84,533.0,2026440084,0.3,0.75
fig3_community_ve,1449.0,0.2,0.3,0,58.66114561766736,85,599.0,2026440085,0.3,0.75
fig3_community_ve,1152.0,0.2,0.3,0,57.8125,86,486.0,2026440086,0.3,0.75
fig3_community_ve,1283.0,0.2,0.3,0,70.77162899454403,87,375.0,2026440087,0.3,0.75
fig3_community_ve,1205.0,0.2,0.3,0,62.572614107883815,88,451.0,2026440088,0.3,0.75
fig3_community_ve,1182.0,0.2,0.3,0,56.51438240270728,89,514.0,2026440089,0.3,0.75
fig3_community_ve,1603.9999999999998,0.2,0.3,0,45.07481296758104,90,881.0,2026440090,0.3,0.75
fig3_community_ve,1419.0,0.2,0.3,0,51.23326286116984,91,692.0,2026440091,0.3,0.75
fig3_community_ve,1475.0,0.2,0.3,0,63.79661016949152,92,534.0,2026440092,0.3,0.75
fig3_community_ve,1166.0,0.2,0.3,0,62.521440823327616,93,437.0,2026440093,0.3,0.75
fig3_community_ve,1153.0,0.2,0.3,0,49.60971379011275,94,581.0,2026440094,0.3,0.75
fig3_community_ve,1197.0,0.2,0.3,0,51.62907268170426,95,579.0,2026440095,0.3,0.75
fig3_community_ve,1074.0,0.2,0.3,0,50.83798882681564,96,528.0,2026440096,0.3,0.75
fig3_community_ve,1125.0,0.2,0.3,0,54.48888888888889,97,512.0,2026440097,0.3,0.75
fig3_community_ve,1387.0,0.2,0.3,0,56.74116798846431,98,600.0,2026440098,0.3,0.75
fig3_community_ve,1665.0000000000002,0.2,0.3,0,64.92492492492494,99,584.0,2026440099,0.3,0.75
fig3_community_ve,671.0,0.30000000000000004,0.3,0,0.0,0,671.0,2026442000,0.3,0.0
fig3_community_ve,895.0,0.30000000000000004,0.3,0,0.0,1,895.0,2026442001,0.3,0.0
fig3_community_ve,1124.0,0.30000000000000004,0.3,0,0.0,2,1124.0,2026442002,0.3,0.0
fig3_community_ve,1438.0,0.30000000000000004,0.3,0,0.0,3,1438.0,2026442003,0.3,0.0
fig3_community_ve,959.9999999999999,0.30000000000000004,0.3,0,0.0,4,959.9999999999999,2026442004,0.3,0.0
fig3_community_ve,1268.0,0.30000000000000004,0.3,0,0.0,5,1268.0,2026442005,0.3,0.0
fig3_community_ve,1167.0,0.30000000000000004,0.3,0,0.0,6,1167.0,2026442006,0.3,0.0
fig3_community_ve,1030.0,0.30000000000000004,0.3,0,0.0,7,1030.0,2026442007,0.3,0.0
fig3_community_ve,1032.0,0.30000000000000004,0.3,0,0.0,8,1032.0,2026442008,0.3,0.0
fig3_community_ve,848.0,0.30000000000000004,0.3,0,0.0,9,848.0,2026442009,0.3,0.0
fig3_community_ve,612.0,0.30000000000000004,0.3,0,0.0,10,612.0,2026442010,0.3,0.0
fig3_community_ve,928.0,0.30000000000000004,0.3,0,0.0,11,928.0,2026442011,0.3,0.0
fig3_community_ve,1137.0,0.30000000000000004,0.3,0,0.0,12,1137.0,2026442012,0.3,0.0
fig3_community_ve,1325.0,0.30000000000000004,0.3,0,0.0,13,1325.0,2026442013,0.3,0.0
fig3_community_ve,850.0000000000001,0.30000000000000004,0.3,0,0.0,14,850.0000000000001,2026442014,0.3,0.0
fig3_community_ve,1165.0,0.30000000000000004,0.3,0,0.0,15,1165.0,2026442015,0.3,0.0
fig3_community_ve,1373.0,0.30000000000000004,0.3,0,0.0,16,1373.0,2026442016,0.3,0.0
fig3_community_ve,1304.0,0.30000000000000004,0.3,0,0.0,17,1304.0,2026442017,0.3,0.0
fig3_community_ve,855.0,0.30000000000000004,0.3,0,0.0,18,855.0,2026442018,0.3,0.0
fig3_community_ve,1621.9999999999998,0.30000000000000004,0.3,0,0.0,19,1621.9999999999998,2026442019,0.3,0.0
fig3_community_ve,1176.0,0.30000000000000004,0.3,0,0.0,20,1176.0,2026442020,0.3,0.0
fig3_community_ve,1380.0,0.30000000000000004,0.3,0,0.0,21,1380.0,2026442021,0.3,0.0
fig3_community_ve,988.0,0.30000000000000004,0.3,0,0.0,22,988.0,2026442022,0.3,0.0
fig3_community_ve,885.0,0.30000000000000004,0.3,0,0.0,23,885.0,2026442023,0.3,0.0
fig3_community_ve,915.0,0.30000000000000004,0.3,0,0.0,24,915.0,2026442024,0.3,0.0
fig3_community_ve,719.0,0.30000000000000004,0.3,0,0.0,25,719.0,2026442025,0.3,0.0
fig3_community_ve,1462.0,0.30000000000000004,0.3,0,0.0,26,1462.0,2026442026,0.3,0.0
fig3_community_ve,933.9999999999999,0.30000000000000004,0.3,0,0.0,27,933.9999999999999,2026442027,0.3,0.0
fig3_community_ve,1438.0,0.30000000000000004,0.3,0,0.0,28,1438.0,2026442028,0.3,0.0
fig3_community_ve,886.9999999999999,0.30000000000000004,0.3,0,0.0,29,886.9999999999999,2026442029,0.3,0.0
fig3_community_ve,1060.0,0.30000000000000004,0.3,0,0.0,30,1060.0,2026442030,0.3,0.0
fig3_community_ve,871.0000000000001,0.30000000000000004,0.3,0,0.0,31,871.0000000000001,2026442031,0.3,0.0
fig3_community_ve,1285.0,0.30000000000000004,0.3,0,0.0,32,1285.0,2026442032,0.3,0.0
fig3_community_ve,1218.0,0.30000000000000004,0.3,0,0.0,33,1218.0,2026442033,0.3,0.0
fig3_community_ve,1299.0,0.30000000000000004,0.3,0,0.0,34,1299.0,2026442034,0.3,0.0
fig3_community_ve,961.0,0.30000000000000004,0.3,0,0.0,35,961.0,2026442035,0.3,0.0
fig3_community_ve,1155.0,0.30000000000000004,0.3,0,0.0,36,1155.0,2026442036,0.3,0.0
fig3_community_ve,1320.0,0.30000000000000004,0.3,0,0.0,37,1320.0,2026442037,0.3,0.0
fig3_community_ve,916.9999999999999,0.30000000000000004,0.3,0,0.0,38,916.9999999999999,2026442038,0.3,0.0
fig3_community_ve,1569.0,0.30000000000000004,0.3,0,0.0,39,1569.0,2026442039,0.3,0.0
fig3_community_ve,996.0,0.30000000000000004,0.3,0,0.0,40,996.0,2026442040,0.3,0.0
fig3_community_ve,915.0,0.30000000000000004,0.3,0,0.0,41,915.0,2026442041,0.3,0.0
fig3_community_ve,980.0,0.30000000000000004,0.3,0,0.0,42,980.0,2026442042,0.3,0.0
fig3_community_ve,1012.0,0.30000000000000004,0.3,0,0.0,43,1012.0,2026442043,0.3,0.0
fig3_community_ve,1065.0,0.30000000000000004,0.3,0,0.0,44,1065.0,2026442044,0.3,0.0
fig3_community_ve,1215.0,0.30000000000000004,0.3,0,0.0,45,1215.0,2026442045,0.3,0.0
fig3_community_ve,1045.0,0.30000000000000004,0.3,0,0.0,46,1045.0,2026442046,0.3,0.0
fig3_community_ve,1206.0,0.30000000000000004,0.3,0,0.0,47,1206.0,2026442047,0.3,0.0
fig3_community_ve,1168.0,0.30000000000000004,0.3,0,0.0,48,1168.0,2026442048,0.3,0.0
fig3_community_ve,1105.0,0.30000000000000004,0.3,0,0.0,49,1105.0,2026442049,0.3,0.0
fig3_community_ve,1464.0,0.30000000000000004,0.3,0,0.0,50,1464.0,2026442050,0.3,0.0
fig3_community_ve,1135.0,0.30000000000000004,0.3,0,0.0,51,1135.0,2026442051,0.3,0.0
fig3_community_ve,902.0,0.30000000000000004,0.3,0,0.0,52,902.0,2026442052,0.3,0.0
fig3_community_ve,707.0,0.30000000000000004,0.3,0,0.0,53,707.0,2026442053,0.3,0.0
fig3_community_ve,1598.0000000000002,0.30000000000000004,0.3,0,0.0,54,1598.0000000000002,2026442054,0.3,0.0
fig3_community_ve,1068.0,0.30000000000000004,0.3,0,0.0,55,1068.0,2026442055,0.3,0.0
fig3_community_ve,1037.0,0.30000000000000004,0.3,0,0.0,56,1037.0,2026442056,0.3,0.0
fig3_community_ve,1211.0,0.30000000000000004,0.3,0,0.0,57,1211.0,2026442057,0.3,0.0
fig3_community_ve,1371.0,0.30000000000000004,0.3,0,0.0,58,1371.0,2026442058,0.3,0.0
fig3_community_ve,678.0,0.30000000000000004,0.3,0,0.0,59,678.0,2026442059,0.3,0.0
fig3_community_ve,1476.0,0.30000000000000004,0.3,0,0.0,60,1476.0,2026442060,0.3,0.0
fig3_community_ve,936.0,0.30000000000000004,0.3,0,0.0,61,936.0,2026442061,0.3,0.0
fig3_community_ve,1245.0,0.30000000000000004,0.3,0,0.0,62,1245.0,2026442062,0.3,0.0
fig3_community_ve,1025.0,0.30000000000000004,0.3,0,0.0,63,1025.0,2026442063,0.3,0.0
fig3_community_ve,1104.0,0.30000000000000004,0.3,0,0.0,64,1104.0,2026442064,0.3,0.0
fig3_community_ve,742.0,0.30000000000000004,0.3,0,0.0,65,742.0,2026442065,0.3,0.0
fig3_community_ve,1052.0,0.30000000000000004,0.3,0,0.0,66,1052.0,2026442066,0.3,0.0
fig3_community_ve,792.0,0.30000000000000004,0.3,0,0.0,67,792.0,2026442067,0.3,0.0
fig3_community_ve,1479.0,0.30000000000000004,0.3,0,0.0,68,1479.0,2026442068,0.3,0.0
fig3_community_ve,1170.0,0.30000000000000004,0.3,0,0.0,69,1170.0,2026442069,0.3,0.0
fig3_community_ve,949.0,0.30000000000000004,0.3,0,0.0,70,949.0,2026442070,0.3,0.0
fig3_community_ve,1244.0,0.30000000000000004,0.3,0,0.0,71,1244.0,2026442071,0.3,0.0
fig3_community_ve,1181.0,0.30000000000000004,0.3,0,0.0,72,1181.0,2026442072,0.3,0.0
fig3_community_ve,707.0,0.30000000000000004,0.3,0,0.0,73,707.0,2026442073,0.3,0.0
fig3_community_ve,1414.0,0.30000000000000004,0.3,0,0.0,74,1414.0,2026442074,0.3,0.0
fig3_community_ve,966.0,0.30000000000000004,0.3,0,0.0,75,966.0,2026442075,0.3,0.0
fig3_community_ve,678.0,0.30000000000000004,0.3,0,0.0,76,678.0,2026442076,0.3,0.0
fig3_community_ve,1488.0,0.30000000000000004,0.3,0,0.0,77,1488.0,2026442077,0.3,0.0
fig3_community_ve,1390.0,0.30000000000000004,0.3,0,0.0,78,1390.0,2026442078,0.3,0.0
fig3_community_ve,991.0,0.30000000000000004,0.3,0,0.0,79,991.0,2026442079,0.3,0.0
fig3_community_ve,1033.0,0.30000000000000004,0.3,0,0.0,80,1033.0,2026442080,0.3,0.0
fig3_community_ve,821.0,0.30000000000000004,0.3,0,0.0,81,821.0,2026442081,0.3,0.0
fig3_community_ve,1337.0,0.30000000000000004,0.3,0,0.0,82,1337.0,2026442082,0.3,0.0
fig3_community_ve,1078.0,0.30000000000000004,0.3,0,0.0,83,1078.0,2026442083,0.3,0.0
fig3_community_ve,1076.0,0.30000000000000004,0.3,0,0.0,84,1076.0,2026442084,0.3,0.0
fig3_community_ve,1001.9999999999999,0.30000000000000004,0.3,0,0.0,85,1001.9999999999999,2026442085,0.3,0.0
fig3_community_ve,1204.0,0.30000000000000004,0.3,0,0.0,86,1204.0,2026442086,0.3,0.0
fig3_community_ve,984.0,0.30000000000000004,0.3,0,0.0,87,984.0,2026442087,0.3,0.0
fig3_community_ve,1252.0,0.30000000000000004,0.3,0,0.0,88,1252.0,2026442088,0.3,0.0
fig3_community_ve,1096.0,0.30000000000000004,0.3,0,0.0,89,1096.0,2026442089,0.3,0.0
fig3_community_ve,909.0000000000001,0.30000000000000004,0.3,0,0.0,90,909.0000000000001,2026442090,0.3,0.0
fig3_community_ve,1226.0,0.30000000000000004,0.3,0,0.0,91,1226.0,2026442091,0.3,0.0
fig3_community_ve,957.0,0.30000000000000004,0.3,0,0.0,92,957.0,2026442092,0.3,0.0
fig3_community_ve,1086.0,0.30000000000000004,0.3,0,0.0,93,1086.0,2026442093,0.3,0.0
fig3_community_ve,1331.0,0.30000000000000004,0.3,0,0.0,94,1331.0,2026442094,0.3,0.0
fig3_community_ve,1478.0,0.30000000000000004,0.3,0,0.0,95,1478.0,2026442095,0.3,0.0
fig3_community_ve,1149.0,0.30000000000000004,0.3,0,0.0,96,1149.0,2026442096,0.3,0.0
fig3_community_ve,755.0,0.30000000000000004,0.3,0,0.0,97,755.0,2026442097,0.3,0.0
fig3_community_ve,1345.0,0.30000000000000004,0.3,0,0.0,98,1345.0,2026442098,0.3,0.0
fig3_community_ve,645.0,0.30000000000000004,0.3,0,0.0,99,645.0,2026442099,0.3,0.0
fig3_community_ve,936.0,0.30000000000000004,0.3,0,25.534188034188034,0,697.0,2026443000,0.3,0.15
fig3_community_ve,1170.0,0.30000000000000004,0.3,0,22.564102564102566,1,906.0,2026443001,0.3,0.15
fig3_community_ve,1103.0,0.30000000000000004,0.3,0,16.59111514052584,2,920.0,2026443002,0.3,0.15
fig3_community_ve,942.9999999999999,0.30000000000000004,0.3,0,21.208907741251316,3,743.0,2026443003,0.3,0.15
fig3_community_ve,1046.0,0.30000000000000004,0.3,0,27.820267686424476,4,755.0,2026443004,0.3,0.15
fig3_community_ve,720.0,0.30000000000000004,0.3,0,31.11111111111111,5,496.0,2026443005,0.3,0.15
fig3_community_ve,1208.0,0.30000000000000004,0.3,0,37.83112582781457,6,751.0,2026443006,0.3,0.15
fig3_community_ve,1408.0,0.30000000000000004,0.3,0,30.46875,7,979.0,2026443007,0.3,0.15
fig3_community_ve,1153.0,0.30000000000000004,0.3,0,13.009540329575012,8,1003.0000000000001,2026443008,0.3,0.15
fig3_community_ve,1013.0,0.30000000000000004,0.3,0,24.086870681145115,9,769.0,2026443009,0.3,0.15
fig3_community_ve,1345.0,0.30000000000000004,0.3,0,35.46468401486989,10,868.0,2026443010,0.3,0.15
fig3_community_ve,898.0,0.30000000000000004,0.3,0,18.93095768374165,11,728.0,2026443011,0.3,0.15
fig3_community_ve,1136.0,0.30000000000000004,0.3,0,30.193661971830984,12,793.0,2026443012,0.3,0.15
fig3_community_ve,1466.0,0.30000000000000004,0.3,0,26.73942701227831,13,1074.0,2026443013,0.3,0.15
fig3_community_ve,1308.0,0.30000000000000004,0.3,0,28.6697247706422,14,933.0,2026443014,0.3,0.15
fig3_community_ve,912.9999999999999,0.30000000000000004,0.3,0,34.39211391018619,15,599.0,2026443015,0.3,0.15
fig3_community_ve,1537.0,0.30000000000000004,0.3,0,35.849056603773576,16,986.0000000000001,2026443016,0.3,0.15
fig3_community_ve,1275.0,0.30000000000000004,0.3,0,17.88235294117647,17,1047.0,2026443017,0.3,0.15
fig3_community_ve,1166.0,0.30000000000000004,0.3,0,16.295025728987994,18,976.0,2026443018,0.3,0.15
fig3_community_ve,1049.0,0.30000000000000004,0.3,0,31.839847473784555,19,715.0,2026443019,0.3,0.15
fig3_community_ve,1424.0,0.30000000000000004,0.3,0,37.35955056179774,20,892.0000000000001,2026443020,0.3,0.15
fig3_community_ve,1248.0,0.30000000000000004,0.3,0,20.833333333333332,21,988.0,2026443021,0.3,0.15
fig3_community_ve,1001.0,0.30000000000000004,0.3,0,23.976023976023978,22,761.0,2026443022,0.3,0.15
fig3_community_ve,1229.0,0.30000000000000004,0.3,0,50.36615134255492,23,610.0,2026443023,0.3,0.15
fig3_community_ve,1094.0,0.30000000000000004,0.3,0,31.627056672760514,24,748.0,2026443024,0.3,0.15
fig3_community_ve,1290.0,0.30000000000000004,0.3,0,37.2093023255814,25,810.0,2026443025,0.3,0.15
fig3_community_ve,1219.0,0.30000000000000004,0.3,0,41.83757178014766,26,709.0,2026443026,0.3,0.15
fig3_community_ve,1038.0,0.30000000000000004,0.3,0,36.127167630057805,27,663.0,2026443027,0.3,0.15
fig3_community_ve,1066.0,0.30000000000000004,0.3,0,47.4671669793621,28,560.0,2026443028,0.3,0.15
fig3_community_ve,997.9999999999999,0.30000000000000004,0.3,0,17.334669338677347,29,825.0,2026443029,0.3,0.15
fig3_community_ve,1334.0,0.30000000000000004,0.3,0,44.677661169415295,30,738.0,2026443030,0.3,0.15
fig3_community_ve,1598.0000000000002,0.30000000000000004,0.3,0,30.913642052565717,31,1104.0,2026443031,0.3,0.15
fig3_community_ve,919.0,0.30000000000000004,0.3,0,16.75734494015234,32,765.0,2026443032,0.3,0.15
fig3_community_ve,871.0000000000001,0.30000000000000004,0.3,0,24.339839265212408,33,659.0,2026443033,0.3,0.15
fig3_community_ve,958.0,0.30000000000000004,0.3,0,35.281837160751564,34,620.0,2026443034,0.3,0.15
fig3_community_ve,865.0,0.30000000000000004,0.3,0,11.791907514450868,35,763.0,2026443035,0.3,0.15
fig3_community_ve,1220.0,0.30000000000000004,0.3,0,48.19672131147541,36,632.0,2026443036,0.3,0.15
fig3_community_ve,1023.0,0.30000000000000004,0.3,0,19.94134897360705,37,818.9999999999999,2026443037,0.3,0.15
fig3_community_ve,1166.0,0.30000000000000004,0.3,0,28.130360205831902,38,838.0,2026443038,0.3,0.15
fig3_community_ve,1294.0,0.30000000000000004,0.3,0,34.46676970633694,39,848.0,2026443039,0.3,0.15
fig3_community_ve,653.0,0.30000000000000004,0.3,0,26.033690658499236,40,483.0,2026443040,0.3,0.15
fig3_community_ve,963.9999999999999,0.30000000000000004,0.3,0,25.933609958506217,41,714.0,2026443041,0.3,0.15
fig3_community_ve,925.0,0.30000000000000004,0.3,0,42.054054054054056,42,536.0,2026443042,0.3,0.15
fig3_community_ve,1261.0,0.30000000000000004,0.3,0,34.417129262490086,43,827.0,2026443043,0.3,0.15
fig3_community_ve,1369.0,0.30000000000000004,0.3,0,22.644265887509132,44,1059.0,2026443044,0.3,0.15
fig3_community_ve,867.0000000000001,0.30000000000000004,0.3,0,21.337946943483285,45,682.0,2026443045,0.3,0.15
fig3_community_ve,965.0000000000001,0.30000000000000004,0.3,0,22.072538860103634,46,752.0,2026443046,0.3,0.15
fig3_community_ve,1288.0,0.30000000000000004,0.3,0,22.981366459627328,47,992.0,2026443047,0.3,0.15
fig3_community_ve,1193.0,0.30000000000000004,0.3,0,28.583403185247274,48,852.0,2026443048,0.3,0.15
fig3_community_ve,767.0,0.30000000000000004,0.3,0,10.169491525423728,49,689.0,2026443049,0.3,0.15
fig3_community_ve,891.0,0.30000000000000004,0.3,0,25.252525252525253,50,666.0,2026443050,0.3,0.15
fig3_community_ve,876.0,0.30000000000000004,0.3,0,24.771689497716896,51,659.0,2026443051,0.3,0.15
fig3_community_ve,1095.0,0.30000000000000004,0.3,0,30.319634703196346,52,763.0,2026443052,0.3,0.15
fig3_community_ve,1422.0,0.30000000000000004,0.3,0,32.770745428973264,53,956.0000000000001,2026443053,0.3,0.15
fig3_community_ve,942.0,0.30000000000000004,0.3,0,45.753715498938426,54,511.0,2026443054,0.3,0.15
fig3_community_ve,1370.0,0.30000000000000004,0.3,0,20.364963503649633,55,1091.0,2026443055,0.3,0.15
fig3_community_ve,974.0,0.30000000000000004,0.3,0,31.416837782340863,56,668.0,2026443056,0.3,0.15
fig3_community_ve,1057.0,0.30000000000000004,0.3,0,40.113528855250706,57,633.0,2026443057,0.3,0.15
fig3_community_ve,734.0,0.30000000000000004,0.3,0,6.948228882833788,58,683.0,2026443058,0.3,0.15
fig3_community_ve,1073.0,0.30000000000000004,0.3,0,36.25349487418453,59,684.0,2026443059,0.3,0.15
fig3_community_ve,1235.0,0.30000000000000004,0.3,0,37.32793522267207,60,774.0,2026443060,0.3,0.15
fig3_community_ve,1253.0,0.30000000000000004,0.3,0,41.979249800478854,61,727.0,2026443061,0.3,0.15
fig3_community_ve,1090.0,0.30000000000000004,0.3,0,-12.568807339449542,62,1227.0,2026443062,0.3,0.15
fig3_community_ve,835.0,0.30000000000000004,0.3,0,41.07784431137725,63,492.0,2026443063,0.3,0.15
fig3_community_ve,831.0,0.30000000000000004,0.3,0,28.51985559566787,64,594.0,2026443064,0.3,0.15
fig3_community_ve,895.9999999999999,0.30000000000000004,0.3,0,23.995535714285705,65,681.0,2026443065,0.3,0.15
fig3_community_ve,952.0000000000001,0.30000000000000004,0.3,0,13.235294117647069,66,826.0,2026443066,0.3,0.15
fig3_community_ve,1086.0,0.30000000000000004,0.3,0,38.950276243093924,67,663.0,2026443067,0.3,0.15
fig3_community_ve,1214.0,0.30000000000000004,0.3,0,15.815485996705107,68,1022.0,2026443068,0.3,0.15
fig3_community_ve,1194.0,0.30000000000000004,0.3,0,19.849246231155778,69,957.0,2026443069,0.3,0.15
fig3_community_ve,1178.0,0.30000000000000004,0.3,0,43.378607809847196,70,667.0,2026443070,0.3,0.15
fig3_community_ve,1343.0,0.30000000000000004,0.3,0,39.61280714817574,71,810.9999999999999,2026443071,0.3,0.15
fig3_community_ve,1069.0,0.30000000000000004,0.3,0,37.418147801683816,72,669.0,2026443072,0.3,0.15
fig3_community_ve,1599.0,0.30000000000000004,0.3,0,33.270794246404,73,1067.0,2026443073,0.3,0.15
fig3_community_ve,1648.0000000000002,0.30000000000000004,0.3,0,29.49029126213593,74,1162.0,2026443074,0.3,0.15
fig3_community_ve,1342.0,0.30000000000000004,0.3,0,33.30849478390462,75,895.0,2026443075,0.3,0.15
fig3_community_ve,1176.0,0.30000000000000004,0.3,0,25.85034013605442,76,872.0,2026443076,0.3,0.15
fig3_community_ve,1215.0,0.30000000000000004,0.3,0,22.79835390946502,77,938.0,2026443077,0.3,0.15
fig3_community_ve,1008.0,0.30000000000000004,0.3,0,34.62301587301587,78,659.0,2026443078,0.3,0.15
fig3_community_ve,1062.0,0.30000000000000004,0.3,0,32.015065913371,79,722.0,2026443079,0.3,0.15
fig3_community_ve,1451.0,0.30000000000000004,0.3,0,25.499655410062026,80,1081.0,2026443080,0.3,0.15
fig3_community_ve,1035.0,0.30000000000000004,0.3,0,33.52657004830918,81,688.0,2026443081,0.3,0.15
fig3_community_ve,915.0,0.30000000000000004,0.3,0,17.48633879781421,82,755.0,2026443082,0.3,0.15
fig3_community_ve,1073.0,0.30000000000000004,0.3,0,24.417520969245118,83,810.9999999999999,2026443083,0.3,0.15
fig3_community_ve,946.9999999999999,0.30000000000000004,0.3,0,26.187961985216464,84,699.0,2026443084,0.3,0.15
fig3_community_ve,1217.0,0.30000000000000004,0.3,0,22.84305669679539,85,939.0000000000001,2026443085,0.3,0.15
fig3_community_ve,1048.0,0.30000000000000004,0.3,0,16.12595419847329,86,878.9999999999999,2026443086,0.3,0.15
fig3_community_ve,1373.0,0.30000000000000004,0.3,0,27.749453750910416,87,992.0,2026443087,0.3,0.15
fig3_community_ve,1167.0,0.30000000000000004,0.3,0,35.30419880034276,88,755.0,2026443088,0.3,0.15
fig3_community_ve,1070.0,0.30000000000000004,0.3,0,41.77570093457944,89,623.0,2026443089,0.3,0.15
fig3_community_ve,1625.0,0.30000000000000004,0.3,0,22.338461538461537,90,1262.0,2026443090,0.3,0.15
fig3_community_ve,1489.0,0.30000000000000004,0.3,0,46.00402955003358,91,804.0,2026443091,0.3,0.15
fig3_community_ve,1158.0,0.30000000000000004,0.3,0,30.13816925734024,92,809.0,2026443092,0.3,0.15
fig3_community_ve,948.0000000000001,0.30000000000000004,0.3,0,18.354430379746844,93,774.0,2026443093,0.3,0.15
fig3_community_ve,1086.0,0.30000000000000004,0.3,0,31.031307550644566,94,749.0,2026443094,0.3,0.15
fig3_community_ve,1535.0,0.30000000000000004,0.3,0,32.24755700325733,95,1040.0,2026443095,0.3,0.15
fig3_community_ve,1510.0,0.30000000000000004,0.3,0,28.543046357615893,96,1079.0,2026443096,0.3,0.15
fig3_community_ve,902.0,0.30000000000000004,0.3,0,34.25720620842572,97,593.0,2026443097,0.3,0.15
fig3_community_ve,1114.0,0.30000000000000004,0.3,0,26.032315978456005,98,824.0000000000001,2026443098,0.3,0.15
fig3_community_ve,925.9999999999999,0.30000000000000004,0.3,0,32.50539956803455,99,625.0,2026443099,0.3,0.15
fig3_community_ve,1053.0,0.30000000000000004,0.3,0,44.82431149097816,0,581.0,2026444000,0.3,0.3
fig3_community_ve,1151.0,0.30000000000000004,0.3,0,46.39443961772372,1,617.0,2026444001,0.3,0.3
fig3_community_ve,1087.0,0.30000000000000004,0.3,0,49.494020239190434,2,549.0,2026444002,0.3,0.3
fig3_community_ve,1097.0,0.30000000000000004,0.3,0,46.30811303555151,3,589.0,2026444003,0.3,0.3
fig3_community_ve,1055.0,0.30000000000000004,0.3,0,52.51184834123223,4,500.99999999999994,2026444004,0.3,0.3
fig3_community_ve,910.0,0.30000000000000004,0.3,0,43.73626373626374,5,512.0,2026444005,0.3,0.3
fig3_community_ve,971.0,0.30000000000000004,0.3,0,39.54685890834192,6,587.0,2026444006,0.3,0.3
fig3_community_ve,1151.0,0.30000000000000004,0.3,0,53.17115551694179,7,539.0,2026444007,0.3,0.3
fig3_community_ve,1154.0,0.30000000000000004,0.3,0,58.752166377816295,8,476.00000000000006,2026444008,0.3,0.3
fig3_community_ve,971.0,0.30000000000000004,0.3,0,41.09165808444902,9,572.0,2026444009,0.3,0.3
fig3_community_ve,712.0,0.30000000000000004,0.3,0,51.40449438202247,10,346.0,2026444010,0.3,0.3
fig3_community_ve,1164.0,0.30000000000000004,0.3,0,50.687285223367695,11,574.0,2026444011,0.3,0.3
fig3_community_ve,1130.0,0.30000000000000004,0.3,0,50.35398230088496,12,561.0,2026444012,0.3,0.3
fig3_community_ve,1033.0,0.30000000000000004,0.3,0,52.75895450145208,13,488.0,2026444013,0.3,0.3
fig3_community_ve,1070.0,0.30000000000000004,0.3,0,45.51401869158879,14,583.0,2026444014,0.3,0.3
fig3_community_ve,1070.0,0.30000000000000004,0.3,0,48.598130841121495,15,550.0,2026444015,0.3,0.3
fig3_community_ve,741.0,0.30000000000000004,0.3,0,45.209176788124154,16,406.0,2026444016,0.3,0.3
fig3_community_ve,521.0,0.30000000000000004,0.3,0,42.034548944337814,17,302.0,2026444017,0.3,0.3
fig3_community_ve,1033.0,0.30000000000000004,0.3,0,53.82381413359148,18,477.0,2026444018,0.3,0.3
fig3_community_ve,969.0000000000001,0.30000000000000004,0.3,0,44.06604747162024,19,542.0,2026444019,0.3,0.3
fig3_community_ve,936.0,0.30000000000000004,0.3,0,50.74786324786324,20,461.00000000000006,2026444020,0.3,0.3
fig3_community_ve,784.0,0.30000000000000004,0.3,0,45.7908163265306,21,425.00000000000006,2026444021,0.3,0.3
fig3_community_ve,1147.0,0.30000000000000004,0.3,0,47.86399302528335,22,598.0,2026444022,0.3,0.3
fig3_community_ve,1073.0,0.30000000000000004,0.3,0,52.28331780055918,23,512.0,2026444023,0.3,0.3
fig3_community_ve,635.0,0.30000000000000004,0.3,0,25.19685039370079,24,475.0,2026444024,0.3,0.3
fig3_community_ve,1166.0,0.30000000000000004,0.3,0,42.7958833619211,25,667.0,2026444025,0.3,0.3
fig3_community_ve,1405.0,0.30000000000000004,0.3,0,46.04982206405694,26,758.0,2026444026,0.3,0.3
fig3_community_ve,1314.0,0.30000000000000004,0.3,0,58.52359208523592,27,545.0,2026444027,0.3,0.3
fig3_community_ve,1411.0,0.30000000000000004,0.3,0,54.00425230333097,28,649.0,2026444028,0.3,0.3
fig3_community_ve,995.0,0.30000000000000004,0.3,0,42.41206030150754,29,573.0,2026444029,0.3,0.3
fig3_community_ve,1328.0,0.30000000000000004,0.3,0,47.74096385542169,30,694.0,2026444030,0.3,0.3
fig3_community_ve,1006.0,0.30000000000000004,0.3,0,44.63220675944334,31,557.0,2026444031,0.3,0.3
fig3_community_ve,1243.0,0.30000000000000004,0.3,0,42.55832662912309,32,714.0,2026444032,0.3,0.3
fig3_community_ve,954.0,0.30000000000000004,0.3,0,44.129979035639415,33,533.0,2026444033,0.3,0.3
fig3_community_ve,1245.0,0.30000000000000004,0.3,0,46.82730923694779,34,662.0,2026444034,0.3,0.3
fig3_community_ve,1276.0,0.30000000000000004,0.3,0,58.542319749216304,35,529.0,2026444035,0.3,0.3
fig3_community_ve,976.9999999999999,0.30000000000000004,0.3,0,50.66530194472876,36,481.99999999999994,2026444036,0.3,0.3
fig3_community_ve,1088.0,0.30000000000000004,0.3,0,46.13970588235294,37,586.0,2026444037,0.3,0.3
fig3_community_ve,1595.9999999999998,0.30000000000000004,0.3,0,48.68421052631579,38,818.9999999999999,2026444038,0.3,0.3
fig3_community_ve,608.0,0.30000000000000004,0.3,0,35.526315789473685,39,392.0,2026444039,0.3,0.3
fig3_community_ve,1231.0,0.30000000000000004,0.3,0,48.984565393988625,40,628.0,2026444040,0.3,0.3
fig3_community_ve,929.9999999999999,0.30000000000000004,0.3,0,53.978494623655905,41,428.0,2026444041,0.3,0.3
fig3_community_ve,822.0,0.30000000000000004,0.3,0,36.25304136253041,42,524.0,2026444042,0.3,0.3
fig3_community_ve,1152.0,0.30000000000000004,0.3,0,43.923611111111114,43,646.0,2026444043,0.3,0.3
fig3_community_ve,1357.0,0.30000000000000004,0.3,0,55.85851142225498,44,599.0,2026444044,0.3,0.3
fig3_community_ve,1099.0,0.30000000000000004,0.3,0,42.22020018198362,45,635.0,2026444045,0.3,0.3
fig3_community_ve,1380.0,0.30000000000000004,0.3,0,61.81159420289855,46,527.0,2026444046,0.3,0.3
fig3_community_ve,1142.0,0.30000000000000004,0.3,0,45.00875656742557,47,628.0,2026444047,0.3,0.3
fig3_community_ve,933.0,0.30000000000000004,0.3,0,60.557341907824224,48,368.0,2026444048,0.3,0.3
fig3_community_ve,1255.0,0.30000000000000004,0.3,0,41.51394422310757,49,734.0,2026444049,0.3,0.3
fig3_community_ve,877.0,0.30000000000000004,0.3,0,42.64538198403649,50,503.0,2026444050,0.3,0.3
fig3_community_ve,1070.0,0.30000000000000004,0.3,0,39.345794392523366,51,649.0,2026444051,0.3,0.3
fig3_community_ve,1334.0,0.30000000000000004,0.3,0,53.89805097451274,52,615.0,2026444052,0.3,0.3
fig3_community_ve,892.0000000000001,0.30000000000000004,0.3,0,48.65470852017938,53,458.0,2026444053,0.3,0.3
fig3_community_ve,1158.0,0.30000000000000004,0.3,0,52.50431778929188,54,550.0,2026444054,0.3,0.3
fig3_community_ve,1180.0,0.30000000000000004,0.3,0,54.57627118644068,55,536.0,2026444055,0.3,0.3
fig3_community_ve,1134.0,0.30000000000000004,0.3,0,45.41446208112875,56,619.0,2026444056,0.3,0.3
fig3_community_ve,984.0,0.30000000000000004,0.3,0,37.39837398373984,57,616.0,2026444057,0.3,0.3
fig3_community_ve,980.9999999999999,0.30000000000000004,0.3,0,50.15290519877675,58,489.0,2026444058,0.3,0.3
fig3_community_ve,1166.0,0.30000000000000004,0.3,0,29.58833619210978,59,821.0,2026444059,0.3,0.3
fig3_community_ve,1024.0,0.30000000000000004,0.3,0,49.8046875,60,514.0,2026444060,0.3,0.3
fig3_community_ve,933.0,0.30000000000000004,0.3,0,42.01500535905681,61,541.0,2026444061,0.3,0.3
fig3_community_ve,1146.0,0.30000000000000004,0.3,0,51.396160558464224,62,557.0,2026444062,0.3,0.3
fig3_community_ve,1363.0,0.30000000000000004,0.3,0,47.39545121056493,63,717.0,2026444063,0.3,0.3
fig3_community_ve,1065.0,0.30000000000000004,0.3,0,55.49295774647887,64,474.00000000000006,2026444064,0.3,0.3
fig3_community_ve,1119.0,0.30000000000000004,0.3,0,36.639857015192135,65,709.0,2026444065,0.3,0.3
fig3_community_ve,1192.0,0.30000000000000004,0.3,0,48.238255033557046,66,617.0,2026444066,0.3,0.3
fig3_community_ve,1020.0000000000001,0.30000000000000004,0.3,0,42.941176470588246,67,582.0,2026444067,0.3,0.3
fig3_community_ve,1361.0,0.30000000000000004,0.3,0,43.57090374724467,68,768.0,2026444068,0.3,0.3
fig3_community_ve,1009.0,0.30000000000000004,0.3,0,56.590683845391474,69,438.0,2026444069,0.3,0.3
fig3_community_ve,1552.0,0.30000000000000004,0.3,0,63.079896907216494,70,573.0,2026444070,0.3,0.3
fig3_community_ve,942.9999999999999,0.30000000000000004,0.3,0,40.29692470837751,71,563.0,2026444071,0.3,0.3
fig3_community_ve,734.0,0.30000000000000004,0.3,0,40.19073569482289,72,439.0,2026444072,0.3,0.3
fig3_community_ve,1259.0,0.30000000000000004,0.3,0,49.4042891183479,73,637.0,2026444073,0.3,0.3
fig3_community_ve,1483.0,0.30000000000000004,0.3,0,50.57316250842886,74,733.0,2026444074,0.3,0.3
fig3_community_ve,1367.0,0.30000000000000004,0.3,0,50.62179956108266,75,675.0,2026444075,0.3,0.3
fig3_community_ve,893.0,0.30000000000000004,0.3,0,35.83426651735722,76,573.0,2026444076,0.3,0.3
fig3_community_ve,1151.0,0.30000000000000004,0.3,0,46.13379669852302,77,620.0,2026444077,0.3,0.3
fig3_community_ve,1065.0,0.30000000000000004,0.3,0,41.971830985915496,78,618.0,2026444078,0.3,0.3
fig3_community_ve,1534.0,0.30000000000000004,0.3,0,49.478487614080834,79,775.0,2026444079,0.3,0.3
fig3_community_ve,899.9999999999999,0.30000000000000004,0.3,0,42.55555555555554,80,517.0,2026444080,0.3,0.3
fig3_community_ve,1296.0,0.30000000000000004,0.3,0,54.01234567901235,81,596.0,2026444081,0.3,0.3
fig3_community_ve,1171.0,0.30000000000000004,0.3,0,39.11187019641332,82,713.0,2026444082,0.3,0.3
fig3_community_ve,881.0,0.30000000000000004,0.3,0,39.500567536889896,83,533.0,2026444083,0.3,0.3
fig3_community_ve,1202.0,0.30000000000000004,0.3,0,60.316139767054906,84,477.0,2026444084,0.3,0.3
fig3_community_ve,1332.0,0.30000000000000004,0.3,0,45.870870870870874,85,721.0,2026444085,0.3,0.3
fig3_community_ve,829.0,0.30000000000000004,0.3,0,37.27382388419783,86,520.0,2026444086,0.3,0.3
fig3_community_ve,834.0,0.30000000000000004,0.3,0,43.884892086330936,87,468.0,2026444087,0.3,0.3
fig3_community_ve,1710.0,0.30000000000000004,0.3,0,47.30994152046783,88,901.0000000000001,2026444088,0.3,0.3
fig3_community_ve,1286.0,0.30000000000000004,0.3,0,43.70139968895801,89,724.0,2026444089,0.3,0.3
fig3_community_ve,1095.0,0.30000000000000004,0.3,0,44.74885844748859,90,605.0,2026444090,0.3,0.3
fig3_community_ve,1026.0,0.30000000000000004,0.3,0,42.98245614035088,91,585.0,2026444091,0.3,0.3
fig3_community_ve,1052.0,0.30000000000000004,0.3,0,68.72623574144487,92,329.0,2026444092,0.3,0.3
fig3_community_ve,1175.0,0.30000000000000004,0.3,0,46.808510638297875,93,625.0,2026444093,0.3,0.3
fig3_community_ve,1177.0,0.30000000000000004,0.3,0,50.637213254035686,94,581.0,2026444094,0.3,0.3
fig3_community_ve,1184.0,0.30000000000000004,0.3,0,42.229729729729726,95,684.0,2026444095,0.3,0.3
fig3_community_ve,1186.0,0.30000000000000004,0.3,0,39.20741989881956,96,721.0,2026444096,0.3,0.3
fig3_community_ve,1126.0,0.30000000000000004,0.3,0,45.38188277087034,97,615.0,2026444097,0.3,0.3
fig3_community_ve,1509.0,0.30000000000000004,0.3,0,45.39430086149767,98,824.0000000000001,2026444098,0.3,0.3
fig3_community_ve,1004.0,0.30000000000000004,0.3,0,42.03187250996016,99,582.0,2026444099,0.3,0.3
fig3_community_ve,961.0,0.30000000000000004,0.3,0,54.21436004162331,0,440.0,2026445000,0.3,0.44999999999999996
fig3_community_ve,1032.0,0.30000000000000004,0.3,0,56.104651162790695,1,453.0,2026445001,0.3,0.44999999999999996
fig3_community_ve,962.0,0.30000000000000004,0.3,0,53.11850311850312,2,451.0,2026445002,0.3,0.44999999999999996
fig3_community_ve,848.9999999999999,0.30000000000000004,0.3,0,42.63839811542991,3,487.0,2026445003,0.3,0.44999999999999996
fig3_community_ve,863.0,0.30000000000000004,0.3,0,63.73117033603708,4,313.0,2026445004,0.3,0.44999999999999996
fig3_community_ve,1115.0,0.30000000000000004,0.3,0,64.03587443946188,5,400.99999999999994,2026445005,0.3,0.44999999999999996
fig3_community_ve,925.9999999999999,0.30000000000000004,0.3,0,56.58747300215982,6,402.0,2026445006,0.3,0.44999999999999996
fig3_community_ve,911.0,0.30000000000000004,0.3,0,57.9582875960483,7,383.0,2026445007,0.3,0.44999999999999996
fig3_community_ve,1173.0,0.30000000000000004,0.3,0,64.45012787723785,8,417.0,2026445008,0.3,0.44999999999999996
fig3_community_ve,1001.0,0.30000000000000004,0.3,0,57.84215784215784,9,422.0,2026445009,0.3,0.44999999999999996
fig3_community_ve,1382.0,0.30000000000000004,0.3,0,60.05788712011577,10,552.0,2026445010,0.3,0.44999999999999996
fig3_community_ve,901.0000000000001,0.30000000000000004,0.3,0,63.81798002219757,11,326.0,2026445011,0.3,0.44999999999999996
fig3_community_ve,1120.0,0.30000000000000004,0.3,0,61.785714285714285,12,428.0,2026445012,0.3,0.44999999999999996
fig3_community_ve,1366.0,0.30000000000000004,0.3,0,56.51537335285505,13,594.0,2026445013,0.3,0.44999999999999996
fig3_community_ve,1094.0,0.30000000000000004,0.3,0,54.38756855575868,14,498.99999999999994,2026445014,0.3,0.44999999999999996
fig3_community_ve,925.9999999999999,0.30000000000000004,0.3,0,52.26781857451403,15,442.00000000000006,2026445015,0.3,0.44999999999999996
fig3_community_ve,1084.0,0.30000000000000004,0.3,0,64.48339483394834,16,385.0,2026445016,0.3,0.44999999999999996
fig3_community_ve,1172.0,0.30000000000000004,0.3,0,57.42320819112628,17,498.99999999999994,2026445017,0.3,0.44999999999999996
fig3_community_ve,1058.0,0.30000000000000004,0.3,0,53.40264650283554,18,493.00000000000006,2026445018,0.3,0.44999999999999996
fig3_community_ve,1046.0,0.30000000000000004,0.3,0,62.523900573613766,19,392.0,2026445019,0.3,0.44999999999999996
fig3_community_ve,801.0,0.30000000000000004,0.3,0,51.31086142322097,20,390.0,2026445020,0.3,0.44999999999999996
fig3_community_ve,1010.0,0.30000000000000004,0.3,0,52.17821782178218,21,483.0,2026445021,0.3,0.44999999999999996
fig3_community_ve,1092.0,0.30000000000000004,0.3,0,45.97069597069597,22,590.0,2026445022,0.3,0.44999999999999996
fig3_community_ve,1223.0,0.30000000000000004,0.3,0,54.04742436631235,23,562.0,2026445023,0.3,0.44999999999999996
fig3_community_ve,1066.0,0.30000000000000004,0.3,0,54.690431519699814,24,483.0,2026445024,0.3,0.44999999999999996
fig3_community_ve,1461.0,0.30000000000000004,0.3,0,63.38124572210815,25,535.0,2026445025,0.3,0.44999999999999996
fig3_community_ve,872.0,0.30000000000000004,0.3,0,54.81651376146789,26,394.0,2026445026,0.3,0.44999999999999996
fig3_community_ve,1344.0,0.30000000000000004,0.3,0,60.11904761904762,27,536.0,2026445027,0.3,0.44999999999999996
fig3_community_ve,1250.0,0.30000000000000004,0.3,0,53.2,28,585.0,2026445028,0.3,0.44999999999999996
fig3_community_ve,907.0,0.30000000000000004,0.3,0,61.52149944873209,29,349.0,2026445029,0.3,0.44999999999999996
fig3_community_ve,957.0,0.30000000000000004,0.3,0,49.32079414838036,30,485.0,2026445030,0.3,0.44999999999999996
fig3_community_ve,1507.0,0.30000000000000004,0.3,0,62.242866622428664,31,569.0,2026445031,0.3,0.44999999999999996
fig3_community_ve,775.0,0.30000000000000004,0.3,0,55.74193548387097,32,343.0,2026445032,0.3,0.44999999999999996
fig3_community_ve,1295.0,0.30000000000000004,0.3,0,55.05791505791506,33,582.0,2026445033,0.3,0.44999999999999996
fig3_community_ve,946.0,0.30000000000000004,0.3,0,63.31923890063425,34,347.0,2026445034,0.3,0.44999999999999996
fig3_community_ve,861.9999999999999,0.30000000000000004,0.3,0,45.939675174013914,35,466.0,2026445035,0.3,0.44999999999999996
fig3_community_ve,1500.0,0.30000000000000004,0.3,0,59.4,36,609.0,2026445036,0.3,0.44999999999999996
fig3_community_ve,1155.0,0.30000000000000004,0.3,0,55.58441558441559,37,513.0,2026445037,0.3,0.44999999999999996
fig3_community_ve,1557.0,0.30000000000000004,0.3,0,61.078998073217726,38,606.0,2026445038,0.3,0.44999999999999996
fig3_community_ve,935.0000000000001,0.30000000000000004,0.3,0,54.54545454545455,39,425.00000000000006,2026445039,0.3,0.44999999999999996
fig3_community_ve,1373.0,0.30000000000000004,0.3,0,53.31391114348143,40,641.0,2026445040,0.3,0.44999999999999996
fig3_community_ve,905.0000000000001,0.30000000000000004,0.3,0,53.259668508287305,41,423.0,2026445041,0.3,0.44999999999999996
fig3_community_ve,1162.0,0.30000000000000004,0.3,0,56.626506024096386,42,504.0,2026445042,0.3,0.44999999999999996
fig3_community_ve,1575.0,0.30000000000000004,0.3,0,56.06349206349206,43,692.0,2026445043,0.3,0.44999999999999996
fig3_community_ve,954.0,0.30000000000000004,0.3,0,48.1132075471698,44,495.00000000000006,2026445044,0.3,0.44999999999999996
fig3_community_ve,1173.0,0.30000000000000004,0.3,0,57.45950554134697,45,498.99999999999994,2026445045,0.3,0.44999999999999996
fig3_community_ve,878.0,0.30000000000000004,0.3,0,50.9111617312073,46,430.99999999999994,2026445046,0.3,0.44999999999999996
fig3_community_ve,1025.0,0.30000000000000004,0.3,0,54.146341463414636,47,470.0,2026445047,0.3,0.44999999999999996
fig3_community_ve,1199.0,0.30000000000000004,0.3,0,61.63469557964971,48,460.0,2026445048,0.3,0.44999999999999996
fig3_community_ve,746.0,0.30000000000000004,0.3,0,64.07506702412869,49,268.0,2026445049,0.3,0.44999999999999996
fig3_community_ve,1132.0,0.30000000000000004,0.3,0,54.41696113074205,50,516.0,2026445050,0.3,0.44999999999999996
fig3_community_ve,1294.0,0.30000000000000004,0.3,0,55.409582689335394,51,577.0,2026445051,0.3,0.44999999999999996
fig3_community_ve,860.0,0.30000000000000004,0.3,0,53.95348837209303,52,396.0,2026445052,0.3,0.44999999999999996
fig3_community_ve,1171.0,0.30000000000000004,0.3,0,60.71733561058924,53,460.0,2026445053,0.3,0.44999999999999996
fig3_community_ve,963.9999999999999,0.30000000000000004,0.3,0,62.65560165975103,54,360.0,2026445054,0.3,0.44999999999999996
fig3_community_ve,1193.0,0.30000000000000004,0.3,0,47.77870913663035,55,623.0,2026445055,0.3,0.44999999999999996
fig3_community_ve,1375.0,0.30000000000000004,0.3,0,67.12727272727273,56,451.99999999999994,2026445056,0.3,0.44999999999999996
fig3_community_ve,1284.0,0.30000000000000004,0.3,0,53.11526479750779,57,602.0,2026445057,0.3,0.44999999999999996
fig3_community_ve,1057.0,0.30000000000000004,0.3,0,59.12961210974456,58,432.0,2026445058,0.3,0.44999999999999996
fig3_community_ve,1122.0,0.30000000000000004,0.3,0,52.13903743315508,59,537.0,2026445059,0.3,0.44999999999999996
fig3_community_ve,1349.0,0.30000000000000004,0.3,0,55.3002223869533,60,603.0,2026445060,0.3,0.44999999999999996
fig3_community_ve,797.0,0.30000000000000004,0.3,0,57.590966122961106,61,338.0,2026445061,0.3,0.44999999999999996
fig3_community_ve,1133.0,0.30000000000000004,0.3,0,56.840247131509265,62,489.0,2026445062,0.3,0.44999999999999996
fig3_community_ve,850.0000000000001,0.30000000000000004,0.3,0,68.23529411764707,63,270.0,2026445063,0.3,0.44999999999999996
fig3_community_ve,903.0,0.30000000000000004,0.3,0,56.69988925802879,64,391.0,2026445064,0.3,0.44999999999999996
fig3_community_ve,1446.0,0.30000000000000004,0.3,0,58.09128630705394,65,606.0,2026445065,0.3,0.44999999999999996
fig3_community_ve,935.0000000000001,0.30000000000000004,0.3,0,56.47058823529412,66,407.0,2026445066,0.3,0.44999999999999996
fig3_community_ve,843.0,0.30000000000000004,0.3,0,46.38196915776988,67,451.99999999999994,2026445067,0.3,0.44999999999999996
fig3_community_ve,1146.0,0.30000000000000004,0.3,0,64.92146596858639,68,402.0,2026445068,0.3,0.44999999999999996
fig3_community_ve,1039.0,0.30000000000000004,0.3,0,58.13282001924928,69,434.99999999999994,2026445069,0.3,0.44999999999999996
fig3_community_ve,1518.0,0.30000000000000004,0.3,0,65.74440052700922,70,520.0,2026445070,0.3,0.44999999999999996
fig3_community_ve,899.0,0.30000000000000004,0.3,0,64.07119021134594,71,323.0,2026445071,0.3,0.44999999999999996
fig3_community_ve,1401.0,0.30000000000000004,0.3,0,63.02640970735189,72,518.0,2026445072,0.3,0.44999999999999996
fig3_community_ve,1211.0,0.30000000000000004,0.3,0,59.37241948802642,73,492.0,2026445073,0.3,0.44999999999999996
fig3_community_ve,1210.0,0.30000000000000004,0.3,0,51.074380165289256,74,592.0,2026445074,0.3,0.44999999999999996
fig3_community_ve,979.0,0.30000000000000004,0.3,0,59.34627170582227,75,398.0,2026445075,0.3,0.44999999999999996
fig3_community_ve,632.0,0.30000000000000004,0.3,0,33.70253164556962,76,419.0,2026445076,0.3,0.44999999999999996
fig3_community_ve,1212.0,0.30000000000000004,0.3,0,57.508250825082506,77,515.0,2026445077,0.3,0.44999999999999996
fig3_community_ve,1345.0,0.30000000000000004,0.3,0,63.19702602230483,78,495.00000000000006,2026445078,0.3,0.44999999999999996
fig3_community_ve,1258.0,0.30000000000000004,0.3,0,47.37678855325914,79,662.0,2026445079,0.3,0.44999999999999996
fig3_community_ve,1024.0,0.30000000000000004,0.3,0,62.109375,80,388.0,2026445080,0.3,0.44999999999999996
fig3_community_ve,1637.0,0.30000000000000004,0.3,0,66.15760537568724,81,554.0,2026445081,0.3,0.44999999999999996
fig3_community_ve,1268.0,0.30000000000000004,0.3,0,53.86435331230284,82,585.0,2026445082,0.3,0.44999999999999996
fig3_community_ve,1203.0,0.30000000000000004,0.3,0,64.67165419783873,83,425.00000000000006,2026445083,0.3,0.44999999999999996
fig3_community_ve,827.0,0.30000000000000004,0.3,0,47.521160822249094,84,434.0,2026445084,0.3,0.44999999999999996
fig3_community_ve,928.0,0.30000000000000004,0.3,0,50.32327586206896,85,461.00000000000006,2026445085,0.3,0.44999999999999996
fig3_community_ve,1625.0,0.30000000000000004,0.3,0,60.246153846153845,86,646.0,2026445086,0.3,0.44999999999999996
fig3_community_ve,891.0,0.30000000000000004,0.3,0,59.25925925925926,87,363.0,2026445087,0.3,0.44999999999999996
fig3_community_ve,825.0,0.30000000000000004,0.3,0,54.18181818181818,88,378.0,2026445088,0.3,0.44999999999999996
fig3_community_ve,1043.0,0.30000000000000004,0.3,0,66.92233940556088,89,345.0,2026445089,0.3,0.44999999999999996
fig3_community_ve,1520.0,0.30000000000000004,0.3,0,61.776315789473685,90,581.0,2026445090,0.3,0.44999999999999996
fig3_community_ve,838.0,0.30000000000000004,0.3,0,55.48926014319809,91,373.0,2026445091,0.3,0.44999999999999996
fig3_community_ve,988.0,0.30000000000000004,0.3,0,57.89473684210526,92,415.99999999999994,2026445092,0.3,0.44999999999999996
fig3_community_ve,946.9999999999999,0.30000000000000004,0.3,0,62.302006335797245,93,357.0,2026445093,0.3,0.44999999999999996
fig3_community_ve,1258.0,0.30000000000000004,0.3,0,53.02066772655008,94,591.0,2026445094,0.3,0.44999999999999996
fig3_community_ve,668.0,0.30000000000000004,0.3,0,65.11976047904191,95,233.0,2026445095,0.3,0.44999999999999996
fig3_community_ve,1348.0,0.30000000000000004,0.3,0,54.525222551928785,96,613.0,2026445096,0.3,0.44999999999999996
fig3_community_ve,1213.0,0.30000000000000004,0.3,0,62.40725474031327,97,456.0,2026445097,0.3,0.44999999999999996
fig3_community_ve,1205.0,0.30000000000000004,0.3,0,54.68879668049792,98,546.0,2026445098,0.3,0.44999999999999996
fig3_community_ve,1291.0,0.30000000000000004,0.3,0,63.981409759876065,99,464.99999999999994,2026445099,0.3,0.44999999999999996
fig3_community_ve,1326.0,0.30000000000000004,0.3,0,60.40723981900452,0,525.0,2026446000,0.3,0.6
fig3_community_ve,755.0,0.30000000000000004,0.3,0,60.9271523178808,1,295.0,2026446001,0.3,0.6
fig3_community_ve,1286.0,0.30000000000000004,0.3,0,69.82892690513219,2,388.0,2026446002,0.3,0.6
fig3_community_ve,1139.0,0.30000000000000004,0.3,0,67.77875329236173,3,367.0,2026446003,0.3,0.6
fig3_community_ve,1135.0,0.30000000000000004,0.3,0,72.33480176211454,4,314.0,2026446004,0.3,0.6
fig3_community_ve,1181.0,0.30000000000000004,0.3,0,61.21930567315834,5,458.0,2026446005,0.3,0.6
fig3_community_ve,1070.0,0.30000000000000004,0.3,0,70.5607476635514,6,315.0,2026446006,0.3,0.6
fig3_community_ve,1030.0,0.30000000000000004,0.3,0,59.41747572815534,7,417.99999999999994,2026446007,0.3,0.6
fig3_community_ve,1386.0,0.30000000000000004,0.3,0,62.48196248196248,8,520.0,2026446008,0.3,0.6
fig3_community_ve,1465.0,0.30000000000000004,0.3,0,69.21501706484642,9,451.0,2026446009,0.3,0.6
fig3_community_ve,1300.0,0.30000000000000004,0.3,0,70.07692307692308,10,389.0,2026446010,0.3,0.6
fig3_community_ve,950.0,0.30000000000000004,0.3,0,72.94736842105263,11,257.0,2026446011,0.3,0.6
fig3_community_ve,1520.0,0.30000000000000004,0.3,0,66.11842105263158,12,515.0,2026446012,0.3,0.6
fig3_community_ve,1236.0,0.30000000000000004,0.3,0,66.74757281553399,13,411.0,2026446013,0.3,0.6
fig3_community_ve,1088.0,0.30000000000000004,0.3,0,65.90073529411765,14,371.0,2026446014,0.3,0.6
fig3_community_ve,1185.0,0.30000000000000004,0.3,0,67.25738396624473,15,388.0,2026446015,0.3,0.6
fig3_community_ve,1328.0,0.30000000000000004,0.3,0,62.95180722891566,16,492.0,2026446016,0.3,0.6
fig3_community_ve,978.0,0.30000000000000004,0.3,0,65.23517382413088,17,340.0,2026446017,0.3,0.6
fig3_community_ve,1080.0,0.30000000000000004,0.3,0,67.5925925925926,18,350.0,2026446018,0.3,0.6
fig3_community_ve,1148.0,0.30000000000000004,0.3,0,71.77700348432056,19,324.0,2026446019,0.3,0.6
fig3_community_ve,1373.0,0.30000000000000004,0.3,0,63.656227239621266,20,498.99999999999994,2026446020,0.3,0.6
fig3_community_ve,950.9999999999999,0.30000000000000004,0.3,0,64.0378548895899,21,342.0,2026446021,0.3,0.6
fig3_community_ve,1055.0,0.30000000000000004,0.3,0,67.86729857819905,22,339.0,2026446022,0.3,0.6
fig3_community_ve,928.0,0.30000000000000004,0.3,0,63.25431034482759,23,341.0,2026446023,0.3,0.6
fig3_community_ve,1021.0,0.30000000000000004,0.3,0,66.79725759059745,24,339.0,2026446024,0.3,0.6
fig3_community_ve,1476.0,0.30000000000000004,0.3,0,64.36314363143632,25,526.0,2026446025,0.3,0.6
fig3_community_ve,1027.0,0.30000000000000004,0.3,0,72.05452775073029,26,287.0,2026446026,0.3,0.6
fig3_community_ve,1597.0000000000002,0.30000000000000004,0.3,0,61.86599874765186,27,609.0,2026446027,0.3,0.6
fig3_community_ve,1507.0,0.30000000000000004,0.3,0,69.87392169873922,28,454.0,2026446028,0.3,0.6
fig3_community_ve,817.0,0.30000000000000004,0.3,0,64.13708690330478,29,293.0,2026446029,0.3,0.6
fig3_community_ve,1101.0,0.30000000000000004,0.3,0,68.84650317892824,30,343.0,2026446030,0.3,0.6
fig3_community_ve,1142.0,0.30000000000000004,0.3,0,67.42556917688266,31,372.0,2026446031,0.3,0.6
fig3_community_ve,1049.0,0.30000000000000004,0.3,0,61.20114394661582,32,407.0,2026446032,0.3,0.6
fig3_community_ve,1005.0,0.30000000000000004,0.3,0,66.26865671641791,33,339.0,2026446033,0.3,0.6
fig3_community_ve,1176.0,0.30000000000000004,0.3,0,62.925170068027214,34,436.0,2026446034,0.3,0.6
fig3_community_ve,1207.0,0.30000000000000004,0.3,0,67.35708367854184,35,394.0,2026446035,0.3,0.6
fig3_community_ve,1250.0,0.30000000000000004,0.3,0,64.96,36,438.0,2026446036,0.3,0.6
fig3_community_ve,1195.0,0.30000000000000004,0.3,0,60.50209205020921,37,472.0,2026446037,0.3,0.6
fig3_community_ve,1165.0,0.30000000000000004,0.3,0,68.24034334763948,38,370.0,2026446038,0.3,0.6
fig3_community_ve,784.9999999999999,0.30000000000000004,0.3,0,56.050955414012726,39,345.0,2026446039,0.3,0.6
fig3_community_ve,861.0,0.30000000000000004,0.3,0,62.36933797909408,40,324.0,2026446040,0.3,0.6
fig3_community_ve,1171.0,0.30000000000000004,0.3,0,58.24081981212639,41,489.0,2026446041,0.3,0.6
fig3_community_ve,1164.0,0.30000000000000004,0.3,0,65.80756013745705,42,398.0,2026446042,0.3,0.6
fig3_community_ve,830.0,0.30000000000000004,0.3,0,49.27710843373494,43,421.0,2026446043,0.3,0.6
fig3_community_ve,1408.0,0.30000000000000004,0.3,0,70.88068181818181,44,410.00000000000006,2026446044,0.3,0.6
fig3_community_ve,760.0,0.30000000000000004,0.3,0,62.10526315789474,45,288.0,2026446045,0.3,0.6
fig3_community_ve,1112.0,0.30000000000000004,0.3,0,52.78776978417266,46,525.0,2026446046,0.3,0.6
fig3_community_ve,1186.0,0.30000000000000004,0.3,0,65.51433389544688,47,409.0,2026446047,0.3,0.6
fig3_community_ve,996.0,0.30000000000000004,0.3,0,67.06827309236948,48,328.0,2026446048,0.3,0.6
fig3_community_ve,1535.0,0.30000000000000004,0.3,0,69.25081433224756,49,472.0,2026446049,0.3,0.6
fig3_community_ve,1173.0,0.30000000000000004,0.3,0,60.52855924978687,50,462.99999999999994,2026446050,0.3,0.6
fig3_community_ve,1064.0,0.30000000000000004,0.3,0,81.39097744360902,51,198.0,2026446051,0.3,0.6
fig3_community_ve,973.0000000000001,0.30000000000000004,0.3,0,58.89003083247688,52,400.0,2026446052,0.3,0.6
fig3_community_ve,1172.0,0.30000000000000004,0.3,0,65.95563139931741,53,398.99999999999994,2026446053,0.3,0.6
fig3_community_ve,953.0,0.30000000000000004,0.3,0,61.90975865687303,54,363.0,2026446054,0.3,0.6
fig3_community_ve,1606.0000000000002,0.30000000000000004,0.3,0,69.92528019925281,55,483.0,2026446055,0.3,0.6
fig3_community_ve,740.0,0.30000000000000004,0.3,0,63.513513513513516,56,270.0,2026446056,0.3,0.6
fig3_community_ve,1094.0,0.30000000000000004,0.3,0,60.237659963436926,57,434.99999999999994,2026446057,0.3,0.6
fig3_community_ve,1050.0,0.30000000000000004,0.3,0,64.95238095238095,58,368.0,2026446058,0.3,0.6
fig3_community_ve,1088.0,0.30000000000000004,0.3,0,62.86764705882353,59,404.0,2026446059,0.3,0.6
fig3_community_ve,1259.0,0.30000000000000004,0.3,0,62.5099285146942,60,472.0,2026446060,0.3,0.6
fig3_community_ve,1122.0,0.30000000000000004,0.3,0,62.121212121212125,61,425.00000000000006,2026446061,0.3,0.6
fig3_community_ve,865.9999999999999,0.30000000000000004,0.3,0,66.9745958429561,62,286.0,2026446062,0.3,0.6
fig3_community_ve,874.0,0.30000000000000004,0.3,0,63.61556064073226,63,318.0,2026446063,0.3,0.6
fig3_community_ve,1108.0,0.30000000000000004,0.3,0,53.79061371841155,64,512.0,2026446064,0.3,0.6
fig3_community_ve,1332.0,0.30000000000000004,0.3,0,62.76276276276276,65,496.0,2026446065,0.3,0.6
fig3_community_ve,1095.0,0.30000000000000004,0.3,0,63.013698630136986,66,405.0,2026446066,0.3,0.6
fig3_community_ve,1160.0,0.30000000000000004,0.3,0,66.20689655172414,67,392.0,2026446067,0.3,0.6
fig3_community_ve,1508.0,0.30000000000000004,0.3,0,68.89920424403184,68,469.0,2026446068,0.3,0.6
fig3_community_ve,922.0000000000001,0.30000000000000004,0.3,0,59.978308026030376,69,369.0,2026446069,0.3,0.6
fig3_community_ve,1005.0,0.30000000000000004,0.3,0,65.57213930348259,70,346.0,2026446070,0.3,0.6
fig3_community_ve,1062.0,0.30000000000000004,0.3,0,63.74764595103578,71,385.0,2026446071,0.3,0.6
fig3_community_ve,1150.0,0.30000000000000004,0.3,0,55.30434782608695,72,514.0,2026446072,0.3,0.6
fig3_community_ve,950.0,0.30000000000000004,0.3,0,59.68421052631579,73,383.0,2026446073,0.3,0.6
fig3_community_ve,983.0,0.30000000000000004,0.3,0,60.52899287894201,74,388.0,2026446074,0.3,0.6
fig3_community_ve,1128.0,0.30000000000000004,0.3,0,73.22695035460993,75,302.0,2026446075,0.3,0.6
fig3_community_ve,1267.0,0.30000000000000004,0.3,0,74.58563535911603,76,322.0,2026446076,0.3,0.6
fig3_community_ve,1538.0,0.30000000000000004,0.3,0,67.62028608582575,77,498.0,2026446077,0.3,0.6
fig3_community_ve,1276.0,0.30000000000000004,0.3,0,69.5141065830721,78,389.0,2026446078,0.3,0.6
fig3_community_ve,1192.0,0.30000000000000004,0.3,0,58.97651006711409,79,489.0,2026446079,0.3,0.6
fig3_community_ve,1654.0,0.30000000000000004,0.3,0,71.7049576783555,80,468.0,2026446080,0.3,0.6
fig3_community_ve,1052.0,0.30000000000000004,0.3,0,58.93536121673004,81,432.0,2026446081,0.3,0.6
fig3_community_ve,743.0,0.30000000000000004,0.3,0,43.74158815612383,82,417.99999999999994,2026446082,0.3,0.6
fig3_community_ve,1096.0,0.30000000000000004,0.3,0,70.52919708029196,83,323.0,2026446083,0.3,0.6
fig3_community_ve,941.0,0.30000000000000004,0.3,0,50.05313496280553,84,470.0,2026446084,0.3,0.6
fig3_community_ve,1184.0,0.30000000000000004,0.3,0,65.96283783783784,85,403.0,2026446085,0.3,0.6
fig3_community_ve,1219.0,0.30000000000000004,0.3,0,66.28383921246923,86,411.0,2026446086,0.3,0.6
fig3_community_ve,857.0,0.30000000000000004,0.3,0,62.77712952158693,87,319.0,2026446087,0.3,0.6
fig3_community_ve,1326.0,0.30000000000000004,0.3,0,65.98793363499246,88,451.0,2026446088,0.3,0.6
fig3_community_ve,891.0,0.30000000000000004,0.3,0,59.48372615039282,89,361.0,2026446089,0.3,0.6
fig3_community_ve,1246.0,0.30000000000000004,0.3,0,64.36597110754414,90,444.00000000000006,2026446090,0.3,0.6
fig3_community_ve,1287.0,0.30000000000000004,0.3,0,68.45376845376845,91,406.0,2026446091,0.3,0.6
fig3_community_ve,1663.0,0.30000000000000004,0.3,0,67.64882742032471,92,538.0,2026446092,0.3,0.6
fig3_community_ve,885.0,0.30000000000000004,0.3,0,60.56497175141243,93,349.0,2026446093,0.3,0.6
fig3_community_ve,1150.0,0.30000000000000004,0.3,0,66.43478260869566,94,386.0,2026446094,0.3,0.6
fig3_community_ve,1124.0,0.30000000000000004,0.3,0,72.24199288256227,95,312.0,2026446095,0.3,0.6
fig3_community_ve,1254.0,0.30000000000000004,0.3,0,67.06539074960128,96,413.0,2026446096,0.3,0.6
fig3_community_ve,895.0,0.30000000000000004,0.3,0,53.743016759776545,97,413.99999999999994,2026446097,0.3,0.6
fig3_community_ve,990.0000000000001,0.30000000000000004,0.3,0,74.64646464646465,98,251.0,2026446098,0.3,0.6
fig3_community_ve,772.0,0.30000000000000004,0.3,0,63.86010362694301,99,279.0,2026446099,0.3,0.6
fig3_community_ve,1125.0,0.30000000000000004,0.3,0,71.28888888888889,0,323.0,2026447000,0.3,0.75
fig3_community_ve,1093.0,0.30000000000000004,0.3,0,72.8270814272644,1,297.0,2026447001,0.3,0.75
fig3_community_ve,1120.0,0.30000000000000004,0.3,0,71.25,2,322.0,2026447002,0.3,0.75
fig3_community_ve,1251.0,0.30000000000000004,0.3,0,61.710631494804154,3,479.0,2026447003,0.3,0.75
fig3_community_ve,859.0,0.30000000000000004,0.3,0,70.43073341094296,4,254.00000000000003,2026447004,0.3,0.75
fig3_community_ve,1130.0,0.30000000000000004,0.3,0,67.43362831858407,5,368.0,2026447005,0.3,0.75
fig3_community_ve,950.9999999999999,0.30000000000000004,0.3,0,61.61934805467928,6,365.0,2026447006,0.3,0.75
fig3_community_ve,1211.0,0.30000000000000004,0.3,0,66.39141205615194,7,407.0,2026447007,0.3,0.75
fig3_community_ve,891.0,0.30000000000000004,0.3,0,68.68686868686869,8,279.0,2026447008,0.3,0.75
fig3_community_ve,1056.0,0.30000000000000004,0.3,0,74.81060606060606,9,266.0,2026447009,0.3,0.75
fig3_community_ve,1026.0,0.30000000000000004,0.3,0,62.67056530214425,10,383.0,2026447010,0.3,0.75
fig3_community_ve,1328.0,0.30000000000000004,0.3,0,66.1144578313253,11,449.99999999999994,2026447011,0.3,0.75
fig3_community_ve,1018.0,0.30000000000000004,0.3,0,73.1827111984283,12,273.0,2026447012,0.3,0.75
fig3_community_ve,931.0,0.30000000000000004,0.3,0,74.43609022556392,13,238.00000000000003,2026447013,0.3,0.75
fig3_community_ve,1144.0,0.30000000000000004,0.3,0,76.74825174825175,14,266.0,2026447014,0.3,0.75
fig3_community_ve,939.0000000000001,0.30000000000000004,0.3,0,63.15228966986156,15,346.0,2026447015,0.3,0.75
fig3_community_ve,1272.0,0.30000000000000004,0.3,0,71.22641509433963,16,366.0,2026447016,0.3,0.75
fig3_community_ve,867.0000000000001,0.30000000000000004,0.3,0,65.5132641291811,17,299.0,2026447017,0.3,0.75
fig3_community_ve,1119.0,0.30000000000000004,0.3,0,71.2243074173369,18,322.0,2026447018,0.3,0.75
fig3_community_ve,959.0,0.30000000000000004,0.3,0,61.73096976016684,19,367.0,2026447019,0.3,0.75
fig3_community_ve,1416.0,0.30000000000000004,0.3,0,67.37288135593221,20,462.0,2026447020,0.3,0.75
fig3_community_ve,1240.0,0.30000000000000004,0.3,0,68.95161290322581,21,385.0,2026447021,0.3,0.75
fig3_community_ve,1170.0,0.30000000000000004,0.3,0,67.43589743589743,22,381.0,2026447022,0.3,0.75
fig3_community_ve,1303.0,0.30000000000000004,0.3,0,66.76899462778204,23,432.99999999999994,2026447023,0.3,0.75
fig3_community_ve,984.0,0.30000000000000004,0.3,0,60.77235772357724,24,386.0,2026447024,0.3,0.75
fig3_community_ve,824.0000000000001,0.30000000000000004,0.3,0,56.18932038834952,25,361.0,2026447025,0.3,0.75
fig3_community_ve,996.0,0.30000000000000004,0.3,0,55.42168674698795,26,444.00000000000006,2026447026,0.3,0.75
fig3_community_ve,1244.0,0.30000000000000004,0.3,0,69.13183279742765,27,384.0,2026447027,0.3,0.75
fig3_community_ve,937.0,0.30000000000000004,0.3,0,62.4332977588047,28,352.0,2026447028,0.3,0.75
fig3_community_ve,1108.0,0.30000000000000004,0.3,0,68.14079422382672,29,353.0,2026447029,0.3,0.75
fig3_community_ve,1324.0,0.30000000000000004,0.3,0,69.63746223564955,30,402.0,2026447030,0.3,0.75
fig3_community_ve,1191.0,0.30000000000000004,0.3,0,66.75062972292191,31,396.0,2026447031,0.3,0.75
fig3_community_ve,908.0,0.30000000000000004,0.3,0,67.29074889867842,32,297.0,2026447032,0.3,0.75
fig3_community_ve,1207.0,0.30000000000000004,0.3,0,71.91383595691798,33,339.0,2026447033,0.3,0.75
fig3_community_ve,984.0,0.30000000000000004,0.3,0,61.6869918699187,34,377.0,2026447034,0.3,0.75
fig3_community_ve,1001.0,0.30000000000000004,0.3,0,62.637362637362635,35,374.0,2026447035,0.3,0.75
fig3_community_ve,1131.0,0.30000000000000004,0.3,0,77.36516357206013,36,256.0,2026447036,0.3,0.75
fig3_community_ve,1154.0,0.30000000000000004,0.3,0,69.32409012131716,37,354.0,2026447037,0.3,0.75
fig3_community_ve,1243.0,0.30000000000000004,0.3,0,71.84231697506034,38,350.0,2026447038,0.3,0.75
fig3_community_ve,1332.0,0.30000000000000004,0.3,0,70.1951951951952,39,396.99999999999994,2026447039,0.3,0.75
fig3_community_ve,1205.0,0.30000000000000004,0.3,0,68.13278008298755,40,384.0,2026447040,0.3,0.75
fig3_community_ve,783.0,0.30000000000000004,0.3,0,65.51724137931035,41,270.0,2026447041,0.3,0.75
fig3_community_ve,852.9999999999999,0.30000000000000004,0.3,0,73.03634232121922,42,230.0,2026447042,0.3,0.75
fig3_community_ve,895.9999999999999,0.30000000000000004,0.3,0,62.72321428571428,43,334.0,2026447043,0.3,0.75
fig3_community_ve,1347.0,0.30000000000000004,0.3,0,64.66221232368225,44,476.00000000000006,2026447044,0.3,0.75
fig3_community_ve,878.0,0.30000000000000004,0.3,0,55.58086560364465,45,390.0,2026447045,0.3,0.75
fig3_community_ve,1216.0,0.30000000000000004,0.3,0,68.66776315789474,46,381.0,2026447046,0.3,0.75
fig3_community_ve,1314.0,0.30000000000000004,0.3,0,67.88432267884323,47,422.0,2026447047,0.3,0.75
fig3_community_ve,1197.0,0.30000000000000004,0.3,0,63.57560568086884,48,436.0,2026447048,0.3,0.75
fig3_community_ve,1488.0,0.30000000000000004,0.3,0,72.24462365591398,49,413.0,2026447049,0.3,0.75
fig3_community_ve,831.0,0.30000000000000004,0.3,0,60.04813477737665,50,332.0,2026447050,0.3,0.75
fig3_community_ve,1169.0,0.30000000000000004,0.3,0,75.7912745936698,51,283.0,2026447051,0.3,0.75
fig3_community_ve,847.0,0.30000000000000004,0.3,0,59.031877213695395,52,347.0,2026447052,0.3,0.75
fig3_community_ve,895.0,0.30000000000000004,0.3,0,74.30167597765363,53,230.0,2026447053,0.3,0.75
fig3_community_ve,1191.0,0.30000000000000004,0.3,0,69.1855583543241,54,367.0,2026447054,0.3,0.75
fig3_community_ve,1010.0,0.30000000000000004,0.3,0,69.9009900990099,55,304.0,2026447055,0.3,0.75
fig3_community_ve,797.0,0.30000000000000004,0.3,0,71.64366373902133,56,225.99999999999997,2026447056,0.3,0.75
fig3_community_ve,920.0,0.30000000000000004,0.3,0,60.32608695652174,57,365.0,2026447057,0.3,0.75
fig3_community_ve,1139.0,0.30000000000000004,0.3,0,68.39332748024583,58,360.0,2026447058,0.3,0.75
fig3_community_ve,712.0,0.30000000000000004,0.3,0,54.49438202247191,59,324.0,2026447059,0.3,0.75
fig3_community_ve,1218.0,0.30000000000000004,0.3,0,71.01806239737274,60,353.0,2026447060,0.3,0.75
fig3_community_ve,1403.0,0.30000000000000004,0.3,0,72.9864575908767,61,379.0,2026447061,0.3,0.75
fig3_community_ve,954.0,0.30000000000000004,0.3,0,69.39203354297693,62,292.0,2026447062,0.3,0.75
fig3_community_ve,1201.0,0.30000000000000004,0.3,0,67.77685262281432,63,387.0,2026447063,0.3,0.75
fig3_community_ve,1242.0,0.30000000000000004,0.3,0,68.51851851851852,64,391.0,2026447064,0.3,0.75
fig3_community_ve,1010.9999999999999,0.30000000000000004,0.3,0,65.77645895153313,65,346.0,2026447065,0.3,0.75
fig3_community_ve,723.0,0.30000000000000004,0.3,0,72.06085753803596,66,202.0,2026447066,0.3,0.75
fig3_community_ve,979.0,0.30000000000000004,0.3,0,71.8079673135853,67,276.0,2026447067,0.3,0.75
fig3_community_ve,907.0,0.30000000000000004,0.3,0,48.070562293274534,68,471.0,2026447068,0.3,0.75
fig3_community_ve,873.0,0.30000000000000004,0.3,0,66.20847651775487,69,295.0,2026447069,0.3,0.75
fig3_community_ve,1320.0,0.30000000000000004,0.3,0,67.87878787878788,70,424.0,2026447070,0.3,0.75
fig3_community_ve,842.0,0.30000000000000004,0.3,0,64.13301662707839,71,302.0,2026447071,0.3,0.75
fig3_community_ve,924.0,0.30000000000000004,0.3,0,74.89177489177489,72,232.0,2026447072,0.3,0.75
fig3_community_ve,1027.0,0.30000000000000004,0.3,0,62.901655306718595,73,381.0,2026447073,0.3,0.75
fig3_community_ve,809.0,0.30000000000000004,0.3,0,52.65760197775031,74,383.0,2026447074,0.3,0.75
fig3_community_ve,976.0,0.30000000000000004,0.3,0,66.0860655737705,75,331.0,2026447075,0.3,0.75
fig3_community_ve,920.0,0.30000000000000004,0.3,0,64.56521739130434,76,326.0,2026447076,0.3,0.75
fig3_community_ve,974.0,0.30000000000000004,0.3,0,63.96303901437371,77,351.0,2026447077,0.3,0.75
fig3_community_ve,1084.0,0.30000000000000004,0.3,0,62.45387453874539,78,407.0,2026447078,0.3,0.75
fig3_community_ve,1003.0000000000001,0.30000000000000004,0.3,0,65.20438683948156,79,349.0,2026447079,0.3,0.75
fig3_community_ve,1007.0000000000001,0.30000000000000004,0.3,0,63.85302879841113,80,364.0,2026447080,0.3,0.75
fig3_community_ve,1013.0,0.30000000000000004,0.3,0,69.69397828232971,81,307.0,2026447081,0.3,0.75
fig3_community_ve,1037.0,0.30000000000000004,0.3,0,67.11668273866924,82,341.0,2026447082,0.3,0.75
fig3_community_ve,1037.0,0.30000000000000004,0.3,0,75.31340405014465,83,256.0,2026447083,0.3,0.75
fig3_community_ve,1372.0,0.30000000000000004,0.3,0,67.71137026239067,84,443.0,2026447084,0.3,0.75
fig3_community_ve,1299.0,0.30000000000000004,0.3,0,73.13317936874519,85,349.0,2026447085,0.3,0.75
fig3_community_ve,852.0,0.30000000000000004,0.3,0,60.798122065727696,86,334.0,2026447086,0.3,0.75
fig3_community_ve,1343.0,0.30000000000000004,0.3,0,68.20551005212211,87,427.00000000000006,2026447087,0.3,0.75
fig3_community_ve,746.0,0.30000000000000004,0.3,0,64.47721179624665,88,265.0,2026447088,0.3,0.75
fig3_community_ve,1214.0,0.30000000000000004,0.3,0,62.10873146622735,89,460.0,2026447089,0.3,0.75
fig3_community_ve,966.0,0.30000000000000004,0.3,0,70.28985507246377,90,287.0,2026447090,0.3,0.75
fig3_community_ve,922.0000000000001,0.30000000000000004,0.3,0,71.47505422993493,91,263.0,2026447091,0.3,0.75
fig3_community_ve,1223.0,0.30000000000000004,0.3,0,69.5829926410466,92,372.0,2026447092,0.3,0.75
fig3_community_ve,1081.0,0.30000000000000004,0.3,0,70.67530064754857,93,317.0,2026447093,0.3,0.75
fig3_community_ve,823.0,0.30000000000000004,0.3,0,60.02430133657351,94,329.0,2026447094,0.3,0.75
fig3_community_ve,1507.0,0.30000000000000004,0.3,0,74.05441274054412,95,391.0,2026447095,0.3,0.75
fig3_community_ve,1083.0,0.30000000000000004,0.3,0,68.97506925207756,96,336.0,2026447096,0.3,0.75
fig3_community_ve,925.9999999999999,0.30000000000000004,0.3,0,73.2181425485961,97,248.0,2026447097,0.3,0.75
fig3_community_ve,1575.0,0.30000000000000004,0.3,0,75.61904761904762,98,384.0,2026447098,0.3,0.75
fig3_community_ve,764.0,0.30000000000000004,0.3,0,66.09947643979058,99,259.0,2026447099,0.3,0.75
fig3_community_ve,1346.0,0.30000000000000004,0.3,0,69.83655274888558,0,406.0,2026448000,0.3,0.9
fig3_community_ve,1288.0,0.30000000000000004,0.3,0,78.88198757763975,1,272.0,2026448001,0.3,0.9
fig3_community_ve,753.0,0.30000000000000004,0.3,0,66.40106241699867,2,253.0,2026448002,0.3,0.9
fig3_community_ve,916.0,0.30000000000000004,0.3,0,72.2707423580786,3,254.00000000000003,2026448003,0.3,0.9
fig3_community_ve,975.0,0.30000000000000004,0.3,0,65.64102564102564,4,335.0,2026448004,0.3,0.9
fig3_community_ve,1083.0,0.30000000000000004,0.3,0,71.09879963065559,5,313.0,2026448005,0.3,0.9
fig3_community_ve,1160.0,0.30000000000000004,0.3,0,69.74137931034483,6,351.0,2026448006,0.3,0.9
fig3_community_ve,1042.0,0.30000000000000004,0.3,0,73.51247600767755,7,276.0,2026448007,0.3,0.9
fig3_community_ve,1030.0,0.30000000000000004,0.3,0,76.11650485436893,8,246.0,2026448008,0.3,0.9
fig3_community_ve,903.9999999999999,0.30000000000000004,0.3,0,67.69911504424778,9,292.0,2026448009,0.3,0.9
fig3_community_ve,854.0000000000001,0.30000000000000004,0.3,0,62.9976580796253,10,316.0,2026448010,0.3,0.9
fig3_community_ve,969.0000000000001,0.30000000000000004,0.3,0,64.9122807017544,11,340.0,2026448011,0.3,0.9
fig3_community_ve,972.0,0.30000000000000004,0.3,0,67.38683127572017,12,317.0,2026448012,0.3,0.9
fig3_community_ve,1021.0,0.30000000000000004,0.3,0,69.3437806072478,13,313.0,2026448013,0.3,0.9
fig3_community_ve,1060.0,0.30000000000000004,0.3,0,69.62264150943396,14,322.0,2026448014,0.3,0.9
fig3_community_ve,1385.0,0.30000000000000004,0.3,0,73.50180505415162,15,367.0,2026448015,0.3,0.9
fig3_community_ve,1256.0,0.30000000000000004,0.3,0,79.21974522292993,16,261.0,2026448016,0.3,0.9
fig3_community_ve,775.0,0.30000000000000004,0.3,0,69.54838709677419,17,236.0,2026448017,0.3,0.9
fig3_community_ve,1091.0,0.30000000000000004,0.3,0,60.219981668194315,18,434.0,2026448018,0.3,0.9
fig3_community_ve,1171.0,0.30000000000000004,0.3,0,76.51579846285226,19,275.0,2026448019,0.3,0.9
fig3_community_ve,1067.0,0.30000000000000004,0.3,0,71.32146204311152,20,306.0,2026448020,0.3,0.9
fig3_community_ve,1299.0,0.30000000000000004,0.3,0,77.21324095458044,21,296.0,2026448021,0.3,0.9
fig3_community_ve,1235.0,0.30000000000000004,0.3,0,63.1578947368421,22,455.0,2026448022,0.3,0.9
fig3_community_ve,1097.0,0.30000000000000004,0.3,0,64.63081130355515,23,388.0,2026448023,0.3,0.9
fig3_community_ve,1222.0,0.30000000000000004,0.3,0,72.58592471358429,24,335.0,2026448024,0.3,0.9
fig3_community_ve,667.0,0.30000000000000004,0.3,0,62.21889055472264,25,252.0,2026448025,0.3,0.9
fig3_community_ve,847.0,0.30000000000000004,0.3,0,58.20543093270366,26,354.0,2026448026,0.3,0.9
fig3_community_ve,1295.0,0.30000000000000004,0.3,0,69.72972972972973,27,392.0,2026448027,0.3,0.9
fig3_community_ve,881.0,0.30000000000000004,0.3,0,69.69353007945516,28,267.0,2026448028,0.3,0.9
fig3_community_ve,929.0,0.30000000000000004,0.3,0,69.96770721205597,29,279.0,2026448029,0.3,0.9
fig3_community_ve,1443.0,0.30000000000000004,0.3,0,70.89397089397089,30,420.0,2026448030,0.3,0.9
fig3_community_ve,982.0000000000001,0.30000000000000004,0.3,0,68.53360488798371,31,309.0,2026448031,0.3,0.9
fig3_community_ve,1107.0,0.30000000000000004,0.3,0,73.17073170731707,32,297.0,2026448032,0.3,0.9
fig3_community_ve,1274.0,0.30000000000000004,0.3,0,74.17582417582418,33,329.0,2026448033,0.3,0.9
fig3_community_ve,1206.0,0.30000000000000004,0.3,0,69.32006633499171,34,370.0,2026448034,0.3,0.9
fig3_community_ve,1358.0,0.30000000000000004,0.3,0,71.64948453608247,35,385.0,2026448035,0.3,0.9
fig3_community_ve,1292.0,0.30000000000000004,0.3,0,70.12383900928792,36,386.0,2026448036,0.3,0.9
fig3_community_ve,935.0000000000001,0.30000000000000004,0.3,0,69.19786096256685,37,288.0,2026448037,0.3,0.9
fig3_community_ve,1158.0,0.30000000000000004,0.3,0,70.98445595854922,38,336.0,2026448038,0.3,0.9
fig3_community_ve,967.0,0.30000000000000004,0.3,0,75.59462254395036,39,236.0,2026448039,0.3,0.9
fig3_community_ve,1130.0,0.30000000000000004,0.3,0,68.40707964601769,40,357.0,2026448040,0.3,0.9
fig3_community_ve,1054.0,0.30000000000000004,0.3,0,68.21631878557875,41,335.0,2026448041,0.3,0.9
fig3_community_ve,847.0,0.30000000000000004,0.3,0,71.42857142857143,42,241.99999999999997,2026448042,0.3,0.9
fig3_community_ve,1046.0,0.30000000000000004,0.3,0,66.25239005736138,43,353.0,2026448043,0.3,0.9
fig3_community_ve,1198.0,0.30000000000000004,0.3,0,63.27212020033389,44,440.0,2026448044,0.3,0.9
fig3_community_ve,1207.0,0.30000000000000004,0.3,0,71.08533554266778,45,349.0,2026448045,0.3,0.9
fig3_community_ve,1467.0,0.30000000000000004,0.3,0,76.20995228357191,46,349.0,2026448046,0.3,0.9
fig3_community_ve,1489.0,0.30000000000000004,0.3,0,76.76292813969107,47,346.0,2026448047,0.3,0.9
fig3_community_ve,1112.0,0.30000000000000004,0.3,0,72.4820143884892,48,306.0,2026448048,0.3,0.9
fig3_community_ve,1636.0,0.30000000000000004,0.3,0,72.73838630806846,49,446.00000000000006,2026448049,0.3,0.9
fig3_community_ve,1249.0,0.30000000000000004,0.3,0,71.33706965572458,50,358.0,2026448050,0.3,0.9
fig3_community_ve,766.0,0.30000000000000004,0.3,0,68.79895561357702,51,239.00000000000003,2026448051,0.3,0.9
fig3_community_ve,1216.0,0.30000000000000004,0.3,0,72.1217105263158,52,339.0,2026448052,0.3,0.9
fig3_community_ve,1400.0,0.30000000000000004,0.3,0,75.0,53,350.0,2026448053,0.3,0.9
fig3_community_ve,1163.0,0.30000000000000004,0.3,0,72.48495270851247,54,320.0,2026448054,0.3,0.9
fig3_community_ve,1254.0,0.30000000000000004,0.3,0,70.01594896331738,55,376.0,2026448055,0.3,0.9
fig3_community_ve,1028.0,0.30000000000000004,0.3,0,75.38910505836576,56,253.0,2026448056,0.3,0.9
fig3_community_ve,1018.9999999999999,0.30000000000000004,0.3,0,69.67615309126595,57,309.0,2026448057,0.3,0.9
fig3_community_ve,1055.0,0.30000000000000004,0.3,0,69.00473933649289,58,327.0,2026448058,0.3,0.9
fig3_community_ve,915.0,0.30000000000000004,0.3,0,72.24043715846994,59,254.00000000000003,2026448059,0.3,0.9
fig3_community_ve,1052.0,0.30000000000000004,0.3,0,73.28897338403041,60,281.0,2026448060,0.3,0.9
fig3_community_ve,1341.0,0.30000000000000004,0.3,0,76.1372110365399,61,320.0,2026448061,0.3,0.9
fig3_community_ve,1218.0,0.30000000000000004,0.3,0,67.15927750410509,62,400.0,2026448062,0.3,0.9
fig3_community_ve,801.9999999999999,0.30000000000000004,0.3,0,67.20698254364089,63,263.0,2026448063,0.3,0.9
fig3_community_ve,831.0,0.30000000000000004,0.3,0,67.7496991576414,64,268.0,2026448064,0.3,0.9
fig3_community_ve,1190.0,0.30000000000000004,0.3,0,68.73949579831933,65,372.0,2026448065,0.3,0.9
fig3_community_ve,961.0,0.30000000000000004,0.3,0,76.69094693028096,66,223.99999999999997,2026448066,0.3,0.9
fig3_community_ve,903.9999999999999,0.30000000000000004,0.3,0,75.44247787610618,67,222.00000000000003,2026448067,0.3,0.9
fig3_community_ve,1281.0,0.30000000000000004,0.3,0,72.98985167837627,68,346.0,2026448068,0.3,0.9
fig3_community_ve,1342.0,0.30000000000000004,0.3,0,67.06408345752608,69,442.00000000000006,2026448069,0.3,0.9
fig3_community_ve,1053.0,0.30000000000000004,0.3,0,65.52706552706553,70,363.0,2026448070,0.3,0.9
fig3_community_ve,1473.0,0.30000000000000004,0.3,0,69.24643584521385,71,453.0,2026448071,0.3,0.9
fig3_community_ve,847.0,0.30000000000000004,0.3,0,59.74025974025974,72,341.0,2026448072,0.3,0.9
fig3_community_ve,898.0,0.30000000000000004,0.3,0,65.03340757238307,73,314.0,2026448073,0.3,0.9
fig3_community_ve,1182.0,0.30000000000000004,0.3,0,73.01184433164129,74,319.0,2026448074,0.3,0.9
fig3_community_ve,1022.0,0.30000000000000004,0.3,0,60.1761252446184,75,407.0,2026448075,0.3,0.9
fig3_community_ve,1168.0,0.30000000000000004,0.3,0,61.215753424657535,76,453.0,2026448076,0.3,0.9
fig3_community_ve,1016.0000000000001,0.30000000000000004,0.3,0,77.75590551181102,77,225.99999999999997,2026448077,0.3,0.9
fig3_community_ve,871.0000000000001,0.30000000000000004,0.3,0,66.36050516647532,78,293.0,2026448078,0.3,0.9
fig3_community_ve,801.0,0.30000000000000004,0.3,0,76.52933832709114,79,188.0,2026448079,0.3,0.9
fig3_community_ve,1157.0,0.30000000000000004,0.3,0,74.76231633535005,80,292.0,2026448080,0.3,0.9
fig3_community_ve,1020.0000000000001,0.30000000000000004,0.3,0,70.39215686274511,81,302.0,2026448081,0.3,0.9
fig3_community_ve,916.9999999999999,0.30000000000000004,0.3,0,64.66739367502726,82,324.0,2026448082,0.3,0.9
fig3_community_ve,695.0,0.30000000000000004,0.3,0,56.115107913669064,83,305.0,2026448083,0.3,0.9
fig3_community_ve,1233.0,0.30000000000000004,0.3,0,71.77615571776155,84,348.0,2026448084,0.3,0.9
fig3_community_ve,1137.0,0.30000000000000004,0.3,0,64.2919964819701,85,406.0,2026448085,0.3,0.9
fig3_community_ve,1040.0,0.30000000000000004,0.3,0,71.34615384615384,86,298.0,2026448086,0.3,0.9
fig3_community_ve,1085.0,0.30000000000000004,0.3,0,68.47926267281106,87,342.0,2026448087,0.3,0.9
fig3_community_ve,1407.0,0.30000000000000004,0.3,0,78.3226723525231,88,305.0,2026448088,0.3,0.9
fig3_community_ve,788.0,0.30000000000000004,0.3,0,57.994923857868024,89,331.0,2026448089,0.3,0.9
fig3_community_ve,856.0,0.30000000000000004,0.3,0,67.64018691588785,90,277.0,2026448090,0.3,0.9
fig3_community_ve,1535.0,0.30000000000000004,0.3,0,67.23127035830619,91,503.0,2026448091,0.3,0.9
fig3_community_ve,950.9999999999999,0.30000000000000004,0.3,0,69.08517350157727,92,294.0,2026448092,0.3,0.9
fig3_community_ve,1107.0,0.30000000000000004,0.3,0,63.866305329719964,93,400.0,2026448093,0.3,0.9
fig3_community_ve,493.00000000000006,0.30000000000000004,0.3,0,69.5740365111562,94,150.0,2026448094,0.3,0.9
fig3_community_ve,1107.0,0.30000000000000004,0.3,0,66.03432700993676,95,376.0,2026448095,0.3,0.9
fig3_community_ve,1250.0,0.30000000000000004,0.3,0,64.96,96,438.0,2026448096,0.3,0.9
fig3_community_ve,848.0,0.30000000000000004,0.3,0,66.86320754716981,97,281.0,2026448097,0.3,0.9
fig3_community_ve,992.0,0.30000000000000004,0.3,0,67.43951612903226,98,323.0,2026448098,0.3,0.9
fig3_community_ve,989.0,0.30000000000000004,0.3,0,60.364004044489384,99,392.0,2026448099,0.3,0.9
fig3_community_ve,1088.0,0.4,0.3,0,0.0,0,1088.0,2026449000,0.3,0.0
fig3_community_ve,1279.0,0.4,0.3,0,0.0,1,1279.0,2026449001,0.3,0.0
fig3_community_ve,1174.0,0.4,0.3,0,0.0,2,1174.0,2026449002,0.3,0.0
fig3_community_ve,1029.0,0.4,0.3,0,0.0,3,1029.0,2026449003,0.3,0.0
fig3_community_ve,1169.0,0.4,0.3,0,0.0,4,1169.0,2026449004,0.3,0.0
fig3_community_ve,1426.0,0.4,0.3,0,0.0,5,1426.0,2026449005,0.3,0.0
fig3_community_ve,1355.0,0.4,0.3,0,0.0,6,1355.0,2026449006,0.3,0.0
fig3_community_ve,1200.0,0.4,0.3,0,0.0,7,1200.0,2026449007,0.3,0.0
fig3_community_ve,903.9999999999999,0.4,0.3,0,0.0,8,903.9999999999999,2026449008,0.3,0.0
fig3_community_ve,1444.0,0.4,0.3,0,0.0,9,1444.0,2026449009,0.3,0.0
fig3_community_ve,1000.0,0.4,0.3,0,0.0,10,1000.0,2026449010,0.3,0.0
fig3_community_ve,760.0,0.4,0.3,0,0.0,11,760.0,2026449011,0.3,0.0
fig3_community_ve,1143.0,0.4,0.3,0,0.0,12,1143.0,2026449012,0.3,0.0
fig3_community_ve,1525.0,0.4,0.3,0,0.0,13,1525.0,2026449013,0.3,0.0
fig3_community_ve,1087.0,0.4,0.3,0,0.0,14,1087.0,2026449014,0.3,0.0
fig3_community_ve,973.0000000000001,0.4,0.3,0,0.0,15,973.0000000000001,2026449015,0.3,0.0
fig3_community_ve,1060.0,0.4,0.3,0,0.0,16,1060.0,2026449016,0.3,0.0
fig3_community_ve,1209.0,0.4,0.3,0,0.0,17,1209.0,2026449017,0.3,0.0
fig3_community_ve,1112.0,0.4,0.3,0,0.0,18,1112.0,2026449018,0.3,0.0
fig3_community_ve,1377.0,0.4,0.3,0,0.0,19,1377.0,2026449019,0.3,0.0
fig3_community_ve,826.0,0.4,0.3,0,0.0,20,826.0,2026449020,0.3,0.0
fig3_community_ve,696.0,0.4,0.3,0,0.0,21,696.0,2026449021,0.3,0.0
fig3_community_ve,1204.0,0.4,0.3,0,0.0,22,1204.0,2026449022,0.3,0.0
fig3_community_ve,1038.0,0.4,0.3,0,0.0,23,1038.0,2026449023,0.3,0.0
fig3_community_ve,905.0000000000001,0.4,0.3,0,0.0,24,905.0000000000001,2026449024,0.3,0.0
fig3_community_ve,1417.0,0.4,0.3,0,0.0,25,1417.0,2026449025,0.3,0.0
fig3_community_ve,1304.0,0.4,0.3,0,0.0,26,1304.0,2026449026,0.3,0.0
fig3_community_ve,1100.0,0.4,0.3,0,0.0,27,1100.0,2026449027,0.3,0.0
fig3_community_ve,1004.0,0.4,0.3,0,0.0,28,1004.0,2026449028,0.3,0.0
fig3_community_ve,916.0,0.4,0.3,0,0.0,29,916.0,2026449029,0.3,0.0
fig3_community_ve,886.0,0.4,0.3,0,0.0,30,886.0,2026449030,0.3,0.0
fig3_community_ve,997.0,0.4,0.3,0,0.0,31,997.0,2026449031,0.3,0.0
fig3_community_ve,1218.0,0.4,0.3,0,0.0,32,1218.0,2026449032,0.3,0.0
fig3_community_ve,1204.0,0.4,0.3,0,0.0,33,1204.0,2026449033,0.3,0.0
fig3_community_ve,1027.0,0.4,0.3,0,0.0,34,1027.0,2026449034,0.3,0.0
fig3_community_ve,827.9999999999999,0.4,0.3,0,0.0,35,827.9999999999999,2026449035,0.3,0.0
fig3_community_ve,847.0,0.4,0.3,0,0.0,36,847.0,2026449036,0.3,0.0
fig3_community_ve,818.9999999999999,0.4,0.3,0,0.0,37,818.9999999999999,2026449037,0.3,0.0
fig3_community_ve,1097.0,0.4,0.3,0,0.0,38,1097.0,2026449038,0.3,0.0
fig3_community_ve,1016.0000000000001,0.4,0.3,0,0.0,39,1016.0000000000001,2026449039,0.3,0.0
fig3_community_ve,1051.0,0.4,0.3,0,0.0,40,1051.0,2026449040,0.3,0.0
fig3_community_ve,1090.0,0.4,0.3,0,0.0,41,1090.0,2026449041,0.3,0.0
fig3_community_ve,1061.0,0.4,0.3,0,0.0,42,1061.0,2026449042,0.3,0.0
fig3_community_ve,1165.0,0.4,0.3,0,0.0,43,1165.0,2026449043,0.3,0.0
fig3_community_ve,1308.0,0.4,0.3,0,0.0,44,1308.0,2026449044,0.3,0.0
fig3_community_ve,1361.0,0.4,0.3,0,0.0,45,1361.0,2026449045,0.3,0.0
fig3_community_ve,1196.0,0.4,0.3,0,0.0,46,1196.0,2026449046,0.3,0.0
fig3_community_ve,1087.0,0.4,0.3,0,0.0,47,1087.0,2026449047,0.3,0.0
fig3_community_ve,1076.0,0.4,0.3,0,0.0,48,1076.0,2026449048,0.3,0.0
fig3_community_ve,933.0,0.4,0.3,0,0.0,49,933.0,2026449049,0.3,0.0
fig3_community_ve,748.0,0.4,0.3,0,0.0,50,748.0,2026449050,0.3,0.0
fig3_community_ve,1115.0,0.4,0.3,0,0.0,51,1115.0,2026449051,0.3,0.0
fig3_community_ve,860.0,0.4,0.3,0,0.0,52,860.0,2026449052,0.3,0.0
fig3_community_ve,1177.0,0.4,0.3,0,0.0,53,1177.0,2026449053,0.3,0.0
fig3_community_ve,1223.0,0.4,0.3,0,0.0,54,1223.0,2026449054,0.3,0.0
fig3_community_ve,1416.0,0.4,0.3,0,0.0,55,1416.0,2026449055,0.3,0.0
fig3_community_ve,1184.0,0.4,0.3,0,0.0,56,1184.0,2026449056,0.3,0.0
fig3_community_ve,932.0,0.4,0.3,0,0.0,57,932.0,2026449057,0.3,0.0
fig3_community_ve,1163.0,0.4,0.3,0,0.0,58,1163.0,2026449058,0.3,0.0
fig3_community_ve,1491.0,0.4,0.3,0,0.0,59,1491.0,2026449059,0.3,0.0
fig3_community_ve,1128.0,0.4,0.3,0,0.0,60,1128.0,2026449060,0.3,0.0
fig3_community_ve,1351.0,0.4,0.3,0,0.0,61,1351.0,2026449061,0.3,0.0
fig3_community_ve,1338.0,0.4,0.3,0,0.0,62,1338.0,2026449062,0.3,0.0
fig3_community_ve,945.0,0.4,0.3,0,0.0,63,945.0,2026449063,0.3,0.0
fig3_community_ve,889.0,0.4,0.3,0,0.0,64,889.0,2026449064,0.3,0.0
fig3_community_ve,914.0,0.4,0.3,0,0.0,65,914.0,2026449065,0.3,0.0
fig3_community_ve,1474.0,0.4,0.3,0,0.0,66,1474.0,2026449066,0.3,0.0
fig3_community_ve,950.0,0.4,0.3,0,0.0,67,950.0,2026449067,0.3,0.0
fig3_community_ve,1075.0,0.4,0.3,0,0.0,68,1075.0,2026449068,0.3,0.0
fig3_community_ve,1250.0,0.4,0.3,0,0.0,69,1250.0,2026449069,0.3,0.0
fig3_community_ve,1393.0,0.4,0.3,0,0.0,70,1393.0,2026449070,0.3,0.0
fig3_community_ve,959.9999999999999,0.4,0.3,0,0.0,71,959.9999999999999,2026449071,0.3,0.0
fig3_community_ve,1593.0,0.4,0.3,0,0.0,72,1593.0,2026449072,0.3,0.0
fig3_community_ve,931.0,0.4,0.3,0,0.0,73,931.0,2026449073,0.3,0.0
fig3_community_ve,1486.0,0.4,0.3,0,0.0,74,1486.0,2026449074,0.3,0.0
fig3_community_ve,803.0000000000001,0.4,0.3,0,0.0,75,803.0000000000001,2026449075,0.3,0.0
fig3_community_ve,891.0,0.4,0.3,0,0.0,76,891.0,2026449076,0.3,0.0
fig3_community_ve,852.0,0.4,0.3,0,0.0,77,852.0,2026449077,0.3,0.0
fig3_community_ve,1603.9999999999998,0.4,0.3,0,0.0,78,1603.9999999999998,2026449078,0.3,0.0
fig3_community_ve,1298.0,0.4,0.3,0,0.0,79,1298.0,2026449079,0.3,0.0
fig3_community_ve,889.0,0.4,0.3,0,0.0,80,889.0,2026449080,0.3,0.0
fig3_community_ve,1128.0,0.4,0.3,0,0.0,81,1128.0,2026449081,0.3,0.0
fig3_community_ve,1360.0,0.4,0.3,0,0.0,82,1360.0,2026449082,0.3,0.0
fig3_community_ve,1293.0,0.4,0.3,0,0.0,83,1293.0,2026449083,0.3,0.0
fig3_community_ve,1247.0,0.4,0.3,0,0.0,84,1247.0,2026449084,0.3,0.0
fig3_community_ve,684.0,0.4,0.3,0,0.0,85,684.0,2026449085,0.3,0.0
fig3_community_ve,1051.0,0.4,0.3,0,0.0,86,1051.0,2026449086,0.3,0.0
fig3_community_ve,1035.0,0.4,0.3,0,0.0,87,1035.0,2026449087,0.3,0.0
fig3_community_ve,1352.0,0.4,0.3,0,0.0,88,1352.0,2026449088,0.3,0.0
fig3_community_ve,1332.0,0.4,0.3,0,0.0,89,1332.0,2026449089,0.3,0.0
fig3_community_ve,1284.0,0.4,0.3,0,0.0,90,1284.0,2026449090,0.3,0.0
fig3_community_ve,1189.0,0.4,0.3,0,0.0,91,1189.0,2026449091,0.3,0.0
fig3_community_ve,1270.0,0.4,0.3,0,0.0,92,1270.0,2026449092,0.3,0.0
fig3_community_ve,1003.0000000000001,0.4,0.3,0,0.0,93,1003.0000000000001,2026449093,0.3,0.0
fig3_community_ve,1129.0,0.4,0.3,0,0.0,94,1129.0,2026449094,0.3,0.0
fig3_community_ve,1005.0,0.4,0.3,0,0.0,95,1005.0,2026449095,0.3,0.0
fig3_community_ve,1167.0,0.4,0.3,0,0.0,96,1167.0,2026449096,0.3,0.0
fig3_community_ve,976.0,0.4,0.3,0,0.0,97,976.0,2026449097,0.3,0.0
fig3_community_ve,972.0,0.4,0.3,0,0.0,98,972.0,2026449098,0.3,0.0
fig3_community_ve,1536.0,0.4,0.3,0,0.0,99,1536.0,2026449099,0.3,0.0
fig3_community_ve,1343.0,0.4,0.3,0,52.56887565152643,0,637.0,2026450000,0.3,0.15
fig3_community_ve,976.0,0.4,0.3,0,43.23770491803279,1,554.0,2026450001,0.3,0.15
fig3_community_ve,1242.0,0.4,0.3,0,34.21900161030596,2,817.0,2026450002,0.3,0.15
fig3_community_ve,969.0000000000001,0.4,0.3,0,50.05159958720331,3,483.99999999999994,2026450003,0.3,0.15
fig3_community_ve,1421.0,0.4,0.3,0,52.28712174524983,4,678.0,2026450004,0.3,0.15
fig3_community_ve,1018.9999999999999,0.4,0.3,0,45.82924435721294,5,552.0,2026450005,0.3,0.15
fig3_community_ve,938.0,0.4,0.3,0,46.695095948827294,6,500.0,2026450006,0.3,0.15
fig3_community_ve,1118.0,0.4,0.3,0,33.09481216457961,7,748.0,2026450007,0.3,0.15
fig3_community_ve,1115.0,0.4,0.3,0,41.973094170403584,8,647.0,2026450008,0.3,0.15
fig3_community_ve,699.0,0.4,0.3,0,25.46494992846924,9,521.0,2026450009,0.3,0.15
fig3_community_ve,1342.0,0.4,0.3,0,55.81222056631893,10,593.0,2026450010,0.3,0.15
fig3_community_ve,1240.0,0.4,0.3,0,30.322580645161292,11,864.0,2026450011,0.3,0.15
fig3_community_ve,983.0,0.4,0.3,0,50.661241098677515,12,485.0,2026450012,0.3,0.15
fig3_community_ve,1431.0,0.4,0.3,0,38.574423480083865,13,878.9999999999999,2026450013,0.3,0.15
fig3_community_ve,1606.0000000000002,0.4,0.3,0,41.469489414694905,14,940.0,2026450014,0.3,0.15
fig3_community_ve,1131.0,0.4,0.3,0,36.87002652519894,15,714.0,2026450015,0.3,0.15
fig3_community_ve,962.0,0.4,0.3,0,25.051975051975052,16,721.0,2026450016,0.3,0.15
fig3_community_ve,730.0,0.4,0.3,0,31.506849315068493,17,500.0,2026450017,0.3,0.15
fig3_community_ve,1359.0,0.4,0.3,0,35.54083885209713,18,876.0,2026450018,0.3,0.15
fig3_community_ve,1371.0,0.4,0.3,0,55.65280816921955,19,608.0,2026450019,0.3,0.15
fig3_community_ve,1491.0,0.4,0.3,0,47.417840375586856,20,784.0,2026450020,0.3,0.15
fig3_community_ve,1111.0,0.4,0.3,0,34.473447344734474,21,728.0,2026450021,0.3,0.15
fig3_community_ve,1187.0,0.4,0.3,0,43.55518112889638,22,670.0,2026450022,0.3,0.15
fig3_community_ve,854.0000000000001,0.4,0.3,0,45.31615925058549,23,466.99999999999994,2026450023,0.3,0.15
fig3_community_ve,1006.0,0.4,0.3,0,29.025844930417495,24,714.0,2026450024,0.3,0.15
fig3_community_ve,1186.0,0.4,0.3,0,51.34907251264755,25,577.0,2026450025,0.3,0.15
fig3_community_ve,1121.0,0.4,0.3,0,56.73505798394291,26,485.0,2026450026,0.3,0.15
fig3_community_ve,1280.0,0.4,0.3,0,45.78125,27,694.0,2026450027,0.3,0.15
fig3_community_ve,1095.0,0.4,0.3,0,22.557077625570777,28,848.0,2026450028,0.3,0.15
fig3_community_ve,1061.0,0.4,0.3,0,22.431668237511783,29,823.0,2026450029,0.3,0.15
fig3_community_ve,1369.0,0.4,0.3,0,47.18772826880935,30,723.0,2026450030,0.3,0.15
fig3_community_ve,1105.0,0.4,0.3,0,36.65158371040724,31,700.0,2026450031,0.3,0.15
fig3_community_ve,1133.0,0.4,0.3,0,45.01323918799647,32,623.0,2026450032,0.3,0.15
fig3_community_ve,1396.0,0.4,0.3,0,49.92836676217765,33,699.0,2026450033,0.3,0.15
fig3_community_ve,1298.0,0.4,0.3,0,51.07858243451464,34,635.0,2026450034,0.3,0.15
fig3_community_ve,1141.0,0.4,0.3,0,46.36283961437336,35,612.0,2026450035,0.3,0.15
fig3_community_ve,1139.0,0.4,0.3,0,29.499561018437213,36,803.0000000000001,2026450036,0.3,0.15
fig3_community_ve,899.9999999999999,0.4,0.3,0,39.33333333333332,37,546.0,2026450037,0.3,0.15
fig3_community_ve,1174.0,0.4,0.3,0,28.534923339011925,38,839.0,2026450038,0.3,0.15
fig3_community_ve,1265.0,0.4,0.3,0,49.40711462450593,39,640.0,2026450039,0.3,0.15
fig3_community_ve,965.0000000000001,0.4,0.3,0,40.414507772020734,40,575.0,2026450040,0.3,0.15
fig3_community_ve,1126.0,0.4,0.3,0,38.98756660746004,41,687.0,2026450041,0.3,0.15
fig3_community_ve,1216.0,0.4,0.3,0,53.453947368421055,42,566.0,2026450042,0.3,0.15
fig3_community_ve,1056.0,0.4,0.3,0,46.496212121212125,43,565.0,2026450043,0.3,0.15
fig3_community_ve,789.0,0.4,0.3,0,32.82636248415716,44,530.0,2026450044,0.3,0.15
fig3_community_ve,929.0,0.4,0.3,0,31.53928955866523,45,636.0,2026450045,0.3,0.15
fig3_community_ve,989.0,0.4,0.3,0,37.2093023255814,46,621.0,2026450046,0.3,0.15
fig3_community_ve,1048.0,0.4,0.3,0,35.97328244274809,47,671.0,2026450047,0.3,0.15
fig3_community_ve,1146.0,0.4,0.3,0,38.481675392670155,48,705.0,2026450048,0.3,0.15
fig3_community_ve,1007.0000000000001,0.4,0.3,0,44.98510427010925,49,554.0,2026450049,0.3,0.15
fig3_community_ve,788.0,0.4,0.3,0,34.64467005076142,50,515.0,2026450050,0.3,0.15
fig3_community_ve,647.0,0.4,0.3,0,25.193199381761985,51,483.99999999999994,2026450051,0.3,0.15
fig3_community_ve,1341.0,0.4,0.3,0,49.58985831469053,52,676.0,2026450052,0.3,0.15
fig3_community_ve,967.9999999999999,0.4,0.3,0,48.86363636363635,53,495.00000000000006,2026450053,0.3,0.15
fig3_community_ve,1024.0,0.4,0.3,0,40.52734375,54,609.0,2026450054,0.3,0.15
fig3_community_ve,834.0,0.4,0.3,0,39.68824940047961,55,503.0,2026450055,0.3,0.15
fig3_community_ve,1327.0,0.4,0.3,0,35.79502637528259,56,852.0,2026450056,0.3,0.15
fig3_community_ve,967.0,0.4,0.3,0,31.644260599793174,57,661.0,2026450057,0.3,0.15
fig3_community_ve,1543.0,0.4,0.3,0,38.950097213221,58,942.0,2026450058,0.3,0.15
fig3_community_ve,1120.0,0.4,0.3,0,57.767857142857146,59,473.0,2026450059,0.3,0.15
fig3_community_ve,973.0000000000001,0.4,0.3,0,27.13257965056527,60,709.0,2026450060,0.3,0.15
fig3_community_ve,884.0000000000001,0.4,0.3,0,28.167420814479648,61,635.0,2026450061,0.3,0.15
fig3_community_ve,958.0,0.4,0.3,0,27.34864300626305,62,696.0,2026450062,0.3,0.15
fig3_community_ve,999.0000000000001,0.4,0.3,0,37.537537537537546,63,624.0,2026450063,0.3,0.15
fig3_community_ve,885.0,0.4,0.3,0,24.858757062146893,64,665.0,2026450064,0.3,0.15
fig3_community_ve,1082.0,0.4,0.3,0,33.54898336414048,65,719.0,2026450065,0.3,0.15
fig3_community_ve,1137.0,0.4,0.3,0,41.60070360598065,66,664.0,2026450066,0.3,0.15
fig3_community_ve,1008.0,0.4,0.3,0,26.58730158730159,67,740.0,2026450067,0.3,0.15
fig3_community_ve,1327.0,0.4,0.3,0,52.67520723436323,68,628.0,2026450068,0.3,0.15
fig3_community_ve,1417.0,0.4,0.3,0,44.38955539872971,69,788.0,2026450069,0.3,0.15
fig3_community_ve,1243.0,0.4,0.3,0,32.9042638777152,70,834.0,2026450070,0.3,0.15
fig3_community_ve,1079.0,0.4,0.3,0,17.516218721037998,71,890.0,2026450071,0.3,0.15
fig3_community_ve,784.9999999999999,0.4,0.3,0,33.88535031847133,72,519.0,2026450072,0.3,0.15
fig3_community_ve,976.0,0.4,0.3,0,44.057377049180324,73,546.0,2026450073,0.3,0.15
fig3_community_ve,1098.0,0.4,0.3,0,29.052823315118395,74,779.0,2026450074,0.3,0.15
fig3_community_ve,1117.0,0.4,0.3,0,38.85407341092211,75,683.0,2026450075,0.3,0.15
fig3_community_ve,818.9999999999999,0.4,0.3,0,43.46764346764346,76,462.99999999999994,2026450076,0.3,0.15
fig3_community_ve,1177.0,0.4,0.3,0,46.04927782497876,77,635.0,2026450077,0.3,0.15
fig3_community_ve,1149.0,0.4,0.3,0,43.42906875543951,78,650.0,2026450078,0.3,0.15
fig3_community_ve,1458.0,0.4,0.3,0,39.300411522633745,79,885.0,2026450079,0.3,0.15
fig3_community_ve,741.0,0.4,0.3,0,24.021592442645073,80,563.0,2026450080,0.3,0.15
fig3_community_ve,1254.0,0.4,0.3,0,38.516746411483254,81,771.0,2026450081,0.3,0.15
fig3_community_ve,842.0,0.4,0.3,0,45.843230403800476,82,456.0,2026450082,0.3,0.15
fig3_community_ve,997.0,0.4,0.3,0,51.15346038114343,83,487.0,2026450083,0.3,0.15
fig3_community_ve,895.9999999999999,0.4,0.3,0,21.42857142857142,84,704.0,2026450084,0.3,0.15
fig3_community_ve,1426.0,0.4,0.3,0,38.569424964936886,85,876.0,2026450085,0.3,0.15
fig3_community_ve,1859.9999999999998,0.4,0.3,0,43.49462365591397,86,1051.0,2026450086,0.3,0.15
fig3_community_ve,791.0,0.4,0.3,0,34.38685208596713,87,519.0,2026450087,0.3,0.15
fig3_community_ve,1091.0,0.4,0.3,0,37.03024747937672,88,687.0,2026450088,0.3,0.15
fig3_community_ve,1155.0,0.4,0.3,0,39.39393939393939,89,700.0,2026450089,0.3,0.15
fig3_community_ve,1117.0,0.4,0.3,0,49.14950760966875,90,568.0,2026450090,0.3,0.15
fig3_community_ve,607.0,0.4,0.3,0,29.32454695222404,91,429.00000000000006,2026450091,0.3,0.15
fig3_community_ve,1443.0,0.4,0.3,0,40.67914067914068,92,856.0,2026450092,0.3,0.15
fig3_community_ve,1116.0,0.4,0.3,0,38.261648745519715,93,689.0,2026450093,0.3,0.15
fig3_community_ve,984.0,0.4,0.3,0,42.073170731707314,94,570.0,2026450094,0.3,0.15
fig3_community_ve,1370.0,0.4,0.3,0,29.78102189781022,95,962.0,2026450095,0.3,0.15
fig3_community_ve,1146.0,0.4,0.3,0,45.46247818499128,96,625.0,2026450096,0.3,0.15
fig3_community_ve,1736.0,0.4,0.3,0,56.45161290322581,97,756.0,2026450097,0.3,0.15
fig3_community_ve,1560.0,0.4,0.3,0,33.14102564102564,98,1043.0,2026450098,0.3,0.15
fig3_community_ve,1288.0,0.4,0.3,0,44.099378881987576,99,720.0,2026450099,0.3,0.15
fig3_community_ve,1217.0,0.4,0.3,0,64.99589153656532,0,426.0,2026451000,0.3,0.3
fig3_community_ve,953.0,0.4,0.3,0,42.077649527806926,1,552.0,2026451001,0.3,0.3
fig3_community_ve,1017.0,0.4,0.3,0,70.69813176007867,2,298.0,2026451002,0.3,0.3
fig3_community_ve,961.0,0.4,0.3,0,56.81581685744017,3,415.0,2026451003,0.3,0.3
fig3_community_ve,903.9999999999999,0.4,0.3,0,54.42477876106194,4,412.00000000000006,2026451004,0.3,0.3
fig3_community_ve,1209.0,0.4,0.3,0,55.33498759305211,5,540.0,2026451005,0.3,0.3
fig3_community_ve,1260.0,0.4,0.3,0,61.42857142857143,6,486.0,2026451006,0.3,0.3
fig3_community_ve,1112.0,0.4,0.3,0,61.780575539568346,7,425.00000000000006,2026451007,0.3,0.3
fig3_community_ve,978.0,0.4,0.3,0,50.51124744376279,8,483.99999999999994,2026451008,0.3,0.3
fig3_community_ve,1569.0,0.4,0.3,0,62.97004461440408,9,581.0,2026451009,0.3,0.3
fig3_community_ve,1176.0,0.4,0.3,0,65.1360544217687,10,410.00000000000006,2026451010,0.3,0.3
fig3_community_ve,1522.0,0.4,0.3,0,63.009198423127465,11,563.0,2026451011,0.3,0.3
fig3_community_ve,1539.0,0.4,0.3,0,69.85055230669266,12,464.0,2026451012,0.3,0.3
fig3_community_ve,1065.0,0.4,0.3,0,58.68544600938967,13,440.0,2026451013,0.3,0.3
fig3_community_ve,1028.0,0.4,0.3,0,54.08560311284047,14,472.0,2026451014,0.3,0.3
fig3_community_ve,1020.0000000000001,0.4,0.3,0,64.01960784313727,15,367.0,2026451015,0.3,0.3
fig3_community_ve,955.0,0.4,0.3,0,46.49214659685864,16,511.0,2026451016,0.3,0.3
fig3_community_ve,1206.0,0.4,0.3,0,53.482587064676615,17,561.0,2026451017,0.3,0.3
fig3_community_ve,1212.0,0.4,0.3,0,56.51815181518152,18,527.0,2026451018,0.3,0.3
fig3_community_ve,1167.0,0.4,0.3,0,51.670951156812336,19,564.0,2026451019,0.3,0.3
fig3_community_ve,1040.0,0.4,0.3,0,62.59615384615385,20,389.0,2026451020,0.3,0.3
fig3_community_ve,1402.0,0.4,0.3,0,59.48644793152639,21,568.0,2026451021,0.3,0.3
fig3_community_ve,1267.0,0.4,0.3,0,49.25019731649566,22,643.0,2026451022,0.3,0.3
fig3_community_ve,1013.0,0.4,0.3,0,65.0542941757157,23,354.0,2026451023,0.3,0.3
fig3_community_ve,1085.0,0.4,0.3,0,54.47004608294931,24,494.0,2026451024,0.3,0.3
fig3_community_ve,1166.0,0.4,0.3,0,58.06174957118353,25,489.0,2026451025,0.3,0.3
fig3_community_ve,1275.0,0.4,0.3,0,58.588235294117645,26,528.0,2026451026,0.3,0.3
fig3_community_ve,1158.0,0.4,0.3,0,52.15889464594128,27,554.0,2026451027,0.3,0.3
fig3_community_ve,1108.0,0.4,0.3,0,60.37906137184115,28,439.0,2026451028,0.3,0.3
fig3_community_ve,919.0,0.4,0.3,0,56.03917301414581,29,404.0,2026451029,0.3,0.3
fig3_community_ve,1307.0,0.4,0.3,0,52.56312165263963,30,620.0,2026451030,0.3,0.3
fig3_community_ve,1080.0,0.4,0.3,0,53.7962962962963,31,498.99999999999994,2026451031,0.3,0.3
fig3_community_ve,1274.0,0.4,0.3,0,65.93406593406593,32,434.0,2026451032,0.3,0.3
fig3_community_ve,992.0,0.4,0.3,0,51.108870967741936,33,485.0,2026451033,0.3,0.3
fig3_community_ve,1293.0,0.4,0.3,0,58.08197989172467,34,542.0,2026451034,0.3,0.3
fig3_community_ve,952.0000000000001,0.4,0.3,0,58.29831932773111,35,396.99999999999994,2026451035,0.3,0.3
fig3_community_ve,915.0,0.4,0.3,0,59.01639344262295,36,375.0,2026451036,0.3,0.3
fig3_community_ve,1325.0,0.4,0.3,0,62.41509433962264,37,498.0,2026451037,0.3,0.3
fig3_community_ve,1230.0,0.4,0.3,0,45.77235772357724,38,667.0,2026451038,0.3,0.3
fig3_community_ve,1097.0,0.4,0.3,0,56.51777575205105,39,477.0,2026451039,0.3,0.3
fig3_community_ve,1227.0,0.4,0.3,0,59.33170334148329,40,498.99999999999994,2026451040,0.3,0.3
fig3_community_ve,1471.0,0.4,0.3,0,69.20462270564242,41,453.0,2026451041,0.3,0.3
fig3_community_ve,1370.0,0.4,0.3,0,62.481751824817515,42,514.0,2026451042,0.3,0.3
fig3_community_ve,1181.0,0.4,0.3,0,65.28365791701947,43,410.00000000000006,2026451043,0.3,0.3
fig3_community_ve,908.0,0.4,0.3,0,54.29515418502203,44,415.0,2026451044,0.3,0.3
fig3_community_ve,1000.0,0.4,0.3,0,51.2,45,488.0,2026451045,0.3,0.3
fig3_community_ve,1163.0,0.4,0.3,0,64.8323301805675,46,409.0,2026451046,0.3,0.3
fig3_community_ve,919.0,0.4,0.3,0,36.67029379760609,47,582.0,2026451047,0.3,0.3
fig3_community_ve,1305.0,0.4,0.3,0,67.27969348659003,48,427.00000000000006,2026451048,0.3,0.3
fig3_community_ve,1059.0,0.4,0.3,0,60.3399433427762,49,420.0,2026451049,0.3,0.3
fig3_community_ve,938.0,0.4,0.3,0,45.62899786780383,50,510.00000000000006,2026451050,0.3,0.3
fig3_community_ve,1121.0,0.4,0.3,0,68.7778768956289,51,350.0,2026451051,0.3,0.3
fig3_community_ve,995.0,0.4,0.3,0,47.23618090452261,52,525.0,2026451052,0.3,0.3
fig3_community_ve,1044.0,0.4,0.3,0,60.05747126436781,53,417.0,2026451053,0.3,0.3
fig3_community_ve,1205.0,0.4,0.3,0,76.84647302904564,54,279.0,2026451054,0.3,0.3
fig3_community_ve,1345.0,0.4,0.3,0,64.83271375464685,55,473.0,2026451055,0.3,0.3
fig3_community_ve,1185.0,0.4,0.3,0,48.016877637130804,56,616.0,2026451056,0.3,0.3
fig3_community_ve,1016.0000000000001,0.4,0.3,0,64.1732283464567,57,364.0,2026451057,0.3,0.3
fig3_community_ve,1009.0,0.4,0.3,0,61.050545094152625,58,393.00000000000006,2026451058,0.3,0.3
fig3_community_ve,1500.0,0.4,0.3,0,65.6,59,516.0,2026451059,0.3,0.3
fig3_community_ve,1035.0,0.4,0.3,0,65.99033816425121,60,352.0,2026451060,0.3,0.3
fig3_community_ve,1100.0,0.4,0.3,0,51.27272727272727,61,536.0,2026451061,0.3,0.3
fig3_community_ve,966.0,0.4,0.3,0,57.34989648033126,62,412.00000000000006,2026451062,0.3,0.3
fig3_community_ve,1232.0,0.4,0.3,0,59.41558441558441,63,500.0,2026451063,0.3,0.3
fig3_community_ve,1309.0,0.4,0.3,0,62.719633307868605,64,488.0,2026451064,0.3,0.3
fig3_community_ve,886.0,0.4,0.3,0,64.33408577878104,65,316.0,2026451065,0.3,0.3
fig3_community_ve,897.0,0.4,0.3,0,53.95763656633222,66,413.0,2026451066,0.3,0.3
fig3_community_ve,1158.0,0.4,0.3,0,48.96373056994819,67,591.0,2026451067,0.3,0.3
fig3_community_ve,1179.0,0.4,0.3,0,63.61323155216285,68,429.00000000000006,2026451068,0.3,0.3
fig3_community_ve,1178.0,0.4,0.3,0,59.083191850594226,69,481.99999999999994,2026451069,0.3,0.3
fig3_community_ve,1364.0,0.4,0.3,0,69.94134897360703,70,410.00000000000006,2026451070,0.3,0.3
fig3_community_ve,1079.0,0.4,0.3,0,61.3531047265987,71,417.0,2026451071,0.3,0.3
fig3_community_ve,1065.0,0.4,0.3,0,58.028169014084504,72,447.0,2026451072,0.3,0.3
fig3_community_ve,1053.0,0.4,0.3,0,60.58879392212726,73,415.0,2026451073,0.3,0.3
fig3_community_ve,1309.0,0.4,0.3,0,56.53170359052712,74,569.0,2026451074,0.3,0.3
fig3_community_ve,1056.0,0.4,0.3,0,71.30681818181819,75,303.0,2026451075,0.3,0.3
fig3_community_ve,1067.0,0.4,0.3,0,54.2642924086223,76,488.0,2026451076,0.3,0.3
fig3_community_ve,1047.0,0.4,0.3,0,59.69436485195798,77,422.0,2026451077,0.3,0.3
fig3_community_ve,1390.0,0.4,0.3,0,60.431654676258994,78,550.0,2026451078,0.3,0.3
fig3_community_ve,987.0,0.4,0.3,0,57.041540020263426,79,424.0,2026451079,0.3,0.3
fig3_community_ve,1100.0,0.4,0.3,0,59.45454545454545,80,446.00000000000006,2026451080,0.3,0.3
fig3_community_ve,1229.0,0.4,0.3,0,56.30593978844589,81,537.0,2026451081,0.3,0.3
fig3_community_ve,1055.0,0.4,0.3,0,50.99526066350711,82,517.0,2026451082,0.3,0.3
fig3_community_ve,1313.0,0.4,0.3,0,53.16070068545316,83,615.0,2026451083,0.3,0.3
fig3_community_ve,910.0,0.4,0.3,0,60.879120879120876,84,356.0,2026451084,0.3,0.3
fig3_community_ve,1273.0,0.4,0.3,0,56.95208169677926,85,548.0,2026451085,0.3,0.3
fig3_community_ve,1000.0,0.4,0.3,0,60.5,86,395.00000000000006,2026451086,0.3,0.3
fig3_community_ve,1138.0,0.4,0.3,0,50.527240773286465,87,563.0,2026451087,0.3,0.3
fig3_community_ve,1058.0,0.4,0.3,0,51.32325141776938,88,515.0,2026451088,0.3,0.3
fig3_community_ve,1143.0,0.4,0.3,0,59.05511811023622,89,468.0,2026451089,0.3,0.3
fig3_community_ve,1154.0,0.4,0.3,0,65.77123050259965,90,395.00000000000006,2026451090,0.3,0.3
fig3_community_ve,1170.0,0.4,0.3,0,47.35042735042735,91,616.0,2026451091,0.3,0.3
fig3_community_ve,1099.0,0.4,0.3,0,58.05277525022748,92,461.00000000000006,2026451092,0.3,0.3
fig3_community_ve,1178.0,0.4,0.3,0,55.43293718166384,93,525.0,2026451093,0.3,0.3
fig3_community_ve,1078.0,0.4,0.3,0,58.8126159554731,94,444.00000000000006,2026451094,0.3,0.3
fig3_community_ve,1031.0,0.4,0.3,0,55.77109602327837,95,456.0,2026451095,0.3,0.3
fig3_community_ve,897.0,0.4,0.3,0,60.98104793756968,96,350.0,2026451096,0.3,0.3
fig3_community_ve,1099.0,0.4,0.3,0,46.40582347588717,97,589.0,2026451097,0.3,0.3
fig3_community_ve,1158.0,0.4,0.3,0,53.5405872193437,98,538.0,2026451098,0.3,0.3
fig3_community_ve,1091.0,0.4,0.3,0,50.68744271310724,99,538.0,2026451099,0.3,0.3
fig3_community_ve,834.0,0.4,0.3,0,69.06474820143885,0,258.0,2026452000,0.3,0.44999999999999996
fig3_community_ve,941.0,0.4,0.3,0,53.98512221041446,1,432.99999999999994,2026452001,0.3,0.44999999999999996
fig3_community_ve,1366.0,0.4,0.3,0,69.10688140556368,2,422.0,2026452002,0.3,0.44999999999999996
fig3_community_ve,1034.0,0.4,0.3,0,67.8916827852998,3,332.0,2026452003,0.3,0.44999999999999996
fig3_community_ve,1018.0,0.4,0.3,0,75.73673870333988,4,247.0,2026452004,0.3,0.44999999999999996
fig3_community_ve,1129.0,0.4,0.3,0,70.15057573073517,5,337.0,2026452005,0.3,0.44999999999999996
fig3_community_ve,1164.0,0.4,0.3,0,73.36769759450172,6,310.0,2026452006,0.3,0.44999999999999996
fig3_community_ve,755.0,0.4,0.3,0,79.73509933774834,7,153.0,2026452007,0.3,0.44999999999999996
fig3_community_ve,1113.0,0.4,0.3,0,64.86972147349506,8,391.0,2026452008,0.3,0.44999999999999996
fig3_community_ve,1077.0,0.4,0.3,0,72.88765088207985,9,292.0,2026452009,0.3,0.44999999999999996
fig3_community_ve,1220.0,0.4,0.3,0,69.09836065573771,10,377.0,2026452010,0.3,0.44999999999999996
fig3_community_ve,1280.0,0.4,0.3,0,75.546875,11,313.0,2026452011,0.3,0.44999999999999996
fig3_community_ve,1043.0,0.4,0.3,0,63.279002876318316,12,383.0,2026452012,0.3,0.44999999999999996
fig3_community_ve,1233.0,0.4,0.3,0,59.93511759935117,13,494.0,2026452013,0.3,0.44999999999999996
fig3_community_ve,1071.0,0.4,0.3,0,68.16059757236228,14,341.0,2026452014,0.3,0.44999999999999996
fig3_community_ve,1275.0,0.4,0.3,0,73.17647058823529,15,342.0,2026452015,0.3,0.44999999999999996
fig3_community_ve,954.0,0.4,0.3,0,66.35220125786164,16,321.0,2026452016,0.3,0.44999999999999996
fig3_community_ve,1018.0,0.4,0.3,0,65.02946954813359,17,356.0,2026452017,0.3,0.44999999999999996
fig3_community_ve,1042.0,0.4,0.3,0,62.38003838771593,18,392.0,2026452018,0.3,0.44999999999999996
fig3_community_ve,1105.0,0.4,0.3,0,68.95927601809954,19,343.0,2026452019,0.3,0.44999999999999996
fig3_community_ve,999.0000000000001,0.4,0.3,0,69.46946946946947,20,305.0,2026452020,0.3,0.44999999999999996
fig3_community_ve,1259.0,0.4,0.3,0,68.62589356632247,21,395.00000000000006,2026452021,0.3,0.44999999999999996
fig3_community_ve,1309.0,0.4,0.3,0,69.0603514132926,22,405.0,2026452022,0.3,0.44999999999999996
fig3_community_ve,1389.0,0.4,0.3,0,74.58603311735061,23,353.0,2026452023,0.3,0.44999999999999996
fig3_community_ve,1044.0,0.4,0.3,0,63.50574712643678,24,381.0,2026452024,0.3,0.44999999999999996
fig3_community_ve,942.0,0.4,0.3,0,64.22505307855626,25,337.0,2026452025,0.3,0.44999999999999996
fig3_community_ve,1293.0,0.4,0.3,0,70.92034029389018,26,376.0,2026452026,0.3,0.44999999999999996
fig3_community_ve,1154.0,0.4,0.3,0,70.8838821490468,27,336.0,2026452027,0.3,0.44999999999999996
fig3_community_ve,1699.0000000000002,0.4,0.3,0,70.68864037669218,28,498.0,2026452028,0.3,0.44999999999999996
fig3_community_ve,993.9999999999999,0.4,0.3,0,65.69416498993964,29,341.0,2026452029,0.3,0.44999999999999996
fig3_community_ve,838.0,0.4,0.3,0,49.28400954653937,30,425.00000000000006,2026452030,0.3,0.44999999999999996
fig3_community_ve,882.0,0.4,0.3,0,69.72789115646259,31,267.0,2026452031,0.3,0.44999999999999996
fig3_community_ve,1397.0,0.4,0.3,0,79.38439513242663,32,288.0,2026452032,0.3,0.44999999999999996
fig3_community_ve,1178.0,0.4,0.3,0,75.12733446519525,33,293.0,2026452033,0.3,0.44999999999999996
fig3_community_ve,1463.0,0.4,0.3,0,73.88926862611073,34,382.0,2026452034,0.3,0.44999999999999996
fig3_community_ve,1295.0,0.4,0.3,0,68.95752895752896,35,402.0,2026452035,0.3,0.44999999999999996
fig3_community_ve,1066.0,0.4,0.3,0,75.60975609756098,36,260.0,2026452036,0.3,0.44999999999999996
fig3_community_ve,1057.0,0.4,0.3,0,65.84673604541155,37,361.0,2026452037,0.3,0.44999999999999996
fig3_community_ve,1135.0,0.4,0.3,0,73.03964757709251,38,306.0,2026452038,0.3,0.44999999999999996
fig3_community_ve,893.0,0.4,0.3,0,67.07726763717805,39,294.0,2026452039,0.3,0.44999999999999996
fig3_community_ve,729.0,0.4,0.3,0,48.010973936899866,40,379.0,2026452040,0.3,0.44999999999999996
fig3_community_ve,890.0,0.4,0.3,0,68.76404494382022,41,278.0,2026452041,0.3,0.44999999999999996
fig3_community_ve,1449.0,0.4,0.3,0,68.53002070393374,42,456.0,2026452042,0.3,0.44999999999999996
fig3_community_ve,1033.0,0.4,0.3,0,67.5701839303001,43,335.0,2026452043,0.3,0.44999999999999996
fig3_community_ve,1444.0,0.4,0.3,0,70.01385041551247,44,432.99999999999994,2026452044,0.3,0.44999999999999996
fig3_community_ve,1063.0,0.4,0.3,0,68.86171213546567,45,331.0,2026452045,0.3,0.44999999999999996
fig3_community_ve,782.0,0.4,0.3,0,54.092071611253196,46,359.0,2026452046,0.3,0.44999999999999996
fig3_community_ve,1091.0,0.4,0.3,0,67.27772685609533,47,357.0,2026452047,0.3,0.44999999999999996
fig3_community_ve,806.0,0.4,0.3,0,64.51612903225806,48,286.0,2026452048,0.3,0.44999999999999996
fig3_community_ve,1312.0,0.4,0.3,0,72.9420731707317,49,355.0,2026452049,0.3,0.44999999999999996
fig3_community_ve,1355.0,0.4,0.3,0,67.82287822878229,50,436.0,2026452050,0.3,0.44999999999999996
fig3_community_ve,1135.0,0.4,0.3,0,73.03964757709251,51,306.0,2026452051,0.3,0.44999999999999996
fig3_community_ve,1209.0,0.4,0.3,0,66.25310173697271,52,408.00000000000006,2026452052,0.3,0.44999999999999996
fig3_community_ve,937.0,0.4,0.3,0,69.37033084311634,53,287.0,2026452053,0.3,0.44999999999999996
fig3_community_ve,946.0,0.4,0.3,0,70.19027484143763,54,282.0,2026452054,0.3,0.44999999999999996
fig3_community_ve,950.9999999999999,0.4,0.3,0,74.44794952681387,55,243.0,2026452055,0.3,0.44999999999999996
fig3_community_ve,848.0,0.4,0.3,0,52.94811320754718,56,398.99999999999994,2026452056,0.3,0.44999999999999996
fig3_community_ve,933.9999999999999,0.4,0.3,0,64.56102783725909,57,331.0,2026452057,0.3,0.44999999999999996
fig3_community_ve,823.0,0.4,0.3,0,57.22964763061968,58,352.0,2026452058,0.3,0.44999999999999996
fig3_community_ve,1309.0,0.4,0.3,0,64.24751718869366,59,468.0,2026452059,0.3,0.44999999999999996
fig3_community_ve,916.9999999999999,0.4,0.3,0,68.04798255179934,60,293.0,2026452060,0.3,0.44999999999999996
fig3_community_ve,1302.0,0.4,0.3,0,75.26881720430107,61,322.0,2026452061,0.3,0.44999999999999996
fig3_community_ve,878.9999999999999,0.4,0.3,0,72.35494880546074,62,243.0,2026452062,0.3,0.44999999999999996
fig3_community_ve,987.0,0.4,0.3,0,70.01013171225937,63,296.0,2026452063,0.3,0.44999999999999996
fig3_community_ve,950.9999999999999,0.4,0.3,0,59.62145110410094,64,384.0,2026452064,0.3,0.44999999999999996
fig3_community_ve,1387.0,0.4,0.3,0,74.40519105984139,65,355.0,2026452065,0.3,0.44999999999999996
fig3_community_ve,1049.0,0.4,0.3,0,75.50047664442326,66,257.0,2026452066,0.3,0.44999999999999996
fig3_community_ve,1423.0,0.4,0.3,0,72.59311314125088,67,390.0,2026452067,0.3,0.44999999999999996
fig3_community_ve,1174.0,0.4,0.3,0,67.97274275979557,68,376.0,2026452068,0.3,0.44999999999999996
fig3_community_ve,950.0,0.4,0.3,0,71.89473684210526,69,267.0,2026452069,0.3,0.44999999999999996
fig3_community_ve,933.0,0.4,0.3,0,70.41800643086816,70,276.0,2026452070,0.3,0.44999999999999996
fig3_community_ve,1232.0,0.4,0.3,0,68.10064935064935,71,393.00000000000006,2026452071,0.3,0.44999999999999996
fig3_community_ve,1163.0,0.4,0.3,0,66.20808254514188,72,393.00000000000006,2026452072,0.3,0.44999999999999996
fig3_community_ve,1269.0,0.4,0.3,0,77.38376674546888,73,287.0,2026452073,0.3,0.44999999999999996
fig3_community_ve,1078.0,0.4,0.3,0,71.15027829313543,74,311.0,2026452074,0.3,0.44999999999999996
fig3_community_ve,852.9999999999999,0.4,0.3,0,57.32708089097303,75,364.0,2026452075,0.3,0.44999999999999996
fig3_community_ve,946.9999999999999,0.4,0.3,0,65.8922914466737,76,323.0,2026452076,0.3,0.44999999999999996
fig3_community_ve,1115.0,0.4,0.3,0,67.26457399103138,77,365.0,2026452077,0.3,0.44999999999999996
fig3_community_ve,1169.0,0.4,0.3,0,75.87681779298546,78,282.0,2026452078,0.3,0.44999999999999996
fig3_community_ve,1291.0,0.4,0.3,0,68.31913245546089,79,409.0,2026452079,0.3,0.44999999999999996
fig3_community_ve,1072.0,0.4,0.3,0,72.29477611940298,80,297.0,2026452080,0.3,0.44999999999999996
fig3_community_ve,918.0000000000001,0.4,0.3,0,71.02396514161221,81,266.0,2026452081,0.3,0.44999999999999996
fig3_community_ve,1297.0,0.4,0.3,0,63.839629915188894,82,469.0,2026452082,0.3,0.44999999999999996
fig3_community_ve,1170.0,0.4,0.3,0,61.794871794871796,83,447.0,2026452083,0.3,0.44999999999999996
fig3_community_ve,1088.0,0.4,0.3,0,71.59926470588235,84,309.0,2026452084,0.3,0.44999999999999996
fig3_community_ve,1228.0,0.4,0.3,0,70.11400651465799,85,367.0,2026452085,0.3,0.44999999999999996
fig3_community_ve,720.0,0.4,0.3,0,68.05555555555556,86,230.0,2026452086,0.3,0.44999999999999996
fig3_community_ve,1073.0,0.4,0.3,0,69.80428704566636,87,324.0,2026452087,0.3,0.44999999999999996
fig3_community_ve,1200.0,0.4,0.3,0,71.91666666666667,88,337.0,2026452088,0.3,0.44999999999999996
fig3_community_ve,1161.0,0.4,0.3,0,63.99655469422911,89,417.99999999999994,2026452089,0.3,0.44999999999999996
fig3_community_ve,1039.0,0.4,0.3,0,60.73147256977863,90,408.00000000000006,2026452090,0.3,0.44999999999999996
fig3_community_ve,1409.0,0.4,0.3,0,75.01774308019873,91,352.0,2026452091,0.3,0.44999999999999996
fig3_community_ve,1191.0,0.4,0.3,0,66.07892527287993,92,404.0,2026452092,0.3,0.44999999999999996
fig3_community_ve,929.9999999999999,0.4,0.3,0,63.978494623655905,93,335.0,2026452093,0.3,0.44999999999999996
fig3_community_ve,1104.0,0.4,0.3,0,68.3876811594203,94,349.0,2026452094,0.3,0.44999999999999996
fig3_community_ve,1402.0,0.4,0.3,0,71.18402282453637,95,404.0,2026452095,0.3,0.44999999999999996
fig3_community_ve,650.0,0.4,0.3,0,67.23076923076923,96,213.0,2026452096,0.3,0.44999999999999996
fig3_community_ve,903.0,0.4,0.3,0,69.9889258028793,97,271.0,2026452097,0.3,0.44999999999999996
fig3_community_ve,1187.0,0.4,0.3,0,67.64953664700927,98,384.0,2026452098,0.3,0.44999999999999996
fig3_community_ve,1215.0,0.4,0.3,0,72.01646090534979,99,340.0,2026452099,0.3,0.44999999999999996
fig3_community_ve,1185.0,0.4,0.3,0,74.0084388185654,0,308.0,2026453000,0.3,0.6
fig3_community_ve,1425.0,0.4,0.3,0,78.10526315789474,1,312.0,2026453001,0.3,0.6
fig3_community_ve,1304.0,0.4,0.3,0,74.92331288343559,2,327.0,2026453002,0.3,0.6
fig3_community_ve,835.9999999999999,0.4,0.3,0,58.37320574162678,3,348.0,2026453003,0.3,0.6
fig3_community_ve,1017.0,0.4,0.3,0,76.8928220255654,4,235.0,2026453004,0.3,0.6
fig3_community_ve,1139.0,0.4,0.3,0,76.8217734855136,5,264.0,2026453005,0.3,0.6
fig3_community_ve,916.0,0.4,0.3,0,72.37991266375546,6,253.0,2026453006,0.3,0.6
fig3_community_ve,1035.0,0.4,0.3,0,72.85024154589372,7,281.0,2026453007,0.3,0.6
fig3_community_ve,1014.9999999999999,0.4,0.3,0,73.89162561576354,8,265.0,2026453008,0.3,0.6
fig3_community_ve,1407.0,0.4,0.3,0,77.11442786069652,9,322.0,2026453009,0.3,0.6
fig3_community_ve,987.0,0.4,0.3,0,81.35764944275583,10,184.0,2026453010,0.3,0.6
fig3_community_ve,1153.0,0.4,0.3,0,77.01647875108412,11,265.0,2026453011,0.3,0.6
fig3_community_ve,875.0000000000001,0.4,0.3,0,70.28571428571429,12,260.0,2026453012,0.3,0.6
fig3_community_ve,1235.0,0.4,0.3,0,79.10931174089069,13,258.0,2026453013,0.3,0.6
fig3_community_ve,936.0,0.4,0.3,0,73.3974358974359,14,249.0,2026453014,0.3,0.6
fig3_community_ve,1087.0,0.4,0.3,0,74.42502299908004,15,278.0,2026453015,0.3,0.6
fig3_community_ve,831.0,0.4,0.3,0,70.87845968712395,16,241.99999999999997,2026453016,0.3,0.6
fig3_community_ve,886.9999999999999,0.4,0.3,0,68.65839909808342,17,278.0,2026453017,0.3,0.6
fig3_community_ve,844.9999999999999,0.4,0.3,0,73.84615384615384,18,221.00000000000003,2026453018,0.3,0.6
fig3_community_ve,1078.0,0.4,0.3,0,69.66604823747682,19,327.0,2026453019,0.3,0.6
fig3_community_ve,1219.0,0.4,0.3,0,74.81542247744052,20,307.0,2026453020,0.3,0.6
fig3_community_ve,1491.0,0.4,0.3,0,76.52582159624413,21,350.0,2026453021,0.3,0.6
fig3_community_ve,1052.0,0.4,0.3,0,70.15209125475285,22,314.0,2026453022,0.3,0.6
fig3_community_ve,1248.0,0.4,0.3,0,77.08333333333333,23,286.0,2026453023,0.3,0.6
fig3_community_ve,1284.0,0.4,0.3,0,79.2834890965732,24,266.0,2026453024,0.3,0.6
fig3_community_ve,1087.0,0.4,0.3,0,67.2493100275989,25,356.0,2026453025,0.3,0.6
fig3_community_ve,1168.0,0.4,0.3,0,67.29452054794521,26,382.0,2026453026,0.3,0.6
fig3_community_ve,1222.0,0.4,0.3,0,72.34042553191489,27,338.0,2026453027,0.3,0.6
fig3_community_ve,1000.0,0.4,0.3,0,75.4,28,246.0,2026453028,0.3,0.6
fig3_community_ve,1051.0,0.4,0.3,0,69.64795432921028,29,319.0,2026453029,0.3,0.6
fig3_community_ve,1158.0,0.4,0.3,0,71.93436960276338,30,325.0,2026453030,0.3,0.6
fig3_community_ve,825.0,0.4,0.3,0,71.75757575757575,31,233.0,2026453031,0.3,0.6
fig3_community_ve,1160.0,0.4,0.3,0,77.75862068965517,32,258.0,2026453032,0.3,0.6
fig3_community_ve,1141.0,0.4,0.3,0,74.84662576687117,33,287.0,2026453033,0.3,0.6
fig3_community_ve,1136.0,0.4,0.3,0,71.74295774647888,34,321.0,2026453034,0.3,0.6
fig3_community_ve,1306.0,0.4,0.3,0,79.55589586523736,35,267.0,2026453035,0.3,0.6
fig3_community_ve,1034.0,0.4,0.3,0,73.59767891682786,36,273.0,2026453036,0.3,0.6
fig3_community_ve,1103.0,0.4,0.3,0,79.14777878513146,37,230.0,2026453037,0.3,0.6
fig3_community_ve,1313.0,0.4,0.3,0,75.3998476770754,38,323.0,2026453038,0.3,0.6
fig3_community_ve,1456.0,0.4,0.3,0,72.39010989010988,39,402.0,2026453039,0.3,0.6
fig3_community_ve,844.0,0.4,0.3,0,72.51184834123222,40,232.0,2026453040,0.3,0.6
fig3_community_ve,942.0,0.4,0.3,0,78.45010615711253,41,203.0,2026453041,0.3,0.6
fig3_community_ve,1199.0,0.4,0.3,0,72.81067556296914,42,326.0,2026453042,0.3,0.6
fig3_community_ve,1289.0,0.4,0.3,0,72.84716834755625,43,350.0,2026453043,0.3,0.6
fig3_community_ve,1168.0,0.4,0.3,0,79.88013698630137,44,235.0,2026453044,0.3,0.6
fig3_community_ve,1136.0,0.4,0.3,0,75.88028169014085,45,274.0,2026453045,0.3,0.6
fig3_community_ve,760.0,0.4,0.3,0,70.52631578947368,46,223.99999999999997,2026453046,0.3,0.6
fig3_community_ve,746.0,0.4,0.3,0,71.17962466487936,47,215.0,2026453047,0.3,0.6
fig3_community_ve,1013.0,0.4,0.3,0,67.32477788746299,48,331.0,2026453048,0.3,0.6
fig3_community_ve,891.0,0.4,0.3,0,74.41077441077441,49,228.0,2026453049,0.3,0.6
fig3_community_ve,1326.0,0.4,0.3,0,75.18853695324283,50,329.0,2026453050,0.3,0.6
fig3_community_ve,1168.0,0.4,0.3,0,79.10958904109589,51,244.0,2026453051,0.3,0.6
fig3_community_ve,1236.0,0.4,0.3,0,72.24919093851133,52,343.0,2026453052,0.3,0.6
fig3_community_ve,1280.0,0.4,0.3,0,70.703125,53,375.0,2026453053,0.3,0.6
fig3_community_ve,801.9999999999999,0.4,0.3,0,67.33167082294264,54,262.0,2026453054,0.3,0.6
fig3_community_ve,1091.0,0.4,0.3,0,75.89367552703942,55,263.0,2026453055,0.3,0.6
fig3_community_ve,1288.0,0.4,0.3,0,75.93167701863354,56,310.0,2026453056,0.3,0.6
fig3_community_ve,1106.0,0.4,0.3,0,70.88607594936708,57,322.0,2026453057,0.3,0.6
fig3_community_ve,1137.0,0.4,0.3,0,77.13280562884785,58,260.0,2026453058,0.3,0.6
fig3_community_ve,1270.0,0.4,0.3,0,77.48031496062993,59,286.0,2026453059,0.3,0.6
fig3_community_ve,1449.0,0.4,0.3,0,75.22429261559697,60,359.0,2026453060,0.3,0.6
fig3_community_ve,903.0,0.4,0.3,0,59.35769656699889,61,367.0,2026453061,0.3,0.6
fig3_community_ve,1141.0,0.4,0.3,0,73.79491673970202,62,299.0,2026453062,0.3,0.6
fig3_community_ve,1116.0,0.4,0.3,0,76.7921146953405,63,259.0,2026453063,0.3,0.6
fig3_community_ve,1290.0,0.4,0.3,0,74.72868217054264,64,326.0,2026453064,0.3,0.6
fig3_community_ve,929.0,0.4,0.3,0,64.69321851453175,65,328.0,2026453065,0.3,0.6
fig3_community_ve,1137.0,0.4,0.3,0,74.05452946350044,66,295.0,2026453066,0.3,0.6
fig3_community_ve,1163.0,0.4,0.3,0,71.62510748065348,67,330.0,2026453067,0.3,0.6
fig3_community_ve,1142.0,0.4,0.3,0,73.3800350262697,68,304.0,2026453068,0.3,0.6
fig3_community_ve,1091.0,0.4,0.3,0,74.97708524289642,69,273.0,2026453069,0.3,0.6
fig3_community_ve,1126.0,0.4,0.3,0,72.46891651865009,70,310.0,2026453070,0.3,0.6
fig3_community_ve,755.0,0.4,0.3,0,73.24503311258277,71,202.0,2026453071,0.3,0.6
fig3_community_ve,1191.0,0.4,0.3,0,72.879932829555,72,323.0,2026453072,0.3,0.6
fig3_community_ve,1326.0,0.4,0.3,0,81.37254901960785,73,247.0,2026453073,0.3,0.6
fig3_community_ve,962.0,0.4,0.3,0,71.62162162162163,74,273.0,2026453074,0.3,0.6
fig3_community_ve,854.0000000000001,0.4,0.3,0,66.86182669789228,75,283.0,2026453075,0.3,0.6
fig3_community_ve,741.0,0.4,0.3,0,70.17543859649123,76,221.00000000000003,2026453076,0.3,0.6
fig3_community_ve,804.0,0.4,0.3,0,70.5223880597015,77,237.00000000000003,2026453077,0.3,0.6
fig3_community_ve,730.0,0.4,0.3,0,69.31506849315069,78,223.99999999999997,2026453078,0.3,0.6
fig3_community_ve,1150.0,0.4,0.3,0,75.56521739130434,79,281.0,2026453079,0.3,0.6
fig3_community_ve,1155.0,0.4,0.3,0,74.19913419913419,80,298.0,2026453080,0.3,0.6
fig3_community_ve,1272.0,0.4,0.3,0,73.58490566037736,81,336.0,2026453081,0.3,0.6
fig3_community_ve,938.0,0.4,0.3,0,78.25159914712154,82,204.00000000000003,2026453082,0.3,0.6
fig3_community_ve,786.0000000000001,0.4,0.3,0,64.12213740458016,83,282.0,2026453083,0.3,0.6
fig3_community_ve,1545.0,0.4,0.3,0,73.00970873786407,84,417.0,2026453084,0.3,0.6
fig3_community_ve,1334.0,0.4,0.3,0,75.56221889055472,85,326.0,2026453085,0.3,0.6
fig3_community_ve,984.9999999999999,0.4,0.3,0,72.99492385786802,86,266.0,2026453086,0.3,0.6
fig3_community_ve,957.0,0.4,0.3,0,70.74190177638454,87,280.0,2026453087,0.3,0.6
fig3_community_ve,963.0,0.4,0.3,0,75.4932502596054,88,236.0,2026453088,0.3,0.6
fig3_community_ve,1046.0,0.4,0.3,0,76.0038240917782,89,251.0,2026453089,0.3,0.6
fig3_community_ve,1084.0,0.4,0.3,0,65.4059040590406,90,375.0,2026453090,0.3,0.6
fig3_community_ve,1128.0,0.4,0.3,0,69.23758865248227,91,347.0,2026453091,0.3,0.6
fig3_community_ve,1157.0,0.4,0.3,0,77.3552290406223,92,262.0,2026453092,0.3,0.6
fig3_community_ve,1050.0,0.4,0.3,0,71.33333333333333,93,301.0,2026453093,0.3,0.6
fig3_community_ve,1047.0,0.4,0.3,0,73.82999044890163,94,274.0,2026453094,0.3,0.6
fig3_community_ve,1461.0,0.4,0.3,0,78.02874743326488,95,321.0,2026453095,0.3,0.6
fig3_community_ve,1256.0,0.4,0.3,0,76.8312101910828,96,291.0,2026453096,0.3,0.6
fig3_community_ve,1272.0,0.4,0.3,0,74.76415094339623,97,321.0,2026453097,0.3,0.6
fig3_community_ve,1142.0,0.4,0.3,0,72.15411558669001,98,318.0,2026453098,0.3,0.6
fig3_community_ve,1582.0,0.4,0.3,0,78.69785082174462,99,337.0,2026453099,0.3,0.6
fig3_community_ve,1251.0,0.4,0.3,0,77.61790567545964,0,280.0,2026454000,0.3,0.75
fig3_community_ve,1061.0,0.4,0.3,0,72.47879359095194,1,292.0,2026454001,0.3,0.75
fig3_community_ve,1298.0,0.4,0.3,0,80.43143297380585,2,254.00000000000003,2026454002,0.3,0.75
fig3_community_ve,1312.0,0.4,0.3,0,81.70731707317073,3,239.99999999999997,2026454003,0.3,0.75
fig3_community_ve,1484.0,0.4,0.3,0,82.0754716981132,4,266.0,2026454004,0.3,0.75
fig3_community_ve,1063.0,0.4,0.3,0,68.01505174035748,5,340.0,2026454005,0.3,0.75
fig3_community_ve,1285.0,0.4,0.3,0,79.29961089494164,6,266.0,2026454006,0.3,0.75
fig3_community_ve,1154.0,0.4,0.3,0,76.8630849220104,7,267.0,2026454007,0.3,0.75
fig3_community_ve,1480.0,0.4,0.3,0,80.33783783783784,8,291.0,2026454008,0.3,0.75
fig3_community_ve,1489.0,0.4,0.3,0,78.71054398925453,9,317.0,2026454009,0.3,0.75
fig3_community_ve,1103.0,0.4,0.3,0,82.68359020852222,10,191.0,2026454010,0.3,0.75
fig3_community_ve,755.0,0.4,0.3,0,79.47019867549669,11,155.0,2026454011,0.3,0.75
fig3_community_ve,1277.0,0.4,0.3,0,78.23022709475333,12,278.0,2026454012,0.3,0.75
fig3_community_ve,1432.0,0.4,0.3,0,77.30446927374301,13,325.0,2026454013,0.3,0.75
fig3_community_ve,911.0,0.4,0.3,0,76.94840834248079,14,210.0,2026454014,0.3,0.75
fig3_community_ve,1158.0,0.4,0.3,0,80.48359240069085,15,225.99999999999997,2026454015,0.3,0.75
fig3_community_ve,1576.0,0.4,0.3,0,75.88832487309645,16,380.0,2026454016,0.3,0.75
fig3_community_ve,901.0000000000001,0.4,0.3,0,73.02996670366261,17,243.0,2026454017,0.3,0.75
fig3_community_ve,764.0,0.4,0.3,0,68.06282722513089,18,244.0,2026454018,0.3,0.75
fig3_community_ve,1174.0,0.4,0.3,0,73.93526405451448,19,306.0,2026454019,0.3,0.75
fig3_community_ve,1063.0,0.4,0.3,0,76.38758231420508,20,251.0,2026454020,0.3,0.75
fig3_community_ve,1101.0,0.4,0.3,0,78.01998183469573,21,241.99999999999997,2026454021,0.3,0.75
fig3_community_ve,1105.0,0.4,0.3,0,84.52488687782805,22,171.0,2026454022,0.3,0.75
fig3_community_ve,1033.0,0.4,0.3,0,76.5730880929332,23,241.99999999999997,2026454023,0.3,0.75
fig3_community_ve,1299.0,0.4,0.3,0,83.2178598922248,24,218.0,2026454024,0.3,0.75
fig3_community_ve,1281.0,0.4,0.3,0,80.79625292740047,25,246.0,2026454025,0.3,0.75
fig3_community_ve,1130.0,0.4,0.3,0,76.90265486725664,26,261.0,2026454026,0.3,0.75
fig3_community_ve,1280.0,0.4,0.3,0,74.21875,27,330.0,2026454027,0.3,0.75
fig3_community_ve,1446.0,0.4,0.3,0,79.59889349930843,28,295.0,2026454028,0.3,0.75
fig3_community_ve,1270.0,0.4,0.3,0,76.92913385826772,29,293.0,2026454029,0.3,0.75
fig3_community_ve,645.0,0.4,0.3,0,63.25581395348837,30,237.00000000000003,2026454030,0.3,0.75
fig3_community_ve,1176.0,0.4,0.3,0,74.31972789115646,31,302.0,2026454031,0.3,0.75
fig3_community_ve,749.0,0.4,0.3,0,66.48865153538051,32,251.0,2026454032,0.3,0.75
fig3_community_ve,1034.0,0.4,0.3,0,72.92069632495165,33,280.0,2026454033,0.3,0.75
fig3_community_ve,1223.0,0.4,0.3,0,77.7596075224857,34,272.0,2026454034,0.3,0.75
fig3_community_ve,829.0,0.4,0.3,0,72.37635705669481,35,229.0,2026454035,0.3,0.75
fig3_community_ve,1209.0,0.4,0.3,0,79.3217535153019,36,250.0,2026454036,0.3,0.75
fig3_community_ve,1185.0,0.4,0.3,0,77.55274261603375,37,266.0,2026454037,0.3,0.75
fig3_community_ve,1093.0,0.4,0.3,0,73.92497712717292,38,285.0,2026454038,0.3,0.75
fig3_community_ve,855.0,0.4,0.3,0,75.90643274853801,39,206.00000000000003,2026454039,0.3,0.75
fig3_community_ve,979.0,0.4,0.3,0,75.89376915219611,40,236.0,2026454040,0.3,0.75
fig3_community_ve,1333.0,0.4,0.3,0,72.99324831207802,41,360.0,2026454041,0.3,0.75
fig3_community_ve,1030.0,0.4,0.3,0,69.80582524271844,42,311.0,2026454042,0.3,0.75
fig3_community_ve,938.0,0.4,0.3,0,83.15565031982942,43,158.0,2026454043,0.3,0.75
fig3_community_ve,1407.0,0.4,0.3,0,77.82515991471216,44,312.0,2026454044,0.3,0.75
fig3_community_ve,1411.0,0.4,0.3,0,77.10843373493977,45,323.0,2026454045,0.3,0.75
fig3_community_ve,1184.0,0.4,0.3,0,77.87162162162163,46,262.0,2026454046,0.3,0.75
fig3_community_ve,1111.0,0.4,0.3,0,78.75787578757875,47,236.0,2026454047,0.3,0.75
fig3_community_ve,727.0,0.4,0.3,0,71.80192572214581,48,205.00000000000003,2026454048,0.3,0.75
fig3_community_ve,974.0,0.4,0.3,0,71.97125256673512,49,273.0,2026454049,0.3,0.75
fig3_community_ve,864.0,0.4,0.3,0,74.42129629629629,50,221.00000000000003,2026454050,0.3,0.75
fig3_community_ve,786.0000000000001,0.4,0.3,0,75.44529262086515,51,193.0,2026454051,0.3,0.75
fig3_community_ve,967.0,0.4,0.3,0,73.00930713547052,52,261.0,2026454052,0.3,0.75
fig3_community_ve,1036.0,0.4,0.3,0,72.77992277992279,53,282.0,2026454053,0.3,0.75
fig3_community_ve,1574.0,0.4,0.3,0,78.20838627700127,54,343.0,2026454054,0.3,0.75
fig3_community_ve,686.0,0.4,0.3,0,76.0932944606414,55,164.0,2026454055,0.3,0.75
fig3_community_ve,1219.0,0.4,0.3,0,77.76866283839213,56,271.0,2026454056,0.3,0.75
fig3_community_ve,1040.0,0.4,0.3,0,75.76923076923077,57,252.0,2026454057,0.3,0.75
fig3_community_ve,1097.0,0.4,0.3,0,76.29899726526891,58,260.0,2026454058,0.3,0.75
fig3_community_ve,1522.0,0.4,0.3,0,78.90932982917214,59,321.0,2026454059,0.3,0.75
fig3_community_ve,907.0,0.4,0.3,0,71.55457552370451,60,258.0,2026454060,0.3,0.75
fig3_community_ve,1146.0,0.4,0.3,0,81.50087260034904,61,212.0,2026454061,0.3,0.75
fig3_community_ve,1343.0,0.4,0.3,0,79.5234549516009,62,275.0,2026454062,0.3,0.75
fig3_community_ve,1075.0,0.4,0.3,0,73.02325581395348,63,290.0,2026454063,0.3,0.75
fig3_community_ve,1046.0,0.4,0.3,0,81.83556405353728,64,190.0,2026454064,0.3,0.75
fig3_community_ve,967.0,0.4,0.3,0,81.1789038262668,65,182.0,2026454065,0.3,0.75
fig3_community_ve,1196.0,0.4,0.3,0,78.76254180602007,66,254.00000000000003,2026454066,0.3,0.75
fig3_community_ve,888.0000000000001,0.4,0.3,0,76.80180180180182,67,206.00000000000003,2026454067,0.3,0.75
fig3_community_ve,1099.0,0.4,0.3,0,77.43403093721565,68,248.0,2026454068,0.3,0.75
fig3_community_ve,1261.0,0.4,0.3,0,82.63283108643934,69,219.0,2026454069,0.3,0.75
fig3_community_ve,1419.0,0.4,0.3,0,77.94221282593375,70,313.0,2026454070,0.3,0.75
fig3_community_ve,867.0000000000001,0.4,0.3,0,76.00922722029989,71,207.99999999999997,2026454071,0.3,0.75
fig3_community_ve,967.9999999999999,0.4,0.3,0,78.20247933884296,72,211.0,2026454072,0.3,0.75
fig3_community_ve,1121.0,0.4,0.3,0,76.44959857270294,73,264.0,2026454073,0.3,0.75
fig3_community_ve,756.0,0.4,0.3,0,77.64550264550265,74,169.0,2026454074,0.3,0.75
fig3_community_ve,1723.9999999999998,0.4,0.3,0,78.77030162412993,75,366.0,2026454075,0.3,0.75
fig3_community_ve,1139.0,0.4,0.3,0,77.43634767339772,76,257.0,2026454076,0.3,0.75
fig3_community_ve,1421.0,0.4,0.3,0,78.67698803659395,77,303.0,2026454077,0.3,0.75
fig3_community_ve,1181.0,0.4,0.3,0,81.79508890770533,78,215.0,2026454078,0.3,0.75
fig3_community_ve,805.0,0.4,0.3,0,72.9192546583851,79,218.0,2026454079,0.3,0.75
fig3_community_ve,1589.0000000000002,0.4,0.3,0,78.66582756450599,80,339.0,2026454080,0.3,0.75
fig3_community_ve,979.0,0.4,0.3,0,72.62512768130746,81,268.0,2026454081,0.3,0.75
fig3_community_ve,1199.0,0.4,0.3,0,74.22852376980818,82,309.0,2026454082,0.3,0.75
fig3_community_ve,689.0,0.4,0.3,0,71.8432510885341,83,194.0,2026454083,0.3,0.75
fig3_community_ve,1016.0000000000001,0.4,0.3,0,77.16535433070867,84,232.0,2026454084,0.3,0.75
fig3_community_ve,1227.0,0.4,0.3,0,75.95762021189894,85,295.0,2026454085,0.3,0.75
fig3_community_ve,789.0,0.4,0.3,0,73.76425855513308,86,206.99999999999997,2026454086,0.3,0.75
fig3_community_ve,1233.0,0.4,0.3,0,74.93917274939173,87,309.0,2026454087,0.3,0.75
fig3_community_ve,996.0,0.4,0.3,0,73.89558232931726,88,260.0,2026454088,0.3,0.75
fig3_community_ve,966.0,0.4,0.3,0,74.94824016563147,89,241.99999999999997,2026454089,0.3,0.75
fig3_community_ve,1589.0000000000002,0.4,0.3,0,82.44178728760227,90,279.0,2026454090,0.3,0.75
fig3_community_ve,1513.0,0.4,0.3,0,80.10575016523464,91,301.0,2026454091,0.3,0.75
fig3_community_ve,1056.0,0.4,0.3,0,79.45075757575758,92,217.0,2026454092,0.3,0.75
fig3_community_ve,878.9999999999999,0.4,0.3,0,73.2650739476678,93,235.0,2026454093,0.3,0.75
fig3_community_ve,1064.0,0.4,0.3,0,77.5375939849624,94,239.00000000000003,2026454094,0.3,0.75
fig3_community_ve,1362.0,0.4,0.3,0,85.6093979441997,95,196.0,2026454095,0.3,0.75
fig3_community_ve,1003.0000000000001,0.4,0.3,0,75.7726819541376,96,243.0,2026454096,0.3,0.75
fig3_community_ve,1052.0,0.4,0.3,0,75.2851711026616,97,260.0,2026454097,0.3,0.75
fig3_community_ve,1406.0,0.4,0.3,0,78.66287339971551,98,300.0,2026454098,0.3,0.75
fig3_community_ve,1079.0,0.4,0.3,0,74.88415199258573,99,271.0,2026454099,0.3,0.75
fig3_community_ve,816.0000000000001,0.4,0.3,0,67.76960784313727,0,263.0,2026455000,0.3,0.9
fig3_community_ve,1289.0,0.4,0.3,0,80.68269976726144,1,249.0,2026455001,0.3,0.9
fig3_community_ve,1099.0,0.4,0.3,0,79.61783439490446,2,223.99999999999997,2026455002,0.3,0.9
fig3_community_ve,784.9999999999999,0.4,0.3,0,80.50955414012738,3,153.0,2026455003,0.3,0.9
fig3_community_ve,1185.0,0.4,0.3,0,78.73417721518987,4,252.0,2026455004,0.3,0.9
fig3_community_ve,1026.0,0.4,0.3,0,80.79922027290448,5,197.0,2026455005,0.3,0.9
fig3_community_ve,1443.0,0.4,0.3,0,86.62508662508662,6,193.0,2026455006,0.3,0.9
fig3_community_ve,1378.0,0.4,0.3,0,87.30043541364296,7,175.0,2026455007,0.3,0.9
fig3_community_ve,1042.0,0.4,0.3,0,77.44721689059502,8,235.0,2026455008,0.3,0.9
fig3_community_ve,1695.0,0.4,0.3,0,82.65486725663717,9,294.0,2026455009,0.3,0.9
fig3_community_ve,1109.0,0.4,0.3,0,78.809738503156,10,235.0,2026455010,0.3,0.9
fig3_community_ve,927.0,0.4,0.3,0,76.91477885652642,11,214.0,2026455011,0.3,0.9
fig3_community_ve,1233.0,0.4,0.3,0,77.2911597729116,12,280.0,2026455012,0.3,0.9
fig3_community_ve,899.0,0.4,0.3,0,84.3159065628476,13,141.0,2026455013,0.3,0.9
fig3_community_ve,1222.0,0.4,0.3,0,83.46972176759411,14,202.0,2026455014,0.3,0.9
fig3_community_ve,1586.0,0.4,0.3,0,78.81462799495587,15,336.0,2026455015,0.3,0.9
fig3_community_ve,1069.0,0.4,0.3,0,78.29747427502339,16,232.0,2026455016,0.3,0.9
fig3_community_ve,1212.0,0.4,0.3,0,83.74587458745874,17,197.0,2026455017,0.3,0.9
fig3_community_ve,1000.0,0.4,0.3,0,71.7,18,283.0,2026455018,0.3,0.9
fig3_community_ve,571.0,0.4,0.3,0,76.35726795096322,19,135.0,2026455019,0.3,0.9
fig3_community_ve,1347.0,0.4,0.3,0,79.1388270230141,20,281.0,2026455020,0.3,0.9
fig3_community_ve,1297.0,0.4,0.3,0,75.01927525057826,21,324.0,2026455021,0.3,0.9
fig3_community_ve,1659.0,0.4,0.3,0,81.79626280892104,22,302.0,2026455022,0.3,0.9
fig3_community_ve,948.0000000000001,0.4,0.3,0,74.05063291139241,23,246.0,2026455023,0.3,0.9
fig3_community_ve,1056.0,0.4,0.3,0,84.18560606060606,24,167.0,2026455024,0.3,0.9
fig3_community_ve,839.0,0.4,0.3,0,75.68533969010727,25,204.00000000000003,2026455025,0.3,0.9
fig3_community_ve,773.0,0.4,0.3,0,83.69987063389392,26,126.0,2026455026,0.3,0.9
fig3_community_ve,1004.0,0.4,0.3,0,86.35458167330677,27,137.0,2026455027,0.3,0.9
fig3_community_ve,1036.0,0.4,0.3,0,74.03474903474904,28,269.0,2026455028,0.3,0.9
fig3_community_ve,918.0000000000001,0.4,0.3,0,75.2723311546841,29,227.0,2026455029,0.3,0.9
fig3_community_ve,1277.0,0.4,0.3,0,78.85669537979639,30,270.0,2026455030,0.3,0.9
fig3_community_ve,1253.0,0.4,0.3,0,80.44692737430168,31,245.0,2026455031,0.3,0.9
fig3_community_ve,1583.0,0.4,0.3,0,79.53253316487681,32,324.0,2026455032,0.3,0.9
fig3_community_ve,933.9999999999999,0.4,0.3,0,81.47751605995717,33,173.0,2026455033,0.3,0.9
fig3_community_ve,1150.0,0.4,0.3,0,77.04347826086956,34,264.0,2026455034,0.3,0.9
fig3_community_ve,1055.0,0.4,0.3,0,81.70616113744076,35,193.0,2026455035,0.3,0.9
fig3_community_ve,1318.0,0.4,0.3,0,82.24582701062215,36,234.0,2026455036,0.3,0.9
fig3_community_ve,937.0,0.4,0.3,0,81.10992529348987,37,177.0,2026455037,0.3,0.9
fig3_community_ve,1070.0,0.4,0.3,0,82.24299065420561,38,190.0,2026455038,0.3,0.9
fig3_community_ve,1144.0,0.4,0.3,0,77.88461538461539,39,253.0,2026455039,0.3,0.9
fig3_community_ve,1218.0,0.4,0.3,0,76.35467980295566,40,288.0,2026455040,0.3,0.9
fig3_community_ve,1026.0,0.4,0.3,0,78.84990253411306,41,217.0,2026455041,0.3,0.9
fig3_community_ve,1001.9999999999999,0.4,0.3,0,79.44111776447106,42,206.00000000000003,2026455042,0.3,0.9
fig3_community_ve,1231.0,0.4,0.3,0,81.96588139723802,43,222.00000000000003,2026455043,0.3,0.9
fig3_community_ve,1301.0,0.4,0.3,0,81.09146810146042,44,246.0,2026455044,0.3,0.9
fig3_community_ve,1218.0,0.4,0.3,0,81.52709359605912,45,224.99999999999997,2026455045,0.3,0.9
fig3_community_ve,1200.0,0.4,0.3,0,75.83333333333333,46,290.0,2026455046,0.3,0.9
fig3_community_ve,1187.0,0.4,0.3,0,79.61246840775063,47,241.99999999999997,2026455047,0.3,0.9
fig3_community_ve,1301.0,0.4,0.3,0,80.8608762490392,48,249.0,2026455048,0.3,0.9
fig3_community_ve,1104.0,0.4,0.3,0,76.9927536231884,49,254.00000000000003,2026455049,0.3,0.9
fig3_community_ve,1039.0,0.4,0.3,0,72.95476419634264,50,281.0,2026455050,0.3,0.9
fig3_community_ve,1306.0,0.4,0.3,0,78.25421133231241,51,284.0,2026455051,0.3,0.9
fig3_community_ve,1043.0,0.4,0.3,0,77.18120805369128,52,238.00000000000003,2026455052,0.3,0.9
fig3_community_ve,1100.0,0.4,0.3,0,77.54545454545455,53,247.0,2026455053,0.3,0.9
fig3_community_ve,1062.0,0.4,0.3,0,73.82297551789077,54,278.0,2026455054,0.3,0.9
fig3_community_ve,1361.0,0.4,0.3,0,78.47171197648788,55,293.0,2026455055,0.3,0.9
fig3_community_ve,654.0,0.4,0.3,0,78.2874617737003,56,142.0,2026455056,0.3,0.9
fig3_community_ve,1581.0,0.4,0.3,0,80.20240354206199,57,313.0,2026455057,0.3,0.9
fig3_community_ve,1119.0,0.4,0.3,0,82.21626452189454,58,199.0,2026455058,0.3,0.9
fig3_community_ve,1042.0,0.4,0.3,0,77.44721689059502,59,235.0,2026455059,0.3,0.9
fig3_community_ve,936.0,0.4,0.3,0,79.59401709401709,60,191.0,2026455060,0.3,0.9
fig3_community_ve,1195.0,0.4,0.3,0,79.24686192468619,61,248.0,2026455061,0.3,0.9
fig3_community_ve,1161.0,0.4,0.3,0,80.53402239448751,62,225.99999999999997,2026455062,0.3,0.9
fig3_community_ve,1586.0,0.4,0.3,0,78.94073139974779,63,334.0,2026455063,0.3,0.9
fig3_community_ve,1000.0,0.4,0.3,0,78.3,64,217.0,2026455064,0.3,0.9
fig3_community_ve,1232.0,0.4,0.3,0,79.62662337662337,65,251.0,2026455065,0.3,0.9
fig3_community_ve,959.9999999999999,0.4,0.3,0,75.83333333333333,66,232.0,2026455066,0.3,0.9
fig3_community_ve,963.0,0.4,0.3,0,80.47767393561786,67,188.0,2026455067,0.3,0.9
fig3_community_ve,1292.0,0.4,0.3,0,78.25077399380805,68,281.0,2026455068,0.3,0.9
fig3_community_ve,1008.0,0.4,0.3,0,81.8452380952381,69,183.0,2026455069,0.3,0.9
fig3_community_ve,833.0000000000001,0.4,0.3,0,79.35174069627851,70,172.0,2026455070,0.3,0.9
fig3_community_ve,1301.0,0.4,0.3,0,78.24750192159877,71,283.0,2026455071,0.3,0.9
fig3_community_ve,1384.0,0.4,0.3,0,84.46531791907515,72,215.0,2026455072,0.3,0.9
fig3_community_ve,1054.0,0.4,0.3,0,77.51423149905123,73,237.00000000000003,2026455073,0.3,0.9
fig3_community_ve,1576.0,0.4,0.3,0,78.10913705583756,74,345.0,2026455074,0.3,0.9
fig3_community_ve,1357.0,0.4,0.3,0,85.11422254974208,75,202.0,2026455075,0.3,0.9
fig3_community_ve,827.0,0.4,0.3,0,71.7049576783555,76,234.0,2026455076,0.3,0.9
fig3_community_ve,1228.0,0.4,0.3,0,82.00325732899023,77,221.00000000000003,2026455077,0.3,0.9
fig3_community_ve,929.0,0.4,0.3,0,78.90204520990312,78,196.0,2026455078,0.3,0.9
fig3_community_ve,1138.0,0.4,0.3,0,77.06502636203867,79,261.0,2026455079,0.3,0.9
fig3_community_ve,1025.0,0.4,0.3,0,74.73170731707317,80,259.0,2026455080,0.3,0.9
fig3_community_ve,1200.0,0.4,0.3,0,79.5,81,246.0,2026455081,0.3,0.9
fig3_community_ve,1235.0,0.4,0.3,0,81.70040485829959,82,225.99999999999997,2026455082,0.3,0.9
fig3_community_ve,1298.0,0.4,0.3,0,78.96764252696457,83,273.0,2026455083,0.3,0.9
fig3_community_ve,1451.0,0.4,0.3,0,80.289455547898,84,286.0,2026455084,0.3,0.9
fig3_community_ve,1077.0,0.4,0.3,0,80.59424326833798,85,208.99999999999997,2026455085,0.3,0.9
fig3_community_ve,751.0,0.4,0.3,0,65.77896138482024,86,257.0,2026455086,0.3,0.9
fig3_community_ve,1364.0,0.4,0.3,0,78.51906158357771,87,293.0,2026455087,0.3,0.9
fig3_community_ve,1381.0,0.4,0.3,0,77.4800868935554,88,311.0,2026455088,0.3,0.9
fig3_community_ve,1310.0,0.4,0.3,0,77.32824427480917,89,297.0,2026455089,0.3,0.9
fig3_community_ve,914.0,0.4,0.3,0,76.47702407002188,90,215.0,2026455090,0.3,0.9
fig3_community_ve,1572.0000000000002,0.4,0.3,0,79.70737913486006,91,319.0,2026455091,0.3,0.9
fig3_community_ve,895.0,0.4,0.3,0,81.56424581005587,92,165.0,2026455092,0.3,0.9
fig3_community_ve,871.0000000000001,0.4,0.3,0,78.18599311136626,93,190.0,2026455093,0.3,0.9
fig3_community_ve,1035.0,0.4,0.3,0,80.67632850241546,94,200.0,2026455094,0.3,0.9
fig3_community_ve,569.0,0.4,0.3,0,63.09314586994728,95,210.0,2026455095,0.3,0.9
fig3_community_ve,1221.0,0.4,0.3,0,82.55528255528256,96,213.0,2026455096,0.3,0.9
fig3_community_ve,1290.0,0.4,0.3,0,79.30232558139535,97,267.0,2026455097,0.3,0.9
fig3_community_ve,1385.0,0.4,0.3,0,77.83393501805054,98,307.0,2026455098,0.3,0.9
fig3_community_ve,1061.0,0.4,0.3,0,74.45805843543826,99,271.0,2026455099,0.3,0.9
fig3_community_ve,984.9999999999999,0.5,0.3,0,0.0,0,984.9999999999999,2026456000,0.3,0.0
fig3_community_ve,1432.0,0.5,0.3,0,0.0,1,1432.0,2026456001,0.3,0.0
fig3_community_ve,1012.0,0.5,0.3,0,0.0,2,1012.0,2026456002,0.3,0.0
fig3_community_ve,831.0,0.5,0.3,0,0.0,3,831.0,2026456003,0.3,0.0
fig3_community_ve,1196.0,0.5,0.3,0,0.0,4,1196.0,2026456004,0.3,0.0
fig3_community_ve,1347.0,0.5,0.3,0,0.0,5,1347.0,2026456005,0.3,0.0
fig3_community_ve,936.0,0.5,0.3,0,0.0,6,936.0,2026456006,0.3,0.0
fig3_community_ve,790.0000000000001,0.5,0.3,0,0.0,7,790.0000000000001,2026456007,0.3,0.0
fig3_community_ve,1355.0,0.5,0.3,0,0.0,8,1355.0,2026456008,0.3,0.0
fig3_community_ve,1117.0,0.5,0.3,0,0.0,9,1117.0,2026456009,0.3,0.0
fig3_community_ve,1132.0,0.5,0.3,0,0.0,10,1132.0,2026456010,0.3,0.0
fig3_community_ve,1062.0,0.5,0.3,0,0.0,11,1062.0,2026456011,0.3,0.0
fig3_community_ve,810.0,0.5,0.3,0,0.0,12,810.0,2026456012,0.3,0.0
fig3_community_ve,1157.0,0.5,0.3,0,0.0,13,1157.0,2026456013,0.3,0.0
fig3_community_ve,1267.0,0.5,0.3,0,0.0,14,1267.0,2026456014,0.3,0.0
fig3_community_ve,1177.0,0.5,0.3,0,0.0,15,1177.0,2026456015,0.3,0.0
fig3_community_ve,1057.0,0.5,0.3,0,0.0,16,1057.0,2026456016,0.3,0.0
fig3_community_ve,830.0,0.5,0.3,0,0.0,17,830.0,2026456017,0.3,0.0
fig3_community_ve,1252.0,0.5,0.3,0,0.0,18,1252.0,2026456018,0.3,0.0
fig3_community_ve,1050.0,0.5,0.3,0,0.0,19,1050.0,2026456019,0.3,0.0
fig3_community_ve,1092.0,0.5,0.3,0,0.0,20,1092.0,2026456020,0.3,0.0
fig3_community_ve,1043.0,0.5,0.3,0,0.0,21,1043.0,2026456021,0.3,0.0
fig3_community_ve,936.0,0.5,0.3,0,0.0,22,936.0,2026456022,0.3,0.0
fig3_community_ve,1244.0,0.5,0.3,0,0.0,23,1244.0,2026456023,0.3,0.0
fig3_community_ve,1180.0,0.5,0.3,0,0.0,24,1180.0,2026456024,0.3,0.0
fig3_community_ve,1085.0,0.5,0.3,0,0.0,25,1085.0,2026456025,0.3,0.0
fig3_community_ve,1260.0,0.5,0.3,0,0.0,26,1260.0,2026456026,0.3,0.0
fig3_community_ve,1072.0,0.5,0.3,0,0.0,27,1072.0,2026456027,0.3,0.0
fig3_community_ve,1188.0,0.5,0.3,0,0.0,28,1188.0,2026456028,0.3,0.0
fig3_community_ve,1182.0,0.5,0.3,0,0.0,29,1182.0,2026456029,0.3,0.0
fig3_community_ve,1355.0,0.5,0.3,0,0.0,30,1355.0,2026456030,0.3,0.0
fig3_community_ve,993.9999999999999,0.5,0.3,0,0.0,31,993.9999999999999,2026456031,0.3,0.0
fig3_community_ve,1110.0,0.5,0.3,0,0.0,32,1110.0,2026456032,0.3,0.0
fig3_community_ve,1307.0,0.5,0.3,0,0.0,33,1307.0,2026456033,0.3,0.0
fig3_community_ve,1042.0,0.5,0.3,0,0.0,34,1042.0,2026456034,0.3,0.0
fig3_community_ve,1055.0,0.5,0.3,0,0.0,35,1055.0,2026456035,0.3,0.0
fig3_community_ve,892.0000000000001,0.5,0.3,0,0.0,36,892.0000000000001,2026456036,0.3,0.0
fig3_community_ve,1070.0,0.5,0.3,0,0.0,37,1070.0,2026456037,0.3,0.0
fig3_community_ve,665.0,0.5,0.3,0,0.0,38,665.0,2026456038,0.3,0.0
fig3_community_ve,1094.0,0.5,0.3,0,0.0,39,1094.0,2026456039,0.3,0.0
fig3_community_ve,1017.0,0.5,0.3,0,0.0,40,1017.0,2026456040,0.3,0.0
fig3_community_ve,1088.0,0.5,0.3,0,0.0,41,1088.0,2026456041,0.3,0.0
fig3_community_ve,1122.0,0.5,0.3,0,0.0,42,1122.0,2026456042,0.3,0.0
fig3_community_ve,1089.0,0.5,0.3,0,0.0,43,1089.0,2026456043,0.3,0.0
fig3_community_ve,1010.0,0.5,0.3,0,0.0,44,1010.0,2026456044,0.3,0.0
fig3_community_ve,1285.0,0.5,0.3,0,0.0,45,1285.0,2026456045,0.3,0.0
fig3_community_ve,1368.0,0.5,0.3,0,0.0,46,1368.0,2026456046,0.3,0.0
fig3_community_ve,1064.0,0.5,0.3,0,0.0,47,1064.0,2026456047,0.3,0.0
fig3_community_ve,984.9999999999999,0.5,0.3,0,0.0,48,984.9999999999999,2026456048,0.3,0.0
fig3_community_ve,893.0,0.5,0.3,0,0.0,49,893.0,2026456049,0.3,0.0
fig3_community_ve,938.0,0.5,0.3,0,0.0,50,938.0,2026456050,0.3,0.0
fig3_community_ve,1472.0,0.5,0.3,0,0.0,51,1472.0,2026456051,0.3,0.0
fig3_community_ve,990.0000000000001,0.5,0.3,0,0.0,52,990.0000000000001,2026456052,0.3,0.0
fig3_community_ve,1084.0,0.5,0.3,0,0.0,53,1084.0,2026456053,0.3,0.0
fig3_community_ve,1334.0,0.5,0.3,0,0.0,54,1334.0,2026456054,0.3,0.0
fig3_community_ve,1318.0,0.5,0.3,0,0.0,55,1318.0,2026456055,0.3,0.0
fig3_community_ve,925.9999999999999,0.5,0.3,0,0.0,56,925.9999999999999,2026456056,0.3,0.0
fig3_community_ve,1077.0,0.5,0.3,0,0.0,57,1077.0,2026456057,0.3,0.0
fig3_community_ve,1175.0,0.5,0.3,0,0.0,58,1175.0,2026456058,0.3,0.0
fig3_community_ve,992.0,0.5,0.3,0,0.0,59,992.0,2026456059,0.3,0.0
fig3_community_ve,1532.0,0.5,0.3,0,0.0,60,1532.0,2026456060,0.3,0.0
fig3_community_ve,1631.0000000000002,0.5,0.3,0,0.0,61,1631.0000000000002,2026456061,0.3,0.0
fig3_community_ve,1219.0,0.5,0.3,0,0.0,62,1219.0,2026456062,0.3,0.0
fig3_community_ve,1362.0,0.5,0.3,0,0.0,63,1362.0,2026456063,0.3,0.0
fig3_community_ve,1249.0,0.5,0.3,0,0.0,64,1249.0,2026456064,0.3,0.0
fig3_community_ve,1010.0,0.5,0.3,0,0.0,65,1010.0,2026456065,0.3,0.0
fig3_community_ve,1253.0,0.5,0.3,0,0.0,66,1253.0,2026456066,0.3,0.0
fig3_community_ve,1152.0,0.5,0.3,0,0.0,67,1152.0,2026456067,0.3,0.0
fig3_community_ve,1313.0,0.5,0.3,0,0.0,68,1313.0,2026456068,0.3,0.0
fig3_community_ve,831.9999999999999,0.5,0.3,0,0.0,69,831.9999999999999,2026456069,0.3,0.0
fig3_community_ve,1333.0,0.5,0.3,0,0.0,70,1333.0,2026456070,0.3,0.0
fig3_community_ve,716.0,0.5,0.3,0,0.0,71,716.0,2026456071,0.3,0.0
fig3_community_ve,1705.9999999999998,0.5,0.3,0,0.0,72,1705.9999999999998,2026456072,0.3,0.0
fig3_community_ve,1169.0,0.5,0.3,0,0.0,73,1169.0,2026456073,0.3,0.0
fig3_community_ve,1033.0,0.5,0.3,0,0.0,74,1033.0,2026456074,0.3,0.0
fig3_community_ve,888.0000000000001,0.5,0.3,0,0.0,75,888.0000000000001,2026456075,0.3,0.0
fig3_community_ve,1224.0,0.5,0.3,0,0.0,76,1224.0,2026456076,0.3,0.0
fig3_community_ve,1257.0,0.5,0.3,0,0.0,77,1257.0,2026456077,0.3,0.0
fig3_community_ve,1082.0,0.5,0.3,0,0.0,78,1082.0,2026456078,0.3,0.0
fig3_community_ve,1295.0,0.5,0.3,0,0.0,79,1295.0,2026456079,0.3,0.0
fig3_community_ve,1202.0,0.5,0.3,0,0.0,80,1202.0,2026456080,0.3,0.0
fig3_community_ve,979.0,0.5,0.3,0,0.0,81,979.0,2026456081,0.3,0.0
fig3_community_ve,1104.0,0.5,0.3,0,0.0,82,1104.0,2026456082,0.3,0.0
fig3_community_ve,1170.0,0.5,0.3,0,0.0,83,1170.0,2026456083,0.3,0.0
fig3_community_ve,1498.0,0.5,0.3,0,0.0,84,1498.0,2026456084,0.3,0.0
fig3_community_ve,1110.0,0.5,0.3,0,0.0,85,1110.0,2026456085,0.3,0.0
fig3_community_ve,1048.0,0.5,0.3,0,0.0,86,1048.0,2026456086,0.3,0.0
fig3_community_ve,1038.0,0.5,0.3,0,0.0,87,1038.0,2026456087,0.3,0.0
fig3_community_ve,1430.0,0.5,0.3,0,0.0,88,1430.0,2026456088,0.3,0.0
fig3_community_ve,1505.0,0.5,0.3,0,0.0,89,1505.0,2026456089,0.3,0.0
fig3_community_ve,1551.0,0.5,0.3,0,0.0,90,1551.0,2026456090,0.3,0.0
fig3_community_ve,1297.0,0.5,0.3,0,0.0,91,1297.0,2026456091,0.3,0.0
fig3_community_ve,1360.0,0.5,0.3,0,0.0,92,1360.0,2026456092,0.3,0.0
fig3_community_ve,1349.0,0.5,0.3,0,0.0,93,1349.0,2026456093,0.3,0.0
fig3_community_ve,1265.0,0.5,0.3,0,0.0,94,1265.0,2026456094,0.3,0.0
fig3_community_ve,1021.0,0.5,0.3,0,0.0,95,1021.0,2026456095,0.3,0.0
fig3_community_ve,1118.0,0.5,0.3,0,0.0,96,1118.0,2026456096,0.3,0.0
fig3_community_ve,724.0,0.5,0.3,0,0.0,97,724.0,2026456097,0.3,0.0
fig3_community_ve,1325.0,0.5,0.3,0,0.0,98,1325.0,2026456098,0.3,0.0
fig3_community_ve,1107.0,0.5,0.3,0,0.0,99,1107.0,2026456099,0.3,0.0
fig3_community_ve,1321.0,0.5,0.3,0,66.99470098410295,0,436.0,2026457000,0.3,0.15
fig3_community_ve,784.9999999999999,0.5,0.3,0,48.4076433121019,1,405.0,2026457001,0.3,0.15
fig3_community_ve,1534.0,0.5,0.3,0,42.69882659713169,2,878.9999999999999,2026457002,0.3,0.15
fig3_community_ve,1027.0,0.5,0.3,0,57.05939629990263,3,441.0,2026457003,0.3,0.15
fig3_community_ve,923.0,0.5,0.3,0,45.50379198266522,4,503.0,2026457004,0.3,0.15
fig3_community_ve,1194.0,0.5,0.3,0,36.767169179229484,5,755.0,2026457005,0.3,0.15
fig3_community_ve,1390.0,0.5,0.3,0,41.43884892086331,6,814.0,2026457006,0.3,0.15
fig3_community_ve,835.9999999999999,0.5,0.3,0,53.46889952153109,7,389.0,2026457007,0.3,0.15
fig3_community_ve,1028.0,0.5,0.3,0,50.09727626459144,8,513.0,2026457008,0.3,0.15
fig3_community_ve,1474.0,0.5,0.3,0,43.96200814111262,9,826.0,2026457009,0.3,0.15
fig3_community_ve,928.0,0.5,0.3,0,31.03448275862069,10,640.0,2026457010,0.3,0.15
fig3_community_ve,1469.0,0.5,0.3,0,35.39823008849557,11,949.0,2026457011,0.3,0.15
fig3_community_ve,1048.0,0.5,0.3,0,28.14885496183206,12,753.0,2026457012,0.3,0.15
fig3_community_ve,916.9999999999999,0.5,0.3,0,51.14503816793893,13,447.99999999999994,2026457013,0.3,0.15
fig3_community_ve,1046.0,0.5,0.3,0,59.56022944550669,14,423.0,2026457014,0.3,0.15
fig3_community_ve,1462.0,0.5,0.3,0,49.11080711354309,15,744.0,2026457015,0.3,0.15
fig3_community_ve,1354.0,0.5,0.3,0,46.23338257016248,16,728.0,2026457016,0.3,0.15
fig3_community_ve,1225.0,0.5,0.3,0,51.265306122448976,17,597.0,2026457017,0.3,0.15
fig3_community_ve,987.0,0.5,0.3,0,41.94528875379939,18,573.0,2026457018,0.3,0.15
fig3_community_ve,898.0,0.5,0.3,0,39.198218262806236,19,546.0,2026457019,0.3,0.15
fig3_community_ve,952.0000000000001,0.5,0.3,0,32.77310924369748,20,640.0,2026457020,0.3,0.15
fig3_community_ve,895.0,0.5,0.3,0,35.865921787709496,21,574.0,2026457021,0.3,0.15
fig3_community_ve,1372.0,0.5,0.3,0,53.2798833819242,22,641.0,2026457022,0.3,0.15
fig3_community_ve,1239.0,0.5,0.3,0,42.77643260694108,23,709.0,2026457023,0.3,0.15
fig3_community_ve,1087.0,0.5,0.3,0,55.65777368905244,24,481.99999999999994,2026457024,0.3,0.15
fig3_community_ve,959.0,0.5,0.3,0,36.496350364963504,25,609.0,2026457025,0.3,0.15
fig3_community_ve,916.9999999999999,0.5,0.3,0,50.92693565976008,26,449.99999999999994,2026457026,0.3,0.15
fig3_community_ve,784.9999999999999,0.5,0.3,0,54.522292993630565,27,357.0,2026457027,0.3,0.15
fig3_community_ve,1184.0,0.5,0.3,0,52.111486486486484,28,567.0,2026457028,0.3,0.15
fig3_community_ve,858.0000000000001,0.5,0.3,0,37.41258741258742,29,537.0,2026457029,0.3,0.15
fig3_community_ve,1200.0,0.5,0.3,0,55.166666666666664,30,538.0,2026457030,0.3,0.15
fig3_community_ve,1347.0,0.5,0.3,0,45.508537490720116,31,734.0,2026457031,0.3,0.15
fig3_community_ve,1303.0,0.5,0.3,0,47.12202609363008,32,689.0,2026457032,0.3,0.15
fig3_community_ve,1113.0,0.5,0.3,0,52.740341419586706,33,526.0,2026457033,0.3,0.15
fig3_community_ve,993.9999999999999,0.5,0.3,0,39.73843058350099,34,599.0,2026457034,0.3,0.15
fig3_community_ve,925.9999999999999,0.5,0.3,0,38.33693304535636,35,571.0,2026457035,0.3,0.15
fig3_community_ve,1159.0,0.5,0.3,0,52.02761000862813,36,556.0,2026457036,0.3,0.15
fig3_community_ve,796.0,0.5,0.3,0,48.74371859296482,37,408.00000000000006,2026457037,0.3,0.15
fig3_community_ve,1484.0,0.5,0.3,0,56.40161725067385,38,647.0,2026457038,0.3,0.15
fig3_community_ve,1235.0,0.5,0.3,0,44.61538461538461,39,684.0,2026457039,0.3,0.15
fig3_community_ve,1077.0,0.5,0.3,0,49.11792014856082,40,548.0,2026457040,0.3,0.15
fig3_community_ve,941.0,0.5,0.3,0,48.35281615302869,41,486.0,2026457041,0.3,0.15
fig3_community_ve,1006.0,0.5,0.3,0,33.89662027833002,42,665.0,2026457042,0.3,0.15
fig3_community_ve,1007.0000000000001,0.5,0.3,0,54.51837140019862,43,458.0,2026457043,0.3,0.15
fig3_community_ve,1006.0,0.5,0.3,0,43.737574552683895,44,566.0,2026457044,0.3,0.15
fig3_community_ve,993.0,0.5,0.3,0,36.5558912386707,45,630.0,2026457045,0.3,0.15
fig3_community_ve,1315.0,0.5,0.3,0,46.7680608365019,46,700.0,2026457046,0.3,0.15
fig3_community_ve,993.0,0.5,0.3,0,45.01510574018127,47,546.0,2026457047,0.3,0.15
fig3_community_ve,1200.0,0.5,0.3,0,44.166666666666664,48,670.0,2026457048,0.3,0.15
fig3_community_ve,1103.0,0.5,0.3,0,56.84496826835902,49,476.00000000000006,2026457049,0.3,0.15
fig3_community_ve,805.0,0.5,0.3,0,48.4472049689441,50,415.0,2026457050,0.3,0.15
fig3_community_ve,940.0,0.5,0.3,0,51.48936170212766,51,456.0,2026457051,0.3,0.15
fig3_community_ve,1262.0,0.5,0.3,0,51.347068145800314,52,614.0,2026457052,0.3,0.15
fig3_community_ve,716.0,0.5,0.3,0,36.59217877094972,53,454.0,2026457053,0.3,0.15
fig3_community_ve,1093.0,0.5,0.3,0,41.07959743824337,54,644.0,2026457054,0.3,0.15
fig3_community_ve,1143.0,0.5,0.3,0,31.84601924759405,55,779.0,2026457055,0.3,0.15
fig3_community_ve,1246.0,0.5,0.3,0,41.3322632423756,56,731.0,2026457056,0.3,0.15
fig3_community_ve,1374.0,0.5,0.3,0,50.727802037845706,57,677.0,2026457057,0.3,0.15
fig3_community_ve,1302.0,0.5,0.3,0,45.54531490015361,58,709.0,2026457058,0.3,0.15
fig3_community_ve,1112.0,0.5,0.3,0,49.64028776978417,59,560.0,2026457059,0.3,0.15
fig3_community_ve,1074.0,0.5,0.3,0,36.59217877094972,60,681.0,2026457060,0.3,0.15
fig3_community_ve,765.0,0.5,0.3,0,35.55555555555554,61,493.00000000000006,2026457061,0.3,0.15
fig3_community_ve,1041.0,0.5,0.3,0,48.03073967339097,62,541.0,2026457062,0.3,0.15
fig3_community_ve,1253.0,0.5,0.3,0,32.960893854748605,63,840.0,2026457063,0.3,0.15
fig3_community_ve,1325.0,0.5,0.3,0,49.660377358490564,64,667.0,2026457064,0.3,0.15
fig3_community_ve,914.0,0.5,0.3,0,43.21663019693654,65,519.0,2026457065,0.3,0.15
fig3_community_ve,1181.0,0.5,0.3,0,46.82472480948349,66,628.0,2026457066,0.3,0.15
fig3_community_ve,869.9999999999999,0.5,0.3,0,43.10344827586206,67,495.00000000000006,2026457067,0.3,0.15
fig3_community_ve,872.0,0.5,0.3,0,46.67431192660551,68,464.99999999999994,2026457068,0.3,0.15
fig3_community_ve,1035.0,0.5,0.3,0,39.227053140096615,69,629.0,2026457069,0.3,0.15
fig3_community_ve,886.0,0.5,0.3,0,45.25959367945824,70,485.0,2026457070,0.3,0.15
fig3_community_ve,950.9999999999999,0.5,0.3,0,21.556256572029433,71,746.0,2026457071,0.3,0.15
fig3_community_ve,877.0,0.5,0.3,0,50.96921322690992,72,430.0,2026457072,0.3,0.15
fig3_community_ve,801.0,0.5,0.3,0,35.2059925093633,73,519.0,2026457073,0.3,0.15
fig3_community_ve,863.0,0.5,0.3,0,44.380069524913104,74,479.99999999999994,2026457074,0.3,0.15
fig3_community_ve,835.0,0.5,0.3,0,46.10778443113773,75,449.99999999999994,2026457075,0.3,0.15
fig3_community_ve,1273.0,0.5,0.3,0,33.62136684996074,76,844.9999999999999,2026457076,0.3,0.15
fig3_community_ve,882.9999999999999,0.5,0.3,0,59.00339750849376,77,362.0,2026457077,0.3,0.15
fig3_community_ve,1289.0,0.5,0.3,0,52.055857253685026,78,618.0,2026457078,0.3,0.15
fig3_community_ve,894.0,0.5,0.3,0,56.59955257270693,79,388.0,2026457079,0.3,0.15
fig3_community_ve,1140.0,0.5,0.3,0,35.87719298245614,80,731.0,2026457080,0.3,0.15
fig3_community_ve,945.0,0.5,0.3,0,43.7037037037037,81,532.0,2026457081,0.3,0.15
fig3_community_ve,1438.0,0.5,0.3,0,50.764951321279554,82,708.0,2026457082,0.3,0.15
fig3_community_ve,774.0,0.5,0.3,0,49.6124031007752,83,390.0,2026457083,0.3,0.15
fig3_community_ve,749.0,0.5,0.3,0,29.906542056074766,84,525.0,2026457084,0.3,0.15
fig3_community_ve,1088.0,0.5,0.3,0,42.830882352941174,85,622.0,2026457085,0.3,0.15
fig3_community_ve,944.0,0.5,0.3,0,37.71186440677966,86,588.0,2026457086,0.3,0.15
fig3_community_ve,976.0,0.5,0.3,0,44.057377049180324,87,546.0,2026457087,0.3,0.15
fig3_community_ve,1074.0,0.5,0.3,0,50.74487895716946,88,529.0,2026457088,0.3,0.15
fig3_community_ve,1071.0,0.5,0.3,0,32.586367880485525,89,722.0,2026457089,0.3,0.15
fig3_community_ve,1424.0,0.5,0.3,0,44.45224719101124,90,791.0,2026457090,0.3,0.15
fig3_community_ve,1138.0,0.5,0.3,0,37.25834797891037,91,714.0,2026457091,0.3,0.15
fig3_community_ve,781.0,0.5,0.3,0,41.86939820742638,92,454.0,2026457092,0.3,0.15
fig3_community_ve,1136.0,0.5,0.3,0,49.29577464788732,93,576.0,2026457093,0.3,0.15
fig3_community_ve,1185.0,0.5,0.3,0,55.69620253164557,94,525.0,2026457094,0.3,0.15
fig3_community_ve,1549.0,0.5,0.3,0,52.291801162040024,95,739.0,2026457095,0.3,0.15
fig3_community_ve,1249.0,0.5,0.3,0,50.120096076861486,96,623.0,2026457096,0.3,0.15
fig3_community_ve,1194.0,0.5,0.3,0,45.97989949748744,97,645.0,2026457097,0.3,0.15
fig3_community_ve,1389.0,0.5,0.3,0,53.779697624190064,98,642.0,2026457098,0.3,0.15
fig3_community_ve,1392.0,0.5,0.3,0,53.951149425287355,99,641.0,2026457099,0.3,0.15
fig3_community_ve,712.0,0.5,0.3,0,79.49438202247191,0,146.0,2026460000,0.3,0.6
fig3_community_ve,1066.0,0.5,0.3,0,83.11444652908068,1,180.0,2026460001,0.3,0.6
fig3_community_ve,783.0,0.5,0.3,0,80.84291187739464,2,150.0,2026460002,0.3,0.6
fig3_community_ve,729.0,0.5,0.3,0,74.7599451303155,3,184.0,2026460003,0.3,0.6
fig3_community_ve,1201.0,0.5,0.3,0,82.76436303080766,4,206.99999999999997,2026460004,0.3,0.6
fig3_community_ve,1348.0,0.5,0.3,0,80.71216617210682,5,260.0,2026460005,0.3,0.6
fig3_community_ve,1202.0,0.5,0.3,0,85.19134775374376,6,178.0,2026460006,0.3,0.6
fig3_community_ve,809.0,0.5,0.3,0,79.48084054388133,7,166.0,2026460007,0.3,0.6
fig3_community_ve,1146.0,0.5,0.3,0,82.37347294938918,8,202.0,2026460008,0.3,0.6
fig3_community_ve,844.9999999999999,0.5,0.3,0,83.55029585798816,9,139.0,2026460009,0.3,0.6
fig3_community_ve,1175.0,0.5,0.3,0,83.31914893617021,10,196.0,2026460010,0.3,0.6
fig3_community_ve,1114.0,0.5,0.3,0,73.96768402154399,11,290.0,2026460011,0.3,0.6
fig3_community_ve,1233.0,0.5,0.3,0,79.88645579886456,12,248.0,2026460012,0.3,0.6
fig3_community_ve,912.9999999999999,0.5,0.3,0,82.69441401971523,13,158.0,2026460013,0.3,0.6
fig3_community_ve,1270.0,0.5,0.3,0,81.96850393700787,14,229.0,2026460014,0.3,0.6
fig3_community_ve,1535.0,0.5,0.3,0,80.3257328990228,15,302.0,2026460015,0.3,0.6
fig3_community_ve,1199.0,0.5,0.3,0,84.40366972477064,16,187.0,2026460016,0.3,0.6
fig3_community_ve,1107.0,0.5,0.3,0,84.10117434507679,17,176.0,2026460017,0.3,0.6
fig3_community_ve,940.0,0.5,0.3,0,80.85106382978724,18,180.0,2026460018,0.3,0.6
fig3_community_ve,1139.0,0.5,0.3,0,79.28007023705004,19,236.0,2026460019,0.3,0.6
fig3_community_ve,1106.0,0.5,0.3,0,83.00180831826401,20,188.0,2026460020,0.3,0.6
fig3_community_ve,1056.0,0.5,0.3,0,80.39772727272727,21,206.99999999999997,2026460021,0.3,0.6
fig3_community_ve,921.0,0.5,0.3,0,82.08469055374593,22,165.0,2026460022,0.3,0.6
fig3_community_ve,833.0000000000001,0.5,0.3,0,80.79231692677071,23,160.0,2026460023,0.3,0.6
fig3_community_ve,931.0,0.5,0.3,0,79.9140708915145,24,187.0,2026460024,0.3,0.6
fig3_community_ve,1299.0,0.5,0.3,0,80.4464973056197,25,254.00000000000003,2026460025,0.3,0.6
fig3_community_ve,1468.0,0.5,0.3,0,79.90463215258856,26,295.0,2026460026,0.3,0.6
fig3_community_ve,1298.0,0.5,0.3,0,79.96918335901387,27,260.0,2026460027,0.3,0.6
fig3_community_ve,899.9999999999999,0.5,0.3,0,81.44444444444444,28,167.0,2026460028,0.3,0.6
fig3_community_ve,861.0,0.5,0.3,0,81.53310104529616,29,159.0,2026460029,0.3,0.6
fig3_community_ve,1202.0,0.5,0.3,0,80.44925124792013,30,235.0,2026460030,0.3,0.6
fig3_community_ve,909.0000000000001,0.5,0.3,0,74.25742574257427,31,234.0,2026460031,0.3,0.6
fig3_community_ve,1349.0,0.5,0.3,0,81.83839881393625,32,245.0,2026460032,0.3,0.6
fig3_community_ve,1009.0,0.5,0.3,0,76.01585728444005,33,241.99999999999997,2026460033,0.3,0.6
fig3_community_ve,1040.0,0.5,0.3,0,81.15384615384616,34,196.0,2026460034,0.3,0.6
fig3_community_ve,1009.0,0.5,0.3,0,78.1962338949455,35,220.0,2026460035,0.3,0.6
fig3_community_ve,1092.0,0.5,0.3,0,76.55677655677655,36,256.0,2026460036,0.3,0.6
fig3_community_ve,1354.0,0.5,0.3,0,80.64992614475628,37,262.0,2026460037,0.3,0.6
fig3_community_ve,1655.9999999999998,0.5,0.3,0,83.87681159420289,38,267.0,2026460038,0.3,0.6
fig3_community_ve,1054.0,0.5,0.3,0,84.0607210626186,39,168.0,2026460039,0.3,0.6
fig3_community_ve,749.0,0.5,0.3,0,78.37116154873164,40,162.0,2026460040,0.3,0.6
fig3_community_ve,1230.0,0.5,0.3,0,79.7560975609756,41,249.0,2026460041,0.3,0.6
fig3_community_ve,1286.0,0.5,0.3,0,83.2814930015552,42,215.0,2026460042,0.3,0.6
fig3_community_ve,639.0,0.5,0.3,0,80.9076682316119,43,122.0,2026460043,0.3,0.6
fig3_community_ve,897.0,0.5,0.3,0,77.14604236343366,44,205.00000000000003,2026460044,0.3,0.6
fig3_community_ve,945.0,0.5,0.3,0,78.3068783068783,45,205.00000000000003,2026460045,0.3,0.6
fig3_community_ve,1290.0,0.5,0.3,0,80.15503875968992,46,256.0,2026460046,0.3,0.6
fig3_community_ve,1087.0,0.5,0.3,0,75.43698252069917,47,267.0,2026460047,0.3,0.6
fig3_community_ve,916.0,0.5,0.3,0,72.16157205240175,48,255.00000000000003,2026460048,0.3,0.6
fig3_community_ve,1046.0,0.5,0.3,0,78.87189292543022,49,221.00000000000003,2026460049,0.3,0.6
fig3_community_ve,1072.0,0.5,0.3,0,84.32835820895522,50,168.0,2026460050,0.3,0.6
fig3_community_ve,1280.0,0.5,0.3,0,81.796875,51,233.0,2026460051,0.3,0.6
fig3_community_ve,909.0000000000001,0.5,0.3,0,75.57755775577559,52,222.00000000000003,2026460052,0.3,0.6
fig3_community_ve,1197.0,0.5,0.3,0,83.95989974937343,53,192.0,2026460053,0.3,0.6
fig3_community_ve,1014.9999999999999,0.5,0.3,0,76.74876847290639,54,236.0,2026460054,0.3,0.6
fig3_community_ve,897.0,0.5,0.3,0,81.0479375696767,55,170.0,2026460055,0.3,0.6
fig3_community_ve,1271.0,0.5,0.3,0,82.06136900078678,56,228.0,2026460056,0.3,0.6
fig3_community_ve,935.0000000000001,0.5,0.3,0,75.6149732620321,57,228.0,2026460057,0.3,0.6
fig3_community_ve,931.0,0.5,0.3,0,81.95488721804512,58,168.0,2026460058,0.3,0.6
fig3_community_ve,1034.0,0.5,0.3,0,82.59187620889749,59,180.0,2026460059,0.3,0.6
fig3_community_ve,1374.0,0.5,0.3,0,81.80494905385736,60,250.0,2026460060,0.3,0.6
fig3_community_ve,869.0,0.5,0.3,0,78.59608745684694,61,186.0,2026460061,0.3,0.6
fig3_community_ve,1077.0,0.5,0.3,0,79.94428969359332,62,216.0,2026460062,0.3,0.6
fig3_community_ve,1242.0,0.5,0.3,0,84.54106280193237,63,192.0,2026460063,0.3,0.6
fig3_community_ve,1044.0,0.5,0.3,0,79.69348659003832,64,212.0,2026460064,0.3,0.6
fig3_community_ve,1061.0,0.5,0.3,0,81.7153628652215,65,194.0,2026460065,0.3,0.6
fig3_community_ve,1484.0,0.5,0.3,0,86.32075471698113,66,203.0,2026460066,0.3,0.6
fig3_community_ve,1078.0,0.5,0.3,0,83.95176252319109,67,173.0,2026460067,0.3,0.6
fig3_community_ve,1380.0,0.5,0.3,0,83.04347826086956,68,234.0,2026460068,0.3,0.6
fig3_community_ve,1179.0,0.5,0.3,0,75.74215436810857,69,286.0,2026460069,0.3,0.6
fig3_community_ve,827.9999999999999,0.5,0.3,0,76.44927536231883,70,195.0,2026460070,0.3,0.6
fig3_community_ve,764.0,0.5,0.3,0,75.6544502617801,71,186.0,2026460071,0.3,0.6
fig3_community_ve,1340.0,0.5,0.3,0,81.56716417910448,72,247.0,2026460072,0.3,0.6
fig3_community_ve,1322.0,0.5,0.3,0,78.21482602118003,73,288.0,2026460073,0.3,0.6
fig3_community_ve,777.0,0.5,0.3,0,76.44787644787645,74,183.0,2026460074,0.3,0.6
fig3_community_ve,916.0,0.5,0.3,0,79.47598253275109,75,188.0,2026460075,0.3,0.6
fig3_community_ve,988.0,0.5,0.3,0,82.28744939271255,76,175.0,2026460076,0.3,0.6
fig3_community_ve,948.0000000000001,0.5,0.3,0,81.54008438818566,77,175.0,2026460077,0.3,0.6
fig3_community_ve,1305.0,0.5,0.3,0,78.77394636015326,78,277.0,2026460078,0.3,0.6
fig3_community_ve,1655.9999999999998,0.5,0.3,0,84.05797101449275,79,264.0,2026460079,0.3,0.6
fig3_community_ve,859.0,0.5,0.3,0,68.33527357392316,80,272.0,2026460080,0.3,0.6
fig3_community_ve,1200.0,0.5,0.3,0,84.33333333333333,81,188.0,2026460081,0.3,0.6
fig3_community_ve,736.0,0.5,0.3,0,86.82065217391305,82,97.0,2026460082,0.3,0.6
fig3_community_ve,1394.0,0.5,0.3,0,82.06599713055954,83,250.0,2026460083,0.3,0.6
fig3_community_ve,1053.0,0.5,0.3,0,84.9002849002849,84,159.0,2026460084,0.3,0.6
fig3_community_ve,717.0,0.5,0.3,0,73.08228730822873,85,193.0,2026460085,0.3,0.6
fig3_community_ve,1218.0,0.5,0.3,0,78.81773399014779,86,258.0,2026460086,0.3,0.6
fig3_community_ve,974.0,0.5,0.3,0,78.85010266940452,87,206.00000000000003,2026460087,0.3,0.6
fig3_community_ve,1208.0,0.5,0.3,0,78.64238410596026,88,258.0,2026460088,0.3,0.6
fig3_community_ve,970.0,0.5,0.3,0,84.63917525773196,89,149.0,2026460089,0.3,0.6
fig3_community_ve,1094.0,0.5,0.3,0,76.41681901279708,90,258.0,2026460090,0.3,0.6
fig3_community_ve,1195.0,0.5,0.3,0,84.35146443514644,91,187.0,2026460091,0.3,0.6
fig3_community_ve,908.0,0.5,0.3,0,78.41409691629956,92,196.0,2026460092,0.3,0.6
fig3_community_ve,860.0,0.5,0.3,0,80.11627906976744,93,171.0,2026460093,0.3,0.6
fig3_community_ve,908.0,0.5,0.3,0,85.57268722466961,94,131.0,2026460094,0.3,0.6
fig3_community_ve,1074.0,0.5,0.3,0,83.14711359404097,95,181.0,2026460095,0.3,0.6
fig3_community_ve,1344.0,0.5,0.3,0,83.03571428571429,96,228.0,2026460096,0.3,0.6
fig3_community_ve,839.0,0.5,0.3,0,78.18831942789035,97,183.0,2026460097,0.3,0.6
fig3_community_ve,1130.0,0.5,0.3,0,81.41592920353982,98,210.0,2026460098,0.3,0.6
fig3_community_ve,1031.0,0.5,0.3,0,76.52764306498545,99,241.99999999999997,2026460099,0.3,0.6
fig3_community_ve,1026.0,0.5,0.3,0,70.76023391812865,0,300.0,2026458000,0.3,0.3
fig3_community_ve,1033.0,0.5,0.3,0,63.407550822846076,1,378.0,2026458001,0.3,0.3
fig3_community_ve,752.0,0.5,0.3,0,67.68617021276596,2,243.0,2026458002,0.3,0.3
fig3_community_ve,1204.0,0.5,0.3,0,62.37541528239203,3,453.0,2026458003,0.3,0.3
fig3_community_ve,1282.0,0.5,0.3,0,65.6786271450858,4,440.0,2026458004,0.3,0.3
fig3_community_ve,789.0,0.5,0.3,0,63.87832699619772,5,285.0,2026458005,0.3,0.3
fig3_community_ve,1088.0,0.5,0.3,0,67.55514705882354,6,353.0,2026458006,0.3,0.3
fig3_community_ve,1373.0,0.5,0.3,0,70.21121631463947,7,409.0,2026458007,0.3,0.3
fig3_community_ve,1090.0,0.5,0.3,0,66.78899082568807,8,362.0,2026458008,0.3,0.3
fig3_community_ve,897.0,0.5,0.3,0,54.515050167224075,9,408.00000000000006,2026458009,0.3,0.3
fig3_community_ve,1089.0,0.5,0.3,0,66.66666666666667,10,363.0,2026458010,0.3,0.3
fig3_community_ve,942.0,0.5,0.3,0,62.52653927813164,11,353.0,2026458011,0.3,0.3
fig3_community_ve,1432.0,0.5,0.3,0,63.05865921787709,12,529.0,2026458012,0.3,0.3
fig3_community_ve,892.0000000000001,0.5,0.3,0,59.97757847533633,13,357.0,2026458013,0.3,0.3
fig3_community_ve,1325.0,0.5,0.3,0,67.09433962264151,14,436.0,2026458014,0.3,0.3
fig3_community_ve,1368.0,0.5,0.3,0,72.00292397660819,15,383.0,2026458015,0.3,0.3
fig3_community_ve,1410.0,0.5,0.3,0,70.35460992907801,16,417.99999999999994,2026458016,0.3,0.3
fig3_community_ve,979.0,0.5,0.3,0,59.550561797752806,17,396.0,2026458017,0.3,0.3
fig3_community_ve,1303.0,0.5,0.3,0,62.01074443591711,18,495.00000000000006,2026458018,0.3,0.3
fig3_community_ve,1309.0,0.5,0.3,0,64.40030557677616,19,466.0,2026458019,0.3,0.3
fig3_community_ve,1570.9999999999998,0.5,0.3,0,70.65563335455123,20,461.00000000000006,2026458020,0.3,0.3
fig3_community_ve,1138.0,0.5,0.3,0,63.35676625659051,21,417.0,2026458021,0.3,0.3
fig3_community_ve,1419.0,0.5,0.3,0,71.88160676532769,22,398.99999999999994,2026458022,0.3,0.3
fig3_community_ve,1036.0,0.5,0.3,0,63.03088803088803,23,383.0,2026458023,0.3,0.3
fig3_community_ve,1008.0,0.5,0.3,0,65.07936507936508,24,352.0,2026458024,0.3,0.3
fig3_community_ve,1013.0,0.5,0.3,0,50.049358341559724,25,506.0,2026458025,0.3,0.3
fig3_community_ve,1333.0,0.5,0.3,0,63.540885221305324,26,486.0,2026458026,0.3,0.3
fig3_community_ve,1247.0,0.5,0.3,0,73.93744987971131,27,325.0,2026458027,0.3,0.3
fig3_community_ve,912.9999999999999,0.5,0.3,0,70.42716319824753,28,270.0,2026458028,0.3,0.3
fig3_community_ve,855.0,0.5,0.3,0,62.92397660818713,29,317.0,2026458029,0.3,0.3
fig3_community_ve,1309.0,0.5,0.3,0,66.53934300993124,30,438.0,2026458030,0.3,0.3
fig3_community_ve,1166.0,0.5,0.3,0,57.718696397941684,31,493.00000000000006,2026458031,0.3,0.3
fig3_community_ve,865.9999999999999,0.5,0.3,0,55.6581986143187,32,384.0,2026458032,0.3,0.3
fig3_community_ve,919.0,0.5,0.3,0,50.16322089227421,33,458.0,2026458033,0.3,0.3
fig3_community_ve,940.0,0.5,0.3,0,67.34042553191489,34,307.0,2026458034,0.3,0.3
fig3_community_ve,990.0000000000001,0.5,0.3,0,64.84848484848486,35,348.0,2026458035,0.3,0.3
fig3_community_ve,1234.0,0.5,0.3,0,64.74878444084278,36,434.99999999999994,2026458036,0.3,0.3
fig3_community_ve,997.9999999999999,0.5,0.3,0,70.14028056112224,37,298.0,2026458037,0.3,0.3
fig3_community_ve,1104.0,0.5,0.3,0,58.333333333333336,38,460.0,2026458038,0.3,0.3
fig3_community_ve,1308.0,0.5,0.3,0,61.620795107033636,39,502.0,2026458039,0.3,0.3
fig3_community_ve,1404.0,0.5,0.3,0,68.66096866096866,40,440.0,2026458040,0.3,0.3
fig3_community_ve,916.9999999999999,0.5,0.3,0,66.95747001090511,41,303.0,2026458041,0.3,0.3
fig3_community_ve,841.0000000000001,0.5,0.3,0,61.712247324613564,42,322.0,2026458042,0.3,0.3
fig3_community_ve,973.0000000000001,0.5,0.3,0,63.926002055498465,43,351.0,2026458043,0.3,0.3
fig3_community_ve,750.0,0.5,0.3,0,60.4,44,297.0,2026458044,0.3,0.3
fig3_community_ve,1199.0,0.5,0.3,0,75.6463719766472,45,292.0,2026458045,0.3,0.3
fig3_community_ve,988.0,0.5,0.3,0,62.75303643724696,46,368.0,2026458046,0.3,0.3
fig3_community_ve,992.0,0.5,0.3,0,71.875,47,279.0,2026458047,0.3,0.3
fig3_community_ve,1256.0,0.5,0.3,0,63.853503184713375,48,454.0,2026458048,0.3,0.3
fig3_community_ve,843.0,0.5,0.3,0,67.61565836298932,49,273.0,2026458049,0.3,0.3
fig3_community_ve,1207.0,0.5,0.3,0,71.08533554266778,50,349.0,2026458050,0.3,0.3
fig3_community_ve,1192.0,0.5,0.3,0,69.79865771812081,51,360.0,2026458051,0.3,0.3
fig3_community_ve,962.0,0.5,0.3,0,60.4989604989605,52,380.0,2026458052,0.3,0.3
fig3_community_ve,950.0,0.5,0.3,0,63.473684210526315,53,347.0,2026458053,0.3,0.3
fig3_community_ve,905.0000000000001,0.5,0.3,0,66.5193370165746,54,303.0,2026458054,0.3,0.3
fig3_community_ve,807.0000000000001,0.5,0.3,0,71.25154894671624,55,232.0,2026458055,0.3,0.3
fig3_community_ve,1311.0,0.5,0.3,0,66.9717772692601,56,432.99999999999994,2026458056,0.3,0.3
fig3_community_ve,1601.0,0.5,0.3,0,77.32667083073079,57,363.0,2026458057,0.3,0.3
fig3_community_ve,927.0,0.5,0.3,0,56.310679611650485,58,405.0,2026458058,0.3,0.3
fig3_community_ve,1195.0,0.5,0.3,0,61.33891213389121,59,462.0,2026458059,0.3,0.3
fig3_community_ve,922.0000000000001,0.5,0.3,0,63.665943600867685,60,335.0,2026458060,0.3,0.3
fig3_community_ve,847.0,0.5,0.3,0,62.455726092089726,61,318.0,2026458061,0.3,0.3
fig3_community_ve,1111.0,0.5,0.3,0,64.98649864986498,62,389.0,2026458062,0.3,0.3
fig3_community_ve,1275.0,0.5,0.3,0,62.8235294117647,63,474.00000000000006,2026458063,0.3,0.3
fig3_community_ve,1216.0,0.5,0.3,0,68.5032894736842,64,383.0,2026458064,0.3,0.3
fig3_community_ve,1217.0,0.5,0.3,0,66.22843056696796,65,411.0,2026458065,0.3,0.3
fig3_community_ve,1289.0,0.5,0.3,0,68.2699767261443,66,409.0,2026458066,0.3,0.3
fig3_community_ve,1068.0,0.5,0.3,0,66.01123595505618,67,363.0,2026458067,0.3,0.3
fig3_community_ve,1093.0,0.5,0.3,0,61.299176578225065,68,423.0,2026458068,0.3,0.3
fig3_community_ve,1223.0,0.5,0.3,0,58.62632869991823,69,506.0,2026458069,0.3,0.3
fig3_community_ve,1051.0,0.5,0.3,0,63.748810656517605,70,381.0,2026458070,0.3,0.3
fig3_community_ve,1006.0,0.5,0.3,0,66.79920477137176,71,334.0,2026458071,0.3,0.3
fig3_community_ve,973.0000000000001,0.5,0.3,0,61.04830421377185,72,379.0,2026458072,0.3,0.3
fig3_community_ve,1289.0,0.5,0.3,0,68.50271528316524,73,406.0,2026458073,0.3,0.3
fig3_community_ve,1061.0,0.5,0.3,0,54.38265786993402,74,483.99999999999994,2026458074,0.3,0.3
fig3_community_ve,1035.0,0.5,0.3,0,61.64251207729468,75,396.99999999999994,2026458075,0.3,0.3
fig3_community_ve,1171.0,0.5,0.3,0,66.69513236549957,76,390.0,2026458076,0.3,0.3
fig3_community_ve,938.0,0.5,0.3,0,67.59061833688699,77,304.0,2026458077,0.3,0.3
fig3_community_ve,1045.0,0.5,0.3,0,57.22488038277512,78,447.0,2026458078,0.3,0.3
fig3_community_ve,1504.0,0.5,0.3,0,65.02659574468085,79,526.0,2026458079,0.3,0.3
fig3_community_ve,1028.0,0.5,0.3,0,56.1284046692607,80,451.0,2026458080,0.3,0.3
fig3_community_ve,855.0,0.5,0.3,0,62.22222222222222,81,323.0,2026458081,0.3,0.3
fig3_community_ve,1227.0,0.5,0.3,0,76.12061939690301,82,293.0,2026458082,0.3,0.3
fig3_community_ve,1086.0,0.5,0.3,0,66.75874769797421,83,361.0,2026458083,0.3,0.3
fig3_community_ve,1395.0,0.5,0.3,0,63.01075268817204,84,516.0,2026458084,0.3,0.3
fig3_community_ve,1161.0,0.5,0.3,0,71.4900947459087,85,331.0,2026458085,0.3,0.3
fig3_community_ve,1297.0,0.5,0.3,0,70.31611410948342,86,385.0,2026458086,0.3,0.3
fig3_community_ve,1154.0,0.5,0.3,0,70.45060658578856,87,341.0,2026458087,0.3,0.3
fig3_community_ve,1499.0,0.5,0.3,0,60.973982655103406,88,585.0,2026458088,0.3,0.3
fig3_community_ve,959.9999999999999,0.5,0.3,0,64.27083333333333,89,343.0,2026458089,0.3,0.3
fig3_community_ve,1100.0,0.5,0.3,0,68.54545454545455,90,346.0,2026458090,0.3,0.3
fig3_community_ve,967.9999999999999,0.5,0.3,0,66.42561983471073,91,325.0,2026458091,0.3,0.3
fig3_community_ve,1273.0,0.5,0.3,0,66.77140612725844,92,423.0,2026458092,0.3,0.3
fig3_community_ve,1231.0,0.5,0.3,0,68.72461413484972,93,385.0,2026458093,0.3,0.3
fig3_community_ve,1487.0,0.5,0.3,0,73.57094821788837,94,393.00000000000006,2026458094,0.3,0.3
fig3_community_ve,1082.0,0.5,0.3,0,69.50092421441775,95,330.0,2026458095,0.3,0.3
fig3_community_ve,1035.0,0.5,0.3,0,68.21256038647343,96,329.0,2026458096,0.3,0.3
fig3_community_ve,1346.0,0.5,0.3,0,72.80832095096582,97,366.0,2026458097,0.3,0.3
fig3_community_ve,1207.0,0.5,0.3,0,64.62303231151616,98,427.00000000000006,2026458098,0.3,0.3
fig3_community_ve,852.0,0.5,0.3,0,61.502347417840376,99,328.0,2026458099,0.3,0.3
fig3_community_ve,1162.0,0.5,0.3,0,79.60413080895009,0,237.00000000000003,2026459000,0.3,0.44999999999999996
fig3_community_ve,1414.0,0.5,0.3,0,73.47949080622348,1,375.0,2026459001,0.3,0.44999999999999996
fig3_community_ve,982.0000000000001,0.5,0.3,0,75.35641547861508,2,241.99999999999997,2026459002,0.3,0.44999999999999996
fig3_community_ve,1258.0,0.5,0.3,0,77.90143084260731,3,278.0,2026459003,0.3,0.44999999999999996
fig3_community_ve,1109.0,0.5,0.3,0,81.51487826871055,4,205.00000000000003,2026459004,0.3,0.44999999999999996
fig3_community_ve,1475.0,0.5,0.3,0,78.98305084745763,5,310.0,2026459005,0.3,0.44999999999999996
fig3_community_ve,988.0,0.5,0.3,0,73.07692307692308,6,266.0,2026459006,0.3,0.44999999999999996
fig3_community_ve,1028.0,0.5,0.3,0,74.12451361867704,7,266.0,2026459007,0.3,0.44999999999999996
fig3_community_ve,1308.0,0.5,0.3,0,75.68807339449542,8,318.0,2026459008,0.3,0.44999999999999996
fig3_community_ve,962.0,0.5,0.3,0,68.1912681912682,9,306.0,2026459009,0.3,0.44999999999999996
fig3_community_ve,1266.0,0.5,0.3,0,75.11848341232228,10,315.0,2026459010,0.3,0.44999999999999996
fig3_community_ve,889.0,0.5,0.3,0,73.4533183352081,11,236.0,2026459011,0.3,0.44999999999999996
fig3_community_ve,1161.0,0.5,0.3,0,70.54263565891473,12,342.0,2026459012,0.3,0.44999999999999996
fig3_community_ve,801.0,0.5,0.3,0,65.91760299625469,13,273.0,2026459013,0.3,0.44999999999999996
fig3_community_ve,809.0,0.5,0.3,0,67.49072929542645,14,263.0,2026459014,0.3,0.44999999999999996
fig3_community_ve,749.0,0.5,0.3,0,64.48598130841121,15,266.0,2026459015,0.3,0.44999999999999996
fig3_community_ve,1034.0,0.5,0.3,0,73.59767891682786,16,273.0,2026459016,0.3,0.44999999999999996
fig3_community_ve,1164.0,0.5,0.3,0,81.70103092783505,17,213.0,2026459017,0.3,0.44999999999999996
fig3_community_ve,1183.0,0.5,0.3,0,73.71090448013526,18,311.0,2026459018,0.3,0.44999999999999996
fig3_community_ve,1037.0,0.5,0.3,0,72.5168756027001,19,285.0,2026459019,0.3,0.44999999999999996
fig3_community_ve,1023.0,0.5,0.3,0,77.32160312805475,20,232.0,2026459020,0.3,0.44999999999999996
fig3_community_ve,1359.0,0.5,0.3,0,77.99852832965416,21,299.0,2026459021,0.3,0.44999999999999996
fig3_community_ve,1049.0,0.5,0.3,0,75.11916110581507,22,261.0,2026459022,0.3,0.44999999999999996
fig3_community_ve,1574.0,0.5,0.3,0,71.72808132147395,23,445.0,2026459023,0.3,0.44999999999999996
fig3_community_ve,936.0,0.5,0.3,0,76.4957264957265,24,220.0,2026459024,0.3,0.44999999999999996
fig3_community_ve,895.0,0.5,0.3,0,69.05027932960894,25,277.0,2026459025,0.3,0.44999999999999996
fig3_community_ve,1397.0,0.5,0.3,0,73.51467430207587,26,370.0,2026459026,0.3,0.44999999999999996
fig3_community_ve,1382.0,0.5,0.3,0,71.27351664254704,27,396.99999999999994,2026459027,0.3,0.44999999999999996
fig3_community_ve,1602.0,0.5,0.3,0,77.15355805243446,28,366.0,2026459028,0.3,0.44999999999999996
fig3_community_ve,1462.0,0.5,0.3,0,77.22298221614227,29,333.0,2026459029,0.3,0.44999999999999996
fig3_community_ve,1312.0,0.5,0.3,0,77.59146341463415,30,294.0,2026459030,0.3,0.44999999999999996
fig3_community_ve,946.9999999999999,0.5,0.3,0,78.35269271383315,31,205.00000000000003,2026459031,0.3,0.44999999999999996
fig3_community_ve,918.0000000000001,0.5,0.3,0,79.41176470588236,32,189.0,2026459032,0.3,0.44999999999999996
fig3_community_ve,1302.0,0.5,0.3,0,80.18433179723502,33,258.0,2026459033,0.3,0.44999999999999996
fig3_community_ve,1324.0,0.5,0.3,0,80.58912386706949,34,257.0,2026459034,0.3,0.44999999999999996
fig3_community_ve,906.0,0.5,0.3,0,78.36644591611478,35,196.0,2026459035,0.3,0.44999999999999996
fig3_community_ve,844.9999999999999,0.5,0.3,0,71.95266272189349,36,237.00000000000003,2026459036,0.3,0.44999999999999996
fig3_community_ve,955.0,0.5,0.3,0,74.45026178010471,37,244.0,2026459037,0.3,0.44999999999999996
fig3_community_ve,803.0000000000001,0.5,0.3,0,70.36114570361147,38,238.00000000000003,2026459038,0.3,0.44999999999999996
fig3_community_ve,1063.0,0.5,0.3,0,73.84760112888053,39,278.0,2026459039,0.3,0.44999999999999996
fig3_community_ve,1103.0,0.5,0.3,0,70.80689029918405,40,322.0,2026459040,0.3,0.44999999999999996
fig3_community_ve,1234.0,0.5,0.3,0,74.79740680713128,41,311.0,2026459041,0.3,0.44999999999999996
fig3_community_ve,1350.0,0.5,0.3,0,80.81481481481481,42,259.0,2026459042,0.3,0.44999999999999996
fig3_community_ve,1139.0,0.5,0.3,0,72.25636523266023,43,316.0,2026459043,0.3,0.44999999999999996
fig3_community_ve,1051.0,0.5,0.3,0,72.69267364414843,44,287.0,2026459044,0.3,0.44999999999999996
fig3_community_ve,1296.0,0.5,0.3,0,77.31481481481481,45,294.0,2026459045,0.3,0.44999999999999996
fig3_community_ve,801.0,0.5,0.3,0,64.91885143570536,46,281.0,2026459046,0.3,0.44999999999999996
fig3_community_ve,1087.0,0.5,0.3,0,77.46090156393744,47,245.0,2026459047,0.3,0.44999999999999996
fig3_community_ve,1349.0,0.5,0.3,0,77.76130467012602,48,300.0,2026459048,0.3,0.44999999999999996
fig3_community_ve,1366.0,0.5,0.3,0,81.40556368960469,49,254.00000000000003,2026459049,0.3,0.44999999999999996
fig3_community_ve,1416.0,0.5,0.3,0,78.8135593220339,50,300.0,2026459050,0.3,0.44999999999999996
fig3_community_ve,1111.0,0.5,0.3,0,78.66786678667867,51,237.00000000000003,2026459051,0.3,0.44999999999999996
fig3_community_ve,1020.0000000000001,0.5,0.3,0,74.41176470588236,52,261.0,2026459052,0.3,0.44999999999999996
fig3_community_ve,589.0,0.5,0.3,0,70.45840407470288,53,174.0,2026459053,0.3,0.44999999999999996
fig3_community_ve,857.0,0.5,0.3,0,71.06184364060677,54,248.0,2026459054,0.3,0.44999999999999996
fig3_community_ve,1241.0,0.5,0.3,0,74.1337630942788,55,321.0,2026459055,0.3,0.44999999999999996
fig3_community_ve,1085.0,0.5,0.3,0,67.28110599078342,56,355.0,2026459056,0.3,0.44999999999999996
fig3_community_ve,1360.0,0.5,0.3,0,71.17647058823529,57,392.0,2026459057,0.3,0.44999999999999996
fig3_community_ve,1137.0,0.5,0.3,0,80.12313104661389,58,225.99999999999997,2026459058,0.3,0.44999999999999996
fig3_community_ve,1626.0,0.5,0.3,0,76.50676506765068,59,382.0,2026459059,0.3,0.44999999999999996
fig3_community_ve,1215.0,0.5,0.3,0,73.49794238683127,60,322.0,2026459060,0.3,0.44999999999999996
fig3_community_ve,1331.0,0.5,0.3,0,78.58752817430504,61,285.0,2026459061,0.3,0.44999999999999996
fig3_community_ve,920.0,0.5,0.3,0,73.69565217391305,62,241.99999999999997,2026459062,0.3,0.44999999999999996
fig3_community_ve,1095.0,0.5,0.3,0,73.05936073059361,63,295.0,2026459063,0.3,0.44999999999999996
fig3_community_ve,1016.0000000000001,0.5,0.3,0,79.33070866141733,64,210.0,2026459064,0.3,0.44999999999999996
fig3_community_ve,1079.0,0.5,0.3,0,69.87951807228916,65,325.0,2026459065,0.3,0.44999999999999996
fig3_community_ve,1093.0,0.5,0.3,0,78.68252516010979,66,233.0,2026459066,0.3,0.44999999999999996
fig3_community_ve,1194.0,0.5,0.3,0,75.79564489112228,67,289.0,2026459067,0.3,0.44999999999999996
fig3_community_ve,1179.0,0.5,0.3,0,78.62595419847328,68,252.0,2026459068,0.3,0.44999999999999996
fig3_community_ve,1016.0000000000001,0.5,0.3,0,73.62204724409449,69,268.0,2026459069,0.3,0.44999999999999996
fig3_community_ve,1001.9999999999999,0.5,0.3,0,82.03592814371257,70,180.0,2026459070,0.3,0.44999999999999996
fig3_community_ve,971.0,0.5,0.3,0,77.03398558187436,71,223.00000000000003,2026459071,0.3,0.44999999999999996
fig3_community_ve,1083.0,0.5,0.3,0,75.43859649122807,72,266.0,2026459072,0.3,0.44999999999999996
fig3_community_ve,1078.0,0.5,0.3,0,76.99443413729128,73,248.0,2026459073,0.3,0.44999999999999996
fig3_community_ve,1141.0,0.5,0.3,0,75.19719544259422,74,283.0,2026459074,0.3,0.44999999999999996
fig3_community_ve,1212.0,0.5,0.3,0,76.81518151815182,75,281.0,2026459075,0.3,0.44999999999999996
fig3_community_ve,1254.0,0.5,0.3,0,75.19936204146731,76,311.0,2026459076,0.3,0.44999999999999996
fig3_community_ve,682.0,0.5,0.3,0,64.95601173020528,77,239.00000000000003,2026459077,0.3,0.44999999999999996
fig3_community_ve,914.0,0.5,0.3,0,77.02407002188184,78,210.0,2026459078,0.3,0.44999999999999996
fig3_community_ve,1067.0,0.5,0.3,0,78.44423617619493,79,230.0,2026459079,0.3,0.44999999999999996
fig3_community_ve,1116.0,0.5,0.3,0,68.54838709677419,80,351.0,2026459080,0.3,0.44999999999999996
fig3_community_ve,711.0,0.5,0.3,0,75.80872011251758,81,172.0,2026459081,0.3,0.44999999999999996
fig3_community_ve,907.0,0.5,0.3,0,79.93384785005513,82,182.0,2026459082,0.3,0.44999999999999996
fig3_community_ve,1063.0,0.5,0.3,0,77.23424270931326,83,241.99999999999997,2026459083,0.3,0.44999999999999996
fig3_community_ve,890.0,0.5,0.3,0,72.92134831460675,84,240.99999999999997,2026459084,0.3,0.44999999999999996
fig3_community_ve,1067.0,0.5,0.3,0,75.3514526710403,85,263.0,2026459085,0.3,0.44999999999999996
fig3_community_ve,1044.0,0.5,0.3,0,76.34099616858238,86,247.0,2026459086,0.3,0.44999999999999996
fig3_community_ve,1629.0,0.5,0.3,0,75.01534683855125,87,407.0,2026459087,0.3,0.44999999999999996
fig3_community_ve,734.0,0.5,0.3,0,69.07356948228883,88,227.0,2026459088,0.3,0.44999999999999996
fig3_community_ve,1135.0,0.5,0.3,0,72.0704845814978,89,317.0,2026459089,0.3,0.44999999999999996
fig3_community_ve,1171.0,0.5,0.3,0,73.86848847139197,90,306.0,2026459090,0.3,0.44999999999999996
fig3_community_ve,973.0000000000001,0.5,0.3,0,75.02569373072971,91,243.0,2026459091,0.3,0.44999999999999996
fig3_community_ve,915.0,0.5,0.3,0,72.56830601092896,92,251.0,2026459092,0.3,0.44999999999999996
fig3_community_ve,958.0,0.5,0.3,0,76.09603340292276,93,229.0,2026459093,0.3,0.44999999999999996
fig3_community_ve,1038.0,0.5,0.3,0,70.32755298651253,94,308.0,2026459094,0.3,0.44999999999999996
fig3_community_ve,1409.0,0.5,0.3,0,80.26969481902059,95,278.0,2026459095,0.3,0.44999999999999996
fig3_community_ve,958.0,0.5,0.3,0,76.20041753653445,96,228.0,2026459096,0.3,0.44999999999999996
fig3_community_ve,1142.0,0.5,0.3,0,78.02101576182136,97,251.0,2026459097,0.3,0.44999999999999996
fig3_community_ve,1166.0,0.5,0.3,0,74.27101200686106,98,300.0,2026459098,0.3,0.44999999999999996
fig3_community_ve,886.0,0.5,0.3,0,81.03837471783295,99,168.0,2026459099,0.3,0.44999999999999996
fig3_community_ve,838.0,0.5,0.3,0,83.77088305489261,0,136.0,2026461000,0.3,0.75
fig3_community_ve,1094.0,0.5,0.3,0,85.19195612431444,1,162.0,2026461001,0.3,0.75
fig3_community_ve,1280.0,0.5,0.3,0,86.171875,2,177.0,2026461002,0.3,0.75
fig3_community_ve,1028.0,0.5,0.3,0,84.8249027237354,3,156.0,2026461003,0.3,0.75
fig3_community_ve,1037.0,0.5,0.3,0,84.66730954676953,4,159.0,2026461004,0.3,0.75
fig3_community_ve,1007.0000000000001,0.5,0.3,0,78.74875868917577,5,214.0,2026461005,0.3,0.75
fig3_community_ve,1021.0,0.5,0.3,0,78.15866797257591,6,223.00000000000003,2026461006,0.3,0.75
fig3_community_ve,1157.0,0.5,0.3,0,87.03543647363873,7,150.0,2026461007,0.3,0.75
fig3_community_ve,1149.0,0.5,0.3,0,86.42297650130548,8,156.0,2026461008,0.3,0.75
fig3_community_ve,1337.0,0.5,0.3,0,86.01346297681376,9,187.0,2026461009,0.3,0.75
fig3_community_ve,1539.0,0.5,0.3,0,85.05523066926575,10,230.0,2026461010,0.3,0.75
fig3_community_ve,939.0000000000001,0.5,0.3,0,82.00212992545262,11,169.0,2026461011,0.3,0.75
fig3_community_ve,1077.0,0.5,0.3,0,76.88022284122563,12,249.0,2026461012,0.3,0.75
fig3_community_ve,814.0,0.5,0.3,0,84.15233415233415,13,129.0,2026461013,0.3,0.75
fig3_community_ve,1453.0,0.5,0.3,0,86.30419821059876,14,199.0,2026461014,0.3,0.75
fig3_community_ve,1053.0,0.5,0.3,0,85.75498575498575,15,150.0,2026461015,0.3,0.75
fig3_community_ve,1082.0,0.5,0.3,0,82.90203327171903,16,185.0,2026461016,0.3,0.75
fig3_community_ve,1331.0,0.5,0.3,0,81.29226145755071,17,249.0,2026461017,0.3,0.75
fig3_community_ve,1359.0,0.5,0.3,0,87.41721854304636,18,171.0,2026461018,0.3,0.75
fig3_community_ve,850.0000000000001,0.5,0.3,0,83.05882352941177,19,144.0,2026461019,0.3,0.75
fig3_community_ve,728.0,0.5,0.3,0,78.43406593406593,20,157.0,2026461020,0.3,0.75
fig3_community_ve,745.0,0.5,0.3,0,81.74496644295301,21,136.0,2026461021,0.3,0.75
fig3_community_ve,1264.0,0.5,0.3,0,82.4367088607595,22,222.00000000000003,2026461022,0.3,0.75
fig3_community_ve,1113.0,0.5,0.3,0,84.00718778077268,23,178.0,2026461023,0.3,0.75
fig3_community_ve,1071.0,0.5,0.3,0,83.66013071895425,24,175.0,2026461024,0.3,0.75
fig3_community_ve,1044.0,0.5,0.3,0,81.13026819923371,25,197.0,2026461025,0.3,0.75
fig3_community_ve,1196.0,0.5,0.3,0,82.52508361204013,26,208.99999999999997,2026461026,0.3,0.75
fig3_community_ve,1135.0,0.5,0.3,0,78.32599118942731,27,246.0,2026461027,0.3,0.75
fig3_community_ve,1164.0,0.5,0.3,0,82.98969072164948,28,198.0,2026461028,0.3,0.75
fig3_community_ve,1096.0,0.5,0.3,0,82.84671532846716,29,188.0,2026461029,0.3,0.75
fig3_community_ve,925.9999999999999,0.5,0.3,0,80.77753779697623,30,178.0,2026461030,0.3,0.75
fig3_community_ve,641.0,0.5,0.3,0,78.1591263650546,31,140.0,2026461031,0.3,0.75
fig3_community_ve,1388.0,0.5,0.3,0,85.87896253602305,32,196.0,2026461032,0.3,0.75
fig3_community_ve,1221.0,0.5,0.3,0,83.12858312858313,33,206.00000000000003,2026461033,0.3,0.75
fig3_community_ve,1048.0,0.5,0.3,0,83.20610687022901,34,176.0,2026461034,0.3,0.75
fig3_community_ve,1025.0,0.5,0.3,0,89.07317073170732,35,111.99999999999999,2026461035,0.3,0.75
fig3_community_ve,1004.0,0.5,0.3,0,84.86055776892431,36,152.0,2026461036,0.3,0.75
fig3_community_ve,770.0,0.5,0.3,0,77.66233766233766,37,172.0,2026461037,0.3,0.75
fig3_community_ve,1278.0,0.5,0.3,0,82.15962441314554,38,228.0,2026461038,0.3,0.75
fig3_community_ve,1042.0,0.5,0.3,0,83.01343570057581,39,177.0,2026461039,0.3,0.75
fig3_community_ve,1409.0,0.5,0.3,0,87.9347054648687,40,170.0,2026461040,0.3,0.75
fig3_community_ve,1489.0,0.5,0.3,0,81.06111484217595,41,282.0,2026461041,0.3,0.75
fig3_community_ve,1073.0,0.5,0.3,0,81.36067101584342,42,200.0,2026461042,0.3,0.75
fig3_community_ve,1001.0,0.5,0.3,0,83.11688311688312,43,169.0,2026461043,0.3,0.75
fig3_community_ve,1037.0,0.5,0.3,0,83.12439729990356,44,175.0,2026461044,0.3,0.75
fig3_community_ve,1124.0,0.5,0.3,0,84.34163701067615,45,176.0,2026461045,0.3,0.75
fig3_community_ve,1125.0,0.5,0.3,0,77.86666666666666,46,249.0,2026461046,0.3,0.75
fig3_community_ve,948.0000000000001,0.5,0.3,0,88.29113924050634,47,111.00000000000001,2026461047,0.3,0.75
fig3_community_ve,1152.0,0.5,0.3,0,83.94097222222223,48,185.0,2026461048,0.3,0.75
fig3_community_ve,1422.0,0.5,0.3,0,79.81715893108299,49,287.0,2026461049,0.3,0.75
fig3_community_ve,1186.0,0.5,0.3,0,84.06408094435076,50,189.0,2026461050,0.3,0.75
fig3_community_ve,1003.0000000000001,0.5,0.3,0,84.04785643070788,51,160.0,2026461051,0.3,0.75
fig3_community_ve,911.0,0.5,0.3,0,84.30296377607026,52,143.0,2026461052,0.3,0.75
fig3_community_ve,1226.0,0.5,0.3,0,81.32137030995106,53,229.0,2026461053,0.3,0.75
fig3_community_ve,1155.0,0.5,0.3,0,83.37662337662337,54,192.0,2026461054,0.3,0.75
fig3_community_ve,1351.0,0.5,0.3,0,80.60695780903035,55,262.0,2026461055,0.3,0.75
fig3_community_ve,1183.0,0.5,0.3,0,88.16568047337279,56,140.0,2026461056,0.3,0.75
fig3_community_ve,1060.0,0.5,0.3,0,79.62264150943396,57,216.0,2026461057,0.3,0.75
fig3_community_ve,814.9999999999999,0.5,0.3,0,79.87730061349693,58,164.0,2026461058,0.3,0.75
fig3_community_ve,1211.0,0.5,0.3,0,84.55821635012387,59,187.0,2026461059,0.3,0.75
fig3_community_ve,1309.0,0.5,0.3,0,82.6585179526356,60,227.0,2026461060,0.3,0.75
fig3_community_ve,736.0,0.5,0.3,0,81.52173913043478,61,136.0,2026461061,0.3,0.75
fig3_community_ve,1167.0,0.5,0.3,0,84.31876606683805,62,183.0,2026461062,0.3,0.75
fig3_community_ve,1503.0,0.5,0.3,0,84.96340652029275,63,225.99999999999997,2026461063,0.3,0.75
fig3_community_ve,1181.0,0.5,0.3,0,78.32345469940728,64,256.0,2026461064,0.3,0.75
fig3_community_ve,882.0,0.5,0.3,0,76.41723356009071,65,207.99999999999997,2026461065,0.3,0.75
fig3_community_ve,993.9999999999999,0.5,0.3,0,81.48893360160966,66,184.0,2026461066,0.3,0.75
fig3_community_ve,1050.0,0.5,0.3,0,82.85714285714286,67,180.0,2026461067,0.3,0.75
fig3_community_ve,1057.0,0.5,0.3,0,85.52507095553453,68,153.0,2026461068,0.3,0.75
fig3_community_ve,826.0,0.5,0.3,0,79.17675544794189,69,172.0,2026461069,0.3,0.75
fig3_community_ve,800.0,0.5,0.3,0,83.75,70,130.0,2026461070,0.3,0.75
fig3_community_ve,1245.0,0.5,0.3,0,83.69477911646587,71,203.0,2026461071,0.3,0.75
fig3_community_ve,861.0,0.5,0.3,0,80.72009291521486,72,166.0,2026461072,0.3,0.75
fig3_community_ve,805.0,0.5,0.3,0,85.59006211180125,73,116.0,2026461073,0.3,0.75
fig3_community_ve,973.0000000000001,0.5,0.3,0,80.78108941418294,74,187.0,2026461074,0.3,0.75
fig3_community_ve,1310.0,0.5,0.3,0,80.0,75,262.0,2026461075,0.3,0.75
fig3_community_ve,1031.0,0.5,0.3,0,82.92919495635306,76,176.0,2026461076,0.3,0.75
fig3_community_ve,1334.0,0.5,0.3,0,86.8815592203898,77,175.0,2026461077,0.3,0.75
fig3_community_ve,848.0,0.5,0.3,0,81.48584905660377,78,157.0,2026461078,0.3,0.75
fig3_community_ve,1290.0,0.5,0.3,0,84.88372093023256,79,195.0,2026461079,0.3,0.75
fig3_community_ve,875.0000000000001,0.5,0.3,0,80.0,80,175.0,2026461080,0.3,0.75
fig3_community_ve,1114.0,0.5,0.3,0,82.67504488330341,81,193.0,2026461081,0.3,0.75
fig3_community_ve,1354.0,0.5,0.3,0,80.87149187592318,82,259.0,2026461082,0.3,0.75
fig3_community_ve,1060.0,0.5,0.3,0,80.94339622641509,83,202.0,2026461083,0.3,0.75
fig3_community_ve,1016.0000000000001,0.5,0.3,0,83.07086614173228,84,172.0,2026461084,0.3,0.75
fig3_community_ve,1182.0,0.5,0.3,0,81.81049069373942,85,215.0,2026461085,0.3,0.75
fig3_community_ve,705.0,0.5,0.3,0,79.8581560283688,86,142.0,2026461086,0.3,0.75
fig3_community_ve,1208.0,0.5,0.3,0,82.94701986754967,87,206.00000000000003,2026461087,0.3,0.75
fig3_community_ve,1399.0,0.5,0.3,0,86.9192280200143,88,183.0,2026461088,0.3,0.75
fig3_community_ve,800.0,0.5,0.3,0,73.375,89,213.0,2026461089,0.3,0.75
fig3_community_ve,882.9999999999999,0.5,0.3,0,83.35220838052095,90,147.0,2026461090,0.3,0.75
fig3_community_ve,674.0,0.5,0.3,0,80.1186943620178,91,134.0,2026461091,0.3,0.75
fig3_community_ve,1302.0,0.5,0.3,0,84.40860215053763,92,203.0,2026461092,0.3,0.75
fig3_community_ve,1004.0,0.5,0.3,0,78.58565737051792,93,215.0,2026461093,0.3,0.75
fig3_community_ve,1063.0,0.5,0.3,0,79.58607714016934,94,217.0,2026461094,0.3,0.75
fig3_community_ve,925.9999999999999,0.5,0.3,0,79.58963282937364,95,189.0,2026461095,0.3,0.75
fig3_community_ve,991.0,0.5,0.3,0,81.029263370333,96,188.0,2026461096,0.3,0.75
fig3_community_ve,1035.0,0.5,0.3,0,82.31884057971014,97,183.0,2026461097,0.3,0.75
fig3_community_ve,1512.0,0.5,0.3,0,88.22751322751323,98,178.0,2026461098,0.3,0.75
fig3_community_ve,777.0,0.5,0.3,0,83.3976833976834,99,129.0,2026461099,0.3,0.75
fig3_community_ve,1586.0,0.5,0.3,0,88.33543505674653,0,185.0,2026462000,0.3,0.9
fig3_community_ve,1262.0,0.5,0.3,0,83.04278922345483,1,214.0,2026462001,0.3,0.9
fig3_community_ve,1095.0,0.5,0.3,0,85.20547945205479,2,162.0,2026462002,0.3,0.9
fig3_community_ve,940.0,0.5,0.3,0,85.74468085106383,3,134.0,2026462003,0.3,0.9
fig3_community_ve,873.0,0.5,0.3,0,84.19243986254295,4,138.0,2026462004,0.3,0.9
fig3_community_ve,1070.0,0.5,0.3,0,86.26168224299066,5,147.0,2026462005,0.3,0.9
fig3_community_ve,1059.0,0.5,0.3,0,79.7922568460812,6,214.0,2026462006,0.3,0.9
fig3_community_ve,1204.0,0.5,0.3,0,83.22259136212625,7,202.0,2026462007,0.3,0.9
fig3_community_ve,1180.0,0.5,0.3,0,78.98305084745763,8,248.0,2026462008,0.3,0.9
fig3_community_ve,797.9999999999999,0.5,0.3,0,83.33333333333333,9,133.0,2026462009,0.3,0.9
fig3_community_ve,1199.0,0.5,0.3,0,82.48540450375313,10,210.0,2026462010,0.3,0.9
fig3_community_ve,1389.0,0.5,0.3,0,87.11303095752339,11,179.0,2026462011,0.3,0.9
fig3_community_ve,983.0,0.5,0.3,0,81.79043743641913,12,179.0,2026462012,0.3,0.9
fig3_community_ve,1024.0,0.5,0.3,0,84.47265625,13,159.0,2026462013,0.3,0.9
fig3_community_ve,1162.0,0.5,0.3,0,81.92771084337349,14,210.0,2026462014,0.3,0.9
fig3_community_ve,880.0,0.5,0.3,0,81.93181818181819,15,159.0,2026462015,0.3,0.9
fig3_community_ve,965.0000000000001,0.5,0.3,0,85.38860103626943,16,141.0,2026462016,0.3,0.9
fig3_community_ve,1213.0,0.5,0.3,0,85.49051937345425,17,176.0,2026462017,0.3,0.9
fig3_community_ve,1135.0,0.5,0.3,0,87.66519823788546,18,140.0,2026462018,0.3,0.9
fig3_community_ve,1279.0,0.5,0.3,0,86.63017982799062,19,171.0,2026462019,0.3,0.9
fig3_community_ve,1174.0,0.5,0.3,0,83.2197614991482,20,197.0,2026462020,0.3,0.9
fig3_community_ve,1041.0,0.5,0.3,0,79.44284341978866,21,214.0,2026462021,0.3,0.9
fig3_community_ve,1384.0,0.5,0.3,0,85.47687861271676,22,201.0,2026462022,0.3,0.9
fig3_community_ve,1014.9999999999999,0.5,0.3,0,87.58620689655172,23,126.0,2026462023,0.3,0.9
fig3_community_ve,1097.0,0.5,0.3,0,90.51959890610756,24,103.99999999999999,2026462024,0.3,0.9
fig3_community_ve,971.0,0.5,0.3,0,87.64160659114314,25,119.99999999999999,2026462025,0.3,0.9
fig3_community_ve,727.0,0.5,0.3,0,85.14442916093535,26,108.0,2026462026,0.3,0.9
fig3_community_ve,1106.0,0.5,0.3,0,82.82097649186257,27,190.0,2026462027,0.3,0.9
fig3_community_ve,1322.0,0.5,0.3,0,85.70347957639939,28,189.0,2026462028,0.3,0.9
fig3_community_ve,1042.0,0.5,0.3,0,85.31669865642995,29,153.0,2026462029,0.3,0.9
fig3_community_ve,1257.0,0.5,0.3,0,86.31662688941925,30,172.0,2026462030,0.3,0.9
fig3_community_ve,1268.0,0.5,0.3,0,85.01577287066246,31,190.0,2026462031,0.3,0.9
fig3_community_ve,959.9999999999999,0.5,0.3,0,83.33333333333333,32,160.0,2026462032,0.3,0.9
fig3_community_ve,822.0,0.5,0.3,0,86.4963503649635,33,111.00000000000001,2026462033,0.3,0.9
fig3_community_ve,863.0,0.5,0.3,0,79.837775202781,34,174.0,2026462034,0.3,0.9
fig3_community_ve,899.0,0.5,0.3,0,81.64627363737486,35,165.0,2026462035,0.3,0.9
fig3_community_ve,803.0000000000001,0.5,0.3,0,81.81818181818183,36,146.0,2026462036,0.3,0.9
fig3_community_ve,1172.0,0.5,0.3,0,86.3481228668942,37,160.0,2026462037,0.3,0.9
fig3_community_ve,959.9999999999999,0.5,0.3,0,89.16666666666666,38,103.99999999999999,2026462038,0.3,0.9
fig3_community_ve,1294.0,0.5,0.3,0,87.09428129829985,39,167.0,2026462039,0.3,0.9
fig3_community_ve,1310.0,0.5,0.3,0,85.34351145038168,40,192.0,2026462040,0.3,0.9
fig3_community_ve,726.0,0.5,0.3,0,81.40495867768595,41,135.0,2026462041,0.3,0.9
fig3_community_ve,865.0,0.5,0.3,0,84.73988439306359,42,132.0,2026462042,0.3,0.9
fig3_community_ve,1141.0,0.5,0.3,0,86.41542506573181,43,155.0,2026462043,0.3,0.9
fig3_community_ve,1063.0,0.5,0.3,0,84.47789275634996,44,165.0,2026462044,0.3,0.9
fig3_community_ve,855.0,0.5,0.3,0,85.49707602339181,45,124.0,2026462045,0.3,0.9
fig3_community_ve,842.0,0.5,0.3,0,81.11638954869359,46,159.0,2026462046,0.3,0.9
fig3_community_ve,980.9999999999999,0.5,0.3,0,86.54434250764525,47,132.0,2026462047,0.3,0.9
fig3_community_ve,873.0,0.5,0.3,0,80.75601374570446,48,168.0,2026462048,0.3,0.9
fig3_community_ve,1212.0,0.5,0.3,0,84.07590759075907,49,193.0,2026462049,0.3,0.9
fig3_community_ve,1043.0,0.5,0.3,0,82.64621284755513,50,181.0,2026462050,0.3,0.9
fig3_community_ve,1290.0,0.5,0.3,0,84.10852713178295,51,205.00000000000003,2026462051,0.3,0.9
fig3_community_ve,1114.0,0.5,0.3,0,84.8294434470377,52,169.0,2026462052,0.3,0.9
fig3_community_ve,1334.0,0.5,0.3,0,85.75712143928035,53,190.0,2026462053,0.3,0.9
fig3_community_ve,892.0000000000001,0.5,0.3,0,82.73542600896862,54,154.0,2026462054,0.3,0.9
fig3_community_ve,945.0,0.5,0.3,0,83.4920634920635,55,156.0,2026462055,0.3,0.9
fig3_community_ve,1497.0,0.5,0.3,0,82.16432865731463,56,267.0,2026462056,0.3,0.9
fig3_community_ve,1093.0,0.5,0.3,0,80.32936870997256,57,215.0,2026462057,0.3,0.9
fig3_community_ve,1101.0,0.5,0.3,0,84.37783832879201,58,172.0,2026462058,0.3,0.9
fig3_community_ve,1365.0,0.5,0.3,0,87.17948717948718,59,175.0,2026462059,0.3,0.9
fig3_community_ve,882.9999999999999,0.5,0.3,0,87.99546998867497,60,106.0,2026462060,0.3,0.9
fig3_community_ve,814.0,0.5,0.3,0,84.15233415233415,61,129.0,2026462061,0.3,0.9
fig3_community_ve,958.0,0.5,0.3,0,85.80375782881002,62,136.0,2026462062,0.3,0.9
fig3_community_ve,715.0,0.5,0.3,0,81.25874125874125,63,134.0,2026462063,0.3,0.9
fig3_community_ve,1131.0,0.5,0.3,0,82.93545534924846,64,193.0,2026462064,0.3,0.9
fig3_community_ve,1177.0,0.5,0.3,0,83.68734069668649,65,192.0,2026462065,0.3,0.9
fig3_community_ve,1225.0,0.5,0.3,0,84.0,66,196.0,2026462066,0.3,0.9
fig3_community_ve,1078.0,0.5,0.3,0,82.09647495361781,67,193.0,2026462067,0.3,0.9
fig3_community_ve,1071.0,0.5,0.3,0,87.20821661998133,68,137.0,2026462068,0.3,0.9
fig3_community_ve,1267.0,0.5,0.3,0,84.21468034727704,69,200.0,2026462069,0.3,0.9
fig3_community_ve,1046.0,0.5,0.3,0,86.04206500956023,70,146.0,2026462070,0.3,0.9
fig3_community_ve,1223.0,0.5,0.3,0,77.7596075224857,71,272.0,2026462071,0.3,0.9
fig3_community_ve,1263.0,0.5,0.3,0,85.5106888361045,72,183.0,2026462072,0.3,0.9
fig3_community_ve,1367.0,0.5,0.3,0,84.93050475493781,73,206.00000000000003,2026462073,0.3,0.9
fig3_community_ve,1356.0,0.5,0.3,0,89.2330383480826,74,146.0,2026462074,0.3,0.9
fig3_community_ve,916.9999999999999,0.5,0.3,0,84.1875681570338,75,145.0,2026462075,0.3,0.9
fig3_community_ve,989.0,0.5,0.3,0,87.05763397371082,76,128.0,2026462076,0.3,0.9
fig3_community_ve,966.0,0.5,0.3,0,87.16356107660455,77,124.0,2026462077,0.3,0.9
fig3_community_ve,1192.0,0.5,0.3,0,83.47315436241611,78,197.0,2026462078,0.3,0.9
fig3_community_ve,906.0,0.5,0.3,0,87.41721854304636,79,114.0,2026462079,0.3,0.9
fig3_community_ve,804.0,0.5,0.3,0,83.83084577114428,80,130.0,2026462080,0.3,0.9
fig3_community_ve,884.0000000000001,0.5,0.3,0,81.78733031674209,81,161.0,2026462081,0.3,0.9
fig3_community_ve,967.9999999999999,0.5,0.3,0,84.19421487603306,82,153.0,2026462082,0.3,0.9
fig3_community_ve,1111.0,0.5,0.3,0,78.57785778577858,83,238.00000000000003,2026462083,0.3,0.9
fig3_community_ve,1034.0,0.5,0.3,0,86.26692456479691,84,142.0,2026462084,0.3,0.9
fig3_community_ve,1041.0,0.5,0.3,0,84.14985590778097,85,165.0,2026462085,0.3,0.9
fig3_community_ve,1048.0,0.5,0.3,0,83.49236641221374,86,173.0,2026462086,0.3,0.9
fig3_community_ve,1211.0,0.5,0.3,0,83.64987613542527,87,198.0,2026462087,0.3,0.9
fig3_community_ve,1150.0,0.5,0.3,0,84.08695652173913,88,183.0,2026462088,0.3,0.9
fig3_community_ve,925.9999999999999,0.5,0.3,0,83.80129589632828,89,150.0,2026462089,0.3,0.9
fig3_community_ve,1264.0,0.5,0.3,0,85.28481012658227,90,186.0,2026462090,0.3,0.9
fig3_community_ve,937.0,0.5,0.3,0,83.88473852721451,91,151.0,2026462091,0.3,0.9
fig3_community_ve,865.9999999999999,0.5,0.3,0,80.71593533487297,92,167.0,2026462092,0.3,0.9
fig3_community_ve,1516.0,0.5,0.3,0,85.94986807387863,93,213.0,2026462093,0.3,0.9
fig3_community_ve,791.0,0.5,0.3,0,87.10493046776233,94,102.00000000000001,2026462094,0.3,0.9
fig3_community_ve,790.0000000000001,0.5,0.3,0,80.8860759493671,95,151.0,2026462095,0.3,0.9
fig3_community_ve,1488.0,0.5,0.3,0,85.08064516129032,96,222.00000000000003,2026462096,0.3,0.9
fig3_community_ve,1037.0,0.5,0.3,0,85.82449373191899,97,147.0,2026462097,0.3,0.9
fig3_community_ve,1003.0000000000001,0.5,0.3,0,82.25324027916251,98,178.0,2026462098,0.3,0.9
fig3_community_ve,1111.0,0.5,0.3,0,82.53825382538254,99,194.0,2026462099,0.3,0.9
fig3_community_ve,1087.0,0.6000000000000001,0.3,0,0.0,0,1087.0,2026463000,0.3,0.0
fig3_community_ve,1248.0,0.6000000000000001,0.3,0,0.0,1,1248.0,2026463001,0.3,0.0
fig3_community_ve,1010.0,0.6000000000000001,0.3,0,0.0,2,1010.0,2026463002,0.3,0.0
fig3_community_ve,1142.0,0.6000000000000001,0.3,0,0.0,3,1142.0,2026463003,0.3,0.0
fig3_community_ve,908.0,0.6000000000000001,0.3,0,0.0,4,908.0,2026463004,0.3,0.0
fig3_community_ve,925.9999999999999,0.6000000000000001,0.3,0,0.0,5,925.9999999999999,2026463005,0.3,0.0
fig3_community_ve,1108.0,0.6000000000000001,0.3,0,0.0,6,1108.0,2026463006,0.3,0.0
fig3_community_ve,885.0,0.6000000000000001,0.3,0,0.0,7,885.0,2026463007,0.3,0.0
fig3_community_ve,1149.0,0.6000000000000001,0.3,0,0.0,8,1149.0,2026463008,0.3,0.0
fig3_community_ve,1046.0,0.6000000000000001,0.3,0,0.0,9,1046.0,2026463009,0.3,0.0
fig3_community_ve,1064.0,0.6000000000000001,0.3,0,0.0,10,1064.0,2026463010,0.3,0.0
fig3_community_ve,1407.0,0.6000000000000001,0.3,0,0.0,11,1407.0,2026463011,0.3,0.0
fig3_community_ve,1091.0,0.6000000000000001,0.3,0,0.0,12,1091.0,2026463012,0.3,0.0
fig3_community_ve,1277.0,0.6000000000000001,0.3,0,0.0,13,1277.0,2026463013,0.3,0.0
fig3_community_ve,1003.0000000000001,0.6000000000000001,0.3,0,0.0,14,1003.0000000000001,2026463014,0.3,0.0
fig3_community_ve,933.9999999999999,0.6000000000000001,0.3,0,0.0,15,933.9999999999999,2026463015,0.3,0.0
fig3_community_ve,974.0,0.6000000000000001,0.3,0,0.0,16,974.0,2026463016,0.3,0.0
fig3_community_ve,1401.0,0.6000000000000001,0.3,0,0.0,17,1401.0,2026463017,0.3,0.0
fig3_community_ve,956.0000000000001,0.6000000000000001,0.3,0,0.0,18,956.0000000000001,2026463018,0.3,0.0
fig3_community_ve,1166.0,0.6000000000000001,0.3,0,0.0,19,1166.0,2026463019,0.3,0.0
fig3_community_ve,1075.0,0.6000000000000001,0.3,0,0.0,20,1075.0,2026463020,0.3,0.0
fig3_community_ve,827.0,0.6000000000000001,0.3,0,0.0,21,827.0,2026463021,0.3,0.0
fig3_community_ve,1122.0,0.6000000000000001,0.3,0,0.0,22,1122.0,2026463022,0.3,0.0
fig3_community_ve,925.9999999999999,0.6000000000000001,0.3,0,0.0,23,925.9999999999999,2026463023,0.3,0.0
fig3_community_ve,1165.0,0.6000000000000001,0.3,0,0.0,24,1165.0,2026463024,0.3,0.0
fig3_community_ve,1168.0,0.6000000000000001,0.3,0,0.0,25,1168.0,2026463025,0.3,0.0
fig3_community_ve,1400.0,0.6000000000000001,0.3,0,0.0,26,1400.0,2026463026,0.3,0.0
fig3_community_ve,793.0,0.6000000000000001,0.3,0,0.0,27,793.0,2026463027,0.3,0.0
fig3_community_ve,1165.0,0.6000000000000001,0.3,0,0.0,28,1165.0,2026463028,0.3,0.0
fig3_community_ve,1032.0,0.6000000000000001,0.3,0,0.0,29,1032.0,2026463029,0.3,0.0
fig3_community_ve,935.0000000000001,0.6000000000000001,0.3,0,0.0,30,935.0000000000001,2026463030,0.3,0.0
fig3_community_ve,1053.0,0.6000000000000001,0.3,0,0.0,31,1053.0,2026463031,0.3,0.0
fig3_community_ve,905.0000000000001,0.6000000000000001,0.3,0,0.0,32,905.0000000000001,2026463032,0.3,0.0
fig3_community_ve,1116.0,0.6000000000000001,0.3,0,0.0,33,1116.0,2026463033,0.3,0.0
fig3_community_ve,1343.0,0.6000000000000001,0.3,0,0.0,34,1343.0,2026463034,0.3,0.0
fig3_community_ve,1036.0,0.6000000000000001,0.3,0,0.0,35,1036.0,2026463035,0.3,0.0
fig3_community_ve,1230.0,0.6000000000000001,0.3,0,0.0,36,1230.0,2026463036,0.3,0.0
fig3_community_ve,1410.0,0.6000000000000001,0.3,0,0.0,37,1410.0,2026463037,0.3,0.0
fig3_community_ve,882.9999999999999,0.6000000000000001,0.3,0,0.0,38,882.9999999999999,2026463038,0.3,0.0
fig3_community_ve,890.0,0.6000000000000001,0.3,0,0.0,39,890.0,2026463039,0.3,0.0
fig3_community_ve,1111.0,0.6000000000000001,0.3,0,0.0,40,1111.0,2026463040,0.3,0.0
fig3_community_ve,1518.0,0.6000000000000001,0.3,0,0.0,41,1518.0,2026463041,0.3,0.0
fig3_community_ve,1101.0,0.6000000000000001,0.3,0,0.0,42,1101.0,2026463042,0.3,0.0
fig3_community_ve,966.0,0.6000000000000001,0.3,0,0.0,43,966.0,2026463043,0.3,0.0
fig3_community_ve,1160.0,0.6000000000000001,0.3,0,0.0,44,1160.0,2026463044,0.3,0.0
fig3_community_ve,1471.0,0.6000000000000001,0.3,0,0.0,45,1471.0,2026463045,0.3,0.0
fig3_community_ve,1050.0,0.6000000000000001,0.3,0,0.0,46,1050.0,2026463046,0.3,0.0
fig3_community_ve,1145.0,0.6000000000000001,0.3,0,0.0,47,1145.0,2026463047,0.3,0.0
fig3_community_ve,1166.0,0.6000000000000001,0.3,0,0.0,48,1166.0,2026463048,0.3,0.0
fig3_community_ve,1369.0,0.6000000000000001,0.3,0,0.0,49,1369.0,2026463049,0.3,0.0
fig3_community_ve,1001.9999999999999,0.6000000000000001,0.3,0,0.0,50,1001.9999999999999,2026463050,0.3,0.0
fig3_community_ve,1274.0,0.6000000000000001,0.3,0,0.0,51,1274.0,2026463051,0.3,0.0
fig3_community_ve,894.0,0.6000000000000001,0.3,0,0.0,52,894.0,2026463052,0.3,0.0
fig3_community_ve,1106.0,0.6000000000000001,0.3,0,0.0,53,1106.0,2026463053,0.3,0.0
fig3_community_ve,1005.0,0.6000000000000001,0.3,0,0.0,54,1005.0,2026463054,0.3,0.0
fig3_community_ve,863.0,0.6000000000000001,0.3,0,0.0,55,863.0,2026463055,0.3,0.0
fig3_community_ve,843.0,0.6000000000000001,0.3,0,0.0,56,843.0,2026463056,0.3,0.0
fig3_community_ve,1034.0,0.6000000000000001,0.3,0,0.0,57,1034.0,2026463057,0.3,0.0
fig3_community_ve,1371.0,0.6000000000000001,0.3,0,0.0,58,1371.0,2026463058,0.3,0.0
fig3_community_ve,959.9999999999999,0.6000000000000001,0.3,0,0.0,59,959.9999999999999,2026463059,0.3,0.0
fig3_community_ve,1401.0,0.6000000000000001,0.3,0,0.0,60,1401.0,2026463060,0.3,0.0
fig3_community_ve,857.0,0.6000000000000001,0.3,0,0.0,61,857.0,2026463061,0.3,0.0
fig3_community_ve,1455.0,0.6000000000000001,0.3,0,0.0,62,1455.0,2026463062,0.3,0.0
fig3_community_ve,1380.0,0.6000000000000001,0.3,0,0.0,63,1380.0,2026463063,0.3,0.0
fig3_community_ve,1097.0,0.6000000000000001,0.3,0,0.0,64,1097.0,2026463064,0.3,0.0
fig3_community_ve,1307.0,0.6000000000000001,0.3,0,0.0,65,1307.0,2026463065,0.3,0.0
fig3_community_ve,741.0,0.6000000000000001,0.3,0,0.0,66,741.0,2026463066,0.3,0.0
fig3_community_ve,949.0,0.6000000000000001,0.3,0,0.0,67,949.0,2026463067,0.3,0.0
fig3_community_ve,967.9999999999999,0.6000000000000001,0.3,0,0.0,68,967.9999999999999,2026463068,0.3,0.0
fig3_community_ve,884.0000000000001,0.6000000000000001,0.3,0,0.0,69,884.0000000000001,2026463069,0.3,0.0
fig3_community_ve,1313.0,0.6000000000000001,0.3,0,0.0,70,1313.0,2026463070,0.3,0.0
fig3_community_ve,1350.0,0.6000000000000001,0.3,0,0.0,71,1350.0,2026463071,0.3,0.0
fig3_community_ve,1066.0,0.6000000000000001,0.3,0,0.0,72,1066.0,2026463072,0.3,0.0
fig3_community_ve,1260.0,0.6000000000000001,0.3,0,0.0,73,1260.0,2026463073,0.3,0.0
fig3_community_ve,1024.0,0.6000000000000001,0.3,0,0.0,74,1024.0,2026463074,0.3,0.0
fig3_community_ve,1438.0,0.6000000000000001,0.3,0,0.0,75,1438.0,2026463075,0.3,0.0
fig3_community_ve,1018.9999999999999,0.6000000000000001,0.3,0,0.0,76,1018.9999999999999,2026463076,0.3,0.0
fig3_community_ve,1065.0,0.6000000000000001,0.3,0,0.0,77,1065.0,2026463077,0.3,0.0
fig3_community_ve,622.0,0.6000000000000001,0.3,0,0.0,78,622.0,2026463078,0.3,0.0
fig3_community_ve,1832.0,0.6000000000000001,0.3,0,0.0,79,1832.0,2026463079,0.3,0.0
fig3_community_ve,884.0000000000001,0.6000000000000001,0.3,0,0.0,80,884.0000000000001,2026463080,0.3,0.0
fig3_community_ve,830.0,0.6000000000000001,0.3,0,0.0,81,830.0,2026463081,0.3,0.0
fig3_community_ve,1079.0,0.6000000000000001,0.3,0,0.0,82,1079.0,2026463082,0.3,0.0
fig3_community_ve,1173.0,0.6000000000000001,0.3,0,0.0,83,1173.0,2026463083,0.3,0.0
fig3_community_ve,821.0,0.6000000000000001,0.3,0,0.0,84,821.0,2026463084,0.3,0.0
fig3_community_ve,1247.0,0.6000000000000001,0.3,0,0.0,85,1247.0,2026463085,0.3,0.0
fig3_community_ve,1086.0,0.6000000000000001,0.3,0,0.0,86,1086.0,2026463086,0.3,0.0
fig3_community_ve,1199.0,0.6000000000000001,0.3,0,0.0,87,1199.0,2026463087,0.3,0.0
fig3_community_ve,957.0,0.6000000000000001,0.3,0,0.0,88,957.0,2026463088,0.3,0.0
fig3_community_ve,891.0,0.6000000000000001,0.3,0,0.0,89,891.0,2026463089,0.3,0.0
fig3_community_ve,886.0,0.6000000000000001,0.3,0,0.0,90,886.0,2026463090,0.3,0.0
fig3_community_ve,1309.0,0.6000000000000001,0.3,0,0.0,91,1309.0,2026463091,0.3,0.0
fig3_community_ve,1407.0,0.6000000000000001,0.3,0,0.0,92,1407.0,2026463092,0.3,0.0
fig3_community_ve,1142.0,0.6000000000000001,0.3,0,0.0,93,1142.0,2026463093,0.3,0.0
fig3_community_ve,1171.0,0.6000000000000001,0.3,0,0.0,94,1171.0,2026463094,0.3,0.0
fig3_community_ve,1064.0,0.6000000000000001,0.3,0,0.0,95,1064.0,2026463095,0.3,0.0
fig3_community_ve,833.0000000000001,0.6000000000000001,0.3,0,0.0,96,833.0000000000001,2026463096,0.3,0.0
fig3_community_ve,1397.0,0.6000000000000001,0.3,0,0.0,97,1397.0,2026463097,0.3,0.0
fig3_community_ve,1077.0,0.6000000000000001,0.3,0,0.0,98,1077.0,2026463098,0.3,0.0
fig3_community_ve,1023.0,0.6000000000000001,0.3,0,0.0,99,1023.0,2026463099,0.3,0.0
fig3_community_ve,982.0000000000001,0.6000000000000001,0.3,0,63.747454175152754,0,356.0,2026465000,0.3,0.3
fig3_community_ve,1140.0,0.6000000000000001,0.3,0,74.64912280701755,1,289.0,2026465001,0.3,0.3
fig3_community_ve,1074.0,0.6000000000000001,0.3,0,70.11173184357541,2,321.0,2026465002,0.3,0.3
fig3_community_ve,946.9999999999999,0.6000000000000001,0.3,0,72.33368532206968,3,262.0,2026465003,0.3,0.3
fig3_community_ve,1213.0,0.6000000000000001,0.3,0,74.85572959604286,4,305.0,2026465004,0.3,0.3
fig3_community_ve,1197.0,0.6000000000000001,0.3,0,70.59314954051796,5,352.0,2026465005,0.3,0.3
fig3_community_ve,924.0,0.6000000000000001,0.3,0,74.35064935064935,6,237.00000000000003,2026465006,0.3,0.3
fig3_community_ve,1387.0,0.6000000000000001,0.3,0,71.8817591925018,7,390.0,2026465007,0.3,0.3
fig3_community_ve,933.0,0.6000000000000001,0.3,0,73.31189710610933,8,249.0,2026465008,0.3,0.3
fig3_community_ve,924.0,0.6000000000000001,0.3,0,68.61471861471861,9,290.0,2026465009,0.3,0.3
fig3_community_ve,1130.0,0.6000000000000001,0.3,0,75.48672566371681,10,277.0,2026465010,0.3,0.3
fig3_community_ve,844.9999999999999,0.6000000000000001,0.3,0,69.11242603550295,11,261.0,2026465011,0.3,0.3
fig3_community_ve,1167.0,0.6000000000000001,0.3,0,68.29477292202228,12,370.0,2026465012,0.3,0.3
fig3_community_ve,922.0000000000001,0.6000000000000001,0.3,0,74.83731019522777,13,232.0,2026465013,0.3,0.3
fig3_community_ve,1096.0,0.6000000000000001,0.3,0,74.9087591240876,14,275.0,2026465014,0.3,0.3
fig3_community_ve,1241.0,0.6000000000000001,0.3,0,76.5511684125705,15,291.0,2026465015,0.3,0.3
fig3_community_ve,1318.0,0.6000000000000001,0.3,0,79.89377845220031,16,265.0,2026465016,0.3,0.3
fig3_community_ve,1393.0,0.6000000000000001,0.3,0,71.85929648241206,17,392.0,2026465017,0.3,0.3
fig3_community_ve,1101.0,0.6000000000000001,0.3,0,71.11716621253406,18,318.0,2026465018,0.3,0.3
fig3_community_ve,940.0,0.6000000000000001,0.3,0,77.65957446808511,19,210.0,2026465019,0.3,0.3
fig3_community_ve,1239.0,0.6000000000000001,0.3,0,77.56255044390637,20,278.0,2026465020,0.3,0.3
fig3_community_ve,1142.0,0.6000000000000001,0.3,0,78.98423817863397,21,239.99999999999997,2026465021,0.3,0.3
fig3_community_ve,925.0,0.6000000000000001,0.3,0,77.83783783783784,22,205.00000000000003,2026465022,0.3,0.3
fig3_community_ve,852.9999999999999,0.6000000000000001,0.3,0,72.68464243845251,23,233.0,2026465023,0.3,0.3
fig3_community_ve,1187.0,0.6000000000000001,0.3,0,71.94608256107836,24,333.0,2026465024,0.3,0.3
fig3_community_ve,1209.0,0.6000000000000001,0.3,0,74.19354838709677,25,312.0,2026465025,0.3,0.3
fig3_community_ve,950.9999999999999,0.6000000000000001,0.3,0,73.81703470031545,26,249.0,2026465026,0.3,0.3
fig3_community_ve,987.0,0.6000000000000001,0.3,0,68.4903748733536,27,311.0,2026465027,0.3,0.3
fig3_community_ve,1626.0,0.6000000000000001,0.3,0,73.67773677736777,28,428.0,2026465028,0.3,0.3
fig3_community_ve,1111.0,0.6000000000000001,0.3,0,71.91719171917191,29,312.0,2026465029,0.3,0.3
fig3_community_ve,1256.0,0.6000000000000001,0.3,0,75.79617834394904,30,304.0,2026465030,0.3,0.3
fig3_community_ve,830.0,0.6000000000000001,0.3,0,74.33734939759036,31,213.0,2026465031,0.3,0.3
fig3_community_ve,1171.0,0.6000000000000001,0.3,0,70.19641332194705,32,349.0,2026465032,0.3,0.3
fig3_community_ve,1181.0,0.6000000000000001,0.3,0,65.45300592718036,33,408.00000000000006,2026465033,0.3,0.3
fig3_community_ve,1097.0,0.6000000000000001,0.3,0,74.47584320875114,34,280.0,2026465034,0.3,0.3
fig3_community_ve,1220.0,0.6000000000000001,0.3,0,74.34426229508196,35,313.0,2026465035,0.3,0.3
fig3_community_ve,822.0,0.6000000000000001,0.3,0,71.77615571776155,36,232.0,2026465036,0.3,0.3
fig3_community_ve,1285.0,0.6000000000000001,0.3,0,69.0272373540856,37,398.0,2026465037,0.3,0.3
fig3_community_ve,1162.0,0.6000000000000001,0.3,0,73.23580034423408,38,311.0,2026465038,0.3,0.3
fig3_community_ve,1107.0,0.6000000000000001,0.3,0,70.00903342366757,39,332.0,2026465039,0.3,0.3
fig3_community_ve,1064.0,0.6000000000000001,0.3,0,71.33458646616542,40,305.0,2026465040,0.3,0.3
fig3_community_ve,1128.0,0.6000000000000001,0.3,0,71.36524822695036,41,323.0,2026465041,0.3,0.3
fig3_community_ve,1206.0,0.6000000000000001,0.3,0,71.4759535655058,42,344.0,2026465042,0.3,0.3
fig3_community_ve,1007.0000000000001,0.6000000000000001,0.3,0,75.07447864945382,43,251.0,2026465043,0.3,0.3
fig3_community_ve,1086.0,0.6000000000000001,0.3,0,72.37569060773481,44,300.0,2026465044,0.3,0.3
fig3_community_ve,1321.0,0.6000000000000001,0.3,0,71.53671461014383,45,376.0,2026465045,0.3,0.3
fig3_community_ve,1060.0,0.6000000000000001,0.3,0,68.58490566037736,46,333.0,2026465046,0.3,0.3
fig3_community_ve,1189.0,0.6000000000000001,0.3,0,78.3851976450799,47,257.0,2026465047,0.3,0.3
fig3_community_ve,1020.0000000000001,0.6000000000000001,0.3,0,73.23529411764706,48,273.0,2026465048,0.3,0.3
fig3_community_ve,806.0,0.6000000000000001,0.3,0,71.8362282878412,49,227.0,2026465049,0.3,0.3
fig3_community_ve,1117.0,0.6000000000000001,0.3,0,69.91942703670546,50,336.0,2026465050,0.3,0.3
fig3_community_ve,1447.0,0.6000000000000001,0.3,0,75.6046993780235,51,353.0,2026465051,0.3,0.3
fig3_community_ve,936.0,0.6000000000000001,0.3,0,73.71794871794872,52,246.0,2026465052,0.3,0.3
fig3_community_ve,1193.0,0.6000000000000001,0.3,0,70.41072925398156,53,353.0,2026465053,0.3,0.3
fig3_community_ve,1208.0,0.6000000000000001,0.3,0,71.77152317880795,54,341.0,2026465054,0.3,0.3
fig3_community_ve,679.0,0.6000000000000001,0.3,0,72.90132547864506,55,184.0,2026465055,0.3,0.3
fig3_community_ve,999.0000000000001,0.6000000000000001,0.3,0,68.26826826826827,56,317.0,2026465056,0.3,0.3
fig3_community_ve,1028.0,0.6000000000000001,0.3,0,81.6147859922179,57,189.0,2026465057,0.3,0.3
fig3_community_ve,1109.0,0.6000000000000001,0.3,0,67.17763751127141,58,364.0,2026465058,0.3,0.3
fig3_community_ve,1117.0,0.6000000000000001,0.3,0,76.6338406445837,59,261.0,2026465059,0.3,0.3
fig3_community_ve,1207.0,0.6000000000000001,0.3,0,64.04308202154101,60,434.0,2026465060,0.3,0.3
fig3_community_ve,1238.0,0.6000000000000001,0.3,0,73.4248788368336,61,329.0,2026465061,0.3,0.3
fig3_community_ve,1050.0,0.6000000000000001,0.3,0,67.71428571428571,62,339.0,2026465062,0.3,0.3
fig3_community_ve,1073.0,0.6000000000000001,0.3,0,58.341099720410064,63,447.0,2026465063,0.3,0.3
fig3_community_ve,1325.0,0.6000000000000001,0.3,0,68.37735849056604,64,419.0,2026465064,0.3,0.3
fig3_community_ve,1178.0,0.6000000000000001,0.3,0,75.29711375212224,65,291.0,2026465065,0.3,0.3
fig3_community_ve,939.0000000000001,0.6000000000000001,0.3,0,71.24600638977637,66,270.0,2026465066,0.3,0.3
fig3_community_ve,1198.0,0.6000000000000001,0.3,0,71.78631051752922,67,338.0,2026465067,0.3,0.3
fig3_community_ve,1057.0,0.6000000000000001,0.3,0,72.65846736045411,68,289.0,2026465068,0.3,0.3
fig3_community_ve,1389.0,0.6000000000000001,0.3,0,70.91432685385169,69,404.0,2026465069,0.3,0.3
fig3_community_ve,873.0,0.6000000000000001,0.3,0,70.44673539518901,70,258.0,2026465070,0.3,0.3
fig3_community_ve,876.0,0.6000000000000001,0.3,0,66.32420091324201,71,295.0,2026465071,0.3,0.3
fig3_community_ve,1065.0,0.6000000000000001,0.3,0,71.45539906103286,72,304.0,2026465072,0.3,0.3
fig3_community_ve,1132.0,0.6000000000000001,0.3,0,76.9434628975265,73,261.0,2026465073,0.3,0.3
fig3_community_ve,1131.0,0.6000000000000001,0.3,0,72.06012378426172,74,316.0,2026465074,0.3,0.3
fig3_community_ve,725.0,0.6000000000000001,0.3,0,65.10344827586206,75,253.0,2026465075,0.3,0.3
fig3_community_ve,1275.0,0.6000000000000001,0.3,0,70.03921568627452,76,382.0,2026465076,0.3,0.3
fig3_community_ve,1700.0000000000002,0.6000000000000001,0.3,0,78.3529411764706,77,368.0,2026465077,0.3,0.3
fig3_community_ve,1266.0,0.6000000000000001,0.3,0,68.16745655608214,78,403.0,2026465078,0.3,0.3
fig3_community_ve,1146.0,0.6000000000000001,0.3,0,64.83420593368237,79,403.0,2026465079,0.3,0.3
fig3_community_ve,1448.0,0.6000000000000001,0.3,0,72.09944751381215,80,404.0,2026465080,0.3,0.3
fig3_community_ve,1109.0,0.6000000000000001,0.3,0,71.23534715960325,81,319.0,2026465081,0.3,0.3
fig3_community_ve,1048.0,0.6000000000000001,0.3,0,68.89312977099236,82,326.0,2026465082,0.3,0.3
fig3_community_ve,1139.0,0.6000000000000001,0.3,0,74.01229148375768,83,296.0,2026465083,0.3,0.3
fig3_community_ve,1120.0,0.6000000000000001,0.3,0,71.69642857142857,84,317.0,2026465084,0.3,0.3
fig3_community_ve,1071.0,0.6000000000000001,0.3,0,70.7749766573296,85,313.0,2026465085,0.3,0.3
fig3_community_ve,1488.0,0.6000000000000001,0.3,0,69.89247311827957,86,447.99999999999994,2026465086,0.3,0.3
fig3_community_ve,1255.0,0.6000000000000001,0.3,0,70.43824701195219,87,371.0,2026465087,0.3,0.3
fig3_community_ve,1158.0,0.6000000000000001,0.3,0,72.36614853195164,88,320.0,2026465088,0.3,0.3
fig3_community_ve,1026.0,0.6000000000000001,0.3,0,71.24756335282652,89,295.0,2026465089,0.3,0.3
fig3_community_ve,1122.0,0.6000000000000001,0.3,0,72.90552584670232,90,304.0,2026465090,0.3,0.3
fig3_community_ve,1406.0,0.6000000000000001,0.3,0,71.33712660028449,91,403.0,2026465091,0.3,0.3
fig3_community_ve,959.9999999999999,0.6000000000000001,0.3,0,78.33333333333333,92,207.99999999999997,2026465092,0.3,0.3
fig3_community_ve,1128.0,0.6000000000000001,0.3,0,72.6063829787234,93,309.0,2026465093,0.3,0.3
fig3_community_ve,1034.0,0.6000000000000001,0.3,0,67.11798839458415,94,340.0,2026465094,0.3,0.3
fig3_community_ve,924.0,0.6000000000000001,0.3,0,63.96103896103896,95,333.0,2026465095,0.3,0.3
fig3_community_ve,1286.0,0.6000000000000001,0.3,0,78.14930015552099,96,281.0,2026465096,0.3,0.3
fig3_community_ve,773.0,0.6000000000000001,0.3,0,73.09184993531694,97,207.99999999999997,2026465097,0.3,0.3
fig3_community_ve,880.0,0.6000000000000001,0.3,0,68.63636363636364,98,276.0,2026465098,0.3,0.3
fig3_community_ve,903.9999999999999,0.6000000000000001,0.3,0,77.54424778761062,99,203.0,2026465099,0.3,0.3
fig3_community_ve,1041.0,0.6000000000000001,0.3,0,44.764649375600385,0,575.0,2026464000,0.3,0.15
fig3_community_ve,1280.0,0.6000000000000001,0.3,0,52.578125,1,607.0,2026464001,0.3,0.15
fig3_community_ve,1163.0,0.6000000000000001,0.3,0,60.189165950128974,2,462.99999999999994,2026464002,0.3,0.15
fig3_community_ve,834.0,0.6000000000000001,0.3,0,46.16306954436451,3,449.0,2026464003,0.3,0.15
fig3_community_ve,1195.0,0.6000000000000001,0.3,0,58.82845188284519,4,492.0,2026464004,0.3,0.15
fig3_community_ve,1049.0,0.6000000000000001,0.3,0,56.244041944709245,5,459.00000000000006,2026464005,0.3,0.15
fig3_community_ve,1148.0,0.6000000000000001,0.3,0,60.62717770034843,6,451.99999999999994,2026464006,0.3,0.15
fig3_community_ve,844.0,0.6000000000000001,0.3,0,52.132701421800945,7,404.0,2026464007,0.3,0.15
fig3_community_ve,1045.0,0.6000000000000001,0.3,0,49.377990430622006,8,529.0,2026464008,0.3,0.15
fig3_community_ve,946.0,0.6000000000000001,0.3,0,41.43763213530655,9,554.0,2026464009,0.3,0.15
fig3_community_ve,946.9999999999999,0.6000000000000001,0.3,0,45.72333685322069,10,514.0,2026464010,0.3,0.15
fig3_community_ve,1064.0,0.6000000000000001,0.3,0,45.0187969924812,11,585.0,2026464011,0.3,0.15
fig3_community_ve,1057.0,0.6000000000000001,0.3,0,49.47965941343425,12,534.0,2026464012,0.3,0.15
fig3_community_ve,936.0,0.6000000000000001,0.3,0,38.14102564102564,13,579.0,2026464013,0.3,0.15
fig3_community_ve,906.0,0.6000000000000001,0.3,0,58.27814569536424,14,378.0,2026464014,0.3,0.15
fig3_community_ve,1255.0,0.6000000000000001,0.3,0,55.298804780876495,15,561.0,2026464015,0.3,0.15
fig3_community_ve,1098.0,0.6000000000000001,0.3,0,43.806921675774134,16,617.0,2026464016,0.3,0.15
fig3_community_ve,1226.0,0.6000000000000001,0.3,0,53.833605220228385,17,566.0,2026464017,0.3,0.15
fig3_community_ve,1527.0,0.6000000000000001,0.3,0,62.14800261951539,18,578.0,2026464018,0.3,0.15
fig3_community_ve,1161.0,0.6000000000000001,0.3,0,52.19638242894057,19,555.0,2026464019,0.3,0.15
fig3_community_ve,1473.0,0.6000000000000001,0.3,0,54.921928038017654,20,664.0,2026464020,0.3,0.15
fig3_community_ve,963.9999999999999,0.6000000000000001,0.3,0,44.29460580912862,21,537.0,2026464021,0.3,0.15
fig3_community_ve,1097.0,0.6000000000000001,0.3,0,51.504102096627165,22,532.0,2026464022,0.3,0.15
fig3_community_ve,1448.0,0.6000000000000001,0.3,0,60.01381215469613,23,579.0,2026464023,0.3,0.15
fig3_community_ve,1252.0,0.6000000000000001,0.3,0,47.52396166134185,24,657.0,2026464024,0.3,0.15
fig3_community_ve,918.0000000000001,0.6000000000000001,0.3,0,52.72331154684097,25,434.0,2026464025,0.3,0.15
fig3_community_ve,1127.0,0.6000000000000001,0.3,0,55.72315882874889,26,498.99999999999994,2026464026,0.3,0.15
fig3_community_ve,1252.0,0.6000000000000001,0.3,0,65.2555910543131,27,434.99999999999994,2026464027,0.3,0.15
fig3_community_ve,793.9999999999999,0.6000000000000001,0.3,0,31.86397984886649,28,541.0,2026464028,0.3,0.15
fig3_community_ve,1014.9999999999999,0.6000000000000001,0.3,0,61.08374384236452,29,395.00000000000006,2026464029,0.3,0.15
fig3_community_ve,1454.0,0.6000000000000001,0.3,0,55.29573590096286,30,650.0,2026464030,0.3,0.15
fig3_community_ve,1056.0,0.6000000000000001,0.3,0,69.0340909090909,31,327.0,2026464031,0.3,0.15
fig3_community_ve,778.0,0.6000000000000001,0.3,0,59.768637532133674,32,313.0,2026464032,0.3,0.15
fig3_community_ve,1057.0,0.6000000000000001,0.3,0,50.047303689687794,33,528.0,2026464033,0.3,0.15
fig3_community_ve,1237.0,0.6000000000000001,0.3,0,64.83427647534357,34,434.99999999999994,2026464034,0.3,0.15
fig3_community_ve,886.9999999999999,0.6000000000000001,0.3,0,50.05636978579481,35,443.0,2026464035,0.3,0.15
fig3_community_ve,1584.0,0.6000000000000001,0.3,0,59.46969696969697,36,642.0,2026464036,0.3,0.15
fig3_community_ve,978.0,0.6000000000000001,0.3,0,57.05521472392638,37,420.0,2026464037,0.3,0.15
fig3_community_ve,1302.0,0.6000000000000001,0.3,0,55.376344086021504,38,581.0,2026464038,0.3,0.15
fig3_community_ve,1032.0,0.6000000000000001,0.3,0,61.24031007751938,39,400.0,2026464039,0.3,0.15
fig3_community_ve,698.0,0.6000000000000001,0.3,0,44.84240687679083,40,385.0,2026464040,0.3,0.15
fig3_community_ve,1461.0,0.6000000000000001,0.3,0,54.55167693360712,41,664.0,2026464041,0.3,0.15
fig3_community_ve,1348.0,0.6000000000000001,0.3,0,56.454005934718104,42,587.0,2026464042,0.3,0.15
fig3_community_ve,974.0,0.6000000000000001,0.3,0,48.767967145790564,43,498.99999999999994,2026464043,0.3,0.15
fig3_community_ve,1177.0,0.6000000000000001,0.3,0,50.467289719626166,44,583.0,2026464044,0.3,0.15
fig3_community_ve,987.0,0.6000000000000001,0.3,0,46.504559270516715,45,528.0,2026464045,0.3,0.15
fig3_community_ve,885.0,0.6000000000000001,0.3,0,46.666666666666664,46,472.0,2026464046,0.3,0.15
fig3_community_ve,1182.0,0.6000000000000001,0.3,0,59.813874788494076,47,475.0,2026464047,0.3,0.15
fig3_community_ve,1248.0,0.6000000000000001,0.3,0,49.67948717948718,48,628.0,2026464048,0.3,0.15
fig3_community_ve,891.0,0.6000000000000001,0.3,0,50.056116722783386,49,445.0,2026464049,0.3,0.15
fig3_community_ve,1786.0,0.6000000000000001,0.3,0,53.807390817469205,50,825.0,2026464050,0.3,0.15
fig3_community_ve,880.0,0.6000000000000001,0.3,0,56.36363636363637,51,384.0,2026464051,0.3,0.15
fig3_community_ve,1172.0,0.6000000000000001,0.3,0,57.67918088737201,52,496.0,2026464052,0.3,0.15
fig3_community_ve,771.0,0.6000000000000001,0.3,0,57.45784695201038,53,328.0,2026464053,0.3,0.15
fig3_community_ve,1045.0,0.6000000000000001,0.3,0,51.67464114832536,54,505.0,2026464054,0.3,0.15
fig3_community_ve,864.0,0.6000000000000001,0.3,0,41.31944444444444,55,507.0,2026464055,0.3,0.15
fig3_community_ve,851.0,0.6000000000000001,0.3,0,47.00352526439483,56,451.0,2026464056,0.3,0.15
fig3_community_ve,1004.0,0.6000000000000001,0.3,0,61.254980079681275,57,389.0,2026464057,0.3,0.15
fig3_community_ve,1381.0,0.6000000000000001,0.3,0,57.566980448950034,58,586.0,2026464058,0.3,0.15
fig3_community_ve,795.0,0.6000000000000001,0.3,0,49.81132075471699,59,398.99999999999994,2026464059,0.3,0.15
fig3_community_ve,927.0,0.6000000000000001,0.3,0,64.83279395900755,60,326.0,2026464060,0.3,0.15
fig3_community_ve,1365.0,0.6000000000000001,0.3,0,64.17582417582418,61,489.0,2026464061,0.3,0.15
fig3_community_ve,1518.0,0.6000000000000001,0.3,0,68.05006587615283,62,485.0,2026464062,0.3,0.15
fig3_community_ve,699.0,0.6000000000000001,0.3,0,39.77110157367668,63,421.0,2026464063,0.3,0.15
fig3_community_ve,1009.0,0.6000000000000001,0.3,0,56.095143706640236,64,443.0,2026464064,0.3,0.15
fig3_community_ve,1159.0,0.6000000000000001,0.3,0,53.14926660914581,65,543.0,2026464065,0.3,0.15
fig3_community_ve,1252.0,0.6000000000000001,0.3,0,45.36741214057508,66,684.0,2026464066,0.3,0.15
fig3_community_ve,953.0,0.6000000000000001,0.3,0,50.78698845750262,67,469.0,2026464067,0.3,0.15
fig3_community_ve,1520.0,0.6000000000000001,0.3,0,49.14473684210526,68,773.0,2026464068,0.3,0.15
fig3_community_ve,959.9999999999999,0.6000000000000001,0.3,0,39.06249999999999,69,585.0,2026464069,0.3,0.15
fig3_community_ve,1072.0,0.6000000000000001,0.3,0,52.23880597014925,70,512.0,2026464070,0.3,0.15
fig3_community_ve,944.0,0.6000000000000001,0.3,0,47.24576271186441,71,498.0,2026464071,0.3,0.15
fig3_community_ve,1350.0,0.6000000000000001,0.3,0,64.07407407407408,72,485.0,2026464072,0.3,0.15
fig3_community_ve,1123.0,0.6000000000000001,0.3,0,42.47551202137133,73,646.0,2026464073,0.3,0.15
fig3_community_ve,762.0,0.6000000000000001,0.3,0,52.23097112860892,74,364.0,2026464074,0.3,0.15
fig3_community_ve,857.0,0.6000000000000001,0.3,0,39.55659276546091,75,518.0,2026464075,0.3,0.15
fig3_community_ve,1634.0,0.6000000000000001,0.3,0,56.42594859241126,76,712.0,2026464076,0.3,0.15
fig3_community_ve,1140.0,0.6000000000000001,0.3,0,56.05263157894737,77,500.99999999999994,2026464077,0.3,0.15
fig3_community_ve,1065.0,0.6000000000000001,0.3,0,57.27699530516432,78,455.0,2026464078,0.3,0.15
fig3_community_ve,1157.0,0.6000000000000001,0.3,0,45.116681071737254,79,635.0,2026464079,0.3,0.15
fig3_community_ve,803.0000000000001,0.6000000000000001,0.3,0,42.59028642590287,80,461.00000000000006,2026464080,0.3,0.15
fig3_community_ve,1489.0,0.6000000000000001,0.3,0,60.376091336467425,81,590.0,2026464081,0.3,0.15
fig3_community_ve,613.0,0.6000000000000001,0.3,0,37.84665579119086,82,381.0,2026464082,0.3,0.15
fig3_community_ve,1486.0,0.6000000000000001,0.3,0,55.51816958277254,83,661.0,2026464083,0.3,0.15
fig3_community_ve,1165.0,0.6000000000000001,0.3,0,51.33047210300429,84,567.0,2026464084,0.3,0.15
fig3_community_ve,1068.0,0.6000000000000001,0.3,0,50.18726591760299,85,532.0,2026464085,0.3,0.15
fig3_community_ve,1137.0,0.6000000000000001,0.3,0,47.58135444151275,86,596.0,2026464086,0.3,0.15
fig3_community_ve,1427.0,0.6000000000000001,0.3,0,58.02382620882971,87,599.0,2026464087,0.3,0.15
fig3_community_ve,1060.0,0.6000000000000001,0.3,0,45.094339622641506,88,582.0,2026464088,0.3,0.15
fig3_community_ve,1152.0,0.6000000000000001,0.3,0,59.80902777777778,89,462.99999999999994,2026464089,0.3,0.15
fig3_community_ve,727.0,0.6000000000000001,0.3,0,44.016506189821186,90,407.0,2026464090,0.3,0.15
fig3_community_ve,1190.0,0.6000000000000001,0.3,0,53.69747899159664,91,551.0,2026464091,0.3,0.15
fig3_community_ve,996.0,0.6000000000000001,0.3,0,51.606425702811244,92,481.99999999999994,2026464092,0.3,0.15
fig3_community_ve,1211.0,0.6000000000000001,0.3,0,47.64657308009909,93,634.0,2026464093,0.3,0.15
fig3_community_ve,1332.0,0.6000000000000001,0.3,0,38.51351351351352,94,818.9999999999999,2026464094,0.3,0.15
fig3_community_ve,1096.0,0.6000000000000001,0.3,0,53.46715328467153,95,510.00000000000006,2026464095,0.3,0.15
fig3_community_ve,813.0,0.6000000000000001,0.3,0,35.30135301353013,96,526.0,2026464096,0.3,0.15
fig3_community_ve,1048.0,0.6000000000000001,0.3,0,34.82824427480916,97,683.0,2026464097,0.3,0.15
fig3_community_ve,1289.0,0.6000000000000001,0.3,0,49.418153607447636,98,652.0,2026464098,0.3,0.15
fig3_community_ve,1174.0,0.6000000000000001,0.3,0,43.52640545144804,99,663.0,2026464099,0.3,0.15
fig3_community_ve,1256.0,0.6000000000000001,0.3,0,86.94267515923566,0,164.0,2026467000,0.3,0.6
fig3_community_ve,914.0,0.6000000000000001,0.3,0,84.24507658643326,1,144.0,2026467001,0.3,0.6
fig3_community_ve,1204.0,0.6000000000000001,0.3,0,86.2126245847176,2,166.0,2026467002,0.3,0.6
fig3_community_ve,957.0,0.6000000000000001,0.3,0,84.01253918495298,3,153.0,2026467003,0.3,0.6
fig3_community_ve,1516.0,0.6000000000000001,0.3,0,85.55408970976254,4,219.0,2026467004,0.3,0.6
fig3_community_ve,996.0,0.6000000000000001,0.3,0,82.53012048192771,5,174.0,2026467005,0.3,0.6
fig3_community_ve,1145.0,0.6000000000000001,0.3,0,87.07423580786026,6,148.0,2026467006,0.3,0.6
fig3_community_ve,1035.0,0.6000000000000001,0.3,0,84.6376811594203,7,159.0,2026467007,0.3,0.6
fig3_community_ve,1239.0,0.6000000000000001,0.3,0,84.1000807102502,8,197.0,2026467008,0.3,0.6
fig3_community_ve,1629.9999999999998,0.6000000000000001,0.3,0,85.33742331288343,9,239.00000000000003,2026467009,0.3,0.6
fig3_community_ve,1491.0,0.6000000000000001,0.3,0,85.71428571428571,10,213.0,2026467010,0.3,0.6
fig3_community_ve,1411.0,0.6000000000000001,0.3,0,87.24309000708718,11,180.0,2026467011,0.3,0.6
fig3_community_ve,851.0,0.6000000000000001,0.3,0,76.26321974148061,12,202.0,2026467012,0.3,0.6
fig3_community_ve,808.0,0.6000000000000001,0.3,0,84.15841584158416,13,128.0,2026467013,0.3,0.6
fig3_community_ve,1141.0,0.6000000000000001,0.3,0,89.39526730937774,14,120.99999999999999,2026467014,0.3,0.6
fig3_community_ve,1212.0,0.6000000000000001,0.3,0,83.25082508250826,15,203.0,2026467015,0.3,0.6
fig3_community_ve,1154.0,0.6000000000000001,0.3,0,85.00866551126516,16,173.0,2026467016,0.3,0.6
fig3_community_ve,711.0,0.6000000000000001,0.3,0,81.9971870604782,17,128.0,2026467017,0.3,0.6
fig3_community_ve,846.0,0.6000000000000001,0.3,0,79.7872340425532,18,171.0,2026467018,0.3,0.6
fig3_community_ve,969.0000000000001,0.6000000000000001,0.3,0,82.86893704850361,19,166.0,2026467019,0.3,0.6
fig3_community_ve,1132.0,0.6000000000000001,0.3,0,85.86572438162544,20,160.0,2026467020,0.3,0.6
fig3_community_ve,1157.0,0.6000000000000001,0.3,0,88.67761452031115,21,131.0,2026467021,0.3,0.6
fig3_community_ve,1045.0,0.6000000000000001,0.3,0,85.35885167464114,22,153.0,2026467022,0.3,0.6
fig3_community_ve,1168.0,0.6000000000000001,0.3,0,89.12671232876713,23,127.00000000000001,2026467023,0.3,0.6
fig3_community_ve,944.0,0.6000000000000001,0.3,0,86.01694915254237,24,132.0,2026467024,0.3,0.6
fig3_community_ve,1031.0,0.6000000000000001,0.3,0,87.39088263821533,25,130.0,2026467025,0.3,0.6
fig3_community_ve,987.0,0.6000000000000001,0.3,0,77.40628166160081,26,223.00000000000003,2026467026,0.3,0.6
fig3_community_ve,1029.0,0.6000000000000001,0.3,0,81.92419825072886,27,186.0,2026467027,0.3,0.6
fig3_community_ve,1140.0,0.6000000000000001,0.3,0,87.98245614035088,28,137.0,2026467028,0.3,0.6
fig3_community_ve,1420.0,0.6000000000000001,0.3,0,88.59154929577464,29,162.0,2026467029,0.3,0.6
fig3_community_ve,1213.0,0.6000000000000001,0.3,0,86.89200329760924,30,159.0,2026467030,0.3,0.6
fig3_community_ve,1448.0,0.6000000000000001,0.3,0,85.70441988950276,31,206.99999999999997,2026467031,0.3,0.6
fig3_community_ve,993.9999999999999,0.6000000000000001,0.3,0,83.19919517102615,32,167.0,2026467032,0.3,0.6
fig3_community_ve,1244.0,0.6000000000000001,0.3,0,85.04823151125402,33,186.0,2026467033,0.3,0.6
fig3_community_ve,1212.0,0.6000000000000001,0.3,0,82.92079207920793,34,206.99999999999997,2026467034,0.3,0.6
fig3_community_ve,937.0,0.6000000000000001,0.3,0,80.78975453575241,35,180.0,2026467035,0.3,0.6
fig3_community_ve,995.0,0.6000000000000001,0.3,0,84.42211055276383,36,155.0,2026467036,0.3,0.6
fig3_community_ve,858.0000000000001,0.6000000000000001,0.3,0,86.82983682983684,37,112.99999999999999,2026467037,0.3,0.6
fig3_community_ve,1175.0,0.6000000000000001,0.3,0,83.31914893617021,38,196.0,2026467038,0.3,0.6
fig3_community_ve,1625.0,0.6000000000000001,0.3,0,87.07692307692308,39,210.0,2026467039,0.3,0.6
fig3_community_ve,891.0,0.6000000000000001,0.3,0,84.84848484848484,40,135.0,2026467040,0.3,0.6
fig3_community_ve,1404.0,0.6000000000000001,0.3,0,89.74358974358974,41,144.0,2026467041,0.3,0.6
fig3_community_ve,973.0000000000001,0.6000000000000001,0.3,0,80.88386433710176,42,186.0,2026467042,0.3,0.6
fig3_community_ve,946.0,0.6000000000000001,0.3,0,85.51797040169133,43,137.0,2026467043,0.3,0.6
fig3_community_ve,861.9999999999999,0.6000000000000001,0.3,0,83.52668213457076,44,142.0,2026467044,0.3,0.6
fig3_community_ve,1282.0,0.6000000000000001,0.3,0,85.02340093603745,45,192.0,2026467045,0.3,0.6
fig3_community_ve,1107.0,0.6000000000000001,0.3,0,87.7145438121048,46,136.0,2026467046,0.3,0.6
fig3_community_ve,1632.0000000000002,0.6000000000000001,0.3,0,89.15441176470588,47,177.0,2026467047,0.3,0.6
fig3_community_ve,958.0,0.6000000000000001,0.3,0,82.4634655532359,48,168.0,2026467048,0.3,0.6
fig3_community_ve,1197.0,0.6000000000000001,0.3,0,84.12698412698413,49,190.0,2026467049,0.3,0.6
fig3_community_ve,1095.0,0.6000000000000001,0.3,0,87.12328767123287,50,141.0,2026467050,0.3,0.6
fig3_community_ve,1072.0,0.6000000000000001,0.3,0,83.0223880597015,51,182.0,2026467051,0.3,0.6
fig3_community_ve,1101.0,0.6000000000000001,0.3,0,81.74386920980926,52,201.0,2026467052,0.3,0.6
fig3_community_ve,1145.0,0.6000000000000001,0.3,0,80.78602620087337,53,220.0,2026467053,0.3,0.6
fig3_community_ve,880.0,0.6000000000000001,0.3,0,85.0,54,132.0,2026467054,0.3,0.6
fig3_community_ve,1018.0,0.6000000000000001,0.3,0,88.01571709233792,55,122.0,2026467055,0.3,0.6
fig3_community_ve,1208.0,0.6000000000000001,0.3,0,83.6092715231788,56,198.0,2026467056,0.3,0.6
fig3_community_ve,1149.0,0.6000000000000001,0.3,0,84.94342906875544,57,173.0,2026467057,0.3,0.6
fig3_community_ve,1568.0,0.6000000000000001,0.3,0,86.67091836734694,58,208.99999999999997,2026467058,0.3,0.6
fig3_community_ve,761.0,0.6000000000000001,0.3,0,82.3915900131406,59,134.0,2026467059,0.3,0.6
fig3_community_ve,929.9999999999999,0.6000000000000001,0.3,0,86.98924731182795,60,120.99999999999999,2026467060,0.3,0.6
fig3_community_ve,1136.0,0.6000000000000001,0.3,0,87.32394366197182,61,144.0,2026467061,0.3,0.6
fig3_community_ve,1268.0,0.6000000000000001,0.3,0,87.53943217665615,62,158.0,2026467062,0.3,0.6
fig3_community_ve,983.0,0.6000000000000001,0.3,0,86.06307222787386,63,137.0,2026467063,0.3,0.6
fig3_community_ve,1428.0,0.6000000000000001,0.3,0,85.22408963585434,64,211.0,2026467064,0.3,0.6
fig3_community_ve,834.0,0.6000000000000001,0.3,0,84.29256594724221,65,131.0,2026467065,0.3,0.6
fig3_community_ve,916.0,0.6000000000000001,0.3,0,81.55021834061135,66,169.0,2026467066,0.3,0.6
fig3_community_ve,1211.0,0.6000000000000001,0.3,0,90.58629232039637,67,114.0,2026467067,0.3,0.6
fig3_community_ve,1246.0,0.6000000000000001,0.3,0,86.27608346709471,68,171.0,2026467068,0.3,0.6
fig3_community_ve,1464.0,0.6000000000000001,0.3,0,86.27049180327869,69,201.0,2026467069,0.3,0.6
fig3_community_ve,1277.0,0.6000000000000001,0.3,0,90.60297572435395,70,119.99999999999999,2026467070,0.3,0.6
fig3_community_ve,916.9999999999999,0.6000000000000001,0.3,0,87.78625954198473,71,111.99999999999999,2026467071,0.3,0.6
fig3_community_ve,1215.0,0.6000000000000001,0.3,0,84.52674897119341,72,188.0,2026467072,0.3,0.6
fig3_community_ve,1391.0,0.6000000000000001,0.3,0,85.19051042415528,73,206.00000000000003,2026467073,0.3,0.6
fig3_community_ve,817.0,0.6000000000000001,0.3,0,82.4969400244798,74,143.0,2026467074,0.3,0.6
fig3_community_ve,1040.0,0.6000000000000001,0.3,0,81.82692307692308,75,189.0,2026467075,0.3,0.6
fig3_community_ve,1459.0,0.6000000000000001,0.3,0,85.33241946538725,76,214.0,2026467076,0.3,0.6
fig3_community_ve,1564.0,0.6000000000000001,0.3,0,86.31713554987212,77,214.0,2026467077,0.3,0.6
fig3_community_ve,1237.0,0.6000000000000001,0.3,0,88.19725141471301,78,146.0,2026467078,0.3,0.6
fig3_community_ve,996.0,0.6000000000000001,0.3,0,83.73493975903614,79,162.0,2026467079,0.3,0.6
fig3_community_ve,850.0000000000001,0.6000000000000001,0.3,0,83.52941176470588,80,140.0,2026467080,0.3,0.6
fig3_community_ve,1061.0,0.6000000000000001,0.3,0,86.99340245051837,81,138.0,2026467081,0.3,0.6
fig3_community_ve,871.0000000000001,0.6000000000000001,0.3,0,83.92652123995408,82,140.0,2026467082,0.3,0.6
fig3_community_ve,1272.0,0.6000000000000001,0.3,0,83.33333333333333,83,212.0,2026467083,0.3,0.6
fig3_community_ve,1086.0,0.6000000000000001,0.3,0,87.47697974217311,84,136.0,2026467084,0.3,0.6
fig3_community_ve,1420.0,0.6000000000000001,0.3,0,85.0,85,213.0,2026467085,0.3,0.6
fig3_community_ve,824.0000000000001,0.6000000000000001,0.3,0,84.95145631067962,86,124.0,2026467086,0.3,0.6
fig3_community_ve,1043.0,0.6000000000000001,0.3,0,85.42665388302972,87,152.0,2026467087,0.3,0.6
fig3_community_ve,1284.0,0.6000000000000001,0.3,0,84.19003115264798,88,203.0,2026467088,0.3,0.6
fig3_community_ve,732.0,0.6000000000000001,0.3,0,86.06557377049181,89,102.00000000000001,2026467089,0.3,0.6
fig3_community_ve,1265.0,0.6000000000000001,0.3,0,84.34782608695652,90,198.0,2026467090,0.3,0.6
fig3_community_ve,822.0,0.6000000000000001,0.3,0,81.38686131386861,91,153.0,2026467091,0.3,0.6
fig3_community_ve,1138.0,0.6000000000000001,0.3,0,85.32513181019333,92,167.0,2026467092,0.3,0.6
fig3_community_ve,1488.0,0.6000000000000001,0.3,0,84.87903225806451,93,224.99999999999997,2026467093,0.3,0.6
fig3_community_ve,993.0,0.6000000000000001,0.3,0,89.42598187311178,94,105.0,2026467094,0.3,0.6
fig3_community_ve,1259.0,0.6000000000000001,0.3,0,88.80063542494042,95,141.0,2026467095,0.3,0.6
fig3_community_ve,1010.9999999999999,0.6000000000000001,0.3,0,82.49258160237389,96,177.0,2026467096,0.3,0.6
fig3_community_ve,864.0,0.6000000000000001,0.3,0,80.32407407407408,97,170.0,2026467097,0.3,0.6
fig3_community_ve,852.0,0.6000000000000001,0.3,0,84.85915492957747,98,129.0,2026467098,0.3,0.6
fig3_community_ve,969.0000000000001,0.6000000000000001,0.3,0,82.45614035087719,99,170.0,2026467099,0.3,0.6
fig3_community_ve,1290.0,0.6000000000000001,0.3,0,88.83720930232558,0,144.0,2026468000,0.3,0.75
fig3_community_ve,1312.0,0.6000000000000001,0.3,0,86.20426829268293,1,181.0,2026468001,0.3,0.75
fig3_community_ve,922.0000000000001,0.6000000000000001,0.3,0,85.9002169197397,2,130.0,2026468002,0.3,0.75
fig3_community_ve,1158.0,0.6000000000000001,0.3,0,89.11917098445596,3,126.0,2026468003,0.3,0.75
fig3_community_ve,1184.0,0.6000000000000001,0.3,0,87.75337837837837,4,145.0,2026468004,0.3,0.75
fig3_community_ve,1117.0,0.6000000000000001,0.3,0,87.10832587287376,5,144.0,2026468005,0.3,0.75
fig3_community_ve,918.0000000000001,0.6000000000000001,0.3,0,85.29411764705883,6,135.0,2026468006,0.3,0.75
fig3_community_ve,788.0,0.6000000000000001,0.3,0,81.7258883248731,7,144.0,2026468007,0.3,0.75
fig3_community_ve,843.0,0.6000000000000001,0.3,0,87.0699881376038,8,109.0,2026468008,0.3,0.75
fig3_community_ve,774.0,0.6000000000000001,0.3,0,85.91731266149871,9,109.0,2026468009,0.3,0.75
fig3_community_ve,1187.0,0.6000000000000001,0.3,0,86.43639427127212,10,161.0,2026468010,0.3,0.75
fig3_community_ve,865.9999999999999,0.6000000000000001,0.3,0,88.56812933025404,11,99.0,2026468011,0.3,0.75
fig3_community_ve,908.0,0.6000000000000001,0.3,0,85.57268722466961,12,131.0,2026468012,0.3,0.75
fig3_community_ve,831.9999999999999,0.6000000000000001,0.3,0,83.65384615384615,13,136.0,2026468013,0.3,0.75
fig3_community_ve,820.0000000000001,0.6000000000000001,0.3,0,85.73170731707317,14,117.0,2026468014,0.3,0.75
fig3_community_ve,1157.0,0.6000000000000001,0.3,0,88.07260155574762,15,138.0,2026468015,0.3,0.75
fig3_community_ve,1528.0,0.6000000000000001,0.3,0,86.91099476439791,16,200.0,2026468016,0.3,0.75
fig3_community_ve,805.0,0.6000000000000001,0.3,0,86.83229813664596,17,106.0,2026468017,0.3,0.75
fig3_community_ve,1020.0000000000001,0.6000000000000001,0.3,0,83.33333333333334,18,170.0,2026468018,0.3,0.75
fig3_community_ve,1046.0,0.6000000000000001,0.3,0,85.37284894837477,19,153.0,2026468019,0.3,0.75
fig3_community_ve,1209.0,0.6000000000000001,0.3,0,88.91645988420181,20,134.0,2026468020,0.3,0.75
fig3_community_ve,1233.0,0.6000000000000001,0.3,0,89.37550689375507,21,131.0,2026468021,0.3,0.75
fig3_community_ve,1001.9999999999999,0.6000000000000001,0.3,0,83.9321357285429,22,161.0,2026468022,0.3,0.75
fig3_community_ve,1317.0,0.6000000000000001,0.3,0,87.92710706150342,23,159.0,2026468023,0.3,0.75
fig3_community_ve,1234.0,0.6000000000000001,0.3,0,84.52188006482982,24,191.0,2026468024,0.3,0.75
fig3_community_ve,971.0,0.6000000000000001,0.3,0,86.50875386199795,25,131.0,2026468025,0.3,0.75
fig3_community_ve,1101.0,0.6000000000000001,0.3,0,86.92098092643052,26,144.0,2026468026,0.3,0.75
fig3_community_ve,1347.0,0.6000000000000001,0.3,0,87.4536005939124,27,169.0,2026468027,0.3,0.75
fig3_community_ve,996.0,0.6000000000000001,0.3,0,88.95582329317268,28,110.0,2026468028,0.3,0.75
fig3_community_ve,1143.0,0.6000000000000001,0.3,0,87.83902012248468,29,139.0,2026468029,0.3,0.75
fig3_community_ve,1884.0,0.6000000000000001,0.3,0,87.73885350318471,30,231.0,2026468030,0.3,0.75
fig3_community_ve,1083.0,0.6000000000000001,0.3,0,86.88827331486611,31,142.0,2026468031,0.3,0.75
fig3_community_ve,1108.0,0.6000000000000001,0.3,0,87.09386281588448,32,143.0,2026468032,0.3,0.75
fig3_community_ve,1280.0,0.6000000000000001,0.3,0,88.75,33,144.0,2026468033,0.3,0.75
fig3_community_ve,1424.0,0.6000000000000001,0.3,0,86.16573033707866,34,197.0,2026468034,0.3,0.75
fig3_community_ve,846.0,0.6000000000000001,0.3,0,86.17021276595744,35,117.0,2026468035,0.3,0.75
fig3_community_ve,1157.0,0.6000000000000001,0.3,0,87.72687986171132,36,142.0,2026468036,0.3,0.75
fig3_community_ve,945.0,0.6000000000000001,0.3,0,90.37037037037037,37,91.0,2026468037,0.3,0.75
fig3_community_ve,1001.0,0.6000000000000001,0.3,0,88.81118881118881,38,111.99999999999999,2026468038,0.3,0.75
fig3_community_ve,1552.0,0.6000000000000001,0.3,0,88.85309278350516,39,173.0,2026468039,0.3,0.75
fig3_community_ve,825.0,0.6000000000000001,0.3,0,87.03030303030303,40,107.0,2026468040,0.3,0.75
fig3_community_ve,1237.0,0.6000000000000001,0.3,0,85.20614389652386,41,183.0,2026468041,0.3,0.75
fig3_community_ve,1192.0,0.6000000000000001,0.3,0,89.51342281879195,42,125.0,2026468042,0.3,0.75
fig3_community_ve,1030.0,0.6000000000000001,0.3,0,88.05825242718447,43,123.0,2026468043,0.3,0.75
fig3_community_ve,1012.0,0.6000000000000001,0.3,0,86.06719367588933,44,141.0,2026468044,0.3,0.75
fig3_community_ve,1084.0,0.6000000000000001,0.3,0,87.82287822878229,45,132.0,2026468045,0.3,0.75
fig3_community_ve,1197.0,0.6000000000000001,0.3,0,85.04594820384294,46,179.0,2026468046,0.3,0.75
fig3_community_ve,1369.0,0.6000000000000001,0.3,0,88.67786705624543,47,155.0,2026468047,0.3,0.75
fig3_community_ve,975.0,0.6000000000000001,0.3,0,84.2051282051282,48,154.0,2026468048,0.3,0.75
fig3_community_ve,1284.0,0.6000000000000001,0.3,0,92.6791277258567,49,94.0,2026468049,0.3,0.75
fig3_community_ve,1061.0,0.6000000000000001,0.3,0,90.10367577756833,50,105.0,2026468050,0.3,0.75
fig3_community_ve,1114.0,0.6000000000000001,0.3,0,87.97127468581688,51,134.0,2026468051,0.3,0.75
fig3_community_ve,1203.0,0.6000000000000001,0.3,0,83.70739817123857,52,196.0,2026468052,0.3,0.75
fig3_community_ve,925.9999999999999,0.6000000000000001,0.3,0,84.77321814254859,53,141.0,2026468053,0.3,0.75
fig3_community_ve,1487.0,0.6000000000000001,0.3,0,87.69334229993275,54,183.0,2026468054,0.3,0.75
fig3_community_ve,997.9999999999999,0.6000000000000001,0.3,0,84.06813627254509,55,159.0,2026468055,0.3,0.75
fig3_community_ve,1435.0,0.6000000000000001,0.3,0,87.59581881533101,56,178.0,2026468056,0.3,0.75
fig3_community_ve,984.0,0.6000000000000001,0.3,0,86.17886178861788,57,136.0,2026468057,0.3,0.75
fig3_community_ve,1449.0,0.6000000000000001,0.3,0,87.50862663906142,58,181.0,2026468058,0.3,0.75
fig3_community_ve,1542.0,0.6000000000000001,0.3,0,89.55901426718547,59,161.0,2026468059,0.3,0.75
fig3_community_ve,1132.0,0.6000000000000001,0.3,0,88.33922261484099,60,132.0,2026468060,0.3,0.75
fig3_community_ve,899.0,0.6000000000000001,0.3,0,84.6496106785317,61,138.0,2026468061,0.3,0.75
fig3_community_ve,1103.0,0.6000000000000001,0.3,0,88.39528558476881,62,128.0,2026468062,0.3,0.75
fig3_community_ve,1005.0,0.6000000000000001,0.3,0,83.28358208955224,63,168.0,2026468063,0.3,0.75
fig3_community_ve,1125.0,0.6000000000000001,0.3,0,87.28888888888889,64,143.0,2026468064,0.3,0.75
fig3_community_ve,1653.0,0.6000000000000001,0.3,0,90.07864488808228,65,164.0,2026468065,0.3,0.75
fig3_community_ve,929.9999999999999,0.6000000000000001,0.3,0,86.55913978494623,66,125.0,2026468066,0.3,0.75
fig3_community_ve,1640.0000000000002,0.6000000000000001,0.3,0,87.37804878048782,67,206.99999999999997,2026468067,0.3,0.75
fig3_community_ve,1173.0,0.6000000000000001,0.3,0,84.4842284739983,68,182.0,2026468068,0.3,0.75
fig3_community_ve,1061.0,0.6000000000000001,0.3,0,86.52214891611688,69,143.0,2026468069,0.3,0.75
fig3_community_ve,1025.0,0.6000000000000001,0.3,0,85.26829268292683,70,151.0,2026468070,0.3,0.75
fig3_community_ve,1181.0,0.6000000000000001,0.3,0,84.84335309060118,71,179.0,2026468071,0.3,0.75
fig3_community_ve,1553.0,0.6000000000000001,0.3,0,86.2202189311011,72,214.0,2026468072,0.3,0.75
fig3_community_ve,1154.0,0.6000000000000001,0.3,0,89.68804159445408,73,119.00000000000001,2026468073,0.3,0.75
fig3_community_ve,1231.0,0.6000000000000001,0.3,0,90.25182778229082,74,119.99999999999999,2026468074,0.3,0.75
fig3_community_ve,1086.0,0.6000000000000001,0.3,0,83.70165745856353,75,177.0,2026468075,0.3,0.75
fig3_community_ve,1129.0,0.6000000000000001,0.3,0,85.29672276350753,76,166.0,2026468076,0.3,0.75
fig3_community_ve,770.0,0.6000000000000001,0.3,0,86.49350649350649,77,103.99999999999999,2026468077,0.3,0.75
fig3_community_ve,1194.0,0.6000000000000001,0.3,0,87.35343383584589,78,151.0,2026468078,0.3,0.75
fig3_community_ve,629.0,0.6000000000000001,0.3,0,86.3275039745628,79,86.0,2026468079,0.3,0.75
fig3_community_ve,993.0,0.6000000000000001,0.3,0,82.57804632426989,80,173.0,2026468080,0.3,0.75
fig3_community_ve,1240.0,0.6000000000000001,0.3,0,87.98387096774194,81,149.0,2026468081,0.3,0.75
fig3_community_ve,857.0,0.6000000000000001,0.3,0,84.13068844807468,82,136.0,2026468082,0.3,0.75
fig3_community_ve,1196.0,0.6000000000000001,0.3,0,89.54849498327759,83,125.0,2026468083,0.3,0.75
fig3_community_ve,1203.0,0.6000000000000001,0.3,0,87.94679966749793,84,145.0,2026468084,0.3,0.75
fig3_community_ve,1249.0,0.6000000000000001,0.3,0,84.3875100080064,85,195.0,2026468085,0.3,0.75
fig3_community_ve,1256.0,0.6000000000000001,0.3,0,85.19108280254777,86,186.0,2026468086,0.3,0.75
fig3_community_ve,1609.0,0.6000000000000001,0.3,0,89.43443132380361,87,170.0,2026468087,0.3,0.75
fig3_community_ve,1061.0,0.6000000000000001,0.3,0,82.84637134778511,88,182.0,2026468088,0.3,0.75
fig3_community_ve,871.0000000000001,0.6000000000000001,0.3,0,86.10792192881746,89,120.99999999999999,2026468089,0.3,0.75
fig3_community_ve,792.0,0.6000000000000001,0.3,0,86.74242424242425,90,105.0,2026468090,0.3,0.75
fig3_community_ve,901.0000000000001,0.6000000000000001,0.3,0,85.57158712541622,91,130.0,2026468091,0.3,0.75
fig3_community_ve,1390.0,0.6000000000000001,0.3,0,86.90647482014388,92,182.0,2026468092,0.3,0.75
fig3_community_ve,882.9999999999999,0.6000000000000001,0.3,0,87.65571913929784,93,109.0,2026468093,0.3,0.75
fig3_community_ve,792.0,0.6000000000000001,0.3,0,88.38383838383838,94,92.0,2026468094,0.3,0.75
fig3_community_ve,1156.0,0.6000000000000001,0.3,0,85.81314878892734,95,164.0,2026468095,0.3,0.75
fig3_community_ve,891.0,0.6000000000000001,0.3,0,88.55218855218855,96,102.00000000000001,2026468096,0.3,0.75
fig3_community_ve,825.0,0.6000000000000001,0.3,0,88.36363636363636,97,96.0,2026468097,0.3,0.75
fig3_community_ve,1112.0,0.6000000000000001,0.3,0,84.08273381294964,98,177.0,2026468098,0.3,0.75
fig3_community_ve,1001.9999999999999,0.6000000000000001,0.3,0,86.82634730538922,99,132.0,2026468099,0.3,0.75
fig3_community_ve,886.0,0.6000000000000001,0.3,0,86.00451467268623,0,124.0,2026466000,0.3,0.44999999999999996
fig3_community_ve,1042.0,0.6000000000000001,0.3,0,78.1190019193858,1,228.0,2026466001,0.3,0.44999999999999996
fig3_community_ve,949.0,0.6000000000000001,0.3,0,73.44573234984193,2,252.0,2026466002,0.3,0.44999999999999996
fig3_community_ve,779.0,0.6000000000000001,0.3,0,74.58279845956355,3,198.0,2026466003,0.3,0.44999999999999996
fig3_community_ve,1051.0,0.6000000000000001,0.3,0,78.0209324452902,4,231.0,2026466004,0.3,0.44999999999999996
fig3_community_ve,1013.0,0.6000000000000001,0.3,0,80.65153010858835,5,196.0,2026466005,0.3,0.44999999999999996
fig3_community_ve,790.0000000000001,0.6000000000000001,0.3,0,70.8860759493671,6,230.0,2026466006,0.3,0.44999999999999996
fig3_community_ve,1382.0,0.6000000000000001,0.3,0,81.83791606367583,7,251.0,2026466007,0.3,0.44999999999999996
fig3_community_ve,716.0,0.6000000000000001,0.3,0,80.58659217877096,8,139.0,2026466008,0.3,0.44999999999999996
fig3_community_ve,1215.0,0.6000000000000001,0.3,0,83.04526748971193,9,206.00000000000003,2026466009,0.3,0.44999999999999996
fig3_community_ve,1231.0,0.6000000000000001,0.3,0,77.57920389926889,10,276.0,2026466010,0.3,0.44999999999999996
fig3_community_ve,679.0,0.6000000000000001,0.3,0,74.37407952871871,11,174.0,2026466011,0.3,0.44999999999999996
fig3_community_ve,921.0,0.6000000000000001,0.3,0,79.37024972855592,12,190.0,2026466012,0.3,0.44999999999999996
fig3_community_ve,1162.0,0.6000000000000001,0.3,0,79.69018932874354,13,236.0,2026466013,0.3,0.44999999999999996
fig3_community_ve,1198.0,0.6000000000000001,0.3,0,75.20868113522538,14,297.0,2026466014,0.3,0.44999999999999996
fig3_community_ve,1309.0,0.6000000000000001,0.3,0,82.58212375859435,15,228.0,2026466015,0.3,0.44999999999999996
fig3_community_ve,1081.0,0.6000000000000001,0.3,0,83.53376503237743,16,178.0,2026466016,0.3,0.44999999999999996
fig3_community_ve,1057.0,0.6000000000000001,0.3,0,78.52412488174078,17,227.0,2026466017,0.3,0.44999999999999996
fig3_community_ve,1253.0,0.6000000000000001,0.3,0,79.56903431763767,18,256.0,2026466018,0.3,0.44999999999999996
fig3_community_ve,1203.0,0.6000000000000001,0.3,0,81.87863674147964,19,218.0,2026466019,0.3,0.44999999999999996
fig3_community_ve,885.0,0.6000000000000001,0.3,0,73.55932203389831,20,234.0,2026466020,0.3,0.44999999999999996
fig3_community_ve,1172.0,0.6000000000000001,0.3,0,78.92491467576792,21,247.0,2026466021,0.3,0.44999999999999996
fig3_community_ve,1074.0,0.6000000000000001,0.3,0,80.63314711359403,22,207.99999999999997,2026466022,0.3,0.44999999999999996
fig3_community_ve,1092.0,0.6000000000000001,0.3,0,84.89010989010988,23,165.0,2026466023,0.3,0.44999999999999996
fig3_community_ve,1087.0,0.6000000000000001,0.3,0,82.24471021159154,24,193.0,2026466024,0.3,0.44999999999999996
fig3_community_ve,1725.0000000000002,0.6000000000000001,0.3,0,78.89855072463769,25,364.0,2026466025,0.3,0.44999999999999996
fig3_community_ve,1186.0,0.6000000000000001,0.3,0,80.52276559865092,26,231.0,2026466026,0.3,0.44999999999999996
fig3_community_ve,1466.0,0.6000000000000001,0.3,0,75.57980900409277,27,358.0,2026466027,0.3,0.44999999999999996
fig3_community_ve,1338.0,0.6000000000000001,0.3,0,86.32286995515695,28,183.0,2026466028,0.3,0.44999999999999996
fig3_community_ve,910.0,0.6000000000000001,0.3,0,76.15384615384616,29,217.0,2026466029,0.3,0.44999999999999996
fig3_community_ve,1270.0,0.6000000000000001,0.3,0,80.07874015748031,30,253.0,2026466030,0.3,0.44999999999999996
fig3_community_ve,1332.0,0.6000000000000001,0.3,0,81.68168168168168,31,244.0,2026466031,0.3,0.44999999999999996
fig3_community_ve,856.0,0.6000000000000001,0.3,0,78.15420560747664,32,187.0,2026466032,0.3,0.44999999999999996
fig3_community_ve,1243.0,0.6000000000000001,0.3,0,76.91069991954947,33,287.0,2026466033,0.3,0.44999999999999996
fig3_community_ve,909.0000000000001,0.6000000000000001,0.3,0,84.70847084708471,34,139.0,2026466034,0.3,0.44999999999999996
fig3_community_ve,899.0,0.6000000000000001,0.3,0,80.08898776418242,35,179.0,2026466035,0.3,0.44999999999999996
fig3_community_ve,885.0,0.6000000000000001,0.3,0,83.954802259887,36,142.0,2026466036,0.3,0.44999999999999996
fig3_community_ve,1273.0,0.6000000000000001,0.3,0,79.41869599371563,37,262.0,2026466037,0.3,0.44999999999999996
fig3_community_ve,1331.0,0.6000000000000001,0.3,0,77.08489857250188,38,305.0,2026466038,0.3,0.44999999999999996
fig3_community_ve,1321.0,0.6000000000000001,0.3,0,76.98713096139288,39,304.0,2026466039,0.3,0.44999999999999996
fig3_community_ve,1461.0,0.6000000000000001,0.3,0,82.81998631074606,40,251.0,2026466040,0.3,0.44999999999999996
fig3_community_ve,1204.0,0.6000000000000001,0.3,0,81.47840531561462,41,223.00000000000003,2026466041,0.3,0.44999999999999996
fig3_community_ve,734.0,0.6000000000000001,0.3,0,80.65395095367847,42,142.0,2026466042,0.3,0.44999999999999996
fig3_community_ve,1331.0,0.6000000000000001,0.3,0,79.63936889556724,43,271.0,2026466043,0.3,0.44999999999999996
fig3_community_ve,711.0,0.6000000000000001,0.3,0,71.58931082981717,44,202.0,2026466044,0.3,0.44999999999999996
fig3_community_ve,1234.0,0.6000000000000001,0.3,0,82.6580226904376,45,214.0,2026466045,0.3,0.44999999999999996
fig3_community_ve,973.0000000000001,0.6000000000000001,0.3,0,79.34224049331964,46,201.0,2026466046,0.3,0.44999999999999996
fig3_community_ve,1327.0,0.6000000000000001,0.3,0,80.33157498116051,47,261.0,2026466047,0.3,0.44999999999999996
fig3_community_ve,992.0,0.6000000000000001,0.3,0,79.63709677419355,48,202.0,2026466048,0.3,0.44999999999999996
fig3_community_ve,909.0000000000001,0.6000000000000001,0.3,0,77.99779977997801,49,200.0,2026466049,0.3,0.44999999999999996
fig3_community_ve,967.0,0.6000000000000001,0.3,0,80.04136504653567,50,193.0,2026466050,0.3,0.44999999999999996
fig3_community_ve,1134.0,0.6000000000000001,0.3,0,86.59611992945327,51,152.0,2026466051,0.3,0.44999999999999996
fig3_community_ve,1341.0,0.6000000000000001,0.3,0,79.49291573452648,52,275.0,2026466052,0.3,0.44999999999999996
fig3_community_ve,999.0000000000001,0.6000000000000001,0.3,0,82.38238238238239,53,176.0,2026466053,0.3,0.44999999999999996
fig3_community_ve,1192.0,0.6000000000000001,0.3,0,82.88590604026845,54,204.00000000000003,2026466054,0.3,0.44999999999999996
fig3_community_ve,691.0,0.6000000000000001,0.3,0,74.24023154848047,55,178.0,2026466055,0.3,0.44999999999999996
fig3_community_ve,1554.0,0.6000000000000001,0.3,0,79.98712998712999,56,311.0,2026466056,0.3,0.44999999999999996
fig3_community_ve,1199.0,0.6000000000000001,0.3,0,84.7372810675563,57,183.0,2026466057,0.3,0.44999999999999996
fig3_community_ve,1577.0,0.6000000000000001,0.3,0,75.84020291693088,58,381.0,2026466058,0.3,0.44999999999999996
fig3_community_ve,1051.0,0.6000000000000001,0.3,0,82.11227402473834,59,188.0,2026466059,0.3,0.44999999999999996
fig3_community_ve,1105.0,0.6000000000000001,0.3,0,76.83257918552036,60,256.0,2026466060,0.3,0.44999999999999996
fig3_community_ve,795.0,0.6000000000000001,0.3,0,82.26415094339623,61,141.0,2026466061,0.3,0.44999999999999996
fig3_community_ve,1469.0,0.6000000000000001,0.3,0,82.09666439754935,62,263.0,2026466062,0.3,0.44999999999999996
fig3_community_ve,834.0,0.6000000000000001,0.3,0,70.26378896882494,63,248.0,2026466063,0.3,0.44999999999999996
fig3_community_ve,958.0,0.6000000000000001,0.3,0,81.52400835073068,64,177.0,2026466064,0.3,0.44999999999999996
fig3_community_ve,955.0,0.6000000000000001,0.3,0,83.66492146596859,65,156.0,2026466065,0.3,0.44999999999999996
fig3_community_ve,945.0,0.6000000000000001,0.3,0,80.52910052910053,66,184.0,2026466066,0.3,0.44999999999999996
fig3_community_ve,1066.0,0.6000000000000001,0.3,0,80.2063789868668,67,211.0,2026466067,0.3,0.44999999999999996
fig3_community_ve,1214.0,0.6000000000000001,0.3,0,80.80724876441516,68,233.0,2026466068,0.3,0.44999999999999996
fig3_community_ve,1233.0,0.6000000000000001,0.3,0,80.2919708029197,69,243.0,2026466069,0.3,0.44999999999999996
fig3_community_ve,1210.0,0.6000000000000001,0.3,0,82.23140495867769,70,215.0,2026466070,0.3,0.44999999999999996
fig3_community_ve,1174.0,0.6000000000000001,0.3,0,83.90119250425894,71,189.0,2026466071,0.3,0.44999999999999996
fig3_community_ve,956.0000000000001,0.6000000000000001,0.3,0,80.5439330543933,72,186.0,2026466072,0.3,0.44999999999999996
fig3_community_ve,1264.0,0.6000000000000001,0.3,0,79.74683544303798,73,256.0,2026466073,0.3,0.44999999999999996
fig3_community_ve,894.0,0.6000000000000001,0.3,0,82.99776286353467,74,152.0,2026466074,0.3,0.44999999999999996
fig3_community_ve,1032.0,0.6000000000000001,0.3,0,80.42635658914729,75,202.0,2026466075,0.3,0.44999999999999996
fig3_community_ve,1211.0,0.6000000000000001,0.3,0,79.35590421139554,76,250.0,2026466076,0.3,0.44999999999999996
fig3_community_ve,1480.0,0.6000000000000001,0.3,0,82.02702702702703,77,266.0,2026466077,0.3,0.44999999999999996
fig3_community_ve,1120.0,0.6000000000000001,0.3,0,79.82142857142857,78,225.99999999999997,2026466078,0.3,0.44999999999999996
fig3_community_ve,696.0,0.6000000000000001,0.3,0,79.16666666666667,79,145.0,2026466079,0.3,0.44999999999999996
fig3_community_ve,1111.0,0.6000000000000001,0.3,0,80.10801080108011,80,221.00000000000003,2026466080,0.3,0.44999999999999996
fig3_community_ve,1018.9999999999999,0.6000000000000001,0.3,0,79.68596663395485,81,206.99999999999997,2026466081,0.3,0.44999999999999996
fig3_community_ve,1182.0,0.6000000000000001,0.3,0,84.51776649746193,82,183.0,2026466082,0.3,0.44999999999999996
fig3_community_ve,1365.0,0.6000000000000001,0.3,0,83.88278388278388,83,220.0,2026466083,0.3,0.44999999999999996
fig3_community_ve,1067.0,0.6000000000000001,0.3,0,74.78912839737582,84,269.0,2026466084,0.3,0.44999999999999996
fig3_community_ve,1027.0,0.6000000000000001,0.3,0,73.51509250243427,85,272.0,2026466085,0.3,0.44999999999999996
fig3_community_ve,976.0,0.6000000000000001,0.3,0,78.17622950819673,86,213.0,2026466086,0.3,0.44999999999999996
fig3_community_ve,1598.0000000000002,0.6000000000000001,0.3,0,83.2916145181477,87,267.0,2026466087,0.3,0.44999999999999996
fig3_community_ve,1625.0,0.6000000000000001,0.3,0,83.75384615384615,88,264.0,2026466088,0.3,0.44999999999999996
fig3_community_ve,1032.0,0.6000000000000001,0.3,0,83.04263565891473,89,175.0,2026466089,0.3,0.44999999999999996
fig3_community_ve,912.0,0.6000000000000001,0.3,0,83.00438596491227,90,155.0,2026466090,0.3,0.44999999999999996
fig3_community_ve,1155.0,0.6000000000000001,0.3,0,79.3073593073593,91,239.00000000000003,2026466091,0.3,0.44999999999999996
fig3_community_ve,838.0,0.6000000000000001,0.3,0,77.44630071599045,92,189.0,2026466092,0.3,0.44999999999999996
fig3_community_ve,1145.0,0.6000000000000001,0.3,0,76.94323144104804,93,264.0,2026466093,0.3,0.44999999999999996
fig3_community_ve,871.0000000000001,0.6000000000000001,0.3,0,83.69690011481057,94,142.0,2026466094,0.3,0.44999999999999996
fig3_community_ve,1112.0,0.6000000000000001,0.3,0,78.68705035971223,95,237.00000000000003,2026466095,0.3,0.44999999999999996
fig3_community_ve,1018.9999999999999,0.6000000000000001,0.3,0,77.62512266928361,96,228.0,2026466096,0.3,0.44999999999999996
fig3_community_ve,664.0,0.6000000000000001,0.3,0,77.71084337349397,97,148.0,2026466097,0.3,0.44999999999999996
fig3_community_ve,1795.0,0.6000000000000001,0.3,0,85.45961002785515,98,261.0,2026466098,0.3,0.44999999999999996
fig3_community_ve,1468.0,0.6000000000000001,0.3,0,80.5858310626703,99,285.0,2026466099,0.3,0.44999999999999996
fig3_community_ve,1213.0,0.6000000000000001,0.3,0,88.29348722176422,0,142.0,2026469000,0.3,0.9
fig3_community_ve,1199.0,0.6000000000000001,0.3,0,86.73894912427022,1,159.0,2026469001,0.3,0.9
fig3_community_ve,1173.0,0.6000000000000001,0.3,0,89.42881500426257,2,124.0,2026469002,0.3,0.9
fig3_community_ve,935.0000000000001,0.6000000000000001,0.3,0,85.98930481283423,3,131.0,2026469003,0.3,0.9
fig3_community_ve,1081.0,0.6000000000000001,0.3,0,89.73172987974098,4,111.00000000000001,2026469004,0.3,0.9
fig3_community_ve,1387.0,0.6000000000000001,0.3,0,90.98774333093006,5,125.0,2026469005,0.3,0.9
fig3_community_ve,1055.0,0.6000000000000001,0.3,0,88.24644549763033,6,124.0,2026469006,0.3,0.9
fig3_community_ve,1148.0,0.6000000000000001,0.3,0,90.94076655052265,7,103.99999999999999,2026469007,0.3,0.9
fig3_community_ve,1161.0,0.6000000000000001,0.3,0,88.28596037898363,8,136.0,2026469008,0.3,0.9
fig3_community_ve,1006.0,0.6000000000000001,0.3,0,87.37574552683897,9,127.00000000000001,2026469009,0.3,0.9
fig3_community_ve,1075.0,0.6000000000000001,0.3,0,89.11627906976744,10,117.0,2026469010,0.3,0.9
fig3_community_ve,1238.0,0.6000000000000001,0.3,0,89.41841680129241,11,131.0,2026469011,0.3,0.9
fig3_community_ve,609.0,0.6000000000000001,0.3,0,85.05747126436782,12,91.0,2026469012,0.3,0.9
fig3_community_ve,1175.0,0.6000000000000001,0.3,0,84.85106382978724,13,178.0,2026469013,0.3,0.9
fig3_community_ve,1212.0,0.6000000000000001,0.3,0,87.54125412541254,14,151.0,2026469014,0.3,0.9
fig3_community_ve,1071.0,0.6000000000000001,0.3,0,86.5546218487395,15,144.0,2026469015,0.3,0.9
fig3_community_ve,1025.0,0.6000000000000001,0.3,0,86.53658536585365,16,138.0,2026469016,0.3,0.9
fig3_community_ve,1157.0,0.6000000000000001,0.3,0,89.36905790838375,17,123.0,2026469017,0.3,0.9
fig3_community_ve,827.0,0.6000000000000001,0.3,0,86.21523579201934,18,114.0,2026469018,0.3,0.9
fig3_community_ve,1281.0,0.6000000000000001,0.3,0,90.00780640124903,19,128.0,2026469019,0.3,0.9
fig3_community_ve,1033.0,0.6000000000000001,0.3,0,87.2216844143272,20,132.0,2026469020,0.3,0.9
fig3_community_ve,868.0,0.6000000000000001,0.3,0,88.36405529953917,21,101.0,2026469021,0.3,0.9
fig3_community_ve,1147.0,0.6000000000000001,0.3,0,90.67131647776809,22,107.0,2026469022,0.3,0.9
fig3_community_ve,814.9999999999999,0.6000000000000001,0.3,0,88.71165644171779,23,92.0,2026469023,0.3,0.9
fig3_community_ve,1083.0,0.6000000000000001,0.3,0,88.18097876269621,24,128.0,2026469024,0.3,0.9
fig3_community_ve,1319.0,0.6000000000000001,0.3,0,85.82259287338893,25,187.0,2026469025,0.3,0.9
fig3_community_ve,844.0,0.6000000000000001,0.3,0,89.33649289099526,26,90.0,2026469026,0.3,0.9
fig3_community_ve,1484.0,0.6000000000000001,0.3,0,86.38814016172506,27,202.0,2026469027,0.3,0.9
fig3_community_ve,1161.0,0.6000000000000001,0.3,0,88.0275624461671,28,139.0,2026469028,0.3,0.9
fig3_community_ve,929.9999999999999,0.6000000000000001,0.3,0,86.02150537634408,29,130.0,2026469029,0.3,0.9
fig3_community_ve,1151.0,0.6000000000000001,0.3,0,90.09556907037359,30,114.0,2026469030,0.3,0.9
fig3_community_ve,1065.0,0.6000000000000001,0.3,0,88.54460093896714,31,122.0,2026469031,0.3,0.9
fig3_community_ve,942.9999999999999,0.6000000000000001,0.3,0,88.7592788971368,32,106.0,2026469032,0.3,0.9
fig3_community_ve,1384.0,0.6000000000000001,0.3,0,90.82369942196532,33,127.00000000000001,2026469033,0.3,0.9
fig3_community_ve,886.9999999999999,0.6000000000000001,0.3,0,88.16234498308906,34,105.0,2026469034,0.3,0.9
fig3_community_ve,1014.0,0.6000000000000001,0.3,0,88.16568047337279,35,119.99999999999999,2026469035,0.3,0.9
fig3_community_ve,1476.0,0.6000000000000001,0.3,0,86.51761517615176,36,199.0,2026469036,0.3,0.9
fig3_community_ve,1297.0,0.6000000000000001,0.3,0,90.82498072474942,37,119.00000000000001,2026469037,0.3,0.9
fig3_community_ve,797.9999999999999,0.6000000000000001,0.3,0,85.58897243107769,38,115.0,2026469038,0.3,0.9
fig3_community_ve,1175.0,0.6000000000000001,0.3,0,85.19148936170212,39,174.0,2026469039,0.3,0.9
fig3_community_ve,1412.0,0.6000000000000001,0.3,0,89.87252124645893,40,143.0,2026469040,0.3,0.9
fig3_community_ve,1105.0,0.6000000000000001,0.3,0,86.24434389140272,41,152.0,2026469041,0.3,0.9
fig3_community_ve,1419.0,0.6000000000000001,0.3,0,88.7244538407329,42,160.0,2026469042,0.3,0.9
fig3_community_ve,1080.0,0.6000000000000001,0.3,0,81.48148148148148,43,200.0,2026469043,0.3,0.9
fig3_community_ve,1210.0,0.6000000000000001,0.3,0,90.49586776859505,44,115.0,2026469044,0.3,0.9
fig3_community_ve,956.0000000000001,0.6000000000000001,0.3,0,84.51882845188285,45,148.0,2026469045,0.3,0.9
fig3_community_ve,1127.0,0.6000000000000001,0.3,0,87.48890860692103,46,141.0,2026469046,0.3,0.9
fig3_community_ve,1071.0,0.6000000000000001,0.3,0,86.08776844070962,47,149.0,2026469047,0.3,0.9
fig3_community_ve,865.9999999999999,0.6000000000000001,0.3,0,84.98845265588913,48,130.0,2026469048,0.3,0.9
fig3_community_ve,1275.0,0.6000000000000001,0.3,0,87.92156862745098,49,154.0,2026469049,0.3,0.9
fig3_community_ve,1595.0,0.6000000000000001,0.3,0,87.83699059561128,50,194.0,2026469050,0.3,0.9
fig3_community_ve,948.0000000000001,0.6000000000000001,0.3,0,90.084388185654,51,94.0,2026469051,0.3,0.9
fig3_community_ve,1132.0,0.6000000000000001,0.3,0,90.98939929328623,52,102.00000000000001,2026469052,0.3,0.9
fig3_community_ve,881.0,0.6000000000000001,0.3,0,87.40068104426788,53,111.00000000000001,2026469053,0.3,0.9
fig3_community_ve,852.9999999999999,0.6000000000000001,0.3,0,88.74560375146541,54,96.0,2026469054,0.3,0.9
fig3_community_ve,1367.0,0.6000000000000001,0.3,0,89.2465252377469,55,147.0,2026469055,0.3,0.9
fig3_community_ve,775.0,0.6000000000000001,0.3,0,89.29032258064517,56,83.0,2026469056,0.3,0.9
fig3_community_ve,1256.0,0.6000000000000001,0.3,0,89.2515923566879,57,135.0,2026469057,0.3,0.9
fig3_community_ve,1242.0,0.6000000000000001,0.3,0,88.80837359098228,58,139.0,2026469058,0.3,0.9
fig3_community_ve,1050.0,0.6000000000000001,0.3,0,90.19047619047619,59,103.00000000000001,2026469059,0.3,0.9
fig3_community_ve,864.0,0.6000000000000001,0.3,0,84.49074074074075,60,134.0,2026469060,0.3,0.9
fig3_community_ve,1245.0,0.6000000000000001,0.3,0,89.07630522088354,61,136.0,2026469061,0.3,0.9
fig3_community_ve,1208.0,0.6000000000000001,0.3,0,88.41059602649007,62,140.0,2026469062,0.3,0.9
fig3_community_ve,997.0,0.6000000000000001,0.3,0,88.86659979939819,63,111.00000000000001,2026469063,0.3,0.9
fig3_community_ve,1317.0,0.6000000000000001,0.3,0,85.87699316628702,64,186.0,2026469064,0.3,0.9
fig3_community_ve,1137.0,0.6000000000000001,0.3,0,89.44591029023746,65,119.99999999999999,2026469065,0.3,0.9
fig3_community_ve,970.0,0.6000000000000001,0.3,0,87.11340206185567,66,125.0,2026469066,0.3,0.9
fig3_community_ve,1218.0,0.6000000000000001,0.3,0,89.32676518883416,67,130.0,2026469067,0.3,0.9
fig3_community_ve,1143.0,0.6000000000000001,0.3,0,85.91426071741033,68,161.0,2026469068,0.3,0.9
fig3_community_ve,1328.0,0.6000000000000001,0.3,0,89.08132530120481,69,145.0,2026469069,0.3,0.9
fig3_community_ve,920.0,0.6000000000000001,0.3,0,89.23913043478261,70,99.0,2026469070,0.3,0.9
fig3_community_ve,957.0,0.6000000000000001,0.3,0,85.57993730407523,71,138.0,2026469071,0.3,0.9
fig3_community_ve,954.0,0.6000000000000001,0.3,0,87.00209643605871,72,124.0,2026469072,0.3,0.9
fig3_community_ve,1076.0,0.6000000000000001,0.3,0,89.03345724907064,73,118.0,2026469073,0.3,0.9
fig3_community_ve,1211.0,0.6000000000000001,0.3,0,89.09991742361684,74,132.0,2026469074,0.3,0.9
fig3_community_ve,1078.0,0.6000000000000001,0.3,0,87.66233766233766,75,133.0,2026469075,0.3,0.9
fig3_community_ve,1600.0,0.6000000000000001,0.3,0,90.1875,76,157.0,2026469076,0.3,0.9
fig3_community_ve,1024.0,0.6000000000000001,0.3,0,87.01171875,77,133.0,2026469077,0.3,0.9
fig3_community_ve,1200.0,0.6000000000000001,0.3,0,86.0,78,168.0,2026469078,0.3,0.9
fig3_community_ve,1142.0,0.6000000000000001,0.3,0,87.215411558669,79,146.0,2026469079,0.3,0.9
fig3_community_ve,1115.0,0.6000000000000001,0.3,0,91.21076233183857,80,98.0,2026469080,0.3,0.9
fig3_community_ve,953.0,0.6000000000000001,0.3,0,87.19832109129067,81,122.0,2026469081,0.3,0.9
fig3_community_ve,1128.0,0.6000000000000001,0.3,0,87.85460992907801,82,137.0,2026469082,0.3,0.9
fig3_community_ve,851.0,0.6000000000000001,0.3,0,87.19153936545241,83,109.0,2026469083,0.3,0.9
fig3_community_ve,890.0,0.6000000000000001,0.3,0,91.57303370786516,84,75.0,2026469084,0.3,0.9
fig3_community_ve,1081.0,0.6000000000000001,0.3,0,88.43663274745606,85,125.0,2026469085,0.3,0.9
fig3_community_ve,1230.0,0.6000000000000001,0.3,0,87.07317073170732,86,159.0,2026469086,0.3,0.9
fig3_community_ve,1014.9999999999999,0.6000000000000001,0.3,0,87.0935960591133,87,131.0,2026469087,0.3,0.9
fig3_community_ve,1322.0,0.6000000000000001,0.3,0,89.93948562783662,88,133.0,2026469088,0.3,0.9
fig3_community_ve,1016.0000000000001,0.6000000000000001,0.3,0,90.94488188976378,89,92.0,2026469089,0.3,0.9
fig3_community_ve,1231.0,0.6000000000000001,0.3,0,90.8204711616572,90,112.99999999999999,2026469090,0.3,0.9
fig3_community_ve,1084.0,0.6000000000000001,0.3,0,88.46863468634686,91,125.0,2026469091,0.3,0.9
fig3_community_ve,1078.0,0.6000000000000001,0.3,0,88.40445269016698,92,125.0,2026469092,0.3,0.9
fig3_community_ve,1137.0,0.6000000000000001,0.3,0,89.88566402814423,93,115.0,2026469093,0.3,0.9
fig3_community_ve,1161.0,0.6000000000000001,0.3,0,87.68303186907838,94,143.0,2026469094,0.3,0.9
fig3_community_ve,755.0,0.6000000000000001,0.3,0,83.04635761589404,95,128.0,2026469095,0.3,0.9
fig3_community_ve,1004.0,0.6000000000000001,0.3,0,90.2390438247012,96,98.0,2026469096,0.3,0.9
fig3_community_ve,1249.0,0.6000000000000001,0.3,0,87.8302642113691,97,152.0,2026469097,0.3,0.9
fig3_community_ve,993.0,0.6000000000000001,0.3,0,85.1963746223565,98,147.0,2026469098,0.3,0.9
fig3_community_ve,1346.0,0.6000000000000001,0.3,0,88.55869242199108,99,154.0,2026469099,0.3,0.9
fig3_community_ve,1093.0,0.7000000000000001,0.3,0,0.0,0,1093.0,2026470000,0.3,0.0
fig3_community_ve,1025.0,0.7000000000000001,0.3,0,0.0,1,1025.0,2026470001,0.3,0.0
fig3_community_ve,1169.0,0.7000000000000001,0.3,0,0.0,2,1169.0,2026470002,0.3,0.0
fig3_community_ve,858.0000000000001,0.7000000000000001,0.3,0,0.0,3,858.0000000000001,2026470003,0.3,0.0
fig3_community_ve,1289.0,0.7000000000000001,0.3,0,0.0,4,1289.0,2026470004,0.3,0.0
fig3_community_ve,1269.0,0.7000000000000001,0.3,0,0.0,5,1269.0,2026470005,0.3,0.0
fig3_community_ve,1059.0,0.7000000000000001,0.3,0,0.0,6,1059.0,2026470006,0.3,0.0
fig3_community_ve,1187.0,0.7000000000000001,0.3,0,0.0,7,1187.0,2026470007,0.3,0.0
fig3_community_ve,1373.0,0.7000000000000001,0.3,0,0.0,8,1373.0,2026470008,0.3,0.0
fig3_community_ve,848.9999999999999,0.7000000000000001,0.3,0,0.0,9,848.9999999999999,2026470009,0.3,0.0
fig3_community_ve,1018.9999999999999,0.7000000000000001,0.3,0,0.0,10,1018.9999999999999,2026470010,0.3,0.0
fig3_community_ve,1172.0,0.7000000000000001,0.3,0,0.0,11,1172.0,2026470011,0.3,0.0
fig3_community_ve,1052.0,0.7000000000000001,0.3,0,0.0,12,1052.0,2026470012,0.3,0.0
fig3_community_ve,1208.0,0.7000000000000001,0.3,0,0.0,13,1208.0,2026470013,0.3,0.0
fig3_community_ve,865.9999999999999,0.7000000000000001,0.3,0,0.0,14,865.9999999999999,2026470014,0.3,0.0
fig3_community_ve,1353.0,0.7000000000000001,0.3,0,0.0,15,1353.0,2026470015,0.3,0.0
fig3_community_ve,1047.0,0.7000000000000001,0.3,0,0.0,16,1047.0,2026470016,0.3,0.0
fig3_community_ve,1027.0,0.7000000000000001,0.3,0,0.0,17,1027.0,2026470017,0.3,0.0
fig3_community_ve,687.0,0.7000000000000001,0.3,0,0.0,18,687.0,2026470018,0.3,0.0
fig3_community_ve,869.0,0.7000000000000001,0.3,0,0.0,19,869.0,2026470019,0.3,0.0
fig3_community_ve,1197.0,0.7000000000000001,0.3,0,0.0,20,1197.0,2026470020,0.3,0.0
fig3_community_ve,942.0,0.7000000000000001,0.3,0,0.0,21,942.0,2026470021,0.3,0.0
fig3_community_ve,1118.0,0.7000000000000001,0.3,0,0.0,22,1118.0,2026470022,0.3,0.0
fig3_community_ve,734.0,0.7000000000000001,0.3,0,0.0,23,734.0,2026470023,0.3,0.0
fig3_community_ve,1014.9999999999999,0.7000000000000001,0.3,0,0.0,24,1014.9999999999999,2026470024,0.3,0.0
fig3_community_ve,1565.0,0.7000000000000001,0.3,0,0.0,25,1565.0,2026470025,0.3,0.0
fig3_community_ve,1001.9999999999999,0.7000000000000001,0.3,0,0.0,26,1001.9999999999999,2026470026,0.3,0.0
fig3_community_ve,950.0,0.7000000000000001,0.3,0,0.0,27,950.0,2026470027,0.3,0.0
fig3_community_ve,1005.0,0.7000000000000001,0.3,0,0.0,28,1005.0,2026470028,0.3,0.0
fig3_community_ve,1069.0,0.7000000000000001,0.3,0,0.0,29,1069.0,2026470029,0.3,0.0
fig3_community_ve,916.9999999999999,0.7000000000000001,0.3,0,0.0,30,916.9999999999999,2026470030,0.3,0.0
fig3_community_ve,1286.0,0.7000000000000001,0.3,0,0.0,31,1286.0,2026470031,0.3,0.0
fig3_community_ve,1515.0,0.7000000000000001,0.3,0,0.0,32,1515.0,2026470032,0.3,0.0
fig3_community_ve,1199.0,0.7000000000000001,0.3,0,0.0,33,1199.0,2026470033,0.3,0.0
fig3_community_ve,1129.0,0.7000000000000001,0.3,0,0.0,34,1129.0,2026470034,0.3,0.0
fig3_community_ve,1451.0,0.7000000000000001,0.3,0,0.0,35,1451.0,2026470035,0.3,0.0
fig3_community_ve,702.0,0.7000000000000001,0.3,0,0.0,36,702.0,2026470036,0.3,0.0
fig3_community_ve,1523.0,0.7000000000000001,0.3,0,0.0,37,1523.0,2026470037,0.3,0.0
fig3_community_ve,1168.0,0.7000000000000001,0.3,0,0.0,38,1168.0,2026470038,0.3,0.0
fig3_community_ve,859.0,0.7000000000000001,0.3,0,0.0,39,859.0,2026470039,0.3,0.0
fig3_community_ve,997.0,0.7000000000000001,0.3,0,0.0,40,997.0,2026470040,0.3,0.0
fig3_community_ve,1098.0,0.7000000000000001,0.3,0,0.0,41,1098.0,2026470041,0.3,0.0
fig3_community_ve,1576.0,0.7000000000000001,0.3,0,0.0,42,1576.0,2026470042,0.3,0.0
fig3_community_ve,937.0,0.7000000000000001,0.3,0,0.0,43,937.0,2026470043,0.3,0.0
fig3_community_ve,1194.0,0.7000000000000001,0.3,0,0.0,44,1194.0,2026470044,0.3,0.0
fig3_community_ve,1549.0,0.7000000000000001,0.3,0,0.0,45,1549.0,2026470045,0.3,0.0
fig3_community_ve,1346.0,0.7000000000000001,0.3,0,0.0,46,1346.0,2026470046,0.3,0.0
fig3_community_ve,1140.0,0.7000000000000001,0.3,0,0.0,47,1140.0,2026470047,0.3,0.0
fig3_community_ve,1274.0,0.7000000000000001,0.3,0,0.0,48,1274.0,2026470048,0.3,0.0
fig3_community_ve,1205.0,0.7000000000000001,0.3,0,0.0,49,1205.0,2026470049,0.3,0.0
fig3_community_ve,973.0000000000001,0.7000000000000001,0.3,0,0.0,50,973.0000000000001,2026470050,0.3,0.0
fig3_community_ve,874.0,0.7000000000000001,0.3,0,0.0,51,874.0,2026470051,0.3,0.0
fig3_community_ve,1026.0,0.7000000000000001,0.3,0,0.0,52,1026.0,2026470052,0.3,0.0
fig3_community_ve,1211.0,0.7000000000000001,0.3,0,0.0,53,1211.0,2026470053,0.3,0.0
fig3_community_ve,1502.0,0.7000000000000001,0.3,0,0.0,54,1502.0,2026470054,0.3,0.0
fig3_community_ve,1315.0,0.7000000000000001,0.3,0,0.0,55,1315.0,2026470055,0.3,0.0
fig3_community_ve,1129.0,0.7000000000000001,0.3,0,0.0,56,1129.0,2026470056,0.3,0.0
fig3_community_ve,1329.0,0.7000000000000001,0.3,0,0.0,57,1329.0,2026470057,0.3,0.0
fig3_community_ve,1200.0,0.7000000000000001,0.3,0,0.0,58,1200.0,2026470058,0.3,0.0
fig3_community_ve,1242.0,0.7000000000000001,0.3,0,0.0,59,1242.0,2026470059,0.3,0.0
fig3_community_ve,1310.0,0.7000000000000001,0.3,0,0.0,60,1310.0,2026470060,0.3,0.0
fig3_community_ve,1144.0,0.7000000000000001,0.3,0,0.0,61,1144.0,2026470061,0.3,0.0
fig3_community_ve,872.0,0.7000000000000001,0.3,0,0.0,62,872.0,2026470062,0.3,0.0
fig3_community_ve,1407.0,0.7000000000000001,0.3,0,0.0,63,1407.0,2026470063,0.3,0.0
fig3_community_ve,778.0,0.7000000000000001,0.3,0,0.0,64,778.0,2026470064,0.3,0.0
fig3_community_ve,1044.0,0.7000000000000001,0.3,0,0.0,65,1044.0,2026470065,0.3,0.0
fig3_community_ve,1137.0,0.7000000000000001,0.3,0,0.0,66,1137.0,2026470066,0.3,0.0
fig3_community_ve,983.0,0.7000000000000001,0.3,0,0.0,67,983.0,2026470067,0.3,0.0
fig3_community_ve,987.0,0.7000000000000001,0.3,0,0.0,68,987.0,2026470068,0.3,0.0
fig3_community_ve,1296.0,0.7000000000000001,0.3,0,0.0,69,1296.0,2026470069,0.3,0.0
fig3_community_ve,1211.0,0.7000000000000001,0.3,0,0.0,70,1211.0,2026470070,0.3,0.0
fig3_community_ve,1176.0,0.7000000000000001,0.3,0,0.0,71,1176.0,2026470071,0.3,0.0
fig3_community_ve,1028.0,0.7000000000000001,0.3,0,0.0,72,1028.0,2026470072,0.3,0.0
fig3_community_ve,1096.0,0.7000000000000001,0.3,0,0.0,73,1096.0,2026470073,0.3,0.0
fig3_community_ve,890.0,0.7000000000000001,0.3,0,0.0,74,890.0,2026470074,0.3,0.0
fig3_community_ve,1072.0,0.7000000000000001,0.3,0,0.0,75,1072.0,2026470075,0.3,0.0
fig3_community_ve,1082.0,0.7000000000000001,0.3,0,0.0,76,1082.0,2026470076,0.3,0.0
fig3_community_ve,895.9999999999999,0.7000000000000001,0.3,0,0.0,77,895.9999999999999,2026470077,0.3,0.0
fig3_community_ve,1224.0,0.7000000000000001,0.3,0,0.0,78,1224.0,2026470078,0.3,0.0
fig3_community_ve,872.0,0.7000000000000001,0.3,0,0.0,79,872.0,2026470079,0.3,0.0
fig3_community_ve,1150.0,0.7000000000000001,0.3,0,0.0,80,1150.0,2026470080,0.3,0.0
fig3_community_ve,1096.0,0.7000000000000001,0.3,0,0.0,81,1096.0,2026470081,0.3,0.0
fig3_community_ve,1399.0,0.7000000000000001,0.3,0,0.0,82,1399.0,2026470082,0.3,0.0
fig3_community_ve,1010.9999999999999,0.7000000000000001,0.3,0,0.0,83,1010.9999999999999,2026470083,0.3,0.0
fig3_community_ve,1637.9999999999998,0.7000000000000001,0.3,0,0.0,84,1637.9999999999998,2026470084,0.3,0.0
fig3_community_ve,1350.0,0.7000000000000001,0.3,0,0.0,85,1350.0,2026470085,0.3,0.0
fig3_community_ve,1123.0,0.7000000000000001,0.3,0,0.0,86,1123.0,2026470086,0.3,0.0
fig3_community_ve,1022.0,0.7000000000000001,0.3,0,0.0,87,1022.0,2026470087,0.3,0.0
fig3_community_ve,700.0,0.7000000000000001,0.3,0,0.0,88,700.0,2026470088,0.3,0.0
fig3_community_ve,1238.0,0.7000000000000001,0.3,0,0.0,89,1238.0,2026470089,0.3,0.0
fig3_community_ve,816.0000000000001,0.7000000000000001,0.3,0,0.0,90,816.0000000000001,2026470090,0.3,0.0
fig3_community_ve,1125.0,0.7000000000000001,0.3,0,0.0,91,1125.0,2026470091,0.3,0.0
fig3_community_ve,1007.0000000000001,0.7000000000000001,0.3,0,0.0,92,1007.0000000000001,2026470092,0.3,0.0
fig3_community_ve,805.0,0.7000000000000001,0.3,0,0.0,93,805.0,2026470093,0.3,0.0
fig3_community_ve,1530.0,0.7000000000000001,0.3,0,0.0,94,1530.0,2026470094,0.3,0.0
fig3_community_ve,986.0000000000001,0.7000000000000001,0.3,0,0.0,95,986.0000000000001,2026470095,0.3,0.0
fig3_community_ve,940.0,0.7000000000000001,0.3,0,0.0,96,940.0,2026470096,0.3,0.0
fig3_community_ve,1396.0,0.7000000000000001,0.3,0,0.0,97,1396.0,2026470097,0.3,0.0
fig3_community_ve,1228.0,0.7000000000000001,0.3,0,0.0,98,1228.0,2026470098,0.3,0.0
fig3_community_ve,882.0,0.7000000000000001,0.3,0,0.0,99,882.0,2026470099,0.3,0.0
fig3_community_ve,1023.0,0.7000000000000001,0.3,0,57.67350928641251,0,432.99999999999994,2026471000,0.3,0.15
fig3_community_ve,1340.0,0.7000000000000001,0.3,0,48.134328358208954,1,695.0,2026471001,0.3,0.15
fig3_community_ve,1245.0,0.7000000000000001,0.3,0,48.19277108433735,2,645.0,2026471002,0.3,0.15
fig3_community_ve,1416.0,0.7000000000000001,0.3,0,56.7090395480226,3,613.0,2026471003,0.3,0.15
fig3_community_ve,1100.0,0.7000000000000001,0.3,0,48.63636363636363,4,565.0,2026471004,0.3,0.15
fig3_community_ve,882.0,0.7000000000000001,0.3,0,58.39002267573696,5,367.0,2026471005,0.3,0.15
fig3_community_ve,1001.9999999999999,0.7000000000000001,0.3,0,60.97804391217564,6,391.0,2026471006,0.3,0.15
fig3_community_ve,808.0,0.7000000000000001,0.3,0,55.94059405940594,7,356.0,2026471007,0.3,0.15
fig3_community_ve,1036.0,0.7000000000000001,0.3,0,64.38223938223938,8,369.0,2026471008,0.3,0.15
fig3_community_ve,952.0000000000001,0.7000000000000001,0.3,0,60.71428571428572,9,374.0,2026471009,0.3,0.15
fig3_community_ve,1210.0,0.7000000000000001,0.3,0,60.49586776859504,10,478.00000000000006,2026471010,0.3,0.15
fig3_community_ve,1115.0,0.7000000000000001,0.3,0,56.143497757847534,11,489.0,2026471011,0.3,0.15
fig3_community_ve,1364.0,0.7000000000000001,0.3,0,66.34897360703812,12,459.00000000000006,2026471012,0.3,0.15
fig3_community_ve,1252.0,0.7000000000000001,0.3,0,60.063897763578275,13,500.0,2026471013,0.3,0.15
fig3_community_ve,1264.0,0.7000000000000001,0.3,0,54.19303797468354,14,579.0,2026471014,0.3,0.15
fig3_community_ve,1166.0,0.7000000000000001,0.3,0,50.17152658662093,15,581.0,2026471015,0.3,0.15
fig3_community_ve,1307.0,0.7000000000000001,0.3,0,53.63427697016067,16,606.0,2026471016,0.3,0.15
fig3_community_ve,1175.0,0.7000000000000001,0.3,0,61.276595744680854,17,455.0,2026471017,0.3,0.15
fig3_community_ve,1170.0,0.7000000000000001,0.3,0,58.97435897435897,18,479.99999999999994,2026471018,0.3,0.15
fig3_community_ve,1375.0,0.7000000000000001,0.3,0,54.69090909090909,19,623.0,2026471019,0.3,0.15
fig3_community_ve,1383.0,0.7000000000000001,0.3,0,70.93275488069415,20,402.0,2026471020,0.3,0.15
fig3_community_ve,1059.0,0.7000000000000001,0.3,0,33.52219074598678,21,704.0,2026471021,0.3,0.15
fig3_community_ve,784.9999999999999,0.7000000000000001,0.3,0,51.337579617834386,22,382.0,2026471022,0.3,0.15
fig3_community_ve,1545.0,0.7000000000000001,0.3,0,67.96116504854369,23,495.00000000000006,2026471023,0.3,0.15
fig3_community_ve,1103.0,0.7000000000000001,0.3,0,53.67180417044424,24,511.0,2026471024,0.3,0.15
fig3_community_ve,1363.0,0.7000000000000001,0.3,0,59.9413059427733,25,546.0,2026471025,0.3,0.15
fig3_community_ve,1264.0,0.7000000000000001,0.3,0,51.186708860759495,26,617.0,2026471026,0.3,0.15
fig3_community_ve,874.0,0.7000000000000001,0.3,0,65.10297482837528,27,305.0,2026471027,0.3,0.15
fig3_community_ve,1133.0,0.7000000000000001,0.3,0,55.781112091791705,28,500.99999999999994,2026471028,0.3,0.15
fig3_community_ve,1101.0,0.7000000000000001,0.3,0,55.858310626702995,29,486.0,2026471029,0.3,0.15
fig3_community_ve,873.0,0.7000000000000001,0.3,0,49.14089347079037,30,444.00000000000006,2026471030,0.3,0.15
fig3_community_ve,1170.0,0.7000000000000001,0.3,0,53.41880341880342,31,545.0,2026471031,0.3,0.15
fig3_community_ve,1260.0,0.7000000000000001,0.3,0,50.714285714285715,32,621.0,2026471032,0.3,0.15
fig3_community_ve,1429.0,0.7000000000000001,0.3,0,65.15045486354094,33,498.0,2026471033,0.3,0.15
fig3_community_ve,1037.0,0.7000000000000001,0.3,0,50.72324011571842,34,511.0,2026471034,0.3,0.15
fig3_community_ve,893.0,0.7000000000000001,0.3,0,61.254199328107504,35,346.0,2026471035,0.3,0.15
fig3_community_ve,1039.0,0.7000000000000001,0.3,0,61.501443695861404,36,400.0,2026471036,0.3,0.15
fig3_community_ve,1487.0,0.7000000000000001,0.3,0,62.67652992602555,37,555.0,2026471037,0.3,0.15
fig3_community_ve,1329.0,0.7000000000000001,0.3,0,58.088788562829194,38,557.0,2026471038,0.3,0.15
fig3_community_ve,1462.0,0.7000000000000001,0.3,0,58.8235294117647,39,602.0,2026471039,0.3,0.15
fig3_community_ve,804.0,0.7000000000000001,0.3,0,61.940298507462686,40,306.0,2026471040,0.3,0.15
fig3_community_ve,1237.0,0.7000000000000001,0.3,0,57.80113177041229,41,522.0,2026471041,0.3,0.15
fig3_community_ve,1189.0,0.7000000000000001,0.3,0,59.62994112699748,42,479.99999999999994,2026471042,0.3,0.15
fig3_community_ve,990.0000000000001,0.7000000000000001,0.3,0,51.71717171717171,43,478.00000000000006,2026471043,0.3,0.15
fig3_community_ve,1036.0,0.7000000000000001,0.3,0,49.22779922779923,44,526.0,2026471044,0.3,0.15
fig3_community_ve,711.0,0.7000000000000001,0.3,0,63.43178621659634,45,260.0,2026471045,0.3,0.15
fig3_community_ve,894.0,0.7000000000000001,0.3,0,44.63087248322147,46,495.00000000000006,2026471046,0.3,0.15
fig3_community_ve,1240.0,0.7000000000000001,0.3,0,59.11290322580645,47,507.0,2026471047,0.3,0.15
fig3_community_ve,987.0,0.7000000000000001,0.3,0,60.081053698074975,48,394.0,2026471048,0.3,0.15
fig3_community_ve,1056.0,0.7000000000000001,0.3,0,50.378787878787875,49,524.0,2026471049,0.3,0.15
fig3_community_ve,1298.0,0.7000000000000001,0.3,0,57.164869029275806,50,556.0,2026471050,0.3,0.15
fig3_community_ve,912.9999999999999,0.7000000000000001,0.3,0,59.36473165388827,51,371.0,2026471051,0.3,0.15
fig3_community_ve,1309.0,0.7000000000000001,0.3,0,59.28189457601222,52,533.0,2026471052,0.3,0.15
fig3_community_ve,1429.0,0.7000000000000001,0.3,0,65.36039188243527,53,495.00000000000006,2026471053,0.3,0.15
fig3_community_ve,1131.0,0.7000000000000001,0.3,0,52.87356321839081,54,533.0,2026471054,0.3,0.15
fig3_community_ve,1031.0,0.7000000000000001,0.3,0,63.14258001939864,55,380.0,2026471055,0.3,0.15
fig3_community_ve,1326.0,0.7000000000000001,0.3,0,53.77073906485671,56,613.0,2026471056,0.3,0.15
fig3_community_ve,1044.0,0.7000000000000001,0.3,0,57.662835249042146,57,442.00000000000006,2026471057,0.3,0.15
fig3_community_ve,1063.0,0.7000000000000001,0.3,0,47.60112888052681,58,557.0,2026471058,0.3,0.15
fig3_community_ve,1207.0,0.7000000000000001,0.3,0,44.90472245236123,59,665.0,2026471059,0.3,0.15
fig3_community_ve,736.0,0.7000000000000001,0.3,0,39.94565217391303,60,442.00000000000006,2026471060,0.3,0.15
fig3_community_ve,1219.0,0.7000000000000001,0.3,0,57.58818703855619,61,517.0,2026471061,0.3,0.15
fig3_community_ve,871.0000000000001,0.7000000000000001,0.3,0,52.58323765786454,62,413.0,2026471062,0.3,0.15
fig3_community_ve,1146.0,0.7000000000000001,0.3,0,56.63176265270506,63,496.99999999999994,2026471063,0.3,0.15
fig3_community_ve,894.0,0.7000000000000001,0.3,0,51.34228187919464,64,434.99999999999994,2026471064,0.3,0.15
fig3_community_ve,1155.0,0.7000000000000001,0.3,0,59.74025974025974,65,464.99999999999994,2026471065,0.3,0.15
fig3_community_ve,1060.0,0.7000000000000001,0.3,0,38.867924528301884,66,648.0,2026471066,0.3,0.15
fig3_community_ve,1211.0,0.7000000000000001,0.3,0,55.0784475639967,67,544.0,2026471067,0.3,0.15
fig3_community_ve,1551.0,0.7000000000000001,0.3,0,60.154738878143135,68,618.0,2026471068,0.3,0.15
fig3_community_ve,840.0,0.7000000000000001,0.3,0,62.023809523809526,69,319.0,2026471069,0.3,0.15
fig3_community_ve,859.0,0.7000000000000001,0.3,0,49.82537834691502,70,430.99999999999994,2026471070,0.3,0.15
fig3_community_ve,1429.0,0.7000000000000001,0.3,0,59.20223932820154,71,583.0,2026471071,0.3,0.15
fig3_community_ve,1140.0,0.7000000000000001,0.3,0,61.14035087719298,72,443.0,2026471072,0.3,0.15
fig3_community_ve,1592.0,0.7000000000000001,0.3,0,56.21859296482412,73,697.0,2026471073,0.3,0.15
fig3_community_ve,1041.0,0.7000000000000001,0.3,0,56.003842459173875,74,458.0,2026471074,0.3,0.15
fig3_community_ve,897.0,0.7000000000000001,0.3,0,54.29208472686733,75,410.00000000000006,2026471075,0.3,0.15
fig3_community_ve,982.0000000000001,0.7000000000000001,0.3,0,53.054989816700605,76,461.00000000000006,2026471076,0.3,0.15
fig3_community_ve,1149.0,0.7000000000000001,0.3,0,63.70757180156658,77,417.0,2026471077,0.3,0.15
fig3_community_ve,1222.0,0.7000000000000001,0.3,0,49.34533551554828,78,619.0,2026471078,0.3,0.15
fig3_community_ve,1050.0,0.7000000000000001,0.3,0,46.476190476190474,79,562.0,2026471079,0.3,0.15
fig3_community_ve,912.9999999999999,0.7000000000000001,0.3,0,62.54107338444687,80,342.0,2026471080,0.3,0.15
fig3_community_ve,730.0,0.7000000000000001,0.3,0,41.0958904109589,81,430.0,2026471081,0.3,0.15
fig3_community_ve,1099.0,0.7000000000000001,0.3,0,51.137397634212924,82,537.0,2026471082,0.3,0.15
fig3_community_ve,1189.0,0.7000000000000001,0.3,0,60.050462573591254,83,475.0,2026471083,0.3,0.15
fig3_community_ve,873.0,0.7000000000000001,0.3,0,56.93012600229095,84,376.0,2026471084,0.3,0.15
fig3_community_ve,1008.0,0.7000000000000001,0.3,0,55.8531746031746,85,445.0,2026471085,0.3,0.15
fig3_community_ve,1166.0,0.7000000000000001,0.3,0,49.14236706689537,86,593.0,2026471086,0.3,0.15
fig3_community_ve,1269.0,0.7000000000000001,0.3,0,61.38691883372734,87,490.0,2026471087,0.3,0.15
fig3_community_ve,1024.0,0.7000000000000001,0.3,0,66.40625,88,344.0,2026471088,0.3,0.15
fig3_community_ve,1173.0,0.7000000000000001,0.3,0,65.30264279624893,89,407.0,2026471089,0.3,0.15
fig3_community_ve,1166.0,0.7000000000000001,0.3,0,49.39965694682676,90,590.0,2026471090,0.3,0.15
fig3_community_ve,1163.0,0.7000000000000001,0.3,0,53.740326741186585,91,538.0,2026471091,0.3,0.15
fig3_community_ve,1079.0,0.7000000000000001,0.3,0,61.3531047265987,92,417.0,2026471092,0.3,0.15
fig3_community_ve,959.0,0.7000000000000001,0.3,0,65.06777893639207,93,335.0,2026471093,0.3,0.15
fig3_community_ve,1279.0,0.7000000000000001,0.3,0,51.368256450351836,94,622.0,2026471094,0.3,0.15
fig3_community_ve,1032.0,0.7000000000000001,0.3,0,45.63953488372093,95,561.0,2026471095,0.3,0.15
fig3_community_ve,1033.0,0.7000000000000001,0.3,0,59.341723136495645,96,420.0,2026471096,0.3,0.15
fig3_community_ve,903.9999999999999,0.7000000000000001,0.3,0,43.58407079646017,97,510.00000000000006,2026471097,0.3,0.15
fig3_community_ve,908.0,0.7000000000000001,0.3,0,59.47136563876652,98,368.0,2026471098,0.3,0.15
fig3_community_ve,993.0,0.7000000000000001,0.3,0,58.408862034239675,99,413.0,2026471099,0.3,0.15
fig3_community_ve,1291.0,0.7000000000000001,0.3,0,89.00077459333849,0,142.0,2026473000,0.3,0.44999999999999996
fig3_community_ve,1474.0,0.7000000000000001,0.3,0,85.8887381275441,1,207.99999999999997,2026473001,0.3,0.44999999999999996
fig3_community_ve,1124.0,0.7000000000000001,0.3,0,87.27758007117438,2,143.0,2026473002,0.3,0.44999999999999996
fig3_community_ve,1073.0,0.7000000000000001,0.3,0,84.80894687791239,3,163.0,2026473003,0.3,0.44999999999999996
fig3_community_ve,1086.0,0.7000000000000001,0.3,0,87.75322283609576,4,133.0,2026473004,0.3,0.44999999999999996
fig3_community_ve,1077.0,0.7000000000000001,0.3,0,82.26555246053853,5,191.0,2026473005,0.3,0.44999999999999996
fig3_community_ve,1266.0,0.7000000000000001,0.3,0,85.86097946287519,6,179.0,2026473006,0.3,0.44999999999999996
fig3_community_ve,1632.0000000000002,0.7000000000000001,0.3,0,86.58088235294119,7,219.0,2026473007,0.3,0.44999999999999996
fig3_community_ve,1400.0,0.7000000000000001,0.3,0,85.57142857142857,8,202.0,2026473008,0.3,0.44999999999999996
fig3_community_ve,1386.0,0.7000000000000001,0.3,0,86.07503607503608,9,193.0,2026473009,0.3,0.44999999999999996
fig3_community_ve,646.0,0.7000000000000001,0.3,0,81.57894736842105,10,119.00000000000001,2026473010,0.3,0.44999999999999996
fig3_community_ve,946.9999999999999,0.7000000000000001,0.3,0,87.32840549102428,11,119.99999999999999,2026473011,0.3,0.44999999999999996
fig3_community_ve,783.0,0.7000000000000001,0.3,0,83.9080459770115,12,126.0,2026473012,0.3,0.44999999999999996
fig3_community_ve,1168.0,0.7000000000000001,0.3,0,84.50342465753425,13,181.0,2026473013,0.3,0.44999999999999996
fig3_community_ve,1306.0,0.7000000000000001,0.3,0,85.06891271056662,14,195.0,2026473014,0.3,0.44999999999999996
fig3_community_ve,1216.0,0.7000000000000001,0.3,0,85.19736842105263,15,180.0,2026473015,0.3,0.44999999999999996
fig3_community_ve,1158.0,0.7000000000000001,0.3,0,85.31951640759931,16,170.0,2026473016,0.3,0.44999999999999996
fig3_community_ve,1434.0,0.7000000000000001,0.3,0,86.82008368200837,17,189.0,2026473017,0.3,0.44999999999999996
fig3_community_ve,1095.0,0.7000000000000001,0.3,0,84.47488584474885,18,170.0,2026473018,0.3,0.44999999999999996
fig3_community_ve,1104.0,0.7000000000000001,0.3,0,82.51811594202898,19,193.0,2026473019,0.3,0.44999999999999996
fig3_community_ve,946.0,0.7000000000000001,0.3,0,80.33826638477801,20,186.0,2026473020,0.3,0.44999999999999996
fig3_community_ve,1122.0,0.7000000000000001,0.3,0,85.65062388591801,21,161.0,2026473021,0.3,0.44999999999999996
fig3_community_ve,997.9999999999999,0.7000000000000001,0.3,0,81.2625250501002,22,187.0,2026473022,0.3,0.44999999999999996
fig3_community_ve,1223.0,0.7000000000000001,0.3,0,85.6091578086672,23,176.0,2026473023,0.3,0.44999999999999996
fig3_community_ve,756.0,0.7000000000000001,0.3,0,82.80423280423281,24,130.0,2026473024,0.3,0.44999999999999996
fig3_community_ve,1392.0,0.7000000000000001,0.3,0,80.96264367816092,25,265.0,2026473025,0.3,0.44999999999999996
fig3_community_ve,1036.0,0.7000000000000001,0.3,0,88.8996138996139,26,115.0,2026473026,0.3,0.44999999999999996
fig3_community_ve,1170.0,0.7000000000000001,0.3,0,86.58119658119658,27,157.0,2026473027,0.3,0.44999999999999996
fig3_community_ve,1133.0,0.7000000000000001,0.3,0,83.40688437775816,28,188.0,2026473028,0.3,0.44999999999999996
fig3_community_ve,856.0,0.7000000000000001,0.3,0,82.35981308411215,29,151.0,2026473029,0.3,0.44999999999999996
fig3_community_ve,1205.0,0.7000000000000001,0.3,0,89.54356846473028,30,126.0,2026473030,0.3,0.44999999999999996
fig3_community_ve,1435.0,0.7000000000000001,0.3,0,84.52961672473867,31,222.00000000000003,2026473031,0.3,0.44999999999999996
fig3_community_ve,1392.0,0.7000000000000001,0.3,0,88.79310344827586,32,156.0,2026473032,0.3,0.44999999999999996
fig3_community_ve,680.0,0.7000000000000001,0.3,0,83.23529411764706,33,114.0,2026473033,0.3,0.44999999999999996
fig3_community_ve,1246.0,0.7000000000000001,0.3,0,84.91171749598716,34,188.0,2026473034,0.3,0.44999999999999996
fig3_community_ve,1032.0,0.7000000000000001,0.3,0,86.62790697674419,35,138.0,2026473035,0.3,0.44999999999999996
fig3_community_ve,969.0000000000001,0.7000000000000001,0.3,0,83.07533539731682,36,164.0,2026473036,0.3,0.44999999999999996
fig3_community_ve,1190.0,0.7000000000000001,0.3,0,84.03361344537815,37,190.0,2026473037,0.3,0.44999999999999996
fig3_community_ve,1421.0,0.7000000000000001,0.3,0,84.37719915552428,38,222.00000000000003,2026473038,0.3,0.44999999999999996
fig3_community_ve,1110.0,0.7000000000000001,0.3,0,80.72072072072072,39,214.0,2026473039,0.3,0.44999999999999996
fig3_community_ve,804.0,0.7000000000000001,0.3,0,85.69651741293532,40,115.0,2026473040,0.3,0.44999999999999996
fig3_community_ve,1097.0,0.7000000000000001,0.3,0,88.24065633546034,41,129.0,2026473041,0.3,0.44999999999999996
fig3_community_ve,942.0,0.7000000000000001,0.3,0,83.01486199575372,42,160.0,2026473042,0.3,0.44999999999999996
fig3_community_ve,1646.9999999999998,0.7000000000000001,0.3,0,85.73163327261688,43,235.0,2026473043,0.3,0.44999999999999996
fig3_community_ve,1140.0,0.7000000000000001,0.3,0,83.59649122807018,44,187.0,2026473044,0.3,0.44999999999999996
fig3_community_ve,1403.0,0.7000000000000001,0.3,0,81.46828225231647,45,260.0,2026473045,0.3,0.44999999999999996
fig3_community_ve,880.0,0.7000000000000001,0.3,0,77.72727272727273,46,196.0,2026473046,0.3,0.44999999999999996
fig3_community_ve,971.0,0.7000000000000001,0.3,0,83.41915550978374,47,161.0,2026473047,0.3,0.44999999999999996
fig3_community_ve,1223.0,0.7000000000000001,0.3,0,85.28209321340965,48,180.0,2026473048,0.3,0.44999999999999996
fig3_community_ve,1103.0,0.7000000000000001,0.3,0,90.66183136899366,49,103.00000000000001,2026473049,0.3,0.44999999999999996
fig3_community_ve,784.0,0.7000000000000001,0.3,0,85.20408163265306,50,116.0,2026473050,0.3,0.44999999999999996
fig3_community_ve,1146.0,0.7000000000000001,0.3,0,85.25305410122164,51,169.0,2026473051,0.3,0.44999999999999996
fig3_community_ve,1299.0,0.7000000000000001,0.3,0,82.60200153964588,52,225.99999999999997,2026473052,0.3,0.44999999999999996
fig3_community_ve,1028.0,0.7000000000000001,0.3,0,85.40856031128405,53,150.0,2026473053,0.3,0.44999999999999996
fig3_community_ve,1415.0,0.7000000000000001,0.3,0,82.6148409893993,54,246.0,2026473054,0.3,0.44999999999999996
fig3_community_ve,1368.0,0.7000000000000001,0.3,0,85.96491228070175,55,192.0,2026473055,0.3,0.44999999999999996
fig3_community_ve,1357.0,0.7000000000000001,0.3,0,82.90346352247605,56,232.0,2026473056,0.3,0.44999999999999996
fig3_community_ve,1102.0,0.7000000000000001,0.3,0,81.39745916515426,57,205.00000000000003,2026473057,0.3,0.44999999999999996
fig3_community_ve,634.0,0.7000000000000001,0.3,0,83.91167192429022,58,102.00000000000001,2026473058,0.3,0.44999999999999996
fig3_community_ve,980.9999999999999,0.7000000000000001,0.3,0,84.50560652395514,59,152.0,2026473059,0.3,0.44999999999999996
fig3_community_ve,1239.0,0.7000000000000001,0.3,0,85.71428571428571,60,177.0,2026473060,0.3,0.44999999999999996
fig3_community_ve,1051.0,0.7000000000000001,0.3,0,84.49096098953378,61,163.0,2026473061,0.3,0.44999999999999996
fig3_community_ve,982.0000000000001,0.7000000000000001,0.3,0,85.03054989816701,62,147.0,2026473062,0.3,0.44999999999999996
fig3_community_ve,1688.9999999999998,0.7000000000000001,0.3,0,85.43516873889875,63,246.0,2026473063,0.3,0.44999999999999996
fig3_community_ve,1200.0,0.7000000000000001,0.3,0,83.91666666666667,64,193.0,2026473064,0.3,0.44999999999999996
fig3_community_ve,976.0,0.7000000000000001,0.3,0,82.58196721311475,65,170.0,2026473065,0.3,0.44999999999999996
fig3_community_ve,1310.0,0.7000000000000001,0.3,0,84.73282442748092,66,200.0,2026473066,0.3,0.44999999999999996
fig3_community_ve,1338.0,0.7000000000000001,0.3,0,86.47234678624814,67,181.0,2026473067,0.3,0.44999999999999996
fig3_community_ve,1243.0,0.7000000000000001,0.3,0,88.33467417538213,68,145.0,2026473068,0.3,0.44999999999999996
fig3_community_ve,1033.0,0.7000000000000001,0.3,0,86.44724104549854,69,140.0,2026473069,0.3,0.44999999999999996
fig3_community_ve,1184.0,0.7000000000000001,0.3,0,85.38851351351352,70,173.0,2026473070,0.3,0.44999999999999996
fig3_community_ve,769.0,0.7000000000000001,0.3,0,83.74512353706112,71,125.0,2026473071,0.3,0.44999999999999996
fig3_community_ve,1211.0,0.7000000000000001,0.3,0,82.16350123864575,72,216.0,2026473072,0.3,0.44999999999999996
fig3_community_ve,1232.0,0.7000000000000001,0.3,0,88.23051948051948,73,145.0,2026473073,0.3,0.44999999999999996
fig3_community_ve,1243.0,0.7000000000000001,0.3,0,83.5076427996782,74,205.00000000000003,2026473074,0.3,0.44999999999999996
fig3_community_ve,1346.0,0.7000000000000001,0.3,0,83.72956909361069,75,219.0,2026473075,0.3,0.44999999999999996
fig3_community_ve,624.0,0.7000000000000001,0.3,0,87.17948717948718,76,80.0,2026473076,0.3,0.44999999999999996
fig3_community_ve,1361.0,0.7000000000000001,0.3,0,85.59882439382807,77,196.0,2026473077,0.3,0.44999999999999996
fig3_community_ve,1155.0,0.7000000000000001,0.3,0,87.27272727272727,78,147.0,2026473078,0.3,0.44999999999999996
fig3_community_ve,1457.0,0.7000000000000001,0.3,0,87.50857927247769,79,182.0,2026473079,0.3,0.44999999999999996
fig3_community_ve,999.0000000000001,0.7000000000000001,0.3,0,83.18318318318319,80,168.0,2026473080,0.3,0.44999999999999996
fig3_community_ve,1038.0,0.7000000000000001,0.3,0,84.39306358381504,81,162.0,2026473081,0.3,0.44999999999999996
fig3_community_ve,708.0,0.7000000000000001,0.3,0,79.66101694915254,82,144.0,2026473082,0.3,0.44999999999999996
fig3_community_ve,1464.0,0.7000000000000001,0.3,0,86.27049180327869,83,201.0,2026473083,0.3,0.44999999999999996
fig3_community_ve,901.0000000000001,0.7000000000000001,0.3,0,83.68479467258602,84,147.0,2026473084,0.3,0.44999999999999996
fig3_community_ve,1336.0,0.7000000000000001,0.3,0,85.70359281437126,85,191.0,2026473085,0.3,0.44999999999999996
fig3_community_ve,1447.0,0.7000000000000001,0.3,0,84.93434692467173,86,218.0,2026473086,0.3,0.44999999999999996
fig3_community_ve,1308.0,0.7000000000000001,0.3,0,85.09174311926606,87,195.0,2026473087,0.3,0.44999999999999996
fig3_community_ve,653.0,0.7000000000000001,0.3,0,82.54211332312404,88,114.0,2026473088,0.3,0.44999999999999996
fig3_community_ve,1514.0,0.7000000000000001,0.3,0,84.34610303830911,89,237.00000000000003,2026473089,0.3,0.44999999999999996
fig3_community_ve,1071.0,0.7000000000000001,0.3,0,81.04575163398692,90,203.0,2026473090,0.3,0.44999999999999996
fig3_community_ve,658.0,0.7000000000000001,0.3,0,82.21884498480243,91,117.0,2026473091,0.3,0.44999999999999996
fig3_community_ve,1062.0,0.7000000000000001,0.3,0,84.7457627118644,92,162.0,2026473092,0.3,0.44999999999999996
fig3_community_ve,978.0,0.7000000000000001,0.3,0,81.79959100204499,93,178.0,2026473093,0.3,0.44999999999999996
fig3_community_ve,876.0,0.7000000000000001,0.3,0,82.30593607305936,94,155.0,2026473094,0.3,0.44999999999999996
fig3_community_ve,810.0,0.7000000000000001,0.3,0,79.01234567901234,95,170.0,2026473095,0.3,0.44999999999999996
fig3_community_ve,1152.0,0.7000000000000001,0.3,0,82.98611111111111,96,196.0,2026473096,0.3,0.44999999999999996
fig3_community_ve,848.9999999999999,0.7000000000000001,0.3,0,82.68551236749116,97,147.0,2026473097,0.3,0.44999999999999996
fig3_community_ve,1255.0,0.7000000000000001,0.3,0,81.91235059760956,98,227.0,2026473098,0.3,0.44999999999999996
fig3_community_ve,1380.0,0.7000000000000001,0.3,0,86.44927536231884,99,187.0,2026473099,0.3,0.44999999999999996
fig3_community_ve,1042.0,0.7000000000000001,0.3,0,79.75047984644914,0,211.0,2026472000,0.3,0.3
fig3_community_ve,1226.0,0.7000000000000001,0.3,0,79.60848287112562,1,250.0,2026472001,0.3,0.3
fig3_community_ve,1092.0,0.7000000000000001,0.3,0,79.85347985347985,2,220.0,2026472002,0.3,0.3
fig3_community_ve,1140.0,0.7000000000000001,0.3,0,79.47368421052632,3,234.0,2026472003,0.3,0.3
fig3_community_ve,855.0,0.7000000000000001,0.3,0,71.57894736842105,4,243.0,2026472004,0.3,0.3
fig3_community_ve,807.0000000000001,0.7000000000000001,0.3,0,82.03221809169766,5,145.0,2026472005,0.3,0.3
fig3_community_ve,662.0,0.7000000000000001,0.3,0,65.25679758308156,6,230.0,2026472006,0.3,0.3
fig3_community_ve,1199.0,0.7000000000000001,0.3,0,74.31192660550458,7,308.0,2026472007,0.3,0.3
fig3_community_ve,1424.0,0.7000000000000001,0.3,0,79.98595505617978,8,285.0,2026472008,0.3,0.3
fig3_community_ve,1061.0,0.7000000000000001,0.3,0,77.09707822808672,9,243.0,2026472009,0.3,0.3
fig3_community_ve,1493.0,0.7000000000000001,0.3,0,82.38446081714669,10,263.0,2026472010,0.3,0.3
fig3_community_ve,974.0,0.7000000000000001,0.3,0,75.77002053388091,11,236.0,2026472011,0.3,0.3
fig3_community_ve,1135.0,0.7000000000000001,0.3,0,78.14977973568281,12,248.0,2026472012,0.3,0.3
fig3_community_ve,1032.0,0.7000000000000001,0.3,0,73.54651162790698,13,273.0,2026472013,0.3,0.3
fig3_community_ve,1200.0,0.7000000000000001,0.3,0,76.66666666666667,14,280.0,2026472014,0.3,0.3
fig3_community_ve,955.0,0.7000000000000001,0.3,0,81.78010471204189,15,174.0,2026472015,0.3,0.3
fig3_community_ve,923.0,0.7000000000000001,0.3,0,75.18959913326111,16,229.0,2026472016,0.3,0.3
fig3_community_ve,1096.0,0.7000000000000001,0.3,0,71.62408759124088,17,311.0,2026472017,0.3,0.3
fig3_community_ve,1098.0,0.7000000000000001,0.3,0,73.58834244080145,18,290.0,2026472018,0.3,0.3
fig3_community_ve,1333.0,0.7000000000000001,0.3,0,72.2430607651913,19,370.0,2026472019,0.3,0.3
fig3_community_ve,1194.0,0.7000000000000001,0.3,0,78.89447236180905,20,252.0,2026472020,0.3,0.3
fig3_community_ve,1413.0,0.7000000000000001,0.3,0,76.07926397735315,21,338.0,2026472021,0.3,0.3
fig3_community_ve,942.0,0.7000000000000001,0.3,0,73.2484076433121,22,252.0,2026472022,0.3,0.3
fig3_community_ve,1140.0,0.7000000000000001,0.3,0,78.7719298245614,23,241.99999999999997,2026472023,0.3,0.3
fig3_community_ve,1272.0,0.7000000000000001,0.3,0,77.27987421383648,24,289.0,2026472024,0.3,0.3
fig3_community_ve,1075.0,0.7000000000000001,0.3,0,77.30232558139535,25,244.0,2026472025,0.3,0.3
fig3_community_ve,1114.0,0.7000000000000001,0.3,0,76.48114901256733,26,262.0,2026472026,0.3,0.3
fig3_community_ve,1161.0,0.7000000000000001,0.3,0,77.08871662360035,27,266.0,2026472027,0.3,0.3
fig3_community_ve,1230.0,0.7000000000000001,0.3,0,78.130081300813,28,269.0,2026472028,0.3,0.3
fig3_community_ve,1181.0,0.7000000000000001,0.3,0,71.29551227773074,29,339.0,2026472029,0.3,0.3
fig3_community_ve,959.9999999999999,0.7000000000000001,0.3,0,72.70833333333333,30,262.0,2026472030,0.3,0.3
fig3_community_ve,1157.0,0.7000000000000001,0.3,0,78.3923941227312,31,250.0,2026472031,0.3,0.3
fig3_community_ve,1160.0,0.7000000000000001,0.3,0,79.05172413793103,32,243.0,2026472032,0.3,0.3
fig3_community_ve,1553.0,0.7000000000000001,0.3,0,78.81519639407598,33,329.0,2026472033,0.3,0.3
fig3_community_ve,1737.0,0.7000000000000001,0.3,0,85.72251007484168,34,248.0,2026472034,0.3,0.3
fig3_community_ve,1250.0,0.7000000000000001,0.3,0,73.28,35,334.0,2026472035,0.3,0.3
fig3_community_ve,642.0,0.7000000000000001,0.3,0,65.57632398753894,36,221.00000000000003,2026472036,0.3,0.3
fig3_community_ve,1162.0,0.7000000000000001,0.3,0,68.07228915662651,37,371.0,2026472037,0.3,0.3
fig3_community_ve,1098.0,0.7000000000000001,0.3,0,78.87067395264117,38,232.0,2026472038,0.3,0.3
fig3_community_ve,1025.0,0.7000000000000001,0.3,0,77.17073170731707,39,234.0,2026472039,0.3,0.3
fig3_community_ve,880.0,0.7000000000000001,0.3,0,77.72727272727273,40,196.0,2026472040,0.3,0.3
fig3_community_ve,1399.0,0.7000000000000001,0.3,0,80.55754110078628,41,272.0,2026472041,0.3,0.3
fig3_community_ve,818.9999999999999,0.7000000000000001,0.3,0,73.87057387057386,42,214.0,2026472042,0.3,0.3
fig3_community_ve,1062.0,0.7000000000000001,0.3,0,76.08286252354048,43,254.00000000000003,2026472043,0.3,0.3
fig3_community_ve,1536.0,0.7000000000000001,0.3,0,80.859375,44,294.0,2026472044,0.3,0.3
fig3_community_ve,1131.0,0.7000000000000001,0.3,0,78.51458885941645,45,243.0,2026472045,0.3,0.3
fig3_community_ve,525.0,0.7000000000000001,0.3,0,62.285714285714285,46,198.0,2026472046,0.3,0.3
fig3_community_ve,975.0,0.7000000000000001,0.3,0,81.84615384615384,47,177.0,2026472047,0.3,0.3
fig3_community_ve,773.0,0.7000000000000001,0.3,0,78.13712807244502,48,169.0,2026472048,0.3,0.3
fig3_community_ve,1169.0,0.7000000000000001,0.3,0,71.17194183062446,49,337.0,2026472049,0.3,0.3
fig3_community_ve,1070.0,0.7000000000000001,0.3,0,74.01869158878505,50,278.0,2026472050,0.3,0.3
fig3_community_ve,1517.0,0.7000000000000001,0.3,0,77.32366512854318,51,344.0,2026472051,0.3,0.3
fig3_community_ve,1373.0,0.7000000000000001,0.3,0,77.20320466132556,52,313.0,2026472052,0.3,0.3
fig3_community_ve,927.0,0.7000000000000001,0.3,0,75.29665587918015,53,229.0,2026472053,0.3,0.3
fig3_community_ve,1135.0,0.7000000000000001,0.3,0,75.24229074889868,54,281.0,2026472054,0.3,0.3
fig3_community_ve,1060.0,0.7000000000000001,0.3,0,70.66037735849056,55,311.0,2026472055,0.3,0.3
fig3_community_ve,980.9999999999999,0.7000000000000001,0.3,0,81.54943934760448,56,181.0,2026472056,0.3,0.3
fig3_community_ve,1147.0,0.7000000000000001,0.3,0,78.20401046207498,57,250.0,2026472057,0.3,0.3
fig3_community_ve,1207.0,0.7000000000000001,0.3,0,79.45318972659486,58,248.0,2026472058,0.3,0.3
fig3_community_ve,1220.0,0.7000000000000001,0.3,0,80.1639344262295,59,241.99999999999997,2026472059,0.3,0.3
fig3_community_ve,1680.9999999999998,0.7000000000000001,0.3,0,78.16775728732897,60,367.0,2026472060,0.3,0.3
fig3_community_ve,1269.0,0.7000000000000001,0.3,0,78.95981087470449,61,267.0,2026472061,0.3,0.3
fig3_community_ve,942.9999999999999,0.7000000000000001,0.3,0,78.89713679745492,62,199.0,2026472062,0.3,0.3
fig3_community_ve,1063.0,0.7000000000000001,0.3,0,78.45719661335842,63,229.0,2026472063,0.3,0.3
fig3_community_ve,1061.0,0.7000000000000001,0.3,0,80.86710650329877,64,203.0,2026472064,0.3,0.3
fig3_community_ve,793.0,0.7000000000000001,0.3,0,79.31904161412358,65,164.0,2026472065,0.3,0.3
fig3_community_ve,1117.0,0.7000000000000001,0.3,0,78.24529991047449,66,243.0,2026472066,0.3,0.3
fig3_community_ve,944.0,0.7000000000000001,0.3,0,68.75,67,295.0,2026472067,0.3,0.3
fig3_community_ve,1075.0,0.7000000000000001,0.3,0,78.79069767441861,68,228.0,2026472068,0.3,0.3
fig3_community_ve,915.0,0.7000000000000001,0.3,0,84.15300546448087,69,145.0,2026472069,0.3,0.3
fig3_community_ve,1316.0,0.7000000000000001,0.3,0,84.80243161094225,70,200.0,2026472070,0.3,0.3
fig3_community_ve,1271.0,0.7000000000000001,0.3,0,73.40676632572777,71,338.0,2026472071,0.3,0.3
fig3_community_ve,1164.0,0.7000000000000001,0.3,0,80.2405498281787,72,230.0,2026472072,0.3,0.3
fig3_community_ve,1388.0,0.7000000000000001,0.3,0,81.77233429394812,73,253.0,2026472073,0.3,0.3
fig3_community_ve,587.0,0.7000000000000001,0.3,0,69.84667802385009,74,177.0,2026472074,0.3,0.3
fig3_community_ve,1203.0,0.7000000000000001,0.3,0,81.29675810473816,75,224.99999999999997,2026472075,0.3,0.3
fig3_community_ve,1151.0,0.7000000000000001,0.3,0,79.4092093831451,76,237.00000000000003,2026472076,0.3,0.3
fig3_community_ve,987.0,0.7000000000000001,0.3,0,76.08915906788248,77,236.0,2026472077,0.3,0.3
fig3_community_ve,901.0000000000001,0.7000000000000001,0.3,0,71.03218645948947,78,261.0,2026472078,0.3,0.3
fig3_community_ve,1068.0,0.7000000000000001,0.3,0,80.33707865168539,79,210.0,2026472079,0.3,0.3
fig3_community_ve,1437.0,0.7000000000000001,0.3,0,82.39387613082812,80,253.0,2026472080,0.3,0.3
fig3_community_ve,1601.0,0.7000000000000001,0.3,0,83.13554028732042,81,270.0,2026472081,0.3,0.3
fig3_community_ve,1110.0,0.7000000000000001,0.3,0,76.30630630630631,82,263.0,2026472082,0.3,0.3
fig3_community_ve,1124.0,0.7000000000000001,0.3,0,75.88967971530249,83,271.0,2026472083,0.3,0.3
fig3_community_ve,851.0,0.7000000000000001,0.3,0,75.08813160987074,84,212.0,2026472084,0.3,0.3
fig3_community_ve,820.0000000000001,0.7000000000000001,0.3,0,74.87804878048782,85,206.00000000000003,2026472085,0.3,0.3
fig3_community_ve,1309.0,0.7000000000000001,0.3,0,79.67914438502673,86,266.0,2026472086,0.3,0.3
fig3_community_ve,1025.0,0.7000000000000001,0.3,0,78.4390243902439,87,221.00000000000003,2026472087,0.3,0.3
fig3_community_ve,1297.0,0.7000000000000001,0.3,0,69.93060909791828,88,390.0,2026472088,0.3,0.3
fig3_community_ve,1143.0,0.7000000000000001,0.3,0,77.34033245844269,89,259.0,2026472089,0.3,0.3
fig3_community_ve,975.0,0.7000000000000001,0.3,0,77.84615384615384,90,216.0,2026472090,0.3,0.3
fig3_community_ve,776.0,0.7000000000000001,0.3,0,69.0721649484536,91,239.99999999999997,2026472091,0.3,0.3
fig3_community_ve,1022.0,0.7000000000000001,0.3,0,80.03913894324853,92,204.00000000000003,2026472092,0.3,0.3
fig3_community_ve,1139.0,0.7000000000000001,0.3,0,73.57330992098332,93,301.0,2026472093,0.3,0.3
fig3_community_ve,1018.9999999999999,0.7000000000000001,0.3,0,71.9332679097154,94,286.0,2026472094,0.3,0.3
fig3_community_ve,1099.0,0.7000000000000001,0.3,0,72.1565059144677,95,306.0,2026472095,0.3,0.3
fig3_community_ve,1277.0,0.7000000000000001,0.3,0,77.68206734534064,96,285.0,2026472096,0.3,0.3
fig3_community_ve,1307.0,0.7000000000000001,0.3,0,80.18362662586075,97,259.0,2026472097,0.3,0.3
fig3_community_ve,1010.9999999999999,0.7000000000000001,0.3,0,76.4589515331355,98,238.00000000000003,2026472098,0.3,0.3
fig3_community_ve,1075.0,0.7000000000000001,0.3,0,74.51162790697674,99,274.0,2026472099,0.3,0.3
fig3_community_ve,940.0,0.7000000000000001,0.3,0,88.61702127659575,0,107.0,2026475000,0.3,0.75
fig3_community_ve,1091.0,0.7000000000000001,0.3,0,89.27589367552704,1,117.0,2026475001,0.3,0.75
fig3_community_ve,1616.0,0.7000000000000001,0.3,0,90.40841584158416,2,155.0,2026475002,0.3,0.75
fig3_community_ve,1178.0,0.7000000000000001,0.3,0,87.43633276740238,3,148.0,2026475003,0.3,0.75
fig3_community_ve,1022.0,0.7000000000000001,0.3,0,91.19373776908023,4,90.0,2026475004,0.3,0.75
fig3_community_ve,840.0,0.7000000000000001,0.3,0,85.0,5,126.0,2026475005,0.3,0.75
fig3_community_ve,986.0000000000001,0.7000000000000001,0.3,0,91.07505070993915,6,88.0,2026475006,0.3,0.75
fig3_community_ve,903.0,0.7000000000000001,0.3,0,88.26135105204872,7,106.0,2026475007,0.3,0.75
fig3_community_ve,996.0,0.7000000000000001,0.3,0,89.1566265060241,8,108.0,2026475008,0.3,0.75
fig3_community_ve,949.0,0.7000000000000001,0.3,0,90.51633298208641,9,90.0,2026475009,0.3,0.75
fig3_community_ve,1343.0,0.7000000000000001,0.3,0,89.35219657483246,10,143.0,2026475010,0.3,0.75
fig3_community_ve,1305.0,0.7000000000000001,0.3,0,88.81226053639847,11,146.0,2026475011,0.3,0.75
fig3_community_ve,1051.0,0.7000000000000001,0.3,0,90.19980970504281,12,103.00000000000001,2026475012,0.3,0.75
fig3_community_ve,1240.0,0.7000000000000001,0.3,0,90.16129032258064,13,122.0,2026475013,0.3,0.75
fig3_community_ve,1143.0,0.7000000000000001,0.3,0,91.0761154855643,14,102.00000000000001,2026475014,0.3,0.75
fig3_community_ve,1158.0,0.7000000000000001,0.3,0,90.84628670120898,15,106.0,2026475015,0.3,0.75
fig3_community_ve,860.0,0.7000000000000001,0.3,0,85.0,16,129.0,2026475016,0.3,0.75
fig3_community_ve,1325.0,0.7000000000000001,0.3,0,91.9245283018868,17,107.0,2026475017,0.3,0.75
fig3_community_ve,1685.0,0.7000000000000001,0.3,0,92.22551928783383,18,131.0,2026475018,0.3,0.75
fig3_community_ve,1305.0,0.7000000000000001,0.3,0,91.87739463601532,19,106.0,2026475019,0.3,0.75
fig3_community_ve,848.0,0.7000000000000001,0.3,0,89.03301886792453,20,93.0,2026475020,0.3,0.75
fig3_community_ve,647.0,0.7000000000000001,0.3,0,87.78979907264296,21,79.0,2026475021,0.3,0.75
fig3_community_ve,1018.9999999999999,0.7000000000000001,0.3,0,89.20510304219823,22,110.0,2026475022,0.3,0.75
fig3_community_ve,1338.0,0.7000000000000001,0.3,0,89.01345291479821,23,147.0,2026475023,0.3,0.75
fig3_community_ve,880.0,0.7000000000000001,0.3,0,89.6590909090909,24,91.0,2026475024,0.3,0.75
fig3_community_ve,1049.0,0.7000000000000001,0.3,0,92.65967588179218,25,77.0,2026475025,0.3,0.75
fig3_community_ve,1056.0,0.7000000000000001,0.3,0,91.76136363636364,26,87.0,2026475026,0.3,0.75
fig3_community_ve,1386.0,0.7000000000000001,0.3,0,92.92929292929293,27,98.0,2026475027,0.3,0.75
fig3_community_ve,1189.0,0.7000000000000001,0.3,0,91.33725820016821,28,103.00000000000001,2026475028,0.3,0.75
fig3_community_ve,1176.0,0.7000000000000001,0.3,0,88.77551020408163,29,132.0,2026475029,0.3,0.75
fig3_community_ve,976.9999999999999,0.7000000000000001,0.3,0,87.1033776867963,30,126.0,2026475030,0.3,0.75
fig3_community_ve,1150.0,0.7000000000000001,0.3,0,90.43478260869566,31,110.0,2026475031,0.3,0.75
fig3_community_ve,903.9999999999999,0.7000000000000001,0.3,0,87.16814159292035,32,116.0,2026475032,0.3,0.75
fig3_community_ve,1487.0,0.7000000000000001,0.3,0,90.31607262945528,33,144.0,2026475033,0.3,0.75
fig3_community_ve,941.0,0.7000000000000001,0.3,0,89.37300743889479,34,100.0,2026475034,0.3,0.75
fig3_community_ve,837.0000000000001,0.7000000000000001,0.3,0,88.05256869773,35,100.0,2026475035,0.3,0.75
fig3_community_ve,1253.0,0.7000000000000001,0.3,0,91.22106943335993,36,110.0,2026475036,0.3,0.75
fig3_community_ve,1000.0,0.7000000000000001,0.3,0,89.1,37,109.0,2026475037,0.3,0.75
fig3_community_ve,1302.0,0.7000000000000001,0.3,0,92.62672811059907,38,96.0,2026475038,0.3,0.75
fig3_community_ve,1164.0,0.7000000000000001,0.3,0,89.51890034364261,39,122.0,2026475039,0.3,0.75
fig3_community_ve,1419.0,0.7000000000000001,0.3,0,89.64059196617336,40,147.0,2026475040,0.3,0.75
fig3_community_ve,1224.0,0.7000000000000001,0.3,0,90.93137254901961,41,111.00000000000001,2026475041,0.3,0.75
fig3_community_ve,979.0,0.7000000000000001,0.3,0,89.78549540347294,42,100.0,2026475042,0.3,0.75
fig3_community_ve,1167.0,0.7000000000000001,0.3,0,89.8886032562125,43,118.0,2026475043,0.3,0.75
fig3_community_ve,891.0,0.7000000000000001,0.3,0,89.78675645342312,44,91.0,2026475044,0.3,0.75
fig3_community_ve,1108.0,0.7000000000000001,0.3,0,89.89169675090253,45,111.99999999999999,2026475045,0.3,0.75
fig3_community_ve,966.0,0.7000000000000001,0.3,0,88.92339544513457,46,107.0,2026475046,0.3,0.75
fig3_community_ve,1034.0,0.7000000000000001,0.3,0,92.84332688588007,47,74.0,2026475047,0.3,0.75
fig3_community_ve,1534.0,0.7000000000000001,0.3,0,91.26466753585397,48,134.0,2026475048,0.3,0.75
fig3_community_ve,1362.0,0.7000000000000001,0.3,0,90.16152716593245,49,134.0,2026475049,0.3,0.75
fig3_community_ve,950.9999999999999,0.7000000000000001,0.3,0,88.22292323869611,50,111.99999999999999,2026475050,0.3,0.75
fig3_community_ve,997.0,0.7000000000000001,0.3,0,86.55967903711134,51,134.0,2026475051,0.3,0.75
fig3_community_ve,1129.0,0.7000000000000001,0.3,0,90.96545615589017,52,102.00000000000001,2026475052,0.3,0.75
fig3_community_ve,813.0,0.7000000000000001,0.3,0,88.56088560885608,53,93.0,2026475053,0.3,0.75
fig3_community_ve,806.0,0.7000000000000001,0.3,0,88.58560794044665,54,92.0,2026475054,0.3,0.75
fig3_community_ve,833.0000000000001,0.7000000000000001,0.3,0,90.27611044417768,55,81.0,2026475055,0.3,0.75
fig3_community_ve,748.0,0.7000000000000001,0.3,0,88.50267379679144,56,86.0,2026475056,0.3,0.75
fig3_community_ve,1330.0,0.7000000000000001,0.3,0,91.8796992481203,57,108.0,2026475057,0.3,0.75
fig3_community_ve,1065.0,0.7000000000000001,0.3,0,86.94835680751174,58,139.0,2026475058,0.3,0.75
fig3_community_ve,965.0000000000001,0.7000000000000001,0.3,0,87.15025906735752,59,124.0,2026475059,0.3,0.75
fig3_community_ve,1518.0,0.7000000000000001,0.3,0,92.62187088274045,60,111.99999999999999,2026475060,0.3,0.75
fig3_community_ve,1147.0,0.7000000000000001,0.3,0,89.7122929380994,61,118.0,2026475061,0.3,0.75
fig3_community_ve,1121.0,0.7000000000000001,0.3,0,90.72256913470116,62,103.99999999999999,2026475062,0.3,0.75
fig3_community_ve,995.0,0.7000000000000001,0.3,0,89.14572864321607,63,108.0,2026475063,0.3,0.75
fig3_community_ve,1221.0,0.7000000000000001,0.3,0,89.84438984438984,64,124.0,2026475064,0.3,0.75
fig3_community_ve,933.9999999999999,0.7000000000000001,0.3,0,88.97216274089935,65,103.00000000000001,2026475065,0.3,0.75
fig3_community_ve,1212.0,0.7000000000000001,0.3,0,89.35643564356435,66,129.0,2026475066,0.3,0.75
fig3_community_ve,1120.0,0.7000000000000001,0.3,0,88.75,67,126.0,2026475067,0.3,0.75
fig3_community_ve,1160.0,0.7000000000000001,0.3,0,89.22413793103448,68,125.0,2026475068,0.3,0.75
fig3_community_ve,1243.0,0.7000000000000001,0.3,0,91.15044247787611,69,110.0,2026475069,0.3,0.75
fig3_community_ve,1450.0,0.7000000000000001,0.3,0,92.06896551724138,70,115.0,2026475070,0.3,0.75
fig3_community_ve,925.9999999999999,0.7000000000000001,0.3,0,88.12095032397407,71,110.0,2026475071,0.3,0.75
fig3_community_ve,848.0,0.7000000000000001,0.3,0,89.74056603773585,72,87.0,2026475072,0.3,0.75
fig3_community_ve,1284.0,0.7000000000000001,0.3,0,91.35514018691589,73,111.00000000000001,2026475073,0.3,0.75
fig3_community_ve,1651.0,0.7000000000000001,0.3,0,89.40036341611145,74,175.0,2026475074,0.3,0.75
fig3_community_ve,954.0,0.7000000000000001,0.3,0,88.78406708595388,75,107.0,2026475075,0.3,0.75
fig3_community_ve,1196.0,0.7000000000000001,0.3,0,91.47157190635451,76,102.00000000000001,2026475076,0.3,0.75
fig3_community_ve,982.0000000000001,0.7000000000000001,0.3,0,87.98370672097761,77,118.0,2026475077,0.3,0.75
fig3_community_ve,1337.0,0.7000000000000001,0.3,0,91.3238593866866,78,116.0,2026475078,0.3,0.75
fig3_community_ve,1517.0,0.7000000000000001,0.3,0,90.04614370468029,79,151.0,2026475079,0.3,0.75
fig3_community_ve,1271.0,0.7000000000000001,0.3,0,90.2439024390244,80,124.0,2026475080,0.3,0.75
fig3_community_ve,1586.0,0.7000000000000001,0.3,0,88.14627994955863,81,188.0,2026475081,0.3,0.75
fig3_community_ve,1147.0,0.7000000000000001,0.3,0,89.53792502179599,82,119.99999999999999,2026475082,0.3,0.75
fig3_community_ve,1073.0,0.7000000000000001,0.3,0,88.53681267474371,83,123.0,2026475083,0.3,0.75
fig3_community_ve,924.0,0.7000000000000001,0.3,0,87.33766233766234,84,117.0,2026475084,0.3,0.75
fig3_community_ve,1012.0,0.7000000000000001,0.3,0,89.72332015810277,85,103.99999999999999,2026475085,0.3,0.75
fig3_community_ve,1184.0,0.7000000000000001,0.3,0,93.15878378378379,86,81.0,2026475086,0.3,0.75
fig3_community_ve,1342.0,0.7000000000000001,0.3,0,90.08941877794337,87,133.0,2026475087,0.3,0.75
fig3_community_ve,1328.0,0.7000000000000001,0.3,0,89.4578313253012,88,140.0,2026475088,0.3,0.75
fig3_community_ve,1324.0,0.7000000000000001,0.3,0,91.54078549848943,89,111.99999999999999,2026475089,0.3,0.75
fig3_community_ve,969.0000000000001,0.7000000000000001,0.3,0,91.12487100103199,90,86.0,2026475090,0.3,0.75
fig3_community_ve,1214.0,0.7000000000000001,0.3,0,89.78583196046128,91,124.0,2026475091,0.3,0.75
fig3_community_ve,1267.0,0.7000000000000001,0.3,0,89.50276243093923,92,133.0,2026475092,0.3,0.75
fig3_community_ve,1097.0,0.7000000000000001,0.3,0,90.97538742023701,93,99.0,2026475093,0.3,0.75
fig3_community_ve,1320.0,0.7000000000000001,0.3,0,88.86363636363636,94,147.0,2026475094,0.3,0.75
fig3_community_ve,1430.0,0.7000000000000001,0.3,0,86.85314685314685,95,188.0,2026475095,0.3,0.75
fig3_community_ve,873.0,0.7000000000000001,0.3,0,90.60710194730814,96,82.0,2026475096,0.3,0.75
fig3_community_ve,1054.0,0.7000000000000001,0.3,0,90.89184060721063,97,96.0,2026475097,0.3,0.75
fig3_community_ve,1536.0,0.7000000000000001,0.3,0,91.14583333333333,98,136.0,2026475098,0.3,0.75
fig3_community_ve,1098.0,0.7000000000000001,0.3,0,91.53005464480874,99,93.0,2026475099,0.3,0.75
fig3_community_ve,1000.0,0.7000000000000001,0.3,0,88.0,0,119.99999999999999,2026474000,0.3,0.6
fig3_community_ve,1059.0,0.7000000000000001,0.3,0,87.4409820585458,1,133.0,2026474001,0.3,0.6
fig3_community_ve,1306.0,0.7000000000000001,0.3,0,88.3614088820827,2,152.0,2026474002,0.3,0.6
fig3_community_ve,1247.0,0.7000000000000001,0.3,0,90.13632718524458,3,123.0,2026474003,0.3,0.6
fig3_community_ve,1192.0,0.7000000000000001,0.3,0,90.77181208053692,4,110.0,2026474004,0.3,0.6
fig3_community_ve,1284.0,0.7000000000000001,0.3,0,88.55140186915888,5,147.0,2026474005,0.3,0.6
fig3_community_ve,1329.0,0.7000000000000001,0.3,0,88.48758465011286,6,153.0,2026474006,0.3,0.6
fig3_community_ve,1469.0,0.7000000000000001,0.3,0,91.35466303607896,7,127.00000000000001,2026474007,0.3,0.6
fig3_community_ve,1216.0,0.7000000000000001,0.3,0,87.91118421052632,8,147.0,2026474008,0.3,0.6
fig3_community_ve,1024.0,0.7000000000000001,0.3,0,88.28125,9,119.99999999999999,2026474009,0.3,0.6
fig3_community_ve,1514.0,0.7000000000000001,0.3,0,89.49801849405549,10,159.0,2026474010,0.3,0.6
fig3_community_ve,708.0,0.7000000000000001,0.3,0,82.62711864406779,11,123.0,2026474011,0.3,0.6
fig3_community_ve,1196.0,0.7000000000000001,0.3,0,87.04013377926421,12,155.0,2026474012,0.3,0.6
fig3_community_ve,1061.0,0.7000000000000001,0.3,0,85.10838831291235,13,158.0,2026474013,0.3,0.6
fig3_community_ve,1796.0,0.7000000000000001,0.3,0,90.42316258351893,14,172.0,2026474014,0.3,0.6
fig3_community_ve,1158.0,0.7000000000000001,0.3,0,88.60103626943005,15,132.0,2026474015,0.3,0.6
fig3_community_ve,878.9999999999999,0.7000000000000001,0.3,0,85.21046643913537,16,130.0,2026474016,0.3,0.6
fig3_community_ve,1426.0,0.7000000000000001,0.3,0,89.20056100981768,17,154.0,2026474017,0.3,0.6
fig3_community_ve,1041.0,0.7000000000000001,0.3,0,89.14505283381364,18,112.99999999999999,2026474018,0.3,0.6
fig3_community_ve,1319.0,0.7000000000000001,0.3,0,91.12964366944655,19,117.0,2026474019,0.3,0.6
fig3_community_ve,1202.0,0.7000000000000001,0.3,0,88.9351081530782,20,133.0,2026474020,0.3,0.6
fig3_community_ve,1075.0,0.7000000000000001,0.3,0,90.23255813953489,21,105.0,2026474021,0.3,0.6
fig3_community_ve,916.9999999999999,0.7000000000000001,0.3,0,83.6423118865867,22,150.0,2026474022,0.3,0.6
fig3_community_ve,1182.0,0.7000000000000001,0.3,0,86.63282571912013,23,158.0,2026474023,0.3,0.6
fig3_community_ve,675.0,0.7000000000000001,0.3,0,88.29629629629629,24,79.0,2026474024,0.3,0.6
fig3_community_ve,1073.0,0.7000000000000001,0.3,0,84.80894687791239,25,163.0,2026474025,0.3,0.6
fig3_community_ve,1650.0,0.7000000000000001,0.3,0,90.06060606060606,26,164.0,2026474026,0.3,0.6
fig3_community_ve,946.0,0.7000000000000001,0.3,0,85.62367864693447,27,136.0,2026474027,0.3,0.6
fig3_community_ve,1279.0,0.7000000000000001,0.3,0,87.56841282251759,28,159.0,2026474028,0.3,0.6
fig3_community_ve,1092.0,0.7000000000000001,0.3,0,88.64468864468864,29,124.0,2026474029,0.3,0.6
fig3_community_ve,1438.0,0.7000000000000001,0.3,0,88.03894297635605,30,172.0,2026474030,0.3,0.6
fig3_community_ve,978.0,0.7000000000000001,0.3,0,85.48057259713701,31,142.0,2026474031,0.3,0.6
fig3_community_ve,1197.0,0.7000000000000001,0.3,0,90.14202172096908,32,118.0,2026474032,0.3,0.6
fig3_community_ve,1368.0,0.7000000000000001,0.3,0,87.42690058479532,33,172.0,2026474033,0.3,0.6
fig3_community_ve,1358.0,0.7000000000000001,0.3,0,89.3961708394698,34,144.0,2026474034,0.3,0.6
fig3_community_ve,1122.0,0.7000000000000001,0.3,0,85.91800356506239,35,158.0,2026474035,0.3,0.6
fig3_community_ve,1214.0,0.7000000000000001,0.3,0,89.53871499176277,36,127.00000000000001,2026474036,0.3,0.6
fig3_community_ve,1166.0,0.7000000000000001,0.3,0,89.5368782161235,37,122.0,2026474037,0.3,0.6
fig3_community_ve,1008.0,0.7000000000000001,0.3,0,89.28571428571429,38,108.0,2026474038,0.3,0.6
fig3_community_ve,1058.0,0.7000000000000001,0.3,0,89.5085066162571,39,111.00000000000001,2026474039,0.3,0.6
fig3_community_ve,1093.0,0.7000000000000001,0.3,0,84.44647758462946,40,170.0,2026474040,0.3,0.6
fig3_community_ve,1652.0,0.7000000000000001,0.3,0,88.43825665859565,41,191.0,2026474041,0.3,0.6
fig3_community_ve,1484.0,0.7000000000000001,0.3,0,89.35309973045823,42,158.0,2026474042,0.3,0.6
fig3_community_ve,1154.0,0.7000000000000001,0.3,0,88.56152512998267,43,132.0,2026474043,0.3,0.6
fig3_community_ve,1112.0,0.7000000000000001,0.3,0,86.51079136690647,44,150.0,2026474044,0.3,0.6
fig3_community_ve,898.0,0.7000000000000001,0.3,0,83.51893095768374,45,148.0,2026474045,0.3,0.6
fig3_community_ve,1284.0,0.7000000000000001,0.3,0,90.42056074766356,46,123.0,2026474046,0.3,0.6
fig3_community_ve,1120.0,0.7000000000000001,0.3,0,88.03571428571429,47,134.0,2026474047,0.3,0.6
fig3_community_ve,1030.0,0.7000000000000001,0.3,0,87.57281553398059,48,128.0,2026474048,0.3,0.6
fig3_community_ve,827.0,0.7000000000000001,0.3,0,85.36880290205562,49,120.99999999999999,2026474049,0.3,0.6
fig3_community_ve,1435.0,0.7000000000000001,0.3,0,88.22299651567944,50,169.0,2026474050,0.3,0.6
fig3_community_ve,932.0,0.7000000000000001,0.3,0,86.37339055793991,51,127.00000000000001,2026474051,0.3,0.6
fig3_community_ve,1154.0,0.7000000000000001,0.3,0,87.52166377816292,52,144.0,2026474052,0.3,0.6
fig3_community_ve,790.0000000000001,0.7000000000000001,0.3,0,89.11392405063292,53,86.0,2026474053,0.3,0.6
fig3_community_ve,739.0,0.7000000000000001,0.3,0,85.79161028416779,54,105.0,2026474054,0.3,0.6
fig3_community_ve,1299.0,0.7000000000000001,0.3,0,89.2994611239415,55,139.0,2026474055,0.3,0.6
fig3_community_ve,1084.0,0.7000000000000001,0.3,0,87.08487084870849,56,140.0,2026474056,0.3,0.6
fig3_community_ve,1204.0,0.7000000000000001,0.3,0,88.2890365448505,57,141.0,2026474057,0.3,0.6
fig3_community_ve,1073.0,0.7000000000000001,0.3,0,86.20689655172414,58,148.0,2026474058,0.3,0.6
fig3_community_ve,793.0,0.7000000000000001,0.3,0,87.89407313997478,59,96.0,2026474059,0.3,0.6
fig3_community_ve,941.0,0.7000000000000001,0.3,0,89.37300743889479,60,100.0,2026474060,0.3,0.6
fig3_community_ve,860.0,0.7000000000000001,0.3,0,83.02325581395348,61,146.0,2026474061,0.3,0.6
fig3_community_ve,1086.0,0.7000000000000001,0.3,0,85.72744014732965,62,155.0,2026474062,0.3,0.6
fig3_community_ve,1112.0,0.7000000000000001,0.3,0,84.8021582733813,63,169.0,2026474063,0.3,0.6
fig3_community_ve,1089.0,0.7000000000000001,0.3,0,89.71533516988062,64,111.99999999999999,2026474064,0.3,0.6
fig3_community_ve,1065.0,0.7000000000000001,0.3,0,91.83098591549296,65,87.0,2026474065,0.3,0.6
fig3_community_ve,1297.0,0.7000000000000001,0.3,0,88.7432536622976,66,146.0,2026474066,0.3,0.6
fig3_community_ve,1004.0,0.7000000000000001,0.3,0,89.64143426294821,67,103.99999999999999,2026474067,0.3,0.6
fig3_community_ve,1183.0,0.7000000000000001,0.3,0,90.95519864750634,68,107.0,2026474068,0.3,0.6
fig3_community_ve,1233.0,0.7000000000000001,0.3,0,88.40227088402271,69,143.0,2026474069,0.3,0.6
fig3_community_ve,1432.0,0.7000000000000001,0.3,0,87.43016759776536,70,180.0,2026474070,0.3,0.6
fig3_community_ve,1164.0,0.7000000000000001,0.3,0,89.08934707903781,71,127.00000000000001,2026474071,0.3,0.6
fig3_community_ve,1062.0,0.7000000000000001,0.3,0,86.81732580037665,72,140.0,2026474072,0.3,0.6
fig3_community_ve,1359.0,0.7000000000000001,0.3,0,86.90213392200147,73,178.0,2026474073,0.3,0.6
fig3_community_ve,1042.0,0.7000000000000001,0.3,0,87.52399232245682,74,130.0,2026474074,0.3,0.6
fig3_community_ve,1198.0,0.7000000000000001,0.3,0,86.72787979966611,75,159.0,2026474075,0.3,0.6
fig3_community_ve,952.0000000000001,0.7000000000000001,0.3,0,88.65546218487395,76,108.0,2026474076,0.3,0.6
fig3_community_ve,971.0,0.7000000000000001,0.3,0,88.25952626158599,77,114.0,2026474077,0.3,0.6
fig3_community_ve,1289.0,0.7000000000000001,0.3,0,86.966640806827,78,168.0,2026474078,0.3,0.6
fig3_community_ve,1097.0,0.7000000000000001,0.3,0,85.41476754785779,79,160.0,2026474079,0.3,0.6
fig3_community_ve,1012.0,0.7000000000000001,0.3,0,86.56126482213439,80,136.0,2026474080,0.3,0.6
fig3_community_ve,741.0,0.7000000000000001,0.3,0,85.82995951417004,81,105.0,2026474081,0.3,0.6
fig3_community_ve,983.0,0.7000000000000001,0.3,0,86.97863682604273,82,128.0,2026474082,0.3,0.6
fig3_community_ve,1079.0,0.7000000000000001,0.3,0,88.22984244670991,83,127.00000000000001,2026474083,0.3,0.6
fig3_community_ve,1034.0,0.7000000000000001,0.3,0,89.36170212765957,84,110.0,2026474084,0.3,0.6
fig3_community_ve,928.0,0.7000000000000001,0.3,0,88.6853448275862,85,105.0,2026474085,0.3,0.6
fig3_community_ve,1113.0,0.7000000000000001,0.3,0,88.31985624438455,86,130.0,2026474086,0.3,0.6
fig3_community_ve,880.0,0.7000000000000001,0.3,0,86.5909090909091,87,118.0,2026474087,0.3,0.6
fig3_community_ve,861.9999999999999,0.7000000000000001,0.3,0,90.13921113689095,88,85.0,2026474088,0.3,0.6
fig3_community_ve,1124.0,0.7000000000000001,0.3,0,89.6797153024911,89,116.0,2026474089,0.3,0.6
fig3_community_ve,1151.0,0.7000000000000001,0.3,0,83.9270199826238,90,185.0,2026474090,0.3,0.6
fig3_community_ve,972.0,0.7000000000000001,0.3,0,87.13991769547324,91,125.0,2026474091,0.3,0.6
fig3_community_ve,1313.0,0.7000000000000001,0.3,0,86.51942117288652,92,177.0,2026474092,0.3,0.6
fig3_community_ve,1308.0,0.7000000000000001,0.3,0,88.91437308868501,93,145.0,2026474093,0.3,0.6
fig3_community_ve,742.0,0.7000000000000001,0.3,0,87.87061994609165,94,90.0,2026474094,0.3,0.6
fig3_community_ve,1000.0,0.7000000000000001,0.3,0,88.3,95,117.0,2026474095,0.3,0.6
fig3_community_ve,1257.0,0.7000000000000001,0.3,0,87.82816229116945,96,153.0,2026474096,0.3,0.6
fig3_community_ve,1107.0,0.7000000000000001,0.3,0,88.70822041553748,97,125.0,2026474097,0.3,0.6
fig3_community_ve,1101.0,0.7000000000000001,0.3,0,86.92098092643052,98,144.0,2026474098,0.3,0.6
fig3_community_ve,1146.0,0.7000000000000001,0.3,0,85.86387434554973,99,162.0,2026474099,0.3,0.6
fig3_community_ve,1323.0,0.7000000000000001,0.3,0,91.83673469387755,0,108.0,2026476000,0.3,0.9
fig3_community_ve,1393.0,0.7000000000000001,0.3,0,89.80617372577171,1,142.0,2026476001,0.3,0.9
fig3_community_ve,1100.0,0.7000000000000001,0.3,0,90.0,2,110.0,2026476002,0.3,0.9
fig3_community_ve,959.9999999999999,0.7000000000000001,0.3,0,88.95833333333333,3,106.0,2026476003,0.3,0.9
fig3_community_ve,1559.0,0.7000000000000001,0.3,0,93.2649134060295,4,105.0,2026476004,0.3,0.9
fig3_community_ve,1378.0,0.7000000000000001,0.3,0,90.34833091436865,5,133.0,2026476005,0.3,0.9
fig3_community_ve,1177.0,0.7000000000000001,0.3,0,92.77824978759558,6,85.0,2026476006,0.3,0.9
fig3_community_ve,1072.0,0.7000000000000001,0.3,0,91.51119402985074,7,91.0,2026476007,0.3,0.9
fig3_community_ve,1184.0,0.7000000000000001,0.3,0,93.75,8,74.0,2026476008,0.3,0.9
fig3_community_ve,817.0,0.7000000000000001,0.3,0,89.84088127294982,9,83.0,2026476009,0.3,0.9
fig3_community_ve,1551.0,0.7000000000000001,0.3,0,93.16569954867828,10,106.0,2026476010,0.3,0.9
fig3_community_ve,1123.0,0.7000000000000001,0.3,0,90.29385574354407,11,109.0,2026476011,0.3,0.9
fig3_community_ve,844.9999999999999,0.7000000000000001,0.3,0,86.39053254437869,12,115.0,2026476012,0.3,0.9
fig3_community_ve,1331.0,0.7000000000000001,0.3,0,91.58527422990232,13,111.99999999999999,2026476013,0.3,0.9
fig3_community_ve,1111.0,0.7000000000000001,0.3,0,93.33933393339333,14,74.0,2026476014,0.3,0.9
fig3_community_ve,834.0,0.7000000000000001,0.3,0,91.24700239808153,15,73.0,2026476015,0.3,0.9
fig3_community_ve,1105.0,0.7000000000000001,0.3,0,89.86425339366515,16,111.99999999999999,2026476016,0.3,0.9
fig3_community_ve,1560.0,0.7000000000000001,0.3,0,91.7948717948718,17,128.0,2026476017,0.3,0.9
fig3_community_ve,923.0,0.7000000000000001,0.3,0,89.81581798483207,18,94.0,2026476018,0.3,0.9
fig3_community_ve,1367.0,0.7000000000000001,0.3,0,90.27066569129481,19,133.0,2026476019,0.3,0.9
fig3_community_ve,702.0,0.7000000000000001,0.3,0,90.17094017094017,20,69.0,2026476020,0.3,0.9
fig3_community_ve,865.0,0.7000000000000001,0.3,0,89.94219653179191,21,87.0,2026476021,0.3,0.9
fig3_community_ve,2023.0000000000002,0.7000000000000001,0.3,0,92.73356401384083,22,147.0,2026476022,0.3,0.9
fig3_community_ve,1128.0,0.7000000000000001,0.3,0,90.42553191489361,23,108.0,2026476023,0.3,0.9
fig3_community_ve,891.0,0.7000000000000001,0.3,0,89.45005611672278,24,94.0,2026476024,0.3,0.9
fig3_community_ve,1039.0,0.7000000000000001,0.3,0,93.55149181905678,25,67.0,2026476025,0.3,0.9
fig3_community_ve,1230.0,0.7000000000000001,0.3,0,90.16260162601625,26,120.99999999999999,2026476026,0.3,0.9
fig3_community_ve,932.0,0.7000000000000001,0.3,0,90.23605150214593,27,91.0,2026476027,0.3,0.9
fig3_community_ve,1131.0,0.7000000000000001,0.3,0,91.95402298850574,28,91.0,2026476028,0.3,0.9
fig3_community_ve,1235.0,0.7000000000000001,0.3,0,88.34008097165992,29,144.0,2026476029,0.3,0.9
fig3_community_ve,1239.0,0.7000000000000001,0.3,0,92.65536723163842,30,91.0,2026476030,0.3,0.9
fig3_community_ve,1255.0,0.7000000000000001,0.3,0,91.15537848605578,31,111.00000000000001,2026476031,0.3,0.9
fig3_community_ve,754.0,0.7000000000000001,0.3,0,89.52254641909815,32,79.0,2026476032,0.3,0.9
fig3_community_ve,1560.0,0.7000000000000001,0.3,0,91.92307692307692,33,126.0,2026476033,0.3,0.9
fig3_community_ve,818.9999999999999,0.7000000000000001,0.3,0,89.25518925518925,34,88.0,2026476034,0.3,0.9
fig3_community_ve,783.0,0.7000000000000001,0.3,0,86.84546615581098,35,103.00000000000001,2026476035,0.3,0.9
fig3_community_ve,1194.0,0.7000000000000001,0.3,0,89.19597989949749,36,129.0,2026476036,0.3,0.9
fig3_community_ve,1352.0,0.7000000000000001,0.3,0,89.05325443786982,37,148.0,2026476037,0.3,0.9
fig3_community_ve,679.0,0.7000000000000001,0.3,0,88.36524300441826,38,79.0,2026476038,0.3,0.9
fig3_community_ve,1145.0,0.7000000000000001,0.3,0,89.08296943231441,39,125.0,2026476039,0.3,0.9
fig3_community_ve,1067.0,0.7000000000000001,0.3,0,91.37769447047798,40,92.0,2026476040,0.3,0.9
fig3_community_ve,957.0,0.7000000000000001,0.3,0,88.81922675026124,41,107.0,2026476041,0.3,0.9
fig3_community_ve,1233.0,0.7000000000000001,0.3,0,88.32116788321167,42,144.0,2026476042,0.3,0.9
fig3_community_ve,851.0,0.7000000000000001,0.3,0,88.71915393654524,43,96.0,2026476043,0.3,0.9
fig3_community_ve,1238.0,0.7000000000000001,0.3,0,90.63004846526655,44,116.0,2026476044,0.3,0.9
fig3_community_ve,1156.0,0.7000000000000001,0.3,0,89.7923875432526,45,118.0,2026476045,0.3,0.9
fig3_community_ve,1153.0,0.7000000000000001,0.3,0,89.07198612315698,46,126.0,2026476046,0.3,0.9
fig3_community_ve,784.9999999999999,0.7000000000000001,0.3,0,89.29936305732484,47,84.0,2026476047,0.3,0.9
fig3_community_ve,1228.0,0.7000000000000001,0.3,0,93.56677524429968,48,79.0,2026476048,0.3,0.9
fig3_community_ve,963.9999999999999,0.7000000000000001,0.3,0,89.00414937759335,49,106.0,2026476049,0.3,0.9
fig3_community_ve,1441.0,0.7000000000000001,0.3,0,90.42331714087439,50,138.0,2026476050,0.3,0.9
fig3_community_ve,1188.0,0.7000000000000001,0.3,0,90.57239057239057,51,111.99999999999999,2026476051,0.3,0.9
fig3_community_ve,993.9999999999999,0.7000000000000001,0.3,0,88.53118712273641,52,114.0,2026476052,0.3,0.9
fig3_community_ve,1324.0,0.7000000000000001,0.3,0,91.54078549848943,53,111.99999999999999,2026476053,0.3,0.9
fig3_community_ve,1364.0,0.7000000000000001,0.3,0,91.34897360703812,54,118.0,2026476054,0.3,0.9
fig3_community_ve,1148.0,0.7000000000000001,0.3,0,90.85365853658537,55,105.0,2026476055,0.3,0.9
fig3_community_ve,1298.0,0.7000000000000001,0.3,0,90.83204930662558,56,119.00000000000001,2026476056,0.3,0.9
fig3_community_ve,1220.0,0.7000000000000001,0.3,0,88.85245901639344,57,136.0,2026476057,0.3,0.9
fig3_community_ve,1198.0,0.7000000000000001,0.3,0,91.23539232053422,58,105.0,2026476058,0.3,0.9
fig3_community_ve,1041.0,0.7000000000000001,0.3,0,92.31508165225745,59,80.0,2026476059,0.3,0.9
fig3_community_ve,1121.0,0.7000000000000001,0.3,0,92.86351471900089,60,80.0,2026476060,0.3,0.9
fig3_community_ve,1130.0,0.7000000000000001,0.3,0,91.94690265486726,61,91.0,2026476061,0.3,0.9
fig3_community_ve,928.0,0.7000000000000001,0.3,0,88.25431034482759,62,109.0,2026476062,0.3,0.9
fig3_community_ve,805.0,0.7000000000000001,0.3,0,89.3167701863354,63,86.0,2026476063,0.3,0.9
fig3_community_ve,827.0,0.7000000000000001,0.3,0,86.69891172914147,64,110.0,2026476064,0.3,0.9
fig3_community_ve,1025.0,0.7000000000000001,0.3,0,88.8780487804878,65,114.0,2026476065,0.3,0.9
fig3_community_ve,1051.0,0.7000000000000001,0.3,0,92.8639391056137,66,75.0,2026476066,0.3,0.9
fig3_community_ve,1268.0,0.7000000000000001,0.3,0,92.66561514195584,67,93.0,2026476067,0.3,0.9
fig3_community_ve,1340.0,0.7000000000000001,0.3,0,92.46268656716418,68,101.0,2026476068,0.3,0.9
fig3_community_ve,1110.0,0.7000000000000001,0.3,0,89.81981981981981,69,112.99999999999999,2026476069,0.3,0.9
fig3_community_ve,790.0000000000001,0.7000000000000001,0.3,0,90.63291139240506,70,74.0,2026476070,0.3,0.9
fig3_community_ve,745.0,0.7000000000000001,0.3,0,89.53020134228188,71,78.0,2026476071,0.3,0.9
fig3_community_ve,1032.0,0.7000000000000001,0.3,0,90.01937984496124,72,103.00000000000001,2026476072,0.3,0.9
fig3_community_ve,1158.0,0.7000000000000001,0.3,0,92.14162348877375,73,91.0,2026476073,0.3,0.9
fig3_community_ve,1215.0,0.7000000000000001,0.3,0,91.19341563786008,74,107.0,2026476074,0.3,0.9
fig3_community_ve,1334.0,0.7000000000000001,0.3,0,91.07946026986507,75,119.00000000000001,2026476075,0.3,0.9
fig3_community_ve,1116.0,0.7000000000000001,0.3,0,91.48745519713262,76,95.0,2026476076,0.3,0.9
fig3_community_ve,1264.0,0.7000000000000001,0.3,0,90.34810126582279,77,122.0,2026476077,0.3,0.9
fig3_community_ve,916.9999999999999,0.7000000000000001,0.3,0,89.09487459105779,78,100.0,2026476078,0.3,0.9
fig3_community_ve,1495.0,0.7000000000000001,0.3,0,93.51170568561874,79,97.0,2026476079,0.3,0.9
fig3_community_ve,1228.0,0.7000000000000001,0.3,0,91.44951140065146,80,105.0,2026476080,0.3,0.9
fig3_community_ve,1085.0,0.7000000000000001,0.3,0,85.80645161290323,81,154.0,2026476081,0.3,0.9
fig3_community_ve,1192.0,0.7000000000000001,0.3,0,92.19798657718121,82,93.0,2026476082,0.3,0.9
fig3_community_ve,933.9999999999999,0.7000000000000001,0.3,0,91.86295503211991,83,76.0,2026476083,0.3,0.9
fig3_community_ve,1086.0,0.7000000000000001,0.3,0,90.79189686924494,84,100.0,2026476084,0.3,0.9
fig3_community_ve,1245.0,0.7000000000000001,0.3,0,91.96787148594377,85,100.0,2026476085,0.3,0.9
fig3_community_ve,1331.0,0.7000000000000001,0.3,0,91.20961682945153,86,117.0,2026476086,0.3,0.9
fig3_community_ve,1328.0,0.7000000000000001,0.3,0,94.0512048192771,87,79.0,2026476087,0.3,0.9
fig3_community_ve,1298.0,0.7000000000000001,0.3,0,89.13713405238829,88,141.0,2026476088,0.3,0.9
fig3_community_ve,1436.0,0.7000000000000001,0.3,0,93.03621169916434,89,100.0,2026476089,0.3,0.9
fig3_community_ve,908.0,0.7000000000000001,0.3,0,90.41850220264317,90,87.0,2026476090,0.3,0.9
fig3_community_ve,942.0,0.7000000000000001,0.3,0,89.38428874734608,91,100.0,2026476091,0.3,0.9
fig3_community_ve,1084.0,0.7000000000000001,0.3,0,92.06642066420665,92,86.0,2026476092,0.3,0.9
fig3_community_ve,901.0000000000001,0.7000000000000001,0.3,0,92.56381798002221,93,67.0,2026476093,0.3,0.9
fig3_community_ve,1063.0,0.7000000000000001,0.3,0,88.5230479774224,94,122.0,2026476094,0.3,0.9
fig3_community_ve,1137.0,0.7000000000000001,0.3,0,90.1495162708883,95,111.99999999999999,2026476095,0.3,0.9
fig3_community_ve,1030.0,0.7000000000000001,0.3,0,92.13592233009709,96,81.0,2026476096,0.3,0.9
fig3_community_ve,1306.0,0.7000000000000001,0.3,0,91.50076569678407,97,111.00000000000001,2026476097,0.3,0.9
fig3_community_ve,918.0000000000001,0.7000000000000001,0.3,0,89.54248366013073,98,96.0,2026476098,0.3,0.9
fig3_community_ve,1266.0,0.7000000000000001,0.3,0,91.5481832543444,99,107.0,2026476099,0.3,0.9
fig3_community_ve,1491.0,0.8,0.3,0,0.0,0,1491.0,2026477000,0.3,0.0
fig3_community_ve,1248.0,0.8,0.3,0,0.0,1,1248.0,2026477001,0.3,0.0
fig3_community_ve,1632.0000000000002,0.8,0.3,0,0.0,2,1632.0000000000002,2026477002,0.3,0.0
fig3_community_ve,1232.0,0.8,0.3,0,0.0,3,1232.0,2026477003,0.3,0.0
fig3_community_ve,1430.0,0.8,0.3,0,0.0,4,1430.0,2026477004,0.3,0.0
fig3_community_ve,1332.0,0.8,0.3,0,0.0,5,1332.0,2026477005,0.3,0.0
fig3_community_ve,1293.0,0.8,0.3,0,0.0,6,1293.0,2026477006,0.3,0.0
fig3_community_ve,1014.9999999999999,0.8,0.3,0,0.0,7,1014.9999999999999,2026477007,0.3,0.0
fig3_community_ve,1146.0,0.8,0.3,0,0.0,8,1146.0,2026477008,0.3,0.0
fig3_community_ve,1148.0,0.8,0.3,0,0.0,9,1148.0,2026477009,0.3,0.0
fig3_community_ve,1472.0,0.8,0.3,0,0.0,10,1472.0,2026477010,0.3,0.0
fig3_community_ve,719.0,0.8,0.3,0,0.0,11,719.0,2026477011,0.3,0.0
fig3_community_ve,1213.0,0.8,0.3,0,0.0,12,1213.0,2026477012,0.3,0.0
fig3_community_ve,1256.0,0.8,0.3,0,0.0,13,1256.0,2026477013,0.3,0.0
fig3_community_ve,764.0,0.8,0.3,0,0.0,14,764.0,2026477014,0.3,0.0
fig3_community_ve,969.0000000000001,0.8,0.3,0,0.0,15,969.0000000000001,2026477015,0.3,0.0
fig3_community_ve,1142.0,0.8,0.3,0,0.0,16,1142.0,2026477016,0.3,0.0
fig3_community_ve,835.0,0.8,0.3,0,0.0,17,835.0,2026477017,0.3,0.0
fig3_community_ve,905.0000000000001,0.8,0.3,0,0.0,18,905.0000000000001,2026477018,0.3,0.0
fig3_community_ve,1274.0,0.8,0.3,0,0.0,19,1274.0,2026477019,0.3,0.0
fig3_community_ve,1117.0,0.8,0.3,0,0.0,20,1117.0,2026477020,0.3,0.0
fig3_community_ve,1350.0,0.8,0.3,0,0.0,21,1350.0,2026477021,0.3,0.0
fig3_community_ve,1379.0,0.8,0.3,0,0.0,22,1379.0,2026477022,0.3,0.0
fig3_community_ve,933.9999999999999,0.8,0.3,0,0.0,23,933.9999999999999,2026477023,0.3,0.0
fig3_community_ve,1726.0,0.8,0.3,0,0.0,24,1726.0,2026477024,0.3,0.0
fig3_community_ve,825.0,0.8,0.3,0,0.0,25,825.0,2026477025,0.3,0.0
fig3_community_ve,1488.0,0.8,0.3,0,0.0,26,1488.0,2026477026,0.3,0.0
fig3_community_ve,944.0,0.8,0.3,0,0.0,27,944.0,2026477027,0.3,0.0
fig3_community_ve,1277.0,0.8,0.3,0,0.0,28,1277.0,2026477028,0.3,0.0
fig3_community_ve,1372.0,0.8,0.3,0,0.0,29,1372.0,2026477029,0.3,0.0
fig3_community_ve,1151.0,0.8,0.3,0,0.0,30,1151.0,2026477030,0.3,0.0
fig3_community_ve,1169.0,0.8,0.3,0,0.0,31,1169.0,2026477031,0.3,0.0
fig3_community_ve,848.0,0.8,0.3,0,0.0,32,848.0,2026477032,0.3,0.0
fig3_community_ve,1290.0,0.8,0.3,0,0.0,33,1290.0,2026477033,0.3,0.0
fig3_community_ve,1251.0,0.8,0.3,0,0.0,34,1251.0,2026477034,0.3,0.0
fig3_community_ve,1271.0,0.8,0.3,0,0.0,35,1271.0,2026477035,0.3,0.0
fig3_community_ve,1028.0,0.8,0.3,0,0.0,36,1028.0,2026477036,0.3,0.0
fig3_community_ve,886.9999999999999,0.8,0.3,0,0.0,37,886.9999999999999,2026477037,0.3,0.0
fig3_community_ve,1884.0,0.8,0.3,0,0.0,38,1884.0,2026477038,0.3,0.0
fig3_community_ve,1000.0,0.8,0.3,0,0.0,39,1000.0,2026477039,0.3,0.0
fig3_community_ve,1368.0,0.8,0.3,0,0.0,40,1368.0,2026477040,0.3,0.0
fig3_community_ve,1055.0,0.8,0.3,0,0.0,41,1055.0,2026477041,0.3,0.0
fig3_community_ve,1148.0,0.8,0.3,0,0.0,42,1148.0,2026477042,0.3,0.0
fig3_community_ve,899.0,0.8,0.3,0,0.0,43,899.0,2026477043,0.3,0.0
fig3_community_ve,1014.0,0.8,0.3,0,0.0,44,1014.0,2026477044,0.3,0.0
fig3_community_ve,1039.0,0.8,0.3,0,0.0,45,1039.0,2026477045,0.3,0.0
fig3_community_ve,997.0,0.8,0.3,0,0.0,46,997.0,2026477046,0.3,0.0
fig3_community_ve,1227.0,0.8,0.3,0,0.0,47,1227.0,2026477047,0.3,0.0
fig3_community_ve,938.0,0.8,0.3,0,0.0,48,938.0,2026477048,0.3,0.0
fig3_community_ve,1193.0,0.8,0.3,0,0.0,49,1193.0,2026477049,0.3,0.0
fig3_community_ve,1578.9999999999998,0.8,0.3,0,0.0,50,1578.9999999999998,2026477050,0.3,0.0
fig3_community_ve,871.0000000000001,0.8,0.3,0,0.0,51,871.0000000000001,2026477051,0.3,0.0
fig3_community_ve,1205.0,0.8,0.3,0,0.0,52,1205.0,2026477052,0.3,0.0
fig3_community_ve,842.0,0.8,0.3,0,0.0,53,842.0,2026477053,0.3,0.0
fig3_community_ve,756.0,0.8,0.3,0,0.0,54,756.0,2026477054,0.3,0.0
fig3_community_ve,1295.0,0.8,0.3,0,0.0,55,1295.0,2026477055,0.3,0.0
fig3_community_ve,1253.0,0.8,0.3,0,0.0,56,1253.0,2026477056,0.3,0.0
fig3_community_ve,1197.0,0.8,0.3,0,0.0,57,1197.0,2026477057,0.3,0.0
fig3_community_ve,915.0,0.8,0.3,0,0.0,58,915.0,2026477058,0.3,0.0
fig3_community_ve,1365.0,0.8,0.3,0,0.0,59,1365.0,2026477059,0.3,0.0
fig3_community_ve,1103.0,0.8,0.3,0,0.0,60,1103.0,2026477060,0.3,0.0
fig3_community_ve,1054.0,0.8,0.3,0,0.0,61,1054.0,2026477061,0.3,0.0
fig3_community_ve,871.0000000000001,0.8,0.3,0,0.0,62,871.0000000000001,2026477062,0.3,0.0
fig3_community_ve,1171.0,0.8,0.3,0,0.0,63,1171.0,2026477063,0.3,0.0
fig3_community_ve,976.0,0.8,0.3,0,0.0,64,976.0,2026477064,0.3,0.0
fig3_community_ve,972.0,0.8,0.3,0,0.0,65,972.0,2026477065,0.3,0.0
fig3_community_ve,1094.0,0.8,0.3,0,0.0,66,1094.0,2026477066,0.3,0.0
fig3_community_ve,1192.0,0.8,0.3,0,0.0,67,1192.0,2026477067,0.3,0.0
fig3_community_ve,1444.0,0.8,0.3,0,0.0,68,1444.0,2026477068,0.3,0.0
fig3_community_ve,1285.0,0.8,0.3,0,0.0,69,1285.0,2026477069,0.3,0.0
fig3_community_ve,1388.0,0.8,0.3,0,0.0,70,1388.0,2026477070,0.3,0.0
fig3_community_ve,770.0,0.8,0.3,0,0.0,71,770.0,2026477071,0.3,0.0
fig3_community_ve,1012.0,0.8,0.3,0,0.0,72,1012.0,2026477072,0.3,0.0
fig3_community_ve,1366.0,0.8,0.3,0,0.0,73,1366.0,2026477073,0.3,0.0
fig3_community_ve,1191.0,0.8,0.3,0,0.0,74,1191.0,2026477074,0.3,0.0
fig3_community_ve,1143.0,0.8,0.3,0,0.0,75,1143.0,2026477075,0.3,0.0
fig3_community_ve,1054.0,0.8,0.3,0,0.0,76,1054.0,2026477076,0.3,0.0
fig3_community_ve,1226.0,0.8,0.3,0,0.0,77,1226.0,2026477077,0.3,0.0
fig3_community_ve,1301.0,0.8,0.3,0,0.0,78,1301.0,2026477078,0.3,0.0
fig3_community_ve,1129.0,0.8,0.3,0,0.0,79,1129.0,2026477079,0.3,0.0
fig3_community_ve,1017.0,0.8,0.3,0,0.0,80,1017.0,2026477080,0.3,0.0
fig3_community_ve,1584.0,0.8,0.3,0,0.0,81,1584.0,2026477081,0.3,0.0
fig3_community_ve,1032.0,0.8,0.3,0,0.0,82,1032.0,2026477082,0.3,0.0
fig3_community_ve,1367.0,0.8,0.3,0,0.0,83,1367.0,2026477083,0.3,0.0
fig3_community_ve,847.0,0.8,0.3,0,0.0,84,847.0,2026477084,0.3,0.0
fig3_community_ve,895.0,0.8,0.3,0,0.0,85,895.0,2026477085,0.3,0.0
fig3_community_ve,956.0000000000001,0.8,0.3,0,0.0,86,956.0000000000001,2026477086,0.3,0.0
fig3_community_ve,1070.0,0.8,0.3,0,0.0,87,1070.0,2026477087,0.3,0.0
fig3_community_ve,959.0,0.8,0.3,0,0.0,88,959.0,2026477088,0.3,0.0
fig3_community_ve,861.9999999999999,0.8,0.3,0,0.0,89,861.9999999999999,2026477089,0.3,0.0
fig3_community_ve,1615.0000000000002,0.8,0.3,0,0.0,90,1615.0000000000002,2026477090,0.3,0.0
fig3_community_ve,856.0,0.8,0.3,0,0.0,91,856.0,2026477091,0.3,0.0
fig3_community_ve,1274.0,0.8,0.3,0,0.0,92,1274.0,2026477092,0.3,0.0
fig3_community_ve,1151.0,0.8,0.3,0,0.0,93,1151.0,2026477093,0.3,0.0
fig3_community_ve,1189.0,0.8,0.3,0,0.0,94,1189.0,2026477094,0.3,0.0
fig3_community_ve,886.9999999999999,0.8,0.3,0,0.0,95,886.9999999999999,2026477095,0.3,0.0
fig3_community_ve,886.0,0.8,0.3,0,0.0,96,886.0,2026477096,0.3,0.0
fig3_community_ve,908.0,0.8,0.3,0,0.0,97,908.0,2026477097,0.3,0.0
fig3_community_ve,1105.0,0.8,0.3,0,0.0,98,1105.0,2026477098,0.3,0.0
fig3_community_ve,999.0000000000001,0.8,0.3,0,0.0,99,999.0000000000001,2026477099,0.3,0.0
fig3_community_ve,909.0000000000001,0.8,0.3,0,60.94609460946096,0,355.0,2026478000,0.3,0.15
fig3_community_ve,880.0,0.8,0.3,0,56.47727272727273,1,383.0,2026478001,0.3,0.15
fig3_community_ve,1371.0,0.8,0.3,0,70.45951859956236,2,405.0,2026478002,0.3,0.15
fig3_community_ve,1189.0,0.8,0.3,0,52.48107653490328,3,565.0,2026478003,0.3,0.15
fig3_community_ve,1195.0,0.8,0.3,0,61.75732217573222,4,457.0,2026478004,0.3,0.15
fig3_community_ve,709.0,0.8,0.3,0,62.20028208744711,5,268.0,2026478005,0.3,0.15
fig3_community_ve,1027.0,0.8,0.3,0,55.5014605647517,6,457.0,2026478006,0.3,0.15
fig3_community_ve,997.0,0.8,0.3,0,58.47542627883651,7,413.99999999999994,2026478007,0.3,0.15
fig3_community_ve,1321.0,0.8,0.3,0,68.35730507191522,8,417.99999999999994,2026478008,0.3,0.15
fig3_community_ve,1179.0,0.8,0.3,0,67.68447837150127,9,381.0,2026478009,0.3,0.15
fig3_community_ve,989.0,0.8,0.3,0,67.9474216380182,10,317.0,2026478010,0.3,0.15
fig3_community_ve,1279.0,0.8,0.3,0,67.94370602032838,11,410.00000000000006,2026478011,0.3,0.15
fig3_community_ve,821.0,0.8,0.3,0,50.304506699147375,12,408.00000000000006,2026478012,0.3,0.15
fig3_community_ve,848.0,0.8,0.3,0,58.25471698113208,13,354.0,2026478013,0.3,0.15
fig3_community_ve,1303.0,0.8,0.3,0,63.31542594013814,14,478.00000000000006,2026478014,0.3,0.15
fig3_community_ve,1193.0,0.8,0.3,0,65.04610226320202,15,417.0,2026478015,0.3,0.15
fig3_community_ve,1474.0,0.8,0.3,0,63.77204884667571,16,534.0,2026478016,0.3,0.15
fig3_community_ve,1168.0,0.8,0.3,0,63.52739726027397,17,426.0,2026478017,0.3,0.15
fig3_community_ve,1170.0,0.8,0.3,0,65.04273504273505,18,409.0,2026478018,0.3,0.15
fig3_community_ve,1299.0,0.8,0.3,0,69.43802925327175,19,396.99999999999994,2026478019,0.3,0.15
fig3_community_ve,1120.0,0.8,0.3,0,67.14285714285714,20,368.0,2026478020,0.3,0.15
fig3_community_ve,1071.0,0.8,0.3,0,54.90196078431372,21,483.0,2026478021,0.3,0.15
fig3_community_ve,700.0,0.8,0.3,0,54.142857142857146,22,321.0,2026478022,0.3,0.15
fig3_community_ve,806.0,0.8,0.3,0,49.25558312655087,23,409.0,2026478023,0.3,0.15
fig3_community_ve,1207.0,0.8,0.3,0,62.054681027340514,24,458.0,2026478024,0.3,0.15
fig3_community_ve,1239.0,0.8,0.3,0,60.77481840193705,25,486.0,2026478025,0.3,0.15
fig3_community_ve,1321.0,0.8,0.3,0,55.18546555639667,26,592.0,2026478026,0.3,0.15
fig3_community_ve,1036.0,0.8,0.3,0,67.85714285714286,27,333.0,2026478027,0.3,0.15
fig3_community_ve,980.9999999999999,0.8,0.3,0,60.244648318042806,28,390.0,2026478028,0.3,0.15
fig3_community_ve,1081.0,0.8,0.3,0,53.191489361702125,29,506.0,2026478029,0.3,0.15
fig3_community_ve,1641.0,0.8,0.3,0,48.32419256550884,30,848.0,2026478030,0.3,0.15
fig3_community_ve,1463.0,0.8,0.3,0,65.00341763499658,31,512.0,2026478031,0.3,0.15
fig3_community_ve,1170.0,0.8,0.3,0,65.64102564102564,32,402.0,2026478032,0.3,0.15
fig3_community_ve,1023.0,0.8,0.3,0,62.07233626588465,33,388.0,2026478033,0.3,0.15
fig3_community_ve,1297.0,0.8,0.3,0,66.22976098689283,34,438.0,2026478034,0.3,0.15
fig3_community_ve,1402.0,0.8,0.3,0,62.98145506419401,35,519.0,2026478035,0.3,0.15
fig3_community_ve,877.0,0.8,0.3,0,58.60889395667047,36,363.0,2026478036,0.3,0.15
fig3_community_ve,1184.0,0.8,0.3,0,63.766891891891895,37,429.00000000000006,2026478037,0.3,0.15
fig3_community_ve,1229.0,0.8,0.3,0,69.08055329536208,38,380.0,2026478038,0.3,0.15
fig3_community_ve,1322.0,0.8,0.3,0,66.71709531013616,39,440.0,2026478039,0.3,0.15
fig3_community_ve,1233.0,0.8,0.3,0,59.77291159772911,40,496.0,2026478040,0.3,0.15
fig3_community_ve,1095.0,0.8,0.3,0,61.0958904109589,41,426.0,2026478041,0.3,0.15
fig3_community_ve,1370.0,0.8,0.3,0,67.37226277372262,42,447.0,2026478042,0.3,0.15
fig3_community_ve,1185.0,0.8,0.3,0,67.17299578059071,43,389.0,2026478043,0.3,0.15
fig3_community_ve,1394.0,0.8,0.3,0,62.91248206599713,44,517.0,2026478044,0.3,0.15
fig3_community_ve,961.0,0.8,0.3,0,62.33090530697191,45,362.0,2026478045,0.3,0.15
fig3_community_ve,996.0,0.8,0.3,0,63.95582329317269,46,359.0,2026478046,0.3,0.15
fig3_community_ve,1315.0,0.8,0.3,0,69.96197718631178,47,395.00000000000006,2026478047,0.3,0.15
fig3_community_ve,1137.0,0.8,0.3,0,54.88126649076517,48,513.0,2026478048,0.3,0.15
fig3_community_ve,1449.0,0.8,0.3,0,64.73429951690821,49,511.0,2026478049,0.3,0.15
fig3_community_ve,1306.0,0.8,0.3,0,58.49923430321593,50,542.0,2026478050,0.3,0.15
fig3_community_ve,1295.0,0.8,0.3,0,65.4054054054054,51,447.99999999999994,2026478051,0.3,0.15
fig3_community_ve,1174.0,0.8,0.3,0,64.82112436115844,52,413.0,2026478052,0.3,0.15
fig3_community_ve,909.0000000000001,0.8,0.3,0,61.4961496149615,53,350.0,2026478053,0.3,0.15
fig3_community_ve,1172.0,0.8,0.3,0,64.33447098976109,54,417.99999999999994,2026478054,0.3,0.15
fig3_community_ve,1046.0,0.8,0.3,0,52.19885277246654,55,500.0,2026478055,0.3,0.15
fig3_community_ve,1103.0,0.8,0.3,0,60.47144152311877,56,436.0,2026478056,0.3,0.15
fig3_community_ve,784.9999999999999,0.8,0.3,0,56.050955414012726,57,345.0,2026478057,0.3,0.15
fig3_community_ve,920.0,0.8,0.3,0,56.41304347826087,58,400.99999999999994,2026478058,0.3,0.15
fig3_community_ve,1245.0,0.8,0.3,0,66.10441767068274,59,422.0,2026478059,0.3,0.15
fig3_community_ve,823.0,0.8,0.3,0,58.08019441069259,60,345.0,2026478060,0.3,0.15
fig3_community_ve,1114.0,0.8,0.3,0,66.15798922800718,61,377.0,2026478061,0.3,0.15
fig3_community_ve,1297.0,0.8,0.3,0,70.00771010023131,62,389.0,2026478062,0.3,0.15
fig3_community_ve,1272.0,0.8,0.3,0,65.64465408805032,63,437.0,2026478063,0.3,0.15
fig3_community_ve,950.9999999999999,0.8,0.3,0,63.827549947423755,64,344.0,2026478064,0.3,0.15
fig3_community_ve,996.0,0.8,0.3,0,65.96385542168674,65,339.0,2026478065,0.3,0.15
fig3_community_ve,997.0,0.8,0.3,0,61.28385155466399,66,386.0,2026478066,0.3,0.15
fig3_community_ve,1228.0,0.8,0.3,0,65.96091205211727,67,417.99999999999994,2026478067,0.3,0.15
fig3_community_ve,1436.0,0.8,0.3,0,62.74373259052925,68,535.0,2026478068,0.3,0.15
fig3_community_ve,1347.0,0.8,0.3,0,63.25167037861915,69,495.00000000000006,2026478069,0.3,0.15
fig3_community_ve,1353.0,0.8,0.3,0,62.971175166297115,70,500.99999999999994,2026478070,0.3,0.15
fig3_community_ve,1048.0,0.8,0.3,0,58.969465648854964,71,430.0,2026478071,0.3,0.15
fig3_community_ve,1184.0,0.8,0.3,0,69.5945945945946,72,360.0,2026478072,0.3,0.15
fig3_community_ve,903.0,0.8,0.3,0,60.46511627906977,73,357.0,2026478073,0.3,0.15
fig3_community_ve,1191.0,0.8,0.3,0,60.0335852225021,74,476.00000000000006,2026478074,0.3,0.15
fig3_community_ve,1521.0,0.8,0.3,0,68.04733727810651,75,486.0,2026478075,0.3,0.15
fig3_community_ve,1463.0,0.8,0.3,0,64.18318523581681,76,524.0,2026478076,0.3,0.15
fig3_community_ve,949.0,0.8,0.3,0,50.5795574288725,77,469.0,2026478077,0.3,0.15
fig3_community_ve,1861.0000000000002,0.8,0.3,0,68.40408382590006,78,588.0,2026478078,0.3,0.15
fig3_community_ve,1050.0,0.8,0.3,0,65.61904761904762,79,361.0,2026478079,0.3,0.15
fig3_community_ve,1399.0,0.8,0.3,0,57.326661901358115,80,597.0,2026478080,0.3,0.15
fig3_community_ve,1028.0,0.8,0.3,0,50.583657587548636,81,508.00000000000006,2026478081,0.3,0.15
fig3_community_ve,1113.0,0.8,0.3,0,52.2911051212938,82,531.0,2026478082,0.3,0.15
fig3_community_ve,1065.0,0.8,0.3,0,57.652582159624416,83,451.0,2026478083,0.3,0.15
fig3_community_ve,927.0,0.8,0.3,0,64.40129449838187,84,330.0,2026478084,0.3,0.15
fig3_community_ve,1093.0,0.8,0.3,0,57.73101555352242,85,462.0,2026478085,0.3,0.15
fig3_community_ve,1147.0,0.8,0.3,0,53.00784655623365,86,539.0,2026478086,0.3,0.15
fig3_community_ve,1060.0,0.8,0.3,0,63.77358490566038,87,384.0,2026478087,0.3,0.15
fig3_community_ve,1051.0,0.8,0.3,0,65.9372026641294,88,358.0,2026478088,0.3,0.15
fig3_community_ve,966.0,0.8,0.3,0,58.59213250517598,89,400.0,2026478089,0.3,0.15
fig3_community_ve,925.9999999999999,0.8,0.3,0,65.11879049676025,90,323.0,2026478090,0.3,0.15
fig3_community_ve,1034.0,0.8,0.3,0,62.0889748549323,91,392.0,2026478091,0.3,0.15
fig3_community_ve,1253.0,0.8,0.3,0,64.72466081404629,92,442.00000000000006,2026478092,0.3,0.15
fig3_community_ve,1005.0,0.8,0.3,0,63.681592039801,93,365.0,2026478093,0.3,0.15
fig3_community_ve,1128.0,0.8,0.3,0,68.17375886524823,94,359.0,2026478094,0.3,0.15
fig3_community_ve,899.9999999999999,0.8,0.3,0,59.66666666666666,95,363.0,2026478095,0.3,0.15
fig3_community_ve,942.9999999999999,0.8,0.3,0,58.74867444326616,96,389.0,2026478096,0.3,0.15
fig3_community_ve,852.9999999999999,0.8,0.3,0,56.62368112543962,97,370.0,2026478097,0.3,0.15
fig3_community_ve,1043.0,0.8,0.3,0,60.306807286673056,98,413.99999999999994,2026478098,0.3,0.15
fig3_community_ve,996.0,0.8,0.3,0,69.37751004016064,99,305.0,2026478099,0.3,0.15
fig3_community_ve,1185.0,0.8,0.3,0,83.12236286919831,0,200.0,2026479000,0.3,0.3
fig3_community_ve,1237.0,0.8,0.3,0,78.98140662894099,1,260.0,2026479001,0.3,0.3
fig3_community_ve,1210.0,0.8,0.3,0,86.69421487603306,2,161.0,2026479002,0.3,0.3
fig3_community_ve,770.0,0.8,0.3,0,79.87012987012987,3,155.0,2026479003,0.3,0.3
fig3_community_ve,1290.0,0.8,0.3,0,79.2248062015504,4,268.0,2026479004,0.3,0.3
fig3_community_ve,1650.0,0.8,0.3,0,83.45454545454545,5,273.0,2026479005,0.3,0.3
fig3_community_ve,1059.0,0.8,0.3,0,80.26440037771482,6,208.99999999999997,2026479006,0.3,0.3
fig3_community_ve,1318.0,0.8,0.3,0,82.16995447647952,7,235.0,2026479007,0.3,0.3
fig3_community_ve,1232.0,0.8,0.3,0,80.11363636363636,8,245.0,2026479008,0.3,0.3
fig3_community_ve,851.0,0.8,0.3,0,72.38542890716803,9,235.0,2026479009,0.3,0.3
fig3_community_ve,993.0,0.8,0.3,0,80.66465256797584,10,192.0,2026479010,0.3,0.3
fig3_community_ve,1072.0,0.8,0.3,0,81.71641791044776,11,196.0,2026479011,0.3,0.3
fig3_community_ve,789.0,0.8,0.3,0,78.32699619771863,12,171.0,2026479012,0.3,0.3
fig3_community_ve,1077.0,0.8,0.3,0,78.18012999071495,13,235.0,2026479013,0.3,0.3
fig3_community_ve,1309.0,0.8,0.3,0,82.12375859434682,14,234.0,2026479014,0.3,0.3
fig3_community_ve,1116.0,0.8,0.3,0,75.80645161290323,15,270.0,2026479015,0.3,0.3
fig3_community_ve,1169.0,0.8,0.3,0,79.98289136013688,16,234.0,2026479016,0.3,0.3
fig3_community_ve,878.9999999999999,0.8,0.3,0,75.54038680318543,17,215.0,2026479017,0.3,0.3
fig3_community_ve,732.0,0.8,0.3,0,77.04918032786885,18,168.0,2026479018,0.3,0.3
fig3_community_ve,1246.0,0.8,0.3,0,78.81219903691814,19,264.0,2026479019,0.3,0.3
fig3_community_ve,1206.0,0.8,0.3,0,82.75290215588723,20,207.99999999999997,2026479020,0.3,0.3
fig3_community_ve,945.0,0.8,0.3,0,79.8941798941799,21,190.0,2026479021,0.3,0.3
fig3_community_ve,1308.0,0.8,0.3,0,83.18042813455658,22,220.0,2026479022,0.3,0.3
fig3_community_ve,979.0,0.8,0.3,0,76.91521961184883,23,225.99999999999997,2026479023,0.3,0.3
fig3_community_ve,903.9999999999999,0.8,0.3,0,80.53097345132743,24,176.0,2026479024,0.3,0.3
fig3_community_ve,1324.0,0.8,0.3,0,81.64652567975831,25,243.0,2026479025,0.3,0.3
fig3_community_ve,1209.0,0.8,0.3,0,77.75020678246484,26,269.0,2026479026,0.3,0.3
fig3_community_ve,1140.0,0.8,0.3,0,77.54385964912281,27,256.0,2026479027,0.3,0.3
fig3_community_ve,892.0000000000001,0.8,0.3,0,75.67264573991032,28,217.0,2026479028,0.3,0.3
fig3_community_ve,1176.0,0.8,0.3,0,81.12244897959184,29,222.00000000000003,2026479029,0.3,0.3
fig3_community_ve,1144.0,0.8,0.3,0,80.94405594405595,30,218.0,2026479030,0.3,0.3
fig3_community_ve,898.0,0.8,0.3,0,78.61915367483296,31,192.0,2026479031,0.3,0.3
fig3_community_ve,1285.0,0.8,0.3,0,77.66536964980544,32,287.0,2026479032,0.3,0.3
fig3_community_ve,1358.0,0.8,0.3,0,80.55964653902798,33,264.0,2026479033,0.3,0.3
fig3_community_ve,796.0,0.8,0.3,0,78.51758793969849,34,171.0,2026479034,0.3,0.3
fig3_community_ve,871.0000000000001,0.8,0.3,0,70.49368541905856,35,257.0,2026479035,0.3,0.3
fig3_community_ve,1060.0,0.8,0.3,0,78.58490566037736,36,227.0,2026479036,0.3,0.3
fig3_community_ve,1051.0,0.8,0.3,0,73.83444338725023,37,275.0,2026479037,0.3,0.3
fig3_community_ve,1101.0,0.8,0.3,0,78.29246139872843,38,239.00000000000003,2026479038,0.3,0.3
fig3_community_ve,1206.0,0.8,0.3,0,84.82587064676616,39,183.0,2026479039,0.3,0.3
fig3_community_ve,772.0,0.8,0.3,0,84.06735751295336,40,123.0,2026479040,0.3,0.3
fig3_community_ve,1169.0,0.8,0.3,0,76.56116338751069,41,274.0,2026479041,0.3,0.3
fig3_community_ve,1499.0,0.8,0.3,0,84.45630420280187,42,233.0,2026479042,0.3,0.3
fig3_community_ve,1150.0,0.8,0.3,0,80.78260869565217,43,221.00000000000003,2026479043,0.3,0.3
fig3_community_ve,1017.0,0.8,0.3,0,77.48279252704032,44,229.0,2026479044,0.3,0.3
fig3_community_ve,1059.0,0.8,0.3,0,82.34183191690273,45,187.0,2026479045,0.3,0.3
fig3_community_ve,1038.0,0.8,0.3,0,82.27360308285164,46,184.0,2026479046,0.3,0.3
fig3_community_ve,854.0000000000001,0.8,0.3,0,80.44496487119439,47,167.0,2026479047,0.3,0.3
fig3_community_ve,1258.0,0.8,0.3,0,80.28616852146264,48,248.0,2026479048,0.3,0.3
fig3_community_ve,988.0,0.8,0.3,0,75.50607287449392,49,241.99999999999997,2026479049,0.3,0.3
fig3_community_ve,1027.0,0.8,0.3,0,81.11002921129503,50,194.0,2026479050,0.3,0.3
fig3_community_ve,903.0,0.8,0.3,0,74.64008859357696,51,229.0,2026479051,0.3,0.3
fig3_community_ve,1228.0,0.8,0.3,0,84.36482084690553,52,192.0,2026479052,0.3,0.3
fig3_community_ve,942.0,0.8,0.3,0,87.79193205944799,53,115.0,2026479053,0.3,0.3
fig3_community_ve,1238.0,0.8,0.3,0,79.07915993537965,54,259.0,2026479054,0.3,0.3
fig3_community_ve,1198.0,0.8,0.3,0,81.0517529215359,55,227.0,2026479055,0.3,0.3
fig3_community_ve,1428.0,0.8,0.3,0,82.98319327731092,56,243.0,2026479056,0.3,0.3
fig3_community_ve,1134.0,0.8,0.3,0,84.7442680776014,57,173.0,2026479057,0.3,0.3
fig3_community_ve,1324.0,0.8,0.3,0,77.94561933534743,58,292.0,2026479058,0.3,0.3
fig3_community_ve,1700.0000000000002,0.8,0.3,0,81.47058823529413,59,315.0,2026479059,0.3,0.3
fig3_community_ve,1006.0,0.8,0.3,0,79.22465208747515,60,208.99999999999997,2026479060,0.3,0.3
fig3_community_ve,1257.0,0.8,0.3,0,80.7478122513922,61,241.99999999999997,2026479061,0.3,0.3
fig3_community_ve,929.9999999999999,0.8,0.3,0,78.49462365591397,62,200.0,2026479062,0.3,0.3
fig3_community_ve,1203.0,0.8,0.3,0,76.22610141313383,63,286.0,2026479063,0.3,0.3
fig3_community_ve,1039.0,0.8,0.3,0,79.88450433108758,64,208.99999999999997,2026479064,0.3,0.3
fig3_community_ve,1238.0,0.8,0.3,0,81.50242326332796,65,229.0,2026479065,0.3,0.3
fig3_community_ve,1025.0,0.8,0.3,0,82.73170731707317,66,177.0,2026479066,0.3,0.3
fig3_community_ve,1234.0,0.8,0.3,0,81.76661264181523,67,224.99999999999997,2026479067,0.3,0.3
fig3_community_ve,810.0,0.8,0.3,0,81.85185185185185,68,147.0,2026479068,0.3,0.3
fig3_community_ve,1319.0,0.8,0.3,0,85.29188779378318,69,194.0,2026479069,0.3,0.3
fig3_community_ve,1417.0,0.8,0.3,0,86.30910374029641,70,194.0,2026479070,0.3,0.3
fig3_community_ve,933.0,0.8,0.3,0,74.06216505894963,71,241.99999999999997,2026479071,0.3,0.3
fig3_community_ve,1353.0,0.8,0.3,0,83.73983739837398,72,220.0,2026479072,0.3,0.3
fig3_community_ve,1125.0,0.8,0.3,0,82.57777777777778,73,196.0,2026479073,0.3,0.3
fig3_community_ve,761.0,0.8,0.3,0,79.89487516425756,74,153.0,2026479074,0.3,0.3
fig3_community_ve,875.0000000000001,0.8,0.3,0,74.85714285714286,75,220.0,2026479075,0.3,0.3
fig3_community_ve,1455.0,0.8,0.3,0,74.43298969072166,76,372.0,2026479076,0.3,0.3
fig3_community_ve,1309.0,0.8,0.3,0,84.03361344537815,77,208.99999999999997,2026479077,0.3,0.3
fig3_community_ve,1293.0,0.8,0.3,0,77.7262180974478,78,288.0,2026479078,0.3,0.3
fig3_community_ve,1199.0,0.8,0.3,0,79.8999165971643,79,240.99999999999997,2026479079,0.3,0.3
fig3_community_ve,1100.0,0.8,0.3,0,82.0,80,198.0,2026479080,0.3,0.3
fig3_community_ve,1480.0,0.8,0.3,0,82.02702702702703,81,266.0,2026479081,0.3,0.3
fig3_community_ve,1182.0,0.8,0.3,0,80.71065989847716,82,228.0,2026479082,0.3,0.3
fig3_community_ve,933.0,0.8,0.3,0,76.31296891747053,83,221.00000000000003,2026479083,0.3,0.3
fig3_community_ve,1144.0,0.8,0.3,0,78.84615384615384,84,241.99999999999997,2026479084,0.3,0.3
fig3_community_ve,1138.0,0.8,0.3,0,78.47100175746924,85,245.0,2026479085,0.3,0.3
fig3_community_ve,932.0,0.8,0.3,0,85.1931330472103,86,138.0,2026479086,0.3,0.3
fig3_community_ve,1346.0,0.8,0.3,0,81.2035661218425,87,253.0,2026479087,0.3,0.3
fig3_community_ve,1244.0,0.8,0.3,0,77.17041800643086,88,284.0,2026479088,0.3,0.3
fig3_community_ve,1153.0,0.8,0.3,0,79.87857762359063,89,232.0,2026479089,0.3,0.3
fig3_community_ve,1182.0,0.8,0.3,0,78.59560067681895,90,253.0,2026479090,0.3,0.3
fig3_community_ve,861.9999999999999,0.8,0.3,0,72.62180974477957,91,236.0,2026479091,0.3,0.3
fig3_community_ve,1099.0,0.8,0.3,0,78.16196542311192,92,239.99999999999997,2026479092,0.3,0.3
fig3_community_ve,1112.0,0.8,0.3,0,80.57553956834532,93,216.0,2026479093,0.3,0.3
fig3_community_ve,1403.0,0.8,0.3,0,84.10548823948682,94,223.00000000000003,2026479094,0.3,0.3
fig3_community_ve,910.0,0.8,0.3,0,77.03296703296704,95,208.99999999999997,2026479095,0.3,0.3
fig3_community_ve,1476.0,0.8,0.3,0,78.7940379403794,96,313.0,2026479096,0.3,0.3
fig3_community_ve,1201.0,0.8,0.3,0,83.51373855120733,97,198.0,2026479097,0.3,0.3
fig3_community_ve,756.0,0.8,0.3,0,78.83597883597884,98,160.0,2026479098,0.3,0.3
fig3_community_ve,946.9999999999999,0.8,0.3,0,77.71911298838437,99,211.0,2026479099,0.3,0.3
fig3_community_ve,1082.0,0.8,0.3,0,86.69131238447319,0,144.0,2026480000,0.3,0.44999999999999996
fig3_community_ve,1306.0,0.8,0.3,0,90.04594180704441,1,130.0,2026480001,0.3,0.44999999999999996
fig3_community_ve,1014.9999999999999,0.8,0.3,0,87.38916256157636,2,128.0,2026480002,0.3,0.44999999999999996
fig3_community_ve,1136.0,0.8,0.3,0,86.53169014084507,3,153.0,2026480003,0.3,0.44999999999999996
fig3_community_ve,1070.0,0.8,0.3,0,88.59813084112149,4,122.0,2026480004,0.3,0.44999999999999996
fig3_community_ve,1131.0,0.8,0.3,0,89.65517241379311,5,117.0,2026480005,0.3,0.44999999999999996
fig3_community_ve,1399.0,0.8,0.3,0,87.06218727662616,6,181.0,2026480006,0.3,0.44999999999999996
fig3_community_ve,1379.0,0.8,0.3,0,90.13778100072517,7,136.0,2026480007,0.3,0.44999999999999996
fig3_community_ve,1139.0,0.8,0.3,0,89.02546093064092,8,125.0,2026480008,0.3,0.44999999999999996
fig3_community_ve,1319.0,0.8,0.3,0,88.62774829416225,9,150.0,2026480009,0.3,0.44999999999999996
fig3_community_ve,1104.0,0.8,0.3,0,89.94565217391305,10,111.00000000000001,2026480010,0.3,0.44999999999999996
fig3_community_ve,1429.0,0.8,0.3,0,90.41287613715885,11,137.0,2026480011,0.3,0.44999999999999996
fig3_community_ve,1065.0,0.8,0.3,0,85.07042253521126,12,159.0,2026480012,0.3,0.44999999999999996
fig3_community_ve,1312.0,0.8,0.3,0,89.2530487804878,13,141.0,2026480013,0.3,0.44999999999999996
fig3_community_ve,1035.0,0.8,0.3,0,84.54106280193237,14,160.0,2026480014,0.3,0.44999999999999996
fig3_community_ve,1052.0,0.8,0.3,0,87.73764258555133,15,129.0,2026480015,0.3,0.44999999999999996
fig3_community_ve,1043.0,0.8,0.3,0,88.01534036433365,16,125.0,2026480016,0.3,0.44999999999999996
fig3_community_ve,818.9999999999999,0.8,0.3,0,86.69108669108668,17,109.0,2026480017,0.3,0.44999999999999996
fig3_community_ve,744.0,0.8,0.3,0,83.73655913978494,18,120.99999999999999,2026480018,0.3,0.44999999999999996
fig3_community_ve,1226.0,0.8,0.3,0,85.23654159869494,19,181.0,2026480019,0.3,0.44999999999999996
fig3_community_ve,1146.0,0.8,0.3,0,86.03839441535777,20,160.0,2026480020,0.3,0.44999999999999996
fig3_community_ve,1305.0,0.8,0.3,0,87.73946360153256,21,160.0,2026480021,0.3,0.44999999999999996
fig3_community_ve,1280.0,0.8,0.3,0,87.03125,22,166.0,2026480022,0.3,0.44999999999999996
fig3_community_ve,1288.0,0.8,0.3,0,82.37577639751552,23,227.0,2026480023,0.3,0.44999999999999996
fig3_community_ve,823.0,0.8,0.3,0,88.57837181044957,24,94.0,2026480024,0.3,0.44999999999999996
fig3_community_ve,1196.0,0.8,0.3,0,87.37458193979933,25,151.0,2026480025,0.3,0.44999999999999996
fig3_community_ve,1124.0,0.8,0.3,0,82.74021352313167,26,194.0,2026480026,0.3,0.44999999999999996
fig3_community_ve,1018.9999999999999,0.8,0.3,0,90.38272816486752,27,98.0,2026480027,0.3,0.44999999999999996
fig3_community_ve,2000.0,0.8,0.3,0,90.5,28,190.0,2026480028,0.3,0.44999999999999996
fig3_community_ve,1240.0,0.8,0.3,0,90.0,29,124.0,2026480029,0.3,0.44999999999999996
fig3_community_ve,1024.0,0.8,0.3,0,89.55078125,30,107.0,2026480030,0.3,0.44999999999999996
fig3_community_ve,976.9999999999999,0.8,0.3,0,86.79631525076765,31,129.0,2026480031,0.3,0.44999999999999996
fig3_community_ve,770.0,0.8,0.3,0,85.97402597402598,32,108.0,2026480032,0.3,0.44999999999999996
fig3_community_ve,2054.0,0.8,0.3,0,89.7273612463486,33,211.0,2026480033,0.3,0.44999999999999996
fig3_community_ve,801.0,0.8,0.3,0,88.76404494382022,34,90.0,2026480034,0.3,0.44999999999999996
fig3_community_ve,1250.0,0.8,0.3,0,87.44,35,157.0,2026480035,0.3,0.44999999999999996
fig3_community_ve,1174.0,0.8,0.3,0,88.3304940374787,36,137.0,2026480036,0.3,0.44999999999999996
fig3_community_ve,940.0,0.8,0.3,0,86.17021276595744,37,130.0,2026480037,0.3,0.44999999999999996
fig3_community_ve,1420.0,0.8,0.3,0,89.50704225352112,38,149.0,2026480038,0.3,0.44999999999999996
fig3_community_ve,1084.0,0.8,0.3,0,85.14760147601476,39,161.0,2026480039,0.3,0.44999999999999996
fig3_community_ve,990.0000000000001,0.8,0.3,0,87.47474747474747,40,124.0,2026480040,0.3,0.44999999999999996
fig3_community_ve,839.0,0.8,0.3,0,87.96185935637664,41,101.0,2026480041,0.3,0.44999999999999996
fig3_community_ve,1217.0,0.8,0.3,0,84.47000821692687,42,189.0,2026480042,0.3,0.44999999999999996
fig3_community_ve,1228.0,0.8,0.3,0,85.50488599348535,43,178.0,2026480043,0.3,0.44999999999999996
fig3_community_ve,922.0000000000001,0.8,0.3,0,88.28633405639914,44,108.0,2026480044,0.3,0.44999999999999996
fig3_community_ve,950.0,0.8,0.3,0,87.6842105263158,45,117.0,2026480045,0.3,0.44999999999999996
fig3_community_ve,1173.0,0.8,0.3,0,86.35976129582268,46,160.0,2026480046,0.3,0.44999999999999996
fig3_community_ve,1117.0,0.8,0.3,0,87.46642793196061,47,140.0,2026480047,0.3,0.44999999999999996
fig3_community_ve,984.9999999999999,0.8,0.3,0,86.19289340101523,48,136.0,2026480048,0.3,0.44999999999999996
fig3_community_ve,1157.0,0.8,0.3,0,89.28262748487468,49,124.0,2026480049,0.3,0.44999999999999996
fig3_community_ve,1428.0,0.8,0.3,0,87.39495798319328,50,180.0,2026480050,0.3,0.44999999999999996
fig3_community_ve,1063.0,0.8,0.3,0,86.92380056444027,51,139.0,2026480051,0.3,0.44999999999999996
fig3_community_ve,1010.9999999999999,0.8,0.3,0,85.85558852621166,52,143.0,2026480052,0.3,0.44999999999999996
fig3_community_ve,1101.0,0.8,0.3,0,88.91916439600364,53,122.0,2026480053,0.3,0.44999999999999996
fig3_community_ve,1127.0,0.8,0.3,0,85.27062999112688,54,166.0,2026480054,0.3,0.44999999999999996
fig3_community_ve,959.0,0.8,0.3,0,87.79979144942648,55,117.0,2026480055,0.3,0.44999999999999996
fig3_community_ve,878.0,0.8,0.3,0,85.42141230068337,56,128.0,2026480056,0.3,0.44999999999999996
fig3_community_ve,1205.0,0.8,0.3,0,87.38589211618257,57,152.0,2026480057,0.3,0.44999999999999996
fig3_community_ve,1056.0,0.8,0.3,0,85.98484848484848,58,148.0,2026480058,0.3,0.44999999999999996
fig3_community_ve,1288.0,0.8,0.3,0,88.35403726708074,59,150.0,2026480059,0.3,0.44999999999999996
fig3_community_ve,821.0,0.8,0.3,0,86.72350791717417,60,109.0,2026480060,0.3,0.44999999999999996
fig3_community_ve,1188.0,0.8,0.3,0,87.71043771043772,61,146.0,2026480061,0.3,0.44999999999999996
fig3_community_ve,1375.0,0.8,0.3,0,89.38181818181818,62,146.0,2026480062,0.3,0.44999999999999996
fig3_community_ve,931.0,0.8,0.3,0,85.60687432867884,63,134.0,2026480063,0.3,0.44999999999999996
fig3_community_ve,1513.0,0.8,0.3,0,90.81295439524125,64,139.0,2026480064,0.3,0.44999999999999996
fig3_community_ve,1105.0,0.8,0.3,0,90.40723981900453,65,106.0,2026480065,0.3,0.44999999999999996
fig3_community_ve,1294.0,0.8,0.3,0,87.86707882534776,66,157.0,2026480066,0.3,0.44999999999999996
fig3_community_ve,865.0,0.8,0.3,0,85.20231213872832,67,128.0,2026480067,0.3,0.44999999999999996
fig3_community_ve,1379.0,0.8,0.3,0,86.22189992748369,68,190.0,2026480068,0.3,0.44999999999999996
fig3_community_ve,1415.0,0.8,0.3,0,91.02473498233215,69,127.00000000000001,2026480069,0.3,0.44999999999999996
fig3_community_ve,984.0,0.8,0.3,0,89.83739837398375,70,100.0,2026480070,0.3,0.44999999999999996
fig3_community_ve,1115.0,0.8,0.3,0,87.08520179372198,71,144.0,2026480071,0.3,0.44999999999999996
fig3_community_ve,1195.0,0.8,0.3,0,89.0376569037657,72,131.0,2026480072,0.3,0.44999999999999996
fig3_community_ve,988.0,0.8,0.3,0,83.60323886639677,73,162.0,2026480073,0.3,0.44999999999999996
fig3_community_ve,982.0000000000001,0.8,0.3,0,88.28920570264766,74,115.0,2026480074,0.3,0.44999999999999996
fig3_community_ve,1024.0,0.8,0.3,0,86.62109375,75,137.0,2026480075,0.3,0.44999999999999996
fig3_community_ve,895.0,0.8,0.3,0,85.02793296089385,76,134.0,2026480076,0.3,0.44999999999999996
fig3_community_ve,990.0000000000001,0.8,0.3,0,79.3939393939394,77,204.00000000000003,2026480077,0.3,0.44999999999999996
fig3_community_ve,1246.0,0.8,0.3,0,88.20224719101124,78,147.0,2026480078,0.3,0.44999999999999996
fig3_community_ve,1131.0,0.8,0.3,0,89.2130857648099,79,122.0,2026480079,0.3,0.44999999999999996
fig3_community_ve,1066.0,0.8,0.3,0,88.93058161350844,80,118.0,2026480080,0.3,0.44999999999999996
fig3_community_ve,1465.0,0.8,0.3,0,87.84982935153583,81,178.0,2026480081,0.3,0.44999999999999996
fig3_community_ve,1204.0,0.8,0.3,0,88.62126245847176,82,137.0,2026480082,0.3,0.44999999999999996
fig3_community_ve,1162.0,0.8,0.3,0,87.09122203098107,83,150.0,2026480083,0.3,0.44999999999999996
fig3_community_ve,799.0000000000001,0.8,0.3,0,86.73341677096371,84,106.0,2026480084,0.3,0.44999999999999996
fig3_community_ve,817.0,0.8,0.3,0,89.22888616891065,85,88.0,2026480085,0.3,0.44999999999999996
fig3_community_ve,1352.0,0.8,0.3,0,88.46153846153847,86,156.0,2026480086,0.3,0.44999999999999996
fig3_community_ve,1000.0,0.8,0.3,0,88.3,87,117.0,2026480087,0.3,0.44999999999999996
fig3_community_ve,1114.0,0.8,0.3,0,88.59964093357272,88,127.00000000000001,2026480088,0.3,0.44999999999999996
fig3_community_ve,1193.0,0.8,0.3,0,90.19279128248114,89,117.0,2026480089,0.3,0.44999999999999996
fig3_community_ve,1128.0,0.8,0.3,0,85.72695035460993,90,161.0,2026480090,0.3,0.44999999999999996
fig3_community_ve,1270.0,0.8,0.3,0,87.63779527559055,91,157.0,2026480091,0.3,0.44999999999999996
fig3_community_ve,789.0,0.8,0.3,0,83.65019011406844,92,129.0,2026480092,0.3,0.44999999999999996
fig3_community_ve,956.0000000000001,0.8,0.3,0,87.34309623430963,93,120.99999999999999,2026480093,0.3,0.44999999999999996
fig3_community_ve,784.9999999999999,0.8,0.3,0,87.77070063694266,94,96.0,2026480094,0.3,0.44999999999999996
fig3_community_ve,1171.0,0.8,0.3,0,88.12980358667805,95,139.0,2026480095,0.3,0.44999999999999996
fig3_community_ve,1361.0,0.8,0.3,0,87.72961058045554,96,167.0,2026480096,0.3,0.44999999999999996
fig3_community_ve,888.0000000000001,0.8,0.3,0,85.58558558558559,97,128.0,2026480097,0.3,0.44999999999999996
fig3_community_ve,1222.0,0.8,0.3,0,87.31587561374795,98,155.0,2026480098,0.3,0.44999999999999996
fig3_community_ve,1114.0,0.8,0.3,0,83.6624775583483,99,182.0,2026480099,0.3,0.44999999999999996
fig3_community_ve,1561.0,0.8,0.3,0,92.24855861627162,0,120.99999999999999,2026481000,0.3,0.6
fig3_community_ve,1581.0,0.8,0.3,0,92.662871600253,1,116.0,2026481001,0.3,0.6
fig3_community_ve,952.0000000000001,0.8,0.3,0,91.49159663865547,2,81.0,2026481002,0.3,0.6
fig3_community_ve,1476.0,0.8,0.3,0,91.0569105691057,3,132.0,2026481003,0.3,0.6
fig3_community_ve,1154.0,0.8,0.3,0,90.46793760831889,4,110.0,2026481004,0.3,0.6
fig3_community_ve,885.0,0.8,0.3,0,87.45762711864407,5,111.00000000000001,2026481005,0.3,0.6
fig3_community_ve,1477.0,0.8,0.3,0,93.0264048747461,6,103.00000000000001,2026481006,0.3,0.6
fig3_community_ve,1207.0,0.8,0.3,0,91.30074565037283,7,105.0,2026481007,0.3,0.6
fig3_community_ve,1095.0,0.8,0.3,0,92.23744292237443,8,85.0,2026481008,0.3,0.6
fig3_community_ve,881.0,0.8,0.3,0,88.0817253121453,9,105.0,2026481009,0.3,0.6
fig3_community_ve,1042.0,0.8,0.3,0,89.82725527831094,10,106.0,2026481010,0.3,0.6
fig3_community_ve,1247.0,0.8,0.3,0,89.81555733761026,11,127.00000000000001,2026481011,0.3,0.6
fig3_community_ve,1057.0,0.8,0.3,0,90.06622516556291,12,105.0,2026481012,0.3,0.6
fig3_community_ve,1249.0,0.8,0.3,0,93.11449159327462,13,86.0,2026481013,0.3,0.6
fig3_community_ve,1001.9999999999999,0.8,0.3,0,90.61876247504989,14,94.0,2026481014,0.3,0.6
fig3_community_ve,950.0,0.8,0.3,0,88.42105263157895,15,110.0,2026481015,0.3,0.6
fig3_community_ve,1161.0,0.8,0.3,0,93.28165374677003,16,78.0,2026481016,0.3,0.6
fig3_community_ve,1175.0,0.8,0.3,0,91.23404255319149,17,103.00000000000001,2026481017,0.3,0.6
fig3_community_ve,1036.0,0.8,0.3,0,90.92664092664093,18,94.0,2026481018,0.3,0.6
fig3_community_ve,886.9999999999999,0.8,0.3,0,89.06426155580608,19,97.0,2026481019,0.3,0.6
fig3_community_ve,885.0,0.8,0.3,0,90.05649717514125,20,88.0,2026481020,0.3,0.6
fig3_community_ve,1101.0,0.8,0.3,0,91.46230699364214,21,94.0,2026481021,0.3,0.6
fig3_community_ve,1385.0,0.8,0.3,0,91.84115523465704,22,112.99999999999999,2026481022,0.3,0.6
fig3_community_ve,1396.0,0.8,0.3,0,89.89971346704871,23,141.0,2026481023,0.3,0.6
fig3_community_ve,1202.0,0.8,0.3,0,91.5973377703827,24,101.0,2026481024,0.3,0.6
fig3_community_ve,1219.0,0.8,0.3,0,91.96062346185398,25,98.0,2026481025,0.3,0.6
fig3_community_ve,1114.0,0.8,0.3,0,88.8689407540395,26,124.0,2026481026,0.3,0.6
fig3_community_ve,861.0,0.8,0.3,0,85.9465737514518,27,120.99999999999999,2026481027,0.3,0.6
fig3_community_ve,1311.0,0.8,0.3,0,89.39740655987795,28,139.0,2026481028,0.3,0.6
fig3_community_ve,1511.0,0.8,0.3,0,91.46260754467241,29,129.0,2026481029,0.3,0.6
fig3_community_ve,996.0,0.8,0.3,0,90.76305220883535,30,92.0,2026481030,0.3,0.6
fig3_community_ve,1162.0,0.8,0.3,0,90.79173838209982,31,107.0,2026481031,0.3,0.6
fig3_community_ve,976.0,0.8,0.3,0,91.29098360655738,32,85.0,2026481032,0.3,0.6
fig3_community_ve,1208.0,0.8,0.3,0,91.63907284768212,33,101.0,2026481033,0.3,0.6
fig3_community_ve,912.9999999999999,0.8,0.3,0,89.1566265060241,34,99.0,2026481034,0.3,0.6
fig3_community_ve,1316.0,0.8,0.3,0,92.70516717325228,35,96.0,2026481035,0.3,0.6
fig3_community_ve,1534.0,0.8,0.3,0,91.52542372881356,36,130.0,2026481036,0.3,0.6
fig3_community_ve,796.0,0.8,0.3,0,88.69346733668341,37,90.0,2026481037,0.3,0.6
fig3_community_ve,1024.0,0.8,0.3,0,89.453125,38,108.0,2026481038,0.3,0.6
fig3_community_ve,1226.0,0.8,0.3,0,89.39641109298532,39,130.0,2026481039,0.3,0.6
fig3_community_ve,940.0,0.8,0.3,0,90.42553191489361,40,90.0,2026481040,0.3,0.6
fig3_community_ve,1043.0,0.8,0.3,0,90.79578139980825,41,96.0,2026481041,0.3,0.6
fig3_community_ve,949.0,0.8,0.3,0,87.35511064278188,42,119.99999999999999,2026481042,0.3,0.6
fig3_community_ve,869.0,0.8,0.3,0,90.4487917146145,43,83.0,2026481043,0.3,0.6
fig3_community_ve,1231.0,0.8,0.3,0,90.25182778229082,44,119.99999999999999,2026481044,0.3,0.6
fig3_community_ve,944.0,0.8,0.3,0,90.67796610169492,45,88.0,2026481045,0.3,0.6
fig3_community_ve,1252.0,0.8,0.3,0,90.09584664536742,46,124.0,2026481046,0.3,0.6
fig3_community_ve,1248.0,0.8,0.3,0,90.86538461538461,47,114.0,2026481047,0.3,0.6
fig3_community_ve,1127.0,0.8,0.3,0,86.86779059449867,48,148.0,2026481048,0.3,0.6
fig3_community_ve,1284.0,0.8,0.3,0,91.58878504672897,49,108.0,2026481049,0.3,0.6
fig3_community_ve,978.0,0.8,0.3,0,87.73006134969326,50,119.99999999999999,2026481050,0.3,0.6
fig3_community_ve,1595.0,0.8,0.3,0,92.16300940438872,51,125.0,2026481051,0.3,0.6
fig3_community_ve,1506.0,0.8,0.3,0,91.10225763612218,52,134.0,2026481052,0.3,0.6
fig3_community_ve,967.0,0.8,0.3,0,90.6928645294726,53,90.0,2026481053,0.3,0.6
fig3_community_ve,935.0000000000001,0.8,0.3,0,91.55080213903744,54,79.0,2026481054,0.3,0.6
fig3_community_ve,1197.0,0.8,0.3,0,89.39014202172098,55,127.00000000000001,2026481055,0.3,0.6
fig3_community_ve,940.0,0.8,0.3,0,87.65957446808511,56,116.0,2026481056,0.3,0.6
fig3_community_ve,1123.0,0.8,0.3,0,90.29385574354407,57,109.0,2026481057,0.3,0.6
fig3_community_ve,1369.0,0.8,0.3,0,92.18407596785975,58,107.0,2026481058,0.3,0.6
fig3_community_ve,818.9999999999999,0.8,0.3,0,88.15628815628816,59,97.0,2026481059,0.3,0.6
fig3_community_ve,1472.0,0.8,0.3,0,88.8586956521739,60,164.0,2026481060,0.3,0.6
fig3_community_ve,1212.0,0.8,0.3,0,88.86138613861387,61,135.0,2026481061,0.3,0.6
fig3_community_ve,1081.0,0.8,0.3,0,90.19426456984274,62,106.0,2026481062,0.3,0.6
fig3_community_ve,1262.0,0.8,0.3,0,92.47226624405705,63,95.0,2026481063,0.3,0.6
fig3_community_ve,799.0000000000001,0.8,0.3,0,90.11264080100126,64,79.0,2026481064,0.3,0.6
fig3_community_ve,1063.0,0.8,0.3,0,90.49858889934148,65,101.0,2026481065,0.3,0.6
fig3_community_ve,1211.0,0.8,0.3,0,90.09083402146986,66,119.99999999999999,2026481066,0.3,0.6
fig3_community_ve,1007.0000000000001,0.8,0.3,0,90.96325719960278,67,91.0,2026481067,0.3,0.6
fig3_community_ve,1725.0000000000002,0.8,0.3,0,90.95652173913044,68,156.0,2026481068,0.3,0.6
fig3_community_ve,1413.0,0.8,0.3,0,91.57820240622789,69,119.00000000000001,2026481069,0.3,0.6
fig3_community_ve,1084.0,0.8,0.3,0,90.03690036900369,70,108.0,2026481070,0.3,0.6
fig3_community_ve,1001.0,0.8,0.3,0,88.41158841158841,71,116.0,2026481071,0.3,0.6
fig3_community_ve,1150.0,0.8,0.3,0,91.1304347826087,72,102.00000000000001,2026481072,0.3,0.6
fig3_community_ve,944.0,0.8,0.3,0,93.64406779661017,73,59.99999999999999,2026481073,0.3,0.6
fig3_community_ve,1020.0000000000001,0.8,0.3,0,88.33333333333334,74,119.00000000000001,2026481074,0.3,0.6
fig3_community_ve,1209.0,0.8,0.3,0,89.49545078577337,75,127.00000000000001,2026481075,0.3,0.6
fig3_community_ve,1164.0,0.8,0.3,0,91.92439862542955,76,94.0,2026481076,0.3,0.6
fig3_community_ve,1268.0,0.8,0.3,0,89.1955835962145,77,137.0,2026481077,0.3,0.6
fig3_community_ve,821.0,0.8,0.3,0,90.49939098660171,78,78.0,2026481078,0.3,0.6
fig3_community_ve,1174.0,0.8,0.3,0,88.75638841567292,79,132.0,2026481079,0.3,0.6
fig3_community_ve,1235.0,0.8,0.3,0,89.7165991902834,80,127.00000000000001,2026481080,0.3,0.6
fig3_community_ve,1213.0,0.8,0.3,0,90.76669414674362,81,111.99999999999999,2026481081,0.3,0.6
fig3_community_ve,850.0000000000001,0.8,0.3,0,86.11764705882354,82,118.0,2026481082,0.3,0.6
fig3_community_ve,1216.0,0.8,0.3,0,90.21381578947368,83,119.00000000000001,2026481083,0.3,0.6
fig3_community_ve,1258.0,0.8,0.3,0,87.91732909379968,84,152.0,2026481084,0.3,0.6
fig3_community_ve,1692.0,0.8,0.3,0,91.548463356974,85,143.0,2026481085,0.3,0.6
fig3_community_ve,1290.0,0.8,0.3,0,93.33333333333333,86,86.0,2026481086,0.3,0.6
fig3_community_ve,874.0,0.8,0.3,0,89.47368421052632,87,92.0,2026481087,0.3,0.6
fig3_community_ve,1122.0,0.8,0.3,0,90.46345811051694,88,107.0,2026481088,0.3,0.6
fig3_community_ve,1615.0000000000002,0.8,0.3,0,90.09287925696594,89,160.0,2026481089,0.3,0.6
fig3_community_ve,871.0000000000001,0.8,0.3,0,90.35591274397245,90,84.0,2026481090,0.3,0.6
fig3_community_ve,1013.0,0.8,0.3,0,90.62191510365251,91,95.0,2026481091,0.3,0.6
fig3_community_ve,827.9999999999999,0.8,0.3,0,88.16425120772946,92,98.0,2026481092,0.3,0.6
fig3_community_ve,1316.0,0.8,0.3,0,92.47720364741642,93,99.0,2026481093,0.3,0.6
fig3_community_ve,1126.0,0.8,0.3,0,92.53996447602131,94,84.0,2026481094,0.3,0.6
fig3_community_ve,1037.0,0.8,0.3,0,89.48891031822565,95,109.0,2026481095,0.3,0.6
fig3_community_ve,1233.0,0.8,0.3,0,89.13219789132198,96,134.0,2026481096,0.3,0.6
fig3_community_ve,1130.0,0.8,0.3,0,90.79646017699115,97,103.99999999999999,2026481097,0.3,0.6
fig3_community_ve,923.0,0.8,0.3,0,85.37378114842903,98,135.0,2026481098,0.3,0.6
fig3_community_ve,1029.0,0.8,0.3,0,89.31000971817298,99,110.0,2026481099,0.3,0.6
fig3_community_ve,1454.0,0.8,0.3,0,94.15405777166437,0,85.0,2026483000,0.3,0.9
fig3_community_ve,1279.0,0.8,0.3,0,93.97967161845192,1,77.0,2026483001,0.3,0.9
fig3_community_ve,1152.0,0.8,0.3,0,90.97222222222223,2,103.99999999999999,2026483002,0.3,0.9
fig3_community_ve,1073.0,0.8,0.3,0,94.22180801491146,3,62.0,2026483003,0.3,0.9
fig3_community_ve,1384.0,0.8,0.3,0,93.9306358381503,4,84.0,2026483004,0.3,0.9
fig3_community_ve,979.0,0.8,0.3,0,91.21552604698672,5,86.0,2026483005,0.3,0.9
fig3_community_ve,1057.0,0.8,0.3,0,90.91769157994324,6,96.0,2026483006,0.3,0.9
fig3_community_ve,978.0,0.8,0.3,0,94.06952965235173,7,58.0,2026483007,0.3,0.9
fig3_community_ve,795.0,0.8,0.3,0,91.06918238993711,8,71.0,2026483008,0.3,0.9
fig3_community_ve,1891.0,0.8,0.3,0,93.07244843997884,9,131.0,2026483009,0.3,0.9
fig3_community_ve,875.0000000000001,0.8,0.3,0,90.85714285714286,10,80.0,2026483010,0.3,0.9
fig3_community_ve,1036.0,0.8,0.3,0,92.56756756756756,11,77.0,2026483011,0.3,0.9
fig3_community_ve,965.0000000000001,0.8,0.3,0,93.47150259067358,12,63.0,2026483012,0.3,0.9
fig3_community_ve,1358.0,0.8,0.3,0,93.0780559646539,13,94.0,2026483013,0.3,0.9
fig3_community_ve,944.0,0.8,0.3,0,94.17372881355932,14,55.0,2026483014,0.3,0.9
fig3_community_ve,936.0,0.8,0.3,0,91.88034188034187,15,76.0,2026483015,0.3,0.9
fig3_community_ve,1474.0,0.8,0.3,0,93.62279511533242,16,94.0,2026483016,0.3,0.9
fig3_community_ve,1116.0,0.8,0.3,0,94.26523297491039,17,64.0,2026483017,0.3,0.9
fig3_community_ve,982.0000000000001,0.8,0.3,0,93.89002036659878,18,59.99999999999999,2026483018,0.3,0.9
fig3_community_ve,1364.0,0.8,0.3,0,92.96187683284458,19,96.0,2026483019,0.3,0.9
fig3_community_ve,764.0,0.8,0.3,0,92.01570680628272,20,61.0,2026483020,0.3,0.9
fig3_community_ve,1070.0,0.8,0.3,0,91.21495327102804,21,94.0,2026483021,0.3,0.9
fig3_community_ve,1211.0,0.8,0.3,0,93.0635838150289,22,84.0,2026483022,0.3,0.9
fig3_community_ve,1056.0,0.8,0.3,0,92.51893939393939,23,79.0,2026483023,0.3,0.9
fig3_community_ve,1000.0,0.8,0.3,0,91.5,24,85.0,2026483024,0.3,0.9
fig3_community_ve,1280.0,0.8,0.3,0,93.75,25,80.0,2026483025,0.3,0.9
fig3_community_ve,1211.0,0.8,0.3,0,91.32947976878613,26,105.0,2026483026,0.3,0.9
fig3_community_ve,831.9999999999999,0.8,0.3,0,89.42307692307692,27,88.0,2026483027,0.3,0.9
fig3_community_ve,808.0,0.8,0.3,0,93.31683168316832,28,54.0,2026483028,0.3,0.9
fig3_community_ve,1604.9999999999998,0.8,0.3,0,93.58255451713396,29,103.00000000000001,2026483029,0.3,0.9
fig3_community_ve,1238.0,0.8,0.3,0,94.58804523424878,30,67.0,2026483030,0.3,0.9
fig3_community_ve,893.0,0.8,0.3,0,91.48936170212765,31,76.0,2026483031,0.3,0.9
fig3_community_ve,831.9999999999999,0.8,0.3,0,93.6298076923077,32,53.0,2026483032,0.3,0.9
fig3_community_ve,1341.0,0.8,0.3,0,93.36316181953765,33,89.0,2026483033,0.3,0.9
fig3_community_ve,806.0,0.8,0.3,0,92.3076923076923,34,62.0,2026483034,0.3,0.9
fig3_community_ve,1505.0,0.8,0.3,0,93.2890365448505,35,101.0,2026483035,0.3,0.9
fig3_community_ve,1298.0,0.8,0.3,0,92.91217257318952,36,92.0,2026483036,0.3,0.9
fig3_community_ve,605.0,0.8,0.3,0,89.75206611570248,37,62.0,2026483037,0.3,0.9
fig3_community_ve,1259.0,0.8,0.3,0,92.6131850675139,38,93.0,2026483038,0.3,0.9
fig3_community_ve,1008.0,0.8,0.3,0,93.9484126984127,39,61.0,2026483039,0.3,0.9
fig3_community_ve,958.0,0.8,0.3,0,92.37995824634656,40,73.0,2026483040,0.3,0.9
fig3_community_ve,1120.0,0.8,0.3,0,93.75,41,70.0,2026483041,0.3,0.9
fig3_community_ve,1173.0,0.8,0.3,0,93.17988064791133,42,80.0,2026483042,0.3,0.9
fig3_community_ve,1513.0,0.8,0.3,0,94.24983476536683,43,87.0,2026483043,0.3,0.9
fig3_community_ve,979.0,0.8,0.3,0,92.64555669050051,44,72.0,2026483044,0.3,0.9
fig3_community_ve,1040.0,0.8,0.3,0,91.4423076923077,45,89.0,2026483045,0.3,0.9
fig3_community_ve,990.0000000000001,0.8,0.3,0,94.24242424242425,46,57.0,2026483046,0.3,0.9
fig3_community_ve,1062.0,0.8,0.3,0,90.48964218455744,47,101.0,2026483047,0.3,0.9
fig3_community_ve,1088.0,0.8,0.3,0,90.99264705882354,48,98.0,2026483048,0.3,0.9
fig3_community_ve,1025.0,0.8,0.3,0,93.36585365853658,49,68.0,2026483049,0.3,0.9
fig3_community_ve,1129.0,0.8,0.3,0,93.97697077059344,50,68.0,2026483050,0.3,0.9
fig3_community_ve,1010.0,0.8,0.3,0,90.1980198019802,51,99.0,2026483051,0.3,0.9
fig3_community_ve,1021.0,0.8,0.3,0,92.36043095004896,52,78.0,2026483052,0.3,0.9
fig3_community_ve,1081.0,0.8,0.3,0,91.58186864014802,53,91.0,2026483053,0.3,0.9
fig3_community_ve,1005.0,0.8,0.3,0,93.03482587064677,54,70.0,2026483054,0.3,0.9
fig3_community_ve,1165.0,0.8,0.3,0,92.36051502145922,55,89.0,2026483055,0.3,0.9
fig3_community_ve,1475.0,0.8,0.3,0,93.08474576271186,56,102.00000000000001,2026483056,0.3,0.9
fig3_community_ve,1095.0,0.8,0.3,0,93.15068493150685,57,75.0,2026483057,0.3,0.9
fig3_community_ve,1075.0,0.8,0.3,0,94.97674418604652,58,54.0,2026483058,0.3,0.9
fig3_community_ve,931.0,0.8,0.3,0,92.9108485499463,59,66.0,2026483059,0.3,0.9
fig3_community_ve,1158.0,0.8,0.3,0,93.52331606217616,60,75.0,2026483060,0.3,0.9
fig3_community_ve,830.0,0.8,0.3,0,93.6144578313253,61,53.0,2026483061,0.3,0.9
fig3_community_ve,1475.0,0.8,0.3,0,91.86440677966101,62,119.99999999999999,2026483062,0.3,0.9
fig3_community_ve,1350.0,0.8,0.3,0,93.55555555555556,63,87.0,2026483063,0.3,0.9
fig3_community_ve,1175.0,0.8,0.3,0,92.17021276595744,64,92.0,2026483064,0.3,0.9
fig3_community_ve,1204.0,0.8,0.3,0,93.10631229235881,65,83.0,2026483065,0.3,0.9
fig3_community_ve,1371.0,0.8,0.3,0,92.5601750547046,66,102.00000000000001,2026483066,0.3,0.9
fig3_community_ve,1037.0,0.8,0.3,0,91.99614271938283,67,83.0,2026483067,0.3,0.9
fig3_community_ve,1142.0,0.8,0.3,0,92.29422066549913,68,88.0,2026483068,0.3,0.9
fig3_community_ve,1429.0,0.8,0.3,0,93.91182645206437,69,87.0,2026483069,0.3,0.9
fig3_community_ve,1641.0,0.8,0.3,0,92.99207800121877,70,115.0,2026483070,0.3,0.9
fig3_community_ve,1085.0,0.8,0.3,0,91.9815668202765,71,87.0,2026483071,0.3,0.9
fig3_community_ve,664.0,0.8,0.3,0,90.51204819277109,72,63.0,2026483072,0.3,0.9
fig3_community_ve,1083.0,0.8,0.3,0,92.24376731301939,73,84.0,2026483073,0.3,0.9
fig3_community_ve,1175.0,0.8,0.3,0,93.19148936170212,74,80.0,2026483074,0.3,0.9
fig3_community_ve,1339.0,0.8,0.3,0,92.4570575056012,75,101.0,2026483075,0.3,0.9
fig3_community_ve,1110.0,0.8,0.3,0,93.15315315315316,76,76.0,2026483076,0.3,0.9
fig3_community_ve,979.0,0.8,0.3,0,92.13483146067416,77,77.0,2026483077,0.3,0.9
fig3_community_ve,1152.0,0.8,0.3,0,91.66666666666667,78,96.0,2026483078,0.3,0.9
fig3_community_ve,1086.0,0.8,0.3,0,93.18600368324125,79,74.0,2026483079,0.3,0.9
fig3_community_ve,1116.0,0.8,0.3,0,92.29390681003584,80,86.0,2026483080,0.3,0.9
fig3_community_ve,938.0,0.8,0.3,0,93.17697228144989,81,64.0,2026483081,0.3,0.9
fig3_community_ve,1495.0,0.8,0.3,0,93.37792642140468,82,99.0,2026483082,0.3,0.9
fig3_community_ve,743.0,0.8,0.3,0,90.71332436069987,83,69.0,2026483083,0.3,0.9
fig3_community_ve,1383.0,0.8,0.3,0,92.48011569052784,84,103.99999999999999,2026483084,0.3,0.9
fig3_community_ve,790.0000000000001,0.8,0.3,0,91.26582278481013,85,69.0,2026483085,0.3,0.9
fig3_community_ve,864.0,0.8,0.3,0,90.85648148148148,86,79.0,2026483086,0.3,0.9
fig3_community_ve,1199.0,0.8,0.3,0,93.16096747289407,87,82.0,2026483087,0.3,0.9
fig3_community_ve,1253.0,0.8,0.3,0,93.21628092577814,88,85.0,2026483088,0.3,0.9
fig3_community_ve,711.0,0.8,0.3,0,88.60759493670886,89,81.0,2026483089,0.3,0.9
fig3_community_ve,1481.0,0.8,0.3,0,92.64010803511141,90,109.0,2026483090,0.3,0.9
fig3_community_ve,1131.0,0.8,0.3,0,92.74977895667551,91,82.0,2026483091,0.3,0.9
fig3_community_ve,1694.0,0.8,0.3,0,93.38842975206612,92,111.99999999999999,2026483092,0.3,0.9
fig3_community_ve,920.0,0.8,0.3,0,89.78260869565217,93,94.0,2026483093,0.3,0.9
fig3_community_ve,1659.0,0.8,0.3,0,93.49005424954792,94,108.0,2026483094,0.3,0.9
fig3_community_ve,1157.0,0.8,0.3,0,92.3076923076923,95,89.0,2026483095,0.3,0.9
fig3_community_ve,1047.0,0.8,0.3,0,92.74116523400191,96,76.0,2026483096,0.3,0.9
fig3_community_ve,1183.0,0.8,0.3,0,92.39222316145393,97,90.0,2026483097,0.3,0.9
fig3_community_ve,878.9999999999999,0.8,0.3,0,92.15017064846415,98,69.0,2026483098,0.3,0.9
fig3_community_ve,1150.0,0.8,0.3,0,93.21739130434783,99,78.0,2026483099,0.3,0.9
fig3_community_ve,1158.0,0.8,0.3,0,91.96891191709845,0,93.0,2026482000,0.3,0.75
fig3_community_ve,1040.0,0.8,0.3,0,90.1923076923077,1,102.00000000000001,2026482001,0.3,0.75
fig3_community_ve,872.0,0.8,0.3,0,90.71100917431193,2,81.0,2026482002,0.3,0.75
fig3_community_ve,851.0,0.8,0.3,0,92.7144535840188,3,62.0,2026482003,0.3,0.75
fig3_community_ve,1064.0,0.8,0.3,0,91.82330827067669,4,87.0,2026482004,0.3,0.75
fig3_community_ve,652.0,0.8,0.3,0,91.56441717791411,5,55.0,2026482005,0.3,0.75
fig3_community_ve,989.0,0.8,0.3,0,91.30434782608695,6,86.0,2026482006,0.3,0.75
fig3_community_ve,1203.0,0.8,0.3,0,91.4380714879468,7,103.00000000000001,2026482007,0.3,0.75
fig3_community_ve,1008.0,0.8,0.3,0,91.36904761904762,8,87.0,2026482008,0.3,0.75
fig3_community_ve,954.0,0.8,0.3,0,90.77568134171908,9,88.0,2026482009,0.3,0.75
fig3_community_ve,1076.0,0.8,0.3,0,92.4721189591078,10,81.0,2026482010,0.3,0.75
fig3_community_ve,959.0,0.8,0.3,0,92.07507820646507,11,76.0,2026482011,0.3,0.75
fig3_community_ve,1411.0,0.8,0.3,0,93.47980155917789,12,92.0,2026482012,0.3,0.75
fig3_community_ve,1101.0,0.8,0.3,0,92.37057220708446,13,84.0,2026482013,0.3,0.75
fig3_community_ve,984.0,0.8,0.3,0,91.36178861788618,14,85.0,2026482014,0.3,0.75
fig3_community_ve,1264.0,0.8,0.3,0,92.95886075949367,15,89.0,2026482015,0.3,0.75
fig3_community_ve,1039.0,0.8,0.3,0,92.49278152069297,16,78.0,2026482016,0.3,0.75
fig3_community_ve,812.0,0.8,0.3,0,91.99507389162562,17,65.0,2026482017,0.3,0.75
fig3_community_ve,921.0,0.8,0.3,0,92.18241042345277,18,72.0,2026482018,0.3,0.75
fig3_community_ve,1008.0,0.8,0.3,0,90.27777777777777,19,98.0,2026482019,0.3,0.75
fig3_community_ve,1688.9999999999998,0.8,0.3,0,92.53996447602131,20,126.0,2026482020,0.3,0.75
fig3_community_ve,795.0,0.8,0.3,0,89.30817610062893,21,85.0,2026482021,0.3,0.75
fig3_community_ve,1326.0,0.8,0.3,0,91.8552036199095,22,108.0,2026482022,0.3,0.75
fig3_community_ve,793.9999999999999,0.8,0.3,0,90.30226700251889,23,77.0,2026482023,0.3,0.75
fig3_community_ve,1217.0,0.8,0.3,0,90.71487263763352,24,112.99999999999999,2026482024,0.3,0.75
fig3_community_ve,1086.0,0.8,0.3,0,89.77900552486187,25,111.00000000000001,2026482025,0.3,0.75
fig3_community_ve,1308.0,0.8,0.3,0,92.43119266055047,26,99.0,2026482026,0.3,0.75
fig3_community_ve,916.9999999999999,0.8,0.3,0,91.71210468920393,27,76.0,2026482027,0.3,0.75
fig3_community_ve,1333.0,0.8,0.3,0,91.44786196549137,28,114.0,2026482028,0.3,0.75
fig3_community_ve,1149.0,0.8,0.3,0,92.34116623150565,29,88.0,2026482029,0.3,0.75
fig3_community_ve,1249.0,0.8,0.3,0,91.1128903122498,30,111.00000000000001,2026482030,0.3,0.75
fig3_community_ve,1533.0,0.8,0.3,0,91.58512720156556,31,129.0,2026482031,0.3,0.75
fig3_community_ve,1062.0,0.8,0.3,0,89.6421845574388,32,110.0,2026482032,0.3,0.75
fig3_community_ve,976.9999999999999,0.8,0.3,0,90.2763561924258,33,95.0,2026482033,0.3,0.75
fig3_community_ve,755.0,0.8,0.3,0,90.72847682119205,34,70.0,2026482034,0.3,0.75
fig3_community_ve,1414.0,0.8,0.3,0,92.71570014144271,35,103.00000000000001,2026482035,0.3,0.75
fig3_community_ve,1331.0,0.8,0.3,0,92.48685199098422,36,100.0,2026482036,0.3,0.75
fig3_community_ve,1464.0,0.8,0.3,0,91.18852459016394,37,129.0,2026482037,0.3,0.75
fig3_community_ve,1208.0,0.8,0.3,0,91.05960264900662,38,108.0,2026482038,0.3,0.75
fig3_community_ve,997.9999999999999,0.8,0.3,0,90.48096192384769,39,95.0,2026482039,0.3,0.75
fig3_community_ve,983.0,0.8,0.3,0,91.65818921668362,40,82.0,2026482040,0.3,0.75
fig3_community_ve,1177.0,0.8,0.3,0,92.69328802039082,41,86.0,2026482041,0.3,0.75
fig3_community_ve,1024.0,0.8,0.3,0,91.9921875,42,82.0,2026482042,0.3,0.75
fig3_community_ve,1066.0,0.8,0.3,0,92.5891181988743,43,79.0,2026482043,0.3,0.75
fig3_community_ve,1066.0,0.8,0.3,0,90.71294559099437,44,99.0,2026482044,0.3,0.75
fig3_community_ve,1179.0,0.8,0.3,0,92.87531806615776,45,84.0,2026482045,0.3,0.75
fig3_community_ve,873.0,0.8,0.3,0,93.12714776632302,46,59.99999999999999,2026482046,0.3,0.75
fig3_community_ve,929.9999999999999,0.8,0.3,0,91.29032258064515,47,81.0,2026482047,0.3,0.75
fig3_community_ve,770.0,0.8,0.3,0,90.9090909090909,48,70.0,2026482048,0.3,0.75
fig3_community_ve,1144.0,0.8,0.3,0,91.52097902097903,49,97.0,2026482049,0.3,0.75
fig3_community_ve,1288.0,0.8,0.3,0,92.54658385093168,50,96.0,2026482050,0.3,0.75
fig3_community_ve,1188.0,0.8,0.3,0,94.10774410774411,51,70.0,2026482051,0.3,0.75
fig3_community_ve,1311.0,0.8,0.3,0,90.16018306636155,52,129.0,2026482052,0.3,0.75
fig3_community_ve,1154.0,0.8,0.3,0,90.2946273830156,53,111.99999999999999,2026482053,0.3,0.75
fig3_community_ve,1431.0,0.8,0.3,0,93.71069182389937,54,90.0,2026482054,0.3,0.75
fig3_community_ve,1365.0,0.8,0.3,0,92.01465201465201,55,109.0,2026482055,0.3,0.75
fig3_community_ve,1137.0,0.8,0.3,0,92.87598944591029,56,81.0,2026482056,0.3,0.75
fig3_community_ve,1382.0,0.8,0.3,0,92.32995658465991,57,106.0,2026482057,0.3,0.75
fig3_community_ve,1017.0,0.8,0.3,0,91.05211406096362,58,91.0,2026482058,0.3,0.75
fig3_community_ve,1034.0,0.8,0.3,0,92.06963249516441,59,82.0,2026482059,0.3,0.75
fig3_community_ve,1434.0,0.8,0.3,0,94.07252440725244,60,85.0,2026482060,0.3,0.75
fig3_community_ve,1525.0,0.8,0.3,0,92.39344262295081,61,116.0,2026482061,0.3,0.75
fig3_community_ve,1292.0,0.8,0.3,0,91.79566563467492,62,106.0,2026482062,0.3,0.75
fig3_community_ve,1424.0,0.8,0.3,0,91.85393258426966,63,116.0,2026482063,0.3,0.75
fig3_community_ve,991.0,0.8,0.3,0,91.82643794147326,64,81.0,2026482064,0.3,0.75
fig3_community_ve,754.0,0.8,0.3,0,88.46153846153847,65,87.0,2026482065,0.3,0.75
fig3_community_ve,1120.0,0.8,0.3,0,94.10714285714286,66,66.0,2026482066,0.3,0.75
fig3_community_ve,1253.0,0.8,0.3,0,92.01915403032721,67,100.0,2026482067,0.3,0.75
fig3_community_ve,1038.0,0.8,0.3,0,89.40269749518305,68,110.0,2026482068,0.3,0.75
fig3_community_ve,1028.0,0.8,0.3,0,92.8988326848249,69,73.0,2026482069,0.3,0.75
fig3_community_ve,1377.0,0.8,0.3,0,91.86637618010167,70,111.99999999999999,2026482070,0.3,0.75
fig3_community_ve,1090.0,0.8,0.3,0,92.29357798165138,71,84.0,2026482071,0.3,0.75
fig3_community_ve,1175.0,0.8,0.3,0,92.34042553191489,72,90.0,2026482072,0.3,0.75
fig3_community_ve,1226.0,0.8,0.3,0,94.53507340946166,73,67.0,2026482073,0.3,0.75
fig3_community_ve,1385.0,0.8,0.3,0,91.76895306859205,74,114.0,2026482074,0.3,0.75
fig3_community_ve,793.0,0.8,0.3,0,85.62421185372006,75,114.0,2026482075,0.3,0.75
fig3_community_ve,1514.0,0.8,0.3,0,92.60237780713342,76,111.99999999999999,2026482076,0.3,0.75
fig3_community_ve,1122.0,0.8,0.3,0,91.44385026737967,77,96.0,2026482077,0.3,0.75
fig3_community_ve,1195.0,0.8,0.3,0,91.63179916317992,78,100.0,2026482078,0.3,0.75
fig3_community_ve,1115.0,0.8,0.3,0,89.77578475336323,79,114.0,2026482079,0.3,0.75
fig3_community_ve,903.0,0.8,0.3,0,92.46954595791806,80,68.0,2026482080,0.3,0.75
fig3_community_ve,1311.0,0.8,0.3,0,93.59267734553775,81,84.0,2026482081,0.3,0.75
fig3_community_ve,1042.0,0.8,0.3,0,88.96353166986565,82,115.0,2026482082,0.3,0.75
fig3_community_ve,766.0,0.8,0.3,0,92.2976501305483,83,59.0,2026482083,0.3,0.75
fig3_community_ve,1118.0,0.8,0.3,0,92.6654740608229,84,82.0,2026482084,0.3,0.75
fig3_community_ve,716.0,0.8,0.3,0,89.3854748603352,85,76.0,2026482085,0.3,0.75
fig3_community_ve,823.0,0.8,0.3,0,90.88699878493317,86,75.0,2026482086,0.3,0.75
fig3_community_ve,1050.0,0.8,0.3,0,90.0952380952381,87,103.99999999999999,2026482087,0.3,0.75
fig3_community_ve,844.0,0.8,0.3,0,90.52132701421802,88,80.0,2026482088,0.3,0.75
fig3_community_ve,859.0,0.8,0.3,0,90.45401629802096,89,82.0,2026482089,0.3,0.75
fig3_community_ve,1108.0,0.8,0.3,0,91.4259927797834,90,95.0,2026482090,0.3,0.75
fig3_community_ve,1254.0,0.8,0.3,0,93.85964912280701,91,77.0,2026482091,0.3,0.75
fig3_community_ve,719.0,0.8,0.3,0,87.34353268428373,92,91.0,2026482092,0.3,0.75
fig3_community_ve,955.0,0.8,0.3,0,91.62303664921465,93,80.0,2026482093,0.3,0.75
fig3_community_ve,1165.0,0.8,0.3,0,93.30472103004291,94,78.0,2026482094,0.3,0.75
fig3_community_ve,1242.0,0.8,0.3,0,92.9951690821256,95,87.0,2026482095,0.3,0.75
fig3_community_ve,1234.0,0.8,0.3,0,90.6807131280389,96,115.0,2026482096,0.3,0.75
fig3_community_ve,878.9999999999999,0.8,0.3,0,90.32992036405005,97,85.0,2026482097,0.3,0.75
fig3_community_ve,1189.0,0.8,0.3,0,91.58957106812447,98,100.0,2026482098,0.3,0.75
fig3_community_ve,830.0,0.8,0.3,0,93.25301204819277,99,55.99999999999999,2026482099,0.3,0.75
