analysis,base_deaths,immune_midpoint,max_vaccines,mortality_reduction_pct,radius,replicate,scenario_deaths,seed,ve_i,ve_m
fig4_immune_onset,890.0,5.0,,42.13483146067416,2,0,515.0,2026800000,0.45,0.45
fig4_immune_onset,694.0,5.0,,3.025936599423631,2,1,673.0,2026800001,0.45,0.45
fig4_immune_onset,619.0,5.0,,20.678513731825515,2,2,491.00000000000006,2026800002,0.45,0.45
fig4_immune_onset,568.0,5.0,,38.732394366197184,2,3,348.0,2026800003,0.45,0.45
fig4_immune_onset,801.0,5.0,,12.60923845193508,2,4,700.0,2026800004,0.45,0.45
fig4_immune_onset,768.0,5.0,,25.78125,2,5,570.0,2026800005,0.45,0.45
fig4_immune_onset,742.0,5.0,,42.99191374663073,2,6,423.0,2026800006,0.45,0.45
fig4_immune_onset,687.0,5.0,,15.720524017467248,2,7,579.0,2026800007,0.45,0.45
fig4_immune_onset,611.0,5.0,,30.4418985270049,2,8,425.00000000000006,2026800008,0.45,0.45
fig4_immune_onset,570.0,5.0,,25.614035087719298,2,9,424.0,2026800009,0.45,0.45
fig4_immune_onset,757.0,5.0,,33.15719947159842,2,10,506.0,2026800010,0.45,0.45
fig4_immune_onset,768.0,5.0,,33.333333333333336,2,11,512.0,2026800011,0.45,0.45
fig4_immune_onset,732.0,5.0,,31.010928961748633,2,12,505.0,2026800012,0.45,0.45
fig4_immune_onset,1143.0,5.0,,40.24496937882765,2,13,683.0,2026800013,0.45,0.45
fig4_immune_onset,916.0,5.0,,19.104803493449783,2,14,741.0,2026800014,0.45,0.45
fig4_immune_onset,882.9999999999999,5.0,,31.483578708946766,2,15,605.0,2026800015,0.45,0.45
fig4_immune_onset,921.0,5.0,,41.15092290988056,2,16,542.0,2026800016,0.45,0.45
fig4_immune_onset,991.0,5.0,,24.924318869828458,2,17,744.0,2026800017,0.45,0.45
fig4_immune_onset,769.0,5.0,,18.855656697009103,2,18,624.0,2026800018,0.45,0.45
fig4_immune_onset,714.0,5.0,,25.350140056022408,2,19,533.0,2026800019,0.45,0.45
fig4_immune_onset,612.0,5.0,,1.3071895424836601,2,20,604.0,2026800020,0.45,0.45
fig4_immune_onset,878.9999999999999,5.0,,38.33902161547211,2,21,542.0,2026800021,0.45,0.45
fig4_immune_onset,568.0,5.0,,2.640845070422535,2,22,553.0,2026800022,0.45,0.45
fig4_immune_onset,877.0,5.0,,43.443557582668184,2,23,496.0,2026800023,0.45,0.45
fig4_immune_onset,693.0,5.0,,26.551226551226552,2,24,509.0,2026800024,0.45,0.45
fig4_immune_onset,780.0,5.0,,35.38461538461539,2,25,504.0,2026800025,0.45,0.45
fig4_immune_onset,583.0,5.0,,10.120068610634648,2,26,524.0,2026800026,0.45,0.45
fig4_immune_onset,1001.0,5.0,,41.55844155844156,2,27,585.0,2026800027,0.45,0.45
fig4_immune_onset,703.0,5.0,,34.70839260312943,2,28,459.00000000000006,2026800028,0.45,0.45
fig4_immune_onset,589.0,5.0,,28.35314091680815,2,29,422.0,2026800029,0.45,0.45
fig4_immune_onset,589.0,5.0,,25.806451612903224,2,30,437.0,2026800030,0.45,0.45
fig4_immune_onset,884.0000000000001,5.0,,40.045248868778295,2,31,530.0,2026800031,0.45,0.45
fig4_immune_onset,786.0000000000001,5.0,,41.348600508905854,2,32,461.00000000000006,2026800032,0.45,0.45
fig4_immune_onset,778.0,5.0,,17.60925449871465,2,33,641.0,2026800033,0.45,0.45
fig4_immune_onset,916.9999999999999,5.0,,21.155943293347864,2,34,723.0,2026800034,0.45,0.45
fig4_immune_onset,1041.0,5.0,,46.20557156580211,2,35,560.0,2026800035,0.45,0.45
fig4_immune_onset,878.0,5.0,,11.503416856492027,2,36,777.0,2026800036,0.45,0.45
fig4_immune_onset,848.0,5.0,,35.37735849056604,2,37,548.0,2026800037,0.45,0.45
fig4_immune_onset,1103.0,5.0,,32.72892112420671,2,38,742.0,2026800038,0.45,0.45
fig4_immune_onset,878.0,5.0,,12.984054669703873,2,39,764.0,2026800039,0.45,0.45
fig4_immune_onset,835.9999999999999,5.0,,-9.928229665071784,2,40,919.0,2026800040,0.45,0.45
fig4_immune_onset,621.0,5.0,,20.61191626409017,2,41,493.00000000000006,2026800041,0.45,0.45
fig4_immune_onset,906.0,5.0,,25.607064017660043,2,42,674.0,2026800042,0.45,0.45
fig4_immune_onset,768.0,5.0,,29.036458333333332,2,43,545.0,2026800043,0.45,0.45
fig4_immune_onset,634.0,5.0,,38.48580441640379,2,44,390.0,2026800044,0.45,0.45
fig4_immune_onset,682.0,5.0,,25.95307917888563,2,45,505.0,2026800045,0.45,0.45
fig4_immune_onset,799.0000000000001,5.0,,38.79849812265333,2,46,489.0,2026800046,0.45,0.45
fig4_immune_onset,922.0000000000001,5.0,,24.07809110629068,2,47,700.0,2026800047,0.45,0.45
fig4_immune_onset,755.0,5.0,,35.496688741721854,2,48,487.0,2026800048,0.45,0.45
fig4_immune_onset,841.0000000000001,5.0,,22.473246135552923,2,49,652.0,2026800049,0.45,0.45
fig4_immune_onset,1029.0,5.0,,35.76287657920311,2,50,661.0,2026800050,0.45,0.45
fig4_immune_onset,716.0,5.0,,8.379888268156424,2,51,656.0,2026800051,0.45,0.45
fig4_immune_onset,671.0,5.0,,27.868852459016406,2,52,483.99999999999994,2026800052,0.45,0.45
fig4_immune_onset,814.0,5.0,,40.29484029484029,2,53,486.0,2026800053,0.45,0.45
fig4_immune_onset,486.0,5.0,,24.279835390946502,2,54,368.0,2026800054,0.45,0.45
fig4_immune_onset,863.0,5.0,,50.52143684820393,2,55,427.00000000000006,2026800055,0.45,0.45
fig4_immune_onset,950.0,5.0,,30.63157894736842,2,56,659.0,2026800056,0.45,0.45
fig4_immune_onset,768.0,5.0,,20.3125,2,57,612.0,2026800057,0.45,0.45
fig4_immune_onset,1063.0,5.0,,31.32643461900282,2,58,730.0,2026800058,0.45,0.45
fig4_immune_onset,920.0,5.0,,36.30434782608695,2,59,586.0,2026800059,0.45,0.45
fig4_immune_onset,711.0,5.0,,39.09985935302392,2,60,432.99999999999994,2026800060,0.45,0.45
fig4_immune_onset,659.0,5.0,,41.7298937784522,2,61,384.0,2026800061,0.45,0.45
fig4_immune_onset,673.0,5.0,,25.85438335809808,2,62,498.99999999999994,2026800062,0.45,0.45
fig4_immune_onset,738.0,5.0,,42.411924119241185,2,63,425.00000000000006,2026800063,0.45,0.45
fig4_immune_onset,895.9999999999999,5.0,,25.111607142857135,2,64,671.0,2026800064,0.45,0.45
fig4_immune_onset,835.0,5.0,,11.976047904191617,2,65,735.0,2026800065,0.45,0.45
fig4_immune_onset,970.0,5.0,,35.97938144329897,2,66,621.0,2026800066,0.45,0.45
fig4_immune_onset,651.0,5.0,,22.887864823348693,2,67,502.0,2026800067,0.45,0.45
fig4_immune_onset,550.0,5.0,,19.272727272727263,2,68,444.00000000000006,2026800068,0.45,0.45
fig4_immune_onset,698.0,5.0,,9.598853868194842,2,69,631.0,2026800069,0.45,0.45
fig4_immune_onset,664.0,5.0,,5.873493975903615,2,70,625.0,2026800070,0.45,0.45
fig4_immune_onset,924.0,5.0,,22.294372294372295,2,71,718.0,2026800071,0.45,0.45
fig4_immune_onset,1057.0,5.0,,29.801324503311257,2,72,742.0,2026800072,0.45,0.45
fig4_immune_onset,905.0000000000001,5.0,,31.160220994475146,2,73,623.0,2026800073,0.45,0.45
fig4_immune_onset,915.0,5.0,,23.825136612021858,2,74,697.0,2026800074,0.45,0.45
fig4_immune_onset,919.0,5.0,,43.96082698585419,2,75,515.0,2026800075,0.45,0.45
fig4_immune_onset,888.0000000000001,5.0,,44.14414414414416,2,76,496.0,2026800076,0.45,0.45
fig4_immune_onset,683.0,5.0,,43.04538799414348,2,77,389.0,2026800077,0.45,0.45
fig4_immune_onset,978.0,5.0,,36.19631901840491,2,78,624.0,2026800078,0.45,0.45
fig4_immune_onset,966.0,5.0,,40.78674948240165,2,79,572.0,2026800079,0.45,0.45
fig4_immune_onset,1100.0,5.0,,39.63636363636363,2,80,664.0,2026800080,0.45,0.45
fig4_immune_onset,767.0,5.0,,16.166883963494133,2,81,643.0,2026800081,0.45,0.45
fig4_immune_onset,1042.0,5.0,,31.957773512476006,2,82,709.0,2026800082,0.45,0.45
fig4_immune_onset,1065.0,5.0,,56.33802816901409,2,83,464.99999999999994,2026800083,0.45,0.45
fig4_immune_onset,704.0,5.0,,34.09090909090909,2,84,464.0,2026800084,0.45,0.45
fig4_immune_onset,954.0,5.0,,55.34591194968554,2,85,426.0,2026800085,0.45,0.45
fig4_immune_onset,868.0,5.0,,28.225806451612904,2,86,623.0,2026800086,0.45,0.45
fig4_immune_onset,844.0,5.0,,46.56398104265403,2,87,451.0,2026800087,0.45,0.45
fig4_immune_onset,1020.0000000000001,5.0,,40.00000000000001,2,88,612.0,2026800088,0.45,0.45
fig4_immune_onset,894.0,5.0,,37.695749440715886,2,89,557.0,2026800089,0.45,0.45
fig4_immune_onset,1100.0,5.0,,48.81818181818182,2,90,563.0,2026800090,0.45,0.45
fig4_immune_onset,614.0,5.0,,27.850162866449512,2,91,443.0,2026800091,0.45,0.45
fig4_immune_onset,851.0,5.0,,14.218566392479437,2,92,730.0,2026800092,0.45,0.45
fig4_immune_onset,718.0,5.0,,22.00557103064067,2,93,560.0,2026800093,0.45,0.45
fig4_immune_onset,958.0,5.0,,36.32567849686848,2,94,610.0,2026800094,0.45,0.45
fig4_immune_onset,972.0,5.0,,34.97942386831276,2,95,632.0,2026800095,0.45,0.45
fig4_immune_onset,974.0,5.0,,51.74537987679671,2,96,470.0,2026800096,0.45,0.45
fig4_immune_onset,652.0,5.0,,38.34355828220859,2,97,402.0,2026800097,0.45,0.45
fig4_immune_onset,909.0000000000001,5.0,,25.962596259625972,2,98,673.0,2026800098,0.45,0.45
fig4_immune_onset,923.0,5.0,,28.602383531960996,2,99,659.0,2026800099,0.45,0.45
fig4_immune_onset,1023.0,5.0,,39.29618768328446,2,100,621.0,2026800100,0.45,0.45
fig4_immune_onset,1200.0,5.0,,32.41666666666668,2,101,810.9999999999999,2026800101,0.45,0.45
fig4_immune_onset,863.0,5.0,,36.9640787949015,2,102,544.0,2026800102,0.45,0.45
fig4_immune_onset,860.0,5.0,,31.74418604651163,2,103,587.0,2026800103,0.45,0.45
fig4_immune_onset,624.0,5.0,,14.102564102564102,2,104,536.0,2026800104,0.45,0.45
fig4_immune_onset,560.0,5.0,,7.321428571428571,2,105,519.0,2026800105,0.45,0.45
fig4_immune_onset,1000.0,5.0,,31.0,2,106,690.0,2026800106,0.45,0.45
fig4_immune_onset,952.0000000000001,5.0,,28.6764705882353,2,107,679.0,2026800107,0.45,0.45
fig4_immune_onset,710.0,5.0,,36.61971830985917,2,108,449.99999999999994,2026800108,0.45,0.45
fig4_immune_onset,649.0,5.0,,12.01848998459168,2,109,571.0,2026800109,0.45,0.45
fig4_immune_onset,831.9999999999999,5.0,,30.408653846153836,2,110,579.0,2026800110,0.45,0.45
fig4_immune_onset,1064.0,5.0,,36.37218045112782,2,111,677.0,2026800111,0.45,0.45
fig4_immune_onset,536.0,5.0,,27.611940298507463,2,112,388.0,2026800112,0.45,0.45
fig4_immune_onset,801.0,5.0,,44.319600499375774,2,113,446.00000000000006,2026800113,0.45,0.45
fig4_immune_onset,906.0,5.0,,17.770419426048566,2,114,745.0,2026800114,0.45,0.45
fig4_immune_onset,868.0,5.0,,34.44700460829493,2,115,569.0,2026800115,0.45,0.45
fig4_immune_onset,756.0,5.0,,30.423280423280424,2,116,526.0,2026800116,0.45,0.45
fig4_immune_onset,678.0,5.0,,22.71386430678466,2,117,524.0,2026800117,0.45,0.45
fig4_immune_onset,716.0,5.0,,30.865921787709485,2,118,495.00000000000006,2026800118,0.45,0.45
fig4_immune_onset,916.9999999999999,5.0,,4.90730643402398,2,119,872.0,2026800119,0.45,0.45
fig4_immune_onset,880.0,5.0,,38.63636363636363,2,120,540.0,2026800120,0.45,0.45
fig4_immune_onset,810.9999999999999,5.0,,27.49691738594327,2,121,588.0,2026800121,0.45,0.45
fig4_immune_onset,891.0,5.0,,29.62962962962963,2,122,627.0,2026800122,0.45,0.45
fig4_immune_onset,1091.0,5.0,,35.105407882676445,2,123,708.0,2026800123,0.45,0.45
fig4_immune_onset,780.0,5.0,,13.58974358974359,2,124,674.0,2026800124,0.45,0.45
fig4_immune_onset,716.0,5.0,,30.027932960893864,2,125,500.99999999999994,2026800125,0.45,0.45
fig4_immune_onset,1014.9999999999999,5.0,,44.03940886699507,2,126,568.0,2026800126,0.45,0.45
fig4_immune_onset,921.0,5.0,,21.824104234527688,2,127,720.0,2026800127,0.45,0.45
fig4_immune_onset,1055.0,5.0,,43.317535545023695,2,128,598.0,2026800128,0.45,0.45
fig4_immune_onset,814.0,5.0,,45.70024570024569,2,129,442.00000000000006,2026800129,0.45,0.45
fig4_immune_onset,1225.0,5.0,,54.204081632653065,2,130,561.0,2026800130,0.45,0.45
fig4_immune_onset,850.0000000000001,5.0,,38.352941176470594,2,131,524.0,2026800131,0.45,0.45
fig4_immune_onset,1070.0,5.0,,25.14018691588785,2,132,801.0,2026800132,0.45,0.45
fig4_immune_onset,946.0,5.0,,32.45243128964059,2,133,639.0,2026800133,0.45,0.45
fig4_immune_onset,553.0,5.0,,25.678119349005424,2,134,411.0,2026800134,0.45,0.45
fig4_immune_onset,674.0,5.0,,14.540059347181009,2,135,576.0,2026800135,0.45,0.45
fig4_immune_onset,760.0,5.0,,38.68421052631579,2,136,466.0,2026800136,0.45,0.45
fig4_immune_onset,658.0,5.0,,17.78115501519757,2,137,541.0,2026800137,0.45,0.45
fig4_immune_onset,834.0,5.0,,31.534772182254198,2,138,571.0,2026800138,0.45,0.45
fig4_immune_onset,741.0,5.0,,37.78677462887988,2,139,461.00000000000006,2026800139,0.45,0.45
fig4_immune_onset,758.0,5.0,,16.49076517150396,2,140,633.0,2026800140,0.45,0.45
fig4_immune_onset,894.0,5.0,,13.758389261744966,2,141,771.0,2026800141,0.45,0.45
fig4_immune_onset,1366.0,5.0,,34.55344070278184,2,142,894.0,2026800142,0.45,0.45
fig4_immune_onset,925.0,5.0,,18.054054054054053,2,143,758.0,2026800143,0.45,0.45
fig4_immune_onset,640.0,5.0,,21.25,2,144,504.0,2026800144,0.45,0.45
fig4_immune_onset,876.0,5.0,,22.26027397260274,2,145,681.0,2026800145,0.45,0.45
fig4_immune_onset,769.0,5.0,,31.339401820546165,2,146,528.0,2026800146,0.45,0.45
fig4_immune_onset,1023.0,5.0,,18.57282502443792,2,147,833.0000000000001,2026800147,0.45,0.45
fig4_immune_onset,814.0,5.0,,22.48157248157248,2,148,631.0,2026800148,0.45,0.45
fig4_immune_onset,796.0,5.0,,41.83417085427136,2,149,462.99999999999994,2026800149,0.45,0.45
fig4_immune_onset,1096.0,5.0,,44.34306569343066,2,150,610.0,2026800150,0.45,0.45
fig4_immune_onset,923.0,5.0,,22.426868905742147,2,151,716.0,2026800151,0.45,0.45
fig4_immune_onset,584.0,5.0,,37.67123287671233,2,152,364.0,2026800152,0.45,0.45
fig4_immune_onset,764.0,5.0,,13.87434554973822,2,153,658.0,2026800153,0.45,0.45
fig4_immune_onset,854.0000000000001,5.0,,19.20374707259954,2,154,690.0,2026800154,0.45,0.45
fig4_immune_onset,758.0,5.0,,55.93667546174142,2,155,334.0,2026800155,0.45,0.45
fig4_immune_onset,1158.0,5.0,,23.575129533678755,2,156,885.0,2026800156,0.45,0.45
fig4_immune_onset,1040.0,5.0,,20.673076923076923,2,157,825.0,2026800157,0.45,0.45
fig4_immune_onset,886.0,5.0,,7.787810383747178,2,158,817.0,2026800158,0.45,0.45
fig4_immune_onset,593.0,5.0,,27.65598650927486,2,159,429.00000000000006,2026800159,0.45,0.45
fig4_immune_onset,532.0,5.0,,-13.533834586466165,2,160,604.0,2026800160,0.45,0.45
fig4_immune_onset,1010.0,5.0,,25.04950495049505,2,161,757.0,2026800161,0.45,0.45
fig4_immune_onset,1102.0,5.0,,39.56442831215971,2,162,666.0,2026800162,0.45,0.45
fig4_immune_onset,567.0,5.0,,11.46384479717813,2,163,502.0,2026800163,0.45,0.45
fig4_immune_onset,716.0,5.0,,43.435754189944134,2,164,405.0,2026800164,0.45,0.45
fig4_immune_onset,566.0,5.0,,22.43816254416961,2,165,439.0,2026800165,0.45,0.45
fig4_immune_onset,563.0,5.0,,33.747779751332146,2,166,373.0,2026800166,0.45,0.45
fig4_immune_onset,801.9999999999999,5.0,,30.79800498753116,2,167,555.0,2026800167,0.45,0.45
fig4_immune_onset,898.0,5.0,,29.28730512249443,2,168,635.0,2026800168,0.45,0.45
fig4_immune_onset,1082.0,5.0,,17.005545286506468,2,169,898.0,2026800169,0.45,0.45
fig4_immune_onset,646.0,5.0,,25.38699690402478,2,170,481.99999999999994,2026800170,0.45,0.45
fig4_immune_onset,967.0,5.0,,37.74560496380558,2,171,602.0,2026800171,0.45,0.45
fig4_immune_onset,1365.0,5.0,,48.79120879120879,2,172,699.0,2026800172,0.45,0.45
fig4_immune_onset,792.0,5.0,,18.181818181818183,2,173,648.0,2026800173,0.45,0.45
fig4_immune_onset,685.0,5.0,,14.598540145985401,2,174,585.0,2026800174,0.45,0.45
fig4_immune_onset,1113.0,5.0,,26.05570530098832,2,175,823.0,2026800175,0.45,0.45
fig4_immune_onset,1009.0,5.0,,35.97621407333994,2,176,646.0,2026800176,0.45,0.45
fig4_immune_onset,750.0,5.0,,43.2,2,177,426.0,2026800177,0.45,0.45
fig4_immune_onset,805.0,5.0,,21.11801242236025,2,178,635.0,2026800178,0.45,0.45
fig4_immune_onset,684.0,5.0,,20.906432748538013,2,179,541.0,2026800179,0.45,0.45
fig4_immune_onset,885.0,5.0,,44.29378531073446,2,180,493.00000000000006,2026800180,0.45,0.45
fig4_immune_onset,705.0,5.0,,24.680851063829788,2,181,531.0,2026800181,0.45,0.45
fig4_immune_onset,1118.0,5.0,,39.355992844364934,2,182,678.0,2026800182,0.45,0.45
fig4_immune_onset,553.0,5.0,,41.77215189873418,2,183,322.0,2026800183,0.45,0.45
fig4_immune_onset,604.0,5.0,,33.11258278145695,2,184,404.0,2026800184,0.45,0.45
fig4_immune_onset,814.0,5.0,,46.31449631449632,2,185,437.0,2026800185,0.45,0.45
fig4_immune_onset,797.9999999999999,5.0,,23.8095238095238,2,186,608.0,2026800186,0.45,0.45
fig4_immune_onset,672.0,5.0,,22.172619047619047,2,187,523.0,2026800187,0.45,0.45
fig4_immune_onset,490.0,5.0,,16.93877551020408,2,188,407.0,2026800188,0.45,0.45
fig4_immune_onset,1013.0,5.0,,33.16880552813426,2,189,677.0,2026800189,0.45,0.45
fig4_immune_onset,769.0,5.0,,25.617685305591678,2,190,572.0,2026800190,0.45,0.45
fig4_immune_onset,878.9999999999999,5.0,,27.872582480091005,2,191,634.0,2026800191,0.45,0.45
fig4_immune_onset,743.0,5.0,,18.842530282637956,2,192,603.0,2026800192,0.45,0.45
fig4_immune_onset,716.0,5.0,,10.195530726256983,2,193,643.0,2026800193,0.45,0.45
fig4_immune_onset,886.9999999999999,5.0,,35.73844419391205,2,194,570.0,2026800194,0.45,0.45
fig4_immune_onset,1067.0,5.0,,23.898781630740395,2,195,812.0,2026800195,0.45,0.45
fig4_immune_onset,799.0000000000001,5.0,,21.526908635794754,2,196,627.0,2026800196,0.45,0.45
fig4_immune_onset,892.0000000000001,5.0,,33.632286995515706,2,197,592.0,2026800197,0.45,0.45
fig4_immune_onset,733.0,5.0,,18.963165075034105,2,198,594.0,2026800198,0.45,0.45
fig4_immune_onset,983.0,5.0,,29.399796541200406,2,199,694.0,2026800199,0.45,0.45
fig4_immune_onset,1097.0,5.0,,38.924339106654514,2,200,670.0,2026800200,0.45,0.45
fig4_immune_onset,675.0,5.0,,29.62962962962963,2,201,475.0,2026800201,0.45,0.45
fig4_immune_onset,826.0,5.0,,43.94673123486684,2,202,462.99999999999994,2026800202,0.45,0.45
fig4_immune_onset,959.9999999999999,5.0,,16.354166666666647,2,203,803.0000000000001,2026800203,0.45,0.45
fig4_immune_onset,890.0,5.0,,27.752808988764045,2,204,643.0,2026800204,0.45,0.45
fig4_immune_onset,702.0,5.0,,10.968660968660968,2,205,625.0,2026800205,0.45,0.45
fig4_immune_onset,1091.0,5.0,,37.213565536205316,2,206,685.0,2026800206,0.45,0.45
fig4_immune_onset,756.0,5.0,,37.037037037037024,2,207,476.00000000000006,2026800207,0.45,0.45
fig4_immune_onset,813.0,5.0,,42.06642066420664,2,208,471.0,2026800208,0.45,0.45
fig4_immune_onset,869.9999999999999,5.0,,41.26436781609194,2,209,511.0,2026800209,0.45,0.45
fig4_immune_onset,748.0,5.0,,21.524064171122994,2,210,587.0,2026800210,0.45,0.45
fig4_immune_onset,1035.0,5.0,,30.531400966183575,2,211,719.0,2026800211,0.45,0.45
fig4_immune_onset,867.0000000000001,5.0,,51.21107266435987,2,212,423.0,2026800212,0.45,0.45
fig4_immune_onset,838.0,5.0,,20.883054892601432,2,213,663.0,2026800213,0.45,0.45
fig4_immune_onset,674.0,5.0,,5.637982195845697,2,214,636.0,2026800214,0.45,0.45
fig4_immune_onset,748.0,5.0,,42.51336898395722,2,215,430.0,2026800215,0.45,0.45
fig4_immune_onset,1053.0,5.0,,28.869895536562204,2,216,749.0,2026800216,0.45,0.45
fig4_immune_onset,946.0,5.0,,4.756871035940792,2,217,901.0000000000001,2026800217,0.45,0.45
fig4_immune_onset,838.0,5.0,,35.79952267303103,2,218,538.0,2026800218,0.45,0.45
fig4_immune_onset,1165.0,5.0,,36.90987124463519,2,219,735.0,2026800219,0.45,0.45
fig4_immune_onset,635.0,5.0,,15.905511811023622,2,220,534.0,2026800220,0.45,0.45
fig4_immune_onset,628.0,5.0,,29.936305732484076,2,221,440.0,2026800221,0.45,0.45
fig4_immune_onset,929.0,5.0,,40.79655543595264,2,222,550.0,2026800222,0.45,0.45
fig4_immune_onset,1162.0,5.0,,30.55077452667813,2,223,807.0000000000001,2026800223,0.45,0.45
fig4_immune_onset,1221.0,5.0,,41.52334152334152,2,224,714.0,2026800224,0.45,0.45
fig4_immune_onset,752.0,5.0,,17.819148936170212,2,225,618.0,2026800225,0.45,0.45
fig4_immune_onset,1206.0,5.0,,31.260364842454393,2,226,829.0,2026800226,0.45,0.45
fig4_immune_onset,865.0,5.0,,38.26589595375722,2,227,534.0,2026800227,0.45,0.45
fig4_immune_onset,942.9999999999999,5.0,,47.72004241781547,2,228,493.00000000000006,2026800228,0.45,0.45
fig4_immune_onset,780.0,5.0,,26.923076923076923,2,229,570.0,2026800229,0.45,0.45
fig4_immune_onset,996.0,5.0,,38.855421686746986,2,230,609.0,2026800230,0.45,0.45
fig4_immune_onset,792.0,5.0,,13.131313131313131,2,231,688.0,2026800231,0.45,0.45
fig4_immune_onset,963.0,5.0,,31.983385254413292,2,232,655.0,2026800232,0.45,0.45
fig4_immune_onset,984.0,5.0,,35.46747967479675,2,233,635.0,2026800233,0.45,0.45
fig4_immune_onset,1000.0,5.0,,36.8,2,234,632.0,2026800234,0.45,0.45
fig4_immune_onset,829.0,5.0,,31.12183353437877,2,235,571.0,2026800235,0.45,0.45
fig4_immune_onset,869.0,5.0,,30.379746835443036,2,236,605.0,2026800236,0.45,0.45
fig4_immune_onset,982.0000000000001,5.0,,36.965376782077406,2,237,619.0,2026800237,0.45,0.45
fig4_immune_onset,532.0,5.0,,13.157894736842104,2,238,462.0,2026800238,0.45,0.45
fig4_immune_onset,999.0000000000001,5.0,,42.24224224224225,2,239,577.0,2026800239,0.45,0.45
fig4_immune_onset,732.0,5.0,,19.262295081967213,2,240,591.0,2026800240,0.45,0.45
fig4_immune_onset,665.0,5.0,,23.157894736842106,2,241,511.0,2026800241,0.45,0.45
fig4_immune_onset,751.0,5.0,,26.098535286284953,2,242,555.0,2026800242,0.45,0.45
fig4_immune_onset,761.0,5.0,,18.791064388961892,2,243,618.0,2026800243,0.45,0.45
fig4_immune_onset,801.0,5.0,,11.985018726591761,2,244,705.0,2026800244,0.45,0.45
fig4_immune_onset,765.0,5.0,,20.522875816993466,2,245,608.0,2026800245,0.45,0.45
fig4_immune_onset,932.0,5.0,,32.61802575107296,2,246,628.0,2026800246,0.45,0.45
fig4_immune_onset,923.0,5.0,,30.227518959913326,2,247,644.0,2026800247,0.45,0.45
fig4_immune_onset,886.9999999999999,5.0,,28.184892897406982,2,248,637.0,2026800248,0.45,0.45
fig4_immune_onset,837.0000000000001,5.0,,11.947431302270024,2,249,737.0,2026800249,0.45,0.45
fig4_immune_onset,825.0,5.0,,45.6969696969697,2,250,447.99999999999994,2026800250,0.45,0.45
fig4_immune_onset,878.0,5.0,,50.0,2,251,439.0,2026800251,0.45,0.45
fig4_immune_onset,1017.0,5.0,,25.467059980334316,2,252,758.0,2026800252,0.45,0.45
fig4_immune_onset,966.0,5.0,,51.656314699792965,2,253,466.99999999999994,2026800253,0.45,0.45
fig4_immune_onset,959.9999999999999,5.0,,43.85416666666666,2,254,539.0,2026800254,0.45,0.45
fig4_immune_onset,530.0,5.0,,8.30188679245283,2,255,486.0,2026800255,0.45,0.45
fig4_immune_onset,929.9999999999999,5.0,,22.258064516129025,2,256,723.0,2026800256,0.45,0.45
fig4_immune_onset,690.0,5.0,,7.391304347826087,2,257,639.0,2026800257,0.45,0.45
fig4_immune_onset,576.0,5.0,,18.229166666666668,2,258,471.0,2026800258,0.45,0.45
fig4_immune_onset,1149.0,5.0,,38.1201044386423,2,259,711.0,2026800259,0.45,0.45
fig4_immune_onset,903.0,5.0,,22.92358803986711,2,260,696.0,2026800260,0.45,0.45
fig4_immune_onset,1155.0,5.0,,49.35064935064935,2,261,585.0,2026800261,0.45,0.45
fig4_immune_onset,685.0,5.0,,4.233576642335766,2,262,656.0,2026800262,0.45,0.45
fig4_immune_onset,770.0,5.0,,40.77922077922078,2,263,456.0,2026800263,0.45,0.45
fig4_immune_onset,726.0,5.0,,26.99724517906336,2,264,530.0,2026800264,0.45,0.45
fig4_immune_onset,958.0,5.0,,31.941544885177453,2,265,652.0,2026800265,0.45,0.45
fig4_immune_onset,1057.0,5.0,,42.19489120151372,2,266,611.0,2026800266,0.45,0.45
fig4_immune_onset,924.0,5.0,,36.688311688311686,2,267,585.0,2026800267,0.45,0.45
fig4_immune_onset,963.0,5.0,,34.994807892004154,2,268,626.0,2026800268,0.45,0.45
fig4_immune_onset,1031.0,5.0,,41.80407371483996,2,269,600.0,2026800269,0.45,0.45
fig4_immune_onset,1008.0,5.0,,14.384920634920634,2,270,863.0,2026800270,0.45,0.45
fig4_immune_onset,837.0000000000001,5.0,,32.25806451612904,2,271,567.0,2026800271,0.45,0.45
fig4_immune_onset,995.0,5.0,,30.452261306532662,2,272,692.0,2026800272,0.45,0.45
fig4_immune_onset,928.0,5.0,,50.43103448275862,2,273,460.0,2026800273,0.45,0.45
fig4_immune_onset,801.0,5.0,,25.593008739076154,2,274,596.0,2026800274,0.45,0.45
fig4_immune_onset,743.0,5.0,,36.204576043068634,2,275,474.00000000000006,2026800275,0.45,0.45
fig4_immune_onset,578.0,5.0,,3.4602076124567476,2,276,558.0,2026800276,0.45,0.45
fig4_immune_onset,1016.0000000000001,5.0,,31.003937007874022,2,277,701.0,2026800277,0.45,0.45
fig4_immune_onset,521.0,5.0,,12.476007677543187,2,278,456.0,2026800278,0.45,0.45
fig4_immune_onset,1132.0,5.0,,30.300353356890458,2,279,789.0,2026800279,0.45,0.45
fig4_immune_onset,755.0,5.0,,25.56291390728477,2,280,562.0,2026800280,0.45,0.45
fig4_immune_onset,704.0,5.0,,9.659090909090908,2,281,636.0,2026800281,0.45,0.45
fig4_immune_onset,1136.0,5.0,,28.169014084507033,2,282,816.0000000000001,2026800282,0.45,0.45
fig4_immune_onset,976.9999999999999,5.0,,35.41453428863868,2,283,631.0,2026800283,0.45,0.45
fig4_immune_onset,965.0000000000001,5.0,,38.238341968911925,2,284,596.0,2026800284,0.45,0.45
fig4_immune_onset,984.0,5.0,,33.63821138211382,2,285,653.0,2026800285,0.45,0.45
fig4_immune_onset,826.0,5.0,,27.11864406779661,2,286,602.0,2026800286,0.45,0.45
fig4_immune_onset,686.0,5.0,,26.82215743440233,2,287,502.0,2026800287,0.45,0.45
fig4_immune_onset,1124.0,5.0,,35.587188612099645,2,288,724.0,2026800288,0.45,0.45
fig4_immune_onset,768.0,5.0,,22.526041666666668,2,289,595.0,2026800289,0.45,0.45
fig4_immune_onset,745.0,5.0,,27.91946308724832,2,290,537.0,2026800290,0.45,0.45
fig4_immune_onset,701.0,5.0,,26.105563480741797,2,291,518.0,2026800291,0.45,0.45
fig4_immune_onset,702.0,5.0,,31.48148148148148,2,292,481.0,2026800292,0.45,0.45
fig4_immune_onset,810.0,5.0,,26.54320987654321,2,293,595.0,2026800293,0.45,0.45
fig4_immune_onset,1066.0,5.0,,28.893058161350844,2,294,758.0,2026800294,0.45,0.45
fig4_immune_onset,1026.0,5.0,,22.417153996101366,2,295,796.0,2026800295,0.45,0.45
fig4_immune_onset,653.0,5.0,,27.411944869831537,2,296,474.00000000000006,2026800296,0.45,0.45
fig4_immune_onset,957.0,5.0,,16.300940438871475,2,297,801.0,2026800297,0.45,0.45
fig4_immune_onset,782.0,5.0,,11.892583120204604,2,298,689.0,2026800298,0.45,0.45
fig4_immune_onset,1296.0,5.0,,42.05246913580247,2,299,751.0,2026800299,0.45,0.45
fig4_immune_onset,882.0,5.0,,46.82539682539682,2,300,469.0,2026800300,0.45,0.45
fig4_immune_onset,602.0,5.0,,-12.790697674418604,2,301,679.0,2026800301,0.45,0.45
fig4_immune_onset,660.0,5.0,,24.848484848484848,2,302,496.0,2026800302,0.45,0.45
fig4_immune_onset,1350.0,5.0,,37.703703703703695,2,303,841.0000000000001,2026800303,0.45,0.45
fig4_immune_onset,648.0,5.0,,34.41358024691357,2,304,425.00000000000006,2026800304,0.45,0.45
fig4_immune_onset,751.0,5.0,,22.769640479360852,2,305,580.0,2026800305,0.45,0.45
fig4_immune_onset,933.0,5.0,,35.155412647374064,2,306,605.0,2026800306,0.45,0.45
fig4_immune_onset,590.0,5.0,,5.254237288135593,2,307,559.0,2026800307,0.45,0.45
fig4_immune_onset,568.0,5.0,,40.84507042253521,2,308,336.0,2026800308,0.45,0.45
fig4_immune_onset,1160.0,5.0,,55.43103448275862,2,309,517.0,2026800309,0.45,0.45
fig4_immune_onset,614.0,5.0,,11.726384364820847,2,310,542.0,2026800310,0.45,0.45
fig4_immune_onset,840.0,5.0,,33.095238095238095,2,311,562.0,2026800311,0.45,0.45
fig4_immune_onset,1000.0,5.0,,35.0,2,312,650.0,2026800312,0.45,0.45
fig4_immune_onset,852.0,5.0,,11.971830985915492,2,313,750.0,2026800313,0.45,0.45
fig4_immune_onset,606.0,5.0,,27.392739273927393,2,314,440.0,2026800314,0.45,0.45
fig4_immune_onset,961.0,5.0,,47.97086368366285,2,315,500.0,2026800315,0.45,0.45
fig4_immune_onset,936.0,5.0,,40.49145299145299,2,316,557.0,2026800316,0.45,0.45
fig4_immune_onset,639.0,5.0,,9.076682316118935,2,317,581.0,2026800317,0.45,0.45
fig4_immune_onset,901.0000000000001,5.0,,22.53052164261932,2,318,698.0,2026800318,0.45,0.45
fig4_immune_onset,854.0000000000001,5.0,,52.107728337236544,2,319,409.0,2026800319,0.45,0.45
fig4_immune_onset,712.0,5.0,,33.00561797752809,2,320,477.0,2026800320,0.45,0.45
fig4_immune_onset,932.0,5.0,,25.751072961373392,2,321,692.0,2026800321,0.45,0.45
fig4_immune_onset,661.0,5.0,,44.93192133131619,2,322,364.0,2026800322,0.45,0.45
fig4_immune_onset,639.0,5.0,,43.97496087636933,2,323,358.0,2026800323,0.45,0.45
fig4_immune_onset,989.0,5.0,,34.883720930232556,2,324,644.0,2026800324,0.45,0.45
fig4_immune_onset,795.0,5.0,,40.880503144654085,2,325,470.0,2026800325,0.45,0.45
fig4_immune_onset,844.9999999999999,5.0,,21.775147928994073,2,326,661.0,2026800326,0.45,0.45
fig4_immune_onset,779.0,5.0,,38.254172015404365,2,327,481.0,2026800327,0.45,0.45
fig4_immune_onset,601.0,5.0,,10.149750415973378,2,328,540.0,2026800328,0.45,0.45
fig4_immune_onset,488.0,5.0,,20.491803278688526,2,329,388.0,2026800329,0.45,0.45
fig4_immune_onset,818.0,5.0,,30.929095354523227,2,330,565.0,2026800330,0.45,0.45
fig4_immune_onset,545.0,5.0,,30.091743119266056,2,331,381.0,2026800331,0.45,0.45
fig4_immune_onset,762.0,5.0,,31.233595800524935,2,332,524.0,2026800332,0.45,0.45
fig4_immune_onset,859.0,5.0,,24.563445867287545,2,333,648.0,2026800333,0.45,0.45
fig4_immune_onset,983.0,5.0,,13.631739572736532,2,334,848.9999999999999,2026800334,0.45,0.45
fig4_immune_onset,1034.0,5.0,,22.147001934235977,2,335,805.0,2026800335,0.45,0.45
fig4_immune_onset,928.0,5.0,,46.87499999999999,2,336,493.00000000000006,2026800336,0.45,0.45
fig4_immune_onset,929.0,5.0,,44.34876210979548,2,337,517.0,2026800337,0.45,0.45
fig4_immune_onset,1076.0,5.0,,36.61710037174721,2,338,682.0,2026800338,0.45,0.45
fig4_immune_onset,708.0,5.0,,31.92090395480227,2,339,481.99999999999994,2026800339,0.45,0.45
fig4_immune_onset,801.0,5.0,,24.719101123595507,2,340,603.0,2026800340,0.45,0.45
fig4_immune_onset,772.0,5.0,,25.77720207253886,2,341,573.0,2026800341,0.45,0.45
fig4_immune_onset,1072.0,5.0,,31.62313432835821,2,342,733.0,2026800342,0.45,0.45
fig4_immune_onset,764.0,5.0,,46.989528795811516,2,343,405.0,2026800343,0.45,0.45
fig4_immune_onset,928.0,5.0,,39.224137931034484,2,344,564.0,2026800344,0.45,0.45
fig4_immune_onset,1039.0,5.0,,31.56881616939365,2,345,711.0,2026800345,0.45,0.45
fig4_immune_onset,874.0,5.0,,30.778032036613272,2,346,605.0,2026800346,0.45,0.45
fig4_immune_onset,957.0,5.0,,29.780564263322884,2,347,672.0,2026800347,0.45,0.45
fig4_immune_onset,827.9999999999999,5.0,,31.521739130434774,2,348,567.0,2026800348,0.45,0.45
fig4_immune_onset,521.0,5.0,,3.838771593090222,2,349,500.99999999999994,2026800349,0.45,0.45
fig4_immune_onset,710.0,5.0,,23.380281690140844,2,350,544.0,2026800350,0.45,0.45
fig4_immune_onset,777.0,5.0,,37.194337194337194,2,351,488.0,2026800351,0.45,0.45
fig4_immune_onset,1250.0,5.0,,52.24,2,352,597.0,2026800352,0.45,0.45
fig4_immune_onset,1150.0,5.0,,23.56521739130436,2,353,878.9999999999999,2026800353,0.45,0.45
fig4_immune_onset,897.0,5.0,,41.137123745819395,2,354,528.0,2026800354,0.45,0.45
fig4_immune_onset,1112.0,5.0,,23.29136690647483,2,355,852.9999999999999,2026800355,0.45,0.45
fig4_immune_onset,564.0,5.0,,16.843971631205672,2,356,469.0,2026800356,0.45,0.45
fig4_immune_onset,587.0,5.0,,29.98296422487223,2,357,411.0,2026800357,0.45,0.45
fig4_immune_onset,784.0,5.0,,14.540816326530612,2,358,670.0,2026800358,0.45,0.45
fig4_immune_onset,1117.0,5.0,,29.90152193375112,2,359,783.0,2026800359,0.45,0.45
fig4_immune_onset,684.0,5.0,,27.046783625731006,2,360,498.99999999999994,2026800360,0.45,0.45
fig4_immune_onset,634.0,5.0,,32.649842271293366,2,361,427.00000000000006,2026800361,0.45,0.45
fig4_immune_onset,864.0,5.0,,45.023148148148145,2,362,475.0,2026800362,0.45,0.45
fig4_immune_onset,1131.0,5.0,,35.720601237842615,2,363,727.0,2026800363,0.45,0.45
fig4_immune_onset,702.0,5.0,,35.042735042735046,2,364,456.0,2026800364,0.45,0.45
fig4_immune_onset,1078.0,5.0,,34.50834879406308,2,365,706.0,2026800365,0.45,0.45
fig4_immune_onset,854.0000000000001,5.0,,38.407494145199074,2,366,526.0,2026800366,0.45,0.45
fig4_immune_onset,799.0000000000001,5.0,,30.663329161451824,2,367,554.0,2026800367,0.45,0.45
fig4_immune_onset,957.0,5.0,,38.14002089864159,2,368,592.0,2026800368,0.45,0.45
fig4_immune_onset,1123.0,5.0,,50.48975957257346,2,369,556.0,2026800369,0.45,0.45
fig4_immune_onset,590.0,5.0,,-3.389830508474576,2,370,610.0,2026800370,0.45,0.45
fig4_immune_onset,1334.0,5.0,,33.20839580209895,2,371,891.0,2026800371,0.45,0.45
fig4_immune_onset,851.0,5.0,,30.669800235017625,2,372,590.0,2026800372,0.45,0.45
fig4_immune_onset,619.0,5.0,,38.77221324717286,2,373,379.0,2026800373,0.45,0.45
fig4_immune_onset,702.0,5.0,,5.982905982905983,2,374,660.0,2026800374,0.45,0.45
fig4_immune_onset,796.0,5.0,,28.517587939698494,2,375,569.0,2026800375,0.45,0.45
fig4_immune_onset,859.0,5.0,,30.849825378346914,2,376,594.0,2026800376,0.45,0.45
fig4_immune_onset,961.0,5.0,,-1.1446409989594173,2,377,972.0,2026800377,0.45,0.45
fig4_immune_onset,875.0000000000001,5.0,,6.8571428571428825,2,378,814.9999999999999,2026800378,0.45,0.45
fig4_immune_onset,889.0,5.0,,27.446569178852645,2,379,645.0,2026800379,0.45,0.45
fig4_immune_onset,956.0000000000001,5.0,,23.640167364016744,2,380,730.0,2026800380,0.45,0.45
fig4_immune_onset,945.0,5.0,,35.66137566137566,2,381,608.0,2026800381,0.45,0.45
fig4_immune_onset,809.0,5.0,,18.41779975278121,2,382,660.0,2026800382,0.45,0.45
fig4_immune_onset,778.0,5.0,,50.6426735218509,2,383,384.0,2026800383,0.45,0.45
fig4_immune_onset,686.0,5.0,,27.696793002915452,2,384,496.0,2026800384,0.45,0.45
fig4_immune_onset,679.0,5.0,,33.72606774668631,2,385,449.99999999999994,2026800385,0.45,0.45
fig4_immune_onset,967.9999999999999,5.0,,24.69008264462809,2,386,729.0,2026800386,0.45,0.45
fig4_immune_onset,820.0000000000001,5.0,,18.170731707317085,2,387,671.0,2026800387,0.45,0.45
fig4_immune_onset,604.0,5.0,,11.258278145695364,2,388,536.0,2026800388,0.45,0.45
fig4_immune_onset,1088.0,5.0,,32.44485294117647,2,389,735.0,2026800389,0.45,0.45
fig4_immune_onset,483.99999999999994,5.0,,-15.909090909090922,2,390,561.0,2026800390,0.45,0.45
fig4_immune_onset,813.0,5.0,,26.568265682656826,2,391,597.0,2026800391,0.45,0.45
fig4_immune_onset,1118.0,5.0,,22.093023255813943,2,392,871.0000000000001,2026800392,0.45,0.45
fig4_immune_onset,1221.0,5.0,,24.16052416052417,2,393,925.9999999999999,2026800393,0.45,0.45
fig4_immune_onset,872.0,5.0,,31.880733944954127,2,394,594.0,2026800394,0.45,0.45
fig4_immune_onset,791.0,5.0,,25.031605562579013,2,395,593.0,2026800395,0.45,0.45
fig4_immune_onset,755.0,5.0,,23.70860927152318,2,396,576.0,2026800396,0.45,0.45
fig4_immune_onset,681.0,5.0,,24.816446402349484,2,397,512.0,2026800397,0.45,0.45
fig4_immune_onset,1042.0,5.0,,16.506717850287917,2,398,869.9999999999999,2026800398,0.45,0.45
fig4_immune_onset,899.9999999999999,5.0,,15.222222222222213,2,399,763.0,2026800399,0.45,0.45
fig4_immune_onset,1149.0,5.0,,44.82158398607485,2,400,634.0,2026800400,0.45,0.45
fig4_immune_onset,877.0,5.0,,31.014823261117446,2,401,605.0,2026800401,0.45,0.45
fig4_immune_onset,959.9999999999999,5.0,,28.854166666666657,2,402,683.0,2026800402,0.45,0.45
fig4_immune_onset,949.0,5.0,,25.922023182297156,2,403,703.0,2026800403,0.45,0.45
fig4_immune_onset,727.0,5.0,,35.900962861072905,2,404,466.0,2026800404,0.45,0.45
fig4_immune_onset,805.0,5.0,,24.22360248447205,2,405,610.0,2026800405,0.45,0.45
fig4_immune_onset,956.0000000000001,5.0,,35.56485355648537,2,406,616.0,2026800406,0.45,0.45
fig4_immune_onset,650.0,5.0,,36.615384615384606,2,407,412.00000000000006,2026800407,0.45,0.45
fig4_immune_onset,646.0,5.0,,19.814241486068113,2,408,518.0,2026800408,0.45,0.45
fig4_immune_onset,899.0,5.0,,21.134593993325918,2,409,709.0,2026800409,0.45,0.45
fig4_immune_onset,1066.0,5.0,,19.136960600375243,2,410,861.9999999999999,2026800410,0.45,0.45
fig4_immune_onset,774.0,5.0,,29.328165374677003,2,411,547.0,2026800411,0.45,0.45
fig4_immune_onset,580.0,5.0,,32.24137931034482,2,412,393.00000000000006,2026800412,0.45,0.45
fig4_immune_onset,922.0000000000001,5.0,,18.655097613882873,2,413,750.0,2026800413,0.45,0.45
fig4_immune_onset,842.0,5.0,,35.98574821852731,2,414,539.0,2026800414,0.45,0.45
fig4_immune_onset,792.0,5.0,,31.818181818181817,2,415,540.0,2026800415,0.45,0.45
fig4_immune_onset,872.0,5.0,,35.89449541284404,2,416,559.0,2026800416,0.45,0.45
fig4_immune_onset,860.0,5.0,,12.906976744186046,2,417,749.0,2026800417,0.45,0.45
fig4_immune_onset,1013.0,5.0,,25.765054294175716,2,418,752.0,2026800418,0.45,0.45
fig4_immune_onset,1010.9999999999999,5.0,,19.188921859544998,2,419,817.0,2026800419,0.45,0.45
fig4_immune_onset,874.0,5.0,,45.53775743707093,2,420,476.00000000000006,2026800420,0.45,0.45
fig4_immune_onset,668.0,5.0,,15.568862275449101,2,421,564.0,2026800421,0.45,0.45
fig4_immune_onset,871.0000000000001,5.0,,28.473019517795645,2,422,623.0,2026800422,0.45,0.45
fig4_immune_onset,954.0,5.0,,34.38155136268344,2,423,626.0,2026800423,0.45,0.45
fig4_immune_onset,731.0,5.0,,20.930232558139537,2,424,578.0,2026800424,0.45,0.45
fig4_immune_onset,797.0,5.0,,27.478042659974907,2,425,578.0,2026800425,0.45,0.45
fig4_immune_onset,634.0,5.0,,11.35646687697161,2,426,562.0,2026800426,0.45,0.45
fig4_immune_onset,881.0,5.0,,45.40295119182747,2,427,481.0,2026800427,0.45,0.45
fig4_immune_onset,909.0000000000001,5.0,,19.031903190319042,2,428,736.0,2026800428,0.45,0.45
fig4_immune_onset,780.0,5.0,,25.512820512820515,2,429,581.0,2026800429,0.45,0.45
fig4_immune_onset,632.0,5.0,,8.544303797468354,2,430,578.0,2026800430,0.45,0.45
fig4_immune_onset,850.0000000000001,5.0,,35.41176470588236,2,431,549.0,2026800431,0.45,0.45
fig4_immune_onset,1152.0,5.0,,36.02430555555556,2,432,737.0,2026800432,0.45,0.45
fig4_immune_onset,1119.0,5.0,,29.31188561215371,2,433,791.0,2026800433,0.45,0.45
fig4_immune_onset,756.0,5.0,,28.571428571428573,2,434,540.0,2026800434,0.45,0.45
fig4_immune_onset,1216.0,5.0,,46.62828947368421,2,435,649.0,2026800435,0.45,0.45
fig4_immune_onset,949.0,5.0,,44.78398314014753,2,436,524.0,2026800436,0.45,0.45
fig4_immune_onset,1144.0,5.0,,38.46153846153846,2,437,704.0,2026800437,0.45,0.45
fig4_immune_onset,612.0,5.0,,29.24836601307191,2,438,432.99999999999994,2026800438,0.45,0.45
fig4_immune_onset,727.0,5.0,,21.8707015130674,2,439,568.0,2026800439,0.45,0.45
fig4_immune_onset,854.0000000000001,5.0,,28.688524590163944,2,440,609.0,2026800440,0.45,0.45
fig4_immune_onset,880.0,5.0,,25.113636363636363,2,441,659.0,2026800441,0.45,0.45
fig4_immune_onset,821.0,5.0,,36.297198538367844,2,442,523.0,2026800442,0.45,0.45
fig4_immune_onset,863.0,5.0,,17.72885283893395,2,443,710.0,2026800443,0.45,0.45
fig4_immune_onset,837.0000000000001,5.0,,40.26284348864995,2,444,500.0,2026800444,0.45,0.45
fig4_immune_onset,805.0,5.0,,18.385093167701864,2,445,657.0,2026800445,0.45,0.45
fig4_immune_onset,1021.0,5.0,,27.42409402546523,2,446,741.0,2026800446,0.45,0.45
fig4_immune_onset,745.0,5.0,,28.859060402684563,2,447,530.0,2026800447,0.45,0.45
fig4_immune_onset,772.0,5.0,,16.968911917098445,2,448,641.0,2026800448,0.45,0.45
fig4_immune_onset,741.0,5.0,,31.983805668016196,2,449,504.0,2026800449,0.45,0.45
fig4_immune_onset,921.0,5.0,,40.933767643865366,2,450,544.0,2026800450,0.45,0.45
fig4_immune_onset,897.0,5.0,,35.45150501672241,2,451,579.0,2026800451,0.45,0.45
fig4_immune_onset,1053.0,5.0,,42.73504273504273,2,452,603.0,2026800452,0.45,0.45
fig4_immune_onset,464.99999999999994,5.0,,11.397849462365569,2,453,412.00000000000006,2026800453,0.45,0.45
fig4_immune_onset,789.0,5.0,,20.15209125475285,2,454,630.0,2026800454,0.45,0.45
fig4_immune_onset,581.0,5.0,,20.654044750430284,2,455,461.00000000000006,2026800455,0.45,0.45
fig4_immune_onset,637.0,5.0,,8.948194662480377,2,456,580.0,2026800456,0.45,0.45
fig4_immune_onset,850.0000000000001,5.0,,48.11764705882354,2,457,441.0,2026800457,0.45,0.45
fig4_immune_onset,829.0,5.0,,10.012062726176115,2,458,746.0,2026800458,0.45,0.45
fig4_immune_onset,1065.0,5.0,,44.50704225352113,2,459,591.0,2026800459,0.45,0.45
fig4_immune_onset,844.0,5.0,,31.872037914691944,2,460,575.0,2026800460,0.45,0.45
fig4_immune_onset,676.0,5.0,,19.82248520710059,2,461,542.0,2026800461,0.45,0.45
fig4_immune_onset,1291.0,5.0,,47.25019364833462,2,462,681.0,2026800462,0.45,0.45
fig4_immune_onset,912.9999999999999,5.0,,37.020810514786405,2,463,575.0,2026800463,0.45,0.45
fig4_immune_onset,598.0,5.0,,39.130434782608695,2,464,364.0,2026800464,0.45,0.45
fig4_immune_onset,1146.0,5.0,,48.42931937172775,2,465,591.0,2026800465,0.45,0.45
fig4_immune_onset,625.0,5.0,,8.8,2,466,570.0,2026800466,0.45,0.45
fig4_immune_onset,814.9999999999999,5.0,,16.687116564417167,2,467,679.0,2026800467,0.45,0.45
fig4_immune_onset,899.9999999999999,5.0,,26.777777777777768,2,468,659.0,2026800468,0.45,0.45
fig4_immune_onset,710.0,5.0,,22.253521126760564,2,469,552.0,2026800469,0.45,0.45
fig4_immune_onset,978.0,5.0,,25.562372188139058,2,470,728.0,2026800470,0.45,0.45
fig4_immune_onset,600.0,5.0,,16.833333333333343,2,471,498.99999999999994,2026800471,0.45,0.45
fig4_immune_onset,544.0,5.0,,12.316176470588236,2,472,477.0,2026800472,0.45,0.45
fig4_immune_onset,586.0,5.0,,36.51877133105802,2,473,372.0,2026800473,0.45,0.45
fig4_immune_onset,823.0,5.0,,37.0595382746051,2,474,518.0,2026800474,0.45,0.45
fig4_immune_onset,662.0,5.0,,3.1722054380664653,2,475,641.0,2026800475,0.45,0.45
fig4_immune_onset,721.0,5.0,,30.374479889042995,2,476,502.0,2026800476,0.45,0.45
fig4_immune_onset,898.0,5.0,,50.44543429844098,2,477,445.0,2026800477,0.45,0.45
fig4_immune_onset,597.0,5.0,,24.45561139028476,2,478,451.0,2026800478,0.45,0.45
fig4_immune_onset,653.0,5.0,,29.862174578866767,2,479,458.0,2026800479,0.45,0.45
fig4_immune_onset,859.0,5.0,,45.9837019790454,2,480,464.0,2026800480,0.45,0.45
fig4_immune_onset,871.0000000000001,5.0,,42.47990815154996,2,481,500.99999999999994,2026800481,0.45,0.45
fig4_immune_onset,665.0,5.0,,33.68421052631579,2,482,441.0,2026800482,0.45,0.45
fig4_immune_onset,997.9999999999999,5.0,,34.06813627254508,2,483,658.0,2026800483,0.45,0.45
fig4_immune_onset,834.0,5.0,,19.664268585131893,2,484,670.0,2026800484,0.45,0.45
fig4_immune_onset,895.9999999999999,5.0,,41.85267857142856,2,485,521.0,2026800485,0.45,0.45
fig4_immune_onset,980.0,5.0,,40.91836734693877,2,486,579.0,2026800486,0.45,0.45
fig4_immune_onset,764.0,5.0,,15.44502617801047,2,487,646.0,2026800487,0.45,0.45
fig4_immune_onset,864.0,5.0,,49.76851851851852,2,488,434.0,2026800488,0.45,0.45
fig4_immune_onset,1136.0,5.0,,38.11619718309859,2,489,703.0,2026800489,0.45,0.45
fig4_immune_onset,882.9999999999999,5.0,,21.404303510758766,2,490,694.0,2026800490,0.45,0.45
fig4_immune_onset,1004.0,5.0,,43.82470119521912,2,491,564.0,2026800491,0.45,0.45
fig4_immune_onset,733.0,5.0,,27.557980900409277,2,492,531.0,2026800492,0.45,0.45
fig4_immune_onset,745.0,5.0,,11.677852348993289,2,493,658.0,2026800493,0.45,0.45
fig4_immune_onset,979.0,5.0,,39.12155260469867,2,494,596.0,2026800494,0.45,0.45
fig4_immune_onset,748.0,5.0,,25.93582887700535,2,495,554.0,2026800495,0.45,0.45
fig4_immune_onset,912.0,5.0,,1.8640350877192982,2,496,895.0,2026800496,0.45,0.45
fig4_immune_onset,652.0,5.0,,-4.601226993865031,2,497,682.0,2026800497,0.45,0.45
fig4_immune_onset,724.0,5.0,,35.0828729281768,2,498,470.0,2026800498,0.45,0.45
fig4_immune_onset,954.0,5.0,,32.914046121593294,2,499,640.0,2026800499,0.45,0.45
fig4_immune_onset,996.0,5.0,,15.060240963855422,2,500,846.0,2026800500,0.45,0.45
fig4_immune_onset,1104.0,5.0,,41.57608695652174,2,501,645.0,2026800501,0.45,0.45
fig4_immune_onset,895.9999999999999,5.0,,10.267857142857132,2,502,804.0,2026800502,0.45,0.45
fig4_immune_onset,655.0,5.0,,22.290076335877863,2,503,509.0,2026800503,0.45,0.45
fig4_immune_onset,1035.0,5.0,,51.98067632850242,2,504,496.99999999999994,2026800504,0.45,0.45
fig4_immune_onset,841.0000000000001,5.0,,12.247324613555303,2,505,738.0,2026800505,0.45,0.45
fig4_immune_onset,1121.0,5.0,,23.104371097234623,2,506,861.9999999999999,2026800506,0.45,0.45
fig4_immune_onset,1061.0,5.0,,31.85673892554194,2,507,723.0,2026800507,0.45,0.45
fig4_immune_onset,911.0,5.0,,36.004390779363334,2,508,583.0,2026800508,0.45,0.45
fig4_immune_onset,691.0,5.0,,27.930535455861072,2,509,498.0,2026800509,0.45,0.45
fig4_immune_onset,744.0,5.0,,41.263440860215056,2,510,437.0,2026800510,0.45,0.45
fig4_immune_onset,519.0,5.0,,26.396917148362235,2,511,382.0,2026800511,0.45,0.45
fig4_immune_onset,583.0,5.0,,11.320754716981131,2,512,517.0,2026800512,0.45,0.45
fig4_immune_onset,938.0,5.0,,41.68443496801706,2,513,547.0,2026800513,0.45,0.45
fig4_immune_onset,1287.0,5.0,,33.02253302253303,2,514,861.9999999999999,2026800514,0.45,0.45
fig4_immune_onset,1082.0,5.0,,35.95194085027727,2,515,693.0,2026800515,0.45,0.45
fig4_immune_onset,643.0,5.0,,9.64230171073095,2,516,581.0,2026800516,0.45,0.45
fig4_immune_onset,1357.0,5.0,,30.140014738393504,2,517,948.0000000000001,2026800517,0.45,0.45
fig4_immune_onset,674.0,5.0,,8.308605341246292,2,518,618.0,2026800518,0.45,0.45
fig4_immune_onset,654.0,5.0,,6.8807339449541285,2,519,609.0,2026800519,0.45,0.45
fig4_immune_onset,878.0,5.0,,21.52619589977221,2,520,689.0,2026800520,0.45,0.45
fig4_immune_onset,850.0000000000001,5.0,,43.29411764705883,2,521,481.99999999999994,2026800521,0.45,0.45
fig4_immune_onset,613.0,5.0,,28.38499184339315,2,522,439.0,2026800522,0.45,0.45
fig4_immune_onset,732.0,5.0,,29.781420765027324,2,523,514.0,2026800523,0.45,0.45
fig4_immune_onset,768.0,5.0,,31.380208333333332,2,524,527.0,2026800524,0.45,0.45
fig4_immune_onset,718.0,5.0,,29.108635097493035,2,525,509.0,2026800525,0.45,0.45
fig4_immune_onset,1021.0,5.0,,29.18707149853085,2,526,723.0,2026800526,0.45,0.45
fig4_immune_onset,963.9999999999999,5.0,,36.099585062240656,2,527,616.0,2026800527,0.45,0.45
fig4_immune_onset,893.0,5.0,,24.412094064949606,2,528,675.0,2026800528,0.45,0.45
fig4_immune_onset,671.0,5.0,,47.988077496274215,2,529,349.0,2026800529,0.45,0.45
fig4_immune_onset,980.9999999999999,5.0,,49.1335372069317,2,530,498.99999999999994,2026800530,0.45,0.45
fig4_immune_onset,674.0,5.0,,23.887240356083087,2,531,513.0,2026800531,0.45,0.45
fig4_immune_onset,854.0000000000001,5.0,,37.70491803278689,2,532,532.0,2026800532,0.45,0.45
fig4_immune_onset,971.0,5.0,,24.51081359423275,2,533,733.0,2026800533,0.45,0.45
fig4_immune_onset,458.0,5.0,,25.109170305676855,2,534,343.0,2026800534,0.45,0.45
fig4_immune_onset,668.0,5.0,,26.49700598802394,2,535,491.00000000000006,2026800535,0.45,0.45
fig4_immune_onset,692.0,5.0,,39.16184971098266,2,536,421.0,2026800536,0.45,0.45
fig4_immune_onset,801.9999999999999,5.0,,30.423940149625928,2,537,558.0,2026800537,0.45,0.45
fig4_immune_onset,771.0,5.0,,29.701686121919586,2,538,542.0,2026800538,0.45,0.45
fig4_immune_onset,1323.0,5.0,,34.39153439153439,2,539,868.0,2026800539,0.45,0.45
fig4_immune_onset,671.0,5.0,,24.44113263785395,2,540,507.0,2026800540,0.45,0.45
fig4_immune_onset,886.9999999999999,5.0,,36.302142051860194,2,541,565.0,2026800541,0.45,0.45
fig4_immune_onset,956.0000000000001,5.0,,50.94142259414227,2,542,469.0,2026800542,0.45,0.45
fig4_immune_onset,710.0,5.0,,43.52112676056339,2,543,400.99999999999994,2026800543,0.45,0.45
fig4_immune_onset,1136.0,5.0,,37.147887323943664,2,544,714.0,2026800544,0.45,0.45
fig4_immune_onset,950.9999999999999,5.0,,34.91062039957938,2,545,619.0,2026800545,0.45,0.45
fig4_immune_onset,664.0,5.0,,34.18674698795181,2,546,437.0,2026800546,0.45,0.45
fig4_immune_onset,907.0,5.0,,31.97353914002205,2,547,617.0,2026800547,0.45,0.45
fig4_immune_onset,967.0,5.0,,23.061013443640125,2,548,744.0,2026800548,0.45,0.45
fig4_immune_onset,1216.0,5.0,,35.11513157894737,2,549,789.0,2026800549,0.45,0.45
fig4_immune_onset,659.0,5.0,,19.11987860394537,2,550,533.0,2026800550,0.45,0.45
fig4_immune_onset,792.0,5.0,,17.803030303030305,2,551,651.0,2026800551,0.45,0.45
fig4_immune_onset,903.0,5.0,,36.434108527131784,2,552,574.0,2026800552,0.45,0.45
fig4_immune_onset,903.0,5.0,,15.39313399778516,2,553,764.0,2026800553,0.45,0.45
fig4_immune_onset,768.0,5.0,,19.661458333333332,2,554,617.0,2026800554,0.45,0.45
fig4_immune_onset,792.0,5.0,,20.454545454545453,2,555,630.0,2026800555,0.45,0.45
fig4_immune_onset,742.0,5.0,,20.080862533692724,2,556,593.0,2026800556,0.45,0.45
fig4_immune_onset,553.0,5.0,,13.562386980108489,2,557,478.00000000000006,2026800557,0.45,0.45
fig4_immune_onset,897.0,5.0,,18.729096989966557,2,558,729.0,2026800558,0.45,0.45
fig4_immune_onset,748.0,5.0,,7.620320855614973,2,559,691.0,2026800559,0.45,0.45
fig4_immune_onset,1038.0,5.0,,20.134874759152215,2,560,829.0,2026800560,0.45,0.45
fig4_immune_onset,420.0,5.0,,-15.952380952380953,2,561,487.0,2026800561,0.45,0.45
fig4_immune_onset,865.0,5.0,,38.03468208092485,2,562,536.0,2026800562,0.45,0.45
fig4_immune_onset,878.0,5.0,,34.054669703872435,2,563,579.0,2026800563,0.45,0.45
fig4_immune_onset,912.0,5.0,,41.776315789473685,2,564,531.0,2026800564,0.45,0.45
fig4_immune_onset,831.0,5.0,,42.71961492178098,2,565,476.00000000000006,2026800565,0.45,0.45
fig4_immune_onset,717.0,5.0,,33.891213389121326,2,566,474.00000000000006,2026800566,0.45,0.45
fig4_immune_onset,603.0,5.0,,35.65505804311775,2,567,388.0,2026800567,0.45,0.45
fig4_immune_onset,669.0,5.0,,21.225710014947683,2,568,527.0,2026800568,0.45,0.45
fig4_immune_onset,718.0,5.0,,31.337047353760436,2,569,493.00000000000006,2026800569,0.45,0.45
fig4_immune_onset,1242.0,5.0,,45.249597423510465,2,570,680.0,2026800570,0.45,0.45
fig4_immune_onset,929.9999999999999,5.0,,51.29032258064515,2,571,453.0,2026800571,0.45,0.45
fig4_immune_onset,651.0,5.0,,24.42396313364055,2,572,492.0,2026800572,0.45,0.45
fig4_immune_onset,795.0,5.0,,31.446540880503143,2,573,545.0,2026800573,0.45,0.45
fig4_immune_onset,1025.0,5.0,,16.682926829268283,2,574,854.0000000000001,2026800574,0.45,0.45
fig4_immune_onset,989.0,5.0,,40.74823053589484,2,575,586.0,2026800575,0.45,0.45
fig4_immune_onset,940.0,5.0,,32.659574468085104,2,576,633.0,2026800576,0.45,0.45
fig4_immune_onset,848.9999999999999,5.0,,44.16961130742048,2,577,474.00000000000006,2026800577,0.45,0.45
fig4_immune_onset,872.0,5.0,,28.55504587155963,2,578,623.0,2026800578,0.45,0.45
fig4_immune_onset,831.0,5.0,,39.35018050541516,2,579,504.0,2026800579,0.45,0.45
fig4_immune_onset,767.0,5.0,,40.80834419817471,2,580,454.0,2026800580,0.45,0.45
fig4_immune_onset,546.0,5.0,,35.53113553113553,2,581,352.0,2026800581,0.45,0.45
fig4_immune_onset,995.0,5.0,,48.040201005025125,2,582,517.0,2026800582,0.45,0.45
fig4_immune_onset,920.0,5.0,,42.28260869565217,2,583,531.0,2026800583,0.45,0.45
fig4_immune_onset,648.0,5.0,,16.666666666666668,2,584,540.0,2026800584,0.45,0.45
fig4_immune_onset,797.0,5.0,,32.49686323713927,2,585,538.0,2026800585,0.45,0.45
fig4_immune_onset,649.0,5.0,,37.442218798151,2,586,406.0,2026800586,0.45,0.45
fig4_immune_onset,760.0,5.0,,34.07894736842106,2,587,500.99999999999994,2026800587,0.45,0.45
fig4_immune_onset,681.0,5.0,,21.292217327459618,2,588,536.0,2026800588,0.45,0.45
fig4_immune_onset,724.0,5.0,,7.044198895027624,2,589,673.0,2026800589,0.45,0.45
fig4_immune_onset,727.0,5.0,,18.29436038514443,2,590,594.0,2026800590,0.45,0.45
fig4_immune_onset,868.0,5.0,,26.267281105990783,2,591,640.0,2026800591,0.45,0.45
fig4_immune_onset,539.0,5.0,,-14.84230055658627,2,592,619.0,2026800592,0.45,0.45
fig4_immune_onset,709.0,5.0,,10.719322990126939,2,593,633.0,2026800593,0.45,0.45
fig4_immune_onset,759.0,5.0,,23.847167325428195,2,594,578.0,2026800594,0.45,0.45
fig4_immune_onset,1005.0,5.0,,38.90547263681592,2,595,614.0,2026800595,0.45,0.45
fig4_immune_onset,538.0,5.0,,22.490706319702603,2,596,417.0,2026800596,0.45,0.45
fig4_immune_onset,532.0,5.0,,5.639097744360902,2,597,502.0,2026800597,0.45,0.45
fig4_immune_onset,838.0,5.0,,13.60381861575179,2,598,724.0,2026800598,0.45,0.45
fig4_immune_onset,1027.0,5.0,,33.98247322297955,2,599,678.0,2026800599,0.45,0.45
fig4_immune_onset,749.0,5.0,,14.552736982643525,2,600,640.0,2026800600,0.45,0.45
fig4_immune_onset,644.0,5.0,,44.87577639751553,2,601,355.0,2026800601,0.45,0.45
fig4_immune_onset,589.0,5.0,,16.468590831918505,2,602,492.0,2026800602,0.45,0.45
fig4_immune_onset,933.0,5.0,,42.97963558413719,2,603,532.0,2026800603,0.45,0.45
fig4_immune_onset,701.0,5.0,,13.98002853067047,2,604,603.0,2026800604,0.45,0.45
fig4_immune_onset,774.0,5.0,,40.95607235142119,2,605,457.0,2026800605,0.45,0.45
fig4_immune_onset,884.0000000000001,5.0,,41.62895927601811,2,606,516.0,2026800606,0.45,0.45
fig4_immune_onset,1078.0,5.0,,34.69387755102041,2,607,704.0,2026800607,0.45,0.45
fig4_immune_onset,664.0,5.0,,14.156626506024097,2,608,570.0,2026800608,0.45,0.45
fig4_immune_onset,1145.0,5.0,,41.048034934497814,2,609,675.0,2026800609,0.45,0.45
fig4_immune_onset,799.0000000000001,5.0,,30.538172715894877,2,610,555.0,2026800610,0.45,0.45
fig4_immune_onset,865.0,5.0,,29.595375722543352,2,611,609.0,2026800611,0.45,0.45
fig4_immune_onset,855.0,5.0,,22.923976608187136,2,612,659.0,2026800612,0.45,0.45
fig4_immune_onset,953.0,5.0,,32.42392444910808,2,613,644.0,2026800613,0.45,0.45
fig4_immune_onset,927.0,5.0,,32.362459546925564,2,614,627.0,2026800614,0.45,0.45
fig4_immune_onset,902.0,5.0,,38.470066518847005,2,615,555.0,2026800615,0.45,0.45
fig4_immune_onset,620.0,5.0,,29.677419354838708,2,616,436.0,2026800616,0.45,0.45
fig4_immune_onset,865.0,5.0,,30.057803468208093,2,617,605.0,2026800617,0.45,0.45
fig4_immune_onset,787.0,5.0,,29.86022871664549,2,618,552.0,2026800618,0.45,0.45
fig4_immune_onset,933.9999999999999,5.0,,20.021413276231254,2,619,747.0,2026800619,0.45,0.45
fig4_immune_onset,672.0,5.0,,22.916666666666668,2,620,518.0,2026800620,0.45,0.45
fig4_immune_onset,786.0000000000001,5.0,,45.801526717557266,2,621,426.0,2026800621,0.45,0.45
fig4_immune_onset,946.0,5.0,,40.69767441860465,2,622,561.0,2026800622,0.45,0.45
fig4_immune_onset,634.0,5.0,,12.77602523659306,2,623,553.0,2026800623,0.45,0.45
fig4_immune_onset,682.0,5.0,,30.205278592375358,2,624,476.00000000000006,2026800624,0.45,0.45
fig4_immune_onset,871.0000000000001,5.0,,29.506314580941456,2,625,614.0,2026800625,0.45,0.45
fig4_immune_onset,1071.0,5.0,,31.465919701213817,2,626,734.0,2026800626,0.45,0.45
fig4_immune_onset,670.0,5.0,,31.34328358208955,2,627,460.0,2026800627,0.45,0.45
fig4_immune_onset,857.0,5.0,,29.4049008168028,2,628,605.0,2026800628,0.45,0.45
fig4_immune_onset,939.0000000000001,5.0,,31.73588924387647,2,629,641.0,2026800629,0.45,0.45
fig4_immune_onset,834.0,5.0,,21.46282973621103,2,630,655.0,2026800630,0.45,0.45
fig4_immune_onset,1013.0,5.0,,17.077986179664364,2,631,840.0,2026800631,0.45,0.45
fig4_immune_onset,940.0,5.0,,29.680851063829788,2,632,661.0,2026800632,0.45,0.45
fig4_immune_onset,912.0,5.0,,19.18859649122807,2,633,737.0,2026800633,0.45,0.45
fig4_immune_onset,882.0,5.0,,34.807256235827666,2,634,575.0,2026800634,0.45,0.45
fig4_immune_onset,876.0,5.0,,32.534246575342465,2,635,591.0,2026800635,0.45,0.45
fig4_immune_onset,803.0000000000001,5.0,,18.306351183063523,2,636,656.0,2026800636,0.45,0.45
fig4_immune_onset,1005.0,5.0,,30.149253731343283,2,637,702.0,2026800637,0.45,0.45
fig4_immune_onset,767.0,5.0,,17.079530638852674,2,638,636.0,2026800638,0.45,0.45
fig4_immune_onset,882.9999999999999,5.0,,28.199320498301237,2,639,634.0,2026800639,0.45,0.45
fig4_immune_onset,826.0,5.0,,17.5544794188862,2,640,681.0,2026800640,0.45,0.45
fig4_immune_onset,777.0,5.0,,41.05534105534105,2,641,458.0,2026800641,0.45,0.45
fig4_immune_onset,1137.0,5.0,,41.77660510114336,2,642,662.0,2026800642,0.45,0.45
fig4_immune_onset,801.9999999999999,5.0,,24.937655860349118,2,643,602.0,2026800643,0.45,0.45
fig4_immune_onset,627.0,5.0,,48.32535885167464,2,644,324.0,2026800644,0.45,0.45
fig4_immune_onset,920.0,5.0,,32.608695652173914,2,645,620.0,2026800645,0.45,0.45
fig4_immune_onset,938.0,5.0,,32.51599147121535,2,646,633.0,2026800646,0.45,0.45
fig4_immune_onset,859.0,5.0,,32.130384167636784,2,647,583.0,2026800647,0.45,0.45
fig4_immune_onset,766.0,5.0,,25.065274151436032,2,648,574.0,2026800648,0.45,0.45
fig4_immune_onset,780.0,5.0,,24.23076923076923,2,649,591.0,2026800649,0.45,0.45
fig4_immune_onset,863.0,5.0,,25.724217844727693,2,650,641.0,2026800650,0.45,0.45
fig4_immune_onset,1177.0,5.0,,18.606627017841973,2,651,958.0,2026800651,0.45,0.45
fig4_immune_onset,616.0,5.0,,48.214285714285715,2,652,319.0,2026800652,0.45,0.45
fig4_immune_onset,847.0,5.0,,24.439197166469892,2,653,640.0,2026800653,0.45,0.45
fig4_immune_onset,1010.0,5.0,,10.297029702970297,2,654,906.0,2026800654,0.45,0.45
fig4_immune_onset,902.0,5.0,,20.84257206208426,2,655,714.0,2026800655,0.45,0.45
fig4_immune_onset,778.0,5.0,,29.434447300771208,2,656,549.0,2026800656,0.45,0.45
fig4_immune_onset,949.0,5.0,,35.08956796628029,2,657,616.0,2026800657,0.45,0.45
fig4_immune_onset,715.0,5.0,,38.04195804195804,2,658,443.0,2026800658,0.45,0.45
fig4_immune_onset,963.0,5.0,,27.102803738317757,2,659,702.0,2026800659,0.45,0.45
fig4_immune_onset,1123.0,5.0,,34.37221727515583,2,660,737.0,2026800660,0.45,0.45
fig4_immune_onset,701.0,5.0,,19.686162624821684,2,661,563.0,2026800661,0.45,0.45
fig4_immune_onset,848.9999999999999,5.0,,47.114252061248514,2,662,449.0,2026800662,0.45,0.45
fig4_immune_onset,955.0,5.0,,33.29842931937173,2,663,637.0,2026800663,0.45,0.45
fig4_immune_onset,684.0,5.0,,31.871345029239766,2,664,466.0,2026800664,0.45,0.45
fig4_immune_onset,972.0,5.0,,44.23868312757202,2,665,542.0,2026800665,0.45,0.45
fig4_immune_onset,1080.0,5.0,,48.98148148148148,2,666,551.0,2026800666,0.45,0.45
fig4_immune_onset,788.0,5.0,,37.18274111675126,2,667,495.00000000000006,2026800667,0.45,0.45
fig4_immune_onset,823.0,5.0,,57.108140947752126,2,668,353.0,2026800668,0.45,0.45
fig4_immune_onset,1009.0,5.0,,20.5153617443013,2,669,801.9999999999999,2026800669,0.45,0.45
fig4_immune_onset,834.0,5.0,,20.743405275779377,2,670,661.0,2026800670,0.45,0.45
fig4_immune_onset,817.0,5.0,,39.65728274173806,2,671,493.00000000000006,2026800671,0.45,0.45
fig4_immune_onset,735.0,5.0,,2.0408163265306123,2,672,720.0,2026800672,0.45,0.45
fig4_immune_onset,730.0,5.0,,16.301369863013697,2,673,611.0,2026800673,0.45,0.45
fig4_immune_onset,736.0,5.0,,29.891304347826086,2,674,516.0,2026800674,0.45,0.45
fig4_immune_onset,1136.0,5.0,,39.436619718309856,2,675,688.0,2026800675,0.45,0.45
fig4_immune_onset,686.0,5.0,,22.157434402332363,2,676,534.0,2026800676,0.45,0.45
fig4_immune_onset,950.0,5.0,,35.473684210526315,2,677,613.0,2026800677,0.45,0.45
fig4_immune_onset,949.0,5.0,,38.77766069546892,2,678,581.0,2026800678,0.45,0.45
fig4_immune_onset,574.0,5.0,,20.905923344947734,2,679,454.0,2026800679,0.45,0.45
fig4_immune_onset,973.0000000000001,5.0,,39.15724563206579,2,680,592.0,2026800680,0.45,0.45
fig4_immune_onset,851.0,5.0,,45.24089306698002,2,681,466.0,2026800681,0.45,0.45
fig4_immune_onset,655.0,5.0,,7.32824427480916,2,682,607.0,2026800682,0.45,0.45
fig4_immune_onset,630.0,5.0,,12.698412698412698,2,683,550.0,2026800683,0.45,0.45
fig4_immune_onset,976.0,5.0,,35.14344262295082,2,684,633.0,2026800684,0.45,0.45
fig4_immune_onset,673.0,5.0,,21.2481426448737,2,685,530.0,2026800685,0.45,0.45
fig4_immune_onset,710.0,5.0,,0.8450704225352113,2,686,704.0,2026800686,0.45,0.45
fig4_immune_onset,693.0,5.0,,41.99134199134199,2,687,402.0,2026800687,0.45,0.45
fig4_immune_onset,1136.0,5.0,,33.01056338028169,2,688,761.0,2026800688,0.45,0.45
fig4_immune_onset,1045.0,5.0,,35.78947368421053,2,689,671.0,2026800689,0.45,0.45
fig4_immune_onset,801.9999999999999,5.0,,35.41147132169575,2,690,518.0,2026800690,0.45,0.45
fig4_immune_onset,784.9999999999999,5.0,,28.789808917197444,2,691,559.0,2026800691,0.45,0.45
fig4_immune_onset,723.0,5.0,,41.07883817427386,2,692,426.0,2026800692,0.45,0.45
fig4_immune_onset,1197.0,5.0,,50.20885547201337,2,693,596.0,2026800693,0.45,0.45
fig4_immune_onset,571.0,5.0,,11.208406304728546,2,694,507.0,2026800694,0.45,0.45
fig4_immune_onset,983.0,5.0,,53.30620549338759,2,695,459.00000000000006,2026800695,0.45,0.45
fig4_immune_onset,553.0,5.0,,16.455696202531644,2,696,462.0,2026800696,0.45,0.45
fig4_immune_onset,653.0,5.0,,23.27718223583462,2,697,500.99999999999994,2026800697,0.45,0.45
fig4_immune_onset,927.0,5.0,,35.05933117583603,2,698,602.0,2026800698,0.45,0.45
fig4_immune_onset,790.0000000000001,5.0,,15.18987341772153,2,699,670.0,2026800699,0.45,0.45
fig4_immune_onset,955.0,5.0,,35.18324607329843,2,700,619.0,2026800700,0.45,0.45
fig4_immune_onset,768.0,5.0,,24.348958333333332,2,701,581.0,2026800701,0.45,0.45
fig4_immune_onset,901.0000000000001,5.0,,48.1687014428413,2,702,466.99999999999994,2026800702,0.45,0.45
fig4_immune_onset,831.9999999999999,5.0,,45.79326923076922,2,703,451.0,2026800703,0.45,0.45
fig4_immune_onset,911.0,5.0,,25.905598243688253,2,704,675.0,2026800704,0.45,0.45
fig4_immune_onset,1198.0,5.0,,24.207011686143574,2,705,908.0,2026800705,0.45,0.45
fig4_immune_onset,706.0,5.0,,16.288951841359772,2,706,591.0,2026800706,0.45,0.45
fig4_immune_onset,720.0,5.0,,35.41666666666668,2,707,464.99999999999994,2026800707,0.45,0.45
fig4_immune_onset,770.0,5.0,,35.58441558441559,2,708,496.0,2026800708,0.45,0.45
fig4_immune_onset,1020.0000000000001,5.0,,34.215686274509814,2,709,671.0,2026800709,0.45,0.45
fig4_immune_onset,768.0,5.0,,30.078125,2,710,537.0,2026800710,0.45,0.45
fig4_immune_onset,615.0,5.0,,23.089430894308943,2,711,473.0,2026800711,0.45,0.45
fig4_immune_onset,1283.0,5.0,,40.062353858144974,2,712,769.0,2026800712,0.45,0.45
fig4_immune_onset,1064.0,5.0,,32.330827067669176,2,713,720.0,2026800713,0.45,0.45
fig4_immune_onset,591.0,5.0,,7.783417935702199,2,714,545.0,2026800714,0.45,0.45
fig4_immune_onset,869.0,5.0,,35.78826237054085,2,715,558.0,2026800715,0.45,0.45
fig4_immune_onset,776.0,5.0,,25.77319587628866,2,716,576.0,2026800716,0.45,0.45
fig4_immune_onset,742.0,5.0,,32.34501347708895,2,717,502.0,2026800717,0.45,0.45
fig4_immune_onset,652.0,5.0,,33.588957055214735,2,718,432.99999999999994,2026800718,0.45,0.45
fig4_immune_onset,614.0,5.0,,19.54397394136808,2,719,494.0,2026800719,0.45,0.45
fig4_immune_onset,781.0,5.0,,35.97951344430218,2,720,500.0,2026800720,0.45,0.45
fig4_immune_onset,877.0,5.0,,19.61231470923603,2,721,705.0,2026800721,0.45,0.45
fig4_immune_onset,924.0,5.0,,34.307359307359306,2,722,607.0,2026800722,0.45,0.45
fig4_immune_onset,869.9999999999999,5.0,,26.78160919540229,2,723,637.0,2026800723,0.45,0.45
fig4_immune_onset,614.0,5.0,,22.14983713355048,2,724,478.00000000000006,2026800724,0.45,0.45
fig4_immune_onset,851.0,5.0,,25.264394829612222,2,725,636.0,2026800725,0.45,0.45
fig4_immune_onset,1201.0,5.0,,19.317235636969183,2,726,969.0000000000001,2026800726,0.45,0.45
fig4_immune_onset,1068.0,5.0,,24.438202247191,2,727,807.0000000000001,2026800727,0.45,0.45
fig4_immune_onset,661.0,5.0,,39.78819969742814,2,728,398.0,2026800728,0.45,0.45
fig4_immune_onset,869.0,5.0,,40.62140391254315,2,729,516.0,2026800729,0.45,0.45
fig4_immune_onset,685.0,5.0,,27.73722627737225,2,730,495.00000000000006,2026800730,0.45,0.45
fig4_immune_onset,529.0,5.0,,16.0680529300567,2,731,444.00000000000006,2026800731,0.45,0.45
fig4_immune_onset,1065.0,5.0,,15.68075117370892,2,732,898.0,2026800732,0.45,0.45
fig4_immune_onset,808.0,5.0,,15.965346534653465,2,733,679.0,2026800733,0.45,0.45
fig4_immune_onset,855.0,5.0,,30.292397660818715,2,734,596.0,2026800734,0.45,0.45
fig4_immune_onset,590.0,5.0,,22.033898305084747,2,735,460.0,2026800735,0.45,0.45
fig4_immune_onset,1067.0,5.0,,36.36363636363637,2,736,679.0,2026800736,0.45,0.45
fig4_immune_onset,706.0,5.0,,4.1076487252124645,2,737,677.0,2026800737,0.45,0.45
fig4_immune_onset,662.0,5.0,,31.268882175226587,2,738,455.0,2026800738,0.45,0.45
fig4_immune_onset,678.0,5.0,,9.587020648967552,2,739,613.0,2026800739,0.45,0.45
fig4_immune_onset,767.0,5.0,,33.63754889178618,2,740,509.0,2026800740,0.45,0.45
fig4_immune_onset,697.0,5.0,,26.398852223816355,2,741,513.0,2026800741,0.45,0.45
fig4_immune_onset,848.0,5.0,,30.07075471698113,2,742,593.0,2026800742,0.45,0.45
fig4_immune_onset,699.0,5.0,,21.888412017167383,2,743,546.0,2026800743,0.45,0.45
fig4_immune_onset,732.0,5.0,,8.333333333333334,2,744,671.0,2026800744,0.45,0.45
fig4_immune_onset,615.0,5.0,,37.5609756097561,2,745,384.0,2026800745,0.45,0.45
fig4_immune_onset,742.0,5.0,,15.498652291105122,2,746,627.0,2026800746,0.45,0.45
fig4_immune_onset,637.0,5.0,,28.2574568288854,2,747,457.0,2026800747,0.45,0.45
fig4_immune_onset,1145.0,5.0,,43.66812227074236,2,748,645.0,2026800748,0.45,0.45
fig4_immune_onset,1070.0,5.0,,49.90654205607477,2,749,536.0,2026800749,0.45,0.45
fig4_immune_onset,834.0,5.0,,37.52997601918465,2,750,521.0,2026800750,0.45,0.45
fig4_immune_onset,835.9999999999999,5.0,,18.06220095693779,2,751,685.0,2026800751,0.45,0.45
fig4_immune_onset,975.0,5.0,,33.84615384615385,2,752,645.0,2026800752,0.45,0.45
fig4_immune_onset,1331.0,5.0,,33.73403456048084,2,753,882.0,2026800753,0.45,0.45
fig4_immune_onset,814.0,5.0,,30.0982800982801,2,754,569.0,2026800754,0.45,0.45
fig4_immune_onset,620.0,5.0,,44.83870967741935,2,755,342.0,2026800755,0.45,0.45
fig4_immune_onset,931.0,5.0,,40.70891514500537,2,756,552.0,2026800756,0.45,0.45
fig4_immune_onset,897.0,5.0,,20.958751393534,2,757,709.0,2026800757,0.45,0.45
fig4_immune_onset,856.0,5.0,,35.74766355140187,2,758,550.0,2026800758,0.45,0.45
fig4_immune_onset,972.0,5.0,,34.67078189300412,2,759,635.0,2026800759,0.45,0.45
fig4_immune_onset,882.0,5.0,,25.170068027210885,2,760,660.0,2026800760,0.45,0.45
fig4_immune_onset,864.0,5.0,,16.435185185185187,2,761,722.0,2026800761,0.45,0.45
fig4_immune_onset,723.0,5.0,,30.29045643153527,2,762,504.0,2026800762,0.45,0.45
fig4_immune_onset,945.0,5.0,,23.280423280423282,2,763,725.0,2026800763,0.45,0.45
fig4_immune_onset,776.0,5.0,,34.536082474226795,2,764,508.00000000000006,2026800764,0.45,0.45
fig4_immune_onset,720.0,5.0,,-0.9722222222222222,2,765,727.0,2026800765,0.45,0.45
fig4_immune_onset,590.0,5.0,,25.084745762711854,2,766,442.00000000000006,2026800766,0.45,0.45
fig4_immune_onset,1044.0,5.0,,42.62452107279694,2,767,599.0,2026800767,0.45,0.45
fig4_immune_onset,592.0,5.0,,21.452702702702712,2,768,464.99999999999994,2026800768,0.45,0.45
fig4_immune_onset,842.0,5.0,,38.95486935866983,2,769,514.0,2026800769,0.45,0.45
fig4_immune_onset,975.0,5.0,,31.28205128205128,2,770,670.0,2026800770,0.45,0.45
fig4_immune_onset,971.0,5.0,,42.842430484037074,2,771,555.0,2026800771,0.45,0.45
fig4_immune_onset,827.9999999999999,5.0,,21.7391304347826,2,772,648.0,2026800772,0.45,0.45
fig4_immune_onset,821.0,5.0,,22.89890377588307,2,773,633.0,2026800773,0.45,0.45
fig4_immune_onset,855.0,5.0,,38.12865497076023,2,774,529.0,2026800774,0.45,0.45
fig4_immune_onset,702.0,5.0,,26.210826210826212,2,775,518.0,2026800775,0.45,0.45
fig4_immune_onset,630.0,5.0,,24.444444444444436,2,776,476.00000000000006,2026800776,0.45,0.45
fig4_immune_onset,687.0,5.0,,18.049490538573508,2,777,563.0,2026800777,0.45,0.45
fig4_immune_onset,1345.0,5.0,,39.40520446096655,2,778,814.9999999999999,2026800778,0.45,0.45
fig4_immune_onset,931.0,5.0,,41.568206229860365,2,779,544.0,2026800779,0.45,0.45
fig4_immune_onset,739.0,5.0,,15.832205683355886,2,780,622.0,2026800780,0.45,0.45
fig4_immune_onset,605.0,5.0,,-4.793388429752066,2,781,634.0,2026800781,0.45,0.45
fig4_immune_onset,792.0,5.0,,17.424242424242426,2,782,654.0,2026800782,0.45,0.45
fig4_immune_onset,1004.0,5.0,,33.366533864541836,2,783,669.0,2026800783,0.45,0.45
fig4_immune_onset,950.0,5.0,,28.842105263157894,2,784,676.0,2026800784,0.45,0.45
fig4_immune_onset,628.0,5.0,,21.656050955414013,2,785,492.0,2026800785,0.45,0.45
fig4_immune_onset,763.0,5.0,,7.99475753604194,2,786,702.0,2026800786,0.45,0.45
fig4_immune_onset,604.0,5.0,,-2.814569536423841,2,787,621.0,2026800787,0.45,0.45
fig4_immune_onset,655.0,5.0,,56.030534351145036,2,788,288.0,2026800788,0.45,0.45
fig4_immune_onset,630.0,5.0,,24.444444444444436,2,789,476.00000000000006,2026800789,0.45,0.45
fig4_immune_onset,797.0,5.0,,27.603513174404014,2,790,577.0,2026800790,0.45,0.45
fig4_immune_onset,834.0,5.0,,35.4916067146283,2,791,538.0,2026800791,0.45,0.45
fig4_immune_onset,831.9999999999999,5.0,,28.846153846153836,2,792,592.0,2026800792,0.45,0.45
fig4_immune_onset,512.0,5.0,,36.9140625,2,793,323.0,2026800793,0.45,0.45
fig4_immune_onset,730.0,5.0,,20.273972602739725,2,794,582.0,2026800794,0.45,0.45
fig4_immune_onset,1079.0,5.0,,20.945319740500473,2,795,852.9999999999999,2026800795,0.45,0.45
fig4_immune_onset,846.0,5.0,,28.368794326241133,2,796,606.0,2026800796,0.45,0.45
fig4_immune_onset,921.0,5.0,,27.578718783930512,2,797,667.0,2026800797,0.45,0.45
fig4_immune_onset,976.9999999999999,5.0,,25.486182190378702,2,798,728.0,2026800798,0.45,0.45
fig4_immune_onset,652.0,5.0,,16.257668711656443,2,799,546.0,2026800799,0.45,0.45
fig4_immune_onset,839.0,5.0,,29.67818831942789,2,800,590.0,2026800800,0.45,0.45
fig4_immune_onset,702.0,5.0,,44.3019943019943,2,801,391.0,2026800801,0.45,0.45
fig4_immune_onset,938.0,5.0,,41.68443496801706,2,802,547.0,2026800802,0.45,0.45
fig4_immune_onset,1077.0,5.0,,34.26183844011142,2,803,708.0,2026800803,0.45,0.45
fig4_immune_onset,617.0,5.0,,31.280388978930308,2,804,424.0,2026800804,0.45,0.45
fig4_immune_onset,642.0,5.0,,26.4797507788162,2,805,472.0,2026800805,0.45,0.45
fig4_immune_onset,692.0,5.0,,24.13294797687861,2,806,525.0,2026800806,0.45,0.45
fig4_immune_onset,807.0000000000001,5.0,,29.739776951672873,2,807,567.0,2026800807,0.45,0.45
fig4_immune_onset,852.0,5.0,,8.450704225352112,2,808,780.0,2026800808,0.45,0.45
fig4_immune_onset,880.0,5.0,,41.70454545454545,2,809,513.0,2026800809,0.45,0.45
fig4_immune_onset,999.0000000000001,5.0,,36.236236236236245,2,810,637.0,2026800810,0.45,0.45
fig4_immune_onset,623.0,5.0,,9.630818619582664,2,811,563.0,2026800811,0.45,0.45
fig4_immune_onset,801.0,5.0,,26.092384519350812,2,812,592.0,2026800812,0.45,0.45
fig4_immune_onset,619.0,5.0,,10.823909531502423,2,813,552.0,2026800813,0.45,0.45
fig4_immune_onset,1037.0,5.0,,16.972034715525556,2,814,861.0,2026800814,0.45,0.45
fig4_immune_onset,672.0,5.0,,18.00595238095238,2,815,551.0,2026800815,0.45,0.45
fig4_immune_onset,844.0,5.0,,43.24644549763033,2,816,479.0,2026800816,0.45,0.45
fig4_immune_onset,970.0,5.0,,24.123711340206185,2,817,736.0,2026800817,0.45,0.45
fig4_immune_onset,941.0,5.0,,26.67375132837407,2,818,690.0,2026800818,0.45,0.45
fig4_immune_onset,681.0,5.0,,24.816446402349484,2,819,512.0,2026800819,0.45,0.45
fig4_immune_onset,875.0000000000001,5.0,,26.97142857142858,2,820,639.0,2026800820,0.45,0.45
fig4_immune_onset,752.0,5.0,,26.99468085106383,2,821,549.0,2026800821,0.45,0.45
fig4_immune_onset,649.0,5.0,,36.51771956856702,2,822,412.00000000000006,2026800822,0.45,0.45
fig4_immune_onset,726.0,5.0,,15.56473829201102,2,823,613.0,2026800823,0.45,0.45
fig4_immune_onset,1371.0,5.0,,44.27425237053246,2,824,764.0,2026800824,0.45,0.45
fig4_immune_onset,707.0,5.0,,37.48231966053747,2,825,442.00000000000006,2026800825,0.45,0.45
fig4_immune_onset,776.0,5.0,,25.0,2,826,582.0,2026800826,0.45,0.45
fig4_immune_onset,905.0000000000001,5.0,,23.867403314917137,2,827,689.0,2026800827,0.45,0.45
fig4_immune_onset,797.0,5.0,,15.432873274780427,2,828,674.0,2026800828,0.45,0.45
fig4_immune_onset,498.0,5.0,,12.248995983935743,2,829,437.0,2026800829,0.45,0.45
fig4_immune_onset,619.0,5.0,,7.754442649434572,2,830,571.0,2026800830,0.45,0.45
fig4_immune_onset,754.0,5.0,,28.912466843501328,2,831,536.0,2026800831,0.45,0.45
fig4_immune_onset,589.0,5.0,,1.1884550084889642,2,832,582.0,2026800832,0.45,0.45
fig4_immune_onset,863.0,5.0,,27.230590961761298,2,833,628.0,2026800833,0.45,0.45
fig4_immune_onset,806.0,5.0,,38.833746898263016,2,834,493.00000000000006,2026800834,0.45,0.45
fig4_immune_onset,702.0,5.0,,42.73504273504273,2,835,402.0,2026800835,0.45,0.45
fig4_immune_onset,1144.0,5.0,,40.12237762237762,2,836,685.0,2026800836,0.45,0.45
fig4_immune_onset,1097.0,5.0,,32.99908842297174,2,837,735.0,2026800837,0.45,0.45
fig4_immune_onset,1364.0,5.0,,27.712609970674475,2,838,986.0000000000001,2026800838,0.45,0.45
fig4_immune_onset,784.0,5.0,,39.66836734693877,2,839,473.0,2026800839,0.45,0.45
fig4_immune_onset,959.9999999999999,5.0,,41.97916666666666,2,840,557.0,2026800840,0.45,0.45
fig4_immune_onset,551.0,5.0,,32.66787658802178,2,841,371.0,2026800841,0.45,0.45
fig4_immune_onset,1025.0,5.0,,43.51219512195122,2,842,579.0,2026800842,0.45,0.45
fig4_immune_onset,878.9999999999999,5.0,,38.680318543799764,2,843,539.0,2026800843,0.45,0.45
fig4_immune_onset,1112.0,5.0,,24.190647482014388,2,844,843.0,2026800844,0.45,0.45
fig4_immune_onset,829.0,5.0,,33.0518697225573,2,845,555.0,2026800845,0.45,0.45
fig4_immune_onset,869.0,5.0,,12.88837744533947,2,846,757.0,2026800846,0.45,0.45
fig4_immune_onset,758.0,5.0,,28.891820580474935,2,847,539.0,2026800847,0.45,0.45
fig4_immune_onset,1080.0,5.0,,33.7962962962963,2,848,715.0,2026800848,0.45,0.45
fig4_immune_onset,918.0000000000001,5.0,,18.082788671023973,2,849,752.0,2026800849,0.45,0.45
fig4_immune_onset,739.0,5.0,,20.16238159675237,2,850,590.0,2026800850,0.45,0.45
fig4_immune_onset,809.0,5.0,,7.292954264524104,2,851,750.0,2026800851,0.45,0.45
fig4_immune_onset,932.0,5.0,,22.96137339055794,2,852,718.0,2026800852,0.45,0.45
fig4_immune_onset,957.0,5.0,,12.852664576802507,2,853,834.0,2026800853,0.45,0.45
fig4_immune_onset,587.0,5.0,,37.98977853492334,2,854,364.0,2026800854,0.45,0.45
fig4_immune_onset,758.0,5.0,,21.37203166226913,2,855,596.0,2026800855,0.45,0.45
fig4_immune_onset,939.0000000000001,5.0,,42.492012779552724,2,856,540.0,2026800856,0.45,0.45
fig4_immune_onset,861.0,5.0,,34.959349593495936,2,857,560.0,2026800857,0.45,0.45
fig4_immune_onset,736.0,5.0,,37.3641304347826,2,858,461.00000000000006,2026800858,0.45,0.45
fig4_immune_onset,766.0,5.0,,48.56396866840731,2,859,394.0,2026800859,0.45,0.45
fig4_immune_onset,834.0,5.0,,28.896882494004796,2,860,593.0,2026800860,0.45,0.45
fig4_immune_onset,867.0000000000001,5.0,,14.648212226066908,2,861,740.0,2026800861,0.45,0.45
fig4_immune_onset,596.0,5.0,,15.604026845637584,2,862,503.0,2026800862,0.45,0.45
fig4_immune_onset,611.0,5.0,,22.09492635024549,2,863,476.00000000000006,2026800863,0.45,0.45
fig4_immune_onset,982.0000000000001,5.0,,31.56822810590632,2,864,672.0,2026800864,0.45,0.45
fig4_immune_onset,993.0,5.0,,40.68479355488419,2,865,589.0,2026800865,0.45,0.45
fig4_immune_onset,800.0,5.0,,23.125,2,866,615.0,2026800866,0.45,0.45
fig4_immune_onset,933.9999999999999,5.0,,33.40471092077087,2,867,622.0,2026800867,0.45,0.45
fig4_immune_onset,859.0,5.0,,-12.339930151338779,2,868,965.0000000000001,2026800868,0.45,0.45
fig4_immune_onset,993.0,5.0,,35.750251762336354,2,869,638.0,2026800869,0.45,0.45
fig4_immune_onset,793.0,5.0,,19.672131147540984,2,870,637.0,2026800870,0.45,0.45
fig4_immune_onset,950.0,5.0,,21.36842105263158,2,871,747.0,2026800871,0.45,0.45
fig4_immune_onset,492.0,5.0,,42.27642276422764,2,872,284.0,2026800872,0.45,0.45
fig4_immune_onset,632.0,5.0,,24.20886075949367,2,873,479.0,2026800873,0.45,0.45
fig4_immune_onset,743.0,5.0,,24.091520861372814,2,874,564.0,2026800874,0.45,0.45
fig4_immune_onset,584.0,5.0,,28.424657534246588,2,875,417.99999999999994,2026800875,0.45,0.45
fig4_immune_onset,894.0,5.0,,41.946308724832214,2,876,519.0,2026800876,0.45,0.45
fig4_immune_onset,731.0,5.0,,51.84678522571819,2,877,352.0,2026800877,0.45,0.45
fig4_immune_onset,768.0,5.0,,31.25,2,878,528.0,2026800878,0.45,0.45
fig4_immune_onset,743.0,5.0,,6.998654104979812,2,879,691.0,2026800879,0.45,0.45
fig4_immune_onset,824.0000000000001,5.0,,29.126213592233018,2,880,584.0,2026800880,0.45,0.45
fig4_immune_onset,644.0,5.0,,23.13664596273291,2,881,495.00000000000006,2026800881,0.45,0.45
fig4_immune_onset,797.9999999999999,5.0,,18.922305764411018,2,882,647.0,2026800882,0.45,0.45
fig4_immune_onset,659.0,5.0,,15.477996965098635,2,883,557.0,2026800883,0.45,0.45
fig4_immune_onset,799.0000000000001,5.0,,23.779724655819784,2,884,609.0,2026800884,0.45,0.45
fig4_immune_onset,723.0,5.0,,40.1106500691563,2,885,432.99999999999994,2026800885,0.45,0.45
fig4_immune_onset,743.0,5.0,,28.532974427994617,2,886,531.0,2026800886,0.45,0.45
fig4_immune_onset,1031.0,5.0,,50.921435499515034,2,887,506.0,2026800887,0.45,0.45
fig4_immune_onset,950.9999999999999,5.0,,28.180862250262873,2,888,683.0,2026800888,0.45,0.45
fig4_immune_onset,1059.0,5.0,,38.33805476864967,2,889,653.0,2026800889,0.45,0.45
fig4_immune_onset,827.9999999999999,5.0,,47.82608695652173,2,890,432.0,2026800890,0.45,0.45
fig4_immune_onset,1078.0,5.0,,39.795918367346935,2,891,649.0,2026800891,0.45,0.45
fig4_immune_onset,797.9999999999999,5.0,,10.275689223057633,2,892,716.0,2026800892,0.45,0.45
fig4_immune_onset,842.0,5.0,,39.78622327790974,2,893,507.0,2026800893,0.45,0.45
fig4_immune_onset,932.0,5.0,,20.278969957081546,2,894,743.0,2026800894,0.45,0.45
fig4_immune_onset,895.9999999999999,5.0,,23.77232142857142,2,895,683.0,2026800895,0.45,0.45
fig4_immune_onset,1089.0,5.0,,26.35445362718091,2,896,801.9999999999999,2026800896,0.45,0.45
fig4_immune_onset,988.0,5.0,,35.121457489878544,2,897,641.0,2026800897,0.45,0.45
fig4_immune_onset,1005.0,5.0,,16.318407960198993,2,898,841.0000000000001,2026800898,0.45,0.45
fig4_immune_onset,953.0,5.0,,43.75655823714585,2,899,536.0,2026800899,0.45,0.45
fig4_immune_onset,1039.0,5.0,,41.000962463907605,2,900,613.0,2026800900,0.45,0.45
fig4_immune_onset,940.0,5.0,,20.74468085106383,2,901,745.0,2026800901,0.45,0.45
fig4_immune_onset,837.0000000000001,5.0,,45.041816009557955,2,902,460.0,2026800902,0.45,0.45
fig4_immune_onset,700.0,5.0,,20.428571428571427,2,903,557.0,2026800903,0.45,0.45
fig4_immune_onset,1060.0,5.0,,31.88679245283019,2,904,722.0,2026800904,0.45,0.45
fig4_immune_onset,495.00000000000006,5.0,,17.373737373737384,2,905,409.0,2026800905,0.45,0.45
fig4_immune_onset,821.0,5.0,,39.95127892813641,2,906,493.00000000000006,2026800906,0.45,0.45
fig4_immune_onset,980.0,5.0,,36.83673469387755,2,907,619.0,2026800907,0.45,0.45
fig4_immune_onset,713.0,5.0,,23.141654978962134,2,908,548.0,2026800908,0.45,0.45
fig4_immune_onset,1038.0,5.0,,32.65895953757225,2,909,699.0,2026800909,0.45,0.45
fig4_immune_onset,918.0000000000001,5.0,,14.270152505446633,2,910,787.0,2026800910,0.45,0.45
fig4_immune_onset,996.0,5.0,,26.70682730923695,2,911,730.0,2026800911,0.45,0.45
fig4_immune_onset,1089.0,5.0,,23.966942148760342,2,912,827.9999999999999,2026800912,0.45,0.45
fig4_immune_onset,575.0,5.0,,2.782608695652174,2,913,559.0,2026800913,0.45,0.45
fig4_immune_onset,1347.0,5.0,,39.71789161098738,2,914,812.0,2026800914,0.45,0.45
fig4_immune_onset,818.9999999999999,5.0,,29.05982905982905,2,915,581.0,2026800915,0.45,0.45
fig4_immune_onset,848.9999999999999,5.0,,24.14605418138986,2,916,644.0,2026800916,0.45,0.45
fig4_immune_onset,698.0,5.0,,31.5186246418338,2,917,478.00000000000006,2026800917,0.45,0.45
fig4_immune_onset,816.0000000000001,5.0,,36.39705882352942,2,918,519.0,2026800918,0.45,0.45
fig4_immune_onset,935.0000000000001,5.0,,22.352941176470598,2,919,726.0,2026800919,0.45,0.45
fig4_immune_onset,681.0,5.0,,27.165932452276063,2,920,496.0,2026800920,0.45,0.45
fig4_immune_onset,639.0,5.0,,15.023474178403756,2,921,543.0,2026800921,0.45,0.45
fig4_immune_onset,752.0,5.0,,25.0,2,922,564.0,2026800922,0.45,0.45
fig4_immune_onset,727.0,5.0,,25.997248968363134,2,923,538.0,2026800923,0.45,0.45
fig4_immune_onset,442.00000000000006,5.0,,28.50678733031675,2,924,316.0,2026800924,0.45,0.45
fig4_immune_onset,1068.0,5.0,,20.318352059925093,2,925,851.0,2026800925,0.45,0.45
fig4_immune_onset,590.0,5.0,,24.40677966101694,2,926,446.00000000000006,2026800926,0.45,0.45
fig4_immune_onset,1006.0,5.0,,11.530815109343937,2,927,890.0,2026800927,0.45,0.45
fig4_immune_onset,1020.0000000000001,5.0,,40.196078431372555,2,928,610.0,2026800928,0.45,0.45
fig4_immune_onset,852.0,5.0,,25.35211267605634,2,929,636.0,2026800929,0.45,0.45
fig4_immune_onset,838.0,5.0,,34.84486873508353,2,930,546.0,2026800930,0.45,0.45
fig4_immune_onset,784.0,5.0,,36.98979591836735,2,931,494.0,2026800931,0.45,0.45
fig4_immune_onset,651.0,5.0,,14.592933947772657,2,932,556.0,2026800932,0.45,0.45
fig4_immune_onset,756.0,5.0,,31.613756613756614,2,933,517.0,2026800933,0.45,0.45
fig4_immune_onset,1044.0,5.0,,29.118773946360154,2,934,740.0,2026800934,0.45,0.45
fig4_immune_onset,490.0,5.0,,23.6734693877551,2,935,374.0,2026800935,0.45,0.45
fig4_immune_onset,496.99999999999994,5.0,,20.52313883299797,2,936,395.00000000000006,2026800936,0.45,0.45
fig4_immune_onset,555.0,5.0,,19.99999999999999,2,937,444.00000000000006,2026800937,0.45,0.45
fig4_immune_onset,717.0,5.0,,28.17294281729428,2,938,515.0,2026800938,0.45,0.45
fig4_immune_onset,852.0,5.0,,27.464788732394368,2,939,618.0,2026800939,0.45,0.45
fig4_immune_onset,1287.0,5.0,,33.1002331002331,2,940,861.0,2026800940,0.45,0.45
fig4_immune_onset,771.0,5.0,,36.83527885862516,2,941,487.0,2026800941,0.45,0.45
fig4_immune_onset,750.0,5.0,,27.466666666666665,2,942,544.0,2026800942,0.45,0.45
fig4_immune_onset,873.0,5.0,,48.797250859106526,2,943,447.0,2026800943,0.45,0.45
fig4_immune_onset,1024.0,5.0,,36.71875,2,944,648.0,2026800944,0.45,0.45
fig4_immune_onset,1115.0,5.0,,36.591928251121075,2,945,707.0,2026800945,0.45,0.45
fig4_immune_onset,1090.0,5.0,,28.440366972477065,2,946,780.0,2026800946,0.45,0.45
fig4_immune_onset,920.0,5.0,,37.93478260869565,2,947,571.0,2026800947,0.45,0.45
fig4_immune_onset,837.0000000000001,5.0,,21.863799283154133,2,948,654.0,2026800948,0.45,0.45
fig4_immune_onset,869.0,5.0,,34.86766398158803,2,949,566.0,2026800949,0.45,0.45
fig4_immune_onset,885.0,5.0,,9.717514124293773,2,950,799.0000000000001,2026800950,0.45,0.45
fig4_immune_onset,689.0,5.0,,7.6923076923076925,2,951,636.0,2026800951,0.45,0.45
fig4_immune_onset,880.0,5.0,,29.431818181818183,2,952,621.0,2026800952,0.45,0.45
fig4_immune_onset,464.99999999999994,5.0,,16.98924731182795,2,953,386.0,2026800953,0.45,0.45
fig4_immune_onset,582.0,5.0,,32.98969072164948,2,954,390.0,2026800954,0.45,0.45
fig4_immune_onset,536.0,5.0,,-17.16417910447761,2,955,628.0,2026800955,0.45,0.45
fig4_immune_onset,759.0,5.0,,20.948616600790515,2,956,600.0,2026800956,0.45,0.45
fig4_immune_onset,944.0,5.0,,32.521186440677965,2,957,637.0,2026800957,0.45,0.45
fig4_immune_onset,730.0,5.0,,35.89041095890411,2,958,468.0,2026800958,0.45,0.45
fig4_immune_onset,759.0,5.0,,34.519104084321484,2,959,496.99999999999994,2026800959,0.45,0.45
fig4_immune_onset,547.0,5.0,,6.581352833638026,2,960,511.0,2026800960,0.45,0.45
fig4_immune_onset,918.0000000000001,5.0,,47.27668845315905,2,961,483.99999999999994,2026800961,0.45,0.45
fig4_immune_onset,929.0,5.0,,33.3692142088267,2,962,619.0,2026800962,0.45,0.45
fig4_immune_onset,946.9999999999999,5.0,,17.212249208025334,2,963,784.0,2026800963,0.45,0.45
fig4_immune_onset,424.0,5.0,,-30.18867924528302,2,964,552.0,2026800964,0.45,0.45
fig4_immune_onset,754.0,5.0,,19.09814323607427,2,965,610.0,2026800965,0.45,0.45
fig4_immune_onset,1119.0,5.0,,39.49955317247542,2,966,677.0,2026800966,0.45,0.45
fig4_immune_onset,759.0,5.0,,7.509881422924901,2,967,702.0,2026800967,0.45,0.45
fig4_immune_onset,818.9999999999999,5.0,,11.477411477411465,2,968,725.0,2026800968,0.45,0.45
fig4_immune_onset,744.0,5.0,,19.623655913978496,2,969,598.0,2026800969,0.45,0.45
fig4_immune_onset,600.0,5.0,,22.166666666666675,2,970,466.99999999999994,2026800970,0.45,0.45
fig4_immune_onset,835.0,5.0,,15.688622754491018,2,971,704.0,2026800971,0.45,0.45
fig4_immune_onset,1078.0,5.0,,23.191094619666057,2,972,827.9999999999999,2026800972,0.45,0.45
fig4_immune_onset,1029.0,5.0,,37.51214771622935,2,973,643.0,2026800973,0.45,0.45
fig4_immune_onset,590.0,5.0,,27.62711864406779,2,974,427.00000000000006,2026800974,0.45,0.45
fig4_immune_onset,838.0,5.0,,44.74940334128879,2,975,462.99999999999994,2026800975,0.45,0.45
fig4_immune_onset,806.0,5.0,,32.630272952853595,2,976,543.0,2026800976,0.45,0.45
fig4_immune_onset,878.9999999999999,5.0,,35.60864618885096,2,977,566.0,2026800977,0.45,0.45
fig4_immune_onset,735.0,5.0,,35.374149659863946,2,978,475.0,2026800978,0.45,0.45
fig4_immune_onset,761.0,5.0,,37.71353482260183,2,979,474.00000000000006,2026800979,0.45,0.45
fig4_immune_onset,906.0,5.0,,40.507726269315675,2,980,539.0,2026800980,0.45,0.45
fig4_immune_onset,737.0,5.0,,1.2211668928086838,2,981,728.0,2026800981,0.45,0.45
fig4_immune_onset,762.0,5.0,,-2.3622047244094486,2,982,780.0,2026800982,0.45,0.45
fig4_immune_onset,713.0,5.0,,15.568022440392706,2,983,602.0,2026800983,0.45,0.45
fig4_immune_onset,1296.0,5.0,,39.891975308641975,2,984,779.0,2026800984,0.45,0.45
fig4_immune_onset,650.0,5.0,,38.15384615384615,2,985,402.0,2026800985,0.45,0.45
fig4_immune_onset,524.0,5.0,,-21.18320610687023,2,986,635.0,2026800986,0.45,0.45
fig4_immune_onset,1000.0,5.0,,37.6,2,987,624.0,2026800987,0.45,0.45
fig4_immune_onset,881.0,5.0,,25.085130533484676,2,988,660.0,2026800988,0.45,0.45
fig4_immune_onset,746.0,5.0,,33.10991957104559,2,989,498.99999999999994,2026800989,0.45,0.45
fig4_immune_onset,732.0,5.0,,20.901639344262296,2,990,579.0,2026800990,0.45,0.45
fig4_immune_onset,873.0,5.0,,23.825887743413517,2,991,665.0,2026800991,0.45,0.45
fig4_immune_onset,984.9999999999999,5.0,,20.304568527918786,2,992,784.9999999999999,2026800992,0.45,0.45
fig4_immune_onset,746.0,5.0,,33.24396782841823,2,993,498.0,2026800993,0.45,0.45
fig4_immune_onset,858.0000000000001,5.0,,24.242424242424253,2,994,650.0,2026800994,0.45,0.45
fig4_immune_onset,860.0,5.0,,20.348837209302324,2,995,685.0,2026800995,0.45,0.45
fig4_immune_onset,683.0,5.0,,30.161054172767205,2,996,477.0,2026800996,0.45,0.45
fig4_immune_onset,861.0,5.0,,40.65040650406504,2,997,511.0,2026800997,0.45,0.45
fig4_immune_onset,568.0,5.0,,25.0,2,998,426.0,2026800998,0.45,0.45
fig4_immune_onset,916.0,5.0,,31.222707423580786,2,999,630.0,2026800999,0.45,0.45
fig4_immune_onset,890.0,7.0,,23.707865168539325,2,0,679.0,2026800000,0.45,0.45
fig4_immune_onset,694.0,7.0,,15.85014409221902,2,1,584.0,2026800001,0.45,0.45
fig4_immune_onset,619.0,7.0,,37.64135702746365,2,2,386.0,2026800002,0.45,0.45
fig4_immune_onset,568.0,7.0,,38.556338028169016,2,3,349.0,2026800003,0.45,0.45
fig4_immune_onset,801.0,7.0,,20.848938826466917,2,4,634.0,2026800004,0.45,0.45
fig4_immune_onset,768.0,7.0,,26.822916666666668,2,5,562.0,2026800005,0.45,0.45
fig4_immune_onset,742.0,7.0,,43.1266846361186,2,6,422.0,2026800006,0.45,0.45
fig4_immune_onset,687.0,7.0,,25.036390101892284,2,7,515.0,2026800007,0.45,0.45
fig4_immune_onset,611.0,7.0,,8.67430441898527,2,8,558.0,2026800008,0.45,0.45
fig4_immune_onset,570.0,7.0,,13.508771929824551,2,9,493.00000000000006,2026800009,0.45,0.45
fig4_immune_onset,757.0,7.0,,26.68428005284016,2,10,555.0,2026800010,0.45,0.45
fig4_immune_onset,768.0,7.0,,0.2604166666666667,2,11,766.0,2026800011,0.45,0.45
fig4_immune_onset,732.0,7.0,,45.3551912568306,2,12,400.0,2026800012,0.45,0.45
fig4_immune_onset,1143.0,7.0,,40.15748031496063,2,13,684.0,2026800013,0.45,0.45
fig4_immune_onset,916.0,7.0,,7.96943231441048,2,14,843.0,2026800014,0.45,0.45
fig4_immune_onset,882.9999999999999,7.0,,22.42355605889014,2,15,685.0,2026800015,0.45,0.45
fig4_immune_onset,921.0,7.0,,15.309446254071661,2,16,780.0,2026800016,0.45,0.45
fig4_immune_onset,991.0,7.0,,37.43693239152371,2,17,620.0,2026800017,0.45,0.45
fig4_immune_onset,769.0,7.0,,36.02080624187256,2,18,492.0,2026800018,0.45,0.45
fig4_immune_onset,714.0,7.0,,27.170868347338935,2,19,520.0,2026800019,0.45,0.45
fig4_immune_onset,612.0,7.0,,19.934640522875817,2,20,490.0,2026800020,0.45,0.45
fig4_immune_onset,878.9999999999999,7.0,,29.124004550625703,2,21,623.0,2026800021,0.45,0.45
fig4_immune_onset,568.0,7.0,,6.161971830985915,2,22,533.0,2026800022,0.45,0.45
fig4_immune_onset,877.0,7.0,,37.62827822120867,2,23,547.0,2026800023,0.45,0.45
fig4_immune_onset,693.0,7.0,,21.645021645021647,2,24,543.0,2026800024,0.45,0.45
fig4_immune_onset,780.0,7.0,,47.30769230769231,2,25,411.0,2026800025,0.45,0.45
fig4_immune_onset,583.0,7.0,,-3.9451114922813035,2,26,606.0,2026800026,0.45,0.45
fig4_immune_onset,1001.0,7.0,,22.277722277722276,2,27,778.0,2026800027,0.45,0.45
fig4_immune_onset,703.0,7.0,,33.57041251778095,2,28,466.99999999999994,2026800028,0.45,0.45
fig4_immune_onset,589.0,7.0,,22.410865874363328,2,29,457.0,2026800029,0.45,0.45
fig4_immune_onset,589.0,7.0,,24.108658743633278,2,30,447.0,2026800030,0.45,0.45
fig4_immune_onset,884.0000000000001,7.0,,29.638009049773764,2,31,622.0,2026800031,0.45,0.45
fig4_immune_onset,786.0000000000001,7.0,,35.623409669211206,2,32,506.0,2026800032,0.45,0.45
fig4_immune_onset,778.0,7.0,,9.897172236503856,2,33,701.0,2026800033,0.45,0.45
fig4_immune_onset,916.9999999999999,7.0,,6.761177753544155,2,34,855.0,2026800034,0.45,0.45
fig4_immune_onset,1041.0,7.0,,49.183477425552354,2,35,529.0,2026800035,0.45,0.45
fig4_immune_onset,878.0,7.0,,16.287015945330296,2,36,735.0,2026800036,0.45,0.45
fig4_immune_onset,848.0,7.0,,22.169811320754718,2,37,660.0,2026800037,0.45,0.45
fig4_immune_onset,1103.0,7.0,,44.786944696282866,2,38,609.0,2026800038,0.45,0.45
fig4_immune_onset,878.0,7.0,,27.904328018223236,2,39,633.0,2026800039,0.45,0.45
fig4_immune_onset,835.9999999999999,7.0,,33.49282296650717,2,40,556.0,2026800040,0.45,0.45
fig4_immune_onset,621.0,7.0,,23.993558776167472,2,41,472.0,2026800041,0.45,0.45
fig4_immune_onset,906.0,7.0,,27.814569536423843,2,42,654.0,2026800042,0.45,0.45
fig4_immune_onset,768.0,7.0,,19.53125,2,43,618.0,2026800043,0.45,0.45
fig4_immune_onset,634.0,7.0,,26.498422712933753,2,44,466.0,2026800044,0.45,0.45
fig4_immune_onset,682.0,7.0,,28.885630498533725,2,45,485.0,2026800045,0.45,0.45
fig4_immune_onset,799.0000000000001,7.0,,38.79849812265333,2,46,489.0,2026800046,0.45,0.45
fig4_immune_onset,922.0000000000001,7.0,,25.379609544468554,2,47,688.0,2026800047,0.45,0.45
fig4_immune_onset,755.0,7.0,,46.22516556291391,2,48,406.0,2026800048,0.45,0.45
fig4_immune_onset,841.0000000000001,7.0,,23.305588585017844,2,49,645.0,2026800049,0.45,0.45
fig4_immune_onset,1029.0,7.0,,46.06413994169096,2,50,555.0,2026800050,0.45,0.45
fig4_immune_onset,716.0,7.0,,14.245810055865922,2,51,614.0,2026800051,0.45,0.45
fig4_immune_onset,671.0,7.0,,-15.946348733233979,2,52,778.0,2026800052,0.45,0.45
fig4_immune_onset,814.0,7.0,,34.27518427518427,2,53,535.0,2026800053,0.45,0.45
fig4_immune_onset,486.0,7.0,,16.46090534979424,2,54,406.0,2026800054,0.45,0.45
fig4_immune_onset,863.0,7.0,,41.71494785631518,2,55,503.0,2026800055,0.45,0.45
fig4_immune_onset,950.0,7.0,,26.0,2,56,703.0,2026800056,0.45,0.45
fig4_immune_onset,768.0,7.0,,25.78125,2,57,570.0,2026800057,0.45,0.45
fig4_immune_onset,1063.0,7.0,,34.05456255879586,2,58,701.0,2026800058,0.45,0.45
fig4_immune_onset,920.0,7.0,,29.782608695652176,2,59,646.0,2026800059,0.45,0.45
fig4_immune_onset,711.0,7.0,,45.0070323488045,2,60,391.0,2026800060,0.45,0.45
fig4_immune_onset,659.0,7.0,,37.32928679817906,2,61,413.0,2026800061,0.45,0.45
fig4_immune_onset,673.0,7.0,,15.304606240713225,2,62,570.0,2026800062,0.45,0.45
fig4_immune_onset,738.0,7.0,,41.734417344173444,2,63,430.0,2026800063,0.45,0.45
fig4_immune_onset,895.9999999999999,7.0,,32.25446428571428,2,64,607.0,2026800064,0.45,0.45
fig4_immune_onset,835.0,7.0,,32.5748502994012,2,65,563.0,2026800065,0.45,0.45
fig4_immune_onset,970.0,7.0,,30.0,2,66,679.0,2026800066,0.45,0.45
fig4_immune_onset,651.0,7.0,,10.138248847926267,2,67,585.0,2026800067,0.45,0.45
fig4_immune_onset,550.0,7.0,,8.0,2,68,506.0,2026800068,0.45,0.45
fig4_immune_onset,698.0,7.0,,7.8796561604584525,2,69,643.0,2026800069,0.45,0.45
fig4_immune_onset,664.0,7.0,,22.740963855421686,2,70,513.0,2026800070,0.45,0.45
fig4_immune_onset,924.0,7.0,,36.36363636363637,2,71,588.0,2026800071,0.45,0.45
fig4_immune_onset,1057.0,7.0,,30.842005676442763,2,72,731.0,2026800072,0.45,0.45
fig4_immune_onset,905.0000000000001,7.0,,32.37569060773482,2,73,612.0,2026800073,0.45,0.45
fig4_immune_onset,915.0,7.0,,22.404371584699454,2,74,710.0,2026800074,0.45,0.45
fig4_immune_onset,919.0,7.0,,43.52557127312296,2,75,519.0,2026800075,0.45,0.45
fig4_immune_onset,888.0000000000001,7.0,,34.12162162162163,2,76,585.0,2026800076,0.45,0.45
fig4_immune_onset,683.0,7.0,,29.72181551976575,2,77,479.99999999999994,2026800077,0.45,0.45
fig4_immune_onset,978.0,7.0,,19.734151329243364,2,78,784.9999999999999,2026800078,0.45,0.45
fig4_immune_onset,966.0,7.0,,45.445134575569355,2,79,527.0,2026800079,0.45,0.45
fig4_immune_onset,1100.0,7.0,,15.818181818181827,2,80,925.9999999999999,2026800080,0.45,0.45
fig4_immune_onset,767.0,7.0,,19.81747066492829,2,81,615.0,2026800081,0.45,0.45
fig4_immune_onset,1042.0,7.0,,37.3320537428023,2,82,653.0,2026800082,0.45,0.45
fig4_immune_onset,1065.0,7.0,,34.647887323943664,2,83,696.0,2026800083,0.45,0.45
fig4_immune_onset,704.0,7.0,,30.25568181818181,2,84,491.00000000000006,2026800084,0.45,0.45
fig4_immune_onset,954.0,7.0,,46.121593291404615,2,85,514.0,2026800085,0.45,0.45
fig4_immune_onset,868.0,7.0,,29.493087557603687,2,86,612.0,2026800086,0.45,0.45
fig4_immune_onset,844.0,7.0,,19.43127962085308,2,87,680.0,2026800087,0.45,0.45
fig4_immune_onset,1020.0000000000001,7.0,,30.392156862745104,2,88,710.0,2026800088,0.45,0.45
fig4_immune_onset,894.0,7.0,,28.07606263982103,2,89,643.0,2026800089,0.45,0.45
fig4_immune_onset,1100.0,7.0,,26.90909090909091,2,90,804.0,2026800090,0.45,0.45
fig4_immune_onset,614.0,7.0,,17.26384364820846,2,91,508.00000000000006,2026800091,0.45,0.45
fig4_immune_onset,851.0,7.0,,6.81551116333725,2,92,793.0,2026800092,0.45,0.45
fig4_immune_onset,718.0,7.0,,16.15598885793872,2,93,602.0,2026800093,0.45,0.45
fig4_immune_onset,958.0,7.0,,36.012526096033405,2,94,613.0,2026800094,0.45,0.45
fig4_immune_onset,972.0,7.0,,32.92181069958848,2,95,652.0,2026800095,0.45,0.45
fig4_immune_onset,974.0,7.0,,47.53593429158111,2,96,511.0,2026800096,0.45,0.45
fig4_immune_onset,652.0,7.0,,48.15950920245399,2,97,338.0,2026800097,0.45,0.45
fig4_immune_onset,909.0000000000001,7.0,,33.44334433443345,2,98,605.0,2026800098,0.45,0.45
fig4_immune_onset,923.0,7.0,,41.9284940411701,2,99,536.0,2026800099,0.45,0.45
fig4_immune_onset,1023.0,7.0,,35.386119257086996,2,100,661.0,2026800100,0.45,0.45
fig4_immune_onset,1200.0,7.0,,32.666666666666664,2,101,808.0,2026800101,0.45,0.45
fig4_immune_onset,863.0,7.0,,19.235225955967554,2,102,697.0,2026800102,0.45,0.45
fig4_immune_onset,860.0,7.0,,39.883720930232556,2,103,517.0,2026800103,0.45,0.45
fig4_immune_onset,624.0,7.0,,17.307692307692307,2,104,516.0,2026800104,0.45,0.45
fig4_immune_onset,560.0,7.0,,7.142857142857143,2,105,520.0,2026800105,0.45,0.45
fig4_immune_onset,1000.0,7.0,,33.0,2,106,670.0,2026800106,0.45,0.45
fig4_immune_onset,952.0000000000001,7.0,,32.037815126050425,2,107,647.0,2026800107,0.45,0.45
fig4_immune_onset,710.0,7.0,,41.54929577464789,2,108,415.0,2026800108,0.45,0.45
fig4_immune_onset,649.0,7.0,,17.41140215716487,2,109,536.0,2026800109,0.45,0.45
fig4_immune_onset,831.9999999999999,7.0,,32.21153846153845,2,110,564.0,2026800110,0.45,0.45
fig4_immune_onset,1064.0,7.0,,30.263157894736842,2,111,742.0,2026800111,0.45,0.45
fig4_immune_onset,536.0,7.0,,26.67910447761193,2,112,393.00000000000006,2026800112,0.45,0.45
fig4_immune_onset,801.0,7.0,,30.21223470661673,2,113,559.0,2026800113,0.45,0.45
fig4_immune_onset,906.0,7.0,,16.004415011037526,2,114,761.0,2026800114,0.45,0.45
fig4_immune_onset,868.0,7.0,,40.55299539170507,2,115,516.0,2026800115,0.45,0.45
fig4_immune_onset,756.0,7.0,,20.634920634920636,2,116,600.0,2026800116,0.45,0.45
fig4_immune_onset,678.0,7.0,,19.321533923303836,2,117,547.0,2026800117,0.45,0.45
fig4_immune_onset,716.0,7.0,,10.195530726256983,2,118,643.0,2026800118,0.45,0.45
fig4_immune_onset,916.9999999999999,7.0,,23.336968375136305,2,119,703.0,2026800119,0.45,0.45
fig4_immune_onset,880.0,7.0,,21.931818181818183,2,120,687.0,2026800120,0.45,0.45
fig4_immune_onset,810.9999999999999,7.0,,14.303329223181246,2,121,695.0,2026800121,0.45,0.45
fig4_immune_onset,891.0,7.0,,35.1290684624018,2,122,578.0,2026800122,0.45,0.45
fig4_immune_onset,1091.0,7.0,,35.747021081576534,2,123,701.0,2026800123,0.45,0.45
fig4_immune_onset,780.0,7.0,,18.71794871794872,2,124,634.0,2026800124,0.45,0.45
fig4_immune_onset,716.0,7.0,,35.33519553072627,2,125,462.99999999999994,2026800125,0.45,0.45
fig4_immune_onset,1014.9999999999999,7.0,,48.27586206896551,2,126,525.0,2026800126,0.45,0.45
fig4_immune_onset,921.0,7.0,,33.65906623235613,2,127,611.0,2026800127,0.45,0.45
fig4_immune_onset,1055.0,7.0,,37.725118483412324,2,128,657.0,2026800128,0.45,0.45
fig4_immune_onset,814.0,7.0,,36.60933660933661,2,129,516.0,2026800129,0.45,0.45
fig4_immune_onset,1225.0,7.0,,38.857142857142854,2,130,749.0,2026800130,0.45,0.45
fig4_immune_onset,850.0000000000001,7.0,,21.058823529411775,2,131,671.0,2026800131,0.45,0.45
fig4_immune_onset,1070.0,7.0,,16.16822429906542,2,132,897.0,2026800132,0.45,0.45
fig4_immune_onset,946.0,7.0,,18.710359408033828,2,133,769.0,2026800133,0.45,0.45
fig4_immune_onset,553.0,7.0,,20.61482820976492,2,134,439.0,2026800134,0.45,0.45
fig4_immune_onset,674.0,7.0,,22.106824925816024,2,135,525.0,2026800135,0.45,0.45
fig4_immune_onset,760.0,7.0,,29.210526315789473,2,136,538.0,2026800136,0.45,0.45
fig4_immune_onset,658.0,7.0,,7.2948328267477205,2,137,610.0,2026800137,0.45,0.45
fig4_immune_onset,834.0,7.0,,20.983213429256594,2,138,659.0,2026800138,0.45,0.45
fig4_immune_onset,741.0,7.0,,16.869095816464238,2,139,616.0,2026800139,0.45,0.45
fig4_immune_onset,758.0,7.0,,23.87862796833773,2,140,577.0,2026800140,0.45,0.45
fig4_immune_onset,894.0,7.0,,20.13422818791946,2,141,714.0,2026800141,0.45,0.45
fig4_immune_onset,1366.0,7.0,,28.55051244509517,2,142,976.0,2026800142,0.45,0.45
fig4_immune_onset,925.0,7.0,,17.08108108108108,2,143,767.0,2026800143,0.45,0.45
fig4_immune_onset,640.0,7.0,,20.624999999999993,2,144,508.00000000000006,2026800144,0.45,0.45
fig4_immune_onset,876.0,7.0,,28.538812785388128,2,145,626.0,2026800145,0.45,0.45
fig4_immune_onset,769.0,7.0,,31.209362808842652,2,146,529.0,2026800146,0.45,0.45
fig4_immune_onset,1023.0,7.0,,40.66471163245357,2,147,607.0,2026800147,0.45,0.45
fig4_immune_onset,814.0,7.0,,20.515970515970515,2,148,647.0,2026800148,0.45,0.45
fig4_immune_onset,796.0,7.0,,19.22110552763819,2,149,643.0,2026800149,0.45,0.45
fig4_immune_onset,1096.0,7.0,,37.956204379562045,2,150,680.0,2026800150,0.45,0.45
fig4_immune_onset,923.0,7.0,,41.49512459371614,2,151,540.0,2026800151,0.45,0.45
fig4_immune_onset,584.0,7.0,,16.438356164383563,2,152,488.0,2026800152,0.45,0.45
fig4_immune_onset,764.0,7.0,,30.104712041884817,2,153,534.0,2026800153,0.45,0.45
fig4_immune_onset,854.0000000000001,7.0,,27.04918032786886,2,154,623.0,2026800154,0.45,0.45
fig4_immune_onset,758.0,7.0,,41.952506596306065,2,155,440.0,2026800155,0.45,0.45
fig4_immune_onset,1158.0,7.0,,33.59240069084629,2,156,769.0,2026800156,0.45,0.45
fig4_immune_onset,1040.0,7.0,,52.5,2,157,494.0,2026800157,0.45,0.45
fig4_immune_onset,886.0,7.0,,11.060948081264108,2,158,788.0,2026800158,0.45,0.45
fig4_immune_onset,593.0,7.0,,29.679595278246207,2,159,417.0,2026800159,0.45,0.45
fig4_immune_onset,532.0,7.0,,6.578947368421063,2,160,496.99999999999994,2026800160,0.45,0.45
fig4_immune_onset,1010.0,7.0,,30.495049504950494,2,161,702.0,2026800161,0.45,0.45
fig4_immune_onset,1102.0,7.0,,43.920145190562614,2,162,618.0,2026800162,0.45,0.45
fig4_immune_onset,567.0,7.0,,17.63668430335098,2,163,466.99999999999994,2026800163,0.45,0.45
fig4_immune_onset,716.0,7.0,,30.865921787709485,2,164,495.00000000000006,2026800164,0.45,0.45
fig4_immune_onset,566.0,7.0,,14.31095406360424,2,165,485.0,2026800165,0.45,0.45
fig4_immune_onset,563.0,7.0,,36.767317939609235,2,166,356.0,2026800166,0.45,0.45
fig4_immune_onset,801.9999999999999,7.0,,24.31421446384039,2,167,607.0,2026800167,0.45,0.45
fig4_immune_onset,898.0,7.0,,33.29621380846325,2,168,599.0,2026800168,0.45,0.45
fig4_immune_onset,1082.0,7.0,,24.12199630314233,2,169,821.0,2026800169,0.45,0.45
fig4_immune_onset,646.0,7.0,,28.328173374613016,2,170,462.99999999999994,2026800170,0.45,0.45
fig4_immune_onset,967.0,7.0,,38.88314374353671,2,171,591.0,2026800171,0.45,0.45
fig4_immune_onset,1365.0,7.0,,47.252747252747255,2,172,720.0,2026800172,0.45,0.45
fig4_immune_onset,792.0,7.0,,36.9949494949495,2,173,498.99999999999994,2026800173,0.45,0.45
fig4_immune_onset,685.0,7.0,,7.007299270072993,2,174,637.0,2026800174,0.45,0.45
fig4_immune_onset,1113.0,7.0,,37.46630727762803,2,175,696.0,2026800175,0.45,0.45
fig4_immune_onset,1009.0,7.0,,33.99405351833499,2,176,666.0,2026800176,0.45,0.45
fig4_immune_onset,750.0,7.0,,48.666666666666664,2,177,385.0,2026800177,0.45,0.45
fig4_immune_onset,805.0,7.0,,26.335403726708076,2,178,593.0,2026800178,0.45,0.45
fig4_immune_onset,684.0,7.0,,25.87719298245614,2,179,507.0,2026800179,0.45,0.45
fig4_immune_onset,885.0,7.0,,24.74576271186441,2,180,666.0,2026800180,0.45,0.45
fig4_immune_onset,705.0,7.0,,38.581560283687956,2,181,432.99999999999994,2026800181,0.45,0.45
fig4_immune_onset,1118.0,7.0,,49.19499105545617,2,182,568.0,2026800182,0.45,0.45
fig4_immune_onset,553.0,7.0,,22.24231464737794,2,183,430.0,2026800183,0.45,0.45
fig4_immune_onset,604.0,7.0,,16.887417218543046,2,184,502.0,2026800184,0.45,0.45
fig4_immune_onset,814.0,7.0,,22.235872235872236,2,185,633.0,2026800185,0.45,0.45
fig4_immune_onset,797.9999999999999,7.0,,18.922305764411018,2,186,647.0,2026800186,0.45,0.45
fig4_immune_onset,672.0,7.0,,41.36904761904762,2,187,394.0,2026800187,0.45,0.45
fig4_immune_onset,490.0,7.0,,10.816326530612244,2,188,437.0,2026800188,0.45,0.45
fig4_immune_onset,1013.0,7.0,,31.88548864758144,2,189,690.0,2026800189,0.45,0.45
fig4_immune_onset,769.0,7.0,,39.40182054616385,2,190,466.0,2026800190,0.45,0.45
fig4_immune_onset,878.9999999999999,7.0,,27.64505119453924,2,191,636.0,2026800191,0.45,0.45
fig4_immune_onset,743.0,7.0,,21.534320323014803,2,192,583.0,2026800192,0.45,0.45
fig4_immune_onset,716.0,7.0,,3.631284916201117,2,193,690.0,2026800193,0.45,0.45
fig4_immune_onset,886.9999999999999,7.0,,15.783540022547903,2,194,747.0,2026800194,0.45,0.45
fig4_immune_onset,1067.0,7.0,,28.959700093720713,2,195,758.0,2026800195,0.45,0.45
fig4_immune_onset,799.0000000000001,7.0,,17.521902377972477,2,196,659.0,2026800196,0.45,0.45
fig4_immune_onset,892.0000000000001,7.0,,36.995515695067276,2,197,562.0,2026800197,0.45,0.45
fig4_immune_onset,733.0,7.0,,29.877216916780355,2,198,514.0,2026800198,0.45,0.45
fig4_immune_onset,983.0,7.0,,35.40183112919634,2,199,635.0,2026800199,0.45,0.45
fig4_immune_onset,1097.0,7.0,,29.17046490428441,2,200,777.0,2026800200,0.45,0.45
fig4_immune_onset,675.0,7.0,,32.2962962962963,2,201,457.0,2026800201,0.45,0.45
fig4_immune_onset,826.0,7.0,,27.11864406779661,2,202,602.0,2026800202,0.45,0.45
fig4_immune_onset,959.9999999999999,7.0,,12.812499999999979,2,203,837.0000000000001,2026800203,0.45,0.45
fig4_immune_onset,890.0,7.0,,33.82022471910113,2,204,589.0,2026800204,0.45,0.45
fig4_immune_onset,702.0,7.0,,10.54131054131054,2,205,628.0,2026800205,0.45,0.45
fig4_immune_onset,1091.0,7.0,,35.93033913840513,2,206,699.0,2026800206,0.45,0.45
fig4_immune_onset,756.0,7.0,,43.51851851851851,2,207,427.00000000000006,2026800207,0.45,0.45
fig4_immune_onset,813.0,7.0,,39.97539975399754,2,208,488.0,2026800208,0.45,0.45
fig4_immune_onset,869.9999999999999,7.0,,28.160919540229877,2,209,625.0,2026800209,0.45,0.45
fig4_immune_onset,748.0,7.0,,24.732620320855617,2,210,563.0,2026800210,0.45,0.45
fig4_immune_onset,1035.0,7.0,,43.38164251207729,2,211,586.0,2026800211,0.45,0.45
fig4_immune_onset,867.0000000000001,7.0,,34.8327566320646,2,212,565.0,2026800212,0.45,0.45
fig4_immune_onset,838.0,7.0,,18.973747016706444,2,213,679.0,2026800213,0.45,0.45
fig4_immune_onset,674.0,7.0,,4.3026706231454,2,214,645.0,2026800214,0.45,0.45
fig4_immune_onset,748.0,7.0,,19.385026737967916,2,215,603.0,2026800215,0.45,0.45
fig4_immune_onset,1053.0,7.0,,37.51187084520418,2,216,658.0,2026800216,0.45,0.45
fig4_immune_onset,946.0,7.0,,15.644820295983099,2,217,797.9999999999999,2026800217,0.45,0.45
fig4_immune_onset,838.0,7.0,,34.12887828162291,2,218,552.0,2026800218,0.45,0.45
fig4_immune_onset,1165.0,7.0,,29.356223175965667,2,219,823.0,2026800219,0.45,0.45
fig4_immune_onset,635.0,7.0,,19.52755905511811,2,220,511.0,2026800220,0.45,0.45
fig4_immune_onset,628.0,7.0,,49.044585987261144,2,221,320.0,2026800221,0.45,0.45
fig4_immune_onset,929.0,7.0,,33.79978471474704,2,222,615.0,2026800222,0.45,0.45
fig4_immune_onset,1162.0,7.0,,24.698795180722882,2,223,875.0000000000001,2026800223,0.45,0.45
fig4_immune_onset,1221.0,7.0,,33.742833742833746,2,224,809.0,2026800224,0.45,0.45
fig4_immune_onset,752.0,7.0,,16.22340425531915,2,225,630.0,2026800225,0.45,0.45
fig4_immune_onset,1206.0,7.0,,19.734660033167504,2,226,967.9999999999999,2026800226,0.45,0.45
fig4_immune_onset,865.0,7.0,,27.167630057803468,2,227,630.0,2026800227,0.45,0.45
fig4_immune_onset,942.9999999999999,7.0,,48.67444326617179,2,228,483.99999999999994,2026800228,0.45,0.45
fig4_immune_onset,780.0,7.0,,11.794871794871796,2,229,688.0,2026800229,0.45,0.45
fig4_immune_onset,996.0,7.0,,44.678714859437754,2,230,551.0,2026800230,0.45,0.45
fig4_immune_onset,792.0,7.0,,8.83838383838384,2,231,722.0,2026800231,0.45,0.45
fig4_immune_onset,963.0,7.0,,26.583592938733126,2,232,707.0,2026800232,0.45,0.45
fig4_immune_onset,984.0,7.0,,37.60162601626016,2,233,614.0,2026800233,0.45,0.45
fig4_immune_onset,1000.0,7.0,,16.9,2,234,831.0,2026800234,0.45,0.45
fig4_immune_onset,829.0,7.0,,24.849215922798553,2,235,623.0,2026800235,0.45,0.45
fig4_immune_onset,869.0,7.0,,12.543153049482163,2,236,760.0,2026800236,0.45,0.45
fig4_immune_onset,982.0000000000001,7.0,,27.291242362525466,2,237,714.0,2026800237,0.45,0.45
fig4_immune_onset,532.0,7.0,,-6.7669172932330826,2,238,568.0,2026800238,0.45,0.45
fig4_immune_onset,999.0000000000001,7.0,,50.25025025025026,2,239,496.99999999999994,2026800239,0.45,0.45
fig4_immune_onset,732.0,7.0,,16.39344262295082,2,240,612.0,2026800240,0.45,0.45
fig4_immune_onset,665.0,7.0,,32.030075187969935,2,241,451.99999999999994,2026800241,0.45,0.45
fig4_immune_onset,751.0,7.0,,17.310252996005325,2,242,621.0,2026800242,0.45,0.45
fig4_immune_onset,761.0,7.0,,16.95137976346912,2,243,632.0,2026800243,0.45,0.45
fig4_immune_onset,801.0,7.0,,7.615480649188514,2,244,740.0,2026800244,0.45,0.45
fig4_immune_onset,765.0,7.0,,14.640522875816993,2,245,653.0,2026800245,0.45,0.45
fig4_immune_onset,932.0,7.0,,18.56223175965665,2,246,759.0,2026800246,0.45,0.45
fig4_immune_onset,923.0,7.0,,43.44528710725894,2,247,522.0,2026800247,0.45,0.45
fig4_immune_onset,886.9999999999999,7.0,,17.13641488162344,2,248,735.0,2026800248,0.45,0.45
fig4_immune_onset,837.0000000000001,7.0,,26.523297491039436,2,249,615.0,2026800249,0.45,0.45
fig4_immune_onset,825.0,7.0,,41.21212121212121,2,250,485.0,2026800250,0.45,0.45
fig4_immune_onset,878.0,7.0,,37.81321184510251,2,251,546.0,2026800251,0.45,0.45
fig4_immune_onset,1017.0,7.0,,19.174041297935105,2,252,822.0,2026800252,0.45,0.45
fig4_immune_onset,966.0,7.0,,48.96480331262939,2,253,493.00000000000006,2026800253,0.45,0.45
fig4_immune_onset,959.9999999999999,7.0,,37.499999999999986,2,254,600.0,2026800254,0.45,0.45
fig4_immune_onset,530.0,7.0,,11.69811320754717,2,255,468.0,2026800255,0.45,0.45
fig4_immune_onset,929.9999999999999,7.0,,17.956989247311817,2,256,763.0,2026800256,0.45,0.45
fig4_immune_onset,690.0,7.0,,8.26086956521739,2,257,633.0,2026800257,0.45,0.45
fig4_immune_onset,576.0,7.0,,3.6458333333333335,2,258,555.0,2026800258,0.45,0.45
fig4_immune_onset,1149.0,7.0,,29.329852045256747,2,259,812.0,2026800259,0.45,0.45
fig4_immune_onset,903.0,7.0,,20.59800664451827,2,260,717.0,2026800260,0.45,0.45
fig4_immune_onset,1155.0,7.0,,43.722943722943725,2,261,650.0,2026800261,0.45,0.45
fig4_immune_onset,685.0,7.0,,2.7737226277372264,2,262,666.0,2026800262,0.45,0.45
fig4_immune_onset,770.0,7.0,,34.93506493506494,2,263,500.99999999999994,2026800263,0.45,0.45
fig4_immune_onset,726.0,7.0,,12.672176308539944,2,264,634.0,2026800264,0.45,0.45
fig4_immune_onset,958.0,7.0,,34.446764091858036,2,265,628.0,2026800265,0.45,0.45
fig4_immune_onset,1057.0,7.0,,23.935666982024596,2,266,804.0,2026800266,0.45,0.45
fig4_immune_onset,924.0,7.0,,21.753246753246753,2,267,723.0,2026800267,0.45,0.45
fig4_immune_onset,963.0,7.0,,45.794392523364486,2,268,522.0,2026800268,0.45,0.45
fig4_immune_onset,1031.0,7.0,,42.87099903006789,2,269,589.0,2026800269,0.45,0.45
fig4_immune_onset,1008.0,7.0,,24.206349206349206,2,270,764.0,2026800270,0.45,0.45
fig4_immune_onset,837.0000000000001,7.0,,45.99761051373956,2,271,451.99999999999994,2026800271,0.45,0.45
fig4_immune_onset,995.0,7.0,,43.71859296482412,2,272,560.0,2026800272,0.45,0.45
fig4_immune_onset,928.0,7.0,,51.400862068965516,2,273,451.0,2026800273,0.45,0.45
fig4_immune_onset,801.0,7.0,,13.607990012484395,2,274,692.0,2026800274,0.45,0.45
fig4_immune_onset,743.0,7.0,,32.03230148048452,2,275,505.0,2026800275,0.45,0.45
fig4_immune_onset,578.0,7.0,,2.9411764705882355,2,276,561.0,2026800276,0.45,0.45
fig4_immune_onset,1016.0000000000001,7.0,,24.21259842519686,2,277,770.0,2026800277,0.45,0.45
fig4_immune_onset,521.0,7.0,,15.738963531669866,2,278,439.0,2026800278,0.45,0.45
fig4_immune_onset,1132.0,7.0,,32.50883392226148,2,279,764.0,2026800279,0.45,0.45
fig4_immune_onset,755.0,7.0,,29.933774834437084,2,280,529.0,2026800280,0.45,0.45
fig4_immune_onset,704.0,7.0,,9.517045454545455,2,281,637.0,2026800281,0.45,0.45
fig4_immune_onset,1136.0,7.0,,42.78169014084507,2,282,650.0,2026800282,0.45,0.45
fig4_immune_onset,976.9999999999999,7.0,,40.32753326509722,2,283,583.0,2026800283,0.45,0.45
fig4_immune_onset,965.0000000000001,7.0,,29.533678756476693,2,284,680.0,2026800284,0.45,0.45
fig4_immune_onset,984.0,7.0,,18.191056910569106,2,285,805.0,2026800285,0.45,0.45
fig4_immune_onset,826.0,7.0,,8.595641646489105,2,286,755.0,2026800286,0.45,0.45
fig4_immune_onset,686.0,7.0,,22.303206997084548,2,287,533.0,2026800287,0.45,0.45
fig4_immune_onset,1124.0,7.0,,34.34163701067616,2,288,738.0,2026800288,0.45,0.45
fig4_immune_onset,768.0,7.0,,16.015625,2,289,645.0,2026800289,0.45,0.45
fig4_immune_onset,745.0,7.0,,28.7248322147651,2,290,531.0,2026800290,0.45,0.45
fig4_immune_onset,701.0,7.0,,13.837375178316691,2,291,604.0,2026800291,0.45,0.45
fig4_immune_onset,702.0,7.0,,32.9059829059829,2,292,471.0,2026800292,0.45,0.45
fig4_immune_onset,810.0,7.0,,21.604938271604937,2,293,635.0,2026800293,0.45,0.45
fig4_immune_onset,1066.0,7.0,,38.27392120075047,2,294,658.0,2026800294,0.45,0.45
fig4_immune_onset,1026.0,7.0,,38.499025341130604,2,295,631.0,2026800295,0.45,0.45
fig4_immune_onset,653.0,7.0,,34.303215926493095,2,296,429.00000000000006,2026800296,0.45,0.45
fig4_immune_onset,957.0,7.0,,16.718913270637408,2,297,797.0,2026800297,0.45,0.45
fig4_immune_onset,782.0,7.0,,22.89002557544757,2,298,603.0,2026800298,0.45,0.45
fig4_immune_onset,1296.0,7.0,,32.33024691358025,2,299,877.0,2026800299,0.45,0.45
fig4_immune_onset,882.0,7.0,,52.72108843537415,2,300,417.0,2026800300,0.45,0.45
fig4_immune_onset,602.0,7.0,,6.810631229235881,2,301,561.0,2026800301,0.45,0.45
fig4_immune_onset,660.0,7.0,,18.333333333333332,2,302,539.0,2026800302,0.45,0.45
fig4_immune_onset,1350.0,7.0,,40.518518518518505,2,303,803.0000000000001,2026800303,0.45,0.45
fig4_immune_onset,648.0,7.0,,25.771604938271604,2,304,481.0,2026800304,0.45,0.45
fig4_immune_onset,751.0,7.0,,-3.3288948069241013,2,305,776.0,2026800305,0.45,0.45
fig4_immune_onset,933.0,7.0,,25.294748124330116,2,306,697.0,2026800306,0.45,0.45
fig4_immune_onset,590.0,7.0,,20.677966101694917,2,307,468.0,2026800307,0.45,0.45
fig4_immune_onset,568.0,7.0,,45.774647887323944,2,308,308.0,2026800308,0.45,0.45
fig4_immune_onset,1160.0,7.0,,47.327586206896555,2,309,611.0,2026800309,0.45,0.45
fig4_immune_onset,614.0,7.0,,6.026058631921824,2,310,577.0,2026800310,0.45,0.45
fig4_immune_onset,840.0,7.0,,29.285714285714285,2,311,594.0,2026800311,0.45,0.45
fig4_immune_onset,1000.0,7.0,,37.5,2,312,625.0,2026800312,0.45,0.45
fig4_immune_onset,852.0,7.0,,23.004694835680752,2,313,656.0,2026800313,0.45,0.45
fig4_immune_onset,606.0,7.0,,27.392739273927393,2,314,440.0,2026800314,0.45,0.45
fig4_immune_onset,961.0,7.0,,43.39229968782518,2,315,544.0,2026800315,0.45,0.45
fig4_immune_onset,936.0,7.0,,27.136752136752136,2,316,682.0,2026800316,0.45,0.45
fig4_immune_onset,639.0,7.0,,-0.4694835680751174,2,317,642.0,2026800317,0.45,0.45
fig4_immune_onset,901.0000000000001,7.0,,21.642619311875702,2,318,706.0,2026800318,0.45,0.45
fig4_immune_onset,854.0000000000001,7.0,,44.496487119437944,2,319,474.00000000000006,2026800319,0.45,0.45
fig4_immune_onset,712.0,7.0,,24.859550561797754,2,320,535.0,2026800320,0.45,0.45
fig4_immune_onset,932.0,7.0,,12.875536480686696,2,321,812.0,2026800321,0.45,0.45
fig4_immune_onset,661.0,7.0,,36.91376701966717,2,322,417.0,2026800322,0.45,0.45
fig4_immune_onset,639.0,7.0,,44.757433489827854,2,323,353.0,2026800323,0.45,0.45
fig4_immune_onset,989.0,7.0,,34.580384226491404,2,324,647.0,2026800324,0.45,0.45
fig4_immune_onset,795.0,7.0,,32.20125786163522,2,325,539.0,2026800325,0.45,0.45
fig4_immune_onset,844.9999999999999,7.0,,18.461538461538453,2,326,689.0,2026800326,0.45,0.45
fig4_immune_onset,779.0,7.0,,37.48395378690629,2,327,487.0,2026800327,0.45,0.45
fig4_immune_onset,601.0,7.0,,23.62728785357736,2,328,459.00000000000006,2026800328,0.45,0.45
fig4_immune_onset,488.0,7.0,,19.057377049180317,2,329,395.00000000000006,2026800329,0.45,0.45
fig4_immune_onset,818.0,7.0,,20.660146699266505,2,330,649.0,2026800330,0.45,0.45
fig4_immune_onset,545.0,7.0,,19.08256880733945,2,331,441.0,2026800331,0.45,0.45
fig4_immune_onset,762.0,7.0,,23.490813648293962,2,332,583.0,2026800332,0.45,0.45
fig4_immune_onset,859.0,7.0,,33.87660069848661,2,333,568.0,2026800333,0.45,0.45
fig4_immune_onset,983.0,7.0,,10.071210579857567,2,334,884.0000000000001,2026800334,0.45,0.45
fig4_immune_onset,1034.0,7.0,,26.11218568665377,2,335,764.0,2026800335,0.45,0.45
fig4_immune_onset,928.0,7.0,,26.724137931034484,2,336,680.0,2026800336,0.45,0.45
fig4_immune_onset,929.0,7.0,,39.720129171151775,2,337,560.0,2026800337,0.45,0.45
fig4_immune_onset,1076.0,7.0,,17.75092936802974,2,338,885.0,2026800338,0.45,0.45
fig4_immune_onset,708.0,7.0,,24.152542372881356,2,339,537.0,2026800339,0.45,0.45
fig4_immune_onset,801.0,7.0,,21.5980024968789,2,340,628.0,2026800340,0.45,0.45
fig4_immune_onset,772.0,7.0,,22.53886010362694,2,341,598.0,2026800341,0.45,0.45
fig4_immune_onset,1072.0,7.0,,27.332089552238806,2,342,779.0,2026800342,0.45,0.45
fig4_immune_onset,764.0,7.0,,45.15706806282723,2,343,419.0,2026800343,0.45,0.45
fig4_immune_onset,928.0,7.0,,33.4051724137931,2,344,618.0,2026800344,0.45,0.45
fig4_immune_onset,1039.0,7.0,,30.798845043310877,2,345,719.0,2026800345,0.45,0.45
fig4_immune_onset,874.0,7.0,,32.151029748283754,2,346,593.0,2026800346,0.45,0.45
fig4_immune_onset,957.0,7.0,,28.526645768025077,2,347,684.0,2026800347,0.45,0.45
fig4_immune_onset,827.9999999999999,7.0,,24.396135265700472,2,348,626.0,2026800348,0.45,0.45
fig4_immune_onset,521.0,7.0,,9.980806142034549,2,349,469.0,2026800349,0.45,0.45
fig4_immune_onset,710.0,7.0,,30.8450704225352,2,350,491.00000000000006,2026800350,0.45,0.45
fig4_immune_onset,777.0,7.0,,34.234234234234236,2,351,511.0,2026800351,0.45,0.45
fig4_immune_onset,1250.0,7.0,,46.08,2,352,674.0,2026800352,0.45,0.45
fig4_immune_onset,1150.0,7.0,,31.130434782608695,2,353,792.0,2026800353,0.45,0.45
fig4_immune_onset,897.0,7.0,,42.58639910813824,2,354,515.0,2026800354,0.45,0.45
fig4_immune_onset,1112.0,7.0,,32.55395683453237,2,355,750.0,2026800355,0.45,0.45
fig4_immune_onset,564.0,7.0,,17.73049645390071,2,356,464.0,2026800356,0.45,0.45
fig4_immune_onset,587.0,7.0,,23.850085178875638,2,357,447.0,2026800357,0.45,0.45
fig4_immune_onset,784.0,7.0,,19.51530612244898,2,358,631.0,2026800358,0.45,0.45
fig4_immune_onset,1117.0,7.0,,25.783348254252463,2,359,829.0,2026800359,0.45,0.45
fig4_immune_onset,684.0,7.0,,21.92982456140351,2,360,534.0,2026800360,0.45,0.45
fig4_immune_onset,634.0,7.0,,36.277602523659304,2,361,404.0,2026800361,0.45,0.45
fig4_immune_onset,864.0,7.0,,13.425925925925926,2,362,748.0,2026800362,0.45,0.45
fig4_immune_onset,1131.0,7.0,,32.62599469496021,2,363,762.0,2026800363,0.45,0.45
fig4_immune_onset,702.0,7.0,,26.78062678062678,2,364,514.0,2026800364,0.45,0.45
fig4_immune_onset,1078.0,7.0,,26.34508348794064,2,365,793.9999999999999,2026800365,0.45,0.45
fig4_immune_onset,854.0000000000001,7.0,,21.77985948477753,2,366,668.0,2026800366,0.45,0.45
fig4_immune_onset,799.0000000000001,7.0,,29.662077596996255,2,367,562.0,2026800367,0.45,0.45
fig4_immune_onset,957.0,7.0,,24.346917450365726,2,368,724.0,2026800368,0.45,0.45
fig4_immune_onset,1123.0,7.0,,45.94835262689225,2,369,607.0,2026800369,0.45,0.45
fig4_immune_onset,590.0,7.0,,-14.576271186440678,2,370,676.0,2026800370,0.45,0.45
fig4_immune_onset,1334.0,7.0,,23.76311844077961,2,371,1017.0,2026800371,0.45,0.45
fig4_immune_onset,851.0,7.0,,6.110458284371315,2,372,799.0000000000001,2026800372,0.45,0.45
fig4_immune_onset,619.0,7.0,,35.37964458804523,2,373,400.0,2026800373,0.45,0.45
fig4_immune_onset,702.0,7.0,,30.34188034188034,2,374,489.0,2026800374,0.45,0.45
fig4_immune_onset,796.0,7.0,,37.060301507537694,2,375,500.99999999999994,2026800375,0.45,0.45
fig4_immune_onset,859.0,7.0,,26.076833527357394,2,376,635.0,2026800376,0.45,0.45
fig4_immune_onset,961.0,7.0,,23.829344432882415,2,377,732.0,2026800377,0.45,0.45
fig4_immune_onset,875.0000000000001,7.0,,30.514285714285723,2,378,608.0,2026800378,0.45,0.45
fig4_immune_onset,889.0,7.0,,17.99775028121485,2,379,729.0,2026800379,0.45,0.45
fig4_immune_onset,956.0000000000001,7.0,,27.719665271966534,2,380,691.0,2026800380,0.45,0.45
fig4_immune_onset,945.0,7.0,,25.29100529100529,2,381,706.0,2026800381,0.45,0.45
fig4_immune_onset,809.0,7.0,,36.58838071693449,2,382,513.0,2026800382,0.45,0.45
fig4_immune_onset,778.0,7.0,,38.174807197943444,2,383,481.0,2026800383,0.45,0.45
fig4_immune_onset,686.0,7.0,,19.387755102040817,2,384,553.0,2026800384,0.45,0.45
fig4_immune_onset,679.0,7.0,,29.013254786450673,2,385,481.99999999999994,2026800385,0.45,0.45
fig4_immune_onset,967.9999999999999,7.0,,28.099173553719,2,386,696.0,2026800386,0.45,0.45
fig4_immune_onset,820.0000000000001,7.0,,18.170731707317085,2,387,671.0,2026800387,0.45,0.45
fig4_immune_onset,604.0,7.0,,19.70198675496689,2,388,485.0,2026800388,0.45,0.45
fig4_immune_onset,1088.0,7.0,,32.62867647058823,2,389,733.0,2026800389,0.45,0.45
fig4_immune_onset,483.99999999999994,7.0,,14.049586776859506,2,390,415.99999999999994,2026800390,0.45,0.45
fig4_immune_onset,813.0,7.0,,27.798277982779826,2,391,587.0,2026800391,0.45,0.45
fig4_immune_onset,1118.0,7.0,,25.13416815742396,2,392,837.0000000000001,2026800392,0.45,0.45
fig4_immune_onset,1221.0,7.0,,39.47583947583948,2,393,739.0,2026800393,0.45,0.45
fig4_immune_onset,872.0,7.0,,41.055045871559635,2,394,514.0,2026800394,0.45,0.45
fig4_immune_onset,791.0,7.0,,35.01896333754741,2,395,514.0,2026800395,0.45,0.45
fig4_immune_onset,755.0,7.0,,28.211920529801326,2,396,542.0,2026800396,0.45,0.45
fig4_immune_onset,681.0,7.0,,30.3964757709251,2,397,474.00000000000006,2026800397,0.45,0.45
fig4_immune_onset,1042.0,7.0,,35.12476007677543,2,398,676.0,2026800398,0.45,0.45
fig4_immune_onset,899.9999999999999,7.0,,29.777777777777768,2,399,632.0,2026800399,0.45,0.45
fig4_immune_onset,1149.0,7.0,,46.30113141862489,2,400,617.0,2026800400,0.45,0.45
fig4_immune_onset,877.0,7.0,,36.602052451539336,2,401,556.0,2026800401,0.45,0.45
fig4_immune_onset,959.9999999999999,7.0,,34.06249999999999,2,402,633.0,2026800402,0.45,0.45
fig4_immune_onset,949.0,7.0,,43.83561643835616,2,403,533.0,2026800403,0.45,0.45
fig4_immune_onset,727.0,7.0,,24.20907840440165,2,404,551.0,2026800404,0.45,0.45
fig4_immune_onset,805.0,7.0,,16.273291925465838,2,405,674.0,2026800405,0.45,0.45
fig4_immune_onset,956.0000000000001,7.0,,25.418410041841014,2,406,713.0,2026800406,0.45,0.45
fig4_immune_onset,650.0,7.0,,30.153846153846153,2,407,454.0,2026800407,0.45,0.45
fig4_immune_onset,646.0,7.0,,26.315789473684198,2,408,476.00000000000006,2026800408,0.45,0.45
fig4_immune_onset,899.0,7.0,,24.24916573971079,2,409,681.0,2026800409,0.45,0.45
fig4_immune_onset,1066.0,7.0,,7.1294559099437045,2,410,990.0000000000001,2026800410,0.45,0.45
fig4_immune_onset,774.0,7.0,,12.4031007751938,2,411,678.0,2026800411,0.45,0.45
fig4_immune_onset,580.0,7.0,,9.827586206896552,2,412,523.0,2026800412,0.45,0.45
fig4_immune_onset,922.0000000000001,7.0,,14.099783080260314,2,413,792.0,2026800413,0.45,0.45
fig4_immune_onset,842.0,7.0,,42.280285035629454,2,414,486.0,2026800414,0.45,0.45
fig4_immune_onset,792.0,7.0,,30.050505050505052,2,415,554.0,2026800415,0.45,0.45
fig4_immune_onset,872.0,7.0,,35.206422018348626,2,416,565.0,2026800416,0.45,0.45
fig4_immune_onset,860.0,7.0,,14.767441860465116,2,417,733.0,2026800417,0.45,0.45
fig4_immune_onset,1013.0,7.0,,17.472852912142162,2,418,835.9999999999999,2026800418,0.45,0.45
fig4_immune_onset,1010.9999999999999,7.0,,13.254203758654787,2,419,877.0,2026800419,0.45,0.45
fig4_immune_onset,874.0,7.0,,43.36384439359267,2,420,495.00000000000006,2026800420,0.45,0.45
fig4_immune_onset,668.0,7.0,,11.077844311377245,2,421,594.0,2026800421,0.45,0.45
fig4_immune_onset,871.0000000000001,7.0,,30.539609644087264,2,422,605.0,2026800422,0.45,0.45
fig4_immune_onset,954.0,7.0,,32.59958071278826,2,423,643.0,2026800423,0.45,0.45
fig4_immune_onset,731.0,7.0,,25.718194254445965,2,424,543.0,2026800424,0.45,0.45
fig4_immune_onset,797.0,7.0,,42.28356336260979,2,425,460.0,2026800425,0.45,0.45
fig4_immune_onset,634.0,7.0,,25.55205047318612,2,426,472.0,2026800426,0.45,0.45
fig4_immune_onset,881.0,7.0,,20.6583427922815,2,427,699.0,2026800427,0.45,0.45
fig4_immune_onset,909.0000000000001,7.0,,13.53135313531353,2,428,786.0000000000001,2026800428,0.45,0.45
fig4_immune_onset,780.0,7.0,,24.487179487179485,2,429,589.0,2026800429,0.45,0.45
fig4_immune_onset,632.0,7.0,,1.2658227848101267,2,430,624.0,2026800430,0.45,0.45
fig4_immune_onset,850.0000000000001,7.0,,44.47058823529413,2,431,472.0,2026800431,0.45,0.45
fig4_immune_onset,1152.0,7.0,,33.94097222222222,2,432,761.0,2026800432,0.45,0.45
fig4_immune_onset,1119.0,7.0,,36.729222520107236,2,433,708.0,2026800433,0.45,0.45
fig4_immune_onset,756.0,7.0,,37.16931216931217,2,434,475.0,2026800434,0.45,0.45
fig4_immune_onset,1216.0,7.0,,42.02302631578947,2,435,705.0,2026800435,0.45,0.45
fig4_immune_onset,949.0,7.0,,41.41201264488936,2,436,556.0,2026800436,0.45,0.45
fig4_immune_onset,1144.0,7.0,,32.16783216783217,2,437,776.0,2026800437,0.45,0.45
fig4_immune_onset,612.0,7.0,,23.529411764705884,2,438,468.0,2026800438,0.45,0.45
fig4_immune_onset,727.0,7.0,,24.896836313617605,2,439,546.0,2026800439,0.45,0.45
fig4_immune_onset,854.0000000000001,7.0,,25.52693208430914,2,440,636.0,2026800440,0.45,0.45
fig4_immune_onset,880.0,7.0,,37.04545454545455,2,441,554.0,2026800441,0.45,0.45
fig4_immune_onset,821.0,7.0,,39.82947624847747,2,442,494.0,2026800442,0.45,0.45
fig4_immune_onset,863.0,7.0,,8.80648899188876,2,443,787.0,2026800443,0.45,0.45
fig4_immune_onset,837.0000000000001,7.0,,31.06332138590204,2,444,577.0,2026800444,0.45,0.45
fig4_immune_onset,805.0,7.0,,22.236024844720497,2,445,626.0,2026800445,0.45,0.45
fig4_immune_onset,1021.0,7.0,,30.068560235063664,2,446,714.0,2026800446,0.45,0.45
fig4_immune_onset,745.0,7.0,,28.7248322147651,2,447,531.0,2026800447,0.45,0.45
fig4_immune_onset,772.0,7.0,,34.067357512953365,2,448,509.0,2026800448,0.45,0.45
fig4_immune_onset,741.0,7.0,,44.399460188933865,2,449,412.00000000000006,2026800449,0.45,0.45
fig4_immune_onset,921.0,7.0,,23.995656894679698,2,450,700.0,2026800450,0.45,0.45
fig4_immune_onset,897.0,7.0,,23.857302118171685,2,451,683.0,2026800451,0.45,0.45
fig4_immune_onset,1053.0,7.0,,37.32193732193732,2,452,660.0,2026800452,0.45,0.45
fig4_immune_onset,464.99999999999994,7.0,,5.806451612903214,2,453,438.0,2026800453,0.45,0.45
fig4_immune_onset,789.0,7.0,,16.730038022813687,2,454,657.0,2026800454,0.45,0.45
fig4_immune_onset,581.0,7.0,,15.146299483648871,2,455,493.00000000000006,2026800455,0.45,0.45
fig4_immune_onset,637.0,7.0,,9.89010989010989,2,456,574.0,2026800456,0.45,0.45
fig4_immune_onset,850.0000000000001,7.0,,44.82352941176472,2,457,469.0,2026800457,0.45,0.45
fig4_immune_onset,829.0,7.0,,24.004825090470447,2,458,630.0,2026800458,0.45,0.45
fig4_immune_onset,1065.0,7.0,,38.779342723004696,2,459,652.0,2026800459,0.45,0.45
fig4_immune_onset,844.0,7.0,,28.791469194312796,2,460,601.0,2026800460,0.45,0.45
fig4_immune_onset,676.0,7.0,,18.49112426035503,2,461,551.0,2026800461,0.45,0.45
fig4_immune_onset,1291.0,7.0,,45.933384972889236,2,462,698.0,2026800462,0.45,0.45
fig4_immune_onset,912.9999999999999,7.0,,28.9156626506024,2,463,649.0,2026800463,0.45,0.45
fig4_immune_onset,598.0,7.0,,43.812709030100336,2,464,336.0,2026800464,0.45,0.45
fig4_immune_onset,1146.0,7.0,,33.682373472949386,2,465,760.0,2026800465,0.45,0.45
fig4_immune_onset,625.0,7.0,,9.28,2,466,567.0,2026800466,0.45,0.45
fig4_immune_onset,814.9999999999999,7.0,,50.30674846625766,2,467,405.0,2026800467,0.45,0.45
fig4_immune_onset,899.9999999999999,7.0,,18.333333333333325,2,468,735.0,2026800468,0.45,0.45
fig4_immune_onset,710.0,7.0,,24.64788732394366,2,469,535.0,2026800469,0.45,0.45
fig4_immune_onset,978.0,7.0,,23.721881390593047,2,470,746.0,2026800470,0.45,0.45
fig4_immune_onset,600.0,7.0,,27.666666666666668,2,471,434.0,2026800471,0.45,0.45
fig4_immune_onset,544.0,7.0,,-4.411764705882353,2,472,568.0,2026800472,0.45,0.45
fig4_immune_onset,586.0,7.0,,40.784982935153586,2,473,347.0,2026800473,0.45,0.45
fig4_immune_onset,823.0,7.0,,34.993924665856625,2,474,535.0,2026800474,0.45,0.45
fig4_immune_onset,662.0,7.0,,7.854984894259819,2,475,610.0,2026800475,0.45,0.45
fig4_immune_onset,721.0,7.0,,41.88626907073509,2,476,419.0,2026800476,0.45,0.45
fig4_immune_onset,898.0,7.0,,36.85968819599109,2,477,567.0,2026800477,0.45,0.45
fig4_immune_onset,597.0,7.0,,16.08040201005026,2,478,500.99999999999994,2026800478,0.45,0.45
fig4_immune_onset,653.0,7.0,,39.66309341500766,2,479,394.0,2026800479,0.45,0.45
fig4_immune_onset,859.0,7.0,,31.19906868451688,2,480,591.0,2026800480,0.45,0.45
fig4_immune_onset,871.0000000000001,7.0,,34.213547646383475,2,481,573.0,2026800481,0.45,0.45
fig4_immune_onset,665.0,7.0,,43.1578947368421,2,482,378.0,2026800482,0.45,0.45
fig4_immune_onset,997.9999999999999,7.0,,44.18837675350701,2,483,557.0,2026800483,0.45,0.45
fig4_immune_onset,834.0,7.0,,20.863309352517987,2,484,660.0,2026800484,0.45,0.45
fig4_immune_onset,895.9999999999999,7.0,,30.133928571428562,2,485,626.0,2026800485,0.45,0.45
fig4_immune_onset,980.0,7.0,,35.40816326530612,2,486,633.0,2026800486,0.45,0.45
fig4_immune_onset,764.0,7.0,,16.099476439790575,2,487,641.0,2026800487,0.45,0.45
fig4_immune_onset,864.0,7.0,,49.652777777777786,2,488,434.99999999999994,2026800488,0.45,0.45
fig4_immune_onset,1136.0,7.0,,30.721830985915492,2,489,787.0,2026800489,0.45,0.45
fig4_immune_onset,882.9999999999999,7.0,,16.194790486976206,2,490,740.0,2026800490,0.45,0.45
fig4_immune_onset,1004.0,7.0,,23.705179282868524,2,491,766.0,2026800491,0.45,0.45
fig4_immune_onset,733.0,7.0,,29.058663028649384,2,492,520.0,2026800492,0.45,0.45
fig4_immune_onset,745.0,7.0,,24.697986577181208,2,493,561.0,2026800493,0.45,0.45
fig4_immune_onset,979.0,7.0,,15.526046986721145,2,494,827.0,2026800494,0.45,0.45
fig4_immune_onset,748.0,7.0,,13.502673796791443,2,495,647.0,2026800495,0.45,0.45
fig4_immune_onset,912.0,7.0,,16.44736842105263,2,496,762.0,2026800496,0.45,0.45
fig4_immune_onset,652.0,7.0,,-4.294478527607362,2,497,680.0,2026800497,0.45,0.45
fig4_immune_onset,724.0,7.0,,34.25414364640883,2,498,476.00000000000006,2026800498,0.45,0.45
fig4_immune_onset,954.0,7.0,,14.779874213836479,2,499,813.0,2026800499,0.45,0.45
fig4_immune_onset,996.0,7.0,,2.9116465863453813,2,500,967.0,2026800500,0.45,0.45
fig4_immune_onset,1104.0,7.0,,33.51449275362319,2,501,734.0,2026800501,0.45,0.45
fig4_immune_onset,895.9999999999999,7.0,,28.683035714285705,2,502,639.0,2026800502,0.45,0.45
fig4_immune_onset,655.0,7.0,,29.770992366412212,2,503,460.0,2026800503,0.45,0.45
fig4_immune_onset,1035.0,7.0,,52.46376811594203,2,504,492.0,2026800504,0.45,0.45
fig4_immune_onset,841.0000000000001,7.0,,28.06183115338883,2,505,605.0,2026800505,0.45,0.45
fig4_immune_onset,1121.0,7.0,,35.59322033898305,2,506,722.0,2026800506,0.45,0.45
fig4_immune_onset,1061.0,7.0,,27.61545711592837,2,507,768.0,2026800507,0.45,0.45
fig4_immune_onset,911.0,7.0,,41.05378704720088,2,508,537.0,2026800508,0.45,0.45
fig4_immune_onset,691.0,7.0,,29.95658465991318,2,509,483.99999999999994,2026800509,0.45,0.45
fig4_immune_onset,744.0,7.0,,37.903225806451616,2,510,462.0,2026800510,0.45,0.45
fig4_immune_onset,519.0,7.0,,11.560693641618487,2,511,459.00000000000006,2026800511,0.45,0.45
fig4_immune_onset,583.0,7.0,,21.269296740994847,2,512,459.00000000000006,2026800512,0.45,0.45
fig4_immune_onset,938.0,7.0,,26.439232409381663,2,513,690.0,2026800513,0.45,0.45
fig4_immune_onset,1287.0,7.0,,37.995337995338005,2,514,797.9999999999999,2026800514,0.45,0.45
fig4_immune_onset,1082.0,7.0,,41.40480591497227,2,515,634.0,2026800515,0.45,0.45
fig4_immune_onset,643.0,7.0,,25.66096423017106,2,516,478.00000000000006,2026800516,0.45,0.45
fig4_immune_onset,1357.0,7.0,,32.12969786293294,2,517,921.0,2026800517,0.45,0.45
fig4_immune_onset,674.0,7.0,,-5.341246290801187,2,518,710.0,2026800518,0.45,0.45
fig4_immune_onset,654.0,7.0,,8.256880733944953,2,519,600.0,2026800519,0.45,0.45
fig4_immune_onset,878.0,7.0,,20.387243735763096,2,520,699.0,2026800520,0.45,0.45
fig4_immune_onset,850.0000000000001,7.0,,44.70588235294119,2,521,470.0,2026800521,0.45,0.45
fig4_immune_onset,613.0,7.0,,38.499184339314844,2,522,377.0,2026800522,0.45,0.45
fig4_immune_onset,732.0,7.0,,25.956284153005466,2,523,542.0,2026800523,0.45,0.45
fig4_immune_onset,768.0,7.0,,32.942708333333336,2,524,515.0,2026800524,0.45,0.45
fig4_immune_onset,718.0,7.0,,10.445682451253482,2,525,643.0,2026800525,0.45,0.45
fig4_immune_onset,1021.0,7.0,,25.7590597453477,2,526,758.0,2026800526,0.45,0.45
fig4_immune_onset,963.9999999999999,7.0,,24.89626556016597,2,527,724.0,2026800527,0.45,0.45
fig4_immune_onset,893.0,7.0,,25.083986562150056,2,528,669.0,2026800528,0.45,0.45
fig4_immune_onset,671.0,7.0,,28.614008941877795,2,529,479.0,2026800529,0.45,0.45
fig4_immune_onset,980.9999999999999,7.0,,24.66870540265035,2,530,739.0,2026800530,0.45,0.45
fig4_immune_onset,674.0,7.0,,36.795252225519285,2,531,426.0,2026800531,0.45,0.45
fig4_immune_onset,854.0000000000001,7.0,,41.8032786885246,2,532,496.99999999999994,2026800532,0.45,0.45
fig4_immune_onset,971.0,7.0,,32.9557157569516,2,533,651.0,2026800533,0.45,0.45
fig4_immune_onset,458.0,7.0,,34.49781659388646,2,534,300.0,2026800534,0.45,0.45
fig4_immune_onset,668.0,7.0,,27.84431137724552,2,535,481.99999999999994,2026800535,0.45,0.45
fig4_immune_onset,692.0,7.0,,34.682080924855505,2,536,451.99999999999994,2026800536,0.45,0.45
fig4_immune_onset,801.9999999999999,7.0,,18.204488778054852,2,537,656.0,2026800537,0.45,0.45
fig4_immune_onset,771.0,7.0,,45.91439688715953,2,538,417.0,2026800538,0.45,0.45
fig4_immune_onset,1323.0,7.0,,49.43310657596372,2,539,669.0,2026800539,0.45,0.45
fig4_immune_onset,671.0,7.0,,38.301043219076014,2,540,413.99999999999994,2026800540,0.45,0.45
fig4_immune_onset,886.9999999999999,7.0,,33.4836527621195,2,541,590.0,2026800541,0.45,0.45
fig4_immune_onset,956.0000000000001,7.0,,46.12970711297072,2,542,515.0,2026800542,0.45,0.45
fig4_immune_onset,710.0,7.0,,35.07042253521126,2,543,461.00000000000006,2026800543,0.45,0.45
fig4_immune_onset,1136.0,7.0,,31.25,2,544,781.0,2026800544,0.45,0.45
fig4_immune_onset,950.9999999999999,7.0,,39.64248159831755,2,545,574.0,2026800545,0.45,0.45
fig4_immune_onset,664.0,7.0,,36.144578313253014,2,546,424.0,2026800546,0.45,0.45
fig4_immune_onset,907.0,7.0,,29.32745314222712,2,547,641.0,2026800547,0.45,0.45
fig4_immune_onset,967.0,7.0,,13.029989658738355,2,548,841.0000000000001,2026800548,0.45,0.45
fig4_immune_onset,1216.0,7.0,,32.8125,2,549,817.0,2026800549,0.45,0.45
fig4_immune_onset,659.0,7.0,,24.88619119878603,2,550,495.00000000000006,2026800550,0.45,0.45
fig4_immune_onset,792.0,7.0,,29.671717171717173,2,551,557.0,2026800551,0.45,0.45
fig4_immune_onset,903.0,7.0,,31.561461794019934,2,552,618.0,2026800552,0.45,0.45
fig4_immune_onset,903.0,7.0,,-1.1074197120708622,2,553,912.9999999999999,2026800553,0.45,0.45
fig4_immune_onset,768.0,7.0,,29.036458333333332,2,554,545.0,2026800554,0.45,0.45
fig4_immune_onset,792.0,7.0,,25.126262626262626,2,555,593.0,2026800555,0.45,0.45
fig4_immune_onset,742.0,7.0,,30.59299191374663,2,556,515.0,2026800556,0.45,0.45
fig4_immune_onset,553.0,7.0,,12.839059674502723,2,557,481.99999999999994,2026800557,0.45,0.45
fig4_immune_onset,897.0,7.0,,22.85395763656633,2,558,692.0,2026800558,0.45,0.45
fig4_immune_onset,748.0,7.0,,16.310160427807485,2,559,626.0,2026800559,0.45,0.45
fig4_immune_onset,1038.0,7.0,,23.217726396917147,2,560,797.0,2026800560,0.45,0.45
fig4_immune_onset,420.0,7.0,,14.523809523809524,2,561,359.0,2026800561,0.45,0.45
fig4_immune_onset,865.0,7.0,,22.658959537572255,2,562,669.0,2026800562,0.45,0.45
fig4_immune_onset,878.0,7.0,,41.00227790432802,2,563,518.0,2026800563,0.45,0.45
fig4_immune_onset,912.0,7.0,,39.25438596491228,2,564,554.0,2026800564,0.45,0.45
fig4_immune_onset,831.0,7.0,,22.743682310469314,2,565,642.0,2026800565,0.45,0.45
fig4_immune_onset,717.0,7.0,,15.06276150627615,2,566,609.0,2026800566,0.45,0.45
fig4_immune_onset,603.0,7.0,,32.172470978441126,2,567,409.0,2026800567,0.45,0.45
fig4_immune_onset,669.0,7.0,,35.8744394618834,2,568,429.00000000000006,2026800568,0.45,0.45
fig4_immune_onset,718.0,7.0,,12.395543175487465,2,569,629.0,2026800569,0.45,0.45
fig4_immune_onset,1242.0,7.0,,27.375201288244767,2,570,902.0,2026800570,0.45,0.45
fig4_immune_onset,929.9999999999999,7.0,,40.10752688172042,2,571,557.0,2026800571,0.45,0.45
fig4_immune_onset,651.0,7.0,,30.261136712749614,2,572,454.0,2026800572,0.45,0.45
fig4_immune_onset,795.0,7.0,,13.71069182389937,2,573,686.0,2026800573,0.45,0.45
fig4_immune_onset,1025.0,7.0,,36.8780487804878,2,574,647.0,2026800574,0.45,0.45
fig4_immune_onset,989.0,7.0,,35.085945399393324,2,575,642.0,2026800575,0.45,0.45
fig4_immune_onset,940.0,7.0,,39.255319148936174,2,576,571.0,2026800576,0.45,0.45
fig4_immune_onset,848.9999999999999,7.0,,41.224970553592456,2,577,498.99999999999994,2026800577,0.45,0.45
fig4_immune_onset,872.0,7.0,,23.738532110091743,2,578,665.0,2026800578,0.45,0.45
fig4_immune_onset,831.0,7.0,,36.101083032490976,2,579,531.0,2026800579,0.45,0.45
fig4_immune_onset,767.0,7.0,,33.3767926988266,2,580,511.0,2026800580,0.45,0.45
fig4_immune_onset,546.0,7.0,,39.56043956043956,2,581,330.0,2026800581,0.45,0.45
fig4_immune_onset,995.0,7.0,,43.517587939698494,2,582,562.0,2026800582,0.45,0.45
fig4_immune_onset,920.0,7.0,,46.19565217391303,2,583,495.00000000000006,2026800583,0.45,0.45
fig4_immune_onset,648.0,7.0,,7.407407407407407,2,584,600.0,2026800584,0.45,0.45
fig4_immune_onset,797.0,7.0,,12.170639899623588,2,585,700.0,2026800585,0.45,0.45
fig4_immune_onset,649.0,7.0,,26.964560862865937,2,586,474.00000000000006,2026800586,0.45,0.45
fig4_immune_onset,760.0,7.0,,41.3157894736842,2,587,446.00000000000006,2026800587,0.45,0.45
fig4_immune_onset,681.0,7.0,,20.11747430249633,2,588,544.0,2026800588,0.45,0.45
fig4_immune_onset,724.0,7.0,,31.077348066298352,2,589,498.99999999999994,2026800589,0.45,0.45
fig4_immune_onset,727.0,7.0,,8.665749656121045,2,590,664.0,2026800590,0.45,0.45
fig4_immune_onset,868.0,7.0,,13.36405529953917,2,591,752.0,2026800591,0.45,0.45
fig4_immune_onset,539.0,7.0,,-11.131725417439704,2,592,599.0,2026800592,0.45,0.45
fig4_immune_onset,709.0,7.0,,6.064880112834979,2,593,666.0,2026800593,0.45,0.45
fig4_immune_onset,759.0,7.0,,26.350461133069828,2,594,559.0,2026800594,0.45,0.45
fig4_immune_onset,1005.0,7.0,,45.57213930348259,2,595,547.0,2026800595,0.45,0.45
fig4_immune_onset,538.0,7.0,,18.95910780669145,2,596,436.0,2026800596,0.45,0.45
fig4_immune_onset,532.0,7.0,,10.902255639097735,2,597,474.00000000000006,2026800597,0.45,0.45
fig4_immune_onset,838.0,7.0,,24.94033412887828,2,598,629.0,2026800598,0.45,0.45
fig4_immune_onset,1027.0,7.0,,32.42453748782863,2,599,694.0,2026800599,0.45,0.45
fig4_immune_onset,749.0,7.0,,35.78104138851803,2,600,481.0,2026800600,0.45,0.45
fig4_immune_onset,644.0,7.0,,38.66459627329191,2,601,395.00000000000006,2026800601,0.45,0.45
fig4_immune_onset,589.0,7.0,,0.5093378607809848,2,602,586.0,2026800602,0.45,0.45
fig4_immune_onset,933.0,7.0,,33.01178992497321,2,603,625.0,2026800603,0.45,0.45
fig4_immune_onset,701.0,7.0,,4.422253922967189,2,604,670.0,2026800604,0.45,0.45
fig4_immune_onset,774.0,7.0,,25.45219638242894,2,605,577.0,2026800605,0.45,0.45
fig4_immune_onset,884.0000000000001,7.0,,32.805429864253405,2,606,594.0,2026800606,0.45,0.45
fig4_immune_onset,1078.0,7.0,,32.83858998144712,2,607,724.0,2026800607,0.45,0.45
fig4_immune_onset,664.0,7.0,,7.981927710843373,2,608,611.0,2026800608,0.45,0.45
fig4_immune_onset,1145.0,7.0,,52.05240174672489,2,609,549.0,2026800609,0.45,0.45
fig4_immune_onset,799.0000000000001,7.0,,39.79974968710889,2,610,481.0,2026800610,0.45,0.45
fig4_immune_onset,865.0,7.0,,13.757225433526012,2,611,746.0,2026800611,0.45,0.45
fig4_immune_onset,855.0,7.0,,29.707602339181285,2,612,601.0,2026800612,0.45,0.45
fig4_immune_onset,953.0,7.0,,21.720881427072403,2,613,746.0,2026800613,0.45,0.45
fig4_immune_onset,927.0,7.0,,29.018338727076593,2,614,658.0,2026800614,0.45,0.45
fig4_immune_onset,902.0,7.0,,25.3880266075388,2,615,673.0,2026800615,0.45,0.45
fig4_immune_onset,620.0,7.0,,5.806451612903226,2,616,584.0,2026800616,0.45,0.45
fig4_immune_onset,865.0,7.0,,12.254335260115607,2,617,759.0,2026800617,0.45,0.45
fig4_immune_onset,787.0,7.0,,26.937738246505717,2,618,575.0,2026800618,0.45,0.45
fig4_immune_onset,933.9999999999999,7.0,,29.336188436830827,2,619,660.0,2026800619,0.45,0.45
fig4_immune_onset,672.0,7.0,,7.886904761904762,2,620,619.0,2026800620,0.45,0.45
fig4_immune_onset,786.0000000000001,7.0,,34.0966921119593,2,621,518.0,2026800621,0.45,0.45
fig4_immune_onset,946.0,7.0,,39.74630021141649,2,622,570.0,2026800622,0.45,0.45
fig4_immune_onset,634.0,7.0,,20.347003154574132,2,623,505.0,2026800623,0.45,0.45
fig4_immune_onset,682.0,7.0,,23.313782991202345,2,624,523.0,2026800624,0.45,0.45
fig4_immune_onset,871.0000000000001,7.0,,28.35820895522389,2,625,624.0,2026800625,0.45,0.45
fig4_immune_onset,1071.0,7.0,,45.938375350140056,2,626,579.0,2026800626,0.45,0.45
fig4_immune_onset,670.0,7.0,,30.0,2,627,469.0,2026800627,0.45,0.45
fig4_immune_onset,857.0,7.0,,17.96966161026838,2,628,703.0,2026800628,0.45,0.45
fig4_immune_onset,939.0000000000001,7.0,,27.050053248136322,2,629,685.0,2026800629,0.45,0.45
fig4_immune_onset,834.0,7.0,,10.431654676258994,2,630,747.0,2026800630,0.45,0.45
fig4_immune_onset,1013.0,7.0,,36.8213228035538,2,631,640.0,2026800631,0.45,0.45
fig4_immune_onset,940.0,7.0,,36.170212765957444,2,632,600.0,2026800632,0.45,0.45
fig4_immune_onset,912.0,7.0,,34.75877192982456,2,633,595.0,2026800633,0.45,0.45
fig4_immune_onset,882.0,7.0,,21.08843537414966,2,634,696.0,2026800634,0.45,0.45
fig4_immune_onset,876.0,7.0,,44.977168949771695,2,635,481.99999999999994,2026800635,0.45,0.45
fig4_immune_onset,803.0000000000001,7.0,,27.52179327521794,2,636,582.0,2026800636,0.45,0.45
fig4_immune_onset,1005.0,7.0,,19.601990049751244,2,637,808.0,2026800637,0.45,0.45
fig4_immune_onset,767.0,7.0,,18.383311603650586,2,638,626.0,2026800638,0.45,0.45
fig4_immune_onset,882.9999999999999,7.0,,41.109852774631925,2,639,520.0,2026800639,0.45,0.45
fig4_immune_onset,826.0,7.0,,27.4818401937046,2,640,599.0,2026800640,0.45,0.45
fig4_immune_onset,777.0,7.0,,31.274131274131275,2,641,534.0,2026800641,0.45,0.45
fig4_immune_onset,1137.0,7.0,,28.93579595426561,2,642,808.0,2026800642,0.45,0.45
fig4_immune_onset,801.9999999999999,7.0,,40.39900249376557,2,643,478.00000000000006,2026800643,0.45,0.45
fig4_immune_onset,627.0,7.0,,36.20414673046252,2,644,400.0,2026800644,0.45,0.45
fig4_immune_onset,920.0,7.0,,23.26086956521739,2,645,706.0,2026800645,0.45,0.45
fig4_immune_onset,938.0,7.0,,38.80597014925373,2,646,574.0,2026800646,0.45,0.45
fig4_immune_onset,859.0,7.0,,17.57857974388824,2,647,708.0,2026800647,0.45,0.45
fig4_immune_onset,766.0,7.0,,46.736292428198425,2,648,408.00000000000006,2026800648,0.45,0.45
fig4_immune_onset,780.0,7.0,,24.487179487179485,2,649,589.0,2026800649,0.45,0.45
fig4_immune_onset,863.0,7.0,,16.685979142526072,2,650,719.0,2026800650,0.45,0.45
fig4_immune_onset,1177.0,7.0,,20.475785896346643,2,651,936.0,2026800651,0.45,0.45
fig4_immune_onset,616.0,7.0,,45.12987012987013,2,652,338.0,2026800652,0.45,0.45
fig4_immune_onset,847.0,7.0,,19.48051948051948,2,653,682.0,2026800653,0.45,0.45
fig4_immune_onset,1010.0,7.0,,17.326732673267326,2,654,835.0,2026800654,0.45,0.45
fig4_immune_onset,902.0,7.0,,20.620842572062084,2,655,716.0,2026800655,0.45,0.45
fig4_immune_onset,778.0,7.0,,33.03341902313625,2,656,521.0,2026800656,0.45,0.45
fig4_immune_onset,949.0,7.0,,34.98419388830348,2,657,617.0,2026800657,0.45,0.45
fig4_immune_onset,715.0,7.0,,28.251748251748253,2,658,513.0,2026800658,0.45,0.45
fig4_immune_onset,963.0,7.0,,31.152647975077883,2,659,663.0,2026800659,0.45,0.45
fig4_immune_onset,1123.0,7.0,,23.24131789848621,2,660,861.9999999999999,2026800660,0.45,0.45
fig4_immune_onset,701.0,7.0,,7.132667617689016,2,661,651.0,2026800661,0.45,0.45
fig4_immune_onset,848.9999999999999,7.0,,31.09540636042402,2,662,585.0,2026800662,0.45,0.45
fig4_immune_onset,955.0,7.0,,39.05759162303665,2,663,582.0,2026800663,0.45,0.45
fig4_immune_onset,684.0,7.0,,36.54970760233918,2,664,434.0,2026800664,0.45,0.45
fig4_immune_onset,972.0,7.0,,61.21399176954733,2,665,377.0,2026800665,0.45,0.45
fig4_immune_onset,1080.0,7.0,,49.44444444444444,2,666,546.0,2026800666,0.45,0.45
fig4_immune_onset,788.0,7.0,,35.532994923857856,2,667,508.00000000000006,2026800667,0.45,0.45
fig4_immune_onset,823.0,7.0,,27.70352369380316,2,668,595.0,2026800668,0.45,0.45
fig4_immune_onset,1009.0,7.0,,44.79682854311199,2,669,557.0,2026800669,0.45,0.45
fig4_immune_onset,834.0,7.0,,24.34052757793765,2,670,631.0,2026800670,0.45,0.45
fig4_immune_onset,817.0,7.0,,43.57405140758873,2,671,461.00000000000006,2026800671,0.45,0.45
fig4_immune_onset,735.0,7.0,,27.07482993197279,2,672,536.0,2026800672,0.45,0.45
fig4_immune_onset,730.0,7.0,,12.32876712328767,2,673,640.0,2026800673,0.45,0.45
fig4_immune_onset,736.0,7.0,,41.9836956521739,2,674,427.00000000000006,2026800674,0.45,0.45
fig4_immune_onset,1136.0,7.0,,39.436619718309856,2,675,688.0,2026800675,0.45,0.45
fig4_immune_onset,686.0,7.0,,25.21865889212828,2,676,513.0,2026800676,0.45,0.45
fig4_immune_onset,950.0,7.0,,27.473684210526315,2,677,689.0,2026800677,0.45,0.45
fig4_immune_onset,949.0,7.0,,27.608008429926237,2,678,687.0,2026800678,0.45,0.45
fig4_immune_onset,574.0,7.0,,33.79790940766551,2,679,380.0,2026800679,0.45,0.45
fig4_immune_onset,973.0000000000001,7.0,,16.957862281603298,2,680,808.0,2026800680,0.45,0.45
fig4_immune_onset,851.0,7.0,,39.48296122209166,2,681,515.0,2026800681,0.45,0.45
fig4_immune_onset,655.0,7.0,,14.80916030534351,2,682,558.0,2026800682,0.45,0.45
fig4_immune_onset,630.0,7.0,,20.0,2,683,504.0,2026800683,0.45,0.45
fig4_immune_onset,976.0,7.0,,44.364754098360656,2,684,543.0,2026800684,0.45,0.45
fig4_immune_onset,673.0,7.0,,24.814264487369986,2,685,506.0,2026800685,0.45,0.45
fig4_immune_onset,710.0,7.0,,8.732394366197184,2,686,648.0,2026800686,0.45,0.45
fig4_immune_onset,693.0,7.0,,42.424242424242436,2,687,398.99999999999994,2026800687,0.45,0.45
fig4_immune_onset,1136.0,7.0,,43.83802816901409,2,688,638.0,2026800688,0.45,0.45
fig4_immune_onset,1045.0,7.0,,44.30622009569378,2,689,582.0,2026800689,0.45,0.45
fig4_immune_onset,801.9999999999999,7.0,,17.705735660847868,2,690,660.0,2026800690,0.45,0.45
fig4_immune_onset,784.9999999999999,7.0,,36.94267515923565,2,691,495.00000000000006,2026800691,0.45,0.45
fig4_immune_onset,723.0,7.0,,30.982019363762113,2,692,498.99999999999994,2026800692,0.45,0.45
fig4_immune_onset,1197.0,7.0,,44.86215538847118,2,693,660.0,2026800693,0.45,0.45
fig4_immune_onset,571.0,7.0,,-0.8756567425569177,2,694,576.0,2026800694,0.45,0.45
fig4_immune_onset,983.0,7.0,,53.71312309257375,2,695,455.0,2026800695,0.45,0.45
fig4_immune_onset,553.0,7.0,,17.90235081374322,2,696,454.0,2026800696,0.45,0.45
fig4_immune_onset,653.0,7.0,,24.042879019908117,2,697,496.0,2026800697,0.45,0.45
fig4_immune_onset,927.0,7.0,,33.65695792880259,2,698,615.0,2026800698,0.45,0.45
fig4_immune_onset,790.0000000000001,7.0,,12.531645569620265,2,699,691.0,2026800699,0.45,0.45
fig4_immune_onset,955.0,7.0,,27.853403141361255,2,700,689.0,2026800700,0.45,0.45
fig4_immune_onset,768.0,7.0,,14.583333333333334,2,701,656.0,2026800701,0.45,0.45
fig4_immune_onset,901.0000000000001,7.0,,38.06881243063264,2,702,558.0,2026800702,0.45,0.45
fig4_immune_onset,831.9999999999999,7.0,,43.26923076923076,2,703,472.0,2026800703,0.45,0.45
fig4_immune_onset,911.0,7.0,,33.04061470911087,2,704,610.0,2026800704,0.45,0.45
fig4_immune_onset,1198.0,7.0,,31.385642737896493,2,705,822.0,2026800705,0.45,0.45
fig4_immune_onset,706.0,7.0,,29.178470254957507,2,706,500.0,2026800706,0.45,0.45
fig4_immune_onset,720.0,7.0,,12.63888888888889,2,707,629.0,2026800707,0.45,0.45
fig4_immune_onset,770.0,7.0,,19.350649350649352,2,708,621.0,2026800708,0.45,0.45
fig4_immune_onset,1020.0000000000001,7.0,,35.00000000000001,2,709,663.0,2026800709,0.45,0.45
fig4_immune_onset,768.0,7.0,,27.083333333333332,2,710,560.0,2026800710,0.45,0.45
fig4_immune_onset,615.0,7.0,,15.284552845528456,2,711,521.0,2026800711,0.45,0.45
fig4_immune_onset,1283.0,7.0,,26.734216679657052,2,712,940.0,2026800712,0.45,0.45
fig4_immune_onset,1064.0,7.0,,33.36466165413534,2,713,709.0,2026800713,0.45,0.45
fig4_immune_onset,591.0,7.0,,14.213197969543147,2,714,507.0,2026800714,0.45,0.45
fig4_immune_onset,869.0,7.0,,22.32451093210587,2,715,675.0,2026800715,0.45,0.45
fig4_immune_onset,776.0,7.0,,20.489690721649485,2,716,617.0,2026800716,0.45,0.45
fig4_immune_onset,742.0,7.0,,17.250673854447438,2,717,614.0,2026800717,0.45,0.45
fig4_immune_onset,652.0,7.0,,25.766871165644183,2,718,483.99999999999994,2026800718,0.45,0.45
fig4_immune_onset,614.0,7.0,,17.42671009771987,2,719,507.0,2026800719,0.45,0.45
fig4_immune_onset,781.0,7.0,,27.272727272727273,2,720,568.0,2026800720,0.45,0.45
fig4_immune_onset,877.0,7.0,,34.54960091220068,2,721,574.0,2026800721,0.45,0.45
fig4_immune_onset,924.0,7.0,,28.138528138528137,2,722,664.0,2026800722,0.45,0.45
fig4_immune_onset,869.9999999999999,7.0,,33.33333333333333,2,723,580.0,2026800723,0.45,0.45
fig4_immune_onset,614.0,7.0,,1.9543973941368078,2,724,602.0,2026800724,0.45,0.45
fig4_immune_onset,851.0,7.0,,37.60282021151586,2,725,531.0,2026800725,0.45,0.45
fig4_immune_onset,1201.0,7.0,,26.477935054121573,2,726,882.9999999999999,2026800726,0.45,0.45
fig4_immune_onset,1068.0,7.0,,35.1123595505618,2,727,693.0,2026800727,0.45,0.45
fig4_immune_onset,661.0,7.0,,38.72919818456884,2,728,405.0,2026800728,0.45,0.45
fig4_immune_onset,869.0,7.0,,31.760644418872268,2,729,593.0,2026800729,0.45,0.45
fig4_immune_onset,685.0,7.0,,25.401459854014597,2,730,511.0,2026800730,0.45,0.45
fig4_immune_onset,529.0,7.0,,8.884688090737251,2,731,481.99999999999994,2026800731,0.45,0.45
fig4_immune_onset,1065.0,7.0,,36.713615023474176,2,732,674.0,2026800732,0.45,0.45
fig4_immune_onset,808.0,7.0,,28.094059405940595,2,733,581.0,2026800733,0.45,0.45
fig4_immune_onset,855.0,7.0,,32.865497076023395,2,734,574.0,2026800734,0.45,0.45
fig4_immune_onset,590.0,7.0,,25.93220338983051,2,735,437.0,2026800735,0.45,0.45
fig4_immune_onset,1067.0,7.0,,27.553889409559513,2,736,773.0,2026800736,0.45,0.45
fig4_immune_onset,706.0,7.0,,14.305949008498583,2,737,605.0,2026800737,0.45,0.45
fig4_immune_onset,662.0,7.0,,21.90332326283988,2,738,517.0,2026800738,0.45,0.45
fig4_immune_onset,678.0,7.0,,15.486725663716815,2,739,573.0,2026800739,0.45,0.45
fig4_immune_onset,767.0,7.0,,33.3767926988266,2,740,511.0,2026800740,0.45,0.45
fig4_immune_onset,697.0,7.0,,29.842180774748925,2,741,489.0,2026800741,0.45,0.45
fig4_immune_onset,848.0,7.0,,37.5,2,742,530.0,2026800742,0.45,0.45
fig4_immune_onset,699.0,7.0,,31.759656652360515,2,743,477.0,2026800743,0.45,0.45
fig4_immune_onset,732.0,7.0,,-0.273224043715847,2,744,734.0,2026800744,0.45,0.45
fig4_immune_onset,615.0,7.0,,16.260162601626018,2,745,515.0,2026800745,0.45,0.45
fig4_immune_onset,742.0,7.0,,34.36657681940701,2,746,487.0,2026800746,0.45,0.45
fig4_immune_onset,637.0,7.0,,22.135007849293565,2,747,496.0,2026800747,0.45,0.45
fig4_immune_onset,1145.0,7.0,,44.0174672489083,2,748,641.0,2026800748,0.45,0.45
fig4_immune_onset,1070.0,7.0,,31.962616822429908,2,749,728.0,2026800749,0.45,0.45
fig4_immune_onset,834.0,7.0,,25.899280575539567,2,750,618.0,2026800750,0.45,0.45
fig4_immune_onset,835.9999999999999,7.0,,19.49760765550238,2,751,673.0,2026800751,0.45,0.45
fig4_immune_onset,975.0,7.0,,44.61538461538461,2,752,540.0,2026800752,0.45,0.45
fig4_immune_onset,1331.0,7.0,,24.868519909842224,2,753,1000.0,2026800753,0.45,0.45
fig4_immune_onset,814.0,7.0,,17.936117936117935,2,754,668.0,2026800754,0.45,0.45
fig4_immune_onset,620.0,7.0,,30.806451612903214,2,755,429.00000000000006,2026800755,0.45,0.45
fig4_immune_onset,931.0,7.0,,21.911922663802365,2,756,727.0,2026800756,0.45,0.45
fig4_immune_onset,897.0,7.0,,16.16499442586399,2,757,752.0,2026800757,0.45,0.45
fig4_immune_onset,856.0,7.0,,23.247663551401867,2,758,657.0,2026800758,0.45,0.45
fig4_immune_onset,972.0,7.0,,18.621399176954732,2,759,791.0,2026800759,0.45,0.45
fig4_immune_onset,882.0,7.0,,26.417233560090704,2,760,649.0,2026800760,0.45,0.45
fig4_immune_onset,864.0,7.0,,19.09722222222222,2,761,699.0,2026800761,0.45,0.45
fig4_immune_onset,723.0,7.0,,40.24896265560166,2,762,432.0,2026800762,0.45,0.45
fig4_immune_onset,945.0,7.0,,37.77777777777778,2,763,588.0,2026800763,0.45,0.45
fig4_immune_onset,776.0,7.0,,22.938144329896907,2,764,598.0,2026800764,0.45,0.45
fig4_immune_onset,720.0,7.0,,12.777777777777779,2,765,628.0,2026800765,0.45,0.45
fig4_immune_onset,590.0,7.0,,14.067796610169491,2,766,507.0,2026800766,0.45,0.45
fig4_immune_onset,1044.0,7.0,,36.7816091954023,2,767,660.0,2026800767,0.45,0.45
fig4_immune_onset,592.0,7.0,,20.43918918918919,2,768,471.0,2026800768,0.45,0.45
fig4_immune_onset,842.0,7.0,,19.121140142517813,2,769,681.0,2026800769,0.45,0.45
fig4_immune_onset,975.0,7.0,,32.0,2,770,663.0,2026800770,0.45,0.45
fig4_immune_onset,971.0,7.0,,32.13182286302781,2,771,659.0,2026800771,0.45,0.45
fig4_immune_onset,827.9999999999999,7.0,,26.086956521739122,2,772,612.0,2026800772,0.45,0.45
fig4_immune_onset,821.0,7.0,,32.521315468940315,2,773,554.0,2026800773,0.45,0.45
fig4_immune_onset,855.0,7.0,,41.637426900584806,2,774,498.99999999999994,2026800774,0.45,0.45
fig4_immune_onset,702.0,7.0,,23.789173789173788,2,775,535.0,2026800775,0.45,0.45
fig4_immune_onset,630.0,7.0,,24.761904761904752,2,776,474.00000000000006,2026800776,0.45,0.45
fig4_immune_onset,687.0,7.0,,18.34061135371179,2,777,561.0,2026800777,0.45,0.45
fig4_immune_onset,1345.0,7.0,,41.56133828996281,2,778,786.0000000000001,2026800778,0.45,0.45
fig4_immune_onset,931.0,7.0,,39.527389903329755,2,779,563.0,2026800779,0.45,0.45
fig4_immune_onset,739.0,7.0,,2.976995940460081,2,780,717.0,2026800780,0.45,0.45
fig4_immune_onset,605.0,7.0,,-3.9669421487603307,2,781,629.0,2026800781,0.45,0.45
fig4_immune_onset,792.0,7.0,,9.469696969696969,2,782,717.0,2026800782,0.45,0.45
fig4_immune_onset,1004.0,7.0,,28.08764940239044,2,783,722.0,2026800783,0.45,0.45
fig4_immune_onset,950.0,7.0,,30.94736842105263,2,784,656.0,2026800784,0.45,0.45
fig4_immune_onset,628.0,7.0,,14.171974522292993,2,785,539.0,2026800785,0.45,0.45
fig4_immune_onset,763.0,7.0,,16.90694626474443,2,786,634.0,2026800786,0.45,0.45
fig4_immune_onset,604.0,7.0,,0.8278145695364238,2,787,599.0,2026800787,0.45,0.45
fig4_immune_onset,655.0,7.0,,50.83969465648855,2,788,322.0,2026800788,0.45,0.45
fig4_immune_onset,630.0,7.0,,20.7936507936508,2,789,498.99999999999994,2026800789,0.45,0.45
fig4_immune_onset,797.0,7.0,,24.466750313676286,2,790,602.0,2026800790,0.45,0.45
fig4_immune_onset,834.0,7.0,,40.04796163069545,2,791,500.0,2026800791,0.45,0.45
fig4_immune_onset,831.9999999999999,7.0,,7.572115384615373,2,792,769.0,2026800792,0.45,0.45
fig4_immune_onset,512.0,7.0,,19.14062500000001,2,793,413.99999999999994,2026800793,0.45,0.45
fig4_immune_onset,730.0,7.0,,23.424657534246574,2,794,559.0,2026800794,0.45,0.45
fig4_immune_onset,1079.0,7.0,,29.564411492122336,2,795,760.0,2026800795,0.45,0.45
fig4_immune_onset,846.0,7.0,,26.595744680851062,2,796,621.0,2026800796,0.45,0.45
fig4_immune_onset,921.0,7.0,,32.24755700325733,2,797,624.0,2026800797,0.45,0.45
fig4_immune_onset,976.9999999999999,7.0,,31.627430910951887,2,798,668.0,2026800798,0.45,0.45
fig4_immune_onset,652.0,7.0,,29.60122699386502,2,799,459.00000000000006,2026800799,0.45,0.45
fig4_immune_onset,839.0,7.0,,25.387365911799762,2,800,626.0,2026800800,0.45,0.45
fig4_immune_onset,702.0,7.0,,15.954415954415955,2,801,590.0,2026800801,0.45,0.45
fig4_immune_onset,938.0,7.0,,41.89765458422175,2,802,545.0,2026800802,0.45,0.45
fig4_immune_onset,1077.0,7.0,,38.16155988857939,2,803,666.0,2026800803,0.45,0.45
fig4_immune_onset,617.0,7.0,,21.231766612641817,2,804,486.0,2026800804,0.45,0.45
fig4_immune_onset,642.0,7.0,,26.947040498442366,2,805,469.0,2026800805,0.45,0.45
fig4_immune_onset,692.0,7.0,,11.416184971098266,2,806,613.0,2026800806,0.45,0.45
fig4_immune_onset,807.0000000000001,7.0,,18.95910780669146,2,807,654.0,2026800807,0.45,0.45
fig4_immune_onset,852.0,7.0,,36.15023474178404,2,808,544.0,2026800808,0.45,0.45
fig4_immune_onset,880.0,7.0,,46.81818181818182,2,809,468.0,2026800809,0.45,0.45
fig4_immune_onset,999.0000000000001,7.0,,33.13313313313314,2,810,668.0,2026800810,0.45,0.45
fig4_immune_onset,623.0,7.0,,24.558587479935795,2,811,470.0,2026800811,0.45,0.45
fig4_immune_onset,801.0,7.0,,28.83895131086142,2,812,570.0,2026800812,0.45,0.45
fig4_immune_onset,619.0,7.0,,13.408723747980615,2,813,536.0,2026800813,0.45,0.45
fig4_immune_onset,1037.0,7.0,,11.378977820636452,2,814,919.0,2026800814,0.45,0.45
fig4_immune_onset,672.0,7.0,,9.970238095238095,2,815,605.0,2026800815,0.45,0.45
fig4_immune_onset,844.0,7.0,,26.303317535545023,2,816,622.0,2026800816,0.45,0.45
fig4_immune_onset,970.0,7.0,,33.29896907216495,2,817,647.0,2026800817,0.45,0.45
fig4_immune_onset,941.0,7.0,,23.0605738575983,2,818,724.0,2026800818,0.45,0.45
fig4_immune_onset,681.0,7.0,,19.970631424375917,2,819,545.0,2026800819,0.45,0.45
fig4_immune_onset,875.0000000000001,7.0,,28.114285714285725,2,820,629.0,2026800820,0.45,0.45
fig4_immune_onset,752.0,7.0,,42.154255319148945,2,821,434.99999999999994,2026800821,0.45,0.45
fig4_immune_onset,649.0,7.0,,21.10939907550077,2,822,512.0,2026800822,0.45,0.45
fig4_immune_onset,726.0,7.0,,16.391184573002754,2,823,607.0,2026800823,0.45,0.45
fig4_immune_onset,1371.0,7.0,,45.222465353756384,2,824,751.0,2026800824,0.45,0.45
fig4_immune_onset,707.0,7.0,,27.581329561527582,2,825,512.0,2026800825,0.45,0.45
fig4_immune_onset,776.0,7.0,,20.489690721649485,2,826,617.0,2026800826,0.45,0.45
fig4_immune_onset,905.0000000000001,7.0,,33.37016574585636,2,827,603.0,2026800827,0.45,0.45
fig4_immune_onset,797.0,7.0,,15.181932245922209,2,828,676.0,2026800828,0.45,0.45
fig4_immune_onset,498.0,7.0,,16.666666666666668,2,829,415.0,2026800829,0.45,0.45
fig4_immune_onset,619.0,7.0,,-10.985460420032311,2,830,687.0,2026800830,0.45,0.45
fig4_immune_onset,754.0,7.0,,28.912466843501328,2,831,536.0,2026800831,0.45,0.45
fig4_immune_onset,589.0,7.0,,31.748726655348047,2,832,402.0,2026800832,0.45,0.45
fig4_immune_onset,863.0,7.0,,30.70683661645423,2,833,598.0,2026800833,0.45,0.45
fig4_immune_onset,806.0,7.0,,28.78411910669975,2,834,574.0,2026800834,0.45,0.45
fig4_immune_onset,702.0,7.0,,41.88034188034187,2,835,408.00000000000006,2026800835,0.45,0.45
fig4_immune_onset,1144.0,7.0,,37.58741258741259,2,836,714.0,2026800836,0.45,0.45
fig4_immune_onset,1097.0,7.0,,32.99908842297174,2,837,735.0,2026800837,0.45,0.45
fig4_immune_onset,1364.0,7.0,,31.158357771260988,2,838,939.0000000000001,2026800838,0.45,0.45
fig4_immune_onset,784.0,7.0,,35.714285714285715,2,839,504.0,2026800839,0.45,0.45
fig4_immune_onset,959.9999999999999,7.0,,47.91666666666666,2,840,500.0,2026800840,0.45,0.45
fig4_immune_onset,551.0,7.0,,11.796733212341199,2,841,486.0,2026800841,0.45,0.45
fig4_immune_onset,1025.0,7.0,,35.80487804878049,2,842,658.0,2026800842,0.45,0.45
fig4_immune_onset,878.9999999999999,7.0,,16.723549488054598,2,843,732.0,2026800843,0.45,0.45
fig4_immune_onset,1112.0,7.0,,25.6294964028777,2,844,827.0,2026800844,0.45,0.45
fig4_immune_onset,829.0,7.0,,27.020506634499398,2,845,605.0,2026800845,0.45,0.45
fig4_immune_onset,869.0,7.0,,27.733026467203683,2,846,628.0,2026800846,0.45,0.45
fig4_immune_onset,758.0,7.0,,12.005277044854882,2,847,667.0,2026800847,0.45,0.45
fig4_immune_onset,1080.0,7.0,,25.0,2,848,810.0,2026800848,0.45,0.45
fig4_immune_onset,918.0000000000001,7.0,,24.509803921568636,2,849,693.0,2026800849,0.45,0.45
fig4_immune_onset,739.0,7.0,,33.42354533152909,2,850,492.0,2026800850,0.45,0.45
fig4_immune_onset,809.0,7.0,,18.665018541409147,2,851,658.0,2026800851,0.45,0.45
fig4_immune_onset,932.0,7.0,,35.622317596566525,2,852,600.0,2026800852,0.45,0.45
fig4_immune_onset,957.0,7.0,,25.705329153605014,2,853,711.0,2026800853,0.45,0.45
fig4_immune_onset,587.0,7.0,,24.87223168654174,2,854,441.0,2026800854,0.45,0.45
fig4_immune_onset,758.0,7.0,,14.116094986807388,2,855,651.0,2026800855,0.45,0.45
fig4_immune_onset,939.0000000000001,7.0,,23.429179978700756,2,856,719.0,2026800856,0.45,0.45
fig4_immune_onset,861.0,7.0,,37.63066202090592,2,857,537.0,2026800857,0.45,0.45
fig4_immune_onset,736.0,7.0,,30.16304347826087,2,858,514.0,2026800858,0.45,0.45
fig4_immune_onset,766.0,7.0,,30.678851174934724,2,859,531.0,2026800859,0.45,0.45
fig4_immune_onset,834.0,7.0,,27.937649880095922,2,860,601.0,2026800860,0.45,0.45
fig4_immune_onset,867.0000000000001,7.0,,20.069204152249146,2,861,693.0,2026800861,0.45,0.45
fig4_immune_onset,596.0,7.0,,15.268456375838927,2,862,505.0,2026800862,0.45,0.45
fig4_immune_onset,611.0,7.0,,24.058919803600656,2,863,464.0,2026800863,0.45,0.45
fig4_immune_onset,982.0000000000001,7.0,,27.189409368635445,2,864,715.0,2026800864,0.45,0.45
fig4_immune_onset,993.0,7.0,,24.169184290030213,2,865,753.0,2026800865,0.45,0.45
fig4_immune_onset,800.0,7.0,,22.75,2,866,618.0,2026800866,0.45,0.45
fig4_immune_onset,933.9999999999999,7.0,,14.23982869379014,2,867,801.0,2026800867,0.45,0.45
fig4_immune_onset,859.0,7.0,,3.8416763678696157,2,868,826.0,2026800868,0.45,0.45
fig4_immune_onset,993.0,7.0,,29.7079556898288,2,869,698.0,2026800869,0.45,0.45
fig4_immune_onset,793.0,7.0,,31.651954602774275,2,870,542.0,2026800870,0.45,0.45
fig4_immune_onset,950.0,7.0,,32.73684210526316,2,871,639.0,2026800871,0.45,0.45
fig4_immune_onset,492.0,7.0,,27.235772357723576,2,872,358.0,2026800872,0.45,0.45
fig4_immune_onset,632.0,7.0,,37.34177215189873,2,873,396.0,2026800873,0.45,0.45
fig4_immune_onset,743.0,7.0,,30.013458950201883,2,874,520.0,2026800874,0.45,0.45
fig4_immune_onset,584.0,7.0,,7.705479452054795,2,875,539.0,2026800875,0.45,0.45
fig4_immune_onset,894.0,7.0,,23.48993288590604,2,876,684.0,2026800876,0.45,0.45
fig4_immune_onset,731.0,7.0,,48.97400820793434,2,877,373.0,2026800877,0.45,0.45
fig4_immune_onset,768.0,7.0,,29.6875,2,878,540.0,2026800878,0.45,0.45
fig4_immune_onset,743.0,7.0,,7.267833109017497,2,879,689.0,2026800879,0.45,0.45
fig4_immune_onset,824.0000000000001,7.0,,11.893203883495158,2,880,726.0,2026800880,0.45,0.45
fig4_immune_onset,644.0,7.0,,26.3975155279503,2,881,474.00000000000006,2026800881,0.45,0.45
fig4_immune_onset,797.9999999999999,7.0,,-19.298245614035118,2,882,952.0000000000001,2026800882,0.45,0.45
fig4_immune_onset,659.0,7.0,,17.450682852807283,2,883,544.0,2026800883,0.45,0.45
fig4_immune_onset,799.0000000000001,7.0,,24.530663329161463,2,884,603.0,2026800884,0.45,0.45
fig4_immune_onset,723.0,7.0,,30.843706777316736,2,885,500.0,2026800885,0.45,0.45
fig4_immune_onset,743.0,7.0,,32.43606998654105,2,886,502.0,2026800886,0.45,0.45
fig4_immune_onset,1031.0,7.0,,32.78370514064016,2,887,693.0,2026800887,0.45,0.45
fig4_immune_onset,950.9999999999999,7.0,,19.348054679284953,2,888,767.0,2026800888,0.45,0.45
fig4_immune_onset,1059.0,7.0,,27.384324834749766,2,889,769.0,2026800889,0.45,0.45
fig4_immune_onset,827.9999999999999,7.0,,34.541062801932355,2,890,542.0,2026800890,0.45,0.45
fig4_immune_onset,1078.0,7.0,,43.7847866419295,2,891,606.0,2026800891,0.45,0.45
fig4_immune_onset,797.9999999999999,7.0,,33.95989974937343,2,892,527.0,2026800892,0.45,0.45
fig4_immune_onset,842.0,7.0,,44.89311163895487,2,893,464.0,2026800893,0.45,0.45
fig4_immune_onset,932.0,7.0,,31.43776824034335,2,894,639.0,2026800894,0.45,0.45
fig4_immune_onset,895.9999999999999,7.0,,23.77232142857142,2,895,683.0,2026800895,0.45,0.45
fig4_immune_onset,1089.0,7.0,,22.22222222222222,2,896,847.0,2026800896,0.45,0.45
fig4_immune_onset,988.0,7.0,,39.068825910931174,2,897,602.0,2026800897,0.45,0.45
fig4_immune_onset,1005.0,7.0,,7.960199004975125,2,898,925.0,2026800898,0.45,0.45
fig4_immune_onset,953.0,7.0,,24.868835257082896,2,899,716.0,2026800899,0.45,0.45
fig4_immune_onset,1039.0,7.0,,38.498556304138596,2,900,639.0,2026800900,0.45,0.45
fig4_immune_onset,940.0,7.0,,27.97872340425532,2,901,677.0,2026800901,0.45,0.45
fig4_immune_onset,837.0000000000001,7.0,,41.93548387096775,2,902,486.0,2026800902,0.45,0.45
fig4_immune_onset,700.0,7.0,,16.714285714285715,2,903,583.0,2026800903,0.45,0.45
fig4_immune_onset,1060.0,7.0,,30.566037735849058,2,904,736.0,2026800904,0.45,0.45
fig4_immune_onset,495.00000000000006,7.0,,16.363636363636385,2,905,413.99999999999994,2026800905,0.45,0.45
fig4_immune_onset,821.0,7.0,,31.546894031668696,2,906,562.0,2026800906,0.45,0.45
fig4_immune_onset,980.0,7.0,,20.714285714285715,2,907,777.0,2026800907,0.45,0.45
fig4_immune_onset,713.0,7.0,,35.90462833099579,2,908,457.0,2026800908,0.45,0.45
fig4_immune_onset,1038.0,7.0,,40.17341040462428,2,909,621.0,2026800909,0.45,0.45
fig4_immune_onset,918.0000000000001,7.0,,16.4488017429194,2,910,767.0,2026800910,0.45,0.45
fig4_immune_onset,996.0,7.0,,30.72289156626506,2,911,690.0,2026800911,0.45,0.45
fig4_immune_onset,1089.0,7.0,,38.38383838383838,2,912,671.0,2026800912,0.45,0.45
fig4_immune_onset,575.0,7.0,,13.217391304347835,2,913,498.99999999999994,2026800913,0.45,0.45
fig4_immune_onset,1347.0,7.0,,44.469190794357836,2,914,748.0,2026800914,0.45,0.45
fig4_immune_onset,818.9999999999999,7.0,,31.746031746031736,2,915,559.0,2026800915,0.45,0.45
fig4_immune_onset,848.9999999999999,7.0,,27.797408716136623,2,916,613.0,2026800916,0.45,0.45
fig4_immune_onset,698.0,7.0,,19.62750716332378,2,917,561.0,2026800917,0.45,0.45
fig4_immune_onset,816.0000000000001,7.0,,14.460784313725501,2,918,698.0,2026800918,0.45,0.45
fig4_immune_onset,935.0000000000001,7.0,,28.770053475935836,2,919,666.0,2026800919,0.45,0.45
fig4_immune_onset,681.0,7.0,,32.8928046989721,2,920,457.0,2026800920,0.45,0.45
fig4_immune_onset,639.0,7.0,,4.225352112676056,2,921,612.0,2026800921,0.45,0.45
fig4_immune_onset,752.0,7.0,,7.047872340425532,2,922,699.0,2026800922,0.45,0.45
fig4_immune_onset,727.0,7.0,,30.949105914718018,2,923,502.0,2026800923,0.45,0.45
fig4_immune_onset,442.00000000000006,7.0,,29.411764705882362,2,924,312.0,2026800924,0.45,0.45
fig4_immune_onset,1068.0,7.0,,18.258426966292134,2,925,873.0,2026800925,0.45,0.45
fig4_immune_onset,590.0,7.0,,9.661016949152541,2,926,533.0,2026800926,0.45,0.45
fig4_immune_onset,1006.0,7.0,,18.190854870775347,2,927,823.0,2026800927,0.45,0.45
fig4_immune_onset,1020.0000000000001,7.0,,27.745098039215694,2,928,737.0,2026800928,0.45,0.45
fig4_immune_onset,852.0,7.0,,4.577464788732394,2,929,813.0,2026800929,0.45,0.45
fig4_immune_onset,838.0,7.0,,34.36754176610979,2,930,550.0,2026800930,0.45,0.45
fig4_immune_onset,784.0,7.0,,20.153061224489797,2,931,626.0,2026800931,0.45,0.45
fig4_immune_onset,651.0,7.0,,31.797235023041463,2,932,444.00000000000006,2026800932,0.45,0.45
fig4_immune_onset,756.0,7.0,,23.41269841269841,2,933,579.0,2026800933,0.45,0.45
fig4_immune_onset,1044.0,7.0,,16.18773946360152,2,934,875.0000000000001,2026800934,0.45,0.45
fig4_immune_onset,490.0,7.0,,21.224489795918366,2,935,386.0,2026800935,0.45,0.45
fig4_immune_onset,496.99999999999994,7.0,,11.670020120724336,2,936,439.0,2026800936,0.45,0.45
fig4_immune_onset,555.0,7.0,,32.432432432432435,2,937,375.0,2026800937,0.45,0.45
fig4_immune_onset,717.0,7.0,,36.122733612273365,2,938,458.0,2026800938,0.45,0.45
fig4_immune_onset,852.0,7.0,,29.929577464788732,2,939,597.0,2026800939,0.45,0.45
fig4_immune_onset,1287.0,7.0,,38.306138306138315,2,940,793.9999999999999,2026800940,0.45,0.45
fig4_immune_onset,771.0,7.0,,34.37094682230869,2,941,506.0,2026800941,0.45,0.45
fig4_immune_onset,750.0,7.0,,25.066666666666666,2,942,562.0,2026800942,0.45,0.45
fig4_immune_onset,873.0,7.0,,19.243986254295532,2,943,705.0,2026800943,0.45,0.45
fig4_immune_onset,1024.0,7.0,,29.8828125,2,944,718.0,2026800944,0.45,0.45
fig4_immune_onset,1115.0,7.0,,32.10762331838565,2,945,757.0,2026800945,0.45,0.45
fig4_immune_onset,1090.0,7.0,,26.513761467889907,2,946,801.0,2026800946,0.45,0.45
fig4_immune_onset,920.0,7.0,,27.82608695652174,2,947,664.0,2026800947,0.45,0.45
fig4_immune_onset,837.0000000000001,7.0,,43.369175627240146,2,948,474.00000000000006,2026800948,0.45,0.45
fig4_immune_onset,869.0,7.0,,28.99884925201381,2,949,617.0,2026800949,0.45,0.45
fig4_immune_onset,885.0,7.0,,18.64406779661017,2,950,720.0,2026800950,0.45,0.45
fig4_immune_onset,689.0,7.0,,24.528301886792452,2,951,520.0,2026800951,0.45,0.45
fig4_immune_onset,880.0,7.0,,29.772727272727273,2,952,618.0,2026800952,0.45,0.45
fig4_immune_onset,464.99999999999994,7.0,,5.161290322580634,2,953,441.0,2026800953,0.45,0.45
fig4_immune_onset,582.0,7.0,,14.43298969072165,2,954,498.0,2026800954,0.45,0.45
fig4_immune_onset,536.0,7.0,,-6.343283582089552,2,955,570.0,2026800955,0.45,0.45
fig4_immune_onset,759.0,7.0,,11.857707509881424,2,956,669.0,2026800956,0.45,0.45
fig4_immune_onset,944.0,7.0,,18.220338983050848,2,957,772.0,2026800957,0.45,0.45
fig4_immune_onset,730.0,7.0,,33.972602739726035,2,958,481.99999999999994,2026800958,0.45,0.45
fig4_immune_onset,759.0,7.0,,42.55599472990777,2,959,436.0,2026800959,0.45,0.45
fig4_immune_onset,547.0,7.0,,6.2157221206581355,2,960,513.0,2026800960,0.45,0.45
fig4_immune_onset,918.0000000000001,7.0,,44.11764705882354,2,961,513.0,2026800961,0.45,0.45
fig4_immune_onset,929.0,7.0,,34.1227125941873,2,962,612.0,2026800962,0.45,0.45
fig4_immune_onset,946.9999999999999,7.0,,29.461457233368524,2,963,668.0,2026800963,0.45,0.45
fig4_immune_onset,424.0,7.0,,33.9622641509434,2,964,280.0,2026800964,0.45,0.45
fig4_immune_onset,754.0,7.0,,14.456233421750664,2,965,645.0,2026800965,0.45,0.45
fig4_immune_onset,1119.0,7.0,,38.248436103663984,2,966,691.0,2026800966,0.45,0.45
fig4_immune_onset,759.0,7.0,,15.41501976284585,2,967,642.0,2026800967,0.45,0.45
fig4_immune_onset,818.9999999999999,7.0,,21.611721611721602,2,968,642.0,2026800968,0.45,0.45
fig4_immune_onset,744.0,7.0,,7.526881720430108,2,969,688.0,2026800969,0.45,0.45
fig4_immune_onset,600.0,7.0,,27.333333333333332,2,970,436.0,2026800970,0.45,0.45
fig4_immune_onset,835.0,7.0,,9.461077844311378,2,971,756.0,2026800971,0.45,0.45
fig4_immune_onset,1078.0,7.0,,25.602968460111327,2,972,801.9999999999999,2026800972,0.45,0.45
fig4_immune_onset,1029.0,7.0,,21.477162293488824,2,973,808.0,2026800973,0.45,0.45
fig4_immune_onset,590.0,7.0,,23.389830508474585,2,974,451.99999999999994,2026800974,0.45,0.45
fig4_immune_onset,838.0,7.0,,30.429594272076372,2,975,583.0,2026800975,0.45,0.45
fig4_immune_onset,806.0,7.0,,36.10421836228288,2,976,515.0,2026800976,0.45,0.45
fig4_immune_onset,878.9999999999999,7.0,,28.668941979522174,2,977,627.0,2026800977,0.45,0.45
fig4_immune_onset,735.0,7.0,,41.63265306122448,2,978,429.00000000000006,2026800978,0.45,0.45
fig4_immune_onset,761.0,7.0,,35.74244415243101,2,979,489.0,2026800979,0.45,0.45
fig4_immune_onset,906.0,7.0,,37.41721854304636,2,980,567.0,2026800980,0.45,0.45
fig4_immune_onset,737.0,7.0,,15.332428765264586,2,981,624.0,2026800981,0.45,0.45
fig4_immune_onset,762.0,7.0,,33.070866141732274,2,982,510.00000000000006,2026800982,0.45,0.45
fig4_immune_onset,713.0,7.0,,28.050490883590463,2,983,513.0,2026800983,0.45,0.45
fig4_immune_onset,1296.0,7.0,,25.462962962962962,2,984,966.0,2026800984,0.45,0.45
fig4_immune_onset,650.0,7.0,,8.615384615384615,2,985,594.0,2026800985,0.45,0.45
fig4_immune_onset,524.0,7.0,,22.709923664122137,2,986,405.0,2026800986,0.45,0.45
fig4_immune_onset,1000.0,7.0,,33.7,2,987,663.0,2026800987,0.45,0.45
fig4_immune_onset,881.0,7.0,,30.533484676503974,2,988,612.0,2026800988,0.45,0.45
fig4_immune_onset,746.0,7.0,,27.345844504021446,2,989,542.0,2026800989,0.45,0.45
fig4_immune_onset,732.0,7.0,,29.371584699453553,2,990,517.0,2026800990,0.45,0.45
fig4_immune_onset,873.0,7.0,,21.878579610538374,2,991,682.0,2026800991,0.45,0.45
fig4_immune_onset,984.9999999999999,7.0,,24.36548223350253,2,992,745.0,2026800992,0.45,0.45
fig4_immune_onset,746.0,7.0,,23.056300268096514,2,993,574.0,2026800993,0.45,0.45
fig4_immune_onset,858.0000000000001,7.0,,13.51981351981353,2,994,742.0,2026800994,0.45,0.45
fig4_immune_onset,860.0,7.0,,21.511627906976745,2,995,675.0,2026800995,0.45,0.45
fig4_immune_onset,683.0,7.0,,18.15519765739385,2,996,559.0,2026800996,0.45,0.45
fig4_immune_onset,861.0,7.0,,32.28803716608595,2,997,583.0,2026800997,0.45,0.45
fig4_immune_onset,568.0,7.0,,1.5845070422535212,2,998,559.0,2026800998,0.45,0.45
fig4_immune_onset,916.0,7.0,,33.29694323144105,2,999,611.0,2026800999,0.45,0.45
fig4_immune_onset,890.0,10.0,,42.02247191011236,2,0,516.0,2026800000,0.45,0.45
fig4_immune_onset,694.0,10.0,,-11.239193083573488,2,1,772.0,2026800001,0.45,0.45
fig4_immune_onset,619.0,10.0,,21.324717285945074,2,2,487.0,2026800002,0.45,0.45
fig4_immune_onset,568.0,10.0,,29.929577464788732,2,3,398.0,2026800003,0.45,0.45
fig4_immune_onset,801.0,10.0,,28.089887640449437,2,4,576.0,2026800004,0.45,0.45
fig4_immune_onset,768.0,10.0,,32.291666666666664,2,5,520.0,2026800005,0.45,0.45
fig4_immune_onset,742.0,10.0,,34.501347708894876,2,6,486.0,2026800006,0.45,0.45
fig4_immune_onset,687.0,10.0,,24.017467248908297,2,7,522.0,2026800007,0.45,0.45
fig4_immune_onset,611.0,10.0,,28.805237315875626,2,8,434.99999999999994,2026800008,0.45,0.45
fig4_immune_onset,570.0,10.0,,13.859649122807008,2,9,491.00000000000006,2026800009,0.45,0.45
fig4_immune_onset,757.0,10.0,,27.60898282694848,2,10,548.0,2026800010,0.45,0.45
fig4_immune_onset,768.0,10.0,,22.65625,2,11,594.0,2026800011,0.45,0.45
fig4_immune_onset,732.0,10.0,,19.398907103825138,2,12,590.0,2026800012,0.45,0.45
fig4_immune_onset,1143.0,10.0,,32.89588801399825,2,13,767.0,2026800013,0.45,0.45
fig4_immune_onset,916.0,10.0,,12.882096069869007,2,14,797.9999999999999,2026800014,0.45,0.45
fig4_immune_onset,882.9999999999999,10.0,,12.570781426953557,2,15,772.0,2026800015,0.45,0.45
fig4_immune_onset,921.0,10.0,,10.423452768729641,2,16,825.0,2026800016,0.45,0.45
fig4_immune_onset,991.0,10.0,,18.66801210898083,2,17,806.0,2026800017,0.45,0.45
fig4_immune_onset,769.0,10.0,,20.416124837451235,2,18,612.0,2026800018,0.45,0.45
fig4_immune_onset,714.0,10.0,,22.408963585434172,2,19,554.0,2026800019,0.45,0.45
fig4_immune_onset,612.0,10.0,,9.640522875816993,2,20,553.0,2026800020,0.45,0.45
fig4_immune_onset,878.9999999999999,10.0,,31.285551763367454,2,21,604.0,2026800021,0.45,0.45
fig4_immune_onset,568.0,10.0,,7.922535211267606,2,22,523.0,2026800022,0.45,0.45
fig4_immune_onset,877.0,10.0,,27.708095781071837,2,23,634.0,2026800023,0.45,0.45
fig4_immune_onset,693.0,10.0,,25.974025974025974,2,24,513.0,2026800024,0.45,0.45
fig4_immune_onset,780.0,10.0,,32.69230769230769,2,25,525.0,2026800025,0.45,0.45
fig4_immune_onset,583.0,10.0,,11.492281303602057,2,26,516.0,2026800026,0.45,0.45
fig4_immune_onset,1001.0,10.0,,13.486513486513497,2,27,865.9999999999999,2026800027,0.45,0.45
fig4_immune_onset,703.0,10.0,,20.483641536273115,2,28,559.0,2026800028,0.45,0.45
fig4_immune_onset,589.0,10.0,,23.08998302207131,2,29,453.0,2026800029,0.45,0.45
fig4_immune_onset,589.0,10.0,,-5.093378607809847,2,30,619.0,2026800030,0.45,0.45
fig4_immune_onset,884.0000000000001,10.0,,22.058823529411775,2,31,689.0,2026800031,0.45,0.45
fig4_immune_onset,786.0000000000001,10.0,,43.89312977099238,2,32,441.0,2026800032,0.45,0.45
fig4_immune_onset,778.0,10.0,,10.668380462724937,2,33,695.0,2026800033,0.45,0.45
fig4_immune_onset,916.9999999999999,10.0,,9.160305343511428,2,34,833.0000000000001,2026800034,0.45,0.45
fig4_immune_onset,1041.0,10.0,,41.306436119116235,2,35,611.0,2026800035,0.45,0.45
fig4_immune_onset,878.0,10.0,,8.76993166287016,2,36,801.0,2026800036,0.45,0.45
fig4_immune_onset,848.0,10.0,,20.400943396226417,2,37,675.0,2026800037,0.45,0.45
fig4_immune_onset,1103.0,10.0,,29.73708068902992,2,38,775.0,2026800038,0.45,0.45
fig4_immune_onset,878.0,10.0,,35.42141230068337,2,39,567.0,2026800039,0.45,0.45
fig4_immune_onset,835.9999999999999,10.0,,27.511961722488028,2,40,606.0,2026800040,0.45,0.45
fig4_immune_onset,621.0,10.0,,26.570048309178745,2,41,456.0,2026800041,0.45,0.45
fig4_immune_onset,906.0,10.0,,27.70419426048565,2,42,655.0,2026800042,0.45,0.45
fig4_immune_onset,768.0,10.0,,18.229166666666668,2,43,628.0,2026800043,0.45,0.45
fig4_immune_onset,634.0,10.0,,20.820189274447948,2,44,502.0,2026800044,0.45,0.45
fig4_immune_onset,682.0,10.0,,33.72434017595309,2,45,451.99999999999994,2026800045,0.45,0.45
fig4_immune_onset,799.0000000000001,10.0,,31.53942428035045,2,46,547.0,2026800046,0.45,0.45
fig4_immune_onset,922.0000000000001,10.0,,4.338394793926259,2,47,882.0,2026800047,0.45,0.45
fig4_immune_onset,755.0,10.0,,51.12582781456954,2,48,369.0,2026800048,0.45,0.45
fig4_immune_onset,841.0000000000001,10.0,,9.86920332936981,2,49,758.0,2026800049,0.45,0.45
fig4_immune_onset,1029.0,10.0,,34.11078717201166,2,50,678.0,2026800050,0.45,0.45
fig4_immune_onset,716.0,10.0,,29.189944134078214,2,51,507.0,2026800051,0.45,0.45
fig4_immune_onset,671.0,10.0,,1.9374068554396424,2,52,658.0,2026800052,0.45,0.45
fig4_immune_onset,814.0,10.0,,32.923832923832926,2,53,546.0,2026800053,0.45,0.45
fig4_immune_onset,486.0,10.0,,19.34156378600823,2,54,392.0,2026800054,0.45,0.45
fig4_immune_onset,863.0,10.0,,43.56894553881808,2,55,487.0,2026800055,0.45,0.45
fig4_immune_onset,950.0,10.0,,26.0,2,56,703.0,2026800056,0.45,0.45
fig4_immune_onset,768.0,10.0,,33.333333333333336,2,57,512.0,2026800057,0.45,0.45
fig4_immune_onset,1063.0,10.0,,21.354656632173107,2,58,835.9999999999999,2026800058,0.45,0.45
fig4_immune_onset,920.0,10.0,,20.652173913043477,2,59,730.0,2026800059,0.45,0.45
fig4_immune_onset,711.0,10.0,,42.47538677918425,2,60,409.0,2026800060,0.45,0.45
fig4_immune_onset,659.0,10.0,,31.86646433990895,2,61,449.0,2026800061,0.45,0.45
fig4_immune_onset,673.0,10.0,,24.51708766716195,2,62,508.00000000000006,2026800062,0.45,0.45
fig4_immune_onset,738.0,10.0,,29.26829268292683,2,63,522.0,2026800063,0.45,0.45
fig4_immune_onset,895.9999999999999,10.0,,41.51785714285713,2,64,524.0,2026800064,0.45,0.45
fig4_immune_onset,835.0,10.0,,31.137724550898202,2,65,575.0,2026800065,0.45,0.45
fig4_immune_onset,970.0,10.0,,24.123711340206185,2,66,736.0,2026800066,0.45,0.45
fig4_immune_onset,651.0,10.0,,42.3963133640553,2,67,375.0,2026800067,0.45,0.45
fig4_immune_onset,550.0,10.0,,29.454545454545453,2,68,388.0,2026800068,0.45,0.45
fig4_immune_onset,698.0,10.0,,19.91404011461318,2,69,559.0,2026800069,0.45,0.45
fig4_immune_onset,664.0,10.0,,21.686746987951807,2,70,520.0,2026800070,0.45,0.45
fig4_immune_onset,924.0,10.0,,34.523809523809526,2,71,605.0,2026800071,0.45,0.45
fig4_immune_onset,1057.0,10.0,,40.2081362346263,2,72,632.0,2026800072,0.45,0.45
fig4_immune_onset,905.0000000000001,10.0,,36.90607734806631,2,73,571.0,2026800073,0.45,0.45
fig4_immune_onset,915.0,10.0,,20.546448087431695,2,74,727.0,2026800074,0.45,0.45
fig4_immune_onset,919.0,10.0,,40.91403699673558,2,75,543.0,2026800075,0.45,0.45
fig4_immune_onset,888.0000000000001,10.0,,13.175675675675686,2,76,771.0,2026800076,0.45,0.45
fig4_immune_onset,683.0,10.0,,20.644216691068813,2,77,542.0,2026800077,0.45,0.45
fig4_immune_onset,978.0,10.0,,43.353783231083845,2,78,554.0,2026800078,0.45,0.45
fig4_immune_onset,966.0,10.0,,26.91511387163561,2,79,706.0,2026800079,0.45,0.45
fig4_immune_onset,1100.0,10.0,,12.272727272727263,2,80,965.0000000000001,2026800080,0.45,0.45
fig4_immune_onset,767.0,10.0,,17.86179921773142,2,81,630.0,2026800081,0.45,0.45
fig4_immune_onset,1042.0,10.0,,22.072936660268713,2,82,812.0,2026800082,0.45,0.45
fig4_immune_onset,1065.0,10.0,,34.08450704225352,2,83,702.0,2026800083,0.45,0.45
fig4_immune_onset,704.0,10.0,,17.613636363636363,2,84,580.0,2026800084,0.45,0.45
fig4_immune_onset,954.0,10.0,,37.21174004192872,2,85,599.0,2026800085,0.45,0.45
fig4_immune_onset,868.0,10.0,,22.92626728110599,2,86,669.0,2026800086,0.45,0.45
fig4_immune_onset,844.0,10.0,,38.981042654028435,2,87,515.0,2026800087,0.45,0.45
fig4_immune_onset,1020.0000000000001,10.0,,33.43137254901962,2,88,679.0,2026800088,0.45,0.45
fig4_immune_onset,894.0,10.0,,21.812080536912752,2,89,699.0,2026800089,0.45,0.45
fig4_immune_onset,1100.0,10.0,,35.45454545454545,2,90,710.0,2026800090,0.45,0.45
fig4_immune_onset,614.0,10.0,,28.0130293159609,2,91,442.00000000000006,2026800091,0.45,0.45
fig4_immune_onset,851.0,10.0,,6.462984723854289,2,92,796.0,2026800092,0.45,0.45
fig4_immune_onset,718.0,10.0,,13.50974930362117,2,93,621.0,2026800093,0.45,0.45
fig4_immune_onset,958.0,10.0,,32.5678496868476,2,94,646.0,2026800094,0.45,0.45
fig4_immune_onset,972.0,10.0,,34.97942386831276,2,95,632.0,2026800095,0.45,0.45
fig4_immune_onset,974.0,10.0,,44.558521560574945,2,96,540.0,2026800096,0.45,0.45
fig4_immune_onset,652.0,10.0,,27.300613496932502,2,97,474.00000000000006,2026800097,0.45,0.45
fig4_immune_onset,909.0000000000001,10.0,,27.502750275027513,2,98,659.0,2026800098,0.45,0.45
fig4_immune_onset,923.0,10.0,,29.469122426868907,2,99,651.0,2026800099,0.45,0.45
fig4_immune_onset,1023.0,10.0,,23.16715542521993,2,100,786.0000000000001,2026800100,0.45,0.45
fig4_immune_onset,1200.0,10.0,,29.0,2,101,852.0,2026800101,0.45,0.45
fig4_immune_onset,863.0,10.0,,25.492468134414832,2,102,643.0,2026800102,0.45,0.45
fig4_immune_onset,860.0,10.0,,33.02325581395349,2,103,576.0,2026800103,0.45,0.45
fig4_immune_onset,624.0,10.0,,9.935897435897436,2,104,562.0,2026800104,0.45,0.45
fig4_immune_onset,560.0,10.0,,16.785714285714285,2,105,466.0,2026800105,0.45,0.45
fig4_immune_onset,1000.0,10.0,,26.5,2,106,735.0,2026800106,0.45,0.45
fig4_immune_onset,952.0000000000001,10.0,,29.726890756302527,2,107,669.0,2026800107,0.45,0.45
fig4_immune_onset,710.0,10.0,,32.67605633802816,2,108,478.00000000000006,2026800108,0.45,0.45
fig4_immune_onset,649.0,10.0,,12.942989214175656,2,109,565.0,2026800109,0.45,0.45
fig4_immune_onset,831.9999999999999,10.0,,29.447115384615376,2,110,587.0,2026800110,0.45,0.45
fig4_immune_onset,1064.0,10.0,,36.090225563909776,2,111,680.0,2026800111,0.45,0.45
fig4_immune_onset,536.0,10.0,,12.126865671641792,2,112,471.0,2026800112,0.45,0.45
fig4_immune_onset,801.0,10.0,,30.087390761548065,2,113,560.0,2026800113,0.45,0.45
fig4_immune_onset,906.0,10.0,,15.45253863134658,2,114,766.0,2026800114,0.45,0.45
fig4_immune_onset,868.0,10.0,,16.359447004608295,2,115,726.0,2026800115,0.45,0.45
fig4_immune_onset,756.0,10.0,,26.322751322751323,2,116,557.0,2026800116,0.45,0.45
fig4_immune_onset,678.0,10.0,,12.094395280235988,2,117,596.0,2026800117,0.45,0.45
fig4_immune_onset,716.0,10.0,,15.223463687150838,2,118,607.0,2026800118,0.45,0.45
fig4_immune_onset,916.9999999999999,10.0,,8.178844056706641,2,119,842.0,2026800119,0.45,0.45
fig4_immune_onset,880.0,10.0,,22.954545454545453,2,120,678.0,2026800120,0.45,0.45
fig4_immune_onset,810.9999999999999,10.0,,24.66091245376078,2,121,611.0,2026800121,0.45,0.45
fig4_immune_onset,891.0,10.0,,19.19191919191919,2,122,720.0,2026800122,0.45,0.45
fig4_immune_onset,1091.0,10.0,,43.35472043996334,2,123,618.0,2026800123,0.45,0.45
fig4_immune_onset,780.0,10.0,,1.2820512820512822,2,124,770.0,2026800124,0.45,0.45
fig4_immune_onset,716.0,10.0,,19.41340782122905,2,125,577.0,2026800125,0.45,0.45
fig4_immune_onset,1014.9999999999999,10.0,,32.41379310344826,2,126,686.0,2026800126,0.45,0.45
fig4_immune_onset,921.0,10.0,,23.887079261672095,2,127,701.0,2026800127,0.45,0.45
fig4_immune_onset,1055.0,10.0,,32.22748815165877,2,128,715.0,2026800128,0.45,0.45
fig4_immune_onset,814.0,10.0,,35.62653562653563,2,129,524.0,2026800129,0.45,0.45
fig4_immune_onset,1225.0,10.0,,46.69387755102041,2,130,653.0,2026800130,0.45,0.45
fig4_immune_onset,850.0000000000001,10.0,,44.23529411764706,2,131,474.00000000000006,2026800131,0.45,0.45
fig4_immune_onset,1070.0,10.0,,17.009345794392512,2,132,888.0000000000001,2026800132,0.45,0.45
fig4_immune_onset,946.0,10.0,,26.109936575052853,2,133,699.0,2026800133,0.45,0.45
fig4_immune_onset,553.0,10.0,,22.965641952983724,2,134,426.0,2026800134,0.45,0.45
fig4_immune_onset,674.0,10.0,,10.089020771513352,2,135,606.0,2026800135,0.45,0.45
fig4_immune_onset,760.0,10.0,,36.71052631578947,2,136,481.0,2026800136,0.45,0.45
fig4_immune_onset,658.0,10.0,,8.206686930091186,2,137,604.0,2026800137,0.45,0.45
fig4_immune_onset,834.0,10.0,,28.177458033573142,2,138,599.0,2026800138,0.45,0.45
fig4_immune_onset,741.0,10.0,,35.08771929824562,2,139,481.0,2026800139,0.45,0.45
fig4_immune_onset,758.0,10.0,,8.575197889182059,2,140,693.0,2026800140,0.45,0.45
fig4_immune_onset,894.0,10.0,,15.548098434004475,2,141,755.0,2026800141,0.45,0.45
fig4_immune_onset,1366.0,10.0,,28.404099560761345,2,142,978.0,2026800142,0.45,0.45
fig4_immune_onset,925.0,10.0,,13.513513513513514,2,143,800.0,2026800143,0.45,0.45
fig4_immune_onset,640.0,10.0,,13.75,2,144,552.0,2026800144,0.45,0.45
fig4_immune_onset,876.0,10.0,,27.28310502283105,2,145,637.0,2026800145,0.45,0.45
fig4_immune_onset,769.0,10.0,,37.97139141742523,2,146,477.0,2026800146,0.45,0.45
fig4_immune_onset,1023.0,10.0,,27.174975562072337,2,147,745.0,2026800147,0.45,0.45
fig4_immune_onset,814.0,10.0,,24.078624078624077,2,148,618.0,2026800148,0.45,0.45
fig4_immune_onset,796.0,10.0,,18.969849246231156,2,149,645.0,2026800149,0.45,0.45
fig4_immune_onset,1096.0,10.0,,27.463503649635037,2,150,795.0,2026800150,0.45,0.45
fig4_immune_onset,923.0,10.0,,22.10184182015168,2,151,719.0,2026800151,0.45,0.45
fig4_immune_onset,584.0,10.0,,25.34246575342466,2,152,436.0,2026800152,0.45,0.45
fig4_immune_onset,764.0,10.0,,32.59162303664922,2,153,515.0,2026800153,0.45,0.45
fig4_immune_onset,854.0000000000001,10.0,,30.796252927400477,2,154,591.0,2026800154,0.45,0.45
fig4_immune_onset,758.0,10.0,,26.91292875989446,2,155,554.0,2026800155,0.45,0.45
fig4_immune_onset,1158.0,10.0,,27.54749568221071,2,156,839.0,2026800156,0.45,0.45
fig4_immune_onset,1040.0,10.0,,25.384615384615383,2,157,776.0,2026800157,0.45,0.45
fig4_immune_onset,886.0,10.0,,32.84424379232506,2,158,595.0,2026800158,0.45,0.45
fig4_immune_onset,593.0,10.0,,18.21247892074199,2,159,485.0,2026800159,0.45,0.45
fig4_immune_onset,532.0,10.0,,6.015037593984962,2,160,500.0,2026800160,0.45,0.45
fig4_immune_onset,1010.0,10.0,,24.85148514851485,2,161,759.0,2026800161,0.45,0.45
fig4_immune_onset,1102.0,10.0,,37.93103448275862,2,162,684.0,2026800162,0.45,0.45
fig4_immune_onset,567.0,10.0,,12.16931216931217,2,163,498.0,2026800163,0.45,0.45
fig4_immune_onset,716.0,10.0,,20.670391061452513,2,164,568.0,2026800164,0.45,0.45
fig4_immune_onset,566.0,10.0,,37.985865724381625,2,165,351.0,2026800165,0.45,0.45
fig4_immune_onset,563.0,10.0,,25.57726465364121,2,166,419.0,2026800166,0.45,0.45
fig4_immune_onset,801.9999999999999,10.0,,26.932668329177048,2,167,586.0,2026800167,0.45,0.45
fig4_immune_onset,898.0,10.0,,26.948775055679288,2,168,656.0,2026800168,0.45,0.45
fig4_immune_onset,1082.0,10.0,,38.632162661737524,2,169,664.0,2026800169,0.45,0.45
fig4_immune_onset,646.0,10.0,,28.173374613003094,2,170,464.0,2026800170,0.45,0.45
fig4_immune_onset,967.0,10.0,,25.43950361944157,2,171,721.0,2026800171,0.45,0.45
fig4_immune_onset,1365.0,10.0,,48.64468864468864,2,172,701.0,2026800172,0.45,0.45
fig4_immune_onset,792.0,10.0,,26.641414141414142,2,173,581.0,2026800173,0.45,0.45
fig4_immune_onset,685.0,10.0,,17.51824817518248,2,174,565.0,2026800174,0.45,0.45
fig4_immune_onset,1113.0,10.0,,24.07906558849956,2,175,844.9999999999999,2026800175,0.45,0.45
fig4_immune_onset,1009.0,10.0,,28.047571853320118,2,176,726.0,2026800176,0.45,0.45
fig4_immune_onset,750.0,10.0,,49.6,2,177,378.0,2026800177,0.45,0.45
fig4_immune_onset,805.0,10.0,,25.341614906832298,2,178,601.0,2026800178,0.45,0.45
fig4_immune_onset,684.0,10.0,,7.456140350877193,2,179,633.0,2026800179,0.45,0.45
fig4_immune_onset,885.0,10.0,,22.598870056497177,2,180,685.0,2026800180,0.45,0.45
fig4_immune_onset,705.0,10.0,,43.829787234042556,2,181,396.0,2026800181,0.45,0.45
fig4_immune_onset,1118.0,10.0,,45.88550983899821,2,182,605.0,2026800182,0.45,0.45
fig4_immune_onset,553.0,10.0,,37.79385171790235,2,183,344.0,2026800183,0.45,0.45
fig4_immune_onset,604.0,10.0,,21.688741721854306,2,184,473.0,2026800184,0.45,0.45
fig4_immune_onset,814.0,10.0,,39.18918918918918,2,185,495.00000000000006,2026800185,0.45,0.45
fig4_immune_onset,797.9999999999999,10.0,,23.182957393483697,2,186,613.0,2026800186,0.45,0.45
fig4_immune_onset,672.0,10.0,,34.22619047619047,2,187,442.00000000000006,2026800187,0.45,0.45
fig4_immune_onset,490.0,10.0,,15.102040816326541,2,188,415.99999999999994,2026800188,0.45,0.45
fig4_immune_onset,1013.0,10.0,,30.404738400789732,2,189,705.0,2026800189,0.45,0.45
fig4_immune_onset,769.0,10.0,,28.868660598179453,2,190,547.0,2026800190,0.45,0.45
fig4_immune_onset,878.9999999999999,10.0,,18.657565415244587,2,191,715.0,2026800191,0.45,0.45
fig4_immune_onset,743.0,10.0,,14.939434724091521,2,192,632.0,2026800192,0.45,0.45
fig4_immune_onset,716.0,10.0,,6.284916201117318,2,193,671.0,2026800193,0.45,0.45
fig4_immune_onset,886.9999999999999,10.0,,18.714768883878232,2,194,721.0,2026800194,0.45,0.45
fig4_immune_onset,1067.0,10.0,,43.01780693533271,2,195,608.0,2026800195,0.45,0.45
fig4_immune_onset,799.0000000000001,10.0,,27.909887359199008,2,196,576.0,2026800196,0.45,0.45
fig4_immune_onset,892.0000000000001,10.0,,24.103139013452925,2,197,677.0,2026800197,0.45,0.45
fig4_immune_onset,733.0,10.0,,22.919508867667123,2,198,565.0,2026800198,0.45,0.45
fig4_immune_onset,983.0,10.0,,38.657171922685656,2,199,603.0,2026800199,0.45,0.45
fig4_immune_onset,1097.0,10.0,,40.838650865998176,2,200,649.0,2026800200,0.45,0.45
fig4_immune_onset,675.0,10.0,,34.81481481481482,2,201,440.0,2026800201,0.45,0.45
fig4_immune_onset,826.0,10.0,,21.912832929782084,2,202,645.0,2026800202,0.45,0.45
fig4_immune_onset,959.9999999999999,10.0,,11.041666666666645,2,203,854.0000000000001,2026800203,0.45,0.45
fig4_immune_onset,890.0,10.0,,15.730337078651685,2,204,750.0,2026800204,0.45,0.45
fig4_immune_onset,702.0,10.0,,5.84045584045584,2,205,661.0,2026800205,0.45,0.45
fig4_immune_onset,1091.0,10.0,,25.664527956003678,2,206,810.9999999999999,2026800206,0.45,0.45
fig4_immune_onset,756.0,10.0,,33.99470899470901,2,207,498.99999999999994,2026800207,0.45,0.45
fig4_immune_onset,813.0,10.0,,28.290282902829027,2,208,583.0,2026800208,0.45,0.45
fig4_immune_onset,869.9999999999999,10.0,,27.81609195402298,2,209,628.0,2026800209,0.45,0.45
fig4_immune_onset,748.0,10.0,,24.46524064171123,2,210,565.0,2026800210,0.45,0.45
fig4_immune_onset,1035.0,10.0,,29.855072463768117,2,211,726.0,2026800211,0.45,0.45
fig4_immune_onset,867.0000000000001,10.0,,26.41291810841985,2,212,638.0,2026800212,0.45,0.45
fig4_immune_onset,838.0,10.0,,36.87350835322196,2,213,529.0,2026800213,0.45,0.45
fig4_immune_onset,674.0,10.0,,10.089020771513352,2,214,606.0,2026800214,0.45,0.45
fig4_immune_onset,748.0,10.0,,30.3475935828877,2,215,521.0,2026800215,0.45,0.45
fig4_immune_onset,1053.0,10.0,,32.763532763532766,2,216,708.0,2026800216,0.45,0.45
fig4_immune_onset,946.0,10.0,,5.813953488372093,2,217,891.0,2026800217,0.45,0.45
fig4_immune_onset,838.0,10.0,,26.968973747016708,2,218,612.0,2026800218,0.45,0.45
fig4_immune_onset,1165.0,10.0,,36.82403433476395,2,219,736.0,2026800219,0.45,0.45
fig4_immune_onset,635.0,10.0,,7.086614173228346,2,220,590.0,2026800220,0.45,0.45
fig4_immune_onset,628.0,10.0,,33.12101910828026,2,221,420.0,2026800221,0.45,0.45
fig4_immune_onset,929.0,10.0,,18.083961248654468,2,222,761.0,2026800222,0.45,0.45
fig4_immune_onset,1162.0,10.0,,35.28399311531842,2,223,752.0,2026800223,0.45,0.45
fig4_immune_onset,1221.0,10.0,,37.01883701883702,2,224,769.0,2026800224,0.45,0.45
fig4_immune_onset,752.0,10.0,,21.143617021276597,2,225,593.0,2026800225,0.45,0.45
fig4_immune_onset,1206.0,10.0,,26.03648424543946,2,226,892.0000000000001,2026800226,0.45,0.45
fig4_immune_onset,865.0,10.0,,26.705202312138727,2,227,634.0,2026800227,0.45,0.45
fig4_immune_onset,942.9999999999999,10.0,,44.538706256627776,2,228,523.0,2026800228,0.45,0.45
fig4_immune_onset,780.0,10.0,,21.923076923076923,2,229,609.0,2026800229,0.45,0.45
fig4_immune_onset,996.0,10.0,,42.971887550200805,2,230,568.0,2026800230,0.45,0.45
fig4_immune_onset,792.0,10.0,,10.858585858585858,2,231,706.0,2026800231,0.45,0.45
fig4_immune_onset,963.0,10.0,,7.892004153686408,2,232,886.9999999999999,2026800232,0.45,0.45
fig4_immune_onset,984.0,10.0,,28.252032520325205,2,233,706.0,2026800233,0.45,0.45
fig4_immune_onset,1000.0,10.0,,30.0,2,234,700.0,2026800234,0.45,0.45
fig4_immune_onset,829.0,10.0,,23.16043425814234,2,235,637.0,2026800235,0.45,0.45
fig4_immune_onset,869.0,10.0,,15.880322209436134,2,236,731.0,2026800236,0.45,0.45
fig4_immune_onset,982.0000000000001,10.0,,17.617107942973533,2,237,809.0,2026800237,0.45,0.45
fig4_immune_onset,532.0,10.0,,12.781954887218046,2,238,464.0,2026800238,0.45,0.45
fig4_immune_onset,999.0000000000001,10.0,,32.23223223223224,2,239,677.0,2026800239,0.45,0.45
fig4_immune_onset,732.0,10.0,,25.683060109289617,2,240,544.0,2026800240,0.45,0.45
fig4_immune_onset,665.0,10.0,,28.721804511278183,2,241,474.00000000000006,2026800241,0.45,0.45
fig4_immune_onset,751.0,10.0,,13.182423435419441,2,242,652.0,2026800242,0.45,0.45
fig4_immune_onset,761.0,10.0,,5.387647831800263,2,243,720.0,2026800243,0.45,0.45
fig4_immune_onset,801.0,10.0,,24.344569288389515,2,244,606.0,2026800244,0.45,0.45
fig4_immune_onset,765.0,10.0,,26.405228758169933,2,245,563.0,2026800245,0.45,0.45
fig4_immune_onset,932.0,10.0,,13.51931330472103,2,246,806.0,2026800246,0.45,0.45
fig4_immune_onset,923.0,10.0,,15.601300108342361,2,247,779.0,2026800247,0.45,0.45
fig4_immune_onset,886.9999999999999,10.0,,14.768883878241253,2,248,756.0,2026800248,0.45,0.45
fig4_immune_onset,837.0000000000001,10.0,,28.79330943847074,2,249,596.0,2026800249,0.45,0.45
fig4_immune_onset,825.0,10.0,,36.96969696969697,2,250,520.0,2026800250,0.45,0.45
fig4_immune_onset,878.0,10.0,,32.91571753986332,2,251,589.0,2026800251,0.45,0.45
fig4_immune_onset,1017.0,10.0,,18.780727630285153,2,252,826.0,2026800252,0.45,0.45
fig4_immune_onset,966.0,10.0,,42.65010351966874,2,253,554.0,2026800253,0.45,0.45
fig4_immune_onset,959.9999999999999,10.0,,40.41666666666666,2,254,572.0,2026800254,0.45,0.45
fig4_immune_onset,530.0,10.0,,-8.30188679245283,2,255,574.0,2026800255,0.45,0.45
fig4_immune_onset,929.9999999999999,10.0,,9.999999999999977,2,256,837.0000000000001,2026800256,0.45,0.45
fig4_immune_onset,690.0,10.0,,3.4782608695652173,2,257,666.0,2026800257,0.45,0.45
fig4_immune_onset,576.0,10.0,,21.180555555555557,2,258,454.0,2026800258,0.45,0.45
fig4_immune_onset,1149.0,10.0,,36.29242819843342,2,259,732.0,2026800259,0.45,0.45
fig4_immune_onset,903.0,10.0,,23.145071982281284,2,260,694.0,2026800260,0.45,0.45
fig4_immune_onset,1155.0,10.0,,37.142857142857146,2,261,726.0,2026800261,0.45,0.45
fig4_immune_onset,685.0,10.0,,3.795620437956204,2,262,659.0,2026800262,0.45,0.45
fig4_immune_onset,770.0,10.0,,28.961038961038962,2,263,547.0,2026800263,0.45,0.45
fig4_immune_onset,726.0,10.0,,16.2534435261708,2,264,608.0,2026800264,0.45,0.45
fig4_immune_onset,958.0,10.0,,35.07306889352818,2,265,622.0,2026800265,0.45,0.45
fig4_immune_onset,1057.0,10.0,,35.8561967833491,2,266,678.0,2026800266,0.45,0.45
fig4_immune_onset,924.0,10.0,,29.545454545454547,2,267,651.0,2026800267,0.45,0.45
fig4_immune_onset,963.0,10.0,,38.42159916926272,2,268,593.0,2026800268,0.45,0.45
fig4_immune_onset,1031.0,10.0,,39.57322987390883,2,269,623.0,2026800269,0.45,0.45
fig4_immune_onset,1008.0,10.0,,33.432539682539684,2,270,671.0,2026800270,0.45,0.45
fig4_immune_onset,837.0000000000001,10.0,,59.73715651135007,2,271,337.0,2026800271,0.45,0.45
fig4_immune_onset,995.0,10.0,,23.417085427135678,2,272,762.0,2026800272,0.45,0.45
fig4_immune_onset,928.0,10.0,,51.077586206896555,2,273,454.0,2026800273,0.45,0.45
fig4_immune_onset,801.0,10.0,,20.59925093632959,2,274,636.0,2026800274,0.45,0.45
fig4_immune_onset,743.0,10.0,,33.378196500672935,2,275,495.00000000000006,2026800275,0.45,0.45
fig4_immune_onset,578.0,10.0,,32.17993079584775,2,276,392.0,2026800276,0.45,0.45
fig4_immune_onset,1016.0000000000001,10.0,,17.421259842519692,2,277,839.0,2026800277,0.45,0.45
fig4_immune_onset,521.0,10.0,,17.08253358925144,2,278,432.0,2026800278,0.45,0.45
fig4_immune_onset,1132.0,10.0,,33.303886925795055,2,279,755.0,2026800279,0.45,0.45
fig4_immune_onset,755.0,10.0,,32.58278145695364,2,280,509.0,2026800280,0.45,0.45
fig4_immune_onset,704.0,10.0,,34.09090909090909,2,281,464.0,2026800281,0.45,0.45
fig4_immune_onset,1136.0,10.0,,31.690140845070424,2,282,776.0,2026800282,0.45,0.45
fig4_immune_onset,976.9999999999999,10.0,,42.067553735926296,2,283,566.0,2026800283,0.45,0.45
fig4_immune_onset,965.0000000000001,10.0,,37.202072538860115,2,284,606.0,2026800284,0.45,0.45
fig4_immune_onset,984.0,10.0,,35.8739837398374,2,285,631.0,2026800285,0.45,0.45
fig4_immune_onset,826.0,10.0,,21.670702179176754,2,286,647.0,2026800286,0.45,0.45
fig4_immune_onset,686.0,10.0,,11.807580174927114,2,287,605.0,2026800287,0.45,0.45
fig4_immune_onset,1124.0,10.0,,20.01779359430605,2,288,899.0,2026800288,0.45,0.45
fig4_immune_onset,768.0,10.0,,15.364583333333334,2,289,650.0,2026800289,0.45,0.45
fig4_immune_onset,745.0,10.0,,12.751677852348994,2,290,650.0,2026800290,0.45,0.45
fig4_immune_onset,701.0,10.0,,26.8188302425107,2,291,513.0,2026800291,0.45,0.45
fig4_immune_onset,702.0,10.0,,23.504273504273506,2,292,537.0,2026800292,0.45,0.45
fig4_immune_onset,810.0,10.0,,39.75308641975309,2,293,488.0,2026800293,0.45,0.45
fig4_immune_onset,1066.0,10.0,,30.675422138836772,2,294,739.0,2026800294,0.45,0.45
fig4_immune_onset,1026.0,10.0,,30.70175438596491,2,295,711.0,2026800295,0.45,0.45
fig4_immune_onset,653.0,10.0,,41.96018376722818,2,296,379.0,2026800296,0.45,0.45
fig4_immune_onset,957.0,10.0,,13.688610240334379,2,297,826.0,2026800297,0.45,0.45
fig4_immune_onset,782.0,10.0,,22.25063938618926,2,298,608.0,2026800298,0.45,0.45
fig4_immune_onset,1296.0,10.0,,24.614197530864207,2,299,976.9999999999999,2026800299,0.45,0.45
fig4_immune_onset,882.0,10.0,,32.87981859410431,2,300,592.0,2026800300,0.45,0.45
fig4_immune_onset,602.0,10.0,,17.940199335548172,2,301,494.0,2026800301,0.45,0.45
fig4_immune_onset,660.0,10.0,,16.060606060606062,2,302,554.0,2026800302,0.45,0.45
fig4_immune_onset,1350.0,10.0,,37.25925925925926,2,303,847.0,2026800303,0.45,0.45
fig4_immune_onset,648.0,10.0,,41.04938271604938,2,304,382.0,2026800304,0.45,0.45
fig4_immune_onset,751.0,10.0,,3.195739014647137,2,305,727.0,2026800305,0.45,0.45
fig4_immune_onset,933.0,10.0,,27.759914255091104,2,306,674.0,2026800306,0.45,0.45
fig4_immune_onset,590.0,10.0,,27.45762711864407,2,307,428.0,2026800307,0.45,0.45
fig4_immune_onset,568.0,10.0,,37.852112676056336,2,308,353.0,2026800308,0.45,0.45
fig4_immune_onset,1160.0,10.0,,46.724137931034484,2,309,618.0,2026800309,0.45,0.45
fig4_immune_onset,614.0,10.0,,21.172638436482092,2,310,483.99999999999994,2026800310,0.45,0.45
fig4_immune_onset,840.0,10.0,,17.738095238095237,2,311,691.0,2026800311,0.45,0.45
fig4_immune_onset,1000.0,10.0,,35.0,2,312,650.0,2026800312,0.45,0.45
fig4_immune_onset,852.0,10.0,,19.131455399061032,2,313,689.0,2026800313,0.45,0.45
fig4_immune_onset,606.0,10.0,,23.102310231023104,2,314,466.0,2026800314,0.45,0.45
fig4_immune_onset,961.0,10.0,,25.598335067637876,2,315,715.0,2026800315,0.45,0.45
fig4_immune_onset,936.0,10.0,,20.61965811965812,2,316,743.0,2026800316,0.45,0.45
fig4_immune_onset,639.0,10.0,,18.779342723004696,2,317,519.0,2026800317,0.45,0.45
fig4_immune_onset,901.0000000000001,10.0,,28.96781354051055,2,318,640.0,2026800318,0.45,0.45
fig4_immune_onset,854.0000000000001,10.0,,35.480093676814995,2,319,551.0,2026800319,0.45,0.45
fig4_immune_onset,712.0,10.0,,38.48314606741573,2,320,438.0,2026800320,0.45,0.45
fig4_immune_onset,932.0,10.0,,14.699570815450643,2,321,795.0,2026800321,0.45,0.45
fig4_immune_onset,661.0,10.0,,27.98789712556731,2,322,476.00000000000006,2026800322,0.45,0.45
fig4_immune_onset,639.0,10.0,,33.95931142410016,2,323,422.0,2026800323,0.45,0.45
fig4_immune_onset,989.0,10.0,,31.64812942366026,2,324,676.0,2026800324,0.45,0.45
fig4_immune_onset,795.0,10.0,,19.245283018867923,2,325,642.0,2026800325,0.45,0.45
fig4_immune_onset,844.9999999999999,10.0,,27.692307692307683,2,326,611.0,2026800326,0.45,0.45
fig4_immune_onset,779.0,10.0,,30.166880616174584,2,327,544.0,2026800327,0.45,0.45
fig4_immune_onset,601.0,10.0,,10.482529118136439,2,328,538.0,2026800328,0.45,0.45
fig4_immune_onset,488.0,10.0,,24.18032786885246,2,329,370.0,2026800329,0.45,0.45
fig4_immune_onset,818.0,10.0,,18.09290953545232,2,330,670.0,2026800330,0.45,0.45
fig4_immune_onset,545.0,10.0,,20.0,2,331,436.0,2026800331,0.45,0.45
fig4_immune_onset,762.0,10.0,,21.916010498687665,2,332,595.0,2026800332,0.45,0.45
fig4_immune_onset,859.0,10.0,,29.220023282887077,2,333,608.0,2026800333,0.45,0.45
fig4_immune_onset,983.0,10.0,,-0.8138351983723296,2,334,991.0,2026800334,0.45,0.45
fig4_immune_onset,1034.0,10.0,,33.849129593810446,2,335,684.0,2026800335,0.45,0.45
fig4_immune_onset,928.0,10.0,,20.689655172413794,2,336,736.0,2026800336,0.45,0.45
fig4_immune_onset,929.0,10.0,,40.58127018299246,2,337,552.0,2026800337,0.45,0.45
fig4_immune_onset,1076.0,10.0,,24.907063197026023,2,338,808.0,2026800338,0.45,0.45
fig4_immune_onset,708.0,10.0,,28.954802259887007,2,339,503.0,2026800339,0.45,0.45
fig4_immune_onset,801.0,10.0,,15.230961298377029,2,340,679.0,2026800340,0.45,0.45
fig4_immune_onset,772.0,10.0,,18.264248704663213,2,341,631.0,2026800341,0.45,0.45
fig4_immune_onset,1072.0,10.0,,29.011194029850746,2,342,761.0,2026800342,0.45,0.45
fig4_immune_onset,764.0,10.0,,32.32984293193717,2,343,517.0,2026800343,0.45,0.45
fig4_immune_onset,928.0,10.0,,29.094827586206897,2,344,658.0,2026800344,0.45,0.45
fig4_immune_onset,1039.0,10.0,,39.17228103946102,2,345,632.0,2026800345,0.45,0.45
fig4_immune_onset,874.0,10.0,,46.109839816933636,2,346,471.0,2026800346,0.45,0.45
fig4_immune_onset,957.0,10.0,,18.91327063740857,2,347,776.0,2026800347,0.45,0.45
fig4_immune_onset,827.9999999999999,10.0,,19.685990338164242,2,348,665.0,2026800348,0.45,0.45
fig4_immune_onset,521.0,10.0,,3.071017274472169,2,349,505.0,2026800349,0.45,0.45
fig4_immune_onset,710.0,10.0,,26.338028169014084,2,350,523.0,2026800350,0.45,0.45
fig4_immune_onset,777.0,10.0,,21.492921492921493,2,351,610.0,2026800351,0.45,0.45
fig4_immune_onset,1250.0,10.0,,38.72,2,352,766.0,2026800352,0.45,0.45
fig4_immune_onset,1150.0,10.0,,34.95652173913044,2,353,748.0,2026800353,0.45,0.45
fig4_immune_onset,897.0,10.0,,40.13377926421405,2,354,537.0,2026800354,0.45,0.45
fig4_immune_onset,1112.0,10.0,,34.35251798561151,2,355,730.0,2026800355,0.45,0.45
fig4_immune_onset,564.0,10.0,,18.26241134751772,2,356,461.00000000000006,2026800356,0.45,0.45
fig4_immune_onset,587.0,10.0,,25.55366269165247,2,357,437.0,2026800357,0.45,0.45
fig4_immune_onset,784.0,10.0,,13.010204081632653,2,358,682.0,2026800358,0.45,0.45
fig4_immune_onset,1117.0,10.0,,29.632945389435978,2,359,786.0000000000001,2026800359,0.45,0.45
fig4_immune_onset,684.0,10.0,,15.64327485380117,2,360,577.0,2026800360,0.45,0.45
fig4_immune_onset,634.0,10.0,,23.65930599369086,2,361,483.99999999999994,2026800361,0.45,0.45
fig4_immune_onset,864.0,10.0,,36.226851851851855,2,362,551.0,2026800362,0.45,0.45
fig4_immune_onset,1131.0,10.0,,33.06808134394341,2,363,757.0,2026800363,0.45,0.45
fig4_immune_onset,702.0,10.0,,16.951566951566953,2,364,583.0,2026800364,0.45,0.45
fig4_immune_onset,1078.0,10.0,,11.50278293135436,2,365,954.0,2026800365,0.45,0.45
fig4_immune_onset,854.0000000000001,10.0,,27.40046838407495,2,366,620.0,2026800366,0.45,0.45
fig4_immune_onset,799.0000000000001,10.0,,29.036295369211523,2,367,567.0,2026800367,0.45,0.45
fig4_immune_onset,957.0,10.0,,22.675026123301986,2,368,740.0,2026800368,0.45,0.45
fig4_immune_onset,1123.0,10.0,,35.17364203027605,2,369,728.0,2026800369,0.45,0.45
fig4_immune_onset,590.0,10.0,,-28.64406779661017,2,370,759.0,2026800370,0.45,0.45
fig4_immune_onset,1334.0,10.0,,20.539730134932533,2,371,1060.0,2026800371,0.45,0.45
fig4_immune_onset,851.0,10.0,,33.13748531139836,2,372,569.0,2026800372,0.45,0.45
fig4_immune_onset,619.0,10.0,,26.65589660743134,2,373,454.0,2026800373,0.45,0.45
fig4_immune_onset,702.0,10.0,,-2.5641025641025643,2,374,720.0,2026800374,0.45,0.45
fig4_immune_onset,796.0,10.0,,19.09547738693467,2,375,644.0,2026800375,0.45,0.45
fig4_immune_onset,859.0,10.0,,16.41443538998836,2,376,718.0,2026800376,0.45,0.45
fig4_immune_onset,961.0,10.0,,16.857440166493223,2,377,799.0000000000001,2026800377,0.45,0.45
fig4_immune_onset,875.0000000000001,10.0,,11.771428571428583,2,378,772.0,2026800378,0.45,0.45
fig4_immune_onset,889.0,10.0,,24.85939257592801,2,379,668.0,2026800379,0.45,0.45
fig4_immune_onset,956.0000000000001,10.0,,34.93723849372386,2,380,622.0,2026800380,0.45,0.45
fig4_immune_onset,945.0,10.0,,26.87830687830688,2,381,691.0,2026800381,0.45,0.45
fig4_immune_onset,809.0,10.0,,34.9814585908529,2,382,526.0,2026800382,0.45,0.45
fig4_immune_onset,778.0,10.0,,28.40616966580977,2,383,557.0,2026800383,0.45,0.45
fig4_immune_onset,686.0,10.0,,23.760932944606413,2,384,523.0,2026800384,0.45,0.45
fig4_immune_onset,679.0,10.0,,1.914580265095729,2,385,666.0,2026800385,0.45,0.45
fig4_immune_onset,967.9999999999999,10.0,,31.095041322314042,2,386,667.0,2026800386,0.45,0.45
fig4_immune_onset,820.0000000000001,10.0,,24.390243902439035,2,387,620.0,2026800387,0.45,0.45
fig4_immune_onset,604.0,10.0,,4.470198675496689,2,388,577.0,2026800388,0.45,0.45
fig4_immune_onset,1088.0,10.0,,26.19485294117646,2,389,803.0000000000001,2026800389,0.45,0.45
fig4_immune_onset,483.99999999999994,10.0,,15.9090909090909,2,390,407.0,2026800390,0.45,0.45
fig4_immune_onset,813.0,10.0,,27.30627306273063,2,391,591.0,2026800391,0.45,0.45
fig4_immune_onset,1118.0,10.0,,17.262969588550984,2,392,925.0,2026800392,0.45,0.45
fig4_immune_onset,1221.0,10.0,,24.16052416052417,2,393,925.9999999999999,2026800393,0.45,0.45
fig4_immune_onset,872.0,10.0,,39.44954128440367,2,394,528.0,2026800394,0.45,0.45
fig4_immune_onset,791.0,10.0,,17.06700379266751,2,395,656.0,2026800395,0.45,0.45
fig4_immune_onset,755.0,10.0,,25.827814569536425,2,396,560.0,2026800396,0.45,0.45
fig4_immune_onset,681.0,10.0,,35.5359765051395,2,397,439.0,2026800397,0.45,0.45
fig4_immune_onset,1042.0,10.0,,8.925143953934741,2,398,949.0,2026800398,0.45,0.45
fig4_immune_onset,899.9999999999999,10.0,,20.777777777777768,2,399,713.0,2026800399,0.45,0.45
fig4_immune_onset,1149.0,10.0,,39.59965187119234,2,400,694.0,2026800400,0.45,0.45
fig4_immune_onset,877.0,10.0,,14.937286202964652,2,401,746.0,2026800401,0.45,0.45
fig4_immune_onset,959.9999999999999,10.0,,34.47916666666666,2,402,629.0,2026800402,0.45,0.45
fig4_immune_onset,949.0,10.0,,45.8377239199157,2,403,514.0,2026800403,0.45,0.45
fig4_immune_onset,727.0,10.0,,40.02751031636864,2,404,436.0,2026800404,0.45,0.45
fig4_immune_onset,805.0,10.0,,28.4472049689441,2,405,576.0,2026800405,0.45,0.45
fig4_immune_onset,956.0000000000001,10.0,,34.2050209205021,2,406,629.0,2026800406,0.45,0.45
fig4_immune_onset,650.0,10.0,,26.0,2,407,481.0,2026800407,0.45,0.45
fig4_immune_onset,646.0,10.0,,28.173374613003094,2,408,464.0,2026800408,0.45,0.45
fig4_immune_onset,899.0,10.0,,44.271412680756406,2,409,500.99999999999994,2026800409,0.45,0.45
fig4_immune_onset,1066.0,10.0,,-5.065666041275797,2,410,1120.0,2026800410,0.45,0.45
fig4_immune_onset,774.0,10.0,,19.767441860465116,2,411,621.0,2026800411,0.45,0.45
fig4_immune_onset,580.0,10.0,,31.551724137931046,2,412,396.99999999999994,2026800412,0.45,0.45
fig4_immune_onset,922.0000000000001,10.0,,23.86117136659437,2,413,702.0,2026800413,0.45,0.45
fig4_immune_onset,842.0,10.0,,26.60332541567696,2,414,618.0,2026800414,0.45,0.45
fig4_immune_onset,792.0,10.0,,31.944444444444443,2,415,539.0,2026800415,0.45,0.45
fig4_immune_onset,872.0,10.0,,33.830275229357795,2,416,577.0,2026800416,0.45,0.45
fig4_immune_onset,860.0,10.0,,22.093023255813954,2,417,670.0,2026800417,0.45,0.45
fig4_immune_onset,1013.0,10.0,,4.343534057255665,2,418,969.0000000000001,2026800418,0.45,0.45
fig4_immune_onset,1010.9999999999999,10.0,,16.023738872403563,2,419,848.9999999999999,2026800419,0.45,0.45
fig4_immune_onset,874.0,10.0,,48.28375286041191,2,420,451.99999999999994,2026800420,0.45,0.45
fig4_immune_onset,668.0,10.0,,20.808383233532933,2,421,529.0,2026800421,0.45,0.45
fig4_immune_onset,871.0000000000001,10.0,,25.832376578645246,2,422,646.0,2026800422,0.45,0.45
fig4_immune_onset,954.0,10.0,,31.132075471698112,2,423,657.0,2026800423,0.45,0.45
fig4_immune_onset,731.0,10.0,,33.515731874145004,2,424,486.0,2026800424,0.45,0.45
fig4_immune_onset,797.0,10.0,,32.622333751568384,2,425,537.0,2026800425,0.45,0.45
fig4_immune_onset,634.0,10.0,,12.145110410094638,2,426,557.0,2026800426,0.45,0.45
fig4_immune_onset,881.0,10.0,,29.28490351872872,2,427,623.0,2026800427,0.45,0.45
fig4_immune_onset,909.0000000000001,10.0,,26.07260726072608,2,428,672.0,2026800428,0.45,0.45
fig4_immune_onset,780.0,10.0,,36.025641025641036,2,429,498.99999999999994,2026800429,0.45,0.45
fig4_immune_onset,632.0,10.0,,4.272151898734177,2,430,605.0,2026800430,0.45,0.45
fig4_immune_onset,850.0000000000001,10.0,,40.235294117647065,2,431,508.00000000000006,2026800431,0.45,0.45
fig4_immune_onset,1152.0,10.0,,22.65625,2,432,891.0,2026800432,0.45,0.45
fig4_immune_onset,1119.0,10.0,,25.20107238605897,2,433,837.0000000000001,2026800433,0.45,0.45
fig4_immune_onset,756.0,10.0,,23.677248677248677,2,434,577.0,2026800434,0.45,0.45
fig4_immune_onset,1216.0,10.0,,45.9703947368421,2,435,657.0,2026800435,0.45,0.45
fig4_immune_onset,949.0,10.0,,36.986301369863014,2,436,598.0,2026800436,0.45,0.45
fig4_immune_onset,1144.0,10.0,,26.04895104895105,2,437,846.0,2026800437,0.45,0.45
fig4_immune_onset,612.0,10.0,,37.58169934640523,2,438,382.0,2026800438,0.45,0.45
fig4_immune_onset,727.0,10.0,,21.8707015130674,2,439,568.0,2026800439,0.45,0.45
fig4_immune_onset,854.0000000000001,10.0,,35.59718969555036,2,440,550.0,2026800440,0.45,0.45
fig4_immune_onset,880.0,10.0,,22.15909090909091,2,441,685.0,2026800441,0.45,0.45
fig4_immune_onset,821.0,10.0,,34.348355663824606,2,442,539.0,2026800442,0.45,0.45
fig4_immune_onset,863.0,10.0,,22.363847045191193,2,443,670.0,2026800443,0.45,0.45
fig4_immune_onset,837.0000000000001,10.0,,27.240143369175637,2,444,609.0,2026800444,0.45,0.45
fig4_immune_onset,805.0,10.0,,25.341614906832298,2,445,601.0,2026800445,0.45,0.45
fig4_immune_onset,1021.0,10.0,,29.18707149853085,2,446,723.0,2026800446,0.45,0.45
fig4_immune_onset,745.0,10.0,,48.18791946308725,2,447,386.0,2026800447,0.45,0.45
fig4_immune_onset,772.0,10.0,,6.865284974093265,2,448,719.0,2026800448,0.45,0.45
fig4_immune_onset,741.0,10.0,,44.66936572199729,2,449,410.00000000000006,2026800449,0.45,0.45
fig4_immune_onset,921.0,10.0,,24.321389793702497,2,450,697.0,2026800450,0.45,0.45
fig4_immune_onset,897.0,10.0,,29.31995540691193,2,451,634.0,2026800451,0.45,0.45
fig4_immune_onset,1053.0,10.0,,21.937321937321936,2,452,822.0,2026800452,0.45,0.45
fig4_immune_onset,464.99999999999994,10.0,,8.602150537634385,2,453,425.00000000000006,2026800453,0.45,0.45
fig4_immune_onset,789.0,10.0,,14.32192648922687,2,454,676.0,2026800454,0.45,0.45
fig4_immune_onset,581.0,10.0,,18.76075731497418,2,455,472.0,2026800455,0.45,0.45
fig4_immune_onset,637.0,10.0,,9.105180533751962,2,456,579.0,2026800456,0.45,0.45
fig4_immune_onset,850.0000000000001,10.0,,42.70588235294119,2,457,487.0,2026800457,0.45,0.45
fig4_immune_onset,829.0,10.0,,26.537997587454765,2,458,609.0,2026800458,0.45,0.45
fig4_immune_onset,1065.0,10.0,,39.624413145539904,2,459,643.0,2026800459,0.45,0.45
fig4_immune_onset,844.0,10.0,,15.52132701421801,2,460,713.0,2026800460,0.45,0.45
fig4_immune_onset,676.0,10.0,,19.08284023668639,2,461,547.0,2026800461,0.45,0.45
fig4_immune_onset,1291.0,10.0,,30.441518202943456,2,462,898.0,2026800462,0.45,0.45
fig4_immune_onset,912.9999999999999,10.0,,39.7590361445783,2,463,550.0,2026800463,0.45,0.45
fig4_immune_onset,598.0,10.0,,34.61538461538461,2,464,391.0,2026800464,0.45,0.45
fig4_immune_onset,1146.0,10.0,,31.413612565445014,2,465,786.0000000000001,2026800465,0.45,0.45
fig4_immune_onset,625.0,10.0,,5.6,2,466,590.0,2026800466,0.45,0.45
fig4_immune_onset,814.9999999999999,10.0,,30.30674846625766,2,467,568.0,2026800467,0.45,0.45
fig4_immune_onset,899.9999999999999,10.0,,24.777777777777768,2,468,677.0,2026800468,0.45,0.45
fig4_immune_onset,710.0,10.0,,21.549295774647888,2,469,557.0,2026800469,0.45,0.45
fig4_immune_onset,978.0,10.0,,24.744376278118608,2,470,736.0,2026800470,0.45,0.45
fig4_immune_onset,600.0,10.0,,32.5,2,471,405.0,2026800471,0.45,0.45
fig4_immune_onset,544.0,10.0,,0.9191176470588235,2,472,539.0,2026800472,0.45,0.45
fig4_immune_onset,586.0,10.0,,25.59726962457338,2,473,436.0,2026800473,0.45,0.45
fig4_immune_onset,823.0,10.0,,35.11543134872418,2,474,534.0,2026800474,0.45,0.45
fig4_immune_onset,662.0,10.0,,-16.31419939577039,2,475,770.0,2026800475,0.45,0.45
fig4_immune_onset,721.0,10.0,,36.1997226074896,2,476,460.0,2026800476,0.45,0.45
fig4_immune_onset,898.0,10.0,,40.97995545657015,2,477,530.0,2026800477,0.45,0.45
fig4_immune_onset,597.0,10.0,,37.018425460636514,2,478,376.0,2026800478,0.45,0.45
fig4_immune_onset,653.0,10.0,,19.601837672281775,2,479,525.0,2026800479,0.45,0.45
fig4_immune_onset,859.0,10.0,,39.697322467986034,2,480,518.0,2026800480,0.45,0.45
fig4_immune_onset,871.0000000000001,10.0,,36.39494833524685,2,481,554.0,2026800481,0.45,0.45
fig4_immune_onset,665.0,10.0,,39.3984962406015,2,482,403.0,2026800482,0.45,0.45
fig4_immune_onset,997.9999999999999,10.0,,49.39879759519037,2,483,505.0,2026800483,0.45,0.45
fig4_immune_onset,834.0,10.0,,15.227817745803357,2,484,707.0,2026800484,0.45,0.45
fig4_immune_onset,895.9999999999999,10.0,,43.41517857142856,2,485,507.0,2026800485,0.45,0.45
fig4_immune_onset,980.0,10.0,,34.285714285714285,2,486,644.0,2026800486,0.45,0.45
fig4_immune_onset,764.0,10.0,,10.732984293193716,2,487,682.0,2026800487,0.45,0.45
fig4_immune_onset,864.0,10.0,,41.203703703703695,2,488,508.00000000000006,2026800488,0.45,0.45
fig4_immune_onset,1136.0,10.0,,35.29929577464789,2,489,735.0,2026800489,0.45,0.45
fig4_immune_onset,882.9999999999999,10.0,,31.823329558323888,2,490,602.0,2026800490,0.45,0.45
fig4_immune_onset,1004.0,10.0,,23.207171314741036,2,491,771.0,2026800491,0.45,0.45
fig4_immune_onset,733.0,10.0,,36.15279672578445,2,492,468.0,2026800492,0.45,0.45
fig4_immune_onset,745.0,10.0,,3.8926174496644297,2,493,716.0,2026800493,0.45,0.45
fig4_immune_onset,979.0,10.0,,23.391215526046988,2,494,750.0,2026800494,0.45,0.45
fig4_immune_onset,748.0,10.0,,20.053475935828878,2,495,598.0,2026800495,0.45,0.45
fig4_immune_onset,912.0,10.0,,13.267543859649123,2,496,791.0,2026800496,0.45,0.45
fig4_immune_onset,652.0,10.0,,-13.496932515337424,2,497,740.0,2026800497,0.45,0.45
fig4_immune_onset,724.0,10.0,,30.11049723756906,2,498,506.0,2026800498,0.45,0.45
fig4_immune_onset,954.0,10.0,,18.343815513626833,2,499,779.0,2026800499,0.45,0.45
fig4_immune_onset,996.0,10.0,,8.333333333333345,2,500,912.9999999999999,2026800500,0.45,0.45
fig4_immune_onset,1104.0,10.0,,23.82246376811593,2,501,841.0000000000001,2026800501,0.45,0.45
fig4_immune_onset,895.9999999999999,10.0,,18.74999999999999,2,502,728.0,2026800502,0.45,0.45
fig4_immune_onset,655.0,10.0,,15.267175572519085,2,503,555.0,2026800503,0.45,0.45
fig4_immune_onset,1035.0,10.0,,37.29468599033817,2,504,649.0,2026800504,0.45,0.45
fig4_immune_onset,841.0000000000001,10.0,,16.409036860879915,2,505,703.0,2026800505,0.45,0.45
fig4_immune_onset,1121.0,10.0,,30.686886708296164,2,506,777.0,2026800506,0.45,0.45
fig4_immune_onset,1061.0,10.0,,17.342130065975496,2,507,877.0,2026800507,0.45,0.45
fig4_immune_onset,911.0,10.0,,38.52908891328211,2,508,560.0,2026800508,0.45,0.45
fig4_immune_onset,691.0,10.0,,31.98263386396527,2,509,470.0,2026800509,0.45,0.45
fig4_immune_onset,744.0,10.0,,14.516129032258064,2,510,636.0,2026800510,0.45,0.45
fig4_immune_onset,519.0,10.0,,25.048169556840076,2,511,389.0,2026800511,0.45,0.45
fig4_immune_onset,583.0,10.0,,18.353344768439097,2,512,476.00000000000006,2026800512,0.45,0.45
fig4_immune_onset,938.0,10.0,,34.22174840085288,2,513,617.0,2026800513,0.45,0.45
fig4_immune_onset,1287.0,10.0,,34.80963480963481,2,514,839.0,2026800514,0.45,0.45
fig4_immune_onset,1082.0,10.0,,25.693160813308687,2,515,804.0,2026800515,0.45,0.45
fig4_immune_onset,643.0,10.0,,16.018662519440124,2,516,540.0,2026800516,0.45,0.45
fig4_immune_onset,1357.0,10.0,,38.31982313927781,2,517,837.0000000000001,2026800517,0.45,0.45
fig4_immune_onset,674.0,10.0,,0.5934718100890207,2,518,670.0,2026800518,0.45,0.45
fig4_immune_onset,654.0,10.0,,4.892966360856269,2,519,622.0,2026800519,0.45,0.45
fig4_immune_onset,878.0,10.0,,9.453302961275627,2,520,795.0,2026800520,0.45,0.45
fig4_immune_onset,850.0000000000001,10.0,,50.47058823529413,2,521,421.0,2026800521,0.45,0.45
fig4_immune_onset,613.0,10.0,,11.745513866231647,2,522,541.0,2026800522,0.45,0.45
fig4_immune_onset,732.0,10.0,,14.754098360655737,2,523,624.0,2026800523,0.45,0.45
fig4_immune_onset,768.0,10.0,,28.515625,2,524,549.0,2026800524,0.45,0.45
fig4_immune_onset,718.0,10.0,,24.930362116991642,2,525,539.0,2026800525,0.45,0.45
fig4_immune_onset,1021.0,10.0,,26.34671890303624,2,526,752.0,2026800526,0.45,0.45
fig4_immune_onset,963.9999999999999,10.0,,21.680497925311194,2,527,755.0,2026800527,0.45,0.45
fig4_immune_onset,893.0,10.0,,17.80515117581187,2,528,734.0,2026800528,0.45,0.45
fig4_immune_onset,671.0,10.0,,14.456035767511178,2,529,574.0,2026800529,0.45,0.45
fig4_immune_onset,980.9999999999999,10.0,,41.18246687054025,2,530,577.0,2026800530,0.45,0.45
fig4_immune_onset,674.0,10.0,,37.98219584569734,2,531,417.99999999999994,2026800531,0.45,0.45
fig4_immune_onset,854.0000000000001,10.0,,21.5456674473068,2,532,670.0,2026800532,0.45,0.45
fig4_immune_onset,971.0,10.0,,30.792996910401648,2,533,672.0,2026800533,0.45,0.45
fig4_immune_onset,458.0,10.0,,23.362445414847162,2,534,351.0,2026800534,0.45,0.45
fig4_immune_onset,668.0,10.0,,42.51497005988024,2,535,384.0,2026800535,0.45,0.45
fig4_immune_onset,692.0,10.0,,44.797687861271676,2,536,382.0,2026800536,0.45,0.45
fig4_immune_onset,801.9999999999999,10.0,,23.566084788029915,2,537,613.0,2026800537,0.45,0.45
fig4_immune_onset,771.0,10.0,,26.199740596627755,2,538,569.0,2026800538,0.45,0.45
fig4_immune_onset,1323.0,10.0,,43.31065759637188,2,539,750.0,2026800539,0.45,0.45
fig4_immune_onset,671.0,10.0,,25.6333830104322,2,540,498.99999999999994,2026800540,0.45,0.45
fig4_immune_onset,886.9999999999999,10.0,,18.376550169109347,2,541,724.0,2026800541,0.45,0.45
fig4_immune_onset,956.0000000000001,10.0,,38.38912133891215,2,542,589.0,2026800542,0.45,0.45
fig4_immune_onset,710.0,10.0,,40.14084507042252,2,543,425.00000000000006,2026800543,0.45,0.45
fig4_immune_onset,1136.0,10.0,,35.2112676056338,2,544,736.0,2026800544,0.45,0.45
fig4_immune_onset,950.9999999999999,10.0,,20.71503680336487,2,545,754.0,2026800545,0.45,0.45
fig4_immune_onset,664.0,10.0,,28.012048192771072,2,546,478.00000000000006,2026800546,0.45,0.45
fig4_immune_onset,907.0,10.0,,28.114663726571113,2,547,652.0,2026800547,0.45,0.45
fig4_immune_onset,967.0,10.0,,11.789038262668058,2,548,852.9999999999999,2026800548,0.45,0.45
fig4_immune_onset,1216.0,10.0,,34.53947368421053,2,549,796.0,2026800549,0.45,0.45
fig4_immune_onset,659.0,10.0,,21.396054628224583,2,550,518.0,2026800550,0.45,0.45
fig4_immune_onset,792.0,10.0,,9.217171717171718,2,551,719.0,2026800551,0.45,0.45
fig4_immune_onset,903.0,10.0,,31.007751937984494,2,552,623.0,2026800552,0.45,0.45
fig4_immune_onset,903.0,10.0,,15.282392026578073,2,553,765.0,2026800553,0.45,0.45
fig4_immune_onset,768.0,10.0,,35.15625,2,554,498.0,2026800554,0.45,0.45
fig4_immune_onset,792.0,10.0,,29.292929292929294,2,555,560.0,2026800555,0.45,0.45
fig4_immune_onset,742.0,10.0,,21.5633423180593,2,556,582.0,2026800556,0.45,0.45
fig4_immune_onset,553.0,10.0,,19.349005424954782,2,557,446.00000000000006,2026800557,0.45,0.45
fig4_immune_onset,897.0,10.0,,29.208472686733558,2,558,635.0,2026800558,0.45,0.45
fig4_immune_onset,748.0,10.0,,6.283422459893048,2,559,701.0,2026800559,0.45,0.45
fig4_immune_onset,1038.0,10.0,,28.42003853564547,2,560,743.0,2026800560,0.45,0.45
fig4_immune_onset,420.0,10.0,,0.0,2,561,420.0,2026800561,0.45,0.45
fig4_immune_onset,865.0,10.0,,37.91907514450867,2,562,537.0,2026800562,0.45,0.45
fig4_immune_onset,878.0,10.0,,39.749430523917994,2,563,529.0,2026800563,0.45,0.45
fig4_immune_onset,912.0,10.0,,36.40350877192982,2,564,580.0,2026800564,0.45,0.45
fig4_immune_onset,831.0,10.0,,32.73164861612515,2,565,559.0,2026800565,0.45,0.45
fig4_immune_onset,717.0,10.0,,29.567642956764296,2,566,505.0,2026800566,0.45,0.45
fig4_immune_onset,603.0,10.0,,28.524046434494206,2,567,430.99999999999994,2026800567,0.45,0.45
fig4_immune_onset,669.0,10.0,,23.916292974588938,2,568,509.0,2026800568,0.45,0.45
fig4_immune_onset,718.0,10.0,,12.534818941504179,2,569,628.0,2026800569,0.45,0.45
fig4_immune_onset,1242.0,10.0,,26.89210950080515,2,570,908.0,2026800570,0.45,0.45
fig4_immune_onset,929.9999999999999,10.0,,32.04301075268816,2,571,632.0,2026800571,0.45,0.45
fig4_immune_onset,651.0,10.0,,35.483870967741936,2,572,420.0,2026800572,0.45,0.45
fig4_immune_onset,795.0,10.0,,19.371069182389938,2,573,641.0,2026800573,0.45,0.45
fig4_immune_onset,1025.0,10.0,,15.707317073170731,2,574,864.0,2026800574,0.45,0.45
fig4_immune_onset,989.0,10.0,,27.098078867542974,2,575,721.0,2026800575,0.45,0.45
fig4_immune_onset,940.0,10.0,,33.191489361702125,2,576,628.0,2026800576,0.45,0.45
fig4_immune_onset,848.9999999999999,10.0,,42.87396937573615,2,577,485.0,2026800577,0.45,0.45
fig4_immune_onset,872.0,10.0,,27.522935779816514,2,578,632.0,2026800578,0.45,0.45
fig4_immune_onset,831.0,10.0,,24.789410348977135,2,579,625.0,2026800579,0.45,0.45
fig4_immune_onset,767.0,10.0,,20.46936114732725,2,580,610.0,2026800580,0.45,0.45
fig4_immune_onset,546.0,10.0,,21.42857142857142,2,581,429.00000000000006,2026800581,0.45,0.45
fig4_immune_onset,995.0,10.0,,48.040201005025125,2,582,517.0,2026800582,0.45,0.45
fig4_immune_onset,920.0,10.0,,23.26086956521739,2,583,706.0,2026800583,0.45,0.45
fig4_immune_onset,648.0,10.0,,8.796296296296296,2,584,591.0,2026800584,0.45,0.45
fig4_immune_onset,797.0,10.0,,34.50439146800502,2,585,522.0,2026800585,0.45,0.45
fig4_immune_onset,649.0,10.0,,40.21571648690293,2,586,388.0,2026800586,0.45,0.45
fig4_immune_onset,760.0,10.0,,-3.6842105263157894,2,587,788.0,2026800587,0.45,0.45
fig4_immune_onset,681.0,10.0,,17.621145374449338,2,588,561.0,2026800588,0.45,0.45
fig4_immune_onset,724.0,10.0,,18.50828729281768,2,589,590.0,2026800589,0.45,0.45
fig4_immune_onset,727.0,10.0,,24.621733149931224,2,590,548.0,2026800590,0.45,0.45
fig4_immune_onset,868.0,10.0,,5.990783410138237,2,591,816.0000000000001,2026800591,0.45,0.45
fig4_immune_onset,539.0,10.0,,6.4935064935064934,2,592,504.0,2026800592,0.45,0.45
fig4_immune_onset,709.0,10.0,,-3.6671368124118477,2,593,735.0,2026800593,0.45,0.45
fig4_immune_onset,759.0,10.0,,13.96574440052701,2,594,653.0,2026800594,0.45,0.45
fig4_immune_onset,1005.0,10.0,,22.487562189054728,2,595,779.0,2026800595,0.45,0.45
fig4_immune_onset,538.0,10.0,,24.721189591078065,2,596,405.0,2026800596,0.45,0.45
fig4_immune_onset,532.0,10.0,,12.406015037593985,2,597,466.0,2026800597,0.45,0.45
fig4_immune_onset,838.0,10.0,,18.257756563245824,2,598,685.0,2026800598,0.45,0.45
fig4_immune_onset,1027.0,10.0,,28.14021421616358,2,599,738.0,2026800599,0.45,0.45
fig4_immune_onset,749.0,10.0,,33.11081441922564,2,600,500.99999999999994,2026800600,0.45,0.45
fig4_immune_onset,644.0,10.0,,35.403726708074544,2,601,415.99999999999994,2026800601,0.45,0.45
fig4_immune_onset,589.0,10.0,,27.504244482173167,2,602,427.00000000000006,2026800602,0.45,0.45
fig4_immune_onset,933.0,10.0,,34.29796355841372,2,603,613.0,2026800603,0.45,0.45
fig4_immune_onset,701.0,10.0,,13.40941512125535,2,604,607.0,2026800604,0.45,0.45
fig4_immune_onset,774.0,10.0,,20.41343669250646,2,605,616.0,2026800605,0.45,0.45
fig4_immune_onset,884.0000000000001,10.0,,31.10859728506788,2,606,609.0,2026800606,0.45,0.45
fig4_immune_onset,1078.0,10.0,,40.816326530612244,2,607,638.0,2026800607,0.45,0.45
fig4_immune_onset,664.0,10.0,,7.078313253012048,2,608,617.0,2026800608,0.45,0.45
fig4_immune_onset,1145.0,10.0,,36.506550218340614,2,609,727.0,2026800609,0.45,0.45
fig4_immune_onset,799.0000000000001,10.0,,22.152690863579483,2,610,622.0,2026800610,0.45,0.45
fig4_immune_onset,865.0,10.0,,29.13294797687861,2,611,613.0,2026800611,0.45,0.45
fig4_immune_onset,855.0,10.0,,25.380116959064328,2,612,638.0,2026800612,0.45,0.45
fig4_immune_onset,953.0,10.0,,18.677859391395593,2,613,775.0,2026800613,0.45,0.45
fig4_immune_onset,927.0,10.0,,23.408845738942826,2,614,710.0,2026800614,0.45,0.45
fig4_immune_onset,902.0,10.0,,28.048780487804876,2,615,649.0,2026800615,0.45,0.45
fig4_immune_onset,620.0,10.0,,-5.0,2,616,651.0,2026800616,0.45,0.45
fig4_immune_onset,865.0,10.0,,31.44508670520231,2,617,593.0,2026800617,0.45,0.45
fig4_immune_onset,787.0,10.0,,-0.8894536213468724,2,618,793.9999999999999,2026800618,0.45,0.45
fig4_immune_onset,933.9999999999999,10.0,,31.798715203426116,2,619,637.0,2026800619,0.45,0.45
fig4_immune_onset,672.0,10.0,,29.464285714285705,2,620,474.00000000000006,2026800620,0.45,0.45
fig4_immune_onset,786.0000000000001,10.0,,39.058524173028,2,621,479.0,2026800621,0.45,0.45
fig4_immune_onset,946.0,10.0,,33.61522198731501,2,622,628.0,2026800622,0.45,0.45
fig4_immune_onset,634.0,10.0,,22.397476340694006,2,623,492.0,2026800623,0.45,0.45
fig4_immune_onset,682.0,10.0,,21.994134897360702,2,624,532.0,2026800624,0.45,0.45
fig4_immune_onset,871.0000000000001,10.0,,16.991963260619986,2,625,723.0,2026800625,0.45,0.45
fig4_immune_onset,1071.0,10.0,,25.39682539682539,2,626,799.0000000000001,2026800626,0.45,0.45
fig4_immune_onset,670.0,10.0,,10.746268656716419,2,627,598.0,2026800627,0.45,0.45
fig4_immune_onset,857.0,10.0,,13.418903150525088,2,628,742.0,2026800628,0.45,0.45
fig4_immune_onset,939.0000000000001,10.0,,32.161874334398306,2,629,637.0,2026800629,0.45,0.45
fig4_immune_onset,834.0,10.0,,26.019184652278177,2,630,617.0,2026800630,0.45,0.45
fig4_immune_onset,1013.0,10.0,,35.43928923988154,2,631,654.0,2026800631,0.45,0.45
fig4_immune_onset,940.0,10.0,,41.48936170212766,2,632,550.0,2026800632,0.45,0.45
fig4_immune_onset,912.0,10.0,,33.771929824561404,2,633,604.0,2026800633,0.45,0.45
fig4_immune_onset,882.0,10.0,,35.714285714285715,2,634,567.0,2026800634,0.45,0.45
fig4_immune_onset,876.0,10.0,,28.767123287671232,2,635,624.0,2026800635,0.45,0.45
fig4_immune_onset,803.0000000000001,10.0,,23.785803237858044,2,636,612.0,2026800636,0.45,0.45
fig4_immune_onset,1005.0,10.0,,9.45273631840796,2,637,910.0,2026800637,0.45,0.45
fig4_immune_onset,767.0,10.0,,22.946544980443285,2,638,591.0,2026800638,0.45,0.45
fig4_immune_onset,882.9999999999999,10.0,,41.22310305775763,2,639,519.0,2026800639,0.45,0.45
fig4_immune_onset,826.0,10.0,,16.949152542372882,2,640,686.0,2026800640,0.45,0.45
fig4_immune_onset,777.0,10.0,,31.402831402831403,2,641,533.0,2026800641,0.45,0.45
fig4_immune_onset,1137.0,10.0,,29.28759894459103,2,642,804.0,2026800642,0.45,0.45
fig4_immune_onset,801.9999999999999,10.0,,26.184538653366573,2,643,592.0,2026800643,0.45,0.45
fig4_immune_onset,627.0,10.0,,6.698564593301436,2,644,585.0,2026800644,0.45,0.45
fig4_immune_onset,920.0,10.0,,18.043478260869566,2,645,754.0,2026800645,0.45,0.45
fig4_immune_onset,938.0,10.0,,39.872068230277186,2,646,564.0,2026800646,0.45,0.45
fig4_immune_onset,859.0,10.0,,23.748544819557626,2,647,655.0,2026800647,0.45,0.45
fig4_immune_onset,766.0,10.0,,34.33420365535248,2,648,503.0,2026800648,0.45,0.45
fig4_immune_onset,780.0,10.0,,18.71794871794872,2,649,634.0,2026800649,0.45,0.45
fig4_immune_onset,863.0,10.0,,22.13209733487833,2,650,672.0,2026800650,0.45,0.45
fig4_immune_onset,1177.0,10.0,,7.13678844519966,2,651,1093.0,2026800651,0.45,0.45
fig4_immune_onset,616.0,10.0,,22.88961038961039,2,652,475.0,2026800652,0.45,0.45
fig4_immune_onset,847.0,10.0,,29.988193624557262,2,653,593.0,2026800653,0.45,0.45
fig4_immune_onset,1010.0,10.0,,17.326732673267326,2,654,835.0,2026800654,0.45,0.45
fig4_immune_onset,902.0,10.0,,15.521064301552107,2,655,762.0,2026800655,0.45,0.45
fig4_immune_onset,778.0,10.0,,27.506426735218508,2,656,564.0,2026800656,0.45,0.45
fig4_immune_onset,949.0,10.0,,22.233930453108535,2,657,738.0,2026800657,0.45,0.45
fig4_immune_onset,715.0,10.0,,27.272727272727273,2,658,520.0,2026800658,0.45,0.45
fig4_immune_onset,963.0,10.0,,35.306334371754936,2,659,623.0,2026800659,0.45,0.45
fig4_immune_onset,1123.0,10.0,,31.166518254674976,2,660,773.0,2026800660,0.45,0.45
fig4_immune_onset,701.0,10.0,,11.412268188302425,2,661,621.0,2026800661,0.45,0.45
fig4_immune_onset,848.9999999999999,10.0,,41.10718492343933,2,662,500.0,2026800662,0.45,0.45
fig4_immune_onset,955.0,10.0,,48.586387434554965,2,663,491.00000000000006,2026800663,0.45,0.45
fig4_immune_onset,684.0,10.0,,17.39766081871345,2,664,565.0,2026800664,0.45,0.45
fig4_immune_onset,972.0,10.0,,39.19753086419753,2,665,591.0,2026800665,0.45,0.45
fig4_immune_onset,1080.0,10.0,,36.2962962962963,2,666,688.0,2026800666,0.45,0.45
fig4_immune_onset,788.0,10.0,,35.40609137055838,2,667,509.0,2026800667,0.45,0.45
fig4_immune_onset,823.0,10.0,,26.366950182260023,2,668,606.0,2026800668,0.45,0.45
fig4_immune_onset,1009.0,10.0,,29.038652130822598,2,669,716.0,2026800669,0.45,0.45
fig4_immune_onset,834.0,10.0,,19.424460431654676,2,670,672.0,2026800670,0.45,0.45
fig4_immune_onset,817.0,10.0,,30.84455324357405,2,671,565.0,2026800671,0.45,0.45
fig4_immune_onset,735.0,10.0,,10.884353741496598,2,672,655.0,2026800672,0.45,0.45
fig4_immune_onset,730.0,10.0,,-1.36986301369863,2,673,740.0,2026800673,0.45,0.45
fig4_immune_onset,736.0,10.0,,23.91304347826087,2,674,560.0,2026800674,0.45,0.45
fig4_immune_onset,1136.0,10.0,,28.52112676056338,2,675,812.0,2026800675,0.45,0.45
fig4_immune_onset,686.0,10.0,,18.367346938775512,2,676,560.0,2026800676,0.45,0.45
fig4_immune_onset,950.0,10.0,,22.63157894736842,2,677,735.0,2026800677,0.45,0.45
fig4_immune_onset,949.0,10.0,,31.506849315068493,2,678,650.0,2026800678,0.45,0.45
fig4_immune_onset,574.0,10.0,,4.878048780487805,2,679,546.0,2026800679,0.45,0.45
fig4_immune_onset,973.0000000000001,10.0,,3.8026721479959003,2,680,936.0,2026800680,0.45,0.45
fig4_immune_onset,851.0,10.0,,22.326674500587544,2,681,661.0,2026800681,0.45,0.45
fig4_immune_onset,655.0,10.0,,21.83206106870229,2,682,512.0,2026800682,0.45,0.45
fig4_immune_onset,630.0,10.0,,-0.7936507936507936,2,683,635.0,2026800683,0.45,0.45
fig4_immune_onset,976.0,10.0,,39.959016393442624,2,684,586.0,2026800684,0.45,0.45
fig4_immune_onset,673.0,10.0,,3.7147102526002973,2,685,648.0,2026800685,0.45,0.45
fig4_immune_onset,710.0,10.0,,10.845070422535212,2,686,633.0,2026800686,0.45,0.45
fig4_immune_onset,693.0,10.0,,42.135642135642144,2,687,400.99999999999994,2026800687,0.45,0.45
fig4_immune_onset,1136.0,10.0,,41.021126760563384,2,688,670.0,2026800688,0.45,0.45
fig4_immune_onset,1045.0,10.0,,44.97607655502392,2,689,575.0,2026800689,0.45,0.45
fig4_immune_onset,801.9999999999999,10.0,,15.835411471321684,2,690,675.0,2026800690,0.45,0.45
fig4_immune_onset,784.9999999999999,10.0,,13.503184713375784,2,691,679.0,2026800691,0.45,0.45
fig4_immune_onset,723.0,10.0,,35.5463347164592,2,692,466.0,2026800692,0.45,0.45
fig4_immune_onset,1197.0,10.0,,33.41687552213868,2,693,797.0,2026800693,0.45,0.45
fig4_immune_onset,571.0,10.0,,11.558669001751314,2,694,505.0,2026800694,0.45,0.45
fig4_immune_onset,983.0,10.0,,49.338758901322485,2,695,498.0,2026800695,0.45,0.45
fig4_immune_onset,553.0,10.0,,-3.616636528028933,2,696,573.0,2026800696,0.45,0.45
fig4_immune_onset,653.0,10.0,,30.78101071975499,2,697,451.99999999999994,2026800697,0.45,0.45
fig4_immune_onset,927.0,10.0,,15.965480043149945,2,698,779.0,2026800698,0.45,0.45
fig4_immune_onset,790.0000000000001,10.0,,23.79746835443039,2,699,602.0,2026800699,0.45,0.45
fig4_immune_onset,955.0,10.0,,20.94240837696335,2,700,755.0,2026800700,0.45,0.45
fig4_immune_onset,768.0,10.0,,24.088541666666668,2,701,583.0,2026800701,0.45,0.45
fig4_immune_onset,901.0000000000001,10.0,,40.51054384017759,2,702,536.0,2026800702,0.45,0.45
fig4_immune_onset,831.9999999999999,10.0,,25.961538461538453,2,703,616.0,2026800703,0.45,0.45
fig4_immune_onset,911.0,10.0,,27.8814489571899,2,704,657.0,2026800704,0.45,0.45
fig4_immune_onset,1198.0,10.0,,22.621035058430717,2,705,927.0,2026800705,0.45,0.45
fig4_immune_onset,706.0,10.0,,27.620396600566572,2,706,511.0,2026800706,0.45,0.45
fig4_immune_onset,720.0,10.0,,11.944444444444445,2,707,634.0,2026800707,0.45,0.45
fig4_immune_onset,770.0,10.0,,29.09090909090909,2,708,546.0,2026800708,0.45,0.45
fig4_immune_onset,1020.0000000000001,10.0,,21.960784313725497,2,709,796.0,2026800709,0.45,0.45
fig4_immune_onset,768.0,10.0,,20.703125,2,710,609.0,2026800710,0.45,0.45
fig4_immune_onset,615.0,10.0,,13.170731707317072,2,711,534.0,2026800711,0.45,0.45
fig4_immune_onset,1283.0,10.0,,46.37568199532346,2,712,688.0,2026800712,0.45,0.45
fig4_immune_onset,1064.0,10.0,,23.590225563909776,2,713,813.0,2026800713,0.45,0.45
fig4_immune_onset,591.0,10.0,,10.152284263959391,2,714,531.0,2026800714,0.45,0.45
fig4_immune_onset,869.0,10.0,,28.07825086306099,2,715,625.0,2026800715,0.45,0.45
fig4_immune_onset,776.0,10.0,,21.00515463917526,2,716,613.0,2026800716,0.45,0.45
fig4_immune_onset,742.0,10.0,,29.78436657681941,2,717,521.0,2026800717,0.45,0.45
fig4_immune_onset,652.0,10.0,,34.355828220858896,2,718,428.0,2026800718,0.45,0.45
fig4_immune_onset,614.0,10.0,,32.73615635179153,2,719,413.0,2026800719,0.45,0.45
fig4_immune_onset,781.0,10.0,,30.34571062740077,2,720,544.0,2026800720,0.45,0.45
fig4_immune_onset,877.0,10.0,,33.8654503990878,2,721,580.0,2026800721,0.45,0.45
fig4_immune_onset,924.0,10.0,,26.2987012987013,2,722,681.0,2026800722,0.45,0.45
fig4_immune_onset,869.9999999999999,10.0,,31.724137931034473,2,723,594.0,2026800723,0.45,0.45
fig4_immune_onset,614.0,10.0,,5.374592833876221,2,724,581.0,2026800724,0.45,0.45
fig4_immune_onset,851.0,10.0,,32.78495887191539,2,725,572.0,2026800725,0.45,0.45
fig4_immune_onset,1201.0,10.0,,30.058284762697753,2,726,840.0,2026800726,0.45,0.45
fig4_immune_onset,1068.0,10.0,,27.808988764044944,2,727,771.0,2026800727,0.45,0.45
fig4_immune_onset,661.0,10.0,,22.692889561270803,2,728,511.0,2026800728,0.45,0.45
fig4_immune_onset,869.0,10.0,,16.455696202531644,2,729,726.0,2026800729,0.45,0.45
fig4_immune_onset,685.0,10.0,,27.00729927007299,2,730,500.0,2026800730,0.45,0.45
fig4_immune_onset,529.0,10.0,,20.982986767485833,2,731,417.99999999999994,2026800731,0.45,0.45
fig4_immune_onset,1065.0,10.0,,24.037558685446008,2,732,809.0,2026800732,0.45,0.45
fig4_immune_onset,808.0,10.0,,23.514851485148515,2,733,618.0,2026800733,0.45,0.45
fig4_immune_onset,855.0,10.0,,11.228070175438596,2,734,759.0,2026800734,0.45,0.45
fig4_immune_onset,590.0,10.0,,35.08474576271186,2,735,383.0,2026800735,0.45,0.45
fig4_immune_onset,1067.0,10.0,,16.96344892221181,2,736,886.0,2026800736,0.45,0.45
fig4_immune_onset,706.0,10.0,,16.430594900849858,2,737,590.0,2026800737,0.45,0.45
fig4_immune_onset,662.0,10.0,,32.477341389728096,2,738,447.0,2026800738,0.45,0.45
fig4_immune_onset,678.0,10.0,,33.1858407079646,2,739,453.0,2026800739,0.45,0.45
fig4_immune_onset,767.0,10.0,,10.821382007822686,2,740,684.0,2026800740,0.45,0.45
fig4_immune_onset,697.0,10.0,,12.625538020086083,2,741,609.0,2026800741,0.45,0.45
fig4_immune_onset,848.0,10.0,,37.971698113207545,2,742,526.0,2026800742,0.45,0.45
fig4_immune_onset,699.0,10.0,,22.46065808297568,2,743,542.0,2026800743,0.45,0.45
fig4_immune_onset,732.0,10.0,,1.639344262295082,2,744,720.0,2026800744,0.45,0.45
fig4_immune_onset,615.0,10.0,,-1.6260162601626016,2,745,625.0,2026800745,0.45,0.45
fig4_immune_onset,742.0,10.0,,13.477088948787062,2,746,642.0,2026800746,0.45,0.45
fig4_immune_onset,637.0,10.0,,18.995290423861853,2,747,516.0,2026800747,0.45,0.45
fig4_immune_onset,1145.0,10.0,,34.672489082969435,2,748,748.0,2026800748,0.45,0.45
fig4_immune_onset,1070.0,10.0,,21.869158878504685,2,749,835.9999999999999,2026800749,0.45,0.45
fig4_immune_onset,834.0,10.0,,8.03357314148681,2,750,767.0,2026800750,0.45,0.45
fig4_immune_onset,835.9999999999999,10.0,,17.22488038277511,2,751,692.0,2026800751,0.45,0.45
fig4_immune_onset,975.0,10.0,,31.17948717948718,2,752,671.0,2026800752,0.45,0.45
fig4_immune_onset,1331.0,10.0,,31.254695717505633,2,753,915.0,2026800753,0.45,0.45
fig4_immune_onset,814.0,10.0,,23.218673218673217,2,754,625.0,2026800754,0.45,0.45
fig4_immune_onset,620.0,10.0,,31.451612903225794,2,755,425.00000000000006,2026800755,0.45,0.45
fig4_immune_onset,931.0,10.0,,38.66809881847476,2,756,571.0,2026800756,0.45,0.45
fig4_immune_onset,897.0,10.0,,26.644370122630992,2,757,658.0,2026800757,0.45,0.45
fig4_immune_onset,856.0,10.0,,28.50467289719626,2,758,612.0,2026800758,0.45,0.45
fig4_immune_onset,972.0,10.0,,26.131687242798353,2,759,718.0,2026800759,0.45,0.45
fig4_immune_onset,882.0,10.0,,18.367346938775512,2,760,720.0,2026800760,0.45,0.45
fig4_immune_onset,864.0,10.0,,15.277777777777779,2,761,732.0,2026800761,0.45,0.45
fig4_immune_onset,723.0,10.0,,31.673582295988936,2,762,494.0,2026800762,0.45,0.45
fig4_immune_onset,945.0,10.0,,25.714285714285715,2,763,702.0,2026800763,0.45,0.45
fig4_immune_onset,776.0,10.0,,23.711340206185568,2,764,592.0,2026800764,0.45,0.45
fig4_immune_onset,720.0,10.0,,7.777777777777778,2,765,664.0,2026800765,0.45,0.45
fig4_immune_onset,590.0,10.0,,8.983050847457626,2,766,537.0,2026800766,0.45,0.45
fig4_immune_onset,1044.0,10.0,,34.86590038314176,2,767,680.0,2026800767,0.45,0.45
fig4_immune_onset,592.0,10.0,,14.358108108108109,2,768,507.0,2026800768,0.45,0.45
fig4_immune_onset,842.0,10.0,,26.48456057007126,2,769,619.0,2026800769,0.45,0.45
fig4_immune_onset,975.0,10.0,,21.128205128205128,2,770,769.0,2026800770,0.45,0.45
fig4_immune_onset,971.0,10.0,,25.84963954685891,2,771,720.0,2026800771,0.45,0.45
fig4_immune_onset,827.9999999999999,10.0,,15.821256038647332,2,772,697.0,2026800772,0.45,0.45
fig4_immune_onset,821.0,10.0,,29.354445797807553,2,773,580.0,2026800773,0.45,0.45
fig4_immune_onset,855.0,10.0,,22.105263157894736,2,774,666.0,2026800774,0.45,0.45
fig4_immune_onset,702.0,10.0,,18.51851851851852,2,775,572.0,2026800775,0.45,0.45
fig4_immune_onset,630.0,10.0,,27.46031746031746,2,776,457.0,2026800776,0.45,0.45
fig4_immune_onset,687.0,10.0,,14.55604075691412,2,777,587.0,2026800777,0.45,0.45
fig4_immune_onset,1345.0,10.0,,43.64312267657993,2,778,758.0,2026800778,0.45,0.45
fig4_immune_onset,931.0,10.0,,14.607948442534909,2,779,795.0,2026800779,0.45,0.45
fig4_immune_onset,739.0,10.0,,12.178619756427604,2,780,649.0,2026800780,0.45,0.45
fig4_immune_onset,605.0,10.0,,0.6611570247933884,2,781,601.0,2026800781,0.45,0.45
fig4_immune_onset,792.0,10.0,,24.242424242424242,2,782,600.0,2026800782,0.45,0.45
fig4_immune_onset,1004.0,10.0,,25.697211155378486,2,783,746.0,2026800783,0.45,0.45
fig4_immune_onset,950.0,10.0,,22.736842105263158,2,784,734.0,2026800784,0.45,0.45
fig4_immune_onset,628.0,10.0,,10.828025477707007,2,785,560.0,2026800785,0.45,0.45
fig4_immune_onset,763.0,10.0,,21.756225425950195,2,786,597.0,2026800786,0.45,0.45
fig4_immune_onset,604.0,10.0,,-4.304635761589404,2,787,630.0,2026800787,0.45,0.45
fig4_immune_onset,655.0,10.0,,51.908396946564885,2,788,315.0,2026800788,0.45,0.45
fig4_immune_onset,630.0,10.0,,24.444444444444436,2,789,476.00000000000006,2026800789,0.45,0.45
fig4_immune_onset,797.0,10.0,,14.052697616060225,2,790,685.0,2026800790,0.45,0.45
fig4_immune_onset,834.0,10.0,,22.302158273381295,2,791,648.0,2026800791,0.45,0.45
fig4_immune_onset,831.9999999999999,10.0,,34.254807692307686,2,792,547.0,2026800792,0.45,0.45
fig4_immune_onset,512.0,10.0,,20.5078125,2,793,407.0,2026800793,0.45,0.45
fig4_immune_onset,730.0,10.0,,16.575342465753426,2,794,609.0,2026800794,0.45,0.45
fig4_immune_onset,1079.0,10.0,,37.812789620018535,2,795,671.0,2026800795,0.45,0.45
fig4_immune_onset,846.0,10.0,,25.768321513002363,2,796,628.0,2026800796,0.45,0.45
fig4_immune_onset,921.0,10.0,,26.275787187839306,2,797,679.0,2026800797,0.45,0.45
fig4_immune_onset,976.9999999999999,10.0,,33.16274309109518,2,798,653.0,2026800798,0.45,0.45
fig4_immune_onset,652.0,10.0,,6.901840490797546,2,799,607.0,2026800799,0.45,0.45
fig4_immune_onset,839.0,10.0,,36.591179976162095,2,800,532.0,2026800800,0.45,0.45
fig4_immune_onset,702.0,10.0,,-1.2820512820512822,2,801,711.0,2026800801,0.45,0.45
fig4_immune_onset,938.0,10.0,,39.44562899786781,2,802,568.0,2026800802,0.45,0.45
fig4_immune_onset,1077.0,10.0,,39.83286908077994,2,803,648.0,2026800803,0.45,0.45
fig4_immune_onset,617.0,10.0,,19.93517017828201,2,804,494.0,2026800804,0.45,0.45
fig4_immune_onset,642.0,10.0,,47.0404984423676,2,805,340.0,2026800805,0.45,0.45
fig4_immune_onset,692.0,10.0,,17.63005780346821,2,806,570.0,2026800806,0.45,0.45
fig4_immune_onset,807.0000000000001,10.0,,5.576208178438675,2,807,762.0,2026800807,0.45,0.45
fig4_immune_onset,852.0,10.0,,20.774647887323944,2,808,675.0,2026800808,0.45,0.45
fig4_immune_onset,880.0,10.0,,38.06818181818182,2,809,545.0,2026800809,0.45,0.45
fig4_immune_onset,999.0000000000001,10.0,,36.136136136136145,2,810,638.0,2026800810,0.45,0.45
fig4_immune_onset,623.0,10.0,,16.53290529695024,2,811,520.0,2026800811,0.45,0.45
fig4_immune_onset,801.0,10.0,,29.712858926342072,2,812,563.0,2026800812,0.45,0.45
fig4_immune_onset,619.0,10.0,,30.6946688206785,2,813,429.00000000000006,2026800813,0.45,0.45
fig4_immune_onset,1037.0,10.0,,21.8900675024108,2,814,810.0,2026800814,0.45,0.45
fig4_immune_onset,672.0,10.0,,19.791666666666668,2,815,539.0,2026800815,0.45,0.45
fig4_immune_onset,844.0,10.0,,36.37440758293839,2,816,537.0,2026800816,0.45,0.45
fig4_immune_onset,970.0,10.0,,34.5360824742268,2,817,635.0,2026800817,0.45,0.45
fig4_immune_onset,941.0,10.0,,22.316684378320936,2,818,731.0,2026800818,0.45,0.45
fig4_immune_onset,681.0,10.0,,13.95007342143906,2,819,586.0,2026800819,0.45,0.45
fig4_immune_onset,875.0000000000001,10.0,,32.80000000000001,2,820,588.0,2026800820,0.45,0.45
fig4_immune_onset,752.0,10.0,,23.00531914893617,2,821,579.0,2026800821,0.45,0.45
fig4_immune_onset,649.0,10.0,,30.046224961479197,2,822,454.0,2026800822,0.45,0.45
fig4_immune_onset,726.0,10.0,,10.46831955922865,2,823,650.0,2026800823,0.45,0.45
fig4_immune_onset,1371.0,10.0,,35.81327498176513,2,824,880.0,2026800824,0.45,0.45
fig4_immune_onset,707.0,10.0,,21.782178217821784,2,825,553.0,2026800825,0.45,0.45
fig4_immune_onset,776.0,10.0,,24.0979381443299,2,826,589.0,2026800826,0.45,0.45
fig4_immune_onset,905.0000000000001,10.0,,30.1657458563536,2,827,632.0,2026800827,0.45,0.45
fig4_immune_onset,797.0,10.0,,34.75533249686324,2,828,520.0,2026800828,0.45,0.45
fig4_immune_onset,498.0,10.0,,-9.036144578313253,2,829,543.0,2026800829,0.45,0.45
fig4_immune_onset,619.0,10.0,,7.431340872374798,2,830,573.0,2026800830,0.45,0.45
fig4_immune_onset,754.0,10.0,,22.413793103448278,2,831,585.0,2026800831,0.45,0.45
fig4_immune_onset,589.0,10.0,,28.35314091680815,2,832,422.0,2026800832,0.45,0.45
fig4_immune_onset,863.0,10.0,,20.85747392815759,2,833,683.0,2026800833,0.45,0.45
fig4_immune_onset,806.0,10.0,,29.404466501240694,2,834,569.0,2026800834,0.45,0.45
fig4_immune_onset,702.0,10.0,,31.054131054131066,2,835,483.99999999999994,2026800835,0.45,0.45
fig4_immune_onset,1144.0,10.0,,11.713286713286713,2,836,1010.0,2026800836,0.45,0.45
fig4_immune_onset,1097.0,10.0,,34.45761166818596,2,837,719.0,2026800837,0.45,0.45
fig4_immune_onset,1364.0,10.0,,17.15542521994135,2,838,1130.0,2026800838,0.45,0.45
fig4_immune_onset,784.0,10.0,,26.658163265306122,2,839,575.0,2026800839,0.45,0.45
fig4_immune_onset,959.9999999999999,10.0,,26.874999999999993,2,840,702.0,2026800840,0.45,0.45
fig4_immune_onset,551.0,10.0,,-4.174228675136116,2,841,574.0,2026800841,0.45,0.45
fig4_immune_onset,1025.0,10.0,,37.65853658536585,2,842,639.0,2026800842,0.45,0.45
fig4_immune_onset,878.9999999999999,10.0,,11.376564277588157,2,843,779.0,2026800843,0.45,0.45
fig4_immune_onset,1112.0,10.0,,26.348920863309363,2,844,818.9999999999999,2026800844,0.45,0.45
fig4_immune_onset,829.0,10.0,,29.79493365500603,2,845,582.0,2026800845,0.45,0.45
fig4_immune_onset,869.0,10.0,,29.228998849252015,2,846,615.0,2026800846,0.45,0.45
fig4_immune_onset,758.0,10.0,,25.593667546174142,2,847,564.0,2026800847,0.45,0.45
fig4_immune_onset,1080.0,10.0,,15.555555555555555,2,848,912.0,2026800848,0.45,0.45
fig4_immune_onset,918.0000000000001,10.0,,45.75163398692811,2,849,498.0,2026800849,0.45,0.45
fig4_immune_onset,739.0,10.0,,22.056833558863328,2,850,576.0,2026800850,0.45,0.45
fig4_immune_onset,809.0,10.0,,28.553770086526576,2,851,578.0,2026800851,0.45,0.45
fig4_immune_onset,932.0,10.0,,7.4034334763948495,2,852,863.0,2026800852,0.45,0.45
fig4_immune_onset,957.0,10.0,,41.797283176593524,2,853,557.0,2026800853,0.45,0.45
fig4_immune_onset,587.0,10.0,,20.78364565587735,2,854,464.99999999999994,2026800854,0.45,0.45
fig4_immune_onset,758.0,10.0,,29.155672823218996,2,855,537.0,2026800855,0.45,0.45
fig4_immune_onset,939.0000000000001,10.0,,29.712460063897772,2,856,660.0,2026800856,0.45,0.45
fig4_immune_onset,861.0,10.0,,26.016260162601625,2,857,637.0,2026800857,0.45,0.45
fig4_immune_onset,736.0,10.0,,27.85326086956522,2,858,531.0,2026800858,0.45,0.45
fig4_immune_onset,766.0,10.0,,27.93733681462141,2,859,552.0,2026800859,0.45,0.45
fig4_immune_onset,834.0,10.0,,19.424460431654676,2,860,672.0,2026800860,0.45,0.45
fig4_immune_onset,867.0000000000001,10.0,,10.841983852364486,2,861,773.0,2026800861,0.45,0.45
fig4_immune_onset,596.0,10.0,,16.778523489932887,2,862,496.0,2026800862,0.45,0.45
fig4_immune_onset,611.0,10.0,,5.073649754500818,2,863,580.0,2026800863,0.45,0.45
fig4_immune_onset,982.0000000000001,10.0,,14.663951120162942,2,864,838.0,2026800864,0.45,0.45
fig4_immune_onset,993.0,10.0,,24.87411883182276,2,865,746.0,2026800865,0.45,0.45
fig4_immune_onset,800.0,10.0,,24.375,2,866,605.0,2026800866,0.45,0.45
fig4_immune_onset,933.9999999999999,10.0,,23.233404710920762,2,867,717.0,2026800867,0.45,0.45
fig4_immune_onset,859.0,10.0,,-1.1641443538998837,2,868,869.0,2026800868,0.45,0.45
fig4_immune_onset,993.0,10.0,,30.815709969788518,2,869,687.0,2026800869,0.45,0.45
fig4_immune_onset,793.0,10.0,,17.402269861286253,2,870,655.0,2026800870,0.45,0.45
fig4_immune_onset,950.0,10.0,,24.63157894736842,2,871,716.0,2026800871,0.45,0.45
fig4_immune_onset,492.0,10.0,,22.5609756097561,2,872,381.0,2026800872,0.45,0.45
fig4_immune_onset,632.0,10.0,,26.265822784810126,2,873,466.0,2026800873,0.45,0.45
fig4_immune_onset,743.0,10.0,,25.57200538358008,2,874,553.0,2026800874,0.45,0.45
fig4_immune_onset,584.0,10.0,,24.315068493150676,2,875,442.00000000000006,2026800875,0.45,0.45
fig4_immune_onset,894.0,10.0,,20.69351230425056,2,876,709.0,2026800876,0.45,0.45
fig4_immune_onset,731.0,10.0,,33.65253077975376,2,877,485.0,2026800877,0.45,0.45
fig4_immune_onset,768.0,10.0,,21.744791666666668,2,878,601.0,2026800878,0.45,0.45
fig4_immune_onset,743.0,10.0,,22.34185733512786,2,879,577.0,2026800879,0.45,0.45
fig4_immune_onset,824.0000000000001,10.0,,22.936893203883507,2,880,635.0,2026800880,0.45,0.45
fig4_immune_onset,644.0,10.0,,18.167701863354036,2,881,527.0,2026800881,0.45,0.45
fig4_immune_onset,797.9999999999999,10.0,,7.01754385964911,2,882,742.0,2026800882,0.45,0.45
fig4_immune_onset,659.0,10.0,,17.754172989377846,2,883,542.0,2026800883,0.45,0.45
fig4_immune_onset,799.0000000000001,10.0,,26.658322903629546,2,884,586.0,2026800884,0.45,0.45
fig4_immune_onset,723.0,10.0,,35.40802213001384,2,885,466.99999999999994,2026800885,0.45,0.45
fig4_immune_onset,743.0,10.0,,34.45491251682369,2,886,487.0,2026800886,0.45,0.45
fig4_immune_onset,1031.0,10.0,,36.66343355965083,2,887,653.0,2026800887,0.45,0.45
fig4_immune_onset,950.9999999999999,10.0,,20.18927444794952,2,888,759.0,2026800888,0.45,0.45
fig4_immune_onset,1059.0,10.0,,32.76676109537299,2,889,712.0,2026800889,0.45,0.45
fig4_immune_onset,827.9999999999999,10.0,,44.80676328502415,2,890,457.0,2026800890,0.45,0.45
fig4_immune_onset,1078.0,10.0,,34.04452690166976,2,891,711.0,2026800891,0.45,0.45
fig4_immune_onset,797.9999999999999,10.0,,22.80701754385964,2,892,616.0,2026800892,0.45,0.45
fig4_immune_onset,842.0,10.0,,32.066508313539195,2,893,572.0,2026800893,0.45,0.45
fig4_immune_onset,932.0,10.0,,37.01716738197425,2,894,587.0,2026800894,0.45,0.45
fig4_immune_onset,895.9999999999999,10.0,,24.107142857142847,2,895,680.0,2026800895,0.45,0.45
fig4_immune_onset,1089.0,10.0,,32.047750229568415,2,896,740.0,2026800896,0.45,0.45
fig4_immune_onset,988.0,10.0,,34.008097165991906,2,897,652.0,2026800897,0.45,0.45
fig4_immune_onset,1005.0,10.0,,17.512437810945272,2,898,829.0,2026800898,0.45,0.45
fig4_immune_onset,953.0,10.0,,37.8803777544596,2,899,592.0,2026800899,0.45,0.45
fig4_immune_onset,1039.0,10.0,,38.017324350336864,2,900,644.0,2026800900,0.45,0.45
fig4_immune_onset,940.0,10.0,,3.404255319148936,2,901,908.0,2026800901,0.45,0.45
fig4_immune_onset,837.0000000000001,10.0,,43.48864994026285,2,902,473.0,2026800902,0.45,0.45
fig4_immune_onset,700.0,10.0,,-3.4285714285714284,2,903,724.0,2026800903,0.45,0.45
fig4_immune_onset,1060.0,10.0,,24.90566037735849,2,904,796.0,2026800904,0.45,0.45
fig4_immune_onset,495.00000000000006,10.0,,15.353535353535364,2,905,419.0,2026800905,0.45,0.45
fig4_immune_onset,821.0,10.0,,39.09866017052375,2,906,500.0,2026800906,0.45,0.45
fig4_immune_onset,980.0,10.0,,47.142857142857146,2,907,518.0,2026800907,0.45,0.45
fig4_immune_onset,713.0,10.0,,26.507713884992988,2,908,524.0,2026800908,0.45,0.45
fig4_immune_onset,1038.0,10.0,,21.57996146435453,2,909,814.0,2026800909,0.45,0.45
fig4_immune_onset,918.0000000000001,10.0,,9.259259259259258,2,910,833.0000000000001,2026800910,0.45,0.45
fig4_immune_onset,996.0,10.0,,28.313253012048193,2,911,714.0,2026800911,0.45,0.45
fig4_immune_onset,1089.0,10.0,,20.66115702479339,2,912,864.0,2026800912,0.45,0.45
fig4_immune_onset,575.0,10.0,,16.0,2,913,483.0,2026800913,0.45,0.45
fig4_immune_onset,1347.0,10.0,,40.905716406829995,2,914,796.0,2026800914,0.45,0.45
fig4_immune_onset,818.9999999999999,10.0,,28.205128205128197,2,915,588.0,2026800915,0.45,0.45
fig4_immune_onset,848.9999999999999,10.0,,16.25441696113073,2,916,711.0,2026800916,0.45,0.45
fig4_immune_onset,698.0,10.0,,26.21776504297994,2,917,515.0,2026800917,0.45,0.45
fig4_immune_onset,816.0000000000001,10.0,,10.784313725490208,2,918,728.0,2026800918,0.45,0.45
fig4_immune_onset,935.0000000000001,10.0,,24.81283422459894,2,919,703.0,2026800919,0.45,0.45
fig4_immune_onset,681.0,10.0,,12.187958883994126,2,920,598.0,2026800920,0.45,0.45
fig4_immune_onset,639.0,10.0,,15.023474178403756,2,921,543.0,2026800921,0.45,0.45
fig4_immune_onset,752.0,10.0,,30.585106382978722,2,922,522.0,2026800922,0.45,0.45
fig4_immune_onset,727.0,10.0,,19.257221458046768,2,923,587.0,2026800923,0.45,0.45
fig4_immune_onset,442.00000000000006,10.0,,20.81447963800906,2,924,350.0,2026800924,0.45,0.45
fig4_immune_onset,1068.0,10.0,,19.382022471910112,2,925,861.0,2026800925,0.45,0.45
fig4_immune_onset,590.0,10.0,,-11.186440677966102,2,926,656.0,2026800926,0.45,0.45
fig4_immune_onset,1006.0,10.0,,8.151093439363818,2,927,924.0,2026800927,0.45,0.45
fig4_immune_onset,1020.0000000000001,10.0,,20.68627450980393,2,928,809.0,2026800928,0.45,0.45
fig4_immune_onset,852.0,10.0,,38.262910798122064,2,929,526.0,2026800929,0.45,0.45
fig4_immune_onset,838.0,10.0,,23.031026252983292,2,930,645.0,2026800930,0.45,0.45
fig4_immune_onset,784.0,10.0,,16.071428571428573,2,931,658.0,2026800931,0.45,0.45
fig4_immune_onset,651.0,10.0,,28.725038402457756,2,932,464.0,2026800932,0.45,0.45
fig4_immune_onset,756.0,10.0,,23.14814814814815,2,933,581.0,2026800933,0.45,0.45
fig4_immune_onset,1044.0,10.0,,21.64750957854406,2,934,818.0,2026800934,0.45,0.45
fig4_immune_onset,490.0,10.0,,29.79591836734694,2,935,344.0,2026800935,0.45,0.45
fig4_immune_onset,496.99999999999994,10.0,,28.169014084507033,2,936,357.0,2026800936,0.45,0.45
fig4_immune_onset,555.0,10.0,,22.52252252252252,2,937,430.0,2026800937,0.45,0.45
fig4_immune_onset,717.0,10.0,,25.10460251046025,2,938,537.0,2026800938,0.45,0.45
fig4_immune_onset,852.0,10.0,,18.544600938967136,2,939,694.0,2026800939,0.45,0.45
fig4_immune_onset,1287.0,10.0,,40.87024087024087,2,940,761.0,2026800940,0.45,0.45
fig4_immune_onset,771.0,10.0,,35.538261997405975,2,941,496.99999999999994,2026800941,0.45,0.45
fig4_immune_onset,750.0,10.0,,30.133333333333333,2,942,524.0,2026800942,0.45,0.45
fig4_immune_onset,873.0,10.0,,36.08247422680412,2,943,558.0,2026800943,0.45,0.45
fig4_immune_onset,1024.0,10.0,,22.55859375,2,944,793.0,2026800944,0.45,0.45
fig4_immune_onset,1115.0,10.0,,27.443946188340806,2,945,809.0,2026800945,0.45,0.45
fig4_immune_onset,1090.0,10.0,,44.95412844036697,2,946,600.0,2026800946,0.45,0.45
fig4_immune_onset,920.0,10.0,,40.54347826086956,2,947,547.0,2026800947,0.45,0.45
fig4_immune_onset,837.0000000000001,10.0,,39.54599761051375,2,948,506.0,2026800948,0.45,0.45
fig4_immune_onset,869.0,10.0,,35.32796317606444,2,949,562.0,2026800949,0.45,0.45
fig4_immune_onset,885.0,10.0,,21.468926553672315,2,950,695.0,2026800950,0.45,0.45
fig4_immune_onset,689.0,10.0,,10.159651669085632,2,951,619.0,2026800951,0.45,0.45
fig4_immune_onset,880.0,10.0,,42.15909090909091,2,952,509.0,2026800952,0.45,0.45
fig4_immune_onset,464.99999999999994,10.0,,-2.580645161290335,2,953,477.0,2026800953,0.45,0.45
fig4_immune_onset,582.0,10.0,,24.742268041237114,2,954,438.0,2026800954,0.45,0.45
fig4_immune_onset,536.0,10.0,,-5.7835820895522385,2,955,567.0,2026800955,0.45,0.45
fig4_immune_onset,759.0,10.0,,32.41106719367589,2,956,513.0,2026800956,0.45,0.45
fig4_immune_onset,944.0,10.0,,16.737288135593207,2,957,786.0000000000001,2026800957,0.45,0.45
fig4_immune_onset,730.0,10.0,,13.972602739726028,2,958,628.0,2026800958,0.45,0.45
fig4_immune_onset,759.0,10.0,,43.873517786561266,2,959,426.0,2026800959,0.45,0.45
fig4_immune_onset,547.0,10.0,,8.226691042047532,2,960,502.0,2026800960,0.45,0.45
fig4_immune_onset,918.0000000000001,10.0,,30.9368191721133,2,961,634.0,2026800961,0.45,0.45
fig4_immune_onset,929.0,10.0,,25.080731969860064,2,962,696.0,2026800962,0.45,0.45
fig4_immune_onset,946.9999999999999,10.0,,23.231256599788797,2,963,727.0,2026800963,0.45,0.45
fig4_immune_onset,424.0,10.0,,23.349056603773583,2,964,325.0,2026800964,0.45,0.45
fig4_immune_onset,754.0,10.0,,18.16976127320955,2,965,617.0,2026800965,0.45,0.45
fig4_immune_onset,1119.0,10.0,,33.86952636282395,2,966,740.0,2026800966,0.45,0.45
fig4_immune_onset,759.0,10.0,,19.104084321475625,2,967,614.0,2026800967,0.45,0.45
fig4_immune_onset,818.9999999999999,10.0,,7.936507936507924,2,968,754.0,2026800968,0.45,0.45
fig4_immune_onset,744.0,10.0,,7.93010752688172,2,969,685.0,2026800969,0.45,0.45
fig4_immune_onset,600.0,10.0,,5.5,2,970,567.0,2026800970,0.45,0.45
fig4_immune_onset,835.0,10.0,,11.137724550898204,2,971,742.0,2026800971,0.45,0.45
fig4_immune_onset,1078.0,10.0,,24.76808905380335,2,972,810.9999999999999,2026800972,0.45,0.45
fig4_immune_onset,1029.0,10.0,,29.54324586977648,2,973,725.0,2026800973,0.45,0.45
fig4_immune_onset,590.0,10.0,,9.661016949152541,2,974,533.0,2026800974,0.45,0.45
fig4_immune_onset,838.0,10.0,,13.24582338902148,2,975,727.0,2026800975,0.45,0.45
fig4_immune_onset,806.0,10.0,,30.148883374689827,2,976,563.0,2026800976,0.45,0.45
fig4_immune_onset,878.9999999999999,10.0,,32.99203640500568,2,977,589.0,2026800977,0.45,0.45
fig4_immune_onset,735.0,10.0,,36.73469387755103,2,978,464.99999999999994,2026800978,0.45,0.45
fig4_immune_onset,761.0,10.0,,36.92509855453352,2,979,479.99999999999994,2026800979,0.45,0.45
fig4_immune_onset,906.0,10.0,,25.938189845474614,2,980,671.0,2026800980,0.45,0.45
fig4_immune_onset,737.0,10.0,,6.512890094979647,2,981,689.0,2026800981,0.45,0.45
fig4_immune_onset,762.0,10.0,,29.921259842519685,2,982,534.0,2026800982,0.45,0.45
fig4_immune_onset,713.0,10.0,,30.014025245441804,2,983,498.99999999999994,2026800983,0.45,0.45
fig4_immune_onset,1296.0,10.0,,35.725308641975296,2,984,833.0000000000001,2026800984,0.45,0.45
fig4_immune_onset,650.0,10.0,,33.84615384615385,2,985,430.0,2026800985,0.45,0.45
fig4_immune_onset,524.0,10.0,,17.938931297709924,2,986,430.0,2026800986,0.45,0.45
fig4_immune_onset,1000.0,10.0,,35.9,2,987,641.0,2026800987,0.45,0.45
fig4_immune_onset,881.0,10.0,,32.57661748013621,2,988,594.0,2026800988,0.45,0.45
fig4_immune_onset,746.0,10.0,,24.262734584450403,2,989,565.0,2026800989,0.45,0.45
fig4_immune_onset,732.0,10.0,,13.387978142076502,2,990,634.0,2026800990,0.45,0.45
fig4_immune_onset,873.0,10.0,,33.90607101947308,2,991,577.0,2026800991,0.45,0.45
fig4_immune_onset,984.9999999999999,10.0,,14.822335025380701,2,992,839.0,2026800992,0.45,0.45
fig4_immune_onset,746.0,10.0,,29.62466487935657,2,993,525.0,2026800993,0.45,0.45
fig4_immune_onset,858.0000000000001,10.0,,-2.913752913752887,2,994,882.9999999999999,2026800994,0.45,0.45
fig4_immune_onset,860.0,10.0,,16.86046511627907,2,995,715.0,2026800995,0.45,0.45
fig4_immune_onset,683.0,10.0,,10.980966325036603,2,996,608.0,2026800996,0.45,0.45
fig4_immune_onset,861.0,10.0,,30.08130081300813,2,997,602.0,2026800997,0.45,0.45
fig4_immune_onset,568.0,10.0,,10.73943661971831,2,998,507.0,2026800998,0.45,0.45
fig4_immune_onset,916.0,10.0,,17.5764192139738,2,999,755.0,2026800999,0.45,0.45
fig4_immune_onset,890.0,14.0,,34.943820224719104,2,0,579.0,2026800000,0.45,0.45
fig4_immune_onset,694.0,14.0,,-0.1440922190201729,2,1,695.0,2026800001,0.45,0.45
fig4_immune_onset,619.0,14.0,,13.08562197092084,2,2,538.0,2026800002,0.45,0.45
fig4_immune_onset,568.0,14.0,,12.85211267605633,2,3,495.00000000000006,2026800003,0.45,0.45
fig4_immune_onset,801.0,14.0,,19.10112359550562,2,4,648.0,2026800004,0.45,0.45
fig4_immune_onset,768.0,14.0,,21.09375,2,5,606.0,2026800005,0.45,0.45
fig4_immune_onset,742.0,14.0,,37.06199460916443,2,6,466.99999999999994,2026800006,0.45,0.45
fig4_immune_onset,687.0,14.0,,19.213973799126638,2,7,555.0,2026800007,0.45,0.45
fig4_immune_onset,611.0,14.0,,-4.4189852700491,2,8,638.0,2026800008,0.45,0.45
fig4_immune_onset,570.0,14.0,,11.929824561403509,2,9,502.0,2026800009,0.45,0.45
fig4_immune_onset,757.0,14.0,,12.15323645970938,2,10,665.0,2026800010,0.45,0.45
fig4_immune_onset,768.0,14.0,,22.65625,2,11,594.0,2026800011,0.45,0.45
fig4_immune_onset,732.0,14.0,,21.584699453551913,2,12,574.0,2026800012,0.45,0.45
fig4_immune_onset,1143.0,14.0,,30.446194225721786,2,13,795.0,2026800013,0.45,0.45
fig4_immune_onset,916.0,14.0,,10.807860262008735,2,14,817.0,2026800014,0.45,0.45
fig4_immune_onset,882.9999999999999,14.0,,27.633069082672698,2,15,639.0,2026800015,0.45,0.45
fig4_immune_onset,921.0,14.0,,18.349619978284473,2,16,752.0,2026800016,0.45,0.45
fig4_immune_onset,991.0,14.0,,11.099899091826439,2,17,881.0,2026800017,0.45,0.45
fig4_immune_onset,769.0,14.0,,11.833550065019505,2,18,678.0,2026800018,0.45,0.45
fig4_immune_onset,714.0,14.0,,19.467787114845937,2,19,575.0,2026800019,0.45,0.45
fig4_immune_onset,612.0,14.0,,16.013071895424837,2,20,514.0,2026800020,0.45,0.45
fig4_immune_onset,878.9999999999999,14.0,,23.435722411831616,2,21,673.0,2026800021,0.45,0.45
fig4_immune_onset,568.0,14.0,,10.915492957746478,2,22,506.0,2026800022,0.45,0.45
fig4_immune_onset,877.0,14.0,,25.541619156214367,2,23,653.0,2026800023,0.45,0.45
fig4_immune_onset,693.0,14.0,,27.417027417027416,2,24,503.0,2026800024,0.45,0.45
fig4_immune_onset,780.0,14.0,,15.256410256410257,2,25,661.0,2026800025,0.45,0.45
fig4_immune_onset,583.0,14.0,,19.725557461406517,2,26,468.0,2026800026,0.45,0.45
fig4_immune_onset,1001.0,14.0,,21.078921078921066,2,27,790.0000000000001,2026800027,0.45,0.45
fig4_immune_onset,703.0,14.0,,21.47937411095306,2,28,552.0,2026800028,0.45,0.45
fig4_immune_onset,589.0,14.0,,8.488964346349745,2,29,539.0,2026800029,0.45,0.45
fig4_immune_onset,589.0,14.0,,12.733446519524618,2,30,514.0,2026800030,0.45,0.45
fig4_immune_onset,884.0000000000001,14.0,,3.1674208144796503,2,31,856.0,2026800031,0.45,0.45
fig4_immune_onset,786.0000000000001,14.0,,32.188295165394415,2,32,533.0,2026800032,0.45,0.45
fig4_immune_onset,778.0,14.0,,14.652956298200515,2,33,664.0,2026800033,0.45,0.45
fig4_immune_onset,916.9999999999999,14.0,,25.627044711014168,2,34,682.0,2026800034,0.45,0.45
fig4_immune_onset,1041.0,14.0,,32.27665706051873,2,35,705.0,2026800035,0.45,0.45
fig4_immune_onset,878.0,14.0,,2.733485193621855,2,36,854.0000000000001,2026800036,0.45,0.45
fig4_immune_onset,848.0,14.0,,19.339622641509433,2,37,684.0,2026800037,0.45,0.45
fig4_immune_onset,1103.0,14.0,,42.067089755213054,2,38,639.0,2026800038,0.45,0.45
fig4_immune_onset,878.0,14.0,,34.39635535307517,2,39,576.0,2026800039,0.45,0.45
fig4_immune_onset,835.9999999999999,14.0,,30.98086124401913,2,40,577.0,2026800040,0.45,0.45
fig4_immune_onset,621.0,14.0,,27.214170692431573,2,41,451.99999999999994,2026800041,0.45,0.45
fig4_immune_onset,906.0,14.0,,21.96467991169978,2,42,707.0,2026800042,0.45,0.45
fig4_immune_onset,768.0,14.0,,3.2552083333333335,2,43,743.0,2026800043,0.45,0.45
fig4_immune_onset,634.0,14.0,,39.11671924290221,2,44,386.0,2026800044,0.45,0.45
fig4_immune_onset,682.0,14.0,,18.475073313782993,2,45,556.0,2026800045,0.45,0.45
fig4_immune_onset,799.0000000000001,14.0,,33.792240300375475,2,46,529.0,2026800046,0.45,0.45
fig4_immune_onset,922.0000000000001,14.0,,7.5921908893709436,2,47,852.0,2026800047,0.45,0.45
fig4_immune_onset,755.0,14.0,,54.966887417218544,2,48,340.0,2026800048,0.45,0.45
fig4_immune_onset,841.0000000000001,14.0,,12.009512485136753,2,49,740.0,2026800049,0.45,0.45
fig4_immune_onset,1029.0,14.0,,28.862973760932945,2,50,732.0,2026800050,0.45,0.45
fig4_immune_onset,716.0,14.0,,27.932960893854748,2,51,516.0,2026800051,0.45,0.45
fig4_immune_onset,671.0,14.0,,20.566318926974663,2,52,533.0,2026800052,0.45,0.45
fig4_immune_onset,814.0,14.0,,22.35872235872236,2,53,632.0,2026800053,0.45,0.45
fig4_immune_onset,486.0,14.0,,17.695473251028808,2,54,400.0,2026800054,0.45,0.45
fig4_immune_onset,863.0,14.0,,22.363847045191193,2,55,670.0,2026800055,0.45,0.45
fig4_immune_onset,950.0,14.0,,21.36842105263158,2,56,747.0,2026800056,0.45,0.45
fig4_immune_onset,768.0,14.0,,40.364583333333336,2,57,458.0,2026800057,0.45,0.45
fig4_immune_onset,1063.0,14.0,,31.420507996237063,2,58,729.0,2026800058,0.45,0.45
fig4_immune_onset,920.0,14.0,,31.304347826086957,2,59,632.0,2026800059,0.45,0.45
fig4_immune_onset,711.0,14.0,,45.56962025316456,2,60,387.0,2026800060,0.45,0.45
fig4_immune_onset,659.0,14.0,,6.373292867981791,2,61,617.0,2026800061,0.45,0.45
fig4_immune_onset,673.0,14.0,,39.821693907875186,2,62,405.0,2026800062,0.45,0.45
fig4_immune_onset,738.0,14.0,,34.010840108401084,2,63,487.0,2026800063,0.45,0.45
fig4_immune_onset,895.9999999999999,14.0,,33.03571428571428,2,64,600.0,2026800064,0.45,0.45
fig4_immune_onset,835.0,14.0,,7.065868263473054,2,65,776.0,2026800065,0.45,0.45
fig4_immune_onset,970.0,14.0,,28.556701030927837,2,66,693.0,2026800066,0.45,0.45
fig4_immune_onset,651.0,14.0,,27.188940092165886,2,67,474.00000000000006,2026800067,0.45,0.45
fig4_immune_onset,550.0,14.0,,22.181818181818183,2,68,428.0,2026800068,0.45,0.45
fig4_immune_onset,698.0,14.0,,12.177650429799426,2,69,613.0,2026800069,0.45,0.45
fig4_immune_onset,664.0,14.0,,12.650602409638553,2,70,580.0,2026800070,0.45,0.45
fig4_immune_onset,924.0,14.0,,18.939393939393938,2,71,749.0,2026800071,0.45,0.45
fig4_immune_onset,1057.0,14.0,,33.6802270577105,2,72,701.0,2026800072,0.45,0.45
fig4_immune_onset,905.0000000000001,14.0,,14.806629834254155,2,73,771.0,2026800073,0.45,0.45
fig4_immune_onset,915.0,14.0,,15.519125683060109,2,74,773.0,2026800074,0.45,0.45
fig4_immune_onset,919.0,14.0,,26.985854189336234,2,75,671.0,2026800075,0.45,0.45
fig4_immune_onset,888.0000000000001,14.0,,39.52702702702704,2,76,537.0,2026800076,0.45,0.45
fig4_immune_onset,683.0,14.0,,28.989751098096633,2,77,485.0,2026800077,0.45,0.45
fig4_immune_onset,978.0,14.0,,35.2760736196319,2,78,633.0,2026800078,0.45,0.45
fig4_immune_onset,966.0,14.0,,28.985507246376812,2,79,686.0,2026800079,0.45,0.45
fig4_immune_onset,1100.0,14.0,,12.272727272727263,2,80,965.0000000000001,2026800080,0.45,0.45
fig4_immune_onset,767.0,14.0,,12.25554106910039,2,81,673.0,2026800081,0.45,0.45
fig4_immune_onset,1042.0,14.0,,25.43186180422265,2,82,777.0,2026800082,0.45,0.45
fig4_immune_onset,1065.0,14.0,,32.582159624413144,2,83,718.0,2026800083,0.45,0.45
fig4_immune_onset,704.0,14.0,,12.926136363636363,2,84,613.0,2026800084,0.45,0.45
fig4_immune_onset,954.0,14.0,,29.559748427672957,2,85,672.0,2026800085,0.45,0.45
fig4_immune_onset,868.0,14.0,,24.078341013824886,2,86,659.0,2026800086,0.45,0.45
fig4_immune_onset,844.0,14.0,,23.81516587677725,2,87,643.0,2026800087,0.45,0.45
fig4_immune_onset,1020.0000000000001,14.0,,28.52941176470589,2,88,729.0,2026800088,0.45,0.45
fig4_immune_onset,894.0,14.0,,26.51006711409396,2,89,657.0,2026800089,0.45,0.45
fig4_immune_onset,1100.0,14.0,,27.181818181818183,2,90,801.0,2026800090,0.45,0.45
fig4_immune_onset,614.0,14.0,,26.384364820846915,2,91,451.99999999999994,2026800091,0.45,0.45
fig4_immune_onset,851.0,14.0,,12.103407755581669,2,92,748.0,2026800092,0.45,0.45
fig4_immune_onset,718.0,14.0,,23.676880222841227,2,93,548.0,2026800093,0.45,0.45
fig4_immune_onset,958.0,14.0,,39.24843423799582,2,94,582.0,2026800094,0.45,0.45
fig4_immune_onset,972.0,14.0,,31.995884773662553,2,95,661.0,2026800095,0.45,0.45
fig4_immune_onset,974.0,14.0,,44.969199178644764,2,96,536.0,2026800096,0.45,0.45
fig4_immune_onset,652.0,14.0,,43.09815950920245,2,97,371.0,2026800097,0.45,0.45
fig4_immune_onset,909.0000000000001,14.0,,18.701870187018713,2,98,739.0,2026800098,0.45,0.45
fig4_immune_onset,923.0,14.0,,29.577464788732396,2,99,650.0,2026800099,0.45,0.45
fig4_immune_onset,1023.0,14.0,,21.603128054740967,2,100,801.9999999999999,2026800100,0.45,0.45
fig4_immune_onset,1200.0,14.0,,24.583333333333325,2,101,905.0000000000001,2026800101,0.45,0.45
fig4_immune_onset,863.0,14.0,,20.393974507531865,2,102,687.0,2026800102,0.45,0.45
fig4_immune_onset,860.0,14.0,,43.13953488372093,2,103,489.0,2026800103,0.45,0.45
fig4_immune_onset,624.0,14.0,,-2.5641025641025643,2,104,640.0,2026800104,0.45,0.45
fig4_immune_onset,560.0,14.0,,15.357142857142847,2,105,474.00000000000006,2026800105,0.45,0.45
fig4_immune_onset,1000.0,14.0,,19.2,2,106,808.0,2026800106,0.45,0.45
fig4_immune_onset,952.0000000000001,14.0,,24.15966386554623,2,107,722.0,2026800107,0.45,0.45
fig4_immune_onset,710.0,14.0,,16.338028169014084,2,108,594.0,2026800108,0.45,0.45
fig4_immune_onset,649.0,14.0,,25.115562403697997,2,109,486.0,2026800109,0.45,0.45
fig4_immune_onset,831.9999999999999,14.0,,4.9278846153846025,2,110,791.0,2026800110,0.45,0.45
fig4_immune_onset,1064.0,14.0,,29.793233082706767,2,111,747.0,2026800111,0.45,0.45
fig4_immune_onset,536.0,14.0,,26.865671641791046,2,112,392.0,2026800112,0.45,0.45
fig4_immune_onset,801.0,14.0,,37.827715355805246,2,113,498.0,2026800113,0.45,0.45
fig4_immune_onset,906.0,14.0,,13.57615894039735,2,114,783.0,2026800114,0.45,0.45
fig4_immune_onset,868.0,14.0,,18.317972350230416,2,115,709.0,2026800115,0.45,0.45
fig4_immune_onset,756.0,14.0,,14.55026455026455,2,116,646.0,2026800116,0.45,0.45
fig4_immune_onset,678.0,14.0,,14.011799410029498,2,117,583.0,2026800117,0.45,0.45
fig4_immune_onset,716.0,14.0,,0.8379888268156425,2,118,710.0,2026800118,0.45,0.45
fig4_immune_onset,916.9999999999999,14.0,,11.123227917121048,2,119,814.9999999999999,2026800119,0.45,0.45
fig4_immune_onset,880.0,14.0,,15.795454545454545,2,120,741.0,2026800120,0.45,0.45
fig4_immune_onset,810.9999999999999,14.0,,16.64611590628852,2,121,676.0,2026800121,0.45,0.45
fig4_immune_onset,891.0,14.0,,15.37598204264871,2,122,754.0,2026800122,0.45,0.45
fig4_immune_onset,1091.0,14.0,,35.56370302474794,2,123,703.0,2026800123,0.45,0.45
fig4_immune_onset,780.0,14.0,,11.282051282051283,2,124,692.0,2026800124,0.45,0.45
fig4_immune_onset,716.0,14.0,,28.631284916201118,2,125,511.0,2026800125,0.45,0.45
fig4_immune_onset,1014.9999999999999,14.0,,37.339901477832505,2,126,636.0,2026800126,0.45,0.45
fig4_immune_onset,921.0,14.0,,30.944625407166125,2,127,636.0,2026800127,0.45,0.45
fig4_immune_onset,1055.0,14.0,,20.473933649289098,2,128,839.0,2026800128,0.45,0.45
fig4_immune_onset,814.0,14.0,,26.412776412776413,2,129,599.0,2026800129,0.45,0.45
fig4_immune_onset,1225.0,14.0,,33.224489795918366,2,130,818.0,2026800130,0.45,0.45
fig4_immune_onset,850.0000000000001,14.0,,27.411764705882362,2,131,617.0,2026800131,0.45,0.45
fig4_immune_onset,1070.0,14.0,,15.420560747663542,2,132,905.0000000000001,2026800132,0.45,0.45
fig4_immune_onset,946.0,14.0,,21.56448202959831,2,133,742.0,2026800133,0.45,0.45
fig4_immune_onset,553.0,14.0,,12.658227848101266,2,134,483.0,2026800134,0.45,0.45
fig4_immune_onset,674.0,14.0,,-4.896142433234421,2,135,707.0,2026800135,0.45,0.45
fig4_immune_onset,760.0,14.0,,27.36842105263158,2,136,552.0,2026800136,0.45,0.45
fig4_immune_onset,658.0,14.0,,15.045592705167174,2,137,559.0,2026800137,0.45,0.45
fig4_immune_onset,834.0,14.0,,23.02158273381295,2,138,642.0,2026800138,0.45,0.45
fig4_immune_onset,741.0,14.0,,33.19838056680161,2,139,495.00000000000006,2026800139,0.45,0.45
fig4_immune_onset,758.0,14.0,,29.28759894459103,2,140,536.0,2026800140,0.45,0.45
fig4_immune_onset,894.0,14.0,,7.046979865771812,2,141,831.0,2026800141,0.45,0.45
fig4_immune_onset,1366.0,14.0,,33.23572474377745,2,142,912.0,2026800142,0.45,0.45
fig4_immune_onset,925.0,14.0,,25.62162162162162,2,143,688.0,2026800143,0.45,0.45
fig4_immune_onset,640.0,14.0,,14.0625,2,144,550.0,2026800144,0.45,0.45
fig4_immune_onset,876.0,14.0,,15.981735159817351,2,145,736.0,2026800145,0.45,0.45
fig4_immune_onset,769.0,14.0,,21.32639791937581,2,146,605.0,2026800146,0.45,0.45
fig4_immune_onset,1023.0,14.0,,32.25806451612903,2,147,693.0,2026800147,0.45,0.45
fig4_immune_onset,814.0,14.0,,35.62653562653563,2,148,524.0,2026800148,0.45,0.45
fig4_immune_onset,796.0,14.0,,21.105527638190956,2,149,628.0,2026800149,0.45,0.45
fig4_immune_onset,1096.0,14.0,,23.905109489051096,2,150,834.0,2026800150,0.45,0.45
fig4_immune_onset,923.0,14.0,,24.26868905742145,2,151,699.0,2026800151,0.45,0.45
fig4_immune_onset,584.0,14.0,,24.315068493150676,2,152,442.00000000000006,2026800152,0.45,0.45
fig4_immune_onset,764.0,14.0,,33.37696335078534,2,153,509.0,2026800153,0.45,0.45
fig4_immune_onset,854.0000000000001,14.0,,17.91569086651055,2,154,701.0,2026800154,0.45,0.45
fig4_immune_onset,758.0,14.0,,28.496042216358838,2,155,542.0,2026800155,0.45,0.45
fig4_immune_onset,1158.0,14.0,,32.90155440414508,2,156,777.0,2026800156,0.45,0.45
fig4_immune_onset,1040.0,14.0,,21.346153846153847,2,157,818.0,2026800157,0.45,0.45
fig4_immune_onset,886.0,14.0,,12.18961625282167,2,158,778.0,2026800158,0.45,0.45
fig4_immune_onset,593.0,14.0,,20.404721753794266,2,159,472.0,2026800159,0.45,0.45
fig4_immune_onset,532.0,14.0,,0.7518796992481203,2,160,528.0,2026800160,0.45,0.45
fig4_immune_onset,1010.0,14.0,,25.04950495049505,2,161,757.0,2026800161,0.45,0.45
fig4_immune_onset,1102.0,14.0,,34.84573502722323,2,162,718.0,2026800162,0.45,0.45
fig4_immune_onset,567.0,14.0,,12.16931216931217,2,163,498.0,2026800163,0.45,0.45
fig4_immune_onset,716.0,14.0,,8.100558659217876,2,164,658.0,2026800164,0.45,0.45
fig4_immune_onset,566.0,14.0,,25.08833922261484,2,165,424.0,2026800165,0.45,0.45
fig4_immune_onset,563.0,14.0,,11.545293072824157,2,166,498.0,2026800166,0.45,0.45
fig4_immune_onset,801.9999999999999,14.0,,13.466334164588517,2,167,694.0,2026800167,0.45,0.45
fig4_immune_onset,898.0,14.0,,29.175946547884188,2,168,636.0,2026800168,0.45,0.45
fig4_immune_onset,1082.0,14.0,,31.423290203327173,2,169,742.0,2026800169,0.45,0.45
fig4_immune_onset,646.0,14.0,,15.944272445820433,2,170,543.0,2026800170,0.45,0.45
fig4_immune_onset,967.0,14.0,,30.610134436401243,2,171,671.0,2026800171,0.45,0.45
fig4_immune_onset,1365.0,14.0,,28.71794871794871,2,172,973.0000000000001,2026800172,0.45,0.45
fig4_immune_onset,792.0,14.0,,22.727272727272727,2,173,612.0,2026800173,0.45,0.45
fig4_immune_onset,685.0,14.0,,3.3576642335766422,2,174,662.0,2026800174,0.45,0.45
fig4_immune_onset,1113.0,14.0,,24.797843665768184,2,175,837.0000000000001,2026800175,0.45,0.45
fig4_immune_onset,1009.0,14.0,,26.560951437066404,2,176,741.0,2026800176,0.45,0.45
fig4_immune_onset,750.0,14.0,,43.733333333333334,2,177,422.0,2026800177,0.45,0.45
fig4_immune_onset,805.0,14.0,,19.751552795031056,2,178,646.0,2026800178,0.45,0.45
fig4_immune_onset,684.0,14.0,,19.15204678362573,2,179,553.0,2026800179,0.45,0.45
fig4_immune_onset,885.0,14.0,,21.807909604519775,2,180,692.0,2026800180,0.45,0.45
fig4_immune_onset,705.0,14.0,,13.900709219858156,2,181,607.0,2026800181,0.45,0.45
fig4_immune_onset,1118.0,14.0,,45.70661896243291,2,182,607.0,2026800182,0.45,0.45
fig4_immune_onset,553.0,14.0,,26.763110307414106,2,183,405.0,2026800183,0.45,0.45
fig4_immune_onset,604.0,14.0,,30.960264900662253,2,184,417.0,2026800184,0.45,0.45
fig4_immune_onset,814.0,14.0,,20.393120393120395,2,185,648.0,2026800185,0.45,0.45
fig4_immune_onset,797.9999999999999,14.0,,4.7619047619047485,2,186,760.0,2026800186,0.45,0.45
fig4_immune_onset,672.0,14.0,,38.24404761904762,2,187,415.0,2026800187,0.45,0.45
fig4_immune_onset,490.0,14.0,,14.69387755102042,2,188,417.99999999999994,2026800188,0.45,0.45
fig4_immune_onset,1013.0,14.0,,22.8035538005923,2,189,782.0,2026800189,0.45,0.45
fig4_immune_onset,769.0,14.0,,20.156046814044213,2,190,614.0,2026800190,0.45,0.45
fig4_immune_onset,878.9999999999999,14.0,,1.7064846416382125,2,191,864.0,2026800191,0.45,0.45
fig4_immune_onset,743.0,14.0,,9.421265141318978,2,192,673.0,2026800192,0.45,0.45
fig4_immune_onset,716.0,14.0,,-18.854748603351954,2,193,851.0,2026800193,0.45,0.45
fig4_immune_onset,886.9999999999999,14.0,,10.597519729425017,2,194,793.0,2026800194,0.45,0.45
fig4_immune_onset,1067.0,14.0,,27.366447985004687,2,195,775.0,2026800195,0.45,0.45
fig4_immune_onset,799.0000000000001,14.0,,14.518147684605768,2,196,683.0,2026800196,0.45,0.45
fig4_immune_onset,892.0000000000001,14.0,,21.524663677130054,2,197,700.0,2026800197,0.45,0.45
fig4_immune_onset,733.0,14.0,,9.822646657571623,2,198,661.0,2026800198,0.45,0.45
fig4_immune_onset,983.0,14.0,,19.430315361139368,2,199,792.0,2026800199,0.45,0.45
fig4_immune_onset,1097.0,14.0,,31.175934366453966,2,200,755.0,2026800200,0.45,0.45
fig4_immune_onset,675.0,14.0,,18.074074074074073,2,201,553.0,2026800201,0.45,0.45
fig4_immune_onset,826.0,14.0,,18.159806295399516,2,202,676.0,2026800202,0.45,0.45
fig4_immune_onset,959.9999999999999,14.0,,19.37499999999999,2,203,774.0,2026800203,0.45,0.45
fig4_immune_onset,890.0,14.0,,15.393258426966293,2,204,753.0,2026800204,0.45,0.45
fig4_immune_onset,702.0,14.0,,0.9971509971509972,2,205,695.0,2026800205,0.45,0.45
fig4_immune_onset,1091.0,14.0,,30.24747937671861,2,206,761.0,2026800206,0.45,0.45
fig4_immune_onset,756.0,14.0,,36.111111111111114,2,207,483.0,2026800207,0.45,0.45
fig4_immune_onset,813.0,14.0,,29.02829028290283,2,208,577.0,2026800208,0.45,0.45
fig4_immune_onset,869.9999999999999,14.0,,20.57471264367815,2,209,691.0,2026800209,0.45,0.45
fig4_immune_onset,748.0,14.0,,20.855614973262032,2,210,592.0,2026800210,0.45,0.45
fig4_immune_onset,1035.0,14.0,,35.36231884057971,2,211,669.0,2026800211,0.45,0.45
fig4_immune_onset,867.0000000000001,14.0,,44.63667820069205,2,212,479.99999999999994,2026800212,0.45,0.45
fig4_immune_onset,838.0,14.0,,21.241050119331742,2,213,660.0,2026800213,0.45,0.45
fig4_immune_onset,674.0,14.0,,16.617210682492583,2,214,562.0,2026800214,0.45,0.45
fig4_immune_onset,748.0,14.0,,21.122994652406415,2,215,590.0,2026800215,0.45,0.45
fig4_immune_onset,1053.0,14.0,,7.312440645773979,2,216,976.0,2026800216,0.45,0.45
fig4_immune_onset,946.0,14.0,,19.556025369978858,2,217,761.0,2026800217,0.45,0.45
fig4_immune_onset,838.0,14.0,,8.353221957040573,2,218,768.0,2026800218,0.45,0.45
fig4_immune_onset,1165.0,14.0,,24.034334763948497,2,219,885.0,2026800219,0.45,0.45
fig4_immune_onset,635.0,14.0,,11.811023622047244,2,220,560.0,2026800220,0.45,0.45
fig4_immune_onset,628.0,14.0,,28.821656050955415,2,221,447.0,2026800221,0.45,0.45
fig4_immune_onset,929.0,14.0,,12.594187298170075,2,222,812.0,2026800222,0.45,0.45
fig4_immune_onset,1162.0,14.0,,18.502581755593813,2,223,946.9999999999999,2026800223,0.45,0.45
fig4_immune_onset,1221.0,14.0,,41.68714168714169,2,224,712.0,2026800224,0.45,0.45
fig4_immune_onset,752.0,14.0,,16.356382978723403,2,225,629.0,2026800225,0.45,0.45
fig4_immune_onset,1206.0,14.0,,28.275290215588722,2,226,865.0,2026800226,0.45,0.45
fig4_immune_onset,865.0,14.0,,33.52601156069364,2,227,575.0,2026800227,0.45,0.45
fig4_immune_onset,942.9999999999999,14.0,,39.02439024390243,2,228,575.0,2026800228,0.45,0.45
fig4_immune_onset,780.0,14.0,,25.128205128205128,2,229,584.0,2026800229,0.45,0.45
fig4_immune_onset,996.0,14.0,,32.028112449799195,2,230,677.0,2026800230,0.45,0.45
fig4_immune_onset,792.0,14.0,,-13.257575757575758,2,231,897.0,2026800231,0.45,0.45
fig4_immune_onset,963.0,14.0,,18.1723779854621,2,232,788.0,2026800232,0.45,0.45
fig4_immune_onset,984.0,14.0,,30.589430894308943,2,233,683.0,2026800233,0.45,0.45
fig4_immune_onset,1000.0,14.0,,29.3,2,234,707.0,2026800234,0.45,0.45
fig4_immune_onset,829.0,14.0,,25.814234016887816,2,235,615.0,2026800235,0.45,0.45
fig4_immune_onset,869.0,14.0,,5.753739930955134,2,236,818.9999999999999,2026800236,0.45,0.45
fig4_immune_onset,982.0000000000001,14.0,,20.26476578411406,2,237,783.0,2026800237,0.45,0.45
fig4_immune_onset,532.0,14.0,,-2.819548872180451,2,238,547.0,2026800238,0.45,0.45
fig4_immune_onset,999.0000000000001,14.0,,28.128128128128136,2,239,718.0,2026800239,0.45,0.45
fig4_immune_onset,732.0,14.0,,23.497267759562842,2,240,560.0,2026800240,0.45,0.45
fig4_immune_onset,665.0,14.0,,28.421052631578938,2,241,476.00000000000006,2026800241,0.45,0.45
fig4_immune_onset,751.0,14.0,,32.09054593874833,2,242,510.00000000000006,2026800242,0.45,0.45
fig4_immune_onset,761.0,14.0,,10.249671484888305,2,243,683.0,2026800243,0.45,0.45
fig4_immune_onset,801.0,14.0,,23.845193508114857,2,244,610.0,2026800244,0.45,0.45
fig4_immune_onset,765.0,14.0,,27.712418300653596,2,245,553.0,2026800245,0.45,0.45
fig4_immune_onset,932.0,14.0,,5.579399141630901,2,246,880.0,2026800246,0.45,0.45
fig4_immune_onset,923.0,14.0,,19.718309859154928,2,247,741.0,2026800247,0.45,0.45
fig4_immune_onset,886.9999999999999,14.0,,28.86133032694475,2,248,631.0,2026800248,0.45,0.45
fig4_immune_onset,837.0000000000001,14.0,,26.045400238948634,2,249,619.0,2026800249,0.45,0.45
fig4_immune_onset,825.0,14.0,,36.484848484848484,2,250,524.0,2026800250,0.45,0.45
fig4_immune_onset,878.0,14.0,,40.66059225512529,2,251,521.0,2026800251,0.45,0.45
fig4_immune_onset,1017.0,14.0,,10.127826941986234,2,252,914.0,2026800252,0.45,0.45
fig4_immune_onset,966.0,14.0,,27.32919254658385,2,253,702.0,2026800253,0.45,0.45
fig4_immune_onset,959.9999999999999,14.0,,17.291666666666668,2,254,793.9999999999999,2026800254,0.45,0.45
fig4_immune_onset,530.0,14.0,,9.056603773584916,2,255,481.99999999999994,2026800255,0.45,0.45
fig4_immune_onset,929.9999999999999,14.0,,-1.3978494623655915,2,256,942.9999999999999,2026800256,0.45,0.45
fig4_immune_onset,690.0,14.0,,23.333333333333332,2,257,529.0,2026800257,0.45,0.45
fig4_immune_onset,576.0,14.0,,12.152777777777779,2,258,506.0,2026800258,0.45,0.45
fig4_immune_onset,1149.0,14.0,,36.90165361183638,2,259,725.0,2026800259,0.45,0.45
fig4_immune_onset,903.0,14.0,,17.497231450719823,2,260,745.0,2026800260,0.45,0.45
fig4_immune_onset,1155.0,14.0,,34.285714285714285,2,261,759.0,2026800261,0.45,0.45
fig4_immune_onset,685.0,14.0,,16.35036496350365,2,262,573.0,2026800262,0.45,0.45
fig4_immune_onset,770.0,14.0,,26.623376623376622,2,263,565.0,2026800263,0.45,0.45
fig4_immune_onset,726.0,14.0,,30.303030303030305,2,264,506.0,2026800264,0.45,0.45
fig4_immune_onset,958.0,14.0,,21.50313152400835,2,265,752.0,2026800265,0.45,0.45
fig4_immune_onset,1057.0,14.0,,35.76158940397351,2,266,679.0,2026800266,0.45,0.45
fig4_immune_onset,924.0,14.0,,18.614718614718615,2,267,752.0,2026800267,0.45,0.45
fig4_immune_onset,963.0,14.0,,29.49117341640706,2,268,679.0,2026800268,0.45,0.45
fig4_immune_onset,1031.0,14.0,,22.793404461687683,2,269,796.0,2026800269,0.45,0.45
fig4_immune_onset,1008.0,14.0,,5.952380952380942,2,270,948.0000000000001,2026800270,0.45,0.45
fig4_immune_onset,837.0000000000001,14.0,,35.244922341696544,2,271,542.0,2026800271,0.45,0.45
fig4_immune_onset,995.0,14.0,,23.417085427135678,2,272,762.0,2026800272,0.45,0.45
fig4_immune_onset,928.0,14.0,,36.314655172413794,2,273,591.0,2026800273,0.45,0.45
fig4_immune_onset,801.0,14.0,,30.586766541822723,2,274,556.0,2026800274,0.45,0.45
fig4_immune_onset,743.0,14.0,,28.667563930013458,2,275,530.0,2026800275,0.45,0.45
fig4_immune_onset,578.0,14.0,,40.311418685121104,2,276,345.0,2026800276,0.45,0.45
fig4_immune_onset,1016.0000000000001,14.0,,13.287401574803159,2,277,881.0,2026800277,0.45,0.45
fig4_immune_onset,521.0,14.0,,18.234165067178502,2,278,426.0,2026800278,0.45,0.45
fig4_immune_onset,1132.0,14.0,,25.00000000000001,2,279,848.9999999999999,2026800279,0.45,0.45
fig4_immune_onset,755.0,14.0,,30.198675496688743,2,280,527.0,2026800280,0.45,0.45
fig4_immune_onset,704.0,14.0,,25.852272727272727,2,281,522.0,2026800281,0.45,0.45
fig4_immune_onset,1136.0,14.0,,31.778169014084508,2,282,775.0,2026800282,0.45,0.45
fig4_immune_onset,976.9999999999999,14.0,,26.509723643807565,2,283,718.0,2026800283,0.45,0.45
fig4_immune_onset,965.0000000000001,14.0,,16.787564766839377,2,284,803.0000000000001,2026800284,0.45,0.45
fig4_immune_onset,984.0,14.0,,36.28048780487805,2,285,627.0,2026800285,0.45,0.45
fig4_immune_onset,826.0,14.0,,20.581113801452783,2,286,656.0,2026800286,0.45,0.45
fig4_immune_onset,686.0,14.0,,18.513119533527696,2,287,559.0,2026800287,0.45,0.45
fig4_immune_onset,1124.0,14.0,,26.95729537366548,2,288,821.0,2026800288,0.45,0.45
fig4_immune_onset,768.0,14.0,,-5.078125000000015,2,289,807.0000000000001,2026800289,0.45,0.45
fig4_immune_onset,745.0,14.0,,19.59731543624161,2,290,599.0,2026800290,0.45,0.45
fig4_immune_onset,701.0,14.0,,14.693295292439373,2,291,598.0,2026800291,0.45,0.45
fig4_immune_onset,702.0,14.0,,29.914529914529915,2,292,492.0,2026800292,0.45,0.45
fig4_immune_onset,810.0,14.0,,15.925925925925926,2,293,681.0,2026800293,0.45,0.45
fig4_immune_onset,1066.0,14.0,,34.9906191369606,2,294,693.0,2026800294,0.45,0.45
fig4_immune_onset,1026.0,14.0,,27.77777777777778,2,295,741.0,2026800295,0.45,0.45
fig4_immune_onset,653.0,14.0,,37.212863705972424,2,296,410.00000000000006,2026800296,0.45,0.45
fig4_immune_onset,957.0,14.0,,17.763845350052247,2,297,787.0,2026800297,0.45,0.45
fig4_immune_onset,782.0,14.0,,10.741687979539641,2,298,698.0,2026800298,0.45,0.45
fig4_immune_onset,1296.0,14.0,,27.314814814814813,2,299,942.0,2026800299,0.45,0.45
fig4_immune_onset,882.0,14.0,,40.36281179138322,2,300,526.0,2026800300,0.45,0.45
fig4_immune_onset,602.0,14.0,,-0.8305647840531561,2,301,607.0,2026800301,0.45,0.45
fig4_immune_onset,660.0,14.0,,21.666666666666668,2,302,517.0,2026800302,0.45,0.45
fig4_immune_onset,1350.0,14.0,,43.25925925925926,2,303,766.0,2026800303,0.45,0.45
fig4_immune_onset,648.0,14.0,,17.59259259259259,2,304,534.0,2026800304,0.45,0.45
fig4_immune_onset,751.0,14.0,,11.451398135818907,2,305,665.0,2026800305,0.45,0.45
fig4_immune_onset,933.0,14.0,,40.08574490889603,2,306,559.0,2026800306,0.45,0.45
fig4_immune_onset,590.0,14.0,,7.11864406779661,2,307,548.0,2026800307,0.45,0.45
fig4_immune_onset,568.0,14.0,,21.302816901408452,2,308,447.0,2026800308,0.45,0.45
fig4_immune_onset,1160.0,14.0,,39.48275862068966,2,309,702.0,2026800309,0.45,0.45
fig4_immune_onset,614.0,14.0,,3.583061889250814,2,310,592.0,2026800310,0.45,0.45
fig4_immune_onset,840.0,14.0,,10.0,2,311,756.0,2026800311,0.45,0.45
fig4_immune_onset,1000.0,14.0,,28.2,2,312,718.0,2026800312,0.45,0.45
fig4_immune_onset,852.0,14.0,,27.347417840375588,2,313,619.0,2026800313,0.45,0.45
fig4_immune_onset,606.0,14.0,,24.422442244224424,2,314,458.0,2026800314,0.45,0.45
fig4_immune_onset,961.0,14.0,,20.29136316337149,2,315,766.0,2026800315,0.45,0.45
fig4_immune_onset,936.0,14.0,,24.465811965811966,2,316,707.0,2026800316,0.45,0.45
fig4_immune_onset,639.0,14.0,,10.328638497652582,2,317,573.0,2026800317,0.45,0.45
fig4_immune_onset,901.0000000000001,14.0,,30.85460599334074,2,318,623.0,2026800318,0.45,0.45
fig4_immune_onset,854.0000000000001,14.0,,33.489461358313825,2,319,568.0,2026800319,0.45,0.45
fig4_immune_onset,712.0,14.0,,9.269662921348315,2,320,646.0,2026800320,0.45,0.45
fig4_immune_onset,932.0,14.0,,14.914163090128755,2,321,793.0,2026800321,0.45,0.45
fig4_immune_onset,661.0,14.0,,28.895612708018156,2,322,470.0,2026800322,0.45,0.45
fig4_immune_onset,639.0,14.0,,18.9358372456964,2,323,518.0,2026800323,0.45,0.45
fig4_immune_onset,989.0,14.0,,26.08695652173913,2,324,731.0,2026800324,0.45,0.45
fig4_immune_onset,795.0,14.0,,40.0,2,325,477.0,2026800325,0.45,0.45
fig4_immune_onset,844.9999999999999,14.0,,27.573964497041413,2,326,612.0,2026800326,0.45,0.45
fig4_immune_onset,779.0,14.0,,32.47753530166881,2,327,526.0,2026800327,0.45,0.45
fig4_immune_onset,601.0,14.0,,21.46422628951747,2,328,472.0,2026800328,0.45,0.45
fig4_immune_onset,488.0,14.0,,22.950819672131146,2,329,376.0,2026800329,0.45,0.45
fig4_immune_onset,818.0,14.0,,24.08312958435208,2,330,621.0,2026800330,0.45,0.45
fig4_immune_onset,545.0,14.0,,22.75229357798165,2,331,421.0,2026800331,0.45,0.45
fig4_immune_onset,762.0,14.0,,8.79265091863517,2,332,695.0,2026800332,0.45,0.45
fig4_immune_onset,859.0,14.0,,27.47380675203725,2,333,623.0,2026800333,0.45,0.45
fig4_immune_onset,983.0,14.0,,14.547304170905392,2,334,840.0,2026800334,0.45,0.45
fig4_immune_onset,1034.0,14.0,,29.78723404255319,2,335,726.0,2026800335,0.45,0.45
fig4_immune_onset,928.0,14.0,,15.193965517241379,2,336,787.0,2026800336,0.45,0.45
fig4_immune_onset,929.0,14.0,,35.09149623250807,2,337,603.0,2026800337,0.45,0.45
fig4_immune_onset,1076.0,14.0,,16.91449814126394,2,338,894.0,2026800338,0.45,0.45
fig4_immune_onset,708.0,14.0,,23.44632768361582,2,339,542.0,2026800339,0.45,0.45
fig4_immune_onset,801.0,14.0,,15.85518102372035,2,340,674.0,2026800340,0.45,0.45
fig4_immune_onset,772.0,14.0,,15.025906735751295,2,341,656.0,2026800341,0.45,0.45
fig4_immune_onset,1072.0,14.0,,20.335820895522378,2,342,854.0000000000001,2026800342,0.45,0.45
fig4_immune_onset,764.0,14.0,,27.486910994764397,2,343,554.0,2026800343,0.45,0.45
fig4_immune_onset,928.0,14.0,,22.30603448275862,2,344,721.0,2026800344,0.45,0.45
fig4_immune_onset,1039.0,14.0,,30.895091434071222,2,345,718.0,2026800345,0.45,0.45
fig4_immune_onset,874.0,14.0,,32.837528604118994,2,346,587.0,2026800346,0.45,0.45
fig4_immune_onset,957.0,14.0,,22.25705329153605,2,347,744.0,2026800347,0.45,0.45
fig4_immune_onset,827.9999999999999,14.0,,15.458937198067622,2,348,700.0,2026800348,0.45,0.45
fig4_immune_onset,521.0,14.0,,13.62763915547026,2,349,449.99999999999994,2026800349,0.45,0.45
fig4_immune_onset,710.0,14.0,,27.464788732394368,2,350,515.0,2026800350,0.45,0.45
fig4_immune_onset,777.0,14.0,,31.01673101673102,2,351,536.0,2026800351,0.45,0.45
fig4_immune_onset,1250.0,14.0,,30.8,2,352,865.0,2026800352,0.45,0.45
fig4_immune_onset,1150.0,14.0,,32.43478260869565,2,353,777.0,2026800353,0.45,0.45
fig4_immune_onset,897.0,14.0,,20.624303232998884,2,354,712.0,2026800354,0.45,0.45
fig4_immune_onset,1112.0,14.0,,27.787769784172653,2,355,803.0000000000001,2026800355,0.45,0.45
fig4_immune_onset,564.0,14.0,,25.886524822695044,2,356,417.99999999999994,2026800356,0.45,0.45
fig4_immune_onset,587.0,14.0,,27.76831345826235,2,357,424.0,2026800357,0.45,0.45
fig4_immune_onset,784.0,14.0,,27.806122448979593,2,358,566.0,2026800358,0.45,0.45
fig4_immune_onset,1117.0,14.0,,32.13965980304387,2,359,758.0,2026800359,0.45,0.45
fig4_immune_onset,684.0,14.0,,16.52046783625731,2,360,571.0,2026800360,0.45,0.45
fig4_immune_onset,634.0,14.0,,27.129337539432175,2,361,462.0,2026800361,0.45,0.45
fig4_immune_onset,864.0,14.0,,33.7962962962963,2,362,572.0,2026800362,0.45,0.45
fig4_immune_onset,1131.0,14.0,,28.558797524314766,2,363,808.0,2026800363,0.45,0.45
fig4_immune_onset,702.0,14.0,,30.91168091168091,2,364,485.0,2026800364,0.45,0.45
fig4_immune_onset,1078.0,14.0,,27.458256029684602,2,365,782.0,2026800365,0.45,0.45
fig4_immune_onset,854.0000000000001,14.0,,28.220140515222493,2,366,613.0,2026800366,0.45,0.45
fig4_immune_onset,799.0000000000001,14.0,,23.779724655819784,2,367,609.0,2026800367,0.45,0.45
fig4_immune_onset,957.0,14.0,,25.391849529780565,2,368,714.0,2026800368,0.45,0.45
fig4_immune_onset,1123.0,14.0,,38.73552983081033,2,369,688.0,2026800369,0.45,0.45
fig4_immune_onset,590.0,14.0,,-3.7288135593220337,2,370,612.0,2026800370,0.45,0.45
fig4_immune_onset,1334.0,14.0,,25.862068965517242,2,371,989.0,2026800371,0.45,0.45
fig4_immune_onset,851.0,14.0,,28.554641598119858,2,372,608.0,2026800372,0.45,0.45
fig4_immune_onset,619.0,14.0,,1.1308562197092085,2,373,612.0,2026800373,0.45,0.45
fig4_immune_onset,702.0,14.0,,15.384615384615385,2,374,594.0,2026800374,0.45,0.45
fig4_immune_onset,796.0,14.0,,31.155778894472363,2,375,548.0,2026800375,0.45,0.45
fig4_immune_onset,859.0,14.0,,3.143189755529699,2,376,831.9999999999999,2026800376,0.45,0.45
fig4_immune_onset,961.0,14.0,,2.70551508844952,2,377,935.0000000000001,2026800377,0.45,0.45
fig4_immune_onset,875.0000000000001,14.0,,8.457142857142868,2,378,801.0,2026800378,0.45,0.45
fig4_immune_onset,889.0,14.0,,24.409448818897637,2,379,672.0,2026800379,0.45,0.45
fig4_immune_onset,956.0000000000001,14.0,,20.815899581589967,2,380,757.0,2026800380,0.45,0.45
fig4_immune_onset,945.0,14.0,,23.174603174603174,2,381,726.0,2026800381,0.45,0.45
fig4_immune_onset,809.0,14.0,,17.428924598269468,2,382,668.0,2026800382,0.45,0.45
fig4_immune_onset,778.0,14.0,,38.560411311053976,2,383,478.00000000000006,2026800383,0.45,0.45
fig4_immune_onset,686.0,14.0,,26.38483965014577,2,384,505.0,2026800384,0.45,0.45
fig4_immune_onset,679.0,14.0,,-17.378497790868924,2,385,797.0,2026800385,0.45,0.45
fig4_immune_onset,967.9999999999999,14.0,,29.648760330578504,2,386,681.0,2026800386,0.45,0.45
fig4_immune_onset,820.0000000000001,14.0,,5.243902439024403,2,387,777.0,2026800387,0.45,0.45
fig4_immune_onset,604.0,14.0,,6.788079470198675,2,388,563.0,2026800388,0.45,0.45
fig4_immune_onset,1088.0,14.0,,13.327205882352951,2,389,942.9999999999999,2026800389,0.45,0.45
fig4_immune_onset,483.99999999999994,14.0,,12.80991735537189,2,390,422.0,2026800390,0.45,0.45
fig4_immune_onset,813.0,14.0,,17.958179581795818,2,391,667.0,2026800391,0.45,0.45
fig4_immune_onset,1118.0,14.0,,22.5402504472272,2,392,865.9999999999999,2026800392,0.45,0.45
fig4_immune_onset,1221.0,14.0,,40.13104013104013,2,393,731.0,2026800393,0.45,0.45
fig4_immune_onset,872.0,14.0,,24.655963302752294,2,394,657.0,2026800394,0.45,0.45
fig4_immune_onset,791.0,14.0,,3.5398230088495577,2,395,763.0,2026800395,0.45,0.45
fig4_immune_onset,755.0,14.0,,14.56953642384106,2,396,645.0,2026800396,0.45,0.45
fig4_immune_onset,681.0,14.0,,34.06754772393539,2,397,449.0,2026800397,0.45,0.45
fig4_immune_onset,1042.0,14.0,,16.794625719769662,2,398,867.0000000000001,2026800398,0.45,0.45
fig4_immune_onset,899.9999999999999,14.0,,26.777777777777768,2,399,659.0,2026800399,0.45,0.45
fig4_immune_onset,1149.0,14.0,,36.98868581375109,2,400,724.0,2026800400,0.45,0.45
fig4_immune_onset,877.0,14.0,,36.830102622576966,2,401,554.0,2026800401,0.45,0.45
fig4_immune_onset,959.9999999999999,14.0,,34.47916666666666,2,402,629.0,2026800402,0.45,0.45
fig4_immune_onset,949.0,14.0,,32.03371970495258,2,403,645.0,2026800403,0.45,0.45
fig4_immune_onset,727.0,14.0,,35.075653370013754,2,404,472.0,2026800404,0.45,0.45
fig4_immune_onset,805.0,14.0,,25.46583850931677,2,405,600.0,2026800405,0.45,0.45
fig4_immune_onset,956.0000000000001,14.0,,16.317991631799174,2,406,800.0,2026800406,0.45,0.45
fig4_immune_onset,650.0,14.0,,29.846153846153847,2,407,456.0,2026800407,0.45,0.45
fig4_immune_onset,646.0,14.0,,16.71826625386997,2,408,538.0,2026800408,0.45,0.45
fig4_immune_onset,899.0,14.0,,39.59955506117909,2,409,543.0,2026800409,0.45,0.45
fig4_immune_onset,1066.0,14.0,,17.073170731707307,2,410,884.0000000000001,2026800410,0.45,0.45
fig4_immune_onset,774.0,14.0,,22.22222222222222,2,411,602.0,2026800411,0.45,0.45
fig4_immune_onset,580.0,14.0,,35.689655172413794,2,412,373.0,2026800412,0.45,0.45
fig4_immune_onset,922.0000000000001,14.0,,23.101952277657276,2,413,709.0,2026800413,0.45,0.45
fig4_immune_onset,842.0,14.0,,12.351543942992874,2,414,738.0,2026800414,0.45,0.45
fig4_immune_onset,792.0,14.0,,23.358585858585858,2,415,607.0,2026800415,0.45,0.45
fig4_immune_onset,872.0,14.0,,34.174311926605505,2,416,574.0,2026800416,0.45,0.45
fig4_immune_onset,860.0,14.0,,19.767441860465116,2,417,690.0,2026800417,0.45,0.45
fig4_immune_onset,1013.0,14.0,,13.030602171767029,2,418,881.0,2026800418,0.45,0.45
fig4_immune_onset,1010.9999999999999,14.0,,24.826904055390695,2,419,760.0,2026800419,0.45,0.45
fig4_immune_onset,874.0,14.0,,35.24027459954233,2,420,566.0,2026800420,0.45,0.45
fig4_immune_onset,668.0,14.0,,15.119760479041917,2,421,567.0,2026800421,0.45,0.45
fig4_immune_onset,871.0000000000001,14.0,,29.506314580941456,2,422,614.0,2026800422,0.45,0.45
fig4_immune_onset,954.0,14.0,,33.333333333333336,2,423,636.0,2026800423,0.45,0.45
fig4_immune_onset,731.0,14.0,,32.01094391244871,2,424,496.99999999999994,2026800424,0.45,0.45
fig4_immune_onset,797.0,14.0,,24.341279799247175,2,425,603.0,2026800425,0.45,0.45
fig4_immune_onset,634.0,14.0,,11.198738170347003,2,426,563.0,2026800426,0.45,0.45
fig4_immune_onset,881.0,14.0,,16.572077185017026,2,427,735.0,2026800427,0.45,0.45
fig4_immune_onset,909.0000000000001,14.0,,32.8932893289329,2,428,610.0,2026800428,0.45,0.45
fig4_immune_onset,780.0,14.0,,18.846153846153847,2,429,633.0,2026800429,0.45,0.45
fig4_immune_onset,632.0,14.0,,28.00632911392405,2,430,455.0,2026800430,0.45,0.45
fig4_immune_onset,850.0000000000001,14.0,,25.52941176470589,2,431,633.0,2026800431,0.45,0.45
fig4_immune_onset,1152.0,14.0,,29.51388888888889,2,432,812.0,2026800432,0.45,0.45
fig4_immune_onset,1119.0,14.0,,29.490616621983914,2,433,789.0,2026800433,0.45,0.45
fig4_immune_onset,756.0,14.0,,28.703703703703702,2,434,539.0,2026800434,0.45,0.45
fig4_immune_onset,1216.0,14.0,,39.473684210526315,2,435,736.0,2026800435,0.45,0.45
fig4_immune_onset,949.0,14.0,,26.027397260273972,2,436,702.0,2026800436,0.45,0.45
fig4_immune_onset,1144.0,14.0,,40.20979020979021,2,437,684.0,2026800437,0.45,0.45
fig4_immune_onset,612.0,14.0,,33.49673202614379,2,438,407.0,2026800438,0.45,0.45
fig4_immune_onset,727.0,14.0,,10.866574965612104,2,439,648.0,2026800439,0.45,0.45
fig4_immune_onset,854.0000000000001,14.0,,26.932084309133497,2,440,624.0,2026800440,0.45,0.45
fig4_immune_onset,880.0,14.0,,47.04545454545455,2,441,466.0,2026800441,0.45,0.45
fig4_immune_onset,821.0,14.0,,27.28380024360536,2,442,597.0,2026800442,0.45,0.45
fig4_immune_onset,863.0,14.0,,10.196987253765933,2,443,775.0,2026800443,0.45,0.45
fig4_immune_onset,837.0000000000001,14.0,,30.82437275985664,2,444,579.0,2026800444,0.45,0.45
fig4_immune_onset,805.0,14.0,,22.981366459627328,2,445,620.0,2026800445,0.45,0.45
fig4_immune_onset,1021.0,14.0,,33.888344760039175,2,446,675.0,2026800446,0.45,0.45
fig4_immune_onset,745.0,14.0,,44.83221476510067,2,447,411.0,2026800447,0.45,0.45
fig4_immune_onset,772.0,14.0,,26.036269430051814,2,448,571.0,2026800448,0.45,0.45
fig4_immune_onset,741.0,14.0,,39.67611336032389,2,449,447.0,2026800449,0.45,0.45
fig4_immune_onset,921.0,14.0,,20.41259500542888,2,450,733.0,2026800450,0.45,0.45
fig4_immune_onset,897.0,14.0,,20.512820512820515,2,451,713.0,2026800451,0.45,0.45
fig4_immune_onset,1053.0,14.0,,23.266856600189932,2,452,808.0,2026800452,0.45,0.45
fig4_immune_onset,464.99999999999994,14.0,,15.053763440860193,2,453,395.00000000000006,2026800453,0.45,0.45
fig4_immune_onset,789.0,14.0,,7.731305449936628,2,454,728.0,2026800454,0.45,0.45
fig4_immune_onset,581.0,14.0,,14.457831325301214,2,455,496.99999999999994,2026800455,0.45,0.45
fig4_immune_onset,637.0,14.0,,32.33908948194664,2,456,430.99999999999994,2026800456,0.45,0.45
fig4_immune_onset,850.0000000000001,14.0,,51.64705882352942,2,457,411.0,2026800457,0.45,0.45
fig4_immune_onset,829.0,14.0,,5.790108564535585,2,458,781.0,2026800458,0.45,0.45
fig4_immune_onset,1065.0,14.0,,27.230046948356808,2,459,775.0,2026800459,0.45,0.45
fig4_immune_onset,844.0,14.0,,28.080568720379148,2,460,607.0,2026800460,0.45,0.45
fig4_immune_onset,676.0,14.0,,-4.881656804733728,2,461,709.0,2026800461,0.45,0.45
fig4_immune_onset,1291.0,14.0,,23.00542215336949,2,462,993.9999999999999,2026800462,0.45,0.45
fig4_immune_onset,912.9999999999999,14.0,,21.029572836801744,2,463,721.0,2026800463,0.45,0.45
fig4_immune_onset,598.0,14.0,,38.12709030100334,2,464,370.0,2026800464,0.45,0.45
fig4_immune_onset,1146.0,14.0,,41.01221640488656,2,465,676.0,2026800465,0.45,0.45
fig4_immune_onset,625.0,14.0,,12.96,2,466,544.0,2026800466,0.45,0.45
fig4_immune_onset,814.9999999999999,14.0,,34.96932515337422,2,467,530.0,2026800467,0.45,0.45
fig4_immune_onset,899.9999999999999,14.0,,25.666666666666657,2,468,669.0,2026800468,0.45,0.45
fig4_immune_onset,710.0,14.0,,21.830985915492956,2,469,555.0,2026800469,0.45,0.45
fig4_immune_onset,978.0,14.0,,35.58282208588957,2,470,630.0,2026800470,0.45,0.45
fig4_immune_onset,600.0,14.0,,41.333333333333336,2,471,352.0,2026800471,0.45,0.45
fig4_immune_onset,544.0,14.0,,4.595588235294118,2,472,519.0,2026800472,0.45,0.45
fig4_immune_onset,586.0,14.0,,17.576791808873722,2,473,483.0,2026800473,0.45,0.45
fig4_immune_onset,823.0,14.0,,29.404617253948967,2,474,581.0,2026800474,0.45,0.45
fig4_immune_onset,662.0,14.0,,2.2658610271903323,2,475,647.0,2026800475,0.45,0.45
fig4_immune_onset,721.0,14.0,,14.147018030513177,2,476,619.0,2026800476,0.45,0.45
fig4_immune_onset,898.0,14.0,,23.2739420935412,2,477,689.0,2026800477,0.45,0.45
fig4_immune_onset,597.0,14.0,,31.155778894472363,2,478,411.0,2026800478,0.45,0.45
fig4_immune_onset,653.0,14.0,,29.862174578866767,2,479,458.0,2026800479,0.45,0.45
fig4_immune_onset,859.0,14.0,,15.133876600698487,2,480,729.0,2026800480,0.45,0.45
fig4_immune_onset,871.0000000000001,14.0,,45.464982778415624,2,481,475.0,2026800481,0.45,0.45
fig4_immune_onset,665.0,14.0,,42.857142857142854,2,482,380.0,2026800482,0.45,0.45
fig4_immune_onset,997.9999999999999,14.0,,35.97194388777554,2,483,639.0,2026800483,0.45,0.45
fig4_immune_onset,834.0,14.0,,20.503597122302157,2,484,663.0,2026800484,0.45,0.45
fig4_immune_onset,895.9999999999999,14.0,,13.504464285714276,2,485,775.0,2026800485,0.45,0.45
fig4_immune_onset,980.0,14.0,,39.795918367346935,2,486,590.0,2026800486,0.45,0.45
fig4_immune_onset,764.0,14.0,,-3.9267015706806134,2,487,793.9999999999999,2026800487,0.45,0.45
fig4_immune_onset,864.0,14.0,,35.763888888888886,2,488,555.0,2026800488,0.45,0.45
fig4_immune_onset,1136.0,14.0,,29.929577464788732,2,489,796.0,2026800489,0.45,0.45
fig4_immune_onset,882.9999999999999,14.0,,-1.0192525481313963,2,490,892.0000000000001,2026800490,0.45,0.45
fig4_immune_onset,1004.0,14.0,,33.06772908366534,2,491,672.0,2026800491,0.45,0.45
fig4_immune_onset,733.0,14.0,,28.922237380627557,2,492,521.0,2026800492,0.45,0.45
fig4_immune_onset,745.0,14.0,,7.785234899328859,2,493,687.0,2026800493,0.45,0.45
fig4_immune_onset,979.0,14.0,,30.745658835546475,2,494,678.0,2026800494,0.45,0.45
fig4_immune_onset,748.0,14.0,,32.085561497326196,2,495,508.00000000000006,2026800495,0.45,0.45
fig4_immune_onset,912.0,14.0,,0.7675438596491103,2,496,905.0000000000001,2026800496,0.45,0.45
fig4_immune_onset,652.0,14.0,,5.828220858895706,2,497,614.0,2026800497,0.45,0.45
fig4_immune_onset,724.0,14.0,,37.29281767955801,2,498,454.0,2026800498,0.45,0.45
fig4_immune_onset,954.0,14.0,,24.21383647798742,2,499,723.0,2026800499,0.45,0.45
fig4_immune_onset,996.0,14.0,,15.36144578313253,2,500,843.0,2026800500,0.45,0.45
fig4_immune_onset,1104.0,14.0,,18.75,2,501,897.0,2026800501,0.45,0.45
fig4_immune_onset,895.9999999999999,14.0,,23.43749999999999,2,502,686.0,2026800502,0.45,0.45
fig4_immune_onset,655.0,14.0,,20.30534351145038,2,503,522.0,2026800503,0.45,0.45
fig4_immune_onset,1035.0,14.0,,40.966183574879224,2,504,611.0,2026800504,0.45,0.45
fig4_immune_onset,841.0000000000001,14.0,,8.799048751486337,2,505,767.0,2026800505,0.45,0.45
fig4_immune_onset,1121.0,14.0,,21.141837644959846,2,506,884.0000000000001,2026800506,0.45,0.45
fig4_immune_onset,1061.0,14.0,,16.39962299717249,2,507,886.9999999999999,2026800507,0.45,0.45
fig4_immune_onset,911.0,14.0,,29.198682766191,2,508,645.0,2026800508,0.45,0.45
fig4_immune_onset,691.0,14.0,,33.86396526772793,2,509,457.0,2026800509,0.45,0.45
fig4_immune_onset,744.0,14.0,,1.2096774193548387,2,510,735.0,2026800510,0.45,0.45
fig4_immune_onset,519.0,14.0,,11.17533718689787,2,511,461.00000000000006,2026800511,0.45,0.45
fig4_immune_onset,583.0,14.0,,10.120068610634648,2,512,524.0,2026800512,0.45,0.45
fig4_immune_onset,938.0,14.0,,26.652452025586353,2,513,688.0,2026800513,0.45,0.45
fig4_immune_onset,1287.0,14.0,,22.22222222222222,2,514,1001.0,2026800514,0.45,0.45
fig4_immune_onset,1082.0,14.0,,34.750462107208875,2,515,706.0,2026800515,0.45,0.45
fig4_immune_onset,643.0,14.0,,19.12908242612753,2,516,520.0,2026800516,0.45,0.45
fig4_immune_onset,1357.0,14.0,,27.11864406779661,2,517,989.0,2026800517,0.45,0.45
fig4_immune_onset,674.0,14.0,,28.041543026706233,2,518,485.0,2026800518,0.45,0.45
fig4_immune_onset,654.0,14.0,,2.90519877675841,2,519,635.0,2026800519,0.45,0.45
fig4_immune_onset,878.0,14.0,,0.11389521640091116,2,520,877.0,2026800520,0.45,0.45
fig4_immune_onset,850.0000000000001,14.0,,35.176470588235304,2,521,551.0,2026800521,0.45,0.45
fig4_immune_onset,613.0,14.0,,15.497553017944535,2,522,518.0,2026800522,0.45,0.45
fig4_immune_onset,732.0,14.0,,-0.9562841530054644,2,523,739.0,2026800523,0.45,0.45
fig4_immune_onset,768.0,14.0,,25.78125,2,524,570.0,2026800524,0.45,0.45
fig4_immune_onset,718.0,14.0,,17.409470752089135,2,525,593.0,2026800525,0.45,0.45
fig4_immune_onset,1021.0,14.0,,26.05288932419197,2,526,755.0,2026800526,0.45,0.45
fig4_immune_onset,963.9999999999999,14.0,,20.124481327800822,2,527,770.0,2026800527,0.45,0.45
fig4_immune_onset,893.0,14.0,,26.98768197088466,2,528,652.0,2026800528,0.45,0.45
fig4_immune_onset,671.0,14.0,,17.58569299552906,2,529,553.0,2026800529,0.45,0.45
fig4_immune_onset,980.9999999999999,14.0,,19.06218144750255,2,530,793.9999999999999,2026800530,0.45,0.45
fig4_immune_onset,674.0,14.0,,25.37091988130564,2,531,503.0,2026800531,0.45,0.45
fig4_immune_onset,854.0000000000001,14.0,,17.798594847775185,2,532,702.0,2026800532,0.45,0.45
fig4_immune_onset,971.0,14.0,,30.587023686920702,2,533,674.0,2026800533,0.45,0.45
fig4_immune_onset,458.0,14.0,,28.16593886462882,2,534,329.0,2026800534,0.45,0.45
fig4_immune_onset,668.0,14.0,,14.820359281437126,2,535,569.0,2026800535,0.45,0.45
fig4_immune_onset,692.0,14.0,,24.277456647398843,2,536,524.0,2026800536,0.45,0.45
fig4_immune_onset,801.9999999999999,14.0,,28.678304239401488,2,537,572.0,2026800537,0.45,0.45
fig4_immune_onset,771.0,14.0,,28.14526588845655,2,538,554.0,2026800538,0.45,0.45
fig4_immune_onset,1323.0,14.0,,32.8798185941043,2,539,888.0000000000001,2026800539,0.45,0.45
fig4_immune_onset,671.0,14.0,,11.922503725782414,2,540,591.0,2026800540,0.45,0.45
fig4_immune_onset,886.9999999999999,14.0,,20.40586245772265,2,541,706.0,2026800541,0.45,0.45
fig4_immune_onset,956.0000000000001,14.0,,37.133891213389134,2,542,601.0,2026800542,0.45,0.45
fig4_immune_onset,710.0,14.0,,30.28169014084506,2,543,495.00000000000006,2026800543,0.45,0.45
fig4_immune_onset,1136.0,14.0,,22.447183098591548,2,544,881.0,2026800544,0.45,0.45
fig4_immune_onset,950.9999999999999,14.0,,21.556256572029433,2,545,746.0,2026800545,0.45,0.45
fig4_immune_onset,664.0,14.0,,3.1626506024096384,2,546,643.0,2026800546,0.45,0.45
fig4_immune_onset,907.0,14.0,,26.460859977949283,2,547,667.0,2026800547,0.45,0.45
fig4_immune_onset,967.0,14.0,,16.649431230610134,2,548,806.0,2026800548,0.45,0.45
fig4_immune_onset,1216.0,14.0,,23.4375,2,549,931.0,2026800549,0.45,0.45
fig4_immune_onset,659.0,14.0,,22.154779969650985,2,550,513.0,2026800550,0.45,0.45
fig4_immune_onset,792.0,14.0,,13.51010101010101,2,551,685.0,2026800551,0.45,0.45
fig4_immune_onset,903.0,14.0,,21.040974529346624,2,552,713.0,2026800552,0.45,0.45
fig4_immune_onset,903.0,14.0,,1.8826135105204873,2,553,886.0,2026800553,0.45,0.45
fig4_immune_onset,768.0,14.0,,28.90625,2,554,546.0,2026800554,0.45,0.45
fig4_immune_onset,792.0,14.0,,42.42424242424242,2,555,456.0,2026800555,0.45,0.45
fig4_immune_onset,742.0,14.0,,0.40431266846361186,2,556,739.0,2026800556,0.45,0.45
fig4_immune_onset,553.0,14.0,,18.44484629294756,2,557,451.0,2026800557,0.45,0.45
fig4_immune_onset,897.0,14.0,,31.884057971014492,2,558,611.0,2026800558,0.45,0.45
fig4_immune_onset,748.0,14.0,,7.0855614973262036,2,559,695.0,2026800559,0.45,0.45
fig4_immune_onset,1038.0,14.0,,19.556840077071293,2,560,835.0,2026800560,0.45,0.45
fig4_immune_onset,420.0,14.0,,-1.4285714285714286,2,561,426.0,2026800561,0.45,0.45
fig4_immune_onset,865.0,14.0,,31.791907514450866,2,562,590.0,2026800562,0.45,0.45
fig4_immune_onset,878.0,14.0,,28.929384965831435,2,563,624.0,2026800563,0.45,0.45
fig4_immune_onset,912.0,14.0,,26.75438596491228,2,564,668.0,2026800564,0.45,0.45
fig4_immune_onset,831.0,14.0,,23.22503008423586,2,565,638.0,2026800565,0.45,0.45
fig4_immune_onset,717.0,14.0,,23.570432357043234,2,566,548.0,2026800566,0.45,0.45
fig4_immune_onset,603.0,14.0,,28.68988391376451,2,567,430.0,2026800567,0.45,0.45
fig4_immune_onset,669.0,14.0,,31.2406576980568,2,568,460.0,2026800568,0.45,0.45
fig4_immune_onset,718.0,14.0,,22.144846796657383,2,569,559.0,2026800569,0.45,0.45
fig4_immune_onset,1242.0,14.0,,20.45088566827697,2,570,988.0,2026800570,0.45,0.45
fig4_immune_onset,929.9999999999999,14.0,,38.06451612903225,2,571,576.0,2026800571,0.45,0.45
fig4_immune_onset,651.0,14.0,,49.92319508448541,2,572,326.0,2026800572,0.45,0.45
fig4_immune_onset,795.0,14.0,,22.89308176100629,2,573,613.0,2026800573,0.45,0.45
fig4_immune_onset,1025.0,14.0,,31.024390243902438,2,574,707.0,2026800574,0.45,0.45
fig4_immune_onset,989.0,14.0,,34.378159757330636,2,575,649.0,2026800575,0.45,0.45
fig4_immune_onset,940.0,14.0,,24.46808510638298,2,576,710.0,2026800576,0.45,0.45
fig4_immune_onset,848.9999999999999,14.0,,38.98704358068314,2,577,518.0,2026800577,0.45,0.45
fig4_immune_onset,872.0,14.0,,17.775229357798164,2,578,717.0,2026800578,0.45,0.45
fig4_immune_onset,831.0,14.0,,31.167268351383875,2,579,572.0,2026800579,0.45,0.45
fig4_immune_onset,767.0,14.0,,32.85528031290743,2,580,515.0,2026800580,0.45,0.45
fig4_immune_onset,546.0,14.0,,25.641025641025642,2,581,406.0,2026800581,0.45,0.45
fig4_immune_onset,995.0,14.0,,33.165829145728644,2,582,665.0,2026800582,0.45,0.45
fig4_immune_onset,920.0,14.0,,25.0,2,583,690.0,2026800583,0.45,0.45
fig4_immune_onset,648.0,14.0,,-2.006172839506173,2,584,661.0,2026800584,0.45,0.45
fig4_immune_onset,797.0,14.0,,23.212045169385195,2,585,612.0,2026800585,0.45,0.45
fig4_immune_onset,649.0,14.0,,30.046224961479197,2,586,454.0,2026800586,0.45,0.45
fig4_immune_onset,760.0,14.0,,15.0,2,587,646.0,2026800587,0.45,0.45
fig4_immune_onset,681.0,14.0,,3.5242290748898677,2,588,657.0,2026800588,0.45,0.45
fig4_immune_onset,724.0,14.0,,20.85635359116022,2,589,573.0,2026800589,0.45,0.45
fig4_immune_onset,727.0,14.0,,4.53920220082531,2,590,694.0,2026800590,0.45,0.45
fig4_immune_onset,868.0,14.0,,9.447004608294918,2,591,786.0000000000001,2026800591,0.45,0.45
fig4_immune_onset,539.0,14.0,,20.59369202226345,2,592,428.0,2026800592,0.45,0.45
fig4_immune_onset,709.0,14.0,,18.053596614950635,2,593,581.0,2026800593,0.45,0.45
fig4_immune_onset,759.0,14.0,,13.96574440052701,2,594,653.0,2026800594,0.45,0.45
fig4_immune_onset,1005.0,14.0,,25.970149253731343,2,595,744.0,2026800595,0.45,0.45
fig4_immune_onset,538.0,14.0,,10.966542750929367,2,596,479.0,2026800596,0.45,0.45
fig4_immune_onset,532.0,14.0,,9.586466165413533,2,597,481.0,2026800597,0.45,0.45
fig4_immune_onset,838.0,14.0,,23.389021479713605,2,598,642.0,2026800598,0.45,0.45
fig4_immune_onset,1027.0,14.0,,41.67478091528724,2,599,599.0,2026800599,0.45,0.45
fig4_immune_onset,749.0,14.0,,24.432576769025367,2,600,566.0,2026800600,0.45,0.45
fig4_immune_onset,644.0,14.0,,28.571428571428573,2,601,460.0,2026800601,0.45,0.45
fig4_immune_onset,589.0,14.0,,23.08998302207131,2,602,453.0,2026800602,0.45,0.45
fig4_immune_onset,933.0,14.0,,32.58306538049303,2,603,629.0,2026800603,0.45,0.45
fig4_immune_onset,701.0,14.0,,19.115549215406563,2,604,567.0,2026800604,0.45,0.45
fig4_immune_onset,774.0,14.0,,39.276485788113696,2,605,470.0,2026800605,0.45,0.45
fig4_immune_onset,884.0000000000001,14.0,,15.950226244343902,2,606,743.0,2026800606,0.45,0.45
fig4_immune_onset,1078.0,14.0,,25.139146567717987,2,607,807.0000000000001,2026800607,0.45,0.45
fig4_immune_onset,664.0,14.0,,20.933734939759034,2,608,525.0,2026800608,0.45,0.45
fig4_immune_onset,1145.0,14.0,,33.44978165938865,2,609,762.0,2026800609,0.45,0.45
fig4_immune_onset,799.0000000000001,14.0,,23.90488110137673,2,610,608.0,2026800610,0.45,0.45
fig4_immune_onset,865.0,14.0,,13.641618497109826,2,611,747.0,2026800611,0.45,0.45
fig4_immune_onset,855.0,14.0,,12.046783625730994,2,612,752.0,2026800612,0.45,0.45
fig4_immune_onset,953.0,14.0,,21.825813221406086,2,613,745.0,2026800613,0.45,0.45
fig4_immune_onset,927.0,14.0,,23.73247033441208,2,614,707.0,2026800614,0.45,0.45
fig4_immune_onset,902.0,14.0,,8.980044345898005,2,615,821.0,2026800615,0.45,0.45
fig4_immune_onset,620.0,14.0,,18.225806451612904,2,616,507.0,2026800616,0.45,0.45
fig4_immune_onset,865.0,14.0,,12.716763005780347,2,617,755.0,2026800617,0.45,0.45
fig4_immune_onset,787.0,14.0,,12.833545108005083,2,618,686.0,2026800618,0.45,0.45
fig4_immune_onset,933.9999999999999,14.0,,28.693790149892926,2,619,666.0,2026800619,0.45,0.45
fig4_immune_onset,672.0,14.0,,-14.136904761904763,2,620,767.0,2026800620,0.45,0.45
fig4_immune_onset,786.0000000000001,14.0,,29.898218829516548,2,621,551.0,2026800621,0.45,0.45
fig4_immune_onset,946.0,14.0,,31.289640591966172,2,622,650.0,2026800622,0.45,0.45
fig4_immune_onset,634.0,14.0,,21.13564668769716,2,623,500.0,2026800623,0.45,0.45
fig4_immune_onset,682.0,14.0,,22.287390029325515,2,624,530.0,2026800624,0.45,0.45
fig4_immune_onset,871.0000000000001,14.0,,22.96211251435133,2,625,671.0,2026800625,0.45,0.45
fig4_immune_onset,1071.0,14.0,,26.89075630252101,2,626,783.0,2026800626,0.45,0.45
fig4_immune_onset,670.0,14.0,,18.507462686567163,2,627,546.0,2026800627,0.45,0.45
fig4_immune_onset,857.0,14.0,,20.770128354725788,2,628,679.0,2026800628,0.45,0.45
fig4_immune_onset,939.0000000000001,14.0,,24.17465388711396,2,629,712.0,2026800629,0.45,0.45
fig4_immune_onset,834.0,14.0,,25.179856115107913,2,630,624.0,2026800630,0.45,0.45
fig4_immune_onset,1013.0,14.0,,25.666337611056267,2,631,753.0,2026800631,0.45,0.45
fig4_immune_onset,940.0,14.0,,23.72340425531915,2,632,717.0,2026800632,0.45,0.45
fig4_immune_onset,912.0,14.0,,26.973684210526315,2,633,666.0,2026800633,0.45,0.45
fig4_immune_onset,882.0,14.0,,30.272108843537413,2,634,615.0,2026800634,0.45,0.45
fig4_immune_onset,876.0,14.0,,24.429223744292237,2,635,662.0,2026800635,0.45,0.45
fig4_immune_onset,803.0000000000001,14.0,,26.5255292652553,2,636,590.0,2026800636,0.45,0.45
fig4_immune_onset,1005.0,14.0,,4.577114427860696,2,637,959.0,2026800637,0.45,0.45
fig4_immune_onset,767.0,14.0,,17.86179921773142,2,638,630.0,2026800638,0.45,0.45
fig4_immune_onset,882.9999999999999,14.0,,33.522083805209505,2,639,587.0,2026800639,0.45,0.45
fig4_immune_onset,826.0,14.0,,5.326876513317191,2,640,782.0,2026800640,0.45,0.45
fig4_immune_onset,777.0,14.0,,21.10682110682111,2,641,613.0,2026800641,0.45,0.45
fig4_immune_onset,1137.0,14.0,,33.50923482849604,2,642,756.0,2026800642,0.45,0.45
fig4_immune_onset,801.9999999999999,14.0,,17.705735660847868,2,643,660.0,2026800643,0.45,0.45
fig4_immune_onset,627.0,14.0,,34.13078149920255,2,644,413.0,2026800644,0.45,0.45
fig4_immune_onset,920.0,14.0,,24.456521739130434,2,645,695.0,2026800645,0.45,0.45
fig4_immune_onset,938.0,14.0,,31.556503198294244,2,646,642.0,2026800646,0.45,0.45
fig4_immune_onset,859.0,14.0,,9.778812572759023,2,647,775.0,2026800647,0.45,0.45
fig4_immune_onset,766.0,14.0,,43.733681462141,2,648,430.99999999999994,2026800648,0.45,0.45
fig4_immune_onset,780.0,14.0,,22.564102564102566,2,649,604.0,2026800649,0.45,0.45
fig4_immune_onset,863.0,14.0,,4.866743916570104,2,650,821.0,2026800650,0.45,0.45
fig4_immune_onset,1177.0,14.0,,17.247238742565845,2,651,974.0,2026800651,0.45,0.45
fig4_immune_onset,616.0,14.0,,14.772727272727273,2,652,525.0,2026800652,0.45,0.45
fig4_immune_onset,847.0,14.0,,18.772136953955137,2,653,688.0,2026800653,0.45,0.45
fig4_immune_onset,1010.0,14.0,,29.504950495049506,2,654,712.0,2026800654,0.45,0.45
fig4_immune_onset,902.0,14.0,,25.72062084257206,2,655,670.0,2026800655,0.45,0.45
fig4_immune_onset,778.0,14.0,,33.419023136246786,2,656,518.0,2026800656,0.45,0.45
fig4_immune_onset,949.0,14.0,,29.29399367755532,2,657,671.0,2026800657,0.45,0.45
fig4_immune_onset,715.0,14.0,,26.573426573426573,2,658,525.0,2026800658,0.45,0.45
fig4_immune_onset,963.0,14.0,,40.29075804776739,2,659,575.0,2026800659,0.45,0.45
fig4_immune_onset,1123.0,14.0,,34.37221727515583,2,660,737.0,2026800660,0.45,0.45
fig4_immune_onset,701.0,14.0,,16.405135520684738,2,661,586.0,2026800661,0.45,0.45
fig4_immune_onset,848.9999999999999,14.0,,36.866902237926965,2,662,536.0,2026800662,0.45,0.45
fig4_immune_onset,955.0,14.0,,31.20418848167539,2,663,657.0,2026800663,0.45,0.45
fig4_immune_onset,684.0,14.0,,12.573099415204679,2,664,598.0,2026800664,0.45,0.45
fig4_immune_onset,972.0,14.0,,51.440329218106996,2,665,472.0,2026800665,0.45,0.45
fig4_immune_onset,1080.0,14.0,,35.092592592592595,2,666,701.0,2026800666,0.45,0.45
fig4_immune_onset,788.0,14.0,,31.091370558375633,2,667,543.0,2026800667,0.45,0.45
fig4_immune_onset,823.0,14.0,,20.65613608748481,2,668,653.0,2026800668,0.45,0.45
fig4_immune_onset,1009.0,14.0,,32.60654112983152,2,669,680.0,2026800669,0.45,0.45
fig4_immune_onset,834.0,14.0,,3.597122302158273,2,670,804.0,2026800670,0.45,0.45
fig4_immune_onset,817.0,14.0,,23.86780905752754,2,671,622.0,2026800671,0.45,0.45
fig4_immune_onset,735.0,14.0,,31.700680272108844,2,672,502.0,2026800672,0.45,0.45
fig4_immune_onset,730.0,14.0,,4.794520547945205,2,673,695.0,2026800673,0.45,0.45
fig4_immune_onset,736.0,14.0,,38.31521739130435,2,674,454.0,2026800674,0.45,0.45
fig4_immune_onset,1136.0,14.0,,33.890845070422536,2,675,751.0,2026800675,0.45,0.45
fig4_immune_onset,686.0,14.0,,19.387755102040817,2,676,553.0,2026800676,0.45,0.45
fig4_immune_onset,950.0,14.0,,26.736842105263158,2,677,696.0,2026800677,0.45,0.45
fig4_immune_onset,949.0,14.0,,31.717597471022128,2,678,648.0,2026800678,0.45,0.45
fig4_immune_onset,574.0,14.0,,-8.013937282229966,2,679,620.0,2026800679,0.45,0.45
fig4_immune_onset,973.0000000000001,14.0,,27.02980472764646,2,680,710.0,2026800680,0.45,0.45
fig4_immune_onset,851.0,14.0,,15.393654524089307,2,681,720.0,2026800681,0.45,0.45
fig4_immune_onset,655.0,14.0,,15.725190839694656,2,682,552.0,2026800682,0.45,0.45
fig4_immune_onset,630.0,14.0,,-2.2222222222222223,2,683,644.0,2026800683,0.45,0.45
fig4_immune_onset,976.0,14.0,,29.610655737704917,2,684,687.0,2026800684,0.45,0.45
fig4_immune_onset,673.0,14.0,,38.63298662704309,2,685,413.0,2026800685,0.45,0.45
fig4_immune_onset,710.0,14.0,,7.183098591549296,2,686,659.0,2026800686,0.45,0.45
fig4_immune_onset,693.0,14.0,,25.974025974025974,2,687,513.0,2026800687,0.45,0.45
fig4_immune_onset,1136.0,14.0,,20.246478873239436,2,688,906.0,2026800688,0.45,0.45
fig4_immune_onset,1045.0,14.0,,46.50717703349282,2,689,559.0,2026800689,0.45,0.45
fig4_immune_onset,801.9999999999999,14.0,,19.451371571072308,2,690,646.0,2026800690,0.45,0.45
fig4_immune_onset,784.9999999999999,14.0,,17.452229299363047,2,691,648.0,2026800691,0.45,0.45
fig4_immune_onset,723.0,14.0,,13.692946058091286,2,692,624.0,2026800692,0.45,0.45
fig4_immune_onset,1197.0,14.0,,20.30075187969925,2,693,954.0,2026800693,0.45,0.45
fig4_immune_onset,571.0,14.0,,8.231173380035026,2,694,524.0,2026800694,0.45,0.45
fig4_immune_onset,983.0,14.0,,31.33265513733469,2,695,675.0,2026800695,0.45,0.45
fig4_immune_onset,553.0,14.0,,0.3616636528028933,2,696,551.0,2026800696,0.45,0.45
fig4_immune_onset,653.0,14.0,,30.16845329249617,2,697,456.0,2026800697,0.45,0.45
fig4_immune_onset,927.0,14.0,,17.15210355987055,2,698,768.0,2026800698,0.45,0.45
fig4_immune_onset,790.0000000000001,14.0,,9.746835443037988,2,699,713.0,2026800699,0.45,0.45
fig4_immune_onset,955.0,14.0,,23.24607329842932,2,700,733.0,2026800700,0.45,0.45
fig4_immune_onset,768.0,14.0,,6.25,2,701,720.0,2026800701,0.45,0.45
fig4_immune_onset,901.0000000000001,14.0,,38.4017758046615,2,702,555.0,2026800702,0.45,0.45
fig4_immune_onset,831.9999999999999,14.0,,27.524038461538453,2,703,603.0,2026800703,0.45,0.45
fig4_immune_onset,911.0,14.0,,19.86827661909989,2,704,730.0,2026800704,0.45,0.45
fig4_immune_onset,1198.0,14.0,,24.040066777963272,2,705,910.0,2026800705,0.45,0.45
fig4_immune_onset,706.0,14.0,,8.073654390934845,2,706,649.0,2026800706,0.45,0.45
fig4_immune_onset,720.0,14.0,,40.833333333333336,2,707,426.0,2026800707,0.45,0.45
fig4_immune_onset,770.0,14.0,,30.12987012987013,2,708,538.0,2026800708,0.45,0.45
fig4_immune_onset,1020.0000000000001,14.0,,26.862745098039223,2,709,746.0,2026800709,0.45,0.45
fig4_immune_onset,768.0,14.0,,26.5625,2,710,564.0,2026800710,0.45,0.45
fig4_immune_onset,615.0,14.0,,18.211382113821138,2,711,503.0,2026800711,0.45,0.45
fig4_immune_onset,1283.0,14.0,,27.669524551831646,2,712,928.0,2026800712,0.45,0.45
fig4_immune_onset,1064.0,14.0,,14.003759398496241,2,713,915.0,2026800713,0.45,0.45
fig4_immune_onset,591.0,14.0,,27.2419627749577,2,714,430.0,2026800714,0.45,0.45
fig4_immune_onset,869.0,14.0,,26.927502876869966,2,715,635.0,2026800715,0.45,0.45
fig4_immune_onset,776.0,14.0,,22.422680412371133,2,716,602.0,2026800716,0.45,0.45
fig4_immune_onset,742.0,14.0,,28.30188679245283,2,717,532.0,2026800717,0.45,0.45
fig4_immune_onset,652.0,14.0,,6.901840490797546,2,718,607.0,2026800718,0.45,0.45
fig4_immune_onset,614.0,14.0,,34.039087947882734,2,719,405.0,2026800719,0.45,0.45
fig4_immune_onset,781.0,14.0,,28.040973111395648,2,720,562.0,2026800720,0.45,0.45
fig4_immune_onset,877.0,14.0,,24.857468643101484,2,721,659.0,2026800721,0.45,0.45
fig4_immune_onset,924.0,14.0,,32.25108225108225,2,722,626.0,2026800722,0.45,0.45
fig4_immune_onset,869.9999999999999,14.0,,11.839080459770104,2,723,767.0,2026800723,0.45,0.45
fig4_immune_onset,614.0,14.0,,30.13029315960911,2,724,429.00000000000006,2026800724,0.45,0.45
fig4_immune_onset,851.0,14.0,,24.08930669800235,2,725,646.0,2026800725,0.45,0.45
fig4_immune_onset,1201.0,14.0,,10.824313072439633,2,726,1071.0,2026800726,0.45,0.45
fig4_immune_onset,1068.0,14.0,,33.52059925093633,2,727,710.0,2026800727,0.45,0.45
fig4_immune_onset,661.0,14.0,,30.559757942511336,2,728,459.00000000000006,2026800728,0.45,0.45
fig4_immune_onset,869.0,14.0,,22.669735327963178,2,729,672.0,2026800729,0.45,0.45
fig4_immune_onset,685.0,14.0,,16.496350364963504,2,730,572.0,2026800730,0.45,0.45
fig4_immune_onset,529.0,14.0,,23.629489603024574,2,731,404.0,2026800731,0.45,0.45
fig4_immune_onset,1065.0,14.0,,22.15962441314554,2,732,829.0,2026800732,0.45,0.45
fig4_immune_onset,808.0,14.0,,15.470297029702971,2,733,683.0,2026800733,0.45,0.45
fig4_immune_onset,855.0,14.0,,26.666666666666668,2,734,627.0,2026800734,0.45,0.45
fig4_immune_onset,590.0,14.0,,6.440677966101695,2,735,552.0,2026800735,0.45,0.45
fig4_immune_onset,1067.0,14.0,,22.118088097469542,2,736,831.0,2026800736,0.45,0.45
fig4_immune_onset,706.0,14.0,,17.422096317280452,2,737,583.0,2026800737,0.45,0.45
fig4_immune_onset,662.0,14.0,,25.377643504531722,2,738,494.0,2026800738,0.45,0.45
fig4_immune_onset,678.0,14.0,,14.749262536873156,2,739,578.0,2026800739,0.45,0.45
fig4_immune_onset,767.0,14.0,,14.211212516297262,2,740,658.0,2026800740,0.45,0.45
fig4_immune_onset,697.0,14.0,,16.068866571018653,2,741,585.0,2026800741,0.45,0.45
fig4_immune_onset,848.0,14.0,,38.089622641509436,2,742,525.0,2026800742,0.45,0.45
fig4_immune_onset,699.0,14.0,,16.452074391988557,2,743,584.0,2026800743,0.45,0.45
fig4_immune_onset,732.0,14.0,,8.060109289617486,2,744,673.0,2026800744,0.45,0.45
fig4_immune_onset,615.0,14.0,,6.178861788617886,2,745,577.0,2026800745,0.45,0.45
fig4_immune_onset,742.0,14.0,,17.92452830188679,2,746,609.0,2026800746,0.45,0.45
fig4_immune_onset,637.0,14.0,,25.90266875981162,2,747,472.0,2026800747,0.45,0.45
fig4_immune_onset,1145.0,14.0,,30.2183406113537,2,748,799.0000000000001,2026800748,0.45,0.45
fig4_immune_onset,1070.0,14.0,,28.97196261682243,2,749,760.0,2026800749,0.45,0.45
fig4_immune_onset,834.0,14.0,,21.58273381294964,2,750,654.0,2026800750,0.45,0.45
fig4_immune_onset,835.9999999999999,14.0,,29.7846889952153,2,751,587.0,2026800751,0.45,0.45
fig4_immune_onset,975.0,14.0,,33.23076923076923,2,752,651.0,2026800752,0.45,0.45
fig4_immune_onset,1331.0,14.0,,21.63786626596544,2,753,1043.0,2026800753,0.45,0.45
fig4_immune_onset,814.0,14.0,,22.85012285012285,2,754,628.0,2026800754,0.45,0.45
fig4_immune_onset,620.0,14.0,,31.129032258064505,2,755,427.00000000000006,2026800755,0.45,0.45
fig4_immune_onset,931.0,14.0,,38.66809881847476,2,756,571.0,2026800756,0.45,0.45
fig4_immune_onset,897.0,14.0,,29.31995540691193,2,757,634.0,2026800757,0.45,0.45
fig4_immune_onset,856.0,14.0,,27.2196261682243,2,758,623.0,2026800758,0.45,0.45
fig4_immune_onset,972.0,14.0,,21.296296296296298,2,759,765.0,2026800759,0.45,0.45
fig4_immune_onset,882.0,14.0,,27.210884353741495,2,760,642.0,2026800760,0.45,0.45
fig4_immune_onset,864.0,14.0,,7.407407407407407,2,761,800.0,2026800761,0.45,0.45
fig4_immune_onset,723.0,14.0,,19.778699861687414,2,762,580.0,2026800762,0.45,0.45
fig4_immune_onset,945.0,14.0,,27.3015873015873,2,763,687.0,2026800763,0.45,0.45
fig4_immune_onset,776.0,14.0,,18.04123711340206,2,764,636.0,2026800764,0.45,0.45
fig4_immune_onset,720.0,14.0,,21.11111111111111,2,765,568.0,2026800765,0.45,0.45
fig4_immune_onset,590.0,14.0,,8.983050847457626,2,766,537.0,2026800766,0.45,0.45
fig4_immune_onset,1044.0,14.0,,35.82375478927203,2,767,670.0,2026800767,0.45,0.45
fig4_immune_onset,592.0,14.0,,18.243243243243253,2,768,483.99999999999994,2026800768,0.45,0.45
fig4_immune_onset,842.0,14.0,,23.040380047505938,2,769,648.0,2026800769,0.45,0.45
fig4_immune_onset,975.0,14.0,,0.3076923076923077,2,770,972.0,2026800770,0.45,0.45
fig4_immune_onset,971.0,14.0,,22.245108135942328,2,771,755.0,2026800771,0.45,0.45
fig4_immune_onset,827.9999999999999,14.0,,25.72463768115941,2,772,615.0,2026800772,0.45,0.45
fig4_immune_onset,821.0,14.0,,28.014616321559075,2,773,591.0,2026800773,0.45,0.45
fig4_immune_onset,855.0,14.0,,41.28654970760234,2,774,502.0,2026800774,0.45,0.45
fig4_immune_onset,702.0,14.0,,18.945868945868945,2,775,569.0,2026800775,0.45,0.45
fig4_immune_onset,630.0,14.0,,28.253968253968267,2,776,451.99999999999994,2026800776,0.45,0.45
fig4_immune_onset,687.0,14.0,,28.966521106259098,2,777,488.0,2026800777,0.45,0.45
fig4_immune_onset,1345.0,14.0,,34.349442379182165,2,778,882.9999999999999,2026800778,0.45,0.45
fig4_immune_onset,931.0,14.0,,20.730397422126746,2,779,738.0,2026800779,0.45,0.45
fig4_immune_onset,739.0,14.0,,7.713125845737483,2,780,682.0,2026800780,0.45,0.45
fig4_immune_onset,605.0,14.0,,2.1487603305785123,2,781,592.0,2026800781,0.45,0.45
fig4_immune_onset,792.0,14.0,,-6.691919191919178,2,782,844.9999999999999,2026800782,0.45,0.45
fig4_immune_onset,1004.0,14.0,,21.812749003984074,2,783,784.9999999999999,2026800783,0.45,0.45
fig4_immune_onset,950.0,14.0,,23.894736842105264,2,784,723.0,2026800784,0.45,0.45
fig4_immune_onset,628.0,14.0,,2.388535031847134,2,785,613.0,2026800785,0.45,0.45
fig4_immune_onset,763.0,14.0,,16.120576671035387,2,786,640.0,2026800786,0.45,0.45
fig4_immune_onset,604.0,14.0,,3.80794701986755,2,787,581.0,2026800787,0.45,0.45
fig4_immune_onset,655.0,14.0,,34.809160305343504,2,788,427.00000000000006,2026800788,0.45,0.45
fig4_immune_onset,630.0,14.0,,8.73015873015873,2,789,575.0,2026800789,0.45,0.45
fig4_immune_onset,797.0,14.0,,22.71016311166876,2,790,616.0,2026800790,0.45,0.45
fig4_immune_onset,834.0,14.0,,25.65947242206235,2,791,620.0,2026800791,0.45,0.45
fig4_immune_onset,831.9999999999999,14.0,,30.28846153846153,2,792,580.0,2026800792,0.45,0.45
fig4_immune_onset,512.0,14.0,,32.03125,2,793,348.0,2026800793,0.45,0.45
fig4_immune_onset,730.0,14.0,,28.493150684931507,2,794,522.0,2026800794,0.45,0.45
fig4_immune_onset,1079.0,14.0,,21.96478220574606,2,795,842.0,2026800795,0.45,0.45
fig4_immune_onset,846.0,14.0,,23.167848699763592,2,796,650.0,2026800796,0.45,0.45
fig4_immune_onset,921.0,14.0,,35.72204125950054,2,797,592.0,2026800797,0.45,0.45
fig4_immune_onset,976.9999999999999,14.0,,16.47901740020469,2,798,816.0000000000001,2026800798,0.45,0.45
fig4_immune_onset,652.0,14.0,,21.319018404907975,2,799,513.0,2026800799,0.45,0.45
fig4_immune_onset,839.0,14.0,,15.256257449344458,2,800,711.0,2026800800,0.45,0.45
fig4_immune_onset,702.0,14.0,,7.407407407407407,2,801,650.0,2026800801,0.45,0.45
fig4_immune_onset,938.0,14.0,,40.298507462686565,2,802,560.0,2026800802,0.45,0.45
fig4_immune_onset,1077.0,14.0,,38.99721448467967,2,803,657.0,2026800803,0.45,0.45
fig4_immune_onset,617.0,14.0,,14.910858995137763,2,804,525.0,2026800804,0.45,0.45
fig4_immune_onset,642.0,14.0,,41.58878504672897,2,805,375.0,2026800805,0.45,0.45
fig4_immune_onset,692.0,14.0,,37.427745664739895,2,806,432.99999999999994,2026800806,0.45,0.45
fig4_immune_onset,807.0000000000001,14.0,,21.4374225526642,2,807,634.0,2026800807,0.45,0.45
fig4_immune_onset,852.0,14.0,,28.051643192488264,2,808,613.0,2026800808,0.45,0.45
fig4_immune_onset,880.0,14.0,,48.52272727272727,2,809,453.0,2026800809,0.45,0.45
fig4_immune_onset,999.0000000000001,14.0,,27.427427427427435,2,810,725.0,2026800810,0.45,0.45
fig4_immune_onset,623.0,14.0,,20.70626003210273,2,811,494.0,2026800811,0.45,0.45
fig4_immune_onset,801.0,14.0,,42.072409488139826,2,812,464.0,2026800812,0.45,0.45
fig4_immune_onset,619.0,14.0,,36.51050080775443,2,813,393.00000000000006,2026800813,0.45,0.45
fig4_immune_onset,1037.0,14.0,,12.53616200578592,2,814,907.0,2026800814,0.45,0.45
fig4_immune_onset,672.0,14.0,,-2.9761904761904763,2,815,692.0,2026800815,0.45,0.45
fig4_immune_onset,844.0,14.0,,27.01421800947867,2,816,616.0,2026800816,0.45,0.45
fig4_immune_onset,970.0,14.0,,30.20618556701031,2,817,677.0,2026800817,0.45,0.45
fig4_immune_onset,941.0,14.0,,17.85334750265675,2,818,773.0,2026800818,0.45,0.45
fig4_immune_onset,681.0,14.0,,12.334801762114537,2,819,597.0,2026800819,0.45,0.45
fig4_immune_onset,875.0000000000001,14.0,,18.628571428571437,2,820,712.0,2026800820,0.45,0.45
fig4_immune_onset,752.0,14.0,,28.45744680851064,2,821,538.0,2026800821,0.45,0.45
fig4_immune_onset,649.0,14.0,,19.41448382126348,2,822,523.0,2026800822,0.45,0.45
fig4_immune_onset,726.0,14.0,,1.3774104683195592,2,823,716.0,2026800823,0.45,0.45
fig4_immune_onset,1371.0,14.0,,29.467541940189644,2,824,967.0,2026800824,0.45,0.45
fig4_immune_onset,707.0,14.0,,15.700141442715701,2,825,596.0,2026800825,0.45,0.45
fig4_immune_onset,776.0,14.0,,19.97422680412371,2,826,621.0,2026800826,0.45,0.45
fig4_immune_onset,905.0000000000001,14.0,,21.54696132596686,2,827,710.0,2026800827,0.45,0.45
fig4_immune_onset,797.0,14.0,,5.269761606022585,2,828,755.0,2026800828,0.45,0.45
fig4_immune_onset,498.0,14.0,,-0.6024096385542055,2,829,500.99999999999994,2026800829,0.45,0.45
fig4_immune_onset,619.0,14.0,,16.31663974151858,2,830,518.0,2026800830,0.45,0.45
fig4_immune_onset,754.0,14.0,,32.09549071618037,2,831,512.0,2026800831,0.45,0.45
fig4_immune_onset,589.0,14.0,,22.07130730050933,2,832,459.00000000000006,2026800832,0.45,0.45
fig4_immune_onset,863.0,14.0,,20.393974507531865,2,833,687.0,2026800833,0.45,0.45
fig4_immune_onset,806.0,14.0,,2.357320099255583,2,834,787.0,2026800834,0.45,0.45
fig4_immune_onset,702.0,14.0,,32.19373219373218,2,835,476.00000000000006,2026800835,0.45,0.45
fig4_immune_onset,1144.0,14.0,,27.272727272727284,2,836,831.9999999999999,2026800836,0.45,0.45
fig4_immune_onset,1097.0,14.0,,34.45761166818596,2,837,719.0,2026800837,0.45,0.45
fig4_immune_onset,1364.0,14.0,,6.744868035190616,2,838,1272.0,2026800838,0.45,0.45
fig4_immune_onset,784.0,14.0,,32.39795918367347,2,839,530.0,2026800839,0.45,0.45
fig4_immune_onset,959.9999999999999,14.0,,35.937499999999986,2,840,615.0,2026800840,0.45,0.45
fig4_immune_onset,551.0,14.0,,14.156079854809438,2,841,473.0,2026800841,0.45,0.45
fig4_immune_onset,1025.0,14.0,,37.65853658536585,2,842,639.0,2026800842,0.45,0.45
fig4_immune_onset,878.9999999999999,14.0,,14.2207053469852,2,843,754.0,2026800843,0.45,0.45
fig4_immune_onset,1112.0,14.0,,25.449640287769785,2,844,829.0,2026800844,0.45,0.45
fig4_immune_onset,829.0,14.0,,28.347406513872134,2,845,594.0,2026800845,0.45,0.45
fig4_immune_onset,869.0,14.0,,24.280782508630608,2,846,658.0,2026800846,0.45,0.45
fig4_immune_onset,758.0,14.0,,22.823218997361476,2,847,585.0,2026800847,0.45,0.45
fig4_immune_onset,1080.0,14.0,,15.092592592592602,2,848,916.9999999999999,2026800848,0.45,0.45
fig4_immune_onset,918.0000000000001,14.0,,23.52941176470589,2,849,702.0,2026800849,0.45,0.45
fig4_immune_onset,739.0,14.0,,34.10013531799729,2,850,487.0,2026800850,0.45,0.45
fig4_immune_onset,809.0,14.0,,24.84548825710754,2,851,608.0,2026800851,0.45,0.45
fig4_immune_onset,932.0,14.0,,34.871244635193136,2,852,607.0,2026800852,0.45,0.45
fig4_immune_onset,957.0,14.0,,25.391849529780565,2,853,714.0,2026800853,0.45,0.45
fig4_immune_onset,587.0,14.0,,9.540034071550256,2,854,531.0,2026800854,0.45,0.45
fig4_immune_onset,758.0,14.0,,24.406332453825858,2,855,573.0,2026800855,0.45,0.45
fig4_immune_onset,939.0000000000001,14.0,,28.860489882854107,2,856,668.0,2026800856,0.45,0.45
fig4_immune_onset,861.0,14.0,,30.313588850174217,2,857,600.0,2026800857,0.45,0.45
fig4_immune_onset,736.0,14.0,,30.706521739130427,2,858,510.00000000000006,2026800858,0.45,0.45
fig4_immune_onset,766.0,14.0,,28.720626631853786,2,859,546.0,2026800859,0.45,0.45
fig4_immune_onset,834.0,14.0,,9.352517985611511,2,860,756.0,2026800860,0.45,0.45
fig4_immune_onset,867.0000000000001,14.0,,17.647058823529424,2,861,714.0,2026800861,0.45,0.45
fig4_immune_onset,596.0,14.0,,13.422818791946309,2,862,516.0,2026800862,0.45,0.45
fig4_immune_onset,611.0,14.0,,16.366612111292962,2,863,511.0,2026800863,0.45,0.45
fig4_immune_onset,982.0000000000001,14.0,,33.09572301425663,2,864,657.0,2026800864,0.45,0.45
fig4_immune_onset,993.0,14.0,,15.307150050352456,2,865,841.0000000000001,2026800865,0.45,0.45
fig4_immune_onset,800.0,14.0,,30.125,2,866,559.0,2026800866,0.45,0.45
fig4_immune_onset,933.9999999999999,14.0,,43.89721627408993,2,867,524.0,2026800867,0.45,0.45
fig4_immune_onset,859.0,14.0,,20.372526193247964,2,868,684.0,2026800868,0.45,0.45
fig4_immune_onset,993.0,14.0,,23.66565961732125,2,869,758.0,2026800869,0.45,0.45
fig4_immune_onset,793.0,14.0,,17.90668348045397,2,870,651.0,2026800870,0.45,0.45
fig4_immune_onset,950.0,14.0,,28.842105263157894,2,871,676.0,2026800871,0.45,0.45
fig4_immune_onset,492.0,14.0,,8.53658536585367,2,872,449.99999999999994,2026800872,0.45,0.45
fig4_immune_onset,632.0,14.0,,21.677215189873408,2,873,495.00000000000006,2026800873,0.45,0.45
fig4_immune_onset,743.0,14.0,,25.841184387617766,2,874,551.0,2026800874,0.45,0.45
fig4_immune_onset,584.0,14.0,,17.97945205479452,2,875,479.0,2026800875,0.45,0.45
fig4_immune_onset,894.0,14.0,,32.214765100671144,2,876,606.0,2026800876,0.45,0.45
fig4_immune_onset,731.0,14.0,,28.864569083447332,2,877,520.0,2026800877,0.45,0.45
fig4_immune_onset,768.0,14.0,,7.552083333333333,2,878,710.0,2026800878,0.45,0.45
fig4_immune_onset,743.0,14.0,,28.802153432032302,2,879,529.0,2026800879,0.45,0.45
fig4_immune_onset,824.0000000000001,14.0,,4.6116504854368925,2,880,786.0000000000001,2026800880,0.45,0.45
fig4_immune_onset,644.0,14.0,,26.3975155279503,2,881,474.00000000000006,2026800881,0.45,0.45
fig4_immune_onset,797.9999999999999,14.0,,4.636591478696729,2,882,761.0,2026800882,0.45,0.45
fig4_immune_onset,659.0,14.0,,15.174506828528072,2,883,559.0,2026800883,0.45,0.45
fig4_immune_onset,799.0000000000001,14.0,,25.657071339173978,2,884,594.0,2026800884,0.45,0.45
fig4_immune_onset,723.0,14.0,,21.16182572614108,2,885,570.0,2026800885,0.45,0.45
fig4_immune_onset,743.0,14.0,,32.570659488559905,2,886,500.99999999999994,2026800886,0.45,0.45
fig4_immune_onset,1031.0,14.0,,30.067895247332686,2,887,721.0,2026800887,0.45,0.45
fig4_immune_onset,950.9999999999999,14.0,,5.678233438485794,2,888,897.0,2026800888,0.45,0.45
fig4_immune_onset,1059.0,14.0,,35.03305004721435,2,889,688.0,2026800889,0.45,0.45
fig4_immune_onset,827.9999999999999,14.0,,43.11594202898549,2,890,471.0,2026800890,0.45,0.45
fig4_immune_onset,1078.0,14.0,,33.580705009276436,2,891,716.0,2026800891,0.45,0.45
fig4_immune_onset,797.9999999999999,14.0,,29.323308270676684,2,892,564.0,2026800892,0.45,0.45
fig4_immune_onset,842.0,14.0,,32.304038004750595,2,893,570.0,2026800893,0.45,0.45
fig4_immune_onset,932.0,14.0,,34.44206008583691,2,894,611.0,2026800894,0.45,0.45
fig4_immune_onset,895.9999999999999,14.0,,15.066964285714276,2,895,761.0,2026800895,0.45,0.45
fig4_immune_onset,1089.0,14.0,,25.619834710743802,2,896,810.0,2026800896,0.45,0.45
fig4_immune_onset,988.0,14.0,,23.987854251012145,2,897,751.0,2026800897,0.45,0.45
fig4_immune_onset,1005.0,14.0,,21.890547263681604,2,898,784.9999999999999,2026800898,0.45,0.45
fig4_immune_onset,953.0,14.0,,30.325288562434416,2,899,664.0,2026800899,0.45,0.45
fig4_immune_onset,1039.0,14.0,,33.20500481231954,2,900,694.0,2026800900,0.45,0.45
fig4_immune_onset,940.0,14.0,,30.0,2,901,658.0,2026800901,0.45,0.45
fig4_immune_onset,837.0000000000001,14.0,,39.90442054958185,2,902,503.0,2026800902,0.45,0.45
fig4_immune_onset,700.0,14.0,,8.714285714285714,2,903,639.0,2026800903,0.45,0.45
fig4_immune_onset,1060.0,14.0,,21.60377358490566,2,904,831.0,2026800904,0.45,0.45
fig4_immune_onset,495.00000000000006,14.0,,21.414141414141422,2,905,389.0,2026800905,0.45,0.45
fig4_immune_onset,821.0,14.0,,28.501827040194883,2,906,587.0,2026800906,0.45,0.45
fig4_immune_onset,980.0,14.0,,33.46938775510204,2,907,652.0,2026800907,0.45,0.45
fig4_immune_onset,713.0,14.0,,35.76437587657784,2,908,458.0,2026800908,0.45,0.45
fig4_immune_onset,1038.0,14.0,,17.822736030828526,2,909,852.9999999999999,2026800909,0.45,0.45
fig4_immune_onset,918.0000000000001,14.0,,24.400871459694997,2,910,694.0,2026800910,0.45,0.45
fig4_immune_onset,996.0,14.0,,27.811244979919678,2,911,719.0,2026800911,0.45,0.45
fig4_immune_onset,1089.0,14.0,,30.211202938475665,2,912,760.0,2026800912,0.45,0.45
fig4_immune_onset,575.0,14.0,,5.739130434782608,2,913,542.0,2026800913,0.45,0.45
fig4_immune_onset,1347.0,14.0,,15.812917594654788,2,914,1134.0,2026800914,0.45,0.45
fig4_immune_onset,818.9999999999999,14.0,,36.75213675213674,2,915,518.0,2026800915,0.45,0.45
fig4_immune_onset,848.9999999999999,14.0,,15.665488810365124,2,916,716.0,2026800916,0.45,0.45
fig4_immune_onset,698.0,14.0,,3.438395415472779,2,917,674.0,2026800917,0.45,0.45
fig4_immune_onset,816.0000000000001,14.0,,22.794117647058833,2,918,630.0,2026800918,0.45,0.45
fig4_immune_onset,935.0000000000001,14.0,,9.30481283422461,2,919,848.0,2026800919,0.45,0.45
fig4_immune_onset,681.0,14.0,,31.424375917768,2,920,466.99999999999994,2026800920,0.45,0.45
fig4_immune_onset,639.0,14.0,,17.21439749608764,2,921,529.0,2026800921,0.45,0.45
fig4_immune_onset,752.0,14.0,,1.9946808510638299,2,922,737.0,2026800922,0.45,0.45
fig4_immune_onset,727.0,14.0,,20.90784044016506,2,923,575.0,2026800923,0.45,0.45
fig4_immune_onset,442.00000000000006,14.0,,18.32579185520363,2,924,361.0,2026800924,0.45,0.45
fig4_immune_onset,1068.0,14.0,,27.34082397003745,2,925,776.0,2026800925,0.45,0.45
fig4_immune_onset,590.0,14.0,,-0.6779661016949152,2,926,594.0,2026800926,0.45,0.45
fig4_immune_onset,1006.0,14.0,,20.77534791252485,2,927,797.0,2026800927,0.45,0.45
fig4_immune_onset,1020.0000000000001,14.0,,16.960784313725497,2,928,847.0,2026800928,0.45,0.45
fig4_immune_onset,852.0,14.0,,29.107981220657276,2,929,604.0,2026800929,0.45,0.45
fig4_immune_onset,838.0,14.0,,28.281622911694512,2,930,601.0,2026800930,0.45,0.45
fig4_immune_onset,784.0,14.0,,19.51530612244898,2,931,631.0,2026800931,0.45,0.45
fig4_immune_onset,651.0,14.0,,37.17357910906298,2,932,409.0,2026800932,0.45,0.45
fig4_immune_onset,756.0,14.0,,25.52910052910053,2,933,563.0,2026800933,0.45,0.45
fig4_immune_onset,1044.0,14.0,,18.67816091954024,2,934,848.9999999999999,2026800934,0.45,0.45
fig4_immune_onset,490.0,14.0,,21.224489795918366,2,935,386.0,2026800935,0.45,0.45
fig4_immune_onset,496.99999999999994,14.0,,1.408450704225341,2,936,490.0,2026800936,0.45,0.45
fig4_immune_onset,555.0,14.0,,19.45945945945946,2,937,447.0,2026800937,0.45,0.45
fig4_immune_onset,717.0,14.0,,24.686192468619247,2,938,540.0,2026800938,0.45,0.45
fig4_immune_onset,852.0,14.0,,21.71361502347418,2,939,667.0,2026800939,0.45,0.45
fig4_immune_onset,1287.0,14.0,,38.6946386946387,2,940,789.0,2026800940,0.45,0.45
fig4_immune_onset,771.0,14.0,,9.727626459143968,2,941,696.0,2026800941,0.45,0.45
fig4_immune_onset,750.0,14.0,,22.266666666666666,2,942,583.0,2026800942,0.45,0.45
fig4_immune_onset,873.0,14.0,,21.305841924398624,2,943,687.0,2026800943,0.45,0.45
fig4_immune_onset,1024.0,14.0,,20.5078125,2,944,814.0,2026800944,0.45,0.45
fig4_immune_onset,1115.0,14.0,,26.18834080717489,2,945,823.0,2026800945,0.45,0.45
fig4_immune_onset,1090.0,14.0,,30.825688073394495,2,946,754.0,2026800946,0.45,0.45
fig4_immune_onset,920.0,14.0,,49.78260869565217,2,947,462.0,2026800947,0.45,0.45
fig4_immune_onset,837.0000000000001,14.0,,23.536439665471935,2,948,640.0,2026800948,0.45,0.45
fig4_immune_onset,869.0,14.0,,39.47065592635213,2,949,526.0,2026800949,0.45,0.45
fig4_immune_onset,885.0,14.0,,22.71186440677966,2,950,684.0,2026800950,0.45,0.45
fig4_immune_onset,689.0,14.0,,15.239477503628446,2,951,584.0,2026800951,0.45,0.45
fig4_immune_onset,880.0,14.0,,24.204545454545453,2,952,667.0,2026800952,0.45,0.45
fig4_immune_onset,464.99999999999994,14.0,,13.763440860215056,2,953,400.99999999999994,2026800953,0.45,0.45
fig4_immune_onset,582.0,14.0,,20.103092783505165,2,954,464.99999999999994,2026800954,0.45,0.45
fig4_immune_onset,536.0,14.0,,3.7313432835820897,2,955,516.0,2026800955,0.45,0.45
fig4_immune_onset,759.0,14.0,,28.722002635046113,2,956,541.0,2026800956,0.45,0.45
fig4_immune_onset,944.0,14.0,,21.29237288135593,2,957,743.0,2026800957,0.45,0.45
fig4_immune_onset,730.0,14.0,,16.301369863013697,2,958,611.0,2026800958,0.45,0.45
fig4_immune_onset,759.0,14.0,,38.6034255599473,2,959,466.0,2026800959,0.45,0.45
fig4_immune_onset,547.0,14.0,,17.0018281535649,2,960,454.0,2026800960,0.45,0.45
fig4_immune_onset,918.0000000000001,14.0,,31.154684095860574,2,961,632.0,2026800961,0.45,0.45
fig4_immune_onset,929.0,14.0,,26.264800861141012,2,962,685.0,2026800962,0.45,0.45
fig4_immune_onset,946.9999999999999,14.0,,12.35480464625131,2,963,830.0,2026800963,0.45,0.45
fig4_immune_onset,424.0,14.0,,9.669811320754716,2,964,383.0,2026800964,0.45,0.45
fig4_immune_onset,754.0,14.0,,23.74005305039788,2,965,575.0,2026800965,0.45,0.45
fig4_immune_onset,1119.0,14.0,,30.92046470062556,2,966,773.0,2026800966,0.45,0.45
fig4_immune_onset,759.0,14.0,,10.935441370223979,2,967,676.0,2026800967,0.45,0.45
fig4_immune_onset,818.9999999999999,14.0,,4.7619047619047485,2,968,780.0,2026800968,0.45,0.45
fig4_immune_onset,744.0,14.0,,-1.478494623655914,2,969,755.0,2026800969,0.45,0.45
fig4_immune_onset,600.0,14.0,,11.833333333333334,2,970,529.0,2026800970,0.45,0.45
fig4_immune_onset,835.0,14.0,,24.311377245508982,2,971,632.0,2026800971,0.45,0.45
fig4_immune_onset,1078.0,14.0,,26.25231910946197,2,972,795.0,2026800972,0.45,0.45
fig4_immune_onset,1029.0,14.0,,27.891156462585034,2,973,742.0,2026800973,0.45,0.45
fig4_immune_onset,590.0,14.0,,3.7288135593220337,2,974,568.0,2026800974,0.45,0.45
fig4_immune_onset,838.0,14.0,,11.813842482100238,2,975,739.0,2026800975,0.45,0.45
fig4_immune_onset,806.0,14.0,,21.96029776674938,2,976,629.0,2026800976,0.45,0.45
fig4_immune_onset,878.9999999999999,14.0,,22.525597269624562,2,977,681.0,2026800977,0.45,0.45
fig4_immune_onset,735.0,14.0,,33.46938775510204,2,978,489.0,2026800978,0.45,0.45
fig4_immune_onset,761.0,14.0,,32.19448094612352,2,979,516.0,2026800979,0.45,0.45
fig4_immune_onset,906.0,14.0,,29.801324503311257,2,980,636.0,2026800980,0.45,0.45
fig4_immune_onset,737.0,14.0,,17.639077340569877,2,981,607.0,2026800981,0.45,0.45
fig4_immune_onset,762.0,14.0,,18.503937007874015,2,982,621.0,2026800982,0.45,0.45
fig4_immune_onset,713.0,14.0,,24.82468443197756,2,983,536.0,2026800983,0.45,0.45
fig4_immune_onset,1296.0,14.0,,35.95679012345679,2,984,830.0,2026800984,0.45,0.45
fig4_immune_onset,650.0,14.0,,22.92307692307693,2,985,500.99999999999994,2026800985,0.45,0.45
fig4_immune_onset,524.0,14.0,,-9.351145038167939,2,986,573.0,2026800986,0.45,0.45
fig4_immune_onset,1000.0,14.0,,23.5,2,987,765.0,2026800987,0.45,0.45
fig4_immune_onset,881.0,14.0,,34.96027241770715,2,988,573.0,2026800988,0.45,0.45
fig4_immune_onset,746.0,14.0,,25.603217158176943,2,989,555.0,2026800989,0.45,0.45
fig4_immune_onset,732.0,14.0,,10.382513661202186,2,990,656.0,2026800990,0.45,0.45
fig4_immune_onset,873.0,14.0,,28.8659793814433,2,991,621.0,2026800991,0.45,0.45
fig4_immune_onset,984.9999999999999,14.0,,21.5228426395939,2,992,773.0,2026800992,0.45,0.45
fig4_immune_onset,746.0,14.0,,14.745308310991957,2,993,636.0,2026800993,0.45,0.45
fig4_immune_onset,858.0000000000001,14.0,,-4.545454545454532,2,994,897.0,2026800994,0.45,0.45
fig4_immune_onset,860.0,14.0,,17.906976744186046,2,995,706.0,2026800995,0.45,0.45
fig4_immune_onset,683.0,14.0,,13.177159590043924,2,996,593.0,2026800996,0.45,0.45
fig4_immune_onset,861.0,14.0,,29.152148664343787,2,997,610.0,2026800997,0.45,0.45
fig4_immune_onset,568.0,14.0,,7.394366197183099,2,998,526.0,2026800998,0.45,0.45
fig4_immune_onset,916.0,14.0,,23.471615720524017,2,999,701.0,2026800999,0.45,0.45
